algorithm,run_label,reward_mode,seed,config_hash,episode,steps,reward,mean_return_100,epsilon,alpha,energy_left,outcome,success,goal_success,energy_exhausted,max_steps_reached,wall_collisions,penalty_entries,door_blocked,door_crossings,key_pickups,slips,mean_abs_td_error,max_abs_td_error,mean_active_traces,max_active_traces,cfg_gamma,cfg_energy_bins,cfg_epsilon_schedule
q_learning,sparse_eps-linear_seed1,sparse,1,4a77b6e251,1,225,-11.250000000000025,-11.250000000000025,0.999547619047619,0.15,0,out_of_energy,0,0,1,0,114,15,0,0,0,33,0.04650871966197916,0.057425000000000004,0.0,0.0,0.99,8,linear
q_learning,sparse_eps-linear_seed1,sparse,1,4a77b6e251,2,225,-11.250000000000025,-11.250000000000025,0.9990952380952381,0.15,0,out_of_energy,0,0,1,0,94,10,0,0,0,40,0.045998522771404954,0.057425000000000004,0.0,0.0,0.99,8,linear
q_learning,sparse_eps-linear_seed1,sparse,1,4a77b6e251,3,225,-11.250000000000025,-11.250000000000023,0.9986428571428572,0.15,0,out_of_energy,0,0,1,0,118,2,0,0,0,44,0.043769315337483905,0.057425000000000004,0.0,0.0,0.99,8,linear
q_learning,sparse_eps-linear_seed1,sparse,1,4a77b6e251,4,225,-11.250000000000025,-11.250000000000025,0.9981904761904762,0.15,0,out_of_energy,0,0,1,0,97,6,0,0,0,49,0.043727598324189786,0.057425000000000004,0.0,0.0,0.99,8,linear
q_learning,sparse_eps-linear_seed1,sparse,1,4a77b6e251,5,225,-11.250000000000025,-11.250000000000025,0.9977380952380952,0.15,0,out_of_energy,0,0,1,0,122,6,0,0,0,60,0.042353205219960034,0.07539454878125001,0.0,0.0,0.99,8,linear
q_learning,sparse_eps-linear_seed1,sparse,1,4a77b6e251,6,225,-11.250000000000025,-11.250000000000027,0.9972857142857143,0.15,0,out_of_energy,0,0,1,0,109,2,0,0,0,43,0.040639754948907175,0.06483886250000001,0.0,0.0,0.99,8,linear
q_learning,sparse_eps-linear_seed1,sparse,1,4a77b6e251,7,225,-11.250000000000025,-11.250000000000027,0.9968333333333333,0.15,0,out_of_energy,0,0,1,0,110,0,0,0,0,48,0.04160781419369674,0.07690380226268236,0.0,0.0,0.99,8,linear
q_learning,sparse_eps-linear_seed1,sparse,1,4a77b6e251,8,225,-11.250000000000025,-11.250000000000025,0.9963809523809524,0.15,0,out_of_energy,0,0,1,0,119,0,0,0,0,43,0.039500575583981914,0.0712581273177208,0.0,0.0,0.99,8,linear
q_learning,sparse_eps-linear_seed1,sparse,1,4a77b6e251,9,225,-11.250000000000025,-11.250000000000025,0.9959285714285714,0.15,0,out_of_energy,0,0,1,0,93,18,0,0,0,43,0.044703124313302645,0.058527612500000006,0.0,0.0,0.99,8,linear
q_learning,sparse_eps-linear_seed1,sparse,1,4a77b6e251,10,225,-11.250000000000025,-11.250000000000025,0.9954761904761905,0.15,0,out_of_energy,0,0,1,0,109,11,0,0,0,41,0.04132837407282885,0.06845674644553966,0.0,0.0,0.99,8,linear
q_learning,sparse_eps-linear_seed1,sparse,1,4a77b6e251,11,225,-11.250000000000025,-11.250000000000027,0.9950238095238095,0.15,0,out_of_energy,0,0,1,0,104,4,0,0,0,43,0.0389173607677182,0.0763776656515625,0.0,0.0,0.99,8,linear
q_learning,sparse_eps-linear_seed1,sparse,1,4a77b6e251,12,225,-11.250000000000025,-11.250000000000027,0.9945714285714286,0.15,0,out_of_energy,0,0,1,0,104,22,0,0,0,47,0.041933666716537976,0.0880124011290202,0.0,0.0,0.99,8,linear
q_learning,sparse_eps-linear_seed1,sparse,1,4a77b6e251,13,225,-11.250000000000025,-11.250000000000027,0.9941190476190476,0.15,0,out_of_energy,0,0,1,0,106,4,0,0,0,52,0.04136064319611479,0.08151967516347122,0.0,0.0,0.99,8,linear
q_learning,sparse_eps-linear_seed1,sparse,1,4a77b6e251,14,225,-11.250000000000025,-11.250000000000027,0.9936666666666667,0.15,0,out_of_energy,0,0,1,0,102,7,0,0,0,39,0.03988199726803398,0.07103393465656249,0.0,0.0,0.99,8,linear
q_learning,sparse_eps-linear_seed1,sparse,1,4a77b6e251,15,225,-11.250000000000025,-11.250000000000027,0.9932142857142857,0.15,0,out_of_energy,0,0,1,0,92,7,0,0,0,44,0.04193012708287313,0.06899716128125,0.0,0.0,0.99,8,linear
q_learning,sparse_eps-linear_seed1,sparse,1,4a77b6e251,16,225,-11.250000000000025,-11.250000000000025,0.9927619047619047,0.15,0,out_of_energy,0,0,1,0,121,15,0,0,0,49,0.038989053799853186,0.07224160420625,0.0,0.0,0.99,8,linear
q_learning,sparse_eps-linear_seed1,sparse,1,4a77b6e251,17,225,-11.250000000000025,-11.250000000000025,0.9923095238095239,0.15,0,out_of_energy,0,0,1,0,96,13,0,0,0,33,0.037688847142874855,0.06311241510745821,0.0,0.0,0.99,8,linear
q_learning,sparse_eps-linear_seed1,sparse,1,4a77b6e251,18,225,-11.250000000000025,-11.250000000000025,0.9918571428571429,0.15,0,out_of_energy,0,0,1,0,123,12,0,0,0,42,0.03818111932777196,0.0799475870890625,0.0,0.0,0.99,8,linear
q_learning,sparse_eps-linear_seed1,sparse,1,4a77b6e251,19,225,-11.250000000000025,-11.250000000000025,0.9914047619047619,0.15,0,out_of_energy,0,0,1,0,79,4,0,0,0,51,0.04372181563499268,0.0833535532608185,0.0,0.0,0.99,8,linear
q_learning,sparse_eps-linear_seed1,sparse,1,4a77b6e251,20,225,-11.250000000000025,-11.250000000000025,0.9909523809523809,0.15,0,out_of_energy,0,0,1,0,82,10,2,0,0,48,0.04238023333317669,0.06346618768316328,0.0,0.0,0.99,8,linear
q_learning,sparse_eps-linear_seed1,sparse,1,4a77b6e251,21,225,-11.250000000000025,-11.250000000000025,0.9905,0.15,0,out_of_energy,0,0,1,0,108,16,0,0,0,40,0.04012138162610015,0.07377272504549764,0.0,0.0,0.99,8,linear
q_learning,sparse_eps-linear_seed1,sparse,1,4a77b6e251,22,225,-11.250000000000025,-11.250000000000027,0.9900476190476191,0.15,0,out_of_energy,0,0,1,0,93,19,0,0,0,44,0.038660820647048774,0.07467071024171845,0.0,0.0,0.99,8,linear
q_learning,sparse_eps-linear_seed1,sparse,1,4a77b6e251,23,225,-11.250000000000025,-11.250000000000025,0.9895952380952381,0.15,0,out_of_energy,0,0,1,0,105,15,0,0,0,44,0.04270888103720673,0.07539454878125001,0.0,0.0,0.99,8,linear
q_learning,sparse_eps-linear_seed1,sparse,1,4a77b6e251,24,225,-11.250000000000025,-11.250000000000023,0.9891428571428571,0.15,0,out_of_energy,0,0,1,0,107,3,0,0,0,40,0.03583234696095349,0.06780624230723464,0.0,0.0,0.99,8,linear
q_learning,sparse_eps-linear_seed1,sparse,1,4a77b6e251,25,225,-11.250000000000025,-11.250000000000023,0.9886904761904762,0.15,0,out_of_energy,0,0,1,0,98,1,0,0,0,46,0.03934336959101123,0.08690856202814633,0.0,0.0,0.99,8,linear
q_learning,sparse_eps-linear_seed1,sparse,1,4a77b6e251,26,225,-11.250000000000025,-11.250000000000021,0.9882380952380952,0.15,0,out_of_energy,0,0,1,0,100,13,0,0,0,47,0.039174184845451154,0.07003803312500001,0.0,0.0,0.99,8,linear
q_learning,sparse_eps-linear_seed1,sparse,1,4a77b6e251,27,225,-11.250000000000025,-11.250000000000021,0.9877857142857143,0.15,0,out_of_energy,0,0,1,0,112,24,0,0,0,44,0.036769330015119985,0.07298882185351892,0.0,0.0,0.99,8,linear
q_learning,sparse_eps-linear_seed1,sparse,1,4a77b6e251,28,225,-11.250000000000025,-11.25000000000002,0.9873333333333333,0.15,0,out_of_energy,0,0,1,0,106,20,0,0,0,44,0.0392017710112168,0.07927542946746086,0.0,0.0,0.99,8,linear
q_learning,sparse_eps-linear_seed1,sparse,1,4a77b6e251,29,225,-11.250000000000025,-11.25000000000002,0.9868809523809524,0.15,0,out_of_energy,0,0,1,0,93,5,0,0,0,42,0.039688478011244206,0.071140645625,0.0,0.0,0.99,8,linear
q_learning,sparse_eps-linear_seed1,sparse,1,4a77b6e251,30,225,-11.250000000000025,-11.25000000000002,0.9864285714285714,0.15,0,out_of_energy,0,0,1,0,103,9,0,0,0,54,0.0390055797088064,0.07400908207039729,0.0,0.0,0.99,8,linear
q_learning,sparse_eps-linear_seed1,sparse,1,4a77b6e251,31,225,-11.250000000000025,-11.250000000000018,0.9859761904761905,0.15,0,out_of_energy,0,0,1,0,101,1,0,0,0,38,0.03775756735816794,0.06797614953125,0.0,0.0,0.99,8,linear
q_learning,sparse_eps-linear_seed1,sparse,1,4a77b6e251,32,225,-11.250000000000025,-11.250000000000025,0.9855238095238095,0.15,0,out_of_energy,0,0,1,0,110,17,0,0,0,40,0.036430151639723615,0.08217258362630384,0.0,0.0,0.99,8,linear
q_learning,sparse_eps-linear_seed1,sparse,1,4a77b6e251,33,225,-11.250000000000025,-11.250000000000025,0.9850714285714286,0.15,0,out_of_energy,0,0,1,0,117,14,0,0,0,41,0.03618765335494533,0.07772818204507465,0.0,0.0,0.99,8,linear
q_learning,sparse_eps-linear_seed1,sparse,1,4a77b6e251,34,225,-11.250000000000025,-11.250000000000023,0.9846190476190476,0.15,0,out_of_energy,0,0,1,0,93,10,0,0,0,45,0.03830013188714789,0.06848244856398228,0.0,0.0,0.99,8,linear
q_learning,sparse_eps-linear_seed1,sparse,1,4a77b6e251,35,225,-11.250000000000025,-11.250000000000023,0.9841666666666666,0.15,0,out_of_energy,0,0,1,0,101,16,0,0,0,44,0.03903136652900185,0.08527860196883422,0.0,0.0,0.99,8,linear
q_learning,sparse_eps-linear_seed1,sparse,1,4a77b6e251,36,225,-11.250000000000025,-11.250000000000021,0.9837142857142858,0.15,0,out_of_energy,0,0,1,0,93,28,0,0,0,55,0.03895847523326477,0.07166278951971876,0.0,0.0,0.99,8,linear
q_learning,sparse_eps-linear_seed1,sparse,1,4a77b6e251,37,225,-11.250000000000025,-11.250000000000021,0.9832619047619048,0.15,0,out_of_energy,0,0,1,0,109,23,0,0,0,45,0.036492087352579625,0.08176626537581318,0.0,0.0,0.99,8,linear
q_learning,sparse_eps-linear_seed1,sparse,1,4a77b6e251,38,225,-11.250000000000025,-11.250000000000021,0.9828095238095238,0.15,0,out_of_energy,0,0,1,0,106,7,0,0,0,52,0.03751104046590094,0.06949654462812502,0.0,0.0,0.99,8,linear
q_learning,sparse_eps-linear_seed1,sparse,1,4a77b6e251,39,225,-11.250000000000025,-11.25000000000002,0.9823571428571428,0.15,0,out_of_energy,0,0,1,0,98,11,0,0,0,49,0.03539280383102829,0.07957642015625001,0.0,0.0,0.99,8,linear
q_learning,sparse_eps-linear_seed1,sparse,1,4a77b6e251,40,225,-11.250000000000025,-11.250000000000025,0.981904761904762,0.15,0,out_of_energy,0,0,1,0,99,3,0,0,0,40,0.037418100347881574,0.08163757365898144,0.0,0.0,0.99,8,linear
q_learning,sparse_eps-linear_seed1,sparse,1,4a77b6e251,41,225,-11.250000000000025,-11.250000000000025,0.981452380952381,0.15,0,out_of_energy,0,0,1,0,104,18,0,0,0,50,0.03630293446180103,0.08046683531671532,0.0,0.0,0.99,8,linear
q_learning,sparse_eps-linear_seed1,sparse,1,4a77b6e251,42,225,-11.250000000000025,-11.250000000000025,0.981,0.15,0,out_of_energy,0,0,1,0,111,13,0,0,0,39,0.03470857417678564,0.07439295002178829,0.0,0.0,0.99,8,linear
q_learning,sparse_eps-linear_seed1,sparse,1,4a77b6e251,43,225,-11.250000000000025,-11.250000000000023,0.980547619047619,0.15,0,out_of_energy,0,0,1,0,126,14,0,0,0,47,0.0339206154447331,0.06585736252637078,0.0,0.0,0.99,8,linear
q_learning,sparse_eps-linear_seed1,sparse,1,4a77b6e251,44,225,-11.250000000000025,-11.250000000000023,0.9800952380952381,0.15,0,out_of_energy,0,0,1,0,115,13,0,0,0,45,0.03820589104518356,0.08070230311527266,0.0,0.0,0.99,8,linear
q_learning,sparse_eps-linear_seed1,sparse,1,4a77b6e251,45,225,-11.250000000000025,-11.250000000000023,0.9796428571428571,0.15,0,out_of_energy,0,0,1,0,122,5,0,0,0,39,0.03466811604686726,0.10736772973097364,0.0,0.0,0.99,8,linear
q_learning,sparse_eps-linear_seed1,sparse,1,4a77b6e251,46,225,-11.250000000000025,-11.250000000000023,0.9791904761904762,0.15,0,out_of_energy,0,0,1,0,102,15,0,0,0,34,0.0394584999877743,0.07207786625000001,0.0,0.0,0.99,8,linear
q_learning,sparse_eps-linear_seed1,sparse,1,4a77b6e251,47,225,-11.250000000000025,-11.250000000000021,0.9787380952380953,0.15,0,out_of_energy,0,0,1,0,89,32,0,0,0,41,0.037686256281067566,0.08630520992459087,0.0,0.0,0.99,8,linear
q_learning,sparse_eps-linear_seed1,sparse,1,4a77b6e251,48,225,-11.250000000000025,-11.250000000000027,0.9782857142857143,0.15,0,out_of_energy,0,0,1,0,105,13,0,0,0,33,0.03358449564017619,0.07699992290834376,0.0,0.0,0.99,8,linear
q_learning,sparse_eps-linear_seed1,sparse,1,4a77b6e251,49,225,-11.250000000000025,-11.250000000000025,0.9778333333333333,0.15,0,out_of_energy,0,0,1,0,113,9,0,0,0,48,0.03425642062483395,0.0771047902578125,0.0,0.0,0.99,8,linear
q_learning,sparse_eps-linear_seed1,sparse,1,4a77b6e251,50,225,-11.250000000000025,-11.250000000000025,0.9773809523809524,0.15,0,out_of_energy,0,0,1,0,104,2,0,0,0,41,0.040084580447048386,0.0679229719932171,0.0,0.0,0.99,8,linear
q_learning,sparse_eps-linear_seed1,sparse,1,4a77b6e251,51,225,-11.250000000000025,-11.250000000000025,0.9769285714285715,0.15,0,out_of_energy,0,0,1,0,106,31,0,0,0,43,0.03705697617329252,0.07724410682365625,0.0,0.0,0.99,8,linear
q_learning,sparse_eps-linear_seed1,sparse,1,4a77b6e251,52,225,-11.250000000000025,-11.250000000000025,0.9764761904761905,0.15,0,out_of_energy,0,0,1,0,109,1,0,0,0,49,0.032772833696245056,0.08756327310884959,0.0,0.0,0.99,8,linear
q_learning,sparse_eps-linear_seed1,sparse,1,4a77b6e251,53,225,-11.250000000000025,-11.250000000000023,0.9760238095238095,0.15,0,out_of_energy,0,0,1,0,104,3,0,0,0,50,0.03521753147102023,0.073660690625,0.0,0.0,0.99,8,linear
q_learning,sparse_eps-linear_seed1,sparse,1,4a77b6e251,54,225,-11.250000000000025,-11.250000000000023,0.9755714285714285,0.15,0,out_of_energy,0,0,1,0,111,10,0,0,0,44,0.03626358737089946,0.08027570350052401,0.0,0.0,0.99,8,linear
q_learning,sparse_eps-linear_seed1,sparse,1,4a77b6e251,55,225,-11.250000000000025,-11.250000000000023,0.9751190476190477,0.15,0,out_of_energy,0,0,1,0,95,13,0,0,0,62,0.03444419655460092,0.07451967742286225,0.0,0.0,0.99,8,linear
q_learning,sparse_eps-linear_seed1,sparse,1,4a77b6e251,56,225,-11.250000000000025,-11.250000000000027,0.9746666666666667,0.15,0,out_of_energy,0,0,1,0,112,3,0,0,0,46,0.03464897331393698,0.06726995482415683,0.0,0.0,0.99,8,linear
q_learning,sparse_eps-linear_seed1,sparse,1,4a77b6e251,57,225,-11.250000000000025,-11.250000000000027,0.9742142857142857,0.15,0,out_of_energy,0,0,1,0,101,13,0,0,0,36,0.03759019869965624,0.07640019576406674,0.0,0.0,0.99,8,linear
q_learning,sparse_eps-linear_seed1,sparse,1,4a77b6e251,58,225,-11.250000000000025,-11.250000000000025,0.9737619047619047,0.15,0,out_of_energy,0,0,1,0,106,3,0,0,0,48,0.035382147476158,0.09942610500346571,0.0,0.0,0.99,8,linear
q_learning,sparse_eps-linear_seed1,sparse,1,4a77b6e251,59,225,-11.250000000000025,-11.250000000000025,0.9733095238095238,0.15,0,out_of_energy,0,0,1,0,102,9,0,0,0,55,0.03495940090194129,0.07101949179994063,0.0,0.0,0.99,8,linear
q_learning,sparse_eps-linear_seed1,sparse,1,4a77b6e251,60,225,-11.250000000000025,-11.250000000000025,0.9728571428571429,0.15,0,out_of_energy,0,0,1,0,98,10,0,0,0,43,0.03664613423551781,0.08758413561985612,0.0,0.0,0.99,8,linear
q_learning,sparse_eps-linear_seed1,sparse,1,4a77b6e251,61,225,-11.250000000000025,-11.250000000000025,0.9724047619047619,0.15,0,out_of_energy,0,0,1,0,99,3,0,0,0,41,0.035401059472240815,0.06753245924301582,0.0,0.0,0.99,8,linear
q_learning,sparse_eps-linear_seed1,sparse,1,4a77b6e251,62,225,-11.250000000000025,-11.250000000000023,0.9719523809523809,0.15,0,out_of_energy,0,0,1,0,106,25,0,0,0,39,0.03533337950552427,0.0743232585599804,0.0,0.0,0.99,8,linear
q_learning,sparse_eps-linear_seed1,sparse,1,4a77b6e251,63,225,-11.250000000000025,-11.250000000000023,0.9715,0.15,0,out_of_energy,0,0,1,0,100,5,0,0,0,45,0.035628946757435755,0.10684012569744061,0.0,0.0,0.99,8,linear
q_learning,sparse_eps-linear_seed1,sparse,1,4a77b6e251,64,225,-11.250000000000025,-11.250000000000027,0.971047619047619,0.15,0,out_of_energy,0,0,1,0,102,5,0,0,0,51,0.03381310674136619,0.08010203329982843,0.0,0.0,0.99,8,linear
q_learning,sparse_eps-linear_seed1,sparse,1,4a77b6e251,65,225,-11.250000000000025,-11.250000000000027,0.9705952380952381,0.15,0,out_of_energy,0,0,1,0,103,7,0,0,0,49,0.03621209339521631,0.09338968423887256,0.0,0.0,0.99,8,linear
q_learning,sparse_eps-linear_seed1,sparse,1,4a77b6e251,66,225,-11.250000000000025,-11.250000000000027,0.9701428571428572,0.15,0,out_of_energy,0,0,1,0,100,11,0,0,0,35,0.033256918501605746,0.08174428788365486,0.0,0.0,0.99,8,linear
q_learning,sparse_eps-linear_seed1,sparse,1,4a77b6e251,67,225,-11.250000000000025,-11.250000000000025,0.9696904761904762,0.15,0,out_of_energy,0,0,1,0,101,31,0,0,0,41,0.03896579136818264,0.071140645625,0.0,0.0,0.99,8,linear
q_learning,sparse_eps-linear_seed1,sparse,1,4a77b6e251,68,225,-11.250000000000025,-11.250000000000025,0.9692380952380952,0.15,0,out_of_energy,0,0,1,0,104,5,0,0,0,43,0.034124052201554386,0.07747628996404647,0.0,0.0,0.99,8,linear
q_learning,sparse_eps-linear_seed1,sparse,1,4a77b6e251,69,225,-11.250000000000025,-11.250000000000025,0.9687857142857143,0.15,0,out_of_energy,0,0,1,0,118,1,0,0,0,51,0.031475966530761394,0.071140645625,0.0,0.0,0.99,8,linear
q_learning,sparse_eps-linear_seed1,sparse,1,4a77b6e251,70,225,-11.250000000000025,-11.250000000000025,0.9683333333333334,0.15,0,out_of_energy,0,0,1,0,105,23,0,0,0,44,0.03353659220206861,0.07519177635118506,0.0,0.0,0.99,8,linear
q_learning,sparse_eps-linear_seed1,sparse,1,4a77b6e251,71,225,-11.250000000000025,-11.250000000000025,0.9678809523809524,0.15,0,out_of_energy,0,0,1,0,121,3,0,0,0,44,0.03671881737627308,0.06373625000000001,0.0,0.0,0.99,8,linear
q_learning,sparse_eps-linear_seed1,sparse,1,4a77b6e251,72,225,-11.250000000000025,-11.250000000000027,0.9674285714285714,0.15,0,out_of_energy,0,0,1,0,95,10,0,0,0,53,0.0341967590765427,0.10084529273779039,0.0,0.0,0.99,8,linear
q_learning,sparse_eps-linear_seed1,sparse,1,4a77b6e251,73,225,-11.250000000000025,-11.250000000000027,0.9669761904761904,0.15,0,out_of_energy,0,0,1,0,120,0,0,0,0,48,0.03168387749823429,0.07519932532403492,0.0,0.0,0.99,8,linear
q_learning,sparse_eps-linear_seed1,sparse,1,4a77b6e251,74,225,-11.250000000000025,-11.250000000000027,0.9665238095238096,0.15,0,out_of_energy,0,0,1,0,109,18,0,0,0,33,0.031829543622529995,0.06888836183310897,0.0,0.0,0.99,8,linear
q_learning,sparse_eps-linear_seed1,sparse,1,4a77b6e251,75,225,-11.250000000000025,-11.250000000000027,0.9660714285714286,0.15,0,out_of_energy,0,0,1,0,100,20,0,0,0,45,0.0330887344125531,0.08905326925777635,0.0,0.0,0.99,8,linear
q_learning,sparse_eps-linear_seed1,sparse,1,4a77b6e251,76,225,-11.250000000000025,-11.250000000000025,0.9656190476190476,0.15,0,out_of_energy,0,0,1,0,100,4,0,0,0,46,0.03542697660502023,0.08802636083679341,0.0,0.0,0.99,8,linear
q_learning,sparse_eps-linear_seed1,sparse,1,4a77b6e251,77,225,-11.250000000000025,-11.250000000000025,0.9651666666666666,0.15,0,out_of_energy,0,0,1,0,120,16,0,0,0,42,0.03490974843186016,0.08047231869164684,0.0,0.0,0.99,8,linear
q_learning,sparse_eps-linear_seed1,sparse,1,4a77b6e251,78,225,-11.250000000000025,-11.250000000000025,0.9647142857142857,0.15,0,out_of_energy,0,0,1,0,109,21,0,0,0,47,0.03599096806407771,0.09761232800328673,0.0,0.0,0.99,8,linear
q_learning,sparse_eps-linear_seed1,sparse,1,4a77b6e251,79,225,-11.250000000000025,-11.250000000000025,0.9642619047619048,0.15,0,out_of_energy,0,0,1,0,103,17,0,0,0,47,0.033175304713244806,0.08537536040734947,0.0,0.0,0.99,8,linear
q_learning,sparse_eps-linear_seed1,sparse,1,4a77b6e251,80,225,-11.250000000000025,-11.250000000000027,0.9638095238095238,0.15,0,out_of_energy,0,0,1,0,114,5,0,0,0,36,0.030936389924126447,0.10115866988602518,0.0,0.0,0.99,8,linear
q_learning,sparse_eps-linear_seed1,sparse,1,4a77b6e251,81,225,-11.250000000000025,-11.250000000000027,0.9633571428571429,0.15,0,out_of_energy,0,0,1,0,97,7,0,0,0,41,0.033190613217259135,0.09877454267576388,0.0,0.0,0.99,8,linear
q_learning,sparse_eps-linear_seed1,sparse,1,4a77b6e251,82,225,-11.250000000000025,-11.250000000000027,0.9629047619047619,0.15,0,out_of_energy,0,0,1,0,93,15,0,0,0,37,0.03895651313833241,0.0978362121912266,0.0,0.0,0.99,8,linear
q_learning,sparse_eps-linear_seed1,sparse,1,4a77b6e251,83,225,-11.250000000000025,-11.250000000000027,0.962452380952381,0.15,0,out_of_energy,0,0,1,0,104,13,0,0,0,48,0.035425805078237636,0.07534968152952679,0.0,0.0,0.99,8,linear
q_learning,sparse_eps-linear_seed1,sparse,1,4a77b6e251,84,225,-11.250000000000025,-11.250000000000025,0.962,0.15,0,out_of_energy,0,0,1,0,95,10,0,0,0,54,0.03417389960202693,0.0655190615197834,0.0,0.0,0.99,8,linear
q_learning,sparse_eps-linear_seed1,sparse,1,4a77b6e251,85,225,-11.250000000000025,-11.250000000000025,0.9615476190476191,0.15,0,out_of_energy,0,0,1,0,95,18,0,0,0,34,0.03315303622140209,0.07855086490490862,0.0,0.0,0.99,8,linear
q_learning,sparse_eps-linear_seed1,sparse,1,4a77b6e251,86,225,-11.250000000000025,-11.250000000000025,0.9610952380952381,0.15,0,out_of_energy,0,0,1,0,103,2,0,0,0,42,0.03330872085826192,0.09193939752737956,0.0,0.0,0.99,8,linear
q_learning,sparse_eps-linear_seed1,sparse,1,4a77b6e251,87,225,-11.250000000000025,-11.250000000000025,0.9606428571428571,0.15,0,out_of_energy,0,0,1,0,104,8,0,0,0,49,0.0348664438581096,0.07454002511042088,0.0,0.0,0.99,8,linear
q_learning,sparse_eps-linear_seed1,sparse,1,4a77b6e251,88,225,-11.250000000000025,-11.250000000000027,0.9601904761904761,0.15,0,out_of_energy,0,0,1,0,110,16,0,0,0,48,0.03262503139843452,0.07422511480633018,0.0,0.0,0.99,8,linear
q_learning,sparse_eps-linear_seed1,sparse,1,4a77b6e251,89,225,-11.250000000000025,-11.250000000000027,0.9597380952380953,0.15,0,out_of_energy,0,0,1,0,107,0,0,0,0,47,0.03134573316427988,0.08146835168348301,0.0,0.0,0.99,8,linear
q_learning,sparse_eps-linear_seed1,sparse,1,4a77b6e251,90,225,-11.250000000000025,-11.250000000000027,0.9592857142857143,0.15,0,out_of_energy,0,0,1,0,106,5,0,0,0,55,0.03413970362314371,0.09836921858128458,0.0,0.0,0.99,8,linear
q_learning,sparse_eps-linear_seed1,sparse,1,4a77b6e251,91,225,-11.250000000000025,-11.250000000000027,0.9588333333333333,0.15,0,out_of_energy,0,0,1,0,110,32,0,0,0,54,0.03876815713022184,0.07764963431571893,0.0,0.0,0.99,8,linear
q_learning,sparse_eps-linear_seed1,sparse,1,4a77b6e251,92,225,-11.250000000000025,-11.250000000000027,0.9583809523809523,0.15,0,out_of_energy,0,0,1,0,107,20,0,0,0,46,0.0365706847376912,0.09459587080976244,0.0,0.0,0.99,8,linear
q_learning,sparse_eps-linear_seed1,sparse,1,4a77b6e251,93,225,-11.250000000000025,-11.250000000000027,0.9579285714285715,0.15,0,out_of_energy,0,0,1,0,101,0,0,0,0,52,0.0352460751054105,0.08787721604586468,0.0,0.0,0.99,8,linear
q_learning,sparse_eps-linear_seed1,sparse,1,4a77b6e251,94,225,-11.250000000000025,-11.250000000000027,0.9574761904761905,0.15,0,out_of_energy,0,0,1,0,127,20,0,0,0,39,0.03222420215862665,0.07198684769846497,0.0,0.0,0.99,8,linear
q_learning,sparse_eps-linear_seed1,sparse,1,4a77b6e251,95,225,-11.250000000000025,-11.250000000000027,0.9570238095238095,0.15,0,out_of_energy,0,0,1,0,118,0,0,0,0,52,0.032703859538781806,0.1314947262032316,0.0,0.0,0.99,8,linear
q_learning,sparse_eps-linear_seed1,sparse,1,4a77b6e251,96,225,-11.250000000000025,-11.250000000000027,0.9565714285714286,0.15,0,out_of_energy,0,0,1,0,102,2,0,0,0,33,0.037270533958048566,0.08052589188653424,0.0,0.0,0.99,8,linear
q_learning,sparse_eps-linear_seed1,sparse,1,4a77b6e251,97,225,-11.250000000000025,-11.250000000000027,0.9561190476190476,0.15,0,out_of_energy,0,0,1,0,101,27,0,0,0,49,0.03339656813240684,0.09530042562294444,0.0,0.0,0.99,8,linear
q_learning,sparse_eps-linear_seed1,sparse,1,4a77b6e251,98,225,-11.250000000000025,-11.250000000000025,0.9556666666666667,0.15,0,out_of_energy,0,0,1,0,107,18,0,0,0,64,0.034932863572665174,0.083636398016537,0.0,0.0,0.99,8,linear
q_learning,sparse_eps-linear_seed1,sparse,1,4a77b6e251,99,225,-11.250000000000025,-11.250000000000025,0.9552142857142857,0.15,0,out_of_energy,0,0,1,0,98,19,0,0,0,49,0.037645712558014924,0.09595861641239159,0.0,0.0,0.99,8,linear
q_learning,sparse_eps-linear_seed1,sparse,1,4a77b6e251,100,225,-11.250000000000025,-11.250000000000025,0.9547619047619048,0.15,0,out_of_energy,0,0,1,0,117,13,0,0,0,48,0.034570651498321815,0.10458364188791013,0.0,0.0,0.99,8,linear
q_learning,sparse_eps-linear_seed1,sparse,1,4a77b6e251,101,225,-11.250000000000025,-11.250000000000025,0.9543095238095238,0.15,0,out_of_energy,0,0,1,0,105,32,0,0,0,50,0.03453693689538698,0.07140376902970352,0.0,0.0,0.99,8,linear
q_learning,sparse_eps-linear_seed1,sparse,1,4a77b6e251,102,225,-11.250000000000025,-11.250000000000025,0.9538571428571428,0.15,0,out_of_energy,0,0,1,0,98,24,2,0,0,49,0.03935495358104123,0.0774035360254636,0.0,0.0,0.99,8,linear
q_learning,sparse_eps-linear_seed1,sparse,1,4a77b6e251,103,225,-11.250000000000025,-11.250000000000025,0.9534047619047619,0.15,0,out_of_energy,0,0,1,0,115,20,0,0,0,43,0.036312321106655415,0.09950633390397456,0.0,0.0,0.99,8,linear
q_learning,sparse_eps-linear_seed1,sparse,1,4a77b6e251,104,225,-11.250000000000025,-11.250000000000025,0.952952380952381,0.15,0,out_of_energy,0,0,1,0,102,20,0,0,0,45,0.03492756083437911,0.10179133887193262,0.0,0.0,0.99,8,linear
q_learning,sparse_eps-linear_seed1,sparse,1,4a77b6e251,105,225,-11.250000000000025,-11.250000000000025,0.9525,0.15,0,out_of_energy,0,0,1,0,112,3,0,0,0,40,0.037230199746342146,0.0969063613066534,0.0,0.0,0.99,8,linear
q_learning,sparse_eps-linear_seed1,sparse,1,4a77b6e251,106,225,-11.250000000000025,-11.250000000000025,0.952047619047619,0.15,0,out_of_energy,0,0,1,0,103,5,0,0,0,51,0.0346664312592845,0.08895325184116042,0.0,0.0,0.99,8,linear
q_learning,sparse_eps-linear_seed1,sparse,1,4a77b6e251,107,225,-11.250000000000025,-11.250000000000025,0.951595238095238,0.15,0,out_of_energy,0,0,1,0,114,10,0,0,0,36,0.03333421084578865,0.07028568232901108,0.0,0.0,0.99,8,linear
q_learning,sparse_eps-linear_seed1,sparse,1,4a77b6e251,108,225,-11.250000000000025,-11.250000000000025,0.9511428571428572,0.15,0,out_of_energy,0,0,1,0,107,51,0,0,0,42,0.038092507626552204,0.0994896109428159,0.0,0.0,0.99,8,linear
q_learning,sparse_eps-linear_seed1,sparse,1,4a77b6e251,109,225,-11.250000000000025,-11.250000000000025,0.9506904761904762,0.15,0,out_of_energy,0,0,1,0,118,1,0,0,0,45,0.029173915026995904,0.0856873527648688,0.0,0.0,0.99,8,linear
q_learning,sparse_eps-linear_seed1,sparse,1,4a77b6e251,110,225,-11.250000000000025,-11.250000000000025,0.9502380952380952,0.15,0,out_of_energy,0,0,1,0,96,23,0,0,0,38,0.034096319613717896,0.10037363226683212,0.0,0.0,0.99,8,linear
q_learning,sparse_eps-linear_seed1,sparse,1,4a77b6e251,111,225,-11.250000000000025,-11.250000000000025,0.9497857142857142,0.15,0,out_of_energy,0,0,1,0,106,14,0,0,0,44,0.03733846431283313,0.08574077840679897,0.0,0.0,0.99,8,linear
q_learning,sparse_eps-linear_seed1,sparse,1,4a77b6e251,112,225,-11.250000000000025,-11.250000000000025,0.9493333333333334,0.15,0,out_of_energy,0,0,1,0,98,12,0,0,0,44,0.03600430367049128,0.0823895162243257,0.0,0.0,0.99,8,linear
q_learning,sparse_eps-linear_seed1,sparse,1,4a77b6e251,113,225,-11.250000000000025,-11.250000000000025,0.9488809523809524,0.15,0,out_of_energy,0,0,1,0,109,9,0,0,0,41,0.037673114615353345,0.06886031249182693,0.0,0.0,0.99,8,linear
q_learning,sparse_eps-linear_seed1,sparse,1,4a77b6e251,114,225,-11.250000000000025,-11.250000000000025,0.9484285714285714,0.15,0,out_of_energy,0,0,1,0,96,6,0,0,0,45,0.035019073815404825,0.10173306336303212,0.0,0.0,0.99,8,linear
q_learning,sparse_eps-linear_seed1,sparse,1,4a77b6e251,115,225,-11.250000000000025,-11.250000000000025,0.9479761904761905,0.15,0,out_of_energy,0,0,1,0,109,12,0,0,0,43,0.03825350560784152,0.08933250912921276,0.0,0.0,0.99,8,linear
q_learning,sparse_eps-linear_seed1,sparse,1,4a77b6e251,116,225,-11.250000000000025,-11.250000000000025,0.9475238095238095,0.15,0,out_of_energy,0,0,1,0,107,2,0,0,0,39,0.03557175877302033,0.09615865938329331,0.0,0.0,0.99,8,linear
q_learning,sparse_eps-linear_seed1,sparse,1,4a77b6e251,117,225,-11.250000000000025,-11.250000000000025,0.9470714285714286,0.15,0,out_of_energy,0,0,1,0,112,12,0,0,0,43,0.03704884078649718,0.10257651867799569,0.0,0.0,0.99,8,linear
q_learning,sparse_eps-linear_seed1,sparse,1,4a77b6e251,118,225,-11.250000000000025,-11.250000000000025,0.9466190476190476,0.15,0,out_of_energy,0,0,1,0,108,10,0,0,0,49,0.03500980835108404,0.10779662464092798,0.0,0.0,0.99,8,linear
q_learning,sparse_eps-linear_seed1,sparse,1,4a77b6e251,119,225,-11.250000000000025,-11.250000000000025,0.9461666666666667,0.15,0,out_of_energy,0,0,1,0,102,4,0,0,0,38,0.033710510193913974,0.07966591028068747,0.0,0.0,0.99,8,linear
q_learning,sparse_eps-linear_seed1,sparse,1,4a77b6e251,120,225,-11.250000000000025,-11.250000000000025,0.9457142857142857,0.15,0,out_of_energy,0,0,1,0,94,12,0,0,0,43,0.03182358230509195,0.07332673451434873,0.0,0.0,0.99,8,linear
q_learning,sparse_eps-linear_seed1,sparse,1,4a77b6e251,121,225,-11.250000000000025,-11.250000000000025,0.9452619047619047,0.15,0,out_of_energy,0,0,1,0,101,15,0,0,0,44,0.034159246864564875,0.11372685505801335,0.0,0.0,0.99,8,linear
q_learning,sparse_eps-linear_seed1,sparse,1,4a77b6e251,122,225,-11.250000000000025,-11.250000000000025,0.9448095238095238,0.15,0,out_of_energy,0,0,1,0,106,5,0,0,0,46,0.03683321069127366,0.06373625000000001,0.0,0.0,0.99,8,linear
q_learning,sparse_eps-linear_seed1,sparse,1,4a77b6e251,123,225,-11.250000000000025,-11.250000000000025,0.9443571428571429,0.15,0,out_of_energy,0,0,1,0,112,11,0,0,0,36,0.032532660571682234,0.0765862130145833,0.0,0.0,0.99,8,linear
q_learning,sparse_eps-linear_seed1,sparse,1,4a77b6e251,124,225,-11.250000000000025,-11.250000000000025,0.9439047619047619,0.15,0,out_of_energy,0,0,1,0,111,12,0,0,0,44,0.032101013691403134,0.08484070210715774,0.0,0.0,0.99,8,linear
q_learning,sparse_eps-linear_seed1,sparse,1,4a77b6e251,125,225,-11.250000000000025,-11.250000000000025,0.9434523809523809,0.15,0,out_of_energy,0,0,1,0,103,27,0,0,0,41,0.035502688625699115,0.08672448798577545,0.0,0.0,0.99,8,linear
q_learning,sparse_eps-linear_seed1,sparse,1,4a77b6e251,126,225,-11.250000000000025,-11.250000000000025,0.9430000000000001,0.15,0,out_of_energy,0,0,1,0,100,20,0,0,0,45,0.0354616999229033,0.07444782790573398,0.0,0.0,0.99,8,linear
q_learning,sparse_eps-linear_seed1,sparse,1,4a77b6e251,127,225,-11.250000000000025,-11.250000000000025,0.9425476190476191,0.15,0,out_of_energy,0,0,1,0,96,18,0,0,0,44,0.03625395217445926,0.11801233095824855,0.0,0.0,0.99,8,linear
q_learning,sparse_eps-linear_seed1,sparse,1,4a77b6e251,128,225,-11.250000000000025,-11.250000000000025,0.9420952380952381,0.15,0,out_of_energy,0,0,1,0,118,0,0,0,0,49,0.03435015508332323,0.0989713302473895,0.0,0.0,0.99,8,linear
q_learning,sparse_eps-linear_seed1,sparse,1,4a77b6e251,129,225,-11.250000000000025,-11.250000000000025,0.9416428571428571,0.15,0,out_of_energy,0,0,1,0,103,44,0,0,0,51,0.03368561516113041,0.08036984743558825,0.0,0.0,0.99,8,linear
q_learning,sparse_eps-linear_seed1,sparse,1,4a77b6e251,130,225,-11.250000000000025,-11.250000000000025,0.9411904761904761,0.15,0,out_of_energy,0,0,1,0,118,9,0,0,0,54,0.034244808479449745,0.11696976805301695,0.0,0.0,0.99,8,linear
q_learning,sparse_eps-linear_seed1,sparse,1,4a77b6e251,131,225,-11.250000000000025,-11.250000000000025,0.9407380952380953,0.15,0,out_of_energy,0,0,1,0,115,39,0,0,0,45,0.03374920796874191,0.08031902543682451,0.0,0.0,0.99,8,linear
q_learning,sparse_eps-linear_seed1,sparse,1,4a77b6e251,132,225,-11.250000000000025,-11.250000000000025,0.9402857142857143,0.15,0,out_of_energy,0,0,1,0,96,1,0,0,0,41,0.03618495196717771,0.10540277066192788,0.0,0.0,0.99,8,linear
q_learning,sparse_eps-linear_seed1,sparse,1,4a77b6e251,133,225,-11.250000000000025,-11.250000000000025,0.9398333333333333,0.15,0,out_of_energy,0,0,1,0,100,1,0,0,0,47,0.03535829589112312,0.07212217924371707,0.0,0.0,0.99,8,linear
q_learning,sparse_eps-linear_seed1,sparse,1,4a77b6e251,134,225,-11.250000000000025,-11.250000000000025,0.9393809523809524,0.15,0,out_of_energy,0,0,1,0,102,7,0,0,0,46,0.03613896525092711,0.07892970292322549,0.0,0.0,0.99,8,linear
q_learning,sparse_eps-linear_seed1,sparse,1,4a77b6e251,135,225,-11.250000000000025,-11.250000000000025,0.9389285714285714,0.15,0,out_of_energy,0,0,1,0,113,37,0,0,0,33,0.031662703073439824,0.06397129697936782,0.0,0.0,0.99,8,linear
q_learning,sparse_eps-linear_seed1,sparse,1,4a77b6e251,136,225,-11.250000000000025,-11.250000000000025,0.9384761904761905,0.15,0,out_of_energy,0,0,1,0,103,4,0,0,0,41,0.03433548008842241,0.10792668710831868,0.0,0.0,0.99,8,linear
q_learning,sparse_eps-linear_seed1,sparse,1,4a77b6e251,137,225,-11.250000000000025,-11.250000000000025,0.9380238095238095,0.15,0,out_of_energy,0,0,1,0,102,0,0,0,0,35,0.03395356450672032,0.08075584646000084,0.0,0.0,0.99,8,linear
q_learning,sparse_eps-linear_seed1,sparse,1,4a77b6e251,138,225,-11.250000000000025,-11.250000000000025,0.9375714285714286,0.15,0,out_of_energy,0,0,1,0,102,4,0,0,0,39,0.0357589623159558,0.0856108301621514,0.0,0.0,0.99,8,linear
q_learning,sparse_eps-linear_seed1,sparse,1,4a77b6e251,139,225,-11.250000000000025,-11.250000000000025,0.9371190476190476,0.15,0,out_of_energy,0,0,1,0,130,4,0,0,0,39,0.03457959221061069,0.0821476216320287,0.0,0.0,0.99,8,linear
q_learning,sparse_eps-linear_seed1,sparse,1,4a77b6e251,140,225,-11.250000000000025,-11.250000000000025,0.9366666666666666,0.15,0,out_of_energy,0,0,1,0,107,7,0,0,0,58,0.037012994199954,0.1186230541342929,0.0,0.0,0.99,8,linear
q_learning,sparse_eps-linear_seed1,sparse,1,4a77b6e251,141,225,-11.250000000000025,-11.250000000000025,0.9362142857142857,0.15,0,out_of_energy,0,0,1,0,104,3,0,0,0,43,0.03342901777492258,0.06298034654205953,0.0,0.0,0.99,8,linear
q_learning,sparse_eps-linear_seed1,sparse,1,4a77b6e251,142,225,-11.250000000000025,-11.250000000000025,0.9357619047619048,0.15,0,out_of_energy,0,0,1,0,113,3,0,0,0,55,0.03434602807220377,0.08409436026534475,0.0,0.0,0.99,8,linear
q_learning,sparse_eps-linear_seed1,sparse,1,4a77b6e251,143,225,-11.250000000000025,-11.250000000000025,0.9353095238095238,0.15,0,out_of_energy,0,0,1,0,93,8,0,0,0,38,0.03360556570572827,0.08181321202226621,0.0,0.0,0.99,8,linear
q_learning,sparse_eps-linear_seed1,sparse,1,4a77b6e251,144,225,-11.250000000000025,-11.250000000000025,0.9348571428571428,0.15,0,out_of_energy,0,0,1,0,102,18,0,0,0,46,0.036377657100287765,0.12549541974243272,0.0,0.0,0.99,8,linear
q_learning,sparse_eps-linear_seed1,sparse,1,4a77b6e251,145,225,-11.250000000000025,-11.250000000000025,0.934404761904762,0.15,0,out_of_energy,0,0,1,0,100,29,0,0,0,50,0.03204723707116664,0.0777021348225727,0.0,0.0,0.99,8,linear
q_learning,sparse_eps-linear_seed1,sparse,1,4a77b6e251,146,225,-11.250000000000025,-11.250000000000025,0.933952380952381,0.15,0,out_of_energy,0,0,1,0,88,13,0,0,0,43,0.033914470760966015,0.07666972836619099,0.0,0.0,0.99,8,linear
q_learning,sparse_eps-linear_seed1,sparse,1,4a77b6e251,147,225,-11.250000000000025,-11.250000000000025,0.9335,0.15,0,out_of_energy,0,0,1,0,103,11,0,0,0,53,0.03712109592769231,0.18109882952996004,0.0,0.0,0.99,8,linear
q_learning,sparse_eps-linear_seed1,sparse,1,4a77b6e251,148,225,-11.250000000000025,-11.250000000000025,0.933047619047619,0.15,0,out_of_energy,0,0,1,0,100,9,0,0,0,37,0.035873509868774425,0.08758775123843632,0.0,0.0,0.99,8,linear
q_learning,sparse_eps-linear_seed1,sparse,1,4a77b6e251,149,225,-11.250000000000025,-11.250000000000025,0.9325952380952381,0.15,0,out_of_energy,0,0,1,0,119,5,0,0,0,29,0.036480639919073334,0.07350425482059392,0.0,0.0,0.99,8,linear
q_learning,sparse_eps-linear_seed1,sparse,1,4a77b6e251,150,225,-11.250000000000025,-11.250000000000025,0.9321428571428572,0.15,0,out_of_energy,0,0,1,0,101,32,0,0,0,43,0.03420230512898977,0.07731625439824252,0.0,0.0,0.99,8,linear
q_learning,sparse_eps-linear_seed1,sparse,1,4a77b6e251,151,225,-11.250000000000025,-11.250000000000025,0.9316904761904762,0.15,0,out_of_energy,0,0,1,0,97,19,0,0,0,46,0.03942963527903348,0.08366550128879185,0.0,0.0,0.99,8,linear
q_learning,sparse_eps-linear_seed1,sparse,1,4a77b6e251,152,225,-11.250000000000025,-11.250000000000025,0.9312380952380952,0.15,0,out_of_energy,0,0,1,0,99,14,0,0,0,37,0.03223227238132631,0.07283915702605492,0.0,0.0,0.99,8,linear
q_learning,sparse_eps-linear_seed1,sparse,1,4a77b6e251,153,225,-11.250000000000025,-11.250000000000025,0.9307857142857143,0.15,0,out_of_energy,0,0,1,0,118,3,0,0,0,53,0.034508069505846985,0.07941044307514189,0.0,0.0,0.99,8,linear
q_learning,sparse_eps-linear_seed1,sparse,1,4a77b6e251,154,225,-11.250000000000025,-11.250000000000025,0.9303333333333333,0.15,0,out_of_energy,0,0,1,0,98,13,0,0,0,41,0.03638099641908021,0.15925075790685364,0.0,0.0,0.99,8,linear
q_learning,sparse_eps-linear_seed1,sparse,1,4a77b6e251,155,225,-11.250000000000025,-11.250000000000025,0.9298809523809524,0.15,0,out_of_energy,0,0,1,0,100,19,0,0,0,47,0.037364593094521246,0.09239261403297028,0.0,0.0,0.99,8,linear
q_learning,sparse_eps-linear_seed1,sparse,1,4a77b6e251,156,225,-11.250000000000025,-11.250000000000025,0.9294285714285714,0.15,0,out_of_energy,0,0,1,0,106,24,0,0,0,41,0.03242033322502179,0.07120231389280568,0.0,0.0,0.99,8,linear
q_learning,sparse_eps-linear_seed1,sparse,1,4a77b6e251,157,225,-11.250000000000025,-11.250000000000025,0.9289761904761905,0.15,0,out_of_energy,0,0,1,0,104,49,0,0,0,39,0.033845643595235335,0.10128926549563988,0.0,0.0,0.99,8,linear
q_learning,sparse_eps-linear_seed1,sparse,1,4a77b6e251,158,225,-11.250000000000025,-11.250000000000025,0.9285238095238095,0.15,0,out_of_energy,0,0,1,0,87,11,0,0,0,36,0.03428567442449312,0.09419902941074718,0.0,0.0,0.99,8,linear
q_learning,sparse_eps-linear_seed1,sparse,1,4a77b6e251,159,225,-11.250000000000025,-11.250000000000025,0.9280714285714285,0.15,0,out_of_energy,0,0,1,0,111,21,0,0,0,49,0.03679277371305902,0.11677231702495884,0.0,0.0,0.99,8,linear
q_learning,sparse_eps-linear_seed1,sparse,1,4a77b6e251,160,225,-11.250000000000025,-11.250000000000025,0.9276190476190476,0.15,0,out_of_energy,0,0,1,0,95,9,0,0,0,45,0.035510999679921364,0.18140792993531396,0.0,0.0,0.99,8,linear
q_learning,sparse_eps-linear_seed1,sparse,1,4a77b6e251,161,225,-11.250000000000025,-11.250000000000025,0.9271666666666667,0.15,0,out_of_energy,0,0,1,0,108,21,0,0,0,50,0.03332575178660399,0.16373030380997766,0.0,0.0,0.99,8,linear
q_learning,sparse_eps-linear_seed1,sparse,1,4a77b6e251,162,225,-11.250000000000025,-11.250000000000025,0.9267142857142857,0.15,0,out_of_energy,0,0,1,0,105,2,0,0,0,48,0.03257800122357677,0.08764118581788742,0.0,0.0,0.99,8,linear
q_learning,sparse_eps-linear_seed1,sparse,1,4a77b6e251,163,225,-11.250000000000025,-11.250000000000025,0.9262619047619047,0.15,0,out_of_energy,0,0,1,0,107,0,0,0,0,35,0.03495534935911746,0.17710348641286272,0.0,0.0,0.99,8,linear
q_learning,sparse_eps-linear_seed1,sparse,1,4a77b6e251,164,225,-11.250000000000025,-11.250000000000025,0.9258095238095239,0.15,0,out_of_energy,0,0,1,0,90,27,0,0,0,40,0.03459731301466647,0.08795200422007093,0.0,0.0,0.99,8,linear
q_learning,sparse_eps-linear_seed1,sparse,1,4a77b6e251,165,225,-11.250000000000025,-11.250000000000025,0.9253571428571429,0.15,0,out_of_energy,0,0,1,0,101,26,3,0,0,43,0.036497448329679175,0.09539625361723633,0.0,0.0,0.99,8,linear
q_learning,sparse_eps-linear_seed1,sparse,1,4a77b6e251,166,225,-11.250000000000025,-11.250000000000025,0.9249047619047619,0.15,0,out_of_energy,0,0,1,0,115,2,0,0,0,46,0.036832380443899866,0.17138888919038978,0.0,0.0,0.99,8,linear
q_learning,sparse_eps-linear_seed1,sparse,1,4a77b6e251,167,225,-11.250000000000025,-11.250000000000025,0.9244523809523809,0.15,0,out_of_energy,0,0,1,0,112,34,0,0,0,44,0.03712393066118967,0.09485742954988344,0.0,0.0,0.99,8,linear
q_learning,sparse_eps-linear_seed1,sparse,1,4a77b6e251,168,225,-11.250000000000025,-11.250000000000025,0.924,0.15,0,out_of_energy,0,0,1,0,104,20,0,0,0,49,0.03482096471085163,0.11075397670731937,0.0,0.0,0.99,8,linear
q_learning,sparse_eps-linear_seed1,sparse,1,4a77b6e251,169,225,-11.250000000000025,-11.250000000000025,0.9235476190476191,0.15,0,out_of_energy,0,0,1,0,104,10,0,0,0,54,0.03640446625865621,0.10686371622930904,0.0,0.0,0.99,8,linear
q_learning,sparse_eps-linear_seed1,sparse,1,4a77b6e251,170,225,-11.250000000000025,-11.250000000000025,0.9230952380952381,0.15,0,out_of_energy,0,0,1,0,97,6,0,0,0,43,0.03648049064073806,0.11220153697237772,0.0,0.0,0.99,8,linear
q_learning,sparse_eps-linear_seed1,sparse,1,4a77b6e251,171,225,-11.250000000000025,-11.250000000000025,0.9226428571428571,0.15,0,out_of_energy,0,0,1,0,88,14,0,0,0,50,0.034728615086030215,0.09117896344459375,0.0,0.0,0.99,8,linear
q_learning,sparse_eps-linear_seed1,sparse,1,4a77b6e251,172,225,-11.250000000000025,-11.250000000000025,0.9221904761904762,0.15,0,out_of_energy,0,0,1,0,97,7,0,0,0,42,0.035880061990781364,0.15897779196097633,0.0,0.0,0.99,8,linear
q_learning,sparse_eps-linear_seed1,sparse,1,4a77b6e251,173,225,-11.250000000000025,-11.250000000000025,0.9217380952380952,0.15,0,out_of_energy,0,0,1,0,106,2,0,0,0,41,0.03315530679778261,0.09465385357985856,0.0,0.0,0.99,8,linear
q_learning,sparse_eps-linear_seed1,sparse,1,4a77b6e251,174,225,-11.250000000000025,-11.250000000000025,0.9212857142857143,0.15,0,out_of_energy,0,0,1,0,131,14,0,0,0,51,0.03315249394865048,0.08840346134816429,0.0,0.0,0.99,8,linear
q_learning,sparse_eps-linear_seed1,sparse,1,4a77b6e251,175,225,-11.250000000000025,-11.250000000000025,0.9208333333333334,0.15,0,out_of_energy,0,0,1,0,117,20,0,0,0,45,0.03637545018235724,0.12061618115057217,0.0,0.0,0.99,8,linear
q_learning,sparse_eps-linear_seed1,sparse,1,4a77b6e251,176,225,-11.250000000000025,-11.250000000000025,0.9203809523809524,0.15,0,out_of_energy,0,0,1,0,105,10,0,0,0,53,0.03753947573261077,0.11459028075648264,0.0,0.0,0.99,8,linear
q_learning,sparse_eps-linear_seed1,sparse,1,4a77b6e251,177,225,-11.250000000000025,-11.250000000000025,0.9199285714285714,0.15,0,out_of_energy,0,0,1,0,111,8,0,0,0,43,0.035333540615404745,0.08745839951604467,0.0,0.0,0.99,8,linear
q_learning,sparse_eps-linear_seed1,sparse,1,4a77b6e251,178,225,-11.250000000000025,-11.250000000000025,0.9194761904761904,0.15,0,out_of_energy,0,0,1,0,103,2,0,0,0,44,0.032347429903210684,0.08605860188053893,0.0,0.0,0.99,8,linear
q_learning,sparse_eps-linear_seed1,sparse,1,4a77b6e251,179,225,-11.250000000000025,-11.250000000000025,0.9190238095238096,0.15,0,out_of_energy,0,0,1,0,111,9,0,0,0,53,0.03488936319634296,0.1358280090720957,0.0,0.0,0.99,8,linear
q_learning,sparse_eps-linear_seed1,sparse,1,4a77b6e251,180,225,-11.250000000000025,-11.250000000000025,0.9185714285714286,0.15,0,out_of_energy,0,0,1,0,105,24,0,0,0,46,0.03422476431879919,0.11324920646248521,0.0,0.0,0.99,8,linear
q_learning,sparse_eps-linear_seed1,sparse,1,4a77b6e251,181,225,-11.250000000000025,-11.250000000000025,0.9181190476190476,0.15,0,out_of_energy,0,0,1,0,100,5,0,0,0,37,0.0341926793191919,0.18763456823482552,0.0,0.0,0.99,8,linear
q_learning,sparse_eps-linear_seed1,sparse,1,4a77b6e251,182,225,-11.250000000000025,-11.250000000000025,0.9176666666666666,0.15,0,out_of_energy,0,0,1,0,110,7,0,0,0,51,0.034403523177196034,0.07656302034066524,0.0,0.0,0.99,8,linear
q_learning,sparse_eps-linear_seed1,sparse,1,4a77b6e251,183,225,-11.250000000000025,-11.250000000000025,0.9172142857142858,0.15,0,out_of_energy,0,0,1,0,103,15,0,0,0,40,0.03277674514239723,0.08518609517350233,0.0,0.0,0.99,8,linear
q_learning,sparse_eps-linear_seed1,sparse,1,4a77b6e251,184,225,-11.250000000000025,-11.250000000000025,0.9167619047619048,0.15,0,out_of_energy,0,0,1,0,115,15,0,0,0,51,0.03560408858588975,0.0988274287482998,0.0,0.0,0.99,8,linear
q_learning,sparse_eps-linear_seed1,sparse,1,4a77b6e251,185,225,-11.250000000000025,-11.250000000000025,0.9163095238095238,0.15,0,out_of_energy,0,0,1,0,104,16,0,0,0,54,0.03495863279153611,0.09076526956469533,0.0,0.0,0.99,8,linear
q_learning,sparse_eps-linear_seed1,sparse,1,4a77b6e251,186,225,-11.250000000000025,-11.250000000000025,0.9158571428571429,0.15,0,out_of_energy,0,0,1,0,105,7,0,0,0,41,0.035237650378608626,0.10432765890068825,0.0,0.0,0.99,8,linear
q_learning,sparse_eps-linear_seed1,sparse,1,4a77b6e251,187,225,-11.250000000000025,-11.250000000000025,0.9154047619047619,0.15,0,out_of_energy,0,0,1,0,113,11,0,0,0,55,0.03520432401494037,0.19214432326413938,0.0,0.0,0.99,8,linear
q_learning,sparse_eps-linear_seed1,sparse,1,4a77b6e251,188,225,-11.250000000000025,-11.250000000000025,0.914952380952381,0.15,0,out_of_energy,0,0,1,0,109,3,0,0,0,45,0.03683040445591454,0.07037739221200656,0.0,0.0,0.99,8,linear
q_learning,sparse_eps-linear_seed1,sparse,1,4a77b6e251,189,225,-11.250000000000025,-11.250000000000025,0.9145,0.15,0,out_of_energy,0,0,1,0,115,16,0,0,0,41,0.036042104805801965,0.09766461723100321,0.0,0.0,0.99,8,linear
q_learning,sparse_eps-linear_seed1,sparse,1,4a77b6e251,190,225,-11.250000000000025,-11.250000000000025,0.914047619047619,0.15,0,out_of_energy,0,0,1,0,117,3,0,0,0,41,0.036013542764455446,0.17474129495850405,0.0,0.0,0.99,8,linear
q_learning,sparse_eps-linear_seed1,sparse,1,4a77b6e251,191,225,-11.250000000000025,-11.250000000000025,0.9135952380952381,0.15,0,out_of_energy,0,0,1,0,100,23,0,0,0,50,0.037344110558345064,0.14045860429351667,0.0,0.0,0.99,8,linear
q_learning,sparse_eps-linear_seed1,sparse,1,4a77b6e251,192,225,-11.250000000000025,-11.250000000000025,0.9131428571428571,0.15,0,out_of_energy,0,0,1,0,104,21,0,0,0,42,0.036918418896147435,0.1107842625314513,0.0,0.0,0.99,8,linear
q_learning,sparse_eps-linear_seed1,sparse,1,4a77b6e251,193,225,-11.250000000000025,-11.250000000000025,0.9126904761904762,0.15,0,out_of_energy,0,0,1,0,107,10,0,0,0,43,0.03535217413378288,0.10728442740934158,0.0,0.0,0.99,8,linear
q_learning,sparse_eps-linear_seed1,sparse,1,4a77b6e251,194,225,-11.250000000000025,-11.250000000000025,0.9122380952380953,0.15,0,out_of_energy,0,0,1,0,106,27,0,0,0,51,0.03376488961664716,0.09313276452646002,0.0,0.0,0.99,8,linear
q_learning,sparse_eps-linear_seed1,sparse,1,4a77b6e251,195,225,-11.250000000000025,-11.250000000000025,0.9117857142857143,0.15,0,out_of_energy,0,0,1,0,119,20,0,0,0,41,0.0329507935089307,0.09067496034503533,0.0,0.0,0.99,8,linear
q_learning,sparse_eps-linear_seed1,sparse,1,4a77b6e251,196,225,-11.250000000000025,-11.250000000000025,0.9113333333333333,0.15,0,out_of_energy,0,0,1,0,97,3,0,0,0,46,0.03522147587949775,0.08985175663119317,0.0,0.0,0.99,8,linear
q_learning,sparse_eps-linear_seed1,sparse,1,4a77b6e251,197,225,-11.250000000000025,-11.250000000000025,0.9108809523809523,0.15,0,out_of_energy,0,0,1,0,96,3,0,0,0,47,0.033952993508331045,0.11679166477830472,0.0,0.0,0.99,8,linear
q_learning,sparse_eps-linear_seed1,sparse,1,4a77b6e251,198,225,-11.250000000000025,-11.250000000000025,0.9104285714285714,0.15,0,out_of_energy,0,0,1,0,108,26,0,0,0,40,0.03810884568071139,0.0936821845021989,0.0,0.0,0.99,8,linear
q_learning,sparse_eps-linear_seed1,sparse,1,4a77b6e251,199,225,-11.250000000000025,-11.250000000000025,0.9099761904761905,0.15,0,out_of_energy,0,0,1,0,105,48,0,0,0,39,0.03467074776535974,0.10160661785365532,0.0,0.0,0.99,8,linear
q_learning,sparse_eps-linear_seed1,sparse,1,4a77b6e251,200,225,-11.250000000000025,-11.250000000000025,0.9095238095238095,0.15,0,out_of_energy,0,0,1,0,113,26,0,0,0,40,0.037980063246098816,0.08740393606162156,0.0,0.0,0.99,8,linear
q_learning,sparse_eps-linear_seed1,sparse,1,4a77b6e251,201,225,-11.250000000000025,-11.250000000000025,0.9090714285714285,0.15,0,out_of_energy,0,0,1,0,101,13,0,0,0,49,0.03625817084061977,0.10920867007999045,0.0,0.0,0.99,8,linear
q_learning,sparse_eps-linear_seed1,sparse,1,4a77b6e251,202,225,-11.250000000000025,-11.250000000000025,0.9086190476190477,0.15,0,out_of_energy,0,0,1,0,96,6,0,0,0,51,0.03497353144992777,0.0785339346565625,0.0,0.0,0.99,8,linear
q_learning,sparse_eps-linear_seed1,sparse,1,4a77b6e251,203,225,-11.250000000000025,-11.250000000000025,0.9081666666666667,0.15,0,out_of_energy,0,0,1,0,94,39,0,0,0,53,0.034902043458241175,0.0745663845355164,0.0,0.0,0.99,8,linear
q_learning,sparse_eps-linear_seed1,sparse,1,4a77b6e251,204,225,-11.250000000000025,-11.250000000000025,0.9077142857142857,0.15,0,out_of_energy,0,0,1,0,119,2,0,0,0,38,0.03355821661277125,0.08322263539925856,0.0,0.0,0.99,8,linear
q_learning,sparse_eps-linear_seed1,sparse,1,4a77b6e251,205,225,-11.250000000000025,-11.250000000000025,0.9072619047619048,0.15,0,out_of_energy,0,0,1,0,83,13,2,0,0,40,0.03620104681407511,0.12251270279733392,0.0,0.0,0.99,8,linear
q_learning,sparse_eps-linear_seed1,sparse,1,4a77b6e251,206,225,-11.250000000000025,-11.250000000000025,0.9068095238095238,0.15,0,out_of_energy,0,0,1,0,115,9,0,0,0,41,0.033469658835144835,0.09190186402439303,0.0,0.0,0.99,8,linear
q_learning,sparse_eps-linear_seed1,sparse,1,4a77b6e251,207,225,-11.250000000000025,-11.250000000000025,0.9063571428571429,0.15,0,out_of_energy,0,0,1,0,108,14,0,0,0,57,0.03634859517647963,0.07814130309997591,0.0,0.0,0.99,8,linear
q_learning,sparse_eps-linear_seed1,sparse,1,4a77b6e251,208,225,-11.250000000000025,-11.250000000000025,0.9059047619047619,0.15,0,out_of_energy,0,0,1,0,97,2,3,0,0,36,0.033674453364317604,0.09766275339429642,0.0,0.0,0.99,8,linear
q_learning,sparse_eps-linear_seed1,sparse,1,4a77b6e251,209,225,-11.250000000000025,-11.250000000000025,0.9054523809523809,0.15,0,out_of_energy,0,0,1,0,113,2,0,0,0,38,0.03536297966094989,0.08309777837738014,0.0,0.0,0.99,8,linear
q_learning,sparse_eps-linear_seed1,sparse,1,4a77b6e251,210,225,-11.250000000000025,-11.250000000000025,0.905,0.15,0,out_of_energy,0,0,1,0,103,12,0,0,0,38,0.034058337618699995,0.09593164499660788,0.0,0.0,0.99,8,linear
q_learning,sparse_eps-linear_seed1,sparse,1,4a77b6e251,211,225,-11.250000000000025,-11.250000000000025,0.904547619047619,0.15,0,out_of_energy,0,0,1,0,101,1,0,0,0,40,0.03424851990095009,0.10076686780302793,0.0,0.0,0.99,8,linear
q_learning,sparse_eps-linear_seed1,sparse,1,4a77b6e251,212,225,-11.250000000000025,-11.250000000000025,0.9040952380952381,0.15,0,out_of_energy,0,0,1,0,89,17,0,0,0,49,0.031757306270759594,0.090977400340603,0.0,0.0,0.99,8,linear
q_learning,sparse_eps-linear_seed1,sparse,1,4a77b6e251,213,225,-11.250000000000025,-11.250000000000025,0.9036428571428572,0.15,0,out_of_energy,0,0,1,0,97,27,0,0,0,35,0.03431978829865206,0.09875496282271479,0.0,0.0,0.99,8,linear
q_learning,sparse_eps-linear_seed1,sparse,1,4a77b6e251,214,225,-11.250000000000025,-11.250000000000025,0.9031904761904762,0.15,0,out_of_energy,0,0,1,0,119,4,0,0,0,37,0.03571159959209868,0.12047767935817161,0.0,0.0,0.99,8,linear
q_learning,sparse_eps-linear_seed1,sparse,1,4a77b6e251,215,225,-11.250000000000025,-11.250000000000025,0.9027380952380952,0.15,0,out_of_energy,0,0,1,0,104,20,0,0,0,46,0.03462506342215562,0.1385361457101349,0.0,0.0,0.99,8,linear
q_learning,sparse_eps-linear_seed1,sparse,1,4a77b6e251,216,225,-11.250000000000025,-11.250000000000025,0.9022857142857142,0.15,0,out_of_energy,0,0,1,0,100,7,0,0,0,49,0.03492453899004172,0.13820329631464312,0.0,0.0,0.99,8,linear
q_learning,sparse_eps-linear_seed1,sparse,1,4a77b6e251,217,225,-11.250000000000025,-11.250000000000025,0.9018333333333334,0.15,0,out_of_energy,0,0,1,0,98,3,0,0,0,37,0.03566027227638476,0.11676299791827036,0.0,0.0,0.99,8,linear
q_learning,sparse_eps-linear_seed1,sparse,1,4a77b6e251,218,225,-11.250000000000025,-11.250000000000025,0.9013809523809524,0.15,0,out_of_energy,0,0,1,0,116,20,0,0,0,53,0.03290710764875319,0.10075939869335791,0.0,0.0,0.99,8,linear
q_learning,sparse_eps-linear_seed1,sparse,1,4a77b6e251,219,225,-11.250000000000025,-11.250000000000025,0.9009285714285714,0.15,0,out_of_energy,0,0,1,0,93,7,0,0,0,53,0.036436397995195,0.09952017472532876,0.0,0.0,0.99,8,linear
q_learning,sparse_eps-linear_seed1,sparse,1,4a77b6e251,220,225,-11.250000000000025,-11.250000000000025,0.9004761904761904,0.15,0,out_of_energy,0,0,1,0,119,9,0,0,0,49,0.032021301935921676,0.07681121619457454,0.0,0.0,0.99,8,linear
q_learning,sparse_eps-linear_seed1,sparse,1,4a77b6e251,221,225,-11.250000000000025,-11.250000000000025,0.9000238095238096,0.15,0,out_of_energy,0,0,1,0,100,1,0,0,0,45,0.034304822904395266,0.15614370731273455,0.0,0.0,0.99,8,linear
q_learning,sparse_eps-linear_seed1,sparse,1,4a77b6e251,222,225,-11.250000000000025,-11.250000000000025,0.8995714285714286,0.15,0,out_of_energy,0,0,1,0,94,16,0,0,0,49,0.03296413423426314,0.07190358934787486,0.0,0.0,0.99,8,linear
q_learning,sparse_eps-linear_seed1,sparse,1,4a77b6e251,223,225,-11.250000000000025,-11.250000000000025,0.8991190476190476,0.15,0,out_of_energy,0,0,1,0,95,1,0,0,0,42,0.034999922248807415,0.07359304159779491,0.0,0.0,0.99,8,linear
q_learning,sparse_eps-linear_seed1,sparse,1,4a77b6e251,224,225,-11.250000000000025,-11.250000000000025,0.8986666666666667,0.15,0,out_of_energy,0,0,1,0,101,1,0,0,0,39,0.034937894363031234,0.10357179223872826,0.0,0.0,0.99,8,linear
q_learning,sparse_eps-linear_seed1,sparse,1,4a77b6e251,225,225,-11.250000000000025,-11.250000000000025,0.8982142857142857,0.15,0,out_of_energy,0,0,1,0,82,14,0,0,0,46,0.03350870462563959,0.08027187799503316,0.0,0.0,0.99,8,linear
q_learning,sparse_eps-linear_seed1,sparse,1,4a77b6e251,226,225,-11.250000000000025,-11.250000000000025,0.8977619047619048,0.15,0,out_of_energy,0,0,1,0,101,9,0,0,0,49,0.037075102690619734,0.11584149891230794,0.0,0.0,0.99,8,linear
q_learning,sparse_eps-linear_seed1,sparse,1,4a77b6e251,227,225,-11.250000000000025,-11.250000000000025,0.8973095238095238,0.15,0,out_of_energy,0,0,1,0,89,13,0,0,0,49,0.03693343616693946,0.10961895643814712,0.0,0.0,0.99,8,linear
q_learning,sparse_eps-linear_seed1,sparse,1,4a77b6e251,228,225,-11.250000000000025,-11.250000000000025,0.8968571428571429,0.15,0,out_of_energy,0,0,1,0,94,2,0,0,0,34,0.037412150556316186,0.1013860502257885,0.0,0.0,0.99,8,linear
q_learning,sparse_eps-linear_seed1,sparse,1,4a77b6e251,229,225,-11.250000000000025,-11.250000000000025,0.8964047619047619,0.15,0,out_of_energy,0,0,1,0,111,0,0,0,0,39,0.03216719185126494,0.09210671579987165,0.0,0.0,0.99,8,linear
q_learning,sparse_eps-linear_seed1,sparse,1,4a77b6e251,230,225,-11.250000000000025,-11.250000000000025,0.895952380952381,0.15,0,out_of_energy,0,0,1,0,113,38,0,0,0,43,0.03388716072154111,0.08647140967713998,0.0,0.0,0.99,8,linear
q_learning,sparse_eps-linear_seed1,sparse,1,4a77b6e251,231,225,-11.250000000000025,-11.250000000000025,0.8955,0.15,0,out_of_energy,0,0,1,0,100,0,0,0,0,40,0.03607822148207789,0.14933434585230815,0.0,0.0,0.99,8,linear
q_learning,sparse_eps-linear_seed1,sparse,1,4a77b6e251,232,225,-11.250000000000025,-11.250000000000025,0.8950476190476191,0.15,0,out_of_energy,0,0,1,0,101,17,0,0,0,46,0.03517133608909419,0.10918643628905818,0.0,0.0,0.99,8,linear
q_learning,sparse_eps-linear_seed1,sparse,1,4a77b6e251,233,225,-11.250000000000025,-11.250000000000025,0.8945952380952381,0.15,0,out_of_energy,0,0,1,0,88,11,0,0,0,55,0.035898591501442444,0.10471956450796505,0.0,0.0,0.99,8,linear
q_learning,sparse_eps-linear_seed1,sparse,1,4a77b6e251,234,225,-11.250000000000025,-11.250000000000025,0.8941428571428571,0.15,0,out_of_energy,0,0,1,0,99,9,0,0,0,40,0.03556545599704455,0.075586972964375,0.0,0.0,0.99,8,linear
q_learning,sparse_eps-linear_seed1,sparse,1,4a77b6e251,235,225,-11.250000000000025,-11.250000000000025,0.8936904761904761,0.15,0,out_of_energy,0,0,1,0,104,5,0,0,0,36,0.03687596004218722,0.1159472487198061,0.0,0.0,0.99,8,linear
q_learning,sparse_eps-linear_seed1,sparse,1,4a77b6e251,236,225,-11.250000000000025,-11.250000000000025,0.8932380952380953,0.15,0,out_of_energy,0,0,1,0,93,9,1,0,0,47,0.03861684405011785,0.12307656373397799,0.0,0.0,0.99,8,linear
q_learning,sparse_eps-linear_seed1,sparse,1,4a77b6e251,237,225,-11.250000000000025,-11.250000000000025,0.8927857142857143,0.15,0,out_of_energy,0,0,1,0,115,10,0,0,0,50,0.035489928548149675,0.10629513427363202,0.0,0.0,0.99,8,linear
q_learning,sparse_eps-linear_seed1,sparse,1,4a77b6e251,238,225,-11.250000000000025,-11.250000000000025,0.8923333333333333,0.15,0,out_of_energy,0,0,1,0,116,2,0,0,0,39,0.03608185151393281,0.09809661184582963,0.0,0.0,0.99,8,linear
q_learning,sparse_eps-linear_seed1,sparse,1,4a77b6e251,239,225,-11.250000000000025,-11.250000000000025,0.8918809523809523,0.15,0,out_of_energy,0,0,1,0,92,18,0,0,0,48,0.03691317784691373,0.14867331033366718,0.0,0.0,0.99,8,linear
q_learning,sparse_eps-linear_seed1,sparse,1,4a77b6e251,240,225,-11.250000000000025,-11.250000000000025,0.8914285714285715,0.15,0,out_of_energy,0,0,1,0,109,8,0,0,0,63,0.035544726247693774,0.11847570193693194,0.0,0.0,0.99,8,linear
q_learning,sparse_eps-linear_seed1,sparse,1,4a77b6e251,241,225,-11.250000000000025,-11.250000000000025,0.8909761904761905,0.15,0,out_of_energy,0,0,1,0,99,7,0,0,0,49,0.03471648993023485,0.10648465105300059,0.0,0.0,0.99,8,linear
q_learning,sparse_eps-linear_seed1,sparse,1,4a77b6e251,242,225,-11.250000000000025,-11.250000000000025,0.8905238095238095,0.15,0,out_of_energy,0,0,1,0,112,14,0,0,0,46,0.03620846301233254,0.19482103528131486,0.0,0.0,0.99,8,linear
q_learning,sparse_eps-linear_seed1,sparse,1,4a77b6e251,243,225,-11.250000000000025,-11.250000000000025,0.8900714285714286,0.15,0,out_of_energy,0,0,1,0,109,29,0,0,0,41,0.036512995737583064,0.08619820137726561,0.0,0.0,0.99,8,linear
q_learning,sparse_eps-linear_seed1,sparse,1,4a77b6e251,244,225,-11.250000000000025,-11.250000000000025,0.8896190476190476,0.15,0,out_of_energy,0,0,1,0,93,22,0,0,0,33,0.03378622160962715,0.1034324065906396,0.0,0.0,0.99,8,linear
q_learning,sparse_eps-linear_seed1,sparse,1,4a77b6e251,245,225,-11.250000000000025,-11.250000000000025,0.8891666666666667,0.15,0,out_of_energy,0,0,1,0,95,19,0,0,0,48,0.03437807956797682,0.09109973664193936,0.0,0.0,0.99,8,linear
q_learning,sparse_eps-linear_seed1,sparse,1,4a77b6e251,246,225,-11.250000000000025,-11.250000000000025,0.8887142857142857,0.15,0,out_of_energy,0,0,1,0,96,7,0,0,0,46,0.034373160788056294,0.10048536574064909,0.0,0.0,0.99,8,linear
q_learning,sparse_eps-linear_seed1,sparse,1,4a77b6e251,247,225,-11.250000000000025,-11.250000000000025,0.8882619047619048,0.15,0,out_of_energy,0,0,1,0,93,12,0,0,0,50,0.035902594816414335,0.20679006812781398,0.0,0.0,0.99,8,linear
q_learning,sparse_eps-linear_seed1,sparse,1,4a77b6e251,248,225,-11.250000000000025,-11.250000000000025,0.8878095238095238,0.15,0,out_of_energy,0,0,1,0,92,2,0,0,0,45,0.03467926722275201,0.11829546669606134,0.0,0.0,0.99,8,linear
q_learning,sparse_eps-linear_seed1,sparse,1,4a77b6e251,249,225,-11.250000000000025,-11.250000000000025,0.8873571428571428,0.15,0,out_of_energy,0,0,1,0,80,20,0,0,0,41,0.037712615202712414,0.11092003506449163,0.0,0.0,0.99,8,linear
q_learning,sparse_eps-linear_seed1,sparse,1,4a77b6e251,250,225,-11.250000000000025,-11.250000000000025,0.8869047619047619,0.15,0,out_of_energy,0,0,1,0,106,3,0,0,0,37,0.03515160623951326,0.1438801614442105,0.0,0.0,0.99,8,linear
q_learning,sparse_eps-linear_seed1,sparse,1,4a77b6e251,251,225,-11.250000000000025,-11.250000000000025,0.886452380952381,0.15,0,out_of_energy,0,0,1,0,91,26,0,0,0,50,0.03539637331313714,0.12442703139615988,0.0,0.0,0.99,8,linear
q_learning,sparse_eps-linear_seed1,sparse,1,4a77b6e251,252,225,-11.250000000000025,-11.250000000000025,0.886,0.15,0,out_of_energy,0,0,1,0,102,6,0,0,0,40,0.03231454328674753,0.07966361992531029,0.0,0.0,0.99,8,linear
q_learning,sparse_eps-linear_seed1,sparse,1,4a77b6e251,253,225,-11.250000000000025,-11.250000000000025,0.885547619047619,0.15,0,out_of_energy,0,0,1,0,103,15,0,0,0,52,0.03580706528160453,0.14426294286614333,0.0,0.0,0.99,8,linear
q_learning,sparse_eps-linear_seed1,sparse,1,4a77b6e251,254,225,-11.250000000000025,-11.250000000000025,0.8850952380952382,0.15,0,out_of_energy,0,0,1,0,94,17,0,0,0,41,0.03543961943748164,0.09549448756858098,0.0,0.0,0.99,8,linear
q_learning,sparse_eps-linear_seed1,sparse,1,4a77b6e251,255,225,-11.250000000000025,-11.250000000000025,0.8846428571428572,0.15,0,out_of_energy,0,0,1,0,97,14,0,0,0,42,0.0353689889728377,0.09302818695728576,0.0,0.0,0.99,8,linear
q_learning,sparse_eps-linear_seed1,sparse,1,4a77b6e251,256,225,-11.250000000000025,-11.250000000000025,0.8841904761904762,0.15,0,out_of_energy,0,0,1,0,104,18,0,0,0,50,0.03404698108092739,0.08983090785634135,0.0,0.0,0.99,8,linear
q_learning,sparse_eps-linear_seed1,sparse,1,4a77b6e251,257,225,-11.250000000000025,-11.250000000000025,0.8837380952380952,0.15,0,out_of_energy,0,0,1,0,102,26,0,0,0,42,0.035468288255675544,0.12098171593213014,0.0,0.0,0.99,8,linear
q_learning,sparse_eps-linear_seed1,sparse,1,4a77b6e251,258,225,-11.250000000000025,-11.250000000000025,0.8832857142857142,0.15,0,out_of_energy,0,0,1,0,114,0,0,0,0,40,0.03311029300731627,0.09885587451763234,0.0,0.0,0.99,8,linear
q_learning,sparse_eps-linear_seed1,sparse,1,4a77b6e251,259,225,-11.250000000000025,-11.250000000000025,0.8828333333333334,0.15,0,out_of_energy,0,0,1,0,101,35,0,0,0,53,0.03636888597406947,0.10054466653794383,0.0,0.0,0.99,8,linear
q_learning,sparse_eps-linear_seed1,sparse,1,4a77b6e251,260,225,-11.250000000000025,-11.250000000000025,0.8823809523809524,0.15,0,out_of_energy,0,0,1,0,96,8,0,0,0,53,0.03622298753261409,0.08090813412030413,0.0,0.0,0.99,8,linear
q_learning,sparse_eps-linear_seed1,sparse,1,4a77b6e251,261,225,-11.250000000000025,-11.250000000000025,0.8819285714285714,0.15,0,out_of_energy,0,0,1,0,102,9,5,0,0,41,0.040101862162335855,0.13338722907245415,0.0,0.0,0.99,8,linear
q_learning,sparse_eps-linear_seed1,sparse,1,4a77b6e251,262,225,-11.250000000000025,-11.250000000000025,0.8814761904761905,0.15,0,out_of_energy,0,0,1,0,99,0,0,0,0,49,0.034393774637990364,0.11373619782472794,0.0,0.0,0.99,8,linear
q_learning,sparse_eps-linear_seed1,sparse,1,4a77b6e251,263,225,-11.250000000000025,-11.250000000000025,0.8810238095238095,0.15,0,out_of_energy,0,0,1,0,101,16,0,0,0,40,0.03658869013132785,0.21670859978322987,0.0,0.0,0.99,8,linear
q_learning,sparse_eps-linear_seed1,sparse,1,4a77b6e251,264,225,-11.250000000000025,-11.250000000000025,0.8805714285714286,0.15,0,out_of_energy,0,0,1,0,98,1,0,0,0,33,0.03668529664385234,0.17316211657027297,0.0,0.0,0.99,8,linear
q_learning,sparse_eps-linear_seed1,sparse,1,4a77b6e251,265,225,-11.250000000000025,-11.250000000000025,0.8801190476190477,0.15,0,out_of_energy,0,0,1,0,112,20,2,0,0,44,0.03611931263460771,0.13710694714169724,0.0,0.0,0.99,8,linear
q_learning,sparse_eps-linear_seed1,sparse,1,4a77b6e251,266,225,-11.250000000000025,-11.250000000000025,0.8796666666666667,0.15,0,out_of_energy,0,0,1,0,100,23,0,0,0,49,0.0347482652255843,0.13761828797328376,0.0,0.0,0.99,8,linear
q_learning,sparse_eps-linear_seed1,sparse,1,4a77b6e251,267,225,-11.250000000000025,-11.250000000000025,0.8792142857142857,0.15,0,out_of_energy,0,0,1,0,101,8,0,0,0,41,0.039719031766657864,0.10531794174525255,0.0,0.0,0.99,8,linear
q_learning,sparse_eps-linear_seed1,sparse,1,4a77b6e251,268,225,-11.250000000000025,-11.250000000000025,0.8787619047619047,0.15,0,out_of_energy,0,0,1,0,106,16,0,0,0,47,0.033410158935978186,0.14668278050064165,0.0,0.0,0.99,8,linear
q_learning,sparse_eps-linear_seed1,sparse,1,4a77b6e251,269,225,-11.250000000000025,-11.250000000000025,0.8783095238095238,0.15,0,out_of_energy,0,0,1,0,110,27,0,0,0,58,0.03717334633722786,0.09566190215097153,0.0,0.0,0.99,8,linear
q_learning,sparse_eps-linear_seed1,sparse,1,4a77b6e251,270,225,-11.250000000000025,-11.250000000000025,0.8778571428571429,0.15,0,out_of_energy,0,0,1,0,92,11,0,0,0,44,0.03744424118829388,0.13552374261994116,0.0,0.0,0.99,8,linear
q_learning,sparse_eps-linear_seed1,sparse,1,4a77b6e251,271,225,-11.250000000000025,-11.250000000000025,0.8774047619047619,0.15,0,out_of_energy,0,0,1,0,94,11,0,0,0,43,0.03491325907923726,0.1171737031967625,0.0,0.0,0.99,8,linear
q_learning,sparse_eps-linear_seed1,sparse,1,4a77b6e251,272,225,-11.250000000000025,-11.250000000000025,0.8769523809523809,0.15,0,out_of_energy,0,0,1,0,110,22,0,0,0,49,0.033351918441538154,0.08656356912443244,0.0,0.0,0.99,8,linear
q_learning,sparse_eps-linear_seed1,sparse,1,4a77b6e251,273,225,-11.250000000000025,-11.250000000000025,0.8765000000000001,0.15,0,out_of_energy,0,0,1,0,97,9,0,0,0,48,0.03489582019264552,0.19784207945504406,0.0,0.0,0.99,8,linear
q_learning,sparse_eps-linear_seed1,sparse,1,4a77b6e251,274,225,-11.250000000000025,-11.250000000000025,0.8760476190476191,0.15,0,out_of_energy,0,0,1,0,93,6,0,0,0,42,0.03477371698600597,0.1597817266707563,0.0,0.0,0.99,8,linear
q_learning,sparse_eps-linear_seed1,sparse,1,4a77b6e251,275,225,-11.250000000000025,-11.250000000000025,0.8755952380952381,0.15,0,out_of_energy,0,0,1,0,94,1,0,0,0,44,0.034106352358303935,0.16750025106435645,0.0,0.0,0.99,8,linear
q_learning,sparse_eps-linear_seed1,sparse,1,4a77b6e251,276,225,-11.250000000000025,-11.250000000000025,0.8751428571428571,0.15,0,out_of_energy,0,0,1,0,93,9,0,0,0,51,0.035841501356313615,0.09782683673358741,0.0,0.0,0.99,8,linear
q_learning,sparse_eps-linear_seed1,sparse,1,4a77b6e251,277,225,-11.250000000000025,-11.250000000000025,0.8746904761904761,0.15,0,out_of_energy,0,0,1,0,104,43,0,0,0,43,0.036006915322527,0.11027615443915473,0.0,0.0,0.99,8,linear
q_learning,sparse_eps-linear_seed1,sparse,1,4a77b6e251,278,225,-11.250000000000025,-11.250000000000025,0.8742380952380953,0.15,0,out_of_energy,0,0,1,0,94,20,0,0,0,47,0.03363566726489013,0.10918530966141499,0.0,0.0,0.99,8,linear
q_learning,sparse_eps-linear_seed1,sparse,1,4a77b6e251,279,225,-11.250000000000025,-11.250000000000025,0.8737857142857143,0.15,0,out_of_energy,0,0,1,0,80,18,0,0,0,47,0.034192550515994694,0.08862402088310539,0.0,0.0,0.99,8,linear
q_learning,sparse_eps-linear_seed1,sparse,1,4a77b6e251,280,225,-11.250000000000025,-11.250000000000025,0.8733333333333333,0.15,0,out_of_energy,0,0,1,0,83,8,0,0,0,42,0.033752286643616,0.11334116407409547,0.0,0.0,0.99,8,linear
q_learning,sparse_eps-linear_seed1,sparse,1,4a77b6e251,281,225,-11.250000000000025,-11.250000000000025,0.8728809523809524,0.15,0,out_of_energy,0,0,1,0,98,8,5,0,0,47,0.038005865548817026,0.15911533094936564,0.0,0.0,0.99,8,linear
q_learning,sparse_eps-linear_seed1,sparse,1,4a77b6e251,282,225,-11.250000000000025,-11.250000000000025,0.8724285714285714,0.15,0,out_of_energy,0,0,1,0,89,0,0,0,0,39,0.03643724347536647,0.11182650624445158,0.0,0.0,0.99,8,linear
q_learning,sparse_eps-linear_seed1,sparse,1,4a77b6e251,283,225,-11.250000000000025,-11.250000000000025,0.8719761904761905,0.15,0,out_of_energy,0,0,1,0,87,5,0,0,0,40,0.03494485149976757,0.1404377656809243,0.0,0.0,0.99,8,linear
q_learning,sparse_eps-linear_seed1,sparse,1,4a77b6e251,284,225,-11.250000000000025,-11.250000000000025,0.8715238095238096,0.15,0,out_of_energy,0,0,1,0,101,11,0,0,0,41,0.03661251179690584,0.2622209904753295,0.0,0.0,0.99,8,linear
q_learning,sparse_eps-linear_seed1,sparse,1,4a77b6e251,285,225,-11.250000000000025,-11.250000000000025,0.8710714285714286,0.15,0,out_of_energy,0,0,1,0,96,20,0,0,0,48,0.03792566856554089,0.21960959339720848,0.0,0.0,0.99,8,linear
q_learning,sparse_eps-linear_seed1,sparse,1,4a77b6e251,286,225,-11.250000000000025,-11.250000000000025,0.8706190476190476,0.15,0,out_of_energy,0,0,1,0,91,14,0,0,0,40,0.033226578845299476,0.07137142680767047,0.0,0.0,0.99,8,linear
q_learning,sparse_eps-linear_seed1,sparse,1,4a77b6e251,287,225,-11.250000000000025,-11.250000000000025,0.8701666666666666,0.15,0,out_of_energy,0,0,1,0,105,9,0,0,0,51,0.03740230734260567,0.13243674949449166,0.0,0.0,0.99,8,linear
q_learning,sparse_eps-linear_seed1,sparse,1,4a77b6e251,288,225,-11.250000000000025,-11.250000000000025,0.8697142857142857,0.15,0,out_of_energy,0,0,1,0,96,15,0,0,0,50,0.036039285331783445,0.18180751247623914,0.0,0.0,0.99,8,linear
q_learning,sparse_eps-linear_seed1,sparse,1,4a77b6e251,289,225,-11.250000000000025,-11.250000000000025,0.8692619047619048,0.15,0,out_of_energy,0,0,1,0,104,12,0,0,0,44,0.03381465881419313,0.09704272939472575,0.0,0.0,0.99,8,linear
q_learning,sparse_eps-linear_seed1,sparse,1,4a77b6e251,290,225,-11.250000000000025,-11.250000000000025,0.8688095238095238,0.15,0,out_of_energy,0,0,1,0,107,21,0,0,0,36,0.033936954042468416,0.1314138483793879,0.0,0.0,0.99,8,linear
q_learning,sparse_eps-linear_seed1,sparse,1,4a77b6e251,291,225,-11.250000000000025,-11.250000000000025,0.8683571428571428,0.15,0,out_of_energy,0,0,1,0,119,4,0,0,0,55,0.03246761216309087,0.08934307746083542,0.0,0.0,0.99,8,linear
q_learning,sparse_eps-linear_seed1,sparse,1,4a77b6e251,292,225,-11.250000000000025,-11.250000000000025,0.867904761904762,0.15,0,out_of_energy,0,0,1,0,85,8,0,0,0,57,0.03604912852103245,0.09279813211426324,0.0,0.0,0.99,8,linear
q_learning,sparse_eps-linear_seed1,sparse,1,4a77b6e251,293,225,-11.250000000000025,-11.250000000000025,0.867452380952381,0.15,0,out_of_energy,0,0,1,0,92,3,0,0,0,44,0.03831056251531122,0.13820722236597527,0.0,0.0,0.99,8,linear
q_learning,sparse_eps-linear_seed1,sparse,1,4a77b6e251,294,225,-11.250000000000025,-11.250000000000025,0.867,0.15,0,out_of_energy,0,0,1,0,90,0,0,0,0,51,0.0329803698703228,0.1007262432085364,0.0,0.0,0.99,8,linear
q_learning,sparse_eps-linear_seed1,sparse,1,4a77b6e251,295,225,-11.250000000000025,-11.250000000000025,0.8665476190476191,0.15,0,out_of_energy,0,0,1,0,94,22,1,0,0,43,0.03724285411321385,0.12102682955534416,0.0,0.0,0.99,8,linear
q_learning,sparse_eps-linear_seed1,sparse,1,4a77b6e251,296,225,-11.250000000000025,-11.250000000000025,0.8660952380952381,0.15,0,out_of_energy,0,0,1,0,97,3,0,0,0,52,0.03689252420941504,0.14704119743001473,0.0,0.0,0.99,8,linear
q_learning,sparse_eps-linear_seed1,sparse,1,4a77b6e251,297,225,-11.250000000000025,-11.250000000000025,0.8656428571428572,0.15,0,out_of_energy,0,0,1,0,97,2,1,0,0,44,0.035029756726258306,0.10978147145669748,0.0,0.0,0.99,8,linear
q_learning,sparse_eps-linear_seed1,sparse,1,4a77b6e251,298,225,-11.250000000000025,-11.250000000000025,0.8651904761904762,0.15,0,out_of_energy,0,0,1,0,115,9,0,0,0,51,0.034566671804449445,0.09128552289595404,0.0,0.0,0.99,8,linear
q_learning,sparse_eps-linear_seed1,sparse,1,4a77b6e251,299,225,-11.250000000000025,-11.250000000000025,0.8647380952380952,0.15,0,out_of_energy,0,0,1,0,99,12,0,0,0,42,0.03544914321815702,0.10140453047638114,0.0,0.0,0.99,8,linear
q_learning,sparse_eps-linear_seed1,sparse,1,4a77b6e251,300,225,-11.250000000000025,-11.250000000000025,0.8642857142857143,0.15,0,out_of_energy,0,0,1,0,104,21,0,0,0,50,0.037418387563855196,0.16921489387561964,0.0,0.0,0.99,8,linear
q_learning,sparse_eps-linear_seed1,sparse,1,4a77b6e251,301,225,-11.250000000000025,-11.250000000000025,0.8638333333333333,0.15,0,out_of_energy,0,0,1,0,106,14,0,0,0,38,0.038089253613834244,0.17628474578988673,0.0,0.0,0.99,8,linear
q_learning,sparse_eps-linear_seed1,sparse,1,4a77b6e251,302,225,-11.250000000000025,-11.250000000000025,0.8633809523809524,0.15,0,out_of_energy,0,0,1,0,112,8,0,0,0,54,0.03545302268471706,0.09536632813029289,0.0,0.0,0.99,8,linear
q_learning,sparse_eps-linear_seed1,sparse,1,4a77b6e251,303,225,-11.250000000000025,-11.250000000000025,0.8629285714285715,0.15,0,out_of_energy,0,0,1,0,105,2,0,0,0,41,0.0388092874442585,0.1585708577644158,0.0,0.0,0.99,8,linear
q_learning,sparse_eps-linear_seed1,sparse,1,4a77b6e251,304,225,-11.250000000000025,-11.250000000000025,0.8624761904761905,0.15,0,out_of_energy,0,0,1,0,98,9,1,0,0,50,0.037792255247212886,0.13236613352660342,0.0,0.0,0.99,8,linear
q_learning,sparse_eps-linear_seed1,sparse,1,4a77b6e251,305,225,-11.250000000000025,-11.250000000000025,0.8620238095238095,0.15,0,out_of_energy,0,0,1,0,100,23,0,0,0,45,0.03542793193483753,0.08970066786705438,0.0,0.0,0.99,8,linear
q_learning,sparse_eps-linear_seed1,sparse,1,4a77b6e251,306,225,-11.250000000000025,-11.250000000000025,0.8615714285714285,0.15,0,out_of_energy,0,0,1,0,103,22,0,0,0,40,0.0363946195113324,0.16516931668709317,0.0,0.0,0.99,8,linear
q_learning,sparse_eps-linear_seed1,sparse,1,4a77b6e251,307,225,-11.250000000000025,-11.250000000000025,0.8611190476190476,0.15,0,out_of_energy,0,0,1,0,94,38,0,0,0,48,0.03861869267668281,0.1346336789483807,0.0,0.0,0.99,8,linear
q_learning,sparse_eps-linear_seed1,sparse,1,4a77b6e251,308,225,-11.250000000000025,-11.250000000000025,0.8606666666666667,0.15,0,out_of_energy,0,0,1,0,106,18,0,0,0,46,0.03828081471763874,0.1363633919279743,0.0,0.0,0.99,8,linear
q_learning,sparse_eps-linear_seed1,sparse,1,4a77b6e251,309,225,-11.250000000000025,-11.250000000000025,0.8602142857142857,0.15,0,out_of_energy,0,0,1,0,100,11,0,0,0,45,0.03354079922612014,0.09480868968081489,0.0,0.0,0.99,8,linear
q_learning,sparse_eps-linear_seed1,sparse,1,4a77b6e251,310,225,-11.250000000000025,-11.250000000000025,0.8597619047619047,0.15,0,out_of_energy,0,0,1,0,84,17,0,0,0,40,0.03747309429893217,0.08859629689641957,0.0,0.0,0.99,8,linear
q_learning,sparse_eps-linear_seed1,sparse,1,4a77b6e251,311,225,-11.250000000000025,-11.250000000000025,0.8593095238095239,0.15,0,out_of_energy,0,0,1,0,107,6,0,0,0,42,0.03526545303656667,0.10540858475343523,0.0,0.0,0.99,8,linear
q_learning,sparse_eps-linear_seed1,sparse,1,4a77b6e251,312,225,-11.250000000000025,-11.250000000000025,0.8588571428571429,0.15,0,out_of_energy,0,0,1,0,107,13,0,0,0,48,0.034877357698253016,0.1687479492524696,0.0,0.0,0.99,8,linear
q_learning,sparse_eps-linear_seed1,sparse,1,4a77b6e251,313,225,-11.250000000000025,-11.250000000000025,0.8584047619047619,0.15,0,out_of_energy,0,0,1,0,117,5,0,0,0,43,0.0318822967824071,0.08841611646849806,0.0,0.0,0.99,8,linear
q_learning,sparse_eps-linear_seed1,sparse,1,4a77b6e251,314,225,-11.250000000000025,-11.250000000000025,0.8579523809523809,0.15,0,out_of_energy,0,0,1,0,102,29,0,0,0,44,0.03488593847477411,0.11182341704129292,0.0,0.0,0.99,8,linear
q_learning,sparse_eps-linear_seed1,sparse,1,4a77b6e251,315,225,-11.250000000000025,-11.250000000000025,0.8575,0.15,0,out_of_energy,0,0,1,0,109,28,0,0,0,35,0.034047506392517635,0.10031626027849211,0.0,0.0,0.99,8,linear
q_learning,sparse_eps-linear_seed1,sparse,1,4a77b6e251,316,225,-11.250000000000025,-11.250000000000025,0.8570476190476191,0.15,0,out_of_energy,0,0,1,0,98,14,0,0,0,44,0.03686509177003554,0.10570986828882378,0.0,0.0,0.99,8,linear
q_learning,sparse_eps-linear_seed1,sparse,1,4a77b6e251,317,225,-11.250000000000025,-11.250000000000025,0.8565952380952381,0.15,0,out_of_energy,0,0,1,0,94,0,0,0,0,36,0.033668076921965204,0.11719683687743297,0.0,0.0,0.99,8,linear
q_learning,sparse_eps-linear_seed1,sparse,1,4a77b6e251,318,225,-11.250000000000025,-11.250000000000025,0.8561428571428571,0.15,0,out_of_energy,0,0,1,0,118,2,0,0,0,40,0.03469245444421958,0.07242727047308763,0.0,0.0,0.99,8,linear
q_learning,sparse_eps-linear_seed1,sparse,1,4a77b6e251,319,225,-11.250000000000025,-11.250000000000025,0.8556904761904762,0.15,0,out_of_energy,0,0,1,0,107,8,0,0,0,43,0.0352469846282152,0.1280249737834891,0.0,0.0,0.99,8,linear
q_learning,sparse_eps-linear_seed1,sparse,1,4a77b6e251,320,225,-11.250000000000025,-11.250000000000025,0.8552380952380952,0.15,0,out_of_energy,0,0,1,0,98,20,0,0,0,47,0.03849640707384898,0.14238071434716826,0.0,0.0,0.99,8,linear
q_learning,sparse_eps-linear_seed1,sparse,1,4a77b6e251,321,225,-11.250000000000025,-11.250000000000025,0.8547857142857143,0.15,0,out_of_energy,0,0,1,0,110,0,0,0,0,33,0.03442395011527369,0.1262635154460829,0.0,0.0,0.99,8,linear
q_learning,sparse_eps-linear_seed1,sparse,1,4a77b6e251,322,225,-11.250000000000025,-11.250000000000025,0.8543333333333334,0.15,0,out_of_energy,0,0,1,0,100,13,3,0,0,45,0.037076989198056846,0.08271042690238578,0.0,0.0,0.99,8,linear
q_learning,sparse_eps-linear_seed1,sparse,1,4a77b6e251,323,225,-11.250000000000025,-11.250000000000025,0.8538809523809524,0.15,0,out_of_energy,0,0,1,0,88,26,2,0,0,37,0.03954117996533948,0.19937734506998073,0.0,0.0,0.99,8,linear
q_learning,sparse_eps-linear_seed1,sparse,1,4a77b6e251,324,225,-11.250000000000025,-11.250000000000025,0.8534285714285714,0.15,0,out_of_energy,0,0,1,0,98,3,0,0,0,44,0.03666011630172446,0.13149456868305695,0.0,0.0,0.99,8,linear
q_learning,sparse_eps-linear_seed1,sparse,1,4a77b6e251,325,225,-11.250000000000025,-11.250000000000025,0.8529761904761904,0.15,0,out_of_energy,0,0,1,0,106,9,0,0,0,46,0.03474757822416577,0.08493744441086098,0.0,0.0,0.99,8,linear
q_learning,sparse_eps-linear_seed1,sparse,1,4a77b6e251,326,225,-11.250000000000025,-11.250000000000025,0.8525238095238096,0.15,0,out_of_energy,0,0,1,0,86,5,0,0,0,53,0.034703693124755394,0.14950028088257,0.0,0.0,0.99,8,linear
q_learning,sparse_eps-linear_seed1,sparse,1,4a77b6e251,327,225,-11.250000000000025,-11.250000000000025,0.8520714285714286,0.15,0,out_of_energy,0,0,1,0,111,11,0,0,0,45,0.03600312204776582,0.1437493744347912,0.0,0.0,0.99,8,linear
q_learning,sparse_eps-linear_seed1,sparse,1,4a77b6e251,328,225,-11.250000000000025,-11.250000000000025,0.8516190476190476,0.15,0,out_of_energy,0,0,1,0,102,13,0,0,0,34,0.03656505142108548,0.14433828250486375,0.0,0.0,0.99,8,linear
q_learning,sparse_eps-linear_seed1,sparse,1,4a77b6e251,329,225,-11.250000000000025,-11.250000000000025,0.8511666666666666,0.15,0,out_of_energy,0,0,1,0,100,4,0,0,0,45,0.03511074172329549,0.15399899715772383,0.0,0.0,0.99,8,linear
q_learning,sparse_eps-linear_seed1,sparse,1,4a77b6e251,330,225,-11.250000000000025,-11.250000000000025,0.8507142857142858,0.15,0,out_of_energy,0,0,1,0,103,11,0,0,0,34,0.03337349031317295,0.0853436822770415,0.0,0.0,0.99,8,linear
q_learning,sparse_eps-linear_seed1,sparse,1,4a77b6e251,331,225,-11.250000000000025,-11.250000000000025,0.8502619047619048,0.15,0,out_of_energy,0,0,1,0,107,6,0,0,0,42,0.03681724409938875,0.12851976559735606,0.0,0.0,0.99,8,linear
q_learning,sparse_eps-linear_seed1,sparse,1,4a77b6e251,332,225,-11.250000000000025,-11.250000000000025,0.8498095238095238,0.15,0,out_of_energy,0,0,1,0,94,19,4,0,0,50,0.034556881159217165,0.08939111783673084,0.0,0.0,0.99,8,linear
q_learning,sparse_eps-linear_seed1,sparse,1,4a77b6e251,333,225,-11.250000000000025,-11.250000000000025,0.8493571428571429,0.15,0,out_of_energy,0,0,1,0,100,16,0,0,0,45,0.03469572567895919,0.12713574542569359,0.0,0.0,0.99,8,linear
q_learning,sparse_eps-linear_seed1,sparse,1,4a77b6e251,334,225,-11.250000000000025,-11.250000000000025,0.8489047619047619,0.15,0,out_of_energy,0,0,1,0,104,5,0,0,0,58,0.038460661960747045,0.17727161928273327,0.0,0.0,0.99,8,linear
q_learning,sparse_eps-linear_seed1,sparse,1,4a77b6e251,335,225,-11.250000000000025,-11.250000000000025,0.848452380952381,0.15,0,out_of_energy,0,0,1,0,108,29,0,0,0,45,0.03604824221786446,0.22115008872874975,0.0,0.0,0.99,8,linear
q_learning,sparse_eps-linear_seed1,sparse,1,4a77b6e251,336,225,-11.250000000000025,-11.250000000000025,0.848,0.15,0,out_of_energy,0,0,1,0,98,11,1,0,0,48,0.035796168351251476,0.10678500736423796,0.0,0.0,0.99,8,linear
q_learning,sparse_eps-linear_seed1,sparse,1,4a77b6e251,337,225,-11.250000000000025,-11.250000000000025,0.8475476190476191,0.15,0,out_of_energy,0,0,1,0,106,4,0,0,0,54,0.033959324643629815,0.10816568654734987,0.0,0.0,0.99,8,linear
q_learning,sparse_eps-linear_seed1,sparse,1,4a77b6e251,338,225,-11.250000000000025,-11.250000000000025,0.8470952380952381,0.15,0,out_of_energy,0,0,1,0,97,26,0,0,0,53,0.03600949744016568,0.1938827087010424,0.0,0.0,0.99,8,linear
q_learning,sparse_eps-linear_seed1,sparse,1,4a77b6e251,339,225,-11.250000000000025,-11.250000000000025,0.8466428571428571,0.15,0,out_of_energy,0,0,1,0,98,10,0,0,0,41,0.03509349408718337,0.12544252645071385,0.0,0.0,0.99,8,linear
q_learning,sparse_eps-linear_seed1,sparse,1,4a77b6e251,340,225,-11.250000000000025,-11.250000000000025,0.8461904761904762,0.15,0,out_of_energy,0,0,1,0,90,6,0,0,0,43,0.035789450123393414,0.10739746454541016,0.0,0.0,0.99,8,linear
q_learning,sparse_eps-linear_seed1,sparse,1,4a77b6e251,341,225,-11.250000000000025,-11.250000000000025,0.8457380952380953,0.15,0,out_of_energy,0,0,1,0,92,8,0,0,0,41,0.032159205354206494,0.07282078930042524,0.0,0.0,0.99,8,linear
q_learning,sparse_eps-linear_seed1,sparse,1,4a77b6e251,342,225,-11.250000000000025,-11.250000000000025,0.8452857142857143,0.15,0,out_of_energy,0,0,1,0,111,3,0,0,0,46,0.03623294369521259,0.2469779312862887,0.0,0.0,0.99,8,linear
q_learning,sparse_eps-linear_seed1,sparse,1,4a77b6e251,343,225,-11.250000000000025,-11.250000000000025,0.8448333333333333,0.15,0,out_of_energy,0,0,1,0,97,18,3,0,0,40,0.03724844878385055,0.21657716537406613,0.0,0.0,0.99,8,linear
q_learning,sparse_eps-linear_seed1,sparse,1,4a77b6e251,344,225,-11.250000000000025,-11.250000000000025,0.8443809523809523,0.15,0,out_of_energy,0,0,1,0,94,3,0,0,0,47,0.0369177938453493,0.09378303387872994,0.0,0.0,0.99,8,linear
q_learning,sparse_eps-linear_seed1,sparse,1,4a77b6e251,345,225,-11.250000000000025,-11.250000000000025,0.8439285714285715,0.15,0,out_of_energy,0,0,1,0,97,15,0,0,0,49,0.03531226074576659,0.12286239307546132,0.0,0.0,0.99,8,linear
q_learning,sparse_eps-linear_seed1,sparse,1,4a77b6e251,346,225,-11.250000000000025,-11.250000000000025,0.8434761904761905,0.15,0,out_of_energy,0,0,1,0,117,10,0,0,0,45,0.03708471884690087,0.2738412569394013,0.0,0.0,0.99,8,linear
q_learning,sparse_eps-linear_seed1,sparse,1,4a77b6e251,347,225,-11.250000000000025,-11.250000000000025,0.8430238095238095,0.15,0,out_of_energy,0,0,1,0,103,3,8,0,0,43,0.03506457472102655,0.08525133820423039,0.0,0.0,0.99,8,linear
q_learning,sparse_eps-linear_seed1,sparse,1,4a77b6e251,348,225,-11.250000000000025,-11.250000000000025,0.8425714285714285,0.15,0,out_of_energy,0,0,1,0,111,1,0,0,0,43,0.03672395602384407,0.0919556940012749,0.0,0.0,0.99,8,linear
q_learning,sparse_eps-linear_seed1,sparse,1,4a77b6e251,349,225,-11.250000000000025,-11.250000000000025,0.8421190476190477,0.15,0,out_of_energy,0,0,1,0,89,23,1,0,0,45,0.0364475142663252,0.11647788471443887,0.0,0.0,0.99,8,linear
q_learning,sparse_eps-linear_seed1,sparse,1,4a77b6e251,350,225,-11.250000000000025,-11.250000000000025,0.8416666666666667,0.15,0,out_of_energy,0,0,1,0,113,25,0,0,0,52,0.033656652487368634,0.09817678127009805,0.0,0.0,0.99,8,linear
q_learning,sparse_eps-linear_seed1,sparse,1,4a77b6e251,351,225,-11.250000000000025,-11.250000000000025,0.8412142857142857,0.15,0,out_of_energy,0,0,1,0,110,9,0,0,0,42,0.03444818879333668,0.15030510916924536,0.0,0.0,0.99,8,linear
q_learning,sparse_eps-linear_seed1,sparse,1,4a77b6e251,352,225,-11.250000000000025,-11.250000000000025,0.8407619047619048,0.15,0,out_of_energy,0,0,1,0,110,16,0,0,0,52,0.03694468461438632,0.1154417755338158,0.0,0.0,0.99,8,linear
q_learning,sparse_eps-linear_seed1,sparse,1,4a77b6e251,353,225,-11.250000000000025,-11.250000000000025,0.8403095238095238,0.15,0,out_of_energy,0,0,1,0,103,23,0,0,0,54,0.03620112383123109,0.14287894860522785,0.0,0.0,0.99,8,linear
q_learning,sparse_eps-linear_seed1,sparse,1,4a77b6e251,354,225,-11.250000000000025,-11.250000000000025,0.8398571428571429,0.15,0,out_of_energy,0,0,1,0,92,24,0,0,0,44,0.038024175823117234,0.1810436156188771,0.0,0.0,0.99,8,linear
q_learning,sparse_eps-linear_seed1,sparse,1,4a77b6e251,355,225,-11.250000000000025,-11.250000000000025,0.8394047619047619,0.15,0,out_of_energy,0,0,1,0,93,6,0,0,0,54,0.03812715573119247,0.2508557816038122,0.0,0.0,0.99,8,linear
q_learning,sparse_eps-linear_seed1,sparse,1,4a77b6e251,356,225,-11.250000000000025,-11.250000000000025,0.8389523809523809,0.15,0,out_of_energy,0,0,1,0,95,6,0,0,0,41,0.03721037982882287,0.11322672617311696,0.0,0.0,0.99,8,linear
q_learning,sparse_eps-linear_seed1,sparse,1,4a77b6e251,357,225,-11.250000000000025,-11.250000000000025,0.8385,0.15,0,out_of_energy,0,0,1,0,127,4,0,0,0,56,0.03708928927346435,0.23625801641033511,0.0,0.0,0.99,8,linear
q_learning,sparse_eps-linear_seed1,sparse,1,4a77b6e251,358,225,-11.250000000000025,-11.250000000000025,0.838047619047619,0.15,0,out_of_energy,0,0,1,0,84,13,0,0,0,33,0.03507042386775538,0.08286107072877974,0.0,0.0,0.99,8,linear
q_learning,sparse_eps-linear_seed1,sparse,1,4a77b6e251,359,225,-11.250000000000025,-11.250000000000025,0.8375952380952381,0.15,0,out_of_energy,0,0,1,0,96,35,0,0,0,48,0.038620533462688136,0.13547692016960788,0.0,0.0,0.99,8,linear
q_learning,sparse_eps-linear_seed1,sparse,1,4a77b6e251,360,225,-11.250000000000025,-11.250000000000025,0.8371428571428572,0.15,0,out_of_energy,0,0,1,0,88,22,1,0,0,53,0.03824624547654077,0.12314048788866577,0.0,0.0,0.99,8,linear
q_learning,sparse_eps-linear_seed1,sparse,1,4a77b6e251,361,225,-11.250000000000025,-11.250000000000025,0.8366904761904762,0.15,0,out_of_energy,0,0,1,0,102,12,0,0,0,45,0.037049028511211425,0.1467652136050914,0.0,0.0,0.99,8,linear
q_learning,sparse_eps-linear_seed1,sparse,1,4a77b6e251,362,225,-11.250000000000025,-11.250000000000025,0.8362380952380952,0.15,0,out_of_energy,0,0,1,0,85,7,0,0,0,46,0.037774276322639085,0.12141385635069868,0.0,0.0,0.99,8,linear
q_learning,sparse_eps-linear_seed1,sparse,1,4a77b6e251,363,225,-11.250000000000025,-11.250000000000025,0.8357857142857144,0.15,0,out_of_energy,0,0,1,0,93,5,0,0,0,43,0.036095665597291576,0.11860600238521915,0.0,0.0,0.99,8,linear
q_learning,sparse_eps-linear_seed1,sparse,1,4a77b6e251,364,225,-11.250000000000025,-11.250000000000025,0.8353333333333334,0.15,0,out_of_energy,0,0,1,0,97,8,0,0,0,38,0.038423339370175995,0.16284307768425033,0.0,0.0,0.99,8,linear
q_learning,sparse_eps-linear_seed1,sparse,1,4a77b6e251,365,225,-11.250000000000025,-11.250000000000025,0.8348809523809524,0.15,0,out_of_energy,0,0,1,0,100,5,0,0,0,36,0.036545293217995135,0.16814999914209777,0.0,0.0,0.99,8,linear
q_learning,sparse_eps-linear_seed1,sparse,1,4a77b6e251,366,225,-11.250000000000025,-11.250000000000025,0.8344285714285714,0.15,0,out_of_energy,0,0,1,0,97,9,0,0,0,50,0.036025194779581035,0.1023263579340146,0.0,0.0,0.99,8,linear
q_learning,sparse_eps-linear_seed1,sparse,1,4a77b6e251,367,225,-11.250000000000025,-11.250000000000025,0.8339761904761904,0.15,0,out_of_energy,0,0,1,0,103,27,0,0,0,46,0.03760460229714381,0.16216545310933994,0.0,0.0,0.99,8,linear
q_learning,sparse_eps-linear_seed1,sparse,1,4a77b6e251,368,225,-11.250000000000025,-11.250000000000025,0.8335238095238096,0.15,0,out_of_energy,0,0,1,0,94,9,0,0,0,46,0.03293612965884627,0.1277647175895823,0.0,0.0,0.99,8,linear
q_learning,sparse_eps-linear_seed1,sparse,1,4a77b6e251,369,225,-11.250000000000025,-11.250000000000025,0.8330714285714286,0.15,0,out_of_energy,0,0,1,0,111,18,0,0,0,58,0.03607637387591967,0.11172927235599543,0.0,0.0,0.99,8,linear
q_learning,sparse_eps-linear_seed1,sparse,1,4a77b6e251,370,225,-11.250000000000025,-11.250000000000025,0.8326190476190476,0.15,0,out_of_energy,0,0,1,0,90,22,0,0,0,51,0.0366930684737529,0.13977843307728233,0.0,0.0,0.99,8,linear
q_learning,sparse_eps-linear_seed1,sparse,1,4a77b6e251,371,225,-11.250000000000025,-11.250000000000025,0.8321666666666667,0.15,0,out_of_energy,0,0,1,0,99,19,0,0,0,42,0.035068888703526695,0.13219083864346787,0.0,0.0,0.99,8,linear
q_learning,sparse_eps-linear_seed1,sparse,1,4a77b6e251,372,225,-11.250000000000025,-11.250000000000025,0.8317142857142857,0.15,0,out_of_energy,0,0,1,0,94,10,0,0,0,43,0.036918351879553196,0.147218587340465,0.0,0.0,0.99,8,linear
q_learning,sparse_eps-linear_seed1,sparse,1,4a77b6e251,373,225,-11.250000000000025,-11.250000000000025,0.8312619047619048,0.15,0,out_of_energy,0,0,1,0,100,20,0,0,0,42,0.034582420698851264,0.11881148745683573,0.0,0.0,0.99,8,linear
q_learning,sparse_eps-linear_seed1,sparse,1,4a77b6e251,374,225,-11.250000000000025,-11.250000000000025,0.8308095238095239,0.15,0,out_of_energy,0,0,1,0,99,3,0,0,0,39,0.03753680594683347,0.18768504716209225,0.0,0.0,0.99,8,linear
q_learning,sparse_eps-linear_seed1,sparse,1,4a77b6e251,375,225,-11.250000000000025,-11.250000000000025,0.8303571428571428,0.15,0,out_of_energy,0,0,1,0,104,21,0,0,0,62,0.039264644147998934,0.17881318538825586,0.0,0.0,0.99,8,linear
q_learning,sparse_eps-linear_seed1,sparse,1,4a77b6e251,376,225,-11.250000000000025,-11.250000000000025,0.8299047619047619,0.15,0,out_of_energy,0,0,1,0,108,0,0,0,0,46,0.033699877864691814,0.21756501663192107,0.0,0.0,0.99,8,linear
q_learning,sparse_eps-linear_seed1,sparse,1,4a77b6e251,377,225,-11.250000000000025,-11.250000000000025,0.8294523809523809,0.15,0,out_of_energy,0,0,1,0,98,16,3,0,0,42,0.038036849636241085,0.1827892766704519,0.0,0.0,0.99,8,linear
q_learning,sparse_eps-linear_seed1,sparse,1,4a77b6e251,378,225,-11.250000000000025,-11.250000000000025,0.829,0.15,0,out_of_energy,0,0,1,0,111,10,0,0,0,42,0.03663811342897828,0.15538510928974242,0.0,0.0,0.99,8,linear
q_learning,sparse_eps-linear_seed1,sparse,1,4a77b6e251,379,225,-11.250000000000025,-11.250000000000025,0.8285476190476191,0.15,0,out_of_energy,0,0,1,0,108,19,0,0,0,38,0.03401999513685697,0.1398217175772587,0.0,0.0,0.99,8,linear
q_learning,sparse_eps-linear_seed1,sparse,1,4a77b6e251,380,225,-11.250000000000025,-11.250000000000025,0.8280952380952381,0.15,0,out_of_energy,0,0,1,0,110,4,1,0,0,47,0.0345400820087553,0.11422119212754436,0.0,0.0,0.99,8,linear
q_learning,sparse_eps-linear_seed1,sparse,1,4a77b6e251,381,225,-11.250000000000025,-11.250000000000025,0.8276428571428571,0.15,0,out_of_energy,0,0,1,0,112,27,0,0,0,49,0.03539391042639939,0.1471004339161111,0.0,0.0,0.99,8,linear
q_learning,sparse_eps-linear_seed1,sparse,1,4a77b6e251,382,225,-11.250000000000025,-11.250000000000025,0.8271904761904763,0.15,0,out_of_energy,0,0,1,0,96,15,7,0,0,51,0.03770789174453777,0.16765424747787672,0.0,0.0,0.99,8,linear
q_learning,sparse_eps-linear_seed1,sparse,1,4a77b6e251,383,225,-11.250000000000025,-11.250000000000025,0.8267380952380953,0.15,0,out_of_energy,0,0,1,0,105,6,0,0,0,34,0.036208384096224164,0.15977701579639986,0.0,0.0,0.99,8,linear
q_learning,sparse_eps-linear_seed1,sparse,1,4a77b6e251,384,225,-11.250000000000025,-11.250000000000025,0.8262857142857143,0.15,0,out_of_energy,0,0,1,0,119,23,0,0,0,55,0.03985046871748542,0.14826581973433867,0.0,0.0,0.99,8,linear
q_learning,sparse_eps-linear_seed1,sparse,1,4a77b6e251,385,225,-11.250000000000025,-11.250000000000025,0.8258333333333334,0.15,0,out_of_energy,0,0,1,0,109,12,0,0,0,44,0.03901690108746815,0.1756645536857684,0.0,0.0,0.99,8,linear
q_learning,sparse_eps-linear_seed1,sparse,1,4a77b6e251,386,225,-11.250000000000025,-11.250000000000025,0.8253809523809523,0.15,0,out_of_energy,0,0,1,0,88,15,0,0,0,37,0.03676745486331754,0.18352525081587337,0.0,0.0,0.99,8,linear
q_learning,sparse_eps-linear_seed1,sparse,1,4a77b6e251,387,225,-11.250000000000025,-11.250000000000025,0.8249285714285715,0.15,0,out_of_energy,0,0,1,0,97,20,0,0,0,50,0.03906494947603149,0.16740030758436722,0.0,0.0,0.99,8,linear
q_learning,sparse_eps-linear_seed1,sparse,1,4a77b6e251,388,225,-11.250000000000025,-11.250000000000025,0.8244761904761905,0.15,0,out_of_energy,0,0,1,0,96,5,0,0,0,41,0.03896204636439751,0.15590729435784897,0.0,0.0,0.99,8,linear
q_learning,sparse_eps-linear_seed1,sparse,1,4a77b6e251,389,225,-11.250000000000025,-11.250000000000025,0.8240238095238095,0.15,0,out_of_energy,0,0,1,0,96,16,0,0,0,48,0.03540683490872624,0.10575307582094173,0.0,0.0,0.99,8,linear
q_learning,sparse_eps-linear_seed1,sparse,1,4a77b6e251,390,225,-11.250000000000025,-11.250000000000025,0.8235714285714286,0.15,0,out_of_energy,0,0,1,0,100,7,0,0,0,40,0.03735014557637544,0.20392725671000503,0.0,0.0,0.99,8,linear
q_learning,sparse_eps-linear_seed1,sparse,1,4a77b6e251,391,225,-11.250000000000025,-11.250000000000025,0.8231190476190476,0.15,0,out_of_energy,0,0,1,0,117,7,0,0,0,42,0.03537057077893828,0.09345101729125899,0.0,0.0,0.99,8,linear
q_learning,sparse_eps-linear_seed1,sparse,1,4a77b6e251,392,225,-11.250000000000025,-11.250000000000025,0.8226666666666667,0.15,0,out_of_energy,0,0,1,0,97,6,0,0,0,55,0.03902193025830987,0.1066207429432923,0.0,0.0,0.99,8,linear
q_learning,sparse_eps-linear_seed1,sparse,1,4a77b6e251,393,225,-11.250000000000025,-11.250000000000025,0.8222142857142858,0.15,0,out_of_energy,0,0,1,0,95,14,0,0,0,48,0.03627717239445289,0.12294828370385863,0.0,0.0,0.99,8,linear
q_learning,sparse_eps-linear_seed1,sparse,1,4a77b6e251,394,225,-11.250000000000025,-11.250000000000025,0.8217619047619047,0.15,0,out_of_energy,0,0,1,0,102,3,0,0,0,49,0.03752169169630636,0.2507231040110049,0.0,0.0,0.99,8,linear
q_learning,sparse_eps-linear_seed1,sparse,1,4a77b6e251,395,225,-11.250000000000025,-11.250000000000025,0.8213095238095238,0.15,0,out_of_energy,0,0,1,0,102,5,0,0,0,41,0.038994894490191154,0.10011123467076244,0.0,0.0,0.99,8,linear
q_learning,sparse_eps-linear_seed1,sparse,1,4a77b6e251,396,225,-11.250000000000025,-11.250000000000025,0.8208571428571428,0.15,0,out_of_energy,0,0,1,0,91,8,0,0,0,50,0.0376750660160177,0.14480147056790543,0.0,0.0,0.99,8,linear
q_learning,sparse_eps-linear_seed1,sparse,1,4a77b6e251,397,225,-11.250000000000025,-11.250000000000025,0.8204047619047619,0.15,0,out_of_energy,0,0,1,0,87,2,0,0,0,44,0.03683681639682271,0.18212781126164052,0.0,0.0,0.99,8,linear
q_learning,sparse_eps-linear_seed1,sparse,1,4a77b6e251,398,225,-11.250000000000025,-11.250000000000025,0.819952380952381,0.15,0,out_of_energy,0,0,1,0,90,24,0,0,0,44,0.035940085688533706,0.13766732588099317,0.0,0.0,0.99,8,linear
q_learning,sparse_eps-linear_seed1,sparse,1,4a77b6e251,399,225,-11.250000000000025,-11.250000000000025,0.8195,0.15,0,out_of_energy,0,0,1,0,108,7,0,0,0,28,0.03529734169074782,0.10706927032085761,0.0,0.0,0.99,8,linear
q_learning,sparse_eps-linear_seed1,sparse,1,4a77b6e251,400,225,-11.250000000000025,-11.250000000000025,0.819047619047619,0.15,0,out_of_energy,0,0,1,0,76,26,2,0,0,39,0.03716362166516243,0.1621767424246015,0.0,0.0,0.99,8,linear
q_learning,sparse_eps-linear_seed1,sparse,1,4a77b6e251,401,225,-11.250000000000025,-11.250000000000025,0.8185952380952382,0.15,0,out_of_energy,0,0,1,0,97,18,3,0,0,42,0.036960880839706486,0.10158165360194003,0.0,0.0,0.99,8,linear
q_learning,sparse_eps-linear_seed1,sparse,1,4a77b6e251,402,225,-11.250000000000025,-11.250000000000025,0.8181428571428572,0.15,0,out_of_energy,0,0,1,0,117,55,0,0,0,47,0.03585914356786074,0.1050004647093552,0.0,0.0,0.99,8,linear
q_learning,sparse_eps-linear_seed1,sparse,1,4a77b6e251,403,225,-11.250000000000025,-11.250000000000025,0.8176904761904762,0.15,0,out_of_energy,0,0,1,0,114,17,0,0,0,44,0.035667029153933105,0.15653116757243074,0.0,0.0,0.99,8,linear
q_learning,sparse_eps-linear_seed1,sparse,1,4a77b6e251,404,225,-11.250000000000025,-11.250000000000025,0.8172380952380953,0.15,0,out_of_energy,0,0,1,0,100,6,0,0,0,49,0.039232736039812484,0.15883279633008868,0.0,0.0,0.99,8,linear
q_learning,sparse_eps-linear_seed1,sparse,1,4a77b6e251,405,225,-11.250000000000025,-11.250000000000025,0.8167857142857142,0.15,0,out_of_energy,0,0,1,0,112,2,0,0,0,42,0.03768884181868938,0.1240876586742731,0.0,0.0,0.99,8,linear
q_learning,sparse_eps-linear_seed1,sparse,1,4a77b6e251,406,225,-11.250000000000025,-11.250000000000025,0.8163333333333334,0.15,0,out_of_energy,0,0,1,0,117,14,0,0,0,43,0.03509560200482953,0.08962272121408747,0.0,0.0,0.99,8,linear
q_learning,sparse_eps-linear_seed1,sparse,1,4a77b6e251,407,225,-11.250000000000025,-11.250000000000025,0.8158809523809524,0.15,0,out_of_energy,0,0,1,0,105,8,0,0,0,45,0.035978395333736875,0.2757576473944656,0.0,0.0,0.99,8,linear
q_learning,sparse_eps-linear_seed1,sparse,1,4a77b6e251,408,225,-11.250000000000025,-11.250000000000025,0.8154285714285714,0.15,0,out_of_energy,0,0,1,0,108,3,0,0,0,50,0.03612821813345388,0.14043957829978948,0.0,0.0,0.99,8,linear
q_learning,sparse_eps-linear_seed1,sparse,1,4a77b6e251,409,225,-11.250000000000025,-11.250000000000025,0.8149761904761905,0.15,0,out_of_energy,0,0,1,0,84,4,0,0,0,47,0.037838723494387064,0.11583177259266542,0.0,0.0,0.99,8,linear
q_learning,sparse_eps-linear_seed1,sparse,1,4a77b6e251,410,225,-11.250000000000025,-11.250000000000025,0.8145238095238095,0.15,0,out_of_energy,0,0,1,0,106,8,0,0,0,60,0.03843596750587352,0.19136059413429635,0.0,0.0,0.99,8,linear
q_learning,sparse_eps-linear_seed1,sparse,1,4a77b6e251,411,225,-11.250000000000025,-11.250000000000025,0.8140714285714286,0.15,0,out_of_energy,0,0,1,0,110,19,0,0,0,44,0.03492515623200115,0.0817619496455239,0.0,0.0,0.99,8,linear
q_learning,sparse_eps-linear_seed1,sparse,1,4a77b6e251,412,225,-11.250000000000025,-11.250000000000025,0.8136190476190477,0.15,0,out_of_energy,0,0,1,0,135,0,0,0,0,56,0.03570090493756035,0.17585286758096452,0.0,0.0,0.99,8,linear
q_learning,sparse_eps-linear_seed1,sparse,1,4a77b6e251,413,225,-11.250000000000025,-11.250000000000025,0.8131666666666667,0.15,0,out_of_energy,0,0,1,0,93,26,0,0,0,29,0.03412328088717474,0.14368356927488238,0.0,0.0,0.99,8,linear
q_learning,sparse_eps-linear_seed1,sparse,1,4a77b6e251,414,225,-11.250000000000025,-11.250000000000025,0.8127142857142857,0.15,0,out_of_energy,0,0,1,0,107,9,0,0,0,35,0.03615665393198976,0.1603575837324412,0.0,0.0,0.99,8,linear
q_learning,sparse_eps-linear_seed1,sparse,1,4a77b6e251,415,225,-11.250000000000025,-11.250000000000025,0.8122619047619047,0.15,0,out_of_energy,0,0,1,0,103,28,1,0,0,34,0.03792645246794771,0.15450926308253765,0.0,0.0,0.99,8,linear
q_learning,sparse_eps-linear_seed1,sparse,1,4a77b6e251,416,225,-11.250000000000025,-11.250000000000025,0.8118095238095238,0.15,0,out_of_energy,0,0,1,0,116,1,0,0,0,55,0.03547174358890773,0.09649849501736095,0.0,0.0,0.99,8,linear
q_learning,sparse_eps-linear_seed1,sparse,1,4a77b6e251,417,225,-11.250000000000025,-11.250000000000025,0.8113571428571429,0.15,0,out_of_energy,0,0,1,0,85,2,0,0,0,40,0.03554294006700887,0.11360389235560318,0.0,0.0,0.99,8,linear
q_learning,sparse_eps-linear_seed1,sparse,1,4a77b6e251,418,225,-11.250000000000025,-11.250000000000025,0.8109047619047619,0.15,0,out_of_energy,0,0,1,0,106,24,0,0,0,43,0.038191581731886304,0.20258722666415166,0.0,0.0,0.99,8,linear
q_learning,sparse_eps-linear_seed1,sparse,1,4a77b6e251,419,225,-11.250000000000025,-11.250000000000025,0.8104523809523809,0.15,0,out_of_energy,0,0,1,0,93,6,0,0,0,52,0.03998767617719725,0.17996445515455434,0.0,0.0,0.99,8,linear
q_learning,sparse_eps-linear_seed1,sparse,1,4a77b6e251,420,225,-11.250000000000025,-11.250000000000025,0.81,0.15,0,out_of_energy,0,0,1,0,107,2,0,0,0,52,0.03479482656819014,0.08690330172178778,0.0,0.0,0.99,8,linear
q_learning,sparse_eps-linear_seed1,sparse,1,4a77b6e251,421,225,-11.250000000000025,-11.250000000000025,0.8095476190476191,0.15,0,out_of_energy,0,0,1,0,100,18,0,0,0,46,0.03669504964753794,0.12875030959458847,0.0,0.0,0.99,8,linear
q_learning,sparse_eps-linear_seed1,sparse,1,4a77b6e251,422,225,-11.250000000000025,-11.250000000000025,0.8090952380952381,0.15,0,out_of_energy,0,0,1,0,109,17,0,0,0,45,0.040122704725076994,0.11917031708184121,0.0,0.0,0.99,8,linear
q_learning,sparse_eps-linear_seed1,sparse,1,4a77b6e251,423,225,-11.250000000000025,-11.250000000000025,0.8086428571428572,0.15,0,out_of_energy,0,0,1,0,91,8,0,0,0,45,0.04173466247181022,0.0954537353109155,0.0,0.0,0.99,8,linear
q_learning,sparse_eps-linear_seed1,sparse,1,4a77b6e251,424,225,-11.250000000000025,-11.250000000000025,0.8081904761904762,0.15,0,out_of_energy,0,0,1,0,101,9,0,0,0,48,0.03833547019552553,0.1802256262826454,0.0,0.0,0.99,8,linear
q_learning,sparse_eps-linear_seed1,sparse,1,4a77b6e251,425,225,-11.250000000000025,-11.250000000000025,0.8077380952380953,0.15,0,out_of_energy,0,0,1,0,101,6,0,0,0,53,0.03584082565409759,0.13885550353107418,0.0,0.0,0.99,8,linear
q_learning,sparse_eps-linear_seed1,sparse,1,4a77b6e251,426,225,-11.250000000000025,-11.250000000000025,0.8072857142857143,0.15,0,out_of_energy,0,0,1,0,106,60,0,0,0,54,0.03470129977459848,0.1452162174297525,0.0,0.0,0.99,8,linear
q_learning,sparse_eps-linear_seed1,sparse,1,4a77b6e251,427,225,-11.250000000000025,-11.250000000000025,0.8068333333333333,0.15,0,out_of_energy,0,0,1,0,109,20,0,0,0,31,0.03815870924698063,0.20308638214393804,0.0,0.0,0.99,8,linear
q_learning,sparse_eps-linear_seed1,sparse,1,4a77b6e251,428,225,-11.250000000000025,-11.250000000000025,0.8063809523809524,0.15,0,out_of_energy,0,0,1,0,94,7,0,0,0,54,0.03748773275455382,0.15302844336905475,0.0,0.0,0.99,8,linear
q_learning,sparse_eps-linear_seed1,sparse,1,4a77b6e251,429,225,-11.250000000000025,-11.250000000000025,0.8059285714285714,0.15,0,out_of_energy,0,0,1,0,93,22,0,0,0,50,0.039743933582516607,0.2013929789396126,0.0,0.0,0.99,8,linear
q_learning,sparse_eps-linear_seed1,sparse,1,4a77b6e251,430,225,-11.250000000000025,-11.250000000000025,0.8054761904761905,0.15,0,out_of_energy,0,0,1,0,102,16,0,0,0,55,0.03716298735073554,0.25654238288995,0.0,0.0,0.99,8,linear
q_learning,sparse_eps-linear_seed1,sparse,1,4a77b6e251,431,225,-11.250000000000025,-11.250000000000025,0.8050238095238096,0.15,0,out_of_energy,0,0,1,0,95,4,0,0,0,48,0.035525072082294086,0.1387774203606218,0.0,0.0,0.99,8,linear
q_learning,sparse_eps-linear_seed1,sparse,1,4a77b6e251,432,225,-11.250000000000025,-11.250000000000025,0.8045714285714286,0.15,0,out_of_energy,0,0,1,0,104,20,0,0,0,51,0.038524409471117405,0.13137296719271963,0.0,0.0,0.99,8,linear
q_learning,sparse_eps-linear_seed1,sparse,1,4a77b6e251,433,225,-11.250000000000025,-11.250000000000025,0.8041190476190476,0.15,0,out_of_energy,0,0,1,0,102,6,0,0,0,37,0.03415455589343677,0.10883392932328262,0.0,0.0,0.99,8,linear
q_learning,sparse_eps-linear_seed1,sparse,1,4a77b6e251,434,225,-11.250000000000025,-11.250000000000025,0.8036666666666666,0.15,0,out_of_energy,0,0,1,0,103,3,0,0,0,41,0.03884643253463592,0.17462546923851235,0.0,0.0,0.99,8,linear
q_learning,sparse_eps-linear_seed1,sparse,1,4a77b6e251,435,225,-11.250000000000025,-11.250000000000025,0.8032142857142857,0.15,0,out_of_energy,0,0,1,0,92,7,0,0,0,46,0.038586367063797526,0.17413917402294116,0.0,0.0,0.99,8,linear
q_learning,sparse_eps-linear_seed1,sparse,1,4a77b6e251,436,225,-11.250000000000025,-11.250000000000025,0.8027619047619048,0.15,0,out_of_energy,0,0,1,0,99,14,0,0,0,45,0.03983498934229805,0.17976926514275504,0.0,0.0,0.99,8,linear
q_learning,sparse_eps-linear_seed1,sparse,1,4a77b6e251,437,225,-11.250000000000025,-11.250000000000025,0.8023095238095238,0.15,0,out_of_energy,0,0,1,0,101,22,0,0,0,38,0.035366237609624845,0.13362989043344126,0.0,0.0,0.99,8,linear
q_learning,sparse_eps-linear_seed1,sparse,1,4a77b6e251,438,225,-11.250000000000025,-11.250000000000025,0.8018571428571428,0.15,0,out_of_energy,0,0,1,0,109,0,0,0,0,43,0.03824760708144934,0.18006407677865444,0.0,0.0,0.99,8,linear
q_learning,sparse_eps-linear_seed1,sparse,1,4a77b6e251,439,225,-11.250000000000025,-11.250000000000025,0.801404761904762,0.15,0,out_of_energy,0,0,1,0,97,31,0,0,0,47,0.036944251847596164,0.1593916711083101,0.0,0.0,0.99,8,linear
q_learning,sparse_eps-linear_seed1,sparse,1,4a77b6e251,440,225,-11.250000000000025,-11.250000000000025,0.800952380952381,0.15,0,out_of_energy,0,0,1,0,113,10,0,0,0,59,0.03779579797300844,0.15400704944012847,0.0,0.0,0.99,8,linear
q_learning,sparse_eps-linear_seed1,sparse,1,4a77b6e251,441,225,-11.250000000000025,-11.250000000000025,0.8005,0.15,0,out_of_energy,0,0,1,0,93,12,0,0,0,46,0.03834637119733216,0.17537815995915257,0.0,0.0,0.99,8,linear
q_learning,sparse_eps-linear_seed1,sparse,1,4a77b6e251,442,225,-11.250000000000025,-11.250000000000025,0.8000476190476191,0.15,0,out_of_energy,0,0,1,0,111,11,0,0,0,46,0.036350777783752175,0.13945899255814947,0.0,0.0,0.99,8,linear
q_learning,sparse_eps-linear_seed1,sparse,1,4a77b6e251,443,225,-11.250000000000025,-11.250000000000025,0.7995952380952381,0.15,0,out_of_energy,0,0,1,0,96,5,3,0,0,41,0.036615162956263415,0.18822136094786024,0.0,0.0,0.99,8,linear
q_learning,sparse_eps-linear_seed1,sparse,1,4a77b6e251,444,225,-11.250000000000025,-11.250000000000025,0.7991428571428572,0.15,0,out_of_energy,0,0,1,0,104,29,0,0,0,44,0.040176811134823645,0.17472692591223873,0.0,0.0,0.99,8,linear
q_learning,sparse_eps-linear_seed1,sparse,1,4a77b6e251,445,225,-11.250000000000025,-11.250000000000025,0.7986904761904762,0.15,0,out_of_energy,0,0,1,0,98,18,0,0,0,58,0.03688689801647707,0.10697988780032593,0.0,0.0,0.99,8,linear
q_learning,sparse_eps-linear_seed1,sparse,1,4a77b6e251,446,225,-11.250000000000025,-11.250000000000025,0.7982380952380952,0.15,0,out_of_energy,0,0,1,0,94,23,0,0,0,41,0.03373983243075312,0.0974335451246302,0.0,0.0,0.99,8,linear
q_learning,sparse_eps-linear_seed1,sparse,1,4a77b6e251,447,225,-11.250000000000025,-11.250000000000025,0.7977857142857143,0.15,0,out_of_energy,0,0,1,0,101,9,0,0,0,46,0.03460861717011046,0.11414980149531112,0.0,0.0,0.99,8,linear
q_learning,sparse_eps-linear_seed1,sparse,1,4a77b6e251,448,225,-11.250000000000025,-11.250000000000025,0.7973333333333333,0.15,0,out_of_energy,0,0,1,0,123,8,0,0,0,60,0.03531702492548541,0.09402319170853163,0.0,0.0,0.99,8,linear
q_learning,sparse_eps-linear_seed1,sparse,1,4a77b6e251,449,225,-11.250000000000025,-11.250000000000025,0.7968809523809524,0.15,0,out_of_energy,0,0,1,0,97,25,0,0,0,39,0.04097969466702016,0.1395167267850343,0.0,0.0,0.99,8,linear
q_learning,sparse_eps-linear_seed1,sparse,1,4a77b6e251,450,225,-11.250000000000025,-11.250000000000025,0.7964285714285715,0.15,0,out_of_energy,0,0,1,0,115,35,0,0,0,54,0.03530222220355166,0.12111694629841775,0.0,0.0,0.99,8,linear
q_learning,sparse_eps-linear_seed1,sparse,1,4a77b6e251,451,225,-11.250000000000025,-11.250000000000025,0.7959761904761905,0.15,0,out_of_energy,0,0,1,0,104,5,0,0,0,42,0.039862429469411924,0.1526137664391755,0.0,0.0,0.99,8,linear
q_learning,sparse_eps-linear_seed1,sparse,1,4a77b6e251,452,225,-11.250000000000025,-11.250000000000025,0.7955238095238095,0.15,0,out_of_energy,0,0,1,0,110,15,0,0,0,37,0.03898663095925787,0.12482966500884822,0.0,0.0,0.99,8,linear
q_learning,sparse_eps-linear_seed1,sparse,1,4a77b6e251,453,225,-11.250000000000025,-11.250000000000025,0.7950714285714285,0.15,0,out_of_energy,0,0,1,0,91,23,1,0,0,40,0.03851029279277001,0.1397991811215691,0.0,0.0,0.99,8,linear
q_learning,sparse_eps-linear_seed1,sparse,1,4a77b6e251,454,225,-11.250000000000025,-11.250000000000025,0.7946190476190477,0.15,0,out_of_energy,0,0,1,0,97,8,0,0,0,44,0.03775174863028987,0.1373223993546886,0.0,0.0,0.99,8,linear
q_learning,sparse_eps-linear_seed1,sparse,1,4a77b6e251,455,225,-11.250000000000025,-11.250000000000025,0.7941666666666667,0.15,0,out_of_energy,0,0,1,0,104,12,0,0,0,41,0.03919178901101654,0.15942442205512347,0.0,0.0,0.99,8,linear
q_learning,sparse_eps-linear_seed1,sparse,1,4a77b6e251,456,225,-11.250000000000025,-11.250000000000025,0.7937142857142857,0.15,0,out_of_energy,0,0,1,0,95,19,0,0,0,51,0.037758224794593676,0.25707527483687154,0.0,0.0,0.99,8,linear
q_learning,sparse_eps-linear_seed1,sparse,1,4a77b6e251,457,225,-11.250000000000025,-11.250000000000025,0.7932619047619047,0.15,0,out_of_energy,0,0,1,0,98,15,0,0,0,53,0.034102463440642994,0.15916230419399807,0.0,0.0,0.99,8,linear
q_learning,sparse_eps-linear_seed1,sparse,1,4a77b6e251,458,225,-11.250000000000025,-11.250000000000025,0.7928095238095239,0.15,0,out_of_energy,0,0,1,0,90,9,0,0,0,47,0.040578894732170426,0.16408771938413283,0.0,0.0,0.99,8,linear
q_learning,sparse_eps-linear_seed1,sparse,1,4a77b6e251,459,225,-11.250000000000025,-11.250000000000025,0.7923571428571429,0.15,0,out_of_energy,0,0,1,0,98,6,0,0,0,52,0.03454325764448497,0.1380335462050824,0.0,0.0,0.99,8,linear
q_learning,sparse_eps-linear_seed1,sparse,1,4a77b6e251,460,225,-11.250000000000025,-11.250000000000025,0.7919047619047619,0.15,0,out_of_energy,0,0,1,0,99,11,0,0,0,49,0.03818861037361803,0.15738150446966,0.0,0.0,0.99,8,linear
q_learning,sparse_eps-linear_seed1,sparse,1,4a77b6e251,461,225,-11.250000000000025,-11.250000000000025,0.791452380952381,0.15,0,out_of_energy,0,0,1,0,90,20,0,0,0,33,0.03535059203399201,0.11140852053765239,0.0,0.0,0.99,8,linear
q_learning,sparse_eps-linear_seed1,sparse,1,4a77b6e251,462,225,-11.250000000000025,-11.250000000000025,0.791,0.15,0,out_of_energy,0,0,1,0,93,33,0,0,0,40,0.0359961009316507,0.1112205150662688,0.0,0.0,0.99,8,linear
q_learning,sparse_eps-linear_seed1,sparse,1,4a77b6e251,463,225,-11.250000000000025,-11.250000000000025,0.790547619047619,0.15,0,out_of_energy,0,0,1,0,115,6,0,0,0,43,0.03559372480236468,0.12627358366802582,0.0,0.0,0.99,8,linear
q_learning,sparse_eps-linear_seed1,sparse,1,4a77b6e251,464,225,-11.250000000000025,-11.250000000000025,0.7900952380952381,0.15,0,out_of_energy,0,0,1,0,106,14,0,0,0,46,0.03809095242911366,0.15556206051525,0.0,0.0,0.99,8,linear
q_learning,sparse_eps-linear_seed1,sparse,1,4a77b6e251,465,225,-11.250000000000025,-11.250000000000025,0.7896428571428572,0.15,0,out_of_energy,0,0,1,0,103,8,0,0,0,47,0.037872242615205866,0.1851121274045574,0.0,0.0,0.99,8,linear
q_learning,sparse_eps-linear_seed1,sparse,1,4a77b6e251,466,225,-11.250000000000025,-11.250000000000025,0.7891904761904762,0.15,0,out_of_energy,0,0,1,0,109,26,0,0,0,53,0.03812290256555503,0.18112477142333322,0.0,0.0,0.99,8,linear
q_learning,sparse_eps-linear_seed1,sparse,1,4a77b6e251,467,225,-11.250000000000025,-11.250000000000025,0.7887380952380952,0.15,0,out_of_energy,0,0,1,0,95,12,0,0,0,29,0.03639029163612597,0.15391662746288745,0.0,0.0,0.99,8,linear
q_learning,sparse_eps-linear_seed1,sparse,1,4a77b6e251,468,225,-11.250000000000025,-11.250000000000025,0.7882857142857143,0.15,0,out_of_energy,0,0,1,0,88,13,0,0,0,42,0.040073064485286886,0.12924569729778052,0.0,0.0,0.99,8,linear
q_learning,sparse_eps-linear_seed1,sparse,1,4a77b6e251,469,225,-11.250000000000025,-11.250000000000025,0.7878333333333334,0.15,0,out_of_energy,0,0,1,0,100,7,0,0,0,34,0.03649385187922451,0.11300139092368865,0.0,0.0,0.99,8,linear
q_learning,sparse_eps-linear_seed1,sparse,1,4a77b6e251,470,225,-11.250000000000025,-11.250000000000025,0.7873809523809524,0.15,0,out_of_energy,0,0,1,0,106,6,0,0,0,43,0.037056885487833986,0.10842354602627419,0.0,0.0,0.99,8,linear
q_learning,sparse_eps-linear_seed1,sparse,1,4a77b6e251,471,225,-11.250000000000025,-11.250000000000025,0.7869285714285714,0.15,0,out_of_energy,0,0,1,0,97,1,0,0,0,52,0.036539217777692784,0.13687784432885958,0.0,0.0,0.99,8,linear
q_learning,sparse_eps-linear_seed1,sparse,1,4a77b6e251,472,225,-11.250000000000025,-11.250000000000025,0.7864761904761904,0.15,0,out_of_energy,0,0,1,0,108,31,0,0,0,46,0.03604452652893333,0.14172780400941243,0.0,0.0,0.99,8,linear
q_learning,sparse_eps-linear_seed1,sparse,1,4a77b6e251,473,225,-11.250000000000025,-11.250000000000025,0.7860238095238096,0.15,0,out_of_energy,0,0,1,0,99,7,0,0,0,47,0.03876678512479264,0.14429838009498638,0.0,0.0,0.99,8,linear
q_learning,sparse_eps-linear_seed1,sparse,1,4a77b6e251,474,225,-11.250000000000025,-11.250000000000025,0.7855714285714286,0.15,0,out_of_energy,0,0,1,0,90,10,1,0,0,37,0.034185319267524314,0.11501100334992559,0.0,0.0,0.99,8,linear
q_learning,sparse_eps-linear_seed1,sparse,1,4a77b6e251,475,225,-11.250000000000025,-11.250000000000025,0.7851190476190476,0.15,0,out_of_energy,0,0,1,0,91,15,0,0,0,46,0.038123885401172536,0.13928233084465386,0.0,0.0,0.99,8,linear
q_learning,sparse_eps-linear_seed1,sparse,1,4a77b6e251,476,225,-11.250000000000025,-11.250000000000025,0.7846666666666666,0.15,0,out_of_energy,0,0,1,0,107,5,0,0,0,47,0.039773096831156846,0.1655370961799131,0.0,0.0,0.99,8,linear
q_learning,sparse_eps-linear_seed1,sparse,1,4a77b6e251,477,225,-11.250000000000025,-11.250000000000025,0.7842142857142858,0.15,0,out_of_energy,0,0,1,0,99,33,0,0,0,46,0.03926670815383477,0.12945770649327323,0.0,0.0,0.99,8,linear
q_learning,sparse_eps-linear_seed1,sparse,1,4a77b6e251,478,225,-11.250000000000025,-11.250000000000025,0.7837619047619048,0.15,0,out_of_energy,0,0,1,0,101,4,1,0,0,43,0.037790005793106665,0.16171142003629915,0.0,0.0,0.99,8,linear
q_learning,sparse_eps-linear_seed1,sparse,1,4a77b6e251,479,225,-11.250000000000025,-11.250000000000025,0.7833095238095238,0.15,0,out_of_energy,0,0,1,0,89,5,1,0,0,48,0.03660226336257558,0.1273612999151466,0.0,0.0,0.99,8,linear
q_learning,sparse_eps-linear_seed1,sparse,1,4a77b6e251,480,225,-11.250000000000025,-11.250000000000025,0.7828571428571429,0.15,0,out_of_energy,0,0,1,0,102,2,0,0,0,36,0.03872571023022696,0.1988285637230217,0.0,0.0,0.99,8,linear
q_learning,sparse_eps-linear_seed1,sparse,1,4a77b6e251,481,225,-11.250000000000025,-11.250000000000025,0.7824047619047619,0.15,0,out_of_energy,0,0,1,0,86,6,0,0,0,51,0.0404346825574887,0.25144937711275817,0.0,0.0,0.99,8,linear
q_learning,sparse_eps-linear_seed1,sparse,1,4a77b6e251,482,225,-11.250000000000025,-11.250000000000025,0.781952380952381,0.15,0,out_of_energy,0,0,1,0,117,11,0,0,0,41,0.037567440438736464,0.1497817670611927,0.0,0.0,0.99,8,linear
q_learning,sparse_eps-linear_seed1,sparse,1,4a77b6e251,483,225,-11.250000000000025,-11.250000000000025,0.7815,0.15,0,out_of_energy,0,0,1,0,92,24,0,0,0,48,0.03559735606037316,0.17549883834808735,0.0,0.0,0.99,8,linear
q_learning,sparse_eps-linear_seed1,sparse,1,4a77b6e251,484,225,-11.250000000000025,-11.250000000000025,0.7810476190476191,0.15,0,out_of_energy,0,0,1,0,101,18,1,0,0,40,0.03843576435031495,0.17473852994133218,0.0,0.0,0.99,8,linear
q_learning,sparse_eps-linear_seed1,sparse,1,4a77b6e251,485,225,-11.250000000000025,-11.250000000000025,0.7805952380952381,0.15,0,out_of_energy,0,0,1,0,104,9,0,0,0,49,0.03793510913722617,0.12467992514285448,0.0,0.0,0.99,8,linear
q_learning,sparse_eps-linear_seed1,sparse,1,4a77b6e251,486,225,-11.250000000000025,-11.250000000000025,0.7801428571428571,0.15,0,out_of_energy,0,0,1,0,94,7,0,0,0,44,0.03931662902469151,0.17085293190376036,0.0,0.0,0.99,8,linear
q_learning,sparse_eps-linear_seed1,sparse,1,4a77b6e251,487,225,-11.250000000000025,-11.250000000000025,0.7796904761904762,0.15,0,out_of_energy,0,0,1,0,97,30,0,0,0,52,0.03500337920060751,0.12056937459872864,0.0,0.0,0.99,8,linear
q_learning,sparse_eps-linear_seed1,sparse,1,4a77b6e251,488,225,-11.250000000000025,-11.250000000000025,0.7792380952380953,0.15,0,out_of_energy,0,0,1,0,104,1,0,0,0,30,0.03774351121318163,0.16956673076236092,0.0,0.0,0.99,8,linear
q_learning,sparse_eps-linear_seed1,sparse,1,4a77b6e251,489,225,-11.250000000000025,-11.250000000000025,0.7787857142857143,0.15,0,out_of_energy,0,0,1,0,99,13,0,0,0,35,0.038811991776531725,0.18660420503627567,0.0,0.0,0.99,8,linear
q_learning,sparse_eps-linear_seed1,sparse,1,4a77b6e251,490,225,-11.250000000000025,-11.250000000000025,0.7783333333333333,0.15,0,out_of_energy,0,0,1,0,101,15,0,0,0,42,0.036121780819583,0.16757814550732286,0.0,0.0,0.99,8,linear
q_learning,sparse_eps-linear_seed1,sparse,1,4a77b6e251,491,225,-11.250000000000025,-11.250000000000025,0.7778809523809525,0.15,0,out_of_energy,0,0,1,0,118,12,0,0,0,55,0.039267086956405774,0.16487317620926983,0.0,0.0,0.99,8,linear
q_learning,sparse_eps-linear_seed1,sparse,1,4a77b6e251,492,225,-11.250000000000025,-11.250000000000025,0.7774285714285715,0.15,0,out_of_energy,0,0,1,0,89,5,0,0,0,42,0.03904308841333111,0.2312087765672814,0.0,0.0,0.99,8,linear
q_learning,sparse_eps-linear_seed1,sparse,1,4a77b6e251,493,225,-11.250000000000025,-11.250000000000025,0.7769761904761905,0.15,0,out_of_energy,0,0,1,0,104,7,0,0,0,36,0.03434866303162025,0.11284838730856485,0.0,0.0,0.99,8,linear
q_learning,sparse_eps-linear_seed1,sparse,1,4a77b6e251,494,225,-11.250000000000025,-11.250000000000025,0.7765238095238095,0.15,0,out_of_energy,0,0,1,0,92,13,0,0,0,41,0.03562617858208865,0.15130494570427433,0.0,0.0,0.99,8,linear
q_learning,sparse_eps-linear_seed1,sparse,1,4a77b6e251,495,225,-11.250000000000025,-11.250000000000025,0.7760714285714285,0.15,0,out_of_energy,0,0,1,0,119,36,0,0,0,34,0.034286387642782426,0.1161227852169936,0.0,0.0,0.99,8,linear
q_learning,sparse_eps-linear_seed1,sparse,1,4a77b6e251,496,225,-11.250000000000025,-11.250000000000025,0.7756190476190477,0.15,0,out_of_energy,0,0,1,0,106,51,0,0,0,49,0.03587270390009187,0.12312092844793399,0.0,0.0,0.99,8,linear
q_learning,sparse_eps-linear_seed1,sparse,1,4a77b6e251,497,225,-11.250000000000025,-11.250000000000025,0.7751666666666667,0.15,0,out_of_energy,0,0,1,0,110,4,0,0,0,43,0.03478909828377208,0.12258707625323495,0.0,0.0,0.99,8,linear
q_learning,sparse_eps-linear_seed1,sparse,1,4a77b6e251,498,225,-11.250000000000025,-11.250000000000025,0.7747142857142857,0.15,0,out_of_energy,0,0,1,0,98,29,0,0,0,43,0.037094725484142076,0.1930352224053562,0.0,0.0,0.99,8,linear
q_learning,sparse_eps-linear_seed1,sparse,1,4a77b6e251,499,225,-11.250000000000025,-11.250000000000025,0.7742619047619048,0.15,0,out_of_energy,0,0,1,0,101,9,0,0,0,37,0.03717730623833295,0.19939260293301905,0.0,0.0,0.99,8,linear
q_learning,sparse_eps-linear_seed1,sparse,1,4a77b6e251,500,225,-11.250000000000025,-11.250000000000025,0.7738095238095238,0.15,0,out_of_energy,0,0,1,0,86,16,0,0,0,38,0.03599972154605144,0.22706905265861904,0.0,0.0,0.99,8,linear
q_learning,sparse_eps-linear_seed1,sparse,1,4a77b6e251,501,225,-11.250000000000025,-11.250000000000025,0.7733571428571429,0.15,0,out_of_energy,0,0,1,0,102,1,0,0,0,37,0.037972093329545056,0.16866101703152964,0.0,0.0,0.99,8,linear
q_learning,sparse_eps-linear_seed1,sparse,1,4a77b6e251,502,225,-11.250000000000025,-11.250000000000025,0.772904761904762,0.15,0,out_of_energy,0,0,1,0,91,40,0,0,0,45,0.03644747941396714,0.11576457555286827,0.0,0.0,0.99,8,linear
q_learning,sparse_eps-linear_seed1,sparse,1,4a77b6e251,503,225,-11.250000000000025,-11.250000000000025,0.7724523809523809,0.15,0,out_of_energy,0,0,1,0,93,15,1,0,0,44,0.03713301111178799,0.17851432603211334,0.0,0.0,0.99,8,linear
q_learning,sparse_eps-linear_seed1,sparse,1,4a77b6e251,504,225,-11.250000000000025,-11.250000000000025,0.772,0.15,0,out_of_energy,0,0,1,0,87,19,0,0,0,39,0.03522345271040306,0.13582786359821225,0.0,0.0,0.99,8,linear
q_learning,sparse_eps-linear_seed1,sparse,1,4a77b6e251,505,225,-11.250000000000025,-11.250000000000025,0.771547619047619,0.15,0,out_of_energy,0,0,1,0,108,0,0,0,0,43,0.037215101839582175,0.11167188112515787,0.0,0.0,0.99,8,linear
q_learning,sparse_eps-linear_seed1,sparse,1,4a77b6e251,506,225,-11.250000000000025,-11.250000000000025,0.7710952380952381,0.15,0,out_of_energy,0,0,1,0,91,17,0,0,0,45,0.0353165777217293,0.09805380301144101,0.0,0.0,0.99,8,linear
q_learning,sparse_eps-linear_seed1,sparse,1,4a77b6e251,507,225,-11.250000000000025,-11.250000000000025,0.7706428571428572,0.15,0,out_of_energy,0,0,1,0,92,22,0,0,0,38,0.041199953994521914,0.23673765827042906,0.0,0.0,0.99,8,linear
q_learning,sparse_eps-linear_seed1,sparse,1,4a77b6e251,508,225,-11.250000000000025,-11.250000000000025,0.7701904761904762,0.15,0,out_of_energy,0,0,1,0,87,7,0,0,0,51,0.03803153272756371,0.25510269227690796,0.0,0.0,0.99,8,linear
q_learning,sparse_eps-linear_seed1,sparse,1,4a77b6e251,509,225,-11.250000000000025,-11.250000000000025,0.7697380952380952,0.15,0,out_of_energy,0,0,1,0,92,3,0,0,0,57,0.037883329005633785,0.25069334365377327,0.0,0.0,0.99,8,linear
q_learning,sparse_eps-linear_seed1,sparse,1,4a77b6e251,510,225,-11.250000000000025,-11.250000000000025,0.7692857142857144,0.15,0,out_of_energy,0,0,1,0,111,9,0,0,0,54,0.03579171101470509,0.12022584847899319,0.0,0.0,0.99,8,linear
q_learning,sparse_eps-linear_seed1,sparse,1,4a77b6e251,511,225,-11.250000000000025,-11.250000000000025,0.7688333333333334,0.15,0,out_of_energy,0,0,1,0,101,33,0,0,0,48,0.037933646410729036,0.14658463177167305,0.0,0.0,0.99,8,linear
q_learning,sparse_eps-linear_seed1,sparse,1,4a77b6e251,512,225,-11.250000000000025,-11.250000000000025,0.7683809523809524,0.15,0,out_of_energy,0,0,1,0,93,27,0,0,0,41,0.03794736569849721,0.2502321220129209,0.0,0.0,0.99,8,linear
q_learning,sparse_eps-linear_seed1,sparse,1,4a77b6e251,513,225,-11.250000000000025,-11.250000000000025,0.7679285714285715,0.15,0,out_of_energy,0,0,1,0,86,7,0,0,0,49,0.03686731740529407,0.16432536061823316,0.0,0.0,0.99,8,linear
q_learning,sparse_eps-linear_seed1,sparse,1,4a77b6e251,514,225,-11.250000000000025,-11.250000000000025,0.7674761904761904,0.15,0,out_of_energy,0,0,1,0,106,1,0,0,0,37,0.03566649649832038,0.08743235595634391,0.0,0.0,0.99,8,linear
q_learning,sparse_eps-linear_seed1,sparse,1,4a77b6e251,515,225,-11.250000000000025,-11.250000000000025,0.7670238095238096,0.15,0,out_of_energy,0,0,1,0,91,8,5,0,0,42,0.03376699991343775,0.13369207642967113,0.0,0.0,0.99,8,linear
q_learning,sparse_eps-linear_seed1,sparse,1,4a77b6e251,516,225,-11.250000000000025,-11.250000000000025,0.7665714285714286,0.15,0,out_of_energy,0,0,1,0,105,4,0,0,0,48,0.0378809227434991,0.15724461173349563,0.0,0.0,0.99,8,linear
q_learning,sparse_eps-linear_seed1,sparse,1,4a77b6e251,517,225,-11.250000000000025,-11.250000000000025,0.7661190476190476,0.15,0,out_of_energy,0,0,1,0,98,28,0,0,0,36,0.040361898998831455,0.2830298153074843,0.0,0.0,0.99,8,linear
q_learning,sparse_eps-linear_seed1,sparse,1,4a77b6e251,518,225,-11.250000000000025,-11.250000000000025,0.7656666666666667,0.15,0,out_of_energy,0,0,1,0,109,3,0,0,0,46,0.03880160337278953,0.15253586893070603,0.0,0.0,0.99,8,linear
q_learning,sparse_eps-linear_seed1,sparse,1,4a77b6e251,519,225,-11.250000000000025,-11.250000000000025,0.7652142857142857,0.15,0,out_of_energy,0,0,1,0,86,29,0,0,0,43,0.038966168527149056,0.14441791335330917,0.0,0.0,0.99,8,linear
q_learning,sparse_eps-linear_seed1,sparse,1,4a77b6e251,520,225,-11.250000000000025,-11.250000000000025,0.7647619047619048,0.15,0,out_of_energy,0,0,1,0,117,4,0,0,0,38,0.03643194802586343,0.18829067331318983,0.0,0.0,0.99,8,linear
q_learning,sparse_eps-linear_seed1,sparse,1,4a77b6e251,521,225,-11.250000000000025,-11.250000000000025,0.7643095238095239,0.15,0,out_of_energy,0,0,1,0,85,12,4,0,0,52,0.0380452596198615,0.1715594294632639,0.0,0.0,0.99,8,linear
q_learning,sparse_eps-linear_seed1,sparse,1,4a77b6e251,522,225,-11.250000000000025,-11.250000000000025,0.7638571428571428,0.15,0,out_of_energy,0,0,1,0,105,9,0,0,0,38,0.035248626773547474,0.15312434542989,0.0,0.0,0.99,8,linear
q_learning,sparse_eps-linear_seed1,sparse,1,4a77b6e251,523,225,-11.250000000000025,-11.250000000000025,0.7634047619047619,0.15,0,out_of_energy,0,0,1,0,90,3,5,0,0,44,0.03803356747098945,0.17870730466218632,0.0,0.0,0.99,8,linear
q_learning,sparse_eps-linear_seed1,sparse,1,4a77b6e251,524,225,-11.250000000000025,-11.250000000000025,0.7629523809523809,0.15,0,out_of_energy,0,0,1,0,91,16,1,0,0,38,0.03538593701145325,0.12517118804193827,0.0,0.0,0.99,8,linear
q_learning,sparse_eps-linear_seed1,sparse,1,4a77b6e251,525,225,-11.250000000000025,-11.250000000000025,0.7625,0.15,0,out_of_energy,0,0,1,0,94,12,0,0,0,43,0.03727377692290386,0.13662989559556793,0.0,0.0,0.99,8,linear
q_learning,sparse_eps-linear_seed1,sparse,1,4a77b6e251,526,225,-11.250000000000025,-11.250000000000025,0.7620476190476191,0.15,0,out_of_energy,0,0,1,0,105,9,4,0,0,45,0.037357674764819236,0.10542787146341485,0.0,0.0,0.99,8,linear
q_learning,sparse_eps-linear_seed1,sparse,1,4a77b6e251,527,225,-11.250000000000025,-11.250000000000025,0.7615952380952381,0.15,0,out_of_energy,0,0,1,0,85,6,0,0,0,48,0.04107527079228266,0.21189409824646688,0.0,0.0,0.99,8,linear
q_learning,sparse_eps-linear_seed1,sparse,1,4a77b6e251,528,225,-11.250000000000025,-11.250000000000025,0.7611428571428571,0.15,0,out_of_energy,0,0,1,0,85,14,4,0,0,54,0.039753455128395815,0.1862090505729584,0.0,0.0,0.99,8,linear
q_learning,sparse_eps-linear_seed1,sparse,1,4a77b6e251,529,225,-11.250000000000025,-11.250000000000025,0.7606904761904763,0.15,0,out_of_energy,0,0,1,0,86,7,0,0,0,50,0.03877588338132573,0.15337293923390494,0.0,0.0,0.99,8,linear
q_learning,sparse_eps-linear_seed1,sparse,1,4a77b6e251,530,225,-11.250000000000025,-11.250000000000025,0.7602380952380953,0.15,0,out_of_energy,0,0,1,0,87,26,0,0,0,42,0.03856113429197032,0.16953192837104877,0.0,0.0,0.99,8,linear
q_learning,sparse_eps-linear_seed1,sparse,1,4a77b6e251,531,225,-11.250000000000025,-11.250000000000025,0.7597857142857143,0.15,0,out_of_energy,0,0,1,0,105,9,1,0,0,46,0.03806396659001124,0.12206582644184986,0.0,0.0,0.99,8,linear
q_learning,sparse_eps-linear_seed1,sparse,1,4a77b6e251,532,225,-11.250000000000025,-11.250000000000025,0.7593333333333333,0.15,0,out_of_energy,0,0,1,0,109,22,0,0,0,43,0.0406391924967129,0.1694133348642045,0.0,0.0,0.99,8,linear
q_learning,sparse_eps-linear_seed1,sparse,1,4a77b6e251,533,225,-11.250000000000025,-11.250000000000025,0.7588809523809523,0.15,0,out_of_energy,0,0,1,0,97,5,0,0,0,49,0.03537092334979658,0.13408341983718208,0.0,0.0,0.99,8,linear
q_learning,sparse_eps-linear_seed1,sparse,1,4a77b6e251,534,225,-11.250000000000025,-11.250000000000025,0.7584285714285715,0.15,0,out_of_energy,0,0,1,0,113,43,0,0,0,53,0.039896522837734184,0.23509705297856115,0.0,0.0,0.99,8,linear
q_learning,sparse_eps-linear_seed1,sparse,1,4a77b6e251,535,225,-11.250000000000025,-11.250000000000025,0.7579761904761905,0.15,0,out_of_energy,0,0,1,0,98,6,0,0,0,50,0.04014590585853115,0.14758967077033502,0.0,0.0,0.99,8,linear
q_learning,sparse_eps-linear_seed1,sparse,1,4a77b6e251,536,225,-11.250000000000025,-11.250000000000025,0.7575238095238095,0.15,0,out_of_energy,0,0,1,0,105,7,0,0,0,43,0.038170952358857986,0.15036239389733597,0.0,0.0,0.99,8,linear
q_learning,sparse_eps-linear_seed1,sparse,1,4a77b6e251,537,225,-11.250000000000025,-11.250000000000025,0.7570714285714286,0.15,0,out_of_energy,0,0,1,0,101,9,0,0,0,45,0.04292312657733673,0.16118197849064386,0.0,0.0,0.99,8,linear
q_learning,sparse_eps-linear_seed1,sparse,1,4a77b6e251,538,225,-11.250000000000025,-11.250000000000025,0.7566190476190476,0.15,0,out_of_energy,0,0,1,0,84,21,0,0,0,46,0.034806048341948025,0.12234063003617514,0.0,0.0,0.99,8,linear
q_learning,sparse_eps-linear_seed1,sparse,1,4a77b6e251,539,225,-11.250000000000025,-11.250000000000025,0.7561666666666667,0.15,0,out_of_energy,0,0,1,0,92,11,0,0,0,46,0.04022168849756732,0.16728999202716072,0.0,0.0,0.99,8,linear
q_learning,sparse_eps-linear_seed1,sparse,1,4a77b6e251,540,225,-11.250000000000025,-11.250000000000025,0.7557142857142858,0.15,0,out_of_energy,0,0,1,0,106,38,0,0,0,47,0.03732632229872073,0.1498369349652611,0.0,0.0,0.99,8,linear
q_learning,sparse_eps-linear_seed1,sparse,1,4a77b6e251,541,225,-11.250000000000025,-11.250000000000025,0.7552619047619047,0.15,0,out_of_energy,0,0,1,0,95,32,0,0,0,45,0.04074363344660052,0.21625053892326496,0.0,0.0,0.99,8,linear
q_learning,sparse_eps-linear_seed1,sparse,1,4a77b6e251,542,225,-11.250000000000025,-11.250000000000025,0.7548095238095238,0.15,0,out_of_energy,0,0,1,0,125,2,0,0,0,45,0.03854169620839466,0.1378504785289385,0.0,0.0,0.99,8,linear
q_learning,sparse_eps-linear_seed1,sparse,1,4a77b6e251,543,225,-11.250000000000025,-11.250000000000025,0.7543571428571428,0.15,0,out_of_energy,0,0,1,0,104,25,0,0,0,39,0.03676928582999335,0.11683764056845525,0.0,0.0,0.99,8,linear
q_learning,sparse_eps-linear_seed1,sparse,1,4a77b6e251,544,225,-11.250000000000025,-11.250000000000025,0.753904761904762,0.15,0,out_of_energy,0,0,1,0,108,9,0,0,0,59,0.038518381085527645,0.2237111052846797,0.0,0.0,0.99,8,linear
q_learning,sparse_eps-linear_seed1,sparse,1,4a77b6e251,545,225,-11.250000000000025,-11.250000000000025,0.753452380952381,0.15,0,out_of_energy,0,0,1,0,123,0,0,0,0,37,0.03811529365239543,0.23738168235161533,0.0,0.0,0.99,8,linear
q_learning,sparse_eps-linear_seed1,sparse,1,4a77b6e251,546,225,-11.250000000000025,-11.250000000000025,0.753,0.15,0,out_of_energy,0,0,1,0,108,20,10,0,0,39,0.041447931448170404,0.2540981089142617,0.0,0.0,0.99,8,linear
q_learning,sparse_eps-linear_seed1,sparse,1,4a77b6e251,547,225,-11.250000000000025,-11.250000000000025,0.752547619047619,0.15,0,out_of_energy,0,0,1,0,98,9,0,0,0,56,0.03729761144165222,0.18464096071565866,0.0,0.0,0.99,8,linear
q_learning,sparse_eps-linear_seed1,sparse,1,4a77b6e251,548,225,-11.250000000000025,-11.250000000000025,0.7520952380952381,0.15,0,out_of_energy,0,0,1,0,114,4,0,0,0,41,0.03589561522466554,0.12659783884608322,0.0,0.0,0.99,8,linear
q_learning,sparse_eps-linear_seed1,sparse,1,4a77b6e251,549,225,-11.250000000000025,-11.250000000000025,0.7516428571428572,0.15,0,out_of_energy,0,0,1,0,108,8,0,0,0,47,0.04034918844279136,0.19023092488895066,0.0,0.0,0.99,8,linear
q_learning,sparse_eps-linear_seed1,sparse,1,4a77b6e251,550,225,-1.2500000000000013,-11.150000000000025,0.7511904761904762,0.15,0,out_of_energy,0,0,1,0,99,12,0,0,1,41,0.0832625080841456,9.95,0.0,0.0,0.99,8,linear
q_learning,sparse_eps-linear_seed1,sparse,1,4a77b6e251,551,225,-11.250000000000025,-11.150000000000025,0.7507380952380953,0.15,0,out_of_energy,0,0,1,0,99,12,0,0,0,45,0.03752056833169721,0.15615359088418357,0.0,0.0,0.99,8,linear
q_learning,sparse_eps-linear_seed1,sparse,1,4a77b6e251,552,225,-11.250000000000025,-11.150000000000025,0.7502857142857143,0.15,0,out_of_energy,0,0,1,0,99,16,0,0,0,55,0.04037754350930738,0.20588818369324277,0.0,0.0,0.99,8,linear
q_learning,sparse_eps-linear_seed1,sparse,1,4a77b6e251,553,225,-11.250000000000025,-11.150000000000025,0.7498333333333334,0.15,0,out_of_energy,0,0,1,0,104,5,0,0,0,39,0.04050658230495248,0.15763450618453068,0.0,0.0,0.99,8,linear
q_learning,sparse_eps-linear_seed1,sparse,1,4a77b6e251,554,225,-11.250000000000025,-11.150000000000025,0.7493809523809524,0.15,0,out_of_energy,0,0,1,0,103,10,0,0,0,44,0.0375388667360455,0.13696578288653571,0.0,0.0,0.99,8,linear
q_learning,sparse_eps-linear_seed1,sparse,1,4a77b6e251,555,225,-11.250000000000025,-11.150000000000025,0.7489285714285714,0.15,0,out_of_energy,0,0,1,0,92,29,0,0,0,41,0.037431158920638835,0.16028252003831123,0.0,0.0,0.99,8,linear
q_learning,sparse_eps-linear_seed1,sparse,1,4a77b6e251,556,225,-11.250000000000025,-11.150000000000025,0.7484761904761905,0.15,0,out_of_energy,0,0,1,0,115,32,0,0,0,44,0.035740206367008816,0.13666610999982154,0.0,0.0,0.99,8,linear
q_learning,sparse_eps-linear_seed1,sparse,1,4a77b6e251,557,225,-11.250000000000025,-11.150000000000025,0.7480238095238095,0.15,0,out_of_energy,0,0,1,0,83,11,0,0,0,50,0.035602023939597424,0.14463036114839745,0.0,0.0,0.99,8,linear
q_learning,sparse_eps-linear_seed1,sparse,1,4a77b6e251,558,225,-11.250000000000025,-11.150000000000025,0.7475714285714286,0.15,0,out_of_energy,0,0,1,0,98,30,0,0,0,44,0.0392211144559886,0.14651076614695568,0.0,0.0,0.99,8,linear
q_learning,sparse_eps-linear_seed1,sparse,1,4a77b6e251,559,225,-11.250000000000025,-11.150000000000025,0.7471190476190477,0.15,0,out_of_energy,0,0,1,0,96,1,0,0,0,52,0.03800949456196146,0.14356567272020881,0.0,0.0,0.99,8,linear
q_learning,sparse_eps-linear_seed1,sparse,1,4a77b6e251,560,225,-11.250000000000025,-11.150000000000025,0.7466666666666667,0.15,0,out_of_energy,0,0,1,0,105,22,0,0,0,48,0.0382680049726399,0.19438994132891174,0.0,0.0,0.99,8,linear
q_learning,sparse_eps-linear_seed1,sparse,1,4a77b6e251,561,225,-11.250000000000025,-11.150000000000025,0.7462142857142857,0.15,0,out_of_energy,0,0,1,0,97,5,0,0,0,54,0.04142424825054132,0.19750390236855525,0.0,0.0,0.99,8,linear
q_learning,sparse_eps-linear_seed1,sparse,1,4a77b6e251,562,225,-11.250000000000025,-11.150000000000025,0.7457619047619047,0.15,0,out_of_energy,0,0,1,0,100,14,0,0,0,48,0.03833092474609474,0.1508790340778295,0.0,0.0,0.99,8,linear
q_learning,sparse_eps-linear_seed1,sparse,1,4a77b6e251,563,225,-11.250000000000025,-11.150000000000025,0.7453095238095238,0.15,0,out_of_energy,0,0,1,0,89,23,0,0,0,33,0.0379565328980223,0.15936738721434307,0.0,0.0,0.99,8,linear
q_learning,sparse_eps-linear_seed1,sparse,1,4a77b6e251,564,225,-1.2499999999999822,-11.050000000000026,0.7448571428571429,0.15,0,out_of_energy,0,0,1,0,115,20,0,0,1,68,0.08641745394184212,9.95,0.0,0.0,0.99,8,linear
q_learning,sparse_eps-linear_seed1,sparse,1,4a77b6e251,565,225,-11.250000000000025,-11.050000000000026,0.7444047619047619,0.15,0,out_of_energy,0,0,1,0,108,1,0,0,0,45,0.03604747164564919,0.1559080093331452,0.0,0.0,0.99,8,linear
q_learning,sparse_eps-linear_seed1,sparse,1,4a77b6e251,566,225,-11.250000000000025,-11.050000000000026,0.7439523809523809,0.15,0,out_of_energy,0,0,1,0,108,4,0,0,0,43,0.03656025095175873,0.13069533283336118,0.0,0.0,0.99,8,linear
q_learning,sparse_eps-linear_seed1,sparse,1,4a77b6e251,567,225,-11.250000000000025,-11.050000000000026,0.7435,0.15,0,out_of_energy,0,0,1,0,99,20,0,0,0,50,0.0377861078258765,0.17216072135280436,0.0,0.0,0.99,8,linear
q_learning,sparse_eps-linear_seed1,sparse,1,4a77b6e251,568,225,-11.250000000000025,-11.050000000000022,0.7430476190476191,0.15,0,out_of_energy,0,0,1,0,102,5,0,0,0,44,0.037585200842003993,0.23463041620348488,0.0,0.0,0.99,8,linear
q_learning,sparse_eps-linear_seed1,sparse,1,4a77b6e251,569,225,-11.250000000000025,-11.050000000000022,0.7425952380952381,0.15,0,out_of_energy,0,0,1,0,120,8,0,0,0,43,0.03644973871972155,0.1155177610151074,0.0,0.0,0.99,8,linear
q_learning,sparse_eps-linear_seed1,sparse,1,4a77b6e251,570,225,-11.250000000000025,-11.050000000000022,0.7421428571428572,0.15,0,out_of_energy,0,0,1,0,98,22,0,0,0,53,0.04031944394506287,0.2007738665283792,0.0,0.0,0.99,8,linear
q_learning,sparse_eps-linear_seed1,sparse,1,4a77b6e251,571,225,-11.250000000000025,-11.050000000000022,0.7416904761904761,0.15,0,out_of_energy,0,0,1,0,99,0,0,0,0,42,0.03747103648765267,0.24014336829865462,0.0,0.0,0.99,8,linear
q_learning,sparse_eps-linear_seed1,sparse,1,4a77b6e251,572,225,-11.250000000000025,-11.050000000000022,0.7412380952380953,0.15,0,out_of_energy,0,0,1,0,85,6,0,0,0,44,0.03913785868210048,0.22047264465500677,0.0,0.0,0.99,8,linear
q_learning,sparse_eps-linear_seed1,sparse,1,4a77b6e251,573,225,-11.250000000000025,-11.050000000000022,0.7407857142857144,0.15,0,out_of_energy,0,0,1,0,120,14,0,0,0,45,0.040389420715243964,0.19475093613887084,0.0,0.0,0.99,8,linear
q_learning,sparse_eps-linear_seed1,sparse,1,4a77b6e251,574,225,-11.250000000000025,-11.050000000000022,0.7403333333333333,0.15,0,out_of_energy,0,0,1,0,111,6,0,0,0,42,0.037681128386725,0.14935125724417658,0.0,0.0,0.99,8,linear
q_learning,sparse_eps-linear_seed1,sparse,1,4a77b6e251,575,225,-11.250000000000025,-11.050000000000022,0.7398809523809524,0.15,0,out_of_energy,0,0,1,0,104,11,0,0,0,37,0.03628283091118294,0.10821261020667013,0.0,0.0,0.99,8,linear
q_learning,sparse_eps-linear_seed1,sparse,1,4a77b6e251,576,225,-11.250000000000025,-11.050000000000022,0.7394285714285714,0.15,0,out_of_energy,0,0,1,0,93,20,0,0,0,43,0.03708325567062677,0.19375111554245816,0.0,0.0,0.99,8,linear
q_learning,sparse_eps-linear_seed1,sparse,1,4a77b6e251,577,225,-11.250000000000025,-11.050000000000022,0.7389761904761905,0.15,0,out_of_energy,0,0,1,0,115,8,0,0,0,38,0.03954376498048377,0.2170319132765721,0.0,0.0,0.99,8,linear
q_learning,sparse_eps-linear_seed1,sparse,1,4a77b6e251,578,225,-11.250000000000025,-11.050000000000022,0.7385238095238096,0.15,0,out_of_energy,0,0,1,0,109,35,0,0,0,50,0.040403761752600534,0.24099895837690907,0.0,0.0,0.99,8,linear
q_learning,sparse_eps-linear_seed1,sparse,1,4a77b6e251,579,225,-11.250000000000025,-11.050000000000022,0.7380714285714286,0.15,0,out_of_energy,0,0,1,0,101,5,0,0,0,59,0.04010375389317577,0.16151520798392385,0.0,0.0,0.99,8,linear
q_learning,sparse_eps-linear_seed1,sparse,1,4a77b6e251,580,225,-11.250000000000025,-11.050000000000022,0.7376190476190476,0.15,0,out_of_energy,0,0,1,0,100,2,0,0,0,54,0.038595403647791134,0.14252049371790682,0.0,0.0,0.99,8,linear
q_learning,sparse_eps-linear_seed1,sparse,1,4a77b6e251,581,225,-11.250000000000025,-11.050000000000022,0.7371666666666667,0.15,0,out_of_energy,0,0,1,0,106,7,0,0,0,42,0.03827646038330495,0.14650202779725835,0.0,0.0,0.99,8,linear
q_learning,sparse_eps-linear_seed1,sparse,1,4a77b6e251,582,225,-11.250000000000025,-11.050000000000022,0.7367142857142857,0.15,0,out_of_energy,0,0,1,0,97,36,0,0,0,43,0.038427709024618006,0.17745160990573575,0.0,0.0,0.99,8,linear
q_learning,sparse_eps-linear_seed1,sparse,1,4a77b6e251,583,225,-11.250000000000025,-11.050000000000022,0.7362619047619048,0.15,0,out_of_energy,0,0,1,0,110,23,0,0,0,48,0.03975147450135579,0.2397491910804478,0.0,0.0,0.99,8,linear
q_learning,sparse_eps-linear_seed1,sparse,1,4a77b6e251,584,225,-11.250000000000025,-11.050000000000022,0.7358095238095238,0.15,0,out_of_energy,0,0,1,0,95,26,0,0,0,48,0.0407802007451053,0.248378741852655,0.0,0.0,0.99,8,linear
q_learning,sparse_eps-linear_seed1,sparse,1,4a77b6e251,585,225,-11.250000000000025,-11.050000000000022,0.7353571428571428,0.15,0,out_of_energy,0,0,1,0,101,15,0,0,0,34,0.03863937727177928,0.19842696589463432,0.0,0.0,0.99,8,linear
q_learning,sparse_eps-linear_seed1,sparse,1,4a77b6e251,586,225,-11.250000000000025,-11.050000000000022,0.734904761904762,0.15,0,out_of_energy,0,0,1,0,107,9,0,0,0,45,0.038722035089893345,0.16963947442172927,0.0,0.0,0.99,8,linear
q_learning,sparse_eps-linear_seed1,sparse,1,4a77b6e251,587,225,-11.250000000000025,-11.050000000000022,0.734452380952381,0.15,0,out_of_energy,0,0,1,0,99,3,0,0,0,41,0.038435394292672134,0.26797984815922427,0.0,0.0,0.99,8,linear
q_learning,sparse_eps-linear_seed1,sparse,1,4a77b6e251,588,225,-11.250000000000025,-11.050000000000022,0.734,0.15,0,out_of_energy,0,0,1,0,90,17,0,0,0,35,0.039841498449576414,0.13187510263029287,0.0,0.0,0.99,8,linear
q_learning,sparse_eps-linear_seed1,sparse,1,4a77b6e251,589,225,-11.250000000000025,-11.050000000000022,0.7335476190476191,0.15,0,out_of_energy,0,0,1,0,90,5,0,0,0,43,0.03636034135561554,0.14098586155591017,0.0,0.0,0.99,8,linear
q_learning,sparse_eps-linear_seed1,sparse,1,4a77b6e251,590,225,-11.250000000000025,-11.050000000000022,0.7330952380952381,0.15,0,out_of_energy,0,0,1,0,106,15,0,0,0,39,0.03947320685287398,0.14878898479766772,0.0,0.0,0.99,8,linear
q_learning,sparse_eps-linear_seed1,sparse,1,4a77b6e251,591,225,-11.250000000000025,-11.050000000000022,0.7326428571428572,0.15,0,out_of_energy,0,0,1,0,88,8,0,0,0,42,0.0356775310478365,0.11735842376354462,0.0,0.0,0.99,8,linear
q_learning,sparse_eps-linear_seed1,sparse,1,4a77b6e251,592,225,-11.250000000000025,-11.050000000000022,0.7321904761904763,0.15,0,out_of_energy,0,0,1,0,99,5,0,0,0,50,0.03823872253289085,0.15330766666971601,0.0,0.0,0.99,8,linear
q_learning,sparse_eps-linear_seed1,sparse,1,4a77b6e251,593,225,-11.250000000000025,-11.050000000000022,0.7317380952380952,0.15,0,out_of_energy,0,0,1,0,110,10,0,0,0,43,0.04087006732111156,0.15430066192524974,0.0,0.0,0.99,8,linear
q_learning,sparse_eps-linear_seed1,sparse,1,4a77b6e251,594,225,-11.250000000000025,-11.050000000000022,0.7312857142857143,0.15,0,out_of_energy,0,0,1,0,86,17,0,0,0,48,0.042362930068304605,0.16373905237777697,0.0,0.0,0.99,8,linear
q_learning,sparse_eps-linear_seed1,sparse,1,4a77b6e251,595,225,-11.250000000000025,-11.050000000000022,0.7308333333333333,0.15,0,out_of_energy,0,0,1,0,89,2,0,0,0,41,0.0381294329545845,0.16738851197442522,0.0,0.0,0.99,8,linear
q_learning,sparse_eps-linear_seed1,sparse,1,4a77b6e251,596,225,-11.250000000000025,-11.050000000000022,0.7303809523809524,0.15,0,out_of_energy,0,0,1,0,89,2,0,0,0,44,0.039402061676454075,0.28494908306615585,0.0,0.0,0.99,8,linear
q_learning,sparse_eps-linear_seed1,sparse,1,4a77b6e251,597,225,-11.250000000000025,-11.050000000000022,0.7299285714285715,0.15,0,out_of_energy,0,0,1,0,108,1,0,0,0,47,0.04002509252012233,0.15521601083100733,0.0,0.0,0.99,8,linear
q_learning,sparse_eps-linear_seed1,sparse,1,4a77b6e251,598,225,-11.250000000000025,-11.050000000000022,0.7294761904761905,0.15,0,out_of_energy,0,0,1,0,105,56,0,0,0,48,0.0377327087499902,0.1632616335379395,0.0,0.0,0.99,8,linear
q_learning,sparse_eps-linear_seed1,sparse,1,4a77b6e251,599,225,-11.250000000000025,-11.050000000000022,0.7290238095238095,0.15,0,out_of_energy,0,0,1,0,78,14,0,0,0,44,0.03863772749038134,0.17155393711963557,0.0,0.0,0.99,8,linear
q_learning,sparse_eps-linear_seed1,sparse,1,4a77b6e251,600,225,-11.250000000000025,-11.050000000000022,0.7285714285714286,0.15,0,out_of_energy,0,0,1,0,97,20,0,0,0,48,0.03810691172427716,0.13523295750584957,0.0,0.0,0.99,8,linear
q_learning,sparse_eps-linear_seed1,sparse,1,4a77b6e251,601,225,-11.250000000000025,-11.050000000000022,0.7281190476190476,0.15,0,out_of_energy,0,0,1,0,104,14,0,0,0,38,0.038972720920564474,0.20293912622636864,0.0,0.0,0.99,8,linear
q_learning,sparse_eps-linear_seed1,sparse,1,4a77b6e251,602,225,-1.2499999999999931,-10.950000000000022,0.7276666666666667,0.15,0,out_of_energy,0,0,1,0,93,14,0,0,1,41,0.08352312000705217,8.450075,0.0,0.0,0.99,8,linear
q_learning,sparse_eps-linear_seed1,sparse,1,4a77b6e251,603,225,-11.250000000000025,-10.950000000000022,0.7272142857142857,0.15,0,out_of_energy,0,0,1,0,105,7,0,0,0,48,0.039709049756259225,0.23152509245302355,0.0,0.0,0.99,8,linear
q_learning,sparse_eps-linear_seed1,sparse,1,4a77b6e251,604,225,-11.250000000000025,-10.950000000000022,0.7267619047619047,0.15,0,out_of_energy,0,0,1,0,98,5,0,0,0,50,0.03657619585137095,0.1451109692119964,0.0,0.0,0.99,8,linear
q_learning,sparse_eps-linear_seed1,sparse,1,4a77b6e251,605,225,-11.250000000000025,-10.950000000000022,0.7263095238095238,0.15,0,out_of_energy,0,0,1,0,117,19,0,0,0,46,0.0380744073044997,0.18488343831146425,0.0,0.0,0.99,8,linear
q_learning,sparse_eps-linear_seed1,sparse,1,4a77b6e251,606,225,-11.250000000000025,-10.950000000000022,0.7258571428571429,0.15,0,out_of_energy,0,0,1,0,91,30,0,0,0,47,0.040665052714942376,0.1702297943145626,0.0,0.0,0.99,8,linear
q_learning,sparse_eps-linear_seed1,sparse,1,4a77b6e251,607,225,-11.250000000000025,-10.950000000000022,0.7254047619047619,0.15,0,out_of_energy,0,0,1,0,90,21,0,0,0,56,0.038190854854659124,0.18946043789339045,0.0,0.0,0.99,8,linear
q_learning,sparse_eps-linear_seed1,sparse,1,4a77b6e251,608,225,-11.250000000000025,-10.950000000000022,0.724952380952381,0.15,0,out_of_energy,0,0,1,0,102,22,0,0,0,47,0.03978884969644554,0.1908538415943856,0.0,0.0,0.99,8,linear
q_learning,sparse_eps-linear_seed1,sparse,1,4a77b6e251,609,225,-11.250000000000025,-10.950000000000022,0.7245,0.15,0,out_of_energy,0,0,1,0,98,8,0,0,0,43,0.03860743855049126,0.1897090665106358,0.0,0.0,0.99,8,linear
q_learning,sparse_eps-linear_seed1,sparse,1,4a77b6e251,610,225,-11.250000000000025,-10.950000000000022,0.724047619047619,0.15,0,out_of_energy,0,0,1,0,92,4,0,0,0,41,0.04079366504942513,0.2073693743259175,0.0,0.0,0.99,8,linear
q_learning,sparse_eps-linear_seed1,sparse,1,4a77b6e251,611,225,-11.250000000000025,-10.950000000000022,0.7235952380952382,0.15,0,out_of_energy,0,0,1,0,99,15,0,0,0,52,0.03641837156853013,0.1593978445567843,0.0,0.0,0.99,8,linear
q_learning,sparse_eps-linear_seed1,sparse,1,4a77b6e251,612,225,-11.250000000000025,-10.950000000000022,0.7231428571428571,0.15,0,out_of_energy,0,0,1,0,82,18,0,0,0,51,0.038430385637339075,0.13991847803965962,0.0,0.0,0.99,8,linear
q_learning,sparse_eps-linear_seed1,sparse,1,4a77b6e251,613,225,-11.250000000000025,-10.950000000000022,0.7226904761904762,0.15,0,out_of_energy,0,0,1,0,87,9,3,0,0,39,0.0375921461081591,0.17141229965210314,0.0,0.0,0.99,8,linear
q_learning,sparse_eps-linear_seed1,sparse,1,4a77b6e251,614,225,-11.250000000000025,-10.950000000000022,0.7222380952380952,0.15,0,out_of_energy,0,0,1,0,90,20,0,0,0,45,0.03879915968589884,0.19652396637029218,0.0,0.0,0.99,8,linear
q_learning,sparse_eps-linear_seed1,sparse,1,4a77b6e251,615,225,-11.250000000000025,-10.950000000000022,0.7217857142857143,0.15,0,out_of_energy,0,0,1,0,98,5,0,0,0,44,0.037143016143202985,0.18263262828152538,0.0,0.0,0.99,8,linear
q_learning,sparse_eps-linear_seed1,sparse,1,4a77b6e251,616,225,-11.250000000000025,-10.950000000000022,0.7213333333333334,0.15,0,out_of_energy,0,0,1,0,110,6,0,0,0,52,0.03777971522944274,0.15612466721378587,0.0,0.0,0.99,8,linear
q_learning,sparse_eps-linear_seed1,sparse,1,4a77b6e251,617,225,-11.250000000000025,-10.950000000000022,0.7208809523809524,0.15,0,out_of_energy,0,0,1,0,105,15,0,0,0,45,0.039424922603526084,0.2346264567851718,0.0,0.0,0.99,8,linear
q_learning,sparse_eps-linear_seed1,sparse,1,4a77b6e251,618,225,-11.250000000000025,-10.950000000000022,0.7204285714285714,0.15,0,out_of_energy,0,0,1,0,88,29,0,0,0,49,0.03878798559954898,0.1641511313533377,0.0,0.0,0.99,8,linear
q_learning,sparse_eps-linear_seed1,sparse,1,4a77b6e251,619,225,-1.2500000000000062,-10.850000000000023,0.7199761904761905,0.15,0,out_of_energy,0,0,1,0,95,7,0,0,1,30,0.0954016134209916,9.95,0.0,0.0,0.99,8,linear
q_learning,sparse_eps-linear_seed1,sparse,1,4a77b6e251,620,225,-11.250000000000025,-10.850000000000023,0.7195238095238095,0.15,0,out_of_energy,0,0,1,0,102,12,0,0,0,37,0.03748131049593381,0.09854848468662383,0.0,0.0,0.99,8,linear
q_learning,sparse_eps-linear_seed1,sparse,1,4a77b6e251,621,225,-11.250000000000025,-10.850000000000023,0.7190714285714286,0.15,0,out_of_energy,0,0,1,0,102,9,0,0,0,48,0.03718483917617172,0.21482989471637345,0.0,0.0,0.99,8,linear
q_learning,sparse_eps-linear_seed1,sparse,1,4a77b6e251,622,225,-11.250000000000025,-10.850000000000023,0.7186190476190477,0.15,0,out_of_energy,0,0,1,0,102,3,0,0,0,48,0.03782828260599894,0.11624988812526858,0.0,0.0,0.99,8,linear
q_learning,sparse_eps-linear_seed1,sparse,1,4a77b6e251,623,225,-11.250000000000025,-10.850000000000023,0.7181666666666666,0.15,0,out_of_energy,0,0,1,0,84,20,0,0,0,47,0.03830683978391393,0.14296671483725854,0.0,0.0,0.99,8,linear
q_learning,sparse_eps-linear_seed1,sparse,1,4a77b6e251,624,225,-11.250000000000025,-10.850000000000025,0.7177142857142857,0.15,0,out_of_energy,0,0,1,0,101,5,0,0,0,54,0.03868889429861639,0.1579121314529806,0.0,0.0,0.99,8,linear
q_learning,sparse_eps-linear_seed1,sparse,1,4a77b6e251,625,225,-11.250000000000025,-10.850000000000023,0.7172619047619048,0.15,0,out_of_energy,0,0,1,0,95,15,0,0,0,42,0.040152676962864335,0.18724236469651329,0.0,0.0,0.99,8,linear
q_learning,sparse_eps-linear_seed1,sparse,1,4a77b6e251,626,225,-11.250000000000025,-10.850000000000025,0.7168095238095238,0.15,0,out_of_energy,0,0,1,0,97,14,0,0,0,47,0.038976282638864344,0.1880735460826894,0.0,0.0,0.99,8,linear
q_learning,sparse_eps-linear_seed1,sparse,1,4a77b6e251,627,225,-11.250000000000025,-10.850000000000023,0.7163571428571429,0.15,0,out_of_energy,0,0,1,0,116,11,0,0,0,45,0.03826095207136302,0.2452141693885583,0.0,0.0,0.99,8,linear
q_learning,sparse_eps-linear_seed1,sparse,1,4a77b6e251,628,225,-11.250000000000025,-10.850000000000025,0.7159047619047618,0.15,0,out_of_energy,0,0,1,0,107,12,0,0,0,56,0.06340657165478654,1.44686875,0.0,0.0,0.99,8,linear
q_learning,sparse_eps-linear_seed1,sparse,1,4a77b6e251,629,225,-11.250000000000025,-10.850000000000023,0.715452380952381,0.15,0,out_of_energy,0,0,1,0,91,17,3,0,0,36,0.04022039983024889,0.26727294984915245,0.0,0.0,0.99,8,linear
q_learning,sparse_eps-linear_seed1,sparse,1,4a77b6e251,630,225,-11.250000000000025,-10.850000000000025,0.7150000000000001,0.15,0,out_of_energy,0,0,1,0,88,2,5,0,0,46,0.03971641681739673,0.1605254541842123,0.0,0.0,0.99,8,linear
q_learning,sparse_eps-linear_seed1,sparse,1,4a77b6e251,631,225,-11.250000000000025,-10.850000000000023,0.7145476190476191,0.15,0,out_of_energy,0,0,1,0,85,47,0,0,0,40,0.03717854884141818,0.13566964565956624,0.0,0.0,0.99,8,linear
q_learning,sparse_eps-linear_seed1,sparse,1,4a77b6e251,632,225,-11.250000000000025,-10.850000000000025,0.7140952380952381,0.15,0,out_of_energy,0,0,1,0,102,11,0,0,0,42,0.037852926958617555,0.13181201956773086,0.0,0.0,0.99,8,linear
q_learning,sparse_eps-linear_seed1,sparse,1,4a77b6e251,633,225,-11.250000000000025,-10.850000000000023,0.7136428571428571,0.15,0,out_of_energy,0,0,1,0,94,37,0,0,0,51,0.039726024772241526,0.1671899463653434,0.0,0.0,0.99,8,linear
q_learning,sparse_eps-linear_seed1,sparse,1,4a77b6e251,634,225,-11.250000000000025,-10.850000000000025,0.7131904761904762,0.15,0,out_of_energy,0,0,1,0,106,5,0,0,0,39,0.04072021832471342,0.21836729011074218,0.0,0.0,0.99,8,linear
q_learning,sparse_eps-linear_seed1,sparse,1,4a77b6e251,635,225,-11.250000000000025,-10.850000000000023,0.7127380952380953,0.15,0,out_of_energy,0,0,1,0,101,24,0,0,0,49,0.037613602618706714,0.1670063540115886,0.0,0.0,0.99,8,linear
q_learning,sparse_eps-linear_seed1,sparse,1,4a77b6e251,636,225,-11.250000000000025,-10.850000000000025,0.7122857142857143,0.15,0,out_of_energy,0,0,1,0,106,12,0,0,0,39,0.039057774202192426,0.28831290709058005,0.0,0.0,0.99,8,linear
q_learning,sparse_eps-linear_seed1,sparse,1,4a77b6e251,637,225,-11.250000000000025,-10.850000000000023,0.7118333333333333,0.15,0,out_of_energy,0,0,1,0,102,12,0,0,0,49,0.040169291681990564,0.17192699028031777,0.0,0.0,0.99,8,linear
q_learning,sparse_eps-linear_seed1,sparse,1,4a77b6e251,638,225,-11.250000000000025,-10.850000000000025,0.7113809523809524,0.15,0,out_of_energy,0,0,1,0,96,32,0,0,0,37,0.042123498624633,0.17670434536472673,0.0,0.0,0.99,8,linear
q_learning,sparse_eps-linear_seed1,sparse,1,4a77b6e251,639,225,-11.250000000000025,-10.850000000000023,0.7109285714285715,0.15,0,out_of_energy,0,0,1,0,111,1,0,0,0,45,0.036263702941404845,0.13683668507303537,0.0,0.0,0.99,8,linear
q_learning,sparse_eps-linear_seed1,sparse,1,4a77b6e251,640,225,-11.250000000000025,-10.850000000000025,0.7104761904761905,0.15,0,out_of_energy,0,0,1,0,89,18,9,0,0,34,0.040946695327757715,0.23246462717258992,0.0,0.0,0.99,8,linear
q_learning,sparse_eps-linear_seed1,sparse,1,4a77b6e251,641,225,-11.250000000000025,-10.850000000000023,0.7100238095238095,0.15,0,out_of_energy,0,0,1,0,113,10,0,0,0,51,0.04134643801267952,0.18180664377280326,0.0,0.0,0.99,8,linear
q_learning,sparse_eps-linear_seed1,sparse,1,4a77b6e251,642,225,-11.250000000000025,-10.850000000000025,0.7095714285714285,0.15,0,out_of_energy,0,0,1,0,98,19,2,0,0,37,0.04108772431498895,0.3019866125989887,0.0,0.0,0.99,8,linear
q_learning,sparse_eps-linear_seed1,sparse,1,4a77b6e251,643,225,-11.250000000000025,-10.850000000000023,0.7091190476190476,0.15,0,out_of_energy,0,0,1,0,84,16,0,0,0,46,0.038697946473598074,0.15986166427425497,0.0,0.0,0.99,8,linear
q_learning,sparse_eps-linear_seed1,sparse,1,4a77b6e251,644,225,-11.250000000000025,-10.850000000000025,0.7086666666666668,0.15,0,out_of_energy,0,0,1,0,90,18,0,0,0,40,0.04044614155258955,0.19330995769449888,0.0,0.0,0.99,8,linear
q_learning,sparse_eps-linear_seed1,sparse,1,4a77b6e251,645,225,-11.250000000000025,-10.850000000000023,0.7082142857142857,0.15,0,out_of_energy,0,0,1,0,87,12,0,0,0,46,0.03884066341025733,0.2183366975969069,0.0,0.0,0.99,8,linear
q_learning,sparse_eps-linear_seed1,sparse,1,4a77b6e251,646,225,-11.250000000000025,-10.850000000000025,0.7077619047619048,0.15,0,out_of_energy,0,0,1,0,103,14,0,0,0,41,0.0380568976937868,0.1865125193884013,0.0,0.0,0.99,8,linear
q_learning,sparse_eps-linear_seed1,sparse,1,4a77b6e251,647,225,-11.250000000000025,-10.850000000000023,0.7073095238095238,0.15,0,out_of_energy,0,0,1,0,104,14,0,0,0,61,0.03981308549482764,0.18683589705690778,0.0,0.0,0.99,8,linear
q_learning,sparse_eps-linear_seed1,sparse,1,4a77b6e251,648,225,-11.250000000000025,-10.850000000000025,0.7068571428571429,0.15,0,out_of_energy,0,0,1,0,116,15,0,0,0,52,0.0378026741669843,0.15737509536036576,0.0,0.0,0.99,8,linear
q_learning,sparse_eps-linear_seed1,sparse,1,4a77b6e251,649,225,-11.250000000000025,-10.850000000000023,0.7064047619047619,0.15,0,out_of_energy,0,0,1,0,107,12,0,0,0,40,0.03752735025033798,0.1429216363908526,0.0,0.0,0.99,8,linear
q_learning,sparse_eps-linear_seed1,sparse,1,4a77b6e251,650,225,-11.250000000000025,-10.950000000000022,0.7059523809523809,0.15,0,out_of_energy,0,0,1,0,89,8,0,0,0,52,0.03897829952729804,0.161204857408296,0.0,0.0,0.99,8,linear
q_learning,sparse_eps-linear_seed1,sparse,1,4a77b6e251,651,225,-11.250000000000025,-10.950000000000022,0.7055,0.15,0,out_of_energy,0,0,1,0,95,17,0,0,0,41,0.038787665444029056,0.21182397292356525,0.0,0.0,0.99,8,linear
q_learning,sparse_eps-linear_seed1,sparse,1,4a77b6e251,652,225,-11.250000000000025,-10.950000000000024,0.7050476190476191,0.15,0,out_of_energy,0,0,1,0,109,4,0,0,0,39,0.037113610348593645,0.15221867192142596,0.0,0.0,0.99,8,linear
q_learning,sparse_eps-linear_seed1,sparse,1,4a77b6e251,653,225,-11.250000000000025,-10.950000000000022,0.704595238095238,0.15,0,out_of_energy,0,0,1,0,101,12,0,0,0,51,0.04101511068538521,0.2068211149021587,0.0,0.0,0.99,8,linear
q_learning,sparse_eps-linear_seed1,sparse,1,4a77b6e251,654,225,-11.250000000000025,-10.950000000000022,0.7041428571428572,0.15,0,out_of_energy,0,0,1,0,107,3,0,0,0,43,0.040596518207491564,0.24252093858248158,0.0,0.0,0.99,8,linear
q_learning,sparse_eps-linear_seed1,sparse,1,4a77b6e251,655,225,-11.250000000000025,-10.950000000000022,0.7036904761904762,0.15,0,out_of_energy,0,0,1,0,107,37,0,0,0,37,0.038102560427706274,0.25177996606954917,0.0,0.0,0.99,8,linear
q_learning,sparse_eps-linear_seed1,sparse,1,4a77b6e251,656,225,-11.250000000000025,-10.950000000000022,0.7032380952380952,0.15,0,out_of_energy,0,0,1,0,104,17,0,0,0,42,0.0376845973958048,0.16699607499505248,0.0,0.0,0.99,8,linear
q_learning,sparse_eps-linear_seed1,sparse,1,4a77b6e251,657,225,-1.2499999999999991,-10.850000000000023,0.7027857142857143,0.15,0,out_of_energy,0,0,1,0,116,8,0,0,1,44,0.10158662791812291,7.18256375,0.0,0.0,0.99,8,linear
q_learning,sparse_eps-linear_seed1,sparse,1,4a77b6e251,658,225,-11.250000000000025,-10.850000000000023,0.7023333333333333,0.15,0,out_of_energy,0,0,1,0,92,16,0,0,0,41,0.03767842409400651,0.2298886036769764,0.0,0.0,0.99,8,linear
q_learning,sparse_eps-linear_seed1,sparse,1,4a77b6e251,659,225,-1.2500000000000133,-10.750000000000023,0.7018809523809524,0.15,0,out_of_energy,0,0,1,0,108,4,0,0,1,39,0.08217231782188802,8.430388205173552,0.0,0.0,0.99,8,linear
q_learning,sparse_eps-linear_seed1,sparse,1,4a77b6e251,660,225,-11.250000000000025,-10.750000000000023,0.7014285714285715,0.15,0,out_of_energy,0,0,1,0,90,31,0,0,0,47,0.03907235847921447,0.2089565008419993,0.0,0.0,0.99,8,linear
q_learning,sparse_eps-linear_seed1,sparse,1,4a77b6e251,661,225,-11.250000000000025,-10.750000000000023,0.7009761904761905,0.15,0,out_of_energy,0,0,1,0,125,23,0,0,0,38,0.03995500166043507,0.28562632689810474,0.0,0.0,0.99,8,linear
q_learning,sparse_eps-linear_seed1,sparse,1,4a77b6e251,662,225,-11.250000000000025,-10.750000000000023,0.7005238095238095,0.15,0,out_of_energy,0,0,1,0,119,6,0,0,0,56,0.04022258762939288,0.24191533696784745,0.0,0.0,0.99,8,linear
q_learning,sparse_eps-linear_seed1,sparse,1,4a77b6e251,663,225,-11.250000000000025,-10.750000000000023,0.7000714285714286,0.15,0,out_of_energy,0,0,1,0,99,14,0,0,0,48,0.038359223885335275,0.36833574807817515,0.0,0.0,0.99,8,linear
q_learning,sparse_eps-linear_seed1,sparse,1,4a77b6e251,664,225,-11.250000000000025,-10.850000000000023,0.6996190476190476,0.15,0,out_of_energy,0,0,1,0,91,15,0,0,0,37,0.03738824580689749,0.1708373484458789,0.0,0.0,0.99,8,linear
q_learning,sparse_eps-linear_seed1,sparse,1,4a77b6e251,665,225,-11.250000000000025,-10.850000000000025,0.6991666666666667,0.15,0,out_of_energy,0,0,1,0,110,14,0,0,0,45,0.03699179923929997,0.1588169993531191,0.0,0.0,0.99,8,linear
q_learning,sparse_eps-linear_seed1,sparse,1,4a77b6e251,666,225,-11.250000000000025,-10.850000000000023,0.6987142857142857,0.15,0,out_of_energy,0,0,1,0,106,3,0,0,0,43,0.03857348967578348,0.20073588027618205,0.0,0.0,0.99,8,linear
q_learning,sparse_eps-linear_seed1,sparse,1,4a77b6e251,667,225,-11.250000000000025,-10.850000000000025,0.6982619047619048,0.15,0,out_of_energy,0,0,1,0,99,18,2,0,0,43,0.04135066136564296,0.24890230376491435,0.0,0.0,0.99,8,linear
q_learning,sparse_eps-linear_seed1,sparse,1,4a77b6e251,668,225,-11.250000000000025,-10.850000000000023,0.6978095238095239,0.15,0,out_of_energy,0,0,1,0,84,15,0,0,0,46,0.03996263611183001,0.2143777710178723,0.0,0.0,0.99,8,linear
q_learning,sparse_eps-linear_seed1,sparse,1,4a77b6e251,669,225,-11.250000000000025,-10.850000000000025,0.6973571428571429,0.15,0,out_of_energy,0,0,1,0,100,5,0,0,0,44,0.040676192460110325,0.2273941051646795,0.0,0.0,0.99,8,linear
q_learning,sparse_eps-linear_seed1,sparse,1,4a77b6e251,670,225,-11.250000000000025,-10.850000000000023,0.6969047619047619,0.15,0,out_of_energy,0,0,1,0,91,11,2,0,0,48,0.038703309080498245,0.19563911015672264,0.0,0.0,0.99,8,linear
q_learning,sparse_eps-linear_seed1,sparse,1,4a77b6e251,671,225,-11.250000000000025,-10.850000000000025,0.6964523809523809,0.15,0,out_of_energy,0,0,1,0,106,15,0,0,0,29,0.03803107195455464,0.1935070130694418,0.0,0.0,0.99,8,linear
q_learning,sparse_eps-linear_seed1,sparse,1,4a77b6e251,672,225,-11.250000000000025,-10.850000000000023,0.696,0.15,0,out_of_energy,0,0,1,0,95,20,0,0,0,29,0.04089045469286921,0.22030622838536223,0.0,0.0,0.99,8,linear
q_learning,sparse_eps-linear_seed1,sparse,1,4a77b6e251,673,225,-11.250000000000025,-10.850000000000025,0.6955476190476191,0.15,0,out_of_energy,0,0,1,0,100,26,0,0,0,43,0.04011072753064058,0.2473070159588984,0.0,0.0,0.99,8,linear
q_learning,sparse_eps-linear_seed1,sparse,1,4a77b6e251,674,225,-11.250000000000025,-10.850000000000023,0.6950952380952382,0.15,0,out_of_energy,0,0,1,0,96,18,0,0,0,44,0.03945909656483966,0.14702723845788424,0.0,0.0,0.99,8,linear
q_learning,sparse_eps-linear_seed1,sparse,1,4a77b6e251,675,225,-11.250000000000025,-10.850000000000025,0.6946428571428571,0.15,0,out_of_energy,0,0,1,0,119,13,0,0,0,47,0.04235370434576487,0.2186537387975156,0.0,0.0,0.99,8,linear
q_learning,sparse_eps-linear_seed1,sparse,1,4a77b6e251,676,225,-11.250000000000025,-10.850000000000023,0.6941904761904762,0.15,0,out_of_energy,0,0,1,0,108,1,0,0,0,49,0.0367511596401045,0.14803519537495435,0.0,0.0,0.99,8,linear
q_learning,sparse_eps-linear_seed1,sparse,1,4a77b6e251,677,225,-11.250000000000025,-10.850000000000025,0.6937380952380953,0.15,0,out_of_energy,0,0,1,0,96,20,0,0,0,50,0.03781837686341528,0.16567347249169778,0.0,0.0,0.99,8,linear
q_learning,sparse_eps-linear_seed1,sparse,1,4a77b6e251,678,225,-11.250000000000025,-10.850000000000025,0.6932857142857143,0.15,0,out_of_energy,0,0,1,0,97,7,0,0,0,43,0.0396789838745518,0.21224279399675627,0.0,0.0,0.99,8,linear
q_learning,sparse_eps-linear_seed1,sparse,1,4a77b6e251,679,225,-11.250000000000025,-10.850000000000025,0.6928333333333334,0.15,0,out_of_energy,0,0,1,0,87,7,12,0,0,41,0.03790446031073053,0.1585778382053955,0.0,0.0,0.99,8,linear
q_learning,sparse_eps-linear_seed1,sparse,1,4a77b6e251,680,225,-11.250000000000025,-10.850000000000025,0.6923809523809523,0.15,0,out_of_energy,0,0,1,0,95,24,0,0,0,44,0.04015386490774639,0.20987075539179734,0.0,0.0,0.99,8,linear
q_learning,sparse_eps-linear_seed1,sparse,1,4a77b6e251,681,225,-11.250000000000025,-10.850000000000025,0.6919285714285714,0.15,0,out_of_energy,0,0,1,0,90,6,1,0,0,52,0.03907743035683394,0.19421806710097428,0.0,0.0,0.99,8,linear
q_learning,sparse_eps-linear_seed1,sparse,1,4a77b6e251,682,225,-11.250000000000025,-10.850000000000025,0.6914761904761906,0.15,0,out_of_energy,0,0,1,0,110,18,0,0,0,36,0.03750845573705148,0.1669288754760863,0.0,0.0,0.99,8,linear
q_learning,sparse_eps-linear_seed1,sparse,1,4a77b6e251,683,225,-11.250000000000025,-10.850000000000025,0.6910238095238095,0.15,0,out_of_energy,0,0,1,0,111,2,0,0,0,41,0.04151315092133107,0.26712332064582134,0.0,0.0,0.99,8,linear
q_learning,sparse_eps-linear_seed1,sparse,1,4a77b6e251,684,225,-1.2499999999999905,-10.750000000000025,0.6905714285714286,0.15,0,out_of_energy,0,0,1,0,120,11,0,0,1,43,0.09670002327448446,6.091463541875,0.0,0.0,0.99,8,linear
q_learning,sparse_eps-linear_seed1,sparse,1,4a77b6e251,685,225,-11.250000000000025,-10.750000000000025,0.6901190476190476,0.15,0,out_of_energy,0,0,1,0,94,11,0,0,0,49,0.03799340143000339,0.18346551211546636,0.0,0.0,0.99,8,linear
q_learning,sparse_eps-linear_seed1,sparse,1,4a77b6e251,686,225,-11.250000000000025,-10.750000000000025,0.6896666666666667,0.15,0,out_of_energy,0,0,1,0,95,23,0,0,0,45,0.03886367871889781,0.20934246391877126,0.0,0.0,0.99,8,linear
q_learning,sparse_eps-linear_seed1,sparse,1,4a77b6e251,687,225,-11.250000000000025,-10.750000000000025,0.6892142857142858,0.15,0,out_of_energy,0,0,1,0,95,7,0,0,0,50,0.04215103897644852,0.17915060672330102,0.0,0.0,0.99,8,linear
q_learning,sparse_eps-linear_seed1,sparse,1,4a77b6e251,688,225,-11.250000000000025,-10.750000000000023,0.6887619047619047,0.15,0,out_of_energy,0,0,1,0,103,12,0,0,0,47,0.039639425351936715,0.19181628920250426,0.0,0.0,0.99,8,linear
q_learning,sparse_eps-linear_seed1,sparse,1,4a77b6e251,689,225,-11.250000000000025,-10.750000000000023,0.6883095238095238,0.15,0,out_of_energy,0,0,1,0,88,6,0,0,0,40,0.03763434648799783,0.16518016621921305,0.0,0.0,0.99,8,linear
q_learning,sparse_eps-linear_seed1,sparse,1,4a77b6e251,690,225,-11.250000000000025,-10.750000000000025,0.687857142857143,0.15,0,out_of_energy,0,0,1,0,92,1,0,0,0,36,0.03870138389567927,0.2162740697844658,0.0,0.0,0.99,8,linear
q_learning,sparse_eps-linear_seed1,sparse,1,4a77b6e251,691,225,-11.250000000000025,-10.750000000000023,0.6874047619047619,0.15,0,out_of_energy,0,0,1,0,84,24,3,0,0,31,0.039644093748084135,0.20720044441977395,0.0,0.0,0.99,8,linear
q_learning,sparse_eps-linear_seed1,sparse,1,4a77b6e251,692,225,-11.250000000000025,-10.750000000000023,0.686952380952381,0.15,0,out_of_energy,0,0,1,0,90,12,0,0,0,38,0.04026343013738844,0.3210135098212421,0.0,0.0,0.99,8,linear
q_learning,sparse_eps-linear_seed1,sparse,1,4a77b6e251,693,225,-11.250000000000025,-10.750000000000023,0.6865,0.15,0,out_of_energy,0,0,1,0,81,22,0,0,0,49,0.039974047810691186,0.16665639982746175,0.0,0.0,0.99,8,linear
q_learning,sparse_eps-linear_seed1,sparse,1,4a77b6e251,694,225,-11.250000000000025,-10.750000000000025,0.686047619047619,0.15,0,out_of_energy,0,0,1,0,91,15,1,0,0,46,0.04059732204552354,0.20496038628914434,0.0,0.0,0.99,8,linear
q_learning,sparse_eps-linear_seed1,sparse,1,4a77b6e251,695,225,-11.250000000000025,-10.750000000000023,0.6855952380952381,0.15,0,out_of_energy,0,0,1,0,104,5,0,0,0,48,0.039134552846290076,0.18220157081600785,0.0,0.0,0.99,8,linear
q_learning,sparse_eps-linear_seed1,sparse,1,4a77b6e251,696,225,-11.250000000000025,-10.750000000000023,0.6851428571428572,0.15,0,out_of_energy,0,0,1,0,96,5,4,0,0,38,0.04199722115373123,0.17858718487028363,0.0,0.0,0.99,8,linear
q_learning,sparse_eps-linear_seed1,sparse,1,4a77b6e251,697,225,-11.250000000000025,-10.750000000000023,0.6846904761904762,0.15,0,out_of_energy,0,0,1,0,102,9,0,0,0,49,0.040270970244561034,0.1677530071490472,0.0,0.0,0.99,8,linear
q_learning,sparse_eps-linear_seed1,sparse,1,4a77b6e251,698,225,-11.250000000000025,-10.750000000000025,0.6842380952380953,0.15,0,out_of_energy,0,0,1,0,106,12,0,0,0,42,0.03773795405361583,0.19422594162418655,0.0,0.0,0.99,8,linear
q_learning,sparse_eps-linear_seed1,sparse,1,4a77b6e251,699,225,-11.250000000000025,-10.750000000000023,0.6837857142857143,0.15,0,out_of_energy,0,0,1,0,87,22,1,0,0,38,0.03891752130821781,0.16518850379502076,0.0,0.0,0.99,8,linear
q_learning,sparse_eps-linear_seed1,sparse,1,4a77b6e251,700,225,-11.250000000000025,-10.750000000000023,0.6833333333333333,0.15,0,out_of_energy,0,0,1,0,126,10,0,0,0,46,0.04138414733319933,0.20711671220560107,0.0,0.0,0.99,8,linear
q_learning,sparse_eps-linear_seed1,sparse,1,4a77b6e251,701,225,-11.250000000000025,-10.750000000000023,0.6828809523809524,0.15,0,out_of_energy,0,0,1,0,101,13,0,0,0,49,0.04094325235959543,0.21545373075610397,0.0,0.0,0.99,8,linear
q_learning,sparse_eps-linear_seed1,sparse,1,4a77b6e251,702,225,-11.250000000000025,-10.850000000000025,0.6824285714285714,0.15,0,out_of_energy,0,0,1,0,105,2,0,0,0,58,0.03969874044436771,0.16425804426713256,0.0,0.0,0.99,8,linear
q_learning,sparse_eps-linear_seed1,sparse,1,4a77b6e251,703,225,-11.250000000000025,-10.850000000000023,0.6819761904761905,0.15,0,out_of_energy,0,0,1,0,95,23,0,0,0,65,0.03907899884953194,0.1658762526800726,0.0,0.0,0.99,8,linear
q_learning,sparse_eps-linear_seed1,sparse,1,4a77b6e251,704,225,-11.250000000000025,-10.850000000000025,0.6815238095238095,0.15,0,out_of_energy,0,0,1,0,91,25,1,0,0,47,0.03816925544591204,0.19693131893780358,0.0,0.0,0.99,8,linear
q_learning,sparse_eps-linear_seed1,sparse,1,4a77b6e251,705,225,-11.250000000000025,-10.850000000000025,0.6810714285714285,0.15,0,out_of_energy,0,0,1,0,107,40,0,0,0,63,0.03829017951567878,0.17957398695731103,0.0,0.0,0.99,8,linear
q_learning,sparse_eps-linear_seed1,sparse,1,4a77b6e251,706,225,-11.250000000000025,-10.850000000000025,0.6806190476190477,0.15,0,out_of_energy,0,0,1,0,88,16,0,0,0,49,0.03963697568476155,0.16451718158989453,0.0,0.0,0.99,8,linear
q_learning,sparse_eps-linear_seed1,sparse,1,4a77b6e251,707,225,-11.250000000000025,-10.850000000000023,0.6801666666666667,0.15,0,out_of_energy,0,0,1,0,78,2,0,0,0,45,0.0396835285668273,0.1599457614350096,0.0,0.0,0.99,8,linear
q_learning,sparse_eps-linear_seed1,sparse,1,4a77b6e251,708,225,-11.250000000000025,-10.850000000000025,0.6797142857142857,0.15,0,out_of_energy,0,0,1,0,98,18,0,0,0,43,0.04199269223337834,0.22195292220740342,0.0,0.0,0.99,8,linear
q_learning,sparse_eps-linear_seed1,sparse,1,4a77b6e251,709,225,-11.250000000000025,-10.850000000000025,0.6792619047619048,0.15,0,out_of_energy,0,0,1,0,86,16,0,0,0,46,0.03935026305660259,0.17443652961979672,0.0,0.0,0.99,8,linear
q_learning,sparse_eps-linear_seed1,sparse,1,4a77b6e251,710,225,-11.250000000000025,-10.850000000000025,0.6788095238095238,0.15,0,out_of_energy,0,0,1,0,106,5,0,0,0,44,0.03835581639426849,0.13987404287106625,0.0,0.0,0.99,8,linear
q_learning,sparse_eps-linear_seed1,sparse,1,4a77b6e251,711,225,-11.250000000000025,-10.850000000000023,0.6783571428571429,0.15,0,out_of_energy,0,0,1,0,98,34,0,0,0,33,0.04025638333703206,0.1858335654162222,0.0,0.0,0.99,8,linear
q_learning,sparse_eps-linear_seed1,sparse,1,4a77b6e251,712,225,-11.250000000000025,-10.850000000000025,0.6779047619047619,0.15,0,out_of_energy,0,0,1,0,97,9,1,0,0,52,0.038545770500536244,0.17736694977149559,0.0,0.0,0.99,8,linear
q_learning,sparse_eps-linear_seed1,sparse,1,4a77b6e251,713,225,-11.250000000000025,-10.850000000000025,0.6774523809523809,0.15,0,out_of_energy,0,0,1,0,114,18,0,0,0,58,0.0426454758935962,0.22237839975255874,0.0,0.0,0.99,8,linear
q_learning,sparse_eps-linear_seed1,sparse,1,4a77b6e251,714,225,-11.250000000000025,-10.850000000000025,0.677,0.15,0,out_of_energy,0,0,1,0,92,21,3,0,0,41,0.03999333600791777,0.22486257607017746,0.0,0.0,0.99,8,linear
q_learning,sparse_eps-linear_seed1,sparse,1,4a77b6e251,715,225,-11.250000000000025,-10.850000000000023,0.6765476190476191,0.15,0,out_of_energy,0,0,1,0,80,11,0,0,0,39,0.043002002024522805,0.24626178629572737,0.0,0.0,0.99,8,linear
q_learning,sparse_eps-linear_seed1,sparse,1,4a77b6e251,716,225,-11.250000000000025,-10.850000000000025,0.6760952380952381,0.15,0,out_of_energy,0,0,1,0,83,2,6,0,0,54,0.03801578497768771,0.18512389873568463,0.0,0.0,0.99,8,linear
q_learning,sparse_eps-linear_seed1,sparse,1,4a77b6e251,717,225,-11.250000000000025,-10.850000000000025,0.6756428571428572,0.15,0,out_of_energy,0,0,1,0,94,10,0,0,0,54,0.040176539573357865,0.28679396607107266,0.0,0.0,0.99,8,linear
q_learning,sparse_eps-linear_seed1,sparse,1,4a77b6e251,718,225,-11.250000000000025,-10.850000000000025,0.6751904761904762,0.15,0,out_of_energy,0,0,1,0,87,8,0,0,0,53,0.0393132831022836,0.18770490387337435,0.0,0.0,0.99,8,linear
q_learning,sparse_eps-linear_seed1,sparse,1,4a77b6e251,719,225,-11.250000000000025,-10.950000000000022,0.6747380952380952,0.15,0,out_of_energy,0,0,1,0,86,23,0,0,0,37,0.03834228424083357,0.17450212187686903,0.0,0.0,0.99,8,linear
q_learning,sparse_eps-linear_seed1,sparse,1,4a77b6e251,720,225,-1.2499999999999911,-10.850000000000025,0.6742857142857144,0.15,0,out_of_energy,0,0,1,0,104,9,0,0,1,38,0.12470796771122919,5.160032850974403,0.0,0.0,0.99,8,linear
q_learning,sparse_eps-linear_seed1,sparse,1,4a77b6e251,721,225,-11.250000000000025,-10.850000000000023,0.6738333333333333,0.15,0,out_of_energy,0,0,1,0,97,14,0,0,0,42,0.03723037258484733,0.16859986760647677,0.0,0.0,0.99,8,linear
q_learning,sparse_eps-linear_seed1,sparse,1,4a77b6e251,722,225,-11.250000000000025,-10.850000000000025,0.6733809523809524,0.15,0,out_of_energy,0,0,1,0,88,10,0,0,0,45,0.03878532904013365,0.25389069068090936,0.0,0.0,0.99,8,linear
q_learning,sparse_eps-linear_seed1,sparse,1,4a77b6e251,723,225,-11.250000000000025,-10.850000000000023,0.6729285714285714,0.15,0,out_of_energy,0,0,1,0,97,12,1,0,0,38,0.039246978321760925,0.21712457381397865,0.0,0.0,0.99,8,linear
q_learning,sparse_eps-linear_seed1,sparse,1,4a77b6e251,724,225,-11.250000000000025,-10.850000000000023,0.6724761904761904,0.15,0,out_of_energy,0,0,1,0,116,8,0,0,0,44,0.03896453072844676,0.15957772861055702,0.0,0.0,0.99,8,linear
q_learning,sparse_eps-linear_seed1,sparse,1,4a77b6e251,725,225,-1.249999999999982,-10.750000000000023,0.6720238095238096,0.15,0,out_of_energy,0,0,1,0,104,9,0,0,1,46,0.08478789688094486,9.927758395793749,0.0,0.0,0.99,8,linear
q_learning,sparse_eps-linear_seed1,sparse,1,4a77b6e251,726,225,-11.250000000000025,-10.750000000000023,0.6715714285714286,0.15,0,out_of_energy,0,0,1,0,98,14,0,0,0,48,0.0382304379460585,0.17404848795936917,0.0,0.0,0.99,8,linear
q_learning,sparse_eps-linear_seed1,sparse,1,4a77b6e251,727,225,-11.250000000000025,-10.750000000000023,0.6711190476190476,0.15,0,out_of_energy,0,0,1,0,109,11,0,0,0,43,0.04051989267411284,0.22589760296247446,0.0,0.0,0.99,8,linear
q_learning,sparse_eps-linear_seed1,sparse,1,4a77b6e251,728,225,-1.250000000000002,-10.650000000000023,0.6706666666666667,0.15,0,out_of_energy,0,0,1,0,101,23,0,0,1,54,0.11077718934861483,5.4181142651100656,0.0,0.0,0.99,8,linear
q_learning,sparse_eps-linear_seed1,sparse,1,4a77b6e251,729,225,-11.250000000000025,-10.650000000000023,0.6702142857142857,0.15,0,out_of_energy,0,0,1,0,102,4,0,0,0,53,0.04097671836121163,0.2511374690621087,0.0,0.0,0.99,8,linear
q_learning,sparse_eps-linear_seed1,sparse,1,4a77b6e251,730,225,-11.250000000000025,-10.650000000000023,0.6697619047619048,0.15,0,out_of_energy,0,0,1,0,93,14,0,0,0,42,0.03985358780005795,0.2353578679874417,0.0,0.0,0.99,8,linear
q_learning,sparse_eps-linear_seed1,sparse,1,4a77b6e251,731,225,-11.250000000000025,-10.650000000000023,0.6693095238095239,0.15,0,out_of_energy,0,0,1,0,93,4,0,0,0,32,0.03658081897477555,0.18609537355994638,0.0,0.0,0.99,8,linear
q_learning,sparse_eps-linear_seed1,sparse,1,4a77b6e251,732,225,-11.250000000000025,-10.650000000000025,0.6688571428571428,0.15,0,out_of_energy,0,0,1,0,107,6,0,0,0,39,0.03700192587485538,0.15416171719271493,0.0,0.0,0.99,8,linear
q_learning,sparse_eps-linear_seed1,sparse,1,4a77b6e251,733,225,-1.2500000000000182,-10.550000000000026,0.668404761904762,0.15,0,out_of_energy,0,0,1,0,92,7,0,0,1,35,0.08485795745550373,7.1238810513474204,0.0,0.0,0.99,8,linear
q_learning,sparse_eps-linear_seed1,sparse,1,4a77b6e251,734,225,-11.250000000000025,-10.550000000000022,0.667952380952381,0.15,0,out_of_energy,0,0,1,0,88,28,0,0,0,39,0.03734470812036523,0.1885632452062379,0.0,0.0,0.99,8,linear
q_learning,sparse_eps-linear_seed1,sparse,1,4a77b6e251,735,225,-1.2499999999999822,-10.450000000000022,0.6675,0.15,0,out_of_energy,0,0,1,0,106,8,0,0,1,40,0.08400832299277751,8.427091807398124,0.0,0.0,0.99,8,linear
q_learning,sparse_eps-linear_seed1,sparse,1,4a77b6e251,736,225,-11.250000000000025,-10.450000000000024,0.6670476190476191,0.15,0,out_of_energy,0,0,1,0,103,1,0,0,0,42,0.040377189457141714,0.26396182732616336,0.0,0.0,0.99,8,linear
q_learning,sparse_eps-linear_seed1,sparse,1,4a77b6e251,737,225,-11.250000000000025,-10.450000000000024,0.6665952380952381,0.15,0,out_of_energy,0,0,1,0,102,22,0,0,0,45,0.04122656819845473,0.2330860953963637,0.0,0.0,0.99,8,linear
q_learning,sparse_eps-linear_seed1,sparse,1,4a77b6e251,738,225,-11.250000000000025,-10.450000000000022,0.6661428571428571,0.15,0,out_of_energy,0,0,1,0,106,17,0,0,0,42,0.03988840177721598,0.18307901721592001,0.0,0.0,0.99,8,linear
q_learning,sparse_eps-linear_seed1,sparse,1,4a77b6e251,739,225,-11.250000000000025,-10.450000000000022,0.6656904761904763,0.15,0,out_of_energy,0,0,1,0,117,0,0,0,0,38,0.038522348479862245,0.1730492990914952,0.0,0.0,0.99,8,linear
q_learning,sparse_eps-linear_seed1,sparse,1,4a77b6e251,740,225,-11.250000000000025,-10.450000000000024,0.6652380952380952,0.15,0,out_of_energy,0,0,1,0,104,2,0,0,0,53,0.040811727209321524,0.1788694474604779,0.0,0.0,0.99,8,linear
q_learning,sparse_eps-linear_seed1,sparse,1,4a77b6e251,741,225,-11.250000000000025,-10.450000000000022,0.6647857142857143,0.15,0,out_of_energy,0,0,1,0,105,38,2,0,0,41,0.041599194706637595,0.19812318108690913,0.0,0.0,0.99,8,linear
q_learning,sparse_eps-linear_seed1,sparse,1,4a77b6e251,742,225,-11.250000000000025,-10.450000000000022,0.6643333333333333,0.15,0,out_of_energy,0,0,1,0,117,20,0,0,0,53,0.04288484906564417,0.2171452404166921,0.0,0.0,0.99,8,linear
q_learning,sparse_eps-linear_seed1,sparse,1,4a77b6e251,743,225,-11.250000000000025,-10.450000000000022,0.6638809523809523,0.15,0,out_of_energy,0,0,1,0,94,26,0,0,0,39,0.040534381762650916,0.2003350198753755,0.0,0.0,0.99,8,linear
q_learning,sparse_eps-linear_seed1,sparse,1,4a77b6e251,744,225,-11.250000000000025,-10.450000000000024,0.6634285714285715,0.15,0,out_of_energy,0,0,1,0,110,71,0,0,0,47,0.041202202294306337,0.24187541213156163,0.0,0.0,0.99,8,linear
q_learning,sparse_eps-linear_seed1,sparse,1,4a77b6e251,745,225,-11.250000000000025,-10.450000000000022,0.6629761904761905,0.15,0,out_of_energy,0,0,1,0,82,23,3,0,0,48,0.03714872348369767,0.1848579556986823,0.0,0.0,0.99,8,linear
q_learning,sparse_eps-linear_seed1,sparse,1,4a77b6e251,746,225,-11.250000000000025,-10.450000000000022,0.6625238095238095,0.15,0,out_of_energy,0,0,1,0,99,12,1,0,0,33,0.039532721790038215,0.2121424049397107,0.0,0.0,0.99,8,linear
q_learning,sparse_eps-linear_seed1,sparse,1,4a77b6e251,747,225,-11.250000000000025,-10.450000000000022,0.6620714285714286,0.15,0,out_of_energy,0,0,1,0,103,22,0,0,0,51,0.03958622433827664,0.19356607896131034,0.0,0.0,0.99,8,linear
q_learning,sparse_eps-linear_seed1,sparse,1,4a77b6e251,748,225,-11.250000000000025,-10.450000000000024,0.6616190476190477,0.15,0,out_of_energy,0,0,1,0,96,13,7,0,0,35,0.0403291197787244,0.1753018852773342,0.0,0.0,0.99,8,linear
q_learning,sparse_eps-linear_seed1,sparse,1,4a77b6e251,749,225,-11.250000000000025,-10.450000000000022,0.6611666666666667,0.15,0,out_of_energy,0,0,1,0,85,1,2,0,0,44,0.04367620949526515,0.3018446881273499,0.0,0.0,0.99,8,linear
q_learning,sparse_eps-linear_seed1,sparse,1,4a77b6e251,750,225,-11.250000000000025,-10.450000000000022,0.6607142857142857,0.15,0,out_of_energy,0,0,1,0,94,31,0,0,0,44,0.04147233316939411,0.22282033712287788,0.0,0.0,0.99,8,linear
q_learning,sparse_eps-linear_seed1,sparse,1,4a77b6e251,751,225,-11.250000000000025,-10.450000000000022,0.6602619047619047,0.15,0,out_of_energy,0,0,1,0,94,11,0,0,0,53,0.037350345934948126,0.16761003513219602,0.0,0.0,0.99,8,linear
q_learning,sparse_eps-linear_seed1,sparse,1,4a77b6e251,752,225,-11.250000000000025,-10.450000000000024,0.6598095238095238,0.15,0,out_of_energy,0,0,1,0,105,3,0,0,0,54,0.04232067915903435,0.20263345698045232,0.0,0.0,0.99,8,linear
q_learning,sparse_eps-linear_seed1,sparse,1,4a77b6e251,753,225,-11.250000000000025,-10.450000000000022,0.6593571428571429,0.15,0,out_of_energy,0,0,1,0,121,17,0,0,0,43,0.03939635966585744,0.21097839528704132,0.0,0.0,0.99,8,linear
q_learning,sparse_eps-linear_seed1,sparse,1,4a77b6e251,754,225,-11.250000000000025,-10.450000000000022,0.6589047619047619,0.15,0,out_of_energy,0,0,1,0,94,39,0,0,0,51,0.04091738629447495,0.19555149817414225,0.0,0.0,0.99,8,linear
q_learning,sparse_eps-linear_seed1,sparse,1,4a77b6e251,755,225,-11.250000000000025,-10.450000000000022,0.658452380952381,0.15,0,out_of_energy,0,0,1,0,87,26,0,0,0,48,0.04222842352570241,0.29822737915200237,0.0,0.0,0.99,8,linear
q_learning,sparse_eps-linear_seed1,sparse,1,4a77b6e251,756,225,-1.2500000000000062,-10.350000000000025,0.658,0.15,0,out_of_energy,0,0,1,0,103,3,0,0,1,56,0.09658435728137735,6.048642182042624,0.0,0.0,0.99,8,linear
q_learning,sparse_eps-linear_seed1,sparse,1,4a77b6e251,757,225,-11.250000000000025,-10.450000000000022,0.657547619047619,0.15,0,out_of_energy,0,0,1,0,101,14,0,0,0,43,0.04024697461454123,0.2202132421211526,0.0,0.0,0.99,8,linear
q_learning,sparse_eps-linear_seed1,sparse,1,4a77b6e251,758,225,-11.250000000000025,-10.450000000000022,0.6570952380952382,0.15,0,out_of_energy,0,0,1,0,90,3,0,0,0,49,0.038628539115423355,0.18469254688135744,0.0,0.0,0.99,8,linear
q_learning,sparse_eps-linear_seed1,sparse,1,4a77b6e251,759,225,-11.250000000000025,-10.550000000000022,0.6566428571428571,0.15,0,out_of_energy,0,0,1,0,99,1,1,0,0,43,0.04035194231567267,0.28479522572711546,0.0,0.0,0.99,8,linear
q_learning,sparse_eps-linear_seed1,sparse,1,4a77b6e251,760,225,-11.250000000000025,-10.550000000000022,0.6561904761904762,0.15,0,out_of_energy,0,0,1,0,97,11,0,0,0,35,0.039454998945589306,0.20052364506890535,0.0,0.0,0.99,8,linear
q_learning,sparse_eps-linear_seed1,sparse,1,4a77b6e251,761,225,-1.2499999999999822,-10.450000000000022,0.6557380952380953,0.15,0,out_of_energy,0,0,1,0,102,18,0,0,1,51,0.08438532199316581,7.156243002003875,0.0,0.0,0.99,8,linear
q_learning,sparse_eps-linear_seed1,sparse,1,4a77b6e251,762,225,-11.250000000000025,-10.450000000000022,0.6552857142857142,0.15,0,out_of_energy,0,0,1,0,97,1,0,0,0,45,0.04002204950001439,0.19674716267604792,0.0,0.0,0.99,8,linear
q_learning,sparse_eps-linear_seed1,sparse,1,4a77b6e251,763,225,-11.250000000000025,-10.450000000000022,0.6548333333333334,0.15,0,out_of_energy,0,0,1,0,87,7,2,0,0,56,0.04019905052696156,0.191837355975995,0.0,0.0,0.99,8,linear
q_learning,sparse_eps-linear_seed1,sparse,1,4a77b6e251,764,225,-11.250000000000025,-10.450000000000022,0.6543809523809524,0.15,0,out_of_energy,0,0,1,0,103,0,0,0,0,50,0.039070540374714885,0.2208031719496658,0.0,0.0,0.99,8,linear
q_learning,sparse_eps-linear_seed1,sparse,1,4a77b6e251,765,225,-11.250000000000025,-10.450000000000022,0.6539285714285714,0.15,0,out_of_energy,0,0,1,0,102,36,0,0,0,53,0.042424151862458015,0.3617676628600811,0.0,0.0,0.99,8,linear
q_learning,sparse_eps-linear_seed1,sparse,1,4a77b6e251,766,225,-11.250000000000025,-10.450000000000022,0.6534761904761905,0.15,0,out_of_energy,0,0,1,0,81,7,0,0,0,44,0.037790242031772475,0.19481380918193208,0.0,0.0,0.99,8,linear
q_learning,sparse_eps-linear_seed1,sparse,1,4a77b6e251,767,225,-11.250000000000025,-10.450000000000022,0.6530238095238095,0.15,0,out_of_energy,0,0,1,0,102,3,0,0,0,39,0.03960113185518042,0.1772640956535802,0.0,0.0,0.99,8,linear
q_learning,sparse_eps-linear_seed1,sparse,1,4a77b6e251,768,225,-11.250000000000025,-10.450000000000022,0.6525714285714286,0.15,0,out_of_energy,0,0,1,0,91,21,0,0,0,51,0.03663079314977757,0.1569886648491538,0.0,0.0,0.99,8,linear
q_learning,sparse_eps-linear_seed1,sparse,1,4a77b6e251,769,225,-11.250000000000025,-10.450000000000022,0.6521190476190477,0.15,0,out_of_energy,0,0,1,0,108,3,0,0,0,49,0.0407567956848407,0.18322165018848724,0.0,0.0,0.99,8,linear
q_learning,sparse_eps-linear_seed1,sparse,1,4a77b6e251,770,225,-11.250000000000025,-10.450000000000022,0.6516666666666667,0.15,0,out_of_energy,0,0,1,0,106,8,0,0,0,47,0.03689787800691181,0.1844567436517482,0.0,0.0,0.99,8,linear
q_learning,sparse_eps-linear_seed1,sparse,1,4a77b6e251,771,225,-11.250000000000025,-10.450000000000022,0.6512142857142857,0.15,0,out_of_energy,0,0,1,0,89,34,0,0,0,37,0.0393798508003927,0.1703845781642434,0.0,0.0,0.99,8,linear
q_learning,sparse_eps-linear_seed1,sparse,1,4a77b6e251,772,225,-11.250000000000025,-10.450000000000022,0.6507619047619048,0.15,0,out_of_energy,0,0,1,0,103,1,0,0,0,42,0.04119503661932862,0.20390908145643272,0.0,0.0,0.99,8,linear
q_learning,sparse_eps-linear_seed1,sparse,1,4a77b6e251,773,225,-11.250000000000025,-10.450000000000022,0.6503095238095238,0.15,0,out_of_energy,0,0,1,0,98,29,0,0,0,56,0.03693622061011123,0.18813291052436987,0.0,0.0,0.99,8,linear
q_learning,sparse_eps-linear_seed1,sparse,1,4a77b6e251,774,225,-11.250000000000025,-10.450000000000022,0.6498571428571429,0.15,0,out_of_energy,0,0,1,0,103,28,0,0,0,51,0.04177954390421397,0.2487148057504373,0.0,0.0,0.99,8,linear
q_learning,sparse_eps-linear_seed1,sparse,1,4a77b6e251,775,225,-11.250000000000025,-10.450000000000022,0.6494047619047618,0.15,0,out_of_energy,0,0,1,0,101,8,0,0,0,45,0.04071374994125887,0.18542320853955419,0.0,0.0,0.99,8,linear
q_learning,sparse_eps-linear_seed1,sparse,1,4a77b6e251,776,225,-11.250000000000025,-10.450000000000022,0.648952380952381,0.15,0,out_of_energy,0,0,1,0,98,22,0,0,0,47,0.039651013085782796,0.1607577424402718,0.0,0.0,0.99,8,linear
q_learning,sparse_eps-linear_seed1,sparse,1,4a77b6e251,777,225,-11.250000000000025,-10.450000000000022,0.6485000000000001,0.15,0,out_of_energy,0,0,1,0,94,9,0,0,0,45,0.04057495792660815,0.19781183039455286,0.0,0.0,0.99,8,linear
q_learning,sparse_eps-linear_seed1,sparse,1,4a77b6e251,778,225,-11.250000000000025,-10.450000000000022,0.6480476190476191,0.15,0,out_of_energy,0,0,1,0,83,1,0,0,0,63,0.04147234089724008,0.21011300151258133,0.0,0.0,0.99,8,linear
q_learning,sparse_eps-linear_seed1,sparse,1,4a77b6e251,779,225,-11.250000000000025,-10.450000000000022,0.6475952380952381,0.15,0,out_of_energy,0,0,1,0,100,3,0,0,0,39,0.04176656174950862,0.2193058128446987,0.0,0.0,0.99,8,linear
q_learning,sparse_eps-linear_seed1,sparse,1,4a77b6e251,780,225,-11.250000000000025,-10.450000000000022,0.6471428571428571,0.15,0,out_of_energy,0,0,1,0,91,13,2,0,0,50,0.042367192193827105,0.20633333809861448,0.0,0.0,0.99,8,linear
q_learning,sparse_eps-linear_seed1,sparse,1,4a77b6e251,781,225,-11.250000000000025,-10.450000000000022,0.6466904761904761,0.15,0,out_of_energy,0,0,1,0,97,12,0,0,0,52,0.04034963710114173,0.19438680736179897,0.0,0.0,0.99,8,linear
q_learning,sparse_eps-linear_seed1,sparse,1,4a77b6e251,782,225,-11.250000000000025,-10.450000000000022,0.6462380952380953,0.15,0,out_of_energy,0,0,1,0,115,21,0,0,0,49,0.04111593264942718,0.3113910058529813,0.0,0.0,0.99,8,linear
q_learning,sparse_eps-linear_seed1,sparse,1,4a77b6e251,783,225,-11.250000000000025,-10.450000000000022,0.6457857142857144,0.15,0,out_of_energy,0,0,1,0,85,28,0,0,0,60,0.040610653115358844,0.2523693065192303,0.0,0.0,0.99,8,linear
q_learning,sparse_eps-linear_seed1,sparse,1,4a77b6e251,784,225,-11.250000000000025,-10.550000000000022,0.6453333333333333,0.15,0,out_of_energy,0,0,1,0,100,1,0,0,0,43,0.04090343647665512,0.26748025436238415,0.0,0.0,0.99,8,linear
q_learning,sparse_eps-linear_seed1,sparse,1,4a77b6e251,785,225,-11.250000000000025,-10.550000000000022,0.6448809523809524,0.15,0,out_of_energy,0,0,1,0,107,14,3,0,0,33,0.0412002450792115,0.34898096576623155,0.0,0.0,0.99,8,linear
q_learning,sparse_eps-linear_seed1,sparse,1,4a77b6e251,786,225,-11.250000000000025,-10.550000000000022,0.6444285714285715,0.15,0,out_of_energy,0,0,1,0,86,9,0,0,0,56,0.03830063522136497,0.19177691993228446,0.0,0.0,0.99,8,linear
q_learning,sparse_eps-linear_seed1,sparse,1,4a77b6e251,787,225,-11.250000000000025,-10.550000000000022,0.6439761904761905,0.15,0,out_of_energy,0,0,1,0,105,12,0,0,0,43,0.04190092445212212,0.2739327584243479,0.0,0.0,0.99,8,linear
q_learning,sparse_eps-linear_seed1,sparse,1,4a77b6e251,788,225,-11.250000000000025,-10.550000000000022,0.6435238095238095,0.15,0,out_of_energy,0,0,1,0,102,3,0,0,0,52,0.042050298821485345,0.27527177100705846,0.0,0.0,0.99,8,linear
q_learning,sparse_eps-linear_seed1,sparse,1,4a77b6e251,789,225,-11.250000000000025,-10.550000000000022,0.6430714285714285,0.15,0,out_of_energy,0,0,1,0,96,22,0,0,0,49,0.042800250597504697,0.3456875019424349,0.0,0.0,0.99,8,linear
q_learning,sparse_eps-linear_seed1,sparse,1,4a77b6e251,790,225,-11.250000000000025,-10.550000000000022,0.6426190476190476,0.15,0,out_of_energy,0,0,1,0,87,29,1,0,0,43,0.04003910480003204,0.20931090397809698,0.0,0.0,0.99,8,linear
q_learning,sparse_eps-linear_seed1,sparse,1,4a77b6e251,791,225,-11.250000000000025,-10.550000000000022,0.6421666666666668,0.15,0,out_of_energy,0,0,1,0,95,20,0,0,0,38,0.04264667862925137,0.21501673405459093,0.0,0.0,0.99,8,linear
q_learning,sparse_eps-linear_seed1,sparse,1,4a77b6e251,792,225,-11.250000000000025,-10.550000000000022,0.6417142857142857,0.15,0,out_of_energy,0,0,1,0,108,13,0,0,0,48,0.04282901366879317,0.32289206739080123,0.0,0.0,0.99,8,linear
q_learning,sparse_eps-linear_seed1,sparse,1,4a77b6e251,793,225,-11.250000000000025,-10.550000000000022,0.6412619047619048,0.15,0,out_of_energy,0,0,1,0,109,32,0,0,0,55,0.04214939640105609,0.21894812862313218,0.0,0.0,0.99,8,linear
q_learning,sparse_eps-linear_seed1,sparse,1,4a77b6e251,794,225,-11.250000000000025,-10.550000000000022,0.6408095238095238,0.15,0,out_of_energy,0,0,1,0,87,9,2,0,0,49,0.04157235476574169,0.3548424038411072,0.0,0.0,0.99,8,linear
q_learning,sparse_eps-linear_seed1,sparse,1,4a77b6e251,795,225,-11.250000000000025,-10.550000000000022,0.6403571428571428,0.15,0,out_of_energy,0,0,1,0,95,35,0,0,0,41,0.0417434736537181,0.28081600117238653,0.0,0.0,0.99,8,linear
q_learning,sparse_eps-linear_seed1,sparse,1,4a77b6e251,796,225,-11.250000000000025,-10.550000000000022,0.639904761904762,0.15,0,out_of_energy,0,0,1,0,77,9,3,0,0,42,0.041233602006537945,0.3164965724440686,0.0,0.0,0.99,8,linear
q_learning,sparse_eps-linear_seed1,sparse,1,4a77b6e251,797,225,-11.250000000000025,-10.550000000000022,0.6394523809523809,0.15,0,out_of_energy,0,0,1,0,103,3,0,0,0,45,0.0385126234030547,0.19394213802936822,0.0,0.0,0.99,8,linear
q_learning,sparse_eps-linear_seed1,sparse,1,4a77b6e251,798,225,-11.250000000000025,-10.550000000000022,0.639,0.15,0,out_of_energy,0,0,1,0,94,24,3,0,0,43,0.03843488636515185,0.17120477896709513,0.0,0.0,0.99,8,linear
q_learning,sparse_eps-linear_seed1,sparse,1,4a77b6e251,799,225,-1.2499999999999822,-10.450000000000022,0.6385476190476191,0.15,0,out_of_energy,0,0,1,0,101,23,0,0,1,40,0.08713131228855932,6.082217202637674,0.0,0.0,0.99,8,linear
q_learning,sparse_eps-linear_seed1,sparse,1,4a77b6e251,800,225,-11.250000000000025,-10.450000000000022,0.6380952380952382,0.15,0,out_of_energy,0,0,1,0,93,32,1,0,0,46,0.040896026716075465,0.2564846789178753,0.0,0.0,0.99,8,linear
q_learning,sparse_eps-linear_seed1,sparse,1,4a77b6e251,801,225,-1.2499999999999822,-10.350000000000023,0.6376428571428572,0.15,0,out_of_energy,0,0,1,0,97,19,0,0,1,43,0.08172857435294278,5.174342524180515,0.0,0.0,0.99,8,linear
q_learning,sparse_eps-linear_seed1,sparse,1,4a77b6e251,802,225,-11.250000000000025,-10.350000000000023,0.6371904761904762,0.15,0,out_of_energy,0,0,1,0,117,1,0,0,0,39,0.03793393167504016,0.23150280646721638,0.0,0.0,0.99,8,linear
q_learning,sparse_eps-linear_seed1,sparse,1,4a77b6e251,803,225,-11.250000000000025,-10.350000000000023,0.6367380952380952,0.15,0,out_of_energy,0,0,1,0,118,2,0,0,0,43,0.03826256511952925,0.19338498410249655,0.0,0.0,0.99,8,linear
q_learning,sparse_eps-linear_seed1,sparse,1,4a77b6e251,804,225,-1.2500000000000027,-10.250000000000023,0.6362857142857143,0.15,0,out_of_energy,0,0,1,0,103,9,0,0,1,45,0.08485838172394986,3.6831835428880977,0.0,0.0,0.99,8,linear
q_learning,sparse_eps-linear_seed1,sparse,1,4a77b6e251,805,225,-11.250000000000025,-10.250000000000023,0.6358333333333333,0.15,0,out_of_energy,0,0,1,0,109,21,0,0,0,45,0.03790384541247898,0.1996656125391731,0.0,0.0,0.99,8,linear
q_learning,sparse_eps-linear_seed1,sparse,1,4a77b6e251,806,225,-11.250000000000025,-10.250000000000023,0.6353809523809524,0.15,0,out_of_energy,0,0,1,0,92,5,0,0,0,45,0.04119288577119738,0.30069090253432357,0.0,0.0,0.99,8,linear
q_learning,sparse_eps-linear_seed1,sparse,1,4a77b6e251,807,225,-11.250000000000025,-10.250000000000023,0.6349285714285715,0.15,0,out_of_energy,0,0,1,0,110,23,0,0,0,41,0.040470826509994694,0.2977436922340527,0.0,0.0,0.99,8,linear
q_learning,sparse_eps-linear_seed1,sparse,1,4a77b6e251,808,225,-11.250000000000025,-10.250000000000023,0.6344761904761905,0.15,0,out_of_energy,0,0,1,0,105,8,0,0,0,52,0.03921116080797238,0.279976833953492,0.0,0.0,0.99,8,linear
q_learning,sparse_eps-linear_seed1,sparse,1,4a77b6e251,809,225,-11.250000000000025,-10.250000000000023,0.6340238095238095,0.15,0,out_of_energy,0,0,1,0,92,12,1,0,0,31,0.03763362599900381,0.18182176859477364,0.0,0.0,0.99,8,linear
q_learning,sparse_eps-linear_seed1,sparse,1,4a77b6e251,810,225,-11.250000000000025,-10.250000000000023,0.6335714285714286,0.15,0,out_of_energy,0,0,1,0,105,22,0,0,0,39,0.03918368240535097,0.1920129625181033,0.0,0.0,0.99,8,linear
q_learning,sparse_eps-linear_seed1,sparse,1,4a77b6e251,811,225,-11.250000000000025,-10.250000000000023,0.6331190476190476,0.15,0,out_of_energy,0,0,1,0,103,4,0,0,0,40,0.03938108943343446,0.1928425082116565,0.0,0.0,0.99,8,linear
q_learning,sparse_eps-linear_seed1,sparse,1,4a77b6e251,812,225,-11.250000000000025,-10.250000000000023,0.6326666666666667,0.15,0,out_of_energy,0,0,1,0,97,24,0,0,0,47,0.039239494660865765,0.18795766772097938,0.0,0.0,0.99,8,linear
q_learning,sparse_eps-linear_seed1,sparse,1,4a77b6e251,813,225,-11.250000000000025,-10.250000000000023,0.6322142857142857,0.15,0,out_of_energy,0,0,1,0,109,11,0,0,0,44,0.040326372190545676,0.20215593693617645,0.0,0.0,0.99,8,linear
q_learning,sparse_eps-linear_seed1,sparse,1,4a77b6e251,814,225,-11.250000000000025,-10.250000000000023,0.6317619047619047,0.15,0,out_of_energy,0,0,1,0,90,31,4,0,0,46,0.03910698700033875,0.27993989564864125,0.0,0.0,0.99,8,linear
q_learning,sparse_eps-linear_seed1,sparse,1,4a77b6e251,815,225,-1.2499999999999822,-10.150000000000023,0.6313095238095239,0.15,0,out_of_energy,0,0,1,0,105,11,0,0,1,39,0.11839358395920481,5.409409050510725,0.0,0.0,0.99,8,linear
q_learning,sparse_eps-linear_seed1,sparse,1,4a77b6e251,816,225,-11.250000000000025,-10.150000000000023,0.6308571428571429,0.15,0,out_of_energy,0,0,1,0,94,9,0,0,0,40,0.04212406053284506,0.31431706185128855,0.0,0.0,0.99,8,linear
q_learning,sparse_eps-linear_seed1,sparse,1,4a77b6e251,817,225,-11.250000000000025,-10.150000000000023,0.6304047619047619,0.15,0,out_of_energy,0,0,1,0,92,4,0,0,0,40,0.037664073538449076,0.1556387824798156,0.0,0.0,0.99,8,linear
q_learning,sparse_eps-linear_seed1,sparse,1,4a77b6e251,818,225,-11.250000000000025,-10.150000000000023,0.6299523809523809,0.15,0,out_of_energy,0,0,1,0,120,2,0,0,0,50,0.041701343416609325,0.27236438939320073,0.0,0.0,0.99,8,linear
q_learning,sparse_eps-linear_seed1,sparse,1,4a77b6e251,819,225,-11.250000000000025,-10.150000000000022,0.6295,0.15,0,out_of_energy,0,0,1,0,90,17,0,0,0,52,0.04208781263209415,0.19861178069125998,0.0,0.0,0.99,8,linear
q_learning,sparse_eps-linear_seed1,sparse,1,4a77b6e251,820,225,-11.250000000000025,-10.250000000000023,0.6290476190476191,0.15,0,out_of_energy,0,0,1,0,114,43,0,0,0,37,0.04014267591400349,0.2575245232256204,0.0,0.0,0.99,8,linear
q_learning,sparse_eps-linear_seed1,sparse,1,4a77b6e251,821,225,-11.250000000000025,-10.250000000000023,0.6285952380952382,0.15,0,out_of_energy,0,0,1,0,102,4,0,0,0,44,0.04083335787632977,0.32415959760562413,0.0,0.0,0.99,8,linear
q_learning,sparse_eps-linear_seed1,sparse,1,4a77b6e251,822,225,-11.250000000000025,-10.250000000000023,0.6281428571428571,0.15,0,out_of_energy,0,0,1,0,105,4,0,0,0,51,0.04015994956365335,0.17739044668587,0.0,0.0,0.99,8,linear
q_learning,sparse_eps-linear_seed1,sparse,1,4a77b6e251,823,225,-11.250000000000025,-10.250000000000023,0.6276904761904762,0.15,0,out_of_energy,0,0,1,0,74,21,0,0,0,35,0.04045269258361909,0.24399793763627056,0.0,0.0,0.99,8,linear
q_learning,sparse_eps-linear_seed1,sparse,1,4a77b6e251,824,225,-11.250000000000025,-10.250000000000023,0.6272380952380953,0.15,0,out_of_energy,0,0,1,0,101,13,2,0,0,46,0.04078223445287195,0.20933124301680978,0.0,0.0,0.99,8,linear
q_learning,sparse_eps-linear_seed1,sparse,1,4a77b6e251,825,225,-11.250000000000025,-10.350000000000023,0.6267857142857143,0.15,0,out_of_energy,0,0,1,0,125,9,0,0,0,45,0.04047066832539563,0.23906094577783737,0.0,0.0,0.99,8,linear
q_learning,sparse_eps-linear_seed1,sparse,1,4a77b6e251,826,225,-11.250000000000025,-10.350000000000023,0.6263333333333334,0.15,0,out_of_energy,0,0,1,0,102,11,0,0,0,35,0.03971270417389691,0.21284023839403982,0.0,0.0,0.99,8,linear
q_learning,sparse_eps-linear_seed1,sparse,1,4a77b6e251,827,225,-11.250000000000025,-10.350000000000023,0.6258809523809523,0.15,0,out_of_energy,0,0,1,0,100,21,0,0,0,38,0.04136278660964504,0.3067100373598575,0.0,0.0,0.99,8,linear
q_learning,sparse_eps-linear_seed1,sparse,1,4a77b6e251,828,225,-11.250000000000025,-10.450000000000022,0.6254285714285714,0.15,0,out_of_energy,0,0,1,0,102,16,0,0,0,43,0.03928830999050384,0.19688691024151023,0.0,0.0,0.99,8,linear
q_learning,sparse_eps-linear_seed1,sparse,1,4a77b6e251,829,225,-11.250000000000025,-10.450000000000022,0.6249761904761906,0.15,0,out_of_energy,0,0,1,0,103,6,12,0,0,53,0.03998422422270321,0.23874238480252935,0.0,0.0,0.99,8,linear
q_learning,sparse_eps-linear_seed1,sparse,1,4a77b6e251,830,225,-1.2499999999999822,-10.350000000000023,0.6245238095238095,0.15,0,out_of_energy,0,0,1,0,90,12,0,0,1,42,0.0820997115121765,3.887795861895186,0.0,0.0,0.99,8,linear
q_learning,sparse_eps-linear_seed1,sparse,1,4a77b6e251,831,225,-11.250000000000025,-10.350000000000023,0.6240714285714286,0.15,0,out_of_energy,0,0,1,0,96,30,2,0,0,43,0.04007568744881807,0.2618277034385878,0.0,0.0,0.99,8,linear
q_learning,sparse_eps-linear_seed1,sparse,1,4a77b6e251,832,225,-11.250000000000025,-10.350000000000023,0.6236190476190476,0.15,0,out_of_energy,0,0,1,0,100,46,0,0,0,41,0.04001396060567608,0.22492241054388945,0.0,0.0,0.99,8,linear
q_learning,sparse_eps-linear_seed1,sparse,1,4a77b6e251,833,225,-11.250000000000025,-10.450000000000022,0.6231666666666666,0.15,0,out_of_energy,0,0,1,0,90,1,1,0,0,42,0.04228978351493298,0.27206979924966557,0.0,0.0,0.99,8,linear
q_learning,sparse_eps-linear_seed1,sparse,1,4a77b6e251,834,225,-11.250000000000025,-10.450000000000022,0.6227142857142858,0.15,0,out_of_energy,0,0,1,0,107,16,0,0,0,44,0.04168993386675055,0.36815734168452935,0.0,0.0,0.99,8,linear
q_learning,sparse_eps-linear_seed1,sparse,1,4a77b6e251,835,225,-11.250000000000025,-10.550000000000022,0.6222619047619048,0.15,0,out_of_energy,0,0,1,0,85,4,0,0,0,48,0.04094945296761678,0.1996411121769066,0.0,0.0,0.99,8,linear
q_learning,sparse_eps-linear_seed1,sparse,1,4a77b6e251,836,225,-11.250000000000025,-10.550000000000022,0.6218095238095238,0.15,0,out_of_energy,0,0,1,0,108,24,2,0,0,42,0.04165450680058591,0.23169499398714027,0.0,0.0,0.99,8,linear
q_learning,sparse_eps-linear_seed1,sparse,1,4a77b6e251,837,225,-11.250000000000025,-10.550000000000022,0.6213571428571429,0.15,0,out_of_energy,0,0,1,0,89,19,3,0,0,47,0.04092281855305432,0.24161677333115894,0.0,0.0,0.99,8,linear
q_learning,sparse_eps-linear_seed1,sparse,1,4a77b6e251,838,225,-11.250000000000025,-10.550000000000022,0.6209047619047618,0.15,0,out_of_energy,0,0,1,0,89,6,0,0,0,29,0.039074725379035884,0.20505268087653045,0.0,0.0,0.99,8,linear
q_learning,sparse_eps-linear_seed1,sparse,1,4a77b6e251,839,225,-11.250000000000025,-10.550000000000022,0.620452380952381,0.15,0,out_of_energy,0,0,1,0,102,61,1,0,0,37,0.04283546710828173,0.2532733623186373,0.0,0.0,0.99,8,linear
q_learning,sparse_eps-linear_seed1,sparse,1,4a77b6e251,840,225,-11.250000000000025,-10.550000000000022,0.62,0.15,0,out_of_energy,0,0,1,0,117,39,0,0,0,51,0.041121923037012516,0.23319049413718362,0.0,0.0,0.99,8,linear
q_learning,sparse_eps-linear_seed1,sparse,1,4a77b6e251,841,225,-11.250000000000025,-10.550000000000022,0.619547619047619,0.15,0,out_of_energy,0,0,1,0,93,17,0,0,0,42,0.03973241360598138,0.17951246372541585,0.0,0.0,0.99,8,linear
q_learning,sparse_eps-linear_seed1,sparse,1,4a77b6e251,842,225,-11.250000000000025,-10.550000000000022,0.6190952380952381,0.15,0,out_of_energy,0,0,1,0,89,8,0,0,0,51,0.04169158450018458,0.22369500857224872,0.0,0.0,0.99,8,linear
q_learning,sparse_eps-linear_seed1,sparse,1,4a77b6e251,843,225,-11.250000000000025,-10.550000000000022,0.6186428571428572,0.15,0,out_of_energy,0,0,1,0,97,6,0,0,0,29,0.04083245709646933,0.3648581636457421,0.0,0.0,0.99,8,linear
q_learning,sparse_eps-linear_seed1,sparse,1,4a77b6e251,844,225,-11.250000000000025,-10.550000000000022,0.6181904761904762,0.15,0,out_of_energy,0,0,1,0,104,23,0,0,0,26,0.04298955281169081,0.2619505417663868,0.0,0.0,0.99,8,linear
q_learning,sparse_eps-linear_seed1,sparse,1,4a77b6e251,845,225,-1.2499999999999822,-10.450000000000022,0.6177380952380953,0.15,0,out_of_energy,0,0,1,0,92,24,0,0,1,46,0.08606079664298733,3.857917038090641,0.0,0.0,0.99,8,linear
q_learning,sparse_eps-linear_seed1,sparse,1,4a77b6e251,846,225,-11.250000000000025,-10.450000000000022,0.6172857142857143,0.15,0,out_of_energy,0,0,1,0,87,5,0,0,0,34,0.04011324126780521,0.23839588666743983,0.0,0.0,0.99,8,linear
q_learning,sparse_eps-linear_seed1,sparse,1,4a77b6e251,847,225,-11.250000000000025,-10.450000000000022,0.6168333333333333,0.15,0,out_of_energy,0,0,1,0,92,21,1,0,0,42,0.04148057186184228,0.30795993723289306,0.0,0.0,0.99,8,linear
q_learning,sparse_eps-linear_seed1,sparse,1,4a77b6e251,848,225,-11.250000000000025,-10.450000000000022,0.6163809523809525,0.15,0,out_of_energy,0,0,1,0,85,8,0,0,0,43,0.03949869771272925,0.22141159759613127,0.0,0.0,0.99,8,linear
q_learning,sparse_eps-linear_seed1,sparse,1,4a77b6e251,849,225,-11.250000000000025,-10.450000000000022,0.6159285714285714,0.15,0,out_of_energy,0,0,1,0,110,37,0,0,0,56,0.038621304186806794,0.20387993363702195,0.0,0.0,0.99,8,linear
q_learning,sparse_eps-linear_seed1,sparse,1,4a77b6e251,850,225,-11.250000000000025,-10.450000000000022,0.6154761904761905,0.15,0,out_of_energy,0,0,1,0,104,32,0,0,0,51,0.04325172579343628,0.30141281004941634,0.0,0.0,0.99,8,linear
q_learning,sparse_eps-linear_seed1,sparse,1,4a77b6e251,851,225,-11.250000000000025,-10.450000000000022,0.6150238095238095,0.15,0,out_of_energy,0,0,1,0,87,7,2,0,0,52,0.04255895373489895,0.20556562688678143,0.0,0.0,0.99,8,linear
q_learning,sparse_eps-linear_seed1,sparse,1,4a77b6e251,852,225,-11.250000000000025,-10.450000000000022,0.6145714285714285,0.15,0,out_of_energy,0,0,1,0,98,6,0,0,0,56,0.04176015370928045,0.331335780861871,0.0,0.0,0.99,8,linear
q_learning,sparse_eps-linear_seed1,sparse,1,4a77b6e251,853,225,-11.250000000000025,-10.450000000000022,0.6141190476190477,0.15,0,out_of_energy,0,0,1,0,97,5,2,0,0,42,0.03929271482895295,0.2014169386168165,0.0,0.0,0.99,8,linear
q_learning,sparse_eps-linear_seed1,sparse,1,4a77b6e251,854,225,-11.250000000000025,-10.450000000000022,0.6136666666666667,0.15,0,out_of_energy,0,0,1,0,113,42,0,0,0,48,0.044465139515940055,0.21355841031452683,0.0,0.0,0.99,8,linear
q_learning,sparse_eps-linear_seed1,sparse,1,4a77b6e251,855,225,-11.250000000000025,-10.450000000000022,0.6132142857142857,0.15,0,out_of_energy,0,0,1,0,112,9,0,0,0,42,0.03969360357443029,0.2823487122469712,0.0,0.0,0.99,8,linear
q_learning,sparse_eps-linear_seed1,sparse,1,4a77b6e251,856,225,-11.250000000000025,-10.550000000000022,0.6127619047619048,0.15,0,out_of_energy,0,0,1,0,107,21,0,0,0,65,0.03920663165817255,0.20773869808376166,0.0,0.0,0.99,8,linear
q_learning,sparse_eps-linear_seed1,sparse,1,4a77b6e251,857,225,-11.250000000000025,-10.550000000000022,0.6123095238095237,0.15,0,out_of_energy,0,0,1,0,69,11,0,0,0,40,0.04307194117943638,0.30049697789314006,0.0,0.0,0.99,8,linear
q_learning,sparse_eps-linear_seed1,sparse,1,4a77b6e251,858,225,-11.250000000000025,-10.550000000000022,0.6118571428571429,0.15,0,out_of_energy,0,0,1,0,91,4,2,0,0,54,0.0418608723975236,0.3272378608340192,0.0,0.0,0.99,8,linear
q_learning,sparse_eps-linear_seed1,sparse,1,4a77b6e251,859,225,-11.250000000000025,-10.550000000000022,0.6114047619047619,0.15,0,out_of_energy,0,0,1,0,97,26,1,0,0,46,0.03967909104018373,0.25314451009905464,0.0,0.0,0.99,8,linear
q_learning,sparse_eps-linear_seed1,sparse,1,4a77b6e251,860,225,-11.250000000000025,-10.550000000000022,0.6109523809523809,0.15,0,out_of_energy,0,0,1,0,95,7,0,0,0,37,0.04112330414911971,0.36019062275872926,0.0,0.0,0.99,8,linear
q_learning,sparse_eps-linear_seed1,sparse,1,4a77b6e251,861,225,-11.250000000000025,-10.650000000000023,0.6105,0.15,0,out_of_energy,0,0,1,0,98,9,0,0,0,44,0.03909177527896342,0.252334005106965,0.0,0.0,0.99,8,linear
q_learning,sparse_eps-linear_seed1,sparse,1,4a77b6e251,862,225,-11.250000000000025,-10.650000000000023,0.6100476190476191,0.15,0,out_of_energy,0,0,1,0,91,7,8,0,0,48,0.040607006723690414,0.3413323632046663,0.0,0.0,0.99,8,linear
q_learning,sparse_eps-linear_seed1,sparse,1,4a77b6e251,863,225,-11.250000000000025,-10.650000000000023,0.6095952380952381,0.15,0,out_of_energy,0,0,1,0,108,10,0,0,0,46,0.038152405696665996,0.17256008910141118,0.0,0.0,0.99,8,linear
q_learning,sparse_eps-linear_seed1,sparse,1,4a77b6e251,864,225,-11.250000000000025,-10.650000000000023,0.6091428571428572,0.15,0,out_of_energy,0,0,1,0,110,28,0,0,0,41,0.040700404428806514,0.2850649211397441,0.0,0.0,0.99,8,linear
q_learning,sparse_eps-linear_seed1,sparse,1,4a77b6e251,865,225,-11.250000000000025,-10.650000000000023,0.6086904761904762,0.15,0,out_of_energy,0,0,1,0,85,0,0,0,0,46,0.04212551898826196,0.2382074501752587,0.0,0.0,0.99,8,linear
q_learning,sparse_eps-linear_seed1,sparse,1,4a77b6e251,866,225,-11.250000000000025,-10.650000000000023,0.6082380952380952,0.15,0,out_of_energy,0,0,1,0,81,16,2,0,0,47,0.03808049456155132,0.2018890376796465,0.0,0.0,0.99,8,linear
q_learning,sparse_eps-linear_seed1,sparse,1,4a77b6e251,867,225,-1.2499999999999822,-10.550000000000022,0.6077857142857144,0.15,0,out_of_energy,0,0,1,0,109,10,0,0,1,48,0.08501182209770784,3.747582940311684,0.0,0.0,0.99,8,linear
q_learning,sparse_eps-linear_seed1,sparse,1,4a77b6e251,868,225,-1.2499999999999822,-10.450000000000022,0.6073333333333333,0.15,0,out_of_energy,0,0,1,0,111,5,0,0,1,42,0.08286855169905473,3.5834135878478053,0.0,0.0,0.99,8,linear
q_learning,sparse_eps-linear_seed1,sparse,1,4a77b6e251,869,225,-11.250000000000025,-10.450000000000022,0.6068809523809524,0.15,0,out_of_energy,0,0,1,0,90,12,0,0,0,53,0.04021426497630191,0.24799280195129525,0.0,0.0,0.99,8,linear
q_learning,sparse_eps-linear_seed1,sparse,1,4a77b6e251,870,225,-11.250000000000025,-10.450000000000022,0.6064285714285714,0.15,0,out_of_energy,0,0,1,0,104,32,0,0,0,42,0.04161919357477042,0.37643677693212646,0.0,0.0,0.99,8,linear
q_learning,sparse_eps-linear_seed1,sparse,1,4a77b6e251,871,225,-11.250000000000025,-10.450000000000022,0.6059761904761904,0.15,0,out_of_energy,0,0,1,0,97,13,0,0,0,50,0.040961002628789836,0.38173985494994866,0.0,0.0,0.99,8,linear
q_learning,sparse_eps-linear_seed1,sparse,1,4a77b6e251,872,225,-11.250000000000025,-10.450000000000022,0.6055238095238096,0.15,0,out_of_energy,0,0,1,0,100,9,0,0,0,48,0.040181676908616445,0.25231774757279746,0.0,0.0,0.99,8,linear
q_learning,sparse_eps-linear_seed1,sparse,1,4a77b6e251,873,225,-11.250000000000025,-10.450000000000022,0.6050714285714286,0.15,0,out_of_energy,0,0,1,0,90,15,0,0,0,44,0.042619168166360355,0.2342066402270364,0.0,0.0,0.99,8,linear
q_learning,sparse_eps-linear_seed1,sparse,1,4a77b6e251,874,225,-11.250000000000025,-10.450000000000022,0.6046190476190476,0.15,0,out_of_energy,0,0,1,0,108,6,0,0,0,37,0.041099198751805156,0.23184544447661304,0.0,0.0,0.99,8,linear
q_learning,sparse_eps-linear_seed1,sparse,1,4a77b6e251,875,225,-1.2499999999999958,-10.350000000000023,0.6041666666666667,0.15,0,out_of_energy,0,0,1,0,108,10,0,0,1,50,0.13231789035294622,3.39129302675214,0.0,0.0,0.99,8,linear
q_learning,sparse_eps-linear_seed1,sparse,1,4a77b6e251,876,225,-11.250000000000025,-10.350000000000023,0.6037142857142856,0.15,0,out_of_energy,0,0,1,0,102,24,0,0,0,45,0.04240758821263507,0.4688748677291864,0.0,0.0,0.99,8,linear
q_learning,sparse_eps-linear_seed1,sparse,1,4a77b6e251,877,225,-11.250000000000025,-10.350000000000023,0.6032619047619048,0.15,0,out_of_energy,0,0,1,0,105,12,0,0,0,47,0.04149839273246304,0.339157540940881,0.0,0.0,0.99,8,linear
q_learning,sparse_eps-linear_seed1,sparse,1,4a77b6e251,878,225,-11.250000000000025,-10.350000000000023,0.6028095238095239,0.15,0,out_of_energy,0,0,1,0,98,6,0,0,0,49,0.03988323317423141,0.37474614892150854,0.0,0.0,0.99,8,linear
q_learning,sparse_eps-linear_seed1,sparse,1,4a77b6e251,879,225,-11.250000000000025,-10.350000000000023,0.6023571428571428,0.15,0,out_of_energy,0,0,1,0,86,21,3,0,0,51,0.04186561496372041,0.26422323985002,0.0,0.0,0.99,8,linear
q_learning,sparse_eps-linear_seed1,sparse,1,4a77b6e251,880,225,-11.250000000000025,-10.350000000000023,0.6019047619047619,0.15,0,out_of_energy,0,0,1,0,86,8,0,0,0,50,0.04157928040150038,0.28942414398476646,0.0,0.0,0.99,8,linear
q_learning,sparse_eps-linear_seed1,sparse,1,4a77b6e251,881,225,-11.250000000000025,-10.350000000000023,0.601452380952381,0.15,0,out_of_energy,0,0,1,0,82,21,5,0,0,36,0.040944483001338246,0.36342668209169826,0.0,0.0,0.99,8,linear
q_learning,sparse_eps-linear_seed1,sparse,1,4a77b6e251,882,225,-11.250000000000025,-10.350000000000023,0.601,0.15,0,out_of_energy,0,0,1,0,100,18,0,0,0,57,0.04023795865476452,0.21397934801397306,0.0,0.0,0.99,8,linear
q_learning,sparse_eps-linear_seed1,sparse,1,4a77b6e251,883,225,-11.250000000000025,-10.350000000000023,0.6005476190476191,0.15,0,out_of_energy,0,0,1,0,102,27,0,0,0,40,0.04145896655163598,0.35326680102790387,0.0,0.0,0.99,8,linear
q_learning,sparse_eps-linear_seed1,sparse,1,4a77b6e251,884,225,-11.250000000000025,-10.350000000000023,0.6000952380952381,0.15,0,out_of_energy,0,0,1,0,105,4,0,0,0,49,0.04121430511483052,0.2777158168015251,0.0,0.0,0.99,8,linear
q_learning,sparse_eps-linear_seed1,sparse,1,4a77b6e251,885,225,-11.250000000000025,-10.350000000000023,0.5996428571428571,0.15,0,out_of_energy,0,0,1,0,98,3,0,0,0,47,0.041427131876079284,0.3119892631981045,0.0,0.0,0.99,8,linear
q_learning,sparse_eps-linear_seed1,sparse,1,4a77b6e251,886,225,-11.250000000000025,-10.350000000000023,0.5991904761904763,0.15,0,out_of_energy,0,0,1,0,79,6,0,0,0,45,0.04117696364499601,0.1893159597912762,0.0,0.0,0.99,8,linear
q_learning,sparse_eps-linear_seed1,sparse,1,4a77b6e251,887,225,-1.2499999999999822,-10.250000000000021,0.5987380952380953,0.15,0,out_of_energy,0,0,1,0,99,22,0,0,1,46,0.10332488188642114,9.95,0.0,0.0,0.99,8,linear
q_learning,sparse_eps-linear_seed1,sparse,1,4a77b6e251,888,225,-11.250000000000025,-10.250000000000023,0.5982857142857143,0.15,0,out_of_energy,0,0,1,0,85,15,0,0,0,46,0.04319443451803879,0.33860402895189406,0.0,0.0,0.99,8,linear
q_learning,sparse_eps-linear_seed1,sparse,1,4a77b6e251,889,225,-11.250000000000025,-10.250000000000023,0.5978333333333333,0.15,0,out_of_energy,0,0,1,0,90,5,8,0,0,47,0.04417525494554116,0.36097893522453606,0.0,0.0,0.99,8,linear
q_learning,sparse_eps-linear_seed1,sparse,1,4a77b6e251,890,225,-11.250000000000025,-10.250000000000023,0.5973809523809523,0.15,0,out_of_energy,0,0,1,0,97,7,0,0,0,48,0.038937593173952706,0.25598451219914303,0.0,0.0,0.99,8,linear
q_learning,sparse_eps-linear_seed1,sparse,1,4a77b6e251,891,225,-11.250000000000025,-10.250000000000023,0.5969285714285715,0.15,0,out_of_energy,0,0,1,0,88,14,2,0,0,50,0.04312645489613189,0.32386515401372706,0.0,0.0,0.99,8,linear
q_learning,sparse_eps-linear_seed1,sparse,1,4a77b6e251,892,225,-11.250000000000025,-10.250000000000023,0.5964761904761905,0.15,0,out_of_energy,0,0,1,0,102,19,0,0,0,53,0.04189205937161761,0.34812379783624303,0.0,0.0,0.99,8,linear
q_learning,sparse_eps-linear_seed1,sparse,1,4a77b6e251,893,225,-11.250000000000025,-10.250000000000023,0.5960238095238095,0.15,0,out_of_energy,0,0,1,0,102,9,2,0,0,49,0.04249977283629989,0.26081059774809007,0.0,0.0,0.99,8,linear
q_learning,sparse_eps-linear_seed1,sparse,1,4a77b6e251,894,225,-11.250000000000025,-10.250000000000023,0.5955714285714286,0.15,0,out_of_energy,0,0,1,0,93,25,0,0,0,44,0.039487069622982374,0.2175868353692716,0.0,0.0,0.99,8,linear
q_learning,sparse_eps-linear_seed1,sparse,1,4a77b6e251,895,225,-11.250000000000025,-10.250000000000023,0.5951190476190477,0.15,0,out_of_energy,0,0,1,0,83,12,0,0,0,41,0.04173434480817386,0.3099405568602353,0.0,0.0,0.99,8,linear
q_learning,sparse_eps-linear_seed1,sparse,1,4a77b6e251,896,225,-1.2499999999999858,-10.150000000000022,0.5946666666666667,0.15,0,out_of_energy,0,0,1,0,103,9,0,0,1,42,0.1154411303196115,7.8175121585230185,0.0,0.0,0.99,8,linear
q_learning,sparse_eps-linear_seed1,sparse,1,4a77b6e251,897,225,-11.250000000000025,-10.150000000000022,0.5942142857142857,0.15,0,out_of_energy,0,0,1,0,100,9,0,0,0,51,0.040841460759399574,0.22029708482387209,0.0,0.0,0.99,8,linear
q_learning,sparse_eps-linear_seed1,sparse,1,4a77b6e251,898,225,-11.250000000000025,-10.150000000000022,0.5937619047619047,0.15,0,out_of_energy,0,0,1,0,91,12,0,0,0,37,0.04298761312153186,0.26416743080041866,0.0,0.0,0.99,8,linear
q_learning,sparse_eps-linear_seed1,sparse,1,4a77b6e251,899,225,-11.250000000000025,-10.250000000000023,0.5933095238095238,0.15,0,out_of_energy,0,0,1,0,83,11,0,0,0,44,0.04037406702881855,0.2582439967106826,0.0,0.0,0.99,8,linear
q_learning,sparse_eps-linear_seed1,sparse,1,4a77b6e251,900,225,-11.250000000000025,-10.250000000000023,0.592857142857143,0.15,0,out_of_energy,0,0,1,0,90,8,0,0,0,46,0.042212516390373746,0.2438420070384952,0.0,0.0,0.99,8,linear
q_learning,sparse_eps-linear_seed1,sparse,1,4a77b6e251,901,225,-11.250000000000025,-10.350000000000023,0.5924047619047619,0.15,0,out_of_energy,0,0,1,0,80,19,3,0,0,43,0.04273977489588153,0.29539301979392957,0.0,0.0,0.99,8,linear
q_learning,sparse_eps-linear_seed1,sparse,1,4a77b6e251,902,225,-11.250000000000025,-10.350000000000023,0.591952380952381,0.15,0,out_of_energy,0,0,1,0,112,31,0,0,0,41,0.040512516743901154,0.3235699496626323,0.0,0.0,0.99,8,linear
q_learning,sparse_eps-linear_seed1,sparse,1,4a77b6e251,903,225,-11.250000000000025,-10.350000000000023,0.5915,0.15,0,out_of_energy,0,0,1,0,86,17,0,0,0,41,0.04003839067936059,0.3509749374095855,0.0,0.0,0.99,8,linear
q_learning,sparse_eps-linear_seed1,sparse,1,4a77b6e251,904,225,-11.250000000000025,-10.450000000000022,0.591047619047619,0.15,0,out_of_energy,0,0,1,0,102,34,2,0,0,51,0.04183052514281992,0.25489640290537846,0.0,0.0,0.99,8,linear
q_learning,sparse_eps-linear_seed1,sparse,1,4a77b6e251,905,225,-1.2499999999999978,-10.350000000000023,0.5905952380952382,0.15,0,out_of_energy,0,0,1,0,99,6,0,0,1,36,0.08237087981897867,3.3150233770770807,0.0,0.0,0.99,8,linear
q_learning,sparse_eps-linear_seed1,sparse,1,4a77b6e251,906,225,-11.250000000000025,-10.350000000000023,0.5901428571428571,0.15,0,out_of_energy,0,0,1,0,95,16,0,0,0,41,0.04421119415284284,0.23921046227669102,0.0,0.0,0.99,8,linear
q_learning,sparse_eps-linear_seed1,sparse,1,4a77b6e251,907,225,-11.250000000000025,-10.350000000000023,0.5896904761904762,0.15,0,out_of_energy,0,0,1,0,94,3,0,0,0,37,0.039189946087038484,0.17505611731037468,0.0,0.0,0.99,8,linear
q_learning,sparse_eps-linear_seed1,sparse,1,4a77b6e251,908,225,-1.2499999999999822,-10.250000000000023,0.5892380952380953,0.15,0,out_of_energy,0,0,1,0,93,10,0,0,1,43,0.08497673195411123,8.450075,0.0,0.0,0.99,8,linear
q_learning,sparse_eps-linear_seed1,sparse,1,4a77b6e251,909,225,-11.250000000000025,-10.250000000000023,0.5887857142857142,0.15,0,out_of_energy,0,0,1,0,103,12,0,0,0,48,0.043324478282395024,0.3903339222777785,0.0,0.0,0.99,8,linear
q_learning,sparse_eps-linear_seed1,sparse,1,4a77b6e251,910,225,-11.250000000000025,-10.250000000000023,0.5883333333333334,0.15,0,out_of_energy,0,0,1,0,96,5,0,0,0,40,0.03975894187194468,0.2568684651234967,0.0,0.0,0.99,8,linear
q_learning,sparse_eps-linear_seed1,sparse,1,4a77b6e251,911,225,-11.250000000000025,-10.250000000000023,0.5878809523809524,0.15,0,out_of_energy,0,0,1,0,94,30,0,0,0,46,0.04111057926001065,0.32739161647771453,0.0,0.0,0.99,8,linear
q_learning,sparse_eps-linear_seed1,sparse,1,4a77b6e251,912,225,-11.250000000000025,-10.250000000000023,0.5874285714285714,0.15,0,out_of_energy,0,0,1,0,114,5,0,0,0,51,0.0405120036222786,0.2637245934097229,0.0,0.0,0.99,8,linear
q_learning,sparse_eps-linear_seed1,sparse,1,4a77b6e251,913,225,-11.250000000000025,-10.250000000000023,0.5869761904761905,0.15,0,out_of_energy,0,0,1,0,91,13,0,0,0,35,0.03975021937774999,0.24462576056616525,0.0,0.0,0.99,8,linear
q_learning,sparse_eps-linear_seed1,sparse,1,4a77b6e251,914,225,-11.250000000000025,-10.250000000000023,0.5865238095238094,0.15,0,out_of_energy,0,0,1,0,94,6,0,0,0,47,0.040256764998027265,0.2590710052081091,0.0,0.0,0.99,8,linear
q_learning,sparse_eps-linear_seed1,sparse,1,4a77b6e251,915,225,-11.250000000000025,-10.350000000000023,0.5860714285714286,0.15,0,out_of_energy,0,0,1,0,92,26,0,0,0,43,0.041329960259678604,0.2331755062537869,0.0,0.0,0.99,8,linear
q_learning,sparse_eps-linear_seed1,sparse,1,4a77b6e251,916,225,-1.2499999999999822,-10.250000000000023,0.5856190476190477,0.15,0,out_of_energy,0,0,1,0,106,8,0,0,1,40,0.0931399334560164,3.467094225400129,0.0,0.0,0.99,8,linear
q_learning,sparse_eps-linear_seed1,sparse,1,4a77b6e251,917,225,-11.250000000000025,-10.250000000000023,0.5851666666666667,0.15,0,out_of_energy,0,0,1,0,92,10,0,0,0,42,0.04114100251495706,0.3470589562055995,0.0,0.0,0.99,8,linear
q_learning,sparse_eps-linear_seed1,sparse,1,4a77b6e251,918,225,-11.250000000000025,-10.250000000000023,0.5847142857142857,0.15,0,out_of_energy,0,0,1,0,104,15,0,0,0,41,0.038723181275935735,0.22345026414450908,0.0,0.0,0.99,8,linear
q_learning,sparse_eps-linear_seed1,sparse,1,4a77b6e251,919,225,-11.250000000000025,-10.250000000000023,0.5842619047619048,0.15,0,out_of_energy,0,0,1,0,104,16,0,0,0,48,0.041980246554661545,0.368270161580337,0.0,0.0,0.99,8,linear
q_learning,sparse_eps-linear_seed1,sparse,1,4a77b6e251,920,225,-11.250000000000025,-10.250000000000023,0.5838095238095238,0.15,0,out_of_energy,0,0,1,0,91,26,3,0,0,42,0.04046874661698088,0.33534480389113697,0.0,0.0,0.99,8,linear
q_learning,sparse_eps-linear_seed1,sparse,1,4a77b6e251,921,225,-11.250000000000025,-10.250000000000023,0.5833571428571429,0.15,0,out_of_energy,0,0,1,0,108,43,0,0,0,49,0.04253523966175324,0.26233575155489774,0.0,0.0,0.99,8,linear
q_learning,sparse_eps-linear_seed1,sparse,1,4a77b6e251,922,225,-1.2500000000000056,-10.150000000000023,0.5829047619047619,0.15,0,out_of_energy,0,0,1,0,112,8,0,0,1,50,0.10142610638195847,6.594203870630359,0.0,0.0,0.99,8,linear
q_learning,sparse_eps-linear_seed1,sparse,1,4a77b6e251,923,225,-11.250000000000025,-10.150000000000022,0.5824523809523809,0.15,0,out_of_energy,0,0,1,0,92,13,0,0,0,47,0.0399823800983386,0.19819918031571887,0.0,0.0,0.99,8,linear
q_learning,sparse_eps-linear_seed1,sparse,1,4a77b6e251,924,225,-11.250000000000025,-10.150000000000023,0.5820000000000001,0.15,0,out_of_energy,0,0,1,0,95,9,10,0,0,44,0.04504726330677959,0.3131964014554116,0.0,0.0,0.99,8,linear
q_learning,sparse_eps-linear_seed1,sparse,1,4a77b6e251,925,225,-11.250000000000025,-10.150000000000022,0.5815476190476191,0.15,0,out_of_energy,0,0,1,0,101,13,0,0,0,49,0.03875161371004364,0.2740254047921402,0.0,0.0,0.99,8,linear
q_learning,sparse_eps-linear_seed1,sparse,1,4a77b6e251,926,225,-1.249999999999982,-10.050000000000022,0.5810952380952381,0.15,0,out_of_energy,0,0,1,0,109,16,0,0,1,48,0.0838048522035821,3.415934903449605,0.0,0.0,0.99,8,linear
q_learning,sparse_eps-linear_seed1,sparse,1,4a77b6e251,927,225,-11.250000000000025,-10.050000000000022,0.5806428571428571,0.15,0,out_of_energy,0,0,1,0,96,16,0,0,0,44,0.03877169488021143,0.28027967573974394,0.0,0.0,0.99,8,linear
q_learning,sparse_eps-linear_seed1,sparse,1,4a77b6e251,928,225,-11.250000000000025,-10.050000000000022,0.5801904761904761,0.15,0,out_of_energy,0,0,1,0,96,20,0,0,0,44,0.04176580283667712,0.24692496036993486,0.0,0.0,0.99,8,linear
q_learning,sparse_eps-linear_seed1,sparse,1,4a77b6e251,929,225,-11.250000000000025,-10.050000000000022,0.5797380952380953,0.15,0,out_of_energy,0,0,1,0,74,12,3,0,0,38,0.04182662683477975,0.29843632679067267,0.0,0.0,0.99,8,linear
q_learning,sparse_eps-linear_seed1,sparse,1,4a77b6e251,930,225,-11.250000000000025,-10.150000000000022,0.5792857142857144,0.15,0,out_of_energy,0,0,1,0,100,5,0,0,0,55,0.04228879987099006,0.3613931917902902,0.0,0.0,0.99,8,linear
q_learning,sparse_eps-linear_seed1,sparse,1,4a77b6e251,931,225,-11.250000000000025,-10.150000000000022,0.5788333333333333,0.15,0,out_of_energy,0,0,1,0,88,13,0,0,0,39,0.04124245295687533,0.40543686687227026,0.0,0.0,0.99,8,linear
q_learning,sparse_eps-linear_seed1,sparse,1,4a77b6e251,932,225,-11.250000000000025,-10.150000000000022,0.5783809523809524,0.15,0,out_of_energy,0,0,1,0,92,9,0,0,0,41,0.04094639401731374,0.28034096395291214,0.0,0.0,0.99,8,linear
q_learning,sparse_eps-linear_seed1,sparse,1,4a77b6e251,933,225,-11.250000000000025,-10.150000000000022,0.5779285714285715,0.15,0,out_of_energy,0,0,1,0,94,8,0,0,0,43,0.0392067701176418,0.26469342326654505,0.0,0.0,0.99,8,linear
q_learning,sparse_eps-linear_seed1,sparse,1,4a77b6e251,934,225,-1.2499999999999822,-10.050000000000022,0.5774761904761905,0.15,0,out_of_energy,0,0,1,0,110,16,0,0,1,36,0.0832232542265885,7.161454815343436,0.0,0.0,0.99,8,linear
q_learning,sparse_eps-linear_seed1,sparse,1,4a77b6e251,935,225,-11.250000000000025,-10.050000000000022,0.5770238095238096,0.15,0,out_of_energy,0,0,1,0,98,10,0,0,0,40,0.04199930503408014,0.24158515608793985,0.0,0.0,0.99,8,linear
q_learning,sparse_eps-linear_seed1,sparse,1,4a77b6e251,936,225,-1.2499999999999822,-9.950000000000022,0.5765714285714285,0.15,0,out_of_energy,0,0,1,0,113,16,0,0,1,42,0.08802094210281433,6.084887125815359,0.0,0.0,0.99,8,linear
q_learning,sparse_eps-linear_seed1,sparse,1,4a77b6e251,937,225,-11.250000000000025,-9.950000000000022,0.5761190476190476,0.15,0,out_of_energy,0,0,1,0,117,1,0,0,0,43,0.041494755443977155,0.22721886101744423,0.0,0.0,0.99,8,linear
q_learning,sparse_eps-linear_seed1,sparse,1,4a77b6e251,938,225,-11.250000000000025,-9.95000000000002,0.5756666666666668,0.15,0,out_of_energy,0,0,1,0,89,20,1,0,0,44,0.04261789596614517,0.33084938057871816,0.0,0.0,0.99,8,linear
q_learning,sparse_eps-linear_seed1,sparse,1,4a77b6e251,939,225,-11.250000000000025,-9.950000000000022,0.5752142857142857,0.15,0,out_of_energy,0,0,1,0,95,2,0,0,0,38,0.04120480072056048,0.2778737512382773,0.0,0.0,0.99,8,linear
q_learning,sparse_eps-linear_seed1,sparse,1,4a77b6e251,940,225,-11.250000000000025,-9.95000000000002,0.5747619047619048,0.15,0,out_of_energy,0,0,1,0,86,11,0,0,0,48,0.03868126642323708,0.21831072415610814,0.0,0.0,0.99,8,linear
q_learning,sparse_eps-linear_seed1,sparse,1,4a77b6e251,941,225,-1.2499999999999822,-9.850000000000021,0.5743095238095238,0.15,0,out_of_energy,0,0,1,0,102,15,0,0,1,47,0.08886844912462363,5.16821922849279,0.0,0.0,0.99,8,linear
q_learning,sparse_eps-linear_seed1,sparse,1,4a77b6e251,942,225,-11.250000000000025,-9.850000000000021,0.5738571428571428,0.15,0,out_of_energy,0,0,1,0,98,19,0,0,0,35,0.043066757109239774,0.35073376511733056,0.0,0.0,0.99,8,linear
q_learning,sparse_eps-linear_seed1,sparse,1,4a77b6e251,943,225,-1.2499999999999891,-9.750000000000021,0.573404761904762,0.15,0,out_of_energy,0,0,1,0,108,12,0,0,1,44,0.09369519362805684,3.5314755533968274,0.0,0.0,0.99,8,linear
q_learning,sparse_eps-linear_seed1,sparse,1,4a77b6e251,944,225,-1.2499999999999822,-9.65000000000002,0.5729523809523809,0.15,0,out_of_energy,0,0,1,0,108,7,0,0,1,50,0.11023596718616963,5.41697347119326,0.0,0.0,0.99,8,linear
q_learning,sparse_eps-linear_seed1,sparse,1,4a77b6e251,945,225,-11.250000000000025,-9.750000000000021,0.5725,0.15,0,out_of_energy,0,0,1,0,91,10,4,0,0,51,0.043999725193334,0.28043032445658844,0.0,0.0,0.99,8,linear
q_learning,sparse_eps-linear_seed1,sparse,1,4a77b6e251,946,225,-11.250000000000025,-9.750000000000021,0.5720476190476191,0.15,0,out_of_energy,0,0,1,0,96,8,3,0,0,42,0.040979719003127815,0.27913791232934776,0.0,0.0,0.99,8,linear
q_learning,sparse_eps-linear_seed1,sparse,1,4a77b6e251,947,225,-11.250000000000025,-9.750000000000021,0.5715952380952382,0.15,0,out_of_energy,0,0,1,0,100,44,0,0,0,49,0.042031142102866646,0.2966899884545003,0.0,0.0,0.99,8,linear
q_learning,sparse_eps-linear_seed1,sparse,1,4a77b6e251,948,225,-11.250000000000025,-9.750000000000021,0.5711428571428572,0.15,0,out_of_energy,0,0,1,0,94,10,0,0,0,51,0.041190779707407976,0.24552526101431763,0.0,0.0,0.99,8,linear
q_learning,sparse_eps-linear_seed1,sparse,1,4a77b6e251,949,225,-11.250000000000025,-9.750000000000021,0.5706904761904762,0.15,0,out_of_energy,0,0,1,0,96,12,0,0,0,43,0.03861466223618978,0.20328322137519622,0.0,0.0,0.99,8,linear
q_learning,sparse_eps-linear_seed1,sparse,1,4a77b6e251,950,225,-11.250000000000025,-9.750000000000021,0.5702380952380952,0.15,0,out_of_energy,0,0,1,0,102,31,0,0,0,40,0.04091226393490598,0.20516781108018595,0.0,0.0,0.99,8,linear
q_learning,sparse_eps-linear_seed1,sparse,1,4a77b6e251,951,225,-11.250000000000025,-9.750000000000021,0.5697857142857143,0.15,0,out_of_energy,0,0,1,0,104,32,0,0,0,51,0.04175500099667035,0.21676315558271303,0.0,0.0,0.99,8,linear
q_learning,sparse_eps-linear_seed1,sparse,1,4a77b6e251,952,225,-11.250000000000025,-9.750000000000021,0.5693333333333334,0.15,0,out_of_energy,0,0,1,0,96,7,0,0,0,51,0.04286937277097394,0.31731128713257617,0.0,0.0,0.99,8,linear
q_learning,sparse_eps-linear_seed1,sparse,1,4a77b6e251,953,225,-11.250000000000025,-9.750000000000021,0.5688809523809524,0.15,0,out_of_energy,0,0,1,0,90,21,1,0,0,41,0.0426802618949979,0.2842319707511881,0.0,0.0,0.99,8,linear
q_learning,sparse_eps-linear_seed1,sparse,1,4a77b6e251,954,225,-11.250000000000025,-9.750000000000021,0.5684285714285715,0.15,0,out_of_energy,0,0,1,0,87,4,0,0,0,42,0.04009639892067931,0.24896545068363468,0.0,0.0,0.99,8,linear
q_learning,sparse_eps-linear_seed1,sparse,1,4a77b6e251,955,225,-11.250000000000025,-9.750000000000021,0.5679761904761905,0.15,0,out_of_energy,0,0,1,0,86,19,3,0,0,40,0.041410165854072055,0.2960521037485847,0.0,0.0,0.99,8,linear
q_learning,sparse_eps-linear_seed1,sparse,1,4a77b6e251,956,225,-11.250000000000025,-9.750000000000021,0.5675238095238095,0.15,0,out_of_energy,0,0,1,0,106,6,3,0,0,40,0.040304308432069835,0.2524975014424781,0.0,0.0,0.99,8,linear
q_learning,sparse_eps-linear_seed1,sparse,1,4a77b6e251,957,225,-11.250000000000025,-9.750000000000021,0.5670714285714286,0.15,0,out_of_energy,0,0,1,0,100,28,0,0,0,49,0.04021727948720843,0.2579865256501076,0.0,0.0,0.99,8,linear
q_learning,sparse_eps-linear_seed1,sparse,1,4a77b6e251,958,225,-1.2499999999999822,-9.65000000000002,0.5666190476190476,0.15,0,out_of_energy,0,0,1,0,102,7,0,0,1,47,0.16593559518276346,7.729883355635226,0.0,0.0,0.99,8,linear
q_learning,sparse_eps-linear_seed1,sparse,1,4a77b6e251,959,225,-11.250000000000025,-9.65000000000002,0.5661666666666667,0.15,0,out_of_energy,0,0,1,0,93,4,0,0,0,51,0.0422769469841545,0.2842670343282568,0.0,0.0,0.99,8,linear
q_learning,sparse_eps-linear_seed1,sparse,1,4a77b6e251,960,225,-1.2499999999999822,-9.55000000000002,0.5657142857142857,0.15,0,out_of_energy,0,0,1,0,101,14,0,0,1,42,0.08639083033157197,3.7915269760888894,0.0,0.0,0.99,8,linear
q_learning,sparse_eps-linear_seed1,sparse,1,4a77b6e251,961,225,-11.250000000000025,-9.55000000000002,0.5652619047619047,0.15,0,out_of_energy,0,0,1,0,115,10,0,0,0,51,0.043496950108044864,0.25401829283752775,0.0,0.0,0.99,8,linear
q_learning,sparse_eps-linear_seed1,sparse,1,4a77b6e251,962,225,-11.250000000000025,-9.550000000000018,0.5648095238095239,0.15,0,out_of_energy,0,0,1,0,85,24,0,0,0,45,0.04075676158262207,0.254843162444461,0.0,0.0,0.99,8,linear
q_learning,sparse_eps-linear_seed1,sparse,1,4a77b6e251,963,225,-11.250000000000025,-9.55000000000002,0.5643571428571429,0.15,0,out_of_energy,0,0,1,0,95,16,7,0,0,60,0.04164976183738504,0.4090062185120955,0.0,0.0,0.99,8,linear
q_learning,sparse_eps-linear_seed1,sparse,1,4a77b6e251,964,225,-11.250000000000025,-9.550000000000018,0.5639047619047619,0.15,0,out_of_energy,0,0,1,0,113,22,0,0,0,45,0.04141244740858671,0.24008596158830184,0.0,0.0,0.99,8,linear
q_learning,sparse_eps-linear_seed1,sparse,1,4a77b6e251,965,225,-11.250000000000025,-9.550000000000018,0.563452380952381,0.15,0,out_of_energy,0,0,1,0,106,25,0,0,0,37,0.041613270470302395,0.2958732604708245,0.0,0.0,0.99,8,linear
q_learning,sparse_eps-linear_seed1,sparse,1,4a77b6e251,966,225,-1.2499999999999858,-9.450000000000019,0.563,0.15,0,out_of_energy,0,0,1,0,113,18,0,0,1,44,0.09142470655356325,3.22469207736404,0.0,0.0,0.99,8,linear
q_learning,sparse_eps-linear_seed1,sparse,1,4a77b6e251,967,225,-11.250000000000025,-9.550000000000018,0.5625476190476191,0.15,0,out_of_energy,0,0,1,0,82,18,2,0,0,41,0.04238831882547962,0.26490214987791705,0.0,0.0,0.99,8,linear
q_learning,sparse_eps-linear_seed1,sparse,1,4a77b6e251,968,225,-11.250000000000025,-9.65000000000002,0.5620952380952382,0.15,0,out_of_energy,0,0,1,0,116,6,0,0,0,38,0.04355728038874326,0.29497556221006505,0.0,0.0,0.99,8,linear
q_learning,sparse_eps-linear_seed1,sparse,1,4a77b6e251,969,225,-11.250000000000025,-9.65000000000002,0.5616428571428571,0.15,0,out_of_energy,0,0,1,0,99,39,0,0,0,47,0.04134506010536892,0.23231629860027586,0.0,0.0,0.99,8,linear
q_learning,sparse_eps-linear_seed1,sparse,1,4a77b6e251,970,225,-11.250000000000025,-9.65000000000002,0.5611904761904762,0.15,0,out_of_energy,0,0,1,0,104,5,0,0,0,44,0.04135555691032757,0.2705359325673176,0.0,0.0,0.99,8,linear
q_learning,sparse_eps-linear_seed1,sparse,1,4a77b6e251,971,225,-11.250000000000025,-9.65000000000002,0.5607380952380953,0.15,0,out_of_energy,0,0,1,0,89,13,6,0,0,33,0.040290159071487405,0.26554512339197367,0.0,0.0,0.99,8,linear
q_learning,sparse_eps-linear_seed1,sparse,1,4a77b6e251,972,225,-1.2499999999999822,-9.55000000000002,0.5602857142857143,0.15,0,out_of_energy,0,0,1,0,85,11,0,0,1,43,0.10658632441280574,3.7763363578586073,0.0,0.0,0.99,8,linear
q_learning,sparse_eps-linear_seed1,sparse,1,4a77b6e251,973,225,-11.250000000000025,-9.55000000000002,0.5598333333333334,0.15,0,out_of_energy,0,0,1,0,100,15,0,0,0,47,0.041532623140929585,0.27867963991634553,0.0,0.0,0.99,8,linear
q_learning,sparse_eps-linear_seed1,sparse,1,4a77b6e251,974,225,-1.2499999999999822,-9.45000000000002,0.5593809523809524,0.15,0,out_of_energy,0,0,1,0,100,10,0,0,1,52,0.08477993578873787,3.6799780078369793,0.0,0.0,0.99,8,linear
q_learning,sparse_eps-linear_seed1,sparse,1,4a77b6e251,975,225,-11.250000000000025,-9.55000000000002,0.5589285714285714,0.15,0,out_of_energy,0,0,1,0,93,9,0,0,0,49,0.04251950666993224,0.26570217237773686,0.0,0.0,0.99,8,linear
q_learning,sparse_eps-linear_seed1,sparse,1,4a77b6e251,976,225,-11.250000000000025,-9.55000000000002,0.5584761904761906,0.15,0,out_of_energy,0,0,1,0,97,14,1,0,0,39,0.040901215853311156,0.26604255564426704,0.0,0.0,0.99,8,linear
q_learning,sparse_eps-linear_seed1,sparse,1,4a77b6e251,977,225,-1.2499999999999822,-9.45000000000002,0.5580238095238095,0.15,0,out_of_energy,0,0,1,0,102,28,0,0,1,36,0.12093584118530581,3.525382600880902,0.0,0.0,0.99,8,linear
q_learning,sparse_eps-linear_seed1,sparse,1,4a77b6e251,978,225,-11.250000000000025,-9.450000000000019,0.5575714285714286,0.15,0,out_of_energy,0,0,1,0,97,18,0,0,0,39,0.03943156694289139,0.2117466616566573,0.0,0.0,0.99,8,linear
q_learning,sparse_eps-linear_seed1,sparse,1,4a77b6e251,979,225,-11.250000000000025,-9.450000000000019,0.5571190476190476,0.15,0,out_of_energy,0,0,1,0,112,8,0,0,0,38,0.04074208973839227,0.1413881200670215,0.0,0.0,0.99,8,linear
q_learning,sparse_eps-linear_seed1,sparse,1,4a77b6e251,980,225,-11.250000000000025,-9.450000000000019,0.5566666666666666,0.15,0,out_of_energy,0,0,1,0,125,9,0,0,0,50,0.04313796910795193,0.2799560568081776,0.0,0.0,0.99,8,linear
q_learning,sparse_eps-linear_seed1,sparse,1,4a77b6e251,981,225,-11.250000000000025,-9.450000000000019,0.5562142857142858,0.15,0,out_of_energy,0,0,1,0,96,2,0,0,0,50,0.04228566661805806,0.28352781364867147,0.0,0.0,0.99,8,linear
q_learning,sparse_eps-linear_seed1,sparse,1,4a77b6e251,982,225,-11.250000000000025,-9.450000000000019,0.5557619047619048,0.15,0,out_of_energy,0,0,1,0,115,8,0,0,0,38,0.04077422693062685,0.1662020960888671,0.0,0.0,0.99,8,linear
q_learning,sparse_eps-linear_seed1,sparse,1,4a77b6e251,983,225,-11.250000000000025,-9.450000000000019,0.5553095238095238,0.15,0,out_of_energy,0,0,1,0,96,14,2,0,0,53,0.04270097168985704,0.3024245911762184,0.0,0.0,0.99,8,linear
q_learning,sparse_eps-linear_seed1,sparse,1,4a77b6e251,984,225,-11.250000000000025,-9.450000000000019,0.5548571428571429,0.15,0,out_of_energy,0,0,1,0,90,5,11,0,0,46,0.04051684220508209,0.30595292653448153,0.0,0.0,0.99,8,linear
q_learning,sparse_eps-linear_seed1,sparse,1,4a77b6e251,985,225,-11.250000000000025,-9.450000000000019,0.5544047619047618,0.15,0,out_of_energy,0,0,1,0,105,4,1,0,0,45,0.03989810506490109,0.3142502221708764,0.0,0.0,0.99,8,linear
q_learning,sparse_eps-linear_seed1,sparse,1,4a77b6e251,986,225,-11.250000000000025,-9.450000000000019,0.553952380952381,0.15,0,out_of_energy,0,0,1,0,89,17,1,0,0,41,0.04299786961965373,0.3631972422864531,0.0,0.0,0.99,8,linear
q_learning,sparse_eps-linear_seed1,sparse,1,4a77b6e251,987,225,-11.250000000000025,-9.550000000000018,0.5535000000000001,0.15,0,out_of_energy,0,0,1,0,111,9,0,0,0,46,0.041777198577888454,0.2573505033443975,0.0,0.0,0.99,8,linear
q_learning,sparse_eps-linear_seed1,sparse,1,4a77b6e251,988,225,-11.250000000000025,-9.550000000000018,0.553047619047619,0.15,0,out_of_energy,0,0,1,0,85,20,0,0,0,41,0.0424095908363221,0.3207252692542104,0.0,0.0,0.99,8,linear
q_learning,sparse_eps-linear_seed1,sparse,1,4a77b6e251,989,225,-11.250000000000025,-9.550000000000018,0.5525952380952381,0.15,0,out_of_energy,0,0,1,0,98,25,0,0,0,43,0.04115533495211444,0.2309108455319493,0.0,0.0,0.99,8,linear
q_learning,sparse_eps-linear_seed1,sparse,1,4a77b6e251,990,225,-11.250000000000025,-9.550000000000018,0.5521428571428572,0.15,0,out_of_energy,0,0,1,0,100,9,0,0,0,48,0.03795879023296649,0.214817915302787,0.0,0.0,0.99,8,linear
q_learning,sparse_eps-linear_seed1,sparse,1,4a77b6e251,991,225,-11.250000000000025,-9.550000000000018,0.5516904761904762,0.15,0,out_of_energy,0,0,1,0,88,7,0,0,0,46,0.03949737043560236,0.21356900323531203,0.0,0.0,0.99,8,linear
q_learning,sparse_eps-linear_seed1,sparse,1,4a77b6e251,992,225,-11.250000000000025,-9.550000000000018,0.5512380952380953,0.15,0,out_of_energy,0,0,1,0,99,25,0,0,0,48,0.041091882925015484,0.2884395556680682,0.0,0.0,0.99,8,linear
q_learning,sparse_eps-linear_seed1,sparse,1,4a77b6e251,993,225,-1.2499999999999822,-9.450000000000019,0.5507857142857143,0.15,0,out_of_energy,0,0,1,0,88,16,0,0,1,36,0.27756288382639893,6.0327558848283305,0.0,0.0,0.99,8,linear
q_learning,sparse_eps-linear_seed1,sparse,1,4a77b6e251,994,225,-11.250000000000025,-9.450000000000019,0.5503333333333333,0.15,0,out_of_energy,0,0,1,0,83,10,0,0,0,39,0.04252152067047737,0.2808760396676731,0.0,0.0,0.99,8,linear
q_learning,sparse_eps-linear_seed1,sparse,1,4a77b6e251,995,225,-11.250000000000025,-9.450000000000019,0.5498809523809525,0.15,0,out_of_energy,0,0,1,0,92,14,6,0,0,39,0.04299770241805243,0.26311822249995415,0.0,0.0,0.99,8,linear
q_learning,sparse_eps-linear_seed1,sparse,1,4a77b6e251,996,225,-11.250000000000025,-9.55000000000002,0.5494285714285714,0.15,0,out_of_energy,0,0,1,0,96,3,0,0,0,48,0.038739077610172534,0.22605730101849147,0.0,0.0,0.99,8,linear
q_learning,sparse_eps-linear_seed1,sparse,1,4a77b6e251,997,225,-11.250000000000025,-9.550000000000018,0.5489761904761905,0.15,0,out_of_energy,0,0,1,0,97,21,0,0,0,39,0.04219501984414732,0.29878771898889045,0.0,0.0,0.99,8,linear
q_learning,sparse_eps-linear_seed1,sparse,1,4a77b6e251,998,225,-11.250000000000025,-9.550000000000018,0.5485238095238095,0.15,0,out_of_energy,0,0,1,0,87,31,0,0,0,41,0.040094706454875506,0.22720114943076453,0.0,0.0,0.99,8,linear
q_learning,sparse_eps-linear_seed1,sparse,1,4a77b6e251,999,225,-11.250000000000025,-9.550000000000018,0.5480714285714285,0.15,0,out_of_energy,0,0,1,0,101,12,0,0,0,45,0.04305955994416618,0.27541923344135383,0.0,0.0,0.99,8,linear
q_learning,sparse_eps-linear_seed1,sparse,1,4a77b6e251,1000,225,-11.250000000000025,-9.550000000000018,0.5476190476190477,0.15,0,out_of_energy,0,0,1,0,97,7,1,0,0,48,0.04181333544350039,0.3809885383729622,0.0,0.0,0.99,8,linear
q_learning,sparse_eps-linear_seed1,sparse,1,4a77b6e251,1001,225,-11.250000000000025,-9.550000000000018,0.5471666666666667,0.15,0,out_of_energy,0,0,1,0,91,7,7,0,0,45,0.041400568515140575,0.27227695954243303,0.0,0.0,0.99,8,linear
q_learning,sparse_eps-linear_seed1,sparse,1,4a77b6e251,1002,225,-11.250000000000025,-9.550000000000018,0.5467142857142857,0.15,0,out_of_energy,0,0,1,0,101,11,0,0,0,45,0.04040530677501443,0.3381961894035439,0.0,0.0,0.99,8,linear
q_learning,sparse_eps-linear_seed1,sparse,1,4a77b6e251,1003,225,-11.250000000000025,-9.550000000000018,0.5462619047619048,0.15,0,out_of_energy,0,0,1,0,79,0,0,0,0,41,0.043414252473725906,0.28064430555699627,0.0,0.0,0.99,8,linear
q_learning,sparse_eps-linear_seed1,sparse,1,4a77b6e251,1004,225,-11.250000000000025,-9.550000000000018,0.5458095238095239,0.15,0,out_of_energy,0,0,1,0,89,2,0,0,0,38,0.043730070120427234,0.31009546968992585,0.0,0.0,0.99,8,linear
q_learning,sparse_eps-linear_seed1,sparse,1,4a77b6e251,1005,225,-11.250000000000025,-9.65000000000002,0.5453571428571429,0.15,0,out_of_energy,0,0,1,0,103,14,0,0,0,44,0.04154266866318483,0.2993905831205521,0.0,0.0,0.99,8,linear
q_learning,sparse_eps-linear_seed1,sparse,1,4a77b6e251,1006,225,-11.250000000000025,-9.65000000000002,0.5449047619047619,0.15,0,out_of_energy,0,0,1,0,90,3,2,0,0,52,0.04200650717852287,0.28944035628807296,0.0,0.0,0.99,8,linear
q_learning,sparse_eps-linear_seed1,sparse,1,4a77b6e251,1007,225,-11.250000000000025,-9.65000000000002,0.5444523809523809,0.15,0,out_of_energy,0,0,1,0,103,30,0,0,0,42,0.03767873205203028,0.282037530588719,0.0,0.0,0.99,8,linear
q_learning,sparse_eps-linear_seed1,sparse,1,4a77b6e251,1008,225,-11.250000000000025,-9.750000000000021,0.544,0.15,0,out_of_energy,0,0,1,0,101,20,0,0,0,41,0.041596362686972935,0.3857192424169199,0.0,0.0,0.99,8,linear
q_learning,sparse_eps-linear_seed1,sparse,1,4a77b6e251,1009,225,-11.250000000000025,-9.750000000000021,0.5435476190476191,0.15,0,out_of_energy,0,0,1,0,114,9,0,0,0,52,0.0438336139758795,0.2793844132896567,0.0,0.0,0.99,8,linear
q_learning,sparse_eps-linear_seed1,sparse,1,4a77b6e251,1010,225,-11.250000000000025,-9.750000000000021,0.5430952380952381,0.15,0,out_of_energy,0,0,1,0,106,27,0,0,0,48,0.04308206343895755,0.27535685585394604,0.0,0.0,0.99,8,linear
q_learning,sparse_eps-linear_seed1,sparse,1,4a77b6e251,1011,225,-11.250000000000025,-9.750000000000021,0.5426428571428572,0.15,0,out_of_energy,0,0,1,0,98,20,0,0,0,44,0.04155304469022324,0.27628371255881534,0.0,0.0,0.99,8,linear
q_learning,sparse_eps-linear_seed1,sparse,1,4a77b6e251,1012,225,-11.250000000000025,-9.750000000000021,0.5421904761904762,0.15,0,out_of_energy,0,0,1,0,115,10,0,0,0,47,0.04205185115823767,0.21752303982135274,0.0,0.0,0.99,8,linear
q_learning,sparse_eps-linear_seed1,sparse,1,4a77b6e251,1013,225,-11.250000000000025,-9.750000000000021,0.5417380952380952,0.15,0,out_of_energy,0,0,1,0,102,2,0,0,0,42,0.040626796716406496,0.2949075044122238,0.0,0.0,0.99,8,linear
q_learning,sparse_eps-linear_seed1,sparse,1,4a77b6e251,1014,225,-11.250000000000025,-9.750000000000021,0.5412857142857144,0.15,0,out_of_energy,0,0,1,0,103,23,3,0,0,44,0.04368675942658312,0.31708330349325975,0.0,0.0,0.99,8,linear
q_learning,sparse_eps-linear_seed1,sparse,1,4a77b6e251,1015,225,-11.250000000000025,-9.750000000000021,0.5408333333333333,0.15,0,out_of_energy,0,0,1,0,102,15,0,0,0,49,0.039699452313830846,0.307426413666499,0.0,0.0,0.99,8,linear
q_learning,sparse_eps-linear_seed1,sparse,1,4a77b6e251,1016,225,-11.250000000000025,-9.850000000000021,0.5403809523809524,0.15,0,out_of_energy,0,0,1,0,84,0,0,0,0,44,0.043531536770783356,0.3120651129164589,0.0,0.0,0.99,8,linear
q_learning,sparse_eps-linear_seed1,sparse,1,4a77b6e251,1017,225,-11.250000000000025,-9.850000000000021,0.5399285714285715,0.15,0,out_of_energy,0,0,1,0,103,12,2,0,0,48,0.04270339020202428,0.34283287219394326,0.0,0.0,0.99,8,linear
q_learning,sparse_eps-linear_seed1,sparse,1,4a77b6e251,1018,225,-11.250000000000025,-9.850000000000021,0.5394761904761904,0.15,0,out_of_energy,0,0,1,0,98,29,0,0,0,48,0.04269234612435178,0.2968222912629638,0.0,0.0,0.99,8,linear
q_learning,sparse_eps-linear_seed1,sparse,1,4a77b6e251,1019,225,-11.250000000000025,-9.850000000000021,0.5390238095238096,0.15,0,out_of_energy,0,0,1,0,91,38,0,0,0,47,0.04231982531156665,0.2466148197744925,0.0,0.0,0.99,8,linear
q_learning,sparse_eps-linear_seed1,sparse,1,4a77b6e251,1020,225,-11.250000000000025,-9.850000000000021,0.5385714285714286,0.15,0,out_of_energy,0,0,1,0,84,4,0,0,0,37,0.043548682250391664,0.28103635462738347,0.0,0.0,0.99,8,linear
q_learning,sparse_eps-linear_seed1,sparse,1,4a77b6e251,1021,225,-1.2500000000000033,-9.750000000000021,0.5381190476190476,0.15,0,out_of_energy,0,0,1,0,99,16,0,0,1,62,0.10363835838753156,3.2868333174791813,0.0,0.0,0.99,8,linear
q_learning,sparse_eps-linear_seed1,sparse,1,4a77b6e251,1022,225,-11.250000000000025,-9.850000000000021,0.5376666666666667,0.15,0,out_of_energy,0,0,1,0,90,1,0,0,0,43,0.043623382330598065,0.31014285978812917,0.0,0.0,0.99,8,linear
q_learning,sparse_eps-linear_seed1,sparse,1,4a77b6e251,1023,225,-11.250000000000025,-9.850000000000021,0.5372142857142856,0.15,0,out_of_energy,0,0,1,0,84,5,0,0,0,45,0.042893541202109794,0.34948632529529844,0.0,0.0,0.99,8,linear
q_learning,sparse_eps-linear_seed1,sparse,1,4a77b6e251,1024,225,-11.250000000000025,-9.850000000000021,0.5367619047619048,0.15,0,out_of_energy,0,0,1,0,104,20,0,0,0,42,0.043790408917361925,0.3854592310478901,0.0,0.0,0.99,8,linear
q_learning,sparse_eps-linear_seed1,sparse,1,4a77b6e251,1025,225,-11.250000000000025,-9.85000000000002,0.5363095238095239,0.15,0,out_of_energy,0,0,1,0,97,11,0,0,0,50,0.043300401767670325,0.29003781779016585,0.0,0.0,0.99,8,linear
q_learning,sparse_eps-linear_seed1,sparse,1,4a77b6e251,1026,225,-11.250000000000025,-9.95000000000002,0.5358571428571429,0.15,0,out_of_energy,0,0,1,0,90,11,0,0,0,44,0.04405907326662166,0.29437547280761345,0.0,0.0,0.99,8,linear
q_learning,sparse_eps-linear_seed1,sparse,1,4a77b6e251,1027,225,-11.250000000000025,-9.95000000000002,0.5354047619047619,0.15,0,out_of_energy,0,0,1,0,103,5,0,0,0,43,0.042847633961798214,0.2939893172109349,0.0,0.0,0.99,8,linear
q_learning,sparse_eps-linear_seed1,sparse,1,4a77b6e251,1028,225,-11.250000000000025,-9.95000000000002,0.534952380952381,0.15,0,out_of_energy,0,0,1,0,101,5,0,0,0,60,0.041141669646918434,0.22840573813294585,0.0,0.0,0.99,8,linear
q_learning,sparse_eps-linear_seed1,sparse,1,4a77b6e251,1029,225,-11.250000000000025,-9.95000000000002,0.5345,0.15,0,out_of_energy,0,0,1,0,71,0,0,0,0,40,0.04107724118625271,0.2801097152393148,0.0,0.0,0.99,8,linear
q_learning,sparse_eps-linear_seed1,sparse,1,4a77b6e251,1030,225,-11.250000000000025,-9.95000000000002,0.5340476190476191,0.15,0,out_of_energy,0,0,1,0,104,14,0,0,0,48,0.040548783204300415,0.3222586443970441,0.0,0.0,0.99,8,linear
q_learning,sparse_eps-linear_seed1,sparse,1,4a77b6e251,1031,225,-1.2499999999999822,-9.850000000000021,0.5335952380952381,0.15,0,out_of_energy,0,0,1,0,107,16,0,0,1,43,0.08599815290208418,3.35948882617983,0.0,0.0,0.99,8,linear
q_learning,sparse_eps-linear_seed1,sparse,1,4a77b6e251,1032,225,-11.250000000000025,-9.850000000000021,0.5331428571428571,0.15,0,out_of_energy,0,0,1,0,94,14,0,0,0,43,0.04466750834720653,0.32346584954550844,0.0,0.0,0.99,8,linear
q_learning,sparse_eps-linear_seed1,sparse,1,4a77b6e251,1033,225,-11.250000000000025,-9.850000000000021,0.5326904761904763,0.15,0,out_of_energy,0,0,1,0,96,4,0,0,0,59,0.044605413325179775,0.3139290722896655,0.0,0.0,0.99,8,linear
q_learning,sparse_eps-linear_seed1,sparse,1,4a77b6e251,1034,225,-11.250000000000025,-9.95000000000002,0.5322380952380953,0.15,0,out_of_energy,0,0,1,0,82,20,0,0,0,55,0.04222808932879756,0.26841400512697555,0.0,0.0,0.99,8,linear
q_learning,sparse_eps-linear_seed1,sparse,1,4a77b6e251,1035,225,-11.250000000000025,-9.95000000000002,0.5317857142857143,0.15,0,out_of_energy,0,0,1,0,99,30,0,0,0,51,0.04256031162894266,0.26994221855944645,0.0,0.0,0.99,8,linear
q_learning,sparse_eps-linear_seed1,sparse,1,4a77b6e251,1036,225,-11.250000000000025,-10.05000000000002,0.5313333333333333,0.15,0,out_of_energy,0,0,1,0,84,5,0,0,0,41,0.04305951695335855,0.33866504449342094,0.0,0.0,0.99,8,linear
q_learning,sparse_eps-linear_seed1,sparse,1,4a77b6e251,1037,225,-11.250000000000025,-10.05000000000002,0.5308809523809523,0.15,0,out_of_energy,0,0,1,0,90,23,0,0,0,43,0.04232694735165047,0.35503993566064834,0.0,0.0,0.99,8,linear
q_learning,sparse_eps-linear_seed1,sparse,1,4a77b6e251,1038,225,-11.250000000000025,-10.05000000000002,0.5304285714285715,0.15,0,out_of_energy,0,0,1,0,88,9,0,0,0,50,0.041258878817002416,0.24440086519361554,0.0,0.0,0.99,8,linear
q_learning,sparse_eps-linear_seed1,sparse,1,4a77b6e251,1039,225,-11.250000000000025,-10.050000000000022,0.5299761904761906,0.15,0,out_of_energy,0,0,1,0,85,15,0,0,0,57,0.041251741677231925,0.21915737885478476,0.0,0.0,0.99,8,linear
q_learning,sparse_eps-linear_seed1,sparse,1,4a77b6e251,1040,225,-11.250000000000025,-10.05000000000002,0.5295238095238095,0.15,0,out_of_energy,0,0,1,0,95,35,0,0,0,43,0.04191336491239006,0.2903764200740604,0.0,0.0,0.99,8,linear
q_learning,sparse_eps-linear_seed1,sparse,1,4a77b6e251,1041,225,-11.250000000000025,-10.15000000000002,0.5290714285714286,0.15,0,out_of_energy,0,0,1,0,84,11,3,0,0,51,0.04247536843442858,0.23279978485085284,0.0,0.0,0.99,8,linear
q_learning,sparse_eps-linear_seed1,sparse,1,4a77b6e251,1042,225,-11.250000000000025,-10.15000000000002,0.5286190476190477,0.15,0,out_of_energy,0,0,1,0,101,18,1,0,0,54,0.04136471051848553,0.29098088419267204,0.0,0.0,0.99,8,linear
q_learning,sparse_eps-linear_seed1,sparse,1,4a77b6e251,1043,225,-11.250000000000025,-10.250000000000023,0.5281666666666667,0.15,0,out_of_energy,0,0,1,0,94,8,0,0,0,43,0.039259675537558505,0.2193783372636388,0.0,0.0,0.99,8,linear
q_learning,sparse_eps-linear_seed1,sparse,1,4a77b6e251,1044,225,-11.250000000000025,-10.350000000000023,0.5277142857142857,0.15,0,out_of_energy,0,0,1,0,92,5,0,0,0,57,0.03994294757981131,0.25049631166303343,0.0,0.0,0.99,8,linear
q_learning,sparse_eps-linear_seed1,sparse,1,4a77b6e251,1045,225,-11.250000000000025,-10.350000000000023,0.5272619047619047,0.15,0,out_of_energy,0,0,1,0,88,13,0,0,0,53,0.042622344416811,0.25134253453932226,0.0,0.0,0.99,8,linear
q_learning,sparse_eps-linear_seed1,sparse,1,4a77b6e251,1046,225,-11.250000000000025,-10.350000000000023,0.5268095238095238,0.15,0,out_of_energy,0,0,1,0,88,27,0,0,0,49,0.044525069314442854,0.2982371987916782,0.0,0.0,0.99,8,linear
q_learning,sparse_eps-linear_seed1,sparse,1,4a77b6e251,1047,225,-11.250000000000025,-10.350000000000023,0.526357142857143,0.15,0,out_of_energy,0,0,1,0,87,10,1,0,0,47,0.041424653287101355,0.2924475408998204,0.0,0.0,0.99,8,linear
q_learning,sparse_eps-linear_seed1,sparse,1,4a77b6e251,1048,225,-11.250000000000025,-10.350000000000023,0.5259047619047619,0.15,0,out_of_energy,0,0,1,0,108,28,0,0,0,40,0.03989729513845095,0.24640676903390618,0.0,0.0,0.99,8,linear
q_learning,sparse_eps-linear_seed1,sparse,1,4a77b6e251,1049,225,-11.250000000000025,-10.350000000000023,0.525452380952381,0.15,0,out_of_energy,0,0,1,0,82,5,0,0,0,57,0.04130896019249302,0.25290272606911623,0.0,0.0,0.99,8,linear
q_learning,sparse_eps-linear_seed1,sparse,1,4a77b6e251,1050,225,-11.250000000000025,-10.350000000000023,0.525,0.15,0,out_of_energy,0,0,1,0,108,15,0,0,0,51,0.04300154701334168,0.32258804473544495,0.0,0.0,0.99,8,linear
q_learning,sparse_eps-linear_seed1,sparse,1,4a77b6e251,1051,225,-11.250000000000025,-10.350000000000023,0.524547619047619,0.15,0,out_of_energy,0,0,1,0,95,11,0,0,0,48,0.0429195285462844,0.2473465328006788,0.0,0.0,0.99,8,linear
q_learning,sparse_eps-linear_seed1,sparse,1,4a77b6e251,1052,225,-11.250000000000025,-10.350000000000023,0.5240952380952382,0.15,0,out_of_energy,0,0,1,0,86,24,2,0,0,33,0.043195143705712806,0.2882786614562402,0.0,0.0,0.99,8,linear
q_learning,sparse_eps-linear_seed1,sparse,1,4a77b6e251,1053,225,-1.2499999999999822,-10.250000000000021,0.5236428571428571,0.15,0,out_of_energy,0,0,1,0,92,8,0,0,1,38,0.09772840366817222,3.1397832847828484,0.0,0.0,0.99,8,linear
q_learning,sparse_eps-linear_seed1,sparse,1,4a77b6e251,1054,225,-11.250000000000025,-10.250000000000023,0.5231904761904762,0.15,0,out_of_energy,0,0,1,0,95,21,5,0,0,46,0.04115093817385459,0.2898995661431758,0.0,0.0,0.99,8,linear
q_learning,sparse_eps-linear_seed1,sparse,1,4a77b6e251,1055,225,-11.250000000000025,-10.250000000000023,0.5227380952380953,0.15,0,out_of_energy,0,0,1,0,99,28,0,0,0,55,0.04227420250178287,0.32205789507754246,0.0,0.0,0.99,8,linear
q_learning,sparse_eps-linear_seed1,sparse,1,4a77b6e251,1056,225,-11.250000000000025,-10.250000000000023,0.5222857142857142,0.15,0,out_of_energy,0,0,1,0,92,19,0,0,0,41,0.04406176898136162,0.35495067793794854,0.0,0.0,0.99,8,linear
q_learning,sparse_eps-linear_seed1,sparse,1,4a77b6e251,1057,225,-11.250000000000025,-10.250000000000023,0.5218333333333334,0.15,0,out_of_energy,0,0,1,0,89,11,0,0,0,40,0.042668156874727144,0.41190771791192,0.0,0.0,0.99,8,linear
q_learning,sparse_eps-linear_seed1,sparse,1,4a77b6e251,1058,225,-11.250000000000025,-10.350000000000023,0.5213809523809524,0.15,0,out_of_energy,0,0,1,0,101,39,0,0,0,39,0.04082998612013614,0.28170248462951314,0.0,0.0,0.99,8,linear
q_learning,sparse_eps-linear_seed1,sparse,1,4a77b6e251,1059,225,-11.250000000000025,-10.350000000000023,0.5209285714285714,0.15,0,out_of_energy,0,0,1,0,95,3,0,0,0,45,0.0420109170641504,0.2816601254768903,0.0,0.0,0.99,8,linear
q_learning,sparse_eps-linear_seed1,sparse,1,4a77b6e251,1060,225,-11.250000000000025,-10.450000000000022,0.5204761904761905,0.15,0,out_of_energy,0,0,1,0,108,11,0,0,0,55,0.04204931712950227,0.29949114307876556,0.0,0.0,0.99,8,linear
q_learning,sparse_eps-linear_seed1,sparse,1,4a77b6e251,1061,225,-11.250000000000025,-10.450000000000022,0.5200238095238094,0.15,0,out_of_energy,0,0,1,0,104,22,0,0,0,43,0.04110004716400288,0.20743814828738744,0.0,0.0,0.99,8,linear
q_learning,sparse_eps-linear_seed1,sparse,1,4a77b6e251,1062,225,-1.2499999999999822,-10.350000000000023,0.5195714285714286,0.15,0,out_of_energy,0,0,1,0,110,26,0,0,1,41,0.0880583796454093,2.963167218580266,0.0,0.0,0.99,8,linear
q_learning,sparse_eps-linear_seed1,sparse,1,4a77b6e251,1063,225,-11.250000000000025,-10.350000000000023,0.5191190476190477,0.15,0,out_of_energy,0,0,1,0,93,29,2,0,0,45,0.04390891605062302,0.3051559593984894,0.0,0.0,0.99,8,linear
q_learning,sparse_eps-linear_seed1,sparse,1,4a77b6e251,1064,225,-11.250000000000025,-10.350000000000023,0.5186666666666666,0.15,0,out_of_energy,0,0,1,0,96,12,1,0,0,49,0.04244896951677911,0.3598801152863814,0.0,0.0,0.99,8,linear
q_learning,sparse_eps-linear_seed1,sparse,1,4a77b6e251,1065,225,-11.250000000000025,-10.350000000000023,0.5182142857142857,0.15,0,out_of_energy,0,0,1,0,103,25,0,0,0,53,0.042229839378467054,0.2285777510483722,0.0,0.0,0.99,8,linear
q_learning,sparse_eps-linear_seed1,sparse,1,4a77b6e251,1066,225,-11.250000000000025,-10.450000000000022,0.5177619047619048,0.15,0,out_of_energy,0,0,1,0,96,15,3,0,0,40,0.04146001375558083,0.3234178235925018,0.0,0.0,0.99,8,linear
q_learning,sparse_eps-linear_seed1,sparse,1,4a77b6e251,1067,225,-11.250000000000025,-10.450000000000022,0.5173095238095239,0.15,0,out_of_energy,0,0,1,0,99,7,0,0,0,50,0.041365748981928074,0.3200785132086317,0.0,0.0,0.99,8,linear
q_learning,sparse_eps-linear_seed1,sparse,1,4a77b6e251,1068,225,-11.250000000000025,-10.450000000000022,0.5168571428571429,0.15,0,out_of_energy,0,0,1,0,97,13,0,0,0,55,0.04069605715925764,0.2872305839507139,0.0,0.0,0.99,8,linear
q_learning,sparse_eps-linear_seed1,sparse,1,4a77b6e251,1069,225,-11.250000000000025,-10.450000000000022,0.5164047619047619,0.15,0,out_of_energy,0,0,1,0,98,36,0,0,0,47,0.045068091421368923,0.39844279467561383,0.0,0.0,0.99,8,linear
q_learning,sparse_eps-linear_seed1,sparse,1,4a77b6e251,1070,225,-11.250000000000025,-10.450000000000022,0.5159523809523809,0.15,0,out_of_energy,0,0,1,0,88,16,0,0,0,44,0.04256702985935316,0.39425550243548424,0.0,0.0,0.99,8,linear
q_learning,sparse_eps-linear_seed1,sparse,1,4a77b6e251,1071,225,-11.250000000000025,-10.450000000000022,0.5155000000000001,0.15,0,out_of_energy,0,0,1,0,94,8,0,0,0,38,0.042890882654677255,0.3337221887449792,0.0,0.0,0.99,8,linear
q_learning,sparse_eps-linear_seed1,sparse,1,4a77b6e251,1072,225,-11.250000000000025,-10.550000000000022,0.515047619047619,0.15,0,out_of_energy,0,0,1,0,92,24,0,0,0,46,0.04272068647011031,0.28817472665107763,0.0,0.0,0.99,8,linear
q_learning,sparse_eps-linear_seed1,sparse,1,4a77b6e251,1073,225,-11.250000000000025,-10.550000000000022,0.5145952380952381,0.15,0,out_of_energy,0,0,1,0,98,1,0,0,0,45,0.04331709225408517,0.3371183661905619,0.0,0.0,0.99,8,linear
q_learning,sparse_eps-linear_seed1,sparse,1,4a77b6e251,1074,225,-11.250000000000025,-10.650000000000023,0.5141428571428571,0.15,0,out_of_energy,0,0,1,0,100,15,0,0,0,41,0.041527725028165485,0.22662144862350778,0.0,0.0,0.99,8,linear
q_learning,sparse_eps-linear_seed1,sparse,1,4a77b6e251,1075,225,-11.250000000000025,-10.650000000000023,0.5136904761904763,0.15,0,out_of_energy,0,0,1,0,87,34,1,0,0,42,0.04259515811865094,0.3407933120359585,0.0,0.0,0.99,8,linear
q_learning,sparse_eps-linear_seed1,sparse,1,4a77b6e251,1076,225,-11.250000000000025,-10.650000000000023,0.5132380952380953,0.15,0,out_of_energy,0,0,1,0,91,6,0,0,0,45,0.04291360037026766,0.2757211616666576,0.0,0.0,0.99,8,linear
q_learning,sparse_eps-linear_seed1,sparse,1,4a77b6e251,1077,225,-1.2499999999999822,-10.650000000000023,0.5127857142857143,0.15,0,out_of_energy,0,0,1,0,102,19,0,0,1,51,0.1266649176162285,8.101651983934248,0.0,0.0,0.99,8,linear
q_learning,sparse_eps-linear_seed1,sparse,1,4a77b6e251,1078,225,-11.250000000000025,-10.650000000000023,0.5123333333333333,0.15,0,out_of_energy,0,0,1,0,94,10,0,0,0,56,0.0414988647970139,0.20638132610247956,0.0,0.0,0.99,8,linear
q_learning,sparse_eps-linear_seed1,sparse,1,4a77b6e251,1079,225,-11.250000000000025,-10.650000000000023,0.5118809523809524,0.15,0,out_of_energy,0,0,1,0,97,17,1,0,0,35,0.042302573485229464,0.30538854603483606,0.0,0.0,0.99,8,linear
q_learning,sparse_eps-linear_seed1,sparse,1,4a77b6e251,1080,225,-11.250000000000025,-10.650000000000023,0.5114285714285716,0.15,0,out_of_energy,0,0,1,0,97,20,4,0,0,52,0.04274587209612954,0.3338854906511378,0.0,0.0,0.99,8,linear
q_learning,sparse_eps-linear_seed1,sparse,1,4a77b6e251,1081,225,-11.250000000000025,-10.650000000000023,0.5109761904761905,0.15,0,out_of_energy,0,0,1,0,98,24,0,0,0,41,0.04278359239500378,0.28861596777046084,0.0,0.0,0.99,8,linear
q_learning,sparse_eps-linear_seed1,sparse,1,4a77b6e251,1082,225,-11.250000000000025,-10.650000000000023,0.5105238095238095,0.15,0,out_of_energy,0,0,1,0,91,6,0,0,0,40,0.04215284886951895,0.3346621137945538,0.0,0.0,0.99,8,linear
q_learning,sparse_eps-linear_seed1,sparse,1,4a77b6e251,1083,225,-11.250000000000025,-10.650000000000023,0.5100714285714286,0.15,0,out_of_energy,0,0,1,0,91,17,0,0,0,50,0.040801009648645845,0.3068679448774083,0.0,0.0,0.99,8,linear
q_learning,sparse_eps-linear_seed1,sparse,1,4a77b6e251,1084,225,-11.250000000000025,-10.650000000000023,0.5096190476190476,0.15,0,out_of_energy,0,0,1,0,108,0,0,0,0,47,0.04092865199182231,0.23413955162078665,0.0,0.0,0.99,8,linear
q_learning,sparse_eps-linear_seed1,sparse,1,4a77b6e251,1085,225,-11.250000000000025,-10.650000000000023,0.5091666666666667,0.15,0,out_of_energy,0,0,1,0,84,6,0,0,0,35,0.04054570635673659,0.3066672003697992,0.0,0.0,0.99,8,linear
q_learning,sparse_eps-linear_seed1,sparse,1,4a77b6e251,1086,225,-11.250000000000025,-10.650000000000023,0.5087142857142857,0.15,0,out_of_energy,0,0,1,0,92,12,0,0,0,40,0.040623717971550115,0.27918208510545617,0.0,0.0,0.99,8,linear
q_learning,sparse_eps-linear_seed1,sparse,1,4a77b6e251,1087,225,-11.250000000000025,-10.650000000000023,0.5082619047619048,0.15,0,out_of_energy,0,0,1,0,97,6,0,0,0,48,0.04383432422467391,0.31639075443222775,0.0,0.0,0.99,8,linear
q_learning,sparse_eps-linear_seed1,sparse,1,4a77b6e251,1088,225,-11.250000000000025,-10.650000000000023,0.5078095238095239,0.15,0,out_of_energy,0,0,1,0,99,3,0,0,0,49,0.043956662275678564,0.33572382816024704,0.0,0.0,0.99,8,linear
q_learning,sparse_eps-linear_seed1,sparse,1,4a77b6e251,1089,225,-11.250000000000025,-10.650000000000023,0.5073571428571428,0.15,0,out_of_energy,0,0,1,0,96,26,0,0,0,49,0.042643717696034186,0.25063703076563365,0.0,0.0,0.99,8,linear
q_learning,sparse_eps-linear_seed1,sparse,1,4a77b6e251,1090,225,-11.250000000000025,-10.650000000000023,0.506904761904762,0.15,0,out_of_energy,0,0,1,0,98,7,0,0,0,46,0.04130484792346083,0.2638904809702662,0.0,0.0,0.99,8,linear
q_learning,sparse_eps-linear_seed1,sparse,1,4a77b6e251,1091,225,-11.250000000000025,-10.650000000000023,0.506452380952381,0.15,0,out_of_energy,0,0,1,0,80,10,0,0,0,29,0.042137084159393136,0.2766534494957373,0.0,0.0,0.99,8,linear
q_learning,sparse_eps-linear_seed1,sparse,1,4a77b6e251,1092,225,-11.250000000000025,-10.650000000000023,0.506,0.15,0,out_of_energy,0,0,1,0,108,4,0,0,0,51,0.0390578913786589,0.21798698957081553,0.0,0.0,0.99,8,linear
q_learning,sparse_eps-linear_seed1,sparse,1,4a77b6e251,1093,225,-11.250000000000025,-10.750000000000023,0.5055476190476191,0.15,0,out_of_energy,0,0,1,0,99,16,0,0,0,49,0.04133898699021909,0.20319941368958816,0.0,0.0,0.99,8,linear
q_learning,sparse_eps-linear_seed1,sparse,1,4a77b6e251,1094,225,-11.250000000000025,-10.750000000000023,0.5050952380952382,0.15,0,out_of_energy,0,0,1,0,102,30,0,0,0,54,0.04069027095442036,0.2500063944523857,0.0,0.0,0.99,8,linear
q_learning,sparse_eps-linear_seed1,sparse,1,4a77b6e251,1095,225,-11.250000000000025,-10.750000000000023,0.5046428571428572,0.15,0,out_of_energy,0,0,1,0,91,30,0,0,0,50,0.04256244575605085,0.2976938324274132,0.0,0.0,0.99,8,linear
q_learning,sparse_eps-linear_seed1,sparse,1,4a77b6e251,1096,225,-11.250000000000025,-10.750000000000023,0.5041904761904763,0.15,0,out_of_energy,0,0,1,0,121,9,0,0,0,57,0.04227101621597516,0.32684953553198953,0.0,0.0,0.99,8,linear
q_learning,sparse_eps-linear_seed1,sparse,1,4a77b6e251,1097,225,-11.250000000000025,-10.750000000000023,0.5037380952380952,0.15,0,out_of_energy,0,0,1,0,92,14,2,0,0,41,0.045229982415533235,0.32134375525245207,0.0,0.0,0.99,8,linear
q_learning,sparse_eps-linear_seed1,sparse,1,4a77b6e251,1098,225,-1.2499999999999822,-10.650000000000023,0.5032857142857143,0.15,0,out_of_energy,0,0,1,0,112,11,0,0,1,43,0.08665335163447191,2.808864353439078,0.0,0.0,0.99,8,linear
q_learning,sparse_eps-linear_seed1,sparse,1,4a77b6e251,1099,225,-11.250000000000025,-10.650000000000023,0.5028333333333334,0.15,0,out_of_energy,0,0,1,0,87,18,0,0,0,44,0.043693541021639484,0.3219076857770086,0.0,0.0,0.99,8,linear
q_learning,sparse_eps-linear_seed1,sparse,1,4a77b6e251,1100,225,-11.250000000000025,-10.650000000000023,0.5023809523809524,0.15,0,out_of_energy,0,0,1,0,101,6,0,0,0,41,0.043262482069109334,0.32249060599260326,0.0,0.0,0.99,8,linear
q_learning,sparse_eps-linear_seed1,sparse,1,4a77b6e251,1101,225,-11.250000000000025,-10.650000000000023,0.5019285714285715,0.15,0,out_of_energy,0,0,1,0,101,6,0,0,0,49,0.041857771837042056,0.25515942065003605,0.0,0.0,0.99,8,linear
q_learning,sparse_eps-linear_seed1,sparse,1,4a77b6e251,1102,225,-11.250000000000025,-10.650000000000023,0.5014761904761905,0.15,0,out_of_energy,0,0,1,0,93,0,0,0,0,54,0.04376938734121057,0.25143499647816614,0.0,0.0,0.99,8,linear
q_learning,sparse_eps-linear_seed1,sparse,1,4a77b6e251,1103,225,-11.250000000000025,-10.650000000000023,0.5010238095238095,0.15,0,out_of_energy,0,0,1,0,101,13,0,0,0,43,0.04029351509990461,0.29838431004466215,0.0,0.0,0.99,8,linear
q_learning,sparse_eps-linear_seed1,sparse,1,4a77b6e251,1104,225,-11.250000000000025,-10.650000000000023,0.5005714285714287,0.15,0,out_of_energy,0,0,1,0,91,25,0,0,0,43,0.0437117760955196,0.3101506846543888,0.0,0.0,0.99,8,linear
q_learning,sparse_eps-linear_seed1,sparse,1,4a77b6e251,1105,225,-11.250000000000025,-10.650000000000023,0.5001190476190476,0.15,0,out_of_energy,0,0,1,0,102,5,0,0,0,51,0.04097156258646519,0.30411591533529,0.0,0.0,0.99,8,linear
q_learning,sparse_eps-linear_seed1,sparse,1,4a77b6e251,1106,225,-11.250000000000025,-10.650000000000023,0.4996666666666667,0.15,0,out_of_energy,0,0,1,0,92,40,4,0,0,42,0.04213184377191221,0.3386560556631047,0.0,0.0,0.99,8,linear
q_learning,sparse_eps-linear_seed1,sparse,1,4a77b6e251,1107,225,-11.250000000000025,-10.650000000000023,0.4992142857142857,0.15,0,out_of_energy,0,0,1,0,89,3,0,0,0,48,0.042470619895060256,0.2999660132059536,0.0,0.0,0.99,8,linear
q_learning,sparse_eps-linear_seed1,sparse,1,4a77b6e251,1108,225,-11.250000000000025,-10.650000000000023,0.49876190476190474,0.15,0,out_of_energy,0,0,1,0,105,9,0,0,0,46,0.04125445106637391,0.3091578593205158,0.0,0.0,0.99,8,linear
q_learning,sparse_eps-linear_seed1,sparse,1,4a77b6e251,1109,225,-11.250000000000025,-10.650000000000023,0.49830952380952387,0.15,0,out_of_energy,0,0,1,0,106,14,1,0,0,48,0.04096397260900185,0.34423243951527677,0.0,0.0,0.99,8,linear
q_learning,sparse_eps-linear_seed1,sparse,1,4a77b6e251,1110,225,-11.250000000000025,-10.650000000000023,0.4978571428571429,0.15,0,out_of_energy,0,0,1,0,96,30,0,0,0,42,0.041414455449501945,0.30941758669360625,0.0,0.0,0.99,8,linear
q_learning,sparse_eps-linear_seed1,sparse,1,4a77b6e251,1111,225,-11.250000000000025,-10.650000000000023,0.4974047619047619,0.15,0,out_of_energy,0,0,1,0,93,28,0,0,0,38,0.04412796644807994,0.3255458416151031,0.0,0.0,0.99,8,linear
q_learning,sparse_eps-linear_seed1,sparse,1,4a77b6e251,1112,225,-11.250000000000025,-10.650000000000023,0.49695238095238103,0.15,0,out_of_energy,0,0,1,0,104,18,0,0,0,45,0.0399503296852406,0.3586965389540302,0.0,0.0,0.99,8,linear
q_learning,sparse_eps-linear_seed1,sparse,1,4a77b6e251,1113,225,-11.250000000000025,-10.650000000000023,0.49650000000000005,0.15,0,out_of_energy,0,0,1,0,100,15,0,0,0,41,0.04318259307623554,0.2638157156173736,0.0,0.0,0.99,8,linear
q_learning,sparse_eps-linear_seed1,sparse,1,4a77b6e251,1114,225,-11.250000000000025,-10.650000000000023,0.49604761904761907,0.15,0,out_of_energy,0,0,1,0,107,12,0,0,0,55,0.04005416909553009,0.3280999569818728,0.0,0.0,0.99,8,linear
q_learning,sparse_eps-linear_seed1,sparse,1,4a77b6e251,1115,225,-11.250000000000025,-10.650000000000023,0.4955952380952381,0.15,0,out_of_energy,0,0,1,0,66,3,0,0,0,43,0.042459673194292405,0.30175346266475983,0.0,0.0,0.99,8,linear
q_learning,sparse_eps-linear_seed1,sparse,1,4a77b6e251,1116,225,-11.250000000000025,-10.650000000000023,0.4951428571428571,0.15,0,out_of_energy,0,0,1,0,100,17,1,0,0,45,0.04353442963274216,0.4124918012810236,0.0,0.0,0.99,8,linear
q_learning,sparse_eps-linear_seed1,sparse,1,4a77b6e251,1117,225,-11.250000000000025,-10.650000000000023,0.49469047619047624,0.15,0,out_of_energy,0,0,1,0,105,28,1,0,0,41,0.041856886938599284,0.2983159595514451,0.0,0.0,0.99,8,linear
q_learning,sparse_eps-linear_seed1,sparse,1,4a77b6e251,1118,225,-11.250000000000025,-10.650000000000023,0.49423809523809525,0.15,0,out_of_energy,0,0,1,0,95,4,0,0,0,42,0.0420668653936616,0.2986578850869719,0.0,0.0,0.99,8,linear
q_learning,sparse_eps-linear_seed1,sparse,1,4a77b6e251,1119,225,-11.250000000000025,-10.650000000000023,0.4937857142857144,0.15,0,out_of_energy,0,0,1,0,82,23,0,0,0,51,0.041105674983043516,0.2822209548363585,0.0,0.0,0.99,8,linear
q_learning,sparse_eps-linear_seed1,sparse,1,4a77b6e251,1120,225,-11.250000000000025,-10.650000000000023,0.4933333333333334,0.15,0,out_of_energy,0,0,1,0,87,7,1,0,0,35,0.04475403429892141,0.38743179613760786,0.0,0.0,0.99,8,linear
q_learning,sparse_eps-linear_seed1,sparse,1,4a77b6e251,1121,225,-11.250000000000025,-10.750000000000023,0.4928809523809524,0.15,0,out_of_energy,0,0,1,0,102,11,1,0,0,47,0.04072256453806014,0.3122566215082803,0.0,0.0,0.99,8,linear
q_learning,sparse_eps-linear_seed1,sparse,1,4a77b6e251,1122,225,-11.250000000000025,-10.750000000000023,0.49242857142857144,0.15,0,out_of_energy,0,0,1,0,113,19,0,0,0,35,0.043333777178403955,0.3572193304737987,0.0,0.0,0.99,8,linear
q_learning,sparse_eps-linear_seed1,sparse,1,4a77b6e251,1123,225,-11.250000000000025,-10.750000000000023,0.49197619047619046,0.15,0,out_of_energy,0,0,1,0,80,6,10,0,0,48,0.043873169317297185,0.31329780971348054,0.0,0.0,0.99,8,linear
q_learning,sparse_eps-linear_seed1,sparse,1,4a77b6e251,1124,225,-11.250000000000025,-10.750000000000023,0.4915238095238095,0.15,0,out_of_energy,0,0,1,0,106,4,0,0,0,47,0.04359384620468532,0.46155820553417715,0.0,0.0,0.99,8,linear
q_learning,sparse_eps-linear_seed1,sparse,1,4a77b6e251,1125,225,-1.2499999999999822,-10.650000000000023,0.4910714285714286,0.15,0,out_of_energy,0,0,1,0,100,25,0,0,1,38,0.1377169854774566,5.2506446076397095,0.0,0.0,0.99,8,linear
q_learning,sparse_eps-linear_seed1,sparse,1,4a77b6e251,1126,225,-11.250000000000025,-10.650000000000023,0.4906190476190476,0.15,0,out_of_energy,0,0,1,0,87,10,0,0,0,31,0.04195419246240362,0.26825640628345704,0.0,0.0,0.99,8,linear
q_learning,sparse_eps-linear_seed1,sparse,1,4a77b6e251,1127,225,-11.250000000000025,-10.650000000000023,0.49016666666666675,0.15,0,out_of_energy,0,0,1,0,102,16,0,0,0,46,0.040471724023108814,0.2524029714740281,0.0,0.0,0.99,8,linear
q_learning,sparse_eps-linear_seed1,sparse,1,4a77b6e251,1128,225,-11.250000000000025,-10.650000000000023,0.48971428571428577,0.15,0,out_of_energy,0,0,1,0,88,25,0,0,0,46,0.044082446847373676,0.35959919917918826,0.0,0.0,0.99,8,linear
q_learning,sparse_eps-linear_seed1,sparse,1,4a77b6e251,1129,225,-11.250000000000025,-10.650000000000023,0.4892619047619048,0.15,0,out_of_energy,0,0,1,0,95,7,2,0,0,45,0.04399423490325328,0.46770489825047795,0.0,0.0,0.99,8,linear
q_learning,sparse_eps-linear_seed1,sparse,1,4a77b6e251,1130,225,-11.250000000000025,-10.650000000000023,0.4888095238095238,0.15,0,out_of_energy,0,0,1,0,98,3,0,0,0,55,0.04260680839233291,0.2655388958163225,0.0,0.0,0.99,8,linear
q_learning,sparse_eps-linear_seed1,sparse,1,4a77b6e251,1131,225,-11.250000000000025,-10.750000000000023,0.4883571428571428,0.15,0,out_of_energy,0,0,1,0,96,1,0,0,0,47,0.04195391835915108,0.3165693785179363,0.0,0.0,0.99,8,linear
q_learning,sparse_eps-linear_seed1,sparse,1,4a77b6e251,1132,225,-11.250000000000025,-10.750000000000023,0.48790476190476195,0.15,0,out_of_energy,0,0,1,0,96,11,0,0,0,40,0.040858477484817725,0.2678309878709289,0.0,0.0,0.99,8,linear
q_learning,sparse_eps-linear_seed1,sparse,1,4a77b6e251,1133,225,-11.250000000000025,-10.750000000000023,0.48745238095238097,0.15,0,out_of_energy,0,0,1,0,96,14,0,0,0,49,0.041423654180107294,0.30559521746501744,0.0,0.0,0.99,8,linear
q_learning,sparse_eps-linear_seed1,sparse,1,4a77b6e251,1134,225,-11.250000000000025,-10.750000000000023,0.487,0.15,0,out_of_energy,0,0,1,0,90,10,2,0,0,49,0.04258746189134652,0.30189846634049644,0.0,0.0,0.99,8,linear
q_learning,sparse_eps-linear_seed1,sparse,1,4a77b6e251,1135,225,-11.250000000000025,-10.750000000000023,0.4865476190476191,0.15,0,out_of_energy,0,0,1,0,93,6,0,0,0,39,0.04069954811432549,0.2952484349146041,0.0,0.0,0.99,8,linear
q_learning,sparse_eps-linear_seed1,sparse,1,4a77b6e251,1136,225,-11.250000000000025,-10.750000000000023,0.48609523809523814,0.15,0,out_of_energy,0,0,1,0,111,18,0,0,0,38,0.04254128514375946,0.3341240649623361,0.0,0.0,0.99,8,linear
q_learning,sparse_eps-linear_seed1,sparse,1,4a77b6e251,1137,225,-11.250000000000025,-10.750000000000023,0.48564285714285715,0.15,0,out_of_energy,0,0,1,0,104,13,0,0,0,45,0.04336267945659224,0.286658627737755,0.0,0.0,0.99,8,linear
q_learning,sparse_eps-linear_seed1,sparse,1,4a77b6e251,1138,225,-11.250000000000025,-10.750000000000023,0.4851904761904763,0.15,0,out_of_energy,0,0,1,0,70,20,2,0,0,46,0.04312016432338993,0.29600823153420097,0.0,0.0,0.99,8,linear
q_learning,sparse_eps-linear_seed1,sparse,1,4a77b6e251,1139,225,-11.250000000000025,-10.750000000000023,0.4847380952380952,0.15,0,out_of_energy,0,0,1,0,99,27,6,0,0,40,0.043085167363112395,0.318888915804398,0.0,0.0,0.99,8,linear
q_learning,sparse_eps-linear_seed1,sparse,1,4a77b6e251,1140,225,-11.250000000000025,-10.750000000000023,0.4842857142857143,0.15,0,out_of_energy,0,0,1,0,95,11,0,0,0,43,0.04131762830015333,0.2430237066668593,0.0,0.0,0.99,8,linear
q_learning,sparse_eps-linear_seed1,sparse,1,4a77b6e251,1141,225,-11.250000000000025,-10.750000000000023,0.48383333333333334,0.15,0,out_of_energy,0,0,1,0,97,13,0,0,0,51,0.04159458642622029,0.32829481870388666,0.0,0.0,0.99,8,linear
q_learning,sparse_eps-linear_seed1,sparse,1,4a77b6e251,1142,225,-11.250000000000025,-10.750000000000023,0.48338095238095236,0.15,0,out_of_energy,0,0,1,0,100,7,0,0,0,32,0.04138223221119143,0.23815289298716152,0.0,0.0,0.99,8,linear
q_learning,sparse_eps-linear_seed1,sparse,1,4a77b6e251,1143,225,-11.250000000000025,-10.750000000000023,0.4829285714285715,0.15,0,out_of_energy,0,0,1,0,97,22,4,0,0,45,0.042326890086829376,0.2820984089198489,0.0,0.0,0.99,8,linear
q_learning,sparse_eps-linear_seed1,sparse,1,4a77b6e251,1144,225,-11.250000000000025,-10.750000000000023,0.4824761904761905,0.15,0,out_of_energy,0,0,1,0,90,13,0,0,0,37,0.04274253665990587,0.30735015174873076,0.0,0.0,0.99,8,linear
q_learning,sparse_eps-linear_seed1,sparse,1,4a77b6e251,1145,225,-11.250000000000025,-10.750000000000023,0.48202380952380963,0.15,0,out_of_energy,0,0,1,0,95,19,0,0,0,38,0.0428110630182909,0.28701165206218027,0.0,0.0,0.99,8,linear
q_learning,sparse_eps-linear_seed1,sparse,1,4a77b6e251,1146,225,-11.250000000000025,-10.750000000000023,0.48157142857142865,0.15,0,out_of_energy,0,0,1,0,102,1,0,0,0,41,0.04285540480432303,0.2972495910980794,0.0,0.0,0.99,8,linear
q_learning,sparse_eps-linear_seed1,sparse,1,4a77b6e251,1147,225,-11.250000000000025,-10.750000000000023,0.48111904761904756,0.15,0,out_of_energy,0,0,1,0,105,14,0,0,0,38,0.041729630461312506,0.26591976226704866,0.0,0.0,0.99,8,linear
q_learning,sparse_eps-linear_seed1,sparse,1,4a77b6e251,1148,225,-11.250000000000025,-10.750000000000023,0.4806666666666667,0.15,0,out_of_energy,0,0,1,0,101,10,0,0,0,51,0.04212568125601561,0.34408233681590683,0.0,0.0,0.99,8,linear
q_learning,sparse_eps-linear_seed1,sparse,1,4a77b6e251,1149,225,-11.250000000000025,-10.750000000000023,0.4802142857142857,0.15,0,out_of_energy,0,0,1,0,92,0,0,0,0,38,0.04342588551675711,0.3090474923820151,0.0,0.0,0.99,8,linear
q_learning,sparse_eps-linear_seed1,sparse,1,4a77b6e251,1150,225,-11.250000000000025,-10.750000000000023,0.4797619047619047,0.15,0,out_of_energy,0,0,1,0,84,13,7,0,0,27,0.042248418480527024,0.2924633232246475,0.0,0.0,0.99,8,linear
q_learning,sparse_eps-linear_seed1,sparse,1,4a77b6e251,1151,225,-11.250000000000025,-10.750000000000023,0.47930952380952385,0.15,0,out_of_energy,0,0,1,0,85,10,0,0,0,43,0.04220690510596581,0.2719110456248944,0.0,0.0,0.99,8,linear
q_learning,sparse_eps-linear_seed1,sparse,1,4a77b6e251,1152,225,-11.250000000000025,-10.750000000000023,0.47885714285714287,0.15,0,out_of_energy,0,0,1,0,93,8,0,0,0,45,0.041718443410014065,0.3174503300473961,0.0,0.0,0.99,8,linear
q_learning,sparse_eps-linear_seed1,sparse,1,4a77b6e251,1153,225,-11.250000000000025,-10.850000000000023,0.478404761904762,0.15,0,out_of_energy,0,0,1,0,118,5,0,0,0,45,0.04181014408970741,0.339701231126648,0.0,0.0,0.99,8,linear
q_learning,sparse_eps-linear_seed1,sparse,1,4a77b6e251,1154,225,-11.250000000000025,-10.850000000000023,0.477952380952381,0.15,0,out_of_energy,0,0,1,0,106,41,3,0,0,43,0.04274245712503958,0.3582207116763371,0.0,0.0,0.99,8,linear
q_learning,sparse_eps-linear_seed1,sparse,1,4a77b6e251,1155,225,-11.250000000000025,-10.850000000000023,0.47750000000000004,0.15,0,out_of_energy,0,0,1,0,90,17,0,0,0,40,0.04309525481841871,0.3025904364027576,0.0,0.0,0.99,8,linear
q_learning,sparse_eps-linear_seed1,sparse,1,4a77b6e251,1156,225,-11.250000000000025,-10.850000000000023,0.47704761904761905,0.15,0,out_of_energy,0,0,1,0,91,17,0,0,0,40,0.04151469116883561,0.2710479270764976,0.0,0.0,0.99,8,linear
q_learning,sparse_eps-linear_seed1,sparse,1,4a77b6e251,1157,225,-11.250000000000025,-10.850000000000023,0.47659523809523807,0.15,0,out_of_energy,0,0,1,0,85,16,0,0,0,39,0.040257871896243906,0.2925887943744812,0.0,0.0,0.99,8,linear
q_learning,sparse_eps-linear_seed1,sparse,1,4a77b6e251,1158,225,-11.250000000000025,-10.850000000000023,0.4761428571428572,0.15,0,out_of_energy,0,0,1,0,94,8,0,0,0,55,0.04368563408556006,0.33049058005072884,0.0,0.0,0.99,8,linear
q_learning,sparse_eps-linear_seed1,sparse,1,4a77b6e251,1159,225,-11.250000000000025,-10.850000000000023,0.4756904761904762,0.15,0,out_of_energy,0,0,1,0,107,4,0,0,0,45,0.04277756782242482,0.3546682232262739,0.0,0.0,0.99,8,linear
q_learning,sparse_eps-linear_seed1,sparse,1,4a77b6e251,1160,225,-11.250000000000025,-10.850000000000023,0.47523809523809524,0.15,0,out_of_energy,0,0,1,0,106,15,0,0,0,40,0.03986113702991183,0.2102445185865991,0.0,0.0,0.99,8,linear
q_learning,sparse_eps-linear_seed1,sparse,1,4a77b6e251,1161,225,-11.250000000000025,-10.850000000000023,0.47478571428571437,0.15,0,out_of_energy,0,0,1,0,99,10,0,0,0,46,0.0434518585580282,0.30558534621801625,0.0,0.0,0.99,8,linear
q_learning,sparse_eps-linear_seed1,sparse,1,4a77b6e251,1162,225,-11.250000000000025,-10.950000000000022,0.4743333333333334,0.15,0,out_of_energy,0,0,1,0,98,11,0,0,0,45,0.04181182766165233,0.24762006284179255,0.0,0.0,0.99,8,linear
q_learning,sparse_eps-linear_seed1,sparse,1,4a77b6e251,1163,225,-11.250000000000025,-10.950000000000022,0.4738809523809524,0.15,0,out_of_energy,0,0,1,0,94,9,0,0,0,50,0.043433398185816166,0.30040863129208595,0.0,0.0,0.99,8,linear
q_learning,sparse_eps-linear_seed1,sparse,1,4a77b6e251,1164,225,-11.250000000000025,-10.950000000000022,0.4734285714285714,0.15,0,out_of_energy,0,0,1,0,87,16,9,0,0,42,0.04372048739517226,0.37343816564084376,0.0,0.0,0.99,8,linear
q_learning,sparse_eps-linear_seed1,sparse,1,4a77b6e251,1165,225,-11.250000000000025,-10.950000000000022,0.47297619047619044,0.15,0,out_of_energy,0,0,1,0,107,35,0,0,0,47,0.040508039244686427,0.2895700584027825,0.0,0.0,0.99,8,linear
q_learning,sparse_eps-linear_seed1,sparse,1,4a77b6e251,1166,225,-11.250000000000025,-10.950000000000022,0.47252380952380957,0.15,0,out_of_energy,0,0,1,0,101,6,0,0,0,37,0.04395383626725161,0.26241729699082,0.0,0.0,0.99,8,linear
q_learning,sparse_eps-linear_seed1,sparse,1,4a77b6e251,1167,225,-11.250000000000025,-10.950000000000022,0.4720714285714286,0.15,0,out_of_energy,0,0,1,0,91,24,0,0,0,35,0.04247735607805663,0.34786181417537576,0.0,0.0,0.99,8,linear
q_learning,sparse_eps-linear_seed1,sparse,1,4a77b6e251,1168,225,-11.250000000000025,-10.950000000000022,0.4716190476190476,0.15,0,out_of_energy,0,0,1,0,87,14,0,0,0,40,0.04302087315190823,0.3187480146843916,0.0,0.0,0.99,8,linear
q_learning,sparse_eps-linear_seed1,sparse,1,4a77b6e251,1169,225,-11.250000000000025,-10.950000000000022,0.47116666666666673,0.15,0,out_of_energy,0,0,1,0,95,4,0,0,0,48,0.04281607681889296,0.352374160283863,0.0,0.0,0.99,8,linear
q_learning,sparse_eps-linear_seed1,sparse,1,4a77b6e251,1170,225,-11.250000000000025,-10.950000000000022,0.47071428571428575,0.15,0,out_of_energy,0,0,1,0,103,44,0,0,0,49,0.04247050806252255,0.32279010839535555,0.0,0.0,0.99,8,linear
q_learning,sparse_eps-linear_seed1,sparse,1,4a77b6e251,1171,225,-11.250000000000025,-10.950000000000022,0.4702619047619049,0.15,0,out_of_energy,0,0,1,0,89,12,0,0,0,51,0.04297269212310596,0.3281688317622506,0.0,0.0,0.99,8,linear
q_learning,sparse_eps-linear_seed1,sparse,1,4a77b6e251,1172,225,-11.250000000000025,-10.950000000000022,0.4698095238095238,0.15,0,out_of_energy,0,0,1,0,98,13,0,0,0,57,0.04280579850195996,0.30220666011042985,0.0,0.0,0.99,8,linear
q_learning,sparse_eps-linear_seed1,sparse,1,4a77b6e251,1173,225,-1.2499999999999822,-10.850000000000023,0.4693571428571428,0.15,0,out_of_energy,0,0,1,0,106,15,0,0,1,44,0.15876539025154504,7.202299688528324,0.0,0.0,0.99,8,linear
q_learning,sparse_eps-linear_seed1,sparse,1,4a77b6e251,1174,225,-11.250000000000025,-10.850000000000023,0.46890476190476194,0.15,0,out_of_energy,0,0,1,0,82,12,7,0,0,37,0.04376583025742821,0.3462996084427399,0.0,0.0,0.99,8,linear
q_learning,sparse_eps-linear_seed1,sparse,1,4a77b6e251,1175,225,-11.250000000000025,-10.850000000000023,0.46845238095238095,0.15,0,out_of_energy,0,0,1,0,86,5,0,0,0,35,0.04223039149563852,0.3244437484419173,0.0,0.0,0.99,8,linear
q_learning,sparse_eps-linear_seed1,sparse,1,4a77b6e251,1176,225,-11.250000000000025,-10.850000000000023,0.46799999999999997,0.15,0,out_of_energy,0,0,1,0,98,7,0,0,0,44,0.0408382101193306,0.3490054177139005,0.0,0.0,0.99,8,linear
q_learning,sparse_eps-linear_seed1,sparse,1,4a77b6e251,1177,225,-11.250000000000025,-10.950000000000022,0.4675476190476191,0.15,0,out_of_energy,0,0,1,0,88,27,4,0,0,43,0.04210640560331223,0.3321788985081152,0.0,0.0,0.99,8,linear
q_learning,sparse_eps-linear_seed1,sparse,1,4a77b6e251,1178,225,-11.250000000000025,-10.950000000000022,0.4670952380952381,0.15,0,out_of_energy,0,0,1,0,86,17,0,0,0,35,0.0431895336484007,0.35151149393633346,0.0,0.0,0.99,8,linear
q_learning,sparse_eps-linear_seed1,sparse,1,4a77b6e251,1179,225,-11.250000000000025,-10.950000000000022,0.46664285714285725,0.15,0,out_of_energy,0,0,1,0,113,10,0,0,0,42,0.04320514173540833,0.44246744140244354,0.0,0.0,0.99,8,linear
q_learning,sparse_eps-linear_seed1,sparse,1,4a77b6e251,1180,225,-11.250000000000025,-10.950000000000022,0.46619047619047627,0.15,0,out_of_energy,0,0,1,0,100,40,0,0,0,56,0.04211461617959762,0.3234791826382678,0.0,0.0,0.99,8,linear
q_learning,sparse_eps-linear_seed1,sparse,1,4a77b6e251,1181,225,-11.250000000000025,-10.950000000000022,0.4657380952380952,0.15,0,out_of_energy,0,0,1,0,100,11,0,0,0,40,0.04125145094205862,0.24664466240779787,0.0,0.0,0.99,8,linear
q_learning,sparse_eps-linear_seed1,sparse,1,4a77b6e251,1182,225,-11.250000000000025,-10.950000000000022,0.4652857142857143,0.15,0,out_of_energy,0,0,1,0,99,14,0,0,0,46,0.042128027507535706,0.36777063732791876,0.0,0.0,0.99,8,linear
q_learning,sparse_eps-linear_seed1,sparse,1,4a77b6e251,1183,225,-11.250000000000025,-10.950000000000022,0.4648333333333333,0.15,0,out_of_energy,0,0,1,0,94,20,0,0,0,58,0.04204271469366666,0.31896436599907396,0.0,0.0,0.99,8,linear
q_learning,sparse_eps-linear_seed1,sparse,1,4a77b6e251,1184,225,-11.250000000000025,-10.950000000000022,0.46438095238095245,0.15,0,out_of_energy,0,0,1,0,96,22,0,0,0,38,0.04253264434159122,0.3128625562283664,0.0,0.0,0.99,8,linear
q_learning,sparse_eps-linear_seed1,sparse,1,4a77b6e251,1185,225,-11.250000000000025,-10.950000000000022,0.46392857142857147,0.15,0,out_of_energy,0,0,1,0,88,24,6,0,0,43,0.042437653921638986,0.33146418967398533,0.0,0.0,0.99,8,linear
q_learning,sparse_eps-linear_seed1,sparse,1,4a77b6e251,1186,225,-1.2499999999999822,-10.850000000000023,0.4634761904761905,0.15,0,out_of_energy,0,0,1,0,106,11,0,0,1,51,0.09149558083683873,2.588782127584146,0.0,0.0,0.99,8,linear
q_learning,sparse_eps-linear_seed1,sparse,1,4a77b6e251,1187,225,-11.250000000000025,-10.850000000000023,0.4630238095238096,0.15,0,out_of_energy,0,0,1,0,106,10,0,0,0,55,0.04115479915117965,0.3277558113877266,0.0,0.0,0.99,8,linear
q_learning,sparse_eps-linear_seed1,sparse,1,4a77b6e251,1188,225,-11.250000000000025,-10.850000000000023,0.46257142857142863,0.15,0,out_of_energy,0,0,1,0,78,13,1,0,0,43,0.044390332653732906,0.3440597300219662,0.0,0.0,0.99,8,linear
q_learning,sparse_eps-linear_seed1,sparse,1,4a77b6e251,1189,225,-11.250000000000025,-10.850000000000023,0.46211904761904754,0.15,0,out_of_energy,0,0,1,0,87,18,0,0,0,38,0.04310803279647398,0.3508903169296635,0.0,0.0,0.99,8,linear
q_learning,sparse_eps-linear_seed1,sparse,1,4a77b6e251,1190,225,-11.250000000000025,-10.850000000000023,0.46166666666666667,0.15,0,out_of_energy,0,0,1,0,102,37,0,0,0,45,0.041010609068212966,0.34800695452147645,0.0,0.0,0.99,8,linear
q_learning,sparse_eps-linear_seed1,sparse,1,4a77b6e251,1191,225,-11.250000000000025,-10.850000000000023,0.4612142857142857,0.15,0,out_of_energy,0,0,1,0,94,20,0,0,0,47,0.040234763829320404,0.2996380937925225,0.0,0.0,0.99,8,linear
q_learning,sparse_eps-linear_seed1,sparse,1,4a77b6e251,1192,225,-1.2499999999999822,-10.750000000000023,0.4607619047619048,0.15,0,out_of_energy,0,0,1,0,101,19,0,0,1,38,0.1354747020815786,7.010065271307608,0.0,0.0,0.99,8,linear
q_learning,sparse_eps-linear_seed1,sparse,1,4a77b6e251,1193,225,-11.250000000000025,-10.750000000000023,0.46030952380952384,0.15,0,out_of_energy,0,0,1,0,113,28,0,0,0,39,0.04038533970212717,0.24203930733594453,0.0,0.0,0.99,8,linear
q_learning,sparse_eps-linear_seed1,sparse,1,4a77b6e251,1194,225,-11.250000000000025,-10.750000000000023,0.45985714285714285,0.15,0,out_of_energy,0,0,1,0,82,13,0,0,0,42,0.04209396247398804,0.2517564698847391,0.0,0.0,0.99,8,linear
q_learning,sparse_eps-linear_seed1,sparse,1,4a77b6e251,1195,225,-11.250000000000025,-10.750000000000023,0.459404761904762,0.15,0,out_of_energy,0,0,1,0,93,16,0,0,0,45,0.042258078334160135,0.36604855812195636,0.0,0.0,0.99,8,linear
q_learning,sparse_eps-linear_seed1,sparse,1,4a77b6e251,1196,225,-11.250000000000025,-10.750000000000023,0.458952380952381,0.15,0,out_of_energy,0,0,1,0,94,14,0,0,0,53,0.042212251598188734,0.3469104503179214,0.0,0.0,0.99,8,linear
q_learning,sparse_eps-linear_seed1,sparse,1,4a77b6e251,1197,225,-11.250000000000025,-10.750000000000023,0.4585,0.15,0,out_of_energy,0,0,1,0,101,27,0,0,0,45,0.043827928517078125,0.3297175928537536,0.0,0.0,0.99,8,linear
q_learning,sparse_eps-linear_seed1,sparse,1,4a77b6e251,1198,225,-11.250000000000025,-10.850000000000023,0.45804761904761904,0.15,0,out_of_energy,0,0,1,0,91,10,7,0,0,41,0.04170180215116219,0.3503606603721455,0.0,0.0,0.99,8,linear
q_learning,sparse_eps-linear_seed1,sparse,1,4a77b6e251,1199,225,-11.250000000000025,-10.850000000000023,0.45759523809523805,0.15,0,out_of_energy,0,0,1,0,100,7,0,0,0,50,0.04261744408606723,0.41933746409084094,0.0,0.0,0.99,8,linear
q_learning,sparse_eps-linear_seed1,sparse,1,4a77b6e251,1200,225,-11.250000000000025,-10.850000000000023,0.4571428571428572,0.15,0,out_of_energy,0,0,1,0,101,30,0,0,0,49,0.04101575417225225,0.27566723359307477,0.0,0.0,0.99,8,linear
q_learning,sparse_eps-linear_seed1,sparse,1,4a77b6e251,1201,225,-11.250000000000025,-10.850000000000023,0.4566904761904762,0.15,0,out_of_energy,0,0,1,0,95,16,0,0,0,47,0.04102075466282499,0.2827341223340326,0.0,0.0,0.99,8,linear
q_learning,sparse_eps-linear_seed1,sparse,1,4a77b6e251,1202,225,-1.2499999999999822,-10.750000000000023,0.4562380952380952,0.15,0,out_of_energy,0,0,1,0,105,15,0,0,1,50,0.08792645877197641,2.7248426154432233,0.0,0.0,0.99,8,linear
q_learning,sparse_eps-linear_seed1,sparse,1,4a77b6e251,1203,225,-1.2499999999999822,-10.650000000000023,0.45578571428571435,0.15,0,out_of_energy,0,0,1,0,104,6,0,0,1,45,0.09941675176116727,9.810454625832378,0.0,0.0,0.99,8,linear
q_learning,sparse_eps-linear_seed1,sparse,1,4a77b6e251,1204,225,-11.250000000000025,-10.650000000000023,0.45533333333333337,0.15,0,out_of_energy,0,0,1,0,104,29,0,0,0,37,0.04144262784128756,0.24181104974101442,0.0,0.0,0.99,8,linear
q_learning,sparse_eps-linear_seed1,sparse,1,4a77b6e251,1205,225,-11.250000000000025,-10.650000000000023,0.4548809523809525,0.15,0,out_of_energy,0,0,1,0,90,3,0,0,0,43,0.04479515890523443,0.48191859587605296,0.0,0.0,0.99,8,linear
q_learning,sparse_eps-linear_seed1,sparse,1,4a77b6e251,1206,225,-11.250000000000025,-10.650000000000023,0.4544285714285714,0.15,0,out_of_energy,0,0,1,0,99,44,0,0,0,54,0.043699191396821234,0.3760517212162191,0.0,0.0,0.99,8,linear
q_learning,sparse_eps-linear_seed1,sparse,1,4a77b6e251,1207,225,-1.2499999999999822,-10.550000000000022,0.4539761904761904,0.15,0,out_of_energy,0,0,1,0,103,14,0,0,1,47,0.1400411636339014,4.908514011280553,0.0,0.0,0.99,8,linear
q_learning,sparse_eps-linear_seed1,sparse,1,4a77b6e251,1208,225,-11.250000000000025,-10.550000000000022,0.45352380952380955,0.15,0,out_of_energy,0,0,1,0,106,2,0,0,0,49,0.041721183202282824,0.3390052041342815,0.0,0.0,0.99,8,linear
q_learning,sparse_eps-linear_seed1,sparse,1,4a77b6e251,1209,225,-1.2499999999999822,-10.450000000000022,0.45307142857142857,0.15,0,out_of_energy,0,0,1,0,99,8,0,0,1,38,0.20387452297538822,7.533380799206485,0.0,0.0,0.99,8,linear
q_learning,sparse_eps-linear_seed1,sparse,1,4a77b6e251,1210,225,-11.250000000000025,-10.450000000000022,0.4526190476190477,0.15,0,out_of_energy,0,0,1,0,121,17,0,0,0,47,0.04210304033621346,0.3029765119974508,0.0,0.0,0.99,8,linear
q_learning,sparse_eps-linear_seed1,sparse,1,4a77b6e251,1211,225,-11.250000000000025,-10.450000000000022,0.4521666666666667,0.15,0,out_of_energy,0,0,1,0,88,17,0,0,0,38,0.043769104031067894,0.30200718336089494,0.0,0.0,0.99,8,linear
q_learning,sparse_eps-linear_seed1,sparse,1,4a77b6e251,1212,225,-11.250000000000025,-10.450000000000022,0.45171428571428573,0.15,0,out_of_energy,0,0,1,0,108,10,0,0,0,46,0.0402077517730033,0.10396920988477365,0.0,0.0,0.99,8,linear
q_learning,sparse_eps-linear_seed1,sparse,1,4a77b6e251,1213,225,-11.250000000000025,-10.450000000000022,0.45126190476190486,0.15,0,out_of_energy,0,0,1,0,88,11,0,0,0,44,0.04215334449166265,0.3078144324667548,0.0,0.0,0.99,8,linear
q_learning,sparse_eps-linear_seed1,sparse,1,4a77b6e251,1214,225,-11.250000000000025,-10.450000000000022,0.45080952380952377,0.15,0,out_of_energy,0,0,1,0,105,19,0,0,0,47,0.04509951225528575,0.4971755489737098,0.0,0.0,0.99,8,linear
q_learning,sparse_eps-linear_seed1,sparse,1,4a77b6e251,1215,225,-11.250000000000025,-10.450000000000022,0.4503571428571428,0.15,0,out_of_energy,0,0,1,0,105,14,0,0,0,51,0.04221518257074677,0.2579021601173351,0.0,0.0,0.99,8,linear
q_learning,sparse_eps-linear_seed1,sparse,1,4a77b6e251,1216,225,-11.250000000000025,-10.450000000000022,0.4499047619047619,0.15,0,out_of_energy,0,0,1,0,93,21,0,0,0,52,0.04211278213138032,0.24651406901345269,0.0,0.0,0.99,8,linear
q_learning,sparse_eps-linear_seed1,sparse,1,4a77b6e251,1217,225,-11.250000000000025,-10.450000000000022,0.44945238095238094,0.15,0,out_of_energy,0,0,1,0,93,5,0,0,0,39,0.0432042061084317,0.31999769112688414,0.0,0.0,0.99,8,linear
q_learning,sparse_eps-linear_seed1,sparse,1,4a77b6e251,1218,225,-11.250000000000025,-10.450000000000022,0.44900000000000007,0.15,0,out_of_energy,0,0,1,0,113,8,0,0,0,49,0.043296503944577416,0.33862705876634047,0.0,0.0,0.99,8,linear
q_learning,sparse_eps-linear_seed1,sparse,1,4a77b6e251,1219,225,-11.250000000000025,-10.450000000000022,0.4485476190476191,0.15,0,out_of_energy,0,0,1,0,95,5,0,0,0,52,0.04249143475928692,0.2546106688480491,0.0,0.0,0.99,8,linear
q_learning,sparse_eps-linear_seed1,sparse,1,4a77b6e251,1220,225,-11.250000000000025,-10.450000000000022,0.4480952380952381,0.15,0,out_of_energy,0,0,1,0,105,2,0,0,0,41,0.041605055633493246,0.35010782606885776,0.0,0.0,0.99,8,linear
q_learning,sparse_eps-linear_seed1,sparse,1,4a77b6e251,1221,225,-1.2499999999999822,-10.350000000000023,0.44764285714285723,0.15,0,out_of_energy,0,0,1,0,107,10,0,0,1,57,0.15003282653864963,7.816535820118018,0.0,0.0,0.99,8,linear
q_learning,sparse_eps-linear_seed1,sparse,1,4a77b6e251,1222,225,-11.250000000000025,-10.350000000000023,0.44719047619047625,0.15,0,out_of_energy,0,0,1,0,93,29,3,0,0,42,0.0434071865483323,0.3454124866927282,0.0,0.0,0.99,8,linear
q_learning,sparse_eps-linear_seed1,sparse,1,4a77b6e251,1223,225,-11.250000000000025,-10.350000000000023,0.44673809523809527,0.15,0,out_of_energy,0,0,1,0,104,6,0,0,0,53,0.04162384659953675,0.34236279168516826,0.0,0.0,0.99,8,linear
q_learning,sparse_eps-linear_seed1,sparse,1,4a77b6e251,1224,225,-11.250000000000025,-10.350000000000023,0.4462857142857143,0.15,0,out_of_energy,0,0,1,0,107,16,1,0,0,49,0.041247216819672285,0.2926096052273857,0.0,0.0,0.99,8,linear
q_learning,sparse_eps-linear_seed1,sparse,1,4a77b6e251,1225,225,-11.250000000000025,-10.450000000000022,0.4458333333333333,0.15,0,out_of_energy,0,0,1,0,103,11,0,0,0,27,0.042399500551461085,0.26612476025552084,0.0,0.0,0.99,8,linear
q_learning,sparse_eps-linear_seed1,sparse,1,4a77b6e251,1226,225,-11.250000000000025,-10.450000000000022,0.44538095238095243,0.15,0,out_of_energy,0,0,1,0,97,9,0,0,0,44,0.04285192823986329,0.31409534347391627,0.0,0.0,0.99,8,linear
q_learning,sparse_eps-linear_seed1,sparse,1,4a77b6e251,1227,225,-11.250000000000025,-10.450000000000022,0.44492857142857145,0.15,0,out_of_energy,0,0,1,0,97,14,0,0,0,48,0.04261218182397886,0.28995134899407854,0.0,0.0,0.99,8,linear
q_learning,sparse_eps-linear_seed1,sparse,1,4a77b6e251,1228,225,-11.250000000000025,-10.450000000000022,0.44447619047619047,0.15,0,out_of_energy,0,0,1,0,98,8,0,0,0,36,0.042133672273814114,0.32386077154704035,0.0,0.0,0.99,8,linear
q_learning,sparse_eps-linear_seed1,sparse,1,4a77b6e251,1229,225,-11.250000000000025,-10.450000000000022,0.4440238095238096,0.15,0,out_of_energy,0,0,1,0,105,13,0,0,0,47,0.04229031166815231,0.2996591246743983,0.0,0.0,0.99,8,linear
q_learning,sparse_eps-linear_seed1,sparse,1,4a77b6e251,1230,225,-11.250000000000025,-10.450000000000022,0.4435714285714286,0.15,0,out_of_energy,0,0,1,0,99,13,0,0,0,50,0.043003699555783,0.31175054955366005,0.0,0.0,0.99,8,linear
q_learning,sparse_eps-linear_seed1,sparse,1,4a77b6e251,1231,225,-11.250000000000025,-10.450000000000022,0.44311904761904763,0.15,0,out_of_energy,0,0,1,0,101,19,0,0,0,52,0.04209299548496021,0.2940799008345703,0.0,0.0,0.99,8,linear
q_learning,sparse_eps-linear_seed1,sparse,1,4a77b6e251,1232,225,-11.250000000000025,-10.450000000000022,0.44266666666666665,0.15,0,out_of_energy,0,0,1,0,100,15,0,0,0,50,0.04086661338819921,0.23211947535352467,0.0,0.0,0.99,8,linear
q_learning,sparse_eps-linear_seed1,sparse,1,4a77b6e251,1233,225,-11.250000000000025,-10.450000000000022,0.44221428571428567,0.15,0,out_of_energy,0,0,1,0,106,16,0,0,0,39,0.04288703396569558,0.34307131676996655,0.0,0.0,0.99,8,linear
q_learning,sparse_eps-linear_seed1,sparse,1,4a77b6e251,1234,225,-1.2499999999999822,-10.350000000000023,0.4417619047619048,0.15,0,out_of_energy,0,0,1,0,96,10,0,0,1,42,0.36492735923560027,8.49752360120963,0.0,0.0,0.99,8,linear
q_learning,sparse_eps-linear_seed1,sparse,1,4a77b6e251,1235,225,-11.250000000000025,-10.350000000000023,0.4413095238095238,0.15,0,out_of_energy,0,0,1,0,97,23,2,0,0,45,0.04514565805680031,0.4842030398776799,0.0,0.0,0.99,8,linear
q_learning,sparse_eps-linear_seed1,sparse,1,4a77b6e251,1236,225,-1.2499999999999822,-10.250000000000023,0.44085714285714295,0.15,0,out_of_energy,0,0,1,0,104,13,0,0,1,46,0.09300558022036551,8.297355503900597,0.0,0.0,0.99,8,linear
q_learning,sparse_eps-linear_seed1,sparse,1,4a77b6e251,1237,225,-11.250000000000025,-10.250000000000023,0.44040476190476197,0.15,0,out_of_energy,0,0,1,0,102,9,0,0,0,58,0.041959124757367385,0.2620910210738326,0.0,0.0,0.99,8,linear
q_learning,sparse_eps-linear_seed1,sparse,1,4a77b6e251,1238,225,-11.250000000000025,-10.250000000000023,0.439952380952381,0.15,0,out_of_energy,0,0,1,0,86,23,0,0,0,56,0.04348318078664338,0.2820225008141726,0.0,0.0,0.99,8,linear
q_learning,sparse_eps-linear_seed1,sparse,1,4a77b6e251,1239,225,-11.250000000000025,-10.250000000000023,0.4395,0.15,0,out_of_energy,0,0,1,0,109,11,0,0,0,40,0.04288688387477417,0.26222098287592227,0.0,0.0,0.99,8,linear
q_learning,sparse_eps-linear_seed1,sparse,1,4a77b6e251,1240,225,-11.250000000000025,-10.250000000000023,0.439047619047619,0.15,0,out_of_energy,0,0,1,0,115,1,0,0,0,43,0.04475772382917258,0.4020089300124362,0.0,0.0,0.99,8,linear
q_learning,sparse_eps-linear_seed1,sparse,1,4a77b6e251,1241,225,-11.250000000000025,-10.250000000000023,0.43859523809523804,0.15,0,out_of_energy,0,0,1,0,93,17,0,0,0,45,0.04464693176580006,0.318964237352482,0.0,0.0,0.99,8,linear
q_learning,sparse_eps-linear_seed1,sparse,1,4a77b6e251,1242,225,-11.250000000000025,-10.250000000000023,0.43814285714285717,0.15,0,out_of_energy,0,0,1,0,96,4,1,0,0,41,0.04462817630357942,0.3480270042464782,0.0,0.0,0.99,8,linear
q_learning,sparse_eps-linear_seed1,sparse,1,4a77b6e251,1243,225,-11.250000000000025,-10.250000000000021,0.4376904761904762,0.15,0,out_of_energy,0,0,1,0,82,21,0,0,0,47,0.044909908036903944,0.35561659571862836,0.0,0.0,0.99,8,linear
q_learning,sparse_eps-linear_seed1,sparse,1,4a77b6e251,1244,225,-11.250000000000025,-10.250000000000023,0.4372380952380953,0.15,0,out_of_energy,0,0,1,0,114,57,0,0,0,45,0.044806061292495196,0.3909688428124324,0.0,0.0,0.99,8,linear
q_learning,sparse_eps-linear_seed1,sparse,1,4a77b6e251,1245,225,-11.250000000000025,-10.250000000000023,0.43678571428571433,0.15,0,out_of_energy,0,0,1,0,95,24,0,0,0,43,0.04134710765471769,0.34611957353775186,0.0,0.0,0.99,8,linear
q_learning,sparse_eps-linear_seed1,sparse,1,4a77b6e251,1246,225,-11.250000000000025,-10.250000000000023,0.43633333333333335,0.15,0,out_of_energy,0,0,1,0,89,8,1,0,0,48,0.04459963079422972,0.4231490692949016,0.0,0.0,0.99,8,linear
q_learning,sparse_eps-linear_seed1,sparse,1,4a77b6e251,1247,225,-11.250000000000025,-10.250000000000021,0.4358809523809525,0.15,0,out_of_energy,0,0,1,0,105,23,0,0,0,40,0.0417733079818659,0.2435600997663132,0.0,0.0,0.99,8,linear
q_learning,sparse_eps-linear_seed1,sparse,1,4a77b6e251,1248,225,-11.250000000000025,-10.250000000000023,0.4354285714285714,0.15,0,out_of_energy,0,0,1,0,97,35,0,0,0,51,0.043212167131373026,0.36509510761687725,0.0,0.0,0.99,8,linear
q_learning,sparse_eps-linear_seed1,sparse,1,4a77b6e251,1249,225,-11.250000000000025,-10.250000000000023,0.4349761904761905,0.15,0,out_of_energy,0,0,1,0,101,26,0,0,0,42,0.04000165377901494,0.24494544974645466,0.0,0.0,0.99,8,linear
q_learning,sparse_eps-linear_seed1,sparse,1,4a77b6e251,1250,225,-11.250000000000025,-10.250000000000023,0.43452380952380953,0.15,0,out_of_energy,0,0,1,0,94,13,0,0,0,42,0.0432616918146785,0.5128836641252223,0.0,0.0,0.99,8,linear
q_learning,sparse_eps-linear_seed1,sparse,1,4a77b6e251,1251,225,-11.250000000000025,-10.250000000000021,0.43407142857142855,0.15,0,out_of_energy,0,0,1,0,105,19,1,0,0,46,0.04362026710651597,0.4367873814150699,0.0,0.0,0.99,8,linear
q_learning,sparse_eps-linear_seed1,sparse,1,4a77b6e251,1252,225,-11.250000000000025,-10.250000000000023,0.4336190476190477,0.15,0,out_of_energy,0,0,1,0,90,15,0,0,0,44,0.044046903332805254,0.365227294732843,0.0,0.0,0.99,8,linear
q_learning,sparse_eps-linear_seed1,sparse,1,4a77b6e251,1253,225,-11.250000000000025,-10.250000000000023,0.4331666666666667,0.15,0,out_of_energy,0,0,1,0,96,2,0,0,0,52,0.043431613237737705,0.4322528542431362,0.0,0.0,0.99,8,linear
q_learning,sparse_eps-linear_seed1,sparse,1,4a77b6e251,1254,225,-11.250000000000025,-10.250000000000023,0.4327142857142857,0.15,0,out_of_energy,0,0,1,0,94,2,0,0,0,52,0.041679052536665664,0.33637845701146735,0.0,0.0,0.99,8,linear
q_learning,sparse_eps-linear_seed1,sparse,1,4a77b6e251,1255,225,-11.250000000000025,-10.250000000000021,0.43226190476190485,0.15,0,out_of_energy,0,0,1,0,102,9,0,0,0,37,0.040943187251983676,0.25298764599329965,0.0,0.0,0.99,8,linear
q_learning,sparse_eps-linear_seed1,sparse,1,4a77b6e251,1256,225,-11.250000000000025,-10.250000000000023,0.43180952380952375,0.15,0,out_of_energy,0,0,1,0,93,16,0,0,0,52,0.04123850143409225,0.38970593951271554,0.0,0.0,0.99,8,linear
q_learning,sparse_eps-linear_seed1,sparse,1,4a77b6e251,1257,225,-11.250000000000025,-10.250000000000023,0.4313571428571429,0.15,0,out_of_energy,0,0,1,0,80,11,5,0,0,55,0.044433149787832284,0.3334737403175582,0.0,0.0,0.99,8,linear
q_learning,sparse_eps-linear_seed1,sparse,1,4a77b6e251,1258,225,-11.250000000000025,-10.250000000000023,0.4309047619047619,0.15,0,out_of_energy,0,0,1,0,108,11,1,0,0,56,0.04243904572608988,0.3268858588456354,0.0,0.0,0.99,8,linear
q_learning,sparse_eps-linear_seed1,sparse,1,4a77b6e251,1259,225,-11.250000000000025,-10.250000000000021,0.4304523809523809,0.15,0,out_of_energy,0,0,1,0,89,21,3,0,0,53,0.04525825036359788,0.3722765557384133,0.0,0.0,0.99,8,linear
q_learning,sparse_eps-linear_seed1,sparse,1,4a77b6e251,1260,225,-11.250000000000025,-10.250000000000023,0.43000000000000005,0.15,0,out_of_energy,0,0,1,0,101,8,0,0,0,40,0.04318741606129692,0.3403276377789873,0.0,0.0,0.99,8,linear
q_learning,sparse_eps-linear_seed1,sparse,1,4a77b6e251,1261,225,-11.250000000000025,-10.250000000000023,0.42954761904761907,0.15,0,out_of_energy,0,0,1,0,88,13,1,0,0,52,0.044794837157375186,0.36199646712174194,0.0,0.0,0.99,8,linear
q_learning,sparse_eps-linear_seed1,sparse,1,4a77b6e251,1262,225,-11.250000000000025,-10.250000000000023,0.4290952380952382,0.15,0,out_of_energy,0,0,1,0,91,13,0,0,0,35,0.04179180561595314,0.31491327698033617,0.0,0.0,0.99,8,linear
q_learning,sparse_eps-linear_seed1,sparse,1,4a77b6e251,1263,225,-11.250000000000025,-10.250000000000021,0.4286428571428572,0.15,0,out_of_energy,0,0,1,0,101,19,0,0,0,38,0.04308664128725229,0.304722321352888,0.0,0.0,0.99,8,linear
q_learning,sparse_eps-linear_seed1,sparse,1,4a77b6e251,1264,225,-11.250000000000025,-10.250000000000023,0.42819047619047623,0.15,0,out_of_energy,0,0,1,0,102,20,0,0,0,55,0.04138674433011329,0.359536383786934,0.0,0.0,0.99,8,linear
q_learning,sparse_eps-linear_seed1,sparse,1,4a77b6e251,1265,225,-11.250000000000025,-10.250000000000023,0.42773809523809525,0.15,0,out_of_energy,0,0,1,0,101,9,0,0,0,53,0.04419159982267993,0.4228379822951218,0.0,0.0,0.99,8,linear
q_learning,sparse_eps-linear_seed1,sparse,1,4a77b6e251,1266,225,-11.250000000000025,-10.250000000000023,0.42728571428571427,0.15,0,out_of_energy,0,0,1,0,101,27,0,0,0,46,0.045289374150503,0.35157219195199213,0.0,0.0,0.99,8,linear
q_learning,sparse_eps-linear_seed1,sparse,1,4a77b6e251,1267,225,-11.250000000000025,-10.250000000000021,0.4268333333333333,0.15,0,out_of_energy,0,0,1,0,95,26,0,0,0,43,0.04378537798437999,0.4245671239198999,0.0,0.0,0.99,8,linear
q_learning,sparse_eps-linear_seed1,sparse,1,4a77b6e251,1268,225,-11.250000000000025,-10.250000000000023,0.4263809523809524,0.15,0,out_of_energy,0,0,1,0,93,31,0,0,0,50,0.04310661018364089,0.35049773609215684,0.0,0.0,0.99,8,linear
q_learning,sparse_eps-linear_seed1,sparse,1,4a77b6e251,1269,225,-11.250000000000025,-10.250000000000023,0.42592857142857143,0.15,0,out_of_energy,0,0,1,0,95,20,0,0,0,41,0.04279846721831104,0.23826240741869034,0.0,0.0,0.99,8,linear
q_learning,sparse_eps-linear_seed1,sparse,1,4a77b6e251,1270,225,-11.250000000000025,-10.250000000000023,0.42547619047619056,0.15,0,out_of_energy,0,0,1,0,77,19,0,0,0,55,0.0441294247425891,0.491080347156942,0.0,0.0,0.99,8,linear
q_learning,sparse_eps-linear_seed1,sparse,1,4a77b6e251,1271,225,-11.250000000000025,-10.250000000000021,0.4250238095238096,0.15,0,out_of_energy,0,0,1,0,87,26,0,0,0,49,0.04223363790109624,0.3450748501057655,0.0,0.0,0.99,8,linear
q_learning,sparse_eps-linear_seed1,sparse,1,4a77b6e251,1272,225,-11.250000000000025,-10.250000000000023,0.4245714285714286,0.15,0,out_of_energy,0,0,1,0,86,18,2,0,0,49,0.0445869883521462,0.4024657627616787,0.0,0.0,0.99,8,linear
q_learning,sparse_eps-linear_seed1,sparse,1,4a77b6e251,1273,225,-11.250000000000025,-10.350000000000023,0.4241190476190476,0.15,0,out_of_energy,0,0,1,0,112,55,0,0,0,33,0.04251278992306728,0.3013199047816025,0.0,0.0,0.99,8,linear
q_learning,sparse_eps-linear_seed1,sparse,1,4a77b6e251,1274,225,-11.250000000000025,-10.350000000000023,0.42366666666666664,0.15,0,out_of_energy,0,0,1,0,106,11,0,0,0,39,0.045038925595240004,0.4247537062687359,0.0,0.0,0.99,8,linear
q_learning,sparse_eps-linear_seed1,sparse,1,4a77b6e251,1275,225,-11.250000000000025,-10.350000000000023,0.42321428571428577,0.15,0,out_of_energy,0,0,1,0,93,10,2,0,0,41,0.04485711370219744,0.3600323671700592,0.0,0.0,0.99,8,linear
q_learning,sparse_eps-linear_seed1,sparse,1,4a77b6e251,1276,225,-11.250000000000025,-10.350000000000023,0.4227619047619048,0.15,0,out_of_energy,0,0,1,0,95,8,0,0,0,38,0.04421464934158052,0.4589134530556992,0.0,0.0,0.99,8,linear
q_learning,sparse_eps-linear_seed1,sparse,1,4a77b6e251,1277,225,-11.250000000000025,-10.350000000000023,0.4223095238095238,0.15,0,out_of_energy,0,0,1,0,112,3,0,0,0,45,0.043016272676466454,0.45339982074871876,0.0,0.0,0.99,8,linear
q_learning,sparse_eps-linear_seed1,sparse,1,4a77b6e251,1278,225,-11.250000000000025,-10.350000000000023,0.42185714285714293,0.15,0,out_of_energy,0,0,1,0,91,6,0,0,0,45,0.04080932576363085,0.2127567298096193,0.0,0.0,0.99,8,linear
q_learning,sparse_eps-linear_seed1,sparse,1,4a77b6e251,1279,225,-11.250000000000025,-10.350000000000023,0.42140476190476195,0.15,0,out_of_energy,0,0,1,0,100,1,0,0,0,37,0.044413068893364153,0.3757497308851186,0.0,0.0,0.99,8,linear
q_learning,sparse_eps-linear_seed1,sparse,1,4a77b6e251,1280,225,-11.250000000000025,-10.350000000000023,0.42095238095238097,0.15,0,out_of_energy,0,0,1,0,100,23,2,0,0,49,0.04454477906457102,0.4099287168410939,0.0,0.0,0.99,8,linear
q_learning,sparse_eps-linear_seed1,sparse,1,4a77b6e251,1281,225,-11.250000000000025,-10.350000000000023,0.4205,0.15,0,out_of_energy,0,0,1,0,102,26,2,0,0,45,0.04301440092694896,0.34113660474629864,0.0,0.0,0.99,8,linear
q_learning,sparse_eps-linear_seed1,sparse,1,4a77b6e251,1282,225,-11.250000000000025,-10.350000000000023,0.420047619047619,0.15,0,out_of_energy,0,0,1,0,92,2,0,0,0,46,0.04201923557756861,0.4128999171163837,0.0,0.0,0.99,8,linear
q_learning,sparse_eps-linear_seed1,sparse,1,4a77b6e251,1283,225,-11.250000000000025,-10.350000000000023,0.41959523809523813,0.15,0,out_of_energy,0,0,1,0,98,9,0,0,0,34,0.0442046191519258,0.3609481189138474,0.0,0.0,0.99,8,linear
q_learning,sparse_eps-linear_seed1,sparse,1,4a77b6e251,1284,225,-11.250000000000025,-10.350000000000023,0.41914285714285715,0.15,0,out_of_energy,0,0,1,0,98,12,0,0,0,45,0.04446645387859991,0.5052251740881749,0.0,0.0,0.99,8,linear
q_learning,sparse_eps-linear_seed1,sparse,1,4a77b6e251,1285,225,-11.250000000000025,-10.350000000000023,0.41869047619047617,0.15,0,out_of_energy,0,0,1,0,97,12,2,0,0,41,0.0418345222561079,0.2835095896005695,0.0,0.0,0.99,8,linear
q_learning,sparse_eps-linear_seed1,sparse,1,4a77b6e251,1286,225,-11.250000000000025,-10.450000000000022,0.4182380952380953,0.15,0,out_of_energy,0,0,1,0,86,17,0,0,0,58,0.04371806406499223,0.3901346166025231,0.0,0.0,0.99,8,linear
q_learning,sparse_eps-linear_seed1,sparse,1,4a77b6e251,1287,225,-11.250000000000025,-10.450000000000022,0.4177857142857143,0.15,0,out_of_energy,0,0,1,0,95,6,0,0,0,47,0.044134922482222866,0.33519382704509837,0.0,0.0,0.99,8,linear
q_learning,sparse_eps-linear_seed1,sparse,1,4a77b6e251,1288,225,-11.250000000000025,-10.450000000000022,0.41733333333333344,0.15,0,out_of_energy,0,0,1,0,94,26,0,0,0,41,0.04130649873131584,0.3068059010767703,0.0,0.0,0.99,8,linear
q_learning,sparse_eps-linear_seed1,sparse,1,4a77b6e251,1289,225,-11.250000000000025,-10.450000000000022,0.41688095238095246,0.15,0,out_of_energy,0,0,1,0,119,10,0,0,0,42,0.045731404789654914,0.521395533657312,0.0,0.0,0.99,8,linear
q_learning,sparse_eps-linear_seed1,sparse,1,4a77b6e251,1290,225,-11.250000000000025,-10.450000000000022,0.41642857142857137,0.15,0,out_of_energy,0,0,1,0,101,4,1,0,0,50,0.04378783435025591,0.352965512633818,0.0,0.0,0.99,8,linear
q_learning,sparse_eps-linear_seed1,sparse,1,4a77b6e251,1291,225,-11.250000000000025,-10.450000000000022,0.4159761904761905,0.15,0,out_of_energy,0,0,1,0,90,2,0,0,0,55,0.044183728194970906,0.36994203785743646,0.0,0.0,0.99,8,linear
q_learning,sparse_eps-linear_seed1,sparse,1,4a77b6e251,1292,225,-11.250000000000025,-10.550000000000022,0.4155238095238095,0.15,0,out_of_energy,0,0,1,0,87,15,0,0,0,38,0.043396141037442326,0.3572419697550292,0.0,0.0,0.99,8,linear
q_learning,sparse_eps-linear_seed1,sparse,1,4a77b6e251,1293,225,-11.250000000000025,-10.550000000000022,0.41507142857142854,0.15,0,out_of_energy,0,0,1,0,98,8,0,0,0,37,0.043509230720450084,0.4339852951781521,0.0,0.0,0.99,8,linear
q_learning,sparse_eps-linear_seed1,sparse,1,4a77b6e251,1294,225,-11.250000000000025,-10.550000000000022,0.41461904761904766,0.15,0,out_of_energy,0,0,1,0,84,7,0,0,0,40,0.045114520203819085,0.5523515032389776,0.0,0.0,0.99,8,linear
q_learning,sparse_eps-linear_seed1,sparse,1,4a77b6e251,1295,225,-11.250000000000025,-10.550000000000022,0.4141666666666667,0.15,0,out_of_energy,0,0,1,0,92,1,0,0,0,33,0.04518853835179316,0.39901983492219567,0.0,0.0,0.99,8,linear
q_learning,sparse_eps-linear_seed1,sparse,1,4a77b6e251,1296,225,-11.250000000000025,-10.550000000000022,0.4137142857142858,0.15,0,out_of_energy,0,0,1,0,94,30,0,0,0,51,0.04313645730283979,0.387196678713136,0.0,0.0,0.99,8,linear
q_learning,sparse_eps-linear_seed1,sparse,1,4a77b6e251,1297,225,-11.250000000000025,-10.550000000000022,0.41326190476190483,0.15,0,out_of_energy,0,0,1,0,83,15,0,0,0,43,0.04331795558633386,0.3749697361220907,0.0,0.0,0.99,8,linear
q_learning,sparse_eps-linear_seed1,sparse,1,4a77b6e251,1298,225,-11.250000000000025,-10.550000000000022,0.41280952380952374,0.15,0,out_of_energy,0,0,1,0,105,9,0,0,0,49,0.043042935144489626,0.35300978707536806,0.0,0.0,0.99,8,linear
q_learning,sparse_eps-linear_seed1,sparse,1,4a77b6e251,1299,225,-11.250000000000025,-10.550000000000022,0.41235714285714287,0.15,0,out_of_energy,0,0,1,0,78,29,0,0,0,48,0.04293039384528445,0.39085101936134486,0.0,0.0,0.99,8,linear
q_learning,sparse_eps-linear_seed1,sparse,1,4a77b6e251,1300,225,-11.250000000000025,-10.550000000000022,0.4119047619047619,0.15,0,out_of_energy,0,0,1,0,91,9,0,0,0,47,0.04167661814814146,0.3286817038456216,0.0,0.0,0.99,8,linear
q_learning,sparse_eps-linear_seed1,sparse,1,4a77b6e251,1301,225,-11.250000000000025,-10.550000000000022,0.411452380952381,0.15,0,out_of_energy,0,0,1,0,97,39,0,0,0,38,0.04189307015420331,0.3609249910480608,0.0,0.0,0.99,8,linear
q_learning,sparse_eps-linear_seed1,sparse,1,4a77b6e251,1302,225,-11.250000000000025,-10.650000000000023,0.41100000000000003,0.15,0,out_of_energy,0,0,1,0,92,22,0,0,0,45,0.044900880621427205,0.5604434475837043,0.0,0.0,0.99,8,linear
q_learning,sparse_eps-linear_seed1,sparse,1,4a77b6e251,1303,225,-11.250000000000025,-10.750000000000023,0.41054761904761905,0.15,0,out_of_energy,0,0,1,0,94,40,0,0,0,50,0.04346932903427439,0.35790783814935057,0.0,0.0,0.99,8,linear
q_learning,sparse_eps-linear_seed1,sparse,1,4a77b6e251,1304,225,-11.250000000000025,-10.750000000000023,0.4100952380952382,0.15,0,out_of_energy,0,0,1,0,99,6,0,0,0,48,0.04462692335353057,0.4601497246692339,0.0,0.0,0.99,8,linear
q_learning,sparse_eps-linear_seed1,sparse,1,4a77b6e251,1305,225,-11.250000000000025,-10.750000000000023,0.4096428571428572,0.15,0,out_of_energy,0,0,1,0,86,11,0,0,0,49,0.043141247071812154,0.36448130439949306,0.0,0.0,0.99,8,linear
q_learning,sparse_eps-linear_seed1,sparse,1,4a77b6e251,1306,225,-11.250000000000025,-10.750000000000023,0.4091904761904762,0.15,0,out_of_energy,0,0,1,0,83,20,0,0,0,39,0.04431286984478901,0.37845951247876986,0.0,0.0,0.99,8,linear
q_learning,sparse_eps-linear_seed1,sparse,1,4a77b6e251,1307,225,-11.250000000000025,-10.850000000000023,0.40873809523809523,0.15,0,out_of_energy,0,0,1,0,114,38,0,0,0,42,0.04346578910463702,0.36273854075460643,0.0,0.0,0.99,8,linear
q_learning,sparse_eps-linear_seed1,sparse,1,4a77b6e251,1308,225,-11.250000000000025,-10.850000000000023,0.40828571428571425,0.15,0,out_of_energy,0,0,1,0,95,7,1,0,0,53,0.04278852898435978,0.36431070504441304,0.0,0.0,0.99,8,linear
q_learning,sparse_eps-linear_seed1,sparse,1,4a77b6e251,1309,225,-11.250000000000025,-10.950000000000022,0.4078333333333334,0.15,0,out_of_energy,0,0,1,0,98,33,0,0,0,44,0.04542778430905504,0.36478490927431134,0.0,0.0,0.99,8,linear
q_learning,sparse_eps-linear_seed1,sparse,1,4a77b6e251,1310,225,-11.250000000000025,-10.950000000000022,0.4073809523809524,0.15,0,out_of_energy,0,0,1,0,86,10,0,0,0,50,0.043927004454286656,0.4826392606965945,0.0,0.0,0.99,8,linear
q_learning,sparse_eps-linear_seed1,sparse,1,4a77b6e251,1311,225,-11.250000000000025,-10.950000000000022,0.4069285714285714,0.15,0,out_of_energy,0,0,1,0,85,6,5,0,0,43,0.04438034186249324,0.44706383785773596,0.0,0.0,0.99,8,linear
q_learning,sparse_eps-linear_seed1,sparse,1,4a77b6e251,1312,225,-11.250000000000025,-10.950000000000022,0.40647619047619055,0.15,0,out_of_energy,0,0,1,0,89,18,0,0,0,44,0.04279666091939384,0.3602768227880545,0.0,0.0,0.99,8,linear
q_learning,sparse_eps-linear_seed1,sparse,1,4a77b6e251,1313,225,-11.250000000000025,-10.950000000000022,0.40602380952380956,0.15,0,out_of_energy,0,0,1,0,85,2,0,0,0,34,0.04398684010971379,0.4686913183511116,0.0,0.0,0.99,8,linear
q_learning,sparse_eps-linear_seed1,sparse,1,4a77b6e251,1314,225,-11.250000000000025,-10.950000000000022,0.4055714285714287,0.15,0,out_of_energy,0,0,1,0,81,20,0,0,0,39,0.04495499021551098,0.35586405339243105,0.0,0.0,0.99,8,linear
q_learning,sparse_eps-linear_seed1,sparse,1,4a77b6e251,1315,225,-11.250000000000025,-10.950000000000022,0.4051190476190476,0.15,0,out_of_energy,0,0,1,0,87,14,1,0,0,37,0.04729186653670218,0.4885241453852387,0.0,0.0,0.99,8,linear
q_learning,sparse_eps-linear_seed1,sparse,1,4a77b6e251,1316,225,-11.250000000000025,-10.950000000000022,0.4046666666666666,0.15,0,out_of_energy,0,0,1,0,94,21,0,0,0,44,0.042263282579192304,0.56592062213875,0.0,0.0,0.99,8,linear
q_learning,sparse_eps-linear_seed1,sparse,1,4a77b6e251,1317,225,-11.250000000000025,-10.950000000000022,0.40421428571428575,0.15,0,out_of_energy,0,0,1,0,89,17,4,0,0,44,0.04219241531824213,0.3214110777576205,0.0,0.0,0.99,8,linear
q_learning,sparse_eps-linear_seed1,sparse,1,4a77b6e251,1318,225,-11.250000000000025,-10.950000000000022,0.40376190476190477,0.15,0,out_of_energy,0,0,1,0,87,8,2,0,0,37,0.045416608947368334,0.5399405184842735,0.0,0.0,0.99,8,linear
q_learning,sparse_eps-linear_seed1,sparse,1,4a77b6e251,1319,225,-11.250000000000025,-10.950000000000022,0.4033095238095239,0.15,0,out_of_energy,0,0,1,0,85,9,0,0,0,49,0.04412682827672552,0.494740251338041,0.0,0.0,0.99,8,linear
q_learning,sparse_eps-linear_seed1,sparse,1,4a77b6e251,1320,225,-11.250000000000025,-10.950000000000022,0.4028571428571429,0.15,0,out_of_energy,0,0,1,0,104,21,0,0,0,45,0.042056130236920404,0.26648508319196995,0.0,0.0,0.99,8,linear
q_learning,sparse_eps-linear_seed1,sparse,1,4a77b6e251,1321,225,-11.250000000000025,-11.050000000000022,0.40240476190476193,0.15,0,out_of_energy,0,0,1,0,97,15,0,0,0,38,0.042668069204139805,0.2786970371217489,0.0,0.0,0.99,8,linear
q_learning,sparse_eps-linear_seed1,sparse,1,4a77b6e251,1322,225,-11.250000000000025,-11.050000000000022,0.40195238095238106,0.15,0,out_of_energy,0,0,1,0,108,15,0,0,0,44,0.04660757817821813,0.48270435627482444,0.0,0.0,0.99,8,linear
q_learning,sparse_eps-linear_seed1,sparse,1,4a77b6e251,1323,225,-11.250000000000025,-11.050000000000022,0.4015000000000001,0.15,0,out_of_energy,0,0,1,0,114,3,0,0,0,40,0.0433734521892309,0.3426837176084595,0.0,0.0,0.99,8,linear
q_learning,sparse_eps-linear_seed1,sparse,1,4a77b6e251,1324,225,-11.250000000000025,-11.050000000000022,0.401047619047619,0.15,0,out_of_energy,0,0,1,0,86,6,0,0,0,48,0.04409162553703869,0.44026862714725634,0.0,0.0,0.99,8,linear
q_learning,sparse_eps-linear_seed1,sparse,1,4a77b6e251,1325,225,-11.250000000000025,-11.050000000000022,0.4005952380952381,0.15,0,out_of_energy,0,0,1,0,112,31,0,0,0,46,0.042944840260748705,0.2771199758437551,0.0,0.0,0.99,8,linear
q_learning,sparse_eps-linear_seed1,sparse,1,4a77b6e251,1326,225,-11.250000000000025,-11.050000000000022,0.40014285714285713,0.15,0,out_of_energy,0,0,1,0,87,7,0,0,0,50,0.0406273970331761,0.32997738828108536,0.0,0.0,0.99,8,linear
q_learning,sparse_eps-linear_seed1,sparse,1,4a77b6e251,1327,225,-11.250000000000025,-11.050000000000022,0.39969047619047626,0.15,0,out_of_energy,0,0,1,0,100,47,1,0,0,34,0.043364354606274795,0.42785567879333797,0.0,0.0,0.99,8,linear
q_learning,sparse_eps-linear_seed1,sparse,1,4a77b6e251,1328,225,-11.250000000000025,-11.050000000000022,0.3992380952380953,0.15,0,out_of_energy,0,0,1,0,77,13,3,0,0,39,0.04364784069937558,0.4560316511417817,0.0,0.0,0.99,8,linear
q_learning,sparse_eps-linear_seed1,sparse,1,4a77b6e251,1329,225,-11.250000000000025,-11.050000000000022,0.3987857142857143,0.15,0,out_of_energy,0,0,1,0,99,15,0,0,0,37,0.04268606524886097,0.48506072865790983,0.0,0.0,0.99,8,linear
q_learning,sparse_eps-linear_seed1,sparse,1,4a77b6e251,1330,225,-11.250000000000025,-11.050000000000022,0.39833333333333343,0.15,0,out_of_energy,0,0,1,0,79,18,0,0,0,38,0.045828066180802755,0.4584911437262468,0.0,0.0,0.99,8,linear
q_learning,sparse_eps-linear_seed1,sparse,1,4a77b6e251,1331,225,-11.250000000000025,-11.050000000000022,0.39788095238095245,0.15,0,out_of_energy,0,0,1,0,95,31,5,0,0,51,0.04351553844956611,0.41559016518158676,0.0,0.0,0.99,8,linear
q_learning,sparse_eps-linear_seed1,sparse,1,4a77b6e251,1332,225,-11.250000000000025,-11.050000000000022,0.39742857142857146,0.15,0,out_of_energy,0,0,1,0,94,13,1,0,0,48,0.04464658427172181,0.46070182735172654,0.0,0.0,0.99,8,linear
q_learning,sparse_eps-linear_seed1,sparse,1,4a77b6e251,1333,225,-1.250000000000009,-10.950000000000022,0.3969761904761905,0.15,0,out_of_energy,0,0,1,0,107,8,0,0,1,39,0.10590994574023303,5.0251553703152885,0.0,0.0,0.99,8,linear
q_learning,sparse_eps-linear_seed1,sparse,1,4a77b6e251,1334,225,-11.250000000000025,-11.050000000000022,0.3965238095238095,0.15,0,out_of_energy,0,0,1,0,106,7,0,0,0,47,0.044043461199623116,0.5106211893143215,0.0,0.0,0.99,8,linear
q_learning,sparse_eps-linear_seed1,sparse,1,4a77b6e251,1335,225,-11.250000000000025,-11.050000000000022,0.39607142857142863,0.15,0,out_of_energy,0,0,1,0,111,4,0,0,0,42,0.045188815054125905,0.45629495391360697,0.0,0.0,0.99,8,linear
q_learning,sparse_eps-linear_seed1,sparse,1,4a77b6e251,1336,225,-1.2500000000000098,-11.050000000000026,0.39561904761904765,0.15,0,out_of_energy,0,0,1,0,108,3,0,0,1,63,0.14623476809910363,5.379701558618514,0.0,0.0,0.99,8,linear
q_learning,sparse_eps-linear_seed1,sparse,1,4a77b6e251,1337,225,-11.250000000000025,-11.050000000000026,0.39516666666666667,0.15,0,out_of_energy,0,0,1,0,91,27,0,0,0,46,0.0446175548449853,0.38444655059402466,0.0,0.0,0.99,8,linear
q_learning,sparse_eps-linear_seed1,sparse,1,4a77b6e251,1338,225,-11.250000000000025,-11.050000000000026,0.3947142857142858,0.15,0,out_of_energy,0,0,1,0,90,6,0,0,0,43,0.0427642252197209,0.32560359451938004,0.0,0.0,0.99,8,linear
q_learning,sparse_eps-linear_seed1,sparse,1,4a77b6e251,1339,225,-11.250000000000025,-11.050000000000026,0.3942619047619048,0.15,0,out_of_energy,0,0,1,0,108,17,0,0,0,56,0.042592790810760214,0.2749621047086716,0.0,0.0,0.99,8,linear
q_learning,sparse_eps-linear_seed1,sparse,1,4a77b6e251,1340,225,-11.250000000000025,-11.050000000000026,0.39380952380952383,0.15,0,out_of_energy,0,0,1,0,78,2,3,0,0,39,0.04356207901941289,0.4591204102995095,0.0,0.0,0.99,8,linear
q_learning,sparse_eps-linear_seed1,sparse,1,4a77b6e251,1341,225,-11.250000000000025,-11.050000000000026,0.39335714285714285,0.15,0,out_of_energy,0,0,1,0,116,53,0,0,0,53,0.045236128507158954,0.4257003647870532,0.0,0.0,0.99,8,linear
q_learning,sparse_eps-linear_seed1,sparse,1,4a77b6e251,1342,225,-11.250000000000025,-11.050000000000026,0.39290476190476187,0.15,0,out_of_energy,0,0,1,0,101,23,0,0,0,41,0.043347705238388115,0.35969009873328095,0.0,0.0,0.99,8,linear
q_learning,sparse_eps-linear_seed1,sparse,1,4a77b6e251,1343,225,-11.250000000000025,-11.050000000000026,0.392452380952381,0.15,0,out_of_energy,0,0,1,0,93,40,0,0,0,40,0.04332416384591314,0.44055514025601206,0.0,0.0,0.99,8,linear
q_learning,sparse_eps-linear_seed1,sparse,1,4a77b6e251,1344,225,-1.2499999999999822,-10.950000000000024,0.392,0.15,0,out_of_energy,0,0,1,0,107,11,0,0,1,46,0.09264312769345891,7.233828480540053,0.0,0.0,0.99,8,linear
q_learning,sparse_eps-linear_seed1,sparse,1,4a77b6e251,1345,225,-11.250000000000025,-10.950000000000024,0.39154761904761914,0.15,0,out_of_energy,0,0,1,0,94,25,0,0,0,43,0.04473734729449642,0.4230530250924798,0.0,0.0,0.99,8,linear
q_learning,sparse_eps-linear_seed1,sparse,1,4a77b6e251,1346,225,-11.250000000000025,-10.950000000000024,0.39109523809523816,0.15,0,out_of_energy,0,0,1,0,107,8,0,0,0,51,0.0420344293914961,0.2810660725333075,0.0,0.0,0.99,8,linear
q_learning,sparse_eps-linear_seed1,sparse,1,4a77b6e251,1347,225,-11.250000000000025,-10.950000000000024,0.3906428571428572,0.15,0,out_of_energy,0,0,1,0,107,1,0,0,0,38,0.04193283605592315,0.31660201753020356,0.0,0.0,0.99,8,linear
q_learning,sparse_eps-linear_seed1,sparse,1,4a77b6e251,1348,225,-11.250000000000025,-10.950000000000024,0.3901904761904763,0.15,0,out_of_energy,0,0,1,0,85,20,0,0,0,45,0.04462128188218128,0.42148130389722355,0.0,0.0,0.99,8,linear
q_learning,sparse_eps-linear_seed1,sparse,1,4a77b6e251,1349,225,-1.2499999999999851,-10.850000000000023,0.3897380952380952,0.15,0,out_of_energy,0,0,1,0,87,3,0,0,1,50,0.10379916650534003,2.897754729401149,0.0,0.0,0.99,8,linear
q_learning,sparse_eps-linear_seed1,sparse,1,4a77b6e251,1350,225,-11.250000000000025,-10.850000000000023,0.38928571428571423,0.15,0,out_of_energy,0,0,1,0,85,23,0,0,0,56,0.043805160828879315,0.457322985128443,0.0,0.0,0.99,8,linear
q_learning,sparse_eps-linear_seed1,sparse,1,4a77b6e251,1351,225,-11.250000000000025,-10.850000000000023,0.38883333333333336,0.15,0,out_of_energy,0,0,1,0,94,6,0,0,0,46,0.0437918825006951,0.355438955452064,0.0,0.0,0.99,8,linear
q_learning,sparse_eps-linear_seed1,sparse,1,4a77b6e251,1352,225,-11.250000000000025,-10.850000000000025,0.3883809523809524,0.15,0,out_of_energy,0,0,1,0,89,13,6,0,0,40,0.04301555567542219,0.4388721001492766,0.0,0.0,0.99,8,linear
q_learning,sparse_eps-linear_seed1,sparse,1,4a77b6e251,1353,225,-11.250000000000025,-10.850000000000023,0.3879285714285715,0.15,0,out_of_energy,0,0,1,0,98,22,0,0,0,36,0.0434856869191831,0.4897241322313874,0.0,0.0,0.99,8,linear
q_learning,sparse_eps-linear_seed1,sparse,1,4a77b6e251,1354,225,-11.250000000000025,-10.850000000000023,0.38747619047619053,0.15,0,out_of_energy,0,0,1,0,90,1,0,0,0,44,0.04427874728245834,0.46712108417445014,0.0,0.0,0.99,8,linear
q_learning,sparse_eps-linear_seed1,sparse,1,4a77b6e251,1355,225,-11.250000000000025,-10.850000000000023,0.38702380952380955,0.15,0,out_of_energy,0,0,1,0,100,1,0,0,0,40,0.04305567487616715,0.36716119831841226,0.0,0.0,0.99,8,linear
q_learning,sparse_eps-linear_seed1,sparse,1,4a77b6e251,1356,225,-11.250000000000025,-10.850000000000023,0.3865714285714287,0.15,0,out_of_energy,0,0,1,0,91,16,0,0,0,44,0.04374489440517381,0.3588385121699502,0.0,0.0,0.99,8,linear
q_learning,sparse_eps-linear_seed1,sparse,1,4a77b6e251,1357,225,-11.250000000000025,-10.850000000000023,0.3861190476190476,0.15,0,out_of_energy,0,0,1,0,81,9,0,0,0,48,0.04493918232372676,0.44243475875436156,0.0,0.0,0.99,8,linear
q_learning,sparse_eps-linear_seed1,sparse,1,4a77b6e251,1358,225,-11.250000000000025,-10.850000000000023,0.3856666666666667,0.15,0,out_of_energy,0,0,1,0,100,6,0,0,0,44,0.04264103945854648,0.4354725030548332,0.0,0.0,0.99,8,linear
q_learning,sparse_eps-linear_seed1,sparse,1,4a77b6e251,1359,225,-11.250000000000025,-10.850000000000023,0.38521428571428573,0.15,0,out_of_energy,0,0,1,0,97,11,0,0,0,47,0.04508341849593237,0.38181635878351106,0.0,0.0,0.99,8,linear
q_learning,sparse_eps-linear_seed1,sparse,1,4a77b6e251,1360,225,-11.250000000000025,-10.850000000000023,0.38476190476190475,0.15,0,out_of_energy,0,0,1,0,82,3,0,0,0,47,0.044315655610957676,0.37205132435741173,0.0,0.0,0.99,8,linear
q_learning,sparse_eps-linear_seed1,sparse,1,4a77b6e251,1361,225,-11.250000000000025,-10.850000000000023,0.3843095238095239,0.15,0,out_of_energy,0,0,1,0,82,13,0,0,0,45,0.042783758899092535,0.4038965301533983,0.0,0.0,0.99,8,linear
q_learning,sparse_eps-linear_seed1,sparse,1,4a77b6e251,1362,225,-11.250000000000025,-10.850000000000023,0.3838571428571429,0.15,0,out_of_energy,0,0,1,0,99,22,0,0,0,45,0.04485443297677825,0.48034165404920276,0.0,0.0,0.99,8,linear
q_learning,sparse_eps-linear_seed1,sparse,1,4a77b6e251,1363,225,-11.250000000000025,-10.850000000000023,0.3834047619047619,0.15,0,out_of_energy,0,0,1,0,104,12,0,0,0,46,0.04278086843040047,0.44775372532633007,0.0,0.0,0.99,8,linear
q_learning,sparse_eps-linear_seed1,sparse,1,4a77b6e251,1364,225,-11.250000000000025,-10.850000000000023,0.38295238095238104,0.15,0,out_of_energy,0,0,1,0,98,27,0,0,0,37,0.04162493617580863,0.4066453428180513,0.0,0.0,0.99,8,linear
q_learning,sparse_eps-linear_seed1,sparse,1,4a77b6e251,1365,225,-11.250000000000025,-10.850000000000023,0.38250000000000006,0.15,0,out_of_energy,0,0,1,0,84,29,0,0,0,41,0.0438323783014125,0.42949501660585143,0.0,0.0,0.99,8,linear
q_learning,sparse_eps-linear_seed1,sparse,1,4a77b6e251,1366,225,-11.250000000000025,-10.850000000000023,0.3820476190476191,0.15,0,out_of_energy,0,0,1,0,95,12,1,0,0,47,0.043098479505692226,0.4819571790764994,0.0,0.0,0.99,8,linear
q_learning,sparse_eps-linear_seed1,sparse,1,4a77b6e251,1367,225,-11.250000000000025,-10.850000000000023,0.3815952380952381,0.15,0,out_of_energy,0,0,1,0,103,4,0,0,0,47,0.04253451923950242,0.4183476813828808,0.0,0.0,0.99,8,linear
q_learning,sparse_eps-linear_seed1,sparse,1,4a77b6e251,1368,225,-11.250000000000025,-10.850000000000023,0.3811428571428571,0.15,0,out_of_energy,0,0,1,0,96,24,0,0,0,41,0.043550121361244955,0.31793124369827264,0.0,0.0,0.99,8,linear
q_learning,sparse_eps-linear_seed1,sparse,1,4a77b6e251,1369,225,-11.250000000000025,-10.850000000000023,0.38069047619047625,0.15,0,out_of_energy,0,0,1,0,78,3,0,0,0,48,0.04599616556475571,0.48196212017244505,0.0,0.0,0.99,8,linear
q_learning,sparse_eps-linear_seed1,sparse,1,4a77b6e251,1370,225,-11.250000000000025,-10.850000000000023,0.38023809523809526,0.15,0,out_of_energy,0,0,1,0,92,16,0,0,0,47,0.044793787290889495,0.37853788412788897,0.0,0.0,0.99,8,linear
q_learning,sparse_eps-linear_seed1,sparse,1,4a77b6e251,1371,225,-11.250000000000025,-10.850000000000023,0.3797857142857144,0.15,0,out_of_energy,0,0,1,0,97,3,0,0,0,43,0.045007585839612306,0.3534720599891781,0.0,0.0,0.99,8,linear
q_learning,sparse_eps-linear_seed1,sparse,1,4a77b6e251,1372,225,-11.250000000000025,-10.850000000000023,0.3793333333333334,0.15,0,out_of_energy,0,0,1,0,101,9,1,0,0,38,0.043910277737049565,0.44694223218600776,0.0,0.0,0.99,8,linear
q_learning,sparse_eps-linear_seed1,sparse,1,4a77b6e251,1373,225,-11.250000000000025,-10.850000000000023,0.37888095238095243,0.15,0,out_of_energy,0,0,1,0,108,35,0,0,0,49,0.04259237527736984,0.27952640393982786,0.0,0.0,0.99,8,linear
q_learning,sparse_eps-linear_seed1,sparse,1,4a77b6e251,1374,225,-1.2499999999999822,-10.750000000000023,0.37842857142857145,0.15,0,out_of_energy,0,0,1,0,95,10,0,0,1,42,0.11920442666607839,6.148754208459045,0.0,0.0,0.99,8,linear
q_learning,sparse_eps-linear_seed1,sparse,1,4a77b6e251,1375,225,-11.250000000000025,-10.750000000000023,0.37797619047619047,0.15,0,out_of_energy,0,0,1,0,97,1,0,0,0,41,0.043338136347646744,0.37343157155791173,0.0,0.0,0.99,8,linear
q_learning,sparse_eps-linear_seed1,sparse,1,4a77b6e251,1376,225,-11.250000000000025,-10.750000000000023,0.3775238095238095,0.15,0,out_of_energy,0,0,1,0,100,15,0,0,0,56,0.04278905949423121,0.30725862451537234,0.0,0.0,0.99,8,linear
q_learning,sparse_eps-linear_seed1,sparse,1,4a77b6e251,1377,225,-1.2499999999999822,-10.650000000000023,0.3770714285714286,0.15,0,out_of_energy,0,0,1,0,102,13,0,0,1,45,0.13215650202598372,5.54783938956191,0.0,0.0,0.99,8,linear
q_learning,sparse_eps-linear_seed1,sparse,1,4a77b6e251,1378,225,-11.250000000000025,-10.650000000000023,0.37661904761904763,0.15,0,out_of_energy,0,0,1,0,91,26,0,0,0,38,0.043306708941640314,0.3144977999460403,0.0,0.0,0.99,8,linear
q_learning,sparse_eps-linear_seed1,sparse,1,4a77b6e251,1379,225,-11.250000000000025,-10.650000000000023,0.37616666666666676,0.15,0,out_of_energy,0,0,1,0,105,15,0,0,0,47,0.045544200185381085,0.5156637603460207,0.0,0.0,0.99,8,linear
q_learning,sparse_eps-linear_seed1,sparse,1,4a77b6e251,1380,225,-1.2499999999999822,-10.550000000000022,0.3757142857142858,0.15,0,out_of_energy,0,0,1,0,109,25,0,0,1,46,0.08669627458273654,5.204199472983937,0.0,0.0,0.99,8,linear
q_learning,sparse_eps-linear_seed1,sparse,1,4a77b6e251,1381,225,-1.2499999999999822,-10.450000000000022,0.3752619047619048,0.15,0,out_of_energy,0,0,1,0,95,12,0,0,1,43,0.10098844273769983,4.848536955275996,0.0,0.0,0.99,8,linear
q_learning,sparse_eps-linear_seed1,sparse,1,4a77b6e251,1382,225,-1.2499999999999822,-10.350000000000023,0.3748095238095238,0.15,0,out_of_energy,0,0,1,0,110,32,0,0,1,54,0.09770179203613893,4.775031210642862,0.0,0.0,0.99,8,linear
q_learning,sparse_eps-linear_seed1,sparse,1,4a77b6e251,1383,225,-11.250000000000025,-10.350000000000023,0.37435714285714283,0.15,0,out_of_energy,0,0,1,0,84,6,1,0,0,40,0.04347431085377533,0.3922890086591188,0.0,0.0,0.99,8,linear
q_learning,sparse_eps-linear_seed1,sparse,1,4a77b6e251,1384,225,-11.250000000000025,-10.350000000000023,0.37390476190476196,0.15,0,out_of_energy,0,0,1,0,91,20,0,0,0,46,0.04682158052678851,0.5271756720423166,0.0,0.0,0.99,8,linear
q_learning,sparse_eps-linear_seed1,sparse,1,4a77b6e251,1385,225,-1.2499999999999822,-10.250000000000023,0.373452380952381,0.15,0,out_of_energy,0,0,1,0,87,10,0,0,1,46,0.14609320180911822,7.133871312579035,0.0,0.0,0.99,8,linear
q_learning,sparse_eps-linear_seed1,sparse,1,4a77b6e251,1386,225,-1.2499999999999822,-10.150000000000022,0.373,0.15,0,out_of_energy,0,0,1,0,84,21,0,0,1,44,0.0989689348184995,4.612397703001877,0.0,0.0,0.99,8,linear
q_learning,sparse_eps-linear_seed1,sparse,1,4a77b6e251,1387,225,-11.250000000000025,-10.150000000000023,0.3725476190476191,0.15,0,out_of_energy,0,0,1,0,98,28,0,0,0,49,0.042823846585691175,0.311552995079938,0.0,0.0,0.99,8,linear
q_learning,sparse_eps-linear_seed1,sparse,1,4a77b6e251,1388,225,-11.250000000000025,-10.150000000000022,0.37209523809523815,0.15,0,out_of_energy,0,0,1,0,92,12,0,0,0,44,0.04474471451263833,0.4360737337853347,0.0,0.0,0.99,8,linear
q_learning,sparse_eps-linear_seed1,sparse,1,4a77b6e251,1389,225,-11.250000000000025,-10.150000000000023,0.37164285714285716,0.15,0,out_of_energy,0,0,1,0,87,14,1,0,0,43,0.041944001842859395,0.33391215193482787,0.0,0.0,0.99,8,linear
q_learning,sparse_eps-linear_seed1,sparse,1,4a77b6e251,1390,225,-11.250000000000025,-10.15000000000002,0.3711904761904763,0.15,0,out_of_energy,0,0,1,0,94,21,0,0,0,52,0.04181642101187211,0.3661474035311769,0.0,0.0,0.99,8,linear
q_learning,sparse_eps-linear_seed1,sparse,1,4a77b6e251,1391,225,-11.250000000000025,-10.150000000000022,0.3707380952380952,0.15,0,out_of_energy,0,0,1,0,86,2,0,0,0,41,0.042350904358421655,0.32385531080858665,0.0,0.0,0.99,8,linear
q_learning,sparse_eps-linear_seed1,sparse,1,4a77b6e251,1392,225,-11.250000000000025,-10.15000000000002,0.37028571428571433,0.15,0,out_of_energy,0,0,1,0,112,17,0,0,0,41,0.04298508739343917,0.5244011703735918,0.0,0.0,0.99,8,linear
q_learning,sparse_eps-linear_seed1,sparse,1,4a77b6e251,1393,225,-11.250000000000025,-10.150000000000022,0.36983333333333335,0.15,0,out_of_energy,0,0,1,0,103,6,0,0,0,39,0.0433972524185253,0.5207466855267926,0.0,0.0,0.99,8,linear
q_learning,sparse_eps-linear_seed1,sparse,1,4a77b6e251,1394,225,-1.2499999999999822,-10.05000000000002,0.36938095238095237,0.15,0,out_of_energy,0,0,1,0,102,5,0,0,1,35,0.12155981400771257,7.076460920812289,0.0,0.0,0.99,8,linear
q_learning,sparse_eps-linear_seed1,sparse,1,4a77b6e251,1395,225,-11.250000000000025,-10.050000000000022,0.3689285714285715,0.15,0,out_of_energy,0,0,1,0,82,40,1,0,0,44,0.04369091747886745,0.368553005532573,0.0,0.0,0.99,8,linear
q_learning,sparse_eps-linear_seed1,sparse,1,4a77b6e251,1396,225,-11.250000000000025,-10.05000000000002,0.3684761904761905,0.15,0,out_of_energy,0,0,1,0,91,4,0,0,0,41,0.04321584405138718,0.33999070082392335,0.0,0.0,0.99,8,linear
q_learning,sparse_eps-linear_seed1,sparse,1,4a77b6e251,1397,225,-11.250000000000025,-10.050000000000022,0.36802380952380964,0.15,0,out_of_energy,0,0,1,0,87,11,0,0,0,44,0.04216141796528547,0.4347592715803301,0.0,0.0,0.99,8,linear
q_learning,sparse_eps-linear_seed1,sparse,1,4a77b6e251,1398,225,-11.250000000000025,-10.05000000000002,0.36757142857142866,0.15,0,out_of_energy,0,0,1,0,89,7,0,0,0,38,0.04368796631595596,0.3837710587990578,0.0,0.0,0.99,8,linear
q_learning,sparse_eps-linear_seed1,sparse,1,4a77b6e251,1399,225,-1.2499999999999822,-9.950000000000022,0.36711904761904757,0.15,0,out_of_energy,0,0,1,0,99,12,0,0,1,52,0.09323120924248927,2.7328230726397233,0.0,0.0,0.99,8,linear
q_learning,sparse_eps-linear_seed1,sparse,1,4a77b6e251,1400,225,-1.2499999999999822,-9.850000000000021,0.3666666666666667,0.15,0,out_of_energy,0,0,1,0,96,30,0,0,1,44,0.11769413540148836,4.143404954070202,0.0,0.0,0.99,8,linear
q_learning,sparse_eps-linear_seed1,sparse,1,4a77b6e251,1401,225,-1.2499999999999822,-9.750000000000021,0.3662142857142857,0.15,0,out_of_energy,0,0,1,0,95,4,0,0,1,54,0.13168127477727606,8.846647598284477,0.0,0.0,0.99,8,linear
q_learning,sparse_eps-linear_seed1,sparse,1,4a77b6e251,1402,225,-11.250000000000025,-9.750000000000021,0.36576190476190473,0.15,0,out_of_energy,0,0,1,0,91,18,0,0,0,30,0.045340982261169005,0.40967823481078147,0.0,0.0,0.99,8,linear
q_learning,sparse_eps-linear_seed1,sparse,1,4a77b6e251,1403,225,-1.2499999999999822,-9.65000000000002,0.36530952380952386,0.15,0,out_of_energy,0,0,1,0,99,27,0,0,1,44,0.08871570115671706,3.230000310644857,0.0,0.0,0.99,8,linear
q_learning,sparse_eps-linear_seed1,sparse,1,4a77b6e251,1404,225,-11.250000000000025,-9.65000000000002,0.3648571428571429,0.15,0,out_of_energy,0,0,1,0,111,21,0,0,0,52,0.04384090797896081,0.3359636966588846,0.0,0.0,0.99,8,linear
q_learning,sparse_eps-linear_seed1,sparse,1,4a77b6e251,1405,225,-1.2499999999999964,-9.55000000000002,0.364404761904762,0.15,0,out_of_energy,0,0,1,0,104,3,0,0,1,38,0.16792845508861848,7.45491245143768,0.0,0.0,0.99,8,linear
q_learning,sparse_eps-linear_seed1,sparse,1,4a77b6e251,1406,225,-11.250000000000025,-9.55000000000002,0.363952380952381,0.15,0,out_of_energy,0,0,1,0,80,6,0,0,0,44,0.04282114974969428,0.372991334191077,0.0,0.0,0.99,8,linear
q_learning,sparse_eps-linear_seed1,sparse,1,4a77b6e251,1407,225,-11.250000000000025,-9.550000000000018,0.36350000000000005,0.15,0,out_of_energy,0,0,1,0,92,24,0,0,0,41,0.04378275965123983,0.3925843947481928,0.0,0.0,0.99,8,linear
q_learning,sparse_eps-linear_seed1,sparse,1,4a77b6e251,1408,225,-11.250000000000025,-9.55000000000002,0.36304761904761906,0.15,0,out_of_energy,0,0,1,0,99,31,0,0,0,50,0.04519849664890441,0.4024165732807405,0.0,0.0,0.99,8,linear
q_learning,sparse_eps-linear_seed1,sparse,1,4a77b6e251,1409,225,-11.250000000000025,-9.550000000000018,0.3625952380952381,0.15,0,out_of_energy,0,0,1,0,94,20,0,0,0,54,0.04372147848691434,0.41246530257067515,0.0,0.0,0.99,8,linear
q_learning,sparse_eps-linear_seed1,sparse,1,4a77b6e251,1410,225,-11.250000000000025,-9.55000000000002,0.3621428571428572,0.15,0,out_of_energy,0,0,1,0,95,11,4,0,0,42,0.04272215052689136,0.38346029264230075,0.0,0.0,0.99,8,linear
q_learning,sparse_eps-linear_seed1,sparse,1,4a77b6e251,1411,225,-1.2499999999999822,-9.450000000000019,0.36169047619047623,0.15,0,out_of_energy,0,0,1,0,99,18,0,0,1,40,0.09366185831258012,3.0398906372737393,0.0,0.0,0.99,8,linear
q_learning,sparse_eps-linear_seed1,sparse,1,4a77b6e251,1412,225,-11.250000000000025,-9.45000000000002,0.36123809523809525,0.15,0,out_of_energy,0,0,1,0,73,31,0,0,0,41,0.0462890895033455,0.39954134638962036,0.0,0.0,0.99,8,linear
q_learning,sparse_eps-linear_seed1,sparse,1,4a77b6e251,1413,225,-1.2499999999999822,-9.35000000000002,0.3607857142857144,0.15,0,out_of_energy,0,0,1,0,102,8,0,0,1,40,0.13150597701816336,8.304814141417399,0.0,0.0,0.99,8,linear
q_learning,sparse_eps-linear_seed1,sparse,1,4a77b6e251,1414,225,-11.250000000000025,-9.350000000000021,0.3603333333333334,0.15,0,out_of_energy,0,0,1,0,90,9,0,0,0,46,0.04413718010012473,0.445282335292143,0.0,0.0,0.99,8,linear
q_learning,sparse_eps-linear_seed1,sparse,1,4a77b6e251,1415,225,-11.250000000000025,-9.35000000000002,0.3598809523809524,0.15,0,out_of_energy,0,0,1,0,87,5,0,0,0,46,0.04356937935074306,0.3727006029984153,0.0,0.0,0.99,8,linear
q_learning,sparse_eps-linear_seed1,sparse,1,4a77b6e251,1416,225,-11.250000000000025,-9.35000000000002,0.35942857142857143,0.15,0,out_of_energy,0,0,1,0,85,19,0,0,0,36,0.042676352626703745,0.46549135537562686,0.0,0.0,0.99,8,linear
q_learning,sparse_eps-linear_seed1,sparse,1,4a77b6e251,1417,225,-1.2499999999999822,-9.250000000000018,0.35897619047619045,0.15,0,out_of_energy,0,0,1,0,98,4,0,0,1,52,0.1381128064358172,4.902901344388682,0.0,0.0,0.99,8,linear
q_learning,sparse_eps-linear_seed1,sparse,1,4a77b6e251,1418,225,-11.250000000000025,-9.250000000000018,0.3585238095238096,0.15,0,out_of_energy,0,0,1,0,97,26,0,0,0,40,0.043117637893823335,0.3346782660292808,0.0,0.0,0.99,8,linear
q_learning,sparse_eps-linear_seed1,sparse,1,4a77b6e251,1419,225,-11.250000000000025,-9.250000000000018,0.3580714285714286,0.15,0,out_of_energy,0,0,1,0,94,28,1,0,0,47,0.04418241190402236,0.48184240677638146,0.0,0.0,0.99,8,linear
q_learning,sparse_eps-linear_seed1,sparse,1,4a77b6e251,1420,225,-11.250000000000025,-9.250000000000018,0.3576190476190476,0.15,0,out_of_energy,0,0,1,0,93,8,0,0,0,44,0.04446731504022667,0.3764585340546989,0.0,0.0,0.99,8,linear
q_learning,sparse_eps-linear_seed1,sparse,1,4a77b6e251,1421,225,-11.250000000000025,-9.250000000000018,0.35716666666666674,0.15,0,out_of_energy,0,0,1,0,99,19,0,0,0,48,0.04412962524342866,0.4130911920024802,0.0,0.0,0.99,8,linear
q_learning,sparse_eps-linear_seed1,sparse,1,4a77b6e251,1422,225,-11.250000000000025,-9.250000000000018,0.35671428571428576,0.15,0,out_of_energy,0,0,1,0,102,9,0,0,0,48,0.044257219325948796,0.312502314763713,0.0,0.0,0.99,8,linear
q_learning,sparse_eps-linear_seed1,sparse,1,4a77b6e251,1423,225,-11.250000000000025,-9.250000000000018,0.3562619047619049,0.15,0,out_of_energy,0,0,1,0,81,25,2,0,0,46,0.04473751478813755,0.47849997872795363,0.0,0.0,0.99,8,linear
q_learning,sparse_eps-linear_seed1,sparse,1,4a77b6e251,1424,225,-11.250000000000025,-9.250000000000018,0.3558095238095238,0.15,0,out_of_energy,0,0,1,0,104,26,0,0,0,48,0.04178033742983661,0.336996110097354,0.0,0.0,0.99,8,linear
q_learning,sparse_eps-linear_seed1,sparse,1,4a77b6e251,1425,225,-11.250000000000025,-9.250000000000018,0.3553571428571428,0.15,0,out_of_energy,0,0,1,0,89,19,0,0,0,43,0.04239214278986102,0.3552826137252036,0.0,0.0,0.99,8,linear
q_learning,sparse_eps-linear_seed1,sparse,1,4a77b6e251,1426,225,-11.250000000000025,-9.250000000000018,0.35490476190476195,0.15,0,out_of_energy,0,0,1,0,92,3,0,0,0,51,0.043262684627381136,0.3572372976188134,0.0,0.0,0.99,8,linear
q_learning,sparse_eps-linear_seed1,sparse,1,4a77b6e251,1427,225,-11.250000000000025,-9.250000000000018,0.35445238095238096,0.15,0,out_of_energy,0,0,1,0,102,8,0,0,0,37,0.04249894346380416,0.34958338767545954,0.0,0.0,0.99,8,linear
q_learning,sparse_eps-linear_seed1,sparse,1,4a77b6e251,1428,225,-11.250000000000025,-9.250000000000018,0.354,0.15,0,out_of_energy,0,0,1,0,97,12,0,0,0,48,0.04200010349591168,0.339556255397795,0.0,0.0,0.99,8,linear
q_learning,sparse_eps-linear_seed1,sparse,1,4a77b6e251,1429,225,-11.250000000000025,-9.250000000000018,0.3535476190476191,0.15,0,out_of_energy,0,0,1,0,93,32,0,0,0,48,0.04234950350123634,0.48928372591207603,0.0,0.0,0.99,8,linear
q_learning,sparse_eps-linear_seed1,sparse,1,4a77b6e251,1430,225,-11.250000000000025,-9.250000000000018,0.35309523809523813,0.15,0,out_of_energy,0,0,1,0,94,3,0,0,0,43,0.042593610333979355,0.358904595425386,0.0,0.0,0.99,8,linear
q_learning,sparse_eps-linear_seed1,sparse,1,4a77b6e251,1431,225,-11.250000000000025,-9.250000000000018,0.35264285714285726,0.15,0,out_of_energy,0,0,1,0,94,2,0,0,0,50,0.04424499407593455,0.38192619963144364,0.0,0.0,0.99,8,linear
q_learning,sparse_eps-linear_seed1,sparse,1,4a77b6e251,1432,225,-1.2499999999999822,-9.150000000000018,0.3521904761904763,0.15,0,out_of_energy,0,0,1,0,98,15,0,0,1,47,0.12856028013127183,4.813578072446844,0.0,0.0,0.99,8,linear
q_learning,sparse_eps-linear_seed1,sparse,1,4a77b6e251,1433,225,-11.250000000000025,-9.250000000000018,0.3517380952380952,0.15,0,out_of_energy,0,0,1,0,85,20,0,0,0,45,0.04319138737228218,0.3702863761539786,0.0,0.0,0.99,8,linear
q_learning,sparse_eps-linear_seed1,sparse,1,4a77b6e251,1434,225,-11.250000000000025,-9.250000000000018,0.3512857142857143,0.15,0,out_of_energy,0,0,1,0,79,9,0,0,0,47,0.04249334190682455,0.4481248250498989,0.0,0.0,0.99,8,linear
q_learning,sparse_eps-linear_seed1,sparse,1,4a77b6e251,1435,225,-11.250000000000025,-9.250000000000018,0.35083333333333333,0.15,0,out_of_energy,0,0,1,0,90,21,0,0,0,51,0.04208494537785441,0.3634142201745329,0.0,0.0,0.99,8,linear
q_learning,sparse_eps-linear_seed1,sparse,1,4a77b6e251,1436,225,-11.250000000000025,-9.350000000000017,0.35038095238095246,0.15,0,out_of_energy,0,0,1,0,102,4,0,0,0,55,0.04310151785833428,0.3672384680570035,0.0,0.0,0.99,8,linear
q_learning,sparse_eps-linear_seed1,sparse,1,4a77b6e251,1437,225,-11.250000000000025,-9.350000000000017,0.3499285714285715,0.15,0,out_of_energy,0,0,1,0,103,10,0,0,0,45,0.04339643709352037,0.4732801751360053,0.0,0.0,0.99,8,linear
q_learning,sparse_eps-linear_seed1,sparse,1,4a77b6e251,1438,225,-11.250000000000025,-9.350000000000017,0.3494761904761905,0.15,0,out_of_energy,0,0,1,0,104,28,0,0,0,47,0.04393367868634857,0.46974108024603767,0.0,0.0,0.99,8,linear
q_learning,sparse_eps-linear_seed1,sparse,1,4a77b6e251,1439,225,-11.250000000000025,-9.350000000000017,0.3490238095238096,0.15,0,out_of_energy,0,0,1,0,91,23,5,0,0,43,0.04269394704598623,0.3751017859298041,0.0,0.0,0.99,8,linear
q_learning,sparse_eps-linear_seed1,sparse,1,4a77b6e251,1440,225,-11.250000000000025,-9.350000000000017,0.34857142857142864,0.15,0,out_of_energy,0,0,1,0,95,7,0,0,0,41,0.04382662342142537,0.4271021089559719,0.0,0.0,0.99,8,linear
q_learning,sparse_eps-linear_seed1,sparse,1,4a77b6e251,1441,225,-11.250000000000025,-9.350000000000017,0.34811904761904755,0.15,0,out_of_energy,0,0,1,0,80,13,5,0,0,38,0.0437850398390763,0.4295992682334666,0.0,0.0,0.99,8,linear
q_learning,sparse_eps-linear_seed1,sparse,1,4a77b6e251,1442,225,-11.250000000000025,-9.350000000000017,0.3476666666666667,0.15,0,out_of_energy,0,0,1,0,98,20,0,0,0,51,0.04453299425970455,0.4261610812822589,0.0,0.0,0.99,8,linear
q_learning,sparse_eps-linear_seed1,sparse,1,4a77b6e251,1443,225,-1.2499999999999822,-9.250000000000018,0.3472142857142857,0.15,0,out_of_energy,0,0,1,0,97,13,0,0,1,53,0.16163671523663928,5.541780819867789,0.0,0.0,0.99,8,linear
q_learning,sparse_eps-linear_seed1,sparse,1,4a77b6e251,1444,225,-11.250000000000025,-9.350000000000017,0.3467619047619048,0.15,0,out_of_energy,0,0,1,0,98,14,0,0,0,47,0.04349365211291756,0.40081290041294204,0.0,0.0,0.99,8,linear
q_learning,sparse_eps-linear_seed1,sparse,1,4a77b6e251,1445,225,-11.250000000000025,-9.350000000000017,0.34630952380952384,0.15,0,out_of_energy,0,0,1,0,92,16,2,0,0,40,0.044088676221820354,0.43676103697003443,0.0,0.0,0.99,8,linear
q_learning,sparse_eps-linear_seed1,sparse,1,4a77b6e251,1446,225,-1.2499999999999822,-9.250000000000018,0.34585714285714286,0.15,0,out_of_energy,0,0,1,0,107,6,0,0,1,56,0.09250734404735421,9.860762640519082,0.0,0.0,0.99,8,linear
q_learning,sparse_eps-linear_seed1,sparse,1,4a77b6e251,1447,225,-11.250000000000025,-9.250000000000018,0.345404761904762,0.15,0,out_of_energy,0,0,1,0,92,28,0,0,0,43,0.04420293383227947,0.40433799312933244,0.0,0.0,0.99,8,linear
q_learning,sparse_eps-linear_seed1,sparse,1,4a77b6e251,1448,225,-11.250000000000025,-9.250000000000018,0.344952380952381,0.15,0,out_of_energy,0,0,1,0,92,25,0,0,0,44,0.044862595875741665,0.4280537132805263,0.0,0.0,0.99,8,linear
q_learning,sparse_eps-linear_seed1,sparse,1,4a77b6e251,1449,225,-1.2499999999999822,-9.250000000000018,0.34450000000000003,0.15,0,out_of_energy,0,0,1,0,97,5,0,0,1,45,0.09095718819224147,7.070090770791946,0.0,0.0,0.99,8,linear
q_learning,sparse_eps-linear_seed1,sparse,1,4a77b6e251,1450,225,-1.2499999999999822,-9.150000000000018,0.34404761904761905,0.15,0,out_of_energy,0,0,1,0,99,5,0,0,1,49,0.10940571335839257,2.8046984981923435,0.0,0.0,0.99,8,linear
q_learning,sparse_eps-linear_seed1,sparse,1,4a77b6e251,1451,225,-1.2500000000000189,-9.050000000000018,0.34359523809523806,0.15,0,out_of_energy,0,0,1,0,94,4,0,0,1,49,0.09351505779730825,4.0824204719771195,0.0,0.0,0.99,8,linear
q_learning,sparse_eps-linear_seed1,sparse,1,4a77b6e251,1452,225,-11.250000000000025,-9.050000000000018,0.3431428571428572,0.15,0,out_of_energy,0,0,1,0,110,15,0,0,0,43,0.042573536794615605,0.39956716632911976,0.0,0.0,0.99,8,linear
q_learning,sparse_eps-linear_seed1,sparse,1,4a77b6e251,1453,225,-11.250000000000025,-9.050000000000018,0.3426904761904762,0.15,0,out_of_energy,0,0,1,0,92,24,0,0,0,44,0.042626841678312884,0.4108996786745021,0.0,0.0,0.99,8,linear
q_learning,sparse_eps-linear_seed1,sparse,1,4a77b6e251,1454,225,-11.250000000000025,-9.050000000000017,0.34223809523809523,0.15,0,out_of_energy,0,0,1,0,100,31,1,0,0,43,0.04389012909371297,0.36402345331087815,0.0,0.0,0.99,8,linear
q_learning,sparse_eps-linear_seed1,sparse,1,4a77b6e251,1455,225,-11.250000000000025,-9.050000000000018,0.34178571428571436,0.15,0,out_of_energy,0,0,1,0,95,8,0,0,0,58,0.04352682585613811,0.3590124994320825,0.0,0.0,0.99,8,linear
q_learning,sparse_eps-linear_seed1,sparse,1,4a77b6e251,1456,225,-11.250000000000025,-9.050000000000017,0.3413333333333334,0.15,0,out_of_energy,0,0,1,0,100,20,0,0,0,51,0.042588267812746404,0.4103672285541404,0.0,0.0,0.99,8,linear
q_learning,sparse_eps-linear_seed1,sparse,1,4a77b6e251,1457,225,-11.250000000000025,-9.050000000000017,0.3408809523809525,0.15,0,out_of_energy,0,0,1,0,100,7,0,0,0,46,0.0439581840130255,0.409281241507557,0.0,0.0,0.99,8,linear
q_learning,sparse_eps-linear_seed1,sparse,1,4a77b6e251,1458,225,-11.250000000000025,-9.050000000000017,0.3404285714285714,0.15,0,out_of_energy,0,0,1,0,101,19,0,0,0,46,0.04500514596004357,0.552414466759519,0.0,0.0,0.99,8,linear
q_learning,sparse_eps-linear_seed1,sparse,1,4a77b6e251,1459,225,-11.250000000000025,-9.050000000000018,0.33997619047619043,0.15,0,out_of_energy,0,0,1,0,82,8,0,0,0,43,0.044871565156421246,0.39024596573206427,0.0,0.0,0.99,8,linear
q_learning,sparse_eps-linear_seed1,sparse,1,4a77b6e251,1460,225,-11.250000000000025,-9.050000000000017,0.33952380952380956,0.15,0,out_of_energy,0,0,1,0,90,15,0,0,0,46,0.04340399263096285,0.3772359330696695,0.0,0.0,0.99,8,linear
q_learning,sparse_eps-linear_seed1,sparse,1,4a77b6e251,1461,225,-11.250000000000025,-9.050000000000017,0.3390714285714286,0.15,0,out_of_energy,0,0,1,0,102,24,0,0,0,47,0.044948758340484916,0.43327019954140134,0.0,0.0,0.99,8,linear
q_learning,sparse_eps-linear_seed1,sparse,1,4a77b6e251,1462,225,-1.2499999999999822,-8.950000000000015,0.3386190476190477,0.15,0,out_of_energy,0,0,1,0,102,11,0,0,1,46,0.11411638394619246,2.6009510574448385,0.0,0.0,0.99,8,linear
q_learning,sparse_eps-linear_seed1,sparse,1,4a77b6e251,1463,225,-11.250000000000025,-8.950000000000019,0.3381666666666667,0.15,0,out_of_energy,0,0,1,0,95,14,0,0,0,38,0.04200744262096115,0.3515035392572324,0.0,0.0,0.99,8,linear
q_learning,sparse_eps-linear_seed1,sparse,1,4a77b6e251,1464,225,-11.250000000000025,-8.950000000000015,0.33771428571428574,0.15,0,out_of_energy,0,0,1,0,94,10,0,0,0,50,0.04211341971147746,0.118407148581698,0.0,0.0,0.99,8,linear
q_learning,sparse_eps-linear_seed1,sparse,1,4a77b6e251,1465,225,-11.250000000000025,-8.950000000000017,0.3372619047619049,0.15,0,out_of_energy,0,0,1,0,94,30,0,0,0,38,0.04494322270526109,0.5147283264150276,0.0,0.0,0.99,8,linear
q_learning,sparse_eps-linear_seed1,sparse,1,4a77b6e251,1466,225,-11.250000000000025,-8.950000000000015,0.3368095238095238,0.15,0,out_of_energy,0,0,1,0,90,10,0,0,0,48,0.042572264200644284,0.40702347699983643,0.0,0.0,0.99,8,linear
q_learning,sparse_eps-linear_seed1,sparse,1,4a77b6e251,1467,225,-11.250000000000025,-8.950000000000017,0.3363571428571428,0.15,0,out_of_energy,0,0,1,0,96,9,0,0,0,52,0.0438138299879758,0.3878810622162771,0.0,0.0,0.99,8,linear
q_learning,sparse_eps-linear_seed1,sparse,1,4a77b6e251,1468,225,-11.250000000000025,-8.950000000000015,0.33590476190476193,0.15,0,out_of_energy,0,0,1,0,88,5,2,0,0,39,0.044640202343552954,0.4737612685073235,0.0,0.0,0.99,8,linear
q_learning,sparse_eps-linear_seed1,sparse,1,4a77b6e251,1469,225,-11.250000000000025,-8.950000000000017,0.33545238095238095,0.15,0,out_of_energy,0,0,1,0,102,32,0,0,0,61,0.0436891632388835,0.3917784979926454,0.0,0.0,0.99,8,linear
q_learning,sparse_eps-linear_seed1,sparse,1,4a77b6e251,1470,225,-11.250000000000025,-8.950000000000015,0.3350000000000001,0.15,0,out_of_energy,0,0,1,0,98,4,2,0,0,47,0.044407253913507305,0.4515801448801933,0.0,0.0,0.99,8,linear
q_learning,sparse_eps-linear_seed1,sparse,1,4a77b6e251,1471,225,-11.250000000000025,-8.950000000000017,0.3345476190476191,0.15,0,out_of_energy,0,0,1,0,93,24,1,0,0,47,0.0450125238114531,0.5102233177823801,0.0,0.0,0.99,8,linear
q_learning,sparse_eps-linear_seed1,sparse,1,4a77b6e251,1472,225,-11.250000000000025,-8.950000000000015,0.3340952380952381,0.15,0,out_of_energy,0,0,1,0,108,4,0,0,0,37,0.041370138962432655,0.15469681143042446,0.0,0.0,0.99,8,linear
q_learning,sparse_eps-linear_seed1,sparse,1,4a77b6e251,1473,225,-11.250000000000025,-8.950000000000017,0.33364285714285724,0.15,0,out_of_energy,0,0,1,0,106,24,0,0,0,43,0.044008476604145495,0.4174538699834921,0.0,0.0,0.99,8,linear
q_learning,sparse_eps-linear_seed1,sparse,1,4a77b6e251,1474,225,-11.250000000000025,-9.050000000000017,0.33319047619047626,0.15,0,out_of_energy,0,0,1,0,108,10,0,0,0,43,0.04236635939836594,0.40550790289082245,0.0,0.0,0.99,8,linear
q_learning,sparse_eps-linear_seed1,sparse,1,4a77b6e251,1475,225,-11.250000000000025,-9.050000000000017,0.3327380952380953,0.15,0,out_of_energy,0,0,1,0,99,13,0,0,0,50,0.042839649127056324,0.3325964750992994,0.0,0.0,0.99,8,linear
q_learning,sparse_eps-linear_seed1,sparse,1,4a77b6e251,1476,225,-11.250000000000025,-9.050000000000017,0.3322857142857143,0.15,0,out_of_energy,0,0,1,0,93,27,2,0,0,46,0.04405863754042852,0.4372075261514897,0.0,0.0,0.99,8,linear
q_learning,sparse_eps-linear_seed1,sparse,1,4a77b6e251,1477,225,-11.250000000000025,-9.150000000000018,0.3318333333333333,0.15,0,out_of_energy,0,0,1,0,86,5,0,0,0,42,0.04445024427810962,0.3894244072779319,0.0,0.0,0.99,8,linear
q_learning,sparse_eps-linear_seed1,sparse,1,4a77b6e251,1478,225,-11.250000000000025,-9.150000000000016,0.33138095238095244,0.15,0,out_of_energy,0,0,1,0,86,10,0,0,0,37,0.04267711761034161,0.3667373356900563,0.0,0.0,0.99,8,linear
q_learning,sparse_eps-linear_seed1,sparse,1,4a77b6e251,1479,225,-11.250000000000025,-9.150000000000018,0.33092857142857146,0.15,0,out_of_energy,0,0,1,0,86,6,0,0,0,44,0.04315648257665579,0.37943477137493525,0.0,0.0,0.99,8,linear
q_learning,sparse_eps-linear_seed1,sparse,1,4a77b6e251,1480,225,-11.250000000000025,-9.250000000000018,0.3304761904761905,0.15,0,out_of_energy,0,0,1,0,92,38,0,0,0,48,0.04247967267314921,0.3901327875926734,0.0,0.0,0.99,8,linear
q_learning,sparse_eps-linear_seed1,sparse,1,4a77b6e251,1481,225,-11.250000000000025,-9.350000000000017,0.3300238095238096,0.15,0,out_of_energy,0,0,1,0,91,24,0,0,0,30,0.044066248731763485,0.36677341845231404,0.0,0.0,0.99,8,linear
q_learning,sparse_eps-linear_seed1,sparse,1,4a77b6e251,1482,225,-11.250000000000025,-9.450000000000019,0.3295714285714286,0.15,0,out_of_energy,0,0,1,0,86,17,0,0,0,47,0.043268525800449355,0.42224558814749047,0.0,0.0,0.99,8,linear
q_learning,sparse_eps-linear_seed1,sparse,1,4a77b6e251,1483,225,-11.250000000000025,-9.450000000000019,0.32911904761904764,0.15,0,out_of_energy,0,0,1,0,102,31,0,0,0,42,0.04242030985745108,0.39216194399980103,0.0,0.0,0.99,8,linear
q_learning,sparse_eps-linear_seed1,sparse,1,4a77b6e251,1484,225,-11.250000000000025,-9.450000000000019,0.32866666666666666,0.15,0,out_of_energy,0,0,1,0,103,2,0,0,0,51,0.044121699663008135,0.323032842627886,0.0,0.0,0.99,8,linear
q_learning,sparse_eps-linear_seed1,sparse,1,4a77b6e251,1485,225,-1.2499999999999822,-9.450000000000019,0.3282142857142857,0.15,0,out_of_energy,0,0,1,0,96,7,0,0,1,25,0.12280092848259945,6.973973929459807,0.0,0.0,0.99,8,linear
q_learning,sparse_eps-linear_seed1,sparse,1,4a77b6e251,1486,225,-1.2499999999999822,-9.45000000000002,0.3277619047619048,0.15,0,out_of_energy,0,0,1,0,109,10,0,0,1,49,0.14623237208075654,6.925253072474288,0.0,0.0,0.99,8,linear
q_learning,sparse_eps-linear_seed1,sparse,1,4a77b6e251,1487,225,-11.250000000000025,-9.45000000000002,0.32730952380952383,0.15,0,out_of_energy,0,0,1,0,92,13,0,0,0,40,0.04334529827678129,0.4410118121133816,0.0,0.0,0.99,8,linear
q_learning,sparse_eps-linear_seed1,sparse,1,4a77b6e251,1488,225,-11.250000000000025,-9.45000000000002,0.32685714285714296,0.15,0,out_of_energy,0,0,1,0,108,27,0,0,0,40,0.046323170504207964,0.4038402818966278,0.0,0.0,0.99,8,linear
q_learning,sparse_eps-linear_seed1,sparse,1,4a77b6e251,1489,225,-11.250000000000025,-9.450000000000019,0.326404761904762,0.15,0,out_of_energy,0,0,1,0,74,5,2,0,0,43,0.04571414096784231,0.49515496936994197,0.0,0.0,0.99,8,linear
q_learning,sparse_eps-linear_seed1,sparse,1,4a77b6e251,1490,225,-11.250000000000025,-9.450000000000019,0.325952380952381,0.15,0,out_of_energy,0,0,1,0,94,15,0,0,0,43,0.044092489255463024,0.49380921061078636,0.0,0.0,0.99,8,linear
q_learning,sparse_eps-linear_seed1,sparse,1,4a77b6e251,1491,225,-11.250000000000025,-9.450000000000019,0.3255,0.15,0,out_of_energy,0,0,1,0,102,7,0,0,0,49,0.04394141808019503,0.39720622472925293,0.0,0.0,0.99,8,linear
q_learning,sparse_eps-linear_seed1,sparse,1,4a77b6e251,1492,225,-11.250000000000025,-9.450000000000019,0.32504761904761903,0.15,0,out_of_energy,0,0,1,0,100,17,1,0,0,56,0.04431141757997368,0.42571981100320117,0.0,0.0,0.99,8,linear
q_learning,sparse_eps-linear_seed1,sparse,1,4a77b6e251,1493,225,-11.250000000000025,-9.450000000000019,0.32459523809523805,0.15,0,out_of_energy,0,0,1,0,92,5,0,0,0,39,0.04310530924080384,0.4585608195303701,0.0,0.0,0.99,8,linear
q_learning,sparse_eps-linear_seed1,sparse,1,4a77b6e251,1494,225,-11.250000000000025,-9.550000000000018,0.3241428571428572,0.15,0,out_of_energy,0,0,1,0,96,5,0,0,0,47,0.04218610037118014,0.32978171237134773,0.0,0.0,0.99,8,linear
q_learning,sparse_eps-linear_seed1,sparse,1,4a77b6e251,1495,225,-11.250000000000025,-9.550000000000018,0.3236904761904762,0.15,0,out_of_energy,0,0,1,0,110,20,0,0,0,35,0.04460697078531275,0.37375038179684633,0.0,0.0,0.99,8,linear
q_learning,sparse_eps-linear_seed1,sparse,1,4a77b6e251,1496,225,-11.250000000000025,-9.550000000000018,0.3232380952380953,0.15,0,out_of_energy,0,0,1,0,88,5,0,0,0,51,0.042478978261115644,0.440827446224262,0.0,0.0,0.99,8,linear
q_learning,sparse_eps-linear_seed1,sparse,1,4a77b6e251,1497,225,-1.2499999999999822,-9.450000000000019,0.32278571428571434,0.15,0,out_of_energy,0,0,1,0,94,26,0,0,1,51,0.10715080239387138,3.5040837181924425,0.0,0.0,0.99,8,linear
q_learning,sparse_eps-linear_seed1,sparse,1,4a77b6e251,1498,225,-1.2499999999999822,-9.35000000000002,0.32233333333333336,0.15,0,out_of_energy,0,0,1,0,88,10,0,0,1,43,0.13454286356104272,4.599754211514959,0.0,0.0,0.99,8,linear
q_learning,sparse_eps-linear_seed1,sparse,1,4a77b6e251,1499,225,-11.250000000000025,-9.450000000000019,0.3218809523809525,0.15,0,out_of_energy,0,0,1,0,101,4,0,0,0,46,0.042110094097417505,0.3231876746319066,0.0,0.0,0.99,8,linear
q_learning,sparse_eps-linear_seed1,sparse,1,4a77b6e251,1500,225,-11.250000000000025,-9.55000000000002,0.3214285714285714,0.15,0,out_of_energy,0,0,1,0,107,12,0,0,0,46,0.04318626219933218,0.3905583422443029,0.0,0.0,0.99,8,linear
q_learning,sparse_eps-linear_seed1,sparse,1,4a77b6e251,1501,225,-11.250000000000025,-9.65000000000002,0.3209761904761905,0.15,0,out_of_energy,0,0,1,0,106,7,0,0,0,50,0.04198895912192077,0.34256599821647205,0.0,0.0,0.99,8,linear
q_learning,sparse_eps-linear_seed1,sparse,1,4a77b6e251,1502,225,-11.250000000000025,-9.65000000000002,0.32052380952380954,0.15,0,out_of_energy,0,0,1,0,97,16,4,0,0,44,0.045175761440878495,0.4046293280548067,0.0,0.0,0.99,8,linear
q_learning,sparse_eps-linear_seed1,sparse,1,4a77b6e251,1503,225,-11.250000000000025,-9.75000000000002,0.32007142857142856,0.15,0,out_of_energy,0,0,1,0,96,14,0,0,0,55,0.044920675228542956,0.4173940594805554,0.0,0.0,0.99,8,linear
q_learning,sparse_eps-linear_seed1,sparse,1,4a77b6e251,1504,225,-11.250000000000025,-9.750000000000021,0.3196190476190477,0.15,0,out_of_energy,0,0,1,0,97,12,0,0,0,42,0.042186522718024116,0.24609554548360468,0.0,0.0,0.99,8,linear
q_learning,sparse_eps-linear_seed1,sparse,1,4a77b6e251,1505,225,-11.250000000000025,-9.850000000000021,0.3191666666666667,0.15,0,out_of_energy,0,0,1,0,96,39,0,0,0,54,0.0463052925227425,0.4683533314223942,0.0,0.0,0.99,8,linear
q_learning,sparse_eps-linear_seed1,sparse,1,4a77b6e251,1506,225,-11.250000000000025,-9.850000000000021,0.3187142857142857,0.15,0,out_of_energy,0,0,1,0,87,27,2,0,0,58,0.04620392375152479,0.5005126080842295,0.0,0.0,0.99,8,linear
q_learning,sparse_eps-linear_seed1,sparse,1,4a77b6e251,1507,225,-11.250000000000025,-9.850000000000021,0.31826190476190486,0.15,0,out_of_energy,0,0,1,0,84,10,2,0,0,47,0.04559549830298967,0.45382291762355154,0.0,0.0,0.99,8,linear
q_learning,sparse_eps-linear_seed1,sparse,1,4a77b6e251,1508,225,-1.2499999999999822,-9.750000000000021,0.31780952380952376,0.15,0,out_of_energy,0,0,1,0,106,10,0,0,1,57,0.13616085206035078,6.5947415685285975,0.0,0.0,0.99,8,linear
q_learning,sparse_eps-linear_seed1,sparse,1,4a77b6e251,1509,225,-11.250000000000025,-9.750000000000021,0.3173571428571429,0.15,0,out_of_energy,0,0,1,0,86,9,0,0,0,44,0.04463118985319527,0.48506104360324653,0.0,0.0,0.99,8,linear
q_learning,sparse_eps-linear_seed1,sparse,1,4a77b6e251,1510,225,-11.250000000000025,-9.750000000000021,0.3169047619047619,0.15,0,out_of_energy,0,0,1,0,94,20,0,0,0,39,0.04231014668037828,0.5152328380516039,0.0,0.0,0.99,8,linear
q_learning,sparse_eps-linear_seed1,sparse,1,4a77b6e251,1511,225,-11.250000000000025,-9.850000000000021,0.31645238095238093,0.15,0,out_of_energy,0,0,1,0,102,13,0,0,0,30,0.04151346758840093,0.37664897573048667,0.0,0.0,0.99,8,linear
q_learning,sparse_eps-linear_seed1,sparse,1,4a77b6e251,1512,225,-11.250000000000025,-9.850000000000021,0.31600000000000006,0.15,0,out_of_energy,0,0,1,0,83,7,0,0,0,53,0.04219040554872234,0.36345424986309743,0.0,0.0,0.99,8,linear
q_learning,sparse_eps-linear_seed1,sparse,1,4a77b6e251,1513,225,-11.250000000000025,-9.95000000000002,0.3155476190476191,0.15,0,out_of_energy,0,0,1,0,78,6,0,0,0,44,0.04196812276029271,0.3746152888652192,0.0,0.0,0.99,8,linear
q_learning,sparse_eps-linear_seed1,sparse,1,4a77b6e251,1514,225,-11.250000000000025,-9.95000000000002,0.3150952380952382,0.15,0,out_of_energy,0,0,1,0,105,14,0,0,0,54,0.043248114942753754,0.36528996987258094,0.0,0.0,0.99,8,linear
q_learning,sparse_eps-linear_seed1,sparse,1,4a77b6e251,1515,225,-11.250000000000025,-9.95000000000002,0.3146428571428572,0.15,0,out_of_energy,0,0,1,0,90,12,0,0,0,43,0.04263355739645798,0.3466445397998427,0.0,0.0,0.99,8,linear
q_learning,sparse_eps-linear_seed1,sparse,1,4a77b6e251,1516,225,-1.2499999999999925,-9.850000000000021,0.31419047619047624,0.15,0,out_of_energy,0,0,1,0,96,13,0,0,1,45,0.1202204193046259,5.338516770451958,0.0,0.0,0.99,8,linear
q_learning,sparse_eps-linear_seed1,sparse,1,4a77b6e251,1517,225,-1.2499999999999822,-9.850000000000021,0.31373809523809526,0.15,0,out_of_energy,0,0,1,0,93,4,0,0,1,36,0.12549720985322488,6.1623903285244825,0.0,0.0,0.99,8,linear
q_learning,sparse_eps-linear_seed1,sparse,1,4a77b6e251,1518,225,-11.250000000000025,-9.850000000000021,0.3132857142857143,0.15,0,out_of_energy,0,0,1,0,84,11,3,0,0,50,0.04442395273563603,0.449984260354107,0.0,0.0,0.99,8,linear
q_learning,sparse_eps-linear_seed1,sparse,1,4a77b6e251,1519,225,-1.2499999999999822,-9.750000000000021,0.3128333333333333,0.15,0,out_of_energy,0,0,1,0,89,14,0,0,1,42,0.08840338244355736,4.248237442046055,0.0,0.0,0.99,8,linear
q_learning,sparse_eps-linear_seed1,sparse,1,4a77b6e251,1520,225,-1.2499999999999822,-9.65000000000002,0.3123809523809524,0.15,0,out_of_energy,0,0,1,0,88,8,0,0,1,45,0.12384209952726426,4.5860538481769435,0.0,0.0,0.99,8,linear
q_learning,sparse_eps-linear_seed1,sparse,1,4a77b6e251,1521,225,-11.250000000000025,-9.65000000000002,0.31192857142857144,0.15,0,out_of_energy,0,0,1,0,79,3,1,0,0,42,0.042207848868814984,0.4420900933694082,0.0,0.0,0.99,8,linear
q_learning,sparse_eps-linear_seed1,sparse,1,4a77b6e251,1522,225,-1.2499999999999822,-9.55000000000002,0.3114761904761906,0.15,0,out_of_energy,0,0,1,0,93,11,0,0,1,42,0.12990714685661137,2.3415056346170298,0.0,0.0,0.99,8,linear
q_learning,sparse_eps-linear_seed1,sparse,1,4a77b6e251,1523,225,-11.250000000000025,-9.55000000000002,0.3110238095238096,0.15,0,out_of_energy,0,0,1,0,104,13,0,0,0,42,0.04493932124088775,0.4284519502463447,0.0,0.0,0.99,8,linear
q_learning,sparse_eps-linear_seed1,sparse,1,4a77b6e251,1524,225,-1.2499999999999822,-9.45000000000002,0.3105714285714286,0.15,0,out_of_energy,0,0,1,0,97,14,0,0,1,42,0.13338186482253164,4.323026117235678,0.0,0.0,0.99,8,linear
q_learning,sparse_eps-linear_seed1,sparse,1,4a77b6e251,1525,225,-1.2499999999999822,-9.350000000000021,0.3101190476190476,0.15,0,out_of_energy,0,0,1,0,107,6,0,0,1,44,0.186930884025513,8.388243398368843,0.0,0.0,0.99,8,linear
q_learning,sparse_eps-linear_seed1,sparse,1,4a77b6e251,1526,225,-11.250000000000025,-9.35000000000002,0.30966666666666665,0.15,0,out_of_energy,0,0,1,0,85,17,0,0,0,38,0.04255398403478816,0.37275917465091285,0.0,0.0,0.99,8,linear
q_learning,sparse_eps-linear_seed1,sparse,1,4a77b6e251,1527,225,-1.2499999999999822,-9.250000000000018,0.3092142857142858,0.15,0,out_of_energy,0,0,1,0,99,10,0,0,1,42,0.12289664831854039,3.869689393666711,0.0,0.0,0.99,8,linear
q_learning,sparse_eps-linear_seed1,sparse,1,4a77b6e251,1528,225,-11.250000000000025,-9.250000000000018,0.3087619047619048,0.15,0,out_of_energy,0,0,1,0,100,16,0,0,0,44,0.04234601781927722,0.3076753875060405,0.0,0.0,0.99,8,linear
q_learning,sparse_eps-linear_seed1,sparse,1,4a77b6e251,1529,225,-1.2499999999999822,-9.150000000000018,0.3083095238095238,0.15,0,out_of_energy,0,0,1,0,91,17,0,0,1,49,0.11338805487492269,3.35191977491802,0.0,0.0,0.99,8,linear
q_learning,sparse_eps-linear_seed1,sparse,1,4a77b6e251,1530,225,-1.2499999999999822,-9.050000000000018,0.30785714285714294,0.15,0,out_of_energy,0,0,1,0,97,9,0,0,1,47,0.11026715036396635,5.519036686359054,0.0,0.0,0.99,8,linear
q_learning,sparse_eps-linear_seed1,sparse,1,4a77b6e251,1531,225,-11.250000000000025,-9.050000000000018,0.30740476190476196,0.15,0,out_of_energy,0,0,1,0,106,3,0,0,0,43,0.04345945241972678,0.3780800020932551,0.0,0.0,0.99,8,linear
q_learning,sparse_eps-linear_seed1,sparse,1,4a77b6e251,1532,225,-1.2499999999999822,-9.050000000000018,0.306952380952381,0.15,0,out_of_energy,0,0,1,0,99,7,0,0,1,36,0.10757305852578751,3.5348469013514414,0.0,0.0,0.99,8,linear
q_learning,sparse_eps-linear_seed1,sparse,1,4a77b6e251,1533,225,-11.250000000000025,-9.050000000000018,0.3065,0.15,0,out_of_energy,0,0,1,0,91,15,1,0,0,43,0.044258599729156,0.504646780634371,0.0,0.0,0.99,8,linear
q_learning,sparse_eps-linear_seed1,sparse,1,4a77b6e251,1534,225,-11.250000000000025,-9.050000000000017,0.306047619047619,0.15,0,out_of_energy,0,0,1,0,87,19,3,0,0,47,0.044965340462073254,0.3447756685793923,0.0,0.0,0.99,8,linear
q_learning,sparse_eps-linear_seed1,sparse,1,4a77b6e251,1535,225,-1.2499999999999822,-8.950000000000019,0.30559523809523814,0.15,0,out_of_energy,0,0,1,0,104,6,0,0,1,46,0.10928547658418407,3.1075497323990064,0.0,0.0,0.99,8,linear
q_learning,sparse_eps-linear_seed1,sparse,1,4a77b6e251,1536,225,-1.2499999999999822,-8.850000000000017,0.30514285714285716,0.15,0,out_of_energy,0,0,1,0,115,7,0,0,1,43,0.11510459039026241,2.4971483168441124,0.0,0.0,0.99,8,linear
q_learning,sparse_eps-linear_seed1,sparse,1,4a77b6e251,1537,225,-11.250000000000025,-8.850000000000017,0.3046904761904762,0.15,0,out_of_energy,0,0,1,0,90,8,0,0,0,48,0.043431891377260425,0.3525728288323723,0.0,0.0,0.99,8,linear
q_learning,sparse_eps-linear_seed1,sparse,1,4a77b6e251,1538,225,-11.250000000000025,-8.850000000000016,0.3042380952380953,0.15,0,out_of_energy,0,0,1,0,100,6,0,0,0,47,0.04489465667865229,0.40206267389828826,0.0,0.0,0.99,8,linear
q_learning,sparse_eps-linear_seed1,sparse,1,4a77b6e251,1539,225,-1.2499999999999822,-8.750000000000016,0.3037857142857143,0.15,0,out_of_energy,0,0,1,0,106,9,0,0,1,37,0.124317187057282,7.331784435275403,0.0,0.0,0.99,8,linear
q_learning,sparse_eps-linear_seed1,sparse,1,4a77b6e251,1540,225,-1.2499999999999822,-8.650000000000016,0.30333333333333345,0.15,0,out_of_energy,0,0,1,0,97,8,0,0,1,53,0.0821123380417756,1.9185112498199666,0.0,0.0,0.99,8,linear
q_learning,sparse_eps-linear_seed1,sparse,1,4a77b6e251,1541,225,-1.2499999999999822,-8.550000000000017,0.3028809523809525,0.15,0,out_of_energy,0,0,1,0,92,11,0,0,1,47,0.15849906013830478,6.50853792757718,0.0,0.0,0.99,8,linear
q_learning,sparse_eps-linear_seed1,sparse,1,4a77b6e251,1542,225,-11.250000000000025,-8.550000000000017,0.3024285714285714,0.15,0,out_of_energy,0,0,1,0,96,13,0,0,0,52,0.04435911120075839,0.39170496000064947,0.0,0.0,0.99,8,linear
q_learning,sparse_eps-linear_seed1,sparse,1,4a77b6e251,1543,225,-1.2499999999999822,-8.550000000000017,0.3019761904761905,0.15,0,out_of_energy,0,0,1,0,99,17,0,0,1,50,0.13496632877884748,7.216333490590149,0.0,0.0,0.99,8,linear
q_learning,sparse_eps-linear_seed1,sparse,1,4a77b6e251,1544,225,-11.250000000000025,-8.550000000000017,0.3015238095238095,0.15,0,out_of_energy,0,0,1,0,88,8,0,0,0,42,0.04400529294370939,0.4265745362783301,0.0,0.0,0.99,8,linear
q_learning,sparse_eps-linear_seed1,sparse,1,4a77b6e251,1545,225,-1.2499999999999822,-8.450000000000015,0.30107142857142855,0.15,0,out_of_energy,0,0,1,0,97,14,0,0,1,45,0.10351834404762733,8.343441066827113,0.0,0.0,0.99,8,linear
q_learning,sparse_eps-linear_seed1,sparse,1,4a77b6e251,1546,225,-11.250000000000025,-8.550000000000017,0.3006190476190477,0.15,0,out_of_energy,0,0,1,0,100,33,0,0,0,38,0.044946690378481174,0.42100697702577394,0.0,0.0,0.99,8,linear
q_learning,sparse_eps-linear_seed1,sparse,1,4a77b6e251,1547,225,-11.250000000000025,-8.550000000000017,0.3001666666666667,0.15,0,out_of_energy,0,0,1,0,108,1,0,0,0,39,0.043039925221309484,0.39810834487101804,0.0,0.0,0.99,8,linear
q_learning,sparse_eps-linear_seed1,sparse,1,4a77b6e251,1548,225,-11.250000000000025,-8.550000000000017,0.2997142857142858,0.15,0,out_of_energy,0,0,1,0,104,1,0,0,0,37,0.04217448519373521,0.2756768402630957,0.0,0.0,0.99,8,linear
q_learning,sparse_eps-linear_seed1,sparse,1,4a77b6e251,1549,225,-11.250000000000025,-8.650000000000016,0.29926190476190484,0.15,0,out_of_energy,0,0,1,0,102,4,0,0,0,50,0.040513664922456824,0.1853612877037938,0.0,0.0,0.99,8,linear
q_learning,sparse_eps-linear_seed1,sparse,1,4a77b6e251,1550,225,-11.250000000000025,-8.750000000000016,0.29880952380952375,0.15,0,out_of_energy,0,0,1,0,119,17,0,0,0,48,0.0419839339644831,0.36038400598237175,0.0,0.0,0.99,8,linear
q_learning,sparse_eps-linear_seed1,sparse,1,4a77b6e251,1551,225,-11.250000000000025,-8.850000000000016,0.2983571428571429,0.15,0,out_of_energy,0,0,1,0,100,15,0,0,0,45,0.04321532607531203,0.37189978496800447,0.0,0.0,0.99,8,linear
q_learning,sparse_eps-linear_seed1,sparse,1,4a77b6e251,1552,225,-11.250000000000025,-8.850000000000016,0.2979047619047619,0.15,0,out_of_energy,0,0,1,0,106,1,0,0,0,50,0.04308336548305044,0.28058646446284147,0.0,0.0,0.99,8,linear
q_learning,sparse_eps-linear_seed1,sparse,1,4a77b6e251,1553,225,-11.250000000000025,-8.850000000000016,0.297452380952381,0.15,0,out_of_energy,0,0,1,0,100,18,2,0,0,46,0.04251040547944652,0.3983517311200201,0.0,0.0,0.99,8,linear
q_learning,sparse_eps-linear_seed1,sparse,1,4a77b6e251,1554,225,-11.250000000000025,-8.850000000000016,0.29700000000000004,0.15,0,out_of_energy,0,0,1,0,89,18,0,0,0,45,0.043716377904814016,0.3953814206902636,0.0,0.0,0.99,8,linear
q_learning,sparse_eps-linear_seed1,sparse,1,4a77b6e251,1555,225,-11.250000000000025,-8.850000000000016,0.29654761904761906,0.15,0,out_of_energy,0,0,1,0,107,2,0,0,0,35,0.042854176201578366,0.30774498610335743,0.0,0.0,0.99,8,linear
q_learning,sparse_eps-linear_seed1,sparse,1,4a77b6e251,1556,225,-11.250000000000025,-8.850000000000016,0.2960952380952382,0.15,0,out_of_energy,0,0,1,0,87,16,0,0,0,45,0.0440904636352073,0.46198452130238454,0.0,0.0,0.99,8,linear
q_learning,sparse_eps-linear_seed1,sparse,1,4a77b6e251,1557,225,-1.2499999999999822,-8.750000000000016,0.2956428571428572,0.15,0,out_of_energy,0,0,1,0,103,33,0,0,1,45,0.20130855824898755,7.316256560868733,0.0,0.0,0.99,8,linear
q_learning,sparse_eps-linear_seed1,sparse,1,4a77b6e251,1558,225,-11.250000000000025,-8.750000000000016,0.2951904761904762,0.15,0,out_of_energy,0,0,1,0,96,1,7,0,0,44,0.04501362646476322,0.5353389768838691,0.0,0.0,0.99,8,linear
q_learning,sparse_eps-linear_seed1,sparse,1,4a77b6e251,1559,225,-11.250000000000025,-8.750000000000016,0.29473809523809524,0.15,0,out_of_energy,0,0,1,0,88,26,0,0,0,50,0.04448058415653951,0.4077559236856081,0.0,0.0,0.99,8,linear
q_learning,sparse_eps-linear_seed1,sparse,1,4a77b6e251,1560,225,-11.250000000000025,-8.750000000000016,0.29428571428571426,0.15,0,out_of_energy,0,0,1,0,78,11,0,0,0,41,0.04551901396411741,0.41384043765240036,0.0,0.0,0.99,8,linear
q_learning,sparse_eps-linear_seed1,sparse,1,4a77b6e251,1561,225,-11.250000000000025,-8.750000000000016,0.2938333333333334,0.15,0,out_of_energy,0,0,1,0,92,22,0,0,0,36,0.043997280883519244,0.47176605401288474,0.0,0.0,0.99,8,linear
q_learning,sparse_eps-linear_seed1,sparse,1,4a77b6e251,1562,225,-11.250000000000025,-8.850000000000016,0.2933809523809524,0.15,0,out_of_energy,0,0,1,0,96,16,0,0,0,46,0.04453314980704765,0.4016178193921154,0.0,0.0,0.99,8,linear
q_learning,sparse_eps-linear_seed1,sparse,1,4a77b6e251,1563,225,-11.250000000000025,-8.850000000000016,0.2929285714285714,0.15,0,out_of_energy,0,0,1,0,84,12,4,0,0,42,0.04443388581213711,0.4440382755424871,0.0,0.0,0.99,8,linear
q_learning,sparse_eps-linear_seed1,sparse,1,4a77b6e251,1564,225,-11.250000000000025,-8.850000000000016,0.29247619047619056,0.15,0,out_of_energy,0,0,1,0,82,10,0,0,0,40,0.04357945521852495,0.3842796271441974,0.0,0.0,0.99,8,linear
q_learning,sparse_eps-linear_seed1,sparse,1,4a77b6e251,1565,225,-11.250000000000025,-8.850000000000016,0.2920238095238096,0.15,0,out_of_energy,0,0,1,0,109,39,0,0,0,57,0.04372709728526081,0.38980917910540164,0.0,0.0,0.99,8,linear
q_learning,sparse_eps-linear_seed1,sparse,1,4a77b6e251,1566,225,-11.250000000000025,-8.850000000000016,0.2915714285714287,0.15,0,out_of_energy,0,0,1,0,92,9,2,0,0,48,0.046524865960441183,0.3998734850056459,0.0,0.0,0.99,8,linear
q_learning,sparse_eps-linear_seed1,sparse,1,4a77b6e251,1567,225,-11.250000000000025,-8.850000000000016,0.2911190476190476,0.15,0,out_of_energy,0,0,1,0,96,37,0,0,0,48,0.04387793864880769,0.3568937635214121,0.0,0.0,0.99,8,linear
q_learning,sparse_eps-linear_seed1,sparse,1,4a77b6e251,1568,225,-11.250000000000025,-8.850000000000016,0.29066666666666663,0.15,0,out_of_energy,0,0,1,0,96,25,0,0,0,46,0.042677082054349315,0.36854331056894896,0.0,0.0,0.99,8,linear
q_learning,sparse_eps-linear_seed1,sparse,1,4a77b6e251,1569,225,-1.2499999999999822,-8.750000000000016,0.29021428571428576,0.15,0,out_of_energy,0,0,1,0,100,4,0,0,1,43,0.12229432734979102,2.949695588373201,0.0,0.0,0.99,8,linear
q_learning,sparse_eps-linear_seed1,sparse,1,4a77b6e251,1570,225,-11.250000000000025,-8.750000000000016,0.2897619047619048,0.15,0,out_of_energy,0,0,1,0,110,20,0,0,0,51,0.04509238196750646,0.41213064944706373,0.0,0.0,0.99,8,linear
q_learning,sparse_eps-linear_seed1,sparse,1,4a77b6e251,1571,225,-11.250000000000025,-8.750000000000016,0.2893095238095238,0.15,0,out_of_energy,0,0,1,0,90,3,0,0,0,43,0.04364554144863596,0.417918331356368,0.0,0.0,0.99,8,linear
q_learning,sparse_eps-linear_seed1,sparse,1,4a77b6e251,1572,225,-1.2499999999999822,-8.650000000000016,0.2888571428571429,0.15,0,out_of_energy,0,0,1,0,89,12,0,0,1,42,0.10396346693515725,4.870537072567491,0.0,0.0,0.99,8,linear
q_learning,sparse_eps-linear_seed1,sparse,1,4a77b6e251,1573,225,-11.250000000000025,-8.650000000000016,0.28840476190476194,0.15,0,out_of_energy,0,0,1,0,102,10,0,0,0,54,0.04301967938046034,0.34414397399730323,0.0,0.0,0.99,8,linear
q_learning,sparse_eps-linear_seed1,sparse,1,4a77b6e251,1574,225,-11.250000000000025,-8.650000000000016,0.28795238095238107,0.15,0,out_of_energy,0,0,1,0,100,12,0,0,0,46,0.04254646042703726,0.27547034078862515,0.0,0.0,0.99,8,linear
q_learning,sparse_eps-linear_seed1,sparse,1,4a77b6e251,1575,225,-11.250000000000025,-8.650000000000016,0.2875000000000001,0.15,0,out_of_energy,0,0,1,0,106,8,0,0,0,49,0.043113764768128525,0.40223813428970956,0.0,0.0,0.99,8,linear
q_learning,sparse_eps-linear_seed1,sparse,1,4a77b6e251,1576,225,-11.250000000000025,-8.650000000000015,0.287047619047619,0.15,0,out_of_energy,0,0,1,0,110,4,0,0,0,48,0.04279286380557107,0.37949755990104145,0.0,0.0,0.99,8,linear
q_learning,sparse_eps-linear_seed1,sparse,1,4a77b6e251,1577,225,-11.250000000000025,-8.650000000000016,0.2865952380952381,0.15,0,out_of_energy,0,0,1,0,95,28,0,0,0,36,0.04753316013549868,0.5562591831281853,0.0,0.0,0.99,8,linear
q_learning,sparse_eps-linear_seed1,sparse,1,4a77b6e251,1578,225,-11.250000000000025,-8.650000000000015,0.28614285714285714,0.15,0,out_of_energy,0,0,1,0,89,7,0,0,0,40,0.04272634458431253,0.2557596465463132,0.0,0.0,0.99,8,linear
q_learning,sparse_eps-linear_seed1,sparse,1,4a77b6e251,1579,225,-11.250000000000025,-8.650000000000016,0.2856904761904763,0.15,0,out_of_energy,0,0,1,0,94,3,0,0,0,34,0.043436508591804486,0.4156487734980398,0.0,0.0,0.99,8,linear
q_learning,sparse_eps-linear_seed1,sparse,1,4a77b6e251,1580,225,-11.250000000000025,-8.650000000000015,0.2852380952380953,0.15,0,out_of_energy,0,0,1,0,109,0,0,0,0,42,0.04355019086861789,0.40607248124987344,0.0,0.0,0.99,8,linear
q_learning,sparse_eps-linear_seed1,sparse,1,4a77b6e251,1581,225,-1.250000000000009,-8.550000000000017,0.2847857142857143,0.15,0,out_of_energy,0,0,1,0,100,9,0,0,1,31,0.08752082266343043,4.001143025856058,0.0,0.0,0.99,8,linear
q_learning,sparse_eps-linear_seed1,sparse,1,4a77b6e251,1582,225,-11.250000000000025,-8.550000000000015,0.28433333333333344,0.15,0,out_of_energy,0,0,1,0,102,15,0,0,0,46,0.04379334827924723,0.3938747597720361,0.0,0.0,0.99,8,linear
q_learning,sparse_eps-linear_seed1,sparse,1,4a77b6e251,1583,225,-1.2499999999999822,-8.450000000000015,0.28388095238095246,0.15,0,out_of_energy,0,0,1,0,109,18,0,0,1,40,0.13997006682223295,6.7677258732809245,0.0,0.0,0.99,8,linear
q_learning,sparse_eps-linear_seed1,sparse,1,4a77b6e251,1584,225,-1.2499999999999822,-8.350000000000016,0.28342857142857136,0.15,0,out_of_energy,0,0,1,0,99,17,0,0,1,50,0.16489652169065608,5.879649340835493,0.0,0.0,0.99,8,linear
q_learning,sparse_eps-linear_seed1,sparse,1,4a77b6e251,1585,225,-1.2499999999999822,-8.350000000000016,0.2829761904761905,0.15,0,out_of_energy,0,0,1,0,110,18,0,0,1,46,0.17011098005511088,6.015928156130273,0.0,0.0,0.99,8,linear
q_learning,sparse_eps-linear_seed1,sparse,1,4a77b6e251,1586,225,-11.250000000000025,-8.450000000000015,0.2825238095238095,0.15,0,out_of_energy,0,0,1,0,88,6,0,0,0,41,0.043218556075616844,0.3736497786740476,0.0,0.0,0.99,8,linear
q_learning,sparse_eps-linear_seed1,sparse,1,4a77b6e251,1587,225,-11.250000000000025,-8.450000000000015,0.28207142857142864,0.15,0,out_of_energy,0,0,1,0,103,15,0,0,0,42,0.047163957226777985,0.45128886999213136,0.0,0.0,0.99,8,linear
q_learning,sparse_eps-linear_seed1,sparse,1,4a77b6e251,1588,225,-11.250000000000025,-8.450000000000015,0.28161904761904766,0.15,0,out_of_energy,0,0,1,0,106,13,0,0,0,51,0.04370776528177351,0.3728818434775817,0.0,0.0,0.99,8,linear
q_learning,sparse_eps-linear_seed1,sparse,1,4a77b6e251,1589,225,-11.250000000000025,-8.450000000000014,0.2811666666666667,0.15,0,out_of_energy,0,0,1,0,90,20,2,0,0,40,0.04451694311563839,0.47667711127446455,0.0,0.0,0.99,8,linear
q_learning,sparse_eps-linear_seed1,sparse,1,4a77b6e251,1590,225,-11.250000000000025,-8.450000000000014,0.2807142857142858,0.15,0,out_of_energy,0,0,1,0,105,13,0,0,0,55,0.04556194696049823,0.5043215047210281,0.0,0.0,0.99,8,linear
q_learning,sparse_eps-linear_seed1,sparse,1,4a77b6e251,1591,225,-11.250000000000025,-8.450000000000015,0.2802619047619048,0.15,0,out_of_energy,0,0,1,0,86,5,0,0,0,48,0.04485899629842775,0.4153035896493168,0.0,0.0,0.99,8,linear
q_learning,sparse_eps-linear_seed1,sparse,1,4a77b6e251,1592,225,-11.250000000000025,-8.450000000000014,0.27980952380952384,0.15,0,out_of_energy,0,0,1,0,83,25,0,0,0,37,0.04439200396747797,0.42844025805070113,0.0,0.0,0.99,8,linear
q_learning,sparse_eps-linear_seed1,sparse,1,4a77b6e251,1593,225,-11.250000000000025,-8.450000000000014,0.27935714285714286,0.15,0,out_of_energy,0,0,1,0,93,22,0,0,0,41,0.04317511668948891,0.36641378459716356,0.0,0.0,0.99,8,linear
q_learning,sparse_eps-linear_seed1,sparse,1,4a77b6e251,1594,225,-11.250000000000025,-8.450000000000014,0.2789047619047619,0.15,0,out_of_energy,0,0,1,0,101,1,5,0,0,52,0.04615956565475935,0.5795261223138416,0.0,0.0,0.99,8,linear
q_learning,sparse_eps-linear_seed1,sparse,1,4a77b6e251,1595,225,-11.250000000000025,-8.450000000000014,0.278452380952381,0.15,0,out_of_energy,0,0,1,0,82,0,0,0,0,47,0.04364908623293485,0.4246296065874157,0.0,0.0,0.99,8,linear
q_learning,sparse_eps-linear_seed1,sparse,1,4a77b6e251,1596,225,-11.250000000000025,-8.450000000000014,0.278,0.15,0,out_of_energy,0,0,1,0,100,9,0,0,0,52,0.04540743174041124,0.47043526911866945,0.0,0.0,0.99,8,linear
q_learning,sparse_eps-linear_seed1,sparse,1,4a77b6e251,1597,225,-11.250000000000025,-8.550000000000013,0.27754761904761904,0.15,0,out_of_energy,0,0,1,0,111,1,0,0,0,47,0.04332418043907637,0.37872940071639083,0.0,0.0,0.99,8,linear
q_learning,sparse_eps-linear_seed1,sparse,1,4a77b6e251,1598,225,-11.250000000000025,-8.650000000000015,0.27709523809523817,0.15,0,out_of_energy,0,0,1,0,89,10,0,0,0,46,0.042680745477477355,0.32843998711004163,0.0,0.0,0.99,8,linear
q_learning,sparse_eps-linear_seed1,sparse,1,4a77b6e251,1599,225,-11.250000000000025,-8.650000000000015,0.2766428571428572,0.15,0,out_of_energy,0,0,1,0,85,4,0,0,0,44,0.04467461136148793,0.37959842164832797,0.0,0.0,0.99,8,linear
q_learning,sparse_eps-linear_seed1,sparse,1,4a77b6e251,1600,225,-1.2499999999999822,-8.550000000000015,0.2761904761904763,0.15,0,out_of_energy,0,0,1,0,100,13,0,0,1,49,0.15129670597763603,7.568014113042559,0.0,0.0,0.99,8,linear
q_learning,sparse_eps-linear_seed1,sparse,1,4a77b6e251,1601,225,-1.2499999999999822,-8.450000000000014,0.2757380952380952,0.15,0,out_of_energy,0,0,1,0,95,24,0,0,1,53,0.09176493046987552,4.483386143538814,0.0,0.0,0.99,8,linear
q_learning,sparse_eps-linear_seed1,sparse,1,4a77b6e251,1602,225,-1.2499999999999822,-8.350000000000016,0.27528571428571424,0.15,0,out_of_energy,0,0,1,0,102,11,0,0,1,40,0.1759655098518345,6.001165902860172,0.0,0.0,0.99,8,linear
q_learning,sparse_eps-linear_seed1,sparse,1,4a77b6e251,1603,225,-11.250000000000025,-8.350000000000014,0.2748333333333334,0.15,0,out_of_energy,0,0,1,0,93,9,0,0,0,43,0.04291337187224891,0.24065791935243308,0.0,0.0,0.99,8,linear
q_learning,sparse_eps-linear_seed1,sparse,1,4a77b6e251,1604,225,-1.2499999999999822,-8.250000000000014,0.2743809523809524,0.15,0,out_of_energy,0,0,1,0,95,12,0,0,1,38,0.1657344789535336,8.095689831841375,0.0,0.0,0.99,8,linear
q_learning,sparse_eps-linear_seed1,sparse,1,4a77b6e251,1605,225,-11.250000000000025,-8.250000000000014,0.2739285714285715,0.15,0,out_of_energy,0,0,1,0,104,15,0,0,0,51,0.04540110313482965,0.3883693217175715,0.0,0.0,0.99,8,linear
q_learning,sparse_eps-linear_seed1,sparse,1,4a77b6e251,1606,225,-11.250000000000025,-8.250000000000014,0.27347619047619054,0.15,0,out_of_energy,0,0,1,0,95,7,3,0,0,37,0.04445289045170138,0.42008878116622345,0.0,0.0,0.99,8,linear
q_learning,sparse_eps-linear_seed1,sparse,1,4a77b6e251,1607,225,-11.250000000000025,-8.250000000000014,0.27302380952380956,0.15,0,out_of_energy,0,0,1,0,88,14,7,0,0,40,0.04406953997471451,0.4248676479508206,0.0,0.0,0.99,8,linear
q_learning,sparse_eps-linear_seed1,sparse,1,4a77b6e251,1608,225,-11.250000000000025,-8.350000000000014,0.2725714285714287,0.15,0,out_of_energy,0,0,1,0,98,6,0,0,0,39,0.045728646040025654,0.43707003858925053,0.0,0.0,0.99,8,linear
q_learning,sparse_eps-linear_seed1,sparse,1,4a77b6e251,1609,225,-11.250000000000025,-8.350000000000014,0.2721190476190476,0.15,0,out_of_energy,0,0,1,0,90,27,1,0,0,42,0.04356265339596195,0.40409585857004254,0.0,0.0,0.99,8,linear
q_learning,sparse_eps-linear_seed1,sparse,1,4a77b6e251,1610,225,-11.250000000000025,-8.350000000000014,0.2716666666666666,0.15,0,out_of_energy,0,0,1,0,98,9,0,0,0,49,0.04606926537386694,0.5236385687663393,0.0,0.0,0.99,8,linear
q_learning,sparse_eps-linear_seed1,sparse,1,4a77b6e251,1611,225,-11.250000000000025,-8.350000000000014,0.27121428571428574,0.15,0,out_of_energy,0,0,1,0,86,17,0,0,0,44,0.0434012753262343,0.48903656264722256,0.0,0.0,0.99,8,linear
q_learning,sparse_eps-linear_seed1,sparse,1,4a77b6e251,1612,225,-11.250000000000025,-8.350000000000014,0.27076190476190476,0.15,0,out_of_energy,0,0,1,0,81,3,0,0,0,43,0.04347871183438814,0.41055904270683996,0.0,0.0,0.99,8,linear
q_learning,sparse_eps-linear_seed1,sparse,1,4a77b6e251,1613,225,-11.250000000000025,-8.350000000000014,0.2703095238095239,0.15,0,out_of_energy,0,0,1,0,101,15,0,0,0,34,0.04465334190705333,0.5083004872867912,0.0,0.0,0.99,8,linear
q_learning,sparse_eps-linear_seed1,sparse,1,4a77b6e251,1614,225,-11.250000000000025,-8.350000000000014,0.2698571428571429,0.15,0,out_of_energy,0,0,1,0,74,23,2,0,0,46,0.0452623098210201,0.5192157442210765,0.0,0.0,0.99,8,linear
q_learning,sparse_eps-linear_seed1,sparse,1,4a77b6e251,1615,225,-1.2499999999999822,-8.250000000000014,0.2694047619047619,0.15,0,out_of_energy,0,0,1,0,94,6,0,0,1,56,0.1073414895962085,6.843497586411274,0.0,0.0,0.99,8,linear
q_learning,sparse_eps-linear_seed1,sparse,1,4a77b6e251,1616,225,-11.250000000000025,-8.350000000000014,0.26895238095238105,0.15,0,out_of_energy,0,0,1,0,104,23,0,0,0,39,0.04440815755720888,0.5120059015746873,0.0,0.0,0.99,8,linear
q_learning,sparse_eps-linear_seed1,sparse,1,4a77b6e251,1617,225,-11.250000000000025,-8.450000000000014,0.26850000000000007,0.15,0,out_of_energy,0,0,1,0,90,25,0,0,0,57,0.04298560517612782,0.36585231470380236,0.0,0.0,0.99,8,linear
q_learning,sparse_eps-linear_seed1,sparse,1,4a77b6e251,1618,225,-11.250000000000025,-8.450000000000014,0.2680476190476191,0.15,0,out_of_energy,0,0,1,0,86,16,0,0,0,44,0.044005097540559014,0.43584544440857836,0.0,0.0,0.99,8,linear
q_learning,sparse_eps-linear_seed1,sparse,1,4a77b6e251,1619,225,-11.250000000000025,-8.550000000000015,0.2675952380952381,0.15,0,out_of_energy,0,0,1,0,81,18,3,0,0,56,0.045166748402595124,0.41734476974010487,0.0,0.0,0.99,8,linear
q_learning,sparse_eps-linear_seed1,sparse,1,4a77b6e251,1620,225,-11.250000000000025,-8.650000000000013,0.2671428571428571,0.15,0,out_of_energy,0,0,1,0,100,8,0,0,0,53,0.04470095063701881,0.49096147249796046,0.0,0.0,0.99,8,linear
q_learning,sparse_eps-linear_seed1,sparse,1,4a77b6e251,1621,225,-11.250000000000025,-8.650000000000013,0.26669047619047626,0.15,0,out_of_energy,0,0,1,0,86,10,0,0,0,45,0.04486625076750029,0.4787289489611962,0.0,0.0,0.99,8,linear
q_learning,sparse_eps-linear_seed1,sparse,1,4a77b6e251,1622,225,-11.250000000000025,-8.750000000000014,0.2662380952380953,0.15,0,out_of_energy,0,0,1,0,90,10,0,0,0,49,0.04323417499991587,0.35627050507300473,0.0,0.0,0.99,8,linear
q_learning,sparse_eps-linear_seed1,sparse,1,4a77b6e251,1623,225,-11.250000000000025,-8.750000000000014,0.2657857142857143,0.15,0,out_of_energy,0,0,1,0,99,16,0,0,0,50,0.044657913510009646,0.4453843661189379,0.0,0.0,0.99,8,linear
q_learning,sparse_eps-linear_seed1,sparse,1,4a77b6e251,1624,225,-11.250000000000025,-8.850000000000016,0.2653333333333334,0.15,0,out_of_energy,0,0,1,0,90,23,0,0,0,47,0.045099417092579266,0.4177886382787692,0.0,0.0,0.99,8,linear
q_learning,sparse_eps-linear_seed1,sparse,1,4a77b6e251,1625,225,-11.250000000000025,-8.950000000000015,0.26488095238095244,0.15,0,out_of_energy,0,0,1,0,87,16,0,0,0,51,0.04544745356091727,0.47887300441468594,0.0,0.0,0.99,8,linear
q_learning,sparse_eps-linear_seed1,sparse,1,4a77b6e251,1626,225,-11.250000000000025,-8.950000000000015,0.26442857142857146,0.15,0,out_of_energy,0,0,1,0,93,12,0,0,0,48,0.04481801861752672,0.46308101136978363,0.0,0.0,0.99,8,linear
q_learning,sparse_eps-linear_seed1,sparse,1,4a77b6e251,1627,225,-11.250000000000025,-9.050000000000017,0.2639761904761905,0.15,0,out_of_energy,0,0,1,0,118,9,0,0,0,41,0.042869160567862566,0.3681329553493889,0.0,0.0,0.99,8,linear
q_learning,sparse_eps-linear_seed1,sparse,1,4a77b6e251,1628,225,-11.250000000000025,-9.050000000000017,0.2635238095238095,0.15,0,out_of_energy,0,0,1,0,99,7,0,0,0,41,0.043787360767378464,0.45927048250984426,0.0,0.0,0.99,8,linear
q_learning,sparse_eps-linear_seed1,sparse,1,4a77b6e251,1629,225,-11.250000000000025,-9.150000000000016,0.2630714285714286,0.15,0,out_of_energy,0,0,1,0,90,7,2,0,0,45,0.04319769737288793,0.3728857338688351,0.0,0.0,0.99,8,linear
q_learning,sparse_eps-linear_seed1,sparse,1,4a77b6e251,1630,225,-11.250000000000025,-9.250000000000018,0.26261904761904764,0.15,0,out_of_energy,0,0,1,0,94,19,0,0,0,49,0.04330267608525889,0.48545547603618694,0.0,0.0,0.99,8,linear
q_learning,sparse_eps-linear_seed1,sparse,1,4a77b6e251,1631,225,-11.250000000000025,-9.250000000000018,0.26216666666666677,0.15,0,out_of_energy,0,0,1,0,103,8,0,0,0,47,0.04277941213091948,0.29934327528972776,0.0,0.0,0.99,8,linear
q_learning,sparse_eps-linear_seed1,sparse,1,4a77b6e251,1632,225,-1.2499999999999822,-9.250000000000018,0.2617142857142858,0.15,0,out_of_energy,0,0,1,0,103,12,0,0,1,46,0.10010294025598153,4.108998409048484,0.0,0.0,0.99,8,linear
q_learning,sparse_eps-linear_seed1,sparse,1,4a77b6e251,1633,225,-11.250000000000025,-9.250000000000018,0.2612619047619048,0.15,0,out_of_energy,0,0,1,0,119,1,0,0,0,40,0.04273050181793266,0.2157799584169049,0.0,0.0,0.99,8,linear
q_learning,sparse_eps-linear_seed1,sparse,1,4a77b6e251,1634,225,-11.250000000000025,-9.250000000000018,0.2608095238095238,0.15,0,out_of_energy,0,0,1,0,84,21,0,0,0,50,0.04376020506174375,0.4035996539846823,0.0,0.0,0.99,8,linear
q_learning,sparse_eps-linear_seed1,sparse,1,4a77b6e251,1635,225,-11.250000000000025,-9.350000000000017,0.26035714285714284,0.15,0,out_of_energy,0,0,1,0,78,10,0,0,0,45,0.044377569090871836,0.412203984407913,0.0,0.0,0.99,8,linear
q_learning,sparse_eps-linear_seed1,sparse,1,4a77b6e251,1636,225,-1.2500000000000062,-9.350000000000017,0.25990476190476186,0.15,0,out_of_energy,0,0,1,0,106,7,0,0,1,58,0.16657712852164272,5.168704863956565,0.0,0.0,0.99,8,linear
q_learning,sparse_eps-linear_seed1,sparse,1,4a77b6e251,1637,225,-11.250000000000025,-9.350000000000017,0.259452380952381,0.15,0,out_of_energy,0,0,1,0,95,7,0,0,0,56,0.04299259786368318,0.37477933676381936,0.0,0.0,0.99,8,linear
q_learning,sparse_eps-linear_seed1,sparse,1,4a77b6e251,1638,225,-11.250000000000025,-9.350000000000017,0.259,0.15,0,out_of_energy,0,0,1,0,109,10,0,0,0,50,0.043178674802996767,0.267382781655751,0.0,0.0,0.99,8,linear
q_learning,sparse_eps-linear_seed1,sparse,1,4a77b6e251,1639,225,-11.250000000000025,-9.450000000000019,0.25854761904761914,0.15,0,out_of_energy,0,0,1,0,95,8,0,0,0,39,0.04454824148586247,0.388804079699615,0.0,0.0,0.99,8,linear
q_learning,sparse_eps-linear_seed1,sparse,1,4a77b6e251,1640,225,-11.250000000000025,-9.550000000000018,0.25809523809523816,0.15,0,out_of_energy,0,0,1,0,103,17,0,0,0,39,0.0428643246473068,0.3653871691741036,0.0,0.0,0.99,8,linear
q_learning,sparse_eps-linear_seed1,sparse,1,4a77b6e251,1641,225,-11.250000000000025,-9.650000000000018,0.2576428571428572,0.15,0,out_of_energy,0,0,1,0,97,10,0,0,0,44,0.044365012308297536,0.4692566457697639,0.0,0.0,0.99,8,linear
q_learning,sparse_eps-linear_seed1,sparse,1,4a77b6e251,1642,225,-11.250000000000025,-9.65000000000002,0.2571904761904763,0.15,0,out_of_energy,0,0,1,0,91,12,1,0,0,42,0.044573492418443675,0.47689437727172035,0.0,0.0,0.99,8,linear
q_learning,sparse_eps-linear_seed1,sparse,1,4a77b6e251,1643,225,-11.250000000000025,-9.75000000000002,0.2567380952380952,0.15,0,out_of_energy,0,0,1,0,100,12,0,0,0,42,0.0432549486828465,0.29268918659240234,0.0,0.0,0.99,8,linear
q_learning,sparse_eps-linear_seed1,sparse,1,4a77b6e251,1644,225,-11.250000000000025,-9.750000000000021,0.25628571428571434,0.15,0,out_of_energy,0,0,1,0,93,10,0,0,0,37,0.04549711210314689,0.40846896643234376,0.0,0.0,0.99,8,linear
q_learning,sparse_eps-linear_seed1,sparse,1,4a77b6e251,1645,225,-1.2499999999999822,-9.750000000000021,0.25583333333333336,0.15,0,out_of_energy,0,0,1,0,99,13,0,0,1,34,0.13505578824617132,5.8982025522383585,0.0,0.0,0.99,8,linear
q_learning,sparse_eps-linear_seed1,sparse,1,4a77b6e251,1646,225,-11.250000000000025,-9.750000000000021,0.2553809523809524,0.15,0,out_of_energy,0,0,1,0,87,9,0,0,0,36,0.04469697944573714,0.3993615411085565,0.0,0.0,0.99,8,linear
q_learning,sparse_eps-linear_seed1,sparse,1,4a77b6e251,1647,225,-1.2499999999999822,-9.65000000000002,0.2549285714285715,0.15,0,out_of_energy,0,0,1,0,117,15,0,0,1,47,0.11543599600686584,7.505083884819825,0.0,0.0,0.99,8,linear
q_learning,sparse_eps-linear_seed1,sparse,1,4a77b6e251,1648,225,-11.250000000000025,-9.65000000000002,0.2544761904761905,0.15,0,out_of_energy,0,0,1,0,97,1,0,0,0,43,0.043514834811985266,0.4132384974671212,0.0,0.0,0.99,8,linear
q_learning,sparse_eps-linear_seed1,sparse,1,4a77b6e251,1649,225,-1.2499999999999822,-9.55000000000002,0.25402380952380954,0.15,0,out_of_energy,0,0,1,0,105,10,0,0,1,53,0.09094466430513674,2.1943032446028248,0.0,0.0,0.99,8,linear
q_learning,sparse_eps-linear_seed1,sparse,1,4a77b6e251,1650,225,-11.250000000000025,-9.550000000000018,0.25357142857142867,0.15,0,out_of_energy,0,0,1,0,97,16,0,0,0,43,0.04111014235964708,0.22781775169531893,0.0,0.0,0.99,8,linear
q_learning,sparse_eps-linear_seed1,sparse,1,4a77b6e251,1651,225,-1.2499999999999822,-9.450000000000019,0.2531190476190476,0.15,0,out_of_energy,0,0,1,0,106,24,0,0,1,42,0.15705413455000797,4.585641531827678,0.0,0.0,0.99,8,linear
q_learning,sparse_eps-linear_seed1,sparse,1,4a77b6e251,1652,225,-11.250000000000025,-9.450000000000019,0.2526666666666667,0.15,0,out_of_energy,0,0,1,0,97,17,0,0,0,41,0.04297614644518142,0.3449686708815141,0.0,0.0,0.99,8,linear
q_learning,sparse_eps-linear_seed1,sparse,1,4a77b6e251,1653,225,-11.250000000000025,-9.450000000000019,0.2522142857142857,0.15,0,out_of_energy,0,0,1,0,94,26,0,0,0,39,0.04490491765668818,0.42148579003371445,0.0,0.0,0.99,8,linear
q_learning,sparse_eps-linear_seed1,sparse,1,4a77b6e251,1654,225,-11.250000000000025,-9.450000000000019,0.25176190476190474,0.15,0,out_of_energy,0,0,1,0,133,2,0,0,0,51,0.04557599448131695,0.46851406702457393,0.0,0.0,0.99,8,linear
q_learning,sparse_eps-linear_seed1,sparse,1,4a77b6e251,1655,225,-11.250000000000025,-9.450000000000019,0.25130952380952387,0.15,0,out_of_energy,0,0,1,0,85,21,0,0,0,52,0.044959479240612076,0.42466174132431217,0.0,0.0,0.99,8,linear
q_learning,sparse_eps-linear_seed1,sparse,1,4a77b6e251,1656,225,-11.250000000000025,-9.450000000000019,0.2508571428571429,0.15,0,out_of_energy,0,0,1,0,76,6,0,0,0,47,0.04427269098620084,0.3978435417919216,0.0,0.0,0.99,8,linear
q_learning,sparse_eps-linear_seed1,sparse,1,4a77b6e251,1657,225,-11.250000000000025,-9.550000000000018,0.250404761904762,0.15,0,out_of_energy,0,0,1,0,117,6,0,0,0,44,0.042980523444637736,0.37264255995027673,0.0,0.0,0.99,8,linear
q_learning,sparse_eps-linear_seed1,sparse,1,4a77b6e251,1658,225,-11.250000000000025,-9.550000000000018,0.24995238095238104,0.15,0,out_of_energy,0,0,1,0,92,21,0,0,0,36,0.04382168647328519,0.445547784562321,0.0,0.0,0.99,8,linear
q_learning,sparse_eps-linear_seed1,sparse,1,4a77b6e251,1659,225,-1.2499999999999822,-9.450000000000019,0.24950000000000006,0.15,0,out_of_energy,0,0,1,0,94,14,0,0,1,44,0.17363773766483467,6.357251241033429,0.0,0.0,0.99,8,linear
q_learning,sparse_eps-linear_seed1,sparse,1,4a77b6e251,1660,225,-11.250000000000025,-9.450000000000019,0.24904761904761907,0.15,0,out_of_energy,0,0,1,0,94,22,0,0,0,46,0.04374506171843243,0.4321981634734594,0.0,0.0,0.99,8,linear
q_learning,sparse_eps-linear_seed1,sparse,1,4a77b6e251,1661,225,-1.2499999999999822,-9.350000000000017,0.2485952380952381,0.15,0,out_of_energy,0,0,1,0,115,21,0,0,1,52,0.0951575137406357,4.414308759642103,0.0,0.0,0.99,8,linear
q_learning,sparse_eps-linear_seed1,sparse,1,4a77b6e251,1662,225,-1.2499999999999822,-9.250000000000018,0.2481428571428571,0.15,0,out_of_energy,0,0,1,0,91,10,0,0,1,42,0.13399728700258393,3.8335502514617072,0.0,0.0,0.99,8,linear
q_learning,sparse_eps-linear_seed1,sparse,1,4a77b6e251,1663,225,-11.250000000000025,-9.250000000000018,0.24769047619047624,0.15,0,out_of_energy,0,0,1,0,103,9,0,0,0,44,0.041828642899559676,0.2885747981596215,0.0,0.0,0.99,8,linear
q_learning,sparse_eps-linear_seed1,sparse,1,4a77b6e251,1664,225,-11.250000000000025,-9.250000000000018,0.24723809523809526,0.15,0,out_of_energy,0,0,1,0,92,13,4,0,0,35,0.04421561598343854,0.44043296682273575,0.0,0.0,0.99,8,linear
q_learning,sparse_eps-linear_seed1,sparse,1,4a77b6e251,1665,225,-11.250000000000025,-9.250000000000018,0.24678571428571439,0.15,0,out_of_energy,0,0,1,0,90,16,0,0,0,60,0.04306755730758275,0.4567872970326214,0.0,0.0,0.99,8,linear
q_learning,sparse_eps-linear_seed1,sparse,1,4a77b6e251,1666,225,-11.250000000000025,-9.250000000000018,0.2463333333333334,0.15,0,out_of_energy,0,0,1,0,95,15,0,0,0,43,0.04246441634521032,0.19313068705209369,0.0,0.0,0.99,8,linear
q_learning,sparse_eps-linear_seed1,sparse,1,4a77b6e251,1667,225,-1.2499999999999822,-9.150000000000018,0.24588095238095242,0.15,0,out_of_energy,0,0,1,0,95,17,0,0,1,48,0.13912855892686285,3.895696752494782,0.0,0.0,0.99,8,linear
q_learning,sparse_eps-linear_seed1,sparse,1,4a77b6e251,1668,225,-1.2499999999999822,-9.050000000000018,0.24542857142857144,0.15,0,out_of_energy,0,0,1,0,106,22,0,0,1,41,0.11590133072196347,3.8417156612542787,0.0,0.0,0.99,8,linear
q_learning,sparse_eps-linear_seed1,sparse,1,4a77b6e251,1669,225,-11.250000000000025,-9.150000000000018,0.24497619047619046,0.15,0,out_of_energy,0,0,1,0,102,2,0,0,0,44,0.04377197495240422,0.41751218858644046,0.0,0.0,0.99,8,linear
q_learning,sparse_eps-linear_seed1,sparse,1,4a77b6e251,1670,225,-11.250000000000025,-9.150000000000018,0.2445238095238096,0.15,0,out_of_energy,0,0,1,0,101,14,0,0,0,39,0.04290067954122603,0.2606490277905243,0.0,0.0,0.99,8,linear
q_learning,sparse_eps-linear_seed1,sparse,1,4a77b6e251,1671,225,-1.2499999999999822,-9.050000000000018,0.2440714285714286,0.15,0,out_of_energy,0,0,1,0,105,28,0,0,1,50,0.1564853943635823,4.274617132898731,0.0,0.0,0.99,8,linear
q_learning,sparse_eps-linear_seed1,sparse,1,4a77b6e251,1672,225,-11.250000000000025,-9.150000000000018,0.24361904761904762,0.15,0,out_of_energy,0,0,1,0,88,13,0,0,0,42,0.04440495266020321,0.3818211399221938,0.0,0.0,0.99,8,linear
q_learning,sparse_eps-linear_seed1,sparse,1,4a77b6e251,1673,225,-11.250000000000025,-9.150000000000018,0.24316666666666675,0.15,0,out_of_energy,0,0,1,0,100,3,0,0,0,48,0.043706337468930594,0.365524707862824,0.0,0.0,0.99,8,linear
q_learning,sparse_eps-linear_seed1,sparse,1,4a77b6e251,1674,225,-11.250000000000025,-9.150000000000018,0.24271428571428577,0.15,0,out_of_energy,0,0,1,0,102,16,0,0,0,35,0.04491880627788489,0.4236192130607587,0.0,0.0,0.99,8,linear
q_learning,sparse_eps-linear_seed1,sparse,1,4a77b6e251,1675,225,-11.250000000000025,-9.150000000000018,0.2422619047619048,0.15,0,out_of_energy,0,0,1,0,91,26,1,0,0,47,0.046642252028529195,0.5939358102700896,0.0,0.0,0.99,8,linear
q_learning,sparse_eps-linear_seed1,sparse,1,4a77b6e251,1676,225,-1.2499999999999822,-9.050000000000018,0.2418095238095238,0.15,0,out_of_energy,0,0,1,0,100,22,0,0,1,50,0.12250378413215521,4.512608240071261,0.0,0.0,0.99,8,linear
q_learning,sparse_eps-linear_seed1,sparse,1,4a77b6e251,1677,225,-11.250000000000025,-9.050000000000018,0.24135714285714283,0.15,0,out_of_energy,0,0,1,0,87,9,0,0,0,42,0.04405419625600481,0.40807156658419697,0.0,0.0,0.99,8,linear
q_learning,sparse_eps-linear_seed1,sparse,1,4a77b6e251,1678,225,-11.250000000000025,-9.050000000000017,0.24090476190476195,0.15,0,out_of_energy,0,0,1,0,103,2,0,0,0,41,0.042639450319026335,0.23958828600499255,0.0,0.0,0.99,8,linear
q_learning,sparse_eps-linear_seed1,sparse,1,4a77b6e251,1679,225,-1.2500000000000069,-8.950000000000019,0.24045238095238097,0.15,0,out_of_energy,0,0,1,0,95,9,0,0,1,44,0.09579801996690412,4.2262641284763705,0.0,0.0,0.99,8,linear
q_learning,sparse_eps-linear_seed1,sparse,1,4a77b6e251,1680,225,-11.250000000000025,-8.950000000000017,0.24,0.15,0,out_of_energy,0,0,1,0,109,35,0,0,0,38,0.04338600179927203,0.4159376135003038,0.0,0.0,0.99,8,linear
q_learning,sparse_eps-linear_seed1,sparse,1,4a77b6e251,1681,225,-11.250000000000025,-9.050000000000018,0.23954761904761912,0.15,0,out_of_energy,0,0,1,0,99,9,0,0,0,41,0.04339726384137958,0.40936616074341636,0.0,0.0,0.99,8,linear
q_learning,sparse_eps-linear_seed1,sparse,1,4a77b6e251,1682,225,-11.250000000000025,-9.050000000000017,0.23909523809523814,0.15,0,out_of_energy,0,0,1,0,103,19,0,0,0,49,0.0434526113440748,0.4231411441862776,0.0,0.0,0.99,8,linear
q_learning,sparse_eps-linear_seed1,sparse,1,4a77b6e251,1683,225,-11.250000000000025,-9.150000000000018,0.23864285714285727,0.15,0,out_of_energy,0,0,1,0,88,8,2,0,0,50,0.044641838780393454,0.42076092575687835,0.0,0.0,0.99,8,linear
q_learning,sparse_eps-linear_seed1,sparse,1,4a77b6e251,1684,225,-11.250000000000025,-9.250000000000018,0.23819047619047629,0.15,0,out_of_energy,0,0,1,0,84,19,0,0,0,45,0.04357473600703926,0.4059220072263691,0.0,0.0,0.99,8,linear
q_learning,sparse_eps-linear_seed1,sparse,1,4a77b6e251,1685,225,-11.250000000000025,-9.350000000000017,0.2377380952380952,0.15,0,out_of_energy,0,0,1,0,100,4,0,0,0,53,0.04285122515337455,0.33295831414522753,0.0,0.0,0.99,8,linear
q_learning,sparse_eps-linear_seed1,sparse,1,4a77b6e251,1686,225,-11.250000000000025,-9.350000000000017,0.23728571428571432,0.15,0,out_of_energy,0,0,1,0,88,5,0,0,0,46,0.041755307077910024,0.23211712491398362,0.0,0.0,0.99,8,linear
q_learning,sparse_eps-linear_seed1,sparse,1,4a77b6e251,1687,225,-11.250000000000025,-9.350000000000017,0.23683333333333334,0.15,0,out_of_energy,0,0,1,0,111,4,0,0,0,50,0.04432741808102675,0.4085232804861137,0.0,0.0,0.99,8,linear
q_learning,sparse_eps-linear_seed1,sparse,1,4a77b6e251,1688,225,-11.250000000000025,-9.350000000000017,0.23638095238095236,0.15,0,out_of_energy,0,0,1,0,102,4,0,0,0,50,0.0444603625513429,0.42850756456259004,0.0,0.0,0.99,8,linear
q_learning,sparse_eps-linear_seed1,sparse,1,4a77b6e251,1689,225,-11.250000000000025,-9.350000000000017,0.2359285714285715,0.15,0,out_of_energy,0,0,1,0,88,3,0,0,0,37,0.04558982554580306,0.42876594462414896,0.0,0.0,0.99,8,linear
q_learning,sparse_eps-linear_seed1,sparse,1,4a77b6e251,1690,225,-11.250000000000025,-9.350000000000017,0.2354761904761905,0.15,0,out_of_energy,0,0,1,0,95,56,0,0,0,40,0.044082706363635364,0.39889639002098704,0.0,0.0,0.99,8,linear
q_learning,sparse_eps-linear_seed1,sparse,1,4a77b6e251,1691,225,-1.2500000000000202,-9.250000000000018,0.23502380952380963,0.15,0,out_of_energy,0,0,1,0,97,6,0,0,1,44,0.08608214483675658,3.912829926100143,0.0,0.0,0.99,8,linear
q_learning,sparse_eps-linear_seed1,sparse,1,4a77b6e251,1692,225,-11.250000000000025,-9.250000000000018,0.23457142857142865,0.15,0,out_of_energy,0,0,1,0,109,51,0,0,0,42,0.043560809588217245,0.43063403411505763,0.0,0.0,0.99,8,linear
q_learning,sparse_eps-linear_seed1,sparse,1,4a77b6e251,1693,225,-11.250000000000025,-9.250000000000018,0.23411904761904756,0.15,0,out_of_energy,0,0,1,0,95,8,0,0,0,45,0.045587399637019736,0.3439805269511658,0.0,0.0,0.99,8,linear
q_learning,sparse_eps-linear_seed1,sparse,1,4a77b6e251,1694,225,-11.250000000000025,-9.250000000000018,0.2336666666666667,0.15,0,out_of_energy,0,0,1,0,93,21,0,0,0,48,0.045295221280496255,0.5659261598965905,0.0,0.0,0.99,8,linear
q_learning,sparse_eps-linear_seed1,sparse,1,4a77b6e251,1695,225,-11.250000000000025,-9.250000000000018,0.2332142857142857,0.15,0,out_of_energy,0,0,1,0,102,15,0,0,0,37,0.043760536382491645,0.5286608976436449,0.0,0.0,0.99,8,linear
q_learning,sparse_eps-linear_seed1,sparse,1,4a77b6e251,1696,225,-11.250000000000025,-9.250000000000018,0.23276190476190484,0.15,0,out_of_energy,0,0,1,0,80,35,0,0,0,28,0.04368530474960642,0.3782784550206293,0.0,0.0,0.99,8,linear
q_learning,sparse_eps-linear_seed1,sparse,1,4a77b6e251,1697,225,-11.250000000000025,-9.250000000000018,0.23230952380952385,0.15,0,out_of_energy,0,0,1,0,103,6,0,0,0,46,0.0440308912560832,0.4516351063244157,0.0,0.0,0.99,8,linear
q_learning,sparse_eps-linear_seed1,sparse,1,4a77b6e251,1698,225,-11.250000000000025,-9.250000000000018,0.23185714285714287,0.15,0,out_of_energy,0,0,1,0,89,17,1,0,0,45,0.043584920076576605,0.4140635886754685,0.0,0.0,0.99,8,linear
q_learning,sparse_eps-linear_seed1,sparse,1,4a77b6e251,1699,225,-11.250000000000025,-9.250000000000018,0.231404761904762,0.15,0,out_of_energy,0,0,1,0,95,23,0,0,0,41,0.044509342049874605,0.40845859881724406,0.0,0.0,0.99,8,linear
q_learning,sparse_eps-linear_seed1,sparse,1,4a77b6e251,1700,225,-11.250000000000025,-9.350000000000017,0.23095238095238102,0.15,0,out_of_energy,0,0,1,0,90,8,0,0,0,40,0.043259515647799014,0.41499585687764873,0.0,0.0,0.99,8,linear
q_learning,sparse_eps-linear_seed1,sparse,1,4a77b6e251,1701,225,-11.250000000000025,-9.450000000000019,0.23050000000000004,0.15,0,out_of_energy,0,0,1,0,94,5,0,0,0,42,0.04526650693404619,0.5868349070563182,0.0,0.0,0.99,8,linear
q_learning,sparse_eps-linear_seed1,sparse,1,4a77b6e251,1702,225,-11.250000000000025,-9.550000000000018,0.23004761904761906,0.15,0,out_of_energy,0,0,1,0,88,4,0,0,0,52,0.04352100512594798,0.42665887273939074,0.0,0.0,0.99,8,linear
q_learning,sparse_eps-linear_seed1,sparse,1,4a77b6e251,1703,225,-11.250000000000025,-9.550000000000018,0.22959523809523807,0.15,0,out_of_energy,0,0,1,0,98,32,0,0,0,50,0.042013355202525846,0.2886563107827404,0.0,0.0,0.99,8,linear
q_learning,sparse_eps-linear_seed1,sparse,1,4a77b6e251,1704,225,-11.250000000000025,-9.65000000000002,0.2291428571428572,0.15,0,out_of_energy,0,0,1,0,89,7,0,0,0,43,0.04407652355232623,0.39487156327420964,0.0,0.0,0.99,8,linear
q_learning,sparse_eps-linear_seed1,sparse,1,4a77b6e251,1705,225,-11.250000000000025,-9.65000000000002,0.22869047619047622,0.15,0,out_of_energy,0,0,1,0,107,12,0,0,0,39,0.04615672085404375,0.4110737889383027,0.0,0.0,0.99,8,linear
q_learning,sparse_eps-linear_seed1,sparse,1,4a77b6e251,1706,225,-11.250000000000025,-9.65000000000002,0.22823809523809524,0.15,0,out_of_energy,0,0,1,0,76,12,0,0,0,37,0.04478937619705559,0.4700876145547648,0.0,0.0,0.99,8,linear
q_learning,sparse_eps-linear_seed1,sparse,1,4a77b6e251,1707,225,-11.250000000000025,-9.65000000000002,0.22778571428571437,0.15,0,out_of_energy,0,0,1,0,100,6,0,0,0,44,0.04180075082728597,0.3886453294397186,0.0,0.0,0.99,8,linear
q_learning,sparse_eps-linear_seed1,sparse,1,4a77b6e251,1708,225,-11.250000000000025,-9.65000000000002,0.2273333333333334,0.15,0,out_of_energy,0,0,1,0,89,25,0,0,0,48,0.04428532049627636,0.43333412553970735,0.0,0.0,0.99,8,linear
q_learning,sparse_eps-linear_seed1,sparse,1,4a77b6e251,1709,225,-11.250000000000025,-9.65000000000002,0.22688095238095252,0.15,0,out_of_energy,0,0,1,0,118,13,0,0,0,38,0.04280908802702046,0.32249387907738936,0.0,0.0,0.99,8,linear
q_learning,sparse_eps-linear_seed1,sparse,1,4a77b6e251,1710,225,-11.250000000000025,-9.65000000000002,0.22642857142857142,0.15,0,out_of_energy,0,0,1,0,89,18,4,0,0,53,0.044503271229243184,0.5630231569360415,0.0,0.0,0.99,8,linear
q_learning,sparse_eps-linear_seed1,sparse,1,4a77b6e251,1711,225,-11.250000000000025,-9.65000000000002,0.22597619047619044,0.15,0,out_of_energy,0,0,1,0,101,17,0,0,0,39,0.042750595955058854,0.3645661291484289,0.0,0.0,0.99,8,linear
q_learning,sparse_eps-linear_seed1,sparse,1,4a77b6e251,1712,225,-11.250000000000025,-9.65000000000002,0.22552380952380957,0.15,0,out_of_energy,0,0,1,0,99,10,1,0,0,41,0.04516688568725153,0.5208374860812944,0.0,0.0,0.99,8,linear
q_learning,sparse_eps-linear_seed1,sparse,1,4a77b6e251,1713,225,-11.250000000000025,-9.65000000000002,0.2250714285714286,0.15,0,out_of_energy,0,0,1,0,88,13,0,0,0,47,0.04378515405386241,0.5208635374141419,0.0,0.0,0.99,8,linear
q_learning,sparse_eps-linear_seed1,sparse,1,4a77b6e251,1714,225,-11.250000000000025,-9.65000000000002,0.2246190476190476,0.15,0,out_of_energy,0,0,1,0,119,2,0,0,0,37,0.044008426682793214,0.4143886545803179,0.0,0.0,0.99,8,linear
q_learning,sparse_eps-linear_seed1,sparse,1,4a77b6e251,1715,225,-11.250000000000025,-9.750000000000021,0.22416666666666674,0.15,0,out_of_energy,0,0,1,0,103,7,5,0,0,48,0.04381298230548972,0.5543874893830969,0.0,0.0,0.99,8,linear
q_learning,sparse_eps-linear_seed1,sparse,1,4a77b6e251,1716,225,-11.250000000000025,-9.750000000000021,0.22371428571428575,0.15,0,out_of_energy,0,0,1,0,100,33,0,0,0,57,0.044109308858472494,0.42107267310288526,0.0,0.0,0.99,8,linear
q_learning,sparse_eps-linear_seed1,sparse,1,4a77b6e251,1717,225,-11.250000000000025,-9.750000000000021,0.22326190476190488,0.15,0,out_of_energy,0,0,1,0,99,7,0,0,0,42,0.04395359737952355,0.4733269559447034,0.0,0.0,0.99,8,linear
q_learning,sparse_eps-linear_seed1,sparse,1,4a77b6e251,1718,225,-11.250000000000025,-9.750000000000021,0.2228095238095238,0.15,0,out_of_energy,0,0,1,0,81,21,2,0,0,52,0.04524120228433426,0.5875434138781435,0.0,0.0,0.99,8,linear
q_learning,sparse_eps-linear_seed1,sparse,1,4a77b6e251,1719,225,-11.250000000000025,-9.750000000000021,0.2223571428571428,0.15,0,out_of_energy,0,0,1,0,84,21,0,0,0,45,0.04369590787143641,0.40164105643796744,0.0,0.0,0.99,8,linear
q_learning,sparse_eps-linear_seed1,sparse,1,4a77b6e251,1720,225,-11.250000000000025,-9.750000000000021,0.22190476190476194,0.15,0,out_of_energy,0,0,1,0,98,7,0,0,0,42,0.04310056250850866,0.39026129096203765,0.0,0.0,0.99,8,linear
q_learning,sparse_eps-linear_seed1,sparse,1,4a77b6e251,1721,225,-11.250000000000025,-9.750000000000021,0.22145238095238096,0.15,0,out_of_energy,0,0,1,0,80,18,0,0,0,36,0.044028305617158654,0.5622593471316403,0.0,0.0,0.99,8,linear
q_learning,sparse_eps-linear_seed1,sparse,1,4a77b6e251,1722,225,-11.250000000000025,-9.750000000000021,0.22100000000000009,0.15,0,out_of_energy,0,0,1,0,116,8,0,0,0,48,0.04361970379153395,0.41301681059257495,0.0,0.0,0.99,8,linear
q_learning,sparse_eps-linear_seed1,sparse,1,4a77b6e251,1723,225,-11.250000000000025,-9.750000000000021,0.2205476190476191,0.15,0,out_of_energy,0,0,1,0,99,20,0,0,0,47,0.044652437859695956,0.43088864008802646,0.0,0.0,0.99,8,linear
q_learning,sparse_eps-linear_seed1,sparse,1,4a77b6e251,1724,225,-11.250000000000025,-9.750000000000021,0.22009523809523812,0.15,0,out_of_energy,0,0,1,0,108,17,0,0,0,46,0.04400102325817738,0.31788057564674976,0.0,0.0,0.99,8,linear
q_learning,sparse_eps-linear_seed1,sparse,1,4a77b6e251,1725,225,-11.250000000000025,-9.750000000000021,0.21964285714285725,0.15,0,out_of_energy,0,0,1,0,104,17,0,0,0,40,0.04209426385335426,0.36735129233246994,0.0,0.0,0.99,8,linear
q_learning,sparse_eps-linear_seed1,sparse,1,4a77b6e251,1726,225,-11.250000000000025,-9.750000000000021,0.21919047619047627,0.15,0,out_of_energy,0,0,1,0,84,12,6,0,0,42,0.04595412980712239,0.5625761702767322,0.0,0.0,0.99,8,linear
q_learning,sparse_eps-linear_seed1,sparse,1,4a77b6e251,1727,225,-11.250000000000025,-9.750000000000021,0.21873809523809518,0.15,0,out_of_energy,0,0,1,0,117,13,0,0,0,49,0.04400957987539398,0.427842023591138,0.0,0.0,0.99,8,linear
q_learning,sparse_eps-linear_seed1,sparse,1,4a77b6e251,1728,225,-11.250000000000025,-9.750000000000021,0.2182857142857143,0.15,0,out_of_energy,0,0,1,0,94,40,0,0,0,49,0.04450674502448338,0.4096831592915417,0.0,0.0,0.99,8,linear
q_learning,sparse_eps-linear_seed1,sparse,1,4a77b6e251,1729,225,-11.250000000000025,-9.750000000000021,0.21783333333333332,0.15,0,out_of_energy,0,0,1,0,98,22,0,0,0,48,0.04311274161429055,0.4060273764041635,0.0,0.0,0.99,8,linear
q_learning,sparse_eps-linear_seed1,sparse,1,4a77b6e251,1730,225,-11.250000000000025,-9.750000000000021,0.21738095238095245,0.15,0,out_of_energy,0,0,1,0,89,7,0,0,0,48,0.045112065591355936,0.43665201941960313,0.0,0.0,0.99,8,linear
q_learning,sparse_eps-linear_seed1,sparse,1,4a77b6e251,1731,225,-11.250000000000025,-9.750000000000021,0.21692857142857147,0.15,0,out_of_energy,0,0,1,0,104,46,0,0,0,40,0.04346534076541289,0.40922149887026027,0.0,0.0,0.99,8,linear
q_learning,sparse_eps-linear_seed1,sparse,1,4a77b6e251,1732,225,-11.250000000000025,-9.850000000000021,0.2164761904761905,0.15,0,out_of_energy,0,0,1,0,99,13,0,0,0,50,0.045041553474604416,0.38984598395038855,0.0,0.0,0.99,8,linear
q_learning,sparse_eps-linear_seed1,sparse,1,4a77b6e251,1733,225,-11.250000000000025,-9.850000000000021,0.21602380952380962,0.15,0,out_of_energy,0,0,1,0,111,7,0,0,0,41,0.04481686775725794,0.4059142454065433,0.0,0.0,0.99,8,linear
q_learning,sparse_eps-linear_seed1,sparse,1,4a77b6e251,1734,225,-11.250000000000025,-9.850000000000021,0.21557142857142864,0.15,0,out_of_energy,0,0,1,0,96,10,0,0,0,45,0.04448513856246679,0.4450089376691617,0.0,0.0,0.99,8,linear
q_learning,sparse_eps-linear_seed1,sparse,1,4a77b6e251,1735,225,-11.250000000000025,-9.850000000000021,0.21511904761904765,0.15,0,out_of_energy,0,0,1,0,88,12,0,0,0,51,0.04391857763306318,0.4106197165576524,0.0,0.0,0.99,8,linear
q_learning,sparse_eps-linear_seed1,sparse,1,4a77b6e251,1736,225,-11.250000000000025,-9.95000000000002,0.21466666666666667,0.15,0,out_of_energy,0,0,1,0,94,10,0,0,0,48,0.043836144475497114,0.4238938120924129,0.0,0.0,0.99,8,linear
q_learning,sparse_eps-linear_seed1,sparse,1,4a77b6e251,1737,225,-11.250000000000025,-9.95000000000002,0.2142142857142857,0.15,0,out_of_energy,0,0,1,0,92,17,1,0,0,46,0.043372251086409595,0.4043894461217027,0.0,0.0,0.99,8,linear
q_learning,sparse_eps-linear_seed1,sparse,1,4a77b6e251,1738,225,-11.250000000000025,-9.95000000000002,0.21376190476190482,0.15,0,out_of_energy,0,0,1,0,97,2,0,0,0,48,0.043347967877704605,0.3984165292251967,0.0,0.0,0.99,8,linear
q_learning,sparse_eps-linear_seed1,sparse,1,4a77b6e251,1739,225,-11.250000000000025,-9.95000000000002,0.21330952380952384,0.15,0,out_of_energy,0,0,1,0,95,6,0,0,0,44,0.043165642035419644,0.3829204892447184,0.0,0.0,0.99,8,linear
q_learning,sparse_eps-linear_seed1,sparse,1,4a77b6e251,1740,225,-11.250000000000025,-9.95000000000002,0.21285714285714286,0.15,0,out_of_energy,0,0,1,0,92,12,0,0,0,60,0.04423829624183962,0.42348766275919286,0.0,0.0,0.99,8,linear
q_learning,sparse_eps-linear_seed1,sparse,1,4a77b6e251,1741,225,-11.250000000000025,-9.95000000000002,0.21240476190476199,0.15,0,out_of_energy,0,0,1,0,90,5,0,0,0,43,0.04388064131340537,0.43596573319937193,0.0,0.0,0.99,8,linear
q_learning,sparse_eps-linear_seed1,sparse,1,4a77b6e251,1742,225,-11.250000000000025,-9.95000000000002,0.211952380952381,0.15,0,out_of_energy,0,0,1,0,89,17,0,0,0,46,0.04512959431769613,0.4434575249787231,0.0,0.0,0.99,8,linear
q_learning,sparse_eps-linear_seed1,sparse,1,4a77b6e251,1743,225,-11.250000000000025,-9.95000000000002,0.21150000000000002,0.15,0,out_of_energy,0,0,1,0,97,27,0,0,0,44,0.043630063865506025,0.4112174036839623,0.0,0.0,0.99,8,linear
q_learning,sparse_eps-linear_seed1,sparse,1,4a77b6e251,1744,225,-11.250000000000025,-9.95000000000002,0.21104761904761904,0.15,0,out_of_energy,0,0,1,0,105,27,0,0,0,44,0.04353409886623363,0.4448400177809659,0.0,0.0,0.99,8,linear
q_learning,sparse_eps-linear_seed1,sparse,1,4a77b6e251,1745,225,-11.250000000000025,-10.05000000000002,0.21059523809523806,0.15,0,out_of_energy,0,0,1,0,99,10,0,0,0,47,0.043629720850906974,0.3988984567933535,0.0,0.0,0.99,8,linear
q_learning,sparse_eps-linear_seed1,sparse,1,4a77b6e251,1746,225,-11.250000000000025,-10.05000000000002,0.2101428571428572,0.15,0,out_of_energy,0,0,1,0,99,19,0,0,0,44,0.04368359803830447,0.43203392746260916,0.0,0.0,0.99,8,linear
q_learning,sparse_eps-linear_seed1,sparse,1,4a77b6e251,1747,225,-11.250000000000025,-10.15000000000002,0.2096904761904762,0.15,0,out_of_energy,0,0,1,0,90,8,0,0,0,53,0.043404160651432946,0.40550327637745576,0.0,0.0,0.99,8,linear
q_learning,sparse_eps-linear_seed1,sparse,1,4a77b6e251,1748,225,-11.250000000000025,-10.150000000000022,0.20923809523809533,0.15,0,out_of_energy,0,0,1,0,90,8,0,0,0,48,0.04356688033198913,0.4208396491395121,0.0,0.0,0.99,8,linear
q_learning,sparse_eps-linear_seed1,sparse,1,4a77b6e251,1749,225,-11.250000000000025,-10.250000000000023,0.20878571428571435,0.15,0,out_of_energy,0,0,1,0,81,10,5,0,0,42,0.04632016205092659,0.43350106253021875,0.0,0.0,0.99,8,linear
q_learning,sparse_eps-linear_seed1,sparse,1,4a77b6e251,1750,225,-11.250000000000025,-10.250000000000023,0.20833333333333337,0.15,0,out_of_energy,0,0,1,0,108,24,0,0,0,52,0.04408786800978794,0.41622360084499416,0.0,0.0,0.99,8,linear
q_learning,sparse_eps-linear_seed1,sparse,1,4a77b6e251,1751,225,-11.250000000000025,-10.350000000000023,0.2078809523809525,0.15,0,out_of_energy,0,0,1,0,88,15,0,0,0,48,0.04667983102002086,0.48296312496104116,0.0,0.0,0.99,8,linear
q_learning,sparse_eps-linear_seed1,sparse,1,4a77b6e251,1752,225,-11.250000000000025,-10.350000000000023,0.2074285714285714,0.15,0,out_of_energy,0,0,1,0,98,25,0,0,0,48,0.043075937904786775,0.4344918738522971,0.0,0.0,0.99,8,linear
q_learning,sparse_eps-linear_seed1,sparse,1,4a77b6e251,1753,225,-11.250000000000025,-10.350000000000023,0.20697619047619042,0.15,0,out_of_energy,0,0,1,0,110,4,0,0,0,41,0.04344696991022447,0.3431689972310779,0.0,0.0,0.99,8,linear
q_learning,sparse_eps-linear_seed1,sparse,1,4a77b6e251,1754,225,-11.250000000000025,-10.350000000000023,0.20652380952380955,0.15,0,out_of_energy,0,0,1,0,84,14,2,0,0,50,0.04566752147350349,0.5414780549117717,0.0,0.0,0.99,8,linear
q_learning,sparse_eps-linear_seed1,sparse,1,4a77b6e251,1755,225,-11.250000000000025,-10.350000000000023,0.20607142857142857,0.15,0,out_of_energy,0,0,1,0,106,27,0,0,0,37,0.04744670824547343,0.5589121676287795,0.0,0.0,0.99,8,linear
q_learning,sparse_eps-linear_seed1,sparse,1,4a77b6e251,1756,225,-11.250000000000025,-10.350000000000023,0.2056190476190477,0.15,0,out_of_energy,0,0,1,0,92,25,0,0,0,39,0.046652817116291295,0.5281647754839125,0.0,0.0,0.99,8,linear
q_learning,sparse_eps-linear_seed1,sparse,1,4a77b6e251,1757,225,-11.250000000000025,-10.350000000000023,0.20516666666666672,0.15,0,out_of_energy,0,0,1,0,83,18,10,0,0,40,0.04711774599906007,0.4852606826636412,0.0,0.0,0.99,8,linear
q_learning,sparse_eps-linear_seed1,sparse,1,4a77b6e251,1758,225,-11.250000000000025,-10.350000000000023,0.20471428571428574,0.15,0,out_of_energy,0,0,1,0,87,4,0,0,0,47,0.04422664237926348,0.4493487781100306,0.0,0.0,0.99,8,linear
q_learning,sparse_eps-linear_seed1,sparse,1,4a77b6e251,1759,225,-11.250000000000025,-10.450000000000022,0.20426190476190487,0.15,0,out_of_energy,0,0,1,0,99,8,0,0,0,61,0.043715301440168476,0.4019743105146568,0.0,0.0,0.99,8,linear
q_learning,sparse_eps-linear_seed1,sparse,1,4a77b6e251,1760,225,-11.250000000000025,-10.450000000000022,0.20380952380952377,0.15,0,out_of_energy,0,0,1,0,80,17,0,0,0,48,0.04387536005991936,0.4599681214913584,0.0,0.0,0.99,8,linear
q_learning,sparse_eps-linear_seed1,sparse,1,4a77b6e251,1761,225,-11.250000000000025,-10.550000000000022,0.2033571428571429,0.15,0,out_of_energy,0,0,1,0,90,28,0,0,0,45,0.043252681595993846,0.4040549014756326,0.0,0.0,0.99,8,linear
q_learning,sparse_eps-linear_seed1,sparse,1,4a77b6e251,1762,225,-11.250000000000025,-10.650000000000023,0.20290476190476192,0.15,0,out_of_energy,0,0,1,0,95,18,3,0,0,53,0.043509154499592674,0.4438288396473723,0.0,0.0,0.99,8,linear
q_learning,sparse_eps-linear_seed1,sparse,1,4a77b6e251,1763,225,-11.250000000000025,-10.650000000000023,0.20245238095238094,0.15,0,out_of_energy,0,0,1,0,98,7,0,0,0,41,0.04435257797517181,0.46816718038124194,0.0,0.0,0.99,8,linear
q_learning,sparse_eps-linear_seed1,sparse,1,4a77b6e251,1764,225,-11.250000000000025,-10.650000000000023,0.20200000000000007,0.15,0,out_of_energy,0,0,1,0,100,15,2,0,0,39,0.04576966552409464,0.5747607311546338,0.0,0.0,0.99,8,linear
q_learning,sparse_eps-linear_seed1,sparse,1,4a77b6e251,1765,225,-11.250000000000025,-10.650000000000023,0.2015476190476191,0.15,0,out_of_energy,0,0,1,0,99,18,0,0,0,46,0.04431634040059681,0.4315003472217311,0.0,0.0,0.99,8,linear
q_learning,sparse_eps-linear_seed1,sparse,1,4a77b6e251,1766,225,-11.250000000000025,-10.650000000000023,0.2010952380952381,0.15,0,out_of_energy,0,0,1,0,83,20,0,0,0,47,0.04572830163088035,0.4535977881195683,0.0,0.0,0.99,8,linear
q_learning,sparse_eps-linear_seed1,sparse,1,4a77b6e251,1767,225,-11.250000000000025,-10.750000000000023,0.20064285714285723,0.15,0,out_of_energy,0,0,1,0,112,7,0,0,0,48,0.04489949901445783,0.5302553057970845,0.0,0.0,0.99,8,linear
q_learning,sparse_eps-linear_seed1,sparse,1,4a77b6e251,1768,225,-11.250000000000025,-10.850000000000023,0.20019047619047625,0.15,0,out_of_energy,0,0,1,0,89,1,0,0,0,50,0.04765000552535867,0.5117448065968588,0.0,0.0,0.99,8,linear
q_learning,sparse_eps-linear_seed1,sparse,1,4a77b6e251,1769,225,-11.250000000000025,-10.850000000000023,0.19973809523809527,0.15,0,out_of_energy,0,0,1,0,109,12,1,0,0,43,0.043624983160629446,0.44140811619889636,0.0,0.0,0.99,8,linear
q_learning,sparse_eps-linear_seed1,sparse,1,4a77b6e251,1770,225,-11.250000000000025,-10.850000000000023,0.1992857142857143,0.15,0,out_of_energy,0,0,1,0,89,19,3,0,0,32,0.04721897520514726,0.5342433981642564,0.0,0.0,0.99,8,linear
q_learning,sparse_eps-linear_seed1,sparse,1,4a77b6e251,1771,225,-11.250000000000025,-10.950000000000022,0.1988333333333333,0.15,0,out_of_energy,0,0,1,0,89,16,4,0,0,38,0.04581517972813044,0.5001591903030854,0.0,0.0,0.99,8,linear
q_learning,sparse_eps-linear_seed1,sparse,1,4a77b6e251,1772,225,-11.250000000000025,-10.950000000000024,0.19838095238095244,0.15,0,out_of_energy,0,0,1,0,100,22,0,0,0,41,0.04351559391586704,0.36043502358541224,0.0,0.0,0.99,8,linear
q_learning,sparse_eps-linear_seed1,sparse,1,4a77b6e251,1773,225,-11.250000000000025,-10.950000000000022,0.19792857142857145,0.15,0,out_of_energy,0,0,1,0,101,20,0,0,0,51,0.04379908901262261,0.47503221571060533,0.0,0.0,0.99,8,linear
q_learning,sparse_eps-linear_seed1,sparse,1,4a77b6e251,1774,225,-11.250000000000025,-10.950000000000024,0.19747619047619058,0.15,0,out_of_energy,0,0,1,0,88,32,0,0,0,31,0.0465296558056031,0.49158305529140955,0.0,0.0,0.99,8,linear
q_learning,sparse_eps-linear_seed1,sparse,1,4a77b6e251,1775,225,-11.250000000000025,-10.950000000000022,0.1970238095238096,0.15,0,out_of_energy,0,0,1,0,91,11,8,0,0,38,0.04590285441497253,0.4609242569669749,0.0,0.0,0.99,8,linear
q_learning,sparse_eps-linear_seed1,sparse,1,4a77b6e251,1776,225,-11.250000000000025,-11.050000000000026,0.19657142857142862,0.15,0,out_of_energy,0,0,1,0,90,12,2,0,0,45,0.045191791118364355,0.47639287848316614,0.0,0.0,0.99,8,linear
q_learning,sparse_eps-linear_seed1,sparse,1,4a77b6e251,1777,225,-11.250000000000025,-11.050000000000026,0.19611904761904764,0.15,0,out_of_energy,0,0,1,0,96,8,0,0,0,51,0.04420385647854957,0.4693113582706514,0.0,0.0,0.99,8,linear
q_learning,sparse_eps-linear_seed1,sparse,1,4a77b6e251,1778,225,-11.250000000000025,-11.050000000000026,0.19566666666666666,0.15,0,out_of_energy,0,0,1,0,87,30,0,0,0,38,0.04523969292811144,0.4678108879745054,0.0,0.0,0.99,8,linear
q_learning,sparse_eps-linear_seed1,sparse,1,4a77b6e251,1779,225,-11.250000000000025,-11.150000000000025,0.19521428571428567,0.15,0,out_of_energy,0,0,1,0,88,9,0,0,0,38,0.04619616197165592,0.5292570998682393,0.0,0.0,0.99,8,linear
q_learning,sparse_eps-linear_seed1,sparse,1,4a77b6e251,1780,225,-11.250000000000025,-11.150000000000025,0.1947619047619048,0.15,0,out_of_energy,0,0,1,0,108,15,0,0,0,47,0.045119768696357546,0.4356791893160484,0.0,0.0,0.99,8,linear
q_learning,sparse_eps-linear_seed1,sparse,1,4a77b6e251,1781,225,-11.250000000000025,-11.150000000000025,0.19430952380952382,0.15,0,out_of_energy,0,0,1,0,104,4,0,0,0,44,0.04249254954517187,0.41508499429561707,0.0,0.0,0.99,8,linear
q_learning,sparse_eps-linear_seed1,sparse,1,4a77b6e251,1782,225,-11.250000000000025,-11.150000000000025,0.19385714285714295,0.15,0,out_of_energy,0,0,1,0,81,18,1,0,0,57,0.04378706526101216,0.3950564995469167,0.0,0.0,0.99,8,linear
q_learning,sparse_eps-linear_seed1,sparse,1,4a77b6e251,1783,225,-11.250000000000025,-11.150000000000025,0.19340476190476197,0.15,0,out_of_energy,0,0,1,0,90,17,0,0,0,40,0.04597212196872618,0.5092047327256245,0.0,0.0,0.99,8,linear
q_learning,sparse_eps-linear_seed1,sparse,1,4a77b6e251,1784,225,-11.250000000000025,-11.150000000000025,0.192952380952381,0.15,0,out_of_energy,0,0,1,0,110,14,0,0,0,44,0.044428170355372096,0.4354936048532342,0.0,0.0,0.99,8,linear
q_learning,sparse_eps-linear_seed1,sparse,1,4a77b6e251,1785,225,-11.250000000000025,-11.150000000000025,0.1925,0.15,0,out_of_energy,0,0,1,0,107,17,0,0,0,45,0.04452208657814305,0.5025015826764427,0.0,0.0,0.99,8,linear
q_learning,sparse_eps-linear_seed1,sparse,1,4a77b6e251,1786,225,-11.250000000000025,-11.150000000000025,0.19204761904761902,0.15,0,out_of_energy,0,0,1,0,93,18,0,0,0,44,0.04368419269248403,0.44238378717358556,0.0,0.0,0.99,8,linear
q_learning,sparse_eps-linear_seed1,sparse,1,4a77b6e251,1787,225,-11.250000000000025,-11.150000000000025,0.19159523809523815,0.15,0,out_of_energy,0,0,1,0,102,15,0,0,0,51,0.044968153704228506,0.4276482425321088,0.0,0.0,0.99,8,linear
q_learning,sparse_eps-linear_seed1,sparse,1,4a77b6e251,1788,225,-11.250000000000025,-11.150000000000025,0.19114285714285717,0.15,0,out_of_energy,0,0,1,0,88,4,0,0,0,37,0.04427077159593997,0.40180959567871743,0.0,0.0,0.99,8,linear
q_learning,sparse_eps-linear_seed1,sparse,1,4a77b6e251,1789,225,-11.250000000000025,-11.150000000000025,0.1906904761904762,0.15,0,out_of_energy,0,0,1,0,90,17,0,0,0,51,0.04492979561501208,0.45540043465410823,0.0,0.0,0.99,8,linear
q_learning,sparse_eps-linear_seed1,sparse,1,4a77b6e251,1790,225,-11.250000000000025,-11.150000000000025,0.19023809523809532,0.15,0,out_of_energy,0,0,1,0,86,19,6,0,0,45,0.04459529136682614,0.4251145375206582,0.0,0.0,0.99,8,linear
q_learning,sparse_eps-linear_seed1,sparse,1,4a77b6e251,1791,225,-11.250000000000025,-11.250000000000025,0.18978571428571434,0.15,0,out_of_energy,0,0,1,0,97,10,0,0,0,39,0.0445445683328181,0.4694336628839975,0.0,0.0,0.99,8,linear
q_learning,sparse_eps-linear_seed1,sparse,1,4a77b6e251,1792,225,-11.250000000000025,-11.250000000000025,0.18933333333333335,0.15,0,out_of_energy,0,0,1,0,112,14,0,0,0,44,0.044427993742381225,0.4402970040043401,0.0,0.0,0.99,8,linear
q_learning,sparse_eps-linear_seed1,sparse,1,4a77b6e251,1793,225,-11.250000000000025,-11.250000000000025,0.18888095238095248,0.15,0,out_of_energy,0,0,1,0,95,2,0,0,0,43,0.04317551042506057,0.3320927242113646,0.0,0.0,0.99,8,linear
q_learning,sparse_eps-linear_seed1,sparse,1,4a77b6e251,1794,225,-11.250000000000025,-11.250000000000025,0.1884285714285714,0.15,0,out_of_energy,0,0,1,0,101,2,0,0,0,42,0.044579703709397574,0.4513141140221208,0.0,0.0,0.99,8,linear
q_learning,sparse_eps-linear_seed1,sparse,1,4a77b6e251,1795,225,-11.250000000000025,-11.250000000000025,0.18797619047619052,0.15,0,out_of_energy,0,0,1,0,85,8,0,0,0,44,0.046102613124904976,0.4127352362808971,0.0,0.0,0.99,8,linear
q_learning,sparse_eps-linear_seed1,sparse,1,4a77b6e251,1796,225,-11.250000000000025,-11.250000000000025,0.18752380952380954,0.15,0,out_of_energy,0,0,1,0,116,21,0,0,0,46,0.043783639654392,0.39681269594673785,0.0,0.0,0.99,8,linear
q_learning,sparse_eps-linear_seed1,sparse,1,4a77b6e251,1797,225,-11.250000000000025,-11.250000000000025,0.18707142857142856,0.15,0,out_of_energy,0,0,1,0,83,19,0,0,0,36,0.04545386777290051,0.4784396012725058,0.0,0.0,0.99,8,linear
q_learning,sparse_eps-linear_seed1,sparse,1,4a77b6e251,1798,225,-1.2499999999999822,-11.150000000000025,0.18661904761904768,0.15,0,out_of_energy,0,0,1,0,97,9,0,0,1,47,0.18758910108415092,5.844570062656233,0.0,0.0,0.99,8,linear
q_learning,sparse_eps-linear_seed1,sparse,1,4a77b6e251,1799,225,-11.250000000000025,-11.150000000000025,0.1861666666666667,0.15,0,out_of_energy,0,0,1,0,96,46,0,0,0,47,0.045778213636497804,0.43708362612992024,0.0,0.0,0.99,8,linear
q_learning,sparse_eps-linear_seed1,sparse,1,4a77b6e251,1800,225,-11.250000000000025,-11.150000000000025,0.18571428571428583,0.15,0,out_of_energy,0,0,1,0,106,16,0,0,0,53,0.044474313186418944,0.4898237575570276,0.0,0.0,0.99,8,linear
q_learning,sparse_eps-linear_seed1,sparse,1,4a77b6e251,1801,225,-11.250000000000025,-11.150000000000025,0.18526190476190485,0.15,0,out_of_energy,0,0,1,0,93,29,0,0,0,44,0.044292241477531524,0.4510123980669607,0.0,0.0,0.99,8,linear
q_learning,sparse_eps-linear_seed1,sparse,1,4a77b6e251,1802,225,-11.250000000000025,-11.150000000000023,0.18480952380952376,0.15,0,out_of_energy,0,0,1,0,93,17,0,0,0,46,0.04336517977333317,0.40375086129404103,0.0,0.0,0.99,8,linear
q_learning,sparse_eps-linear_seed1,sparse,1,4a77b6e251,1803,225,-11.250000000000025,-11.150000000000023,0.18435714285714289,0.15,0,out_of_energy,0,0,1,0,101,17,0,0,0,52,0.044471656437611876,0.4513548576922911,0.0,0.0,0.99,8,linear
q_learning,sparse_eps-linear_seed1,sparse,1,4a77b6e251,1804,225,-11.250000000000025,-11.150000000000023,0.1839047619047619,0.15,0,out_of_energy,0,0,1,0,93,17,1,0,0,35,0.04336488673020383,0.4438826106784894,0.0,0.0,0.99,8,linear
q_learning,sparse_eps-linear_seed1,sparse,1,4a77b6e251,1805,225,-11.250000000000025,-11.150000000000023,0.18345238095238092,0.15,0,out_of_energy,0,0,1,0,95,31,0,0,0,46,0.044583428536001245,0.43430959240728373,0.0,0.0,0.99,8,linear
q_learning,sparse_eps-linear_seed1,sparse,1,4a77b6e251,1806,225,-1.2499999999999822,-11.050000000000022,0.18300000000000005,0.15,0,out_of_energy,0,0,1,0,106,12,0,0,1,35,0.14203412384978714,7.110322769502604,0.0,0.0,0.99,8,linear
q_learning,sparse_eps-linear_seed1,sparse,1,4a77b6e251,1807,225,-11.250000000000025,-11.050000000000022,0.18254761904761907,0.15,0,out_of_energy,0,0,1,0,91,28,0,0,0,47,0.043705144092290676,0.45121950582500575,0.0,0.0,0.99,8,linear
q_learning,sparse_eps-linear_seed1,sparse,1,4a77b6e251,1808,225,-11.250000000000025,-11.050000000000022,0.1820952380952382,0.15,0,out_of_energy,0,0,1,0,105,9,0,0,0,41,0.041975702012450766,0.3141408599395042,0.0,0.0,0.99,8,linear
q_learning,sparse_eps-linear_seed1,sparse,1,4a77b6e251,1809,225,-11.250000000000025,-11.050000000000022,0.18164285714285722,0.15,0,out_of_energy,0,0,1,0,96,21,1,0,0,42,0.0442810613368456,0.5474367347758406,0.0,0.0,0.99,8,linear
q_learning,sparse_eps-linear_seed1,sparse,1,4a77b6e251,1810,225,-11.250000000000025,-11.050000000000022,0.18119047619047624,0.15,0,out_of_energy,0,0,1,0,91,8,0,0,0,43,0.04691926364806474,0.5295249110335856,0.0,0.0,0.99,8,linear
q_learning,sparse_eps-linear_seed1,sparse,1,4a77b6e251,1811,225,-11.250000000000025,-11.050000000000022,0.18073809523809525,0.15,0,out_of_energy,0,0,1,0,96,14,0,0,0,42,0.04496299064431677,0.5128266035240953,0.0,0.0,0.99,8,linear
q_learning,sparse_eps-linear_seed1,sparse,1,4a77b6e251,1812,225,-11.250000000000025,-11.050000000000022,0.18028571428571427,0.15,0,out_of_energy,0,0,1,0,94,18,0,0,0,52,0.045035548560254185,0.4455245421968918,0.0,0.0,0.99,8,linear
q_learning,sparse_eps-linear_seed1,sparse,1,4a77b6e251,1813,225,-11.250000000000025,-11.050000000000022,0.1798333333333334,0.15,0,out_of_energy,0,0,1,0,103,14,0,0,0,49,0.04357579933623371,0.5187575358138097,0.0,0.0,0.99,8,linear
q_learning,sparse_eps-linear_seed1,sparse,1,4a77b6e251,1814,225,-11.250000000000025,-11.050000000000022,0.17938095238095242,0.15,0,out_of_energy,0,0,1,0,87,13,0,0,0,50,0.04711604700028948,0.54353664540613,0.0,0.0,0.99,8,linear
q_learning,sparse_eps-linear_seed1,sparse,1,4a77b6e251,1815,225,-11.250000000000025,-11.050000000000022,0.17892857142857144,0.15,0,out_of_energy,0,0,1,0,90,19,0,0,0,49,0.04471520365491527,0.4545616490920055,0.0,0.0,0.99,8,linear
q_learning,sparse_eps-linear_seed1,sparse,1,4a77b6e251,1816,225,-11.250000000000025,-11.050000000000022,0.17847619047619057,0.15,0,out_of_energy,0,0,1,0,103,12,0,0,0,42,0.04413051835211663,0.4420577629280851,0.0,0.0,0.99,8,linear
q_learning,sparse_eps-linear_seed1,sparse,1,4a77b6e251,1817,225,-11.250000000000025,-11.050000000000022,0.17802380952380958,0.15,0,out_of_energy,0,0,1,0,99,0,0,0,0,54,0.044591338674336546,0.43930112525457476,0.0,0.0,0.99,8,linear
q_learning,sparse_eps-linear_seed1,sparse,1,4a77b6e251,1818,225,-11.250000000000025,-11.050000000000022,0.1775714285714286,0.15,0,out_of_energy,0,0,1,0,93,5,0,0,0,57,0.04337709383803632,0.4287575735986304,0.0,0.0,0.99,8,linear
q_learning,sparse_eps-linear_seed1,sparse,1,4a77b6e251,1819,225,-11.250000000000025,-11.050000000000022,0.17711904761904762,0.15,0,out_of_energy,0,0,1,0,98,6,0,0,0,43,0.04563943946861379,0.4649825010257857,0.0,0.0,0.99,8,linear
q_learning,sparse_eps-linear_seed1,sparse,1,4a77b6e251,1820,225,-11.250000000000025,-11.050000000000022,0.17666666666666664,0.15,0,out_of_energy,0,0,1,0,87,14,1,0,0,47,0.04575058637906562,0.5481416844870726,0.0,0.0,0.99,8,linear
q_learning,sparse_eps-linear_seed1,sparse,1,4a77b6e251,1821,225,-11.250000000000025,-11.050000000000022,0.17621428571428577,0.15,0,out_of_energy,0,0,1,0,85,12,0,0,0,32,0.045692389556284733,0.43601385358123734,0.0,0.0,0.99,8,linear
q_learning,sparse_eps-linear_seed1,sparse,1,4a77b6e251,1822,225,-11.250000000000025,-11.050000000000022,0.17576190476190479,0.15,0,out_of_energy,0,0,1,0,103,29,0,0,0,51,0.045504068252059805,0.43377540270698767,0.0,0.0,0.99,8,linear
q_learning,sparse_eps-linear_seed1,sparse,1,4a77b6e251,1823,225,-11.250000000000025,-11.050000000000022,0.1753095238095238,0.15,0,out_of_energy,0,0,1,0,88,18,1,0,0,50,0.046152716110193004,0.44451190257798057,0.0,0.0,0.99,8,linear
q_learning,sparse_eps-linear_seed1,sparse,1,4a77b6e251,1824,225,-11.250000000000025,-11.050000000000022,0.17485714285714293,0.15,0,out_of_energy,0,0,1,0,94,11,0,0,0,50,0.045103964070251974,0.48885589582673555,0.0,0.0,0.99,8,linear
q_learning,sparse_eps-linear_seed1,sparse,1,4a77b6e251,1825,225,-11.250000000000025,-11.050000000000022,0.17440476190476195,0.15,0,out_of_energy,0,0,1,0,110,20,0,0,0,46,0.044531947442296764,0.4750600188862115,0.0,0.0,0.99,8,linear
q_learning,sparse_eps-linear_seed1,sparse,1,4a77b6e251,1826,225,-11.250000000000025,-11.050000000000022,0.17395238095238108,0.15,0,out_of_energy,0,0,1,0,87,10,0,0,0,44,0.04477390296137238,0.4761324669964459,0.0,0.0,0.99,8,linear
q_learning,sparse_eps-linear_seed1,sparse,1,4a77b6e251,1827,225,-11.250000000000025,-11.050000000000022,0.1735,0.15,0,out_of_energy,0,0,1,0,103,5,4,0,0,42,0.04490077538431109,0.47818244810857313,0.0,0.0,0.99,8,linear
q_learning,sparse_eps-linear_seed1,sparse,1,4a77b6e251,1828,225,-11.250000000000025,-11.050000000000022,0.173047619047619,0.15,0,out_of_energy,0,0,1,0,87,17,0,0,0,46,0.04426563929444555,0.4480875372611573,0.0,0.0,0.99,8,linear
q_learning,sparse_eps-linear_seed1,sparse,1,4a77b6e251,1829,225,-1.2499999999999822,-10.950000000000022,0.17259523809523813,0.15,0,out_of_energy,0,0,1,0,83,17,0,0,1,43,0.15673723755702926,4.4593102765367965,0.0,0.0,0.99,8,linear
q_learning,sparse_eps-linear_seed1,sparse,1,4a77b6e251,1830,225,-11.250000000000025,-10.950000000000022,0.17214285714285715,0.15,0,out_of_energy,0,0,1,0,98,9,0,0,0,51,0.04365373162582198,0.4715397699721133,0.0,0.0,0.99,8,linear
q_learning,sparse_eps-linear_seed1,sparse,1,4a77b6e251,1831,225,-1.2500000000000078,-10.850000000000023,0.17169047619047617,0.15,0,out_of_energy,0,0,1,0,99,5,0,0,1,39,0.12350100832833322,7.141038748540397,0.0,0.0,0.99,8,linear
q_learning,sparse_eps-linear_seed1,sparse,1,4a77b6e251,1832,225,-11.250000000000025,-10.850000000000023,0.1712380952380953,0.15,0,out_of_energy,0,0,1,0,98,24,0,0,0,44,0.045778353015856796,0.45617137987742923,0.0,0.0,0.99,8,linear
q_learning,sparse_eps-linear_seed1,sparse,1,4a77b6e251,1833,225,-11.250000000000025,-10.850000000000023,0.17078571428571432,0.15,0,out_of_energy,0,0,1,0,103,32,0,0,0,46,0.045823118874222274,0.39233714956346044,0.0,0.0,0.99,8,linear
q_learning,sparse_eps-linear_seed1,sparse,1,4a77b6e251,1834,225,-11.250000000000025,-10.850000000000023,0.17033333333333345,0.15,0,out_of_energy,0,0,1,0,94,14,0,0,0,52,0.04291432821406115,0.32412862628258426,0.0,0.0,0.99,8,linear
q_learning,sparse_eps-linear_seed1,sparse,1,4a77b6e251,1835,225,-11.250000000000025,-10.850000000000023,0.16988095238095247,0.15,0,out_of_energy,0,0,1,0,94,3,0,0,0,45,0.04480256863398002,0.41781802650350625,0.0,0.0,0.99,8,linear
q_learning,sparse_eps-linear_seed1,sparse,1,4a77b6e251,1836,225,-11.250000000000025,-10.850000000000023,0.16942857142857137,0.15,0,out_of_energy,0,0,1,0,77,4,0,0,0,57,0.04492751939056432,0.44824966730872984,0.0,0.0,0.99,8,linear
q_learning,sparse_eps-linear_seed1,sparse,1,4a77b6e251,1837,225,-11.250000000000025,-10.850000000000023,0.1689761904761905,0.15,0,out_of_energy,0,0,1,0,85,27,0,0,0,52,0.04443354818720792,0.42213037915567053,0.0,0.0,0.99,8,linear
q_learning,sparse_eps-linear_seed1,sparse,1,4a77b6e251,1838,225,-11.250000000000025,-10.850000000000023,0.16852380952380952,0.15,0,out_of_energy,0,0,1,0,105,19,0,0,0,41,0.04338206582441343,0.4578622536361185,0.0,0.0,0.99,8,linear
q_learning,sparse_eps-linear_seed1,sparse,1,4a77b6e251,1839,225,-11.250000000000025,-10.850000000000023,0.16807142857142865,0.15,0,out_of_energy,0,0,1,0,86,29,0,0,0,46,0.045879775205073844,0.5184241456628197,0.0,0.0,0.99,8,linear
q_learning,sparse_eps-linear_seed1,sparse,1,4a77b6e251,1840,225,-1.2499999999999822,-10.750000000000023,0.16761904761904767,0.15,0,out_of_energy,0,0,1,0,109,25,0,0,1,42,0.08766265572383916,2.996183499871922,0.0,0.0,0.99,8,linear
q_learning,sparse_eps-linear_seed1,sparse,1,4a77b6e251,1841,225,-11.250000000000025,-10.750000000000023,0.16716666666666669,0.15,0,out_of_energy,0,0,1,0,105,22,0,0,0,42,0.04547349572784547,0.45737690985968327,0.0,0.0,0.99,8,linear
q_learning,sparse_eps-linear_seed1,sparse,1,4a77b6e251,1842,225,-11.250000000000025,-10.750000000000023,0.16671428571428581,0.15,0,out_of_energy,0,0,1,0,91,10,3,0,0,45,0.04374715850315002,0.3961410530208891,0.0,0.0,0.99,8,linear
q_learning,sparse_eps-linear_seed1,sparse,1,4a77b6e251,1843,225,-11.250000000000025,-10.750000000000023,0.16626190476190483,0.15,0,out_of_energy,0,0,1,0,94,18,0,0,0,36,0.0440646491723844,0.4044650156494868,0.0,0.0,0.99,8,linear
q_learning,sparse_eps-linear_seed1,sparse,1,4a77b6e251,1844,225,-11.250000000000025,-10.750000000000023,0.16580952380952385,0.15,0,out_of_energy,0,0,1,0,87,27,0,0,0,47,0.04433250126653216,0.42841524748190657,0.0,0.0,0.99,8,linear
q_learning,sparse_eps-linear_seed1,sparse,1,4a77b6e251,1845,225,-11.250000000000025,-10.750000000000023,0.16535714285714287,0.15,0,out_of_energy,0,0,1,0,102,21,0,0,0,46,0.04509696294969494,0.4332549006163545,0.0,0.0,0.99,8,linear
q_learning,sparse_eps-linear_seed1,sparse,1,4a77b6e251,1846,225,-11.250000000000025,-10.750000000000023,0.1649047619047619,0.15,0,out_of_energy,0,0,1,0,81,1,0,0,0,32,0.04468176202326902,0.4531585244506679,0.0,0.0,0.99,8,linear
q_learning,sparse_eps-linear_seed1,sparse,1,4a77b6e251,1847,225,-11.250000000000025,-10.750000000000023,0.16445238095238102,0.15,0,out_of_energy,0,0,1,0,77,27,0,0,0,54,0.04529668746562066,0.428415074889157,0.0,0.0,0.99,8,linear
q_learning,sparse_eps-linear_seed1,sparse,1,4a77b6e251,1848,225,-11.250000000000025,-10.750000000000023,0.16400000000000003,0.15,0,out_of_energy,0,0,1,0,85,0,0,0,0,48,0.04415572653246716,0.4552293636618851,0.0,0.0,0.99,8,linear
q_learning,sparse_eps-linear_seed1,sparse,1,4a77b6e251,1849,225,-11.250000000000025,-10.750000000000023,0.16354761904761905,0.15,0,out_of_energy,0,0,1,0,82,16,0,0,0,54,0.04374343493109929,0.42573942387729996,0.0,0.0,0.99,8,linear
q_learning,sparse_eps-linear_seed1,sparse,1,4a77b6e251,1850,225,-11.250000000000025,-10.750000000000023,0.16309523809523818,0.15,0,out_of_energy,0,0,1,0,109,6,0,0,0,44,0.04392873893386239,0.4363882197975556,0.0,0.0,0.99,8,linear
q_learning,sparse_eps-linear_seed1,sparse,1,4a77b6e251,1851,225,-11.250000000000025,-10.750000000000023,0.1626428571428572,0.15,0,out_of_energy,0,0,1,0,93,27,0,0,0,48,0.04422019446054707,0.44410771983450376,0.0,0.0,0.99,8,linear
q_learning,sparse_eps-linear_seed1,sparse,1,4a77b6e251,1852,225,-11.250000000000025,-10.750000000000023,0.16219047619047633,0.15,0,out_of_energy,0,0,1,0,99,7,0,0,0,40,0.043358950632633515,0.35551568518687215,0.0,0.0,0.99,8,linear
q_learning,sparse_eps-linear_seed1,sparse,1,4a77b6e251,1853,225,-11.250000000000025,-10.750000000000023,0.16173809523809524,0.15,0,out_of_energy,0,0,1,0,74,6,0,0,0,35,0.04480767544918466,0.4470688742412782,0.0,0.0,0.99,8,linear
q_learning,sparse_eps-linear_seed1,sparse,1,4a77b6e251,1854,225,-11.250000000000025,-10.750000000000023,0.16128571428571425,0.15,0,out_of_energy,0,0,1,0,100,8,0,0,0,39,0.04425637215646284,0.46420066090295364,0.0,0.0,0.99,8,linear
q_learning,sparse_eps-linear_seed1,sparse,1,4a77b6e251,1855,225,-11.250000000000025,-10.750000000000023,0.16083333333333338,0.15,0,out_of_energy,0,0,1,0,94,17,0,0,0,50,0.04536712469622573,0.4727381476917167,0.0,0.0,0.99,8,linear
q_learning,sparse_eps-linear_seed1,sparse,1,4a77b6e251,1856,225,-11.250000000000025,-10.750000000000023,0.1603809523809524,0.15,0,out_of_energy,0,0,1,0,100,30,0,0,0,35,0.04630893363858441,0.5477648777101725,0.0,0.0,0.99,8,linear
q_learning,sparse_eps-linear_seed1,sparse,1,4a77b6e251,1857,225,-11.250000000000025,-10.750000000000023,0.15992857142857153,0.15,0,out_of_energy,0,0,1,0,94,8,0,0,0,52,0.04561228152553094,0.5505048862770474,0.0,0.0,0.99,8,linear
q_learning,sparse_eps-linear_seed1,sparse,1,4a77b6e251,1858,225,-11.250000000000025,-10.750000000000023,0.15947619047619055,0.15,0,out_of_energy,0,0,1,0,102,14,0,0,0,57,0.04498335127832043,0.4670188349521137,0.0,0.0,0.99,8,linear
q_learning,sparse_eps-linear_seed1,sparse,1,4a77b6e251,1859,225,-11.250000000000025,-10.750000000000023,0.15902380952380957,0.15,0,out_of_energy,0,0,1,0,86,16,0,0,0,35,0.04331136706376774,0.41360811017577315,0.0,0.0,0.99,8,linear
q_learning,sparse_eps-linear_seed1,sparse,1,4a77b6e251,1860,225,-11.250000000000025,-10.750000000000023,0.1585714285714287,0.15,0,out_of_energy,0,0,1,0,96,10,0,0,0,40,0.04363641566584914,0.47858862577662425,0.0,0.0,0.99,8,linear
q_learning,sparse_eps-linear_seed1,sparse,1,4a77b6e251,1861,225,-11.250000000000025,-10.750000000000023,0.1581190476190476,0.15,0,out_of_energy,0,0,1,0,93,9,0,0,0,41,0.04427813978312825,0.46489096804976165,0.0,0.0,0.99,8,linear
q_learning,sparse_eps-linear_seed1,sparse,1,4a77b6e251,1862,225,-11.250000000000025,-10.750000000000023,0.15766666666666662,0.15,0,out_of_energy,0,0,1,0,100,1,0,0,0,59,0.04326306468677839,0.3744817015372211,0.0,0.0,0.99,8,linear
q_learning,sparse_eps-linear_seed1,sparse,1,4a77b6e251,1863,225,-11.250000000000025,-10.750000000000023,0.15721428571428575,0.15,0,out_of_energy,0,0,1,0,96,7,0,0,0,40,0.04383205813507636,0.4516622083738218,0.0,0.0,0.99,8,linear
q_learning,sparse_eps-linear_seed1,sparse,1,4a77b6e251,1864,225,-11.250000000000025,-10.750000000000023,0.15676190476190477,0.15,0,out_of_energy,0,0,1,0,117,11,0,0,0,51,0.04546000362011788,0.5580834937733687,0.0,0.0,0.99,8,linear
q_learning,sparse_eps-linear_seed1,sparse,1,4a77b6e251,1865,225,-11.250000000000025,-10.750000000000023,0.1563095238095239,0.15,0,out_of_energy,0,0,1,0,99,20,0,0,0,49,0.0416041391712321,0.39116798109982404,0.0,0.0,0.99,8,linear
q_learning,sparse_eps-linear_seed1,sparse,1,4a77b6e251,1866,225,-11.250000000000025,-10.750000000000023,0.15585714285714292,0.15,0,out_of_energy,0,0,1,0,78,8,3,0,0,48,0.045126408240439175,0.47625433809695905,0.0,0.0,0.99,8,linear
q_learning,sparse_eps-linear_seed1,sparse,1,4a77b6e251,1867,225,-11.250000000000025,-10.750000000000023,0.15540476190476193,0.15,0,out_of_energy,0,0,1,0,83,15,0,0,0,42,0.04540537536789352,0.4472856707377151,0.0,0.0,0.99,8,linear
q_learning,sparse_eps-linear_seed1,sparse,1,4a77b6e251,1868,225,-11.250000000000025,-10.750000000000023,0.15495238095238106,0.15,0,out_of_energy,0,0,1,0,87,5,0,0,0,44,0.04610821557235322,0.4777945221857445,0.0,0.0,0.99,8,linear
q_learning,sparse_eps-linear_seed1,sparse,1,4a77b6e251,1869,225,-11.250000000000025,-10.750000000000023,0.15450000000000008,0.15,0,out_of_energy,0,0,1,0,90,26,0,0,0,46,0.045022883637658224,0.4766005214730509,0.0,0.0,0.99,8,linear
q_learning,sparse_eps-linear_seed1,sparse,1,4a77b6e251,1870,225,-11.250000000000025,-10.750000000000023,0.1540476190476191,0.15,0,out_of_energy,0,0,1,0,104,17,0,0,0,41,0.045441239498624705,0.5381007323540542,0.0,0.0,0.99,8,linear
q_learning,sparse_eps-linear_seed1,sparse,1,4a77b6e251,1871,225,-11.250000000000025,-10.750000000000023,0.15359523809523812,0.15,0,out_of_energy,0,0,1,0,93,14,0,0,0,52,0.04330785600252644,0.4070962135077019,0.0,0.0,0.99,8,linear
q_learning,sparse_eps-linear_seed1,sparse,1,4a77b6e251,1872,225,-11.250000000000025,-10.750000000000023,0.15314285714285714,0.15,0,out_of_energy,0,0,1,0,97,10,0,0,0,37,0.041176115867548616,0.2962542160246755,0.0,0.0,0.99,8,linear
q_learning,sparse_eps-linear_seed1,sparse,1,4a77b6e251,1873,225,-11.250000000000025,-10.750000000000023,0.15269047619047627,0.15,0,out_of_energy,0,0,1,0,93,6,0,0,0,38,0.04365497169834641,0.45476088713243984,0.0,0.0,0.99,8,linear
q_learning,sparse_eps-linear_seed1,sparse,1,4a77b6e251,1874,225,-11.250000000000025,-10.750000000000023,0.15223809523809528,0.15,0,out_of_energy,0,0,1,0,90,26,0,0,0,43,0.04526200036698027,0.5612725892291787,0.0,0.0,0.99,8,linear
q_learning,sparse_eps-linear_seed1,sparse,1,4a77b6e251,1875,225,-1.2500000000000142,-10.650000000000023,0.1517857142857143,0.15,0,out_of_energy,0,0,1,0,99,3,0,0,1,50,0.11936819645640293,4.583977689334693,0.0,0.0,0.99,8,linear
q_learning,sparse_eps-linear_seed1,sparse,1,4a77b6e251,1876,225,-11.250000000000025,-10.650000000000023,0.15133333333333343,0.15,0,out_of_energy,0,0,1,0,118,7,0,0,0,46,0.04484864178998975,0.5234482620817645,0.0,0.0,0.99,8,linear
q_learning,sparse_eps-linear_seed1,sparse,1,4a77b6e251,1877,225,-11.250000000000025,-10.650000000000023,0.15088095238095245,0.15,0,out_of_energy,0,0,1,0,87,19,7,0,0,43,0.04287413597041002,0.40029129181703976,0.0,0.0,0.99,8,linear
q_learning,sparse_eps-linear_seed1,sparse,1,4a77b6e251,1878,225,-11.250000000000025,-10.650000000000023,0.15042857142857147,0.15,0,out_of_energy,0,0,1,0,86,4,0,0,0,37,0.04338228438557425,0.43327026371854227,0.0,0.0,0.99,8,linear
q_learning,sparse_eps-linear_seed1,sparse,1,4a77b6e251,1879,225,-11.250000000000025,-10.650000000000023,0.14997619047619049,0.15,0,out_of_energy,0,0,1,0,98,11,0,0,0,48,0.044539965605864505,0.46100962731744516,0.0,0.0,0.99,8,linear
q_learning,sparse_eps-linear_seed1,sparse,1,4a77b6e251,1880,225,-11.250000000000025,-10.650000000000025,0.1495238095238095,0.15,0,out_of_energy,0,0,1,0,94,2,0,0,0,50,0.04612368534529604,0.46447421219774143,0.0,0.0,0.99,8,linear
q_learning,sparse_eps-linear_seed1,sparse,1,4a77b6e251,1881,225,-11.250000000000025,-10.650000000000023,0.14907142857142863,0.15,0,out_of_energy,0,0,1,0,98,9,0,0,0,49,0.04337539700845304,0.3632478582274796,0.0,0.0,0.99,8,linear
q_learning,sparse_eps-linear_seed1,sparse,1,4a77b6e251,1882,225,-1.2499999999999822,-10.550000000000026,0.14861904761904765,0.15,0,out_of_energy,0,0,1,0,86,20,0,0,1,39,0.1080294129064999,4.217196634058304,0.0,0.0,0.99,8,linear
q_learning,sparse_eps-linear_seed1,sparse,1,4a77b6e251,1883,225,-11.250000000000025,-10.550000000000022,0.14816666666666678,0.15,0,out_of_energy,0,0,1,0,103,20,0,0,0,45,0.04391950273158639,0.434334305227375,0.0,0.0,0.99,8,linear
q_learning,sparse_eps-linear_seed1,sparse,1,4a77b6e251,1884,225,-11.250000000000025,-10.550000000000022,0.1477142857142858,0.15,0,out_of_energy,0,0,1,0,84,7,0,0,0,37,0.04254839014248988,0.36928751405570426,0.0,0.0,0.99,8,linear
q_learning,sparse_eps-linear_seed1,sparse,1,4a77b6e251,1885,225,-1.2499999999999822,-10.450000000000022,0.14726190476190482,0.15,0,out_of_energy,0,0,1,0,97,30,0,0,1,35,0.14044319768423663,5.5635379257071,0.0,0.0,0.99,8,linear
q_learning,sparse_eps-linear_seed1,sparse,1,4a77b6e251,1886,225,-11.250000000000025,-10.450000000000022,0.14680952380952383,0.15,0,out_of_energy,0,0,1,0,106,3,0,0,0,38,0.04452931145597935,0.44135479886773954,0.0,0.0,0.99,8,linear
q_learning,sparse_eps-linear_seed1,sparse,1,4a77b6e251,1887,225,-11.250000000000025,-10.450000000000022,0.14635714285714285,0.15,0,out_of_energy,0,0,1,0,98,5,0,0,0,42,0.04495739178374104,0.3936981469377595,0.0,0.0,0.99,8,linear
q_learning,sparse_eps-linear_seed1,sparse,1,4a77b6e251,1888,225,-11.250000000000025,-10.450000000000022,0.14590476190476187,0.15,0,out_of_energy,0,0,1,0,89,5,3,0,0,44,0.04373378354049336,0.4391895407013198,0.0,0.0,0.99,8,linear
q_learning,sparse_eps-linear_seed1,sparse,1,4a77b6e251,1889,225,-1.2499999999999822,-10.350000000000023,0.145452380952381,0.15,0,out_of_energy,0,0,1,0,101,27,0,0,1,44,0.15717537552514455,5.3382088984374025,0.0,0.0,0.99,8,linear
q_learning,sparse_eps-linear_seed1,sparse,1,4a77b6e251,1890,225,-11.250000000000025,-10.350000000000023,0.14500000000000002,0.15,0,out_of_energy,0,0,1,0,115,9,0,0,0,50,0.04383643462015276,0.4430434207395314,0.0,0.0,0.99,8,linear
q_learning,sparse_eps-linear_seed1,sparse,1,4a77b6e251,1891,225,-11.250000000000025,-10.350000000000023,0.14454761904761915,0.15,0,out_of_energy,0,0,1,0,107,2,0,0,0,46,0.043725529750750586,0.415485513412965,0.0,0.0,0.99,8,linear
q_learning,sparse_eps-linear_seed1,sparse,1,4a77b6e251,1892,225,-11.250000000000025,-10.350000000000023,0.14409523809523817,0.15,0,out_of_energy,0,0,1,0,98,13,0,0,0,40,0.04502109692191916,0.5386488090330299,0.0,0.0,0.99,8,linear
q_learning,sparse_eps-linear_seed1,sparse,1,4a77b6e251,1893,225,-1.2500000000000049,-10.250000000000023,0.14364285714285718,0.15,0,out_of_energy,0,0,1,0,104,14,0,0,1,48,0.0897413384742318,2.508816946882235,0.0,0.0,0.99,8,linear
q_learning,sparse_eps-linear_seed1,sparse,1,4a77b6e251,1894,225,-1.2499999999999822,-10.150000000000023,0.1431904761904763,0.15,0,out_of_energy,0,0,1,0,111,21,0,0,1,43,0.11213430528593366,3.526461571129672,0.0,0.0,0.99,8,linear
q_learning,sparse_eps-linear_seed1,sparse,1,4a77b6e251,1895,225,-11.250000000000025,-10.150000000000023,0.14273809523809522,0.15,0,out_of_energy,0,0,1,0,105,5,0,0,0,45,0.043315690687658386,0.4034585480027241,0.0,0.0,0.99,8,linear
q_learning,sparse_eps-linear_seed1,sparse,1,4a77b6e251,1896,225,-1.2499999999999822,-10.050000000000022,0.14228571428571435,0.15,0,out_of_energy,0,0,1,0,101,23,0,0,1,47,0.13341726281062824,3.925754868399206,0.0,0.0,0.99,8,linear
q_learning,sparse_eps-linear_seed1,sparse,1,4a77b6e251,1897,225,-11.250000000000025,-10.050000000000022,0.14183333333333337,0.15,0,out_of_energy,0,0,1,0,95,7,0,0,0,43,0.04425360717876074,0.417825353588975,0.0,0.0,0.99,8,linear
q_learning,sparse_eps-linear_seed1,sparse,1,4a77b6e251,1898,225,-11.250000000000025,-10.150000000000023,0.14138095238095238,0.15,0,out_of_energy,0,0,1,0,87,14,0,0,0,46,0.045669196123541284,0.4847821970744856,0.0,0.0,0.99,8,linear
q_learning,sparse_eps-linear_seed1,sparse,1,4a77b6e251,1899,225,-11.250000000000025,-10.150000000000022,0.14092857142857151,0.15,0,out_of_energy,0,0,1,0,97,30,0,0,0,44,0.046555230368809604,0.49230701489838613,0.0,0.0,0.99,8,linear
q_learning,sparse_eps-linear_seed1,sparse,1,4a77b6e251,1900,225,-11.250000000000025,-10.150000000000023,0.14047619047619053,0.15,0,out_of_energy,0,0,1,0,100,8,0,0,0,44,0.044614664706578884,0.4520838622039642,0.0,0.0,0.99,8,linear
q_learning,sparse_eps-linear_seed1,sparse,1,4a77b6e251,1901,225,-11.250000000000025,-10.150000000000022,0.14002380952380955,0.15,0,out_of_energy,0,0,1,0,110,10,0,0,0,57,0.044637554539554904,0.4616368689640194,0.0,0.0,0.99,8,linear
q_learning,sparse_eps-linear_seed1,sparse,1,4a77b6e251,1902,225,-11.250000000000025,-10.150000000000023,0.13957142857142868,0.15,0,out_of_energy,0,0,1,0,102,8,0,0,0,50,0.04315617270898506,0.42653112116417896,0.0,0.0,0.99,8,linear
q_learning,sparse_eps-linear_seed1,sparse,1,4a77b6e251,1903,225,-1.2499999999999822,-10.050000000000022,0.1391190476190476,0.15,0,out_of_energy,0,0,1,0,103,40,0,0,1,57,0.1571593642225687,4.506851291224911,0.0,0.0,0.99,8,linear
q_learning,sparse_eps-linear_seed1,sparse,1,4a77b6e251,1904,225,-1.2499999999999822,-9.950000000000022,0.13866666666666672,0.15,0,out_of_energy,0,0,1,0,97,23,0,0,1,46,0.1098022277470299,2.888991513419119,0.0,0.0,0.99,8,linear
q_learning,sparse_eps-linear_seed1,sparse,1,4a77b6e251,1905,225,-11.250000000000025,-9.950000000000022,0.13821428571428573,0.15,0,out_of_energy,0,0,1,0,95,12,0,0,0,55,0.04558460048525723,0.48144062061368925,0.0,0.0,0.99,8,linear
q_learning,sparse_eps-linear_seed1,sparse,1,4a77b6e251,1906,225,-11.250000000000025,-10.050000000000022,0.13776190476190475,0.15,0,out_of_energy,0,0,1,0,95,12,0,0,0,58,0.041395217184048566,0.2460098408656588,0.0,0.0,0.99,8,linear
q_learning,sparse_eps-linear_seed1,sparse,1,4a77b6e251,1907,225,-11.250000000000025,-10.050000000000022,0.13730952380952388,0.15,0,out_of_energy,0,0,1,0,93,8,0,0,0,42,0.044085543906192966,0.46637960123498906,0.0,0.0,0.99,8,linear
q_learning,sparse_eps-linear_seed1,sparse,1,4a77b6e251,1908,225,-11.250000000000025,-10.050000000000022,0.1368571428571429,0.15,0,out_of_energy,0,0,1,0,81,23,0,0,0,54,0.044591985522786336,0.44925901684365316,0.0,0.0,0.99,8,linear
q_learning,sparse_eps-linear_seed1,sparse,1,4a77b6e251,1909,225,-11.250000000000025,-10.050000000000022,0.13640476190476203,0.15,0,out_of_energy,0,0,1,0,79,21,1,0,0,37,0.04350549549272173,0.46215534276093356,0.0,0.0,0.99,8,linear
q_learning,sparse_eps-linear_seed1,sparse,1,4a77b6e251,1910,225,-1.2499999999999991,-9.950000000000022,0.13595238095238105,0.15,0,out_of_energy,0,0,1,0,98,14,0,0,1,32,0.0920867140762425,2.4115484296972847,0.0,0.0,0.99,8,linear
q_learning,sparse_eps-linear_seed1,sparse,1,4a77b6e251,1911,225,-1.2499999999999822,-9.850000000000021,0.13550000000000006,0.15,0,out_of_energy,0,0,1,0,86,9,0,0,1,45,0.09108085941303154,2.359397688168407,0.0,0.0,0.99,8,linear
q_learning,sparse_eps-linear_seed1,sparse,1,4a77b6e251,1912,225,-1.2499999999999822,-9.750000000000021,0.13504761904761908,0.15,0,out_of_energy,0,0,1,0,94,25,0,0,1,44,0.13313842457464242,4.307807976011262,0.0,0.0,0.99,8,linear
q_learning,sparse_eps-linear_seed1,sparse,1,4a77b6e251,1913,225,-11.250000000000025,-9.750000000000021,0.1345952380952381,0.15,0,out_of_energy,0,0,1,0,94,4,0,0,0,46,0.04385207122809881,0.3880905836181564,0.0,0.0,0.99,8,linear
q_learning,sparse_eps-linear_seed1,sparse,1,4a77b6e251,1914,225,-11.250000000000025,-9.750000000000021,0.13414285714285712,0.15,0,out_of_energy,0,0,1,0,93,11,2,0,0,53,0.045919957516676914,0.45799829920667207,0.0,0.0,0.99,8,linear
q_learning,sparse_eps-linear_seed1,sparse,1,4a77b6e251,1915,225,-1.2499999999999822,-9.65000000000002,0.13369047619047625,0.15,0,out_of_energy,0,0,1,0,100,22,0,0,1,48,0.11637528264937057,4.485178580318838,0.0,0.0,0.99,8,linear
q_learning,sparse_eps-linear_seed1,sparse,1,4a77b6e251,1916,225,-11.250000000000025,-9.65000000000002,0.13323809523809527,0.15,0,out_of_energy,0,0,1,0,108,30,0,0,0,39,0.04520939154616896,0.453032703087856,0.0,0.0,0.99,8,linear
q_learning,sparse_eps-linear_seed1,sparse,1,4a77b6e251,1917,225,-11.250000000000025,-9.65000000000002,0.1327857142857144,0.15,0,out_of_energy,0,0,1,0,105,10,0,0,0,54,0.0447455662207114,0.48306819527082073,0.0,0.0,0.99,8,linear
q_learning,sparse_eps-linear_seed1,sparse,1,4a77b6e251,1918,225,-1.2499999999999822,-9.55000000000002,0.1323333333333334,0.15,0,out_of_energy,0,0,1,0,101,9,0,0,1,42,0.13274326616218657,2.839194945973308,0.0,0.0,0.99,8,linear
q_learning,sparse_eps-linear_seed1,sparse,1,4a77b6e251,1919,225,-1.2499999999999822,-9.45000000000002,0.13188095238095243,0.15,0,out_of_energy,0,0,1,0,96,21,0,0,1,43,0.1306754958522407,3.4137945915662566,0.0,0.0,0.99,8,linear
q_learning,sparse_eps-linear_seed1,sparse,1,4a77b6e251,1920,225,-1.2499999999999822,-9.350000000000021,0.13142857142857145,0.15,0,out_of_energy,0,0,1,0,98,20,0,0,1,41,0.1335316644432782,3.562471614174707,0.0,0.0,0.99,8,linear
q_learning,sparse_eps-linear_seed1,sparse,1,4a77b6e251,1921,225,-1.2500000000000004,-9.250000000000021,0.13097619047619047,0.15,0,out_of_energy,0,0,1,0,107,4,0,0,1,51,0.09815503918260338,2.901302737170494,0.0,0.0,0.99,8,linear
q_learning,sparse_eps-linear_seed1,sparse,1,4a77b6e251,1922,225,-11.250000000000025,-9.250000000000021,0.1305238095238096,0.15,0,out_of_energy,0,0,1,0,111,11,0,0,0,46,0.04332600066553572,0.4680905999919846,0.0,0.0,0.99,8,linear
q_learning,sparse_eps-linear_seed1,sparse,1,4a77b6e251,1923,225,-11.250000000000025,-9.25000000000002,0.13007142857142862,0.15,0,out_of_energy,0,0,1,0,88,26,0,0,0,54,0.04529378391840265,0.4577753994321225,0.0,0.0,0.99,8,linear
q_learning,sparse_eps-linear_seed1,sparse,1,4a77b6e251,1924,225,-11.250000000000025,-9.250000000000018,0.12961904761904763,0.15,0,out_of_energy,0,0,1,0,93,8,0,0,0,44,0.0438099698583198,0.4293795563341262,0.0,0.0,0.99,8,linear
q_learning,sparse_eps-linear_seed1,sparse,1,4a77b6e251,1925,225,-11.250000000000025,-9.250000000000018,0.12916666666666676,0.15,0,out_of_energy,0,0,1,0,100,16,0,0,0,29,0.04600915280564879,0.485934358589185,0.0,0.0,0.99,8,linear
q_learning,sparse_eps-linear_seed1,sparse,1,4a77b6e251,1926,225,-11.250000000000025,-9.250000000000018,0.12871428571428578,0.15,0,out_of_energy,0,0,1,0,105,3,0,0,0,52,0.044415364067231435,0.46024765750829194,0.0,0.0,0.99,8,linear
q_learning,sparse_eps-linear_seed1,sparse,1,4a77b6e251,1927,225,-11.250000000000025,-9.250000000000018,0.1282619047619048,0.15,0,out_of_energy,0,0,1,0,80,4,0,0,0,36,0.04417989204137922,0.4671102176100192,0.0,0.0,0.99,8,linear
q_learning,sparse_eps-linear_seed1,sparse,1,4a77b6e251,1928,225,-11.250000000000025,-9.250000000000018,0.12780952380952382,0.15,0,out_of_energy,0,0,1,0,96,17,0,0,0,44,0.044285619151803006,0.4621487156880855,0.0,0.0,0.99,8,linear
q_learning,sparse_eps-linear_seed1,sparse,1,4a77b6e251,1929,225,-1.2499999999999822,-9.25000000000002,0.12735714285714284,0.15,0,out_of_energy,0,0,1,0,85,21,0,0,1,47,0.11424579022760109,3.330758923137501,0.0,0.0,0.99,8,linear
q_learning,sparse_eps-linear_seed1,sparse,1,4a77b6e251,1930,225,-11.250000000000025,-9.250000000000018,0.12690476190476196,0.15,0,out_of_energy,0,0,1,0,101,14,0,0,0,44,0.04335440995490901,0.44999683942704755,0.0,0.0,0.99,8,linear
q_learning,sparse_eps-linear_seed1,sparse,1,4a77b6e251,1931,225,-11.250000000000025,-9.350000000000017,0.12645238095238098,0.15,0,out_of_energy,0,0,1,0,95,16,0,0,0,49,0.04307937707086504,0.5946713793506936,0.0,0.0,0.99,8,linear
q_learning,sparse_eps-linear_seed1,sparse,1,4a77b6e251,1932,225,-11.250000000000025,-9.35000000000002,0.126,0.15,0,out_of_energy,0,0,1,0,101,0,0,0,0,43,0.043876914743865035,0.45230281532874045,0.0,0.0,0.99,8,linear
q_learning,sparse_eps-linear_seed1,sparse,1,4a77b6e251,1933,225,-11.250000000000025,-9.350000000000017,0.12554761904761913,0.15,0,out_of_energy,0,0,1,0,106,11,0,0,0,49,0.04366864856366084,0.4491632867292545,0.0,0.0,0.99,8,linear
q_learning,sparse_eps-linear_seed1,sparse,1,4a77b6e251,1934,225,-11.250000000000025,-9.350000000000017,0.12509523809523815,0.15,0,out_of_energy,0,0,1,0,92,2,0,0,0,44,0.04350533270717724,0.41078433678822684,0.0,0.0,0.99,8,linear
q_learning,sparse_eps-linear_seed1,sparse,1,4a77b6e251,1935,225,-11.250000000000025,-9.350000000000017,0.12464285714285728,0.15,0,out_of_energy,0,0,1,0,102,13,0,0,0,42,0.04580089008923503,0.47991840892304727,0.0,0.0,0.99,8,linear
q_learning,sparse_eps-linear_seed1,sparse,1,4a77b6e251,1936,225,-11.250000000000025,-9.350000000000017,0.1241904761904763,0.15,0,out_of_energy,0,0,1,0,99,10,0,0,0,50,0.043623656721191964,0.43388356069606404,0.0,0.0,0.99,8,linear
q_learning,sparse_eps-linear_seed1,sparse,1,4a77b6e251,1937,225,-11.250000000000025,-9.350000000000017,0.1237380952380952,0.15,0,out_of_energy,0,0,1,0,98,4,0,0,0,45,0.04438401393243247,0.42772721390661145,0.0,0.0,0.99,8,linear
q_learning,sparse_eps-linear_seed1,sparse,1,4a77b6e251,1938,225,-11.250000000000025,-9.350000000000017,0.12328571428571433,0.15,0,out_of_energy,0,0,1,0,95,2,0,0,0,45,0.04521769697643743,0.5883683639675327,0.0,0.0,0.99,8,linear
q_learning,sparse_eps-linear_seed1,sparse,1,4a77b6e251,1939,225,-11.250000000000025,-9.350000000000017,0.12283333333333335,0.15,0,out_of_energy,0,0,1,0,91,45,0,0,0,48,0.04568626876771903,0.4994652186043115,0.0,0.0,0.99,8,linear
q_learning,sparse_eps-linear_seed1,sparse,1,4a77b6e251,1940,225,-11.250000000000025,-9.450000000000019,0.12238095238095237,0.15,0,out_of_energy,0,0,1,0,116,7,0,0,0,46,0.0436249544442386,0.418430928880661,0.0,0.0,0.99,8,linear
q_learning,sparse_eps-linear_seed1,sparse,1,4a77b6e251,1941,225,-11.250000000000025,-9.450000000000019,0.1219285714285715,0.15,0,out_of_energy,0,0,1,0,90,2,0,0,0,51,0.042186396831735175,0.28668515795825605,0.0,0.0,0.99,8,linear
q_learning,sparse_eps-linear_seed1,sparse,1,4a77b6e251,1942,225,-11.250000000000025,-9.450000000000019,0.12147619047619052,0.15,0,out_of_energy,0,0,1,0,96,0,0,0,0,44,0.04354550120451254,0.46912281751682167,0.0,0.0,0.99,8,linear
q_learning,sparse_eps-linear_seed1,sparse,1,4a77b6e251,1943,225,-11.250000000000025,-9.450000000000019,0.12102380952380964,0.15,0,out_of_energy,0,0,1,0,89,12,0,0,0,51,0.045322718286615965,0.46332733778400365,0.0,0.0,0.99,8,linear
q_learning,sparse_eps-linear_seed1,sparse,1,4a77b6e251,1944,225,-11.250000000000025,-9.450000000000019,0.12057142857142866,0.15,0,out_of_energy,0,0,1,0,102,9,0,0,0,47,0.043847176375399706,0.43229446855822856,0.0,0.0,0.99,8,linear
q_learning,sparse_eps-linear_seed1,sparse,1,4a77b6e251,1945,225,-11.250000000000025,-9.450000000000019,0.12011904761904757,0.15,0,out_of_energy,0,0,1,0,94,4,0,0,0,41,0.0425567422012231,0.25280812000522096,0.0,0.0,0.99,8,linear
q_learning,sparse_eps-linear_seed1,sparse,1,4a77b6e251,1946,225,-11.250000000000025,-9.450000000000019,0.1196666666666667,0.15,0,out_of_energy,0,0,1,0,90,21,0,0,0,47,0.04702826764096898,0.503991805955499,0.0,0.0,0.99,8,linear
q_learning,sparse_eps-linear_seed1,sparse,1,4a77b6e251,1947,225,-11.250000000000025,-9.450000000000019,0.11921428571428572,0.15,0,out_of_energy,0,0,1,0,99,34,0,0,0,47,0.0446720061216705,0.4923108642989276,0.0,0.0,0.99,8,linear
q_learning,sparse_eps-linear_seed1,sparse,1,4a77b6e251,1948,225,-11.250000000000025,-9.450000000000019,0.11876190476190485,0.15,0,out_of_energy,0,0,1,0,92,19,0,0,0,39,0.04486977724725471,0.4298644474649049,0.0,0.0,0.99,8,linear
q_learning,sparse_eps-linear_seed1,sparse,1,4a77b6e251,1949,225,-11.250000000000025,-9.450000000000019,0.11830952380952386,0.15,0,out_of_energy,0,0,1,0,93,6,0,0,0,44,0.04479534859728054,0.44867861701557615,0.0,0.0,0.99,8,linear
q_learning,sparse_eps-linear_seed1,sparse,1,4a77b6e251,1950,225,-11.250000000000025,-9.450000000000019,0.11785714285714288,0.15,0,out_of_energy,0,0,1,0,96,11,0,0,0,37,0.043771999044563914,0.43091891975912877,0.0,0.0,0.99,8,linear
q_learning,sparse_eps-linear_seed1,sparse,1,4a77b6e251,1951,225,-11.250000000000025,-9.450000000000019,0.11740476190476201,0.15,0,out_of_energy,0,0,1,0,82,20,0,0,0,51,0.04444005996094434,0.44765671530116385,0.0,0.0,0.99,8,linear
q_learning,sparse_eps-linear_seed1,sparse,1,4a77b6e251,1952,225,-11.250000000000025,-9.450000000000019,0.11695238095238103,0.15,0,out_of_energy,0,0,1,0,101,22,0,0,0,47,0.04574767142109238,0.5032115228277237,0.0,0.0,0.99,8,linear
q_learning,sparse_eps-linear_seed1,sparse,1,4a77b6e251,1953,225,-11.250000000000025,-9.450000000000019,0.11650000000000005,0.15,0,out_of_energy,0,0,1,0,94,12,0,0,0,33,0.04440524001789349,0.4441440997282148,0.0,0.0,0.99,8,linear
q_learning,sparse_eps-linear_seed1,sparse,1,4a77b6e251,1954,225,-11.250000000000025,-9.450000000000019,0.11604761904761907,0.15,0,out_of_energy,0,0,1,0,104,10,0,0,0,48,0.04597777187689677,0.5064785167802057,0.0,0.0,0.99,8,linear
q_learning,sparse_eps-linear_seed1,sparse,1,4a77b6e251,1955,225,-11.250000000000025,-9.450000000000019,0.11559523809523808,0.15,0,out_of_energy,0,0,1,0,87,17,0,0,0,43,0.045279654101850385,0.46838562783732324,0.0,0.0,0.99,8,linear
q_learning,sparse_eps-linear_seed1,sparse,1,4a77b6e251,1956,225,-11.250000000000025,-9.450000000000019,0.11514285714285721,0.15,0,out_of_energy,0,0,1,0,105,5,0,0,0,43,0.04374532110454453,0.47327385524547577,0.0,0.0,0.99,8,linear
q_learning,sparse_eps-linear_seed1,sparse,1,4a77b6e251,1957,225,-11.250000000000025,-9.450000000000019,0.11469047619047623,0.15,0,out_of_energy,0,0,1,0,97,33,0,0,0,39,0.04337244106032294,0.47089713438044684,0.0,0.0,0.99,8,linear
q_learning,sparse_eps-linear_seed1,sparse,1,4a77b6e251,1958,225,-11.250000000000025,-9.450000000000019,0.11423809523809525,0.15,0,out_of_energy,0,0,1,0,87,7,0,0,0,45,0.04356259251540971,0.4150435224145941,0.0,0.0,0.99,8,linear
q_learning,sparse_eps-linear_seed1,sparse,1,4a77b6e251,1959,225,-11.250000000000025,-9.450000000000019,0.11378571428571438,0.15,0,out_of_energy,0,0,1,0,86,8,0,0,0,48,0.04643673801407782,0.6047326198322892,0.0,0.0,0.99,8,linear
q_learning,sparse_eps-linear_seed1,sparse,1,4a77b6e251,1960,225,-11.250000000000025,-9.450000000000019,0.1133333333333334,0.15,0,out_of_energy,0,0,1,0,91,22,0,0,0,45,0.04431314581842333,0.45761590735233876,0.0,0.0,0.99,8,linear
q_learning,sparse_eps-linear_seed1,sparse,1,4a77b6e251,1961,225,-11.250000000000025,-9.450000000000019,0.11288095238095253,0.15,0,out_of_energy,0,0,1,0,91,22,0,0,0,50,0.04478895066359423,0.5178036735218419,0.0,0.0,0.99,8,linear
q_learning,sparse_eps-linear_seed1,sparse,1,4a77b6e251,1962,225,-11.250000000000025,-9.450000000000019,0.11242857142857143,0.15,0,out_of_energy,0,0,1,0,106,6,0,0,0,40,0.04417711253791816,0.4414531354855958,0.0,0.0,0.99,8,linear
q_learning,sparse_eps-linear_seed1,sparse,1,4a77b6e251,1963,225,-11.250000000000025,-9.450000000000019,0.11197619047619045,0.15,0,out_of_energy,0,0,1,0,109,26,0,0,0,45,0.04558439092285527,0.4729607026704639,0.0,0.0,0.99,8,linear
q_learning,sparse_eps-linear_seed1,sparse,1,4a77b6e251,1964,225,-11.250000000000025,-9.450000000000019,0.11152380952380958,0.15,0,out_of_energy,0,0,1,0,100,4,0,0,0,48,0.04431910428041213,0.4919932222943036,0.0,0.0,0.99,8,linear
q_learning,sparse_eps-linear_seed1,sparse,1,4a77b6e251,1965,225,-11.250000000000025,-9.450000000000019,0.1110714285714286,0.15,0,out_of_energy,0,0,1,0,92,20,0,0,0,48,0.04634920134174172,0.5283358696408788,0.0,0.0,0.99,8,linear
q_learning,sparse_eps-linear_seed1,sparse,1,4a77b6e251,1966,225,-11.250000000000025,-9.450000000000019,0.11061904761904762,0.15,0,out_of_energy,0,0,1,0,95,10,0,0,0,36,0.04607239224737656,0.44825045311511047,0.0,0.0,0.99,8,linear
q_learning,sparse_eps-linear_seed1,sparse,1,4a77b6e251,1967,225,-1.2499999999999822,-9.350000000000017,0.11016666666666675,0.15,0,out_of_energy,0,0,1,0,81,34,0,0,1,44,0.19957647316596933,6.3485665332669905,0.0,0.0,0.99,8,linear
q_learning,sparse_eps-linear_seed1,sparse,1,4a77b6e251,1968,225,-1.2499999999999822,-9.250000000000018,0.10971428571428576,0.15,0,out_of_energy,0,0,1,0,104,35,0,0,1,51,0.16272624521144918,6.470177671857327,0.0,0.0,0.99,8,linear
q_learning,sparse_eps-linear_seed1,sparse,1,4a77b6e251,1969,225,-1.2499999999999822,-9.15000000000002,0.1092619047619049,0.15,0,out_of_energy,0,0,1,0,92,34,0,0,1,44,0.11390263857554916,2.22317567312576,0.0,0.0,0.99,8,linear
q_learning,sparse_eps-linear_seed1,sparse,1,4a77b6e251,1970,225,-1.2499999999999822,-9.050000000000018,0.1088095238095238,0.15,0,out_of_energy,0,0,1,0,97,26,0,0,1,41,0.15136930764565648,4.776710873985588,0.0,0.0,0.99,8,linear
q_learning,sparse_eps-linear_seed1,sparse,1,4a77b6e251,1971,225,-11.250000000000025,-9.050000000000018,0.10835714285714282,0.15,0,out_of_energy,0,0,1,0,80,4,0,0,0,37,0.04532004156682506,0.48451262812651447,0.0,0.0,0.99,8,linear
q_learning,sparse_eps-linear_seed1,sparse,1,4a77b6e251,1972,225,-11.250000000000025,-9.050000000000018,0.10790476190476195,0.15,0,out_of_energy,0,0,1,0,108,7,0,0,0,47,0.042752952381282704,0.4084091707188528,0.0,0.0,0.99,8,linear
q_learning,sparse_eps-linear_seed1,sparse,1,4a77b6e251,1973,225,-11.250000000000025,-9.050000000000018,0.10745238095238097,0.15,0,out_of_energy,0,0,1,0,87,6,0,0,0,52,0.042894503038372465,0.26334805985327203,0.0,0.0,0.99,8,linear
q_learning,sparse_eps-linear_seed1,sparse,1,4a77b6e251,1974,225,-1.2500000000000242,-8.950000000000017,0.1070000000000001,0.15,0,out_of_energy,0,0,1,0,89,15,0,0,1,41,0.08212735353441791,3.9022334388987465,0.0,0.0,0.99,8,linear
q_learning,sparse_eps-linear_seed1,sparse,1,4a77b6e251,1975,225,-1.2500000000000027,-8.950000000000017,0.10654761904761911,0.15,0,out_of_energy,0,0,1,0,107,7,0,0,1,50,0.08227560458741576,2.206436006629623,0.0,0.0,0.99,8,linear
q_learning,sparse_eps-linear_seed1,sparse,1,4a77b6e251,1976,225,-11.250000000000025,-8.950000000000015,0.10609523809523813,0.15,0,out_of_energy,0,0,1,0,94,5,7,0,0,42,0.04793755522984305,0.4834632199821033,0.0,0.0,0.99,8,linear
q_learning,sparse_eps-linear_seed1,sparse,1,4a77b6e251,1977,225,-11.250000000000025,-8.950000000000019,0.10564285714285726,0.15,0,out_of_energy,0,0,1,0,93,21,0,0,0,41,0.04389271473771948,0.43344909516841995,0.0,0.0,0.99,8,linear
q_learning,sparse_eps-linear_seed1,sparse,1,4a77b6e251,1978,225,-1.2499999999999822,-8.850000000000017,0.10519047619047628,0.15,0,out_of_energy,0,0,1,0,96,37,0,0,1,41,0.11321334133298393,3.7891808864228125,0.0,0.0,0.99,8,linear
q_learning,sparse_eps-linear_seed1,sparse,1,4a77b6e251,1979,225,-1.2500000000000133,-8.750000000000018,0.10473809523809519,0.15,0,out_of_energy,0,0,1,0,103,15,0,0,1,50,0.09471334842177172,3.712058497479213,0.0,0.0,0.99,8,linear
q_learning,sparse_eps-linear_seed1,sparse,1,4a77b6e251,1980,225,-1.2499999999999822,-8.650000000000016,0.10428571428571431,0.15,0,out_of_energy,0,0,1,0,97,43,0,0,1,45,0.1058155527987975,3.0551463126264453,0.0,0.0,0.99,8,linear
q_learning,sparse_eps-linear_seed1,sparse,1,4a77b6e251,1981,225,-11.250000000000025,-8.650000000000016,0.10383333333333333,0.15,0,out_of_energy,0,0,1,0,105,11,0,0,0,51,0.044561981536980474,0.44340767712701484,0.0,0.0,0.99,8,linear
q_learning,sparse_eps-linear_seed1,sparse,1,4a77b6e251,1982,225,-11.250000000000025,-8.750000000000016,0.10338095238095246,0.15,0,out_of_energy,0,0,1,0,90,32,0,0,0,61,0.0448486142533024,0.45500162313422104,0.0,0.0,0.99,8,linear
q_learning,sparse_eps-linear_seed1,sparse,1,4a77b6e251,1983,225,-11.250000000000025,-8.750000000000018,0.10292857142857148,0.15,0,out_of_energy,0,0,1,0,108,12,0,0,0,48,0.045080738450158954,0.4690210438405239,0.0,0.0,0.99,8,linear
q_learning,sparse_eps-linear_seed1,sparse,1,4a77b6e251,1984,225,-1.2499999999999822,-8.650000000000016,0.1024761904761905,0.15,0,out_of_energy,0,0,1,0,99,14,0,0,1,49,0.11112982157866651,3.930480818413666,0.0,0.0,0.99,8,linear
q_learning,sparse_eps-linear_seed1,sparse,1,4a77b6e251,1985,225,-1.2499999999999822,-8.650000000000018,0.10202380952380963,0.15,0,out_of_energy,0,0,1,0,91,26,0,0,1,47,0.0925773946752491,3.439349622706847,0.0,0.0,0.99,8,linear
q_learning,sparse_eps-linear_seed1,sparse,1,4a77b6e251,1986,225,-11.250000000000025,-8.650000000000016,0.10157142857142865,0.15,0,out_of_energy,0,0,1,0,91,13,0,0,0,36,0.04627435665842938,0.5046285309849201,0.0,0.0,0.99,8,linear
q_learning,sparse_eps-linear_seed1,sparse,1,4a77b6e251,1987,225,-11.250000000000025,-8.650000000000016,0.10111904761904766,0.15,0,out_of_energy,0,0,1,0,96,19,0,0,0,50,0.041603732646342366,0.19273652543547182,0.0,0.0,0.99,8,linear
q_learning,sparse_eps-linear_seed1,sparse,1,4a77b6e251,1988,225,-11.250000000000025,-8.650000000000016,0.10066666666666668,0.15,0,out_of_energy,0,0,1,0,95,18,0,0,0,56,0.04573240774680785,0.6570013413073413,0.0,0.0,0.99,8,linear
q_learning,sparse_eps-linear_seed1,sparse,1,4a77b6e251,1989,225,-11.250000000000025,-8.750000000000018,0.1002142857142857,0.15,0,out_of_energy,0,0,1,0,94,2,0,0,0,39,0.04354140109822018,0.47186313754407655,0.0,0.0,0.99,8,linear
q_learning,sparse_eps-linear_seed1,sparse,1,4a77b6e251,1990,225,-11.250000000000025,-8.750000000000016,0.09976190476190483,0.15,0,out_of_energy,0,0,1,0,94,20,0,0,0,38,0.04170256324764763,0.2981370506099561,0.0,0.0,0.99,8,linear
q_learning,sparse_eps-linear_seed1,sparse,1,4a77b6e251,1991,225,-1.2499999999999822,-8.650000000000016,0.09930952380952385,0.15,0,out_of_energy,0,0,1,0,104,34,0,0,1,46,0.10308786648603635,4.285337062488719,0.0,0.0,0.99,8,linear
q_learning,sparse_eps-linear_seed1,sparse,1,4a77b6e251,1992,225,-11.250000000000025,-8.650000000000016,0.09885714285714287,0.15,0,out_of_energy,0,0,1,0,87,12,0,0,0,42,0.04526192972118383,0.4813522467647882,0.0,0.0,0.99,8,linear
q_learning,sparse_eps-linear_seed1,sparse,1,4a77b6e251,1993,225,-1.2499999999999822,-8.650000000000016,0.098404761904762,0.15,0,out_of_energy,0,0,1,0,101,35,0,0,1,58,0.1125499466532783,3.313235020989684,0.0,0.0,0.99,8,linear
q_learning,sparse_eps-linear_seed1,sparse,1,4a77b6e251,1994,225,-1.2499999999999822,-8.650000000000016,0.09795238095238101,0.15,0,out_of_energy,0,0,1,0,100,31,0,0,1,39,0.12403139542148384,3.0423086050797625,0.0,0.0,0.99,8,linear
q_learning,sparse_eps-linear_seed1,sparse,1,4a77b6e251,1995,225,-1.2499999999999822,-8.550000000000017,0.09750000000000003,0.15,0,out_of_energy,0,0,1,0,91,36,0,0,1,30,0.170083521880276,4.3125689556791045,0.0,0.0,0.99,8,linear
q_learning,sparse_eps-linear_seed1,sparse,1,4a77b6e251,1996,225,-11.250000000000025,-8.650000000000016,0.09704761904761905,0.15,0,out_of_energy,0,0,1,0,86,10,0,0,0,43,0.044881133577519834,0.4175840627545349,0.0,0.0,0.99,8,linear
q_learning,sparse_eps-linear_seed1,sparse,1,4a77b6e251,1997,225,-11.250000000000025,-8.650000000000016,0.09659523809523807,0.15,0,out_of_energy,0,0,1,0,84,29,0,0,0,53,0.046032022753395484,0.4713201754458713,0.0,0.0,0.99,8,linear
q_learning,sparse_eps-linear_seed1,sparse,1,4a77b6e251,1998,225,-11.250000000000025,-8.650000000000016,0.0961428571428572,0.15,0,out_of_energy,0,0,1,0,98,19,0,0,0,47,0.045877489446559706,0.6334321969031039,0.0,0.0,0.99,8,linear
q_learning,sparse_eps-linear_seed1,sparse,1,4a77b6e251,1999,225,-11.250000000000025,-8.650000000000016,0.09569047619047621,0.15,0,out_of_energy,0,0,1,0,105,14,0,0,0,56,0.04452132589069677,0.45359176659983386,0.0,0.0,0.99,8,linear
q_learning,sparse_eps-linear_seed1,sparse,1,4a77b6e251,2000,225,-11.250000000000025,-8.650000000000016,0.09523809523809534,0.15,0,out_of_energy,0,0,1,0,80,7,0,0,0,40,0.04710026201807905,0.5519520787555396,0.0,0.0,0.99,8,linear
q_learning,sparse_eps-linear_seed1,sparse,1,4a77b6e251,2001,225,-11.250000000000025,-8.650000000000016,0.09478571428571436,0.15,0,out_of_energy,0,0,1,0,115,5,0,0,0,60,0.04389410425725665,0.48847023485868585,0.0,0.0,0.99,8,linear
q_learning,sparse_eps-linear_seed1,sparse,1,4a77b6e251,2002,225,-1.2499999999999822,-8.550000000000017,0.09433333333333338,0.15,0,out_of_energy,0,0,1,0,101,43,0,0,1,44,0.1319165953913029,5.957299225708032,0.0,0.0,0.99,8,linear
q_learning,sparse_eps-linear_seed1,sparse,1,4a77b6e251,2003,225,-11.250000000000025,-8.650000000000016,0.09388095238095251,0.15,0,out_of_energy,0,0,1,0,105,38,0,0,0,46,0.0442521170962693,0.4921755891944288,0.0,0.0,0.99,8,linear
q_learning,sparse_eps-linear_seed1,sparse,1,4a77b6e251,2004,225,-1.2499999999999822,-8.650000000000016,0.09342857142857142,0.15,0,out_of_energy,0,0,1,0,88,18,0,0,1,34,0.13956170714001306,2.56997878832244,0.0,0.0,0.99,8,linear
q_learning,sparse_eps-linear_seed1,sparse,1,4a77b6e251,2005,225,-1.2499999999999822,-8.550000000000017,0.09297619047619043,0.15,0,out_of_energy,0,0,1,0,112,3,0,0,1,51,0.09462071705327404,2.2182196796308205,0.0,0.0,0.99,8,linear
q_learning,sparse_eps-linear_seed1,sparse,1,4a77b6e251,2006,225,-1.2499999999999822,-8.450000000000015,0.09252380952380956,0.15,0,out_of_energy,0,0,1,0,110,21,0,0,1,51,0.10201990474794721,2.9452269551755457,0.0,0.0,0.99,8,linear
q_learning,sparse_eps-linear_seed1,sparse,1,4a77b6e251,2007,225,-1.2499999999999822,-8.350000000000016,0.09207142857142858,0.15,0,out_of_energy,0,0,1,0,110,36,0,0,1,46,0.10889745024756045,4.718494269358077,0.0,0.0,0.99,8,linear
q_learning,sparse_eps-linear_seed1,sparse,1,4a77b6e251,2008,225,-11.250000000000025,-8.350000000000016,0.09161904761904771,0.15,0,out_of_energy,0,0,1,0,106,19,0,0,0,51,0.04128156830114613,0.16382604662015104,0.0,0.0,0.99,8,linear
q_learning,sparse_eps-linear_seed1,sparse,1,4a77b6e251,2009,225,-11.250000000000025,-8.350000000000016,0.09116666666666673,0.15,0,out_of_energy,0,0,1,0,96,14,0,0,0,51,0.043510094798247176,0.47615967418648836,0.0,0.0,0.99,8,linear
q_learning,sparse_eps-linear_seed1,sparse,1,4a77b6e251,2010,225,-1.2499999999999951,-8.350000000000016,0.09071428571428575,0.15,0,out_of_energy,0,0,1,0,111,13,0,0,1,60,0.08183635001983744,2.0850737731935762,0.0,0.0,0.99,8,linear
q_learning,sparse_eps-linear_seed1,sparse,1,4a77b6e251,2011,225,-1.2499999999999822,-8.350000000000016,0.09026190476190488,0.15,0,out_of_energy,0,0,1,0,94,23,0,0,1,56,0.14529042822459456,4.902763846694754,0.0,0.0,0.99,8,linear
q_learning,sparse_eps-linear_seed1,sparse,1,4a77b6e251,2012,225,-1.2499999999999822,-8.350000000000016,0.08980952380952378,0.15,0,out_of_energy,0,0,1,0,83,15,0,0,1,50,0.11327866724393759,2.8023596390172374,0.0,0.0,0.99,8,linear
q_learning,sparse_eps-linear_seed1,sparse,1,4a77b6e251,2013,225,-1.2499999999999822,-8.250000000000016,0.08935714285714291,0.15,0,out_of_energy,0,0,1,0,105,24,0,0,1,49,0.19494359377178494,5.529842742762482,0.0,0.0,0.99,8,linear
q_learning,sparse_eps-linear_seed1,sparse,1,4a77b6e251,2014,225,-1.2499999999999822,-8.150000000000016,0.08890476190476193,0.15,0,out_of_energy,0,0,1,0,71,15,0,0,1,45,0.16104407934946652,3.8410473501987608,0.0,0.0,0.99,8,linear
q_learning,sparse_eps-linear_seed1,sparse,1,4a77b6e251,2015,225,-11.250000000000025,-8.250000000000016,0.08845238095238095,0.15,0,out_of_energy,0,0,1,0,106,12,0,0,0,38,0.04390377409479312,0.44985950624692406,0.0,0.0,0.99,8,linear
q_learning,sparse_eps-linear_seed1,sparse,1,4a77b6e251,2016,225,-1.2499999999999822,-8.150000000000016,0.08800000000000008,0.15,0,out_of_energy,0,0,1,0,94,24,0,0,1,46,0.1928202796689375,5.861359146960052,0.0,0.0,0.99,8,linear
q_learning,sparse_eps-linear_seed1,sparse,1,4a77b6e251,2017,225,-1.2499999999999822,-8.050000000000015,0.0875476190476191,0.15,0,out_of_energy,0,0,1,0,77,23,0,0,1,40,0.149379133811972,4.508368043130796,0.0,0.0,0.99,8,linear
q_learning,sparse_eps-linear_seed1,sparse,1,4a77b6e251,2018,225,-1.2499999999999822,-8.050000000000015,0.08709523809523811,0.15,0,out_of_energy,0,0,1,0,88,26,0,0,1,39,0.1295292363066679,3.8237784786952655,0.0,0.0,0.99,8,linear
q_learning,sparse_eps-linear_seed1,sparse,1,4a77b6e251,2019,225,-11.250000000000025,-8.150000000000016,0.08664285714285724,0.15,0,out_of_energy,0,0,1,0,93,11,0,0,0,44,0.045017711847394,0.4612338496035547,0.0,0.0,0.99,8,linear
q_learning,sparse_eps-linear_seed1,sparse,1,4a77b6e251,2020,225,-11.250000000000025,-8.250000000000016,0.08619047619047626,0.15,0,out_of_energy,0,0,1,0,104,26,0,0,0,50,0.04454490225689426,0.5778863618199779,0.0,0.0,0.99,8,linear
q_learning,sparse_eps-linear_seed1,sparse,1,4a77b6e251,2021,225,-1.2500000000000242,-8.250000000000014,0.08573809523809528,0.15,0,out_of_energy,0,0,1,0,93,17,0,0,1,42,0.1611873582138473,8.287262353414214,0.0,0.0,0.99,8,linear
q_learning,sparse_eps-linear_seed1,sparse,1,4a77b6e251,2022,225,-11.250000000000025,-8.250000000000014,0.0852857142857143,0.15,0,out_of_energy,0,0,1,0,87,2,0,0,0,50,0.04509209760545678,0.4751611861130191,0.0,0.0,0.99,8,linear
q_learning,sparse_eps-linear_seed1,sparse,1,4a77b6e251,2023,225,-1.2500000000000222,-8.150000000000015,0.08483333333333332,0.15,0,out_of_energy,0,0,1,0,88,10,0,0,1,54,0.08286476509272937,2.9022426529569847,0.0,0.0,0.99,8,linear
q_learning,sparse_eps-linear_seed1,sparse,1,4a77b6e251,2024,225,-11.250000000000025,-8.150000000000015,0.08438095238095245,0.15,0,out_of_energy,0,0,1,0,94,5,1,0,0,46,0.04597405880372482,0.46733058545368883,0.0,0.0,0.99,8,linear
q_learning,sparse_eps-linear_seed1,sparse,1,4a77b6e251,2025,225,-11.250000000000025,-8.150000000000015,0.08392857142857146,0.15,0,out_of_energy,0,0,1,0,92,9,0,0,0,46,0.04659711014201574,0.47114224613897493,0.0,0.0,0.99,8,linear
q_learning,sparse_eps-linear_seed1,sparse,1,4a77b6e251,2026,225,-11.250000000000025,-8.150000000000015,0.08347619047619059,0.15,0,out_of_energy,0,0,1,0,102,19,0,0,0,45,0.045493487272283896,0.5767721867451434,0.0,0.0,0.99,8,linear
q_learning,sparse_eps-linear_seed1,sparse,1,4a77b6e251,2027,225,-11.250000000000025,-8.150000000000015,0.08302380952380961,0.15,0,out_of_energy,0,0,1,0,98,5,3,0,0,42,0.04724412707195091,0.47316584084781627,0.0,0.0,0.99,8,linear
q_learning,sparse_eps-linear_seed1,sparse,1,4a77b6e251,2028,225,-11.250000000000025,-8.150000000000013,0.08257142857142863,0.15,0,out_of_energy,0,0,1,0,102,14,0,0,0,57,0.0430630338576664,0.3969351151231682,0.0,0.0,0.99,8,linear
q_learning,sparse_eps-linear_seed1,sparse,1,4a77b6e251,2029,225,-11.250000000000025,-8.250000000000016,0.08211904761904765,0.15,0,out_of_energy,0,0,1,0,107,44,0,0,0,57,0.04703296043586416,0.5913984338782827,0.0,0.0,0.99,8,linear
q_learning,sparse_eps-linear_seed1,sparse,1,4a77b6e251,2030,225,-11.250000000000025,-8.250000000000014,0.08166666666666667,0.15,0,out_of_energy,0,0,1,0,107,27,0,0,0,43,0.04487636537447854,0.5518590642712622,0.0,0.0,0.99,8,linear
q_learning,sparse_eps-linear_seed1,sparse,1,4a77b6e251,2031,225,-11.250000000000025,-8.250000000000014,0.08121428571428568,0.15,0,out_of_energy,0,0,1,0,90,18,0,0,0,43,0.04424478131449569,0.48597791898585335,0.0,0.0,0.99,8,linear
q_learning,sparse_eps-linear_seed1,sparse,1,4a77b6e251,2032,225,-11.250000000000025,-8.250000000000014,0.08076190476190481,0.15,0,out_of_energy,0,0,1,0,97,11,0,0,0,45,0.043458262451584934,0.4459859891520718,0.0,0.0,0.99,8,linear
q_learning,sparse_eps-linear_seed1,sparse,1,4a77b6e251,2033,225,-11.250000000000025,-8.250000000000014,0.08030952380952383,0.15,0,out_of_energy,0,0,1,0,89,18,0,0,0,38,0.046048170062671326,0.5138659566893298,0.0,0.0,0.99,8,linear
q_learning,sparse_eps-linear_seed1,sparse,1,4a77b6e251,2034,225,-11.250000000000025,-8.250000000000014,0.07985714285714296,0.15,0,out_of_energy,0,0,1,0,90,6,0,0,0,47,0.045671362941643055,0.515244752291753,0.0,0.0,0.99,8,linear
q_learning,sparse_eps-linear_seed1,sparse,1,4a77b6e251,2035,225,-11.250000000000025,-8.250000000000014,0.07940476190476198,0.15,0,out_of_energy,0,0,1,0,90,16,1,0,0,49,0.04475403347965243,0.4535239145079844,0.0,0.0,0.99,8,linear
q_learning,sparse_eps-linear_seed1,sparse,1,4a77b6e251,2036,225,-11.250000000000025,-8.250000000000014,0.078952380952381,0.15,0,out_of_energy,0,0,1,0,90,23,0,0,0,49,0.044033438859714294,0.45068847013891583,0.0,0.0,0.99,8,linear
q_learning,sparse_eps-linear_seed1,sparse,1,4a77b6e251,2037,225,-11.250000000000025,-8.250000000000014,0.07850000000000001,0.15,0,out_of_energy,0,0,1,0,108,9,0,0,0,40,0.04546480191266085,0.48590174303514616,0.0,0.0,0.99,8,linear
q_learning,sparse_eps-linear_seed1,sparse,1,4a77b6e251,2038,225,-11.250000000000025,-8.250000000000014,0.07804761904761903,0.15,0,out_of_energy,0,0,1,0,99,10,0,0,0,36,0.07877287766744799,4.310361210796782,0.0,0.0,0.99,8,linear
q_learning,sparse_eps-linear_seed1,sparse,1,4a77b6e251,2039,225,-11.250000000000025,-8.250000000000014,0.07759523809523816,0.15,0,out_of_energy,0,0,1,0,93,18,0,0,0,34,0.045061462971277076,0.5171350688154078,0.0,0.0,0.99,8,linear
q_learning,sparse_eps-linear_seed1,sparse,1,4a77b6e251,2040,225,-11.250000000000025,-8.250000000000014,0.07714285714285718,0.15,0,out_of_energy,0,0,1,0,93,15,1,0,0,40,0.044753728892330646,0.4576285030793913,0.0,0.0,0.99,8,linear
q_learning,sparse_eps-linear_seed1,sparse,1,4a77b6e251,2041,225,-11.250000000000025,-8.250000000000014,0.0766904761904762,0.15,0,out_of_energy,0,0,1,0,97,18,0,0,0,39,0.04527483537330506,0.5377944626374358,0.0,0.0,0.99,8,linear
q_learning,sparse_eps-linear_seed1,sparse,1,4a77b6e251,2042,225,-11.250000000000025,-8.250000000000014,0.07623809523809533,0.15,0,out_of_energy,0,0,1,0,100,17,0,0,0,41,0.045490953477047125,0.5030239485871206,0.0,0.0,0.99,8,linear
q_learning,sparse_eps-linear_seed1,sparse,1,4a77b6e251,2043,225,-1.2499999999999822,-8.150000000000015,0.07578571428571435,0.15,0,out_of_energy,0,0,1,0,106,25,0,0,1,42,0.1409793639351545,2.90685997487991,0.0,0.0,0.99,8,linear
q_learning,sparse_eps-linear_seed1,sparse,1,4a77b6e251,2044,225,-11.250000000000025,-8.150000000000015,0.07533333333333336,0.15,0,out_of_energy,0,0,1,0,98,16,0,0,0,44,0.043866674903164135,0.4910506483426194,0.0,0.0,0.99,8,linear
q_learning,sparse_eps-linear_seed1,sparse,1,4a77b6e251,2045,225,-11.250000000000025,-8.150000000000015,0.07488095238095249,0.15,0,out_of_energy,0,0,1,0,81,15,3,0,0,49,0.04549959753694182,0.46399258421461215,0.0,0.0,0.99,8,linear
q_learning,sparse_eps-linear_seed1,sparse,1,4a77b6e251,2046,225,-11.250000000000025,-8.150000000000015,0.0744285714285714,0.15,0,out_of_energy,0,0,1,0,89,21,0,0,0,46,0.04490998825748883,0.5061116836140396,0.0,0.0,0.99,8,linear
q_learning,sparse_eps-linear_seed1,sparse,1,4a77b6e251,2047,225,-11.250000000000025,-8.150000000000013,0.07397619047619053,0.15,0,out_of_energy,0,0,1,0,97,8,0,0,0,48,0.04467498153847267,0.48321067146051305,0.0,0.0,0.99,8,linear
q_learning,sparse_eps-linear_seed1,sparse,1,4a77b6e251,2048,225,-11.250000000000025,-8.150000000000013,0.07352380952380955,0.15,0,out_of_energy,0,0,1,0,96,17,0,0,0,47,0.04605320109991701,0.5722758174081025,0.0,0.0,0.99,8,linear
q_learning,sparse_eps-linear_seed1,sparse,1,4a77b6e251,2049,225,-11.250000000000025,-8.150000000000013,0.07307142857142856,0.15,0,out_of_energy,0,0,1,0,98,27,0,0,0,44,0.04604900258050233,0.605345484538185,0.0,0.0,0.99,8,linear
q_learning,sparse_eps-linear_seed1,sparse,1,4a77b6e251,2050,225,-11.250000000000025,-8.150000000000015,0.0726190476190477,0.15,0,out_of_energy,0,0,1,0,94,29,0,0,0,42,0.044725689357532995,0.5048888245076019,0.0,0.0,0.99,8,linear
q_learning,sparse_eps-linear_seed1,sparse,1,4a77b6e251,2051,225,-1.2499999999999822,-8.050000000000013,0.07216666666666671,0.15,0,out_of_energy,0,0,1,0,77,21,0,0,1,42,0.11437760392691664,2.73480624981582,0.0,0.0,0.99,8,linear
q_learning,sparse_eps-linear_seed1,sparse,1,4a77b6e251,2052,225,-11.250000000000025,-8.050000000000013,0.07171428571428584,0.15,0,out_of_energy,0,0,1,0,99,7,0,0,0,51,0.044879949538989036,0.5752447365575935,0.0,0.0,0.99,8,linear
q_learning,sparse_eps-linear_seed1,sparse,1,4a77b6e251,2053,225,-11.250000000000025,-8.050000000000013,0.07126190476190486,0.15,0,out_of_energy,0,0,1,0,97,21,2,0,0,36,0.04537044129793485,0.6454263843705722,0.0,0.0,0.99,8,linear
q_learning,sparse_eps-linear_seed1,sparse,1,4a77b6e251,2054,225,-11.250000000000025,-8.050000000000015,0.07080952380952377,0.15,0,out_of_energy,0,0,1,0,96,24,1,0,0,46,0.04495372909585456,0.4684968026790878,0.0,0.0,0.99,8,linear
q_learning,sparse_eps-linear_seed1,sparse,1,4a77b6e251,2055,225,-11.250000000000025,-8.050000000000013,0.0703571428571429,0.15,0,out_of_energy,0,0,1,0,80,17,7,0,0,41,0.045766597081985654,0.6161482698908815,0.0,0.0,0.99,8,linear
q_learning,sparse_eps-linear_seed1,sparse,1,4a77b6e251,2056,225,-11.250000000000025,-8.050000000000013,0.06990476190476191,0.15,0,out_of_energy,0,0,1,0,83,17,1,0,0,35,0.04591360683604812,0.5820821977584162,0.0,0.0,0.99,8,linear
q_learning,sparse_eps-linear_seed1,sparse,1,4a77b6e251,2057,225,-11.250000000000025,-8.050000000000013,0.06945238095238093,0.15,0,out_of_energy,0,0,1,0,91,12,0,0,0,52,0.04368441119106925,0.4394542074883206,0.0,0.0,0.99,8,linear
q_learning,sparse_eps-linear_seed1,sparse,1,4a77b6e251,2058,225,-11.250000000000025,-8.050000000000013,0.06900000000000006,0.15,0,out_of_energy,0,0,1,0,79,9,0,0,0,46,0.044990691562410874,0.4786684456199742,0.0,0.0,0.99,8,linear
q_learning,sparse_eps-linear_seed1,sparse,1,4a77b6e251,2059,225,-11.250000000000025,-8.050000000000013,0.06854761904761908,0.15,0,out_of_energy,0,0,1,0,92,10,3,0,0,44,0.04479759099470024,0.5050466253696574,0.0,0.0,0.99,8,linear
q_learning,sparse_eps-linear_seed1,sparse,1,4a77b6e251,2060,225,-1.2500000000000162,-7.9500000000000135,0.06809523809523821,0.15,0,out_of_energy,0,0,1,0,97,18,0,0,1,61,0.09019210225986152,3.426671150535107,0.0,0.0,0.99,8,linear
q_learning,sparse_eps-linear_seed1,sparse,1,4a77b6e251,2061,225,-11.250000000000025,-7.9500000000000135,0.06764285714285723,0.15,0,out_of_energy,0,0,1,0,103,14,0,0,0,38,0.04453261129925909,0.5026588876451438,0.0,0.0,0.99,8,linear
q_learning,sparse_eps-linear_seed1,sparse,1,4a77b6e251,2062,225,-11.250000000000025,-7.9500000000000135,0.06719047619047624,0.15,0,out_of_energy,0,0,1,0,83,20,2,0,0,43,0.04614730868402869,0.5841352565615805,0.0,0.0,0.99,8,linear
q_learning,sparse_eps-linear_seed1,sparse,1,4a77b6e251,2063,225,-11.250000000000025,-7.9500000000000135,0.06673809523809526,0.15,0,out_of_energy,0,0,1,0,101,10,0,0,0,45,0.04439819994065817,0.4843256116504561,0.0,0.0,0.99,8,linear
q_learning,sparse_eps-linear_seed1,sparse,1,4a77b6e251,2064,225,-11.250000000000025,-7.9500000000000135,0.06628571428571428,0.15,0,out_of_energy,0,0,1,0,100,7,0,0,0,50,0.04340506456243576,0.4911682708239598,0.0,0.0,0.99,8,linear
q_learning,sparse_eps-linear_seed1,sparse,1,4a77b6e251,2065,225,-11.250000000000025,-7.9500000000000135,0.06583333333333341,0.15,0,out_of_energy,0,0,1,0,97,6,0,0,0,34,0.04587802068741099,0.5040150593564614,0.0,0.0,0.99,8,linear
q_learning,sparse_eps-linear_seed1,sparse,1,4a77b6e251,2066,225,-11.250000000000025,-7.9500000000000135,0.06538095238095243,0.15,0,out_of_energy,0,0,1,0,77,12,5,0,0,41,0.04575956384813548,0.47751491006069186,0.0,0.0,0.99,8,linear
q_learning,sparse_eps-linear_seed1,sparse,1,4a77b6e251,2067,225,-1.2499999999999822,-7.9500000000000135,0.06492857142857145,0.15,0,out_of_energy,0,0,1,0,94,22,0,0,1,49,0.08089475739541924,2.0824375896704987,0.0,0.0,0.99,8,linear
q_learning,sparse_eps-linear_seed1,sparse,1,4a77b6e251,2068,225,-11.250000000000025,-8.050000000000015,0.06447619047619058,0.15,0,out_of_energy,0,0,1,0,107,11,0,0,0,41,0.047340857519905834,0.5499890888070491,0.0,0.0,0.99,8,linear
q_learning,sparse_eps-linear_seed1,sparse,1,4a77b6e251,2069,225,-11.250000000000025,-8.150000000000016,0.0640238095238096,0.15,0,out_of_energy,0,0,1,0,110,52,0,0,0,55,0.04401985072986519,0.49052786284060695,0.0,0.0,0.99,8,linear
q_learning,sparse_eps-linear_seed1,sparse,1,4a77b6e251,2070,225,-11.250000000000025,-8.250000000000016,0.06357142857142861,0.15,0,out_of_energy,0,0,1,0,84,11,0,0,0,47,0.04570900045415229,0.4817697953818016,0.0,0.0,0.99,8,linear
q_learning,sparse_eps-linear_seed1,sparse,1,4a77b6e251,2071,225,-11.250000000000025,-8.250000000000016,0.06311904761904763,0.15,0,out_of_energy,0,0,1,0,108,53,0,0,0,53,0.04358540879200937,0.46665193689237766,0.0,0.0,0.99,8,linear
q_learning,sparse_eps-linear_seed1,sparse,1,4a77b6e251,2072,225,-11.250000000000025,-8.250000000000014,0.06266666666666665,0.15,0,out_of_energy,0,0,1,0,89,7,0,0,0,40,0.04481077125248768,0.47348144073275716,0.0,0.0,0.99,8,linear
q_learning,sparse_eps-linear_seed1,sparse,1,4a77b6e251,2073,225,-1.2499999999999822,-8.150000000000016,0.06221428571428578,0.15,0,out_of_energy,0,0,1,0,80,5,0,0,1,51,0.11541458174439026,4.463444395712397,0.0,0.0,0.99,8,linear
q_learning,sparse_eps-linear_seed1,sparse,1,4a77b6e251,2074,225,-11.250000000000025,-8.250000000000016,0.061761904761904796,0.15,0,out_of_energy,0,0,1,0,90,7,0,0,0,47,0.04431358366293637,0.39665414635852103,0.0,0.0,0.99,8,linear
q_learning,sparse_eps-linear_seed1,sparse,1,4a77b6e251,2075,225,-11.250000000000025,-8.350000000000016,0.061309523809523814,0.15,0,out_of_energy,0,0,1,0,84,12,0,0,0,43,0.04547888747450277,0.4726495827330261,0.0,0.0,0.99,8,linear
q_learning,sparse_eps-linear_seed1,sparse,1,4a77b6e251,2076,225,-11.250000000000025,-8.350000000000016,0.06085714285714294,0.15,0,out_of_energy,0,0,1,0,95,13,0,0,0,43,0.04382114906522394,0.3883314685662501,0.0,0.0,0.99,8,linear
q_learning,sparse_eps-linear_seed1,sparse,1,4a77b6e251,2077,225,-11.250000000000025,-8.350000000000016,0.06040476190476196,0.15,0,out_of_energy,0,0,1,0,88,6,0,0,0,46,0.04377501737000695,0.46159236905875095,0.0,0.0,0.99,8,linear
q_learning,sparse_eps-linear_seed1,sparse,1,4a77b6e251,2078,225,-11.250000000000025,-8.450000000000015,0.05995238095238109,0.15,0,out_of_energy,0,0,1,0,82,7,0,0,0,48,0.0444159909592174,0.48407410759576547,0.0,0.0,0.99,8,linear
q_learning,sparse_eps-linear_seed1,sparse,1,4a77b6e251,2079,225,-11.250000000000025,-8.550000000000017,0.0595,0.15,0,out_of_energy,0,0,1,0,97,2,0,0,0,43,0.043427720378769914,0.4646476727845253,0.0,0.0,0.99,8,linear
q_learning,sparse_eps-linear_seed1,sparse,1,4a77b6e251,2080,225,-11.250000000000025,-8.650000000000016,0.059047619047619015,0.15,0,out_of_energy,0,0,1,0,94,31,0,0,0,49,0.04366899135869082,0.4956646572192697,0.0,0.0,0.99,8,linear
q_learning,sparse_eps-linear_seed1,sparse,1,4a77b6e251,2081,225,-11.250000000000025,-8.650000000000016,0.058595238095238145,0.15,0,out_of_energy,0,0,1,0,88,17,0,0,0,50,0.049891391648546904,0.5509188518238447,0.0,0.0,0.99,8,linear
q_learning,sparse_eps-linear_seed1,sparse,1,4a77b6e251,2082,225,-11.250000000000025,-8.650000000000016,0.05814285714285716,0.15,0,out_of_energy,0,0,1,0,88,13,1,0,0,40,0.04623025377183022,0.49813544125841985,0.0,0.0,0.99,8,linear
q_learning,sparse_eps-linear_seed1,sparse,1,4a77b6e251,2083,225,-11.250000000000025,-8.650000000000016,0.05769047619047618,0.15,0,out_of_energy,0,0,1,0,100,13,0,0,0,41,0.04572921436662403,0.5592118609338534,0.0,0.0,0.99,8,linear
q_learning,sparse_eps-linear_seed1,sparse,1,4a77b6e251,2084,225,-11.250000000000025,-8.750000000000016,0.05723809523809531,0.15,0,out_of_energy,0,0,1,0,86,2,0,0,0,45,0.04315789509527879,0.42477758650883896,0.0,0.0,0.99,8,linear
q_learning,sparse_eps-linear_seed1,sparse,1,4a77b6e251,2085,225,-11.250000000000025,-8.850000000000016,0.05678571428571433,0.15,0,out_of_energy,0,0,1,0,88,11,0,0,0,49,0.046032041438526995,0.543020378123276,0.0,0.0,0.99,8,linear
q_learning,sparse_eps-linear_seed1,sparse,1,4a77b6e251,2086,225,-1.2500000000000142,-8.750000000000016,0.05633333333333346,0.15,0,out_of_energy,0,0,1,0,88,11,0,0,1,52,0.08214781708282085,3.185901495542825,0.0,0.0,0.99,8,linear
q_learning,sparse_eps-linear_seed1,sparse,1,4a77b6e251,2087,225,-1.2500000000000013,-8.650000000000016,0.055880952380952476,0.15,0,out_of_energy,0,0,1,0,109,13,0,0,1,52,0.08568053495509574,1.9657449393295252,0.0,0.0,0.99,8,linear
q_learning,sparse_eps-linear_seed1,sparse,1,4a77b6e251,2088,225,-11.250000000000025,-8.650000000000016,0.05542857142857138,0.15,0,out_of_energy,0,0,1,0,79,7,0,0,0,39,0.04617396837935331,0.4860172534873081,0.0,0.0,0.99,8,linear
q_learning,sparse_eps-linear_seed1,sparse,1,4a77b6e251,2089,225,-11.250000000000025,-8.650000000000016,0.05497619047619051,0.15,0,out_of_energy,0,0,1,0,92,10,0,0,0,48,0.04381427040798619,0.4352814232300246,0.0,0.0,0.99,8,linear
q_learning,sparse_eps-linear_seed1,sparse,1,4a77b6e251,2090,225,-11.250000000000025,-8.650000000000016,0.05452380952380953,0.15,0,out_of_energy,0,0,1,0,103,12,0,0,0,37,0.04266741903153993,0.43134747125468187,0.0,0.0,0.99,8,linear
q_learning,sparse_eps-linear_seed1,sparse,1,4a77b6e251,2091,225,-11.250000000000025,-8.750000000000018,0.05407142857142866,0.15,0,out_of_energy,0,0,1,0,91,21,0,0,0,53,0.047300955156219474,0.7218799556820953,0.0,0.0,0.99,8,linear
q_learning,sparse_eps-linear_seed1,sparse,1,4a77b6e251,2092,225,-11.250000000000025,-8.750000000000016,0.05361904761904768,0.15,0,out_of_energy,0,0,1,0,100,37,6,0,0,40,0.04816443322048464,0.5879597835981111,0.0,0.0,0.99,8,linear
q_learning,sparse_eps-linear_seed1,sparse,1,4a77b6e251,2093,225,-11.250000000000025,-8.850000000000017,0.053166666666666695,0.15,0,out_of_energy,0,0,1,0,101,1,0,0,0,40,0.04474521010616204,0.48397263290996856,0.0,0.0,0.99,8,linear
q_learning,sparse_eps-linear_seed1,sparse,1,4a77b6e251,2094,225,-11.250000000000025,-8.950000000000019,0.052714285714285825,0.15,0,out_of_energy,0,0,1,0,96,10,0,0,0,42,0.04790386123542824,0.6855034367947999,0.0,0.0,0.99,8,linear
q_learning,sparse_eps-linear_seed1,sparse,1,4a77b6e251,2095,225,-11.250000000000025,-9.050000000000018,0.05226190476190484,0.15,0,out_of_energy,0,0,1,0,90,15,0,0,0,51,0.12065725546746572,9.157753607060899,0.0,0.0,0.99,8,linear
q_learning,sparse_eps-linear_seed1,sparse,1,4a77b6e251,2096,225,-11.250000000000025,-9.050000000000018,0.05180952380952375,0.15,0,out_of_energy,0,0,1,0,107,1,0,0,0,46,0.04452779924016868,0.414014893386926,0.0,0.0,0.99,8,linear
q_learning,sparse_eps-linear_seed1,sparse,1,4a77b6e251,2097,225,-11.250000000000025,-9.050000000000018,0.05135714285714288,0.15,0,out_of_energy,0,0,1,0,95,33,0,0,0,47,0.046594062125587185,0.6144237573411424,0.0,0.0,0.99,8,linear
q_learning,sparse_eps-linear_seed1,sparse,1,4a77b6e251,2098,225,-1.2500000000000215,-8.950000000000019,0.0509047619047619,0.15,0,out_of_energy,0,0,1,0,89,18,0,0,1,49,0.08532269280907485,2.7074343623718518,0.0,0.0,0.99,8,linear
q_learning,sparse_eps-linear_seed1,sparse,1,4a77b6e251,2099,225,-11.250000000000025,-8.950000000000019,0.050452380952381026,0.15,0,out_of_energy,0,0,1,0,114,3,0,0,0,41,0.04356670777460936,0.46288661856343766,0.0,0.0,0.99,8,linear
q_learning,sparse_eps-linear_seed1,sparse,1,4a77b6e251,2100,225,-1.2499999999999822,-8.850000000000017,0.050000000000000044,0.15,0,out_of_energy,0,0,1,0,101,20,0,0,1,46,0.15356289807629664,4.2380207712705005,0.0,0.0,0.99,8,linear
q_learning,sparse_eps-linear_seed1,sparse,1,4a77b6e251,2101,225,-1.2499999999999822,-8.750000000000018,0.050000000000000044,0.15,0,out_of_energy,0,0,1,0,102,31,0,0,1,37,0.11309276090549834,3.976708469462525,0.0,0.0,0.99,8,linear
q_learning,sparse_eps-linear_seed1,sparse,1,4a77b6e251,2102,225,-1.2499999999999822,-8.750000000000018,0.050000000000000044,0.15,0,out_of_energy,0,0,1,0,94,21,0,0,1,52,0.10810518404626566,2.40202410374532,0.0,0.0,0.99,8,linear
q_learning,sparse_eps-linear_seed1,sparse,1,4a77b6e251,2103,225,-11.250000000000025,-8.750000000000018,0.050000000000000044,0.15,0,out_of_energy,0,0,1,0,92,15,3,0,0,49,0.04741577753615468,0.6750684875926662,0.0,0.0,0.99,8,linear
q_learning,sparse_eps-linear_seed1,sparse,1,4a77b6e251,2104,225,-1.2499999999999822,-8.750000000000018,0.050000000000000044,0.15,0,out_of_energy,0,0,1,0,94,24,0,0,1,49,0.0894048606729492,2.604187937894752,0.0,0.0,0.99,8,linear
q_learning,sparse_eps-linear_seed1,sparse,1,4a77b6e251,2105,225,-1.2499999999999822,-8.750000000000018,0.050000000000000044,0.15,0,out_of_energy,0,0,1,0,102,29,0,0,1,49,0.09107459482411147,2.312371984701266,0.0,0.0,0.99,8,linear
q_learning,sparse_eps-linear_seed1,sparse,1,4a77b6e251,2106,225,-1.2499999999999822,-8.750000000000018,0.050000000000000044,0.15,0,out_of_energy,0,0,1,0,93,18,0,0,1,59,0.10185621470149764,2.3525249814586244,0.0,0.0,0.99,8,linear
q_learning,sparse_eps-linear_seed1,sparse,1,4a77b6e251,2107,225,-1.2499999999999822,-8.750000000000018,0.050000000000000044,0.15,0,out_of_energy,0,0,1,0,99,27,0,0,1,38,0.15036811137689426,4.287973999111042,0.0,0.0,0.99,8,linear
q_learning,sparse_eps-linear_seed1,sparse,1,4a77b6e251,2108,225,-11.250000000000025,-8.75000000000002,0.050000000000000044,0.15,0,out_of_energy,0,0,1,0,88,14,0,0,0,42,0.04636598435644839,0.6479725290496067,0.0,0.0,0.99,8,linear
q_learning,sparse_eps-linear_seed1,sparse,1,4a77b6e251,2109,225,-1.2499999999999822,-8.650000000000018,0.050000000000000044,0.15,0,out_of_energy,0,0,1,0,102,29,0,0,1,46,0.10132466512368922,2.3384198476455307,0.0,0.0,0.99,8,linear
q_learning,sparse_eps-linear_seed1,sparse,1,4a77b6e251,2110,225,-1.2499999999999822,-8.650000000000018,0.050000000000000044,0.15,0,out_of_energy,0,0,1,0,75,30,0,0,1,35,0.11880834540118881,3.0523437781463083,0.0,0.0,0.99,8,linear
q_learning,sparse_eps-linear_seed1,sparse,1,4a77b6e251,2111,225,-11.250000000000025,-8.750000000000018,0.050000000000000044,0.15,0,out_of_energy,0,0,1,0,114,27,0,0,0,57,0.04481041977515758,0.49277388255107685,0.0,0.0,0.99,8,linear
q_learning,sparse_eps-linear_seed1,sparse,1,4a77b6e251,2112,225,-1.2499999999999822,-8.75000000000002,0.050000000000000044,0.15,0,out_of_energy,0,0,1,0,110,28,0,0,1,40,0.10726799573761563,2.365400608946291,0.0,0.0,0.99,8,linear
q_learning,sparse_eps-linear_seed1,sparse,1,4a77b6e251,2113,225,-11.250000000000025,-8.850000000000017,0.050000000000000044,0.15,0,out_of_energy,0,0,1,0,97,5,0,0,0,29,0.043803943249776274,0.43206860607336245,0.0,0.0,0.99,8,linear
q_learning,sparse_eps-linear_seed1,sparse,1,4a77b6e251,2114,225,-1.2499999999999822,-8.85000000000002,0.050000000000000044,0.15,0,out_of_energy,0,0,1,0,92,32,0,0,1,44,0.09341240344697826,2.3381779015791455,0.0,0.0,0.99,8,linear
q_learning,sparse_eps-linear_seed1,sparse,1,4a77b6e251,2115,225,-1.2499999999999822,-8.750000000000018,0.050000000000000044,0.15,0,out_of_energy,0,0,1,0,86,24,0,0,1,41,0.11810784292642318,5.434936821027911,0.0,0.0,0.99,8,linear
q_learning,sparse_eps-linear_seed1,sparse,1,4a77b6e251,2116,225,-1.2499999999999822,-8.75000000000002,0.050000000000000044,0.15,0,out_of_energy,0,0,1,0,86,22,0,0,1,53,0.08607042287874826,2.33519510240637,0.0,0.0,0.99,8,linear
q_learning,sparse_eps-linear_seed1,sparse,1,4a77b6e251,2117,225,-1.2499999999999822,-8.75000000000002,0.050000000000000044,0.15,0,out_of_energy,0,0,1,0,99,21,0,0,1,48,0.09639044982107055,2.3331868996273784,0.0,0.0,0.99,8,linear
q_learning,sparse_eps-linear_seed1,sparse,1,4a77b6e251,2118,225,-11.250000000000025,-8.85000000000002,0.050000000000000044,0.15,0,out_of_energy,0,0,1,0,84,10,0,0,0,48,0.044628877660496266,0.5077837123195865,0.0,0.0,0.99,8,linear
q_learning,sparse_eps-linear_seed1,sparse,1,4a77b6e251,2119,225,-11.250000000000025,-8.850000000000017,0.050000000000000044,0.15,0,out_of_energy,0,0,1,0,107,7,0,0,0,43,0.04490149659416158,0.5143224175129577,0.0,0.0,0.99,8,linear
q_learning,sparse_eps-linear_seed1,sparse,1,4a77b6e251,2120,225,-11.250000000000025,-8.850000000000017,0.050000000000000044,0.15,0,out_of_energy,0,0,1,0,99,10,0,0,0,41,0.04498982495747623,0.6347428656007148,0.0,0.0,0.99,8,linear
q_learning,sparse_eps-linear_seed1,sparse,1,4a77b6e251,2121,225,-11.250000000000025,-8.950000000000019,0.050000000000000044,0.15,0,out_of_energy,0,0,1,0,89,12,0,0,0,41,0.04641493926394397,0.5845744941101096,0.0,0.0,0.99,8,linear
q_learning,sparse_eps-linear_seed1,sparse,1,4a77b6e251,2122,225,-11.250000000000025,-8.950000000000019,0.050000000000000044,0.15,0,out_of_energy,0,0,1,0,71,14,3,0,0,49,0.04518776124090616,0.5993957654238039,0.0,0.0,0.99,8,linear
q_learning,sparse_eps-linear_seed1,sparse,1,4a77b6e251,2123,225,-1.2499999999999822,-8.950000000000017,0.050000000000000044,0.15,0,out_of_energy,0,0,1,0,80,23,0,0,1,41,0.09570683577036748,2.06026855580972,0.0,0.0,0.99,8,linear
q_learning,sparse_eps-linear_seed1,sparse,1,4a77b6e251,2124,225,-11.250000000000025,-8.950000000000019,0.050000000000000044,0.15,0,out_of_energy,0,0,1,0,88,13,1,0,0,45,0.04599971519963888,0.590964657557797,0.0,0.0,0.99,8,linear
q_learning,sparse_eps-linear_seed1,sparse,1,4a77b6e251,2125,225,-1.2499999999999822,-8.850000000000017,0.050000000000000044,0.15,0,out_of_energy,0,0,1,0,103,25,0,0,1,51,0.09720003528153187,2.356901269298839,0.0,0.0,0.99,8,linear
q_learning,sparse_eps-linear_seed1,sparse,1,4a77b6e251,2126,225,-11.250000000000025,-8.850000000000017,0.050000000000000044,0.15,0,out_of_energy,0,0,1,0,99,4,0,0,0,50,0.04464237555603704,0.571545552621845,0.0,0.0,0.99,8,linear
q_learning,sparse_eps-linear_seed1,sparse,1,4a77b6e251,2127,225,-11.250000000000025,-8.850000000000017,0.050000000000000044,0.15,0,out_of_energy,0,0,1,0,88,3,0,0,0,48,0.046551104430579075,0.665198150486563,0.0,0.0,0.99,8,linear
q_learning,sparse_eps-linear_seed1,sparse,1,4a77b6e251,2128,225,-1.2499999999999822,-8.750000000000018,0.050000000000000044,0.15,0,out_of_energy,0,0,1,0,77,23,0,0,1,41,0.10997008807694231,3.283139824402628,0.0,0.0,0.99,8,linear
q_learning,sparse_eps-linear_seed1,sparse,1,4a77b6e251,2129,225,-1.2500000000000078,-8.650000000000016,0.050000000000000044,0.15,0,out_of_energy,0,0,1,0,109,2,0,0,1,44,0.0827137831365912,2.266193016522437,0.0,0.0,0.99,8,linear
q_learning,sparse_eps-linear_seed1,sparse,1,4a77b6e251,2130,225,-11.250000000000025,-8.650000000000016,0.050000000000000044,0.15,0,out_of_energy,0,0,1,0,105,5,0,0,0,49,0.04557189929503442,0.5756417001824594,0.0,0.0,0.99,8,linear
q_learning,sparse_eps-linear_seed1,sparse,1,4a77b6e251,2131,225,-11.250000000000025,-8.650000000000016,0.050000000000000044,0.15,0,out_of_energy,0,0,1,0,94,7,0,0,0,45,0.04478293761852773,0.48402223910223213,0.0,0.0,0.99,8,linear
q_learning,sparse_eps-linear_seed1,sparse,1,4a77b6e251,2132,225,-11.250000000000025,-8.650000000000016,0.050000000000000044,0.15,0,out_of_energy,0,0,1,0,87,2,0,0,0,32,0.044638630442402384,0.5696417828741562,0.0,0.0,0.99,8,linear
q_learning,sparse_eps-linear_seed1,sparse,1,4a77b6e251,2133,225,-11.250000000000025,-8.650000000000016,0.050000000000000044,0.15,0,out_of_energy,0,0,1,0,91,3,0,0,0,43,0.0433250885491103,0.4317699222634275,0.0,0.0,0.99,8,linear
q_learning,sparse_eps-linear_seed1,sparse,1,4a77b6e251,2134,225,-11.250000000000025,-8.650000000000016,0.050000000000000044,0.15,0,out_of_energy,0,0,1,0,98,2,0,0,0,49,0.04484703738112968,0.49250316802690447,0.0,0.0,0.99,8,linear
q_learning,sparse_eps-linear_seed1,sparse,1,4a77b6e251,2135,225,-11.250000000000025,-8.650000000000016,0.050000000000000044,0.15,0,out_of_energy,0,0,1,0,95,30,0,0,0,45,0.043910555133422485,0.5016613572041609,0.0,0.0,0.99,8,linear
q_learning,sparse_eps-linear_seed1,sparse,1,4a77b6e251,2136,225,-11.250000000000025,-8.650000000000016,0.050000000000000044,0.15,0,out_of_energy,0,0,1,0,87,10,0,0,0,47,0.04548754450272001,0.5491566744863745,0.0,0.0,0.99,8,linear
q_learning,sparse_eps-linear_seed1,sparse,1,4a77b6e251,2137,225,-11.250000000000025,-8.650000000000016,0.050000000000000044,0.15,0,out_of_energy,0,0,1,0,103,11,0,0,0,43,0.043324423922572124,0.44642091164999814,0.0,0.0,0.99,8,linear
q_learning,sparse_eps-linear_seed1,sparse,1,4a77b6e251,2138,225,-11.250000000000025,-8.650000000000016,0.050000000000000044,0.15,0,out_of_energy,0,0,1,0,98,5,0,0,0,45,0.04525042522346174,0.5502411786471242,0.0,0.0,0.99,8,linear
q_learning,sparse_eps-linear_seed1,sparse,1,4a77b6e251,2139,225,-11.250000000000025,-8.650000000000016,0.050000000000000044,0.15,0,out_of_energy,0,0,1,0,101,25,0,0,0,44,0.04458816250792703,0.5072713769046628,0.0,0.0,0.99,8,linear
q_learning,sparse_eps-linear_seed1,sparse,1,4a77b6e251,2140,225,-11.250000000000025,-8.650000000000016,0.050000000000000044,0.15,0,out_of_energy,0,0,1,0,99,27,0,0,0,54,0.04550055911678639,0.49018556081883785,0.0,0.0,0.99,8,linear
q_learning,sparse_eps-linear_seed1,sparse,1,4a77b6e251,2141,225,-11.250000000000025,-8.650000000000016,0.050000000000000044,0.15,0,out_of_energy,0,0,1,0,94,30,2,0,0,39,0.045733391823312645,0.5487369506548196,0.0,0.0,0.99,8,linear
q_learning,sparse_eps-linear_seed1,sparse,1,4a77b6e251,2142,225,-11.250000000000025,-8.650000000000016,0.050000000000000044,0.15,0,out_of_energy,0,0,1,0,92,8,0,0,0,49,0.046217830210956,0.5659723663236033,0.0,0.0,0.99,8,linear
q_learning,sparse_eps-linear_seed1,sparse,1,4a77b6e251,2143,225,-11.250000000000025,-8.750000000000018,0.050000000000000044,0.15,0,out_of_energy,0,0,1,0,102,11,0,0,0,53,0.0443542823878508,0.5040397142125173,0.0,0.0,0.99,8,linear
q_learning,sparse_eps-linear_seed1,sparse,1,4a77b6e251,2144,225,-11.250000000000025,-8.750000000000018,0.050000000000000044,0.15,0,out_of_energy,0,0,1,0,90,1,0,0,0,36,0.046796731603553084,0.5068571336880232,0.0,0.0,0.99,8,linear
q_learning,sparse_eps-linear_seed1,sparse,1,4a77b6e251,2145,225,-11.250000000000025,-8.750000000000016,0.050000000000000044,0.15,0,out_of_energy,0,0,1,0,69,13,0,0,0,40,0.045078103959641236,0.49531112150089524,0.0,0.0,0.99,8,linear
q_learning,sparse_eps-linear_seed1,sparse,1,4a77b6e251,2146,225,-11.250000000000025,-8.750000000000018,0.050000000000000044,0.15,0,out_of_energy,0,0,1,0,79,40,0,0,0,40,0.04459816172839603,0.47655648033062886,0.0,0.0,0.99,8,linear
q_learning,sparse_eps-linear_seed1,sparse,1,4a77b6e251,2147,225,-11.250000000000025,-8.750000000000018,0.050000000000000044,0.15,0,out_of_energy,0,0,1,0,104,23,0,0,0,51,0.0462190868840821,0.5001006337750833,0.0,0.0,0.99,8,linear
q_learning,sparse_eps-linear_seed1,sparse,1,4a77b6e251,2148,225,-11.250000000000025,-8.750000000000018,0.050000000000000044,0.15,0,out_of_energy,0,0,1,0,94,1,0,0,0,48,0.04312451195639718,0.49274245094802666,0.0,0.0,0.99,8,linear
q_learning,sparse_eps-linear_seed1,sparse,1,4a77b6e251,2149,225,-11.250000000000025,-8.750000000000016,0.050000000000000044,0.15,0,out_of_energy,0,0,1,0,102,13,0,0,0,45,0.04367663609221206,0.4904833711238485,0.0,0.0,0.99,8,linear
q_learning,sparse_eps-linear_seed1,sparse,1,4a77b6e251,2150,225,-11.250000000000025,-8.750000000000018,0.050000000000000044,0.15,0,out_of_energy,0,0,1,0,92,3,0,0,0,43,0.04316872385669176,0.4664297865684283,0.0,0.0,0.99,8,linear
q_learning,sparse_eps-linear_seed1,sparse,1,4a77b6e251,2151,225,-11.250000000000025,-8.850000000000017,0.050000000000000044,0.15,0,out_of_energy,0,0,1,0,102,1,0,0,0,47,0.04458451019846068,0.4887071611557818,0.0,0.0,0.99,8,linear
q_learning,sparse_eps-linear_seed1,sparse,1,4a77b6e251,2152,225,-11.250000000000025,-8.850000000000017,0.050000000000000044,0.15,0,out_of_energy,0,0,1,0,96,31,7,0,0,61,0.04563893744237444,0.5549905160678216,0.0,0.0,0.99,8,linear
q_learning,sparse_eps-linear_seed1,sparse,1,4a77b6e251,2153,225,-11.250000000000025,-8.850000000000017,0.050000000000000044,0.15,0,out_of_energy,0,0,1,0,90,14,0,0,0,40,0.04424091345639228,0.4832109974755587,0.0,0.0,0.99,8,linear
q_learning,sparse_eps-linear_seed1,sparse,1,4a77b6e251,2154,225,-1.2500000000000049,-8.750000000000018,0.050000000000000044,0.15,0,out_of_energy,0,0,1,0,105,22,0,0,1,49,0.08149981985079037,1.8636248967932376,0.0,0.0,0.99,8,linear
q_learning,sparse_eps-linear_seed1,sparse,1,4a77b6e251,2155,225,-11.250000000000025,-8.750000000000018,0.050000000000000044,0.15,0,out_of_energy,0,0,1,0,92,17,0,0,0,53,0.04315194634749259,0.48093873630465794,0.0,0.0,0.99,8,linear
q_learning,sparse_eps-linear_seed1,sparse,1,4a77b6e251,2156,225,-11.250000000000025,-8.750000000000018,0.050000000000000044,0.15,0,out_of_energy,0,0,1,0,100,21,4,0,0,56,0.044196875641518946,0.497955302390049,0.0,0.0,0.99,8,linear
q_learning,sparse_eps-linear_seed1,sparse,1,4a77b6e251,2157,225,-11.250000000000025,-8.750000000000018,0.050000000000000044,0.15,0,out_of_energy,0,0,1,0,85,37,5,0,0,47,0.04518649140234498,0.5184066814729721,0.0,0.0,0.99,8,linear
q_learning,sparse_eps-linear_seed1,sparse,1,4a77b6e251,2158,225,-11.250000000000025,-8.750000000000018,0.050000000000000044,0.15,0,out_of_energy,0,0,1,0,100,24,0,0,0,45,0.04342506495207011,0.3251837870209845,0.0,0.0,0.99,8,linear
q_learning,sparse_eps-linear_seed1,sparse,1,4a77b6e251,2159,225,-11.250000000000025,-8.750000000000018,0.050000000000000044,0.15,0,out_of_energy,0,0,1,0,109,33,0,0,0,46,0.044178779413479204,0.516561475441316,0.0,0.0,0.99,8,linear
q_learning,sparse_eps-linear_seed1,sparse,1,4a77b6e251,2160,225,-1.2499999999999822,-8.750000000000018,0.050000000000000044,0.15,0,out_of_energy,0,0,1,0,83,13,0,0,1,42,0.10854938662521717,4.675713083345859,0.0,0.0,0.99,8,linear
q_learning,sparse_eps-linear_seed1,sparse,1,4a77b6e251,2161,225,-1.2499999999999822,-8.650000000000016,0.050000000000000044,0.15,0,out_of_energy,0,0,1,0,99,21,0,0,1,45,0.10475270156871268,2.4952171102888663,0.0,0.0,0.99,8,linear
q_learning,sparse_eps-linear_seed1,sparse,1,4a77b6e251,2162,225,-1.2499999999999822,-8.550000000000017,0.050000000000000044,0.15,0,out_of_energy,0,0,1,0,89,21,0,0,1,43,0.11712639751802517,4.024647156126668,0.0,0.0,0.99,8,linear
q_learning,sparse_eps-linear_seed1,sparse,1,4a77b6e251,2163,225,-11.250000000000025,-8.550000000000017,0.050000000000000044,0.15,0,out_of_energy,0,0,1,0,107,7,0,0,0,52,0.044373864676436406,0.4860885346581533,0.0,0.0,0.99,8,linear
q_learning,sparse_eps-linear_seed1,sparse,1,4a77b6e251,2164,225,-11.250000000000025,-8.550000000000017,0.050000000000000044,0.15,0,out_of_energy,0,0,1,0,106,7,0,0,0,47,0.04384248827871896,0.5010257807407583,0.0,0.0,0.99,8,linear
q_learning,sparse_eps-linear_seed1,sparse,1,4a77b6e251,2165,225,-1.2499999999999822,-8.450000000000015,0.050000000000000044,0.15,0,out_of_energy,0,0,1,0,84,23,0,0,1,50,0.11374452496147275,4.354447811998696,0.0,0.0,0.99,8,linear
q_learning,sparse_eps-linear_seed1,sparse,1,4a77b6e251,2166,225,-11.250000000000025,-8.450000000000015,0.050000000000000044,0.15,0,out_of_energy,0,0,1,0,110,8,0,0,0,47,0.04323792479732344,0.5009550242130251,0.0,0.0,0.99,8,linear
q_learning,sparse_eps-linear_seed1,sparse,1,4a77b6e251,2167,225,-11.250000000000025,-8.550000000000017,0.050000000000000044,0.15,0,out_of_energy,0,0,1,0,84,26,0,0,0,42,0.04305725823857761,0.4965811826771421,0.0,0.0,0.99,8,linear
q_learning,sparse_eps-linear_seed1,sparse,1,4a77b6e251,2168,225,-11.250000000000025,-8.550000000000017,0.050000000000000044,0.15,0,out_of_energy,0,0,1,0,81,1,0,0,0,53,0.04514511146603561,0.5028697311426872,0.0,0.0,0.99,8,linear
q_learning,sparse_eps-linear_seed1,sparse,1,4a77b6e251,2169,225,-11.250000000000025,-8.550000000000017,0.050000000000000044,0.15,0,out_of_energy,0,0,1,0,84,17,0,0,0,48,0.044258239917322646,0.5082763668511296,0.0,0.0,0.99,8,linear
q_learning,sparse_eps-linear_seed1,sparse,1,4a77b6e251,2170,225,-11.250000000000025,-8.550000000000017,0.050000000000000044,0.15,0,out_of_energy,0,0,1,0,99,21,0,0,0,50,0.05369464645008293,1.48075478672442,0.0,0.0,0.99,8,linear
q_learning,sparse_eps-linear_seed1,sparse,1,4a77b6e251,2171,225,-11.250000000000025,-8.550000000000017,0.050000000000000044,0.15,0,out_of_energy,0,0,1,0,99,4,0,0,0,42,0.044206151755091995,0.35505311927873895,0.0,0.0,0.99,8,linear
q_learning,sparse_eps-linear_seed1,sparse,1,4a77b6e251,2172,225,-1.2499999999999822,-8.450000000000015,0.050000000000000044,0.15,0,out_of_energy,0,0,1,0,108,44,0,0,1,55,0.0998386954889608,2.47659707886958,0.0,0.0,0.99,8,linear
q_learning,sparse_eps-linear_seed1,sparse,1,4a77b6e251,2173,225,-11.250000000000025,-8.550000000000017,0.050000000000000044,0.15,0,out_of_energy,0,0,1,0,99,1,0,0,0,45,0.0437964409578384,0.5120030947730289,0.0,0.0,0.99,8,linear
q_learning,sparse_eps-linear_seed1,sparse,1,4a77b6e251,2174,225,-1.2499999999999822,-8.450000000000015,0.050000000000000044,0.15,0,out_of_energy,0,0,1,0,88,23,0,0,1,49,0.22941681868132885,6.580831884889475,0.0,0.0,0.99,8,linear
q_learning,sparse_eps-linear_seed1,sparse,1,4a77b6e251,2175,225,-1.2499999999999822,-8.350000000000016,0.050000000000000044,0.15,0,out_of_energy,0,0,1,0,90,27,0,0,1,32,0.1081644049184029,3.3864840223971155,0.0,0.0,0.99,8,linear
q_learning,sparse_eps-linear_seed1,sparse,1,4a77b6e251,2176,225,-1.2499999999999822,-8.250000000000016,0.050000000000000044,0.15,0,out_of_energy,0,0,1,0,92,24,0,0,1,53,0.1067082627718484,4.434405975304362,0.0,0.0,0.99,8,linear
q_learning,sparse_eps-linear_seed1,sparse,1,4a77b6e251,2177,225,-1.2499999999999822,-8.150000000000016,0.050000000000000044,0.15,0,out_of_energy,0,0,1,0,96,46,0,0,1,46,0.12284023119520723,4.2161900743809735,0.0,0.0,0.99,8,linear
q_learning,sparse_eps-linear_seed1,sparse,1,4a77b6e251,2178,225,-1.2499999999999925,-8.050000000000015,0.050000000000000044,0.15,0,out_of_energy,0,0,1,0,102,17,0,0,1,50,0.09387195598797161,2.8436256305506697,0.0,0.0,0.99,8,linear
q_learning,sparse_eps-linear_seed1,sparse,1,4a77b6e251,2179,225,-1.2499999999999822,-7.9500000000000135,0.050000000000000044,0.15,0,out_of_energy,0,0,1,0,111,34,0,0,1,46,0.12771414981225535,3.339847212271545,0.0,0.0,0.99,8,linear
q_learning,sparse_eps-linear_seed1,sparse,1,4a77b6e251,2180,225,-11.250000000000025,-7.950000000000014,0.050000000000000044,0.15,0,out_of_energy,0,0,1,0,100,1,0,0,0,39,0.044182227375102516,0.49017163363995814,0.0,0.0,0.99,8,linear
q_learning,sparse_eps-linear_seed1,sparse,1,4a77b6e251,2181,225,-1.2499999999999822,-7.850000000000014,0.050000000000000044,0.15,0,out_of_energy,0,0,1,0,102,38,0,0,1,48,0.1264104345989788,3.5305070631872595,0.0,0.0,0.99,8,linear
q_learning,sparse_eps-linear_seed1,sparse,1,4a77b6e251,2182,225,-11.250000000000025,-7.850000000000014,0.050000000000000044,0.15,0,out_of_energy,0,0,1,0,82,4,0,0,0,48,0.04399138337674267,0.49630425683067597,0.0,0.0,0.99,8,linear
q_learning,sparse_eps-linear_seed1,sparse,1,4a77b6e251,2183,225,-1.2500000000000033,-7.750000000000013,0.050000000000000044,0.15,0,out_of_energy,0,0,1,0,95,16,0,0,1,44,0.08368579973612221,1.6826553816515952,0.0,0.0,0.99,8,linear
q_learning,sparse_eps-linear_seed1,sparse,1,4a77b6e251,2184,225,-11.250000000000025,-7.750000000000013,0.050000000000000044,0.15,0,out_of_energy,0,0,1,0,98,25,0,0,0,62,0.04520001622274596,0.5576488832365674,0.0,0.0,0.99,8,linear
q_learning,sparse_eps-linear_seed1,sparse,1,4a77b6e251,2185,225,-11.250000000000025,-7.750000000000012,0.050000000000000044,0.15,0,out_of_energy,0,0,1,0,93,10,0,0,0,38,0.04599291212902531,0.5192599010266687,0.0,0.0,0.99,8,linear
q_learning,sparse_eps-linear_seed1,sparse,1,4a77b6e251,2186,225,-11.250000000000025,-7.850000000000012,0.050000000000000044,0.15,0,out_of_energy,0,0,1,0,96,30,0,0,0,52,0.04459671152494972,0.42261515651972903,0.0,0.0,0.99,8,linear
q_learning,sparse_eps-linear_seed1,sparse,1,4a77b6e251,2187,225,-11.250000000000025,-7.950000000000013,0.050000000000000044,0.15,0,out_of_energy,0,0,1,0,116,8,0,0,0,47,0.041404362713052346,0.3031834821174618,0.0,0.0,0.99,8,linear
q_learning,sparse_eps-linear_seed1,sparse,1,4a77b6e251,2188,225,-11.250000000000025,-7.950000000000012,0.050000000000000044,0.15,0,out_of_energy,0,0,1,0,92,4,0,0,0,42,0.04619816611621567,0.498963890497164,0.0,0.0,0.99,8,linear
q_learning,sparse_eps-linear_seed1,sparse,1,4a77b6e251,2189,225,-1.2500000000000189,-7.850000000000012,0.050000000000000044,0.15,0,out_of_energy,0,0,1,0,97,6,0,0,1,49,0.08559450268802607,2.598261594283239,0.0,0.0,0.99,8,linear
q_learning,sparse_eps-linear_seed1,sparse,1,4a77b6e251,2190,225,-1.2499999999999822,-7.7500000000000115,0.050000000000000044,0.15,0,out_of_energy,0,0,1,0,103,39,0,0,1,52,0.15536727138878664,6.078671857544379,0.0,0.0,0.99,8,linear
q_learning,sparse_eps-linear_seed1,sparse,1,4a77b6e251,2191,225,-11.250000000000025,-7.750000000000012,0.050000000000000044,0.15,0,out_of_energy,0,0,1,0,105,14,0,0,0,53,0.0428150610059669,0.3458771151513016,0.0,0.0,0.99,8,linear
q_learning,sparse_eps-linear_seed1,sparse,1,4a77b6e251,2192,225,-1.2499999999999822,-7.650000000000011,0.050000000000000044,0.15,0,out_of_energy,0,0,1,0,96,55,0,0,1,34,0.12401403583398841,6.643388564086914,0.0,0.0,0.99,8,linear
q_learning,sparse_eps-linear_seed1,sparse,1,4a77b6e251,2193,225,-1.2499999999999822,-7.550000000000011,0.050000000000000044,0.15,0,out_of_energy,0,0,1,0,93,26,0,0,1,33,0.10699843873659606,2.8582383114577627,0.0,0.0,0.99,8,linear
q_learning,sparse_eps-linear_seed1,sparse,1,4a77b6e251,2194,225,-1.2500000000000149,-7.450000000000012,0.050000000000000044,0.15,0,out_of_energy,0,0,1,0,96,5,0,0,1,53,0.08175414877983551,2.5213996519324042,0.0,0.0,0.99,8,linear
q_learning,sparse_eps-linear_seed1,sparse,1,4a77b6e251,2195,225,-11.250000000000025,-7.450000000000012,0.050000000000000044,0.15,0,out_of_energy,0,0,1,0,109,24,0,0,0,46,0.04529766725023979,0.49095124237533944,0.0,0.0,0.99,8,linear
q_learning,sparse_eps-linear_seed1,sparse,1,4a77b6e251,2196,225,-11.250000000000025,-7.450000000000012,0.050000000000000044,0.15,0,out_of_energy,0,0,1,0,97,31,0,0,0,49,0.04472372812243806,0.4991445222900421,0.0,0.0,0.99,8,linear
q_learning,sparse_eps-linear_seed1,sparse,1,4a77b6e251,2197,225,-11.250000000000025,-7.45000000000001,0.050000000000000044,0.15,0,out_of_energy,0,0,1,0,118,20,0,0,0,45,0.04653621555681004,0.6401586779040481,0.0,0.0,0.99,8,linear
q_learning,sparse_eps-linear_seed1,sparse,1,4a77b6e251,2198,225,-11.250000000000025,-7.550000000000011,0.050000000000000044,0.15,0,out_of_energy,0,0,1,0,94,24,0,0,0,46,0.04633060526304772,0.6264340157694614,0.0,0.0,0.99,8,linear
q_learning,sparse_eps-linear_seed1,sparse,1,4a77b6e251,2199,225,-11.250000000000025,-7.550000000000011,0.050000000000000044,0.15,0,out_of_energy,0,0,1,0,98,13,5,0,0,47,0.04687262234919343,0.6172998645359034,0.0,0.0,0.99,8,linear
q_learning,sparse_eps-linear_seed1,sparse,1,4a77b6e251,2200,225,-11.250000000000025,-7.650000000000011,0.050000000000000044,0.15,0,out_of_energy,0,0,1,0,107,7,0,0,0,42,0.04459466342886293,0.498314557672863,0.0,0.0,0.99,8,linear
q_learning,sparse_eps-linear_seed1,sparse,1,4a77b6e251,2201,225,-11.250000000000025,-7.7500000000000115,0.050000000000000044,0.15,0,out_of_energy,0,0,1,0,100,12,0,0,0,44,0.04535036870053589,0.6471490924835962,0.0,0.0,0.99,8,linear
q_learning,sparse_eps-linear_seed1,sparse,1,4a77b6e251,2202,225,-11.250000000000025,-7.850000000000012,0.050000000000000044,0.15,0,out_of_energy,0,0,1,0,85,13,0,0,0,46,0.045196999415580516,0.5414580920034355,0.0,0.0,0.99,8,linear
q_learning,sparse_eps-linear_seed1,sparse,1,4a77b6e251,2203,225,-11.250000000000025,-7.850000000000012,0.050000000000000044,0.15,0,out_of_energy,0,0,1,0,87,9,0,0,0,51,0.04660419948820473,0.5893024451458219,0.0,0.0,0.99,8,linear
q_learning,sparse_eps-linear_seed1,sparse,1,4a77b6e251,2204,225,-11.250000000000025,-7.9500000000000135,0.050000000000000044,0.15,0,out_of_energy,0,0,1,0,90,11,0,0,0,49,0.04600295616708039,0.6790509227022987,0.0,0.0,0.99,8,linear
q_learning,sparse_eps-linear_seed1,sparse,1,4a77b6e251,2205,225,-11.250000000000025,-8.050000000000013,0.050000000000000044,0.15,0,out_of_energy,0,0,1,0,86,7,4,0,0,45,0.047860261095695494,0.6355645826406332,0.0,0.0,0.99,8,linear
q_learning,sparse_eps-linear_seed1,sparse,1,4a77b6e251,2206,225,-11.250000000000025,-8.150000000000013,0.050000000000000044,0.15,0,out_of_energy,0,0,1,0,93,25,0,0,0,58,0.04453124073637691,0.5119202962076904,0.0,0.0,0.99,8,linear
q_learning,sparse_eps-linear_seed1,sparse,1,4a77b6e251,2207,225,-11.250000000000025,-8.250000000000014,0.050000000000000044,0.15,0,out_of_energy,0,0,1,0,80,13,3,0,0,46,0.046853532444276674,0.757737042761481,0.0,0.0,0.99,8,linear
q_learning,sparse_eps-linear_seed1,sparse,1,4a77b6e251,2208,225,-11.250000000000025,-8.250000000000014,0.050000000000000044,0.15,0,out_of_energy,0,0,1,0,96,30,0,0,0,56,0.04740767112961501,0.7309129881096024,0.0,0.0,0.99,8,linear
q_learning,sparse_eps-linear_seed1,sparse,1,4a77b6e251,2209,225,-11.250000000000025,-8.350000000000016,0.050000000000000044,0.15,0,out_of_energy,0,0,1,0,91,17,1,0,0,53,0.047434766201462274,0.6020107607893612,0.0,0.0,0.99,8,linear
q_learning,sparse_eps-linear_seed1,sparse,1,4a77b6e251,2210,225,-11.250000000000025,-8.450000000000015,0.050000000000000044,0.15,0,out_of_energy,0,0,1,0,99,28,0,0,0,40,0.042287027363453134,0.331889691325938,0.0,0.0,0.99,8,linear
q_learning,sparse_eps-linear_seed1,sparse,1,4a77b6e251,2211,225,-11.250000000000025,-8.450000000000015,0.050000000000000044,0.15,0,out_of_energy,0,0,1,0,83,16,0,0,0,47,0.04350806231578708,0.5307787205440553,0.0,0.0,0.99,8,linear
q_learning,sparse_eps-linear_seed1,sparse,1,4a77b6e251,2212,225,-11.250000000000025,-8.550000000000017,0.050000000000000044,0.15,0,out_of_energy,0,0,1,0,121,24,0,0,0,37,0.045356468107469246,0.6530744357404002,0.0,0.0,0.99,8,linear
q_learning,sparse_eps-linear_seed1,sparse,1,4a77b6e251,2213,225,-1.2499999999999822,-8.450000000000015,0.050000000000000044,0.15,0,out_of_energy,0,0,1,0,94,20,0,0,1,45,0.13469898896557125,5.807922153835686,0.0,0.0,0.99,8,linear
q_learning,sparse_eps-linear_seed1,sparse,1,4a77b6e251,2214,225,-1.2499999999999822,-8.450000000000015,0.050000000000000044,0.15,0,out_of_energy,0,0,1,0,87,18,0,0,1,38,0.08897234594199527,2.036003646452338,0.0,0.0,0.99,8,linear
q_learning,sparse_eps-linear_seed1,sparse,1,4a77b6e251,2215,225,-11.250000000000025,-8.550000000000017,0.050000000000000044,0.15,0,out_of_energy,0,0,1,0,86,3,0,0,0,46,0.04385241705607394,0.5099820478689205,0.0,0.0,0.99,8,linear
q_learning,sparse_eps-linear_seed1,sparse,1,4a77b6e251,2216,225,-1.2499999999999822,-8.550000000000017,0.050000000000000044,0.15,0,out_of_energy,0,0,1,0,106,24,0,0,1,47,0.126539783518022,3.523120074481717,0.0,0.0,0.99,8,linear
q_learning,sparse_eps-linear_seed1,sparse,1,4a77b6e251,2217,225,-1.2499999999999822,-8.550000000000018,0.050000000000000044,0.15,0,out_of_energy,0,0,1,0,84,24,0,0,1,47,0.09120051406442156,2.1078654014332576,0.0,0.0,0.99,8,linear
q_learning,sparse_eps-linear_seed1,sparse,1,4a77b6e251,2218,225,-11.250000000000025,-8.550000000000017,0.050000000000000044,0.15,0,out_of_energy,0,0,1,0,105,22,0,0,0,49,0.044685190526694736,0.511287744960974,0.0,0.0,0.99,8,linear
q_learning,sparse_eps-linear_seed1,sparse,1,4a77b6e251,2219,225,-1.2499999999999822,-8.450000000000017,0.050000000000000044,0.15,0,out_of_energy,0,0,1,0,99,28,0,0,1,49,0.11802096805132938,2.599616213061791,0.0,0.0,0.99,8,linear
q_learning,sparse_eps-linear_seed1,sparse,1,4a77b6e251,2220,225,-1.2499999999999822,-8.350000000000016,0.050000000000000044,0.15,0,out_of_energy,0,0,1,0,91,28,0,0,1,45,0.10686485434392866,2.473264821368728,0.0,0.0,0.99,8,linear
q_learning,sparse_eps-linear_seed1,sparse,1,4a77b6e251,2221,225,-11.250000000000025,-8.350000000000016,0.050000000000000044,0.15,0,out_of_energy,0,0,1,0,99,10,0,0,0,51,0.0463976729030436,0.5167516788456694,0.0,0.0,0.99,8,linear
q_learning,sparse_eps-linear_seed1,sparse,1,4a77b6e251,2222,225,-11.250000000000025,-8.350000000000016,0.050000000000000044,0.15,0,out_of_energy,0,0,1,0,94,12,0,0,0,52,0.0452417921809527,0.5191752665248041,0.0,0.0,0.99,8,linear
q_learning,sparse_eps-linear_seed1,sparse,1,4a77b6e251,2223,225,-11.250000000000025,-8.450000000000015,0.050000000000000044,0.15,0,out_of_energy,0,0,1,0,88,8,0,0,0,51,0.04386671847287154,0.4991344513855595,0.0,0.0,0.99,8,linear
q_learning,sparse_eps-linear_seed1,sparse,1,4a77b6e251,2224,225,-11.250000000000025,-8.450000000000015,0.050000000000000044,0.15,0,out_of_energy,0,0,1,0,80,7,0,0,0,35,0.04398726086668254,0.5124509378831053,0.0,0.0,0.99,8,linear
q_learning,sparse_eps-linear_seed1,sparse,1,4a77b6e251,2225,225,-1.2499999999999822,-8.450000000000015,0.050000000000000044,0.15,0,out_of_energy,0,0,1,0,87,14,0,0,1,49,0.1120389961992117,2.5829422399001265,0.0,0.0,0.99,8,linear
q_learning,sparse_eps-linear_seed1,sparse,1,4a77b6e251,2226,225,-1.2499999999999822,-8.350000000000016,0.050000000000000044,0.15,0,out_of_energy,0,0,1,0,90,13,0,0,1,55,0.10532983651063192,2.445256194560618,0.0,0.0,0.99,8,linear
q_learning,sparse_eps-linear_seed1,sparse,1,4a77b6e251,2227,225,-11.250000000000025,-8.350000000000016,0.050000000000000044,0.15,0,out_of_energy,0,0,1,0,96,22,0,0,0,42,0.04638619219634691,0.6597158803405149,0.0,0.0,0.99,8,linear
q_learning,sparse_eps-linear_seed1,sparse,1,4a77b6e251,2228,225,-11.250000000000025,-8.450000000000015,0.050000000000000044,0.15,0,out_of_energy,0,0,1,0,84,14,0,0,0,40,0.044936386981210066,0.5014158672486235,0.0,0.0,0.99,8,linear
q_learning,sparse_eps-linear_seed1,sparse,1,4a77b6e251,2229,225,-11.250000000000025,-8.550000000000017,0.050000000000000044,0.15,0,out_of_energy,0,0,1,0,96,25,3,0,0,48,0.044601710897770645,0.46264403897247475,0.0,0.0,0.99,8,linear
q_learning,sparse_eps-linear_seed1,sparse,1,4a77b6e251,2230,225,-11.250000000000025,-8.550000000000017,0.050000000000000044,0.15,0,out_of_energy,0,0,1,0,102,1,0,0,0,52,0.04469492653310779,0.5267223019641758,0.0,0.0,0.99,8,linear
q_learning,sparse_eps-linear_seed1,sparse,1,4a77b6e251,2231,225,-11.250000000000025,-8.550000000000017,0.050000000000000044,0.15,0,out_of_energy,0,0,1,0,89,11,0,0,0,49,0.09414601673776755,6.347463241226757,0.0,0.0,0.99,8,linear
q_learning,sparse_eps-linear_seed1,sparse,1,4a77b6e251,2232,225,-1.2499999999999822,-8.450000000000015,0.050000000000000044,0.15,0,out_of_energy,0,0,1,0,84,28,0,0,1,48,0.10412497427781757,2.8135577849476006,0.0,0.0,0.99,8,linear
q_learning,sparse_eps-linear_seed1,sparse,1,4a77b6e251,2233,225,-11.250000000000025,-8.450000000000015,0.050000000000000044,0.15,0,out_of_energy,0,0,1,0,105,28,0,0,0,43,0.04372079914693005,0.526187914026305,0.0,0.0,0.99,8,linear
q_learning,sparse_eps-linear_seed1,sparse,1,4a77b6e251,2234,225,-1.2500000000000189,-8.350000000000016,0.050000000000000044,0.15,0,out_of_energy,0,0,1,0,86,9,0,0,1,54,0.10999032828466991,6.809560694057886,0.0,0.0,0.99,8,linear
q_learning,sparse_eps-linear_seed1,sparse,1,4a77b6e251,2235,225,-11.250000000000025,-8.350000000000016,0.050000000000000044,0.15,0,out_of_energy,0,0,1,0,84,4,0,0,0,48,0.04431370556066619,0.4951203148081074,0.0,0.0,0.99,8,linear
q_learning,sparse_eps-linear_seed1,sparse,1,4a77b6e251,2236,225,-11.250000000000025,-8.350000000000016,0.050000000000000044,0.15,0,out_of_energy,0,0,1,0,96,15,0,0,0,48,0.043821705418728416,0.5183564091575751,0.0,0.0,0.99,8,linear
q_learning,sparse_eps-linear_seed1,sparse,1,4a77b6e251,2237,225,-11.250000000000025,-8.350000000000016,0.050000000000000044,0.15,0,out_of_energy,0,0,1,0,113,13,0,0,0,52,0.04462873773577436,0.48346037622110233,0.0,0.0,0.99,8,linear
q_learning,sparse_eps-linear_seed1,sparse,1,4a77b6e251,2238,225,-11.250000000000025,-8.350000000000016,0.050000000000000044,0.15,0,out_of_energy,0,0,1,0,85,3,0,0,0,46,0.04353729403948004,0.4977524001397287,0.0,0.0,0.99,8,linear
q_learning,sparse_eps-linear_seed1,sparse,1,4a77b6e251,2239,225,-11.250000000000025,-8.350000000000016,0.050000000000000044,0.15,0,out_of_energy,0,0,1,0,91,18,1,0,0,33,0.04407484503672368,0.4637842703442017,0.0,0.0,0.99,8,linear
q_learning,sparse_eps-linear_seed1,sparse,1,4a77b6e251,2240,225,-11.250000000000025,-8.350000000000016,0.050000000000000044,0.15,0,out_of_energy,0,0,1,0,95,10,1,0,0,47,0.043522329640683026,0.4354841554228556,0.0,0.0,0.99,8,linear
q_learning,sparse_eps-linear_seed1,sparse,1,4a77b6e251,2241,225,-11.250000000000025,-8.350000000000016,0.050000000000000044,0.15,0,out_of_energy,0,0,1,0,83,9,0,0,0,50,0.044941654648323205,0.5242808120118048,0.0,0.0,0.99,8,linear
q_learning,sparse_eps-linear_seed1,sparse,1,4a77b6e251,2242,225,-11.250000000000025,-8.350000000000016,0.050000000000000044,0.15,0,out_of_energy,0,0,1,0,85,9,2,0,0,49,0.04760922499870031,0.6992783142784754,0.0,0.0,0.99,8,linear
q_learning,sparse_eps-linear_seed1,sparse,1,4a77b6e251,2243,225,-11.250000000000025,-8.350000000000016,0.050000000000000044,0.15,0,out_of_energy,0,0,1,0,84,4,0,0,0,43,0.04516409548745783,0.513007325289127,0.0,0.0,0.99,8,linear
q_learning,sparse_eps-linear_seed1,sparse,1,4a77b6e251,2244,225,-11.250000000000025,-8.350000000000016,0.050000000000000044,0.15,0,out_of_energy,0,0,1,0,94,13,0,0,0,36,0.04668147867847969,0.4844983766802893,0.0,0.0,0.99,8,linear
q_learning,sparse_eps-linear_seed1,sparse,1,4a77b6e251,2245,225,-11.250000000000025,-8.350000000000016,0.050000000000000044,0.15,0,out_of_energy,0,0,1,0,106,8,0,0,0,46,0.04628475540699417,0.5053643370991961,0.0,0.0,0.99,8,linear
q_learning,sparse_eps-linear_seed1,sparse,1,4a77b6e251,2246,225,-1.2499999999999838,-8.250000000000016,0.050000000000000044,0.15,0,out_of_energy,0,0,1,0,100,15,0,0,1,43,0.09998133153982706,4.205172639440168,0.0,0.0,0.99,8,linear
q_learning,sparse_eps-linear_seed1,sparse,1,4a77b6e251,2247,225,-11.250000000000025,-8.250000000000016,0.050000000000000044,0.15,0,out_of_energy,0,0,1,0,101,28,0,0,0,45,0.046593898534202635,0.47460320972372,0.0,0.0,0.99,8,linear
q_learning,sparse_eps-linear_seed1,sparse,1,4a77b6e251,2248,225,-11.250000000000025,-8.250000000000016,0.050000000000000044,0.15,0,out_of_energy,0,0,1,0,107,48,0,0,0,52,0.04476377420826173,0.5016120666843918,0.0,0.0,0.99,8,linear
q_learning,sparse_eps-linear_seed1,sparse,1,4a77b6e251,2249,225,-11.250000000000025,-8.250000000000014,0.050000000000000044,0.15,0,out_of_energy,0,0,1,0,90,9,0,0,0,45,0.04464523867460663,0.48986339544102636,0.0,0.0,0.99,8,linear
q_learning,sparse_eps-linear_seed1,sparse,1,4a77b6e251,2250,225,-11.250000000000025,-8.250000000000014,0.050000000000000044,0.15,0,out_of_energy,0,0,1,0,91,5,0,0,0,45,0.04273413496356085,0.5177741893418246,0.0,0.0,0.99,8,linear
q_learning,sparse_eps-linear_seed1,sparse,1,4a77b6e251,2251,225,-11.250000000000025,-8.250000000000014,0.050000000000000044,0.15,0,out_of_energy,0,0,1,0,79,6,0,0,0,42,0.04417874937646589,0.5308859895384943,0.0,0.0,0.99,8,linear
q_learning,sparse_eps-linear_seed1,sparse,1,4a77b6e251,2252,225,-1.2499999999999822,-8.150000000000015,0.050000000000000044,0.15,0,out_of_energy,0,0,1,0,76,21,0,0,1,38,0.11128246720425033,4.459386531657632,0.0,0.0,0.99,8,linear
q_learning,sparse_eps-linear_seed1,sparse,1,4a77b6e251,2253,225,-11.250000000000025,-8.150000000000013,0.050000000000000044,0.15,0,out_of_energy,0,0,1,0,100,6,0,0,0,54,0.04328210761748033,0.4677777677745338,0.0,0.0,0.99,8,linear
q_learning,sparse_eps-linear_seed1,sparse,1,4a77b6e251,2254,225,-11.250000000000025,-8.250000000000014,0.050000000000000044,0.15,0,out_of_energy,0,0,1,0,86,10,0,0,0,51,0.0464943936431689,0.5179887217422496,0.0,0.0,0.99,8,linear
q_learning,sparse_eps-linear_seed1,sparse,1,4a77b6e251,2255,225,-11.250000000000025,-8.250000000000014,0.050000000000000044,0.15,0,out_of_energy,0,0,1,0,97,22,0,0,0,47,0.045218728346270644,0.5080493776808415,0.0,0.0,0.99,8,linear
q_learning,sparse_eps-linear_seed1,sparse,1,4a77b6e251,2256,225,-11.250000000000025,-8.250000000000014,0.050000000000000044,0.15,0,out_of_energy,0,0,1,0,92,13,0,0,0,39,0.04461604594741134,0.49825660066013605,0.0,0.0,0.99,8,linear
q_learning,sparse_eps-linear_seed1,sparse,1,4a77b6e251,2257,225,-11.250000000000025,-8.250000000000014,0.050000000000000044,0.15,0,out_of_energy,0,0,1,0,98,4,0,0,0,48,0.042390406206717496,0.37024602583801147,0.0,0.0,0.99,8,linear
q_learning,sparse_eps-linear_seed1,sparse,1,4a77b6e251,2258,225,-11.250000000000025,-8.250000000000014,0.050000000000000044,0.15,0,out_of_energy,0,0,1,0,94,10,0,0,0,39,0.04378512663717929,0.4870162722637585,0.0,0.0,0.99,8,linear
q_learning,sparse_eps-linear_seed1,sparse,1,4a77b6e251,2259,225,-1.2500000000000169,-8.150000000000013,0.050000000000000044,0.15,0,out_of_energy,0,0,1,0,102,19,0,0,1,44,0.08075935194102396,2.1234339893275376,0.0,0.0,0.99,8,linear
q_learning,sparse_eps-linear_seed1,sparse,1,4a77b6e251,2260,225,-11.250000000000025,-8.250000000000014,0.050000000000000044,0.15,0,out_of_energy,0,0,1,0,99,7,0,0,0,39,0.04302479564010275,0.5225418617838792,0.0,0.0,0.99,8,linear
q_learning,sparse_eps-linear_seed1,sparse,1,4a77b6e251,2261,225,-1.2499999999999822,-8.250000000000014,0.050000000000000044,0.15,0,out_of_energy,0,0,1,0,84,18,0,0,1,44,0.13577990241559712,4.274576190442802,0.0,0.0,0.99,8,linear
q_learning,sparse_eps-linear_seed1,sparse,1,4a77b6e251,2262,225,-1.2499999999999822,-8.250000000000016,0.050000000000000044,0.15,0,out_of_energy,0,0,1,0,83,25,0,0,1,54,0.1448220481598527,3.4190288839968646,0.0,0.0,0.99,8,linear
q_learning,sparse_eps-linear_seed1,sparse,1,4a77b6e251,2263,225,-1.2499999999999822,-8.150000000000016,0.050000000000000044,0.15,0,out_of_energy,0,0,1,0,98,23,0,0,1,44,0.11294992460794546,3.458998193452451,0.0,0.0,0.99,8,linear
q_learning,sparse_eps-linear_seed1,sparse,1,4a77b6e251,2264,225,-1.2499999999999822,-8.050000000000017,0.050000000000000044,0.15,0,out_of_energy,0,0,1,0,94,19,0,0,1,51,0.09069351368677316,2.505305585174506,0.0,0.0,0.99,8,linear
q_learning,sparse_eps-linear_seed1,sparse,1,4a77b6e251,2265,225,-1.2499999999999822,-8.050000000000017,0.050000000000000044,0.15,0,out_of_energy,0,0,1,0,71,27,0,0,1,36,0.11251206600570654,2.4306573631962394,0.0,0.0,0.99,8,linear
q_learning,sparse_eps-linear_seed1,sparse,1,4a77b6e251,2266,225,-1.2499999999999822,-7.950000000000014,0.050000000000000044,0.15,0,out_of_energy,0,0,1,0,74,18,0,0,1,49,0.09652658341934246,2.3371217867684306,0.0,0.0,0.99,8,linear
q_learning,sparse_eps-linear_seed1,sparse,1,4a77b6e251,2267,225,-1.2499999999999822,-7.850000000000016,0.050000000000000044,0.15,0,out_of_energy,0,0,1,0,68,21,0,0,1,40,0.14365148672567962,4.577033653632971,0.0,0.0,0.99,8,linear
q_learning,sparse_eps-linear_seed1,sparse,1,4a77b6e251,2268,225,-11.250000000000025,-7.850000000000014,0.050000000000000044,0.15,0,out_of_energy,0,0,1,0,97,2,0,0,0,59,0.04416397036635277,0.5030683598265562,0.0,0.0,0.99,8,linear
q_learning,sparse_eps-linear_seed1,sparse,1,4a77b6e251,2269,225,-1.2499999999999822,-7.750000000000013,0.050000000000000044,0.15,0,out_of_energy,0,0,1,0,84,16,0,0,1,48,0.10739815382086548,2.3520054279903535,0.0,0.0,0.99,8,linear
q_learning,sparse_eps-linear_seed1,sparse,1,4a77b6e251,2270,225,-11.250000000000025,-7.750000000000013,0.050000000000000044,0.15,0,out_of_energy,0,0,1,0,99,14,0,0,0,53,0.04430471294502139,0.5713159862104206,0.0,0.0,0.99,8,linear
q_learning,sparse_eps-linear_seed1,sparse,1,4a77b6e251,2271,225,-11.250000000000025,-7.750000000000013,0.050000000000000044,0.15,0,out_of_energy,0,0,1,0,97,13,0,0,0,35,0.045932003513927795,0.5660191123298811,0.0,0.0,0.99,8,linear
q_learning,sparse_eps-linear_seed1,sparse,1,4a77b6e251,2272,225,-11.250000000000025,-7.850000000000014,0.050000000000000044,0.15,0,out_of_energy,0,0,1,0,102,12,0,0,0,43,0.04514802256404515,0.6465021184061052,0.0,0.0,0.99,8,linear
q_learning,sparse_eps-linear_seed1,sparse,1,4a77b6e251,2273,225,-11.250000000000025,-7.850000000000014,0.050000000000000044,0.15,0,out_of_energy,0,0,1,0,102,16,0,0,0,49,0.046776356703670106,0.6491705313259435,0.0,0.0,0.99,8,linear
q_learning,sparse_eps-linear_seed1,sparse,1,4a77b6e251,2274,225,-11.250000000000025,-7.9500000000000135,0.050000000000000044,0.15,0,out_of_energy,0,0,1,0,84,23,0,0,0,44,0.04690016180186493,0.6673742533807593,0.0,0.0,0.99,8,linear
q_learning,sparse_eps-linear_seed1,sparse,1,4a77b6e251,2275,225,-11.250000000000025,-8.050000000000013,0.050000000000000044,0.15,0,out_of_energy,0,0,1,0,81,16,0,0,0,35,0.047429072438292426,0.6189221659047178,0.0,0.0,0.99,8,linear
q_learning,sparse_eps-linear_seed1,sparse,1,4a77b6e251,2276,225,-1.2500000000000049,-8.050000000000013,0.050000000000000044,0.15,0,out_of_energy,0,0,1,0,93,9,0,0,1,48,0.08135127322885646,1.6722332674314622,0.0,0.0,0.99,8,linear
q_learning,sparse_eps-linear_seed1,sparse,1,4a77b6e251,2277,225,-11.250000000000025,-8.150000000000015,0.050000000000000044,0.15,0,out_of_energy,0,0,1,0,109,6,0,0,0,43,0.04491865867311557,0.5555361285052878,0.0,0.0,0.99,8,linear
q_learning,sparse_eps-linear_seed1,sparse,1,4a77b6e251,2278,225,-11.250000000000025,-8.250000000000014,0.050000000000000044,0.15,0,out_of_energy,0,0,1,0,96,9,0,0,0,44,0.04482355142941268,0.5572595263637319,0.0,0.0,0.99,8,linear
q_learning,sparse_eps-linear_seed1,sparse,1,4a77b6e251,2279,225,-11.250000000000025,-8.350000000000016,0.050000000000000044,0.15,0,out_of_energy,0,0,1,0,86,20,0,0,0,45,0.04571450284631475,0.554326697413502,0.0,0.0,0.99,8,linear
q_learning,sparse_eps-linear_seed1,sparse,1,4a77b6e251,2280,225,-11.250000000000025,-8.350000000000016,0.050000000000000044,0.15,0,out_of_energy,0,0,1,0,86,13,8,0,0,49,0.04487441015107071,0.5185344190886987,0.0,0.0,0.99,8,linear
q_learning,sparse_eps-linear_seed1,sparse,1,4a77b6e251,2281,225,-11.250000000000025,-8.450000000000015,0.050000000000000044,0.15,0,out_of_energy,0,0,1,0,83,23,0,0,0,41,0.04506350370597149,0.46870817155026484,0.0,0.0,0.99,8,linear
q_learning,sparse_eps-linear_seed1,sparse,1,4a77b6e251,2282,225,-11.250000000000025,-8.450000000000015,0.050000000000000044,0.15,0,out_of_energy,0,0,1,0,92,17,0,0,0,37,0.04630502421420069,0.5048875000046722,0.0,0.0,0.99,8,linear
q_learning,sparse_eps-linear_seed1,sparse,1,4a77b6e251,2283,225,-1.2499999999999822,-8.450000000000015,0.050000000000000044,0.15,0,out_of_energy,0,0,1,0,98,21,0,0,1,54,0.10104312268649962,2.3900805878203935,0.0,0.0,0.99,8,linear
q_learning,sparse_eps-linear_seed1,sparse,1,4a77b6e251,2284,225,-1.2499999999999964,-8.350000000000016,0.050000000000000044,0.15,0,out_of_energy,0,0,1,0,89,12,0,0,1,38,0.08909272773392148,1.6452304664499184,0.0,0.0,0.99,8,linear
q_learning,sparse_eps-linear_seed1,sparse,1,4a77b6e251,2285,225,-11.250000000000025,-8.350000000000016,0.050000000000000044,0.15,0,out_of_energy,0,0,1,0,83,5,0,0,0,47,0.04586638629995164,0.48375576142011373,0.0,0.0,0.99,8,linear
q_learning,sparse_eps-linear_seed1,sparse,1,4a77b6e251,2286,225,-1.2499999999999822,-8.250000000000016,0.050000000000000044,0.15,0,out_of_energy,0,0,1,0,92,19,0,0,1,41,0.11708140922805402,5.919603326135407,0.0,0.0,0.99,8,linear
q_learning,sparse_eps-linear_seed1,sparse,1,4a77b6e251,2287,225,-1.2499999999999822,-8.150000000000016,0.050000000000000044,0.15,0,out_of_energy,0,0,1,0,101,40,0,0,1,43,0.11550463466509651,3.922584959224094,0.0,0.0,0.99,8,linear
q_learning,sparse_eps-linear_seed1,sparse,1,4a77b6e251,2288,225,-1.2499999999999822,-8.050000000000015,0.050000000000000044,0.15,0,out_of_energy,0,0,1,0,77,15,0,0,1,48,0.12339610085028571,3.777831992754762,0.0,0.0,0.99,8,linear
q_learning,sparse_eps-linear_seed1,sparse,1,4a77b6e251,2289,225,-1.2499999999999822,-8.050000000000017,0.050000000000000044,0.15,0,out_of_energy,0,0,1,0,81,16,0,0,1,42,0.12797992031577998,3.5011399467383795,0.0,0.0,0.99,8,linear
q_learning,sparse_eps-linear_seed1,sparse,1,4a77b6e251,2290,225,-1.2499999999999822,-8.050000000000015,0.050000000000000044,0.15,0,out_of_energy,0,0,1,0,76,17,0,0,1,52,0.11736886349321103,2.577253464846344,0.0,0.0,0.99,8,linear
q_learning,sparse_eps-linear_seed1,sparse,1,4a77b6e251,2291,225,-1.2499999999999822,-7.950000000000014,0.050000000000000044,0.15,0,out_of_energy,0,0,1,0,85,22,0,0,1,47,0.10588973935347781,2.5645500274475084,0.0,0.0,0.99,8,linear
q_learning,sparse_eps-linear_seed1,sparse,1,4a77b6e251,2292,225,-1.2499999999999822,-7.9500000000000135,0.050000000000000044,0.15,0,out_of_energy,0,0,1,0,88,36,0,0,1,49,0.11427925607649139,2.770896514487177,0.0,0.0,0.99,8,linear
q_learning,sparse_eps-linear_seed1,sparse,1,4a77b6e251,2293,225,-11.250000000000025,-8.050000000000015,0.050000000000000044,0.15,0,out_of_energy,0,0,1,0,80,12,0,0,0,44,0.04471881063126596,0.5146464306544116,0.0,0.0,0.99,8,linear
q_learning,sparse_eps-linear_seed1,sparse,1,4a77b6e251,2294,225,-1.2499999999999822,-8.050000000000013,0.050000000000000044,0.15,0,out_of_energy,0,0,1,0,96,33,0,0,1,48,0.13772972423063373,3.658725101382176,0.0,0.0,0.99,8,linear
q_learning,sparse_eps-linear_seed1,sparse,1,4a77b6e251,2295,225,-1.2499999999999822,-7.950000000000014,0.050000000000000044,0.15,0,out_of_energy,0,0,1,0,83,18,0,0,1,43,0.10164320966310536,2.468037729887409,0.0,0.0,0.99,8,linear
q_learning,sparse_eps-linear_seed1,sparse,1,4a77b6e251,2296,225,-11.250000000000025,-7.9500000000000135,0.050000000000000044,0.15,0,out_of_energy,0,0,1,0,99,15,3,0,0,52,0.04552442177989418,0.5746242248532984,0.0,0.0,0.99,8,linear
q_learning,sparse_eps-linear_seed1,sparse,1,4a77b6e251,2297,225,-1.2499999999999822,-7.850000000000014,0.050000000000000044,0.15,0,out_of_energy,0,0,1,0,73,19,0,0,1,45,0.11621207203508795,2.505072884477608,0.0,0.0,0.99,8,linear
q_learning,sparse_eps-linear_seed1,sparse,1,4a77b6e251,2298,225,-1.2499999999999822,-7.750000000000013,0.050000000000000044,0.15,0,out_of_energy,0,0,1,0,81,20,0,0,1,37,0.10593512562367516,3.1485455698443787,0.0,0.0,0.99,8,linear
q_learning,sparse_eps-linear_seed1,sparse,1,4a77b6e251,2299,225,-1.2499999999999822,-7.650000000000014,0.050000000000000044,0.15,0,out_of_energy,0,0,1,0,90,21,0,0,1,49,0.10541791118901032,3.286386976499334,0.0,0.0,0.99,8,linear
q_learning,sparse_eps-linear_seed1,sparse,1,4a77b6e251,2300,225,-1.2499999999999822,-7.550000000000014,0.050000000000000044,0.15,0,out_of_energy,0,0,1,0,99,18,0,0,1,54,0.09565228982596714,2.6806995991894675,0.0,0.0,0.99,8,linear
q_learning,sparse_eps-linear_seed1,sparse,1,4a77b6e251,2301,225,-1.2499999999999822,-7.450000000000013,0.050000000000000044,0.15,0,out_of_energy,0,0,1,0,90,21,0,0,1,39,0.11479604081372967,2.5040727532160787,0.0,0.0,0.99,8,linear
q_learning,sparse_eps-linear_seed1,sparse,1,4a77b6e251,2302,225,-11.250000000000025,-7.450000000000012,0.050000000000000044,0.15,0,out_of_energy,0,0,1,0,84,33,0,0,0,46,0.04376610866875512,0.49994806557017274,0.0,0.0,0.99,8,linear
q_learning,sparse_eps-linear_seed1,sparse,1,4a77b6e251,2303,225,-11.250000000000025,-7.450000000000012,0.050000000000000044,0.15,0,out_of_energy,0,0,1,0,90,15,1,0,0,32,0.04370073988022211,0.4966543806420225,0.0,0.0,0.99,8,linear
q_learning,sparse_eps-linear_seed1,sparse,1,4a77b6e251,2304,225,-11.250000000000025,-7.450000000000012,0.050000000000000044,0.15,0,out_of_energy,0,0,1,0,87,8,0,0,0,40,0.04535216384431438,0.5263035475313822,0.0,0.0,0.99,8,linear
q_learning,sparse_eps-linear_seed1,sparse,1,4a77b6e251,2305,225,-11.250000000000025,-7.45000000000001,0.050000000000000044,0.15,0,out_of_energy,0,0,1,0,109,16,0,0,0,57,0.04395184372952102,0.46130311988039147,0.0,0.0,0.99,8,linear
q_learning,sparse_eps-linear_seed1,sparse,1,4a77b6e251,2306,225,-11.250000000000025,-7.45000000000001,0.050000000000000044,0.15,0,out_of_energy,0,0,1,0,97,24,0,0,0,47,0.04383697793721949,0.5049554816300013,0.0,0.0,0.99,8,linear
q_learning,sparse_eps-linear_seed1,sparse,1,4a77b6e251,2307,225,-11.250000000000025,-7.450000000000012,0.050000000000000044,0.15,0,out_of_energy,0,0,1,0,82,11,0,0,0,38,0.04709769320420367,0.4899347752454866,0.0,0.0,0.99,8,linear
q_learning,sparse_eps-linear_seed1,sparse,1,4a77b6e251,2308,225,-11.250000000000025,-7.450000000000012,0.050000000000000044,0.15,0,out_of_energy,0,0,1,0,89,16,0,0,0,41,0.0457302695216823,0.4900227891987697,0.0,0.0,0.99,8,linear
q_learning,sparse_eps-linear_seed1,sparse,1,4a77b6e251,2309,225,-11.250000000000025,-7.45000000000001,0.050000000000000044,0.15,0,out_of_energy,0,0,1,0,82,6,4,0,0,44,0.04705965643233487,0.6538187863199945,0.0,0.0,0.99,8,linear
q_learning,sparse_eps-linear_seed1,sparse,1,4a77b6e251,2310,225,-11.250000000000025,-7.45000000000001,0.050000000000000044,0.15,0,out_of_energy,0,0,1,0,82,19,0,0,0,48,0.0457754433986733,0.5170200262694611,0.0,0.0,0.99,8,linear
q_learning,sparse_eps-linear_seed1,sparse,1,4a77b6e251,2311,225,-11.250000000000025,-7.450000000000012,0.050000000000000044,0.15,0,out_of_energy,0,0,1,0,111,24,0,0,0,42,0.04470879633270121,0.5232286036751009,0.0,0.0,0.99,8,linear
q_learning,sparse_eps-linear_seed1,sparse,1,4a77b6e251,2312,225,-11.250000000000025,-7.450000000000012,0.050000000000000044,0.15,0,out_of_energy,0,0,1,0,87,14,0,0,0,49,0.043431845526941695,0.5095913781276731,0.0,0.0,0.99,8,linear
q_learning,sparse_eps-linear_seed1,sparse,1,4a77b6e251,2313,225,-11.250000000000025,-7.550000000000011,0.050000000000000044,0.15,0,out_of_energy,0,0,1,0,95,14,4,0,0,39,0.0460605107897034,0.4340959481034217,0.0,0.0,0.99,8,linear
q_learning,sparse_eps-linear_seed1,sparse,1,4a77b6e251,2314,225,-11.250000000000025,-7.650000000000011,0.050000000000000044,0.15,0,out_of_energy,0,0,1,0,88,16,0,0,0,48,0.045518689325904325,0.5631618696827435,0.0,0.0,0.99,8,linear
q_learning,sparse_eps-linear_seed1,sparse,1,4a77b6e251,2315,225,-11.250000000000025,-7.650000000000011,0.050000000000000044,0.15,0,out_of_energy,0,0,1,0,92,14,0,0,0,38,0.04447355539705168,0.5043684862599513,0.0,0.0,0.99,8,linear
q_learning,sparse_eps-linear_seed1,sparse,1,4a77b6e251,2316,225,-11.250000000000025,-7.7500000000000115,0.050000000000000044,0.15,0,out_of_energy,0,0,1,0,89,16,3,0,0,38,0.044045509111791115,0.5126918114862774,0.0,0.0,0.99,8,linear
q_learning,sparse_eps-linear_seed1,sparse,1,4a77b6e251,2317,225,-11.250000000000025,-7.850000000000011,0.050000000000000044,0.15,0,out_of_energy,0,0,1,0,110,22,0,0,0,38,0.043803396379627484,0.4504061777247979,0.0,0.0,0.99,8,linear
q_learning,sparse_eps-linear_seed1,sparse,1,4a77b6e251,2318,225,-11.250000000000025,-7.850000000000012,0.050000000000000044,0.15,0,out_of_energy,0,0,1,0,94,11,0,0,0,45,0.04440639628297269,0.5353530418143027,0.0,0.0,0.99,8,linear
q_learning,sparse_eps-linear_seed1,sparse,1,4a77b6e251,2319,225,-11.250000000000025,-7.950000000000013,0.050000000000000044,0.15,0,out_of_energy,0,0,1,0,83,19,0,0,0,48,0.04777932787162805,0.626577448311503,0.0,0.0,0.99,8,linear
q_learning,sparse_eps-linear_seed1,sparse,1,4a77b6e251,2320,225,-11.250000000000025,-8.050000000000013,0.050000000000000044,0.15,0,out_of_energy,0,0,1,0,85,10,0,0,0,37,0.0439592987709343,0.44538409387753763,0.0,0.0,0.99,8,linear
q_learning,sparse_eps-linear_seed1,sparse,1,4a77b6e251,2321,225,-11.250000000000025,-8.050000000000013,0.050000000000000044,0.15,0,out_of_energy,0,0,1,0,90,19,0,0,0,54,0.04439700451039574,0.505908409750853,0.0,0.0,0.99,8,linear
q_learning,sparse_eps-linear_seed1,sparse,1,4a77b6e251,2322,225,-11.250000000000025,-8.050000000000013,0.050000000000000044,0.15,0,out_of_energy,0,0,1,0,86,19,4,0,0,46,0.048329090089222676,0.7023760808020889,0.0,0.0,0.99,8,linear
q_learning,sparse_eps-linear_seed1,sparse,1,4a77b6e251,2323,225,-11.250000000000025,-8.050000000000013,0.050000000000000044,0.15,0,out_of_energy,0,0,1,0,97,26,0,0,0,48,0.04688050745632105,0.6755699730425369,0.0,0.0,0.99,8,linear
q_learning,sparse_eps-linear_seed1,sparse,1,4a77b6e251,2324,225,-11.250000000000025,-8.050000000000013,0.050000000000000044,0.15,0,out_of_energy,0,0,1,0,107,18,0,0,0,38,0.04336104142166897,0.538437743390632,0.0,0.0,0.99,8,linear
q_learning,sparse_eps-linear_seed1,sparse,1,4a77b6e251,2325,225,-11.250000000000025,-8.150000000000013,0.050000000000000044,0.15,0,out_of_energy,0,0,1,0,83,29,0,0,0,53,0.04577682913247404,0.5248247091616788,0.0,0.0,0.99,8,linear
q_learning,sparse_eps-linear_seed1,sparse,1,4a77b6e251,2326,225,-1.2500000000000042,-8.150000000000013,0.050000000000000044,0.15,0,out_of_energy,0,0,1,0,97,14,0,0,1,53,0.08555488814019827,1.6049886540736997,0.0,0.0,0.99,8,linear
q_learning,sparse_eps-linear_seed1,sparse,1,4a77b6e251,2327,225,-11.250000000000025,-8.150000000000013,0.050000000000000044,0.15,0,out_of_energy,0,0,1,0,92,29,0,0,0,51,0.04517674070231874,0.5263855681738497,0.0,0.0,0.99,8,linear
q_learning,sparse_eps-linear_seed1,sparse,1,4a77b6e251,2328,225,-1.2499999999999822,-8.050000000000013,0.050000000000000044,0.15,0,out_of_energy,0,0,1,0,85,10,0,0,1,36,0.10297446686062631,2.5200584101059382,0.0,0.0,0.99,8,linear
q_learning,sparse_eps-linear_seed1,sparse,1,4a77b6e251,2329,225,-11.250000000000025,-8.050000000000013,0.050000000000000044,0.15,0,out_of_energy,0,0,1,0,90,5,0,0,0,43,0.04394147993184021,0.47920038110007374,0.0,0.0,0.99,8,linear
q_learning,sparse_eps-linear_seed1,sparse,1,4a77b6e251,2330,225,-1.2499999999999951,-7.9500000000000135,0.050000000000000044,0.15,0,out_of_energy,0,0,1,0,98,11,0,0,1,44,0.08112241306944595,1.5517959148703957,0.0,0.0,0.99,8,linear
q_learning,sparse_eps-linear_seed1,sparse,1,4a77b6e251,2331,225,-11.250000000000025,-7.9500000000000135,0.050000000000000044,0.15,0,out_of_energy,0,0,1,0,82,0,0,0,0,44,0.04431424862113987,0.5052011321698894,0.0,0.0,0.99,8,linear
q_learning,sparse_eps-linear_seed1,sparse,1,4a77b6e251,2332,225,-11.250000000000025,-8.050000000000013,0.050000000000000044,0.15,0,out_of_energy,0,0,1,0,98,12,0,0,0,49,0.04206967649593141,0.3447193722080604,0.0,0.0,0.99,8,linear
q_learning,sparse_eps-linear_seed1,sparse,1,4a77b6e251,2333,225,-11.250000000000025,-8.050000000000013,0.050000000000000044,0.15,0,out_of_energy,0,0,1,0,89,15,0,0,0,41,0.04622287510705205,0.6644186888616954,0.0,0.0,0.99,8,linear
q_learning,sparse_eps-linear_seed1,sparse,1,4a77b6e251,2334,225,-11.250000000000025,-8.150000000000013,0.050000000000000044,0.15,0,out_of_energy,0,0,1,0,93,4,3,0,0,58,0.044036349529600755,0.47106845443805884,0.0,0.0,0.99,8,linear
q_learning,sparse_eps-linear_seed1,sparse,1,4a77b6e251,2335,225,-11.250000000000025,-8.150000000000013,0.050000000000000044,0.15,0,out_of_energy,0,0,1,0,86,0,0,0,0,39,0.04509577599118003,0.5025987532595346,0.0,0.0,0.99,8,linear
q_learning,sparse_eps-linear_seed1,sparse,1,4a77b6e251,2336,225,-11.250000000000025,-8.150000000000013,0.050000000000000044,0.15,0,out_of_energy,0,0,1,0,102,8,0,0,0,49,0.043346424394780134,0.5129792997463726,0.0,0.0,0.99,8,linear
q_learning,sparse_eps-linear_seed1,sparse,1,4a77b6e251,2337,225,-1.2499999999999822,-8.050000000000013,0.050000000000000044,0.15,0,out_of_energy,0,0,1,0,101,37,0,0,1,54,0.1250255091590108,3.214796572108744,0.0,0.0,0.99,8,linear
q_learning,sparse_eps-linear_seed1,sparse,1,4a77b6e251,2338,225,-11.250000000000025,-8.050000000000013,0.050000000000000044,0.15,0,out_of_energy,0,0,1,0,87,21,0,0,0,45,0.044657807098015236,0.5367353511268486,0.0,0.0,0.99,8,linear
q_learning,sparse_eps-linear_seed1,sparse,1,4a77b6e251,2339,225,-11.250000000000025,-8.050000000000013,0.050000000000000044,0.15,0,out_of_energy,0,0,1,0,87,19,0,0,0,46,0.046957778369076594,0.6244341430541035,0.0,0.0,0.99,8,linear
q_learning,sparse_eps-linear_seed1,sparse,1,4a77b6e251,2340,225,-11.250000000000025,-8.050000000000013,0.050000000000000044,0.15,0,out_of_energy,0,0,1,0,88,12,0,0,0,40,0.04440236436133419,0.50854564608688,0.0,0.0,0.99,8,linear
q_learning,sparse_eps-linear_seed1,sparse,1,4a77b6e251,2341,225,-11.250000000000025,-8.050000000000013,0.050000000000000044,0.15,0,out_of_energy,0,0,1,0,113,22,0,0,0,47,0.043645766153917666,0.44165937190143156,0.0,0.0,0.99,8,linear
q_learning,sparse_eps-linear_seed1,sparse,1,4a77b6e251,2342,225,-11.250000000000025,-8.050000000000013,0.050000000000000044,0.15,0,out_of_energy,0,0,1,0,89,10,0,0,0,40,0.044117054698425834,0.47113895789857535,0.0,0.0,0.99,8,linear
q_learning,sparse_eps-linear_seed1,sparse,1,4a77b6e251,2343,225,-1.2500000000000195,-7.9500000000000135,0.050000000000000044,0.15,0,out_of_energy,0,0,1,0,88,10,0,0,1,47,0.09395712597539609,2.614722903065881,0.0,0.0,0.99,8,linear
q_learning,sparse_eps-linear_seed1,sparse,1,4a77b6e251,2344,225,-11.250000000000025,-7.9500000000000135,0.050000000000000044,0.15,0,out_of_energy,0,0,1,0,101,13,0,0,0,37,0.044725324970130674,0.5273886951434458,0.0,0.0,0.99,8,linear
q_learning,sparse_eps-linear_seed1,sparse,1,4a77b6e251,2345,225,-11.250000000000025,-7.9500000000000135,0.050000000000000044,0.15,0,out_of_energy,0,0,1,0,107,18,0,0,0,48,0.04341069795864465,0.5276200070978292,0.0,0.0,0.99,8,linear
q_learning,sparse_eps-linear_seed1,sparse,1,4a77b6e251,2346,225,-1.2499999999999951,-7.9500000000000135,0.050000000000000044,0.15,0,out_of_energy,0,0,1,0,97,3,0,0,1,54,0.08091139320934031,1.588015393468952,0.0,0.0,0.99,8,linear
q_learning,sparse_eps-linear_seed1,sparse,1,4a77b6e251,2347,225,-11.250000000000025,-7.9500000000000135,0.050000000000000044,0.15,0,out_of_energy,0,0,1,0,104,23,0,0,0,42,0.04620434919852079,0.49949107899488426,0.0,0.0,0.99,8,linear
q_learning,sparse_eps-linear_seed1,sparse,1,4a77b6e251,2348,225,-11.250000000000025,-7.9500000000000135,0.050000000000000044,0.15,0,out_of_energy,0,0,1,0,98,9,0,0,0,48,0.04400801305751137,0.5120663001144956,0.0,0.0,0.99,8,linear
q_learning,sparse_eps-linear_seed1,sparse,1,4a77b6e251,2349,225,-11.250000000000025,-7.9500000000000135,0.050000000000000044,0.15,0,out_of_energy,0,0,1,0,86,18,1,0,0,44,0.04629169759687771,0.584005023720758,0.0,0.0,0.99,8,linear
q_learning,sparse_eps-linear_seed1,sparse,1,4a77b6e251,2350,225,-11.250000000000025,-7.9500000000000135,0.050000000000000044,0.15,0,out_of_energy,0,0,1,0,89,11,0,0,0,38,0.043579921377695154,0.5054669622697008,0.0,0.0,0.99,8,linear
q_learning,sparse_eps-linear_seed1,sparse,1,4a77b6e251,2351,225,-11.250000000000025,-7.9500000000000135,0.050000000000000044,0.15,0,out_of_energy,0,0,1,0,92,40,2,0,0,50,0.04423539149869876,0.4585405296456617,0.0,0.0,0.99,8,linear
q_learning,sparse_eps-linear_seed1,sparse,1,4a77b6e251,2352,225,-11.250000000000025,-8.050000000000013,0.050000000000000044,0.15,0,out_of_energy,0,0,1,0,86,12,3,0,0,45,0.04808328973826794,0.6890665547936,0.0,0.0,0.99,8,linear
q_learning,sparse_eps-linear_seed1,sparse,1,4a77b6e251,2353,225,-1.250000000000012,-7.9500000000000135,0.050000000000000044,0.15,0,out_of_energy,0,0,1,0,94,21,0,0,1,45,0.1042945332281475,4.604662338674274,0.0,0.0,0.99,8,linear
q_learning,sparse_eps-linear_seed1,sparse,1,4a77b6e251,2354,225,-11.250000000000025,-7.9500000000000135,0.050000000000000044,0.15,0,out_of_energy,0,0,1,0,86,5,0,0,0,41,0.04650100290559018,0.6492784493116003,0.0,0.0,0.99,8,linear
q_learning,sparse_eps-linear_seed1,sparse,1,4a77b6e251,2355,225,-1.2499999999999871,-7.850000000000014,0.050000000000000044,0.15,0,out_of_energy,0,0,1,0,93,14,0,0,1,53,0.08063861927279142,2.3923526876494465,0.0,0.0,0.99,8,linear
q_learning,sparse_eps-linear_seed1,sparse,1,4a77b6e251,2356,225,-11.250000000000025,-7.850000000000012,0.050000000000000044,0.15,0,out_of_energy,0,0,1,0,87,7,1,0,0,55,0.047061741420481716,0.5081950605276556,0.0,0.0,0.99,8,linear
q_learning,sparse_eps-linear_seed1,sparse,1,4a77b6e251,2357,225,-1.2499999999999822,-7.750000000000013,0.050000000000000044,0.15,0,out_of_energy,0,0,1,0,93,15,0,0,1,44,0.08164833515250115,2.237297639096489,0.0,0.0,0.99,8,linear
q_learning,sparse_eps-linear_seed1,sparse,1,4a77b6e251,2358,225,-11.250000000000025,-7.750000000000012,0.050000000000000044,0.15,0,out_of_energy,0,0,1,0,101,10,0,0,0,52,0.044157821167796305,0.5028213505163956,0.0,0.0,0.99,8,linear
q_learning,sparse_eps-linear_seed1,sparse,1,4a77b6e251,2359,225,-11.250000000000025,-7.850000000000014,0.050000000000000044,0.15,0,out_of_energy,0,0,1,0,94,5,0,0,0,44,0.04579281733225259,0.5467406580650649,0.0,0.0,0.99,8,linear
q_learning,sparse_eps-linear_seed1,sparse,1,4a77b6e251,2360,225,-11.250000000000025,-7.850000000000011,0.050000000000000044,0.15,0,out_of_energy,0,0,1,0,75,8,2,0,0,57,0.04686822901458126,0.5430032089409386,0.0,0.0,0.99,8,linear
q_learning,sparse_eps-linear_seed1,sparse,1,4a77b6e251,2361,225,-11.250000000000025,-7.9500000000000135,0.050000000000000044,0.15,0,out_of_energy,0,0,1,0,104,54,0,0,0,41,0.0456351640740436,0.5303467541910617,0.0,0.0,0.99,8,linear
q_learning,sparse_eps-linear_seed1,sparse,1,4a77b6e251,2362,225,-11.250000000000025,-8.050000000000013,0.050000000000000044,0.15,0,out_of_energy,0,0,1,0,97,5,0,0,0,47,0.0577065922621784,1.6670256825096677,0.0,0.0,0.99,8,linear
q_learning,sparse_eps-linear_seed1,sparse,1,4a77b6e251,2363,225,-11.250000000000025,-8.150000000000013,0.050000000000000044,0.15,0,out_of_energy,0,0,1,0,91,17,0,0,0,46,0.044315230066929986,0.5370309206524764,0.0,0.0,0.99,8,linear
q_learning,sparse_eps-linear_seed1,sparse,1,4a77b6e251,2364,225,-1.2499999999999822,-8.150000000000013,0.050000000000000044,0.15,0,out_of_energy,0,0,1,0,95,16,0,0,1,48,0.10042593415835852,2.669454618447525,0.0,0.0,0.99,8,linear
q_learning,sparse_eps-linear_seed1,sparse,1,4a77b6e251,2365,225,-1.2499999999999822,-8.150000000000016,0.050000000000000044,0.15,0,out_of_energy,0,0,1,0,79,28,0,0,1,31,0.12430619514477528,3.17821134897132,0.0,0.0,0.99,8,linear
q_learning,sparse_eps-linear_seed1,sparse,1,4a77b6e251,2366,225,-11.250000000000025,-8.250000000000014,0.050000000000000044,0.15,0,out_of_energy,0,0,1,0,80,11,0,0,0,47,0.04478225494150361,0.5037305864201068,0.0,0.0,0.99,8,linear
q_learning,sparse_eps-linear_seed1,sparse,1,4a77b6e251,2367,225,-1.2499999999999822,-8.250000000000016,0.050000000000000044,0.15,0,out_of_energy,0,0,1,0,82,25,0,0,1,44,0.12338234482574043,3.0334163777677547,0.0,0.0,0.99,8,linear
q_learning,sparse_eps-linear_seed1,sparse,1,4a77b6e251,2368,225,-1.2499999999999822,-8.150000000000015,0.050000000000000044,0.15,0,out_of_energy,0,0,1,0,90,29,0,0,1,53,0.10068915676506877,2.4424482101250193,0.0,0.0,0.99,8,linear
q_learning,sparse_eps-linear_seed1,sparse,1,4a77b6e251,2369,225,-11.250000000000025,-8.250000000000016,0.050000000000000044,0.15,0,out_of_energy,0,0,1,0,106,7,0,0,0,54,0.04368746461021825,0.4450025556202514,0.0,0.0,0.99,8,linear
q_learning,sparse_eps-linear_seed1,sparse,1,4a77b6e251,2370,225,-11.250000000000025,-8.250000000000014,0.050000000000000044,0.15,0,out_of_energy,0,0,1,0,103,31,0,0,0,47,0.045287427067700614,0.5446944152371644,0.0,0.0,0.99,8,linear
q_learning,sparse_eps-linear_seed1,sparse,1,4a77b6e251,2371,225,-1.2499999999999822,-8.150000000000015,0.050000000000000044,0.15,0,out_of_energy,0,0,1,0,80,17,0,0,1,45,0.09074133188542559,2.633905774670599,0.0,0.0,0.99,8,linear
q_learning,sparse_eps-linear_seed1,sparse,1,4a77b6e251,2372,225,-11.250000000000025,-8.150000000000013,0.050000000000000044,0.15,0,out_of_energy,0,0,1,0,94,13,0,0,0,47,0.043904635410627106,0.519196966074892,0.0,0.0,0.99,8,linear
q_learning,sparse_eps-linear_seed1,sparse,1,4a77b6e251,2373,225,-1.2499999999999822,-8.050000000000015,0.050000000000000044,0.15,0,out_of_energy,0,0,1,0,78,24,0,0,1,51,0.10009809889271087,2.480268494447097,0.0,0.0,0.99,8,linear
q_learning,sparse_eps-linear_seed1,sparse,1,4a77b6e251,2374,225,-11.250000000000025,-8.050000000000013,0.050000000000000044,0.15,0,out_of_energy,0,0,1,0,90,4,0,0,0,46,0.043094026930983076,0.5084173542828965,0.0,0.0,0.99,8,linear
q_learning,sparse_eps-linear_seed1,sparse,1,4a77b6e251,2375,225,-1.2499999999999822,-7.9500000000000135,0.050000000000000044,0.15,0,out_of_energy,0,0,1,0,90,17,0,0,1,42,0.11717045941460104,2.6526631295234813,0.0,0.0,0.99,8,linear
q_learning,sparse_eps-linear_seed1,sparse,1,4a77b6e251,2376,225,-1.2499999999999822,-7.9500000000000135,0.050000000000000044,0.15,0,out_of_energy,0,0,1,0,78,20,0,0,1,48,0.10878441694763312,2.3523857215175052,0.0,0.0,0.99,8,linear
q_learning,sparse_eps-linear_seed1,sparse,1,4a77b6e251,2377,225,-1.2499999999999822,-7.850000000000014,0.050000000000000044,0.15,0,out_of_energy,0,0,1,0,66,19,0,0,1,46,0.1136318293281958,4.505248809117951,0.0,0.0,0.99,8,linear
q_learning,sparse_eps-linear_seed1,sparse,1,4a77b6e251,2378,225,-1.2499999999999822,-7.750000000000013,0.050000000000000044,0.15,0,out_of_energy,0,0,1,0,75,22,0,0,1,36,0.09199741362487211,2.4289766362152063,0.0,0.0,0.99,8,linear
q_learning,sparse_eps-linear_seed1,sparse,1,4a77b6e251,2379,225,-1.2499999999999822,-7.650000000000014,0.050000000000000044,0.15,0,out_of_energy,0,0,1,0,78,24,0,0,1,52,0.10142259633472622,2.636865397002114,0.0,0.0,0.99,8,linear
q_learning,sparse_eps-linear_seed1,sparse,1,4a77b6e251,2380,225,-11.250000000000025,-7.650000000000013,0.050000000000000044,0.15,0,out_of_energy,0,0,1,0,87,14,0,0,0,40,0.045462772616507496,0.5267680618561199,0.0,0.0,0.99,8,linear
q_learning,sparse_eps-linear_seed1,sparse,1,4a77b6e251,2381,225,-1.2499999999999822,-7.550000000000011,0.050000000000000044,0.15,0,out_of_energy,0,0,1,0,87,14,0,0,1,41,0.11728416616165407,2.9727990784158367,0.0,0.0,0.99,8,linear
q_learning,sparse_eps-linear_seed1,sparse,1,4a77b6e251,2382,225,-1.2499999999999822,-7.450000000000012,0.050000000000000044,0.15,0,out_of_energy,0,0,1,0,88,18,0,0,1,43,0.13022191056383103,3.187658430473072,0.0,0.0,0.99,8,linear
q_learning,sparse_eps-linear_seed1,sparse,1,4a77b6e251,2383,225,-1.2499999999999822,-7.450000000000012,0.050000000000000044,0.15,0,out_of_energy,0,0,1,0,79,20,0,0,1,53,0.12292496440289385,5.45264395700692,0.0,0.0,0.99,8,linear
q_learning,sparse_eps-linear_seed1,sparse,1,4a77b6e251,2384,225,-1.2499999999999822,-7.450000000000013,0.050000000000000044,0.15,0,out_of_energy,0,0,1,0,88,21,0,0,1,54,0.10504926239538659,3.8147981199555003,0.0,0.0,0.99,8,linear
q_learning,sparse_eps-linear_seed1,sparse,1,4a77b6e251,2385,225,-1.2499999999999822,-7.350000000000011,0.050000000000000044,0.15,0,out_of_energy,0,0,1,0,86,17,0,0,1,48,0.12286454463604359,2.592655060881955,0.0,0.0,0.99,8,linear
q_learning,sparse_eps-linear_seed1,sparse,1,4a77b6e251,2386,225,-11.250000000000025,-7.450000000000013,0.050000000000000044,0.15,0,out_of_energy,0,0,1,0,82,5,0,0,0,38,0.043518547307918674,0.5201539422194488,0.0,0.0,0.99,8,linear
q_learning,sparse_eps-linear_seed1,sparse,1,4a77b6e251,2387,225,-1.2499999999999822,-7.450000000000012,0.050000000000000044,0.15,0,out_of_energy,0,0,1,0,87,26,0,0,1,47,0.09968014466730296,2.4764028862429495,0.0,0.0,0.99,8,linear
q_learning,sparse_eps-linear_seed1,sparse,1,4a77b6e251,2388,225,-11.250000000000025,-7.550000000000011,0.050000000000000044,0.15,0,out_of_energy,0,0,1,0,90,24,0,0,0,51,0.04344577037046036,0.5443314172030146,0.0,0.0,0.99,8,linear
q_learning,sparse_eps-linear_seed1,sparse,1,4a77b6e251,2389,225,-1.2499999999999822,-7.550000000000011,0.050000000000000044,0.15,0,out_of_energy,0,0,1,0,81,18,0,0,1,43,0.09535106969342748,2.420074901325184,0.0,0.0,0.99,8,linear
q_learning,sparse_eps-linear_seed1,sparse,1,4a77b6e251,2390,225,-1.2499999999999822,-7.550000000000012,0.050000000000000044,0.15,0,out_of_energy,0,0,1,0,88,15,0,0,1,45,0.11376780011034605,2.556666555833023,0.0,0.0,0.99,8,linear
q_learning,sparse_eps-linear_seed1,sparse,1,4a77b6e251,2391,225,-1.2499999999999822,-7.550000000000012,0.050000000000000044,0.15,0,out_of_energy,0,0,1,0,78,13,0,0,1,38,0.11944411539445411,2.4950838557859427,0.0,0.0,0.99,8,linear
q_learning,sparse_eps-linear_seed1,sparse,1,4a77b6e251,2392,225,-1.2499999999999822,-7.550000000000012,0.050000000000000044,0.15,0,out_of_energy,0,0,1,0,83,28,0,0,1,47,0.11079972661611136,2.656815363120107,0.0,0.0,0.99,8,linear
q_learning,sparse_eps-linear_seed1,sparse,1,4a77b6e251,2393,225,-1.2499999999999822,-7.450000000000012,0.050000000000000044,0.15,0,out_of_energy,0,0,1,0,73,25,0,0,1,42,0.12955460581459197,4.028325625266759,0.0,0.0,0.99,8,linear
q_learning,sparse_eps-linear_seed1,sparse,1,4a77b6e251,2394,225,-1.2499999999999822,-7.450000000000012,0.050000000000000044,0.15,0,out_of_energy,0,0,1,0,73,21,0,0,1,43,0.1307610659149476,3.614078962083181,0.0,0.0,0.99,8,linear
q_learning,sparse_eps-linear_seed1,sparse,1,4a77b6e251,2395,225,-1.2499999999999822,-7.450000000000013,0.050000000000000044,0.15,0,out_of_energy,0,0,1,0,73,19,0,0,1,39,0.10328531522909908,2.529537339048808,0.0,0.0,0.99,8,linear
q_learning,sparse_eps-linear_seed1,sparse,1,4a77b6e251,2396,225,-1.2499999999999822,-7.350000000000011,0.050000000000000044,0.15,0,out_of_energy,0,0,1,0,90,14,0,0,1,45,0.12186939831726169,3.257072349607036,0.0,0.0,0.99,8,linear
q_learning,sparse_eps-linear_seed1,sparse,1,4a77b6e251,2397,225,-1.2499999999999822,-7.350000000000011,0.050000000000000044,0.15,0,out_of_energy,0,0,1,0,80,15,0,0,1,35,0.10599848909855057,2.9428806002484946,0.0,0.0,0.99,8,linear
q_learning,sparse_eps-linear_seed1,sparse,1,4a77b6e251,2398,225,-1.2499999999999822,-7.350000000000011,0.050000000000000044,0.15,0,out_of_energy,0,0,1,0,64,21,0,0,1,38,0.11228242383160643,2.752250783454537,0.0,0.0,0.99,8,linear
q_learning,sparse_eps-linear_seed1,sparse,1,4a77b6e251,2399,225,-1.2499999999999822,-7.350000000000012,0.050000000000000044,0.15,0,out_of_energy,0,0,1,0,74,21,0,0,1,50,0.11786763162387501,3.450934202329751,0.0,0.0,0.99,8,linear
q_learning,sparse_eps-linear_seed1,sparse,1,4a77b6e251,2400,225,-1.2499999999999822,-7.350000000000011,0.050000000000000044,0.15,0,out_of_energy,0,0,1,0,74,20,0,0,1,41,0.10175178586056934,2.467255164304767,0.0,0.0,0.99,8,linear
q_learning,sparse_eps-linear_seed1,sparse,1,4a77b6e251,2401,225,-1.2499999999999822,-7.350000000000011,0.050000000000000044,0.15,0,out_of_energy,0,0,1,0,92,22,0,0,1,44,0.13771158192305305,2.5990790836137077,0.0,0.0,0.99,8,linear
q_learning,sparse_eps-linear_seed1,sparse,1,4a77b6e251,2402,225,-1.2499999999999822,-7.2500000000000115,0.050000000000000044,0.15,0,out_of_energy,0,0,1,0,85,48,0,0,1,50,0.09907507197005892,2.257412689054405,0.0,0.0,0.99,8,linear
q_learning,sparse_eps-linear_seed1,sparse,1,4a77b6e251,2403,225,-1.2499999999999822,-7.150000000000011,0.050000000000000044,0.15,0,out_of_energy,0,0,1,0,85,18,0,0,1,35,0.09352061562498241,2.4700999933782244,0.0,0.0,0.99,8,linear
q_learning,sparse_eps-linear_seed1,sparse,1,4a77b6e251,2404,225,-1.2499999999999822,-7.0500000000000105,0.050000000000000044,0.15,0,out_of_energy,0,0,1,0,85,39,0,0,1,43,0.09047479827625056,2.355765858927601,0.0,0.0,0.99,8,linear
q_learning,sparse_eps-linear_seed1,sparse,1,4a77b6e251,2405,225,-1.2499999999999822,-6.95000000000001,0.050000000000000044,0.15,0,out_of_energy,0,0,1,0,90,32,0,0,1,44,0.10248931280809218,2.268786822209603,0.0,0.0,0.99,8,linear
q_learning,sparse_eps-linear_seed1,sparse,1,4a77b6e251,2406,225,-1.2499999999999822,-6.850000000000009,0.050000000000000044,0.15,0,out_of_energy,0,0,1,0,72,32,0,0,1,45,0.14347548155288747,4.621120529371188,0.0,0.0,0.99,8,linear
q_learning,sparse_eps-linear_seed1,sparse,1,4a77b6e251,2407,225,-1.2499999999999822,-6.750000000000009,0.050000000000000044,0.15,0,out_of_energy,0,0,1,0,88,17,0,0,1,49,0.13125132363814074,4.778869213761313,0.0,0.0,0.99,8,linear
q_learning,sparse_eps-linear_seed1,sparse,1,4a77b6e251,2408,225,-11.250000000000025,-6.750000000000009,0.050000000000000044,0.15,0,out_of_energy,0,0,1,0,86,14,6,0,0,47,0.04401258960053765,0.49919325486605265,0.0,0.0,0.99,8,linear
q_learning,sparse_eps-linear_seed1,sparse,1,4a77b6e251,2409,225,-1.2499999999999822,-6.650000000000009,0.050000000000000044,0.15,0,out_of_energy,0,0,1,0,88,21,0,0,1,46,0.15623987712403165,3.8380595631673966,0.0,0.0,0.99,8,linear
q_learning,sparse_eps-linear_seed1,sparse,1,4a77b6e251,2410,225,-1.2499999999999822,-6.550000000000009,0.050000000000000044,0.15,0,out_of_energy,0,0,1,0,78,16,0,0,1,50,0.11689714779522231,2.334899599310477,0.0,0.0,0.99,8,linear
q_learning,sparse_eps-linear_seed1,sparse,1,4a77b6e251,2411,225,-1.2499999999999822,-6.450000000000006,0.050000000000000044,0.15,0,out_of_energy,0,0,1,0,71,24,0,0,1,39,0.1207856768782436,4.063472787217602,0.0,0.0,0.99,8,linear
q_learning,sparse_eps-linear_seed1,sparse,1,4a77b6e251,2412,225,-1.2499999999999822,-6.350000000000008,0.050000000000000044,0.15,0,out_of_energy,0,0,1,0,68,22,0,0,1,43,0.11502100216077348,2.507185215484462,0.0,0.0,0.99,8,linear
q_learning,sparse_eps-linear_seed1,sparse,1,4a77b6e251,2413,225,-1.2499999999999822,-6.250000000000007,0.050000000000000044,0.15,0,out_of_energy,0,0,1,0,93,28,0,0,1,49,0.12781781341084045,2.7099901282866874,0.0,0.0,0.99,8,linear
q_learning,sparse_eps-linear_seed1,sparse,1,4a77b6e251,2414,225,-1.2499999999999822,-6.150000000000007,0.050000000000000044,0.15,0,out_of_energy,0,0,1,0,85,17,0,0,1,34,0.11025561562895467,3.4003867180648086,0.0,0.0,0.99,8,linear
q_learning,sparse_eps-linear_seed1,sparse,1,4a77b6e251,2415,225,-1.2499999999999822,-6.050000000000007,0.050000000000000044,0.15,0,out_of_energy,0,0,1,0,99,28,0,0,1,47,0.141703438375764,3.7581495559857094,0.0,0.0,0.99,8,linear
q_learning,sparse_eps-linear_seed1,sparse,1,4a77b6e251,2416,225,-1.2499999999999822,-5.950000000000006,0.050000000000000044,0.15,0,out_of_energy,0,0,1,0,84,24,0,0,1,38,0.09964006428709922,2.680273834368249,0.0,0.0,0.99,8,linear
q_learning,sparse_eps-linear_seed1,sparse,1,4a77b6e251,2417,225,-1.2499999999999822,-5.850000000000005,0.050000000000000044,0.15,0,out_of_energy,0,0,1,0,78,18,0,0,1,33,0.11065161242247004,2.5498090116990753,0.0,0.0,0.99,8,linear
q_learning,sparse_eps-linear_seed1,sparse,1,4a77b6e251,2418,225,-1.2499999999999822,-5.750000000000004,0.050000000000000044,0.15,0,out_of_energy,0,0,1,0,79,19,0,0,1,44,0.13164212932736383,3.9896176842521642,0.0,0.0,0.99,8,linear
q_learning,sparse_eps-linear_seed1,sparse,1,4a77b6e251,2419,225,-1.2499999999999822,-5.650000000000005,0.050000000000000044,0.15,0,out_of_energy,0,0,1,0,93,28,0,0,1,39,0.1287063873900646,5.184422288939713,0.0,0.0,0.99,8,linear
q_learning,sparse_eps-linear_seed1,sparse,1,4a77b6e251,2420,225,-1.2499999999999822,-5.550000000000004,0.050000000000000044,0.15,0,out_of_energy,0,0,1,0,82,20,0,0,1,47,0.09558395245497053,2.6647282963425054,0.0,0.0,0.99,8,linear
q_learning,sparse_eps-linear_seed1,sparse,1,4a77b6e251,2421,225,-1.2499999999999822,-5.450000000000005,0.050000000000000044,0.15,0,out_of_energy,0,0,1,0,80,19,0,0,1,51,0.12904650135044388,2.9500825399800736,0.0,0.0,0.99,8,linear
q_learning,sparse_eps-linear_seed1,sparse,1,4a77b6e251,2422,225,-1.2499999999999822,-5.350000000000003,0.050000000000000044,0.15,0,out_of_energy,0,0,1,0,89,44,0,0,1,52,0.1263499837498058,5.705460869449737,0.0,0.0,0.99,8,linear
q_learning,sparse_eps-linear_seed1,sparse,1,4a77b6e251,2423,225,-1.2499999999999822,-5.250000000000003,0.050000000000000044,0.15,0,out_of_energy,0,0,1,0,72,35,0,0,1,46,0.09844974872596077,2.5623691933867647,0.0,0.0,0.99,8,linear
q_learning,sparse_eps-linear_seed1,sparse,1,4a77b6e251,2424,225,-1.2499999999999822,-5.150000000000002,0.050000000000000044,0.15,0,out_of_energy,0,0,1,0,92,14,0,0,1,51,0.10666962019336365,2.8764443460628737,0.0,0.0,0.99,8,linear
q_learning,sparse_eps-linear_seed1,sparse,1,4a77b6e251,2425,225,-1.2499999999999822,-5.0500000000000025,0.050000000000000044,0.15,0,out_of_energy,0,0,1,0,71,24,0,0,1,38,0.12385752952609382,3.675020630758314,0.0,0.0,0.99,8,linear
q_learning,sparse_eps-linear_seed1,sparse,1,4a77b6e251,2426,225,-11.250000000000025,-5.150000000000002,0.050000000000000044,0.15,0,out_of_energy,0,0,1,0,100,9,0,0,0,40,0.04394757534582594,0.4981763559619035,0.0,0.0,0.99,8,linear
q_learning,sparse_eps-linear_seed1,sparse,1,4a77b6e251,2427,225,-1.2499999999999822,-5.050000000000002,0.050000000000000044,0.15,0,out_of_energy,0,0,1,0,69,16,0,0,1,44,0.1050887768082736,2.6136620451179997,0.0,0.0,0.99,8,linear
q_learning,sparse_eps-linear_seed1,sparse,1,4a77b6e251,2428,225,-1.2499999999999822,-5.0500000000000025,0.050000000000000044,0.15,0,out_of_energy,0,0,1,0,75,21,0,0,1,51,0.1221807407610811,3.4563229600336176,0.0,0.0,0.99,8,linear
q_learning,sparse_eps-linear_seed1,sparse,1,4a77b6e251,2429,225,-1.2499999999999822,-4.950000000000001,0.050000000000000044,0.15,0,out_of_energy,0,0,1,0,75,23,0,0,1,43,0.10532766067259092,2.6026389757552044,0.0,0.0,0.99,8,linear
q_learning,sparse_eps-linear_seed1,sparse,1,4a77b6e251,2430,225,-1.2499999999999822,-4.950000000000002,0.050000000000000044,0.15,0,out_of_energy,0,0,1,0,77,21,0,0,1,48,0.0979802648353752,2.584906195190671,0.0,0.0,0.99,8,linear
q_learning,sparse_eps-linear_seed1,sparse,1,4a77b6e251,2431,225,-1.2499999999999822,-4.850000000000001,0.050000000000000044,0.15,0,out_of_energy,0,0,1,0,81,19,0,0,1,38,0.12155754216993024,2.7895806526453897,0.0,0.0,0.99,8,linear
q_learning,sparse_eps-linear_seed1,sparse,1,4a77b6e251,2432,225,-1.2499999999999822,-4.750000000000001,0.050000000000000044,0.15,0,out_of_energy,0,0,1,0,76,19,0,0,1,44,0.09397688576636867,2.5498980609355355,0.0,0.0,0.99,8,linear
q_learning,sparse_eps-linear_seed1,sparse,1,4a77b6e251,2433,225,-1.2499999999999822,-4.65,0.050000000000000044,0.15,0,out_of_energy,0,0,1,0,85,20,0,0,1,46,0.14804332145943727,4.029549511735879,0.0,0.0,0.99,8,linear
q_learning,sparse_eps-linear_seed1,sparse,1,4a77b6e251,2434,225,-1.2499999999999822,-4.55,0.050000000000000044,0.15,0,out_of_energy,0,0,1,0,87,25,0,0,1,46,0.11114619589358346,3.0784531759569687,0.0,0.0,0.99,8,linear
q_learning,sparse_eps-linear_seed1,sparse,1,4a77b6e251,2435,225,-1.2499999999999822,-4.449999999999999,0.050000000000000044,0.15,0,out_of_energy,0,0,1,0,80,24,0,0,1,44,0.09035866303227956,2.4765648067145527,0.0,0.0,0.99,8,linear
q_learning,sparse_eps-linear_seed1,sparse,1,4a77b6e251,2436,225,-11.250000000000025,-4.449999999999999,0.050000000000000044,0.15,0,out_of_energy,0,0,1,0,87,32,0,0,0,47,0.044766659721437896,0.4971193835443582,0.0,0.0,0.99,8,linear
q_learning,sparse_eps-linear_seed1,sparse,1,4a77b6e251,2437,225,-1.2499999999999822,-4.449999999999999,0.050000000000000044,0.15,0,out_of_energy,0,0,1,0,83,22,0,0,1,47,0.09963826208656286,2.5958008932327594,0.0,0.0,0.99,8,linear
q_learning,sparse_eps-linear_seed1,sparse,1,4a77b6e251,2438,225,-1.2499999999999822,-4.349999999999998,0.050000000000000044,0.15,0,out_of_energy,0,0,1,0,89,19,0,0,1,45,0.1572830946884167,3.3400896303544876,0.0,0.0,0.99,8,linear
q_learning,sparse_eps-linear_seed1,sparse,1,4a77b6e251,2439,225,-1.2499999999999822,-4.249999999999997,0.050000000000000044,0.15,0,out_of_energy,0,0,1,0,79,31,0,0,1,41,0.11587986430148771,2.8150062854796083,0.0,0.0,0.99,8,linear
q_learning,sparse_eps-linear_seed1,sparse,1,4a77b6e251,2440,225,-1.2499999999999822,-4.149999999999998,0.050000000000000044,0.15,0,out_of_energy,0,0,1,0,81,21,0,0,1,38,0.10650784705661576,2.456832230302264,0.0,0.0,0.99,8,linear
q_learning,sparse_eps-linear_seed1,sparse,1,4a77b6e251,2441,225,-1.2499999999999822,-4.049999999999997,0.050000000000000044,0.15,0,out_of_energy,0,0,1,0,86,19,0,0,1,42,0.12871387546121763,3.232911089434857,0.0,0.0,0.99,8,linear
q_learning,sparse_eps-linear_seed1,sparse,1,4a77b6e251,2442,225,-11.250000000000025,-4.049999999999996,0.050000000000000044,0.15,0,out_of_energy,0,0,1,0,74,8,0,0,0,48,0.04415895805924865,0.5350819695398725,0.0,0.0,0.99,8,linear
q_learning,sparse_eps-linear_seed1,sparse,1,4a77b6e251,2443,225,-1.2499999999999822,-4.049999999999996,0.050000000000000044,0.15,0,out_of_energy,0,0,1,0,79,19,0,0,1,33,0.11762050444285561,2.5811848708530007,0.0,0.0,0.99,8,linear
q_learning,sparse_eps-linear_seed1,sparse,1,4a77b6e251,2444,225,-1.2499999999999822,-3.9499999999999953,0.050000000000000044,0.15,0,out_of_energy,0,0,1,0,93,23,0,0,1,47,0.12157479510041001,2.565564013945214,0.0,0.0,0.99,8,linear
q_learning,sparse_eps-linear_seed1,sparse,1,4a77b6e251,2445,225,-1.2499999999999822,-3.8499999999999956,0.050000000000000044,0.15,0,out_of_energy,0,0,1,0,76,18,0,0,1,49,0.09052366058809011,2.557381858178691,0.0,0.0,0.99,8,linear
q_learning,sparse_eps-linear_seed1,sparse,1,4a77b6e251,2446,225,-1.2499999999999822,-3.8499999999999956,0.050000000000000044,0.15,0,out_of_energy,0,0,1,0,86,15,0,0,1,42,0.09989286943985895,2.3903188539690348,0.0,0.0,0.99,8,linear
q_learning,sparse_eps-linear_seed1,sparse,1,4a77b6e251,2447,225,-1.2499999999999822,-3.7499999999999956,0.050000000000000044,0.15,0,out_of_energy,0,0,1,0,93,19,0,0,1,41,0.0982160663772944,2.530570290837037,0.0,0.0,0.99,8,linear
q_learning,sparse_eps-linear_seed1,sparse,1,4a77b6e251,2448,225,-1.2499999999999822,-3.649999999999994,0.050000000000000044,0.15,0,out_of_energy,0,0,1,0,81,21,0,0,1,37,0.11710116106210919,2.9883152879029886,0.0,0.0,0.99,8,linear
q_learning,sparse_eps-linear_seed1,sparse,1,4a77b6e251,2449,225,-1.2499999999999822,-3.5499999999999945,0.050000000000000044,0.15,0,out_of_energy,0,0,1,0,78,13,0,0,1,37,0.09730812395987232,2.4943025417536537,0.0,0.0,0.99,8,linear
q_learning,sparse_eps-linear_seed1,sparse,1,4a77b6e251,2450,225,-1.2499999999999822,-3.449999999999994,0.050000000000000044,0.15,0,out_of_energy,0,0,1,0,70,20,0,0,1,32,0.1235732306194104,3.9474529879936173,0.0,0.0,0.99,8,linear
q_learning,sparse_eps-linear_seed1,sparse,1,4a77b6e251,2451,225,-1.2499999999999822,-3.349999999999993,0.050000000000000044,0.15,0,out_of_energy,0,0,1,0,86,6,0,0,1,42,0.10678137713473582,2.04059941130559,0.0,0.0,0.99,8,linear
q_learning,sparse_eps-linear_seed1,sparse,1,4a77b6e251,2452,225,-1.2499999999999822,-3.2499999999999925,0.050000000000000044,0.15,0,out_of_energy,0,0,1,0,83,17,0,0,1,48,0.12225458963425435,2.6386399568772725,0.0,0.0,0.99,8,linear
q_learning,sparse_eps-linear_seed1,sparse,1,4a77b6e251,2453,225,-11.250000000000025,-3.349999999999992,0.050000000000000044,0.15,0,out_of_energy,0,0,1,0,99,1,0,0,0,58,0.04724053312322166,0.5326201506305432,0.0,0.0,0.99,8,linear
q_learning,sparse_eps-linear_seed1,sparse,1,4a77b6e251,2454,225,-1.2499999999999822,-3.249999999999992,0.050000000000000044,0.15,0,out_of_energy,0,0,1,0,86,14,0,0,1,52,0.13722453326312886,4.155684483742299,0.0,0.0,0.99,8,linear
q_learning,sparse_eps-linear_seed1,sparse,1,4a77b6e251,2455,225,-1.2499999999999822,-3.249999999999992,0.050000000000000044,0.15,0,out_of_energy,0,0,1,0,79,18,0,0,1,45,0.14034761366020437,3.328584913249764,0.0,0.0,0.99,8,linear
q_learning,sparse_eps-linear_seed1,sparse,1,4a77b6e251,2456,225,-11.250000000000025,-3.2499999999999916,0.050000000000000044,0.15,0,out_of_energy,0,0,1,0,88,6,0,0,0,53,0.045381290265508405,0.5473686171335916,0.0,0.0,0.99,8,linear
q_learning,sparse_eps-linear_seed1,sparse,1,4a77b6e251,2457,225,-1.2499999999999822,-3.249999999999992,0.050000000000000044,0.15,0,out_of_energy,0,0,1,0,91,26,0,0,1,42,0.10001955072341558,2.4676275534397702,0.0,0.0,0.99,8,linear
q_learning,sparse_eps-linear_seed1,sparse,1,4a77b6e251,2458,225,-1.2499999999999822,-3.149999999999991,0.050000000000000044,0.15,0,out_of_energy,0,0,1,0,73,17,0,0,1,45,0.11571237031771094,4.263842314427618,0.0,0.0,0.99,8,linear
q_learning,sparse_eps-linear_seed1,sparse,1,4a77b6e251,2459,225,-1.2499999999999822,-3.049999999999991,0.050000000000000044,0.15,0,out_of_energy,0,0,1,0,95,16,0,0,1,46,0.10066893951703819,2.410380779338179,0.0,0.0,0.99,8,linear
q_learning,sparse_eps-linear_seed1,sparse,1,4a77b6e251,2460,225,-1.2499999999999822,-2.949999999999991,0.050000000000000044,0.15,0,out_of_energy,0,0,1,0,99,16,0,0,1,48,0.1127703448321778,2.4385038505869954,0.0,0.0,0.99,8,linear
q_learning,sparse_eps-linear_seed1,sparse,1,4a77b6e251,2461,225,-1.2499999999999822,-2.8499999999999903,0.050000000000000044,0.15,0,out_of_energy,0,0,1,0,84,22,0,0,1,36,0.09153269798553113,2.537739803007425,0.0,0.0,0.99,8,linear
q_learning,sparse_eps-linear_seed1,sparse,1,4a77b6e251,2462,225,-1.2499999999999822,-2.74999999999999,0.050000000000000044,0.15,0,out_of_energy,0,0,1,0,95,9,0,0,1,46,0.14917121275539322,3.379028436894817,0.0,0.0,0.99,8,linear
q_learning,sparse_eps-linear_seed1,sparse,1,4a77b6e251,2463,225,-1.2499999999999822,-2.6499999999999897,0.050000000000000044,0.15,0,out_of_energy,0,0,1,0,87,12,0,0,1,54,0.09598288679437003,2.294858317145768,0.0,0.0,0.99,8,linear
q_learning,sparse_eps-linear_seed1,sparse,1,4a77b6e251,2464,225,-1.2499999999999822,-2.6499999999999893,0.050000000000000044,0.15,0,out_of_energy,0,0,1,0,93,20,0,0,1,52,0.11622131820203954,2.700823424130327,0.0,0.0,0.99,8,linear
q_learning,sparse_eps-linear_seed1,sparse,1,4a77b6e251,2465,225,-1.2499999999999822,-2.6499999999999893,0.050000000000000044,0.15,0,out_of_energy,0,0,1,0,93,24,0,0,1,43,0.11242642807379503,4.461397377697579,0.0,0.0,0.99,8,linear
q_learning,sparse_eps-linear_seed1,sparse,1,4a77b6e251,2466,225,-1.2499999999999822,-2.549999999999988,0.050000000000000044,0.15,0,out_of_energy,0,0,1,0,98,26,0,0,1,45,0.0955838314575712,2.282887689109102,0.0,0.0,0.99,8,linear
q_learning,sparse_eps-linear_seed1,sparse,1,4a77b6e251,2467,225,-1.2499999999999822,-2.549999999999988,0.050000000000000044,0.15,0,out_of_energy,0,0,1,0,78,18,0,0,1,36,0.17120301527807422,4.977148923467978,0.0,0.0,0.99,8,linear
q_learning,sparse_eps-linear_seed1,sparse,1,4a77b6e251,2468,225,-1.2499999999999822,-2.549999999999988,0.050000000000000044,0.15,0,out_of_energy,0,0,1,0,92,26,0,0,1,46,0.1379452723306687,2.434045613894125,0.0,0.0,0.99,8,linear
q_learning,sparse_eps-linear_seed1,sparse,1,4a77b6e251,2469,225,-1.2499999999999822,-2.4499999999999873,0.050000000000000044,0.15,0,out_of_energy,0,0,1,0,72,12,0,0,1,47,0.13123030285264983,2.6811364438641343,0.0,0.0,0.99,8,linear
q_learning,sparse_eps-linear_seed1,sparse,1,4a77b6e251,2470,225,-1.2499999999999822,-2.3499999999999868,0.050000000000000044,0.15,0,out_of_energy,0,0,1,0,86,14,0,0,1,46,0.10403473802874623,2.6391706494173244,0.0,0.0,0.99,8,linear
q_learning,sparse_eps-linear_seed1,sparse,1,4a77b6e251,2471,225,-11.250000000000025,-2.4499999999999873,0.050000000000000044,0.15,0,out_of_energy,0,0,1,0,88,1,0,0,0,42,0.04771566196455003,0.6795868471608593,0.0,0.0,0.99,8,linear
q_learning,sparse_eps-linear_seed1,sparse,1,4a77b6e251,2472,225,-1.2499999999999822,-2.3499999999999868,0.050000000000000044,0.15,0,out_of_energy,0,0,1,0,96,25,0,0,1,48,0.19899666764622076,4.830183319965697,0.0,0.0,0.99,8,linear
q_learning,sparse_eps-linear_seed1,sparse,1,4a77b6e251,2473,225,-1.2499999999999822,-2.3499999999999868,0.050000000000000044,0.15,0,out_of_energy,0,0,1,0,81,15,0,0,1,46,0.10933693171080194,2.3679379956294824,0.0,0.0,0.99,8,linear
q_learning,sparse_eps-linear_seed1,sparse,1,4a77b6e251,2474,225,-1.2499999999999822,-2.2499999999999862,0.050000000000000044,0.15,0,out_of_energy,0,0,1,0,65,27,0,0,1,41,0.11543998927443273,2.3909948945223523,0.0,0.0,0.99,8,linear
q_learning,sparse_eps-linear_seed1,sparse,1,4a77b6e251,2475,225,-1.2499999999999822,-2.2499999999999862,0.050000000000000044,0.15,0,out_of_energy,0,0,1,0,87,20,0,0,1,45,0.12430515704156031,2.729230343762025,0.0,0.0,0.99,8,linear
q_learning,sparse_eps-linear_seed1,sparse,1,4a77b6e251,2476,225,-1.2499999999999822,-2.2499999999999862,0.050000000000000044,0.15,0,out_of_energy,0,0,1,0,67,17,0,0,1,51,0.09296806055603561,2.34450930762934,0.0,0.0,0.99,8,linear
q_learning,sparse_eps-linear_seed1,sparse,1,4a77b6e251,2477,225,-1.2499999999999822,-2.2499999999999862,0.050000000000000044,0.15,0,out_of_energy,0,0,1,0,89,23,0,0,1,46,0.10660878686349416,2.3526070691429517,0.0,0.0,0.99,8,linear
q_learning,sparse_eps-linear_seed1,sparse,1,4a77b6e251,2478,225,-1.2499999999999822,-2.2499999999999862,0.050000000000000044,0.15,0,out_of_energy,0,0,1,0,84,29,0,0,1,33,0.13511649968887224,3.7150515299694744,0.0,0.0,0.99,8,linear
q_learning,sparse_eps-linear_seed1,sparse,1,4a77b6e251,2479,225,-1.2499999999999822,-2.2499999999999862,0.050000000000000044,0.15,0,out_of_energy,0,0,1,0,96,30,0,0,1,43,0.0888264962167091,2.2840090374576762,0.0,0.0,0.99,8,linear
q_learning,sparse_eps-linear_seed1,sparse,1,4a77b6e251,2480,225,-1.2499999999999822,-2.1499999999999857,0.050000000000000044,0.15,0,out_of_energy,0,0,1,0,92,21,0,0,1,39,0.10853227236473006,2.9077868982521986,0.0,0.0,0.99,8,linear
q_learning,sparse_eps-linear_seed1,sparse,1,4a77b6e251,2481,225,-1.2499999999999822,-2.1499999999999857,0.050000000000000044,0.15,0,out_of_energy,0,0,1,0,89,38,0,0,1,47,0.09090713181426209,2.3637365015502496,0.0,0.0,0.99,8,linear
q_learning,sparse_eps-linear_seed1,sparse,1,4a77b6e251,2482,225,-1.2499999999999822,-2.1499999999999857,0.050000000000000044,0.15,0,out_of_energy,0,0,1,0,84,31,0,0,1,45,0.11040793410550799,2.312738842335447,0.0,0.0,0.99,8,linear
q_learning,sparse_eps-linear_seed1,sparse,1,4a77b6e251,2483,225,-1.2499999999999822,-2.1499999999999857,0.050000000000000044,0.15,0,out_of_energy,0,0,1,0,96,29,0,0,1,46,0.162395768426727,3.34368785270497,0.0,0.0,0.99,8,linear
q_learning,sparse_eps-linear_seed1,sparse,1,4a77b6e251,2484,225,-1.2499999999999822,-2.1499999999999857,0.050000000000000044,0.15,0,out_of_energy,0,0,1,0,98,24,0,0,1,44,0.13155353061527986,3.8712424344033387,0.0,0.0,0.99,8,linear
q_learning,sparse_eps-linear_seed1,sparse,1,4a77b6e251,2485,225,-1.2499999999999822,-2.1499999999999857,0.050000000000000044,0.15,0,out_of_energy,0,0,1,0,91,22,0,0,1,36,0.1423792109369469,2.3326739560827137,0.0,0.0,0.99,8,linear
q_learning,sparse_eps-linear_seed1,sparse,1,4a77b6e251,2486,225,-1.2499999999999822,-2.049999999999985,0.050000000000000044,0.15,0,out_of_energy,0,0,1,0,79,34,0,0,1,40,0.12284669109018775,2.335823110653939,0.0,0.0,0.99,8,linear
q_learning,sparse_eps-linear_seed1,sparse,1,4a77b6e251,2487,225,-1.2499999999999822,-2.049999999999985,0.050000000000000044,0.15,0,out_of_energy,0,0,1,0,79,18,0,0,1,45,0.09261264495056491,2.3354135451659213,0.0,0.0,0.99,8,linear
q_learning,sparse_eps-linear_seed1,sparse,1,4a77b6e251,2488,225,-1.2499999999999822,-1.9499999999999846,0.050000000000000044,0.15,0,out_of_energy,0,0,1,0,80,20,0,0,1,31,0.12294880534969764,3.6113555628568936,0.0,0.0,0.99,8,linear
q_learning,sparse_eps-linear_seed1,sparse,1,4a77b6e251,2489,225,-1.2499999999999822,-1.9499999999999846,0.050000000000000044,0.15,0,out_of_energy,0,0,1,0,88,17,0,0,1,49,0.12016723145138931,2.5110398924865622,0.0,0.0,0.99,8,linear
q_learning,sparse_eps-linear_seed1,sparse,1,4a77b6e251,2490,225,-1.2499999999999822,-1.9499999999999846,0.050000000000000044,0.15,0,out_of_energy,0,0,1,0,106,18,0,0,1,35,0.11260317433246665,2.8498256523612717,0.0,0.0,0.99,8,linear
q_learning,sparse_eps-linear_seed1,sparse,1,4a77b6e251,2491,225,-1.2499999999999822,-1.9499999999999846,0.050000000000000044,0.15,0,out_of_energy,0,0,1,0,93,14,0,0,1,34,0.12911611959391991,2.5748181829880683,0.0,0.0,0.99,8,linear
q_learning,sparse_eps-linear_seed1,sparse,1,4a77b6e251,2492,225,-1.2499999999999822,-1.9499999999999846,0.050000000000000044,0.15,0,out_of_energy,0,0,1,0,89,9,0,0,1,46,0.12688233084394998,2.486066704179089,0.0,0.0,0.99,8,linear
q_learning,sparse_eps-linear_seed1,sparse,1,4a77b6e251,2493,225,-1.2499999999999822,-1.9499999999999846,0.050000000000000044,0.15,0,out_of_energy,0,0,1,0,113,19,0,0,1,52,0.13244473221748299,3.09659740532004,0.0,0.0,0.99,8,linear
q_learning,sparse_eps-linear_seed1,sparse,1,4a77b6e251,2494,225,-1.2499999999999822,-1.9499999999999846,0.050000000000000044,0.15,0,out_of_energy,0,0,1,0,109,7,0,0,1,55,0.09419111101351803,2.434042213444087,0.0,0.0,0.99,8,linear
q_learning,sparse_eps-linear_seed1,sparse,1,4a77b6e251,2495,225,-1.2499999999999822,-1.9499999999999846,0.050000000000000044,0.15,0,out_of_energy,0,0,1,0,87,9,0,0,1,43,0.10481961997509513,3.0232271709770493,0.0,0.0,0.99,8,linear
q_learning,sparse_eps-linear_seed1,sparse,1,4a77b6e251,2496,225,-1.2499999999999822,-1.9499999999999846,0.050000000000000044,0.15,0,out_of_energy,0,0,1,0,103,13,0,0,1,42,0.14375345513965826,6.3655410591088835,0.0,0.0,0.99,8,linear
q_learning,sparse_eps-linear_seed1,sparse,1,4a77b6e251,2497,225,-1.2499999999999822,-1.9499999999999846,0.050000000000000044,0.15,0,out_of_energy,0,0,1,0,99,22,0,0,1,44,0.12955318655588016,5.097289616507105,0.0,0.0,0.99,8,linear
q_learning,sparse_eps-linear_seed1,sparse,1,4a77b6e251,2498,225,-1.2499999999999822,-1.9499999999999846,0.050000000000000044,0.15,0,out_of_energy,0,0,1,0,96,9,0,0,1,48,0.14395593759225364,5.774594001386687,0.0,0.0,0.99,8,linear
q_learning,sparse_eps-linear_seed1,sparse,1,4a77b6e251,2499,225,-1.2499999999999822,-1.9499999999999846,0.050000000000000044,0.15,0,out_of_energy,0,0,1,0,91,8,0,0,1,48,0.14921710042396094,6.341801319595484,0.0,0.0,0.99,8,linear
q_learning,sparse_eps-linear_seed1,sparse,1,4a77b6e251,2500,225,-1.2499999999999822,-1.9499999999999846,0.050000000000000044,0.15,0,out_of_energy,0,0,1,0,87,12,0,0,1,51,0.135540289776095,8.478385603922137,0.0,0.0,0.99,8,linear
q_learning,sparse_eps-linear_seed1,sparse,1,4a77b6e251,2501,225,-1.2499999999999822,-1.9499999999999846,0.050000000000000044,0.15,0,out_of_energy,0,0,1,0,72,13,0,0,1,42,0.12035291041664001,3.439619015135503,0.0,0.0,0.99,8,linear
q_learning,sparse_eps-linear_seed1,sparse,1,4a77b6e251,2502,225,-1.2499999999999822,-1.9499999999999846,0.050000000000000044,0.15,0,out_of_energy,0,0,1,0,85,14,0,0,1,43,0.08605621734151404,2.3339323736488806,0.0,0.0,0.99,8,linear
q_learning,sparse_eps-linear_seed1,sparse,1,4a77b6e251,2503,225,-1.2499999999999822,-1.9499999999999846,0.050000000000000044,0.15,0,out_of_energy,0,0,1,0,78,31,0,0,1,38,0.11045864378203543,2.5710688656343357,0.0,0.0,0.99,8,linear
q_learning,sparse_eps-linear_seed1,sparse,1,4a77b6e251,2504,225,-1.2499999999999822,-1.9499999999999846,0.050000000000000044,0.15,0,out_of_energy,0,0,1,0,74,26,0,0,1,39,0.09882772832440277,2.4396548630942627,0.0,0.0,0.99,8,linear
q_learning,sparse_eps-linear_seed1,sparse,1,4a77b6e251,2505,225,-1.2499999999999822,-1.9499999999999846,0.050000000000000044,0.15,0,out_of_energy,0,0,1,0,84,18,0,0,1,39,0.13074653663808536,7.264409181226526,0.0,0.0,0.99,8,linear
q_learning,sparse_eps-linear_seed1,sparse,1,4a77b6e251,2506,225,-1.2499999999999822,-1.9499999999999846,0.050000000000000044,0.15,0,out_of_energy,0,0,1,0,82,24,0,0,1,50,0.11086878497721284,3.3485783970864293,0.0,0.0,0.99,8,linear
q_learning,sparse_eps-linear_seed1,sparse,1,4a77b6e251,2507,225,-1.2499999999999951,-1.9499999999999849,0.050000000000000044,0.15,0,out_of_energy,0,0,1,0,102,9,0,0,1,45,0.11618800662224125,2.5192590985619607,0.0,0.0,0.99,8,linear
q_learning,sparse_eps-linear_seed1,sparse,1,4a77b6e251,2508,225,-1.2499999999999822,-1.8499999999999845,0.050000000000000044,0.15,0,out_of_energy,0,0,1,0,73,25,0,0,1,38,0.0903742771876108,2.440839472962219,0.0,0.0,0.99,8,linear
q_learning,sparse_eps-linear_seed1,sparse,1,4a77b6e251,2509,225,-1.2499999999999822,-1.8499999999999845,0.050000000000000044,0.15,0,out_of_energy,0,0,1,0,81,17,0,0,1,61,0.08633270854754439,2.5732641339473163,0.0,0.0,0.99,8,linear
q_learning,sparse_eps-linear_seed1,sparse,1,4a77b6e251,2510,225,-1.2499999999999822,-1.8499999999999845,0.050000000000000044,0.15,0,out_of_energy,0,0,1,0,81,37,0,0,1,50,0.08383104687834181,2.399763070667886,0.0,0.0,0.99,8,linear
q_learning,sparse_eps-linear_seed1,sparse,1,4a77b6e251,2511,225,-1.2499999999999822,-1.8499999999999845,0.050000000000000044,0.15,0,out_of_energy,0,0,1,0,75,25,0,0,1,30,0.09425594864416306,2.828842097562605,0.0,0.0,0.99,8,linear
q_learning,sparse_eps-linear_seed1,sparse,1,4a77b6e251,2512,225,-1.2499999999999822,-1.8499999999999845,0.050000000000000044,0.15,0,out_of_energy,0,0,1,0,77,25,0,0,1,55,0.11364503789855633,2.5854792383871246,0.0,0.0,0.99,8,linear
q_learning,sparse_eps-linear_seed1,sparse,1,4a77b6e251,2513,225,-1.2499999999999822,-1.8499999999999845,0.050000000000000044,0.15,0,out_of_energy,0,0,1,0,87,23,0,0,1,37,0.12665424813363266,3.121864677148713,0.0,0.0,0.99,8,linear
q_learning,sparse_eps-linear_seed1,sparse,1,4a77b6e251,2514,225,-1.2499999999999822,-1.8499999999999845,0.050000000000000044,0.15,0,out_of_energy,0,0,1,0,86,39,0,0,1,41,0.10429119605393239,2.41018066570416,0.0,0.0,0.99,8,linear
q_learning,sparse_eps-linear_seed1,sparse,1,4a77b6e251,2515,225,-1.2499999999999822,-1.8499999999999845,0.050000000000000044,0.15,0,out_of_energy,0,0,1,0,86,41,0,0,1,48,0.12418539124737739,2.3083673940512286,0.0,0.0,0.99,8,linear
q_learning,sparse_eps-linear_seed1,sparse,1,4a77b6e251,2516,225,-1.2499999999999822,-1.8499999999999845,0.050000000000000044,0.15,0,out_of_energy,0,0,1,0,76,13,0,0,1,48,0.09078329180359522,2.4750599454170903,0.0,0.0,0.99,8,linear
q_learning,sparse_eps-linear_seed1,sparse,1,4a77b6e251,2517,225,-1.2499999999999822,-1.8499999999999845,0.050000000000000044,0.15,0,out_of_energy,0,0,1,0,87,28,0,0,1,44,0.11296567542417447,2.4553530906209007,0.0,0.0,0.99,8,linear
q_learning,sparse_eps-linear_seed1,sparse,1,4a77b6e251,2518,225,-1.2499999999999822,-1.8499999999999845,0.050000000000000044,0.15,0,out_of_energy,0,0,1,0,88,22,0,0,1,44,0.0894587805924696,2.244760773295897,0.0,0.0,0.99,8,linear
q_learning,sparse_eps-linear_seed1,sparse,1,4a77b6e251,2519,225,-1.2499999999999822,-1.8499999999999845,0.050000000000000044,0.15,0,out_of_energy,0,0,1,0,73,15,0,0,1,43,0.09324392636649523,2.461079828939371,0.0,0.0,0.99,8,linear
q_learning,sparse_eps-linear_seed1,sparse,1,4a77b6e251,2520,225,-1.2499999999999822,-1.8499999999999845,0.050000000000000044,0.15,0,out_of_energy,0,0,1,0,70,23,0,0,1,38,0.09756544834286517,3.1805653549675057,0.0,0.0,0.99,8,linear
q_learning,sparse_eps-linear_seed1,sparse,1,4a77b6e251,2521,225,-1.2499999999999822,-1.8499999999999845,0.050000000000000044,0.15,0,out_of_energy,0,0,1,0,84,12,0,0,1,41,0.09337874679890146,2.461160039178263,0.0,0.0,0.99,8,linear
q_learning,sparse_eps-linear_seed1,sparse,1,4a77b6e251,2522,225,-1.2499999999999822,-1.8499999999999845,0.050000000000000044,0.15,0,out_of_energy,0,0,1,0,72,19,0,0,1,39,0.0865148233185253,2.301217592670259,0.0,0.0,0.99,8,linear
q_learning,sparse_eps-linear_seed1,sparse,1,4a77b6e251,2523,225,-1.2499999999999822,-1.8499999999999845,0.050000000000000044,0.15,0,out_of_energy,0,0,1,0,125,23,0,0,1,48,0.11478341862665156,2.153863740700944,0.0,0.0,0.99,8,linear
q_learning,sparse_eps-linear_seed1,sparse,1,4a77b6e251,2524,225,-1.2499999999999822,-1.8499999999999845,0.050000000000000044,0.15,0,out_of_energy,0,0,1,0,68,21,0,0,1,47,0.09575338018225736,2.310894979174456,0.0,0.0,0.99,8,linear
q_learning,sparse_eps-linear_seed1,sparse,1,4a77b6e251,2525,225,-1.2499999999999822,-1.8499999999999845,0.050000000000000044,0.15,0,out_of_energy,0,0,1,0,81,17,0,0,1,40,0.10902261351847392,2.7726893662337693,0.0,0.0,0.99,8,linear
q_learning,sparse_eps-linear_seed1,sparse,1,4a77b6e251,2526,225,-1.2499999999999822,-1.749999999999984,0.050000000000000044,0.15,0,out_of_energy,0,0,1,0,83,22,0,0,1,50,0.09173922574357261,2.5125859070805294,0.0,0.0,0.99,8,linear
q_learning,sparse_eps-linear_seed1,sparse,1,4a77b6e251,2527,225,-1.2499999999999822,-1.749999999999984,0.050000000000000044,0.15,0,out_of_energy,0,0,1,0,92,25,0,0,1,34,0.09348951097870337,2.3570500466416293,0.0,0.0,0.99,8,linear
q_learning,sparse_eps-linear_seed1,sparse,1,4a77b6e251,2528,225,-1.2499999999999822,-1.749999999999984,0.050000000000000044,0.15,0,out_of_energy,0,0,1,0,78,29,0,0,1,41,0.12996296030383614,2.6392842857447407,0.0,0.0,0.99,8,linear
q_learning,sparse_eps-linear_seed1,sparse,1,4a77b6e251,2529,225,-1.2499999999999822,-1.749999999999984,0.050000000000000044,0.15,0,out_of_energy,0,0,1,0,69,16,0,0,1,45,0.14412430601036239,5.464775738915737,0.0,0.0,0.99,8,linear
q_learning,sparse_eps-linear_seed1,sparse,1,4a77b6e251,2530,225,-1.2499999999999822,-1.749999999999984,0.050000000000000044,0.15,0,out_of_energy,0,0,1,0,77,26,0,0,1,39,0.09873374779393866,3.3440815154109766,0.0,0.0,0.99,8,linear
q_learning,sparse_eps-linear_seed1,sparse,1,4a77b6e251,2531,225,-1.2499999999999822,-1.749999999999984,0.050000000000000044,0.15,0,out_of_energy,0,0,1,0,110,5,0,0,1,58,0.12380715551937366,5.134821152569424,0.0,0.0,0.99,8,linear
q_learning,sparse_eps-linear_seed1,sparse,1,4a77b6e251,2532,225,-1.2499999999999822,-1.749999999999984,0.050000000000000044,0.15,0,out_of_energy,0,0,1,0,75,25,0,0,1,47,0.10851770923633271,2.3830709644692663,0.0,0.0,0.99,8,linear
q_learning,sparse_eps-linear_seed1,sparse,1,4a77b6e251,2533,225,-1.2499999999999991,-1.7499999999999845,0.050000000000000044,0.15,0,out_of_energy,0,0,1,0,89,19,0,0,1,49,0.13008412527567062,6.752554721513965,0.0,0.0,0.99,8,linear
q_learning,sparse_eps-linear_seed1,sparse,1,4a77b6e251,2534,225,-1.2499999999999822,-1.7499999999999845,0.050000000000000044,0.15,0,out_of_energy,0,0,1,0,86,15,0,0,1,44,0.09582049791345207,2.3458301155732046,0.0,0.0,0.99,8,linear
q_learning,sparse_eps-linear_seed1,sparse,1,4a77b6e251,2535,225,-1.2499999999999822,-1.7499999999999845,0.050000000000000044,0.15,0,out_of_energy,0,0,1,0,60,14,0,0,1,46,0.09254128916374837,2.321380450374895,0.0,0.0,0.99,8,linear
q_learning,sparse_eps-linear_seed1,sparse,1,4a77b6e251,2536,225,-1.2499999999999822,-1.6499999999999837,0.050000000000000044,0.15,0,out_of_energy,0,0,1,0,87,14,0,0,1,55,0.12431846473295893,3.2583173998418324,0.0,0.0,0.99,8,linear
q_learning,sparse_eps-linear_seed1,sparse,1,4a77b6e251,2537,225,-1.2499999999999822,-1.6499999999999837,0.050000000000000044,0.15,0,out_of_energy,0,0,1,0,82,17,0,0,1,51,0.08819967646529803,2.461432607964899,0.0,0.0,0.99,8,linear
q_learning,sparse_eps-linear_seed1,sparse,1,4a77b6e251,2538,225,-1.2499999999999822,-1.6499999999999837,0.050000000000000044,0.15,0,out_of_energy,0,0,1,0,73,34,0,0,1,43,0.09002689177474117,2.3543898259881013,0.0,0.0,0.99,8,linear
q_learning,sparse_eps-linear_seed1,sparse,1,4a77b6e251,2539,225,-1.2499999999999822,-1.6499999999999837,0.050000000000000044,0.15,0,out_of_energy,0,0,1,0,76,15,0,0,1,45,0.11769677303623219,2.628898566757312,0.0,0.0,0.99,8,linear
q_learning,sparse_eps-linear_seed1,sparse,1,4a77b6e251,2540,225,-1.2499999999999822,-1.6499999999999837,0.050000000000000044,0.15,0,out_of_energy,0,0,1,0,85,23,0,0,1,41,0.08216198061121026,2.3349677882774555,0.0,0.0,0.99,8,linear
q_learning,sparse_eps-linear_seed1,sparse,1,4a77b6e251,2541,225,-1.2499999999999822,-1.6499999999999837,0.050000000000000044,0.15,0,out_of_energy,0,0,1,0,70,17,0,0,1,48,0.10454615731415566,3.506747959354936,0.0,0.0,0.99,8,linear
q_learning,sparse_eps-linear_seed1,sparse,1,4a77b6e251,2542,225,-1.2499999999999822,-1.5499999999999836,0.050000000000000044,0.15,0,out_of_energy,0,0,1,0,72,23,0,0,1,40,0.137428883491567,3.1000507630381287,0.0,0.0,0.99,8,linear
q_learning,sparse_eps-linear_seed1,sparse,1,4a77b6e251,2543,225,-1.2499999999999822,-1.5499999999999836,0.050000000000000044,0.15,0,out_of_energy,0,0,1,0,81,15,0,0,1,42,0.09146305277466538,2.5031797507036737,0.0,0.0,0.99,8,linear
q_learning,sparse_eps-linear_seed1,sparse,1,4a77b6e251,2544,225,-1.2499999999999822,-1.5499999999999836,0.050000000000000044,0.15,0,out_of_energy,0,0,1,0,84,30,0,0,1,49,0.09488910562439976,2.2800571298472505,0.0,0.0,0.99,8,linear
q_learning,sparse_eps-linear_seed1,sparse,1,4a77b6e251,2545,225,-1.2499999999999822,-1.5499999999999836,0.050000000000000044,0.15,0,out_of_energy,0,0,1,0,83,20,0,0,1,52,0.15521335000868947,4.31648680293023,0.0,0.0,0.99,8,linear
q_learning,sparse_eps-linear_seed1,sparse,1,4a77b6e251,2546,225,-1.2499999999999822,-1.5499999999999836,0.050000000000000044,0.15,0,out_of_energy,0,0,1,0,77,20,0,0,1,40,0.08123113316819121,2.250101322821715,0.0,0.0,0.99,8,linear
q_learning,sparse_eps-linear_seed1,sparse,1,4a77b6e251,2547,225,-1.2499999999999822,-1.5499999999999836,0.050000000000000044,0.15,0,out_of_energy,0,0,1,0,72,19,0,0,1,41,0.0833082126142511,2.446237377655277,0.0,0.0,0.99,8,linear
q_learning,sparse_eps-linear_seed1,sparse,1,4a77b6e251,2548,225,-1.2499999999999822,-1.5499999999999836,0.050000000000000044,0.15,0,out_of_energy,0,0,1,0,74,26,0,0,1,43,0.09558355415263518,3.136787136956411,0.0,0.0,0.99,8,linear
q_learning,sparse_eps-linear_seed1,sparse,1,4a77b6e251,2549,225,-1.2499999999999822,-1.5499999999999836,0.050000000000000044,0.15,0,out_of_energy,0,0,1,0,95,12,0,0,1,59,0.15632317432598672,2.7655268161835664,0.0,0.0,0.99,8,linear
q_learning,sparse_eps-linear_seed1,sparse,1,4a77b6e251,2550,225,-1.2499999999999822,-1.5499999999999836,0.050000000000000044,0.15,0,out_of_energy,0,0,1,0,85,19,0,0,1,48,0.13531880620491488,2.4502621764353067,0.0,0.0,0.99,8,linear
q_learning,sparse_eps-linear_seed1,sparse,1,4a77b6e251,2551,225,-1.2499999999999822,-1.5499999999999836,0.050000000000000044,0.15,0,out_of_energy,0,0,1,0,95,7,0,0,1,47,0.088389215636827,2.4706645353712986,0.0,0.0,0.99,8,linear
q_learning,sparse_eps-linear_seed1,sparse,1,4a77b6e251,2552,225,-1.2499999999999822,-1.5499999999999836,0.050000000000000044,0.15,0,out_of_energy,0,0,1,0,94,10,0,0,1,57,0.10012741443819034,2.45172034987755,0.0,0.0,0.99,8,linear
q_learning,sparse_eps-linear_seed1,sparse,1,4a77b6e251,2553,225,-1.2499999999999822,-1.4499999999999829,0.050000000000000044,0.15,0,out_of_energy,0,0,1,0,100,13,0,0,1,35,0.08567402178178336,2.5711400161975986,0.0,0.0,0.99,8,linear
q_learning,sparse_eps-linear_seed1,sparse,1,4a77b6e251,2554,225,-1.2499999999999822,-1.4499999999999829,0.050000000000000044,0.15,0,out_of_energy,0,0,1,0,84,11,0,0,1,42,0.09685912708656465,3.285587283990969,0.0,0.0,0.99,8,linear
q_learning,sparse_eps-linear_seed1,sparse,1,4a77b6e251,2555,225,-1.2499999999999822,-1.4499999999999829,0.050000000000000044,0.15,0,out_of_energy,0,0,1,0,97,9,0,0,1,59,0.09323924550850057,2.504780059576248,0.0,0.0,0.99,8,linear
q_learning,sparse_eps-linear_seed1,sparse,1,4a77b6e251,2556,225,-1.2499999999999822,-1.3499999999999823,0.050000000000000044,0.15,0,out_of_energy,0,0,1,0,91,13,0,0,1,47,0.11457895604708612,2.353171578587446,0.0,0.0,0.99,8,linear
q_learning,sparse_eps-linear_seed1,sparse,1,4a77b6e251,2557,225,-1.2499999999999822,-1.3499999999999823,0.050000000000000044,0.15,0,out_of_energy,0,0,1,0,85,27,0,0,1,47,0.10203739642846298,2.277066531618038,0.0,0.0,0.99,8,linear
q_learning,sparse_eps-linear_seed1,sparse,1,4a77b6e251,2558,225,-1.2499999999999822,-1.3499999999999823,0.050000000000000044,0.15,0,out_of_energy,0,0,1,0,93,6,0,0,1,41,0.08722201274945053,2.5442893539533493,0.0,0.0,0.99,8,linear
q_learning,sparse_eps-linear_seed1,sparse,1,4a77b6e251,2559,225,-1.2499999999999822,-1.3499999999999823,0.050000000000000044,0.15,0,out_of_energy,0,0,1,0,86,22,0,0,1,37,0.10318351357281705,2.757889316169588,0.0,0.0,0.99,8,linear
q_learning,sparse_eps-linear_seed1,sparse,1,4a77b6e251,2560,225,-1.2499999999999822,-1.3499999999999823,0.050000000000000044,0.15,0,out_of_energy,0,0,1,0,89,11,0,0,1,53,0.13496274963461838,8.779146419757712,0.0,0.0,0.99,8,linear
q_learning,sparse_eps-linear_seed1,sparse,1,4a77b6e251,2561,225,-1.2499999999999822,-1.3499999999999823,0.050000000000000044,0.15,0,out_of_energy,0,0,1,0,98,13,0,0,1,46,0.09691221225092705,2.967193406001809,0.0,0.0,0.99,8,linear
q_learning,sparse_eps-linear_seed1,sparse,1,4a77b6e251,2562,225,-1.2499999999999822,-1.3499999999999823,0.050000000000000044,0.15,0,out_of_energy,0,0,1,0,95,9,0,0,1,54,0.09109763852273554,2.3769654822500854,0.0,0.0,0.99,8,linear
q_learning,sparse_eps-linear_seed1,sparse,1,4a77b6e251,2563,225,-1.2499999999999822,-1.3499999999999823,0.050000000000000044,0.15,0,out_of_energy,0,0,1,0,95,13,0,0,1,45,0.09028581605175119,2.54743162406855,0.0,0.0,0.99,8,linear
q_learning,sparse_eps-linear_seed1,sparse,1,4a77b6e251,2564,225,-1.2499999999999822,-1.3499999999999823,0.050000000000000044,0.15,0,out_of_energy,0,0,1,0,89,14,0,0,1,49,0.13748128684704763,7.199202763333817,0.0,0.0,0.99,8,linear
q_learning,sparse_eps-linear_seed1,sparse,1,4a77b6e251,2565,225,-1.2499999999999822,-1.3499999999999823,0.050000000000000044,0.15,0,out_of_energy,0,0,1,0,105,13,0,0,1,55,0.11067971054433301,3.9991080930301157,0.0,0.0,0.99,8,linear
q_learning,sparse_eps-linear_seed1,sparse,1,4a77b6e251,2566,225,-1.2499999999999822,-1.3499999999999823,0.050000000000000044,0.15,0,out_of_energy,0,0,1,0,89,12,0,0,1,44,0.09546480537002629,2.3752828372669654,0.0,0.0,0.99,8,linear
q_learning,sparse_eps-linear_seed1,sparse,1,4a77b6e251,2567,225,-1.2499999999999822,-1.3499999999999823,0.050000000000000044,0.15,0,out_of_energy,0,0,1,0,105,23,0,0,1,46,0.1409724988061309,4.970998766806389,0.0,0.0,0.99,8,linear
q_learning,sparse_eps-linear_seed1,sparse,1,4a77b6e251,2568,225,-1.2499999999999822,-1.3499999999999823,0.050000000000000044,0.15,0,out_of_energy,0,0,1,0,102,12,0,0,1,50,0.07909879628344926,2.341577162663663,0.0,0.0,0.99,8,linear
q_learning,sparse_eps-linear_seed1,sparse,1,4a77b6e251,2569,225,-1.2499999999999822,-1.3499999999999823,0.050000000000000044,0.15,0,out_of_energy,0,0,1,0,99,11,0,0,1,42,0.09796249032577153,3.1240807607070042,0.0,0.0,0.99,8,linear
q_learning,sparse_eps-linear_seed1,sparse,1,4a77b6e251,2570,225,-1.2499999999999822,-1.3499999999999823,0.050000000000000044,0.15,0,out_of_energy,0,0,1,0,98,11,0,0,1,41,0.09587247103034861,3.350546105762303,0.0,0.0,0.99,8,linear
q_learning,sparse_eps-linear_seed1,sparse,1,4a77b6e251,2571,225,-1.2499999999999822,-1.2499999999999827,0.050000000000000044,0.15,0,out_of_energy,0,0,1,0,94,21,0,0,1,40,0.09182781161450114,2.339916072207612,0.0,0.0,0.99,8,linear
q_learning,sparse_eps-linear_seed1,sparse,1,4a77b6e251,2572,225,-1.2499999999999822,-1.2499999999999827,0.050000000000000044,0.15,0,out_of_energy,0,0,1,0,96,10,0,0,1,44,0.07553266898626676,2.2927447434840422,0.0,0.0,0.99,8,linear
q_learning,sparse_eps-linear_seed1,sparse,1,4a77b6e251,2573,225,-1.2499999999999822,-1.2499999999999827,0.050000000000000044,0.15,0,out_of_energy,0,0,1,0,90,13,0,0,1,42,0.15332938086534512,6.1193223488337445,0.0,0.0,0.99,8,linear
q_learning,sparse_eps-linear_seed1,sparse,1,4a77b6e251,2574,225,-1.2499999999999822,-1.2499999999999827,0.050000000000000044,0.15,0,out_of_energy,0,0,1,0,114,26,0,0,1,40,0.10706198551359927,5.297981936797144,0.0,0.0,0.99,8,linear
q_learning,sparse_eps-linear_seed1,sparse,1,4a77b6e251,2575,225,-1.2499999999999822,-1.2499999999999827,0.050000000000000044,0.15,0,out_of_energy,0,0,1,0,94,26,0,0,1,56,0.09167349248470405,3.5030230484808014,0.0,0.0,0.99,8,linear
q_learning,sparse_eps-linear_seed1,sparse,1,4a77b6e251,2576,225,-1.2499999999999822,-1.2499999999999827,0.050000000000000044,0.15,0,out_of_energy,0,0,1,0,99,11,0,0,1,58,0.09520657216621252,2.3864291504580715,0.0,0.0,0.99,8,linear
q_learning,sparse_eps-linear_seed1,sparse,1,4a77b6e251,2577,225,-1.2499999999999822,-1.2499999999999827,0.050000000000000044,0.15,0,out_of_energy,0,0,1,0,81,29,0,0,1,53,0.09771306886284489,2.341563266457336,0.0,0.0,0.99,8,linear
q_learning,sparse_eps-linear_seed1,sparse,1,4a77b6e251,2578,225,-1.2499999999999822,-1.2499999999999827,0.050000000000000044,0.15,0,out_of_energy,0,0,1,0,69,31,0,0,1,37,0.09240821256124145,2.360990110419399,0.0,0.0,0.99,8,linear
q_learning,sparse_eps-linear_seed1,sparse,1,4a77b6e251,2579,225,-1.2499999999999822,-1.2499999999999827,0.050000000000000044,0.15,0,out_of_energy,0,0,1,0,92,21,0,0,1,51,0.09181681963443569,2.3323740943792206,0.0,0.0,0.99,8,linear
q_learning,sparse_eps-linear_seed1,sparse,1,4a77b6e251,2580,225,-1.2499999999999822,-1.2499999999999827,0.050000000000000044,0.15,0,out_of_energy,0,0,1,0,95,41,0,0,1,49,0.1008011776250641,2.4398357211462827,0.0,0.0,0.99,8,linear
q_learning,sparse_eps-linear_seed1,sparse,1,4a77b6e251,2581,225,-1.2499999999999822,-1.2499999999999827,0.050000000000000044,0.15,0,out_of_energy,0,0,1,0,68,25,0,0,1,42,0.10920435047058637,2.6577241777599836,0.0,0.0,0.99,8,linear
q_learning,sparse_eps-linear_seed1,sparse,1,4a77b6e251,2582,225,-1.2499999999999822,-1.2499999999999827,0.050000000000000044,0.15,0,out_of_energy,0,0,1,0,73,20,0,0,1,47,0.08256044229198978,2.4125284407788685,0.0,0.0,0.99,8,linear
q_learning,sparse_eps-linear_seed1,sparse,1,4a77b6e251,2583,225,-1.2499999999999822,-1.2499999999999827,0.050000000000000044,0.15,0,out_of_energy,0,0,1,0,88,24,0,0,1,49,0.09447395997587914,2.323366717460325,0.0,0.0,0.99,8,linear
q_learning,sparse_eps-linear_seed1,sparse,1,4a77b6e251,2584,225,-1.2499999999999822,-1.2499999999999827,0.050000000000000044,0.15,0,out_of_energy,0,0,1,0,79,26,0,0,1,61,0.09001376626078485,2.319852155210448,0.0,0.0,0.99,8,linear
q_learning,sparse_eps-linear_seed1,sparse,1,4a77b6e251,2585,225,-1.2499999999999822,-1.2499999999999827,0.050000000000000044,0.15,0,out_of_energy,0,0,1,0,74,17,0,0,1,51,0.09188481848235552,2.5268091436643956,0.0,0.0,0.99,8,linear
q_learning,sparse_eps-linear_seed1,sparse,1,4a77b6e251,2586,225,-1.2499999999999822,-1.2499999999999827,0.050000000000000044,0.15,0,out_of_energy,0,0,1,0,74,19,0,0,1,45,0.09343426381901647,2.2262214032915555,0.0,0.0,0.99,8,linear
q_learning,sparse_eps-linear_seed1,sparse,1,4a77b6e251,2587,225,-1.2499999999999822,-1.2499999999999827,0.050000000000000044,0.15,0,out_of_energy,0,0,1,0,78,32,0,0,1,48,0.12424722248816167,3.1077543289140173,0.0,0.0,0.99,8,linear
q_learning,sparse_eps-linear_seed1,sparse,1,4a77b6e251,2588,225,-1.2499999999999822,-1.2499999999999827,0.050000000000000044,0.15,0,out_of_energy,0,0,1,0,87,28,0,0,1,43,0.12049613845895303,2.4471339556693126,0.0,0.0,0.99,8,linear
q_learning,sparse_eps-linear_seed1,sparse,1,4a77b6e251,2589,225,-1.2499999999999822,-1.2499999999999827,0.050000000000000044,0.15,0,out_of_energy,0,0,1,0,80,19,0,0,1,52,0.1049838378147147,2.2977243819357653,0.0,0.0,0.99,8,linear
q_learning,sparse_eps-linear_seed1,sparse,1,4a77b6e251,2590,225,-1.2499999999999822,-1.2499999999999827,0.050000000000000044,0.15,0,out_of_energy,0,0,1,0,88,14,0,0,1,38,0.1126509849572055,2.4458661260930583,0.0,0.0,0.99,8,linear
q_learning,sparse_eps-linear_seed1,sparse,1,4a77b6e251,2591,225,-1.2499999999999822,-1.2499999999999827,0.050000000000000044,0.15,0,out_of_energy,0,0,1,0,100,7,0,0,1,42,0.08804786872458699,2.390551301139756,0.0,0.0,0.99,8,linear
q_learning,sparse_eps-linear_seed1,sparse,1,4a77b6e251,2592,225,-1.2499999999999822,-1.2499999999999827,0.050000000000000044,0.15,0,out_of_energy,0,0,1,0,92,8,0,0,1,44,0.12338506799323373,5.086779358726437,0.0,0.0,0.99,8,linear
q_learning,sparse_eps-linear_seed1,sparse,1,4a77b6e251,2593,225,-1.2499999999999822,-1.2499999999999827,0.050000000000000044,0.15,0,out_of_energy,0,0,1,0,87,7,0,0,1,41,0.10267531917434879,2.3172321844297707,0.0,0.0,0.99,8,linear
q_learning,sparse_eps-linear_seed1,sparse,1,4a77b6e251,2594,225,-1.2499999999999822,-1.2499999999999827,0.050000000000000044,0.15,0,out_of_energy,0,0,1,0,96,9,0,0,1,42,0.11839861092780608,3.796997627402958,0.0,0.0,0.99,8,linear
q_learning,sparse_eps-linear_seed1,sparse,1,4a77b6e251,2595,225,-1.2499999999999822,-1.2499999999999827,0.050000000000000044,0.15,0,out_of_energy,0,0,1,0,82,7,0,0,1,52,0.1309747186714795,2.7771926851117787,0.0,0.0,0.99,8,linear
q_learning,sparse_eps-linear_seed1,sparse,1,4a77b6e251,2596,225,-1.2499999999999822,-1.2499999999999827,0.050000000000000044,0.15,0,out_of_energy,0,0,1,0,94,11,0,0,1,44,0.12682450264794762,5.149648941949859,0.0,0.0,0.99,8,linear
q_learning,sparse_eps-linear_seed1,sparse,1,4a77b6e251,2597,225,-1.2499999999999822,-1.2499999999999827,0.050000000000000044,0.15,0,out_of_energy,0,0,1,0,108,17,0,0,1,54,0.09828459410075786,2.3403477480345414,0.0,0.0,0.99,8,linear
q_learning,sparse_eps-linear_seed1,sparse,1,4a77b6e251,2598,225,-1.2499999999999822,-1.2499999999999827,0.050000000000000044,0.15,0,out_of_energy,0,0,1,0,98,16,0,0,1,50,0.09634672842967508,2.2557627263593805,0.0,0.0,0.99,8,linear
q_learning,sparse_eps-linear_seed1,sparse,1,4a77b6e251,2599,225,-1.2499999999999822,-1.2499999999999827,0.050000000000000044,0.15,0,out_of_energy,0,0,1,0,78,16,0,0,1,50,0.08778858125502553,2.209518855015351,0.0,0.0,0.99,8,linear
q_learning,sparse_eps-linear_seed1,sparse,1,4a77b6e251,2600,225,-1.2499999999999822,-1.2499999999999827,0.050000000000000044,0.15,0,out_of_energy,0,0,1,0,89,9,0,0,1,46,0.08901950513726714,2.249424963236094,0.0,0.0,0.99,8,linear
q_learning,sparse_eps-linear_seed1,sparse,1,4a77b6e251,2601,225,-1.2499999999999822,-1.2499999999999827,0.050000000000000044,0.15,0,out_of_energy,0,0,1,0,96,12,0,0,1,56,0.09141354902057318,2.3882183414993,0.0,0.0,0.99,8,linear
q_learning,sparse_eps-linear_seed1,sparse,1,4a77b6e251,2602,225,-1.2499999999999822,-1.2499999999999827,0.050000000000000044,0.15,0,out_of_energy,0,0,1,0,92,10,0,0,1,41,0.07594585602111088,2.2367701118592462,0.0,0.0,0.99,8,linear
q_learning,sparse_eps-linear_seed1,sparse,1,4a77b6e251,2603,225,-1.2499999999999822,-1.2499999999999827,0.050000000000000044,0.15,0,out_of_energy,0,0,1,0,98,19,0,0,1,49,0.13271465658555498,4.344746665465523,0.0,0.0,0.99,8,linear
q_learning,sparse_eps-linear_seed1,sparse,1,4a77b6e251,2604,225,-1.2499999999999822,-1.2499999999999827,0.050000000000000044,0.15,0,out_of_energy,0,0,1,0,90,18,0,0,1,45,0.0782266484716488,2.340387474074504,0.0,0.0,0.99,8,linear
q_learning,sparse_eps-linear_seed1,sparse,1,4a77b6e251,2605,225,-1.2499999999999822,-1.2499999999999827,0.050000000000000044,0.15,0,out_of_energy,0,0,1,0,103,14,0,0,1,51,0.11016760399139006,3.974543887262697,0.0,0.0,0.99,8,linear
q_learning,sparse_eps-linear_seed1,sparse,1,4a77b6e251,2606,225,-1.2499999999999822,-1.2499999999999827,0.050000000000000044,0.15,0,out_of_energy,0,0,1,0,92,6,0,0,1,46,0.11584049896505234,4.004253237471657,0.0,0.0,0.99,8,linear
q_learning,sparse_eps-linear_seed1,sparse,1,4a77b6e251,2607,225,-1.2499999999999822,-1.2499999999999825,0.050000000000000044,0.15,0,out_of_energy,0,0,1,0,74,12,0,0,1,48,0.10670368454810247,3.400284796787882,0.0,0.0,0.99,8,linear
q_learning,sparse_eps-linear_seed1,sparse,1,4a77b6e251,2608,225,-1.2499999999999822,-1.2499999999999825,0.050000000000000044,0.15,0,out_of_energy,0,0,1,0,86,9,0,0,1,44,0.08939118661302627,2.3072071319647556,0.0,0.0,0.99,8,linear
q_learning,sparse_eps-linear_seed1,sparse,1,4a77b6e251,2609,225,-1.2499999999999822,-1.2499999999999825,0.050000000000000044,0.15,0,out_of_energy,0,0,1,0,90,5,0,0,1,54,0.12731358811658688,3.6578104799654083,0.0,0.0,0.99,8,linear
q_learning,sparse_eps-linear_seed1,sparse,1,4a77b6e251,2610,225,-1.2499999999999822,-1.2499999999999825,0.050000000000000044,0.15,0,out_of_energy,0,0,1,0,82,9,0,0,1,47,0.09232940841677384,3.9650071762487986,0.0,0.0,0.99,8,linear
q_learning,sparse_eps-linear_seed1,sparse,1,4a77b6e251,2611,225,-1.2499999999999822,-1.2499999999999825,0.050000000000000044,0.15,0,out_of_energy,0,0,1,0,84,14,0,0,1,47,0.09185331941485333,2.5320210743363325,0.0,0.0,0.99,8,linear
q_learning,sparse_eps-linear_seed1,sparse,1,4a77b6e251,2612,225,-1.2499999999999822,-1.2499999999999825,0.050000000000000044,0.15,0,out_of_energy,0,0,1,0,87,5,0,0,1,42,0.08382900181767741,2.4636090099689465,0.0,0.0,0.99,8,linear
q_learning,sparse_eps-linear_seed1,sparse,1,4a77b6e251,2613,225,-1.2499999999999822,-1.2499999999999825,0.050000000000000044,0.15,0,out_of_energy,0,0,1,0,78,7,0,0,1,35,0.08347910966086232,2.499677222135955,0.0,0.0,0.99,8,linear
q_learning,sparse_eps-linear_seed1,sparse,1,4a77b6e251,2614,225,-1.2499999999999822,-1.2499999999999825,0.050000000000000044,0.15,0,out_of_energy,0,0,1,0,90,4,0,0,1,30,0.14026175454372009,4.922912762671963,0.0,0.0,0.99,8,linear
q_learning,sparse_eps-linear_seed1,sparse,1,4a77b6e251,2615,225,-1.2499999999999822,-1.2499999999999825,0.050000000000000044,0.15,0,out_of_energy,0,0,1,0,85,9,0,0,1,42,0.10795427305812055,3.2181414827036536,0.0,0.0,0.99,8,linear
q_learning,sparse_eps-linear_seed1,sparse,1,4a77b6e251,2616,225,-1.2499999999999822,-1.2499999999999825,0.050000000000000044,0.15,0,out_of_energy,0,0,1,0,91,9,0,0,1,45,0.13192981626725958,3.1338363592130327,0.0,0.0,0.99,8,linear
q_learning,sparse_eps-linear_seed1,sparse,1,4a77b6e251,2617,225,-1.2499999999999822,-1.2499999999999825,0.050000000000000044,0.15,0,out_of_energy,0,0,1,0,78,9,0,0,1,50,0.11172856954851397,2.737204665705206,0.0,0.0,0.99,8,linear
q_learning,sparse_eps-linear_seed1,sparse,1,4a77b6e251,2618,225,-1.2499999999999822,-1.2499999999999825,0.050000000000000044,0.15,0,out_of_energy,0,0,1,0,87,8,0,0,1,44,0.13118638368057978,4.362647554514886,0.0,0.0,0.99,8,linear
q_learning,sparse_eps-linear_seed1,sparse,1,4a77b6e251,2619,225,-1.2499999999999822,-1.2499999999999825,0.050000000000000044,0.15,0,out_of_energy,0,0,1,0,84,29,0,0,1,47,0.10893776025156995,2.3568124894998768,0.0,0.0,0.99,8,linear
q_learning,sparse_eps-linear_seed1,sparse,1,4a77b6e251,2620,225,-1.2499999999999822,-1.2499999999999825,0.050000000000000044,0.15,0,out_of_energy,0,0,1,0,70,21,0,0,1,30,0.11057352086629689,2.6952642476183293,0.0,0.0,0.99,8,linear
q_learning,sparse_eps-linear_seed1,sparse,1,4a77b6e251,2621,225,-1.2499999999999822,-1.2499999999999825,0.050000000000000044,0.15,0,out_of_energy,0,0,1,0,80,7,0,0,1,49,0.10934899770040352,3.227444670380633,0.0,0.0,0.99,8,linear
q_learning,sparse_eps-linear_seed1,sparse,1,4a77b6e251,2622,225,-1.2499999999999822,-1.2499999999999825,0.050000000000000044,0.15,0,out_of_energy,0,0,1,0,72,5,0,0,1,42,0.1353900281753413,3.3030341002626864,0.0,0.0,0.99,8,linear
q_learning,sparse_eps-linear_seed1,sparse,1,4a77b6e251,2623,225,-1.2499999999999822,-1.2499999999999825,0.050000000000000044,0.15,0,out_of_energy,0,0,1,0,82,12,0,0,1,44,0.11485448072620315,5.172932862754105,0.0,0.0,0.99,8,linear
q_learning,sparse_eps-linear_seed1,sparse,1,4a77b6e251,2624,225,-1.2499999999999822,-1.2499999999999825,0.050000000000000044,0.15,0,out_of_energy,0,0,1,0,86,5,0,0,1,45,0.11707388388547145,2.7333439504390844,0.0,0.0,0.99,8,linear
q_learning,sparse_eps-linear_seed1,sparse,1,4a77b6e251,2625,225,-1.2499999999999822,-1.2499999999999825,0.050000000000000044,0.15,0,out_of_energy,0,0,1,0,86,16,0,0,1,41,0.09757699241217418,2.3333381055565923,0.0,0.0,0.99,8,linear
q_learning,sparse_eps-linear_seed1,sparse,1,4a77b6e251,2626,225,-1.2499999999999822,-1.2499999999999825,0.050000000000000044,0.15,0,out_of_energy,0,0,1,0,94,16,0,0,1,52,0.07746460876566598,2.307937138787949,0.0,0.0,0.99,8,linear
q_learning,sparse_eps-linear_seed1,sparse,1,4a77b6e251,2627,225,-1.2499999999999822,-1.2499999999999825,0.050000000000000044,0.15,0,out_of_energy,0,0,1,0,92,31,0,0,1,57,0.08878211312102452,2.298259777898256,0.0,0.0,0.99,8,linear
q_learning,sparse_eps-linear_seed1,sparse,1,4a77b6e251,2628,225,-1.2499999999999822,-1.2499999999999825,0.050000000000000044,0.15,0,out_of_energy,0,0,1,0,99,37,0,0,1,31,0.11291750336732831,2.9236551238644566,0.0,0.0,0.99,8,linear
q_learning,sparse_eps-linear_seed1,sparse,1,4a77b6e251,2629,225,-1.2499999999999822,-1.2499999999999825,0.050000000000000044,0.15,0,out_of_energy,0,0,1,0,95,8,0,0,1,49,0.13240190483865696,4.3758685251976885,0.0,0.0,0.99,8,linear
q_learning,sparse_eps-linear_seed1,sparse,1,4a77b6e251,2630,225,-1.2499999999999822,-1.2499999999999825,0.050000000000000044,0.15,0,out_of_energy,0,0,1,0,96,30,0,0,1,40,0.08048967477370142,2.419731851691708,0.0,0.0,0.99,8,linear
q_learning,sparse_eps-linear_seed1,sparse,1,4a77b6e251,2631,225,-1.2499999999999822,-1.2499999999999825,0.050000000000000044,0.15,0,out_of_energy,0,0,1,0,93,22,0,0,1,41,0.11106890902285892,3.8168729341856698,0.0,0.0,0.99,8,linear
q_learning,sparse_eps-linear_seed1,sparse,1,4a77b6e251,2632,225,-1.2499999999999822,-1.2499999999999825,0.050000000000000044,0.15,0,out_of_energy,0,0,1,0,93,19,0,0,1,57,0.11639791331402022,5.127327306630918,0.0,0.0,0.99,8,linear
q_learning,sparse_eps-linear_seed1,sparse,1,4a77b6e251,2633,225,-1.2499999999999822,-1.2499999999999825,0.050000000000000044,0.15,0,out_of_energy,0,0,1,0,105,29,0,0,1,51,0.11789184313227821,2.9107253537441466,0.0,0.0,0.99,8,linear
q_learning,sparse_eps-linear_seed1,sparse,1,4a77b6e251,2634,225,-1.2499999999999822,-1.2499999999999825,0.050000000000000044,0.15,0,out_of_energy,0,0,1,0,70,21,0,0,1,48,0.08951004441017256,2.226744790166662,0.0,0.0,0.99,8,linear
q_learning,sparse_eps-linear_seed1,sparse,1,4a77b6e251,2635,225,-1.2499999999999822,-1.2499999999999825,0.050000000000000044,0.15,0,out_of_energy,0,0,1,0,84,22,0,0,1,54,0.0839330756254683,2.639901732302919,0.0,0.0,0.99,8,linear
q_learning,sparse_eps-linear_seed1,sparse,1,4a77b6e251,2636,225,-1.2499999999999822,-1.2499999999999825,0.050000000000000044,0.15,0,out_of_energy,0,0,1,0,77,19,0,0,1,55,0.0859440723950906,2.2179627244468705,0.0,0.0,0.99,8,linear
q_learning,sparse_eps-linear_seed1,sparse,1,4a77b6e251,2637,225,-1.2499999999999822,-1.2499999999999825,0.050000000000000044,0.15,0,out_of_energy,0,0,1,0,89,17,0,0,1,49,0.13084399368687072,3.9232130011742608,0.0,0.0,0.99,8,linear
q_learning,sparse_eps-linear_seed1,sparse,1,4a77b6e251,2638,225,-1.2499999999999822,-1.2499999999999825,0.050000000000000044,0.15,0,out_of_energy,0,0,1,0,89,21,0,0,1,54,0.07467705335938978,2.2137974468561428,0.0,0.0,0.99,8,linear
q_learning,sparse_eps-linear_seed1,sparse,1,4a77b6e251,2639,225,-1.2499999999999822,-1.2499999999999825,0.050000000000000044,0.15,0,out_of_energy,0,0,1,0,78,16,0,0,1,49,0.09709013968228218,2.2631808241107016,0.0,0.0,0.99,8,linear
q_learning,sparse_eps-linear_seed1,sparse,1,4a77b6e251,2640,225,-1.2499999999999822,-1.2499999999999825,0.050000000000000044,0.15,0,out_of_energy,0,0,1,0,75,13,0,1,1,38,0.09743342636171501,2.303870566013507,0.0,0.0,0.99,8,linear
q_learning,sparse_eps-linear_seed1,sparse,1,4a77b6e251,2641,225,-1.2499999999999822,-1.2499999999999825,0.050000000000000044,0.15,0,out_of_energy,0,0,1,0,79,19,0,0,1,46,0.0816747835755295,2.3235457671694215,0.0,0.0,0.99,8,linear
q_learning,sparse_eps-linear_seed1,sparse,1,4a77b6e251,2642,225,-1.2499999999999822,-1.2499999999999825,0.050000000000000044,0.15,0,out_of_energy,0,0,1,0,84,30,0,0,1,35,0.08299132233218538,2.2618840254672667,0.0,0.0,0.99,8,linear
q_learning,sparse_eps-linear_seed1,sparse,1,4a77b6e251,2643,225,-1.2499999999999822,-1.2499999999999825,0.050000000000000044,0.15,0,out_of_energy,0,0,1,0,80,17,0,0,1,49,0.14211458051377332,2.8599308963706167,0.0,0.0,0.99,8,linear
q_learning,sparse_eps-linear_seed1,sparse,1,4a77b6e251,2644,225,-1.2499999999999822,-1.2499999999999825,0.050000000000000044,0.15,0,out_of_energy,0,0,1,0,78,18,0,0,1,42,0.12427624909232511,2.449734977251201,0.0,0.0,0.99,8,linear
q_learning,sparse_eps-linear_seed1,sparse,1,4a77b6e251,2645,225,-1.2499999999999822,-1.2499999999999825,0.050000000000000044,0.15,0,out_of_energy,0,0,1,0,81,26,0,0,1,43,0.0934486249743067,2.653286128686129,0.0,0.0,0.99,8,linear
q_learning,sparse_eps-linear_seed1,sparse,1,4a77b6e251,2646,225,-1.2499999999999822,-1.2499999999999825,0.050000000000000044,0.15,0,out_of_energy,0,0,1,0,73,8,0,0,1,47,0.09645462512325496,3.3704744463319565,0.0,0.0,0.99,8,linear
q_learning,sparse_eps-linear_seed1,sparse,1,4a77b6e251,2647,225,-1.2499999999999822,-1.2499999999999825,0.050000000000000044,0.15,0,out_of_energy,0,0,1,0,81,8,0,0,1,41,0.08391179654152398,2.5344450368793225,0.0,0.0,0.99,8,linear
q_learning,sparse_eps-linear_seed1,sparse,1,4a77b6e251,2648,225,-1.2499999999999822,-1.2499999999999825,0.050000000000000044,0.15,0,out_of_energy,0,0,1,0,90,14,0,0,1,45,0.10001956020016652,2.469854587084148,0.0,0.0,0.99,8,linear
q_learning,sparse_eps-linear_seed1,sparse,1,4a77b6e251,2649,225,-1.2499999999999822,-1.2499999999999825,0.050000000000000044,0.15,0,out_of_energy,0,0,1,0,88,9,0,0,1,54,0.07647904655533774,2.499009670590139,0.0,0.0,0.99,8,linear
q_learning,sparse_eps-linear_seed1,sparse,1,4a77b6e251,2650,225,-1.2499999999999822,-1.2499999999999825,0.050000000000000044,0.15,0,out_of_energy,0,0,1,0,82,11,0,0,1,41,0.08282000097674624,2.5535318040660373,0.0,0.0,0.99,8,linear
q_learning,sparse_eps-linear_seed1,sparse,1,4a77b6e251,2651,225,-1.2499999999999822,-1.2499999999999825,0.050000000000000044,0.15,0,out_of_energy,0,0,1,0,70,8,0,0,1,34,0.07965720451095504,2.5519098932083937,0.0,0.0,0.99,8,linear
q_learning,sparse_eps-linear_seed1,sparse,1,4a77b6e251,2652,225,-1.2499999999999822,-1.2499999999999825,0.050000000000000044,0.15,0,out_of_energy,0,0,1,0,91,5,0,0,1,41,0.07836359876129358,2.5057948002184265,0.0,0.0,0.99,8,linear
q_learning,sparse_eps-linear_seed1,sparse,1,4a77b6e251,2653,225,-1.2499999999999822,-1.2499999999999825,0.050000000000000044,0.15,0,out_of_energy,0,0,1,0,92,8,0,0,1,47,0.09154467294536156,2.457514968273074,0.0,0.0,0.99,8,linear
q_learning,sparse_eps-linear_seed1,sparse,1,4a77b6e251,2654,225,-1.2499999999999822,-1.2499999999999825,0.050000000000000044,0.15,0,out_of_energy,0,0,1,0,79,16,0,0,1,45,0.1327042168774875,3.6424988170144474,0.0,0.0,0.99,8,linear
q_learning,sparse_eps-linear_seed1,sparse,1,4a77b6e251,2655,225,-1.2499999999999822,-1.2499999999999825,0.050000000000000044,0.15,0,out_of_energy,0,0,1,0,96,35,0,0,1,42,0.10324037076378656,2.3631029189168187,0.0,0.0,0.99,8,linear
q_learning,sparse_eps-linear_seed1,sparse,1,4a77b6e251,2656,225,-1.2499999999999822,-1.2499999999999825,0.050000000000000044,0.15,0,out_of_energy,0,0,1,0,66,20,0,0,1,40,0.08685820689812532,2.566153441843594,0.0,0.0,0.99,8,linear
q_learning,sparse_eps-linear_seed1,sparse,1,4a77b6e251,2657,225,-1.2499999999999822,-1.2499999999999825,0.050000000000000044,0.15,0,out_of_energy,0,0,1,0,76,14,0,0,1,39,0.0947936693290818,2.2601398035756617,0.0,0.0,0.99,8,linear
q_learning,sparse_eps-linear_seed1,sparse,1,4a77b6e251,2658,225,-1.2499999999999822,-1.2499999999999825,0.050000000000000044,0.15,0,out_of_energy,0,0,1,0,64,18,0,0,1,44,0.10867101547934731,2.927681736481734,0.0,0.0,0.99,8,linear
q_learning,sparse_eps-linear_seed1,sparse,1,4a77b6e251,2659,225,-1.2499999999999822,-1.2499999999999825,0.050000000000000044,0.15,0,out_of_energy,0,0,1,0,65,21,0,0,1,33,0.08354391839313562,2.290459797048226,0.0,0.0,0.99,8,linear
q_learning,sparse_eps-linear_seed1,sparse,1,4a77b6e251,2660,225,-1.2499999999999822,-1.2499999999999825,0.050000000000000044,0.15,0,out_of_energy,0,0,1,0,80,19,0,0,1,45,0.08214128073964123,2.2994137515752016,0.0,0.0,0.99,8,linear
q_learning,sparse_eps-linear_seed1,sparse,1,4a77b6e251,2661,225,-1.2499999999999822,-1.2499999999999825,0.050000000000000044,0.15,0,out_of_energy,0,0,1,0,74,18,0,0,1,33,0.08479734015745038,2.463255965684853,0.0,0.0,0.99,8,linear
q_learning,sparse_eps-linear_seed1,sparse,1,4a77b6e251,2662,225,-1.2499999999999822,-1.2499999999999825,0.050000000000000044,0.15,0,out_of_energy,0,0,1,0,81,14,0,0,1,46,0.11940753077779924,2.847738110058758,0.0,0.0,0.99,8,linear
q_learning,sparse_eps-linear_seed1,sparse,1,4a77b6e251,2663,225,-1.2499999999999822,-1.2499999999999825,0.050000000000000044,0.15,0,out_of_energy,0,0,1,0,86,17,0,0,1,39,0.08904555503810405,2.254114624027337,0.0,0.0,0.99,8,linear
q_learning,sparse_eps-linear_seed1,sparse,1,4a77b6e251,2664,225,-1.2499999999999822,-1.2499999999999825,0.050000000000000044,0.15,0,out_of_energy,0,0,1,0,80,30,0,0,1,49,0.09572244666728252,3.261727838756234,0.0,0.0,0.99,8,linear
q_learning,sparse_eps-linear_seed1,sparse,1,4a77b6e251,2665,225,-1.2499999999999822,-1.2499999999999825,0.050000000000000044,0.15,0,out_of_energy,0,0,1,0,83,26,0,0,1,50,0.0883991271762556,2.477117384222046,0.0,0.0,0.99,8,linear
q_learning,sparse_eps-linear_seed1,sparse,1,4a77b6e251,2666,225,-1.2499999999999822,-1.2499999999999825,0.050000000000000044,0.15,0,out_of_energy,0,0,1,0,76,20,0,0,1,49,0.0876021270108396,2.4943676682266496,0.0,0.0,0.99,8,linear
q_learning,sparse_eps-linear_seed1,sparse,1,4a77b6e251,2667,225,-1.2499999999999822,-1.2499999999999825,0.050000000000000044,0.15,0,out_of_energy,0,0,1,0,79,17,0,0,1,44,0.08708020022129005,2.3713796707480475,0.0,0.0,0.99,8,linear
q_learning,sparse_eps-linear_seed1,sparse,1,4a77b6e251,2668,225,-1.2499999999999822,-1.2499999999999825,0.050000000000000044,0.15,0,out_of_energy,0,0,1,0,76,16,0,0,1,53,0.08208057764430547,2.3291902043276496,0.0,0.0,0.99,8,linear
q_learning,sparse_eps-linear_seed1,sparse,1,4a77b6e251,2669,225,-1.2499999999999822,-1.2499999999999825,0.050000000000000044,0.15,0,out_of_energy,0,0,1,0,73,26,0,0,1,33,0.0873914726210403,2.72612563750895,0.0,0.0,0.99,8,linear
q_learning,sparse_eps-linear_seed1,sparse,1,4a77b6e251,2670,225,-1.2499999999999822,-1.2499999999999825,0.050000000000000044,0.15,0,out_of_energy,0,0,1,0,83,13,0,0,1,48,0.08990676675232684,2.3455547055588255,0.0,0.0,0.99,8,linear
q_learning,sparse_eps-linear_seed1,sparse,1,4a77b6e251,2671,225,-1.2499999999999822,-1.2499999999999825,0.050000000000000044,0.15,0,out_of_energy,0,0,1,0,71,17,0,0,1,39,0.1051505730390428,3.8336294558467605,0.0,0.0,0.99,8,linear
q_learning,sparse_eps-linear_seed1,sparse,1,4a77b6e251,2672,225,-1.2499999999999822,-1.2499999999999825,0.050000000000000044,0.15,0,out_of_energy,0,0,1,0,76,26,0,0,1,60,0.08815775842608412,2.972361911790326,0.0,0.0,0.99,8,linear
q_learning,sparse_eps-linear_seed1,sparse,1,4a77b6e251,2673,225,-1.2499999999999822,-1.2499999999999825,0.050000000000000044,0.15,0,out_of_energy,0,0,1,0,80,16,0,0,1,38,0.1026446590275318,2.4055884945928017,0.0,0.0,0.99,8,linear
q_learning,sparse_eps-linear_seed1,sparse,1,4a77b6e251,2674,225,-1.2499999999999822,-1.2499999999999825,0.050000000000000044,0.15,0,out_of_energy,0,0,1,0,107,47,0,0,1,57,0.11835858627596428,2.4624526173120103,0.0,0.0,0.99,8,linear
q_learning,sparse_eps-linear_seed1,sparse,1,4a77b6e251,2675,225,-1.2499999999999822,-1.2499999999999825,0.050000000000000044,0.15,0,out_of_energy,0,0,1,0,79,18,0,0,1,46,0.08127451722009271,2.462064308171814,0.0,0.0,0.99,8,linear
q_learning,sparse_eps-linear_seed1,sparse,1,4a77b6e251,2676,225,-1.2499999999999822,-1.2499999999999825,0.050000000000000044,0.15,0,out_of_energy,0,0,1,0,75,23,0,0,1,35,0.08277516490384963,2.430290752326039,0.0,0.0,0.99,8,linear
q_learning,sparse_eps-linear_seed1,sparse,1,4a77b6e251,2677,225,-1.2499999999999822,-1.2499999999999825,0.050000000000000044,0.15,0,out_of_energy,0,0,1,0,62,24,0,0,1,31,0.11107722630594927,2.2699328335988858,0.0,0.0,0.99,8,linear
q_learning,sparse_eps-linear_seed1,sparse,1,4a77b6e251,2678,225,-1.2499999999999822,-1.2499999999999825,0.050000000000000044,0.15,0,out_of_energy,0,0,1,0,72,15,0,0,1,46,0.07920565294480454,2.285832536972901,0.0,0.0,0.99,8,linear
q_learning,sparse_eps-linear_seed1,sparse,1,4a77b6e251,2679,225,-1.2499999999999822,-1.2499999999999825,0.050000000000000044,0.15,0,out_of_energy,0,0,1,0,73,20,0,0,1,44,0.08184073308464357,2.308074052179861,0.0,0.0,0.99,8,linear
q_learning,sparse_eps-linear_seed1,sparse,1,4a77b6e251,2680,225,-1.2499999999999822,-1.2499999999999825,0.050000000000000044,0.15,0,out_of_energy,0,0,1,0,97,21,0,0,1,41,0.09876911924306732,2.4809832640128198,0.0,0.0,0.99,8,linear
q_learning,sparse_eps-linear_seed1,sparse,1,4a77b6e251,2681,225,-1.2499999999999822,-1.2499999999999825,0.050000000000000044,0.15,0,out_of_energy,0,0,1,0,80,18,0,0,1,39,0.07621204625669371,2.4863942461159567,0.0,0.0,0.99,8,linear
q_learning,sparse_eps-linear_seed1,sparse,1,4a77b6e251,2682,225,-1.2499999999999822,-1.2499999999999825,0.050000000000000044,0.15,0,out_of_energy,0,0,1,0,80,23,0,0,1,41,0.07498378524605845,2.2218992700741067,0.0,0.0,0.99,8,linear
q_learning,sparse_eps-linear_seed1,sparse,1,4a77b6e251,2683,225,-1.2499999999999822,-1.2499999999999825,0.050000000000000044,0.15,0,out_of_energy,0,0,1,0,76,19,0,0,1,34,0.083693423201949,2.243936237465925,0.0,0.0,0.99,8,linear
q_learning,sparse_eps-linear_seed1,sparse,1,4a77b6e251,2684,225,-1.2499999999999822,-1.2499999999999825,0.050000000000000044,0.15,0,out_of_energy,0,0,1,0,86,17,0,0,1,51,0.07921668231175763,2.446249843174944,0.0,0.0,0.99,8,linear
q_learning,sparse_eps-linear_seed1,sparse,1,4a77b6e251,2685,225,-1.2499999999999822,-1.2499999999999825,0.050000000000000044,0.15,0,out_of_energy,0,0,1,0,78,14,0,0,1,43,0.1054488123581735,3.3872076609642,0.0,0.0,0.99,8,linear
q_learning,sparse_eps-linear_seed1,sparse,1,4a77b6e251,2686,225,-1.2499999999999822,-1.2499999999999825,0.050000000000000044,0.15,0,out_of_energy,0,0,1,0,91,20,0,0,1,60,0.09838922069082048,2.4046908507687017,0.0,0.0,0.99,8,linear
q_learning,sparse_eps-linear_seed1,sparse,1,4a77b6e251,2687,225,-1.2499999999999822,-1.2499999999999825,0.050000000000000044,0.15,0,out_of_energy,0,0,1,0,87,28,0,0,1,44,0.0795769280515821,2.439619242544505,0.0,0.0,0.99,8,linear
q_learning,sparse_eps-linear_seed1,sparse,1,4a77b6e251,2688,225,-1.2499999999999822,-1.2499999999999825,0.050000000000000044,0.15,0,out_of_energy,0,0,1,0,65,18,0,0,1,48,0.09733278791588837,2.2976972773849607,0.0,0.0,0.99,8,linear
q_learning,sparse_eps-linear_seed1,sparse,1,4a77b6e251,2689,225,-1.2499999999999822,-1.2499999999999825,0.050000000000000044,0.15,0,out_of_energy,0,0,1,0,70,20,0,0,1,43,0.09309190646294986,2.5472589403858765,0.0,0.0,0.99,8,linear
q_learning,sparse_eps-linear_seed1,sparse,1,4a77b6e251,2690,225,-1.2499999999999822,-1.2499999999999825,0.050000000000000044,0.15,0,out_of_energy,0,0,1,0,85,29,0,0,1,45,0.09043433708355204,2.429323230912522,0.0,0.0,0.99,8,linear
q_learning,sparse_eps-linear_seed1,sparse,1,4a77b6e251,2691,225,-1.2499999999999822,-1.2499999999999825,0.050000000000000044,0.15,0,out_of_energy,0,0,1,0,84,19,0,0,1,42,0.0786872517027555,2.4475250864179836,0.0,0.0,0.99,8,linear
q_learning,sparse_eps-linear_seed1,sparse,1,4a77b6e251,2692,225,-1.2499999999999822,-1.2499999999999825,0.050000000000000044,0.15,0,out_of_energy,0,0,1,0,80,32,0,0,1,49,0.11471822789358742,5.2838454460337125,0.0,0.0,0.99,8,linear
q_learning,sparse_eps-linear_seed1,sparse,1,4a77b6e251,2693,225,-1.2499999999999822,-1.2499999999999825,0.050000000000000044,0.15,0,out_of_energy,0,0,1,0,74,19,0,0,1,34,0.08586416952983511,2.4803336081285314,0.0,0.0,0.99,8,linear
q_learning,sparse_eps-linear_seed1,sparse,1,4a77b6e251,2694,225,-1.2499999999999822,-1.2499999999999825,0.050000000000000044,0.15,0,out_of_energy,0,0,1,0,83,17,0,0,1,49,0.09232684379399206,2.4755207457656425,0.0,0.0,0.99,8,linear
q_learning,sparse_eps-linear_seed1,sparse,1,4a77b6e251,2695,225,-1.2499999999999822,-1.2499999999999825,0.050000000000000044,0.15,0,out_of_energy,0,0,1,0,75,13,0,0,1,41,0.10505896306743397,2.418055630297647,0.0,0.0,0.99,8,linear
q_learning,sparse_eps-linear_seed1,sparse,1,4a77b6e251,2696,225,-1.2499999999999822,-1.2499999999999825,0.050000000000000044,0.15,0,out_of_energy,0,0,1,0,78,30,0,0,1,44,0.09915134818384805,2.318298342375991,0.0,0.0,0.99,8,linear
q_learning,sparse_eps-linear_seed1,sparse,1,4a77b6e251,2697,225,-1.2499999999999822,-1.2499999999999825,0.050000000000000044,0.15,0,out_of_energy,0,0,1,0,82,22,0,0,1,36,0.0873680905614066,2.238178779579262,0.0,0.0,0.99,8,linear
q_learning,sparse_eps-linear_seed1,sparse,1,4a77b6e251,2698,225,-1.2499999999999822,-1.2499999999999825,0.050000000000000044,0.15,0,out_of_energy,0,0,1,0,85,37,0,0,1,35,0.10439662568934754,2.4649805083232357,0.0,0.0,0.99,8,linear
q_learning,sparse_eps-linear_seed1,sparse,1,4a77b6e251,2699,225,-1.2499999999999822,-1.2499999999999825,0.050000000000000044,0.15,0,out_of_energy,0,0,1,0,87,40,0,0,1,48,0.09468795600050457,2.4554242727956765,0.0,0.0,0.99,8,linear
q_learning,sparse_eps-linear_seed1,sparse,1,4a77b6e251,2700,225,-1.2499999999999822,-1.2499999999999825,0.050000000000000044,0.15,0,out_of_energy,0,0,1,0,73,24,0,0,1,57,0.08437445036063022,2.512843656345506,0.0,0.0,0.99,8,linear
q_learning,sparse_eps-linear_seed1,sparse,1,4a77b6e251,2701,225,-1.2499999999999822,-1.2499999999999825,0.050000000000000044,0.15,0,out_of_energy,0,0,1,0,97,22,0,0,1,43,0.08903991410611674,2.7287857535010844,0.0,0.0,0.99,8,linear
q_learning,sparse_eps-linear_seed1,sparse,1,4a77b6e251,2702,225,-1.2499999999999822,-1.2499999999999825,0.050000000000000044,0.15,0,out_of_energy,0,0,1,0,108,11,0,0,1,42,0.07983450433810543,2.481979640843484,0.0,0.0,0.99,8,linear
q_learning,sparse_eps-linear_seed1,sparse,1,4a77b6e251,2703,225,-1.2499999999999822,-1.2499999999999825,0.050000000000000044,0.15,0,out_of_energy,0,0,1,0,80,12,0,0,1,51,0.11396268414196037,3.149133430239785,0.0,0.0,0.99,8,linear
q_learning,sparse_eps-linear_seed1,sparse,1,4a77b6e251,2704,225,-1.2499999999999822,-1.2499999999999825,0.050000000000000044,0.15,0,out_of_energy,0,0,1,0,78,14,0,0,1,42,0.07644068760639978,2.4931311070921396,0.0,0.0,0.99,8,linear
q_learning,sparse_eps-linear_seed1,sparse,1,4a77b6e251,2705,225,-1.2499999999999822,-1.2499999999999825,0.050000000000000044,0.15,0,out_of_energy,0,0,1,0,104,7,0,0,1,48,0.08639473678422249,2.5561655618196104,0.0,0.0,0.99,8,linear
q_learning,sparse_eps-linear_seed1,sparse,1,4a77b6e251,2706,225,-1.2499999999999822,-1.2499999999999825,0.050000000000000044,0.15,0,out_of_energy,0,0,1,0,109,4,0,0,1,37,0.0863463759420081,2.3454347372368787,0.0,0.0,0.99,8,linear
q_learning,sparse_eps-linear_seed1,sparse,1,4a77b6e251,2707,225,-1.2499999999999822,-1.2499999999999825,0.050000000000000044,0.15,0,out_of_energy,0,0,1,0,91,30,0,0,1,34,0.08802672149322528,2.394800175407842,0.0,0.0,0.99,8,linear
q_learning,sparse_eps-linear_seed1,sparse,1,4a77b6e251,2708,225,-1.2499999999999822,-1.2499999999999825,0.050000000000000044,0.15,0,out_of_energy,0,0,1,0,104,27,0,0,1,45,0.09719774400219014,3.2252401867519946,0.0,0.0,0.99,8,linear
q_learning,sparse_eps-linear_seed1,sparse,1,4a77b6e251,2709,225,-1.2499999999999822,-1.2499999999999825,0.050000000000000044,0.15,0,out_of_energy,0,0,1,0,104,24,0,0,1,51,0.07622966854950755,2.3592531166615496,0.0,0.0,0.99,8,linear
q_learning,sparse_eps-linear_seed1,sparse,1,4a77b6e251,2710,225,-1.2499999999999822,-1.2499999999999825,0.050000000000000044,0.15,0,out_of_energy,0,0,1,0,96,24,0,0,1,32,0.09064651690657767,2.383585844509218,0.0,0.0,0.99,8,linear
q_learning,sparse_eps-linear_seed1,sparse,1,4a77b6e251,2711,225,-1.2499999999999822,-1.2499999999999825,0.050000000000000044,0.15,0,out_of_energy,0,0,1,0,103,23,0,0,1,47,0.08911548636422793,2.384178060069009,0.0,0.0,0.99,8,linear
q_learning,sparse_eps-linear_seed1,sparse,1,4a77b6e251,2712,225,-1.2499999999999822,-1.2499999999999825,0.050000000000000044,0.15,0,out_of_energy,0,0,1,0,91,39,0,0,1,43,0.11149702572658239,3.599804783391458,0.0,0.0,0.99,8,linear
q_learning,sparse_eps-linear_seed1,sparse,1,4a77b6e251,2713,225,-1.2499999999999822,-1.2499999999999825,0.050000000000000044,0.15,0,out_of_energy,0,0,1,0,99,24,0,0,1,39,0.0912451630467799,2.379506283451213,0.0,0.0,0.99,8,linear
q_learning,sparse_eps-linear_seed1,sparse,1,4a77b6e251,2714,225,-1.2499999999999822,-1.2499999999999825,0.050000000000000044,0.15,0,out_of_energy,0,0,1,0,93,11,0,0,1,51,0.09078120222229949,2.202462706157058,0.0,0.0,0.99,8,linear
q_learning,sparse_eps-linear_seed1,sparse,1,4a77b6e251,2715,225,-1.2499999999999822,-1.2499999999999825,0.050000000000000044,0.15,0,out_of_energy,0,0,1,0,96,15,0,0,1,46,0.08646764171918511,2.188729859425652,0.0,0.0,0.99,8,linear
q_learning,sparse_eps-linear_seed1,sparse,1,4a77b6e251,2716,225,-1.2499999999999822,-1.2499999999999825,0.050000000000000044,0.15,0,out_of_energy,0,0,1,0,94,23,0,0,1,46,0.08768379065289734,2.4710193672512997,0.0,0.0,0.99,8,linear
q_learning,sparse_eps-linear_seed1,sparse,1,4a77b6e251,2717,225,-1.2499999999999822,-1.2499999999999825,0.050000000000000044,0.15,0,out_of_energy,0,0,1,0,92,19,0,0,1,51,0.12957465752588393,2.3885580782596847,0.0,0.0,0.99,8,linear
q_learning,sparse_eps-linear_seed1,sparse,1,4a77b6e251,2718,225,-1.2499999999999822,-1.2499999999999825,0.050000000000000044,0.15,0,out_of_energy,0,0,1,0,70,31,0,0,1,39,0.10563931399011138,2.3119747664735426,0.0,0.0,0.99,8,linear
q_learning,sparse_eps-linear_seed1,sparse,1,4a77b6e251,2719,225,-1.2499999999999822,-1.2499999999999825,0.050000000000000044,0.15,0,out_of_energy,0,0,1,0,87,16,0,0,1,32,0.08669259410309621,2.3204568993221457,0.0,0.0,0.99,8,linear
q_learning,sparse_eps-linear_seed1,sparse,1,4a77b6e251,2720,225,-1.2499999999999822,-1.2499999999999825,0.050000000000000044,0.15,0,out_of_energy,0,0,1,0,85,26,0,0,1,41,0.09861534268392495,2.954211634503004,0.0,0.0,0.99,8,linear
q_learning,sparse_eps-linear_seed1,sparse,1,4a77b6e251,2721,225,-1.2499999999999822,-1.2499999999999825,0.050000000000000044,0.15,0,out_of_energy,0,0,1,0,101,39,0,0,1,48,0.0794600249550169,2.5115183369998384,0.0,0.0,0.99,8,linear
q_learning,sparse_eps-linear_seed1,sparse,1,4a77b6e251,2722,225,-1.2499999999999822,-1.2499999999999825,0.050000000000000044,0.15,0,out_of_energy,0,0,1,0,78,10,0,0,1,38,0.07856730681635021,2.5179271444017646,0.0,0.0,0.99,8,linear
q_learning,sparse_eps-linear_seed1,sparse,1,4a77b6e251,2723,225,-1.2499999999999822,-1.2499999999999825,0.050000000000000044,0.15,0,out_of_energy,0,0,1,0,90,14,0,0,1,46,0.12832112598171522,3.384837511824272,0.0,0.0,0.99,8,linear
q_learning,sparse_eps-linear_seed1,sparse,1,4a77b6e251,2724,225,-1.2499999999999822,-1.2499999999999825,0.050000000000000044,0.15,0,out_of_energy,0,0,1,0,93,11,0,0,1,37,0.08128430818957619,2.4312795091812625,0.0,0.0,0.99,8,linear
q_learning,sparse_eps-linear_seed1,sparse,1,4a77b6e251,2725,225,-1.2499999999999822,-1.2499999999999825,0.050000000000000044,0.15,0,out_of_energy,0,0,1,0,109,17,0,0,1,47,0.09263160991594147,2.423403937602999,0.0,0.0,0.99,8,linear
q_learning,sparse_eps-linear_seed1,sparse,1,4a77b6e251,2726,225,-1.2499999999999822,-1.2499999999999825,0.050000000000000044,0.15,0,out_of_energy,0,0,1,0,94,8,0,0,1,37,0.12198081524680741,3.073964847912883,0.0,0.0,0.99,8,linear
q_learning,sparse_eps-linear_seed1,sparse,1,4a77b6e251,2727,225,-1.2499999999999822,-1.2499999999999825,0.050000000000000044,0.15,0,out_of_energy,0,0,1,0,83,18,0,0,1,40,0.09306103697915799,2.4487635171105326,0.0,0.0,0.99,8,linear
q_learning,sparse_eps-linear_seed1,sparse,1,4a77b6e251,2728,225,-1.2499999999999822,-1.2499999999999825,0.050000000000000044,0.15,0,out_of_energy,0,0,1,0,81,36,0,0,1,42,0.08555193450852122,2.5984896115686817,0.0,0.0,0.99,8,linear
q_learning,sparse_eps-linear_seed1,sparse,1,4a77b6e251,2729,225,-1.2499999999999822,-1.2499999999999825,0.050000000000000044,0.15,0,out_of_energy,0,0,1,0,105,56,0,0,1,31,0.09614761707709933,2.7394602692746752,0.0,0.0,0.99,8,linear
q_learning,sparse_eps-linear_seed1,sparse,1,4a77b6e251,2730,225,-1.2499999999999822,-1.2499999999999825,0.050000000000000044,0.15,0,out_of_energy,0,0,1,0,104,23,0,0,1,47,0.11373484164516166,4.336930552942936,0.0,0.0,0.99,8,linear
q_learning,sparse_eps-linear_seed1,sparse,1,4a77b6e251,2731,225,-1.2499999999999822,-1.2499999999999825,0.050000000000000044,0.15,0,out_of_energy,0,0,1,0,90,29,0,0,1,43,0.10073555228356591,3.6479154467351442,0.0,0.0,0.99,8,linear
q_learning,sparse_eps-linear_seed1,sparse,1,4a77b6e251,2732,225,-1.2499999999999822,-1.2499999999999825,0.050000000000000044,0.15,0,out_of_energy,0,0,1,0,97,18,0,0,1,41,0.0907347722435577,2.4317003864429596,0.0,0.0,0.99,8,linear
q_learning,sparse_eps-linear_seed1,sparse,1,4a77b6e251,2733,225,-1.2499999999999822,-1.2499999999999825,0.050000000000000044,0.15,0,out_of_energy,0,0,1,0,83,6,0,0,1,52,0.07789023974665421,2.413037696505043,0.0,0.0,0.99,8,linear
q_learning,sparse_eps-linear_seed1,sparse,1,4a77b6e251,2734,225,-1.2499999999999822,-1.2499999999999825,0.050000000000000044,0.15,0,out_of_energy,0,0,1,0,96,7,0,0,1,50,0.11804935736635383,3.4655756620478835,0.0,0.0,0.99,8,linear
q_learning,sparse_eps-linear_seed1,sparse,1,4a77b6e251,2735,225,-1.2499999999999822,-1.2499999999999825,0.050000000000000044,0.15,0,out_of_energy,0,0,1,0,86,6,0,0,1,42,0.12826565474389628,3.472189100241463,0.0,0.0,0.99,8,linear
q_learning,sparse_eps-linear_seed1,sparse,1,4a77b6e251,2736,225,-1.2499999999999822,-1.2499999999999825,0.050000000000000044,0.15,0,out_of_energy,0,0,1,0,86,16,0,0,1,46,0.09152382665057025,2.5307198675009612,0.0,0.0,0.99,8,linear
q_learning,sparse_eps-linear_seed1,sparse,1,4a77b6e251,2737,225,-1.2499999999999822,-1.2499999999999825,0.050000000000000044,0.15,0,out_of_energy,0,0,1,0,107,10,0,0,1,50,0.12017649487000699,3.2443487019647335,0.0,0.0,0.99,8,linear
q_learning,sparse_eps-linear_seed1,sparse,1,4a77b6e251,2738,225,-1.2499999999999822,-1.2499999999999825,0.050000000000000044,0.15,0,out_of_energy,0,0,1,0,85,22,0,0,1,39,0.10041749672038076,2.6162139398381754,0.0,0.0,0.99,8,linear
q_learning,sparse_eps-linear_seed1,sparse,1,4a77b6e251,2739,225,-1.2499999999999822,-1.2499999999999825,0.050000000000000044,0.15,0,out_of_energy,0,0,1,0,85,14,0,0,1,44,0.10490095925878794,2.4491406133002505,0.0,0.0,0.99,8,linear
q_learning,sparse_eps-linear_seed1,sparse,1,4a77b6e251,2740,225,-1.2499999999999822,-1.2499999999999825,0.050000000000000044,0.15,0,out_of_energy,0,0,1,0,102,9,0,0,1,41,0.07401677760161081,2.526561925200385,0.0,0.0,0.99,8,linear
q_learning,sparse_eps-linear_seed1,sparse,1,4a77b6e251,2741,225,-1.2499999999999822,-1.2499999999999825,0.050000000000000044,0.15,0,out_of_energy,0,0,1,0,83,10,0,0,1,42,0.1490444973910527,2.961610509783701,0.0,0.0,0.99,8,linear
q_learning,sparse_eps-linear_seed1,sparse,1,4a77b6e251,2742,225,-1.2499999999999822,-1.2499999999999825,0.050000000000000044,0.15,0,out_of_energy,0,0,1,0,92,4,0,0,1,53,0.08044054862193067,2.4802827682765933,0.0,0.0,0.99,8,linear
q_learning,sparse_eps-linear_seed1,sparse,1,4a77b6e251,2743,225,-1.2499999999999822,-1.2499999999999825,0.050000000000000044,0.15,0,out_of_energy,0,0,1,0,77,18,0,0,1,47,0.11333202760160252,2.641364490053565,0.0,0.0,0.99,8,linear
q_learning,sparse_eps-linear_seed1,sparse,1,4a77b6e251,2744,225,-1.2499999999999822,-1.2499999999999825,0.050000000000000044,0.15,0,out_of_energy,0,0,1,0,84,12,0,0,1,54,0.08282483703150728,2.479875973993736,0.0,0.0,0.99,8,linear
q_learning,sparse_eps-linear_seed1,sparse,1,4a77b6e251,2745,225,-1.2499999999999822,-1.2499999999999825,0.050000000000000044,0.15,0,out_of_energy,0,0,1,0,86,17,0,0,1,54,0.09786002339881304,4.404682899533081,0.0,0.0,0.99,8,linear
q_learning,sparse_eps-linear_seed1,sparse,1,4a77b6e251,2746,225,-1.2499999999999822,-1.2499999999999825,0.050000000000000044,0.15,0,out_of_energy,0,0,1,0,114,8,0,0,1,39,0.0974023161344989,2.657358990440042,0.0,0.0,0.99,8,linear
q_learning,sparse_eps-linear_seed1,sparse,1,4a77b6e251,2747,225,-1.2499999999999822,-1.2499999999999825,0.050000000000000044,0.15,0,out_of_energy,0,0,1,0,73,29,0,0,1,50,0.10551238615541524,2.488765539844338,0.0,0.0,0.99,8,linear
q_learning,sparse_eps-linear_seed1,sparse,1,4a77b6e251,2748,225,-1.2499999999999822,-1.2499999999999825,0.050000000000000044,0.15,0,out_of_energy,0,0,1,0,91,17,0,0,1,44,0.08462558338720998,2.5930705827302294,0.0,0.0,0.99,8,linear
q_learning,sparse_eps-linear_seed1,sparse,1,4a77b6e251,2749,225,-1.2499999999999822,-1.2499999999999825,0.050000000000000044,0.15,0,out_of_energy,0,0,1,0,93,17,0,0,1,41,0.09176840854000547,2.4889588021046034,0.0,0.0,0.99,8,linear
q_learning,sparse_eps-linear_seed1,sparse,1,4a77b6e251,2750,225,-1.2499999999999822,-1.2499999999999825,0.050000000000000044,0.15,0,out_of_energy,0,0,1,0,111,44,0,0,1,50,0.08773203687030888,2.4768234188734493,0.0,0.0,0.99,8,linear
q_learning,sparse_eps-linear_seed1,sparse,1,4a77b6e251,2751,225,-1.2499999999999822,-1.2499999999999825,0.050000000000000044,0.15,0,out_of_energy,0,0,1,0,88,23,0,0,1,53,0.1119629055870363,2.9198404851770934,0.0,0.0,0.99,8,linear
q_learning,sparse_eps-linear_seed1,sparse,1,4a77b6e251,2752,225,-1.2499999999999822,-1.2499999999999825,0.050000000000000044,0.15,0,out_of_energy,0,0,1,0,96,33,0,0,1,52,0.08694191228289813,2.472148936868069,0.0,0.0,0.99,8,linear
q_learning,sparse_eps-linear_seed1,sparse,1,4a77b6e251,2753,225,-1.2499999999999822,-1.2499999999999825,0.050000000000000044,0.15,0,out_of_energy,0,0,1,0,97,22,0,0,1,51,0.09314441243971897,2.5748226560351233,0.0,0.0,0.99,8,linear
q_learning,sparse_eps-linear_seed1,sparse,1,4a77b6e251,2754,225,-1.2499999999999822,-1.2499999999999825,0.050000000000000044,0.15,0,out_of_energy,0,0,1,0,72,26,0,0,1,32,0.1034053341695468,3.072027118453281,0.0,0.0,0.99,8,linear
q_learning,sparse_eps-linear_seed1,sparse,1,4a77b6e251,2755,225,-1.2499999999999822,-1.2499999999999825,0.050000000000000044,0.15,0,out_of_energy,0,0,1,0,100,28,0,0,1,49,0.07402039018642963,2.5830587403055087,0.0,0.0,0.99,8,linear
q_learning,sparse_eps-linear_seed1,sparse,1,4a77b6e251,2756,225,-1.2499999999999822,-1.2499999999999825,0.050000000000000044,0.15,0,out_of_energy,0,0,1,0,112,25,0,0,1,53,0.09032506818672717,2.4472948032684725,0.0,0.0,0.99,8,linear
q_learning,sparse_eps-linear_seed1,sparse,1,4a77b6e251,2757,225,-1.2499999999999822,-1.2499999999999825,0.050000000000000044,0.15,0,out_of_energy,0,0,1,0,119,49,0,0,1,45,0.08380361638882637,2.4903220312278167,0.0,0.0,0.99,8,linear
q_learning,sparse_eps-linear_seed1,sparse,1,4a77b6e251,2758,225,-1.2499999999999822,-1.2499999999999825,0.050000000000000044,0.15,0,out_of_energy,0,0,1,0,90,22,0,0,1,45,0.08288508740675063,2.424605709634241,0.0,0.0,0.99,8,linear
q_learning,sparse_eps-linear_seed1,sparse,1,4a77b6e251,2759,225,-1.2499999999999822,-1.2499999999999825,0.050000000000000044,0.15,0,out_of_energy,0,0,1,0,107,37,0,0,1,41,0.09148378460701194,1.7548834647838316,0.0,0.0,0.99,8,linear
q_learning,sparse_eps-linear_seed1,sparse,1,4a77b6e251,2760,225,-1.2499999999999822,-1.2499999999999825,0.050000000000000044,0.15,0,out_of_energy,0,0,1,0,85,14,0,0,1,49,0.07613776852120091,2.463394280190423,0.0,0.0,0.99,8,linear
q_learning,sparse_eps-linear_seed1,sparse,1,4a77b6e251,2761,225,-1.2499999999999822,-1.2499999999999825,0.050000000000000044,0.15,0,out_of_energy,0,0,1,0,90,31,0,0,1,52,0.09214621734357321,2.4462741690865037,0.0,0.0,0.99,8,linear
q_learning,sparse_eps-linear_seed1,sparse,1,4a77b6e251,2762,225,-1.2499999999999822,-1.2499999999999825,0.050000000000000044,0.15,0,out_of_energy,0,0,1,0,85,28,0,0,1,43,0.09371062848061273,2.4191622032270983,0.0,0.0,0.99,8,linear
q_learning,sparse_eps-linear_seed1,sparse,1,4a77b6e251,2763,225,-1.2499999999999822,-1.2499999999999825,0.050000000000000044,0.15,0,out_of_energy,0,0,1,0,96,9,0,0,1,39,0.10285604374833185,2.7622691802594366,0.0,0.0,0.99,8,linear
q_learning,sparse_eps-linear_seed1,sparse,1,4a77b6e251,2764,225,-1.2499999999999822,-1.2499999999999825,0.050000000000000044,0.15,0,out_of_energy,0,0,1,0,83,9,0,0,1,47,0.11409966164368454,2.516229225266902,0.0,0.0,0.99,8,linear
q_learning,sparse_eps-linear_seed1,sparse,1,4a77b6e251,2765,225,-1.2499999999999822,-1.2499999999999825,0.050000000000000044,0.15,0,out_of_energy,0,0,1,0,78,22,0,0,1,55,0.08399681019253723,2.6066260743376803,0.0,0.0,0.99,8,linear
q_learning,sparse_eps-linear_seed1,sparse,1,4a77b6e251,2766,225,-1.2499999999999822,-1.2499999999999825,0.050000000000000044,0.15,0,out_of_energy,0,0,1,0,96,21,0,0,1,41,0.07750491201765951,2.5341284972444162,0.0,0.0,0.99,8,linear
q_learning,sparse_eps-linear_seed1,sparse,1,4a77b6e251,2767,225,-1.2499999999999822,-1.2499999999999825,0.050000000000000044,0.15,0,out_of_energy,0,0,1,0,63,26,0,0,1,46,0.08974428207770699,2.4696647782070604,0.0,0.0,0.99,8,linear
q_learning,sparse_eps-linear_seed1,sparse,1,4a77b6e251,2768,225,-1.2499999999999822,-1.2499999999999825,0.050000000000000044,0.15,0,out_of_energy,0,0,1,0,78,16,0,0,1,48,0.07739836915418939,2.4808315492024775,0.0,0.0,0.99,8,linear
q_learning,sparse_eps-linear_seed1,sparse,1,4a77b6e251,2769,225,-1.2499999999999822,-1.2499999999999825,0.050000000000000044,0.15,0,out_of_energy,0,0,1,0,89,15,0,0,1,44,0.09525250786600989,2.477962663702165,0.0,0.0,0.99,8,linear
q_learning,sparse_eps-linear_seed1,sparse,1,4a77b6e251,2770,225,-1.2499999999999822,-1.2499999999999825,0.050000000000000044,0.15,0,out_of_energy,0,0,1,0,80,17,0,0,1,51,0.09470710603184708,2.6423121942802457,0.0,0.0,0.99,8,linear
q_learning,sparse_eps-linear_seed1,sparse,1,4a77b6e251,2771,225,-1.2499999999999822,-1.2499999999999825,0.050000000000000044,0.15,0,out_of_energy,0,0,1,0,96,16,0,0,1,44,0.08995845583799192,2.586232358387914,0.0,0.0,0.99,8,linear
q_learning,sparse_eps-linear_seed1,sparse,1,4a77b6e251,2772,225,-1.2499999999999822,-1.2499999999999825,0.050000000000000044,0.15,0,out_of_energy,0,0,1,0,96,16,0,0,1,38,0.08761505457626723,2.5909586416088146,0.0,0.0,0.99,8,linear
q_learning,sparse_eps-linear_seed1,sparse,1,4a77b6e251,2773,225,-1.2499999999999822,-1.2499999999999825,0.050000000000000044,0.15,0,out_of_energy,0,0,1,0,77,16,0,0,1,42,0.09006536207956455,2.6313940658478483,0.0,0.0,0.99,8,linear
q_learning,sparse_eps-linear_seed1,sparse,1,4a77b6e251,2774,225,-1.2499999999999822,-1.2499999999999825,0.050000000000000044,0.15,0,out_of_energy,0,0,1,0,96,6,0,0,1,42,0.07597931063560112,2.6054946575832396,0.0,0.0,0.99,8,linear
q_learning,sparse_eps-linear_seed1,sparse,1,4a77b6e251,2775,225,-1.2499999999999822,-1.2499999999999825,0.050000000000000044,0.15,0,out_of_energy,0,0,1,0,109,12,0,0,1,44,0.08799218109089137,2.5063702537117827,0.0,0.0,0.99,8,linear
q_learning,sparse_eps-linear_seed1,sparse,1,4a77b6e251,2776,225,-1.2499999999999822,-1.2499999999999825,0.050000000000000044,0.15,0,out_of_energy,0,0,1,0,84,37,0,0,1,57,0.07022749726303266,2.3821770733662486,0.0,0.0,0.99,8,linear
q_learning,sparse_eps-linear_seed1,sparse,1,4a77b6e251,2777,225,-1.2499999999999822,-1.2499999999999825,0.050000000000000044,0.15,0,out_of_energy,0,0,1,0,78,21,0,0,1,32,0.08945026561394277,2.5715954902772964,0.0,0.0,0.99,8,linear
q_learning,sparse_eps-linear_seed1,sparse,1,4a77b6e251,2778,225,-1.2499999999999822,-1.2499999999999825,0.050000000000000044,0.15,0,out_of_energy,0,0,1,0,82,26,0,0,1,47,0.09147874099007668,2.5595438264476646,0.0,0.0,0.99,8,linear
q_learning,sparse_eps-linear_seed1,sparse,1,4a77b6e251,2779,225,-1.2499999999999822,-1.2499999999999825,0.050000000000000044,0.15,0,out_of_energy,0,0,1,0,67,22,0,0,1,52,0.07863767241738939,2.523842030405974,0.0,0.0,0.99,8,linear
q_learning,sparse_eps-linear_seed1,sparse,1,4a77b6e251,2780,225,-1.2499999999999822,-1.2499999999999825,0.050000000000000044,0.15,0,out_of_energy,0,0,1,0,81,22,0,0,1,44,0.08098964195077855,2.5836054048531913,0.0,0.0,0.99,8,linear
q_learning,sparse_eps-linear_seed1,sparse,1,4a77b6e251,2781,225,-1.2499999999999822,-1.2499999999999825,0.050000000000000044,0.15,0,out_of_energy,0,0,1,0,76,26,0,0,1,39,0.08795416647642612,2.5654122789822766,0.0,0.0,0.99,8,linear
q_learning,sparse_eps-linear_seed1,sparse,1,4a77b6e251,2782,225,-1.2499999999999822,-1.2499999999999825,0.050000000000000044,0.15,0,out_of_energy,0,0,1,0,95,36,0,0,1,47,0.10601063369556701,2.446710787513812,0.0,0.0,0.99,8,linear
q_learning,sparse_eps-linear_seed1,sparse,1,4a77b6e251,2783,225,-1.2499999999999822,-1.2499999999999825,0.050000000000000044,0.15,0,out_of_energy,0,0,1,0,83,15,0,0,1,35,0.08129593002397656,2.5840178594140273,0.0,0.0,0.99,8,linear
q_learning,sparse_eps-linear_seed1,sparse,1,4a77b6e251,2784,225,-1.2499999999999822,-1.2499999999999825,0.050000000000000044,0.15,0,out_of_energy,0,0,1,0,83,20,0,0,1,45,0.08024040457267524,2.4397024529175892,0.0,0.0,0.99,8,linear
q_learning,sparse_eps-linear_seed1,sparse,1,4a77b6e251,2785,225,-1.2499999999999822,-1.2499999999999825,0.050000000000000044,0.15,0,out_of_energy,0,0,1,0,86,24,0,0,1,48,0.10504918679545891,3.494821878603023,0.0,0.0,0.99,8,linear
q_learning,sparse_eps-linear_seed1,sparse,1,4a77b6e251,2786,225,-1.2499999999999822,-1.2499999999999825,0.050000000000000044,0.15,0,out_of_energy,0,0,1,0,78,17,0,0,1,40,0.09537638765213526,2.4715146136667947,0.0,0.0,0.99,8,linear
q_learning,sparse_eps-linear_seed1,sparse,1,4a77b6e251,2787,225,-1.2499999999999822,-1.2499999999999825,0.050000000000000044,0.15,0,out_of_energy,0,0,1,0,76,23,0,0,1,45,0.0805755901092178,2.5843012099095874,0.0,0.0,0.99,8,linear
q_learning,sparse_eps-linear_seed1,sparse,1,4a77b6e251,2788,225,-1.2499999999999822,-1.2499999999999825,0.050000000000000044,0.15,0,out_of_energy,0,0,1,0,82,23,0,0,1,47,0.07554370081213357,2.5744663404879216,0.0,0.0,0.99,8,linear
q_learning,sparse_eps-linear_seed1,sparse,1,4a77b6e251,2789,225,-1.2499999999999822,-1.2499999999999825,0.050000000000000044,0.15,0,out_of_energy,0,0,1,0,90,29,0,0,1,51,0.09874414407954873,2.5479811204808165,0.0,0.0,0.99,8,linear
q_learning,sparse_eps-linear_seed1,sparse,1,4a77b6e251,2790,225,-1.2499999999999822,-1.2499999999999825,0.050000000000000044,0.15,0,out_of_energy,0,0,1,0,76,36,0,0,1,57,0.09214374792599264,2.435343763048384,0.0,0.0,0.99,8,linear
q_learning,sparse_eps-linear_seed1,sparse,1,4a77b6e251,2791,225,-1.2499999999999822,-1.2499999999999825,0.050000000000000044,0.15,0,out_of_energy,0,0,1,0,81,22,0,0,1,48,0.07800448602380963,2.5633413374317335,0.0,0.0,0.99,8,linear
q_learning,sparse_eps-linear_seed1,sparse,1,4a77b6e251,2792,225,-1.2499999999999822,-1.2499999999999825,0.050000000000000044,0.15,0,out_of_energy,0,0,1,0,76,29,0,0,1,38,0.08211970657989578,2.5905914096097487,0.0,0.0,0.99,8,linear
q_learning,sparse_eps-linear_seed1,sparse,1,4a77b6e251,2793,225,-1.2499999999999822,-1.2499999999999825,0.050000000000000044,0.15,0,out_of_energy,0,0,1,0,93,21,0,0,1,41,0.07798768485619596,2.456664116648829,0.0,0.0,0.99,8,linear
q_learning,sparse_eps-linear_seed1,sparse,1,4a77b6e251,2794,225,-1.2499999999999822,-1.2499999999999825,0.050000000000000044,0.15,0,out_of_energy,0,0,1,0,72,26,0,0,1,38,0.09966402193553046,2.8828064095058576,0.0,0.0,0.99,8,linear
q_learning,sparse_eps-linear_seed1,sparse,1,4a77b6e251,2795,225,-1.2499999999999822,-1.2499999999999825,0.050000000000000044,0.15,0,out_of_energy,0,0,1,0,104,42,0,0,1,53,0.08492143395127723,3.95541499205142,0.0,0.0,0.99,8,linear
q_learning,sparse_eps-linear_seed1,sparse,1,4a77b6e251,2796,225,-1.2499999999999822,-1.2499999999999825,0.050000000000000044,0.15,0,out_of_energy,0,0,1,0,74,24,0,0,1,31,0.08882478071952116,2.4442561551471105,0.0,0.0,0.99,8,linear
q_learning,sparse_eps-linear_seed1,sparse,1,4a77b6e251,2797,225,-1.2499999999999822,-1.2499999999999825,0.050000000000000044,0.15,0,out_of_energy,0,0,1,0,104,18,0,0,1,60,0.08346119611185007,2.4709628024698684,0.0,0.0,0.99,8,linear
q_learning,sparse_eps-linear_seed1,sparse,1,4a77b6e251,2798,225,-1.2499999999999822,-1.2499999999999825,0.050000000000000044,0.15,0,out_of_energy,0,0,1,0,74,28,0,0,1,46,0.07883236058998662,2.4586686862969787,0.0,0.0,0.99,8,linear
q_learning,sparse_eps-linear_seed1,sparse,1,4a77b6e251,2799,225,-1.2499999999999822,-1.2499999999999825,0.050000000000000044,0.15,0,out_of_energy,0,0,1,0,103,14,0,0,1,52,0.09995406949819259,3.6584862583860933,0.0,0.0,0.99,8,linear
q_learning,sparse_eps-linear_seed1,sparse,1,4a77b6e251,2800,225,-1.2499999999999822,-1.2499999999999825,0.050000000000000044,0.15,0,out_of_energy,0,0,1,0,72,26,0,0,1,30,0.08234406881101976,2.6323048753563736,0.0,0.0,0.99,8,linear
q_learning,sparse_eps-linear_seed1,sparse,1,4a77b6e251,2801,225,-1.2499999999999822,-1.2499999999999825,0.050000000000000044,0.15,0,out_of_energy,0,0,1,0,96,30,0,0,1,44,0.07648526054146047,2.508506737889637,0.0,0.0,0.99,8,linear
q_learning,sparse_eps-linear_seed1,sparse,1,4a77b6e251,2802,225,-1.2499999999999822,-1.2499999999999825,0.050000000000000044,0.15,0,out_of_energy,0,0,1,0,86,42,0,0,1,42,0.08195930730683619,2.418751962592925,0.0,0.0,0.99,8,linear
q_learning,sparse_eps-linear_seed1,sparse,1,4a77b6e251,2803,225,-1.2499999999999822,-1.2499999999999825,0.050000000000000044,0.15,0,out_of_energy,0,0,1,0,84,32,0,0,1,46,0.08111542211911081,2.5748445800834157,0.0,0.0,0.99,8,linear
q_learning,sparse_eps-linear_seed1,sparse,1,4a77b6e251,2804,225,-1.2499999999999822,-1.2499999999999825,0.050000000000000044,0.15,0,out_of_energy,0,0,1,0,97,22,0,0,1,39,0.07958625693718371,2.533077418779535,0.0,0.0,0.99,8,linear
q_learning,sparse_eps-linear_seed1,sparse,1,4a77b6e251,2805,225,-1.2499999999999822,-1.2499999999999825,0.050000000000000044,0.15,0,out_of_energy,0,0,1,0,74,26,0,0,1,53,0.0991896317165245,2.888796190959393,0.0,0.0,0.99,8,linear
q_learning,sparse_eps-linear_seed1,sparse,1,4a77b6e251,2806,225,-1.2499999999999822,-1.2499999999999825,0.050000000000000044,0.15,0,out_of_energy,0,0,1,0,72,21,0,0,1,50,0.08428773991989619,2.5708026217718,0.0,0.0,0.99,8,linear
q_learning,sparse_eps-linear_seed1,sparse,1,4a77b6e251,2807,225,-1.2499999999999822,-1.2499999999999825,0.050000000000000044,0.15,0,out_of_energy,0,0,1,0,64,15,0,0,1,44,0.08384809246760803,2.4114368312582606,0.0,0.0,0.99,8,linear
q_learning,sparse_eps-linear_seed1,sparse,1,4a77b6e251,2808,225,-1.2499999999999822,-1.2499999999999825,0.050000000000000044,0.15,0,out_of_energy,0,0,1,0,77,27,0,0,1,53,0.08810313643287172,2.6179679514593523,0.0,0.0,0.99,8,linear
q_learning,sparse_eps-linear_seed1,sparse,1,4a77b6e251,2809,225,-1.2499999999999822,-1.2499999999999825,0.050000000000000044,0.15,0,out_of_energy,0,0,1,0,74,16,0,0,1,39,0.10617908130659165,4.2042095617272555,0.0,0.0,0.99,8,linear
q_learning,sparse_eps-linear_seed1,sparse,1,4a77b6e251,2810,225,-1.2499999999999822,-1.2499999999999825,0.050000000000000044,0.15,0,out_of_energy,0,0,1,0,86,15,0,0,1,45,0.09416538595459496,2.603400629683172,0.0,0.0,0.99,8,linear
q_learning,sparse_eps-linear_seed1,sparse,1,4a77b6e251,2811,225,-1.2499999999999822,-1.2499999999999825,0.050000000000000044,0.15,0,out_of_energy,0,0,1,0,91,8,0,0,1,45,0.081441453225971,2.544322862510503,0.0,0.0,0.99,8,linear
q_learning,sparse_eps-linear_seed1,sparse,1,4a77b6e251,2812,225,-1.2499999999999822,-1.2499999999999825,0.050000000000000044,0.15,0,out_of_energy,0,0,1,0,91,16,0,0,1,42,0.09412858891557699,2.5281758533085936,0.0,0.0,0.99,8,linear
q_learning,sparse_eps-linear_seed1,sparse,1,4a77b6e251,2813,225,-1.2499999999999822,-1.2499999999999825,0.050000000000000044,0.15,0,out_of_energy,0,0,1,0,77,13,0,0,1,42,0.07610528021471478,2.435324555144284,0.0,0.0,0.99,8,linear
q_learning,sparse_eps-linear_seed1,sparse,1,4a77b6e251,2814,225,-1.2499999999999822,-1.2499999999999825,0.050000000000000044,0.15,0,out_of_energy,0,0,1,0,72,20,0,0,1,43,0.09306838688436653,3.61842143671344,0.0,0.0,0.99,8,linear
q_learning,sparse_eps-linear_seed1,sparse,1,4a77b6e251,2815,225,-1.2499999999999822,-1.2499999999999825,0.050000000000000044,0.15,0,out_of_energy,0,0,1,0,73,33,0,0,1,45,0.10734729362936138,4.680108206956195,0.0,0.0,0.99,8,linear
q_learning,sparse_eps-linear_seed1,sparse,1,4a77b6e251,2816,225,-1.2499999999999822,-1.2499999999999825,0.050000000000000044,0.15,0,out_of_energy,0,0,1,0,69,21,0,0,1,39,0.08833141825858093,2.280876800690513,0.0,0.0,0.99,8,linear
q_learning,sparse_eps-linear_seed1,sparse,1,4a77b6e251,2817,225,-1.2499999999999822,-1.2499999999999825,0.050000000000000044,0.15,0,out_of_energy,0,0,1,0,70,22,0,0,1,38,0.07608915959949636,2.2768666319383257,0.0,0.0,0.99,8,linear
q_learning,sparse_eps-linear_seed1,sparse,1,4a77b6e251,2818,225,-1.2499999999999822,-1.2499999999999825,0.050000000000000044,0.15,0,out_of_energy,0,0,1,0,66,22,0,0,1,29,0.09178755221753106,2.7727475726803337,0.0,0.0,0.99,8,linear
q_learning,sparse_eps-linear_seed1,sparse,1,4a77b6e251,2819,225,-1.2499999999999822,-1.2499999999999825,0.050000000000000044,0.15,0,out_of_energy,0,0,1,0,81,24,0,0,1,50,0.07478700729214094,2.343859161690129,0.0,0.0,0.99,8,linear
q_learning,sparse_eps-linear_seed1,sparse,1,4a77b6e251,2820,225,-1.2499999999999822,-1.2499999999999825,0.050000000000000044,0.15,0,out_of_energy,0,0,1,0,97,23,0,0,1,43,0.0854236235317869,2.3468604609572266,0.0,0.0,0.99,8,linear
q_learning,sparse_eps-linear_seed1,sparse,1,4a77b6e251,2821,225,-1.2499999999999822,-1.2499999999999825,0.050000000000000044,0.15,0,out_of_energy,0,0,1,0,75,18,0,0,1,39,0.10322809567269887,2.4078608079705175,0.0,0.0,0.99,8,linear
q_learning,sparse_eps-linear_seed1,sparse,1,4a77b6e251,2822,225,-1.2499999999999822,-1.2499999999999825,0.050000000000000044,0.15,0,out_of_energy,0,0,1,0,81,24,0,0,1,43,0.09011388876375487,2.4329230877747747,0.0,0.0,0.99,8,linear
q_learning,sparse_eps-linear_seed1,sparse,1,4a77b6e251,2823,225,-1.2499999999999822,-1.2499999999999825,0.050000000000000044,0.15,0,out_of_energy,0,0,1,0,74,22,0,0,1,49,0.08024080314615671,2.3902243736061664,0.0,0.0,0.99,8,linear
q_learning,sparse_eps-linear_seed1,sparse,1,4a77b6e251,2824,225,-1.2499999999999822,-1.2499999999999825,0.050000000000000044,0.15,0,out_of_energy,0,0,1,0,79,17,0,0,1,39,0.07407298392713661,2.396093690591724,0.0,0.0,0.99,8,linear
q_learning,sparse_eps-linear_seed1,sparse,1,4a77b6e251,2825,225,-1.2499999999999822,-1.2499999999999825,0.050000000000000044,0.15,0,out_of_energy,0,0,1,0,88,17,0,0,1,45,0.07074559532025097,2.3263009288470977,0.0,0.0,0.99,8,linear
q_learning,sparse_eps-linear_seed1,sparse,1,4a77b6e251,2826,225,-1.2499999999999822,-1.2499999999999825,0.050000000000000044,0.15,0,out_of_energy,0,0,1,0,72,16,0,0,1,41,0.10162931243944191,4.5087193517992,0.0,0.0,0.99,8,linear
q_learning,sparse_eps-linear_seed1,sparse,1,4a77b6e251,2827,225,-1.2499999999999822,-1.2499999999999825,0.050000000000000044,0.15,0,out_of_energy,0,0,1,0,99,24,0,0,1,51,0.08290167335117014,2.471321835464005,0.0,0.0,0.99,8,linear
q_learning,sparse_eps-linear_seed1,sparse,1,4a77b6e251,2828,225,-1.2499999999999822,-1.2499999999999825,0.050000000000000044,0.15,0,out_of_energy,0,0,1,0,77,35,0,0,1,47,0.08478621139748226,2.343067298547541,0.0,0.0,0.99,8,linear
q_learning,sparse_eps-linear_seed1,sparse,1,4a77b6e251,2829,225,-1.2499999999999822,-1.2499999999999825,0.050000000000000044,0.15,0,out_of_energy,0,0,1,0,76,32,0,0,1,50,0.09130065402337573,4.781708565160045,0.0,0.0,0.99,8,linear
q_learning,sparse_eps-linear_seed1,sparse,1,4a77b6e251,2830,225,-1.2499999999999822,-1.2499999999999825,0.050000000000000044,0.15,0,out_of_energy,0,0,1,0,80,21,0,0,1,37,0.08666676837161799,3.100097161044369,0.0,0.0,0.99,8,linear
q_learning,sparse_eps-linear_seed1,sparse,1,4a77b6e251,2831,225,-1.2499999999999822,-1.2499999999999825,0.050000000000000044,0.15,0,out_of_energy,0,0,1,0,88,36,0,0,1,44,0.082847191619558,2.4785753726803694,0.0,0.0,0.99,8,linear
q_learning,sparse_eps-linear_seed1,sparse,1,4a77b6e251,2832,225,-1.2499999999999822,-1.2499999999999825,0.050000000000000044,0.15,0,out_of_energy,0,0,1,0,98,37,0,0,1,29,0.09087052147716514,3.059292370664632,0.0,0.0,0.99,8,linear
q_learning,sparse_eps-linear_seed1,sparse,1,4a77b6e251,2833,225,-1.2499999999999822,-1.2499999999999825,0.050000000000000044,0.15,0,out_of_energy,0,0,1,0,84,23,0,0,1,45,0.07122152525833501,2.3707601169900725,0.0,0.0,0.99,8,linear
q_learning,sparse_eps-linear_seed1,sparse,1,4a77b6e251,2834,225,-1.2499999999999822,-1.2499999999999825,0.050000000000000044,0.15,0,out_of_energy,0,0,1,0,89,30,0,0,1,41,0.09102695599452904,2.4308657730511545,0.0,0.0,0.99,8,linear
q_learning,sparse_eps-linear_seed1,sparse,1,4a77b6e251,2835,225,-1.2499999999999822,-1.2499999999999825,0.050000000000000044,0.15,0,out_of_energy,0,0,1,0,93,20,0,0,1,42,0.08170848973161017,2.346701129874175,0.0,0.0,0.99,8,linear
q_learning,sparse_eps-linear_seed1,sparse,1,4a77b6e251,2836,225,-1.2499999999999822,-1.2499999999999825,0.050000000000000044,0.15,0,out_of_energy,0,0,1,0,88,23,0,0,1,45,0.07758149656849979,2.5138534803570654,0.0,0.0,0.99,8,linear
q_learning,sparse_eps-linear_seed1,sparse,1,4a77b6e251,2837,225,-1.2499999999999822,-1.2499999999999825,0.050000000000000044,0.15,0,out_of_energy,0,0,1,0,94,25,0,0,1,51,0.07870509262868955,2.6081546005418508,0.0,0.0,0.99,8,linear
q_learning,sparse_eps-linear_seed1,sparse,1,4a77b6e251,2838,225,-1.2499999999999822,-1.2499999999999825,0.050000000000000044,0.15,0,out_of_energy,0,0,1,0,75,8,0,0,1,56,0.07406476901067756,2.613880505811072,0.0,0.0,0.99,8,linear
q_learning,sparse_eps-linear_seed1,sparse,1,4a77b6e251,2839,225,-1.2499999999999822,-1.2499999999999825,0.050000000000000044,0.15,0,out_of_energy,0,0,1,0,76,18,0,0,1,44,0.08870614398607772,2.74488653989358,0.0,0.0,0.99,8,linear
q_learning,sparse_eps-linear_seed1,sparse,1,4a77b6e251,2840,225,-1.2499999999999822,-1.2499999999999825,0.050000000000000044,0.15,0,out_of_energy,0,0,1,0,77,11,0,0,1,43,0.0983743242614503,2.7295744942249645,0.0,0.0,0.99,8,linear
q_learning,sparse_eps-linear_seed1,sparse,1,4a77b6e251,2841,225,-1.2499999999999822,-1.2499999999999825,0.050000000000000044,0.15,0,out_of_energy,0,0,1,0,88,11,0,0,1,44,0.08452304573581265,2.491895302000021,0.0,0.0,0.99,8,linear
q_learning,sparse_eps-linear_seed1,sparse,1,4a77b6e251,2842,225,-1.2499999999999822,-1.2499999999999825,0.050000000000000044,0.15,0,out_of_energy,0,0,1,0,86,12,0,0,1,53,0.08548952453664627,2.400768856081335,0.0,0.0,0.99,8,linear
q_learning,sparse_eps-linear_seed1,sparse,1,4a77b6e251,2843,225,-1.2499999999999822,-1.2499999999999825,0.050000000000000044,0.15,0,out_of_energy,0,0,1,0,80,13,0,0,1,46,0.09389607300296415,2.3277224254771975,0.0,0.0,0.99,8,linear
q_learning,sparse_eps-linear_seed1,sparse,1,4a77b6e251,2844,225,-1.2499999999999822,-1.2499999999999825,0.050000000000000044,0.15,0,out_of_energy,0,0,1,0,85,14,0,0,1,43,0.08706969233027244,2.160472449670962,0.0,0.0,0.99,8,linear
q_learning,sparse_eps-linear_seed1,sparse,1,4a77b6e251,2845,225,-1.2499999999999822,-1.2499999999999825,0.050000000000000044,0.15,0,out_of_energy,0,0,1,0,86,7,0,0,1,39,0.07961162740167581,2.0403462884326116,0.0,0.0,0.99,8,linear
q_learning,sparse_eps-linear_seed1,sparse,1,4a77b6e251,2846,225,-1.2499999999999822,-1.2499999999999825,0.050000000000000044,0.15,0,out_of_energy,0,0,1,0,82,21,0,0,1,27,0.07969840181852494,1.892252278239261,0.0,0.0,0.99,8,linear
q_learning,sparse_eps-linear_seed1,sparse,1,4a77b6e251,2847,225,-1.2499999999999822,-1.2499999999999825,0.050000000000000044,0.15,0,out_of_energy,0,0,1,0,76,12,0,0,1,52,0.08431245192885803,1.7420615172888834,0.0,0.0,0.99,8,linear
q_learning,sparse_eps-linear_seed1,sparse,1,4a77b6e251,2848,225,-1.2499999999999822,-1.2499999999999825,0.050000000000000044,0.15,0,out_of_energy,0,0,1,0,71,17,0,2,1,44,0.0901091405934103,1.5938337063826618,0.0,0.0,0.99,8,linear
q_learning,sparse_eps-linear_seed1,sparse,1,4a77b6e251,2849,225,-1.2499999999999822,-1.2499999999999825,0.050000000000000044,0.15,0,out_of_energy,0,0,1,0,92,10,0,0,1,39,0.13565175933094226,7.762651825694775,0.0,0.0,0.99,8,linear
q_learning,sparse_eps-linear_seed1,sparse,1,4a77b6e251,2850,225,-1.2499999999999822,-1.2499999999999825,0.050000000000000044,0.15,0,out_of_energy,0,0,1,0,93,24,0,0,1,38,0.07340713367081968,1.4150759933706123,0.0,0.0,0.99,8,linear
q_learning,sparse_eps-linear_seed1,sparse,1,4a77b6e251,2851,225,-1.2499999999999822,-1.2499999999999825,0.050000000000000044,0.15,0,out_of_energy,0,0,1,0,75,13,0,0,1,44,0.09845573978082996,2.789221983667849,0.0,0.0,0.99,8,linear
q_learning,sparse_eps-linear_seed1,sparse,1,4a77b6e251,2852,225,-1.2499999999999822,-1.2499999999999825,0.050000000000000044,0.15,0,out_of_energy,0,0,1,0,75,8,0,0,1,55,0.09652217198301785,2.7080144616751953,0.0,0.0,0.99,8,linear
q_learning,sparse_eps-linear_seed1,sparse,1,4a77b6e251,2853,225,-1.2499999999999822,-1.2499999999999825,0.050000000000000044,0.15,0,out_of_energy,0,0,1,0,97,20,0,0,1,52,0.07623117279698942,1.380103081947956,0.0,0.0,0.99,8,linear
q_learning,sparse_eps-linear_seed1,sparse,1,4a77b6e251,2854,225,-1.2499999999999822,-1.2499999999999825,0.050000000000000044,0.15,0,out_of_energy,0,0,1,0,77,8,0,0,1,38,0.08711119163823039,1.3413405523368116,0.0,0.0,0.99,8,linear
q_learning,sparse_eps-linear_seed1,sparse,1,4a77b6e251,2855,225,-1.2499999999999822,-1.2499999999999825,0.050000000000000044,0.15,0,out_of_energy,0,0,1,0,71,14,0,0,1,37,0.08655296002730939,2.066494953998589,0.0,0.0,0.99,8,linear
q_learning,sparse_eps-linear_seed1,sparse,1,4a77b6e251,2856,225,-1.2499999999999822,-1.2499999999999825,0.050000000000000044,0.15,0,out_of_energy,0,0,1,0,83,5,0,0,1,51,0.07915345674366174,1.9154721999568043,0.0,0.0,0.99,8,linear
q_learning,sparse_eps-linear_seed1,sparse,1,4a77b6e251,2857,225,-1.2499999999999822,-1.2499999999999825,0.050000000000000044,0.15,0,out_of_energy,0,0,1,0,86,16,0,0,1,47,0.10302423412723338,5.07333877045865,0.0,0.0,0.99,8,linear
q_learning,sparse_eps-linear_seed1,sparse,1,4a77b6e251,2858,225,-1.2499999999999822,-1.2499999999999825,0.050000000000000044,0.15,0,out_of_energy,0,0,1,0,85,6,0,0,1,40,0.0969606784598729,1.3272229657350172,0.0,0.0,0.99,8,linear
q_learning,sparse_eps-linear_seed1,sparse,1,4a77b6e251,2859,225,-1.2499999999999822,-1.2499999999999825,0.050000000000000044,0.15,0,out_of_energy,0,0,1,0,92,15,0,0,1,31,0.09470667691194198,3.0056636025379073,0.0,0.0,0.99,8,linear
q_learning,sparse_eps-linear_seed1,sparse,1,4a77b6e251,2860,225,-1.2499999999999822,-1.2499999999999825,0.050000000000000044,0.15,0,out_of_energy,0,0,1,0,76,17,0,0,1,53,0.07795816447783128,1.3778797273089092,0.0,0.0,0.99,8,linear
q_learning,sparse_eps-linear_seed1,sparse,1,4a77b6e251,2861,225,-1.2499999999999822,-1.2499999999999825,0.050000000000000044,0.15,0,out_of_energy,0,0,1,0,77,16,0,0,1,40,0.0859672157815896,1.4553692722944727,0.0,0.0,0.99,8,linear
q_learning,sparse_eps-linear_seed1,sparse,1,4a77b6e251,2862,225,-1.2499999999999822,-1.2499999999999825,0.050000000000000044,0.15,0,out_of_energy,0,0,1,0,79,16,0,0,1,42,0.09107357941559914,2.367160127922756,0.0,0.0,0.99,8,linear
q_learning,sparse_eps-linear_seed1,sparse,1,4a77b6e251,2863,225,-1.2499999999999822,-1.2499999999999825,0.050000000000000044,0.15,0,out_of_energy,0,0,1,0,89,20,0,0,1,48,0.07866967010275949,1.2472290585113246,0.0,0.0,0.99,8,linear
q_learning,sparse_eps-linear_seed1,sparse,1,4a77b6e251,2864,225,-1.2499999999999822,-1.2499999999999825,0.050000000000000044,0.15,0,out_of_energy,0,0,1,0,91,14,0,0,1,37,0.0870095123785498,1.4037930241680616,0.0,0.0,0.99,8,linear
q_learning,sparse_eps-linear_seed1,sparse,1,4a77b6e251,2865,225,-1.2499999999999822,-1.2499999999999825,0.050000000000000044,0.15,0,out_of_energy,0,0,1,0,80,12,0,0,1,47,0.07844352433993534,2.6711223482075246,0.0,0.0,0.99,8,linear
q_learning,sparse_eps-linear_seed1,sparse,1,4a77b6e251,2866,225,-1.2499999999999822,-1.2499999999999825,0.050000000000000044,0.15,0,out_of_energy,0,0,1,0,100,9,0,0,1,46,0.09822379235523182,2.0236274741294817,0.0,0.0,0.99,8,linear
q_learning,sparse_eps-linear_seed1,sparse,1,4a77b6e251,2867,225,-1.2499999999999822,-1.2499999999999825,0.050000000000000044,0.15,0,out_of_energy,0,0,1,0,83,7,0,0,1,47,0.09134026540893765,1.1297893179525067,0.0,0.0,0.99,8,linear
q_learning,sparse_eps-linear_seed1,sparse,1,4a77b6e251,2868,225,-1.2499999999999822,-1.2499999999999825,0.050000000000000044,0.15,0,out_of_energy,0,0,1,0,78,11,0,0,1,50,0.0873663869465176,2.0602426781387604,0.0,0.0,0.99,8,linear
q_learning,sparse_eps-linear_seed1,sparse,1,4a77b6e251,2869,225,-1.2499999999999822,-1.2499999999999825,0.050000000000000044,0.15,0,out_of_energy,0,0,1,0,78,10,0,0,1,55,0.08388364264414608,1.9700959980019253,0.0,0.0,0.99,8,linear
q_learning,sparse_eps-linear_seed1,sparse,1,4a77b6e251,2870,225,-1.2499999999999822,-1.2499999999999825,0.050000000000000044,0.15,0,out_of_energy,0,0,1,0,91,15,0,0,1,37,0.097208229195299,2.99909090942972,0.0,0.0,0.99,8,linear
q_learning,sparse_eps-linear_seed1,sparse,1,4a77b6e251,2871,225,-1.2499999999999822,-1.2499999999999825,0.050000000000000044,0.15,0,out_of_energy,0,0,1,0,77,5,0,0,1,46,0.07510429674517338,1.1984532708613793,0.0,0.0,0.99,8,linear
q_learning,sparse_eps-linear_seed1,sparse,1,4a77b6e251,2872,225,-1.2499999999999822,-1.2499999999999825,0.050000000000000044,0.15,0,out_of_energy,0,0,1,0,74,7,0,0,1,42,0.07724111896381629,2.8722705757533245,0.0,0.0,0.99,8,linear
q_learning,sparse_eps-linear_seed1,sparse,1,4a77b6e251,2873,225,-1.2499999999999822,-1.2499999999999825,0.050000000000000044,0.15,0,out_of_energy,0,0,1,0,78,7,0,0,1,50,0.11344795143858852,3.762021091016991,0.0,0.0,0.99,8,linear
q_learning,sparse_eps-linear_seed1,sparse,1,4a77b6e251,2874,225,-1.2499999999999822,-1.2499999999999825,0.050000000000000044,0.15,0,out_of_energy,0,0,1,0,69,6,0,0,1,44,0.08702978844168367,3.2081257599343447,0.0,0.0,0.99,8,linear
q_learning,sparse_eps-linear_seed1,sparse,1,4a77b6e251,2875,225,-1.2499999999999822,-1.2499999999999825,0.050000000000000044,0.15,0,out_of_energy,0,0,1,0,82,15,0,0,1,42,0.0775814067799333,2.4840230076556455,0.0,0.0,0.99,8,linear
q_learning,sparse_eps-linear_seed1,sparse,1,4a77b6e251,2876,225,-1.2499999999999822,-1.2499999999999825,0.050000000000000044,0.15,0,out_of_energy,0,0,1,0,79,11,0,0,1,57,0.10208916008370224,3.4002603838457475,0.0,0.0,0.99,8,linear
q_learning,sparse_eps-linear_seed1,sparse,1,4a77b6e251,2877,225,-1.2499999999999822,-1.2499999999999825,0.050000000000000044,0.15,0,out_of_energy,0,0,1,0,75,17,0,0,1,45,0.07556267365934581,1.4205834276004783,0.0,0.0,0.99,8,linear
q_learning,sparse_eps-linear_seed1,sparse,1,4a77b6e251,2878,225,-1.2499999999999822,-1.2499999999999825,0.050000000000000044,0.15,0,out_of_energy,0,0,1,0,71,9,0,0,1,40,0.07764387220821492,2.400376611512155,0.0,0.0,0.99,8,linear
q_learning,sparse_eps-linear_seed1,sparse,1,4a77b6e251,2879,225,-1.2499999999999822,-1.2499999999999825,0.050000000000000044,0.15,0,out_of_energy,0,0,1,0,94,12,0,0,1,46,0.0877458243489932,2.3370679577402056,0.0,0.0,0.99,8,linear
q_learning,sparse_eps-linear_seed1,sparse,1,4a77b6e251,2880,225,-1.2499999999999822,-1.2499999999999825,0.050000000000000044,0.15,0,out_of_energy,0,0,1,0,88,14,0,0,1,37,0.07509473750057155,2.593438415289649,0.0,0.0,0.99,8,linear
q_learning,sparse_eps-linear_seed1,sparse,1,4a77b6e251,2881,225,-1.2499999999999822,-1.2499999999999825,0.050000000000000044,0.15,0,out_of_energy,0,0,1,0,96,13,0,0,1,42,0.08718121870837121,2.6319142229436556,0.0,0.0,0.99,8,linear
q_learning,sparse_eps-linear_seed1,sparse,1,4a77b6e251,2882,225,-1.2499999999999822,-1.2499999999999825,0.050000000000000044,0.15,0,out_of_energy,0,0,1,0,77,6,0,0,1,49,0.07917874189521301,3.062924700558999,0.0,0.0,0.99,8,linear
q_learning,sparse_eps-linear_seed1,sparse,1,4a77b6e251,2883,225,-1.2499999999999822,-1.2499999999999825,0.050000000000000044,0.15,0,out_of_energy,0,0,1,0,79,25,0,0,1,54,0.09049243008062967,3.02732632654162,0.0,0.0,0.99,8,linear
q_learning,sparse_eps-linear_seed1,sparse,1,4a77b6e251,2884,225,-1.2499999999999822,-1.2499999999999825,0.050000000000000044,0.15,0,out_of_energy,0,0,1,0,76,9,0,0,1,64,0.0754162803728696,2.350492311822875,0.0,0.0,0.99,8,linear
q_learning,sparse_eps-linear_seed1,sparse,1,4a77b6e251,2885,225,-1.2499999999999822,-1.2499999999999825,0.050000000000000044,0.15,0,out_of_energy,0,0,1,0,77,6,0,1,1,43,0.08566053478294122,2.722543617202648,0.0,0.0,0.99,8,linear
q_learning,sparse_eps-linear_seed1,sparse,1,4a77b6e251,2886,225,-1.2499999999999822,-1.2499999999999825,0.050000000000000044,0.15,0,out_of_energy,0,0,1,0,97,10,0,0,1,46,0.0824824837898156,2.492929528145515,0.0,0.0,0.99,8,linear
q_learning,sparse_eps-linear_seed1,sparse,1,4a77b6e251,2887,225,-1.2499999999999822,-1.2499999999999825,0.050000000000000044,0.15,0,out_of_energy,0,0,1,0,87,7,0,0,1,53,0.09030905043380746,2.333212305418339,0.0,0.0,0.99,8,linear
q_learning,sparse_eps-linear_seed1,sparse,1,4a77b6e251,2888,225,-1.2499999999999822,-1.2499999999999825,0.050000000000000044,0.15,0,out_of_energy,0,0,1,0,80,17,0,0,1,57,0.09199661472393354,2.3434275266395526,0.0,0.0,0.99,8,linear
q_learning,sparse_eps-linear_seed1,sparse,1,4a77b6e251,2889,225,-1.2499999999999822,-1.2499999999999825,0.050000000000000044,0.15,0,out_of_energy,0,0,1,0,85,9,0,0,1,47,0.10142531892217693,2.525066265146424,0.0,0.0,0.99,8,linear
q_learning,sparse_eps-linear_seed1,sparse,1,4a77b6e251,2890,225,-1.2499999999999822,-1.2499999999999825,0.050000000000000044,0.15,0,out_of_energy,0,0,1,0,90,4,0,0,1,42,0.07282839033980806,1.8057225240062564,0.0,0.0,0.99,8,linear
q_learning,sparse_eps-linear_seed1,sparse,1,4a77b6e251,2891,225,-1.2499999999999822,-1.2499999999999825,0.050000000000000044,0.15,0,out_of_energy,0,0,1,0,82,26,0,0,1,46,0.09452760499925375,1.7694495709231566,0.0,0.0,0.99,8,linear
q_learning,sparse_eps-linear_seed1,sparse,1,4a77b6e251,2892,225,-1.2499999999999822,-1.2499999999999825,0.050000000000000044,0.15,0,out_of_energy,0,0,1,0,88,24,0,0,1,49,0.10997837775108606,3.150484225597295,0.0,0.0,0.99,8,linear
q_learning,sparse_eps-linear_seed1,sparse,1,4a77b6e251,2893,225,-1.2499999999999822,-1.2499999999999825,0.050000000000000044,0.15,0,out_of_energy,0,0,1,0,78,28,0,0,1,39,0.08053720700759563,2.2450148968123447,0.0,0.0,0.99,8,linear
q_learning,sparse_eps-linear_seed1,sparse,1,4a77b6e251,2894,225,-1.2499999999999822,-1.2499999999999825,0.050000000000000044,0.15,0,out_of_energy,0,0,1,0,85,23,0,0,1,48,0.09965876110193828,2.719101268222116,0.0,0.0,0.99,8,linear
q_learning,sparse_eps-linear_seed1,sparse,1,4a77b6e251,2895,225,-1.2499999999999822,-1.2499999999999825,0.050000000000000044,0.15,0,out_of_energy,0,0,1,0,81,28,0,0,1,45,0.07554634501628982,1.310640327715916,0.0,0.0,0.99,8,linear
q_learning,sparse_eps-linear_seed1,sparse,1,4a77b6e251,2896,225,-1.2499999999999822,-1.2499999999999825,0.050000000000000044,0.15,0,out_of_energy,0,0,1,0,77,10,0,0,1,39,0.08666150481486293,2.1541831383372854,0.0,0.0,0.99,8,linear
q_learning,sparse_eps-linear_seed1,sparse,1,4a77b6e251,2897,225,-1.2499999999999822,-1.2499999999999825,0.050000000000000044,0.15,0,out_of_energy,0,0,1,0,84,13,0,0,1,47,0.09805291458048923,2.4630390864454075,0.0,0.0,0.99,8,linear
q_learning,sparse_eps-linear_seed1,sparse,1,4a77b6e251,2898,225,-1.2499999999999822,-1.2499999999999825,0.050000000000000044,0.15,0,out_of_energy,0,0,1,0,86,7,0,0,1,43,0.08195705963226857,2.3099210430885257,0.0,0.0,0.99,8,linear
q_learning,sparse_eps-linear_seed1,sparse,1,4a77b6e251,2899,225,-1.2499999999999822,-1.2499999999999825,0.050000000000000044,0.15,0,out_of_energy,0,0,1,0,78,7,0,0,1,36,0.09060476436856607,2.955034530886552,0.0,0.0,0.99,8,linear
q_learning,sparse_eps-linear_seed1,sparse,1,4a77b6e251,2900,225,-1.2499999999999822,-1.2499999999999825,0.050000000000000044,0.15,0,out_of_energy,0,0,1,0,74,11,0,0,1,45,0.08293678159158087,2.2759400810782013,0.0,0.0,0.99,8,linear
q_learning,sparse_eps-linear_seed1,sparse,1,4a77b6e251,2901,225,-1.2499999999999822,-1.2499999999999825,0.050000000000000044,0.15,0,out_of_energy,0,0,1,0,82,7,0,0,1,46,0.07728808055944998,1.8035728998142337,0.0,0.0,0.99,8,linear
q_learning,sparse_eps-linear_seed1,sparse,1,4a77b6e251,2902,225,-1.2499999999999822,-1.2499999999999825,0.050000000000000044,0.15,0,out_of_energy,0,0,1,0,88,5,0,0,1,42,0.08988610227795225,2.620544489755729,0.0,0.0,0.99,8,linear
q_learning,sparse_eps-linear_seed1,sparse,1,4a77b6e251,2903,225,-1.2499999999999822,-1.2499999999999825,0.050000000000000044,0.15,0,out_of_energy,0,0,1,0,88,8,0,0,1,49,0.10056756897399788,3.0059373210620857,0.0,0.0,0.99,8,linear
q_learning,sparse_eps-linear_seed1,sparse,1,4a77b6e251,2904,225,-1.2499999999999822,-1.2499999999999825,0.050000000000000044,0.15,0,out_of_energy,0,0,1,0,84,5,0,0,1,47,0.08667881749171748,1.5355035598041376,0.0,0.0,0.99,8,linear
q_learning,sparse_eps-linear_seed1,sparse,1,4a77b6e251,2905,225,-1.2499999999999822,-1.2499999999999825,0.050000000000000044,0.15,0,out_of_energy,0,0,1,0,80,8,0,0,1,37,0.09156308490289594,3.721615339982123,0.0,0.0,0.99,8,linear
q_learning,sparse_eps-linear_seed1,sparse,1,4a77b6e251,2906,225,-1.2499999999999822,-1.2499999999999825,0.050000000000000044,0.15,0,out_of_energy,0,0,1,0,110,5,0,0,1,48,0.09661803340444529,2.4676904882748145,0.0,0.0,0.99,8,linear
q_learning,sparse_eps-linear_seed1,sparse,1,4a77b6e251,2907,225,-1.2499999999999822,-1.2499999999999825,0.050000000000000044,0.15,0,out_of_energy,0,0,1,0,85,7,0,0,1,44,0.09019915197542558,4.579855883798718,0.0,0.0,0.99,8,linear
q_learning,sparse_eps-linear_seed1,sparse,1,4a77b6e251,2908,225,-1.2499999999999822,-1.2499999999999825,0.050000000000000044,0.15,0,out_of_energy,0,0,1,0,85,4,0,1,1,42,0.07298041679619381,1.3763960674319637,0.0,0.0,0.99,8,linear
q_learning,sparse_eps-linear_seed1,sparse,1,4a77b6e251,2909,225,-1.2499999999999822,-1.2499999999999825,0.050000000000000044,0.15,0,out_of_energy,0,0,1,0,85,9,0,0,1,58,0.10840465495259557,5.68831910064187,0.0,0.0,0.99,8,linear
q_learning,sparse_eps-linear_seed1,sparse,1,4a77b6e251,2910,225,-1.2499999999999822,-1.2499999999999825,0.050000000000000044,0.15,0,out_of_energy,0,0,1,0,89,9,0,0,1,43,0.08515684791353724,1.1553052057195448,0.0,0.0,0.99,8,linear
q_learning,sparse_eps-linear_seed1,sparse,1,4a77b6e251,2911,225,-1.2499999999999822,-1.2499999999999825,0.050000000000000044,0.15,0,out_of_energy,0,0,1,0,90,5,0,0,1,41,0.08610705825457068,2.047442341814701,0.0,0.0,0.99,8,linear
q_learning,sparse_eps-linear_seed1,sparse,1,4a77b6e251,2912,225,-1.2499999999999822,-1.2499999999999825,0.050000000000000044,0.15,0,out_of_energy,0,0,1,0,90,20,0,0,1,45,0.07929221110099194,1.0732941385278232,0.0,0.0,0.99,8,linear
q_learning,sparse_eps-linear_seed1,sparse,1,4a77b6e251,2913,225,-1.2499999999999822,-1.2499999999999825,0.050000000000000044,0.15,0,out_of_energy,0,0,1,0,90,24,0,0,1,58,0.09808535510324291,1.980482880888892,0.0,0.0,0.99,8,linear
q_learning,sparse_eps-linear_seed1,sparse,1,4a77b6e251,2914,225,-1.2499999999999822,-1.2499999999999825,0.050000000000000044,0.15,0,out_of_energy,0,0,1,0,85,10,0,0,1,34,0.10758146379548426,4.025963393402531,0.0,0.0,0.99,8,linear
q_learning,sparse_eps-linear_seed1,sparse,1,4a77b6e251,2915,225,-1.2499999999999822,-1.2499999999999825,0.050000000000000044,0.15,0,out_of_energy,0,0,1,0,70,21,0,0,1,55,0.11383100729521904,2.3249999272263455,0.0,0.0,0.99,8,linear
q_learning,sparse_eps-linear_seed1,sparse,1,4a77b6e251,2916,225,-1.2499999999999822,-1.2499999999999825,0.050000000000000044,0.15,0,out_of_energy,0,0,1,0,91,11,0,0,1,49,0.08313629247353084,1.1359250261540623,0.0,0.0,0.99,8,linear
q_learning,sparse_eps-linear_seed1,sparse,1,4a77b6e251,2917,225,-1.2499999999999822,-1.2499999999999825,0.050000000000000044,0.15,0,out_of_energy,0,0,1,0,87,14,0,0,1,44,0.08943739359469649,2.044305920318669,0.0,0.0,0.99,8,linear
q_learning,sparse_eps-linear_seed1,sparse,1,4a77b6e251,2918,225,-1.2499999999999822,-1.2499999999999825,0.050000000000000044,0.15,0,out_of_energy,0,0,1,0,80,24,0,0,1,48,0.13855029684250092,3.3637104118604153,0.0,0.0,0.99,8,linear
q_learning,sparse_eps-linear_seed1,sparse,1,4a77b6e251,2919,225,-1.2499999999999822,-1.2499999999999825,0.050000000000000044,0.15,0,out_of_energy,0,0,1,0,84,10,0,0,1,36,0.08138767498917907,1.364472768095485,0.0,0.0,0.99,8,linear
q_learning,sparse_eps-linear_seed1,sparse,1,4a77b6e251,2920,225,-1.2499999999999822,-1.2499999999999825,0.050000000000000044,0.15,0,out_of_energy,0,0,1,0,90,7,0,1,1,45,0.07787535136090884,1.215920844613903,0.0,0.0,0.99,8,linear
q_learning,sparse_eps-linear_seed1,sparse,1,4a77b6e251,2921,225,-1.2499999999999822,-1.2499999999999825,0.050000000000000044,0.15,0,out_of_energy,0,0,1,0,89,9,0,0,1,47,0.10827496118567222,7.7544722332546785,0.0,0.0,0.99,8,linear
q_learning,sparse_eps-linear_seed1,sparse,1,4a77b6e251,2922,225,-1.2499999999999822,-1.2499999999999825,0.050000000000000044,0.15,0,out_of_energy,0,0,1,0,80,7,0,0,1,50,0.10975836261714973,6.562408427964605,0.0,0.0,0.99,8,linear
q_learning,sparse_eps-linear_seed1,sparse,1,4a77b6e251,2923,225,-1.2499999999999822,-1.2499999999999825,0.050000000000000044,0.15,0,out_of_energy,0,0,1,0,82,18,0,0,1,40,0.08854977145146471,1.935490513105771,0.0,0.0,0.99,8,linear
q_learning,sparse_eps-linear_seed1,sparse,1,4a77b6e251,2924,225,-1.2499999999999822,-1.2499999999999825,0.050000000000000044,0.15,0,out_of_energy,0,0,1,0,83,16,0,0,1,45,0.10210948528791727,2.4321839317702985,0.0,0.0,0.99,8,linear
q_learning,sparse_eps-linear_seed1,sparse,1,4a77b6e251,2925,225,-1.2499999999999822,-1.2499999999999825,0.050000000000000044,0.15,0,out_of_energy,0,0,1,0,78,37,0,0,1,47,0.09846450819636623,3.570482462316174,0.0,0.0,0.99,8,linear
q_learning,sparse_eps-linear_seed1,sparse,1,4a77b6e251,2926,225,-1.2499999999999822,-1.2499999999999825,0.050000000000000044,0.15,0,out_of_energy,0,0,1,0,80,14,0,0,1,43,0.08246328586331483,1.3769017200318125,0.0,0.0,0.99,8,linear
q_learning,sparse_eps-linear_seed1,sparse,1,4a77b6e251,2927,225,-1.2499999999999822,-1.2499999999999825,0.050000000000000044,0.15,0,out_of_energy,0,0,1,0,84,31,0,0,1,48,0.08237862599016743,1.869537249823547,0.0,0.0,0.99,8,linear
q_learning,sparse_eps-linear_seed1,sparse,1,4a77b6e251,2928,225,-1.2499999999999822,-1.2499999999999825,0.050000000000000044,0.15,0,out_of_energy,0,0,1,0,76,13,0,0,1,38,0.09479598392764826,4.866562855717308,0.0,0.0,0.99,8,linear
q_learning,sparse_eps-linear_seed1,sparse,1,4a77b6e251,2929,225,-1.2499999999999822,-1.2499999999999825,0.050000000000000044,0.15,0,out_of_energy,0,0,1,0,93,13,0,0,1,59,0.07913487593033466,1.2339781055818213,0.0,0.0,0.99,8,linear
q_learning,sparse_eps-linear_seed1,sparse,1,4a77b6e251,2930,225,-1.2499999999999822,-1.2499999999999825,0.050000000000000044,0.15,0,out_of_energy,0,0,1,0,92,22,0,0,1,49,0.09079771067698865,2.443276817409659,0.0,0.0,0.99,8,linear
q_learning,sparse_eps-linear_seed1,sparse,1,4a77b6e251,2931,225,-1.2499999999999822,-1.2499999999999825,0.050000000000000044,0.15,0,out_of_energy,0,0,1,0,88,18,0,0,1,43,0.1096761623512182,6.091325135146793,0.0,0.0,0.99,8,linear
q_learning,sparse_eps-linear_seed1,sparse,1,4a77b6e251,2932,225,-1.2499999999999822,-1.2499999999999825,0.050000000000000044,0.15,0,out_of_energy,0,0,1,0,73,17,0,0,1,38,0.07668662535530736,1.4371834201752538,0.0,0.0,0.99,8,linear
q_learning,sparse_eps-linear_seed1,sparse,1,4a77b6e251,2933,225,-1.2499999999999822,-1.2499999999999825,0.050000000000000044,0.15,0,out_of_energy,0,0,1,0,84,13,0,0,1,53,0.09458445039141053,1.9135274686683972,0.0,0.0,0.99,8,linear
q_learning,sparse_eps-linear_seed1,sparse,1,4a77b6e251,2934,225,-1.2499999999999822,-1.2499999999999825,0.050000000000000044,0.15,0,out_of_energy,0,0,1,0,77,13,0,0,1,47,0.09131827208943617,2.2686251007755107,0.0,0.0,0.99,8,linear
q_learning,sparse_eps-linear_seed1,sparse,1,4a77b6e251,2935,225,-1.2499999999999822,-1.2499999999999825,0.050000000000000044,0.15,0,out_of_energy,0,0,1,0,82,12,0,0,1,52,0.08977051835135773,3.0605928204530155,0.0,0.0,0.99,8,linear
q_learning,sparse_eps-linear_seed1,sparse,1,4a77b6e251,2936,225,-1.2499999999999822,-1.2499999999999825,0.050000000000000044,0.15,0,out_of_energy,0,0,1,0,78,7,0,0,1,49,0.09892312288964752,2.5137769995175883,0.0,0.0,0.99,8,linear
q_learning,sparse_eps-linear_seed1,sparse,1,4a77b6e251,2937,225,-1.2499999999999822,-1.2499999999999825,0.050000000000000044,0.15,0,out_of_energy,0,0,1,0,81,15,0,0,1,50,0.07220706493689089,0.7516189499022908,0.0,0.0,0.99,8,linear
q_learning,sparse_eps-linear_seed1,sparse,1,4a77b6e251,2938,225,-1.2499999999999822,-1.2499999999999825,0.050000000000000044,0.15,0,out_of_energy,0,0,1,0,76,3,0,0,1,48,0.10321085424106839,3.271095013421129,0.0,0.0,0.99,8,linear
q_learning,sparse_eps-linear_seed1,sparse,1,4a77b6e251,2939,225,-1.2499999999999822,-1.2499999999999825,0.050000000000000044,0.15,0,out_of_energy,0,0,1,0,75,3,0,0,1,44,0.08967515007559751,1.9875307280779502,0.0,0.0,0.99,8,linear
q_learning,sparse_eps-linear_seed1,sparse,1,4a77b6e251,2940,225,-1.2499999999999822,-1.2499999999999825,0.050000000000000044,0.15,0,out_of_energy,0,0,1,0,87,5,0,0,1,39,0.07102143319638221,1.382176476483564,0.0,0.0,0.99,8,linear
q_learning,sparse_eps-linear_seed1,sparse,1,4a77b6e251,2941,225,-1.2499999999999822,-1.2499999999999825,0.050000000000000044,0.15,0,out_of_energy,0,0,1,0,81,16,0,0,1,37,0.12987280563514866,7.171869629449636,0.0,0.0,0.99,8,linear
q_learning,sparse_eps-linear_seed1,sparse,1,4a77b6e251,2942,225,-1.2499999999999822,-1.2499999999999825,0.050000000000000044,0.15,0,out_of_energy,0,0,1,0,79,10,0,0,1,47,0.11074217110869611,7.578742737528937,0.0,0.0,0.99,8,linear
q_learning,sparse_eps-linear_seed1,sparse,1,4a77b6e251,2943,225,-1.2499999999999822,-1.2499999999999825,0.050000000000000044,0.15,0,out_of_energy,0,0,1,0,77,11,0,0,1,39,0.07853501419288775,1.9249038796967284,0.0,0.0,0.99,8,linear
q_learning,sparse_eps-linear_seed1,sparse,1,4a77b6e251,2944,225,-1.2499999999999822,-1.2499999999999825,0.050000000000000044,0.15,0,out_of_energy,0,0,1,0,84,5,0,0,1,48,0.07476197807769645,1.0228462249429233,0.0,0.0,0.99,8,linear
q_learning,sparse_eps-linear_seed1,sparse,1,4a77b6e251,2945,225,-1.2499999999999822,-1.2499999999999825,0.050000000000000044,0.15,0,out_of_energy,0,0,1,0,89,18,0,0,1,47,0.08217104884402628,2.5009137318735997,0.0,0.0,0.99,8,linear
q_learning,sparse_eps-linear_seed1,sparse,1,4a77b6e251,2946,225,-1.2499999999999822,-1.2499999999999825,0.050000000000000044,0.15,0,out_of_energy,0,0,1,0,82,9,0,0,1,43,0.07962648638460114,2.4923212819344647,0.0,0.0,0.99,8,linear
q_learning,sparse_eps-linear_seed1,sparse,1,4a77b6e251,2947,225,-1.2499999999999822,-1.2499999999999825,0.050000000000000044,0.15,0,out_of_energy,0,0,1,0,84,10,0,0,1,39,0.07701850162738925,1.7644848550830932,0.0,0.0,0.99,8,linear
q_learning,sparse_eps-linear_seed1,sparse,1,4a77b6e251,2948,225,-1.2499999999999822,-1.2499999999999825,0.050000000000000044,0.15,0,out_of_energy,0,0,1,0,72,13,0,0,1,48,0.08471381853226496,3.654653496939769,0.0,0.0,0.99,8,linear
q_learning,sparse_eps-linear_seed1,sparse,1,4a77b6e251,2949,225,-1.2499999999999822,-1.2499999999999825,0.050000000000000044,0.15,0,out_of_energy,0,0,1,0,79,17,0,0,1,53,0.07699772266818165,1.2456203356914717,0.0,0.0,0.99,8,linear
q_learning,sparse_eps-linear_seed1,sparse,1,4a77b6e251,2950,225,-1.2499999999999822,-1.2499999999999825,0.050000000000000044,0.15,0,out_of_energy,0,0,1,0,101,10,0,0,1,50,0.10484432225107966,7.345879163574657,0.0,0.0,0.99,8,linear
q_learning,sparse_eps-linear_seed1,sparse,1,4a77b6e251,2951,225,-1.2499999999999822,-1.2499999999999825,0.050000000000000044,0.15,0,out_of_energy,0,0,1,0,72,7,0,0,1,41,0.07518431997078415,1.1638485616204923,0.0,0.0,0.99,8,linear
q_learning,sparse_eps-linear_seed1,sparse,1,4a77b6e251,2952,225,-1.2499999999999822,-1.2499999999999825,0.050000000000000044,0.15,0,out_of_energy,0,0,1,0,74,9,0,0,1,45,0.08575594739886679,2.377931916536549,0.0,0.0,0.99,8,linear
q_learning,sparse_eps-linear_seed1,sparse,1,4a77b6e251,2953,225,-1.2499999999999822,-1.2499999999999825,0.050000000000000044,0.15,0,out_of_energy,0,0,1,0,72,12,0,0,1,44,0.12922511826902155,5.908967608965985,0.0,0.0,0.99,8,linear
q_learning,sparse_eps-linear_seed1,sparse,1,4a77b6e251,2954,225,-1.2499999999999822,-1.2499999999999825,0.050000000000000044,0.15,0,out_of_energy,0,0,1,0,69,8,0,0,1,33,0.09565927087626815,1.7519011990214406,0.0,0.0,0.99,8,linear
q_learning,sparse_eps-linear_seed1,sparse,1,4a77b6e251,2955,225,-1.2499999999999822,-1.2499999999999825,0.050000000000000044,0.15,0,out_of_energy,0,0,1,0,71,11,0,0,1,52,0.08643986193170963,1.8632443860449435,0.0,0.0,0.99,8,linear
q_learning,sparse_eps-linear_seed1,sparse,1,4a77b6e251,2956,225,-1.2499999999999822,-1.2499999999999825,0.050000000000000044,0.15,0,out_of_energy,0,0,1,0,85,13,0,0,1,51,0.10729834396452657,2.074798258655445,0.0,0.0,0.99,8,linear
q_learning,sparse_eps-linear_seed1,sparse,1,4a77b6e251,2957,225,-1.2499999999999822,-1.2499999999999825,0.050000000000000044,0.15,0,out_of_energy,0,0,1,0,76,9,0,0,1,43,0.09591277295022496,4.215726066079139,0.0,0.0,0.99,8,linear
q_learning,sparse_eps-linear_seed1,sparse,1,4a77b6e251,2958,225,-1.2499999999999822,-1.2499999999999825,0.050000000000000044,0.15,0,out_of_energy,0,0,1,0,74,12,0,0,1,43,0.10659803314107588,3.43297479368372,0.0,0.0,0.99,8,linear
q_learning,sparse_eps-linear_seed1,sparse,1,4a77b6e251,2959,225,-1.2499999999999822,-1.2499999999999825,0.050000000000000044,0.15,0,out_of_energy,0,0,1,0,95,5,0,0,1,54,0.1031846617564883,4.2066868174391825,0.0,0.0,0.99,8,linear
q_learning,sparse_eps-linear_seed1,sparse,1,4a77b6e251,2960,225,-1.2499999999999822,-1.2499999999999825,0.050000000000000044,0.15,0,out_of_energy,0,0,1,0,75,20,0,0,1,36,0.11317655264332796,6.055560955554642,0.0,0.0,0.99,8,linear
q_learning,sparse_eps-linear_seed1,sparse,1,4a77b6e251,2961,225,-1.2499999999999822,-1.2499999999999825,0.050000000000000044,0.15,0,out_of_energy,0,0,1,0,88,12,0,0,1,45,0.06943329077664176,1.4273824673272841,0.0,0.0,0.99,8,linear
q_learning,sparse_eps-linear_seed1,sparse,1,4a77b6e251,2962,225,-1.2499999999999822,-1.2499999999999825,0.050000000000000044,0.15,0,out_of_energy,0,0,1,0,86,6,0,0,1,38,0.07425827610180258,1.1947576801424775,0.0,0.0,0.99,8,linear
q_learning,sparse_eps-linear_seed1,sparse,1,4a77b6e251,2963,225,-1.2499999999999822,-1.2499999999999825,0.050000000000000044,0.15,0,out_of_energy,0,0,1,0,85,6,0,0,1,41,0.06711401819117489,1.0495766309522736,0.0,0.0,0.99,8,linear
q_learning,sparse_eps-linear_seed1,sparse,1,4a77b6e251,2964,225,-1.2499999999999822,-1.2499999999999825,0.050000000000000044,0.15,0,out_of_energy,0,0,1,0,90,8,0,0,1,42,0.07444504713983052,1.540004316492142,0.0,0.0,0.99,8,linear
q_learning,sparse_eps-linear_seed1,sparse,1,4a77b6e251,2965,225,-1.2499999999999822,-1.2499999999999825,0.050000000000000044,0.15,0,out_of_energy,0,0,1,0,84,22,0,0,1,43,0.0888783981557361,2.6554102613653203,0.0,0.0,0.99,8,linear
q_learning,sparse_eps-linear_seed1,sparse,1,4a77b6e251,2966,225,-1.2499999999999822,-1.2499999999999825,0.050000000000000044,0.15,0,out_of_energy,0,0,1,0,83,12,0,0,1,40,0.09298965326375125,3.51270080758363,0.0,0.0,0.99,8,linear
q_learning,sparse_eps-linear_seed1,sparse,1,4a77b6e251,2967,225,-1.2499999999999822,-1.2499999999999825,0.050000000000000044,0.15,0,out_of_energy,0,0,1,0,75,15,0,0,1,41,0.127768339516299,8.988889667608694,0.0,0.0,0.99,8,linear
q_learning,sparse_eps-linear_seed1,sparse,1,4a77b6e251,2968,225,-1.2499999999999822,-1.2499999999999825,0.050000000000000044,0.15,0,out_of_energy,0,0,1,0,66,18,0,0,1,50,0.07923797642108135,2.7298216980549608,0.0,0.0,0.99,8,linear
q_learning,sparse_eps-linear_seed1,sparse,1,4a77b6e251,2969,225,-1.2499999999999822,-1.2499999999999825,0.050000000000000044,0.15,0,out_of_energy,0,0,1,0,85,13,0,0,1,43,0.0741863721046643,1.9541390497140716,0.0,0.0,0.99,8,linear
q_learning,sparse_eps-linear_seed1,sparse,1,4a77b6e251,2970,225,-1.2499999999999822,-1.2499999999999825,0.050000000000000044,0.15,0,out_of_energy,0,0,1,0,79,8,0,0,1,38,0.06960188979096874,0.9321935326063668,0.0,0.0,0.99,8,linear
q_learning,sparse_eps-linear_seed1,sparse,1,4a77b6e251,2971,225,-1.2499999999999822,-1.2499999999999825,0.050000000000000044,0.15,0,out_of_energy,0,0,1,0,91,21,0,0,1,41,0.07441593045971186,1.2570340162869105,0.0,0.0,0.99,8,linear
q_learning,sparse_eps-linear_seed1,sparse,1,4a77b6e251,2972,225,-1.2499999999999822,-1.2499999999999825,0.050000000000000044,0.15,0,out_of_energy,0,0,1,0,97,17,0,0,1,49,0.08233655955123456,2.962969111851071,0.0,0.0,0.99,8,linear
q_learning,sparse_eps-linear_seed1,sparse,1,4a77b6e251,2973,225,-1.2499999999999822,-1.2499999999999825,0.050000000000000044,0.15,0,out_of_energy,0,0,1,0,80,21,0,0,1,52,0.09445183293321,3.254112967195371,0.0,0.0,0.99,8,linear
q_learning,sparse_eps-linear_seed1,sparse,1,4a77b6e251,2974,225,-1.2499999999999822,-1.2499999999999825,0.050000000000000044,0.15,0,out_of_energy,0,0,1,0,94,4,0,0,1,50,0.0874520499572342,2.0127374486497387,0.0,0.0,0.99,8,linear
q_learning,sparse_eps-linear_seed1,sparse,1,4a77b6e251,2975,225,-1.2499999999999822,-1.2499999999999825,0.050000000000000044,0.15,0,out_of_energy,0,0,1,0,87,10,0,0,1,45,0.0844420338882591,1.6638702827766974,0.0,0.0,0.99,8,linear
q_learning,sparse_eps-linear_seed1,sparse,1,4a77b6e251,2976,225,-1.2499999999999822,-1.2499999999999825,0.050000000000000044,0.15,0,out_of_energy,0,0,1,0,80,9,0,0,1,47,0.09552920794145897,3.2823594402239484,0.0,0.0,0.99,8,linear
q_learning,sparse_eps-linear_seed1,sparse,1,4a77b6e251,2977,225,-1.2499999999999822,-1.2499999999999825,0.050000000000000044,0.15,0,out_of_energy,0,0,1,0,79,12,0,0,1,39,0.0930792249962819,2.9235031330430505,0.0,0.0,0.99,8,linear
q_learning,sparse_eps-linear_seed1,sparse,1,4a77b6e251,2978,225,-1.2499999999999822,-1.2499999999999825,0.050000000000000044,0.15,0,out_of_energy,0,0,1,0,84,28,0,0,1,45,0.07335671334497128,2.340534910312628,0.0,0.0,0.99,8,linear
q_learning,sparse_eps-linear_seed1,sparse,1,4a77b6e251,2979,225,-1.2499999999999822,-1.2499999999999825,0.050000000000000044,0.15,0,out_of_energy,0,0,1,0,77,22,0,0,1,46,0.06915515541434833,1.1087936205622055,0.0,0.0,0.99,8,linear
q_learning,sparse_eps-linear_seed1,sparse,1,4a77b6e251,2980,225,-1.2499999999999822,-1.2499999999999825,0.050000000000000044,0.15,0,out_of_energy,0,0,1,0,79,13,0,0,1,40,0.0777324821883798,1.6823235925781943,0.0,0.0,0.99,8,linear
q_learning,sparse_eps-linear_seed1,sparse,1,4a77b6e251,2981,225,-1.2499999999999822,-1.2499999999999825,0.050000000000000044,0.15,0,out_of_energy,0,0,1,0,74,10,0,0,1,47,0.0923018137383798,2.6391144740982755,0.0,0.0,0.99,8,linear
q_learning,sparse_eps-linear_seed1,sparse,1,4a77b6e251,2982,225,-1.2499999999999822,-1.2499999999999825,0.050000000000000044,0.15,0,out_of_energy,0,0,1,0,103,18,0,0,1,39,0.0710280461223753,1.074521455159926,0.0,0.0,0.99,8,linear
q_learning,sparse_eps-linear_seed1,sparse,1,4a77b6e251,2983,225,-1.2499999999999822,-1.2499999999999825,0.050000000000000044,0.15,0,out_of_energy,0,0,1,0,86,19,0,0,1,54,0.0649870337936741,0.8859655203804522,0.0,0.0,0.99,8,linear
q_learning,sparse_eps-linear_seed1,sparse,1,4a77b6e251,2984,225,-1.2499999999999822,-1.2499999999999825,0.050000000000000044,0.15,0,out_of_energy,0,0,1,0,81,13,0,0,1,41,0.07408845442380713,2.5860218158799784,0.0,0.0,0.99,8,linear
q_learning,sparse_eps-linear_seed1,sparse,1,4a77b6e251,2985,225,-1.2499999999999822,-1.2499999999999825,0.050000000000000044,0.15,0,out_of_energy,0,0,1,0,74,27,0,0,1,34,0.1092167554080582,3.467746357939843,0.0,0.0,0.99,8,linear
q_learning,sparse_eps-linear_seed1,sparse,1,4a77b6e251,2986,225,-1.2499999999999822,-1.2499999999999825,0.050000000000000044,0.15,0,out_of_energy,0,0,1,0,84,6,0,0,1,43,0.11126777812419057,4.198331954357531,0.0,0.0,0.99,8,linear
q_learning,sparse_eps-linear_seed1,sparse,1,4a77b6e251,2987,225,-1.2499999999999822,-1.2499999999999825,0.050000000000000044,0.15,0,out_of_energy,0,0,1,0,85,17,0,0,1,33,0.07000516607866764,1.851081996268113,0.0,0.0,0.99,8,linear
q_learning,sparse_eps-linear_seed1,sparse,1,4a77b6e251,2988,225,-1.2499999999999822,-1.2499999999999825,0.050000000000000044,0.15,0,out_of_energy,0,0,1,0,74,14,0,0,1,42,0.1060855177958627,3.8316572280176873,0.0,0.0,0.99,8,linear
q_learning,sparse_eps-linear_seed1,sparse,1,4a77b6e251,2989,225,-1.2499999999999822,-1.2499999999999825,0.050000000000000044,0.15,0,out_of_energy,0,0,1,0,76,7,0,0,1,46,0.07410180284889964,1.3578883800239288,0.0,0.0,0.99,8,linear
q_learning,sparse_eps-linear_seed1,sparse,1,4a77b6e251,2990,225,-1.2499999999999822,-1.2499999999999825,0.050000000000000044,0.15,0,out_of_energy,0,0,1,0,93,9,0,0,1,36,0.07329058368889442,2.4087617224198654,0.0,0.0,0.99,8,linear
q_learning,sparse_eps-linear_seed1,sparse,1,4a77b6e251,2991,225,-1.2499999999999822,-1.2499999999999825,0.050000000000000044,0.15,0,out_of_energy,0,0,1,0,88,14,0,0,1,41,0.06417146707866148,1.2826205425137305,0.0,0.0,0.99,8,linear
q_learning,sparse_eps-linear_seed1,sparse,1,4a77b6e251,2992,225,-1.2499999999999822,-1.2499999999999825,0.050000000000000044,0.15,0,out_of_energy,0,0,1,0,88,4,0,0,1,41,0.0850202530907361,3.2373292093025894,0.0,0.0,0.99,8,linear
q_learning,sparse_eps-linear_seed1,sparse,1,4a77b6e251,2993,225,-1.2499999999999822,-1.2499999999999825,0.050000000000000044,0.15,0,out_of_energy,0,0,1,0,93,8,0,0,1,48,0.08605514723035422,2.8295847057287147,0.0,0.0,0.99,8,linear
q_learning,sparse_eps-linear_seed1,sparse,1,4a77b6e251,2994,225,-1.2499999999999822,-1.2499999999999825,0.050000000000000044,0.15,0,out_of_energy,0,0,1,0,85,18,0,0,1,46,0.07517103553670476,1.6313719930694255,0.0,0.0,0.99,8,linear
q_learning,sparse_eps-linear_seed1,sparse,1,4a77b6e251,2995,225,-1.2499999999999822,-1.2499999999999825,0.050000000000000044,0.15,0,out_of_energy,0,0,1,0,100,3,0,0,1,47,0.06706347375947652,1.3445899063478555,0.0,0.0,0.99,8,linear
q_learning,sparse_eps-linear_seed1,sparse,1,4a77b6e251,2996,225,-11.250000000000025,-1.3499999999999828,0.050000000000000044,0.15,0,out_of_energy,0,0,1,0,84,6,5,0,0,42,0.04925970163858601,0.5982287528019161,0.0,0.0,0.99,8,linear
q_learning,sparse_eps-linear_seed1,sparse,1,4a77b6e251,2997,225,-1.2499999999999822,-1.3499999999999828,0.050000000000000044,0.15,0,out_of_energy,0,0,1,0,74,5,0,3,1,38,0.07105921479379217,1.6390825121252703,0.0,0.0,0.99,8,linear
q_learning,sparse_eps-linear_seed1,sparse,1,4a77b6e251,2998,225,-1.2499999999999822,-1.3499999999999823,0.050000000000000044,0.15,0,out_of_energy,0,0,1,0,87,15,0,0,1,43,0.06820039807862864,0.6631444849152128,0.0,0.0,0.99,8,linear
q_learning,sparse_eps-linear_seed1,sparse,1,4a77b6e251,2999,225,-1.2499999999999822,-1.3499999999999823,0.050000000000000044,0.15,0,out_of_energy,0,0,1,0,72,19,0,1,1,43,0.09160883265940467,5.271142157559878,0.0,0.0,0.99,8,linear
q_learning,sparse_eps-linear_seed1,sparse,1,4a77b6e251,3000,225,-1.2499999999999822,-1.3499999999999823,0.050000000000000044,0.15,0,out_of_energy,0,0,1,0,78,16,0,0,1,33,0.06726152339596266,0.8715954536425041,0.0,0.0,0.99,8,linear
