algorithm,run_label,reward_mode,seed,config_hash,episode,steps,reward,mean_return_100,epsilon,alpha,energy_left,outcome,success,goal_success,energy_exhausted,max_steps_reached,wall_collisions,penalty_entries,door_blocked,door_crossings,key_pickups,slips,mean_abs_td_error,max_abs_td_error,mean_active_traces,max_active_traces,cfg_gamma,cfg_energy_bins,cfg_epsilon_schedule
q_learning,sparse_seed3,sparse,3,4a77b6e251,1,225,-11.250000000000025,-11.250000000000025,0.998,0.15,0,out_of_energy,0,0,1,0,111,14,0,0,0,52,0.046475855,0.057425000000000004,0.0,0.0,0.99,8,exponential
q_learning,sparse_seed3,sparse,3,4a77b6e251,2,225,-11.250000000000025,-11.250000000000025,0.996004,0.15,0,out_of_energy,0,0,1,0,100,5,0,0,0,40,0.04414194363125,0.057425000000000004,0.0,0.0,0.99,8,exponential
q_learning,sparse_seed3,sparse,3,4a77b6e251,3,225,-11.250000000000025,-11.250000000000023,0.994011992,0.15,0,out_of_energy,0,0,1,0,100,2,0,0,0,42,0.04458453001457578,0.06483886250000001,0.0,0.0,0.99,8,exponential
q_learning,sparse_seed3,sparse,3,4a77b6e251,4,225,-11.250000000000025,-11.250000000000025,0.992023968016,0.15,0,out_of_energy,0,0,1,0,106,27,0,0,0,51,0.04471444505564487,0.06990741242494064,0.0,0.0,0.99,8,exponential
q_learning,sparse_seed3,sparse,3,4a77b6e251,5,225,-11.250000000000025,-11.250000000000025,0.990039920079968,0.15,0,out_of_energy,0,0,1,0,105,6,0,0,0,45,0.04351283039056965,0.06812964399549609,0.0,0.0,0.99,8,exponential
q_learning,sparse_seed3,sparse,3,4a77b6e251,6,225,-11.250000000000025,-11.250000000000027,0.9880598402398081,0.15,0,out_of_energy,0,0,1,0,102,19,0,0,0,40,0.041688934178587815,0.060487062499999994,0.0,0.0,0.99,8,exponential
q_learning,sparse_seed3,sparse,3,4a77b6e251,7,225,-11.250000000000025,-11.250000000000027,0.9860837205593285,0.15,0,out_of_energy,0,0,1,0,102,6,0,0,0,46,0.04460222660281515,0.057425000000000004,0.0,0.0,0.99,8,exponential
q_learning,sparse_seed3,sparse,3,4a77b6e251,8,225,-11.250000000000025,-11.250000000000025,0.9841115531182099,0.15,0,out_of_energy,0,0,1,0,88,0,0,0,0,49,0.04156546300993041,0.07336967762569896,0.0,0.0,0.99,8,exponential
q_learning,sparse_seed3,sparse,3,4a77b6e251,9,225,-11.250000000000025,-11.250000000000025,0.9821433300119734,0.15,0,out_of_energy,0,0,1,0,110,1,0,0,0,35,0.043233953545549424,0.06373625000000001,0.0,0.0,0.99,8,exponential
q_learning,sparse_seed3,sparse,3,4a77b6e251,10,225,-11.250000000000025,-11.250000000000025,0.9801790433519495,0.15,0,out_of_energy,0,0,1,0,116,5,0,0,0,53,0.04002218890388406,0.05977455312500001,0.0,0.0,0.99,8,exponential
q_learning,sparse_seed3,sparse,3,4a77b6e251,11,225,-11.250000000000025,-11.250000000000027,0.9782186852652456,0.15,0,out_of_energy,0,0,1,0,114,21,0,0,0,38,0.03815873457015396,0.07207642015625002,0.0,0.0,0.99,8,exponential
q_learning,sparse_seed3,sparse,3,4a77b6e251,12,225,-11.250000000000025,-11.250000000000027,0.976262247894715,0.15,0,out_of_energy,0,0,1,0,112,16,0,0,0,37,0.04241679342234186,0.06464114902452175,0.0,0.0,0.99,8,exponential
q_learning,sparse_seed3,sparse,3,4a77b6e251,13,225,-11.250000000000025,-11.250000000000027,0.9743097233989256,0.15,0,out_of_energy,0,0,1,0,90,25,0,0,0,54,0.04367670980800571,0.09304103723104878,0.0,0.0,0.99,8,exponential
q_learning,sparse_seed3,sparse,3,4a77b6e251,14,225,-11.250000000000025,-11.250000000000027,0.9723611039521278,0.15,0,out_of_energy,0,0,1,0,112,21,0,0,0,41,0.04371667702015314,0.06483886250000001,0.0,0.0,0.99,8,exponential
q_learning,sparse_seed3,sparse,3,4a77b6e251,15,225,-11.250000000000025,-11.250000000000027,0.9704163817442236,0.15,0,out_of_energy,0,0,1,0,118,22,0,0,0,45,0.03704716012352895,0.08609295750370335,0.0,0.0,0.99,8,exponential
q_learning,sparse_seed3,sparse,3,4a77b6e251,16,225,-11.250000000000025,-11.250000000000025,0.9684755489807352,0.15,0,out_of_energy,0,0,1,0,115,3,0,0,0,46,0.04130349441747895,0.07488842775781251,0.0,0.0,0.99,8,exponential
q_learning,sparse_seed3,sparse,3,4a77b6e251,17,225,-11.250000000000025,-11.250000000000025,0.9665385978827737,0.15,0,out_of_energy,0,0,1,0,116,0,0,0,0,42,0.039729340050541455,0.06825035345573345,0.0,0.0,0.99,8,exponential
q_learning,sparse_seed3,sparse,3,4a77b6e251,18,225,-11.250000000000025,-11.250000000000025,0.9646055206870082,0.15,0,out_of_energy,0,0,1,0,100,5,0,0,0,47,0.03908345773230241,0.07539454878125001,0.0,0.0,0.99,8,exponential
q_learning,sparse_seed3,sparse,3,4a77b6e251,19,225,-11.250000000000025,-11.250000000000025,0.9626763096456342,0.15,0,out_of_energy,0,0,1,0,120,1,0,0,0,55,0.04312511682517568,0.07003658703125001,0.0,0.0,0.99,8,exponential
q_learning,sparse_seed3,sparse,3,4a77b6e251,20,225,-11.250000000000025,-11.250000000000025,0.9607509570263429,0.15,0,out_of_energy,0,0,1,0,109,10,0,0,0,38,0.04192380694869991,0.06373625000000001,0.0,0.0,0.99,8,exponential
q_learning,sparse_seed3,sparse,3,4a77b6e251,21,225,-11.250000000000025,-11.250000000000025,0.9588294551122902,0.15,0,out_of_energy,0,0,1,0,100,17,0,0,0,51,0.03950867499709743,0.0697979895615802,0.0,0.0,0.99,8,exponential
q_learning,sparse_seed3,sparse,3,4a77b6e251,22,225,-11.250000000000025,-11.250000000000027,0.9569117962020657,0.15,0,out_of_energy,0,0,1,0,112,26,0,0,0,52,0.04228348585102391,0.077118949091022,0.0,0.0,0.99,8,exponential
q_learning,sparse_seed3,sparse,3,4a77b6e251,23,225,-11.250000000000025,-11.250000000000025,0.9549979726096616,0.15,0,out_of_energy,0,0,1,0,108,23,0,0,0,38,0.037540449627801946,0.09424249795322277,0.0,0.0,0.99,8,exponential
q_learning,sparse_seed3,sparse,3,4a77b6e251,24,225,-11.250000000000025,-11.250000000000023,0.9530879766644422,0.15,0,out_of_energy,0,0,1,0,106,0,0,0,0,50,0.03703114530448851,0.08621241760050515,0.0,0.0,0.99,8,exponential
q_learning,sparse_seed3,sparse,3,4a77b6e251,25,225,-11.250000000000025,-11.250000000000023,0.9511818007111134,0.15,0,out_of_energy,0,0,1,0,97,27,0,0,0,46,0.03980959592021298,0.07104299854398917,0.0,0.0,0.99,8,exponential
q_learning,sparse_seed3,sparse,3,4a77b6e251,26,225,-11.250000000000025,-11.250000000000021,0.9492794371096911,0.15,0,out_of_energy,0,0,1,0,135,3,0,0,0,39,0.0378490362591174,0.09355650921134742,0.0,0.0,0.99,8,exponential
q_learning,sparse_seed3,sparse,3,4a77b6e251,27,225,-11.250000000000025,-11.250000000000021,0.9473808782354717,0.15,0,out_of_energy,0,0,1,0,95,6,0,0,0,47,0.04203687249251473,0.0850033615134114,0.0,0.0,0.99,8,exponential
q_learning,sparse_seed3,sparse,3,4a77b6e251,28,225,-11.250000000000025,-11.25000000000002,0.9454861164790007,0.15,0,out_of_energy,0,0,1,0,126,0,0,0,0,38,0.037335190158031835,0.07205666594827911,0.0,0.0,0.99,8,exponential
q_learning,sparse_seed3,sparse,3,4a77b6e251,29,225,-11.250000000000025,-11.25000000000002,0.9435951442460427,0.15,0,out_of_energy,0,0,1,0,96,11,0,0,0,39,0.038401098651732406,0.07784036563034691,0.0,0.0,0.99,8,exponential
q_learning,sparse_seed3,sparse,3,4a77b6e251,30,225,-11.250000000000025,-11.25000000000002,0.9417079539575507,0.15,0,out_of_energy,0,0,1,0,101,16,0,0,0,39,0.03868168367817028,0.08240184616680443,0.0,0.0,0.99,8,exponential
q_learning,sparse_seed3,sparse,3,4a77b6e251,31,225,-11.250000000000025,-11.250000000000018,0.9398245380496356,0.15,0,out_of_energy,0,0,1,0,125,1,0,0,0,52,0.04376821642604249,0.05916323586074257,0.0,0.0,0.99,8,exponential
q_learning,sparse_seed3,sparse,3,4a77b6e251,32,225,-11.250000000000025,-11.250000000000025,0.9379448889735363,0.15,0,out_of_energy,0,0,1,0,109,9,0,0,0,37,0.03709440321283412,0.07434564216401562,0.0,0.0,0.99,8,exponential
q_learning,sparse_seed3,sparse,3,4a77b6e251,33,225,-11.250000000000025,-11.250000000000025,0.9360689991955893,0.15,0,out_of_energy,0,0,1,0,109,21,0,0,0,54,0.034983153807433796,0.08576856003664224,0.0,0.0,0.99,8,exponential
q_learning,sparse_seed3,sparse,3,4a77b6e251,34,225,-11.250000000000025,-11.250000000000023,0.9341968611971981,0.15,0,out_of_energy,0,0,1,0,97,13,0,0,0,46,0.04166517841431005,0.06619614430903872,0.0,0.0,0.99,8,exponential
q_learning,sparse_seed3,sparse,3,4a77b6e251,35,225,-11.250000000000025,-11.250000000000023,0.9323284674748037,0.15,0,out_of_energy,0,0,1,0,94,2,0,0,0,45,0.038734132348043016,0.1025541780689759,0.0,0.0,0.99,8,exponential
q_learning,sparse_seed3,sparse,3,4a77b6e251,36,225,-11.250000000000025,-11.250000000000021,0.930463810539854,0.15,0,out_of_energy,0,0,1,0,120,15,0,0,0,38,0.03704745377788251,0.08882089756789224,0.0,0.0,0.99,8,exponential
q_learning,sparse_seed3,sparse,3,4a77b6e251,37,225,-11.250000000000025,-11.250000000000021,0.9286028829187744,0.15,0,out_of_energy,0,0,1,0,115,8,0,0,0,36,0.037456197222459076,0.07919751201779102,0.0,0.0,0.99,8,exponential
q_learning,sparse_seed3,sparse,3,4a77b6e251,38,225,-11.250000000000025,-11.250000000000021,0.9267456771529368,0.15,0,out_of_energy,0,0,1,0,93,24,0,0,0,45,0.04251291762855127,0.0734143724249465,0.0,0.0,0.99,8,exponential
q_learning,sparse_seed3,sparse,3,4a77b6e251,39,225,-11.250000000000025,-11.25000000000002,0.9248921857986309,0.15,0,out_of_energy,0,0,1,0,108,0,0,0,0,42,0.03735016878060457,0.06788218210156251,0.0,0.0,0.99,8,exponential
q_learning,sparse_seed3,sparse,3,4a77b6e251,40,225,-11.250000000000025,-11.250000000000025,0.9230424014270336,0.15,0,out_of_energy,0,0,1,0,121,3,0,0,0,44,0.036682705586891476,0.0815288203076325,0.0,0.0,0.99,8,exponential
q_learning,sparse_seed3,sparse,3,4a77b6e251,41,225,-11.250000000000025,-11.250000000000025,0.9211963166241796,0.15,0,out_of_energy,0,0,1,0,101,16,0,0,0,42,0.0389688612998467,0.10851870550883849,0.0,0.0,0.99,8,exponential
q_learning,sparse_seed3,sparse,3,4a77b6e251,42,225,-11.250000000000025,-11.250000000000025,0.9193539239909312,0.15,0,out_of_energy,0,0,1,0,101,25,0,0,0,50,0.03720197871963289,0.06858370623954264,0.0,0.0,0.99,8,exponential
q_learning,sparse_seed3,sparse,3,4a77b6e251,43,225,-11.250000000000025,-11.250000000000023,0.9175152161429493,0.15,0,out_of_energy,0,0,1,0,109,18,0,0,0,41,0.03488468218422904,0.07991684450575282,0.0,0.0,0.99,8,exponential
q_learning,sparse_seed3,sparse,3,4a77b6e251,44,225,-11.250000000000025,-11.250000000000023,0.9156801857106633,0.15,0,out_of_energy,0,0,1,0,96,22,0,0,0,37,0.039872897085537144,0.07737651496552475,0.0,0.0,0.99,8,exponential
q_learning,sparse_seed3,sparse,3,4a77b6e251,45,225,-11.250000000000025,-11.250000000000023,0.913848825339242,0.15,0,out_of_energy,0,0,1,0,91,20,0,0,0,46,0.04015407102265022,0.08741246436139356,0.0,0.0,0.99,8,exponential
q_learning,sparse_seed3,sparse,3,4a77b6e251,46,225,-11.250000000000025,-11.250000000000023,0.9120211276885636,0.15,0,out_of_energy,0,0,1,0,99,17,0,0,0,42,0.037871268806468315,0.07827843116917124,0.0,0.0,0.99,8,exponential
q_learning,sparse_seed3,sparse,3,4a77b6e251,47,225,-11.250000000000025,-11.250000000000021,0.9101970854331864,0.15,0,out_of_energy,0,0,1,0,110,5,0,0,0,56,0.03706780278959439,0.08066433076104687,0.0,0.0,0.99,8,exponential
q_learning,sparse_seed3,sparse,3,4a77b6e251,48,225,-11.250000000000025,-11.250000000000027,0.9083766912623201,0.15,0,out_of_energy,0,0,1,0,103,15,0,0,0,46,0.03708989374639668,0.07595758314678827,0.0,0.0,0.99,8,exponential
q_learning,sparse_seed3,sparse,3,4a77b6e251,49,225,-11.250000000000025,-11.250000000000025,0.9065599378797955,0.15,0,out_of_energy,0,0,1,0,102,14,0,0,0,49,0.03828404005843772,0.07401903944159328,0.0,0.0,0.99,8,exponential
q_learning,sparse_seed3,sparse,3,4a77b6e251,50,225,-11.250000000000025,-11.250000000000025,0.9047468180040359,0.15,0,out_of_energy,0,0,1,0,106,3,0,0,0,40,0.03866372614258979,0.10847791384957672,0.0,0.0,0.99,8,exponential
q_learning,sparse_seed3,sparse,3,4a77b6e251,51,225,-11.250000000000025,-11.250000000000025,0.9029373243680279,0.15,0,out_of_energy,0,0,1,0,114,6,0,0,0,45,0.04007650717233891,0.09120870185469757,0.0,0.0,0.99,8,exponential
q_learning,sparse_seed3,sparse,3,4a77b6e251,52,225,-11.250000000000025,-11.250000000000025,0.9011314497192918,0.15,0,out_of_energy,0,0,1,0,111,1,0,0,0,39,0.04169108450944551,0.06483886250000001,0.0,0.0,0.99,8,exponential
q_learning,sparse_seed3,sparse,3,4a77b6e251,53,225,-11.250000000000025,-11.250000000000023,0.8993291868198532,0.15,0,out_of_energy,0,0,1,0,113,4,0,0,0,52,0.03963009438899402,0.07859853053079163,0.0,0.0,0.99,8,exponential
q_learning,sparse_seed3,sparse,3,4a77b6e251,54,225,-11.250000000000025,-11.250000000000023,0.8975305284462135,0.15,0,out_of_energy,0,0,1,0,105,29,0,0,0,44,0.036907016737915105,0.08523997752036411,0.0,0.0,0.99,8,exponential
q_learning,sparse_seed3,sparse,3,4a77b6e251,55,225,-11.250000000000025,-11.250000000000023,0.8957354673893211,0.15,0,out_of_energy,0,0,1,0,104,26,0,0,0,47,0.03761754967025365,0.09546133641994317,0.0,0.0,0.99,8,exponential
q_learning,sparse_seed3,sparse,3,4a77b6e251,56,225,-11.250000000000025,-11.250000000000027,0.8939439964545425,0.15,0,out_of_energy,0,0,1,0,101,17,0,0,0,51,0.03912317109137728,0.06899716128125,0.0,0.0,0.99,8,exponential
q_learning,sparse_seed3,sparse,3,4a77b6e251,57,225,-11.250000000000025,-11.250000000000027,0.8921561084616334,0.15,0,out_of_energy,0,0,1,0,95,41,0,0,0,47,0.03968585241539312,0.08190732867047748,0.0,0.0,0.99,8,exponential
q_learning,sparse_seed3,sparse,3,4a77b6e251,58,225,-11.250000000000025,-11.250000000000025,0.8903717962447101,0.15,0,out_of_energy,0,0,1,0,97,6,0,0,0,44,0.03696673502607036,0.07160110527138791,0.0,0.0,0.99,8,exponential
q_learning,sparse_seed3,sparse,3,4a77b6e251,59,225,-11.250000000000025,-11.250000000000025,0.8885910526522206,0.15,0,out_of_energy,0,0,1,0,116,4,0,0,0,53,0.03871911637978443,0.07607932908035556,0.0,0.0,0.99,8,exponential
q_learning,sparse_seed3,sparse,3,4a77b6e251,60,225,-11.250000000000025,-11.250000000000025,0.8868138705469162,0.15,0,out_of_energy,0,0,1,0,117,17,0,0,0,38,0.034531900078760676,0.10150614916838441,0.0,0.0,0.99,8,exponential
q_learning,sparse_seed3,sparse,3,4a77b6e251,61,225,-11.250000000000025,-11.250000000000025,0.8850402428058224,0.15,0,out_of_energy,0,0,1,0,106,13,0,0,0,62,0.03849631114488339,0.09209486234216732,0.0,0.0,0.99,8,exponential
q_learning,sparse_seed3,sparse,3,4a77b6e251,62,225,-11.250000000000025,-11.250000000000023,0.8832701623202107,0.15,0,out_of_energy,0,0,1,0,103,4,0,0,0,42,0.03511589775332524,0.07364761638584125,0.0,0.0,0.99,8,exponential
q_learning,sparse_seed3,sparse,3,4a77b6e251,63,225,-11.250000000000025,-11.250000000000023,0.8815036219955703,0.15,0,out_of_energy,0,0,1,0,103,6,0,0,0,36,0.04089052190957168,0.08996735041987755,0.0,0.0,0.99,8,exponential
q_learning,sparse_seed3,sparse,3,4a77b6e251,64,225,-11.250000000000025,-11.250000000000027,0.8797406147515792,0.15,0,out_of_energy,0,0,1,0,99,15,0,0,0,33,0.03954643515783915,0.09752214464745201,0.0,0.0,0.99,8,exponential
q_learning,sparse_seed3,sparse,3,4a77b6e251,65,225,-11.250000000000025,-11.250000000000027,0.877981133522076,0.15,0,out_of_energy,0,0,1,0,96,6,0,0,0,42,0.04110307362368344,0.07213324179994063,0.0,0.0,0.99,8,exponential
q_learning,sparse_seed3,sparse,3,4a77b6e251,66,225,-11.250000000000025,-11.250000000000027,0.8762251712550319,0.15,0,out_of_energy,0,0,1,0,95,16,0,0,0,39,0.036916020600909226,0.0825866617116264,0.0,0.0,0.99,8,exponential
q_learning,sparse_seed3,sparse,3,4a77b6e251,67,225,-11.250000000000025,-11.250000000000025,0.8744727209125218,0.15,0,out_of_energy,0,0,1,0,99,15,0,0,0,41,0.03833589183250529,0.071140645625,0.0,0.0,0.99,8,exponential
q_learning,sparse_seed3,sparse,3,4a77b6e251,68,225,-11.250000000000025,-11.250000000000025,0.8727237754706968,0.15,0,out_of_energy,0,0,1,0,107,17,0,0,0,49,0.03648322932324297,0.0801050941690884,0.0,0.0,0.99,8,exponential
q_learning,sparse_seed3,sparse,3,4a77b6e251,69,225,-11.250000000000025,-11.250000000000025,0.8709783279197554,0.15,0,out_of_energy,0,0,1,0,97,15,0,0,0,41,0.03920333915060707,0.08440781452139916,0.0,0.0,0.99,8,exponential
q_learning,sparse_seed3,sparse,3,4a77b6e251,70,225,-11.250000000000025,-11.250000000000025,0.8692363712639158,0.15,0,out_of_energy,0,0,1,0,125,8,0,0,0,45,0.0377337891740966,0.09664294685795388,0.0,0.0,0.99,8,exponential
q_learning,sparse_seed3,sparse,3,4a77b6e251,71,225,-11.250000000000025,-11.250000000000025,0.867497898521388,0.15,0,out_of_energy,0,0,1,0,113,14,0,0,0,52,0.03847500490015198,0.08702392387534566,0.0,0.0,0.99,8,exponential
q_learning,sparse_seed3,sparse,3,4a77b6e251,72,225,-11.250000000000025,-11.250000000000027,0.8657629027243453,0.15,0,out_of_energy,0,0,1,0,105,18,0,0,0,43,0.041370019607073406,0.08023147966614616,0.0,0.0,0.99,8,exponential
q_learning,sparse_seed3,sparse,3,4a77b6e251,73,225,-11.250000000000025,-11.250000000000027,0.8640313769188966,0.15,0,out_of_energy,0,0,1,0,120,1,0,0,0,48,0.04372081802055137,0.07574100076655048,0.0,0.0,0.99,8,exponential
q_learning,sparse_seed3,sparse,3,4a77b6e251,74,225,-11.250000000000025,-11.250000000000027,0.8623033141650589,0.15,0,out_of_energy,0,0,1,0,92,25,0,0,0,47,0.03830060361015424,0.10041458055116079,0.0,0.0,0.99,8,exponential
q_learning,sparse_seed3,sparse,3,4a77b6e251,75,225,-11.250000000000025,-11.250000000000027,0.8605787075367288,0.15,0,out_of_energy,0,0,1,0,106,13,0,0,0,40,0.039274306909900664,0.09255975375663704,0.0,0.0,0.99,8,exponential
q_learning,sparse_seed3,sparse,3,4a77b6e251,76,225,-11.250000000000025,-11.250000000000025,0.8588575501216553,0.15,0,out_of_energy,0,0,1,0,108,24,0,0,0,41,0.03847417284445585,0.1106105004184657,0.0,0.0,0.99,8,exponential
q_learning,sparse_seed3,sparse,3,4a77b6e251,77,225,-11.250000000000025,-11.250000000000025,0.857139835021412,0.15,0,out_of_energy,0,0,1,0,108,16,0,0,0,39,0.038698320379808915,0.09547763892718084,0.0,0.0,0.99,8,exponential
q_learning,sparse_seed3,sparse,3,4a77b6e251,78,225,-11.250000000000025,-11.250000000000025,0.8554255553513692,0.15,0,out_of_energy,0,0,1,0,80,11,0,0,0,48,0.03822451566565376,0.09050867504208385,0.0,0.0,0.99,8,exponential
q_learning,sparse_seed3,sparse,3,4a77b6e251,79,225,-11.250000000000025,-11.250000000000025,0.8537147042406664,0.15,0,out_of_energy,0,0,1,0,95,6,0,0,0,51,0.039723716872389084,0.09303371999320804,0.0,0.0,0.99,8,exponential
q_learning,sparse_seed3,sparse,3,4a77b6e251,80,225,-11.250000000000025,-11.250000000000027,0.8520072748321851,0.15,0,out_of_energy,0,0,1,0,104,3,0,0,0,37,0.04081775221145755,0.07159621438181563,0.0,0.0,0.99,8,exponential
q_learning,sparse_seed3,sparse,3,4a77b6e251,81,225,-11.250000000000025,-11.250000000000027,0.8503032602825207,0.15,0,out_of_energy,0,0,1,0,101,37,0,0,0,59,0.04043249048914376,0.0864021834961039,0.0,0.0,0.99,8,exponential
q_learning,sparse_seed3,sparse,3,4a77b6e251,82,225,-11.250000000000025,-11.250000000000027,0.8486026537619556,0.15,0,out_of_energy,0,0,1,0,103,40,0,0,0,46,0.037943103638284535,0.08903490504094914,0.0,0.0,0.99,8,exponential
q_learning,sparse_seed3,sparse,3,4a77b6e251,83,225,-11.250000000000025,-11.250000000000027,0.8469054484544317,0.15,0,out_of_energy,0,0,1,0,111,12,0,0,0,39,0.03943310722422218,0.12343063697890479,0.0,0.0,0.99,8,exponential
q_learning,sparse_seed3,sparse,3,4a77b6e251,84,225,-11.250000000000025,-11.250000000000025,0.8452116375575228,0.15,0,out_of_energy,0,0,1,0,100,15,0,0,0,46,0.040942251366713596,0.07683421801865298,0.0,0.0,0.99,8,exponential
q_learning,sparse_seed3,sparse,3,4a77b6e251,85,225,-11.250000000000025,-11.250000000000025,0.8435212142824078,0.15,0,out_of_energy,0,0,1,0,103,4,0,0,0,35,0.03953755471693592,0.10891596603859645,0.0,0.0,0.99,8,exponential
q_learning,sparse_seed3,sparse,3,4a77b6e251,86,225,-11.250000000000025,-11.250000000000025,0.841834171853843,0.15,0,out_of_energy,0,0,1,0,92,21,0,0,0,45,0.04013220973088682,0.08791997865484275,0.0,0.0,0.99,8,exponential
q_learning,sparse_seed3,sparse,3,4a77b6e251,87,225,-11.250000000000025,-11.250000000000025,0.8401505035101353,0.15,0,out_of_energy,0,0,1,0,88,1,0,0,0,46,0.03918566703754747,0.09072688251878114,0.0,0.0,0.99,8,exponential
q_learning,sparse_seed3,sparse,3,4a77b6e251,88,225,-11.250000000000025,-11.250000000000027,0.838470202503115,0.15,0,out_of_energy,0,0,1,0,108,17,0,0,0,38,0.03609994855066786,0.07931160678950402,0.0,0.0,0.99,8,exponential
q_learning,sparse_seed3,sparse,3,4a77b6e251,89,225,-11.250000000000025,-11.250000000000027,0.8367932620981088,0.15,0,out_of_energy,0,0,1,0,94,26,0,0,0,43,0.038915639066217575,0.0919817916347274,0.0,0.0,0.99,8,exponential
q_learning,sparse_seed3,sparse,3,4a77b6e251,90,225,-11.250000000000025,-11.250000000000027,0.8351196755739125,0.15,0,out_of_energy,0,0,1,0,122,0,0,0,0,40,0.0357903568503927,0.0979429982006797,0.0,0.0,0.99,8,exponential
q_learning,sparse_seed3,sparse,3,4a77b6e251,91,225,-11.250000000000025,-11.250000000000027,0.8334494362227647,0.15,0,out_of_energy,0,0,1,0,104,5,0,0,0,43,0.04044512481532567,0.10742970549603684,0.0,0.0,0.99,8,exponential
q_learning,sparse_seed3,sparse,3,4a77b6e251,92,225,-11.250000000000025,-11.250000000000027,0.8317825373503192,0.15,0,out_of_energy,0,0,1,0,105,5,0,0,0,39,0.03910243331936305,0.08163622169175822,0.0,0.0,0.99,8,exponential
q_learning,sparse_seed3,sparse,3,4a77b6e251,93,225,-11.250000000000025,-11.250000000000027,0.8301189722756185,0.15,0,out_of_energy,0,0,1,0,96,7,0,0,0,39,0.039333181644199945,0.09646222112797717,0.0,0.0,0.99,8,exponential
q_learning,sparse_seed3,sparse,3,4a77b6e251,94,225,-11.250000000000025,-11.250000000000027,0.8284587343310672,0.15,0,out_of_energy,0,0,1,0,86,16,0,0,0,48,0.041631793876064416,0.07525589330770627,0.0,0.0,0.99,8,exponential
q_learning,sparse_seed3,sparse,3,4a77b6e251,95,225,-11.250000000000025,-11.250000000000027,0.8268018168624051,0.15,0,out_of_energy,0,0,1,0,112,4,0,0,0,47,0.03924756909214892,0.14248038531215548,0.0,0.0,0.99,8,exponential
q_learning,sparse_seed3,sparse,3,4a77b6e251,96,225,-11.250000000000025,-11.250000000000027,0.8251482132286803,0.15,0,out_of_energy,0,0,1,0,106,6,0,0,0,49,0.037987077049223314,0.09567526288566464,0.0,0.0,0.99,8,exponential
q_learning,sparse_seed3,sparse,3,4a77b6e251,97,225,-11.250000000000025,-11.250000000000027,0.823497916802223,0.15,0,out_of_energy,0,0,1,0,100,5,0,0,0,43,0.03898315545889631,0.11267228094792134,0.0,0.0,0.99,8,exponential
q_learning,sparse_seed3,sparse,3,4a77b6e251,98,225,-11.250000000000025,-11.250000000000025,0.8218509209686186,0.15,0,out_of_energy,0,0,1,0,108,13,0,0,0,48,0.036938737826218565,0.0871232273507418,0.0,0.0,0.99,8,exponential
q_learning,sparse_seed3,sparse,3,4a77b6e251,99,225,-11.250000000000025,-11.250000000000025,0.8202072191266814,0.15,0,out_of_energy,0,0,1,0,101,7,0,0,0,53,0.03840098119849138,0.10116231097724318,0.0,0.0,0.99,8,exponential
q_learning,sparse_seed3,sparse,3,4a77b6e251,100,225,-11.250000000000025,-11.250000000000025,0.818566804688428,0.15,0,out_of_energy,0,0,1,0,114,6,0,0,0,49,0.0386216785210358,0.07671698486780279,0.0,0.0,0.99,8,exponential
q_learning,sparse_seed3,sparse,3,4a77b6e251,101,225,-11.250000000000025,-11.250000000000025,0.8169296710790511,0.15,0,out_of_energy,0,0,1,0,95,6,0,0,0,50,0.03836328894350842,0.0696969641488933,0.0,0.0,0.99,8,exponential
q_learning,sparse_seed3,sparse,3,4a77b6e251,102,225,-11.250000000000025,-11.250000000000025,0.815295811736893,0.15,0,out_of_energy,0,0,1,0,109,1,0,0,0,46,0.0373854604863866,0.08755955615736746,0.0,0.0,0.99,8,exponential
q_learning,sparse_seed3,sparse,3,4a77b6e251,103,225,-11.250000000000025,-11.250000000000025,0.8136652201134192,0.15,0,out_of_energy,0,0,1,0,109,2,0,0,0,33,0.040926071331056135,0.10006334906085834,0.0,0.0,0.99,8,exponential
q_learning,sparse_seed3,sparse,3,4a77b6e251,104,225,-11.250000000000025,-11.250000000000025,0.8120378896731923,0.15,0,out_of_energy,0,0,1,0,100,7,0,0,0,47,0.03910855481798911,0.07454812373313106,0.0,0.0,0.99,8,exponential
q_learning,sparse_seed3,sparse,3,4a77b6e251,105,225,-11.250000000000025,-11.250000000000025,0.8104138138938459,0.15,0,out_of_energy,0,0,1,0,91,10,0,0,0,51,0.038473424520049475,0.10148399506068415,0.0,0.0,0.99,8,exponential
q_learning,sparse_seed3,sparse,3,4a77b6e251,106,225,-11.250000000000025,-11.250000000000025,0.8087929862660582,0.15,0,out_of_energy,0,0,1,0,99,10,0,0,0,40,0.040956220290262,0.08417903648200956,0.0,0.0,0.99,8,exponential
q_learning,sparse_seed3,sparse,3,4a77b6e251,107,225,-11.250000000000025,-11.250000000000025,0.8071754002935261,0.15,0,out_of_energy,0,0,1,0,100,16,0,0,0,49,0.036591349027655186,0.0737794831286022,0.0,0.0,0.99,8,exponential
q_learning,sparse_seed3,sparse,3,4a77b6e251,108,225,-11.250000000000025,-11.250000000000025,0.805561049492939,0.15,0,out_of_energy,0,0,1,0,98,10,0,0,0,44,0.037695734523618796,0.07973745553364836,0.0,0.0,0.99,8,exponential
q_learning,sparse_seed3,sparse,3,4a77b6e251,109,225,-11.250000000000025,-11.250000000000025,0.8039499273939532,0.15,0,out_of_energy,0,0,1,0,96,21,0,0,0,47,0.04173212068897647,0.11535173885917592,0.0,0.0,0.99,8,exponential
q_learning,sparse_seed3,sparse,3,4a77b6e251,110,225,-11.250000000000025,-11.250000000000025,0.8023420275391653,0.15,0,out_of_energy,0,0,1,0,101,5,0,0,0,42,0.040102304390194306,0.15175321441726491,0.0,0.0,0.99,8,exponential
q_learning,sparse_seed3,sparse,3,4a77b6e251,111,225,-11.250000000000025,-11.250000000000025,0.800737343484087,0.15,0,out_of_energy,0,0,1,0,99,7,0,0,0,43,0.04016838531979492,0.07293081060096875,0.0,0.0,0.99,8,exponential
q_learning,sparse_seed3,sparse,3,4a77b6e251,112,225,-11.250000000000025,-11.250000000000025,0.7991358687971188,0.15,0,out_of_energy,0,0,1,0,90,2,0,0,0,44,0.0398427043410589,0.07262082591230695,0.0,0.0,0.99,8,exponential
q_learning,sparse_seed3,sparse,3,4a77b6e251,113,225,-11.250000000000025,-11.250000000000025,0.7975375970595246,0.15,0,out_of_energy,0,0,1,0,109,5,0,0,0,31,0.04064926688984741,0.112041977074356,0.0,0.0,0.99,8,exponential
q_learning,sparse_seed3,sparse,3,4a77b6e251,114,225,-11.250000000000025,-11.250000000000025,0.7959425218654056,0.15,0,out_of_energy,0,0,1,0,88,30,0,0,0,48,0.03954806180480895,0.07532230272358914,0.0,0.0,0.99,8,exponential
q_learning,sparse_seed3,sparse,3,4a77b6e251,115,225,-11.250000000000025,-11.250000000000025,0.7943506368216747,0.15,0,out_of_energy,0,0,1,0,110,7,0,0,0,45,0.03747756008327719,0.0869791305820935,0.0,0.0,0.99,8,exponential
q_learning,sparse_seed3,sparse,3,4a77b6e251,116,225,-11.250000000000025,-11.250000000000025,0.7927619355480314,0.15,0,out_of_energy,0,0,1,0,95,3,0,0,0,38,0.037987595062518975,0.09955742549013216,0.0,0.0,0.99,8,exponential
q_learning,sparse_seed3,sparse,3,4a77b6e251,117,225,-11.250000000000025,-11.250000000000025,0.7911764116769353,0.15,0,out_of_energy,0,0,1,0,89,7,0,0,0,51,0.039273171846493635,0.07609248396774332,0.0,0.0,0.99,8,exponential
q_learning,sparse_seed3,sparse,3,4a77b6e251,118,225,-11.250000000000025,-11.250000000000025,0.7895940588535815,0.15,0,out_of_energy,0,0,1,0,97,35,0,0,0,39,0.0394206877937152,0.08564909327774152,0.0,0.0,0.99,8,exponential
q_learning,sparse_seed3,sparse,3,4a77b6e251,119,225,-11.250000000000025,-11.250000000000025,0.7880148707358743,0.15,0,out_of_energy,0,0,1,0,115,11,0,0,0,41,0.03809474527623763,0.08057628015657668,0.0,0.0,0.99,8,exponential
q_learning,sparse_seed3,sparse,3,4a77b6e251,120,225,-11.250000000000025,-11.250000000000025,0.7864388409944025,0.15,0,out_of_energy,0,0,1,0,99,2,0,0,0,44,0.03993744192627283,0.10368368584014612,0.0,0.0,0.99,8,exponential
q_learning,sparse_seed3,sparse,3,4a77b6e251,121,225,-11.250000000000025,-11.250000000000025,0.7848659633124138,0.15,0,out_of_energy,0,0,1,0,97,10,0,0,0,41,0.04345651906327578,0.11377922796130224,0.0,0.0,0.99,8,exponential
q_learning,sparse_seed3,sparse,3,4a77b6e251,122,225,-11.250000000000025,-11.250000000000025,0.783296231385789,0.15,0,out_of_energy,0,0,1,0,84,16,0,0,0,47,0.037705701917196105,0.08327785293422661,0.0,0.0,0.99,8,exponential
q_learning,sparse_seed3,sparse,3,4a77b6e251,123,225,-11.250000000000025,-11.250000000000025,0.7817296389230174,0.15,0,out_of_energy,0,0,1,0,90,12,1,0,0,50,0.042204095705413495,0.12474921543150376,0.0,0.0,0.99,8,exponential
q_learning,sparse_seed3,sparse,3,4a77b6e251,124,225,-11.250000000000025,-11.250000000000025,0.7801661796451713,0.15,0,out_of_energy,0,0,1,0,100,17,0,0,0,43,0.035926022900817624,0.0773339465582539,0.0,0.0,0.99,8,exponential
q_learning,sparse_seed3,sparse,3,4a77b6e251,125,225,-11.250000000000025,-11.250000000000025,0.778605847285881,0.15,0,out_of_energy,0,0,1,0,109,7,0,0,0,40,0.039826188933024295,0.07976237300382033,0.0,0.0,0.99,8,exponential
q_learning,sparse_seed3,sparse,3,4a77b6e251,126,225,-11.250000000000025,-11.250000000000025,0.7770486355913092,0.15,0,out_of_energy,0,0,1,0,116,21,0,0,0,45,0.0400532077836066,0.1335487053352155,0.0,0.0,0.99,8,exponential
q_learning,sparse_seed3,sparse,3,4a77b6e251,127,225,-11.250000000000025,-11.250000000000025,0.7754945383201266,0.15,0,out_of_energy,0,0,1,0,108,15,0,0,0,40,0.037880472291344065,0.09076221864434605,0.0,0.0,0.99,8,exponential
q_learning,sparse_seed3,sparse,3,4a77b6e251,128,225,-11.250000000000025,-11.250000000000025,0.7739435492434863,0.15,0,out_of_energy,0,0,1,0,105,23,0,0,0,45,0.038174260630891896,0.10208164872128679,0.0,0.0,0.99,8,exponential
q_learning,sparse_seed3,sparse,3,4a77b6e251,129,225,-11.250000000000025,-11.250000000000025,0.7723956621449993,0.15,0,out_of_energy,0,0,1,0,96,14,2,0,0,58,0.04101319312611221,0.10883850021466876,0.0,0.0,0.99,8,exponential
q_learning,sparse_seed3,sparse,3,4a77b6e251,130,225,-11.250000000000025,-11.250000000000025,0.7708508708207094,0.15,0,out_of_energy,0,0,1,0,93,6,0,0,0,51,0.04181766822161145,0.12947651043070432,0.0,0.0,0.99,8,exponential
q_learning,sparse_seed3,sparse,3,4a77b6e251,131,225,-11.250000000000025,-11.250000000000025,0.769309169079068,0.15,0,out_of_energy,0,0,1,0,100,7,0,0,0,48,0.0387924891670356,0.10345660791640043,0.0,0.0,0.99,8,exponential
q_learning,sparse_seed3,sparse,3,4a77b6e251,132,225,-11.250000000000025,-11.250000000000025,0.7677705507409098,0.15,0,out_of_energy,0,0,1,0,101,20,0,0,0,44,0.04066845826686623,0.08444797294778449,0.0,0.0,0.99,8,exponential
q_learning,sparse_seed3,sparse,3,4a77b6e251,133,225,-11.250000000000025,-11.250000000000025,0.766235009639428,0.15,0,out_of_energy,0,0,1,0,93,11,0,0,0,44,0.04094906875582975,0.08752620658683423,0.0,0.0,0.99,8,exponential
q_learning,sparse_seed3,sparse,3,4a77b6e251,134,225,-11.250000000000025,-11.250000000000025,0.7647025396201492,0.15,0,out_of_energy,0,0,1,0,100,6,0,0,0,47,0.04171059515557136,0.09010273059561066,0.0,0.0,0.99,8,exponential
q_learning,sparse_seed3,sparse,3,4a77b6e251,135,225,-11.250000000000025,-11.250000000000025,0.763173134540909,0.15,0,out_of_energy,0,0,1,0,107,12,0,0,0,44,0.04195698299992941,0.11559746123061354,0.0,0.0,0.99,8,exponential
q_learning,sparse_seed3,sparse,3,4a77b6e251,136,225,-11.250000000000025,-11.250000000000025,0.7616467882718272,0.15,0,out_of_energy,0,0,1,0,96,30,0,0,0,47,0.03873134534339017,0.07678115163103696,0.0,0.0,0.99,8,exponential
q_learning,sparse_seed3,sparse,3,4a77b6e251,137,225,-11.250000000000025,-11.250000000000025,0.7601234946952835,0.15,0,out_of_energy,0,0,1,0,91,11,0,0,0,43,0.039327614213664076,0.07340166474363216,0.0,0.0,0.99,8,exponential
q_learning,sparse_seed3,sparse,3,4a77b6e251,138,225,-11.250000000000025,-11.250000000000025,0.7586032477058929,0.15,0,out_of_energy,0,0,1,0,90,45,0,0,0,42,0.039625872362707336,0.09554568477380984,0.0,0.0,0.99,8,exponential
q_learning,sparse_seed3,sparse,3,4a77b6e251,139,225,-11.250000000000025,-11.250000000000025,0.7570860412104812,0.15,0,out_of_energy,0,0,1,0,108,0,0,0,0,42,0.04095070964640039,0.1422682663130646,0.0,0.0,0.99,8,exponential
q_learning,sparse_seed3,sparse,3,4a77b6e251,140,225,-11.250000000000025,-11.250000000000025,0.7555718691280602,0.15,0,out_of_energy,0,0,1,0,112,2,0,0,0,41,0.03909362708959393,0.07903033663770209,0.0,0.0,0.99,8,exponential
q_learning,sparse_seed3,sparse,3,4a77b6e251,141,225,-11.250000000000025,-11.250000000000025,0.7540607253898041,0.15,0,out_of_energy,0,0,1,0,98,1,0,0,0,56,0.04068107284365998,0.08551206519179477,0.0,0.0,0.99,8,exponential
q_learning,sparse_seed3,sparse,3,4a77b6e251,142,225,-11.250000000000025,-11.250000000000025,0.7525526039390245,0.15,0,out_of_energy,0,0,1,0,98,0,0,0,0,50,0.039659320450141804,0.12005311417467857,0.0,0.0,0.99,8,exponential
q_learning,sparse_seed3,sparse,3,4a77b6e251,143,225,-11.250000000000025,-11.250000000000025,0.7510474987311464,0.15,0,out_of_energy,0,0,1,0,102,7,0,0,0,37,0.04175153168878215,0.1127866275739623,0.0,0.0,0.99,8,exponential
q_learning,sparse_seed3,sparse,3,4a77b6e251,144,225,-11.250000000000025,-11.250000000000025,0.7495454037336841,0.15,0,out_of_energy,0,0,1,0,110,7,0,0,0,40,0.04037905265226534,0.10213927866994774,0.0,0.0,0.99,8,exponential
q_learning,sparse_seed3,sparse,3,4a77b6e251,145,225,-11.250000000000025,-11.250000000000025,0.7480463129262167,0.15,0,out_of_energy,0,0,1,0,102,9,0,0,0,45,0.04086985036088993,0.10196809927072087,0.0,0.0,0.99,8,exponential
q_learning,sparse_seed3,sparse,3,4a77b6e251,146,225,-11.250000000000025,-11.250000000000025,0.7465502203003642,0.15,0,out_of_energy,0,0,1,0,100,11,0,0,0,35,0.04056216763872275,0.16985280164682676,0.0,0.0,0.99,8,exponential
q_learning,sparse_seed3,sparse,3,4a77b6e251,147,225,-11.250000000000025,-11.250000000000025,0.7450571198597635,0.15,0,out_of_energy,0,0,1,0,104,6,0,0,0,47,0.03777901451942734,0.07699582940503838,0.0,0.0,0.99,8,exponential
q_learning,sparse_seed3,sparse,3,4a77b6e251,148,225,-11.250000000000025,-11.250000000000025,0.743567005620044,0.15,0,out_of_energy,0,0,1,0,90,10,0,0,0,48,0.04278552800387535,0.11093055179856162,0.0,0.0,0.99,8,exponential
q_learning,sparse_seed3,sparse,3,4a77b6e251,149,225,-11.250000000000025,-11.250000000000025,0.7420798716088038,0.15,0,out_of_energy,0,0,1,0,102,23,0,0,0,47,0.03918730274801662,0.07812938608623302,0.0,0.0,0.99,8,exponential
q_learning,sparse_seed3,sparse,3,4a77b6e251,150,225,-11.250000000000025,-11.250000000000025,0.7405957118655863,0.15,0,out_of_energy,0,0,1,0,80,16,5,0,0,43,0.04323293955564676,0.11081890325060126,0.0,0.0,0.99,8,exponential
q_learning,sparse_seed3,sparse,3,4a77b6e251,151,225,-11.250000000000025,-11.250000000000025,0.7391145204418551,0.15,0,out_of_energy,0,0,1,0,106,9,0,0,0,44,0.0408858671764922,0.18997985795717234,0.0,0.0,0.99,8,exponential
q_learning,sparse_seed3,sparse,3,4a77b6e251,152,225,-11.250000000000025,-11.250000000000025,0.7376362914009714,0.15,0,out_of_energy,0,0,1,0,100,14,0,0,0,55,0.04129425079918807,0.0894907270434693,0.0,0.0,0.99,8,exponential
q_learning,sparse_seed3,sparse,3,4a77b6e251,153,225,-11.250000000000025,-11.250000000000025,0.7361610188181695,0.15,0,out_of_energy,0,0,1,0,103,30,0,0,0,37,0.03918963338246349,0.09799205077564555,0.0,0.0,0.99,8,exponential
q_learning,sparse_seed3,sparse,3,4a77b6e251,154,225,-11.250000000000025,-11.250000000000025,0.7346886967805332,0.15,0,out_of_energy,0,0,1,0,96,7,0,0,0,43,0.04028557951302936,0.10141083486759415,0.0,0.0,0.99,8,exponential
q_learning,sparse_seed3,sparse,3,4a77b6e251,155,225,-11.250000000000025,-11.250000000000025,0.733219319386972,0.15,0,out_of_energy,0,0,1,0,105,8,0,0,0,29,0.043053207038899234,0.17949460666978578,0.0,0.0,0.99,8,exponential
q_learning,sparse_seed3,sparse,3,4a77b6e251,156,225,-11.250000000000025,-11.250000000000025,0.7317528807481981,0.15,0,out_of_energy,0,0,1,0,102,3,0,0,0,40,0.04041992341495717,0.11050463015896472,0.0,0.0,0.99,8,exponential
q_learning,sparse_seed3,sparse,3,4a77b6e251,157,225,-11.250000000000025,-11.250000000000025,0.7302893749867018,0.15,0,out_of_energy,0,0,1,0,114,14,0,0,0,42,0.04054892117670633,0.1296151464477317,0.0,0.0,0.99,8,exponential
q_learning,sparse_seed3,sparse,3,4a77b6e251,158,225,-11.250000000000025,-11.250000000000025,0.7288287962367284,0.15,0,out_of_energy,0,0,1,0,96,12,0,0,0,44,0.04304533528382344,0.09313938156034132,0.0,0.0,0.99,8,exponential
q_learning,sparse_seed3,sparse,3,4a77b6e251,159,225,-11.250000000000025,-11.250000000000025,0.727371138644255,0.15,0,out_of_energy,0,0,1,0,108,10,0,0,0,43,0.041221308854260244,0.11706005905929687,0.0,0.0,0.99,8,exponential
q_learning,sparse_seed3,sparse,3,4a77b6e251,160,225,-11.250000000000025,-11.250000000000025,0.7259163963669665,0.15,0,out_of_energy,0,0,1,0,99,41,0,0,0,45,0.04147540361147976,0.12459975848905482,0.0,0.0,0.99,8,exponential
q_learning,sparse_seed3,sparse,3,4a77b6e251,161,225,-11.250000000000025,-11.250000000000025,0.7244645635742325,0.15,0,out_of_energy,0,0,1,0,102,24,0,0,0,48,0.04064299389910474,0.13385071849978408,0.0,0.0,0.99,8,exponential
q_learning,sparse_seed3,sparse,3,4a77b6e251,162,225,-11.250000000000025,-11.250000000000025,0.723015634447084,0.15,0,out_of_energy,0,0,1,0,110,9,0,0,0,48,0.04078647865930302,0.10633529257969862,0.0,0.0,0.99,8,exponential
q_learning,sparse_seed3,sparse,3,4a77b6e251,163,225,-11.250000000000025,-11.250000000000025,0.7215696031781899,0.15,0,out_of_energy,0,0,1,0,117,14,0,0,0,44,0.039324467206335485,0.07931958716004336,0.0,0.0,0.99,8,exponential
q_learning,sparse_seed3,sparse,3,4a77b6e251,164,225,-11.250000000000025,-11.250000000000025,0.7201264639718334,0.15,0,out_of_energy,0,0,1,0,86,15,0,0,0,40,0.04236549881339402,0.12633764845581955,0.0,0.0,0.99,8,exponential
q_learning,sparse_seed3,sparse,3,4a77b6e251,165,225,-11.250000000000025,-11.250000000000025,0.7186862110438897,0.15,0,out_of_energy,0,0,1,0,108,4,0,0,0,53,0.041385785104211884,0.15738876895780424,0.0,0.0,0.99,8,exponential
q_learning,sparse_seed3,sparse,3,4a77b6e251,166,225,-11.250000000000025,-11.250000000000025,0.717248838621802,0.15,0,out_of_energy,0,0,1,0,110,6,0,0,0,43,0.04209741249623226,0.13910450237632668,0.0,0.0,0.99,8,exponential
q_learning,sparse_seed3,sparse,3,4a77b6e251,167,225,-11.250000000000025,-11.250000000000025,0.7158143409445584,0.15,0,out_of_energy,0,0,1,0,112,10,0,0,0,33,0.040764230762329434,0.16875784958368417,0.0,0.0,0.99,8,exponential
q_learning,sparse_seed3,sparse,3,4a77b6e251,168,225,-11.250000000000025,-11.250000000000025,0.7143827122626694,0.15,0,out_of_energy,0,0,1,0,107,3,0,0,0,46,0.04300790405329296,0.1585217056122965,0.0,0.0,0.99,8,exponential
q_learning,sparse_seed3,sparse,3,4a77b6e251,169,225,-11.250000000000025,-11.250000000000025,0.7129539468381441,0.15,0,out_of_energy,0,0,1,0,89,25,3,0,0,40,0.041562567758466964,0.15142373097058745,0.0,0.0,0.99,8,exponential
q_learning,sparse_seed3,sparse,3,4a77b6e251,170,225,-11.250000000000025,-11.250000000000025,0.7115280389444678,0.15,0,out_of_energy,0,0,1,0,78,33,0,0,0,43,0.04143548845888576,0.12389403421406722,0.0,0.0,0.99,8,exponential
q_learning,sparse_seed3,sparse,3,4a77b6e251,171,225,-11.250000000000025,-11.250000000000025,0.7101049828665789,0.15,0,out_of_energy,0,0,1,0,84,2,0,0,0,38,0.04044785764127002,0.12341578453556364,0.0,0.0,0.99,8,exponential
q_learning,sparse_seed3,sparse,3,4a77b6e251,172,225,-11.250000000000025,-11.250000000000025,0.7086847729008457,0.15,0,out_of_energy,0,0,1,0,100,9,0,0,0,56,0.04015102802411293,0.08111140458613983,0.0,0.0,0.99,8,exponential
q_learning,sparse_seed3,sparse,3,4a77b6e251,173,225,-11.250000000000025,-11.250000000000025,0.707267403355044,0.15,0,out_of_energy,0,0,1,0,111,13,0,0,0,47,0.041581102571132254,0.0740804898795529,0.0,0.0,0.99,8,exponential
q_learning,sparse_seed3,sparse,3,4a77b6e251,174,225,-11.250000000000025,-11.250000000000025,0.705852868548334,0.15,0,out_of_energy,0,0,1,0,91,8,0,0,0,44,0.042763700562652295,0.08589461509602658,0.0,0.0,0.99,8,exponential
q_learning,sparse_seed3,sparse,3,4a77b6e251,175,225,-11.250000000000025,-11.250000000000025,0.7044411628112373,0.15,0,out_of_energy,0,0,1,0,107,16,0,0,0,47,0.04006792370281731,0.07746481969062499,0.0,0.0,0.99,8,exponential
q_learning,sparse_seed3,sparse,3,4a77b6e251,176,225,-11.250000000000025,-11.250000000000025,0.7030322804856147,0.15,0,out_of_energy,0,0,1,0,92,10,0,0,0,43,0.04182342533767152,0.09589213345757673,0.0,0.0,0.99,8,exponential
q_learning,sparse_seed3,sparse,3,4a77b6e251,177,225,-11.250000000000025,-11.250000000000025,0.7016262159246435,0.15,0,out_of_energy,0,0,1,0,106,3,0,0,0,53,0.04409176473288736,0.0836309475630874,0.0,0.0,0.99,8,exponential
q_learning,sparse_seed3,sparse,3,4a77b6e251,178,225,-11.250000000000025,-11.250000000000025,0.7002229634927942,0.15,0,out_of_energy,0,0,1,0,96,4,0,0,0,42,0.04141971388322097,0.10297629941002442,0.0,0.0,0.99,8,exponential
q_learning,sparse_seed3,sparse,3,4a77b6e251,179,225,-11.250000000000025,-11.250000000000025,0.6988225175658086,0.15,0,out_of_energy,0,0,1,0,104,17,0,0,0,50,0.04148652546266362,0.0999293651329917,0.0,0.0,0.99,8,exponential
q_learning,sparse_seed3,sparse,3,4a77b6e251,180,225,-11.250000000000025,-11.250000000000025,0.697424872530677,0.15,0,out_of_energy,0,0,1,0,94,22,0,0,0,45,0.04146860833115482,0.11629147599109055,0.0,0.0,0.99,8,exponential
q_learning,sparse_seed3,sparse,3,4a77b6e251,181,225,-11.250000000000025,-11.250000000000025,0.6960300227856157,0.15,0,out_of_energy,0,0,1,0,85,14,0,0,0,40,0.04079382657332996,0.1329882221275599,0.0,0.0,0.99,8,exponential
q_learning,sparse_seed3,sparse,3,4a77b6e251,182,225,-11.250000000000025,-11.250000000000025,0.6946379627400444,0.15,0,out_of_energy,0,0,1,0,97,6,0,0,0,41,0.03887647405617819,0.10899251162395099,0.0,0.0,0.99,8,exponential
q_learning,sparse_seed3,sparse,3,4a77b6e251,183,225,-11.250000000000025,-11.250000000000025,0.6932486868145643,0.15,0,out_of_energy,0,0,1,0,94,12,0,0,0,43,0.04054789159354241,0.15020669458211702,0.0,0.0,0.99,8,exponential
q_learning,sparse_seed3,sparse,3,4a77b6e251,184,225,-11.250000000000025,-11.250000000000025,0.6918621894409351,0.15,0,out_of_energy,0,0,1,0,106,0,0,0,0,58,0.04187011918924882,0.1118157446493186,0.0,0.0,0.99,8,exponential
q_learning,sparse_seed3,sparse,3,4a77b6e251,185,225,-11.250000000000025,-11.250000000000025,0.6904784650620532,0.15,0,out_of_energy,0,0,1,0,102,25,0,0,0,47,0.041498214583316456,0.10355635041983355,0.0,0.0,0.99,8,exponential
q_learning,sparse_seed3,sparse,3,4a77b6e251,186,225,-11.250000000000025,-11.250000000000025,0.6890975081319292,0.15,0,out_of_energy,0,0,1,0,108,23,0,0,0,45,0.04126692505769517,0.09458325817133559,0.0,0.0,0.99,8,exponential
q_learning,sparse_seed3,sparse,3,4a77b6e251,187,225,-11.250000000000025,-11.250000000000025,0.6877193131156653,0.15,0,out_of_energy,0,0,1,0,99,19,0,0,0,54,0.041974580389093984,0.11622137789944252,0.0,0.0,0.99,8,exponential
q_learning,sparse_seed3,sparse,3,4a77b6e251,188,225,-11.250000000000025,-11.250000000000025,0.6863438744894339,0.15,0,out_of_energy,0,0,1,0,105,2,0,0,0,40,0.04124790072573202,0.08407126330541094,0.0,0.0,0.99,8,exponential
q_learning,sparse_seed3,sparse,3,4a77b6e251,189,225,-11.250000000000025,-11.250000000000025,0.684971186740455,0.15,0,out_of_energy,0,0,1,0,97,12,0,0,0,47,0.041801128747031,0.12338101514826828,0.0,0.0,0.99,8,exponential
q_learning,sparse_seed3,sparse,3,4a77b6e251,190,225,-11.250000000000025,-11.250000000000025,0.6836012443669741,0.15,0,out_of_energy,0,0,1,0,100,26,0,0,0,45,0.04227077317206472,0.12112146944700977,0.0,0.0,0.99,8,exponential
q_learning,sparse_seed3,sparse,3,4a77b6e251,191,225,-11.250000000000025,-11.250000000000025,0.6822340418782402,0.15,0,out_of_energy,0,0,1,0,114,1,0,0,0,52,0.04034716400603257,0.11999578757934543,0.0,0.0,0.99,8,exponential
q_learning,sparse_seed3,sparse,3,4a77b6e251,192,225,-11.250000000000025,-11.250000000000025,0.6808695737944838,0.15,0,out_of_energy,0,0,1,0,110,11,0,0,0,40,0.040686251620986616,0.18304041216165529,0.0,0.0,0.99,8,exponential
q_learning,sparse_seed3,sparse,3,4a77b6e251,193,225,-11.250000000000025,-11.250000000000025,0.6795078346468948,0.15,0,out_of_energy,0,0,1,0,108,19,0,0,0,40,0.04160179809193295,0.10287456325859239,0.0,0.0,0.99,8,exponential
q_learning,sparse_seed3,sparse,3,4a77b6e251,194,225,-11.250000000000025,-11.250000000000025,0.678148818977601,0.15,0,out_of_energy,0,0,1,0,103,15,0,0,0,46,0.041200168197981,0.11936239419098543,0.0,0.0,0.99,8,exponential
q_learning,sparse_seed3,sparse,3,4a77b6e251,195,225,-11.250000000000025,-11.250000000000025,0.6767925213396458,0.15,0,out_of_energy,0,0,1,0,105,34,0,0,0,35,0.04155822354929912,0.11283998476703505,0.0,0.0,0.99,8,exponential
q_learning,sparse_seed3,sparse,3,4a77b6e251,196,225,-11.250000000000025,-11.250000000000025,0.6754389362969666,0.15,0,out_of_energy,0,0,1,0,93,1,0,0,0,34,0.04144561465836795,0.17583295347057293,0.0,0.0,0.99,8,exponential
q_learning,sparse_seed3,sparse,3,4a77b6e251,197,225,-11.250000000000025,-11.250000000000025,0.6740880584243727,0.15,0,out_of_energy,0,0,1,0,102,18,0,0,0,44,0.04209682710555874,0.1045003077889862,0.0,0.0,0.99,8,exponential
q_learning,sparse_seed3,sparse,3,4a77b6e251,198,225,-11.250000000000025,-11.250000000000025,0.6727398823075239,0.15,0,out_of_energy,0,0,1,0,94,10,0,0,0,45,0.04184183003377547,0.09842293547727621,0.0,0.0,0.99,8,exponential
q_learning,sparse_seed3,sparse,3,4a77b6e251,199,225,-11.250000000000025,-11.250000000000025,0.6713944025429088,0.15,0,out_of_energy,0,0,1,0,87,10,0,0,0,45,0.04092199750310498,0.08632053117724298,0.0,0.0,0.99,8,exponential
q_learning,sparse_seed3,sparse,3,4a77b6e251,200,225,-11.250000000000025,-11.250000000000025,0.670051613737823,0.15,0,out_of_energy,0,0,1,0,97,9,0,0,0,46,0.04275896762824955,0.14717983684263813,0.0,0.0,0.99,8,exponential
q_learning,sparse_seed3,sparse,3,4a77b6e251,201,225,-11.250000000000025,-11.250000000000025,0.6687115105103473,0.15,0,out_of_energy,0,0,1,0,98,30,0,0,0,41,0.04244684415635771,0.12412807598614467,0.0,0.0,0.99,8,exponential
q_learning,sparse_seed3,sparse,3,4a77b6e251,202,225,-11.250000000000025,-11.250000000000025,0.6673740874893266,0.15,0,out_of_energy,0,0,1,0,110,23,0,0,0,45,0.043011570662224094,0.15729930708148512,0.0,0.0,0.99,8,exponential
q_learning,sparse_seed3,sparse,3,4a77b6e251,203,225,-11.250000000000025,-11.250000000000025,0.6660393393143479,0.15,0,out_of_energy,0,0,1,0,103,3,0,0,0,38,0.04071359734263961,0.1055937126367579,0.0,0.0,0.99,8,exponential
q_learning,sparse_seed3,sparse,3,4a77b6e251,204,225,-11.250000000000025,-11.250000000000025,0.6647072606357192,0.15,0,out_of_energy,0,0,1,0,101,5,0,0,0,38,0.04233728280873701,0.14963915051928994,0.0,0.0,0.99,8,exponential
q_learning,sparse_seed3,sparse,3,4a77b6e251,205,225,-11.250000000000025,-11.250000000000025,0.6633778461144477,0.15,0,out_of_energy,0,0,1,0,96,4,0,0,0,45,0.04093906041363415,0.12878158577972387,0.0,0.0,0.99,8,exponential
q_learning,sparse_seed3,sparse,3,4a77b6e251,206,225,-11.250000000000025,-11.250000000000025,0.6620510904222189,0.15,0,out_of_energy,0,0,1,0,115,11,0,0,0,43,0.04138056947390437,0.13241203688791126,0.0,0.0,0.99,8,exponential
q_learning,sparse_seed3,sparse,3,4a77b6e251,207,225,-11.250000000000025,-11.250000000000025,0.6607269882413744,0.15,0,out_of_energy,0,0,1,0,98,22,0,0,0,46,0.041506322785683204,0.09262747528664711,0.0,0.0,0.99,8,exponential
q_learning,sparse_seed3,sparse,3,4a77b6e251,208,225,-11.250000000000025,-11.250000000000025,0.6594055342648917,0.15,0,out_of_energy,0,0,1,0,91,15,0,0,0,36,0.04035107434092879,0.12526103619569895,0.0,0.0,0.99,8,exponential
q_learning,sparse_seed3,sparse,3,4a77b6e251,209,225,-11.250000000000025,-11.250000000000025,0.6580867231963619,0.15,0,out_of_energy,0,0,1,0,96,21,0,0,0,46,0.04054058113609347,0.11217582244639536,0.0,0.0,0.99,8,exponential
q_learning,sparse_seed3,sparse,3,4a77b6e251,210,225,-11.250000000000025,-11.250000000000025,0.6567705497499692,0.15,0,out_of_energy,0,0,1,0,108,37,0,0,0,47,0.04208724255597695,0.1372497760768363,0.0,0.0,0.99,8,exponential
q_learning,sparse_seed3,sparse,3,4a77b6e251,211,225,-11.250000000000025,-11.250000000000025,0.6554570086504692,0.15,0,out_of_energy,0,0,1,0,100,24,0,0,0,50,0.041703744966804665,0.11784519622284112,0.0,0.0,0.99,8,exponential
q_learning,sparse_seed3,sparse,3,4a77b6e251,212,225,-11.250000000000025,-11.250000000000025,0.6541460946331682,0.15,0,out_of_energy,0,0,1,0,99,11,5,0,0,41,0.03979725397154692,0.12827380106069414,0.0,0.0,0.99,8,exponential
q_learning,sparse_seed3,sparse,3,4a77b6e251,213,225,-11.250000000000025,-11.250000000000025,0.6528378024439019,0.15,0,out_of_energy,0,0,1,0,88,8,0,0,0,46,0.042770457741053605,0.10049057259414623,0.0,0.0,0.99,8,exponential
q_learning,sparse_seed3,sparse,3,4a77b6e251,214,225,-11.250000000000025,-11.250000000000025,0.6515321268390141,0.15,0,out_of_energy,0,0,1,0,87,2,0,0,0,53,0.04285840154773049,0.0974688550074769,0.0,0.0,0.99,8,exponential
q_learning,sparse_seed3,sparse,3,4a77b6e251,215,225,-11.250000000000025,-11.250000000000025,0.6502290625853361,0.15,0,out_of_energy,0,0,1,0,97,9,0,0,0,59,0.04197948026647451,0.11500529099822178,0.0,0.0,0.99,8,exponential
q_learning,sparse_seed3,sparse,3,4a77b6e251,216,225,-11.250000000000025,-11.250000000000025,0.6489286044601654,0.15,0,out_of_energy,0,0,1,0,103,14,0,0,0,60,0.04175876749338547,0.17214387146602805,0.0,0.0,0.99,8,exponential
q_learning,sparse_seed3,sparse,3,4a77b6e251,217,225,-11.250000000000025,-11.250000000000025,0.6476307472512451,0.15,0,out_of_energy,0,0,1,0,107,4,0,0,0,51,0.0417564908473618,0.10736371222385802,0.0,0.0,0.99,8,exponential
q_learning,sparse_seed3,sparse,3,4a77b6e251,218,225,-11.250000000000025,-11.250000000000025,0.6463354857567426,0.15,0,out_of_energy,0,0,1,0,101,5,0,0,0,47,0.04033386683523053,0.08166730153810244,0.0,0.0,0.99,8,exponential
q_learning,sparse_seed3,sparse,3,4a77b6e251,219,225,-11.250000000000025,-11.250000000000025,0.6450428147852291,0.15,0,out_of_energy,0,0,1,0,81,10,3,0,0,42,0.04145700216436949,0.1264199875591348,0.0,0.0,0.99,8,exponential
q_learning,sparse_seed3,sparse,3,4a77b6e251,220,225,-11.250000000000025,-11.250000000000025,0.6437527291556586,0.15,0,out_of_energy,0,0,1,0,98,4,0,0,0,46,0.04106881872348451,0.09045051365049234,0.0,0.0,0.99,8,exponential
q_learning,sparse_seed3,sparse,3,4a77b6e251,221,225,-11.250000000000025,-11.250000000000025,0.6424652236973473,0.15,0,out_of_energy,0,0,1,0,100,42,0,0,0,54,0.04316236159132019,0.11402930447779741,0.0,0.0,0.99,8,exponential
q_learning,sparse_seed3,sparse,3,4a77b6e251,222,225,-11.250000000000025,-11.250000000000025,0.6411802932499525,0.15,0,out_of_energy,0,0,1,0,107,7,0,0,0,46,0.041221477594972085,0.1465236262120388,0.0,0.0,0.99,8,exponential
q_learning,sparse_seed3,sparse,3,4a77b6e251,223,225,-11.250000000000025,-11.250000000000025,0.6398979326634526,0.15,0,out_of_energy,0,0,1,0,101,44,0,0,0,52,0.041501892051575104,0.12561950330070656,0.0,0.0,0.99,8,exponential
q_learning,sparse_seed3,sparse,3,4a77b6e251,224,225,-11.250000000000025,-11.250000000000025,0.6386181367981257,0.15,0,out_of_energy,0,0,1,0,101,46,0,0,0,37,0.04170756955853114,0.17307236644678037,0.0,0.0,0.99,8,exponential
q_learning,sparse_seed3,sparse,3,4a77b6e251,225,225,-11.250000000000025,-11.250000000000025,0.6373409005245295,0.15,0,out_of_energy,0,0,1,0,101,10,0,0,0,37,0.042142888155005345,0.17071519157514498,0.0,0.0,0.99,8,exponential
q_learning,sparse_seed3,sparse,3,4a77b6e251,226,225,-11.250000000000025,-11.250000000000025,0.6360662187234805,0.15,0,out_of_energy,0,0,1,0,105,11,0,0,0,37,0.041933158057507205,0.16962641733979889,0.0,0.0,0.99,8,exponential
q_learning,sparse_seed3,sparse,3,4a77b6e251,227,225,-11.250000000000025,-11.250000000000025,0.6347940862860335,0.15,0,out_of_energy,0,0,1,0,101,3,0,0,0,50,0.0423157819466359,0.17745034977799679,0.0,0.0,0.99,8,exponential
q_learning,sparse_seed3,sparse,3,4a77b6e251,228,225,-11.250000000000025,-11.250000000000025,0.6335244981134615,0.15,0,out_of_energy,0,0,1,0,93,16,0,0,0,53,0.043230828486352915,0.09857225958827523,0.0,0.0,0.99,8,exponential
q_learning,sparse_seed3,sparse,3,4a77b6e251,229,225,-11.250000000000025,-11.250000000000025,0.6322574491172346,0.15,0,out_of_energy,0,0,1,0,104,31,0,0,0,44,0.0437619064405586,0.17410750954374732,0.0,0.0,0.99,8,exponential
q_learning,sparse_seed3,sparse,3,4a77b6e251,230,225,-11.250000000000025,-11.250000000000025,0.6309929342190002,0.15,0,out_of_energy,0,0,1,0,111,0,0,0,0,43,0.0413105371995757,0.1761742475330532,0.0,0.0,0.99,8,exponential
q_learning,sparse_seed3,sparse,3,4a77b6e251,231,225,-11.250000000000025,-11.250000000000025,0.6297309483505622,0.15,0,out_of_energy,0,0,1,0,93,9,0,0,0,54,0.04096745223863841,0.07997327364153507,0.0,0.0,0.99,8,exponential
q_learning,sparse_seed3,sparse,3,4a77b6e251,232,225,-11.250000000000025,-11.250000000000025,0.6284714864538611,0.15,0,out_of_energy,0,0,1,0,114,32,0,0,0,55,0.04140807526350015,0.1440314210098827,0.0,0.0,0.99,8,exponential
q_learning,sparse_seed3,sparse,3,4a77b6e251,233,225,-11.250000000000025,-11.250000000000025,0.6272145434809534,0.15,0,out_of_energy,0,0,1,0,88,35,0,0,0,40,0.04189392628579998,0.19035392655126282,0.0,0.0,0.99,8,exponential
q_learning,sparse_seed3,sparse,3,4a77b6e251,234,225,-11.250000000000025,-11.250000000000025,0.6259601143939915,0.15,0,out_of_energy,0,0,1,0,98,3,0,0,0,50,0.04253972124855783,0.09811522358318545,0.0,0.0,0.99,8,exponential
q_learning,sparse_seed3,sparse,3,4a77b6e251,235,225,-11.250000000000025,-11.250000000000025,0.6247081941652035,0.15,0,out_of_energy,0,0,1,0,104,38,0,0,0,40,0.04271637913174081,0.13248227167746457,0.0,0.0,0.99,8,exponential
q_learning,sparse_seed3,sparse,3,4a77b6e251,236,225,-11.250000000000025,-11.250000000000025,0.6234587777768731,0.15,0,out_of_energy,0,0,1,0,96,41,0,0,0,40,0.04112049126515157,0.12474997438411545,0.0,0.0,0.99,8,exponential
q_learning,sparse_seed3,sparse,3,4a77b6e251,237,225,-11.250000000000025,-11.250000000000025,0.6222118602213194,0.15,0,out_of_energy,0,0,1,0,92,18,0,0,0,53,0.04265056465129038,0.20249834563075916,0.0,0.0,0.99,8,exponential
q_learning,sparse_seed3,sparse,3,4a77b6e251,238,225,-11.250000000000025,-11.250000000000025,0.6209674365008767,0.15,0,out_of_energy,0,0,1,0,90,8,0,0,0,40,0.04298968005988271,0.1801570766234325,0.0,0.0,0.99,8,exponential
q_learning,sparse_seed3,sparse,3,4a77b6e251,239,225,-11.250000000000025,-11.250000000000025,0.619725501627875,0.15,0,out_of_energy,0,0,1,0,109,7,0,0,0,44,0.04140392787024049,0.08704588419355443,0.0,0.0,0.99,8,exponential
q_learning,sparse_seed3,sparse,3,4a77b6e251,240,225,-11.250000000000025,-11.250000000000025,0.6184860506246193,0.15,0,out_of_energy,0,0,1,0,93,12,4,0,0,45,0.042358312672708696,0.15999309735647227,0.0,0.0,0.99,8,exponential
q_learning,sparse_seed3,sparse,3,4a77b6e251,241,225,-11.250000000000025,-11.250000000000025,0.61724907852337,0.15,0,out_of_energy,0,0,1,0,112,1,0,0,0,44,0.04096536131759207,0.15204890471451768,0.0,0.0,0.99,8,exponential
q_learning,sparse_seed3,sparse,3,4a77b6e251,242,225,-11.250000000000025,-11.250000000000025,0.6160145803663232,0.15,0,out_of_energy,0,0,1,0,108,6,0,0,0,49,0.043038377711018004,0.16638451235540624,0.0,0.0,0.99,8,exponential
q_learning,sparse_seed3,sparse,3,4a77b6e251,243,225,-11.250000000000025,-11.250000000000025,0.6147825512055906,0.15,0,out_of_energy,0,0,1,0,91,8,1,0,0,45,0.0421643917277573,0.17834154805774982,0.0,0.0,0.99,8,exponential
q_learning,sparse_seed3,sparse,3,4a77b6e251,244,225,-11.250000000000025,-11.250000000000025,0.6135529861031793,0.15,0,out_of_energy,0,0,1,0,103,14,0,0,0,52,0.041341026974631274,0.19375101909101522,0.0,0.0,0.99,8,exponential
q_learning,sparse_seed3,sparse,3,4a77b6e251,245,225,-11.250000000000025,-11.250000000000025,0.612325880130973,0.15,0,out_of_energy,0,0,1,0,103,31,0,0,0,45,0.04141204954751433,0.11594333751714642,0.0,0.0,0.99,8,exponential
q_learning,sparse_seed3,sparse,3,4a77b6e251,246,225,-11.250000000000025,-11.250000000000025,0.611101228370711,0.15,0,out_of_energy,0,0,1,0,101,15,0,0,0,47,0.04295227143369378,0.17735682644511216,0.0,0.0,0.99,8,exponential
q_learning,sparse_seed3,sparse,3,4a77b6e251,247,225,-11.250000000000025,-11.250000000000025,0.6098790259139696,0.15,0,out_of_energy,0,0,1,0,101,47,0,0,0,52,0.040965985088933884,0.1387321408015741,0.0,0.0,0.99,8,exponential
q_learning,sparse_seed3,sparse,3,4a77b6e251,248,225,-11.250000000000025,-11.250000000000025,0.6086592678621416,0.15,0,out_of_energy,0,0,1,0,89,13,4,0,0,38,0.04303362233817304,0.1182062141710905,0.0,0.0,0.99,8,exponential
q_learning,sparse_seed3,sparse,3,4a77b6e251,249,225,-11.250000000000025,-11.250000000000025,0.6074419493264174,0.15,0,out_of_energy,0,0,1,0,79,19,0,0,0,44,0.041880914833001506,0.16874777248777942,0.0,0.0,0.99,8,exponential
q_learning,sparse_seed3,sparse,3,4a77b6e251,250,225,-11.250000000000025,-11.250000000000025,0.6062270654277645,0.15,0,out_of_energy,0,0,1,0,95,4,0,0,0,37,0.04264779225710055,0.13628192691562077,0.0,0.0,0.99,8,exponential
q_learning,sparse_seed3,sparse,3,4a77b6e251,251,225,-11.250000000000025,-11.250000000000025,0.6050146112969089,0.15,0,out_of_energy,0,0,1,0,83,18,2,0,0,44,0.04244435010998493,0.17764129915473412,0.0,0.0,0.99,8,exponential
q_learning,sparse_seed3,sparse,3,4a77b6e251,252,225,-11.250000000000025,-11.250000000000025,0.6038045820743151,0.15,0,out_of_energy,0,0,1,0,92,4,0,0,0,46,0.041142499210510074,0.13688938118933014,0.0,0.0,0.99,8,exponential
q_learning,sparse_seed3,sparse,3,4a77b6e251,253,225,-11.250000000000025,-11.250000000000025,0.6025969729101665,0.15,0,out_of_energy,0,0,1,0,96,7,0,0,0,39,0.041221716327184604,0.09280613435075052,0.0,0.0,0.99,8,exponential
q_learning,sparse_seed3,sparse,3,4a77b6e251,254,225,-11.250000000000025,-11.250000000000025,0.6013917789643461,0.15,0,out_of_energy,0,0,1,0,84,4,0,0,0,40,0.04227096383486042,0.17080006174715281,0.0,0.0,0.99,8,exponential
q_learning,sparse_seed3,sparse,3,4a77b6e251,255,225,-11.250000000000025,-11.250000000000025,0.6001889954064175,0.15,0,out_of_energy,0,0,1,0,102,9,0,0,0,45,0.04219519652231566,0.11933469239416024,0.0,0.0,0.99,8,exponential
q_learning,sparse_seed3,sparse,3,4a77b6e251,256,225,-11.250000000000025,-11.250000000000025,0.5989886174156046,0.15,0,out_of_energy,0,0,1,0,103,4,0,0,0,36,0.04234296156488585,0.15364186790656686,0.0,0.0,0.99,8,exponential
q_learning,sparse_seed3,sparse,3,4a77b6e251,257,225,-11.250000000000025,-11.250000000000025,0.5977906401807734,0.15,0,out_of_energy,0,0,1,0,96,4,0,0,0,48,0.04310918204552159,0.1252666036943215,0.0,0.0,0.99,8,exponential
q_learning,sparse_seed3,sparse,3,4a77b6e251,258,225,-11.250000000000025,-11.250000000000025,0.5965950589004119,0.15,0,out_of_energy,0,0,1,0,97,24,0,0,0,55,0.04158687355001231,0.11112646549335525,0.0,0.0,0.99,8,exponential
q_learning,sparse_seed3,sparse,3,4a77b6e251,259,225,-11.250000000000025,-11.250000000000025,0.595401868782611,0.15,0,out_of_energy,0,0,1,0,90,6,4,0,0,44,0.04194825277719646,0.10980454992706656,0.0,0.0,0.99,8,exponential
q_learning,sparse_seed3,sparse,3,4a77b6e251,260,225,-11.250000000000025,-11.250000000000025,0.5942110650450458,0.15,0,out_of_energy,0,0,1,0,107,0,0,0,0,44,0.04347223024228722,0.22830342060993486,0.0,0.0,0.99,8,exponential
q_learning,sparse_seed3,sparse,3,4a77b6e251,261,225,-11.250000000000025,-11.250000000000025,0.5930226429149558,0.15,0,out_of_energy,0,0,1,0,104,17,0,0,0,45,0.040874531217668125,0.08723738090397912,0.0,0.0,0.99,8,exponential
q_learning,sparse_seed3,sparse,3,4a77b6e251,262,225,-11.250000000000025,-11.250000000000025,0.5918365976291259,0.15,0,out_of_energy,0,0,1,0,93,19,3,0,0,46,0.042304814093350296,0.15698087600665792,0.0,0.0,0.99,8,exponential
q_learning,sparse_seed3,sparse,3,4a77b6e251,263,225,-11.250000000000025,-11.250000000000025,0.5906529244338676,0.15,0,out_of_energy,0,0,1,0,109,21,0,0,0,46,0.04255405674363481,0.14503330650553042,0.0,0.0,0.99,8,exponential
q_learning,sparse_seed3,sparse,3,4a77b6e251,264,225,-11.250000000000025,-11.250000000000025,0.5894716185849999,0.15,0,out_of_energy,0,0,1,0,98,1,0,0,0,39,0.04286361028291666,0.10762106846011427,0.0,0.0,0.99,8,exponential
q_learning,sparse_seed3,sparse,3,4a77b6e251,265,225,-11.250000000000025,-11.250000000000025,0.5882926753478298,0.15,0,out_of_energy,0,0,1,0,122,1,0,0,0,37,0.0423997746201373,0.11760379839735241,0.0,0.0,0.99,8,exponential
q_learning,sparse_seed3,sparse,3,4a77b6e251,266,225,-11.250000000000025,-11.250000000000025,0.5871160899971342,0.15,0,out_of_energy,0,0,1,0,97,7,0,0,0,44,0.042638910145499996,0.15329190827148806,0.0,0.0,0.99,8,exponential
q_learning,sparse_seed3,sparse,3,4a77b6e251,267,225,-11.250000000000025,-11.250000000000025,0.5859418578171399,0.15,0,out_of_energy,0,0,1,0,105,6,0,0,0,51,0.041212840502632846,0.11831733411849751,0.0,0.0,0.99,8,exponential
q_learning,sparse_seed3,sparse,3,4a77b6e251,268,225,-11.250000000000025,-11.250000000000025,0.5847699741015057,0.15,0,out_of_energy,0,0,1,0,100,22,0,0,0,51,0.04201168888059695,0.10945087053480745,0.0,0.0,0.99,8,exponential
q_learning,sparse_seed3,sparse,3,4a77b6e251,269,225,-11.250000000000025,-11.250000000000025,0.5836004341533026,0.15,0,out_of_energy,0,0,1,0,96,3,0,0,0,42,0.04363615412936022,0.14598688828233433,0.0,0.0,0.99,8,exponential
q_learning,sparse_seed3,sparse,3,4a77b6e251,270,225,-11.250000000000025,-11.250000000000025,0.5824332332849961,0.15,0,out_of_energy,0,0,1,0,98,17,0,0,0,43,0.041458749750373634,0.09933323987420978,0.0,0.0,0.99,8,exponential
q_learning,sparse_seed3,sparse,3,4a77b6e251,271,225,-11.250000000000025,-11.250000000000025,0.5812683668184261,0.15,0,out_of_energy,0,0,1,0,93,10,0,0,0,53,0.0431139582084313,0.09617470674979392,0.0,0.0,0.99,8,exponential
q_learning,sparse_seed3,sparse,3,4a77b6e251,272,225,-11.250000000000025,-11.250000000000025,0.5801058300847892,0.15,0,out_of_energy,0,0,1,0,101,2,0,0,0,48,0.04235598376575,0.18162021381595414,0.0,0.0,0.99,8,exponential
q_learning,sparse_seed3,sparse,3,4a77b6e251,273,225,-11.250000000000025,-11.250000000000025,0.5789456184246197,0.15,0,out_of_energy,0,0,1,0,99,2,0,0,0,47,0.042407895871220284,0.12928899429554608,0.0,0.0,0.99,8,exponential
q_learning,sparse_seed3,sparse,3,4a77b6e251,274,225,-11.250000000000025,-11.250000000000025,0.5777877271877704,0.15,0,out_of_energy,0,0,1,0,106,35,0,0,0,45,0.04303587680133091,0.12620133624166052,0.0,0.0,0.99,8,exponential
q_learning,sparse_seed3,sparse,3,4a77b6e251,275,225,-11.250000000000025,-11.250000000000025,0.5766321517333949,0.15,0,out_of_energy,0,0,1,0,104,36,2,0,0,37,0.04185356317005179,0.12351065516279708,0.0,0.0,0.99,8,exponential
q_learning,sparse_seed3,sparse,3,4a77b6e251,276,225,-11.250000000000025,-11.250000000000025,0.5754788874299281,0.15,0,out_of_energy,0,0,1,0,112,20,0,0,0,43,0.04339254452544735,0.1504731254695436,0.0,0.0,0.99,8,exponential
q_learning,sparse_seed3,sparse,3,4a77b6e251,277,225,-11.250000000000025,-11.250000000000025,0.5743279296550683,0.15,0,out_of_energy,0,0,1,0,105,28,0,0,0,46,0.04309173035529044,0.08112262649946658,0.0,0.0,0.99,8,exponential
q_learning,sparse_seed3,sparse,3,4a77b6e251,278,225,-11.250000000000025,-11.250000000000025,0.5731792737957582,0.15,0,out_of_energy,0,0,1,0,98,3,0,0,0,35,0.04373344035533496,0.15555631998793612,0.0,0.0,0.99,8,exponential
q_learning,sparse_seed3,sparse,3,4a77b6e251,279,225,-11.250000000000025,-11.250000000000025,0.5720329152481667,0.15,0,out_of_energy,0,0,1,0,104,9,0,0,0,50,0.04114206160378648,0.06911344482238851,0.0,0.0,0.99,8,exponential
q_learning,sparse_seed3,sparse,3,4a77b6e251,280,225,-11.250000000000025,-11.250000000000025,0.5708888494176704,0.15,0,out_of_energy,0,0,1,0,87,22,0,0,0,50,0.04279334346761573,0.12885080731362886,0.0,0.0,0.99,8,exponential
q_learning,sparse_seed3,sparse,3,4a77b6e251,281,225,-11.250000000000025,-11.250000000000025,0.569747071718835,0.15,0,out_of_energy,0,0,1,0,97,7,0,0,0,47,0.041577072731199746,0.09698061566554253,0.0,0.0,0.99,8,exponential
q_learning,sparse_seed3,sparse,3,4a77b6e251,282,225,-11.250000000000025,-11.250000000000025,0.5686075775753973,0.15,0,out_of_energy,0,0,1,0,97,7,0,0,0,45,0.04323906759674308,0.13947091614021473,0.0,0.0,0.99,8,exponential
q_learning,sparse_seed3,sparse,3,4a77b6e251,283,225,-11.250000000000025,-11.250000000000025,0.5674703624202465,0.15,0,out_of_energy,0,0,1,0,96,12,0,0,0,42,0.04377504592421973,0.17943237529584327,0.0,0.0,0.99,8,exponential
q_learning,sparse_seed3,sparse,3,4a77b6e251,284,225,-11.250000000000025,-11.250000000000025,0.5663354216954061,0.15,0,out_of_energy,0,0,1,0,110,17,0,0,0,31,0.04324632912250637,0.12402945211813371,0.0,0.0,0.99,8,exponential
q_learning,sparse_seed3,sparse,3,4a77b6e251,285,225,-11.250000000000025,-11.250000000000025,0.5652027508520152,0.15,0,out_of_energy,0,0,1,0,121,3,0,0,0,38,0.04381670806902826,0.18247056682921128,0.0,0.0,0.99,8,exponential
q_learning,sparse_seed3,sparse,3,4a77b6e251,286,225,-11.250000000000025,-11.250000000000025,0.5640723453503111,0.15,0,out_of_energy,0,0,1,0,120,4,0,0,0,53,0.04248104578782865,0.1849082586251544,0.0,0.0,0.99,8,exponential
q_learning,sparse_seed3,sparse,3,4a77b6e251,287,225,-11.250000000000025,-11.250000000000025,0.5629442006596105,0.15,0,out_of_energy,0,0,1,0,111,9,0,0,0,47,0.04291824171786078,0.1426569735535634,0.0,0.0,0.99,8,exponential
q_learning,sparse_seed3,sparse,3,4a77b6e251,288,225,-11.250000000000025,-11.250000000000025,0.5618183122582913,0.15,0,out_of_energy,0,0,1,0,93,15,0,0,0,55,0.041846101778367645,0.1408212401372181,0.0,0.0,0.99,8,exponential
q_learning,sparse_seed3,sparse,3,4a77b6e251,289,225,-11.250000000000025,-11.250000000000025,0.5606946756337747,0.15,0,out_of_energy,0,0,1,0,107,12,0,0,0,44,0.04411493395295857,0.11744701154874077,0.0,0.0,0.99,8,exponential
q_learning,sparse_seed3,sparse,3,4a77b6e251,290,225,-11.250000000000025,-11.250000000000025,0.5595732862825071,0.15,0,out_of_energy,0,0,1,0,102,12,0,0,0,50,0.041108010224904255,0.09231661219188608,0.0,0.0,0.99,8,exponential
q_learning,sparse_seed3,sparse,3,4a77b6e251,291,225,-11.250000000000025,-11.250000000000025,0.5584541397099421,0.15,0,out_of_energy,0,0,1,0,99,5,0,0,0,47,0.04419884459349057,0.1336630091619686,0.0,0.0,0.99,8,exponential
q_learning,sparse_seed3,sparse,3,4a77b6e251,292,225,-11.250000000000025,-11.250000000000025,0.5573372314305222,0.15,0,out_of_energy,0,0,1,0,110,14,0,0,0,43,0.043438984039432735,0.12792045325782753,0.0,0.0,0.99,8,exponential
q_learning,sparse_seed3,sparse,3,4a77b6e251,293,225,-11.250000000000025,-11.250000000000025,0.5562225569676611,0.15,0,out_of_energy,0,0,1,0,102,2,0,0,0,36,0.044468174225302325,0.14268008454166006,0.0,0.0,0.99,8,exponential
q_learning,sparse_seed3,sparse,3,4a77b6e251,294,225,-11.250000000000025,-11.250000000000025,0.5551101118537257,0.15,0,out_of_energy,0,0,1,0,83,4,4,0,0,43,0.043948338534019755,0.22429867038844425,0.0,0.0,0.99,8,exponential
q_learning,sparse_seed3,sparse,3,4a77b6e251,295,225,-11.250000000000025,-11.250000000000025,0.5539998916300183,0.15,0,out_of_energy,0,0,1,0,94,15,0,0,0,53,0.04226216229745136,0.11764242389629101,0.0,0.0,0.99,8,exponential
q_learning,sparse_seed3,sparse,3,4a77b6e251,296,225,-11.250000000000025,-11.250000000000025,0.5528918918467582,0.15,0,out_of_energy,0,0,1,0,92,14,0,0,0,44,0.042844378729607745,0.1114210117863011,0.0,0.0,0.99,8,exponential
q_learning,sparse_seed3,sparse,3,4a77b6e251,297,225,-11.250000000000025,-11.250000000000025,0.5517861080630647,0.15,0,out_of_energy,0,0,1,0,106,7,0,0,0,52,0.044064198758351984,0.1288081082488217,0.0,0.0,0.99,8,exponential
q_learning,sparse_seed3,sparse,3,4a77b6e251,298,225,-11.250000000000025,-11.250000000000025,0.5506825358469386,0.15,0,out_of_energy,0,0,1,0,101,1,0,0,0,35,0.043379536223734444,0.12671719935078563,0.0,0.0,0.99,8,exponential
q_learning,sparse_seed3,sparse,3,4a77b6e251,299,225,-11.250000000000025,-11.250000000000025,0.5495811707752447,0.15,0,out_of_energy,0,0,1,0,104,4,0,0,0,48,0.042805863203286644,0.13709528614669603,0.0,0.0,0.99,8,exponential
q_learning,sparse_seed3,sparse,3,4a77b6e251,300,225,-11.250000000000025,-11.250000000000025,0.5484820084336942,0.15,0,out_of_energy,0,0,1,0,97,22,0,0,0,34,0.04248292405783408,0.1992465812717935,0.0,0.0,0.99,8,exponential
q_learning,sparse_seed3,sparse,3,4a77b6e251,301,225,-11.250000000000025,-11.250000000000025,0.5473850444168268,0.15,0,out_of_energy,0,0,1,0,105,20,0,0,0,44,0.04356260882064038,0.17177629234173997,0.0,0.0,0.99,8,exponential
q_learning,sparse_seed3,sparse,3,4a77b6e251,302,225,-11.250000000000025,-11.250000000000025,0.5462902743279932,0.15,0,out_of_energy,0,0,1,0,102,7,0,0,0,48,0.043085378966282735,0.1221309589348671,0.0,0.0,0.99,8,exponential
q_learning,sparse_seed3,sparse,3,4a77b6e251,303,225,-11.250000000000025,-11.250000000000025,0.5451976937793371,0.15,0,out_of_energy,0,0,1,0,109,14,0,0,0,38,0.04344412260434631,0.0939080847533514,0.0,0.0,0.99,8,exponential
q_learning,sparse_seed3,sparse,3,4a77b6e251,304,225,-11.250000000000025,-11.250000000000025,0.5441072983917784,0.15,0,out_of_energy,0,0,1,0,101,1,0,0,0,46,0.04377466128787566,0.18912177563848404,0.0,0.0,0.99,8,exponential
q_learning,sparse_seed3,sparse,3,4a77b6e251,305,225,-11.250000000000025,-11.250000000000025,0.5430190837949949,0.15,0,out_of_energy,0,0,1,0,106,16,0,0,0,50,0.043089131799449946,0.16396349652906494,0.0,0.0,0.99,8,exponential
q_learning,sparse_seed3,sparse,3,4a77b6e251,306,225,-11.250000000000025,-11.250000000000025,0.5419330456274049,0.15,0,out_of_energy,0,0,1,0,104,26,0,0,0,46,0.043083841795010284,0.153487179586073,0.0,0.0,0.99,8,exponential
q_learning,sparse_seed3,sparse,3,4a77b6e251,307,225,-11.250000000000025,-11.250000000000025,0.5408491795361501,0.15,0,out_of_energy,0,0,1,0,102,3,0,0,0,46,0.04231625793848948,0.21823045982962422,0.0,0.0,0.99,8,exponential
q_learning,sparse_seed3,sparse,3,4a77b6e251,308,225,-11.250000000000025,-11.250000000000025,0.5397674811770777,0.15,0,out_of_energy,0,0,1,0,92,19,0,0,0,52,0.04289685317089204,0.15902024623619007,0.0,0.0,0.99,8,exponential
q_learning,sparse_seed3,sparse,3,4a77b6e251,309,225,-11.250000000000025,-11.250000000000025,0.5386879462147236,0.15,0,out_of_energy,0,0,1,0,111,1,0,0,0,42,0.04250910553745593,0.17493124617276726,0.0,0.0,0.99,8,exponential
q_learning,sparse_seed3,sparse,3,4a77b6e251,310,225,-11.250000000000025,-11.250000000000025,0.5376105703222942,0.15,0,out_of_energy,0,0,1,0,111,16,0,0,0,50,0.04294172077180946,0.22068829558392827,0.0,0.0,0.99,8,exponential
q_learning,sparse_seed3,sparse,3,4a77b6e251,311,225,-11.250000000000025,-11.250000000000025,0.5365353491816496,0.15,0,out_of_energy,0,0,1,0,88,8,0,0,0,38,0.04259463590412816,0.16162107824376049,0.0,0.0,0.99,8,exponential
q_learning,sparse_seed3,sparse,3,4a77b6e251,312,225,-11.250000000000025,-11.250000000000025,0.5354622784832863,0.15,0,out_of_energy,0,0,1,0,110,10,0,0,0,43,0.042632995791676856,0.1567541262196973,0.0,0.0,0.99,8,exponential
q_learning,sparse_seed3,sparse,3,4a77b6e251,313,225,-11.250000000000025,-11.250000000000025,0.5343913539263198,0.15,0,out_of_energy,0,0,1,0,89,31,0,0,0,37,0.04211963665091651,0.20590645054096143,0.0,0.0,0.99,8,exponential
q_learning,sparse_seed3,sparse,3,4a77b6e251,314,225,-11.250000000000025,-11.250000000000025,0.5333225712184672,0.15,0,out_of_energy,0,0,1,0,103,5,0,0,0,46,0.04233705204155764,0.12889943329752407,0.0,0.0,0.99,8,exponential
q_learning,sparse_seed3,sparse,3,4a77b6e251,315,225,-11.250000000000025,-11.250000000000025,0.5322559260760302,0.15,0,out_of_energy,0,0,1,0,101,15,0,0,0,38,0.04379266076550638,0.1192845277347252,0.0,0.0,0.99,8,exponential
q_learning,sparse_seed3,sparse,3,4a77b6e251,316,225,-1.2499999999999891,-11.150000000000025,0.5311914142238782,0.15,0,out_of_energy,0,0,1,0,112,17,0,0,1,34,0.08859011638746483,9.95,0.0,0.0,0.99,8,exponential
q_learning,sparse_seed3,sparse,3,4a77b6e251,317,225,-11.250000000000025,-11.150000000000025,0.5301290313954304,0.15,0,out_of_energy,0,0,1,0,100,23,0,0,0,47,0.04320246978969798,0.18912813948787033,0.0,0.0,0.99,8,exponential
q_learning,sparse_seed3,sparse,3,4a77b6e251,318,225,-11.250000000000025,-11.150000000000025,0.5290687733326396,0.15,0,out_of_energy,0,0,1,0,96,46,0,0,0,43,0.042537618922539766,0.22082122835889817,0.0,0.0,0.99,8,exponential
q_learning,sparse_seed3,sparse,3,4a77b6e251,319,225,-11.250000000000025,-11.150000000000025,0.5280106357859743,0.15,0,out_of_energy,0,0,1,0,107,12,2,0,0,48,0.045041981125773546,0.16711458054982264,0.0,0.0,0.99,8,exponential
q_learning,sparse_seed3,sparse,3,4a77b6e251,320,225,-11.250000000000025,-11.150000000000023,0.5269546145144024,0.15,0,out_of_energy,0,0,1,0,105,22,1,0,0,47,0.04347681560724648,0.16715406841221137,0.0,0.0,0.99,8,exponential
q_learning,sparse_seed3,sparse,3,4a77b6e251,321,225,-11.250000000000025,-11.150000000000023,0.5259007052853736,0.15,0,out_of_energy,0,0,1,0,101,5,0,0,0,56,0.04237992830642716,0.12645181184860374,0.0,0.0,0.99,8,exponential
q_learning,sparse_seed3,sparse,3,4a77b6e251,322,225,-11.250000000000025,-11.150000000000023,0.5248489038748029,0.15,0,out_of_energy,0,0,1,0,86,23,1,0,0,44,0.043495225161701304,0.1018282788973495,0.0,0.0,0.99,8,exponential
q_learning,sparse_seed3,sparse,3,4a77b6e251,323,225,-11.250000000000025,-11.150000000000023,0.5237992060670532,0.15,0,out_of_energy,0,0,1,0,101,11,8,0,0,40,0.043366447662946554,0.15565156871990501,0.0,0.0,0.99,8,exponential
q_learning,sparse_seed3,sparse,3,4a77b6e251,324,225,-11.250000000000025,-11.150000000000023,0.5227516076549191,0.15,0,out_of_energy,0,0,1,0,78,10,0,0,0,45,0.04263911386876396,0.19345016179209562,0.0,0.0,0.99,8,exponential
q_learning,sparse_seed3,sparse,3,4a77b6e251,325,225,-11.250000000000025,-11.150000000000023,0.5217061044396093,0.15,0,out_of_energy,0,0,1,0,85,41,3,0,0,45,0.04347222671791441,0.11533611066638608,0.0,0.0,0.99,8,exponential
q_learning,sparse_seed3,sparse,3,4a77b6e251,326,225,-11.250000000000025,-11.150000000000023,0.52066269223073,0.15,0,out_of_energy,0,0,1,0,110,23,3,0,0,49,0.0427662088111103,0.11355868589669156,0.0,0.0,0.99,8,exponential
q_learning,sparse_seed3,sparse,3,4a77b6e251,327,225,-11.250000000000025,-11.150000000000023,0.5196213668462686,0.15,0,out_of_energy,0,0,1,0,94,17,0,0,0,47,0.0432728378957709,0.20840939140765302,0.0,0.0,0.99,8,exponential
q_learning,sparse_seed3,sparse,3,4a77b6e251,328,225,-11.250000000000025,-11.150000000000023,0.5185821241125761,0.15,0,out_of_energy,0,0,1,0,90,8,0,0,0,52,0.04212094913671382,0.1478383639291758,0.0,0.0,0.99,8,exponential
q_learning,sparse_seed3,sparse,3,4a77b6e251,329,225,-11.250000000000025,-11.150000000000023,0.5175449598643509,0.15,0,out_of_energy,0,0,1,0,99,1,0,0,0,57,0.04363270843566092,0.12291436832889899,0.0,0.0,0.99,8,exponential
q_learning,sparse_seed3,sparse,3,4a77b6e251,330,225,-11.250000000000025,-11.150000000000023,0.5165098699446222,0.15,0,out_of_energy,0,0,1,0,111,1,0,0,0,47,0.043562527411246124,0.17083081914833775,0.0,0.0,0.99,8,exponential
q_learning,sparse_seed3,sparse,3,4a77b6e251,331,225,-11.250000000000025,-11.150000000000023,0.515476850204733,0.15,0,out_of_energy,0,0,1,0,110,40,0,0,0,54,0.04370648399500778,0.17121764856198707,0.0,0.0,0.99,8,exponential
q_learning,sparse_seed3,sparse,3,4a77b6e251,332,225,-11.250000000000025,-11.150000000000023,0.5144458965043235,0.15,0,out_of_energy,0,0,1,0,96,17,1,0,0,50,0.04437060129116604,0.21562015636533974,0.0,0.0,0.99,8,exponential
q_learning,sparse_seed3,sparse,3,4a77b6e251,333,225,-11.250000000000025,-11.150000000000023,0.5134170047113148,0.15,0,out_of_energy,0,0,1,0,96,20,0,0,0,47,0.04254890362461482,0.13451907790699102,0.0,0.0,0.99,8,exponential
q_learning,sparse_seed3,sparse,3,4a77b6e251,334,225,-11.250000000000025,-11.150000000000023,0.5123901707018922,0.15,0,out_of_energy,0,0,1,0,93,17,3,0,0,52,0.04319401667172158,0.200582664082812,0.0,0.0,0.99,8,exponential
q_learning,sparse_seed3,sparse,3,4a77b6e251,335,225,-11.250000000000025,-11.150000000000023,0.5113653903604884,0.15,0,out_of_energy,0,0,1,0,108,21,0,0,0,37,0.044279967962465895,0.14327107201771994,0.0,0.0,0.99,8,exponential
q_learning,sparse_seed3,sparse,3,4a77b6e251,336,225,-11.250000000000025,-11.150000000000023,0.5103426595797674,0.15,0,out_of_energy,0,0,1,0,102,10,0,0,0,51,0.0424770097410643,0.21110094190765027,0.0,0.0,0.99,8,exponential
q_learning,sparse_seed3,sparse,3,4a77b6e251,337,225,-11.250000000000025,-11.150000000000023,0.5093219742606079,0.15,0,out_of_energy,0,0,1,0,103,24,0,0,0,50,0.04279027118844325,0.13211022541270037,0.0,0.0,0.99,8,exponential
q_learning,sparse_seed3,sparse,3,4a77b6e251,338,225,-11.250000000000025,-11.150000000000023,0.5083033303120866,0.15,0,out_of_energy,0,0,1,0,89,10,4,0,0,44,0.043130693080254426,0.11414473179269499,0.0,0.0,0.99,8,exponential
q_learning,sparse_seed3,sparse,3,4a77b6e251,339,225,-11.250000000000025,-11.150000000000023,0.5072867236514624,0.15,0,out_of_energy,0,0,1,0,97,17,0,0,0,45,0.04283444886583001,0.22930594795285622,0.0,0.0,0.99,8,exponential
q_learning,sparse_seed3,sparse,3,4a77b6e251,340,225,-11.250000000000025,-11.150000000000023,0.5062721502041595,0.15,0,out_of_energy,0,0,1,0,86,4,0,0,0,43,0.04350905911630681,0.18417322080682802,0.0,0.0,0.99,8,exponential
q_learning,sparse_seed3,sparse,3,4a77b6e251,341,225,-11.250000000000025,-11.150000000000023,0.5052596059037512,0.15,0,out_of_energy,0,0,1,0,95,35,0,0,0,37,0.04241858791153253,0.21332361036220143,0.0,0.0,0.99,8,exponential
q_learning,sparse_seed3,sparse,3,4a77b6e251,342,225,-11.250000000000025,-11.150000000000023,0.5042490866919437,0.15,0,out_of_energy,0,0,1,0,82,12,0,0,0,49,0.043606168241262185,0.2157188653551325,0.0,0.0,0.99,8,exponential
q_learning,sparse_seed3,sparse,3,4a77b6e251,343,225,-11.250000000000025,-11.150000000000023,0.5032405885185598,0.15,0,out_of_energy,0,0,1,0,97,14,0,0,0,46,0.044896535559355515,0.10581319534119492,0.0,0.0,0.99,8,exponential
q_learning,sparse_seed3,sparse,3,4a77b6e251,344,225,-11.250000000000025,-11.150000000000023,0.5022341073415226,0.15,0,out_of_energy,0,0,1,0,81,32,0,0,0,48,0.04359706118162047,0.1470691021250745,0.0,0.0,0.99,8,exponential
q_learning,sparse_seed3,sparse,3,4a77b6e251,345,225,-11.250000000000025,-11.150000000000023,0.5012296391268396,0.15,0,out_of_energy,0,0,1,0,90,16,0,0,0,51,0.043233898645194974,0.1869436129488264,0.0,0.0,0.99,8,exponential
q_learning,sparse_seed3,sparse,3,4a77b6e251,346,225,-11.250000000000025,-11.150000000000023,0.5002271798485859,0.15,0,out_of_energy,0,0,1,0,88,4,1,0,0,39,0.04260634849917494,0.10599757737848428,0.0,0.0,0.99,8,exponential
q_learning,sparse_seed3,sparse,3,4a77b6e251,347,225,-11.250000000000025,-11.150000000000023,0.4992267254888887,0.15,0,out_of_energy,0,0,1,0,91,24,0,0,0,36,0.043100296861097245,0.09266126142588907,0.0,0.0,0.99,8,exponential
q_learning,sparse_seed3,sparse,3,4a77b6e251,348,225,-11.250000000000025,-11.150000000000023,0.4982282720379109,0.15,0,out_of_energy,0,0,1,0,104,5,0,0,0,40,0.041708902042958775,0.12336078594595604,0.0,0.0,0.99,8,exponential
q_learning,sparse_seed3,sparse,3,4a77b6e251,349,225,-11.250000000000025,-11.150000000000023,0.4972318154938351,0.15,0,out_of_energy,0,0,1,0,84,2,3,0,0,40,0.04284754874089291,0.08466045852733788,0.0,0.0,0.99,8,exponential
q_learning,sparse_seed3,sparse,3,4a77b6e251,350,225,-11.250000000000025,-11.150000000000023,0.49623735186284745,0.15,0,out_of_energy,0,0,1,0,88,12,0,0,0,45,0.04441877233120991,0.1607846391431672,0.0,0.0,0.99,8,exponential
q_learning,sparse_seed3,sparse,3,4a77b6e251,351,225,-11.250000000000025,-11.150000000000023,0.49524487715912174,0.15,0,out_of_energy,0,0,1,0,96,23,0,0,0,46,0.04482211115861337,0.21449202990843638,0.0,0.0,0.99,8,exponential
q_learning,sparse_seed3,sparse,3,4a77b6e251,352,225,-11.250000000000025,-11.150000000000023,0.4942543874048035,0.15,0,out_of_energy,0,0,1,0,99,10,0,0,0,51,0.043063248242285114,0.1050191098379783,0.0,0.0,0.99,8,exponential
q_learning,sparse_seed3,sparse,3,4a77b6e251,353,225,-11.250000000000025,-11.150000000000023,0.4932658786299939,0.15,0,out_of_energy,0,0,1,0,100,16,0,0,0,42,0.04370048059884798,0.1597937013332109,0.0,0.0,0.99,8,exponential
q_learning,sparse_seed3,sparse,3,4a77b6e251,354,225,-11.250000000000025,-11.150000000000023,0.4922793468727339,0.15,0,out_of_energy,0,0,1,0,101,20,0,0,0,46,0.04388754001958867,0.24519279358063426,0.0,0.0,0.99,8,exponential
q_learning,sparse_seed3,sparse,3,4a77b6e251,355,225,-11.250000000000025,-11.150000000000023,0.4912947881789884,0.15,0,out_of_energy,0,0,1,0,107,24,1,0,0,40,0.04262503764817282,0.09079254663077396,0.0,0.0,0.99,8,exponential
q_learning,sparse_seed3,sparse,3,4a77b6e251,356,225,-11.250000000000025,-11.150000000000023,0.4903121986026304,0.15,0,out_of_energy,0,0,1,0,100,12,0,0,0,56,0.04347799611042898,0.08434094396468063,0.0,0.0,0.99,8,exponential
q_learning,sparse_seed3,sparse,3,4a77b6e251,357,225,-11.250000000000025,-11.150000000000023,0.48933157420542517,0.15,0,out_of_energy,0,0,1,0,101,6,0,0,0,38,0.04271785870262619,0.10852909471954635,0.0,0.0,0.99,8,exponential
q_learning,sparse_seed3,sparse,3,4a77b6e251,358,225,-11.250000000000025,-11.150000000000023,0.48835291105701434,0.15,0,out_of_energy,0,0,1,0,99,24,0,0,0,41,0.043980251165940544,0.12089833311497769,0.0,0.0,0.99,8,exponential
q_learning,sparse_seed3,sparse,3,4a77b6e251,359,225,-11.250000000000025,-11.150000000000023,0.48737620523490033,0.15,0,out_of_energy,0,0,1,0,90,3,0,0,0,43,0.04519710747864371,0.18410518143938767,0.0,0.0,0.99,8,exponential
q_learning,sparse_seed3,sparse,3,4a77b6e251,360,225,-11.250000000000025,-11.150000000000023,0.48640145282443054,0.15,0,out_of_energy,0,0,1,0,111,47,0,0,0,51,0.04389350043472048,0.1762520545749296,0.0,0.0,0.99,8,exponential
q_learning,sparse_seed3,sparse,3,4a77b6e251,361,225,-11.250000000000025,-11.150000000000023,0.48542864991878165,0.15,0,out_of_energy,0,0,1,0,95,24,0,0,0,52,0.04420013190014804,0.1746933041081685,0.0,0.0,0.99,8,exponential
q_learning,sparse_seed3,sparse,3,4a77b6e251,362,225,-11.250000000000025,-11.150000000000023,0.48445779261894406,0.15,0,out_of_energy,0,0,1,0,92,30,0,0,0,41,0.04428590127558739,0.14751745288276527,0.0,0.0,0.99,8,exponential
q_learning,sparse_seed3,sparse,3,4a77b6e251,363,225,-11.250000000000025,-11.150000000000023,0.4834888770337062,0.15,0,out_of_energy,0,0,1,0,96,7,0,0,0,52,0.044027518387778,0.22625667857420612,0.0,0.0,0.99,8,exponential
q_learning,sparse_seed3,sparse,3,4a77b6e251,364,225,-11.250000000000025,-11.150000000000023,0.4825218992796388,0.15,0,out_of_energy,0,0,1,0,94,18,1,0,0,42,0.0428380579290525,0.16195884610638767,0.0,0.0,0.99,8,exponential
q_learning,sparse_seed3,sparse,3,4a77b6e251,365,225,-11.250000000000025,-11.150000000000023,0.4815568554810795,0.15,0,out_of_energy,0,0,1,0,94,12,0,0,0,39,0.04425198486938132,0.24421340142562936,0.0,0.0,0.99,8,exponential
q_learning,sparse_seed3,sparse,3,4a77b6e251,366,225,-11.250000000000025,-11.150000000000023,0.4805937417701174,0.15,0,out_of_energy,0,0,1,0,107,35,4,0,0,48,0.04438657399605683,0.12383582143692658,0.0,0.0,0.99,8,exponential
q_learning,sparse_seed3,sparse,3,4a77b6e251,367,225,-11.250000000000025,-11.150000000000023,0.47963255428657714,0.15,0,out_of_energy,0,0,1,0,94,6,0,0,0,45,0.04377155092400236,0.22617321910138427,0.0,0.0,0.99,8,exponential
q_learning,sparse_seed3,sparse,3,4a77b6e251,368,225,-11.250000000000025,-11.150000000000023,0.478673289178004,0.15,0,out_of_energy,0,0,1,0,87,8,0,0,0,49,0.04319325319419984,0.10400128802854777,0.0,0.0,0.99,8,exponential
q_learning,sparse_seed3,sparse,3,4a77b6e251,369,225,-11.250000000000025,-11.150000000000023,0.477715942599648,0.15,0,out_of_energy,0,0,1,0,104,1,0,0,0,44,0.04350857881209958,0.21209613292749305,0.0,0.0,0.99,8,exponential
q_learning,sparse_seed3,sparse,3,4a77b6e251,370,225,-11.250000000000025,-11.150000000000023,0.4767605107144487,0.15,0,out_of_energy,0,0,1,0,108,3,0,0,0,40,0.04456263182757108,0.16932894166056145,0.0,0.0,0.99,8,exponential
q_learning,sparse_seed3,sparse,3,4a77b6e251,371,225,-11.250000000000025,-11.150000000000023,0.4758069896930198,0.15,0,out_of_energy,0,0,1,0,94,13,0,0,0,48,0.042382398403561325,0.2535732381711603,0.0,0.0,0.99,8,exponential
q_learning,sparse_seed3,sparse,3,4a77b6e251,372,225,-11.250000000000025,-11.150000000000023,0.4748553757136338,0.15,0,out_of_energy,0,0,1,0,85,20,2,0,0,48,0.043187844660942304,0.22165224353998417,0.0,0.0,0.99,8,exponential
q_learning,sparse_seed3,sparse,3,4a77b6e251,373,225,-11.250000000000025,-11.150000000000023,0.47390566496220654,0.15,0,out_of_energy,0,0,1,0,89,15,0,0,0,46,0.04349142993821639,0.15343949989768527,0.0,0.0,0.99,8,exponential
q_learning,sparse_seed3,sparse,3,4a77b6e251,374,225,-11.250000000000025,-11.150000000000023,0.47295785363228215,0.15,0,out_of_energy,0,0,1,0,109,9,0,0,0,46,0.044363654469720855,0.14133211820470257,0.0,0.0,0.99,8,exponential
q_learning,sparse_seed3,sparse,3,4a77b6e251,375,225,-11.250000000000025,-11.150000000000023,0.4720119379250176,0.15,0,out_of_energy,0,0,1,0,99,18,0,0,0,52,0.04467120857848021,0.12706570980266751,0.0,0.0,0.99,8,exponential
q_learning,sparse_seed3,sparse,3,4a77b6e251,376,225,-11.250000000000025,-11.150000000000023,0.4710679140491676,0.15,0,out_of_energy,0,0,1,0,99,3,0,0,0,41,0.04302275761633977,0.10784837915005312,0.0,0.0,0.99,8,exponential
q_learning,sparse_seed3,sparse,3,4a77b6e251,377,225,-11.250000000000025,-11.150000000000023,0.47012577822106927,0.15,0,out_of_energy,0,0,1,0,97,26,0,0,0,44,0.043971005311861724,0.1984835021065004,0.0,0.0,0.99,8,exponential
q_learning,sparse_seed3,sparse,3,4a77b6e251,378,225,-11.250000000000025,-11.150000000000023,0.46918552666462715,0.15,0,out_of_energy,0,0,1,0,95,17,3,0,0,41,0.043142540953320166,0.24575324383808034,0.0,0.0,0.99,8,exponential
q_learning,sparse_seed3,sparse,3,4a77b6e251,379,225,-11.250000000000025,-11.150000000000023,0.46824715561129787,0.15,0,out_of_energy,0,0,1,0,104,12,0,0,0,38,0.04392555557336198,0.15950805139939633,0.0,0.0,0.99,8,exponential
q_learning,sparse_seed3,sparse,3,4a77b6e251,380,225,-11.250000000000025,-11.150000000000023,0.46731066130007526,0.15,0,out_of_energy,0,0,1,0,102,7,0,0,0,46,0.043218908146325404,0.2304730837403911,0.0,0.0,0.99,8,exponential
q_learning,sparse_seed3,sparse,3,4a77b6e251,381,225,-11.250000000000025,-11.150000000000023,0.4663760399774751,0.15,0,out_of_energy,0,0,1,0,92,9,2,0,0,51,0.04325152601079871,0.20398829586820813,0.0,0.0,0.99,8,exponential
q_learning,sparse_seed3,sparse,3,4a77b6e251,382,225,-11.250000000000025,-11.150000000000023,0.46544328789752015,0.15,0,out_of_energy,0,0,1,0,89,1,0,0,0,43,0.04505617408596437,0.24441029698128047,0.0,0.0,0.99,8,exponential
q_learning,sparse_seed3,sparse,3,4a77b6e251,383,225,-1.2500000000000162,-11.050000000000022,0.4645124013217251,0.15,0,out_of_energy,0,0,1,0,99,9,0,0,1,49,0.08735907790309697,9.950075,0.0,0.0,0.99,8,exponential
q_learning,sparse_seed3,sparse,3,4a77b6e251,384,225,-11.250000000000025,-11.050000000000022,0.46358337651908166,0.15,0,out_of_energy,0,0,1,0,84,13,0,0,0,54,0.044624477843481725,0.2419182913333818,0.0,0.0,0.99,8,exponential
q_learning,sparse_seed3,sparse,3,4a77b6e251,385,225,-11.250000000000025,-11.050000000000022,0.4626562097660435,0.15,0,out_of_energy,0,0,1,0,98,23,0,0,0,40,0.04356365212924612,0.08557692411976374,0.0,0.0,0.99,8,exponential
q_learning,sparse_seed3,sparse,3,4a77b6e251,386,225,-11.250000000000025,-11.050000000000022,0.4617308973465114,0.15,0,out_of_energy,0,0,1,0,109,14,0,0,0,38,0.04363825232357682,0.18351545149326853,0.0,0.0,0.99,8,exponential
q_learning,sparse_seed3,sparse,3,4a77b6e251,387,225,-11.250000000000025,-11.050000000000022,0.46080743555181836,0.15,0,out_of_energy,0,0,1,0,95,11,0,0,0,48,0.044564705764359745,0.15427659023810913,0.0,0.0,0.99,8,exponential
q_learning,sparse_seed3,sparse,3,4a77b6e251,388,225,-11.250000000000025,-11.050000000000022,0.4598858206807147,0.15,0,out_of_energy,0,0,1,0,95,13,2,0,0,44,0.0437459600619116,0.13744478741523822,0.0,0.0,0.99,8,exponential
q_learning,sparse_seed3,sparse,3,4a77b6e251,389,225,-11.250000000000025,-11.050000000000022,0.4589660490393533,0.15,0,out_of_energy,0,0,1,0,108,15,0,0,0,42,0.044198589834443566,0.25078983460846344,0.0,0.0,0.99,8,exponential
q_learning,sparse_seed3,sparse,3,4a77b6e251,390,225,-11.250000000000025,-11.050000000000022,0.45804811694127456,0.15,0,out_of_energy,0,0,1,0,89,13,0,0,0,37,0.04367684534099392,0.2364068919461615,0.0,0.0,0.99,8,exponential
q_learning,sparse_seed3,sparse,3,4a77b6e251,391,225,-11.250000000000025,-11.050000000000022,0.457132020707392,0.15,0,out_of_energy,0,0,1,0,98,35,0,0,0,40,0.04497961292142534,0.27897658863876873,0.0,0.0,0.99,8,exponential
q_learning,sparse_seed3,sparse,3,4a77b6e251,392,225,-11.250000000000025,-11.050000000000022,0.45621775666597725,0.15,0,out_of_energy,0,0,1,0,90,3,1,0,0,46,0.04452225103649861,0.28002917086304097,0.0,0.0,0.99,8,exponential
q_learning,sparse_seed3,sparse,3,4a77b6e251,393,225,-11.250000000000025,-11.050000000000022,0.45530532115264527,0.15,0,out_of_energy,0,0,1,0,103,10,0,0,0,54,0.04369066639003047,0.1165974071292912,0.0,0.0,0.99,8,exponential
q_learning,sparse_seed3,sparse,3,4a77b6e251,394,225,-11.250000000000025,-11.050000000000022,0.45439471051033997,0.15,0,out_of_energy,0,0,1,0,101,24,0,0,0,40,0.04441430950889971,0.27839158449527013,0.0,0.0,0.99,8,exponential
q_learning,sparse_seed3,sparse,3,4a77b6e251,395,225,-11.250000000000025,-11.050000000000022,0.4534859210893193,0.15,0,out_of_energy,0,0,1,0,99,8,0,0,0,42,0.04346713593381783,0.25974992139000747,0.0,0.0,0.99,8,exponential
q_learning,sparse_seed3,sparse,3,4a77b6e251,396,225,-11.250000000000025,-11.050000000000022,0.45257894924714065,0.15,0,out_of_energy,0,0,1,0,93,14,2,0,0,48,0.04370929017052682,0.10130778869644841,0.0,0.0,0.99,8,exponential
q_learning,sparse_seed3,sparse,3,4a77b6e251,397,225,-11.250000000000025,-11.050000000000022,0.4516737913486464,0.15,0,out_of_energy,0,0,1,0,104,2,0,0,0,38,0.044014446184189655,0.09398047404166104,0.0,0.0,0.99,8,exponential
q_learning,sparse_seed3,sparse,3,4a77b6e251,398,225,-11.250000000000025,-11.050000000000022,0.4507704437659491,0.15,0,out_of_energy,0,0,1,0,119,38,0,0,0,47,0.04351943366924019,0.1521762489941439,0.0,0.0,0.99,8,exponential
q_learning,sparse_seed3,sparse,3,4a77b6e251,399,225,-11.250000000000025,-11.050000000000022,0.4498689028784172,0.15,0,out_of_energy,0,0,1,0,103,21,0,0,0,61,0.043950703134615896,0.10470674630940578,0.0,0.0,0.99,8,exponential
q_learning,sparse_seed3,sparse,3,4a77b6e251,400,225,-11.250000000000025,-11.050000000000022,0.4489691650726603,0.15,0,out_of_energy,0,0,1,0,96,15,0,0,0,41,0.043222139108096524,0.11424480810964865,0.0,0.0,0.99,8,exponential
q_learning,sparse_seed3,sparse,3,4a77b6e251,401,225,-11.250000000000025,-11.050000000000022,0.448071226742515,0.15,0,out_of_energy,0,0,1,0,100,9,1,0,0,34,0.04470108809131913,0.1332217616528681,0.0,0.0,0.99,8,exponential
q_learning,sparse_seed3,sparse,3,4a77b6e251,402,225,-11.250000000000025,-11.050000000000022,0.44717508428902997,0.15,0,out_of_energy,0,0,1,0,92,25,0,0,0,42,0.04441573022095794,0.1223940570203246,0.0,0.0,0.99,8,exponential
q_learning,sparse_seed3,sparse,3,4a77b6e251,403,225,-11.250000000000025,-11.050000000000022,0.4462807341204519,0.15,0,out_of_energy,0,0,1,0,104,22,0,0,0,42,0.04374410042461175,0.12421830290986802,0.0,0.0,0.99,8,exponential
q_learning,sparse_seed3,sparse,3,4a77b6e251,404,225,-11.250000000000025,-11.050000000000022,0.445388172652211,0.15,0,out_of_energy,0,0,1,0,103,4,0,0,0,49,0.04472653987266788,0.1497615825286724,0.0,0.0,0.99,8,exponential
q_learning,sparse_seed3,sparse,3,4a77b6e251,405,225,-11.250000000000025,-11.050000000000022,0.44449739630690654,0.15,0,out_of_energy,0,0,1,0,95,1,0,0,0,45,0.04377152473655296,0.09041664270643793,0.0,0.0,0.99,8,exponential
q_learning,sparse_seed3,sparse,3,4a77b6e251,406,225,-11.250000000000025,-11.050000000000022,0.4436084015142927,0.15,0,out_of_energy,0,0,1,0,106,4,0,0,0,48,0.04418040735128201,0.20289489065678393,0.0,0.0,0.99,8,exponential
q_learning,sparse_seed3,sparse,3,4a77b6e251,407,225,-11.250000000000025,-11.050000000000022,0.4427211847112641,0.15,0,out_of_energy,0,0,1,0,97,26,1,0,0,48,0.04363627733826635,0.2559345378433096,0.0,0.0,0.99,8,exponential
q_learning,sparse_seed3,sparse,3,4a77b6e251,408,225,-11.250000000000025,-11.050000000000022,0.4418357423418416,0.15,0,out_of_energy,0,0,1,0,110,26,0,0,0,37,0.04356765210937294,0.2539456523280764,0.0,0.0,0.99,8,exponential
q_learning,sparse_seed3,sparse,3,4a77b6e251,409,225,-11.250000000000025,-11.050000000000022,0.44095207085715793,0.15,0,out_of_energy,0,0,1,0,95,22,5,0,0,42,0.04476215286885177,0.22245997711771423,0.0,0.0,0.99,8,exponential
q_learning,sparse_seed3,sparse,3,4a77b6e251,410,225,-11.250000000000025,-11.050000000000022,0.44007016671544363,0.15,0,out_of_energy,0,0,1,0,92,14,3,0,0,50,0.04528655464917449,0.3115619227191468,0.0,0.0,0.99,8,exponential
q_learning,sparse_seed3,sparse,3,4a77b6e251,411,225,-11.250000000000025,-11.050000000000022,0.43919002638201277,0.15,0,out_of_energy,0,0,1,0,87,18,1,0,0,41,0.04421994757471383,0.2575001776834809,0.0,0.0,0.99,8,exponential
q_learning,sparse_seed3,sparse,3,4a77b6e251,412,225,-1.2500000000000049,-10.950000000000022,0.43831164632924874,0.15,0,out_of_energy,0,0,1,0,107,4,0,0,1,39,0.09273425409531044,8.4523998875,0.0,0.0,0.99,8,exponential
q_learning,sparse_seed3,sparse,3,4a77b6e251,413,225,-11.250000000000025,-10.950000000000022,0.43743502303659026,0.15,0,out_of_energy,0,0,1,0,89,30,0,0,0,47,0.04326404701173239,0.20016771822180832,0.0,0.0,0.99,8,exponential
q_learning,sparse_seed3,sparse,3,4a77b6e251,414,225,-11.250000000000025,-10.950000000000022,0.4365601529905171,0.15,0,out_of_energy,0,0,1,0,85,11,3,0,0,44,0.044231427750772996,0.12064777538398883,0.0,0.0,0.99,8,exponential
q_learning,sparse_seed3,sparse,3,4a77b6e251,415,225,-11.250000000000025,-10.950000000000022,0.43568703268453607,0.15,0,out_of_energy,0,0,1,0,83,7,0,0,0,46,0.04435062929038801,0.22774599385145675,0.0,0.0,0.99,8,exponential
q_learning,sparse_seed3,sparse,3,4a77b6e251,416,225,-11.250000000000025,-11.050000000000026,0.434815658619167,0.15,0,out_of_energy,0,0,1,0,105,24,1,0,0,45,0.042891259579472964,0.10440733284005489,0.0,0.0,0.99,8,exponential
q_learning,sparse_seed3,sparse,3,4a77b6e251,417,225,-11.250000000000025,-11.050000000000026,0.43394602730192866,0.15,0,out_of_energy,0,0,1,0,111,2,0,0,0,39,0.04430943628755142,0.24426341133575408,0.0,0.0,0.99,8,exponential
q_learning,sparse_seed3,sparse,3,4a77b6e251,418,225,-11.250000000000025,-11.050000000000026,0.4330781352473248,0.15,0,out_of_energy,0,0,1,0,97,10,0,0,0,47,0.04366652530179403,0.13917455837128323,0.0,0.0,0.99,8,exponential
q_learning,sparse_seed3,sparse,3,4a77b6e251,419,225,-11.250000000000025,-11.050000000000026,0.43221197897683017,0.15,0,out_of_energy,0,0,1,0,106,17,2,0,0,49,0.044984315882733404,0.22061229826482054,0.0,0.0,0.99,8,exponential
q_learning,sparse_seed3,sparse,3,4a77b6e251,420,225,-11.250000000000025,-11.050000000000026,0.4313475550188765,0.15,0,out_of_energy,0,0,1,0,98,2,0,0,0,42,0.04456215810457405,0.21860616304093947,0.0,0.0,0.99,8,exponential
q_learning,sparse_seed3,sparse,3,4a77b6e251,421,225,-11.250000000000025,-11.050000000000026,0.4304848599088387,0.15,0,out_of_energy,0,0,1,0,111,12,0,0,0,44,0.043830575037777555,0.1232344809106263,0.0,0.0,0.99,8,exponential
q_learning,sparse_seed3,sparse,3,4a77b6e251,422,225,-11.250000000000025,-11.050000000000026,0.42962389018902103,0.15,0,out_of_energy,0,0,1,0,112,0,0,0,0,53,0.04424959362438598,0.11798086151801579,0.0,0.0,0.99,8,exponential
q_learning,sparse_seed3,sparse,3,4a77b6e251,423,225,-11.250000000000025,-11.050000000000026,0.428764642408643,0.15,0,out_of_energy,0,0,1,0,109,19,0,0,0,50,0.043754178192079045,0.125231864341389,0.0,0.0,0.99,8,exponential
q_learning,sparse_seed3,sparse,3,4a77b6e251,424,225,-11.250000000000025,-11.050000000000026,0.4279071131238257,0.15,0,out_of_energy,0,0,1,0,101,3,0,0,0,53,0.04346258816175075,0.14567502775693464,0.0,0.0,0.99,8,exponential
q_learning,sparse_seed3,sparse,3,4a77b6e251,425,225,-11.250000000000025,-11.050000000000026,0.42705129889757804,0.15,0,out_of_energy,0,0,1,0,109,3,0,0,0,33,0.044598024863359766,0.20690033326633078,0.0,0.0,0.99,8,exponential
q_learning,sparse_seed3,sparse,3,4a77b6e251,426,225,-11.250000000000025,-11.050000000000026,0.42619719629978287,0.15,0,out_of_energy,0,0,1,0,94,1,0,0,0,45,0.04509687282421548,0.172537573429006,0.0,0.0,0.99,8,exponential
q_learning,sparse_seed3,sparse,3,4a77b6e251,427,225,-11.250000000000025,-11.050000000000026,0.4253448019071833,0.15,0,out_of_energy,0,0,1,0,99,5,0,0,0,47,0.04315027291933293,0.1160555192357087,0.0,0.0,0.99,8,exponential
q_learning,sparse_seed3,sparse,3,4a77b6e251,428,225,-11.250000000000025,-11.050000000000026,0.424494112303369,0.15,0,out_of_energy,0,0,1,0,108,2,0,0,0,44,0.043657610369949015,0.12329830315911439,0.0,0.0,0.99,8,exponential
q_learning,sparse_seed3,sparse,3,4a77b6e251,429,225,-11.250000000000025,-11.050000000000026,0.42364512407876226,0.15,0,out_of_energy,0,0,1,0,86,10,1,0,0,33,0.04529759922104451,0.2413823459402121,0.0,0.0,0.99,8,exponential
q_learning,sparse_seed3,sparse,3,4a77b6e251,430,225,-11.250000000000025,-11.050000000000026,0.4227978338306047,0.15,0,out_of_energy,0,0,1,0,87,23,0,0,0,42,0.043685296149657965,0.10953351703984332,0.0,0.0,0.99,8,exponential
q_learning,sparse_seed3,sparse,3,4a77b6e251,431,225,-11.250000000000025,-11.050000000000026,0.42195223816294347,0.15,0,out_of_energy,0,0,1,0,110,42,1,0,0,48,0.045540806045851145,0.22117322371137865,0.0,0.0,0.99,8,exponential
q_learning,sparse_seed3,sparse,3,4a77b6e251,432,225,-11.250000000000025,-11.050000000000026,0.4211083336866176,0.15,0,out_of_energy,0,0,1,0,105,1,0,0,0,46,0.04425213967810571,0.17393865243662088,0.0,0.0,0.99,8,exponential
q_learning,sparse_seed3,sparse,3,4a77b6e251,433,225,-11.250000000000025,-11.050000000000026,0.4202661170192444,0.15,0,out_of_energy,0,0,1,0,103,5,0,0,0,38,0.04387675630475418,0.12595636370508978,0.0,0.0,0.99,8,exponential
q_learning,sparse_seed3,sparse,3,4a77b6e251,434,225,-11.250000000000025,-11.050000000000026,0.41942558478520586,0.15,0,out_of_energy,0,0,1,0,97,9,0,0,0,49,0.04497468703709566,0.21490279309604887,0.0,0.0,0.99,8,exponential
q_learning,sparse_seed3,sparse,3,4a77b6e251,435,225,-11.250000000000025,-11.050000000000026,0.4185867336156355,0.15,0,out_of_energy,0,0,1,0,108,1,0,0,0,50,0.04435082236635952,0.19246027747001254,0.0,0.0,0.99,8,exponential
q_learning,sparse_seed3,sparse,3,4a77b6e251,436,225,-11.250000000000025,-11.050000000000026,0.4177495601484042,0.15,0,out_of_energy,0,0,1,0,113,3,0,0,0,45,0.04333750580184116,0.08627259077620753,0.0,0.0,0.99,8,exponential
q_learning,sparse_seed3,sparse,3,4a77b6e251,437,225,-11.250000000000025,-11.050000000000026,0.4169140610281074,0.15,0,out_of_energy,0,0,1,0,95,13,0,0,0,53,0.04421197439703316,0.14317198660651792,0.0,0.0,0.99,8,exponential
q_learning,sparse_seed3,sparse,3,4a77b6e251,438,225,-11.250000000000025,-11.050000000000026,0.4160802329060512,0.15,0,out_of_energy,0,0,1,0,97,23,0,0,0,53,0.04476501060024505,0.2909092466477238,0.0,0.0,0.99,8,exponential
q_learning,sparse_seed3,sparse,3,4a77b6e251,439,225,-11.250000000000025,-11.050000000000026,0.4152480724402391,0.15,0,out_of_energy,0,0,1,0,112,8,0,0,0,41,0.04336893903608298,0.2485621609285593,0.0,0.0,0.99,8,exponential
q_learning,sparse_seed3,sparse,3,4a77b6e251,440,225,-11.250000000000025,-11.050000000000026,0.41441757629535864,0.15,0,out_of_energy,0,0,1,0,91,3,0,0,0,45,0.04512936047781712,0.18315789924424714,0.0,0.0,0.99,8,exponential
q_learning,sparse_seed3,sparse,3,4a77b6e251,441,225,-11.250000000000025,-11.050000000000026,0.4135887411427679,0.15,0,out_of_energy,0,0,1,0,96,6,4,0,0,51,0.044462332776469854,0.19642461788399274,0.0,0.0,0.99,8,exponential
q_learning,sparse_seed3,sparse,3,4a77b6e251,442,225,-11.250000000000025,-11.050000000000026,0.41276156366048233,0.15,0,out_of_energy,0,0,1,0,111,10,0,0,0,41,0.04524002479881751,0.14256344689080797,0.0,0.0,0.99,8,exponential
q_learning,sparse_seed3,sparse,3,4a77b6e251,443,225,-11.250000000000025,-11.050000000000026,0.41193604053316135,0.15,0,out_of_energy,0,0,1,0,115,2,0,0,0,43,0.044807431344063654,0.2457289648395614,0.0,0.0,0.99,8,exponential
q_learning,sparse_seed3,sparse,3,4a77b6e251,444,225,-11.250000000000025,-11.050000000000026,0.41111216845209503,0.15,0,out_of_energy,0,0,1,0,97,5,3,0,0,42,0.044340908542374935,0.19780519800516547,0.0,0.0,0.99,8,exponential
q_learning,sparse_seed3,sparse,3,4a77b6e251,445,225,-11.250000000000025,-11.050000000000026,0.4102899441151908,0.15,0,out_of_energy,0,0,1,0,100,11,0,0,0,48,0.0442194787007488,0.18179685362466394,0.0,0.0,0.99,8,exponential
q_learning,sparse_seed3,sparse,3,4a77b6e251,446,225,-11.250000000000025,-11.050000000000026,0.40946936422696045,0.15,0,out_of_energy,0,0,1,0,102,18,0,0,0,53,0.045269649377211854,0.1321397750172828,0.0,0.0,0.99,8,exponential
q_learning,sparse_seed3,sparse,3,4a77b6e251,447,225,-1.2499999999999891,-10.950000000000024,0.40865042549850655,0.15,0,out_of_energy,0,0,1,0,111,12,0,0,1,44,0.08701165214037059,7.196165836224687,0.0,0.0,0.99,8,exponential
q_learning,sparse_seed3,sparse,3,4a77b6e251,448,225,-11.250000000000025,-10.950000000000024,0.40783312464750954,0.15,0,out_of_energy,0,0,1,0,97,24,7,0,0,44,0.04476830947644004,0.16821756557211892,0.0,0.0,0.99,8,exponential
q_learning,sparse_seed3,sparse,3,4a77b6e251,449,225,-11.250000000000025,-10.950000000000024,0.4070174583982145,0.15,0,out_of_energy,0,0,1,0,119,9,0,0,0,50,0.04411464326751554,0.26349484299184656,0.0,0.0,0.99,8,exponential
q_learning,sparse_seed3,sparse,3,4a77b6e251,450,225,-11.250000000000025,-10.950000000000024,0.4062034234814181,0.15,0,out_of_energy,0,0,1,0,92,1,0,0,0,45,0.04415012287256139,0.23171306201941946,0.0,0.0,0.99,8,exponential
q_learning,sparse_seed3,sparse,3,4a77b6e251,451,225,-11.250000000000025,-10.950000000000024,0.40539101663445526,0.15,0,out_of_energy,0,0,1,0,110,6,0,0,0,39,0.043528541621558614,0.13793854250248982,0.0,0.0,0.99,8,exponential
q_learning,sparse_seed3,sparse,3,4a77b6e251,452,225,-11.250000000000025,-10.950000000000022,0.40458023460118636,0.15,0,out_of_energy,0,0,1,0,99,3,0,0,0,48,0.04376518606831878,0.21671755260896114,0.0,0.0,0.99,8,exponential
q_learning,sparse_seed3,sparse,3,4a77b6e251,453,225,-11.250000000000025,-10.950000000000022,0.403771074131984,0.15,0,out_of_energy,0,0,1,0,92,15,0,0,0,42,0.04302532359126592,0.17937632088682118,0.0,0.0,0.99,8,exponential
q_learning,sparse_seed3,sparse,3,4a77b6e251,454,225,-11.250000000000025,-10.950000000000022,0.40296353198372004,0.15,0,out_of_energy,0,0,1,0,111,4,0,0,0,40,0.044268650434550694,0.2402579486690975,0.0,0.0,0.99,8,exponential
q_learning,sparse_seed3,sparse,3,4a77b6e251,455,225,-11.250000000000025,-10.950000000000024,0.4021576049197526,0.15,0,out_of_energy,0,0,1,0,93,20,0,0,0,44,0.04358676510180596,0.24487661401044167,0.0,0.0,0.99,8,exponential
q_learning,sparse_seed3,sparse,3,4a77b6e251,456,225,-11.250000000000025,-10.950000000000022,0.40135328970991313,0.15,0,out_of_energy,0,0,1,0,108,19,0,0,0,41,0.044643133340438935,0.18943741378623016,0.0,0.0,0.99,8,exponential
q_learning,sparse_seed3,sparse,3,4a77b6e251,457,225,-1.2500000000000049,-10.850000000000023,0.4005505831304933,0.15,0,out_of_energy,0,0,1,0,107,27,0,0,1,59,0.08624016021761008,6.1104391776659845,0.0,0.0,0.99,8,exponential
q_learning,sparse_seed3,sparse,3,4a77b6e251,458,225,-11.250000000000025,-10.850000000000023,0.3997494819642323,0.15,0,out_of_energy,0,0,1,0,90,4,0,0,0,50,0.044252450847692804,0.20983370960565068,0.0,0.0,0.99,8,exponential
q_learning,sparse_seed3,sparse,3,4a77b6e251,459,225,-11.250000000000025,-10.850000000000025,0.3989499830003039,0.15,0,out_of_energy,0,0,1,0,113,18,0,0,0,44,0.04332002099986074,0.2544833667420141,0.0,0.0,0.99,8,exponential
q_learning,sparse_seed3,sparse,3,4a77b6e251,460,225,-11.250000000000025,-10.850000000000023,0.3981520830343033,0.15,0,out_of_energy,0,0,1,0,98,34,0,0,0,43,0.04400456758541122,0.21195304335603676,0.0,0.0,0.99,8,exponential
q_learning,sparse_seed3,sparse,3,4a77b6e251,461,225,-11.250000000000025,-10.850000000000025,0.39735577886823464,0.15,0,out_of_energy,0,0,1,0,98,32,0,0,0,41,0.043306833590664465,0.10717827780602572,0.0,0.0,0.99,8,exponential
q_learning,sparse_seed3,sparse,3,4a77b6e251,462,225,-11.250000000000025,-10.850000000000025,0.39656106731049817,0.15,0,out_of_energy,0,0,1,0,96,14,0,0,0,62,0.04430490226752051,0.1986269252786482,0.0,0.0,0.99,8,exponential
q_learning,sparse_seed3,sparse,3,4a77b6e251,463,225,-11.250000000000025,-10.850000000000025,0.39576794517587716,0.15,0,out_of_energy,0,0,1,0,107,3,0,0,0,46,0.043647865943370986,0.2250424411712614,0.0,0.0,0.99,8,exponential
q_learning,sparse_seed3,sparse,3,4a77b6e251,464,225,-11.250000000000025,-10.850000000000023,0.3949764092855254,0.15,0,out_of_energy,0,0,1,0,101,2,0,0,0,45,0.044067689171845566,0.23918332252578475,0.0,0.0,0.99,8,exponential
q_learning,sparse_seed3,sparse,3,4a77b6e251,465,225,-11.250000000000025,-10.850000000000025,0.3941864564669544,0.15,0,out_of_energy,0,0,1,0,111,6,0,0,0,40,0.044321632119722947,0.12084329429793537,0.0,0.0,0.99,8,exponential
q_learning,sparse_seed3,sparse,3,4a77b6e251,466,225,-11.250000000000025,-10.850000000000025,0.39339808355402045,0.15,0,out_of_energy,0,0,1,0,88,10,0,0,0,47,0.04453808465970812,0.23761827326848609,0.0,0.0,0.99,8,exponential
q_learning,sparse_seed3,sparse,3,4a77b6e251,467,225,-11.250000000000025,-10.850000000000025,0.3926112873869124,0.15,0,out_of_energy,0,0,1,0,91,15,0,0,0,40,0.04277160929230079,0.08522601538403309,0.0,0.0,0.99,8,exponential
q_learning,sparse_seed3,sparse,3,4a77b6e251,468,225,-11.250000000000025,-10.850000000000023,0.3918260648121386,0.15,0,out_of_energy,0,0,1,0,101,3,0,0,0,48,0.044214053980196344,0.3106475914588598,0.0,0.0,0.99,8,exponential
q_learning,sparse_seed3,sparse,3,4a77b6e251,469,225,-11.250000000000025,-10.850000000000025,0.39104241268251433,0.15,0,out_of_energy,0,0,1,0,116,1,0,0,0,52,0.044382288646166695,0.15870086563230923,0.0,0.0,0.99,8,exponential
q_learning,sparse_seed3,sparse,3,4a77b6e251,470,225,-11.250000000000025,-10.850000000000025,0.3902603278571493,0.15,0,out_of_energy,0,0,1,0,107,10,0,0,0,40,0.04329613503867501,0.13763492416876263,0.0,0.0,0.99,8,exponential
q_learning,sparse_seed3,sparse,3,4a77b6e251,471,225,-11.250000000000025,-10.850000000000025,0.389479807201435,0.15,0,out_of_energy,0,0,1,0,103,22,0,0,0,54,0.042486853324775226,0.09416666126103518,0.0,0.0,0.99,8,exponential
q_learning,sparse_seed3,sparse,3,4a77b6e251,472,225,-11.250000000000025,-10.850000000000023,0.3887008475870321,0.15,0,out_of_energy,0,0,1,0,108,6,0,0,0,47,0.04432054129008125,0.2473042076886494,0.0,0.0,0.99,8,exponential
q_learning,sparse_seed3,sparse,3,4a77b6e251,473,225,-1.2499999999999851,-10.750000000000025,0.38792344589185807,0.15,0,out_of_energy,0,0,1,0,101,27,0,0,1,48,0.08868627705123086,9.95,0.0,0.0,0.99,8,exponential
q_learning,sparse_seed3,sparse,3,4a77b6e251,474,225,-11.250000000000025,-10.750000000000025,0.38714759900007434,0.15,0,out_of_energy,0,0,1,0,97,22,0,0,0,34,0.044702568695238344,0.2098406096988237,0.0,0.0,0.99,8,exponential
q_learning,sparse_seed3,sparse,3,4a77b6e251,475,225,-11.250000000000025,-10.750000000000025,0.3863733038020742,0.15,0,out_of_energy,0,0,1,0,99,1,0,0,0,53,0.043400197557621964,0.19083802240671568,0.0,0.0,0.99,8,exponential
q_learning,sparse_seed3,sparse,3,4a77b6e251,476,225,-11.250000000000025,-10.750000000000023,0.38560055719447006,0.15,0,out_of_energy,0,0,1,0,107,34,0,0,0,40,0.043919125203353705,0.12980973136507437,0.0,0.0,0.99,8,exponential
q_learning,sparse_seed3,sparse,3,4a77b6e251,477,225,-11.250000000000025,-10.750000000000023,0.3848293560800811,0.15,0,out_of_energy,0,0,1,0,100,6,0,0,0,42,0.04373790941365055,0.1688753371117491,0.0,0.0,0.99,8,exponential
q_learning,sparse_seed3,sparse,3,4a77b6e251,478,225,-11.250000000000025,-10.750000000000023,0.38405969736792095,0.15,0,out_of_energy,0,0,1,0,92,2,0,0,0,45,0.043640563585474974,0.16142080748844106,0.0,0.0,0.99,8,exponential
q_learning,sparse_seed3,sparse,3,4a77b6e251,479,225,-11.250000000000025,-10.750000000000023,0.3832915779731851,0.15,0,out_of_energy,0,0,1,0,110,30,3,0,0,39,0.04524883104659428,0.2306576878316025,0.0,0.0,0.99,8,exponential
q_learning,sparse_seed3,sparse,3,4a77b6e251,480,225,-11.250000000000025,-10.750000000000023,0.38252499481723873,0.15,0,out_of_energy,0,0,1,0,114,14,0,0,0,40,0.04424266963773376,0.09795381804365427,0.0,0.0,0.99,8,exponential
q_learning,sparse_seed3,sparse,3,4a77b6e251,481,225,-11.250000000000025,-10.750000000000023,0.3817599448276042,0.15,0,out_of_energy,0,0,1,0,84,0,2,0,0,35,0.04515592680459262,0.13727026867624606,0.0,0.0,0.99,8,exponential
q_learning,sparse_seed3,sparse,3,4a77b6e251,482,225,-11.250000000000025,-10.750000000000023,0.380996424937949,0.15,0,out_of_energy,0,0,1,0,104,20,0,0,0,33,0.04432367733408776,0.1928356102607789,0.0,0.0,0.99,8,exponential
q_learning,sparse_seed3,sparse,3,4a77b6e251,483,225,-11.250000000000025,-10.850000000000023,0.3802344320880731,0.15,0,out_of_energy,0,0,1,0,100,9,0,0,0,45,0.04589809917555412,0.22808860806689857,0.0,0.0,0.99,8,exponential
q_learning,sparse_seed3,sparse,3,4a77b6e251,484,225,-11.250000000000025,-10.850000000000023,0.379473963223897,0.15,0,out_of_energy,0,0,1,0,104,11,0,0,0,40,0.04372396097075392,0.10197303395474673,0.0,0.0,0.99,8,exponential
q_learning,sparse_seed3,sparse,3,4a77b6e251,485,225,-11.250000000000025,-10.850000000000023,0.37871501529744916,0.15,0,out_of_energy,0,0,1,0,90,14,4,0,0,42,0.04596281780495188,0.2191139201628515,0.0,0.0,0.99,8,exponential
q_learning,sparse_seed3,sparse,3,4a77b6e251,486,225,-11.250000000000025,-10.850000000000023,0.37795758526685425,0.15,0,out_of_energy,0,0,1,0,86,16,0,0,0,40,0.04453704891379225,0.1995538502447528,0.0,0.0,0.99,8,exponential
q_learning,sparse_seed3,sparse,3,4a77b6e251,487,225,-11.250000000000025,-10.850000000000023,0.37720167009632055,0.15,0,out_of_energy,0,0,1,0,100,16,0,0,0,37,0.04387493456710288,0.22011212800009802,0.0,0.0,0.99,8,exponential
q_learning,sparse_seed3,sparse,3,4a77b6e251,488,225,-11.250000000000025,-10.850000000000023,0.3764472667561279,0.15,0,out_of_energy,0,0,1,0,96,16,8,0,0,55,0.04485604458247767,0.16811969015077222,0.0,0.0,0.99,8,exponential
q_learning,sparse_seed3,sparse,3,4a77b6e251,489,225,-11.250000000000025,-10.850000000000023,0.37569437222261565,0.15,0,out_of_energy,0,0,1,0,99,10,0,0,0,35,0.04491462768716026,0.17837939723985569,0.0,0.0,0.99,8,exponential
q_learning,sparse_seed3,sparse,3,4a77b6e251,490,225,-11.250000000000025,-10.850000000000023,0.3749429834781704,0.15,0,out_of_energy,0,0,1,0,100,3,0,0,0,33,0.044425515621041564,0.2425458612423271,0.0,0.0,0.99,8,exponential
q_learning,sparse_seed3,sparse,3,4a77b6e251,491,225,-11.250000000000025,-10.850000000000023,0.37419309751121405,0.15,0,out_of_energy,0,0,1,0,97,27,0,0,0,53,0.04450483741002491,0.17799527171686452,0.0,0.0,0.99,8,exponential
q_learning,sparse_seed3,sparse,3,4a77b6e251,492,225,-11.250000000000025,-10.850000000000023,0.3734447113161916,0.15,0,out_of_energy,0,0,1,0,92,14,0,0,0,47,0.043442677195500504,0.1904046926882396,0.0,0.0,0.99,8,exponential
q_learning,sparse_seed3,sparse,3,4a77b6e251,493,225,-11.250000000000025,-10.850000000000023,0.3726978218935592,0.15,0,out_of_energy,0,0,1,0,98,11,0,0,0,50,0.0444197170328919,0.27406645598911755,0.0,0.0,0.99,8,exponential
q_learning,sparse_seed3,sparse,3,4a77b6e251,494,225,-11.250000000000025,-10.850000000000023,0.3719524262497721,0.15,0,out_of_energy,0,0,1,0,95,27,1,0,0,34,0.043612140358109695,0.13980798028264296,0.0,0.0,0.99,8,exponential
q_learning,sparse_seed3,sparse,3,4a77b6e251,495,225,-11.250000000000025,-10.850000000000023,0.37120852139727256,0.15,0,out_of_energy,0,0,1,0,92,9,0,0,0,40,0.04311716206761163,0.2370221863547653,0.0,0.0,0.99,8,exponential
q_learning,sparse_seed3,sparse,3,4a77b6e251,496,225,-11.250000000000025,-10.850000000000023,0.370466104354478,0.15,0,out_of_energy,0,0,1,0,97,7,0,0,0,49,0.04413100732788676,0.16370342979467337,0.0,0.0,0.99,8,exponential
q_learning,sparse_seed3,sparse,3,4a77b6e251,497,225,-11.250000000000025,-10.850000000000023,0.36972517214576905,0.15,0,out_of_energy,0,0,1,0,107,19,0,0,0,53,0.044061061356834,0.24334382616791048,0.0,0.0,0.99,8,exponential
q_learning,sparse_seed3,sparse,3,4a77b6e251,498,225,-11.250000000000025,-10.850000000000023,0.36898572180147754,0.15,0,out_of_energy,0,0,1,0,97,8,0,0,0,35,0.044008765567413205,0.24799449524608225,0.0,0.0,0.99,8,exponential
q_learning,sparse_seed3,sparse,3,4a77b6e251,499,225,-11.250000000000025,-10.850000000000023,0.3682477503578746,0.15,0,out_of_energy,0,0,1,0,91,19,0,0,0,50,0.045264481561498655,0.23107849921821824,0.0,0.0,0.99,8,exponential
q_learning,sparse_seed3,sparse,3,4a77b6e251,500,225,-11.250000000000025,-10.850000000000023,0.36751125485715885,0.15,0,out_of_energy,0,0,1,0,113,3,0,0,0,46,0.045068109119942,0.25836485258292624,0.0,0.0,0.99,8,exponential
q_learning,sparse_seed3,sparse,3,4a77b6e251,501,225,-11.250000000000025,-10.850000000000023,0.36677623234744455,0.15,0,out_of_energy,0,0,1,0,96,22,2,0,0,45,0.04459762735235101,0.22095205973853582,0.0,0.0,0.99,8,exponential
q_learning,sparse_seed3,sparse,3,4a77b6e251,502,225,-11.250000000000025,-10.850000000000023,0.3660426798827497,0.15,0,out_of_energy,0,0,1,0,92,24,0,0,0,37,0.044474747277917184,0.22303490701433085,0.0,0.0,0.99,8,exponential
q_learning,sparse_seed3,sparse,3,4a77b6e251,503,225,-11.250000000000025,-10.850000000000023,0.3653105945229842,0.15,0,out_of_energy,0,0,1,0,99,12,2,0,0,44,0.04539277517690114,0.28664270779587164,0.0,0.0,0.99,8,exponential
q_learning,sparse_seed3,sparse,3,4a77b6e251,504,225,-11.250000000000025,-10.850000000000023,0.3645799733339382,0.15,0,out_of_energy,0,0,1,0,96,22,2,0,0,39,0.04467881395203328,0.18571580609583205,0.0,0.0,0.99,8,exponential
q_learning,sparse_seed3,sparse,3,4a77b6e251,505,225,-11.250000000000025,-10.850000000000023,0.3638508133872703,0.15,0,out_of_energy,0,0,1,0,92,7,4,0,0,41,0.044691196290011656,0.29961445258937613,0.0,0.0,0.99,8,exponential
q_learning,sparse_seed3,sparse,3,4a77b6e251,506,225,-11.250000000000025,-10.850000000000023,0.3631231117604958,0.15,0,out_of_energy,0,0,1,0,100,11,0,0,0,45,0.04471841656777515,0.2273186085033471,0.0,0.0,0.99,8,exponential
q_learning,sparse_seed3,sparse,3,4a77b6e251,507,225,-11.250000000000025,-10.850000000000023,0.3623968655369748,0.15,0,out_of_energy,0,0,1,0,99,20,0,0,0,47,0.0448789561824744,0.16815392823507275,0.0,0.0,0.99,8,exponential
q_learning,sparse_seed3,sparse,3,4a77b6e251,508,225,-11.250000000000025,-10.850000000000023,0.3616720718059009,0.15,0,out_of_energy,0,0,1,0,101,18,0,0,0,51,0.04358753933165681,0.2191944925994754,0.0,0.0,0.99,8,exponential
q_learning,sparse_seed3,sparse,3,4a77b6e251,509,225,-11.250000000000025,-10.850000000000023,0.3609487276622891,0.15,0,out_of_energy,0,0,1,0,95,5,9,0,0,37,0.04448794894832493,0.21267010329065492,0.0,0.0,0.99,8,exponential
q_learning,sparse_seed3,sparse,3,4a77b6e251,510,225,-11.250000000000025,-10.850000000000023,0.3602268302069645,0.15,0,out_of_energy,0,0,1,0,101,1,0,0,0,46,0.0432141858695544,0.2281661218815625,0.0,0.0,0.99,8,exponential
q_learning,sparse_seed3,sparse,3,4a77b6e251,511,225,-11.250000000000025,-10.850000000000023,0.35950637654655054,0.15,0,out_of_energy,0,0,1,0,113,3,0,0,0,55,0.044121635789304114,0.24691680589497964,0.0,0.0,0.99,8,exponential
q_learning,sparse_seed3,sparse,3,4a77b6e251,512,225,-11.250000000000025,-10.950000000000022,0.35878736379345744,0.15,0,out_of_energy,0,0,1,0,96,9,0,0,0,49,0.04409420433656633,0.13692911418617998,0.0,0.0,0.99,8,exponential
q_learning,sparse_seed3,sparse,3,4a77b6e251,513,225,-11.250000000000025,-10.950000000000022,0.3580697890658705,0.15,0,out_of_energy,0,0,1,0,89,8,0,0,0,48,0.04440714978454369,0.3331870643550908,0.0,0.0,0.99,8,exponential
q_learning,sparse_seed3,sparse,3,4a77b6e251,514,225,-11.250000000000025,-10.950000000000022,0.35735364948773873,0.15,0,out_of_energy,0,0,1,0,90,15,0,0,0,37,0.04415424021712082,0.2752620385514462,0.0,0.0,0.99,8,exponential
q_learning,sparse_seed3,sparse,3,4a77b6e251,515,225,-11.250000000000025,-10.950000000000022,0.35663894218876324,0.15,0,out_of_energy,0,0,1,0,87,15,0,0,0,46,0.044063633255968064,0.12486431964444915,0.0,0.0,0.99,8,exponential
q_learning,sparse_seed3,sparse,3,4a77b6e251,516,225,-11.250000000000025,-10.950000000000022,0.3559256643043857,0.15,0,out_of_energy,0,0,1,0,100,29,0,0,0,48,0.04435528477284725,0.0946568280692347,0.0,0.0,0.99,8,exponential
q_learning,sparse_seed3,sparse,3,4a77b6e251,517,225,-11.250000000000025,-10.950000000000022,0.3552138129757769,0.15,0,out_of_energy,0,0,1,0,94,4,0,0,0,43,0.04433196387873343,0.15516330557071722,0.0,0.0,0.99,8,exponential
q_learning,sparse_seed3,sparse,3,4a77b6e251,518,225,-11.250000000000025,-10.950000000000022,0.35450338534982534,0.15,0,out_of_energy,0,0,1,0,104,33,0,0,0,36,0.04391920751969153,0.20010120506070608,0.0,0.0,0.99,8,exponential
q_learning,sparse_seed3,sparse,3,4a77b6e251,519,225,-11.250000000000025,-10.950000000000022,0.3537943785791257,0.15,0,out_of_energy,0,0,1,0,109,8,0,0,0,45,0.04263101485527974,0.15395472764111487,0.0,0.0,0.99,8,exponential
q_learning,sparse_seed3,sparse,3,4a77b6e251,520,225,-11.250000000000025,-10.950000000000022,0.35308678982196745,0.15,0,out_of_energy,0,0,1,0,103,23,0,0,0,45,0.04444634342415591,0.13662247883175221,0.0,0.0,0.99,8,exponential
q_learning,sparse_seed3,sparse,3,4a77b6e251,521,225,-11.250000000000025,-10.950000000000022,0.35238061624232353,0.15,0,out_of_energy,0,0,1,0,94,18,0,0,0,46,0.043889872945876554,0.2600901227821682,0.0,0.0,0.99,8,exponential
q_learning,sparse_seed3,sparse,3,4a77b6e251,522,225,-11.250000000000025,-10.950000000000022,0.3516758550098389,0.15,0,out_of_energy,0,0,1,0,103,5,0,0,0,55,0.04334902688232602,0.1095864799133577,0.0,0.0,0.99,8,exponential
q_learning,sparse_seed3,sparse,3,4a77b6e251,523,225,-11.250000000000025,-10.950000000000022,0.3509725032998192,0.15,0,out_of_energy,0,0,1,0,96,4,0,0,0,46,0.04435485692750741,0.20096843450450977,0.0,0.0,0.99,8,exponential
q_learning,sparse_seed3,sparse,3,4a77b6e251,524,225,-11.250000000000025,-10.950000000000022,0.35027055829321957,0.15,0,out_of_energy,0,0,1,0,99,5,0,0,0,59,0.04269166035994764,0.20143920907165994,0.0,0.0,0.99,8,exponential
q_learning,sparse_seed3,sparse,3,4a77b6e251,525,225,-11.250000000000025,-10.950000000000022,0.3495700171766331,0.15,0,out_of_energy,0,0,1,0,99,5,0,0,0,50,0.044489109807245596,0.15018989818930406,0.0,0.0,0.99,8,exponential
q_learning,sparse_seed3,sparse,3,4a77b6e251,526,225,-11.250000000000025,-10.950000000000022,0.3488708771422798,0.15,0,out_of_energy,0,0,1,0,108,10,0,0,0,44,0.04389317604680749,0.11368908463463624,0.0,0.0,0.99,8,exponential
q_learning,sparse_seed3,sparse,3,4a77b6e251,527,225,-11.250000000000025,-10.950000000000022,0.34817313538799527,0.15,0,out_of_energy,0,0,1,0,91,25,0,0,0,40,0.0444047725134439,0.2277443552259896,0.0,0.0,0.99,8,exponential
q_learning,sparse_seed3,sparse,3,4a77b6e251,528,225,-11.250000000000025,-10.950000000000022,0.3474767891172193,0.15,0,out_of_energy,0,0,1,0,91,12,0,0,0,41,0.043843083645611826,0.15976924073958423,0.0,0.0,0.99,8,exponential
q_learning,sparse_seed3,sparse,3,4a77b6e251,529,225,-11.250000000000025,-10.950000000000022,0.34678183553898484,0.15,0,out_of_energy,0,0,1,0,96,2,0,0,0,47,0.04473603836168466,0.21943351887542317,0.0,0.0,0.99,8,exponential
q_learning,sparse_seed3,sparse,3,4a77b6e251,530,225,-11.250000000000025,-10.950000000000022,0.34608827186790686,0.15,0,out_of_energy,0,0,1,0,86,11,0,0,0,44,0.04538043437353276,0.28693900287087976,0.0,0.0,0.99,8,exponential
q_learning,sparse_seed3,sparse,3,4a77b6e251,531,225,-11.250000000000025,-10.950000000000022,0.34539609532417104,0.15,0,out_of_energy,0,0,1,0,98,1,0,0,0,44,0.043940018045061494,0.23670550310269864,0.0,0.0,0.99,8,exponential
q_learning,sparse_seed3,sparse,3,4a77b6e251,532,225,-11.250000000000025,-10.950000000000022,0.3447053031335227,0.15,0,out_of_energy,0,0,1,0,109,4,0,0,0,44,0.044525507711892176,0.1840403862782968,0.0,0.0,0.99,8,exponential
q_learning,sparse_seed3,sparse,3,4a77b6e251,533,225,-11.250000000000025,-10.950000000000022,0.3440158925272557,0.15,0,out_of_energy,0,0,1,0,104,3,0,0,0,53,0.044119586976446544,0.2444293863577466,0.0,0.0,0.99,8,exponential
q_learning,sparse_seed3,sparse,3,4a77b6e251,534,225,-11.250000000000025,-10.950000000000022,0.3433278607422012,0.15,0,out_of_energy,0,0,1,0,89,8,0,0,0,37,0.04328051803935818,0.17415141415717783,0.0,0.0,0.99,8,exponential
q_learning,sparse_seed3,sparse,3,4a77b6e251,535,225,-11.250000000000025,-10.950000000000022,0.34264120502071677,0.15,0,out_of_energy,0,0,1,0,96,8,0,0,0,37,0.04477356345884546,0.22134155020959836,0.0,0.0,0.99,8,exponential
q_learning,sparse_seed3,sparse,3,4a77b6e251,536,225,-11.250000000000025,-10.950000000000022,0.3419559226106753,0.15,0,out_of_energy,0,0,1,0,91,9,0,0,0,47,0.04435077378220017,0.2576165629538224,0.0,0.0,0.99,8,exponential
q_learning,sparse_seed3,sparse,3,4a77b6e251,537,225,-11.250000000000025,-10.950000000000022,0.34127201076545394,0.15,0,out_of_energy,0,0,1,0,102,3,2,0,0,50,0.044083841378786036,0.15133285537409458,0.0,0.0,0.99,8,exponential
q_learning,sparse_seed3,sparse,3,4a77b6e251,538,225,-11.250000000000025,-10.950000000000022,0.34058946674392304,0.15,0,out_of_energy,0,0,1,0,89,27,5,0,0,43,0.04392364831879532,0.14069909289488386,0.0,0.0,0.99,8,exponential
q_learning,sparse_seed3,sparse,3,4a77b6e251,539,225,-11.250000000000025,-10.950000000000022,0.3399082878104352,0.15,0,out_of_energy,0,0,1,0,93,12,0,0,0,39,0.044276175564374486,0.11349819700956428,0.0,0.0,0.99,8,exponential
q_learning,sparse_seed3,sparse,3,4a77b6e251,540,225,-11.250000000000025,-10.950000000000022,0.3392284712348143,0.15,0,out_of_energy,0,0,1,0,120,1,0,0,0,45,0.04435600048646381,0.20944262732882868,0.0,0.0,0.99,8,exponential
q_learning,sparse_seed3,sparse,3,4a77b6e251,541,225,-11.250000000000025,-10.950000000000022,0.33855001429234466,0.15,0,out_of_energy,0,0,1,0,102,9,0,0,0,43,0.04488734695054,0.20948390427646477,0.0,0.0,0.99,8,exponential
q_learning,sparse_seed3,sparse,3,4a77b6e251,542,225,-11.250000000000025,-10.950000000000022,0.33787291426376,0.15,0,out_of_energy,0,0,1,0,96,15,0,0,0,39,0.043474088561822485,0.19069228934379726,0.0,0.0,0.99,8,exponential
q_learning,sparse_seed3,sparse,3,4a77b6e251,543,225,-11.250000000000025,-10.950000000000022,0.33719716843523245,0.15,0,out_of_energy,0,0,1,0,84,11,0,0,0,48,0.0446903668793685,0.17238327946540957,0.0,0.0,0.99,8,exponential
q_learning,sparse_seed3,sparse,3,4a77b6e251,544,225,-11.250000000000025,-10.950000000000022,0.336522774098362,0.15,0,out_of_energy,0,0,1,0,87,19,0,0,0,41,0.04544478727460632,0.3070291493811148,0.0,0.0,0.99,8,exponential
q_learning,sparse_seed3,sparse,3,4a77b6e251,545,225,-11.250000000000025,-10.950000000000022,0.33584972855016526,0.15,0,out_of_energy,0,0,1,0,106,1,0,0,0,45,0.044462810808994266,0.28626444270129675,0.0,0.0,0.99,8,exponential
q_learning,sparse_seed3,sparse,3,4a77b6e251,546,225,-11.250000000000025,-10.950000000000022,0.33517802909306493,0.15,0,out_of_energy,0,0,1,0,88,30,6,0,0,47,0.04527306898189428,0.20883963131859157,0.0,0.0,0.99,8,exponential
q_learning,sparse_seed3,sparse,3,4a77b6e251,547,225,-11.250000000000025,-11.050000000000022,0.3345076730348788,0.15,0,out_of_energy,0,0,1,0,91,20,0,0,0,42,0.04501637281896964,0.14575793516168645,0.0,0.0,0.99,8,exponential
q_learning,sparse_seed3,sparse,3,4a77b6e251,548,225,-11.250000000000025,-11.050000000000022,0.33383865768880905,0.15,0,out_of_energy,0,0,1,0,89,5,1,0,0,40,0.04447858411038869,0.18477580359586793,0.0,0.0,0.99,8,exponential
q_learning,sparse_seed3,sparse,3,4a77b6e251,549,225,-1.2499999999999822,-10.950000000000022,0.3331709803734314,0.15,0,out_of_energy,0,0,1,0,107,11,0,0,1,45,0.08876790508590053,9.95,0.0,0.0,0.99,8,exponential
q_learning,sparse_seed3,sparse,3,4a77b6e251,550,225,-11.250000000000025,-10.950000000000022,0.3325046384126845,0.15,0,out_of_energy,0,0,1,0,80,29,0,0,0,56,0.044244558888879466,0.22510560417936673,0.0,0.0,0.99,8,exponential
q_learning,sparse_seed3,sparse,3,4a77b6e251,551,225,-11.250000000000025,-10.950000000000022,0.3318396291358591,0.15,0,out_of_energy,0,0,1,0,91,19,0,0,0,36,0.04412323517267737,0.3020710419678464,0.0,0.0,0.99,8,exponential
q_learning,sparse_seed3,sparse,3,4a77b6e251,552,225,-11.250000000000025,-10.950000000000022,0.3311759498775874,0.15,0,out_of_energy,0,0,1,0,114,4,0,0,0,41,0.043553523653242825,0.1347670054441924,0.0,0.0,0.99,8,exponential
q_learning,sparse_seed3,sparse,3,4a77b6e251,553,225,-11.250000000000025,-10.950000000000022,0.33051359797783225,0.15,0,out_of_energy,0,0,1,0,88,14,0,0,0,43,0.043489326642574516,0.1598521758544113,0.0,0.0,0.99,8,exponential
q_learning,sparse_seed3,sparse,3,4a77b6e251,554,225,-11.250000000000025,-10.950000000000022,0.3298525707818766,0.15,0,out_of_energy,0,0,1,0,89,1,0,0,0,45,0.04529468405615303,0.22066559485929,0.0,0.0,0.99,8,exponential
q_learning,sparse_seed3,sparse,3,4a77b6e251,555,225,-11.250000000000025,-10.950000000000022,0.3291928656403128,0.15,0,out_of_energy,0,0,1,0,98,12,0,0,0,39,0.043628015992649934,0.1996963831969704,0.0,0.0,0.99,8,exponential
q_learning,sparse_seed3,sparse,3,4a77b6e251,556,225,-11.250000000000025,-10.950000000000022,0.3285344799090322,0.15,0,out_of_energy,0,0,1,0,109,4,0,0,0,45,0.04412631880135848,0.14831351193701825,0.0,0.0,0.99,8,exponential
q_learning,sparse_seed3,sparse,3,4a77b6e251,557,225,-11.250000000000025,-11.050000000000022,0.32787741094921413,0.15,0,out_of_energy,0,0,1,0,91,9,0,0,0,45,0.04476698586234935,0.27246344865386185,0.0,0.0,0.99,8,exponential
q_learning,sparse_seed3,sparse,3,4a77b6e251,558,225,-11.250000000000025,-11.050000000000022,0.3272216561273157,0.15,0,out_of_energy,0,0,1,0,98,21,5,0,0,42,0.044008072686633835,0.24116551921881194,0.0,0.0,0.99,8,exponential
q_learning,sparse_seed3,sparse,3,4a77b6e251,559,225,-11.250000000000025,-11.050000000000022,0.32656721281506107,0.15,0,out_of_energy,0,0,1,0,103,1,0,0,0,55,0.044395169478106136,0.22534642655987103,0.0,0.0,0.99,8,exponential
q_learning,sparse_seed3,sparse,3,4a77b6e251,560,225,-11.250000000000025,-11.050000000000022,0.32591407838943093,0.15,0,out_of_energy,0,0,1,0,93,34,1,0,0,39,0.043995161883401517,0.1667642411877121,0.0,0.0,0.99,8,exponential
q_learning,sparse_seed3,sparse,3,4a77b6e251,561,225,-1.2499999999999885,-10.950000000000022,0.32526225023265204,0.15,0,out_of_energy,0,0,1,0,99,17,0,0,1,36,0.08729712163648548,5.1680059433438625,0.0,0.0,0.99,8,exponential
q_learning,sparse_seed3,sparse,3,4a77b6e251,562,225,-11.250000000000025,-10.950000000000022,0.3246117257321867,0.15,0,out_of_energy,0,0,1,0,110,38,0,0,0,57,0.04523923740917782,0.28266892757792456,0.0,0.0,0.99,8,exponential
q_learning,sparse_seed3,sparse,3,4a77b6e251,563,225,-11.250000000000025,-10.950000000000022,0.3239625022807223,0.15,0,out_of_energy,0,0,1,0,92,18,0,0,0,45,0.04526934434747154,0.22964139292001373,0.0,0.0,0.99,8,exponential
q_learning,sparse_seed3,sparse,3,4a77b6e251,564,225,-11.250000000000025,-10.950000000000022,0.32331457727616086,0.15,0,out_of_energy,0,0,1,0,88,1,0,0,0,42,0.044372828772772314,0.2273036161982589,0.0,0.0,0.99,8,exponential
q_learning,sparse_seed3,sparse,3,4a77b6e251,565,225,-11.250000000000025,-10.950000000000022,0.32266794812160854,0.15,0,out_of_energy,0,0,1,0,98,22,0,0,0,49,0.044226333523994965,0.20371019072030336,0.0,0.0,0.99,8,exponential
q_learning,sparse_seed3,sparse,3,4a77b6e251,566,225,-11.250000000000025,-10.950000000000022,0.3220226122253653,0.15,0,out_of_energy,0,0,1,0,104,21,0,0,0,45,0.04458293034635495,0.2984820587730049,0.0,0.0,0.99,8,exponential
q_learning,sparse_seed3,sparse,3,4a77b6e251,567,225,-11.250000000000025,-10.950000000000022,0.3213785670009146,0.15,0,out_of_energy,0,0,1,0,105,32,0,0,0,38,0.04485796934911166,0.21110348629979694,0.0,0.0,0.99,8,exponential
q_learning,sparse_seed3,sparse,3,4a77b6e251,568,225,-11.250000000000025,-10.950000000000022,0.3207358098669128,0.15,0,out_of_energy,0,0,1,0,103,47,0,0,0,44,0.04513091461759593,0.21318138073835202,0.0,0.0,0.99,8,exponential
q_learning,sparse_seed3,sparse,3,4a77b6e251,569,225,-11.250000000000025,-10.950000000000022,0.320094338247179,0.15,0,out_of_energy,0,0,1,0,112,2,0,0,0,48,0.0432631073796729,0.1016499192969691,0.0,0.0,0.99,8,exponential
q_learning,sparse_seed3,sparse,3,4a77b6e251,570,225,-11.250000000000025,-10.950000000000022,0.31945414957068463,0.15,0,out_of_energy,0,0,1,0,90,25,0,0,0,43,0.045439112790370106,0.20121752332866027,0.0,0.0,0.99,8,exponential
q_learning,sparse_seed3,sparse,3,4a77b6e251,571,225,-11.250000000000025,-10.950000000000022,0.31881524127154326,0.15,0,out_of_energy,0,0,1,0,112,44,0,0,0,58,0.043497181626294554,0.2618331684471621,0.0,0.0,0.99,8,exponential
q_learning,sparse_seed3,sparse,3,4a77b6e251,572,225,-11.250000000000025,-10.950000000000022,0.3181776107890002,0.15,0,out_of_energy,0,0,1,0,92,29,1,0,0,43,0.0447224315412853,0.1702361803180446,0.0,0.0,0.99,8,exponential
q_learning,sparse_seed3,sparse,3,4a77b6e251,573,225,-11.250000000000025,-11.050000000000022,0.3175412555674222,0.15,0,out_of_energy,0,0,1,0,91,33,0,0,0,52,0.04491465589015129,0.31258687755453185,0.0,0.0,0.99,8,exponential
q_learning,sparse_seed3,sparse,3,4a77b6e251,574,225,-11.250000000000025,-11.050000000000022,0.3169061730562873,0.15,0,out_of_energy,0,0,1,0,83,21,0,0,0,51,0.045014965513476744,0.20925003371169273,0.0,0.0,0.99,8,exponential
q_learning,sparse_seed3,sparse,3,4a77b6e251,575,225,-11.250000000000025,-11.050000000000022,0.3162723607101747,0.15,0,out_of_energy,0,0,1,0,99,7,0,0,0,47,0.04380264431178853,0.23011954030708037,0.0,0.0,0.99,8,exponential
q_learning,sparse_seed3,sparse,3,4a77b6e251,576,225,-1.2499999999999822,-10.950000000000022,0.3156398159887544,0.15,0,out_of_energy,0,0,1,0,102,12,0,0,1,39,0.0878184264709393,9.9351611375,0.0,0.0,0.99,8,exponential
q_learning,sparse_seed3,sparse,3,4a77b6e251,577,225,-11.250000000000025,-10.950000000000022,0.3150085363567769,0.15,0,out_of_energy,0,0,1,0,101,41,0,0,0,48,0.04476179325244094,0.26331700504107597,0.0,0.0,0.99,8,exponential
q_learning,sparse_seed3,sparse,3,4a77b6e251,578,225,-11.250000000000025,-10.950000000000022,0.31437851928406335,0.15,0,out_of_energy,0,0,1,0,92,16,0,0,0,45,0.044573189579248926,0.21002891568428653,0.0,0.0,0.99,8,exponential
q_learning,sparse_seed3,sparse,3,4a77b6e251,579,225,-11.250000000000025,-10.950000000000022,0.3137497622454952,0.15,0,out_of_energy,0,0,1,0,100,24,0,0,0,51,0.04423742804070997,0.15720466343014378,0.0,0.0,0.99,8,exponential
q_learning,sparse_seed3,sparse,3,4a77b6e251,580,225,-11.250000000000025,-10.950000000000022,0.31312226272100424,0.15,0,out_of_energy,0,0,1,0,116,13,0,0,0,47,0.04528074213894475,0.3651527145492186,0.0,0.0,0.99,8,exponential
q_learning,sparse_seed3,sparse,3,4a77b6e251,581,225,-1.2500000000000027,-10.850000000000023,0.3124960181955622,0.15,0,out_of_energy,0,0,1,0,108,10,0,0,1,39,0.09322373204354199,4.386034260814962,0.0,0.0,0.99,8,exponential
q_learning,sparse_seed3,sparse,3,4a77b6e251,582,225,-11.250000000000025,-10.850000000000023,0.3118710261591711,0.15,0,out_of_energy,0,0,1,0,113,20,0,0,0,46,0.04415185623757057,0.3274682044678262,0.0,0.0,0.99,8,exponential
q_learning,sparse_seed3,sparse,3,4a77b6e251,583,225,-11.250000000000025,-10.850000000000023,0.31124728410685276,0.15,0,out_of_energy,0,0,1,0,94,14,1,0,0,44,0.045031452658276565,0.1840412418277499,0.0,0.0,0.99,8,exponential
q_learning,sparse_seed3,sparse,3,4a77b6e251,584,225,-11.250000000000025,-10.850000000000023,0.31062478953863903,0.15,0,out_of_energy,0,0,1,0,105,5,0,0,0,47,0.04483749537549256,0.18172787923530248,0.0,0.0,0.99,8,exponential
q_learning,sparse_seed3,sparse,3,4a77b6e251,585,225,-11.250000000000025,-10.850000000000023,0.31000353995956176,0.15,0,out_of_energy,0,0,1,0,100,3,0,0,0,45,0.043570236748353405,0.21333803371309332,0.0,0.0,0.99,8,exponential
q_learning,sparse_seed3,sparse,3,4a77b6e251,586,225,-11.250000000000025,-10.850000000000023,0.30938353287964265,0.15,0,out_of_energy,0,0,1,0,92,5,0,0,0,39,0.044148813361309165,0.1983040611166597,0.0,0.0,0.99,8,exponential
q_learning,sparse_seed3,sparse,3,4a77b6e251,587,225,-11.250000000000025,-10.850000000000023,0.30876476581388335,0.15,0,out_of_energy,0,0,1,0,90,15,3,0,0,32,0.04381439050090575,0.22702308010440142,0.0,0.0,0.99,8,exponential
q_learning,sparse_seed3,sparse,3,4a77b6e251,588,225,-11.250000000000025,-10.850000000000023,0.3081472362822556,0.15,0,out_of_energy,0,0,1,0,89,6,0,0,0,45,0.04398720762896457,0.1896786068749461,0.0,0.0,0.99,8,exponential
q_learning,sparse_seed3,sparse,3,4a77b6e251,589,225,-11.250000000000025,-10.850000000000023,0.3075309418096911,0.15,0,out_of_energy,0,0,1,0,93,19,2,0,0,52,0.04330187351605316,0.17611921504475198,0.0,0.0,0.99,8,exponential
q_learning,sparse_seed3,sparse,3,4a77b6e251,590,225,-11.250000000000025,-10.850000000000023,0.3069158799260717,0.15,0,out_of_energy,0,0,1,0,100,19,0,0,0,50,0.044602968037774346,0.168891013294227,0.0,0.0,0.99,8,exponential
q_learning,sparse_seed3,sparse,3,4a77b6e251,591,225,-11.250000000000025,-10.850000000000023,0.3063020481662196,0.15,0,out_of_energy,0,0,1,0,95,18,1,0,0,39,0.04444083262004771,0.29328705100578395,0.0,0.0,0.99,8,exponential
q_learning,sparse_seed3,sparse,3,4a77b6e251,592,225,-11.250000000000025,-10.850000000000023,0.30568944406988713,0.15,0,out_of_energy,0,0,1,0,90,27,4,0,0,34,0.043980899068464634,0.23618445006956681,0.0,0.0,0.99,8,exponential
q_learning,sparse_seed3,sparse,3,4a77b6e251,593,225,-11.250000000000025,-10.850000000000023,0.30507806518174735,0.15,0,out_of_energy,0,0,1,0,94,8,0,0,0,53,0.04401527363198522,0.16115111866614307,0.0,0.0,0.99,8,exponential
q_learning,sparse_seed3,sparse,3,4a77b6e251,594,225,-1.2499999999999822,-10.750000000000023,0.3044679090513839,0.15,0,out_of_energy,0,0,1,0,111,9,0,0,1,50,0.08821760346014018,8.4575,0.0,0.0,0.99,8,exponential
q_learning,sparse_seed3,sparse,3,4a77b6e251,595,225,-11.250000000000025,-10.750000000000023,0.3038589732332811,0.15,0,out_of_energy,0,0,1,0,92,11,0,0,0,46,0.0437005018665608,0.19501363657053444,0.0,0.0,0.99,8,exponential
q_learning,sparse_seed3,sparse,3,4a77b6e251,596,225,-11.250000000000025,-10.750000000000023,0.3032512552868145,0.15,0,out_of_energy,0,0,1,0,104,10,0,0,0,38,0.04458928093475832,0.29666971939388453,0.0,0.0,0.99,8,exponential
q_learning,sparse_seed3,sparse,3,4a77b6e251,597,225,-11.250000000000025,-10.750000000000023,0.30264475277624087,0.15,0,out_of_energy,0,0,1,0,82,6,5,0,0,34,0.045447808017383046,0.2626850792299076,0.0,0.0,0.99,8,exponential
q_learning,sparse_seed3,sparse,3,4a77b6e251,598,225,-11.250000000000025,-10.750000000000023,0.30203946327068837,0.15,0,out_of_energy,0,0,1,0,113,26,0,0,0,55,0.043800746659663145,0.3803187578061724,0.0,0.0,0.99,8,exponential
q_learning,sparse_seed3,sparse,3,4a77b6e251,599,225,-11.250000000000025,-10.750000000000023,0.301435384344147,0.15,0,out_of_energy,0,0,1,0,97,8,0,0,0,48,0.04411621316523849,0.1938991754389034,0.0,0.0,0.99,8,exponential
q_learning,sparse_seed3,sparse,3,4a77b6e251,600,225,-11.250000000000025,-10.750000000000023,0.3008325135754587,0.15,0,out_of_energy,0,0,1,0,86,4,1,0,0,44,0.04485063031435836,0.20309108948983967,0.0,0.0,0.99,8,exponential
q_learning,sparse_seed3,sparse,3,4a77b6e251,601,225,-11.250000000000025,-10.750000000000023,0.3002308485483078,0.15,0,out_of_energy,0,0,1,0,104,14,0,0,0,55,0.04419114524358275,0.20725742003250494,0.0,0.0,0.99,8,exponential
q_learning,sparse_seed3,sparse,3,4a77b6e251,602,225,-11.250000000000025,-10.750000000000023,0.2996303868512112,0.15,0,out_of_energy,0,0,1,0,92,6,0,0,0,37,0.0433916858228232,0.18505150130938913,0.0,0.0,0.99,8,exponential
q_learning,sparse_seed3,sparse,3,4a77b6e251,603,225,-11.250000000000025,-10.750000000000023,0.29903112607750876,0.15,0,out_of_energy,0,0,1,0,93,20,0,0,0,35,0.0447774527153802,0.2184417168415574,0.0,0.0,0.99,8,exponential
q_learning,sparse_seed3,sparse,3,4a77b6e251,604,225,-11.250000000000025,-10.750000000000023,0.29843306382535373,0.15,0,out_of_energy,0,0,1,0,99,9,1,0,0,46,0.0449492088815602,0.2105137069025772,0.0,0.0,0.99,8,exponential
q_learning,sparse_seed3,sparse,3,4a77b6e251,605,225,-11.250000000000025,-10.750000000000023,0.29783619769770303,0.15,0,out_of_energy,0,0,1,0,88,12,0,0,0,38,0.043505481313536126,0.16997088187726583,0.0,0.0,0.99,8,exponential
q_learning,sparse_seed3,sparse,3,4a77b6e251,606,225,-11.250000000000025,-10.750000000000023,0.2972405253023076,0.15,0,out_of_energy,0,0,1,0,100,13,0,0,0,45,0.04527277233592684,0.21935030801803457,0.0,0.0,0.99,8,exponential
q_learning,sparse_seed3,sparse,3,4a77b6e251,607,225,-11.250000000000025,-10.750000000000023,0.296646044251703,0.15,0,out_of_energy,0,0,1,0,96,24,0,0,0,41,0.044890617036619083,0.15637130937398358,0.0,0.0,0.99,8,exponential
q_learning,sparse_seed3,sparse,3,4a77b6e251,608,225,-11.250000000000025,-10.750000000000023,0.2960527521631996,0.15,0,out_of_energy,0,0,1,0,105,8,0,0,0,43,0.044271870918232564,0.188862710393771,0.0,0.0,0.99,8,exponential
q_learning,sparse_seed3,sparse,3,4a77b6e251,609,225,-11.250000000000025,-10.750000000000023,0.29546064665887317,0.15,0,out_of_energy,0,0,1,0,102,25,0,0,0,48,0.04563063405664102,0.17929080195274452,0.0,0.0,0.99,8,exponential
q_learning,sparse_seed3,sparse,3,4a77b6e251,610,225,-11.250000000000025,-10.750000000000023,0.29486972536555545,0.15,0,out_of_energy,0,0,1,0,107,21,0,0,0,51,0.044969476108941774,0.22201131054177414,0.0,0.0,0.99,8,exponential
q_learning,sparse_seed3,sparse,3,4a77b6e251,611,225,-11.250000000000025,-10.750000000000023,0.29427998591482435,0.15,0,out_of_energy,0,0,1,0,107,1,0,0,0,42,0.04377973756544482,0.18516944167740867,0.0,0.0,0.99,8,exponential
q_learning,sparse_seed3,sparse,3,4a77b6e251,612,225,-11.250000000000025,-10.750000000000023,0.2936914259429947,0.15,0,out_of_energy,0,0,1,0,100,14,0,0,0,54,0.04437609480515754,0.21071214942020922,0.0,0.0,0.99,8,exponential
q_learning,sparse_seed3,sparse,3,4a77b6e251,613,225,-11.250000000000025,-10.750000000000023,0.2931040430911087,0.15,0,out_of_energy,0,0,1,0,108,31,0,0,0,51,0.04419531650204244,0.26706208379997676,0.0,0.0,0.99,8,exponential
q_learning,sparse_seed3,sparse,3,4a77b6e251,614,225,-11.250000000000025,-10.750000000000023,0.2925178350049265,0.15,0,out_of_energy,0,0,1,0,90,0,2,0,0,52,0.04486075664775242,0.28114816650283747,0.0,0.0,0.99,8,exponential
q_learning,sparse_seed3,sparse,3,4a77b6e251,615,225,-11.250000000000025,-10.750000000000023,0.29193279933491667,0.15,0,out_of_energy,0,0,1,0,87,17,0,0,0,40,0.044531079823834474,0.20558182314494283,0.0,0.0,0.99,8,exponential
q_learning,sparse_seed3,sparse,3,4a77b6e251,616,225,-11.250000000000025,-10.750000000000023,0.2913489337362468,0.15,0,out_of_energy,0,0,1,0,100,4,0,0,0,55,0.04460223012971863,0.19887582374599488,0.0,0.0,0.99,8,exponential
q_learning,sparse_seed3,sparse,3,4a77b6e251,617,225,-11.250000000000025,-10.750000000000023,0.2907662358687743,0.15,0,out_of_energy,0,0,1,0,108,16,0,0,0,41,0.043868473653727307,0.1420715653617271,0.0,0.0,0.99,8,exponential
q_learning,sparse_seed3,sparse,3,4a77b6e251,618,225,-11.250000000000025,-10.750000000000023,0.2901847033970368,0.15,0,out_of_energy,0,0,1,0,99,27,2,0,0,42,0.04466432999415591,0.23949782073582,0.0,0.0,0.99,8,exponential
q_learning,sparse_seed3,sparse,3,4a77b6e251,619,225,-11.250000000000025,-10.750000000000023,0.2896043339902427,0.15,0,out_of_energy,0,0,1,0,105,37,0,0,0,54,0.04405385851199158,0.20300863664512736,0.0,0.0,0.99,8,exponential
q_learning,sparse_seed3,sparse,3,4a77b6e251,620,225,-11.250000000000025,-10.750000000000023,0.2890251253222622,0.15,0,out_of_energy,0,0,1,0,95,22,0,0,0,46,0.044586253588134284,0.19785017015312156,0.0,0.0,0.99,8,exponential
q_learning,sparse_seed3,sparse,3,4a77b6e251,621,225,-11.250000000000025,-10.750000000000023,0.2884470750716177,0.15,0,out_of_energy,0,0,1,0,104,25,1,0,0,51,0.04413970176222323,0.2809393967293897,0.0,0.0,0.99,8,exponential
q_learning,sparse_seed3,sparse,3,4a77b6e251,622,225,-11.250000000000025,-10.750000000000023,0.2878701809214745,0.15,0,out_of_energy,0,0,1,0,94,1,0,0,0,52,0.04441685714308013,0.18508069043563335,0.0,0.0,0.99,8,exponential
q_learning,sparse_seed3,sparse,3,4a77b6e251,623,225,-11.250000000000025,-10.750000000000023,0.28729444055963155,0.15,0,out_of_energy,0,0,1,0,88,17,0,0,0,46,0.043783222651211706,0.20966349116860128,0.0,0.0,0.99,8,exponential
q_learning,sparse_seed3,sparse,3,4a77b6e251,624,225,-11.250000000000025,-10.750000000000023,0.28671985167851227,0.15,0,out_of_energy,0,0,1,0,102,21,0,0,0,45,0.04406312536991642,0.18977520901454314,0.0,0.0,0.99,8,exponential
q_learning,sparse_seed3,sparse,3,4a77b6e251,625,225,-11.250000000000025,-10.750000000000023,0.2861464119751552,0.15,0,out_of_energy,0,0,1,0,86,19,6,0,0,34,0.045042641951973286,0.2766395602328432,0.0,0.0,0.99,8,exponential
q_learning,sparse_seed3,sparse,3,4a77b6e251,626,225,-11.250000000000025,-10.750000000000023,0.2855741191512049,0.15,0,out_of_energy,0,0,1,0,112,10,0,0,0,44,0.04394058174814564,0.17855085352095962,0.0,0.0,0.99,8,exponential
q_learning,sparse_seed3,sparse,3,4a77b6e251,627,225,-11.250000000000025,-10.750000000000023,0.2850029709129025,0.15,0,out_of_energy,0,0,1,0,98,7,0,0,0,52,0.04456514412115594,0.18417823756254664,0.0,0.0,0.99,8,exponential
q_learning,sparse_seed3,sparse,3,4a77b6e251,628,225,-11.250000000000025,-10.750000000000023,0.2844329649710767,0.15,0,out_of_energy,0,0,1,0,101,5,0,0,0,52,0.04448320568644269,0.20817864240585932,0.0,0.0,0.99,8,exponential
q_learning,sparse_seed3,sparse,3,4a77b6e251,629,225,-11.250000000000025,-10.750000000000023,0.2838640990411345,0.15,0,out_of_energy,0,0,1,0,93,11,0,0,0,35,0.04520057256987575,0.23572239234447465,0.0,0.0,0.99,8,exponential
q_learning,sparse_seed3,sparse,3,4a77b6e251,630,225,-11.250000000000025,-10.750000000000023,0.28329637084305226,0.15,0,out_of_energy,0,0,1,0,96,1,2,0,0,43,0.046215001912960865,0.3675368323784456,0.0,0.0,0.99,8,exponential
q_learning,sparse_seed3,sparse,3,4a77b6e251,631,225,-11.250000000000025,-10.750000000000023,0.2827297781013662,0.15,0,out_of_energy,0,0,1,0,92,19,0,0,0,46,0.04387425694984205,0.19192524096697633,0.0,0.0,0.99,8,exponential
q_learning,sparse_seed3,sparse,3,4a77b6e251,632,225,-11.250000000000025,-10.750000000000023,0.28216431854516344,0.15,0,out_of_energy,0,0,1,0,105,11,0,0,0,32,0.044598482597765526,0.21801542299759236,0.0,0.0,0.99,8,exponential
q_learning,sparse_seed3,sparse,3,4a77b6e251,633,225,-11.250000000000025,-10.750000000000023,0.2815999899080731,0.15,0,out_of_energy,0,0,1,0,98,18,0,0,0,44,0.04640590921599461,0.3245986645273956,0.0,0.0,0.99,8,exponential
q_learning,sparse_seed3,sparse,3,4a77b6e251,634,225,-11.250000000000025,-10.750000000000023,0.281036789928257,0.15,0,out_of_energy,0,0,1,0,97,12,1,0,0,39,0.04467054736682429,0.19783185213769403,0.0,0.0,0.99,8,exponential
q_learning,sparse_seed3,sparse,3,4a77b6e251,635,225,-11.250000000000025,-10.750000000000023,0.2804747163484005,0.15,0,out_of_energy,0,0,1,0,90,27,0,0,0,50,0.044672691262950065,0.20660494858303524,0.0,0.0,0.99,8,exponential
q_learning,sparse_seed3,sparse,3,4a77b6e251,636,225,-11.250000000000025,-10.750000000000023,0.2799137669157037,0.15,0,out_of_energy,0,0,1,0,92,3,0,0,0,29,0.04503642612211462,0.21198840386264525,0.0,0.0,0.99,8,exponential
q_learning,sparse_seed3,sparse,3,4a77b6e251,637,225,-11.250000000000025,-10.750000000000023,0.2793539393818723,0.15,0,out_of_energy,0,0,1,0,91,12,0,0,0,54,0.044489252027759885,0.1960820501345322,0.0,0.0,0.99,8,exponential
q_learning,sparse_seed3,sparse,3,4a77b6e251,638,225,-11.250000000000025,-10.750000000000023,0.2787952315031086,0.15,0,out_of_energy,0,0,1,0,96,35,2,0,0,36,0.04457251867614338,0.2867273040134499,0.0,0.0,0.99,8,exponential
q_learning,sparse_seed3,sparse,3,4a77b6e251,639,225,-1.2500000000000069,-10.650000000000023,0.27823764104010235,0.15,0,out_of_energy,0,0,1,0,107,4,0,0,1,49,0.09672525777516189,8.39907738764178,0.0,0.0,0.99,8,exponential
q_learning,sparse_seed3,sparse,3,4a77b6e251,640,225,-11.250000000000025,-10.650000000000023,0.27768116575802215,0.15,0,out_of_energy,0,0,1,0,88,24,0,0,0,50,0.04495081478549148,0.274238471125531,0.0,0.0,0.99,8,exponential
q_learning,sparse_seed3,sparse,3,4a77b6e251,641,225,-11.250000000000025,-10.650000000000023,0.2771258034265061,0.15,0,out_of_energy,0,0,1,0,81,6,0,0,0,38,0.044412205230382806,0.1827315635906493,0.0,0.0,0.99,8,exponential
q_learning,sparse_seed3,sparse,3,4a77b6e251,642,225,-11.250000000000025,-10.650000000000023,0.2765715518196531,0.15,0,out_of_energy,0,0,1,0,85,9,0,0,0,38,0.0452844832223079,0.25810145157776154,0.0,0.0,0.99,8,exponential
q_learning,sparse_seed3,sparse,3,4a77b6e251,643,225,-11.250000000000025,-10.650000000000023,0.2760184087160138,0.15,0,out_of_energy,0,0,1,0,90,22,4,0,0,43,0.04388721386344708,0.2893912150670362,0.0,0.0,0.99,8,exponential
q_learning,sparse_seed3,sparse,3,4a77b6e251,644,225,-11.250000000000025,-10.650000000000023,0.27546637189858175,0.15,0,out_of_energy,0,0,1,0,91,0,0,0,0,56,0.044270050467640286,0.28781113712082357,0.0,0.0,0.99,8,exponential
q_learning,sparse_seed3,sparse,3,4a77b6e251,645,225,-11.250000000000025,-10.650000000000023,0.2749154391547846,0.15,0,out_of_energy,0,0,1,0,89,8,0,0,0,37,0.04478105510327958,0.23391664884130595,0.0,0.0,0.99,8,exponential
q_learning,sparse_seed3,sparse,3,4a77b6e251,646,225,-11.250000000000025,-10.650000000000023,0.27436560827647505,0.15,0,out_of_energy,0,0,1,0,85,19,0,0,0,46,0.04476830095428004,0.27278723539860267,0.0,0.0,0.99,8,exponential
q_learning,sparse_seed3,sparse,3,4a77b6e251,647,225,-11.250000000000025,-10.650000000000023,0.2738168770599221,0.15,0,out_of_energy,0,0,1,0,92,15,0,0,0,48,0.044182459380877545,0.17810555150867152,0.0,0.0,0.99,8,exponential
q_learning,sparse_seed3,sparse,3,4a77b6e251,648,225,-11.250000000000025,-10.650000000000023,0.2732692433058022,0.15,0,out_of_energy,0,0,1,0,98,23,0,0,0,47,0.045300803625713065,0.20787662076021163,0.0,0.0,0.99,8,exponential
q_learning,sparse_seed3,sparse,3,4a77b6e251,649,225,-11.250000000000025,-10.750000000000023,0.2727227048191906,0.15,0,out_of_energy,0,0,1,0,108,17,0,0,0,45,0.044922299158395795,0.235642306564742,0.0,0.0,0.99,8,exponential
q_learning,sparse_seed3,sparse,3,4a77b6e251,650,225,-11.250000000000025,-10.750000000000023,0.27217725940955223,0.15,0,out_of_energy,0,0,1,0,104,37,0,0,0,49,0.045131794905482775,0.22645351552909698,0.0,0.0,0.99,8,exponential
q_learning,sparse_seed3,sparse,3,4a77b6e251,651,225,-11.250000000000025,-10.750000000000023,0.2716329048907331,0.15,0,out_of_energy,0,0,1,0,100,22,0,0,0,50,0.04540571452731475,0.21030322689686842,0.0,0.0,0.99,8,exponential
q_learning,sparse_seed3,sparse,3,4a77b6e251,652,225,-11.250000000000025,-10.750000000000023,0.2710896390809516,0.15,0,out_of_energy,0,0,1,0,96,28,0,0,0,41,0.044906291517776184,0.2300471413553385,0.0,0.0,0.99,8,exponential
q_learning,sparse_seed3,sparse,3,4a77b6e251,653,225,-11.250000000000025,-10.750000000000023,0.2705474598027897,0.15,0,out_of_energy,0,0,1,0,92,15,8,0,0,41,0.04429558241165446,0.19896716858009428,0.0,0.0,0.99,8,exponential
q_learning,sparse_seed3,sparse,3,4a77b6e251,654,225,-11.250000000000025,-10.750000000000023,0.27000636488318414,0.15,0,out_of_energy,0,0,1,0,93,7,0,0,0,45,0.044498310414080075,0.24179266734660754,0.0,0.0,0.99,8,exponential
q_learning,sparse_seed3,sparse,3,4a77b6e251,655,225,-11.250000000000025,-10.750000000000023,0.26946635215341774,0.15,0,out_of_energy,0,0,1,0,109,22,0,0,0,37,0.044564258833721684,0.22774278356877192,0.0,0.0,0.99,8,exponential
q_learning,sparse_seed3,sparse,3,4a77b6e251,656,225,-11.250000000000025,-10.750000000000023,0.2689274194491109,0.15,0,out_of_energy,0,0,1,0,111,0,0,0,0,47,0.04527832170585132,0.35975012506653115,0.0,0.0,0.99,8,exponential
q_learning,sparse_seed3,sparse,3,4a77b6e251,657,225,-11.250000000000025,-10.750000000000023,0.2683895646102127,0.15,0,out_of_energy,0,0,1,0,94,2,1,0,0,44,0.04479783110715003,0.27070928980653164,0.0,0.0,0.99,8,exponential
q_learning,sparse_seed3,sparse,3,4a77b6e251,658,225,-11.250000000000025,-10.750000000000023,0.2678527854809923,0.15,0,out_of_energy,0,0,1,0,88,17,2,0,0,45,0.044168751067585145,0.20314346372826636,0.0,0.0,0.99,8,exponential
q_learning,sparse_seed3,sparse,3,4a77b6e251,659,225,-1.2499999999999822,-10.650000000000023,0.2673170799100303,0.15,0,out_of_energy,0,0,1,0,103,18,0,0,1,53,0.08714721590679107,7.166633395793749,0.0,0.0,0.99,8,exponential
q_learning,sparse_seed3,sparse,3,4a77b6e251,660,225,-11.250000000000025,-10.650000000000023,0.2667824457502102,0.15,0,out_of_energy,0,0,1,0,88,15,0,0,0,50,0.0450271250076076,0.21931636485366995,0.0,0.0,0.99,8,exponential
q_learning,sparse_seed3,sparse,3,4a77b6e251,661,225,-11.250000000000025,-10.750000000000023,0.2662488808587098,0.15,0,out_of_energy,0,0,1,0,78,5,0,0,0,37,0.044857525333216346,0.18901115747394454,0.0,0.0,0.99,8,exponential
q_learning,sparse_seed3,sparse,3,4a77b6e251,662,225,-11.250000000000025,-10.750000000000023,0.26571638309699236,0.15,0,out_of_energy,0,0,1,0,86,27,0,0,0,46,0.043953711186611344,0.16319523521503282,0.0,0.0,0.99,8,exponential
q_learning,sparse_seed3,sparse,3,4a77b6e251,663,225,-11.250000000000025,-10.750000000000023,0.26518495033079836,0.15,0,out_of_energy,0,0,1,0,81,17,0,0,0,42,0.0437316639952745,0.15088181186596128,0.0,0.0,0.99,8,exponential
q_learning,sparse_seed3,sparse,3,4a77b6e251,664,225,-11.250000000000025,-10.750000000000023,0.2646545804301368,0.15,0,out_of_energy,0,0,1,0,101,22,0,0,0,41,0.04487671525083566,0.21733507393599816,0.0,0.0,0.99,8,exponential
q_learning,sparse_seed3,sparse,3,4a77b6e251,665,225,-11.250000000000025,-10.750000000000023,0.26412527126927654,0.15,0,out_of_energy,0,0,1,0,114,13,0,0,0,53,0.044507823760319455,0.2069262394397302,0.0,0.0,0.99,8,exponential
q_learning,sparse_seed3,sparse,3,4a77b6e251,666,225,-11.250000000000025,-10.750000000000023,0.26359702072673796,0.15,0,out_of_energy,0,0,1,0,102,18,0,0,0,48,0.044541446338278556,0.2014845603973832,0.0,0.0,0.99,8,exponential
q_learning,sparse_seed3,sparse,3,4a77b6e251,667,225,-11.250000000000025,-10.750000000000023,0.2630698266852845,0.15,0,out_of_energy,0,0,1,0,96,10,0,0,0,43,0.045521173878654446,0.20487126907413084,0.0,0.0,0.99,8,exponential
q_learning,sparse_seed3,sparse,3,4a77b6e251,668,225,-11.250000000000025,-10.750000000000023,0.26254368703191394,0.15,0,out_of_energy,0,0,1,0,103,14,0,0,0,43,0.04489437892672278,0.3198544873137616,0.0,0.0,0.99,8,exponential
q_learning,sparse_seed3,sparse,3,4a77b6e251,669,225,-11.250000000000025,-10.750000000000023,0.2620185996578501,0.15,0,out_of_energy,0,0,1,0,94,7,0,0,0,38,0.04418308991797219,0.20702483532666932,0.0,0.0,0.99,8,exponential
q_learning,sparse_seed3,sparse,3,4a77b6e251,670,225,-11.250000000000025,-10.750000000000023,0.2614945624585344,0.15,0,out_of_energy,0,0,1,0,102,16,0,0,0,48,0.043577060658602,0.2271509794731446,0.0,0.0,0.99,8,exponential
q_learning,sparse_seed3,sparse,3,4a77b6e251,671,225,-1.2499999999999822,-10.650000000000023,0.26097157333361737,0.15,0,out_of_energy,0,0,1,0,112,9,0,0,1,32,0.08774205502931955,6.0748385770572275,0.0,0.0,0.99,8,exponential
q_learning,sparse_seed3,sparse,3,4a77b6e251,672,225,-11.250000000000025,-10.650000000000023,0.2604496301869501,0.15,0,out_of_energy,0,0,1,0,78,3,0,0,0,44,0.04432012218872968,0.20834487897182868,0.0,0.0,0.99,8,exponential
q_learning,sparse_seed3,sparse,3,4a77b6e251,673,225,-11.250000000000025,-10.650000000000023,0.2599287309265762,0.15,0,out_of_energy,0,0,1,0,95,27,0,0,0,41,0.04469701882346894,0.1854292176698718,0.0,0.0,0.99,8,exponential
q_learning,sparse_seed3,sparse,3,4a77b6e251,674,225,-11.250000000000025,-10.650000000000023,0.259408873464723,0.15,0,out_of_energy,0,0,1,0,94,3,0,0,0,46,0.04439161669074222,0.28478751064787217,0.0,0.0,0.99,8,exponential
q_learning,sparse_seed3,sparse,3,4a77b6e251,675,225,-11.250000000000025,-10.650000000000023,0.25889005571779355,0.15,0,out_of_energy,0,0,1,0,91,11,5,0,0,48,0.044142420252325655,0.23254075550594938,0.0,0.0,0.99,8,exponential
q_learning,sparse_seed3,sparse,3,4a77b6e251,676,225,-11.250000000000025,-10.750000000000023,0.25837227560635795,0.15,0,out_of_energy,0,0,1,0,84,18,1,0,0,47,0.04449886090748846,0.2599021665296769,0.0,0.0,0.99,8,exponential
q_learning,sparse_seed3,sparse,3,4a77b6e251,677,225,-11.250000000000025,-10.750000000000023,0.25785553105514525,0.15,0,out_of_energy,0,0,1,0,105,34,0,0,0,45,0.04609787793946419,0.34848789874753616,0.0,0.0,0.99,8,exponential
q_learning,sparse_seed3,sparse,3,4a77b6e251,678,225,-11.250000000000025,-10.750000000000023,0.25733981999303496,0.15,0,out_of_energy,0,0,1,0,88,16,7,0,0,48,0.04579088016991174,0.22677623517089696,0.0,0.0,0.99,8,exponential
q_learning,sparse_seed3,sparse,3,4a77b6e251,679,225,-11.250000000000025,-10.750000000000023,0.2568251403530489,0.15,0,out_of_energy,0,0,1,0,95,23,0,0,0,50,0.04483526337666132,0.32817163540065114,0.0,0.0,0.99,8,exponential
q_learning,sparse_seed3,sparse,3,4a77b6e251,680,225,-11.250000000000025,-10.750000000000023,0.2563114900723428,0.15,0,out_of_energy,0,0,1,0,95,28,3,0,0,50,0.044984688083135764,0.25551828666379606,0.0,0.0,0.99,8,exponential
q_learning,sparse_seed3,sparse,3,4a77b6e251,681,225,-11.250000000000025,-10.850000000000023,0.25579886709219807,0.15,0,out_of_energy,0,0,1,0,102,6,0,0,0,49,0.044404938693586395,0.22440433569730883,0.0,0.0,0.99,8,exponential
q_learning,sparse_seed3,sparse,3,4a77b6e251,682,225,-11.250000000000025,-10.850000000000023,0.25528726935801366,0.15,0,out_of_energy,0,0,1,0,76,2,0,0,0,37,0.04477776926158812,0.31840058557818174,0.0,0.0,0.99,8,exponential
q_learning,sparse_seed3,sparse,3,4a77b6e251,683,225,-11.250000000000025,-10.850000000000023,0.25477669481929766,0.15,0,out_of_energy,0,0,1,0,92,27,0,0,0,47,0.043951948095312755,0.27907129458117025,0.0,0.0,0.99,8,exponential
q_learning,sparse_seed3,sparse,3,4a77b6e251,684,225,-11.250000000000025,-10.850000000000023,0.25426714142965906,0.15,0,out_of_energy,0,0,1,0,98,22,0,0,0,54,0.04521388252731602,0.33092841706707565,0.0,0.0,0.99,8,exponential
q_learning,sparse_seed3,sparse,3,4a77b6e251,685,225,-11.250000000000025,-10.850000000000023,0.25375860714679976,0.15,0,out_of_energy,0,0,1,0,101,12,0,0,0,47,0.0441912774828614,0.17832791569759204,0.0,0.0,0.99,8,exponential
q_learning,sparse_seed3,sparse,3,4a77b6e251,686,225,-11.250000000000025,-10.850000000000023,0.25325108993250617,0.15,0,out_of_energy,0,0,1,0,97,12,0,0,0,45,0.04524879608943562,0.18804200568333237,0.0,0.0,0.99,8,exponential
q_learning,sparse_seed3,sparse,3,4a77b6e251,687,225,-11.250000000000025,-10.850000000000023,0.25274458775264114,0.15,0,out_of_energy,0,0,1,0,96,2,0,0,0,42,0.04457337094583876,0.2442160398356289,0.0,0.0,0.99,8,exponential
q_learning,sparse_seed3,sparse,3,4a77b6e251,688,225,-11.250000000000025,-10.850000000000023,0.25223909857713583,0.15,0,out_of_energy,0,0,1,0,95,2,7,0,0,37,0.0452728863281776,0.27709070500382327,0.0,0.0,0.99,8,exponential
q_learning,sparse_seed3,sparse,3,4a77b6e251,689,225,-11.250000000000025,-10.850000000000023,0.25173462037998157,0.15,0,out_of_energy,0,0,1,0,102,1,0,0,0,52,0.04429918321690533,0.22957715578195603,0.0,0.0,0.99,8,exponential
q_learning,sparse_seed3,sparse,3,4a77b6e251,690,225,-11.250000000000025,-10.850000000000023,0.2512311511392216,0.15,0,out_of_energy,0,0,1,0,108,7,0,0,0,43,0.044202618388160086,0.127014090585151,0.0,0.0,0.99,8,exponential
q_learning,sparse_seed3,sparse,3,4a77b6e251,691,225,-11.250000000000025,-10.850000000000023,0.25072868883694316,0.15,0,out_of_energy,0,0,1,0,85,16,0,0,0,45,0.04461545828555809,0.2581390793045525,0.0,0.0,0.99,8,exponential
q_learning,sparse_seed3,sparse,3,4a77b6e251,692,225,-11.250000000000025,-10.850000000000023,0.2502272314592693,0.15,0,out_of_energy,0,0,1,0,98,24,0,0,0,47,0.04341039802421272,0.20109154896133738,0.0,0.0,0.99,8,exponential
q_learning,sparse_seed3,sparse,3,4a77b6e251,693,225,-11.250000000000025,-10.850000000000023,0.24972677699635074,0.15,0,out_of_energy,0,0,1,0,99,43,0,0,0,48,0.04537144273661252,0.3513591120409974,0.0,0.0,0.99,8,exponential
q_learning,sparse_seed3,sparse,3,4a77b6e251,694,225,-11.250000000000025,-10.950000000000022,0.24922732344235804,0.15,0,out_of_energy,0,0,1,0,96,12,2,0,0,46,0.04526412310427579,0.23762604955416497,0.0,0.0,0.99,8,exponential
q_learning,sparse_seed3,sparse,3,4a77b6e251,695,225,-11.250000000000025,-10.950000000000022,0.24872886879547332,0.15,0,out_of_energy,0,0,1,0,100,43,5,0,0,43,0.04501900610948833,0.23815580150420687,0.0,0.0,0.99,8,exponential
q_learning,sparse_seed3,sparse,3,4a77b6e251,696,225,-11.250000000000025,-10.950000000000022,0.24823141105788238,0.15,0,out_of_energy,0,0,1,0,101,6,0,0,0,57,0.04509108021076443,0.2724840007133436,0.0,0.0,0.99,8,exponential
q_learning,sparse_seed3,sparse,3,4a77b6e251,697,225,-11.250000000000025,-10.950000000000022,0.2477349482357666,0.15,0,out_of_energy,0,0,1,0,80,35,0,0,0,63,0.04491269640599812,0.3162201098967734,0.0,0.0,0.99,8,exponential
q_learning,sparse_seed3,sparse,3,4a77b6e251,698,225,-11.250000000000025,-10.950000000000022,0.24723947833929508,0.15,0,out_of_energy,0,0,1,0,90,32,0,0,0,58,0.0451797545403424,0.21198365300281025,0.0,0.0,0.99,8,exponential
q_learning,sparse_seed3,sparse,3,4a77b6e251,699,225,-11.250000000000025,-10.950000000000022,0.2467449993826165,0.15,0,out_of_energy,0,0,1,0,110,15,0,0,0,48,0.045296411303918094,0.22956288388145402,0.0,0.0,0.99,8,exponential
q_learning,sparse_seed3,sparse,3,4a77b6e251,700,225,-11.250000000000025,-10.950000000000022,0.24625150938385126,0.15,0,out_of_energy,0,0,1,0,92,11,0,0,0,45,0.045264900048025844,0.22687649924489922,0.0,0.0,0.99,8,exponential
q_learning,sparse_seed3,sparse,3,4a77b6e251,701,225,-11.250000000000025,-10.950000000000022,0.24575900636508355,0.15,0,out_of_energy,0,0,1,0,85,6,0,0,0,47,0.04548723824973076,0.3170248081016446,0.0,0.0,0.99,8,exponential
q_learning,sparse_seed3,sparse,3,4a77b6e251,702,225,-11.250000000000025,-10.950000000000022,0.24526748835235337,0.15,0,out_of_energy,0,0,1,0,103,12,0,0,0,35,0.044196342946083114,0.12194136462774711,0.0,0.0,0.99,8,exponential
q_learning,sparse_seed3,sparse,3,4a77b6e251,703,225,-11.250000000000025,-10.950000000000022,0.24477695337564867,0.15,0,out_of_energy,0,0,1,0,86,22,0,0,0,36,0.0446657109566299,0.2692858983696369,0.0,0.0,0.99,8,exponential
q_learning,sparse_seed3,sparse,3,4a77b6e251,704,225,-11.250000000000025,-10.950000000000022,0.24428739946889738,0.15,0,out_of_energy,0,0,1,0,108,3,0,0,0,47,0.04503883740413425,0.1844415129914057,0.0,0.0,0.99,8,exponential
q_learning,sparse_seed3,sparse,3,4a77b6e251,705,225,-1.2499999999999822,-10.850000000000023,0.24379882466995959,0.15,0,out_of_energy,0,0,1,0,97,24,0,0,1,44,0.08831804561223586,5.179459201857798,0.0,0.0,0.99,8,exponential
q_learning,sparse_seed3,sparse,3,4a77b6e251,706,225,-1.2499999999999822,-10.750000000000023,0.24331122702061966,0.15,0,out_of_energy,0,0,1,0,104,9,0,0,1,51,0.08969759236474481,8.43858518375,0.0,0.0,0.99,8,exponential
q_learning,sparse_seed3,sparse,3,4a77b6e251,707,225,-11.250000000000025,-10.750000000000023,0.24282460456657842,0.15,0,out_of_energy,0,0,1,0,114,9,0,0,0,55,0.04433947035892416,0.13613242911035817,0.0,0.0,0.99,8,exponential
q_learning,sparse_seed3,sparse,3,4a77b6e251,708,225,-11.250000000000025,-10.750000000000023,0.24233895535744526,0.15,0,out_of_energy,0,0,1,0,92,16,0,0,0,51,0.044434860972261465,0.2919365620025969,0.0,0.0,0.99,8,exponential
q_learning,sparse_seed3,sparse,3,4a77b6e251,709,225,-11.250000000000025,-10.750000000000023,0.24185427744673038,0.15,0,out_of_energy,0,0,1,0,97,16,7,0,0,40,0.04418921290479815,0.20816219485642573,0.0,0.0,0.99,8,exponential
q_learning,sparse_seed3,sparse,3,4a77b6e251,710,225,-1.2499999999999822,-10.650000000000023,0.24137056889183692,0.15,0,out_of_energy,0,0,1,0,98,17,0,0,1,38,0.09646173953708412,9.95,0.0,0.0,0.99,8,exponential
q_learning,sparse_seed3,sparse,3,4a77b6e251,711,225,-1.2499999999999822,-10.550000000000022,0.24088782775405324,0.15,0,out_of_energy,0,0,1,0,113,32,0,0,1,42,0.13571600267102868,5.390094124643108,0.0,0.0,0.99,8,exponential
q_learning,sparse_seed3,sparse,3,4a77b6e251,712,225,-11.250000000000025,-10.550000000000022,0.24040605209854513,0.15,0,out_of_energy,0,0,1,0,95,33,0,0,0,45,0.046486574357543685,0.33026910258270026,0.0,0.0,0.99,8,exponential
q_learning,sparse_seed3,sparse,3,4a77b6e251,713,225,-1.2499999999999911,-10.450000000000022,0.23992523999434803,0.15,0,out_of_energy,0,0,1,0,91,6,0,0,1,51,0.08728818513685682,3.9168557329866753,0.0,0.0,0.99,8,exponential
q_learning,sparse_seed3,sparse,3,4a77b6e251,714,225,-1.2499999999999825,-10.350000000000023,0.23944538951435934,0.15,0,out_of_energy,0,0,1,0,104,6,0,0,1,37,0.0870028710948956,3.867797918761547,0.0,0.0,0.99,8,exponential
q_learning,sparse_seed3,sparse,3,4a77b6e251,715,225,-11.250000000000025,-10.350000000000023,0.23896649873533063,0.15,0,out_of_energy,0,0,1,0,85,17,0,0,0,44,0.045729576455292874,0.32346453056814684,0.0,0.0,0.99,8,exponential
q_learning,sparse_seed3,sparse,3,4a77b6e251,716,225,-11.250000000000025,-10.350000000000023,0.23848856573785998,0.15,0,out_of_energy,0,0,1,0,83,12,0,0,0,46,0.04528263985968229,0.2519015213763509,0.0,0.0,0.99,8,exponential
q_learning,sparse_seed3,sparse,3,4a77b6e251,717,225,-11.250000000000025,-10.350000000000023,0.23801158860638427,0.15,0,out_of_energy,0,0,1,0,79,15,0,0,0,52,0.045147600273860715,0.22561585088076663,0.0,0.0,0.99,8,exponential
q_learning,sparse_seed3,sparse,3,4a77b6e251,718,225,-11.250000000000025,-10.350000000000023,0.2375355654291715,0.15,0,out_of_energy,0,0,1,0,91,18,0,0,0,45,0.04545053405955149,0.2356391665379211,0.0,0.0,0.99,8,exponential
q_learning,sparse_seed3,sparse,3,4a77b6e251,719,225,-11.250000000000025,-10.350000000000023,0.23706049429831316,0.15,0,out_of_energy,0,0,1,0,106,1,0,0,0,42,0.04492885045761647,0.2939466379594604,0.0,0.0,0.99,8,exponential
q_learning,sparse_seed3,sparse,3,4a77b6e251,720,225,-1.2499999999999964,-10.250000000000021,0.23658637330971655,0.15,0,out_of_energy,0,0,1,0,98,7,0,0,1,37,0.08649532490309626,3.8793901918035303,0.0,0.0,0.99,8,exponential
q_learning,sparse_seed3,sparse,3,4a77b6e251,721,225,-11.250000000000025,-10.250000000000023,0.23611320056309712,0.15,0,out_of_energy,0,0,1,0,105,2,0,0,0,49,0.04557452863353298,0.3216460439394695,0.0,0.0,0.99,8,exponential
q_learning,sparse_seed3,sparse,3,4a77b6e251,722,225,-1.2499999999999822,-10.150000000000022,0.2356409741619709,0.15,0,out_of_energy,0,0,1,0,98,17,0,0,1,44,0.08751093310692892,7.152847757584595,0.0,0.0,0.99,8,exponential
q_learning,sparse_seed3,sparse,3,4a77b6e251,723,225,-1.2499999999999822,-10.050000000000022,0.23516969221364697,0.15,0,out_of_energy,0,0,1,0,111,12,0,0,1,56,0.10308141432122818,6.070689808861113,0.0,0.0,0.99,8,exponential
q_learning,sparse_seed3,sparse,3,4a77b6e251,724,225,-11.250000000000025,-10.05000000000002,0.2346993528292197,0.15,0,out_of_energy,0,0,1,0,98,5,0,0,0,47,0.04604052460392921,0.33619064550876027,0.0,0.0,0.99,8,exponential
q_learning,sparse_seed3,sparse,3,4a77b6e251,725,225,-1.2499999999999822,-9.950000000000022,0.23422995412356126,0.15,0,out_of_energy,0,0,1,0,97,11,0,0,1,48,0.08782789379266683,8.450075,0.0,0.0,0.99,8,exponential
q_learning,sparse_seed3,sparse,3,4a77b6e251,726,225,-11.250000000000025,-9.95000000000002,0.23376149421531414,0.15,0,out_of_energy,0,0,1,0,98,24,0,0,0,38,0.044905822813857,0.18722293836388262,0.0,0.0,0.99,8,exponential
q_learning,sparse_seed3,sparse,3,4a77b6e251,727,225,-11.250000000000025,-9.950000000000022,0.2332939712268835,0.15,0,out_of_energy,0,0,1,0,99,22,1,0,0,53,0.04511455829313024,0.28991187180768546,0.0,0.0,0.99,8,exponential
q_learning,sparse_seed3,sparse,3,4a77b6e251,728,225,-11.250000000000025,-9.95000000000002,0.23282738328442973,0.15,0,out_of_energy,0,0,1,0,77,8,0,0,0,41,0.04532390355942529,0.27735188006191,0.0,0.0,0.99,8,exponential
q_learning,sparse_seed3,sparse,3,4a77b6e251,729,225,-11.250000000000025,-9.95000000000002,0.23236172851786085,0.15,0,out_of_energy,0,0,1,0,94,12,0,0,0,53,0.044956576484524106,0.24631790152428662,0.0,0.0,0.99,8,exponential
q_learning,sparse_seed3,sparse,3,4a77b6e251,730,225,-11.250000000000025,-9.95000000000002,0.23189700506082514,0.15,0,out_of_energy,0,0,1,0,90,19,0,0,0,32,0.044990321563274475,0.38164756616779044,0.0,0.0,0.99,8,exponential
q_learning,sparse_seed3,sparse,3,4a77b6e251,731,225,-11.250000000000025,-9.95000000000002,0.2314332110507035,0.15,0,out_of_energy,0,0,1,0,122,6,0,0,0,49,0.04431129330180694,0.23620194287648638,0.0,0.0,0.99,8,exponential
q_learning,sparse_seed3,sparse,3,4a77b6e251,732,225,-11.250000000000025,-9.95000000000002,0.23097034462860208,0.15,0,out_of_energy,0,0,1,0,92,1,0,0,0,36,0.04486962140517875,0.19226686298591528,0.0,0.0,0.99,8,exponential
q_learning,sparse_seed3,sparse,3,4a77b6e251,733,225,-11.250000000000025,-9.95000000000002,0.23050840393934488,0.15,0,out_of_energy,0,0,1,0,94,21,0,0,0,39,0.04442178208891456,0.3333784568253919,0.0,0.0,0.99,8,exponential
q_learning,sparse_seed3,sparse,3,4a77b6e251,734,225,-11.250000000000025,-9.95000000000002,0.2300473871314662,0.15,0,out_of_energy,0,0,1,0,89,8,0,0,0,42,0.043986890245644936,0.2830454603621653,0.0,0.0,0.99,8,exponential
q_learning,sparse_seed3,sparse,3,4a77b6e251,735,225,-11.250000000000025,-9.95000000000002,0.22958729235720327,0.15,0,out_of_energy,0,0,1,0,97,1,0,0,0,37,0.04471915065048011,0.3382444285113666,0.0,0.0,0.99,8,exponential
q_learning,sparse_seed3,sparse,3,4a77b6e251,736,225,-11.250000000000025,-9.95000000000002,0.22912811777248887,0.15,0,out_of_energy,0,0,1,0,98,4,0,0,0,45,0.04447927997712649,0.292624311698387,0.0,0.0,0.99,8,exponential
q_learning,sparse_seed3,sparse,3,4a77b6e251,737,225,-11.250000000000025,-9.95000000000002,0.22866986153694388,0.15,0,out_of_energy,0,0,1,0,107,44,0,0,0,35,0.044612328025284774,0.21377022588492123,0.0,0.0,0.99,8,exponential
q_learning,sparse_seed3,sparse,3,4a77b6e251,738,225,-11.250000000000025,-9.95000000000002,0.22821252181387,0.15,0,out_of_energy,0,0,1,0,104,15,0,0,0,49,0.043930946647379586,0.26045667357511376,0.0,0.0,0.99,8,exponential
q_learning,sparse_seed3,sparse,3,4a77b6e251,739,225,-11.250000000000025,-10.05000000000002,0.22775609677024225,0.15,0,out_of_energy,0,0,1,0,94,23,0,0,0,38,0.044609910144933686,0.32075381207568265,0.0,0.0,0.99,8,exponential
q_learning,sparse_seed3,sparse,3,4a77b6e251,740,225,-11.250000000000025,-10.050000000000022,0.22730058457670177,0.15,0,out_of_energy,0,0,1,0,92,9,0,0,0,47,0.04481943994207267,0.2856565488633587,0.0,0.0,0.99,8,exponential
q_learning,sparse_seed3,sparse,3,4a77b6e251,741,225,-1.2499999999999822,-9.95000000000002,0.22684598340754836,0.15,0,out_of_energy,0,0,1,0,103,27,0,0,1,44,0.09138346438974582,5.140511959638455,0.0,0.0,0.99,8,exponential
q_learning,sparse_seed3,sparse,3,4a77b6e251,742,225,-11.250000000000025,-9.950000000000022,0.22639229144073325,0.15,0,out_of_energy,0,0,1,0,117,8,0,0,0,39,0.04439841974670009,0.28888902284035045,0.0,0.0,0.99,8,exponential
q_learning,sparse_seed3,sparse,3,4a77b6e251,743,225,-11.250000000000025,-9.95000000000002,0.22593950685785177,0.15,0,out_of_energy,0,0,1,0,110,10,0,0,0,48,0.0446475731623784,0.22576768189413116,0.0,0.0,0.99,8,exponential
q_learning,sparse_seed3,sparse,3,4a77b6e251,744,225,-11.250000000000025,-9.950000000000022,0.22548762784413606,0.15,0,out_of_energy,0,0,1,0,96,1,0,0,0,46,0.04431515463601421,0.25828409052274637,0.0,0.0,0.99,8,exponential
q_learning,sparse_seed3,sparse,3,4a77b6e251,745,225,-11.250000000000025,-9.95000000000002,0.2250366525884478,0.15,0,out_of_energy,0,0,1,0,107,20,0,0,0,52,0.04467881339151174,0.30731436902343123,0.0,0.0,0.99,8,exponential
q_learning,sparse_seed3,sparse,3,4a77b6e251,746,225,-11.250000000000025,-9.95000000000002,0.2245865792832709,0.15,0,out_of_energy,0,0,1,0,103,13,0,0,0,51,0.04377570950023978,0.19977582591374704,0.0,0.0,0.99,8,exponential
q_learning,sparse_seed3,sparse,3,4a77b6e251,747,225,-11.250000000000025,-9.95000000000002,0.22413740612470434,0.15,0,out_of_energy,0,0,1,0,100,12,0,0,0,47,0.04510133679174915,0.4065632411436795,0.0,0.0,0.99,8,exponential
q_learning,sparse_seed3,sparse,3,4a77b6e251,748,225,-11.250000000000025,-9.95000000000002,0.22368913131245494,0.15,0,out_of_energy,0,0,1,0,95,19,0,0,0,51,0.04487771597747601,0.23456142541142394,0.0,0.0,0.99,8,exponential
q_learning,sparse_seed3,sparse,3,4a77b6e251,749,225,-11.250000000000025,-9.95000000000002,0.22324175304983002,0.15,0,out_of_energy,0,0,1,0,97,25,10,0,0,60,0.04370282357070076,0.23472096682025126,0.0,0.0,0.99,8,exponential
q_learning,sparse_seed3,sparse,3,4a77b6e251,750,225,-11.250000000000025,-9.95000000000002,0.22279526954373036,0.15,0,out_of_energy,0,0,1,0,94,7,2,0,0,45,0.04484186424834143,0.3167629208329451,0.0,0.0,0.99,8,exponential
q_learning,sparse_seed3,sparse,3,4a77b6e251,751,225,-11.250000000000025,-9.95000000000002,0.2223496790046429,0.15,0,out_of_energy,0,0,1,0,91,15,0,0,0,48,0.04507486925529598,0.28560527549690057,0.0,0.0,0.99,8,exponential
q_learning,sparse_seed3,sparse,3,4a77b6e251,752,225,-1.2499999999999938,-9.850000000000021,0.2219049796466336,0.15,0,out_of_energy,0,0,1,0,113,13,0,0,1,58,0.10617209798547826,3.77427333464155,0.0,0.0,0.99,8,exponential
q_learning,sparse_seed3,sparse,3,4a77b6e251,753,225,-11.250000000000025,-9.850000000000021,0.22146116968734034,0.15,0,out_of_energy,0,0,1,0,100,29,0,0,0,47,0.04547426905436554,0.21579767194174065,0.0,0.0,0.99,8,exponential
q_learning,sparse_seed3,sparse,3,4a77b6e251,754,225,-11.250000000000025,-9.850000000000021,0.22101824734796566,0.15,0,out_of_energy,0,0,1,0,78,11,0,0,0,48,0.04504624695171914,0.2041854237659385,0.0,0.0,0.99,8,exponential
q_learning,sparse_seed3,sparse,3,4a77b6e251,755,225,-11.250000000000025,-9.850000000000021,0.22057621085326973,0.15,0,out_of_energy,0,0,1,0,99,3,0,0,0,51,0.04553566782195461,0.24286506219327741,0.0,0.0,0.99,8,exponential
q_learning,sparse_seed3,sparse,3,4a77b6e251,756,225,-11.250000000000025,-9.850000000000021,0.2201350584315632,0.15,0,out_of_energy,0,0,1,0,93,13,0,0,0,48,0.0439073697663715,0.28882613283891356,0.0,0.0,0.99,8,exponential
q_learning,sparse_seed3,sparse,3,4a77b6e251,757,225,-11.250000000000025,-9.850000000000021,0.21969478831470007,0.15,0,out_of_energy,0,0,1,0,89,2,0,0,0,51,0.0436862352311086,0.2727183554869149,0.0,0.0,0.99,8,exponential
q_learning,sparse_seed3,sparse,3,4a77b6e251,758,225,-11.250000000000025,-9.850000000000021,0.21925539873807068,0.15,0,out_of_energy,0,0,1,0,93,20,0,0,0,46,0.04630503482897549,0.4205722465659918,0.0,0.0,0.99,8,exponential
q_learning,sparse_seed3,sparse,3,4a77b6e251,759,225,-11.250000000000025,-9.95000000000002,0.21881688794059453,0.15,0,out_of_energy,0,0,1,0,94,27,0,0,0,36,0.04572879308023448,0.36591977737060116,0.0,0.0,0.99,8,exponential
q_learning,sparse_seed3,sparse,3,4a77b6e251,760,225,-11.250000000000025,-9.95000000000002,0.21837925416471335,0.15,0,out_of_energy,0,0,1,0,105,18,0,0,0,44,0.045226891609502315,0.3426613164057335,0.0,0.0,0.99,8,exponential
q_learning,sparse_seed3,sparse,3,4a77b6e251,761,225,-11.250000000000025,-9.95000000000002,0.21794249565638393,0.15,0,out_of_energy,0,0,1,0,106,11,0,0,0,41,0.04503698161014662,0.29049139019519554,0.0,0.0,0.99,8,exponential
q_learning,sparse_seed3,sparse,3,4a77b6e251,762,225,-11.250000000000025,-9.95000000000002,0.21750661066507115,0.15,0,out_of_energy,0,0,1,0,99,18,0,0,0,57,0.04562318468004714,0.38745205753546064,0.0,0.0,0.99,8,exponential
q_learning,sparse_seed3,sparse,3,4a77b6e251,763,225,-11.250000000000025,-9.95000000000002,0.21707159744374102,0.15,0,out_of_energy,0,0,1,0,120,11,0,0,0,45,0.04490747669283752,0.31849864660087457,0.0,0.0,0.99,8,exponential
q_learning,sparse_seed3,sparse,3,4a77b6e251,764,225,-11.250000000000025,-9.95000000000002,0.21663745424885353,0.15,0,out_of_energy,0,0,1,0,112,3,0,0,0,40,0.04416185269282458,0.23630445142082354,0.0,0.0,0.99,8,exponential
q_learning,sparse_seed3,sparse,3,4a77b6e251,765,225,-11.250000000000025,-9.95000000000002,0.21620417934035582,0.15,0,out_of_energy,0,0,1,0,95,20,0,0,0,41,0.044136507018972614,0.1930504724521938,0.0,0.0,0.99,8,exponential
q_learning,sparse_seed3,sparse,3,4a77b6e251,766,225,-11.250000000000025,-9.95000000000002,0.2157717709816751,0.15,0,out_of_energy,0,0,1,0,98,15,0,0,0,47,0.04511989769720666,0.2602373291215613,0.0,0.0,0.99,8,exponential
q_learning,sparse_seed3,sparse,3,4a77b6e251,767,225,-11.250000000000025,-9.95000000000002,0.21534022743971176,0.15,0,out_of_energy,0,0,1,0,95,18,0,0,0,43,0.045044094136119844,0.2629950867795068,0.0,0.0,0.99,8,exponential
q_learning,sparse_seed3,sparse,3,4a77b6e251,768,225,-11.250000000000025,-9.95000000000002,0.21490954698483233,0.15,0,out_of_energy,0,0,1,0,98,14,0,0,0,52,0.04569911435007868,0.3494285239096523,0.0,0.0,0.99,8,exponential
q_learning,sparse_seed3,sparse,3,4a77b6e251,769,225,-1.2499999999999822,-9.850000000000021,0.21447972789086267,0.15,0,out_of_energy,0,0,1,0,110,20,0,0,1,47,0.13990736535609005,5.405562683329124,0.0,0.0,0.99,8,exponential
q_learning,sparse_seed3,sparse,3,4a77b6e251,770,225,-1.2499999999999822,-9.750000000000021,0.21405076843508095,0.15,0,out_of_energy,0,0,1,0,99,16,0,0,1,33,0.09455939746128982,7.1762525,0.0,0.0,0.99,8,exponential
q_learning,sparse_seed3,sparse,3,4a77b6e251,771,225,-1.2499999999999822,-9.750000000000021,0.21362266689821077,0.15,0,out_of_energy,0,0,1,0,87,20,0,0,1,49,0.09013494793238329,6.104563944481249,0.0,0.0,0.99,8,exponential
q_learning,sparse_seed3,sparse,3,4a77b6e251,772,225,-11.250000000000025,-9.750000000000021,0.21319542156441434,0.15,0,out_of_energy,0,0,1,0,92,24,0,0,0,51,0.04448428721810757,0.28769695046309046,0.0,0.0,0.99,8,exponential
q_learning,sparse_seed3,sparse,3,4a77b6e251,773,225,-1.2499999999999822,-9.65000000000002,0.21276903072128553,0.15,0,out_of_energy,0,0,1,0,105,6,0,0,1,43,0.08983069690319982,3.840457622138765,0.0,0.0,0.99,8,exponential
q_learning,sparse_seed3,sparse,3,4a77b6e251,774,225,-11.250000000000025,-9.65000000000002,0.21234349265984295,0.15,0,out_of_energy,0,0,1,0,111,6,0,0,0,40,0.046167959552101887,0.2513391180753312,0.0,0.0,0.99,8,exponential
q_learning,sparse_seed3,sparse,3,4a77b6e251,775,225,-1.2499999999999822,-9.55000000000002,0.21191880567452326,0.15,0,out_of_energy,0,0,1,0,95,6,0,0,1,45,0.11197232454296609,3.8051571688332086,0.0,0.0,0.99,8,exponential
q_learning,sparse_seed3,sparse,3,4a77b6e251,776,225,-11.250000000000025,-9.55000000000002,0.21149496806317422,0.15,0,out_of_energy,0,0,1,0,113,21,0,0,0,58,0.04488651133874843,0.25372328332434374,0.0,0.0,0.99,8,exponential
q_learning,sparse_seed3,sparse,3,4a77b6e251,777,225,-11.250000000000025,-9.550000000000018,0.21107197812704787,0.15,0,out_of_energy,0,0,1,0,104,9,0,0,0,31,0.044640556194788995,0.17732398470327937,0.0,0.0,0.99,8,exponential
q_learning,sparse_seed3,sparse,3,4a77b6e251,778,225,-11.250000000000025,-9.550000000000018,0.21064983417079378,0.15,0,out_of_energy,0,0,1,0,87,12,0,0,0,37,0.04475298661852375,0.345576033379256,0.0,0.0,0.99,8,exponential
q_learning,sparse_seed3,sparse,3,4a77b6e251,779,225,-11.250000000000025,-9.550000000000018,0.21022853450245219,0.15,0,out_of_energy,0,0,1,0,95,3,0,0,0,52,0.043783465025177264,0.15292278913982055,0.0,0.0,0.99,8,exponential
q_learning,sparse_seed3,sparse,3,4a77b6e251,780,225,-11.250000000000025,-9.550000000000018,0.2098080774334473,0.15,0,out_of_energy,0,0,1,0,98,10,0,0,0,38,0.04525921999337419,0.26343920548413374,0.0,0.0,0.99,8,exponential
q_learning,sparse_seed3,sparse,3,4a77b6e251,781,225,-11.250000000000025,-9.550000000000018,0.20938846127858038,0.15,0,out_of_energy,0,0,1,0,116,12,0,0,0,51,0.04363397820645814,0.1864292281956742,0.0,0.0,0.99,8,exponential
q_learning,sparse_seed3,sparse,3,4a77b6e251,782,225,-11.250000000000025,-9.550000000000018,0.20896968435602323,0.15,0,out_of_energy,0,0,1,0,103,17,3,0,0,44,0.044748939383616466,0.35122800824161204,0.0,0.0,0.99,8,exponential
q_learning,sparse_seed3,sparse,3,4a77b6e251,783,225,-11.250000000000025,-9.550000000000018,0.2085517449873112,0.15,0,out_of_energy,0,0,1,0,105,6,0,0,0,42,0.045618088405693584,0.3517389541344897,0.0,0.0,0.99,8,exponential
q_learning,sparse_seed3,sparse,3,4a77b6e251,784,225,-11.250000000000025,-9.550000000000018,0.20813464149733657,0.15,0,out_of_energy,0,0,1,0,88,14,0,0,0,50,0.04509537209469278,0.2322890029753517,0.0,0.0,0.99,8,exponential
q_learning,sparse_seed3,sparse,3,4a77b6e251,785,225,-11.250000000000025,-9.550000000000018,0.2077183722143419,0.15,0,out_of_energy,0,0,1,0,92,5,0,0,0,36,0.04455695238639545,0.3449376093477099,0.0,0.0,0.99,8,exponential
q_learning,sparse_seed3,sparse,3,4a77b6e251,786,225,-11.250000000000025,-9.550000000000018,0.2073029354699132,0.15,0,out_of_energy,0,0,1,0,111,16,0,0,0,49,0.044538798756126874,0.35098025337441885,0.0,0.0,0.99,8,exponential
q_learning,sparse_seed3,sparse,3,4a77b6e251,787,225,-11.250000000000025,-9.550000000000018,0.20688832959897338,0.15,0,out_of_energy,0,0,1,0,101,8,0,0,0,44,0.04507243325318034,0.3176161678055046,0.0,0.0,0.99,8,exponential
q_learning,sparse_seed3,sparse,3,4a77b6e251,788,225,-11.250000000000025,-9.550000000000018,0.20647455293977543,0.15,0,out_of_energy,0,0,1,0,99,9,0,0,0,42,0.043585921928670605,0.14070116667239535,0.0,0.0,0.99,8,exponential
q_learning,sparse_seed3,sparse,3,4a77b6e251,789,225,-11.250000000000025,-9.550000000000018,0.20606160383389588,0.15,0,out_of_energy,0,0,1,0,91,1,0,0,0,45,0.04451307210956123,0.21640116401207904,0.0,0.0,0.99,8,exponential
q_learning,sparse_seed3,sparse,3,4a77b6e251,790,225,-11.250000000000025,-9.550000000000018,0.2056494806262281,0.15,0,out_of_energy,0,0,1,0,85,14,0,0,0,48,0.04468240946262874,0.254518225313954,0.0,0.0,0.99,8,exponential
q_learning,sparse_seed3,sparse,3,4a77b6e251,791,225,-11.250000000000025,-9.550000000000018,0.20523818166497565,0.15,0,out_of_energy,0,0,1,0,90,19,0,0,0,48,0.04424537802044216,0.1894675935387709,0.0,0.0,0.99,8,exponential
q_learning,sparse_seed3,sparse,3,4a77b6e251,792,225,-11.250000000000025,-9.550000000000018,0.2048277053016457,0.15,0,out_of_energy,0,0,1,0,116,1,0,0,0,52,0.044071899865475266,0.2460399367716136,0.0,0.0,0.99,8,exponential
q_learning,sparse_seed3,sparse,3,4a77b6e251,793,225,-11.250000000000025,-9.550000000000018,0.20441804989104242,0.15,0,out_of_energy,0,0,1,0,97,1,0,0,0,46,0.04486292958893955,0.2611312075184235,0.0,0.0,0.99,8,exponential
q_learning,sparse_seed3,sparse,3,4a77b6e251,794,225,-11.250000000000025,-9.550000000000018,0.20400921379126033,0.15,0,out_of_energy,0,0,1,0,97,3,0,0,0,40,0.044854316736365134,0.3037771094585042,0.0,0.0,0.99,8,exponential
q_learning,sparse_seed3,sparse,3,4a77b6e251,795,225,-11.250000000000025,-9.550000000000018,0.20360119536367782,0.15,0,out_of_energy,0,0,1,0,95,6,0,0,0,45,0.04495771132694243,0.3333031727588557,0.0,0.0,0.99,8,exponential
q_learning,sparse_seed3,sparse,3,4a77b6e251,796,225,-11.250000000000025,-9.550000000000018,0.20319399297295046,0.15,0,out_of_energy,0,0,1,0,104,9,0,0,0,43,0.04512346502385607,0.2943480991056525,0.0,0.0,0.99,8,exponential
q_learning,sparse_seed3,sparse,3,4a77b6e251,797,225,-11.250000000000025,-9.550000000000018,0.20278760498700457,0.15,0,out_of_energy,0,0,1,0,91,18,0,0,0,47,0.04520367172985011,0.20741766373373666,0.0,0.0,0.99,8,exponential
q_learning,sparse_seed3,sparse,3,4a77b6e251,798,225,-11.250000000000025,-9.550000000000018,0.20238202977703057,0.15,0,out_of_energy,0,0,1,0,100,15,0,0,0,38,0.04419274984610042,0.23072753311942826,0.0,0.0,0.99,8,exponential
q_learning,sparse_seed3,sparse,3,4a77b6e251,799,225,-11.250000000000025,-9.550000000000018,0.2019772657174765,0.15,0,out_of_energy,0,0,1,0,105,1,0,0,0,40,0.04450671715854122,0.18562292987425422,0.0,0.0,0.99,8,exponential
q_learning,sparse_seed3,sparse,3,4a77b6e251,800,225,-11.250000000000025,-9.550000000000018,0.20157331118604155,0.15,0,out_of_energy,0,0,1,0,103,18,0,0,0,44,0.04395314724930654,0.2535415706271373,0.0,0.0,0.99,8,exponential
q_learning,sparse_seed3,sparse,3,4a77b6e251,801,225,-11.250000000000025,-9.550000000000018,0.20117016456366946,0.15,0,out_of_energy,0,0,1,0,82,25,2,0,0,46,0.0452472883375043,0.26211722358635664,0.0,0.0,0.99,8,exponential
q_learning,sparse_seed3,sparse,3,4a77b6e251,802,225,-11.250000000000025,-9.550000000000018,0.20076782423454212,0.15,0,out_of_energy,0,0,1,0,94,36,0,0,0,45,0.04562473466785578,0.2498515015191517,0.0,0.0,0.99,8,exponential
q_learning,sparse_seed3,sparse,3,4a77b6e251,803,225,-11.250000000000025,-9.550000000000018,0.20036628858607303,0.15,0,out_of_energy,0,0,1,0,89,7,0,0,0,47,0.04449809520845531,0.3128880802831611,0.0,0.0,0.99,8,exponential
q_learning,sparse_seed3,sparse,3,4a77b6e251,804,225,-11.250000000000025,-9.550000000000018,0.19996555600890087,0.15,0,out_of_energy,0,0,1,0,91,21,3,0,0,57,0.044529051385227295,0.2634290167769787,0.0,0.0,0.99,8,exponential
q_learning,sparse_seed3,sparse,3,4a77b6e251,805,225,-11.250000000000025,-9.65000000000002,0.19956562489688306,0.15,0,out_of_energy,0,0,1,0,116,6,0,0,0,34,0.04464782173388332,0.2541442676829415,0.0,0.0,0.99,8,exponential
q_learning,sparse_seed3,sparse,3,4a77b6e251,806,225,-11.250000000000025,-9.750000000000021,0.1991664936470893,0.15,0,out_of_energy,0,0,1,0,99,21,0,0,0,39,0.043096035530387655,0.2261690814394306,0.0,0.0,0.99,8,exponential
q_learning,sparse_seed3,sparse,3,4a77b6e251,807,225,-11.250000000000025,-9.750000000000021,0.1987681606597951,0.15,0,out_of_energy,0,0,1,0,93,12,0,0,0,47,0.04475969191246724,0.28293130097538377,0.0,0.0,0.99,8,exponential
q_learning,sparse_seed3,sparse,3,4a77b6e251,808,225,-11.250000000000025,-9.750000000000021,0.19837062433847552,0.15,0,out_of_energy,0,0,1,0,94,12,0,0,0,49,0.04428123986182426,0.1848294718540474,0.0,0.0,0.99,8,exponential
q_learning,sparse_seed3,sparse,3,4a77b6e251,809,225,-11.250000000000025,-9.750000000000021,0.19797388308979857,0.15,0,out_of_energy,0,0,1,0,100,7,3,0,0,45,0.044130307405793524,0.23703923202629906,0.0,0.0,0.99,8,exponential
q_learning,sparse_seed3,sparse,3,4a77b6e251,810,225,-11.250000000000025,-9.850000000000021,0.19757793532361898,0.15,0,out_of_energy,0,0,1,0,94,5,0,0,0,43,0.04455823756779629,0.25788148443537107,0.0,0.0,0.99,8,exponential
q_learning,sparse_seed3,sparse,3,4a77b6e251,811,225,-11.250000000000025,-9.95000000000002,0.19718277945297175,0.15,0,out_of_energy,0,0,1,0,91,39,1,0,0,38,0.04527771207695722,0.2852133694953566,0.0,0.0,0.99,8,exponential
q_learning,sparse_seed3,sparse,3,4a77b6e251,812,225,-11.250000000000025,-9.95000000000002,0.1967884138940658,0.15,0,out_of_energy,0,0,1,0,90,21,0,0,0,41,0.04424233697137006,0.3193491708285854,0.0,0.0,0.99,8,exponential
q_learning,sparse_seed3,sparse,3,4a77b6e251,813,225,-11.250000000000025,-10.05000000000002,0.19639483706627767,0.15,0,out_of_energy,0,0,1,0,91,15,0,0,0,39,0.04417437746132361,0.20375183930475096,0.0,0.0,0.99,8,exponential
q_learning,sparse_seed3,sparse,3,4a77b6e251,814,225,-11.250000000000025,-10.15000000000002,0.1960020473921451,0.15,0,out_of_energy,0,0,1,0,103,1,0,0,0,50,0.04389373065423075,0.22129762524007873,0.0,0.0,0.99,8,exponential
q_learning,sparse_seed3,sparse,3,4a77b6e251,815,225,-11.250000000000025,-10.15000000000002,0.1956100432973608,0.15,0,out_of_energy,0,0,1,0,89,16,0,0,0,45,0.044714234087535845,0.24525576697606172,0.0,0.0,0.99,8,exponential
q_learning,sparse_seed3,sparse,3,4a77b6e251,816,225,-11.250000000000025,-10.15000000000002,0.19521882321076608,0.15,0,out_of_energy,0,0,1,0,107,7,0,0,0,53,0.04509953141650003,0.27579545147958545,0.0,0.0,0.99,8,exponential
q_learning,sparse_seed3,sparse,3,4a77b6e251,817,225,-11.250000000000025,-10.150000000000022,0.19482838556434456,0.15,0,out_of_energy,0,0,1,0,103,15,0,0,0,57,0.04591039906099336,0.18529722363305295,0.0,0.0,0.99,8,exponential
q_learning,sparse_seed3,sparse,3,4a77b6e251,818,225,-11.250000000000025,-10.15000000000002,0.1944387287932159,0.15,0,out_of_energy,0,0,1,0,104,3,0,0,0,40,0.045259886795403236,0.3442267016537927,0.0,0.0,0.99,8,exponential
q_learning,sparse_seed3,sparse,3,4a77b6e251,819,225,-11.250000000000025,-10.15000000000002,0.19404985133562946,0.15,0,out_of_energy,0,0,1,0,90,2,0,0,0,43,0.04542021414417554,0.23104502053347387,0.0,0.0,0.99,8,exponential
q_learning,sparse_seed3,sparse,3,4a77b6e251,820,225,-11.250000000000025,-10.250000000000023,0.1936617516329582,0.15,0,out_of_energy,0,0,1,0,100,25,0,0,0,38,0.04466042290861094,0.18132528386046592,0.0,0.0,0.99,8,exponential
q_learning,sparse_seed3,sparse,3,4a77b6e251,821,225,-11.250000000000025,-10.250000000000023,0.19327442812969228,0.15,0,out_of_energy,0,0,1,0,91,16,0,0,0,52,0.04400504835701606,0.26409207961984066,0.0,0.0,0.99,8,exponential
q_learning,sparse_seed3,sparse,3,4a77b6e251,822,225,-11.250000000000025,-10.350000000000023,0.1928878792734329,0.15,0,out_of_energy,0,0,1,0,92,25,0,0,0,46,0.04553710750441071,0.2660733197220612,0.0,0.0,0.99,8,exponential
q_learning,sparse_seed3,sparse,3,4a77b6e251,823,225,-11.250000000000025,-10.450000000000022,0.19250210351488603,0.15,0,out_of_energy,0,0,1,0,105,19,0,0,0,46,0.043707007285190135,0.2779925013475034,0.0,0.0,0.99,8,exponential
q_learning,sparse_seed3,sparse,3,4a77b6e251,824,225,-11.250000000000025,-10.450000000000022,0.19211709930785625,0.15,0,out_of_energy,0,0,1,0,103,3,0,0,0,48,0.04435745533204232,0.2009224491037369,0.0,0.0,0.99,8,exponential
q_learning,sparse_seed3,sparse,3,4a77b6e251,825,225,-11.250000000000025,-10.550000000000022,0.19173286510924054,0.15,0,out_of_energy,0,0,1,0,88,18,0,0,0,60,0.04547606904034172,0.2776911289167943,0.0,0.0,0.99,8,exponential
q_learning,sparse_seed3,sparse,3,4a77b6e251,826,225,-11.250000000000025,-10.550000000000022,0.19134939937902207,0.15,0,out_of_energy,0,0,1,0,94,42,0,0,0,41,0.04575339436664808,0.27173872423501255,0.0,0.0,0.99,8,exponential
q_learning,sparse_seed3,sparse,3,4a77b6e251,827,225,-11.250000000000025,-10.550000000000022,0.19096670058026402,0.15,0,out_of_energy,0,0,1,0,97,19,0,0,0,48,0.045083378603117064,0.24755712017413134,0.0,0.0,0.99,8,exponential
q_learning,sparse_seed3,sparse,3,4a77b6e251,828,225,-11.250000000000025,-10.550000000000022,0.1905847671791035,0.15,0,out_of_energy,0,0,1,0,103,3,0,0,0,49,0.04506205462996333,0.3025394796613234,0.0,0.0,0.99,8,exponential
q_learning,sparse_seed3,sparse,3,4a77b6e251,829,225,-11.250000000000025,-10.550000000000022,0.1902035976447453,0.15,0,out_of_energy,0,0,1,0,83,2,0,0,0,47,0.04436235792414856,0.21657863677692935,0.0,0.0,0.99,8,exponential
q_learning,sparse_seed3,sparse,3,4a77b6e251,830,225,-11.250000000000025,-10.550000000000022,0.1898231904494558,0.15,0,out_of_energy,0,0,1,0,109,14,1,0,0,50,0.04423522391675696,0.25792351946033826,0.0,0.0,0.99,8,exponential
q_learning,sparse_seed3,sparse,3,4a77b6e251,831,225,-11.250000000000025,-10.550000000000022,0.1894435440685569,0.15,0,out_of_energy,0,0,1,0,106,1,0,0,0,58,0.04489041887646181,0.2823934310326822,0.0,0.0,0.99,8,exponential
q_learning,sparse_seed3,sparse,3,4a77b6e251,832,225,-11.250000000000025,-10.550000000000022,0.1890646569804198,0.15,0,out_of_energy,0,0,1,0,96,5,0,0,0,39,0.04555196281867085,0.3173525872195174,0.0,0.0,0.99,8,exponential
q_learning,sparse_seed3,sparse,3,4a77b6e251,833,225,-11.250000000000025,-10.550000000000022,0.18868652766645896,0.15,0,out_of_energy,0,0,1,0,84,2,0,0,0,45,0.04619792114683604,0.26269869715485905,0.0,0.0,0.99,8,exponential
q_learning,sparse_seed3,sparse,3,4a77b6e251,834,225,-11.250000000000025,-10.550000000000022,0.18830915461112605,0.15,0,out_of_energy,0,0,1,0,102,6,0,0,0,52,0.04426632741132268,0.20234890323497295,0.0,0.0,0.99,8,exponential
q_learning,sparse_seed3,sparse,3,4a77b6e251,835,225,-11.250000000000025,-10.550000000000022,0.1879325363019038,0.15,0,out_of_energy,0,0,1,0,95,20,1,0,0,49,0.045161527086033625,0.3264859480263924,0.0,0.0,0.99,8,exponential
q_learning,sparse_seed3,sparse,3,4a77b6e251,836,225,-11.250000000000025,-10.550000000000022,0.18755667122929998,0.15,0,out_of_energy,0,0,1,0,104,14,0,0,0,45,0.04498751149110629,0.3219018416962443,0.0,0.0,0.99,8,exponential
q_learning,sparse_seed3,sparse,3,4a77b6e251,837,225,-11.250000000000025,-10.550000000000022,0.18718155788684138,0.15,0,out_of_energy,0,0,1,0,98,11,0,0,0,40,0.04425051521428103,0.22293229220568783,0.0,0.0,0.99,8,exponential
q_learning,sparse_seed3,sparse,3,4a77b6e251,838,225,-11.250000000000025,-10.550000000000022,0.1868071947710677,0.15,0,out_of_energy,0,0,1,0,92,22,2,0,0,29,0.04448464536783295,0.20889342213033907,0.0,0.0,0.99,8,exponential
q_learning,sparse_seed3,sparse,3,4a77b6e251,839,225,-11.250000000000025,-10.550000000000022,0.18643358038152555,0.15,0,out_of_energy,0,0,1,0,114,68,1,0,0,45,0.04480223475041016,0.3374669645243052,0.0,0.0,0.99,8,exponential
q_learning,sparse_seed3,sparse,3,4a77b6e251,840,225,-11.250000000000025,-10.550000000000022,0.1860607132207625,0.15,0,out_of_energy,0,0,1,0,104,32,0,0,0,47,0.04522606227508086,0.2513474629232682,0.0,0.0,0.99,8,exponential
q_learning,sparse_seed3,sparse,3,4a77b6e251,841,225,-11.250000000000025,-10.650000000000023,0.18568859179432098,0.15,0,out_of_energy,0,0,1,0,101,19,3,0,0,44,0.04414090017832349,0.2659930767802384,0.0,0.0,0.99,8,exponential
q_learning,sparse_seed3,sparse,3,4a77b6e251,842,225,-11.250000000000025,-10.650000000000023,0.18531721461073233,0.15,0,out_of_energy,0,0,1,0,114,7,0,0,0,46,0.04450137288002227,0.32420777031297404,0.0,0.0,0.99,8,exponential
q_learning,sparse_seed3,sparse,3,4a77b6e251,843,225,-11.250000000000025,-10.650000000000023,0.18494658018151086,0.15,0,out_of_energy,0,0,1,0,102,5,3,0,0,42,0.044596470403834326,0.28142988908643013,0.0,0.0,0.99,8,exponential
q_learning,sparse_seed3,sparse,3,4a77b6e251,844,225,-11.250000000000025,-10.650000000000023,0.18457668702114785,0.15,0,out_of_energy,0,0,1,0,93,28,3,0,0,26,0.044894338303369336,0.29505209596063614,0.0,0.0,0.99,8,exponential
q_learning,sparse_seed3,sparse,3,4a77b6e251,845,225,-11.250000000000025,-10.650000000000023,0.18420753364710554,0.15,0,out_of_energy,0,0,1,0,92,4,0,0,0,46,0.044267907961326056,0.23491773932418208,0.0,0.0,0.99,8,exponential
q_learning,sparse_seed3,sparse,3,4a77b6e251,846,225,-11.250000000000025,-10.650000000000023,0.18383911857981133,0.15,0,out_of_energy,0,0,1,0,103,29,0,0,0,26,0.04547769531330062,0.24941178242338158,0.0,0.0,0.99,8,exponential
q_learning,sparse_seed3,sparse,3,4a77b6e251,847,225,-11.250000000000025,-10.650000000000023,0.1834714403426517,0.15,0,out_of_energy,0,0,1,0,102,7,0,0,0,45,0.045082480142215144,0.2574105352635295,0.0,0.0,0.99,8,exponential
q_learning,sparse_seed3,sparse,3,4a77b6e251,848,225,-11.250000000000025,-10.650000000000023,0.1831044974619664,0.15,0,out_of_energy,0,0,1,0,91,5,0,0,0,46,0.044721878301706,0.3342349207676588,0.0,0.0,0.99,8,exponential
q_learning,sparse_seed3,sparse,3,4a77b6e251,849,225,-11.250000000000025,-10.650000000000023,0.18273828846704246,0.15,0,out_of_energy,0,0,1,0,95,11,0,0,0,35,0.045326063780273464,0.2654457781039651,0.0,0.0,0.99,8,exponential
q_learning,sparse_seed3,sparse,3,4a77b6e251,850,225,-11.250000000000025,-10.650000000000023,0.18237281189010837,0.15,0,out_of_energy,0,0,1,0,78,8,0,0,0,40,0.044818423568784294,0.27425215318095525,0.0,0.0,0.99,8,exponential
q_learning,sparse_seed3,sparse,3,4a77b6e251,851,225,-11.250000000000025,-10.650000000000023,0.18200806626632815,0.15,0,out_of_energy,0,0,1,0,104,6,0,0,0,47,0.04400666365148696,0.17887881683179296,0.0,0.0,0.99,8,exponential
q_learning,sparse_seed3,sparse,3,4a77b6e251,852,225,-11.250000000000025,-10.750000000000023,0.1816440501337955,0.15,0,out_of_energy,0,0,1,0,91,9,8,0,0,38,0.04478322779357901,0.3285681390329015,0.0,0.0,0.99,8,exponential
q_learning,sparse_seed3,sparse,3,4a77b6e251,853,225,-11.250000000000025,-10.750000000000023,0.18128076203352791,0.15,0,out_of_energy,0,0,1,0,90,5,0,0,0,40,0.045203862986295244,0.32503385811534014,0.0,0.0,0.99,8,exponential
q_learning,sparse_seed3,sparse,3,4a77b6e251,854,225,-11.250000000000025,-10.750000000000023,0.18091820050946086,0.15,0,out_of_energy,0,0,1,0,93,24,0,0,0,55,0.0458753677159972,0.31299752943567627,0.0,0.0,0.99,8,exponential
q_learning,sparse_seed3,sparse,3,4a77b6e251,855,225,-11.250000000000025,-10.750000000000023,0.18055636410844195,0.15,0,out_of_energy,0,0,1,0,101,14,0,0,0,49,0.044266233834595686,0.3208720972837301,0.0,0.0,0.99,8,exponential
q_learning,sparse_seed3,sparse,3,4a77b6e251,856,225,-11.250000000000025,-10.750000000000023,0.18019525138022507,0.15,0,out_of_energy,0,0,1,0,106,41,0,0,0,42,0.04417707309575743,0.24520480811278111,0.0,0.0,0.99,8,exponential
q_learning,sparse_seed3,sparse,3,4a77b6e251,857,225,-1.2500000000000195,-10.650000000000023,0.17983486087746461,0.15,0,out_of_energy,0,0,1,0,104,5,0,0,1,48,0.0865096375780115,7.093896714990959,0.0,0.0,0.99,8,exponential
q_learning,sparse_seed3,sparse,3,4a77b6e251,858,225,-11.250000000000025,-10.650000000000023,0.17947519115570967,0.15,0,out_of_energy,0,0,1,0,93,9,0,0,0,42,0.0451429683016075,0.18383682318396488,0.0,0.0,0.99,8,exponential
q_learning,sparse_seed3,sparse,3,4a77b6e251,859,225,-11.250000000000025,-10.650000000000023,0.17911624077339824,0.15,0,out_of_energy,0,0,1,0,92,25,0,0,0,50,0.04500954682867951,0.25298201941410803,0.0,0.0,0.99,8,exponential
q_learning,sparse_seed3,sparse,3,4a77b6e251,860,225,-11.250000000000025,-10.650000000000023,0.17875800829185146,0.15,0,out_of_energy,0,0,1,0,96,30,0,0,0,39,0.04505991992992561,0.2547842230082951,0.0,0.0,0.99,8,exponential
q_learning,sparse_seed3,sparse,3,4a77b6e251,861,225,-11.250000000000025,-10.650000000000023,0.17840049227526775,0.15,0,out_of_energy,0,0,1,0,98,11,0,0,0,51,0.045953362563757406,0.2993697731141282,0.0,0.0,0.99,8,exponential
q_learning,sparse_seed3,sparse,3,4a77b6e251,862,225,-11.250000000000025,-10.650000000000023,0.1780436912907172,0.15,0,out_of_energy,0,0,1,0,105,7,0,0,0,42,0.04521851895328133,0.3148452982311612,0.0,0.0,0.99,8,exponential
q_learning,sparse_seed3,sparse,3,4a77b6e251,863,225,-11.250000000000025,-10.650000000000023,0.17768760390813576,0.15,0,out_of_energy,0,0,1,0,96,10,0,0,0,51,0.04416848403993411,0.20721271315650164,0.0,0.0,0.99,8,exponential
q_learning,sparse_seed3,sparse,3,4a77b6e251,864,225,-11.250000000000025,-10.650000000000023,0.17733222870031948,0.15,0,out_of_energy,0,0,1,0,98,1,0,0,0,41,0.04520362007195254,0.253423980295129,0.0,0.0,0.99,8,exponential
q_learning,sparse_seed3,sparse,3,4a77b6e251,865,225,-11.250000000000025,-10.650000000000023,0.17697756424291883,0.15,0,out_of_energy,0,0,1,0,99,38,3,0,0,36,0.04432308952140749,0.23754852466625964,0.0,0.0,0.99,8,exponential
q_learning,sparse_seed3,sparse,3,4a77b6e251,866,225,-11.250000000000025,-10.650000000000023,0.17662360911443298,0.15,0,out_of_energy,0,0,1,0,89,20,0,0,0,44,0.04456384897077775,0.27768934954782937,0.0,0.0,0.99,8,exponential
q_learning,sparse_seed3,sparse,3,4a77b6e251,867,225,-11.250000000000025,-10.650000000000023,0.17627036189620413,0.15,0,out_of_energy,0,0,1,0,91,16,0,0,0,51,0.04403836752731791,0.23603594711565495,0.0,0.0,0.99,8,exponential
q_learning,sparse_seed3,sparse,3,4a77b6e251,868,225,-11.250000000000025,-10.650000000000023,0.17591782117241173,0.15,0,out_of_energy,0,0,1,0,88,23,0,0,0,49,0.045600521433005685,0.3509249870860697,0.0,0.0,0.99,8,exponential
q_learning,sparse_seed3,sparse,3,4a77b6e251,869,225,-11.250000000000025,-10.750000000000023,0.17556598553006691,0.15,0,out_of_energy,0,0,1,0,96,1,0,0,0,47,0.0456506614721017,0.27941859828693133,0.0,0.0,0.99,8,exponential
q_learning,sparse_seed3,sparse,3,4a77b6e251,870,225,-11.250000000000025,-10.850000000000023,0.1752148535590068,0.15,0,out_of_energy,0,0,1,0,90,4,0,0,0,40,0.044544480339012454,0.24307419378732076,0.0,0.0,0.99,8,exponential
q_learning,sparse_seed3,sparse,3,4a77b6e251,871,225,-11.250000000000025,-10.950000000000022,0.17486442385188877,0.15,0,out_of_energy,0,0,1,0,99,13,0,0,0,50,0.04497847294328826,0.30675628060757854,0.0,0.0,0.99,8,exponential
q_learning,sparse_seed3,sparse,3,4a77b6e251,872,225,-11.250000000000025,-10.950000000000022,0.17451469500418498,0.15,0,out_of_energy,0,0,1,0,94,6,0,0,0,39,0.04423061151171273,0.2231260462202242,0.0,0.0,0.99,8,exponential
q_learning,sparse_seed3,sparse,3,4a77b6e251,873,225,-11.250000000000025,-11.050000000000022,0.17416566561417662,0.15,0,out_of_energy,0,0,1,0,101,19,1,0,0,46,0.04471311982585047,0.2658062686241551,0.0,0.0,0.99,8,exponential
q_learning,sparse_seed3,sparse,3,4a77b6e251,874,225,-11.250000000000025,-11.050000000000022,0.17381733428294827,0.15,0,out_of_energy,0,0,1,0,104,15,1,0,0,37,0.04436034142915901,0.2446644475236852,0.0,0.0,0.99,8,exponential
q_learning,sparse_seed3,sparse,3,4a77b6e251,875,225,-11.250000000000025,-11.150000000000025,0.17346969961438236,0.15,0,out_of_energy,0,0,1,0,91,11,0,0,0,40,0.044290394700988826,0.23226135104295104,0.0,0.0,0.99,8,exponential
q_learning,sparse_seed3,sparse,3,4a77b6e251,876,225,-11.250000000000025,-11.150000000000025,0.1731227602151536,0.15,0,out_of_energy,0,0,1,0,95,13,0,0,0,51,0.0449207269841379,0.2627467589219641,0.0,0.0,0.99,8,exponential
q_learning,sparse_seed3,sparse,3,4a77b6e251,877,225,-11.250000000000025,-11.150000000000025,0.1727765146947233,0.15,0,out_of_energy,0,0,1,0,88,13,0,0,0,47,0.04475987639537533,0.25587247054264683,0.0,0.0,0.99,8,exponential
q_learning,sparse_seed3,sparse,3,4a77b6e251,878,225,-11.250000000000025,-11.150000000000025,0.17243096166533387,0.15,0,out_of_energy,0,0,1,0,92,14,2,0,0,36,0.04545609378563098,0.29608900653850373,0.0,0.0,0.99,8,exponential
q_learning,sparse_seed3,sparse,3,4a77b6e251,879,225,-11.250000000000025,-11.150000000000025,0.1720860997420032,0.15,0,out_of_energy,0,0,1,0,98,6,0,0,0,53,0.04436361295498783,0.31752853585048424,0.0,0.0,0.99,8,exponential
q_learning,sparse_seed3,sparse,3,4a77b6e251,880,225,-11.250000000000025,-11.150000000000025,0.17174192754251918,0.15,0,out_of_energy,0,0,1,0,94,3,0,0,0,39,0.04512583686847056,0.2335281056877596,0.0,0.0,0.99,8,exponential
q_learning,sparse_seed3,sparse,3,4a77b6e251,881,225,-11.250000000000025,-11.150000000000025,0.17139844368743415,0.15,0,out_of_energy,0,0,1,0,98,19,0,0,0,40,0.04417469657811393,0.26593798728653323,0.0,0.0,0.99,8,exponential
q_learning,sparse_seed3,sparse,3,4a77b6e251,882,225,-11.250000000000025,-11.150000000000025,0.17105564680005927,0.15,0,out_of_energy,0,0,1,0,94,15,0,0,0,45,0.0467602110894618,0.33294583170834613,0.0,0.0,0.99,8,exponential
q_learning,sparse_seed3,sparse,3,4a77b6e251,883,225,-11.250000000000025,-11.150000000000025,0.17071353550645915,0.15,0,out_of_energy,0,0,1,0,102,19,0,0,0,53,0.046106420690053246,0.2599976232377892,0.0,0.0,0.99,8,exponential
q_learning,sparse_seed3,sparse,3,4a77b6e251,884,225,-1.2499999999999822,-11.050000000000026,0.17037210843544623,0.15,0,out_of_energy,0,0,1,0,107,15,0,0,1,50,0.10036155567398834,3.310071306798311,0.0,0.0,0.99,8,exponential
q_learning,sparse_seed3,sparse,3,4a77b6e251,885,225,-11.250000000000025,-11.050000000000026,0.17003136421857534,0.15,0,out_of_energy,0,0,1,0,81,23,0,0,0,40,0.04428053238563919,0.2689998566612537,0.0,0.0,0.99,8,exponential
q_learning,sparse_seed3,sparse,3,4a77b6e251,886,225,-11.250000000000025,-11.050000000000026,0.1696913014901382,0.15,0,out_of_energy,0,0,1,0,106,8,0,0,0,54,0.044712218234791205,0.2481240196075779,0.0,0.0,0.99,8,exponential
q_learning,sparse_seed3,sparse,3,4a77b6e251,887,225,-11.250000000000025,-11.050000000000026,0.16935191888715792,0.15,0,out_of_energy,0,0,1,0,103,10,0,0,0,61,0.04470120013279147,0.25816994175685615,0.0,0.0,0.99,8,exponential
q_learning,sparse_seed3,sparse,3,4a77b6e251,888,225,-11.250000000000025,-11.050000000000022,0.1690132150493836,0.15,0,out_of_energy,0,0,1,0,84,4,8,0,0,40,0.046367267536486845,0.36168660186015833,0.0,0.0,0.99,8,exponential
q_learning,sparse_seed3,sparse,3,4a77b6e251,889,225,-11.250000000000025,-11.050000000000022,0.16867518861928482,0.15,0,out_of_energy,0,0,1,0,96,29,0,0,0,43,0.04562038360484451,0.3678103510139702,0.0,0.0,0.99,8,exponential
q_learning,sparse_seed3,sparse,3,4a77b6e251,890,225,-11.250000000000025,-11.050000000000022,0.16833783824204626,0.15,0,out_of_energy,0,0,1,0,103,28,0,0,0,39,0.045998940531518484,0.35729778229012077,0.0,0.0,0.99,8,exponential
q_learning,sparse_seed3,sparse,3,4a77b6e251,891,225,-11.250000000000025,-11.050000000000022,0.16800116256556216,0.15,0,out_of_energy,0,0,1,0,87,4,0,0,0,44,0.04455420326719017,0.2609825494319574,0.0,0.0,0.99,8,exponential
q_learning,sparse_seed3,sparse,3,4a77b6e251,892,225,-11.250000000000025,-11.050000000000022,0.16766516024043104,0.15,0,out_of_energy,0,0,1,0,106,15,0,0,0,39,0.04539095523730536,0.24797245966500914,0.0,0.0,0.99,8,exponential
q_learning,sparse_seed3,sparse,3,4a77b6e251,893,225,-11.250000000000025,-11.050000000000022,0.16732982991995018,0.15,0,out_of_energy,0,0,1,0,86,24,1,0,0,42,0.04465271599772719,0.3341931974067861,0.0,0.0,0.99,8,exponential
q_learning,sparse_seed3,sparse,3,4a77b6e251,894,225,-11.250000000000025,-11.050000000000022,0.1669951702601103,0.15,0,out_of_energy,0,0,1,0,110,3,0,0,0,44,0.04408754803040572,0.2473309251236312,0.0,0.0,0.99,8,exponential
q_learning,sparse_seed3,sparse,3,4a77b6e251,895,225,-11.250000000000025,-11.050000000000022,0.16666117991959006,0.15,0,out_of_energy,0,0,1,0,110,14,0,0,0,53,0.044574433848733705,0.23686096346979785,0.0,0.0,0.99,8,exponential
q_learning,sparse_seed3,sparse,3,4a77b6e251,896,225,-11.250000000000025,-11.050000000000022,0.16632785755975088,0.15,0,out_of_energy,0,0,1,0,93,12,0,0,0,39,0.04535869230623523,0.33349881199258646,0.0,0.0,0.99,8,exponential
q_learning,sparse_seed3,sparse,3,4a77b6e251,897,225,-11.250000000000025,-11.050000000000022,0.16599520184463137,0.15,0,out_of_energy,0,0,1,0,101,20,0,0,0,43,0.04441965743506179,0.32639565759154093,0.0,0.0,0.99,8,exponential
q_learning,sparse_seed3,sparse,3,4a77b6e251,898,225,-11.250000000000025,-11.050000000000022,0.16566321144094212,0.15,0,out_of_energy,0,0,1,0,90,16,0,0,0,46,0.045507202815924165,0.35963489932701176,0.0,0.0,0.99,8,exponential
q_learning,sparse_seed3,sparse,3,4a77b6e251,899,225,-11.250000000000025,-11.050000000000022,0.16533188501806023,0.15,0,out_of_energy,0,0,1,0,79,19,4,0,0,48,0.04657400703891723,0.33626918242429144,0.0,0.0,0.99,8,exponential
q_learning,sparse_seed3,sparse,3,4a77b6e251,900,225,-11.250000000000025,-11.050000000000022,0.1650012212480241,0.15,0,out_of_energy,0,0,1,0,104,18,0,0,0,44,0.04369755473366505,0.2223064620962505,0.0,0.0,0.99,8,exponential
q_learning,sparse_seed3,sparse,3,4a77b6e251,901,225,-11.250000000000025,-11.050000000000022,0.16467121880552807,0.15,0,out_of_energy,0,0,1,0,99,25,0,0,0,45,0.045222495679288495,0.33642951933301485,0.0,0.0,0.99,8,exponential
q_learning,sparse_seed3,sparse,3,4a77b6e251,902,225,-11.250000000000025,-11.050000000000022,0.164341876367917,0.15,0,out_of_energy,0,0,1,0,93,1,0,0,0,49,0.04485932989783276,0.27330046792032675,0.0,0.0,0.99,8,exponential
q_learning,sparse_seed3,sparse,3,4a77b6e251,903,225,-11.250000000000025,-11.050000000000022,0.16401319261518116,0.15,0,out_of_energy,0,0,1,0,90,40,0,0,0,48,0.04432507846928805,0.3435852425106736,0.0,0.0,0.99,8,exponential
q_learning,sparse_seed3,sparse,3,4a77b6e251,904,225,-11.250000000000025,-11.050000000000022,0.1636851662299508,0.15,0,out_of_energy,0,0,1,0,99,26,0,0,0,42,0.044590440732906134,0.26598119430626593,0.0,0.0,0.99,8,exponential
q_learning,sparse_seed3,sparse,3,4a77b6e251,905,225,-11.250000000000025,-11.050000000000022,0.1633577958974909,0.15,0,out_of_energy,0,0,1,0,110,2,0,0,0,42,0.04495348915844431,0.29157859165677885,0.0,0.0,0.99,8,exponential
q_learning,sparse_seed3,sparse,3,4a77b6e251,906,225,-11.250000000000025,-11.050000000000022,0.1630310803056959,0.15,0,out_of_energy,0,0,1,0,91,5,0,0,0,45,0.04433016502265976,0.2013880800946236,0.0,0.0,0.99,8,exponential
q_learning,sparse_seed3,sparse,3,4a77b6e251,907,225,-1.2499999999999822,-10.950000000000022,0.1627050181450845,0.15,0,out_of_energy,0,0,1,0,106,26,0,0,1,44,0.08671117012726046,5.200357696592235,0.0,0.0,0.99,8,exponential
q_learning,sparse_seed3,sparse,3,4a77b6e251,908,225,-11.250000000000025,-10.950000000000022,0.16237960810879434,0.15,0,out_of_energy,0,0,1,0,77,29,5,0,0,48,0.04624223840983389,0.3346902684438826,0.0,0.0,0.99,8,exponential
q_learning,sparse_seed3,sparse,3,4a77b6e251,909,225,-11.250000000000025,-10.950000000000022,0.16205484889257676,0.15,0,out_of_energy,0,0,1,0,96,12,0,0,0,53,0.04419745053597808,0.26324416371578885,0.0,0.0,0.99,8,exponential
q_learning,sparse_seed3,sparse,3,4a77b6e251,910,225,-11.250000000000025,-10.950000000000022,0.1617307391947916,0.15,0,out_of_energy,0,0,1,0,92,37,2,0,0,32,0.04536726334622314,0.31988376070038577,0.0,0.0,0.99,8,exponential
q_learning,sparse_seed3,sparse,3,4a77b6e251,911,225,-11.250000000000025,-10.950000000000022,0.16140727771640204,0.15,0,out_of_energy,0,0,1,0,97,5,0,0,0,53,0.045656537240906674,0.3099472512346114,0.0,0.0,0.99,8,exponential
q_learning,sparse_seed3,sparse,3,4a77b6e251,912,225,-11.250000000000025,-10.950000000000024,0.16108446316096922,0.15,0,out_of_energy,0,0,1,0,93,2,0,0,0,41,0.046205461006936295,0.30807803635952913,0.0,0.0,0.99,8,exponential
q_learning,sparse_seed3,sparse,3,4a77b6e251,913,225,-11.250000000000025,-10.950000000000022,0.16076229423464727,0.15,0,out_of_energy,0,0,1,0,92,15,1,0,0,44,0.04447907346835794,0.22693761446278732,0.0,0.0,0.99,8,exponential
q_learning,sparse_seed3,sparse,3,4a77b6e251,914,225,-11.250000000000025,-10.950000000000022,0.16044076964617798,0.15,0,out_of_energy,0,0,1,0,98,6,4,0,0,45,0.04564418918123686,0.3528383290298238,0.0,0.0,0.99,8,exponential
q_learning,sparse_seed3,sparse,3,4a77b6e251,915,225,-11.250000000000025,-10.950000000000022,0.16011988810688563,0.15,0,out_of_energy,0,0,1,0,103,1,0,0,0,42,0.04438835301491301,0.2130231383081822,0.0,0.0,0.99,8,exponential
q_learning,sparse_seed3,sparse,3,4a77b6e251,916,225,-1.2499999999999944,-10.850000000000025,0.15979964833067187,0.15,0,out_of_energy,0,0,1,0,94,15,0,0,1,43,0.08509222766027971,3.6129175719897164,0.0,0.0,0.99,8,exponential
q_learning,sparse_seed3,sparse,3,4a77b6e251,917,225,-11.250000000000025,-10.850000000000023,0.15948004903401053,0.15,0,out_of_energy,0,0,1,0,99,14,0,0,0,40,0.0437542495289371,0.25086280327413796,0.0,0.0,0.99,8,exponential
q_learning,sparse_seed3,sparse,3,4a77b6e251,918,225,-11.250000000000025,-10.850000000000023,0.1591610889359425,0.15,0,out_of_energy,0,0,1,0,109,19,0,0,0,40,0.04501646434631271,0.2565566933329906,0.0,0.0,0.99,8,exponential
q_learning,sparse_seed3,sparse,3,4a77b6e251,919,225,-11.250000000000025,-10.850000000000023,0.1588427667580706,0.15,0,out_of_energy,0,0,1,0,106,22,0,0,0,34,0.04456227167131262,0.26460166430685417,0.0,0.0,0.99,8,exponential
q_learning,sparse_seed3,sparse,3,4a77b6e251,920,225,-11.250000000000025,-10.850000000000023,0.15852508122455447,0.15,0,out_of_energy,0,0,1,0,100,12,0,0,0,39,0.04497388169011122,0.2124841201390431,0.0,0.0,0.99,8,exponential
q_learning,sparse_seed3,sparse,3,4a77b6e251,921,225,-11.250000000000025,-10.850000000000023,0.15820803106210535,0.15,0,out_of_energy,0,0,1,0,93,14,0,0,0,59,0.044740985926933236,0.2493030357653762,0.0,0.0,0.99,8,exponential
q_learning,sparse_seed3,sparse,3,4a77b6e251,922,225,-1.2499999999999822,-10.750000000000023,0.15789161499998114,0.15,0,out_of_energy,0,0,1,0,107,7,0,0,1,51,0.09071512379174866,3.729579175747159,0.0,0.0,0.99,8,exponential
q_learning,sparse_seed3,sparse,3,4a77b6e251,923,225,-11.250000000000025,-10.750000000000023,0.1575758317699812,0.15,0,out_of_energy,0,0,1,0,108,6,0,0,0,46,0.04634790923197779,0.39520533995285095,0.0,0.0,0.99,8,exponential
q_learning,sparse_seed3,sparse,3,4a77b6e251,924,225,-11.250000000000025,-10.750000000000023,0.15726068010644123,0.15,0,out_of_energy,0,0,1,0,98,6,0,0,0,45,0.044952540447533613,0.29768654462064825,0.0,0.0,0.99,8,exponential
q_learning,sparse_seed3,sparse,3,4a77b6e251,925,225,-11.250000000000025,-10.750000000000023,0.15694615874622836,0.15,0,out_of_energy,0,0,1,0,87,21,0,0,0,51,0.046410940489209976,0.3379712392511764,0.0,0.0,0.99,8,exponential
q_learning,sparse_seed3,sparse,3,4a77b6e251,926,225,-11.250000000000025,-10.750000000000023,0.1566322664287359,0.15,0,out_of_energy,0,0,1,0,109,12,0,0,0,43,0.044526332488043274,0.28299416211318956,0.0,0.0,0.99,8,exponential
q_learning,sparse_seed3,sparse,3,4a77b6e251,927,225,-11.250000000000025,-10.750000000000023,0.15631900189587844,0.15,0,out_of_energy,0,0,1,0,89,18,0,0,0,40,0.04533950640677121,0.35932772180053,0.0,0.0,0.99,8,exponential
q_learning,sparse_seed3,sparse,3,4a77b6e251,928,225,-11.250000000000025,-10.750000000000023,0.1560063638920867,0.15,0,out_of_energy,0,0,1,0,103,8,0,0,0,53,0.04489473483670531,0.2800579112502514,0.0,0.0,0.99,8,exponential
q_learning,sparse_seed3,sparse,3,4a77b6e251,929,225,-11.250000000000025,-10.750000000000023,0.15569435116430252,0.15,0,out_of_energy,0,0,1,0,92,10,0,0,0,46,0.044532156696349336,0.27652831996600713,0.0,0.0,0.99,8,exponential
q_learning,sparse_seed3,sparse,3,4a77b6e251,930,225,-11.250000000000025,-10.750000000000023,0.15538296246197392,0.15,0,out_of_energy,0,0,1,0,94,43,0,0,0,43,0.044804363709347164,0.3277993478838321,0.0,0.0,0.99,8,exponential
q_learning,sparse_seed3,sparse,3,4a77b6e251,931,225,-11.250000000000025,-10.750000000000023,0.15507219653704996,0.15,0,out_of_energy,0,0,1,0,99,10,0,0,0,53,0.04459409553915854,0.25855298802861487,0.0,0.0,0.99,8,exponential
q_learning,sparse_seed3,sparse,3,4a77b6e251,932,225,-11.250000000000025,-10.750000000000023,0.15476205214397584,0.15,0,out_of_energy,0,0,1,0,88,30,0,0,0,42,0.04533246248989938,0.30290278851814234,0.0,0.0,0.99,8,exponential
q_learning,sparse_seed3,sparse,3,4a77b6e251,933,225,-11.250000000000025,-10.750000000000023,0.1544525280396879,0.15,0,out_of_energy,0,0,1,0,108,23,0,0,0,47,0.044923076330429045,0.3054617423279133,0.0,0.0,0.99,8,exponential
q_learning,sparse_seed3,sparse,3,4a77b6e251,934,225,-11.250000000000025,-10.750000000000023,0.1541436229836085,0.15,0,out_of_energy,0,0,1,0,94,1,0,0,0,45,0.04557364566907936,0.31692262773034663,0.0,0.0,0.99,8,exponential
q_learning,sparse_seed3,sparse,3,4a77b6e251,935,225,-11.250000000000025,-10.750000000000023,0.1538353357376413,0.15,0,out_of_energy,0,0,1,0,114,16,0,0,0,52,0.04397101502272899,0.2337672988134804,0.0,0.0,0.99,8,exponential
q_learning,sparse_seed3,sparse,3,4a77b6e251,936,225,-1.2499999999999822,-10.650000000000023,0.15352766506616602,0.15,0,out_of_energy,0,0,1,0,97,12,0,0,1,47,0.08898031911792129,5.406781135119955,0.0,0.0,0.99,8,exponential
q_learning,sparse_seed3,sparse,3,4a77b6e251,937,225,-11.250000000000025,-10.650000000000023,0.15322060973603369,0.15,0,out_of_energy,0,0,1,0,96,14,0,0,0,47,0.04538167362661052,0.33408236476803965,0.0,0.0,0.99,8,exponential
q_learning,sparse_seed3,sparse,3,4a77b6e251,938,225,-11.250000000000025,-10.650000000000023,0.15291416851656162,0.15,0,out_of_energy,0,0,1,0,100,16,0,0,0,38,0.04429561721071537,0.25782608667971507,0.0,0.0,0.99,8,exponential
q_learning,sparse_seed3,sparse,3,4a77b6e251,939,225,-11.250000000000025,-10.650000000000023,0.15260834017952848,0.15,0,out_of_energy,0,0,1,0,106,18,0,0,0,36,0.04427321368099502,0.2448481799907768,0.0,0.0,0.99,8,exponential
q_learning,sparse_seed3,sparse,3,4a77b6e251,940,225,-11.250000000000025,-10.650000000000023,0.15230312349916944,0.15,0,out_of_energy,0,0,1,0,102,20,0,0,0,45,0.04344139510268766,0.26241259132690414,0.0,0.0,0.99,8,exponential
q_learning,sparse_seed3,sparse,3,4a77b6e251,941,225,-11.250000000000025,-10.650000000000025,0.1519985172521711,0.15,0,out_of_energy,0,0,1,0,105,18,0,0,0,47,0.04490272625564984,0.26397458975376353,0.0,0.0,0.99,8,exponential
q_learning,sparse_seed3,sparse,3,4a77b6e251,942,225,-11.250000000000025,-10.650000000000023,0.15169452021766675,0.15,0,out_of_energy,0,0,1,0,90,8,0,0,0,40,0.04479518456813228,0.27311032822559583,0.0,0.0,0.99,8,exponential
q_learning,sparse_seed3,sparse,3,4a77b6e251,943,225,-11.250000000000025,-10.650000000000023,0.1513911311772314,0.15,0,out_of_energy,0,0,1,0,93,15,0,0,0,38,0.04476137786207652,0.2979688177485126,0.0,0.0,0.99,8,exponential
q_learning,sparse_seed3,sparse,3,4a77b6e251,944,225,-11.250000000000025,-10.650000000000023,0.15108834891487694,0.15,0,out_of_energy,0,0,1,0,86,30,0,0,0,44,0.04515651051462724,0.35163702109258477,0.0,0.0,0.99,8,exponential
q_learning,sparse_seed3,sparse,3,4a77b6e251,945,225,-11.250000000000025,-10.650000000000025,0.15078617221704718,0.15,0,out_of_energy,0,0,1,0,101,46,0,0,0,52,0.04507302420491731,0.29950121076180614,0.0,0.0,0.99,8,exponential
q_learning,sparse_seed3,sparse,3,4a77b6e251,946,225,-11.250000000000025,-10.650000000000023,0.1504845998726131,0.15,0,out_of_energy,0,0,1,0,100,23,0,0,0,41,0.045425724537298526,0.28232422328810475,0.0,0.0,0.99,8,exponential
q_learning,sparse_seed3,sparse,3,4a77b6e251,947,225,-11.250000000000025,-10.650000000000023,0.15018363067286786,0.15,0,out_of_energy,0,0,1,0,94,19,0,0,0,42,0.043539205934786974,0.24837330302829091,0.0,0.0,0.99,8,exponential
q_learning,sparse_seed3,sparse,3,4a77b6e251,948,225,-11.250000000000025,-10.650000000000023,0.1498832634115221,0.15,0,out_of_energy,0,0,1,0,93,1,0,0,0,47,0.044904081231645535,0.29983103906819014,0.0,0.0,0.99,8,exponential
q_learning,sparse_seed3,sparse,3,4a77b6e251,949,225,-11.250000000000025,-10.650000000000025,0.14958349688469907,0.15,0,out_of_energy,0,0,1,0,122,12,0,0,0,49,0.04534132399357511,0.34269472428288084,0.0,0.0,0.99,8,exponential
q_learning,sparse_seed3,sparse,3,4a77b6e251,950,225,-11.250000000000025,-10.650000000000023,0.14928432989092968,0.15,0,out_of_energy,0,0,1,0,99,14,0,0,0,48,0.04547522965293306,0.2784444313034536,0.0,0.0,0.99,8,exponential
q_learning,sparse_seed3,sparse,3,4a77b6e251,951,225,-11.250000000000025,-10.650000000000023,0.14898576123114782,0.15,0,out_of_energy,0,0,1,0,111,21,0,0,0,41,0.04442385494992719,0.29971793229772026,0.0,0.0,0.99,8,exponential
q_learning,sparse_seed3,sparse,3,4a77b6e251,952,225,-11.250000000000025,-10.650000000000023,0.1486877897086855,0.15,0,out_of_energy,0,0,1,0,102,16,0,0,0,31,0.044319467161764,0.27718808497317915,0.0,0.0,0.99,8,exponential
q_learning,sparse_seed3,sparse,3,4a77b6e251,953,225,-11.250000000000025,-10.650000000000025,0.14839041412926815,0.15,0,out_of_energy,0,0,1,0,100,7,0,0,0,45,0.044404420570084174,0.2664012238117332,0.0,0.0,0.99,8,exponential
q_learning,sparse_seed3,sparse,3,4a77b6e251,954,225,-11.250000000000025,-10.650000000000023,0.1480936333010096,0.15,0,out_of_energy,0,0,1,0,87,23,0,0,0,51,0.04513109689768582,0.4077249409558816,0.0,0.0,0.99,8,exponential
q_learning,sparse_seed3,sparse,3,4a77b6e251,955,225,-11.250000000000025,-10.650000000000023,0.1477974460344076,0.15,0,out_of_energy,0,0,1,0,101,8,0,0,0,46,0.04421703686367628,0.29015513456070136,0.0,0.0,0.99,8,exponential
q_learning,sparse_seed3,sparse,3,4a77b6e251,956,225,-1.2499999999999822,-10.550000000000022,0.14750185114233877,0.15,0,out_of_energy,0,0,1,0,104,10,0,0,1,59,0.0885035717390228,4.6009800847985485,0.0,0.0,0.99,8,exponential
q_learning,sparse_seed3,sparse,3,4a77b6e251,957,225,-1.2499999999999822,-10.550000000000022,0.14720684744005408,0.15,0,out_of_energy,0,0,1,0,100,14,0,0,1,40,0.08746677507261957,4.450526449784938,0.0,0.0,0.99,8,exponential
q_learning,sparse_seed3,sparse,3,4a77b6e251,958,225,-11.250000000000025,-10.550000000000022,0.14691243374517396,0.15,0,out_of_energy,0,0,1,0,99,9,0,0,0,45,0.04476408928742722,0.30340599621428627,0.0,0.0,0.99,8,exponential
q_learning,sparse_seed3,sparse,3,4a77b6e251,959,225,-11.250000000000025,-10.550000000000022,0.1466186088776836,0.15,0,out_of_energy,0,0,1,0,101,18,0,0,0,42,0.04448819413836844,0.29638287808075686,0.0,0.0,0.99,8,exponential
q_learning,sparse_seed3,sparse,3,4a77b6e251,960,225,-11.250000000000025,-10.550000000000022,0.14632537165992823,0.15,0,out_of_energy,0,0,1,0,87,4,0,0,0,49,0.04479963688440184,0.2790006597720566,0.0,0.0,0.99,8,exponential
q_learning,sparse_seed3,sparse,3,4a77b6e251,961,225,-11.250000000000025,-10.550000000000022,0.14603272091660838,0.15,0,out_of_energy,0,0,1,0,98,7,0,0,0,43,0.04464610143043356,0.22958601245139398,0.0,0.0,0.99,8,exponential
q_learning,sparse_seed3,sparse,3,4a77b6e251,962,225,-11.250000000000025,-10.550000000000022,0.14574065547477516,0.15,0,out_of_energy,0,0,1,0,97,14,0,0,0,43,0.04460143056006806,0.19733356014085573,0.0,0.0,0.99,8,exponential
q_learning,sparse_seed3,sparse,3,4a77b6e251,963,225,-11.250000000000025,-10.550000000000022,0.1454491741638256,0.15,0,out_of_energy,0,0,1,0,84,0,10,0,0,37,0.04513454220946332,0.29998976494324603,0.0,0.0,0.99,8,exponential
q_learning,sparse_seed3,sparse,3,4a77b6e251,964,225,-11.250000000000025,-10.550000000000022,0.14515827581549795,0.15,0,out_of_energy,0,0,1,0,95,24,0,0,0,40,0.04454286923411862,0.23780491268165876,0.0,0.0,0.99,8,exponential
q_learning,sparse_seed3,sparse,3,4a77b6e251,965,225,-11.250000000000025,-10.550000000000022,0.14486795926386695,0.15,0,out_of_energy,0,0,1,0,101,34,0,0,0,43,0.0456622760482264,0.30274968476003794,0.0,0.0,0.99,8,exponential
q_learning,sparse_seed3,sparse,3,4a77b6e251,966,225,-11.250000000000025,-10.550000000000022,0.1445782233453392,0.15,0,out_of_energy,0,0,1,0,111,15,0,0,0,46,0.04460778464624008,0.27135185152247393,0.0,0.0,0.99,8,exponential
q_learning,sparse_seed3,sparse,3,4a77b6e251,967,225,-11.250000000000025,-10.550000000000022,0.14428906689864854,0.15,0,out_of_energy,0,0,1,0,102,19,0,0,0,39,0.04395917145213464,0.2966807281876327,0.0,0.0,0.99,8,exponential
q_learning,sparse_seed3,sparse,3,4a77b6e251,968,225,-11.250000000000025,-10.550000000000022,0.14400048876485125,0.15,0,out_of_energy,0,0,1,0,90,8,0,0,0,46,0.04509865226470286,0.26420071437614856,0.0,0.0,0.99,8,exponential
q_learning,sparse_seed3,sparse,3,4a77b6e251,969,225,-11.250000000000025,-10.550000000000022,0.14371248778732154,0.15,0,out_of_energy,0,0,1,0,89,16,0,0,0,48,0.04451434842059402,0.2871271083719122,0.0,0.0,0.99,8,exponential
q_learning,sparse_seed3,sparse,3,4a77b6e251,970,225,-11.250000000000025,-10.550000000000022,0.14342506281174688,0.15,0,out_of_energy,0,0,1,0,100,13,0,0,0,45,0.04400875264153915,0.35495731128406816,0.0,0.0,0.99,8,exponential
q_learning,sparse_seed3,sparse,3,4a77b6e251,971,225,-11.250000000000025,-10.550000000000022,0.1431382126861234,0.15,0,out_of_energy,0,0,1,0,88,18,0,0,0,35,0.04549837300560775,0.2535828231687798,0.0,0.0,0.99,8,exponential
q_learning,sparse_seed3,sparse,3,4a77b6e251,972,225,-11.250000000000025,-10.550000000000022,0.14285193626075116,0.15,0,out_of_energy,0,0,1,0,94,24,0,0,0,41,0.04451379120546465,0.2693383047253413,0.0,0.0,0.99,8,exponential
q_learning,sparse_seed3,sparse,3,4a77b6e251,973,225,-11.250000000000025,-10.550000000000022,0.14256623238822966,0.15,0,out_of_energy,0,0,1,0,105,32,1,0,0,45,0.04463644609205219,0.328971974565799,0.0,0.0,0.99,8,exponential
q_learning,sparse_seed3,sparse,3,4a77b6e251,974,225,-11.250000000000025,-10.550000000000022,0.1422810999234532,0.15,0,out_of_energy,0,0,1,0,95,6,0,0,0,37,0.045409431579049406,0.35218736285432184,0.0,0.0,0.99,8,exponential
q_learning,sparse_seed3,sparse,3,4a77b6e251,975,225,-11.250000000000025,-10.550000000000022,0.1419965377236063,0.15,0,out_of_energy,0,0,1,0,87,6,3,0,0,53,0.04459196634641452,0.2843356419544,0.0,0.0,0.99,8,exponential
q_learning,sparse_seed3,sparse,3,4a77b6e251,976,225,-11.250000000000025,-10.550000000000022,0.14171254464815908,0.15,0,out_of_energy,0,0,1,0,88,26,0,0,0,51,0.04591247067241041,0.31714006931089983,0.0,0.0,0.99,8,exponential
q_learning,sparse_seed3,sparse,3,4a77b6e251,977,225,-11.250000000000025,-10.550000000000022,0.14142911955886275,0.15,0,out_of_energy,0,0,1,0,100,19,0,0,0,52,0.045859199899145546,0.3680448202975088,0.0,0.0,0.99,8,exponential
q_learning,sparse_seed3,sparse,3,4a77b6e251,978,225,-11.250000000000025,-10.550000000000022,0.14114626131974503,0.15,0,out_of_energy,0,0,1,0,82,5,0,0,0,37,0.045278410692350265,0.2810814476885257,0.0,0.0,0.99,8,exponential
q_learning,sparse_seed3,sparse,3,4a77b6e251,979,225,-11.250000000000025,-10.550000000000022,0.14086396879710555,0.15,0,out_of_energy,0,0,1,0,96,8,2,0,0,46,0.04514153633767051,0.34172460451642434,0.0,0.0,0.99,8,exponential
q_learning,sparse_seed3,sparse,3,4a77b6e251,980,225,-11.250000000000025,-10.550000000000022,0.14058224085951135,0.15,0,out_of_energy,0,0,1,0,85,10,1,0,0,43,0.045523420531606656,0.35942110223015294,0.0,0.0,0.99,8,exponential
q_learning,sparse_seed3,sparse,3,4a77b6e251,981,225,-11.250000000000025,-10.550000000000022,0.14030107637779232,0.15,0,out_of_energy,0,0,1,0,100,2,0,0,0,46,0.04438646739658732,0.28727238023950064,0.0,0.0,0.99,8,exponential
q_learning,sparse_seed3,sparse,3,4a77b6e251,982,225,-11.250000000000025,-10.550000000000022,0.14002047422503675,0.15,0,out_of_energy,0,0,1,0,108,2,0,0,0,45,0.044197501251303985,0.2612472414894418,0.0,0.0,0.99,8,exponential
q_learning,sparse_seed3,sparse,3,4a77b6e251,983,225,-1.2499999999999931,-10.450000000000022,0.13974043327658667,0.15,0,out_of_energy,0,0,1,0,114,5,0,0,1,51,0.08431781908251025,3.3954612176279655,0.0,0.0,0.99,8,exponential
q_learning,sparse_seed3,sparse,3,4a77b6e251,984,225,-11.250000000000025,-10.550000000000022,0.1394609524100335,0.15,0,out_of_energy,0,0,1,0,101,10,2,0,0,39,0.04620986020936434,0.391974804827113,0.0,0.0,0.99,8,exponential
q_learning,sparse_seed3,sparse,3,4a77b6e251,985,225,-11.250000000000025,-10.550000000000022,0.13918203050521344,0.15,0,out_of_energy,0,0,1,0,99,44,0,0,0,48,0.04539873797259038,0.3405458757200716,0.0,0.0,0.99,8,exponential
q_learning,sparse_seed3,sparse,3,4a77b6e251,986,225,-11.250000000000025,-10.550000000000022,0.13890366644420302,0.15,0,out_of_energy,0,0,1,0,95,6,3,0,0,47,0.04502027166842045,0.3947095969768918,0.0,0.0,0.99,8,exponential
q_learning,sparse_seed3,sparse,3,4a77b6e251,987,225,-11.250000000000025,-10.550000000000022,0.13862585911131461,0.15,0,out_of_energy,0,0,1,0,107,1,0,0,0,39,0.04318902240889937,0.16224246734534298,0.0,0.0,0.99,8,exponential
q_learning,sparse_seed3,sparse,3,4a77b6e251,988,225,-11.250000000000025,-10.550000000000022,0.138348607393092,0.15,0,out_of_energy,0,0,1,0,97,16,0,0,0,50,0.045922411007483295,0.34398977124730756,0.0,0.0,0.99,8,exponential
q_learning,sparse_seed3,sparse,3,4a77b6e251,989,225,-11.250000000000025,-10.550000000000022,0.1380719101783058,0.15,0,out_of_energy,0,0,1,0,93,5,1,0,0,40,0.04548440561327258,0.33265391785059095,0.0,0.0,0.99,8,exponential
q_learning,sparse_seed3,sparse,3,4a77b6e251,990,225,-11.250000000000025,-10.550000000000022,0.13779576635794918,0.15,0,out_of_energy,0,0,1,0,97,34,0,0,0,45,0.0452298547979254,0.3318475963259927,0.0,0.0,0.99,8,exponential
q_learning,sparse_seed3,sparse,3,4a77b6e251,991,225,-11.250000000000025,-10.550000000000022,0.1375201748252333,0.15,0,out_of_energy,0,0,1,0,103,16,0,0,0,49,0.04375862723779995,0.23618852117556632,0.0,0.0,0.99,8,exponential
q_learning,sparse_seed3,sparse,3,4a77b6e251,992,225,-11.250000000000025,-10.550000000000022,0.13724513447558281,0.15,0,out_of_energy,0,0,1,0,102,17,0,0,0,50,0.045043663528214685,0.3944115011407419,0.0,0.0,0.99,8,exponential
q_learning,sparse_seed3,sparse,3,4a77b6e251,993,225,-11.250000000000025,-10.550000000000022,0.13697064420663166,0.15,0,out_of_energy,0,0,1,0,104,11,0,0,0,45,0.046060740185723655,0.3323989718981014,0.0,0.0,0.99,8,exponential
q_learning,sparse_seed3,sparse,3,4a77b6e251,994,225,-11.250000000000025,-10.550000000000022,0.1366967029182184,0.15,0,out_of_energy,0,0,1,0,93,10,0,0,0,42,0.04559170568006143,0.3502904031905319,0.0,0.0,0.99,8,exponential
q_learning,sparse_seed3,sparse,3,4a77b6e251,995,225,-11.250000000000025,-10.550000000000022,0.13642330951238196,0.15,0,out_of_energy,0,0,1,0,93,19,0,0,0,37,0.04434000443928667,0.30108695462552365,0.0,0.0,0.99,8,exponential
q_learning,sparse_seed3,sparse,3,4a77b6e251,996,225,-11.250000000000025,-10.550000000000022,0.1361504628933572,0.15,0,out_of_energy,0,0,1,0,103,1,0,0,0,53,0.04408910645470415,0.281147930940624,0.0,0.0,0.99,8,exponential
q_learning,sparse_seed3,sparse,3,4a77b6e251,997,225,-11.250000000000025,-10.550000000000022,0.13587816196757047,0.15,0,out_of_energy,0,0,1,0,87,23,0,0,0,38,0.04581356900857028,0.3627346367142022,0.0,0.0,0.99,8,exponential
q_learning,sparse_seed3,sparse,3,4a77b6e251,998,225,-11.250000000000025,-10.550000000000022,0.13560640564363532,0.15,0,out_of_energy,0,0,1,0,110,14,1,0,0,49,0.04527850460428111,0.35795067664580504,0.0,0.0,0.99,8,exponential
q_learning,sparse_seed3,sparse,3,4a77b6e251,999,225,-11.250000000000025,-10.550000000000022,0.13533519283234804,0.15,0,out_of_energy,0,0,1,0,89,18,0,0,0,55,0.045397659482545864,0.3226208656768906,0.0,0.0,0.99,8,exponential
q_learning,sparse_seed3,sparse,3,4a77b6e251,1000,225,-11.250000000000025,-10.550000000000022,0.13506452244668335,0.15,0,out_of_energy,0,0,1,0,100,8,0,0,0,40,0.04580176418673778,0.3172899314676541,0.0,0.0,0.99,8,exponential
q_learning,sparse_seed3,sparse,3,4a77b6e251,1001,225,-11.250000000000025,-10.550000000000022,0.13479439340178997,0.15,0,out_of_energy,0,0,1,0,99,12,0,0,0,38,0.04578538818465267,0.4016425395926104,0.0,0.0,0.99,8,exponential
q_learning,sparse_seed3,sparse,3,4a77b6e251,1002,225,-1.2499999999999822,-10.450000000000022,0.1345248046149864,0.15,0,out_of_energy,0,0,1,0,110,5,0,0,1,33,0.08668421367208345,3.7319625820115085,0.0,0.0,0.99,8,exponential
q_learning,sparse_seed3,sparse,3,4a77b6e251,1003,225,-11.250000000000025,-10.450000000000022,0.13425575500575643,0.15,0,out_of_energy,0,0,1,0,89,40,0,0,0,58,0.04519201795956708,0.27295382397696816,0.0,0.0,0.99,8,exponential
q_learning,sparse_seed3,sparse,3,4a77b6e251,1004,225,-11.250000000000025,-10.450000000000022,0.13398724349574492,0.15,0,out_of_energy,0,0,1,0,93,13,0,0,0,47,0.045875950817595865,0.3023998276800698,0.0,0.0,0.99,8,exponential
q_learning,sparse_seed3,sparse,3,4a77b6e251,1005,225,-11.250000000000025,-10.450000000000022,0.13371926900875344,0.15,0,out_of_energy,0,0,1,0,92,15,2,0,0,42,0.04669424244732749,0.3518807091202593,0.0,0.0,0.99,8,exponential
q_learning,sparse_seed3,sparse,3,4a77b6e251,1006,225,-11.250000000000025,-10.450000000000022,0.13345183047073594,0.15,0,out_of_energy,0,0,1,0,88,3,0,0,0,43,0.044979149952689194,0.3068778650399787,0.0,0.0,0.99,8,exponential
q_learning,sparse_seed3,sparse,3,4a77b6e251,1007,225,-11.250000000000025,-10.550000000000022,0.13318492680979446,0.15,0,out_of_energy,0,0,1,0,97,1,0,0,0,45,0.04467382362495433,0.31543841499866426,0.0,0.0,0.99,8,exponential
q_learning,sparse_seed3,sparse,3,4a77b6e251,1008,225,-11.250000000000025,-10.550000000000022,0.13291855695617488,0.15,0,out_of_energy,0,0,1,0,111,8,0,0,0,46,0.04413888427613882,0.2930133698807241,0.0,0.0,0.99,8,exponential
q_learning,sparse_seed3,sparse,3,4a77b6e251,1009,225,-11.250000000000025,-10.550000000000022,0.13265271984226254,0.15,0,out_of_energy,0,0,1,0,101,17,2,0,0,50,0.045156852803342154,0.2721148604485922,0.0,0.0,0.99,8,exponential
q_learning,sparse_seed3,sparse,3,4a77b6e251,1010,225,-11.250000000000025,-10.550000000000022,0.132387414402578,0.15,0,out_of_energy,0,0,1,0,97,9,0,0,0,49,0.044600308745571055,0.29159986707095265,0.0,0.0,0.99,8,exponential
q_learning,sparse_seed3,sparse,3,4a77b6e251,1011,225,-11.250000000000025,-10.550000000000022,0.13212263957377285,0.15,0,out_of_energy,0,0,1,0,97,30,0,0,0,39,0.045903469666918495,0.3893127838901113,0.0,0.0,0.99,8,exponential
q_learning,sparse_seed3,sparse,3,4a77b6e251,1012,225,-11.250000000000025,-10.550000000000022,0.13185839429462531,0.15,0,out_of_energy,0,0,1,0,90,2,0,0,0,45,0.044818366015516836,0.3102995066514986,0.0,0.0,0.99,8,exponential
q_learning,sparse_seed3,sparse,3,4a77b6e251,1013,225,-11.250000000000025,-10.550000000000022,0.13159467750603607,0.15,0,out_of_energy,0,0,1,0,104,15,0,0,0,43,0.04641700296716353,0.38123976536259246,0.0,0.0,0.99,8,exponential
q_learning,sparse_seed3,sparse,3,4a77b6e251,1014,225,-11.250000000000025,-10.550000000000022,0.131331488151024,0.15,0,out_of_energy,0,0,1,0,120,1,0,0,0,69,0.045966687733995336,0.3380368396008331,0.0,0.0,0.99,8,exponential
q_learning,sparse_seed3,sparse,3,4a77b6e251,1015,225,-11.250000000000025,-10.550000000000022,0.13106882517472196,0.15,0,out_of_energy,0,0,1,0,81,15,0,0,0,34,0.045796052894369214,0.40458138648251296,0.0,0.0,0.99,8,exponential
q_learning,sparse_seed3,sparse,3,4a77b6e251,1016,225,-11.250000000000025,-10.650000000000023,0.13080668752437252,0.15,0,out_of_energy,0,0,1,0,85,12,0,0,0,39,0.046434823365396304,0.39321154353559873,0.0,0.0,0.99,8,exponential
q_learning,sparse_seed3,sparse,3,4a77b6e251,1017,225,-11.250000000000025,-10.650000000000023,0.1305450741493238,0.15,0,out_of_energy,0,0,1,0,88,21,0,0,0,47,0.044969531638924615,0.36955814824255184,0.0,0.0,0.99,8,exponential
q_learning,sparse_seed3,sparse,3,4a77b6e251,1018,225,-1.2499999999999822,-10.550000000000022,0.13028398400102514,0.15,0,out_of_energy,0,0,1,0,111,6,0,0,1,48,0.11596569248430903,6.6063468381725885,0.0,0.0,0.99,8,exponential
q_learning,sparse_seed3,sparse,3,4a77b6e251,1019,225,-11.250000000000025,-10.550000000000022,0.1300234160330231,0.15,0,out_of_energy,0,0,1,0,106,13,0,0,0,49,0.04539584750443243,0.376039434076022,0.0,0.0,0.99,8,exponential
q_learning,sparse_seed3,sparse,3,4a77b6e251,1020,225,-11.250000000000025,-10.550000000000022,0.12976336920095705,0.15,0,out_of_energy,0,0,1,0,104,33,0,0,0,49,0.04474563734081187,0.37354247948934916,0.0,0.0,0.99,8,exponential
q_learning,sparse_seed3,sparse,3,4a77b6e251,1021,225,-1.2499999999999822,-10.450000000000022,0.12950384246255514,0.15,0,out_of_energy,0,0,1,0,99,16,0,0,1,43,0.09010559208838236,4.258596429723077,0.0,0.0,0.99,8,exponential
q_learning,sparse_seed3,sparse,3,4a77b6e251,1022,225,-11.250000000000025,-10.550000000000022,0.12924483477763002,0.15,0,out_of_energy,0,0,1,0,105,23,0,0,0,44,0.045203345353810875,0.2828160511168094,0.0,0.0,0.99,8,exponential
q_learning,sparse_seed3,sparse,3,4a77b6e251,1023,225,-11.250000000000025,-10.550000000000022,0.12898634510807475,0.15,0,out_of_energy,0,0,1,0,89,16,0,0,0,44,0.0455554154973346,0.34477004953391716,0.0,0.0,0.99,8,exponential
q_learning,sparse_seed3,sparse,3,4a77b6e251,1024,225,-1.2499999999999822,-10.450000000000022,0.1287283724178586,0.15,0,out_of_energy,0,0,1,0,99,13,0,0,1,42,0.08637564465376892,4.022806896456904,0.0,0.0,0.99,8,exponential
q_learning,sparse_seed3,sparse,3,4a77b6e251,1025,225,-11.250000000000025,-10.450000000000022,0.12847091567302288,0.15,0,out_of_energy,0,0,1,0,98,13,0,0,0,46,0.04443922240037015,0.2915714094691337,0.0,0.0,0.99,8,exponential
q_learning,sparse_seed3,sparse,3,4a77b6e251,1026,225,-1.2499999999999822,-10.350000000000023,0.12821397384167682,0.15,0,out_of_energy,0,0,1,0,105,4,0,0,1,45,0.08485545264123437,3.549746287788049,0.0,0.0,0.99,8,exponential
q_learning,sparse_seed3,sparse,3,4a77b6e251,1027,225,-1.2499999999999822,-10.250000000000023,0.12795754589399347,0.15,0,out_of_energy,0,0,1,0,102,21,0,0,1,49,0.102293102542007,7.306362521869101,0.0,0.0,0.99,8,exponential
q_learning,sparse_seed3,sparse,3,4a77b6e251,1028,225,-1.2499999999999822,-10.150000000000023,0.12770163080220548,0.15,0,out_of_energy,0,0,1,0,104,20,0,0,1,43,0.10748758099627087,4.065027299643309,0.0,0.0,0.99,8,exponential
q_learning,sparse_seed3,sparse,3,4a77b6e251,1029,225,-11.250000000000025,-10.150000000000023,0.12744622754060106,0.15,0,out_of_energy,0,0,1,0,92,12,0,0,0,44,0.046064851814661474,0.3512441399842853,0.0,0.0,0.99,8,exponential
q_learning,sparse_seed3,sparse,3,4a77b6e251,1030,225,-11.250000000000025,-10.150000000000022,0.12719133508551986,0.15,0,out_of_energy,0,0,1,0,88,23,0,0,0,51,0.04499203669464409,0.3416796794162294,0.0,0.0,0.99,8,exponential
q_learning,sparse_seed3,sparse,3,4a77b6e251,1031,225,-1.2499999999999822,-10.050000000000022,0.12693695241534883,0.15,0,out_of_energy,0,0,1,0,96,8,0,0,1,44,0.1287486403288161,5.088379937904133,0.0,0.0,0.99,8,exponential
q_learning,sparse_seed3,sparse,3,4a77b6e251,1032,225,-11.250000000000025,-10.050000000000022,0.12668307851051813,0.15,0,out_of_energy,0,0,1,0,87,17,1,0,0,46,0.045432185206088334,0.3512707310591785,0.0,0.0,0.99,8,exponential
q_learning,sparse_seed3,sparse,3,4a77b6e251,1033,225,-11.250000000000025,-10.050000000000022,0.1264297123534971,0.15,0,out_of_energy,0,0,1,0,84,11,0,0,0,36,0.046147989194029015,0.3327664012753533,0.0,0.0,0.99,8,exponential
q_learning,sparse_seed3,sparse,3,4a77b6e251,1034,225,-1.2499999999999822,-9.95000000000002,0.1261768529287901,0.15,0,out_of_energy,0,0,1,0,102,9,0,0,1,39,0.09755229622486968,3.592845458249548,0.0,0.0,0.99,8,exponential
q_learning,sparse_seed3,sparse,3,4a77b6e251,1035,225,-1.2499999999999971,-9.850000000000021,0.12592449922293253,0.15,0,out_of_energy,0,0,1,0,106,5,0,0,1,43,0.12038837692944683,9.523474868862555,0.0,0.0,0.99,8,exponential
q_learning,sparse_seed3,sparse,3,4a77b6e251,1036,225,-1.2499999999999822,-9.850000000000021,0.12567265022448668,0.15,0,out_of_energy,0,0,1,0,107,7,0,0,1,46,0.08517997991602125,3.1541544782766504,0.0,0.0,0.99,8,exponential
q_learning,sparse_seed3,sparse,3,4a77b6e251,1037,225,-11.250000000000025,-9.850000000000021,0.1254213049240377,0.15,0,out_of_energy,0,0,1,0,102,4,0,0,0,45,0.04467442759807644,0.3763184094668239,0.0,0.0,0.99,8,exponential
q_learning,sparse_seed3,sparse,3,4a77b6e251,1038,225,-11.250000000000025,-9.850000000000021,0.12517046231418963,0.15,0,out_of_energy,0,0,1,0,90,29,1,0,0,44,0.04375708397097242,0.28695386187492294,0.0,0.0,0.99,8,exponential
q_learning,sparse_seed3,sparse,3,4a77b6e251,1039,225,-11.250000000000025,-9.850000000000021,0.12492012138956125,0.15,0,out_of_energy,0,0,1,0,90,22,0,0,0,51,0.04442464485990483,0.2974431939561556,0.0,0.0,0.99,8,exponential
q_learning,sparse_seed3,sparse,3,4a77b6e251,1040,225,-11.250000000000025,-9.850000000000021,0.12467028114678214,0.15,0,out_of_energy,0,0,1,0,90,8,0,0,0,52,0.044802268807497825,0.33143712819118865,0.0,0.0,0.99,8,exponential
q_learning,sparse_seed3,sparse,3,4a77b6e251,1041,225,-11.250000000000025,-9.850000000000021,0.12442094058448858,0.15,0,out_of_energy,0,0,1,0,106,32,0,0,0,38,0.04453850847560162,0.35722781138820126,0.0,0.0,0.99,8,exponential
q_learning,sparse_seed3,sparse,3,4a77b6e251,1042,225,-11.250000000000025,-9.850000000000021,0.1241720987033196,0.15,0,out_of_energy,0,0,1,0,105,23,0,0,0,51,0.044921124063190446,0.3635241662623099,0.0,0.0,0.99,8,exponential
q_learning,sparse_seed3,sparse,3,4a77b6e251,1043,225,-11.250000000000025,-9.850000000000021,0.12392375450591296,0.15,0,out_of_energy,0,0,1,0,101,15,0,0,0,39,0.044535031219434286,0.4352966288293627,0.0,0.0,0.99,8,exponential
q_learning,sparse_seed3,sparse,3,4a77b6e251,1044,225,-11.250000000000025,-9.850000000000021,0.12367590699690113,0.15,0,out_of_energy,0,0,1,0,104,20,0,0,0,48,0.045641528576027435,0.3898399911817677,0.0,0.0,0.99,8,exponential
q_learning,sparse_seed3,sparse,3,4a77b6e251,1045,225,-11.250000000000025,-9.850000000000021,0.12342855518290734,0.15,0,out_of_energy,0,0,1,0,100,6,0,0,0,38,0.04533980791009048,0.37811418316422507,0.0,0.0,0.99,8,exponential
q_learning,sparse_seed3,sparse,3,4a77b6e251,1046,225,-11.250000000000025,-9.850000000000021,0.12318169807254152,0.15,0,out_of_energy,0,0,1,0,108,7,0,0,0,46,0.044209834314359174,0.2901483713167569,0.0,0.0,0.99,8,exponential
q_learning,sparse_seed3,sparse,3,4a77b6e251,1047,225,-11.250000000000025,-9.850000000000021,0.12293533467639643,0.15,0,out_of_energy,0,0,1,0,93,14,0,0,0,50,0.044674862111626815,0.37312555632000166,0.0,0.0,0.99,8,exponential
q_learning,sparse_seed3,sparse,3,4a77b6e251,1048,225,-11.250000000000025,-9.850000000000021,0.12268946400704364,0.15,0,out_of_energy,0,0,1,0,85,11,0,0,0,45,0.046044917995277754,0.3298943528002547,0.0,0.0,0.99,8,exponential
q_learning,sparse_seed3,sparse,3,4a77b6e251,1049,225,-11.250000000000025,-9.850000000000021,0.12244408507902955,0.15,0,out_of_energy,0,0,1,0,84,30,0,0,0,46,0.04610819334215874,0.32894324325588087,0.0,0.0,0.99,8,exponential
q_learning,sparse_seed3,sparse,3,4a77b6e251,1050,225,-11.250000000000025,-9.850000000000021,0.1221991969088715,0.15,0,out_of_energy,0,0,1,0,99,16,1,0,0,48,0.04443477311367515,0.3570075053542282,0.0,0.0,0.99,8,exponential
q_learning,sparse_seed3,sparse,3,4a77b6e251,1051,225,-11.250000000000025,-9.850000000000021,0.12195479851505375,0.15,0,out_of_energy,0,0,1,0,99,11,0,0,0,52,0.04423660401453114,0.2829714220340755,0.0,0.0,0.99,8,exponential
q_learning,sparse_seed3,sparse,3,4a77b6e251,1052,225,-11.250000000000025,-9.850000000000021,0.12171088891802365,0.15,0,out_of_energy,0,0,1,0,96,20,0,0,0,45,0.044570257382420805,0.27389163750365647,0.0,0.0,0.99,8,exponential
q_learning,sparse_seed3,sparse,3,4a77b6e251,1053,225,-11.250000000000025,-9.850000000000021,0.1214674671401876,0.15,0,out_of_energy,0,0,1,0,104,0,0,0,0,50,0.044974204814984216,0.27239090458751214,0.0,0.0,0.99,8,exponential
q_learning,sparse_seed3,sparse,3,4a77b6e251,1054,225,-11.250000000000025,-9.850000000000021,0.12122453220590722,0.15,0,out_of_energy,0,0,1,0,94,0,0,0,0,47,0.04503575504720425,0.31072139867611887,0.0,0.0,0.99,8,exponential
q_learning,sparse_seed3,sparse,3,4a77b6e251,1055,225,-11.250000000000025,-9.850000000000021,0.1209820831414954,0.15,0,out_of_energy,0,0,1,0,89,17,0,0,0,38,0.0449806973602389,0.3801228781955597,0.0,0.0,0.99,8,exponential
q_learning,sparse_seed3,sparse,3,4a77b6e251,1056,225,-11.250000000000025,-9.95000000000002,0.12074011897521242,0.15,0,out_of_energy,0,0,1,0,91,29,1,0,0,47,0.04432423810071572,0.31219317118419654,0.0,0.0,0.99,8,exponential
q_learning,sparse_seed3,sparse,3,4a77b6e251,1057,225,-11.250000000000025,-10.05000000000002,0.12049863873726199,0.15,0,out_of_energy,0,0,1,0,92,3,0,0,0,55,0.04438939123501937,0.29740100825361826,0.0,0.0,0.99,8,exponential
q_learning,sparse_seed3,sparse,3,4a77b6e251,1058,225,-11.250000000000025,-10.05000000000002,0.12025764145978747,0.15,0,out_of_energy,0,0,1,0,87,22,0,0,0,45,0.044313695048283405,0.3029521711704067,0.0,0.0,0.99,8,exponential
q_learning,sparse_seed3,sparse,3,4a77b6e251,1059,225,-11.250000000000025,-10.05000000000002,0.1200171261768679,0.15,0,out_of_energy,0,0,1,0,106,15,0,0,0,44,0.04436229968715139,0.2854059510324395,0.0,0.0,0.99,8,exponential
q_learning,sparse_seed3,sparse,3,4a77b6e251,1060,225,-11.250000000000025,-10.05000000000002,0.11977709192451416,0.15,0,out_of_energy,0,0,1,0,86,31,0,0,0,47,0.04577019044969646,0.3552563399134166,0.0,0.0,0.99,8,exponential
q_learning,sparse_seed3,sparse,3,4a77b6e251,1061,225,-11.250000000000025,-10.05000000000002,0.11953753774066514,0.15,0,out_of_energy,0,0,1,0,90,8,0,0,0,43,0.04400441255639551,0.20653607377448707,0.0,0.0,0.99,8,exponential
q_learning,sparse_seed3,sparse,3,4a77b6e251,1062,225,-11.250000000000025,-10.05000000000002,0.1192984626651838,0.15,0,out_of_energy,0,0,1,0,87,5,0,0,0,46,0.044905362463097225,0.31009214150075887,0.0,0.0,0.99,8,exponential
q_learning,sparse_seed3,sparse,3,4a77b6e251,1063,225,-11.250000000000025,-10.05000000000002,0.11905986573985344,0.15,0,out_of_energy,0,0,1,0,84,8,5,0,0,53,0.04586829557628999,0.3433174800146805,0.0,0.0,0.99,8,exponential
q_learning,sparse_seed3,sparse,3,4a77b6e251,1064,225,-11.250000000000025,-10.05000000000002,0.11882174600837374,0.15,0,out_of_energy,0,0,1,0,92,15,0,0,0,45,0.04527231842897979,0.30271700421625525,0.0,0.0,0.99,8,exponential
q_learning,sparse_seed3,sparse,3,4a77b6e251,1065,225,-11.250000000000025,-10.05000000000002,0.118584102516357,0.15,0,out_of_energy,0,0,1,0,81,9,3,0,0,33,0.04520180863352151,0.38162390920591693,0.0,0.0,0.99,8,exponential
q_learning,sparse_seed3,sparse,3,4a77b6e251,1066,225,-11.250000000000025,-10.05000000000002,0.11834693431132429,0.15,0,out_of_energy,0,0,1,0,94,23,0,0,0,49,0.044602596007506906,0.31399134224730146,0.0,0.0,0.99,8,exponential
q_learning,sparse_seed3,sparse,3,4a77b6e251,1067,225,-11.250000000000025,-10.05000000000002,0.11811024044270164,0.15,0,out_of_energy,0,0,1,0,94,35,0,0,0,48,0.04471359040339404,0.31641045660507305,0.0,0.0,0.99,8,exponential
q_learning,sparse_seed3,sparse,3,4a77b6e251,1068,225,-11.250000000000025,-10.05000000000002,0.11787401996181623,0.15,0,out_of_energy,0,0,1,0,103,31,0,0,0,47,0.04444168229138414,0.3366021801374564,0.0,0.0,0.99,8,exponential
q_learning,sparse_seed3,sparse,3,4a77b6e251,1069,225,-11.250000000000025,-10.05000000000002,0.1176382719218926,0.15,0,out_of_energy,0,0,1,0,91,15,0,0,0,40,0.046257120310531884,0.3064648457491537,0.0,0.0,0.99,8,exponential
q_learning,sparse_seed3,sparse,3,4a77b6e251,1070,225,-11.250000000000025,-10.05000000000002,0.11740299537804882,0.15,0,out_of_energy,0,0,1,0,101,4,0,0,0,48,0.04520980069422526,0.31346928705282395,0.0,0.0,0.99,8,exponential
q_learning,sparse_seed3,sparse,3,4a77b6e251,1071,225,-11.250000000000025,-10.05000000000002,0.11716818938729273,0.15,0,out_of_energy,0,0,1,0,109,12,0,0,0,49,0.045085521765966946,0.3207446902076738,0.0,0.0,0.99,8,exponential
q_learning,sparse_seed3,sparse,3,4a77b6e251,1072,225,-11.250000000000025,-10.05000000000002,0.11693385300851815,0.15,0,out_of_energy,0,0,1,0,89,31,2,0,0,34,0.04513640987168488,0.32964166441481024,0.0,0.0,0.99,8,exponential
q_learning,sparse_seed3,sparse,3,4a77b6e251,1073,225,-11.250000000000025,-10.05000000000002,0.11669998530250111,0.15,0,out_of_energy,0,0,1,0,85,8,5,0,0,51,0.044910473518265694,0.31439066257299153,0.0,0.0,0.99,8,exponential
q_learning,sparse_seed3,sparse,3,4a77b6e251,1074,225,-11.250000000000025,-10.05000000000002,0.1164665853318961,0.15,0,out_of_energy,0,0,1,0,86,39,0,0,0,43,0.046582091919851146,0.4163378852920278,0.0,0.0,0.99,8,exponential
q_learning,sparse_seed3,sparse,3,4a77b6e251,1075,225,-11.250000000000025,-10.05000000000002,0.11623365216123231,0.15,0,out_of_energy,0,0,1,0,89,10,0,0,0,42,0.04486534742204417,0.3451582711184857,0.0,0.0,0.99,8,exponential
q_learning,sparse_seed3,sparse,3,4a77b6e251,1076,225,-11.250000000000025,-10.05000000000002,0.11600118485690984,0.15,0,out_of_energy,0,0,1,0,97,11,0,0,0,38,0.04426348722763216,0.31687770431104517,0.0,0.0,0.99,8,exponential
q_learning,sparse_seed3,sparse,3,4a77b6e251,1077,225,-11.250000000000025,-10.05000000000002,0.11576918248719602,0.15,0,out_of_energy,0,0,1,0,84,31,0,0,0,57,0.04543217410944579,0.4064731364486144,0.0,0.0,0.99,8,exponential
q_learning,sparse_seed3,sparse,3,4a77b6e251,1078,225,-11.250000000000025,-10.05000000000002,0.11553764412222163,0.15,0,out_of_energy,0,0,1,0,85,18,5,0,0,44,0.045835899930967434,0.4110602136391621,0.0,0.0,0.99,8,exponential
q_learning,sparse_seed3,sparse,3,4a77b6e251,1079,225,-11.250000000000025,-10.05000000000002,0.11530656883397719,0.15,0,out_of_energy,0,0,1,0,81,18,0,0,0,39,0.04454938655304646,0.31591138240098077,0.0,0.0,0.99,8,exponential
q_learning,sparse_seed3,sparse,3,4a77b6e251,1080,225,-11.250000000000025,-10.05000000000002,0.11507595569630924,0.15,0,out_of_energy,0,0,1,0,120,14,0,0,0,59,0.044544146039676144,0.36781586902750774,0.0,0.0,0.99,8,exponential
q_learning,sparse_seed3,sparse,3,4a77b6e251,1081,225,-11.250000000000025,-10.05000000000002,0.11484580378491663,0.15,0,out_of_energy,0,0,1,0,100,10,0,0,0,40,0.044308978290497694,0.3665536781687676,0.0,0.0,0.99,8,exponential
q_learning,sparse_seed3,sparse,3,4a77b6e251,1082,225,-11.250000000000025,-10.05000000000002,0.1146161121773468,0.15,0,out_of_energy,0,0,1,0,100,6,0,0,0,46,0.045068176056291265,0.33452959991651676,0.0,0.0,0.99,8,exponential
q_learning,sparse_seed3,sparse,3,4a77b6e251,1083,225,-11.250000000000025,-10.15000000000002,0.1143868799529921,0.15,0,out_of_energy,0,0,1,0,83,8,3,0,0,50,0.04649698587381928,0.3779950393250964,0.0,0.0,0.99,8,exponential
q_learning,sparse_seed3,sparse,3,4a77b6e251,1084,225,-11.250000000000025,-10.15000000000002,0.11415810619308611,0.15,0,out_of_energy,0,0,1,0,100,4,0,0,0,49,0.0446383271426467,0.31949589838589226,0.0,0.0,0.99,8,exponential
q_learning,sparse_seed3,sparse,3,4a77b6e251,1085,225,-11.250000000000025,-10.15000000000002,0.11392978998069994,0.15,0,out_of_energy,0,0,1,0,96,6,0,0,0,55,0.04485055408458705,0.2936937688963402,0.0,0.0,0.99,8,exponential
q_learning,sparse_seed3,sparse,3,4a77b6e251,1086,225,-11.250000000000025,-10.15000000000002,0.11370193040073855,0.15,0,out_of_energy,0,0,1,0,90,14,0,0,0,48,0.04484158692733747,0.30973875391631517,0.0,0.0,0.99,8,exponential
q_learning,sparse_seed3,sparse,3,4a77b6e251,1087,225,-11.250000000000025,-10.15000000000002,0.11347452653993707,0.15,0,out_of_energy,0,0,1,0,108,8,0,0,0,49,0.046497129541321215,0.3100660426840469,0.0,0.0,0.99,8,exponential
q_learning,sparse_seed3,sparse,3,4a77b6e251,1088,225,-11.250000000000025,-10.15000000000002,0.1132475774868572,0.15,0,out_of_energy,0,0,1,0,95,24,0,0,0,53,0.04488974792272469,0.3112794077419364,0.0,0.0,0.99,8,exponential
q_learning,sparse_seed3,sparse,3,4a77b6e251,1089,225,-11.250000000000025,-10.15000000000002,0.11302108233188347,0.15,0,out_of_energy,0,0,1,0,89,19,0,0,0,40,0.044183669769469275,0.3024835717229006,0.0,0.0,0.99,8,exponential
q_learning,sparse_seed3,sparse,3,4a77b6e251,1090,225,-11.250000000000025,-10.15000000000002,0.11279504016721971,0.15,0,out_of_energy,0,0,1,0,95,2,0,0,0,53,0.04443690477547661,0.33098198376145344,0.0,0.0,0.99,8,exponential
q_learning,sparse_seed3,sparse,3,4a77b6e251,1091,225,-11.250000000000025,-10.15000000000002,0.11256945008688526,0.15,0,out_of_energy,0,0,1,0,89,15,0,0,0,57,0.04512335169555538,0.3884391958263726,0.0,0.0,0.99,8,exponential
q_learning,sparse_seed3,sparse,3,4a77b6e251,1092,225,-11.250000000000025,-10.15000000000002,0.1123443111867115,0.15,0,out_of_energy,0,0,1,0,94,10,0,0,0,30,0.04473453476516369,0.3741394186784657,0.0,0.0,0.99,8,exponential
q_learning,sparse_seed3,sparse,3,4a77b6e251,1093,225,-11.250000000000025,-10.15000000000002,0.11211962256433808,0.15,0,out_of_energy,0,0,1,0,87,24,0,0,0,44,0.04462161235609345,0.29910494937547166,0.0,0.0,0.99,8,exponential
q_learning,sparse_seed3,sparse,3,4a77b6e251,1094,225,-11.250000000000025,-10.15000000000002,0.1118953833192094,0.15,0,out_of_energy,0,0,1,0,85,15,4,0,0,51,0.04434453220571058,0.3169818508108827,0.0,0.0,0.99,8,exponential
q_learning,sparse_seed3,sparse,3,4a77b6e251,1095,225,-11.250000000000025,-10.15000000000002,0.11167159255257098,0.15,0,out_of_energy,0,0,1,0,92,7,0,0,0,55,0.04430252053841605,0.32131634200552023,0.0,0.0,0.99,8,exponential
q_learning,sparse_seed3,sparse,3,4a77b6e251,1096,225,-11.250000000000025,-10.15000000000002,0.11144824936746583,0.15,0,out_of_energy,0,0,1,0,99,9,0,0,0,47,0.044336037504220195,0.32548628018344145,0.0,0.0,0.99,8,exponential
q_learning,sparse_seed3,sparse,3,4a77b6e251,1097,225,-11.250000000000025,-10.15000000000002,0.1112253528687309,0.15,0,out_of_energy,0,0,1,0,89,7,0,0,0,43,0.04501498665886974,0.28061086304330246,0.0,0.0,0.99,8,exponential
q_learning,sparse_seed3,sparse,3,4a77b6e251,1098,225,-11.250000000000025,-10.15000000000002,0.11100290216299344,0.15,0,out_of_energy,0,0,1,0,88,22,4,0,0,46,0.044792568063884756,0.3798834148680898,0.0,0.0,0.99,8,exponential
q_learning,sparse_seed3,sparse,3,4a77b6e251,1099,225,-11.250000000000025,-10.15000000000002,0.11078089635866745,0.15,0,out_of_energy,0,0,1,0,89,5,0,0,0,49,0.04474558530913274,0.3270192111133346,0.0,0.0,0.99,8,exponential
q_learning,sparse_seed3,sparse,3,4a77b6e251,1100,225,-11.250000000000025,-10.15000000000002,0.11055933456595012,0.15,0,out_of_energy,0,0,1,0,86,16,1,0,0,48,0.04604060205593224,0.35099661711411445,0.0,0.0,0.99,8,exponential
q_learning,sparse_seed3,sparse,3,4a77b6e251,1101,225,-11.250000000000025,-10.15000000000002,0.11033821589681822,0.15,0,out_of_energy,0,0,1,0,85,13,0,0,0,46,0.04540775977779927,0.3311688765629081,0.0,0.0,0.99,8,exponential
q_learning,sparse_seed3,sparse,3,4a77b6e251,1102,225,-11.250000000000025,-10.250000000000023,0.11011753946502459,0.15,0,out_of_energy,0,0,1,0,91,21,0,0,0,50,0.044417855328538425,0.35115855862307016,0.0,0.0,0.99,8,exponential
q_learning,sparse_seed3,sparse,3,4a77b6e251,1103,225,-11.250000000000025,-10.250000000000021,0.10989730438609453,0.15,0,out_of_energy,0,0,1,0,92,20,0,0,0,37,0.04391358490451455,0.3218312020792293,0.0,0.0,0.99,8,exponential
q_learning,sparse_seed3,sparse,3,4a77b6e251,1104,225,-11.250000000000025,-10.250000000000023,0.10967750977732234,0.15,0,out_of_energy,0,0,1,0,88,6,0,0,0,40,0.045138498124492374,0.3433885325809137,0.0,0.0,0.99,8,exponential
q_learning,sparse_seed3,sparse,3,4a77b6e251,1105,225,-11.250000000000025,-10.250000000000021,0.1094581547577677,0.15,0,out_of_energy,0,0,1,0,96,8,1,0,0,44,0.04487704782849529,0.33285359944085247,0.0,0.0,0.99,8,exponential
q_learning,sparse_seed3,sparse,3,4a77b6e251,1106,225,-11.250000000000025,-10.250000000000023,0.10923923844825216,0.15,0,out_of_energy,0,0,1,0,79,10,0,0,0,37,0.046125884057275815,0.4036371471478991,0.0,0.0,0.99,8,exponential
q_learning,sparse_seed3,sparse,3,4a77b6e251,1107,225,-11.250000000000025,-10.250000000000021,0.10902075997135566,0.15,0,out_of_energy,0,0,1,0,89,17,3,0,0,40,0.046234699790688484,0.3672119749486631,0.0,0.0,0.99,8,exponential
q_learning,sparse_seed3,sparse,3,4a77b6e251,1108,225,-11.250000000000025,-10.250000000000023,0.10880271845141294,0.15,0,out_of_energy,0,0,1,0,96,14,7,0,0,37,0.044939221431533415,0.42916263601701676,0.0,0.0,0.99,8,exponential
q_learning,sparse_seed3,sparse,3,4a77b6e251,1109,225,-11.250000000000025,-10.250000000000021,0.10858511301451011,0.15,0,out_of_energy,0,0,1,0,78,9,0,0,0,35,0.04486883673612951,0.31666237777359846,0.0,0.0,0.99,8,exponential
q_learning,sparse_seed3,sparse,3,4a77b6e251,1110,225,-11.250000000000025,-10.250000000000023,0.1083679427884811,0.15,0,out_of_energy,0,0,1,0,102,26,1,0,0,54,0.04540579283243898,0.4061840939217883,0.0,0.0,0.99,8,exponential
q_learning,sparse_seed3,sparse,3,4a77b6e251,1111,225,-11.250000000000025,-10.250000000000021,0.10815120690290413,0.15,0,out_of_energy,0,0,1,0,118,9,0,0,0,37,0.04526307233929813,0.3462260353940732,0.0,0.0,0.99,8,exponential
q_learning,sparse_seed3,sparse,3,4a77b6e251,1112,225,-11.250000000000025,-10.250000000000023,0.10793490448909832,0.15,0,out_of_energy,0,0,1,0,97,16,0,0,0,44,0.04445308152226441,0.3246920867625228,0.0,0.0,0.99,8,exponential
q_learning,sparse_seed3,sparse,3,4a77b6e251,1113,225,-11.250000000000025,-10.250000000000021,0.10771903468012012,0.15,0,out_of_energy,0,0,1,0,101,36,0,0,0,41,0.04496497590749439,0.31176637355493103,0.0,0.0,0.99,8,exponential
q_learning,sparse_seed3,sparse,3,4a77b6e251,1114,225,-11.250000000000025,-10.250000000000023,0.10750359661075988,0.15,0,out_of_energy,0,0,1,0,96,17,1,0,0,38,0.04590422524591562,0.3391731776266987,0.0,0.0,0.99,8,exponential
q_learning,sparse_seed3,sparse,3,4a77b6e251,1115,225,-11.250000000000025,-10.250000000000021,0.10728858941753835,0.15,0,out_of_energy,0,0,1,0,93,5,0,0,0,37,0.04510413427579858,0.3201233189615481,0.0,0.0,0.99,8,exponential
q_learning,sparse_seed3,sparse,3,4a77b6e251,1116,225,-11.250000000000025,-10.250000000000023,0.10707401223870328,0.15,0,out_of_energy,0,0,1,0,89,0,0,0,0,44,0.04508267623419416,0.36582450149119616,0.0,0.0,0.99,8,exponential
q_learning,sparse_seed3,sparse,3,4a77b6e251,1117,225,-11.250000000000025,-10.250000000000021,0.10685986421422587,0.15,0,out_of_energy,0,0,1,0,95,23,0,0,0,53,0.04501479403096847,0.39033250751420817,0.0,0.0,0.99,8,exponential
q_learning,sparse_seed3,sparse,3,4a77b6e251,1118,225,-11.250000000000025,-10.350000000000023,0.10664614448579741,0.15,0,out_of_energy,0,0,1,0,95,28,0,0,0,50,0.045099709385963575,0.3899498748331812,0.0,0.0,0.99,8,exponential
q_learning,sparse_seed3,sparse,3,4a77b6e251,1119,225,-11.250000000000025,-10.350000000000023,0.10643285219682581,0.15,0,out_of_energy,0,0,1,0,82,5,0,0,0,35,0.04503296123994629,0.3338602282044991,0.0,0.0,0.99,8,exponential
q_learning,sparse_seed3,sparse,3,4a77b6e251,1120,225,-11.250000000000025,-10.350000000000023,0.10621998649243217,0.15,0,out_of_energy,0,0,1,0,97,2,0,0,0,41,0.045228449622308,0.3732888866391536,0.0,0.0,0.99,8,exponential
q_learning,sparse_seed3,sparse,3,4a77b6e251,1121,225,-11.250000000000025,-10.450000000000022,0.1060075465194473,0.15,0,out_of_energy,0,0,1,0,97,21,0,0,0,50,0.04534189406376143,0.37093117910137186,0.0,0.0,0.99,8,exponential
q_learning,sparse_seed3,sparse,3,4a77b6e251,1122,225,-11.250000000000025,-10.450000000000022,0.1057955314264084,0.15,0,out_of_energy,0,0,1,0,107,20,1,0,0,33,0.045716987159721154,0.401610921989102,0.0,0.0,0.99,8,exponential
q_learning,sparse_seed3,sparse,3,4a77b6e251,1123,225,-11.250000000000025,-10.450000000000022,0.10558394036355559,0.15,0,out_of_energy,0,0,1,0,92,23,0,0,0,46,0.04482693687916972,0.3158182131800996,0.0,0.0,0.99,8,exponential
q_learning,sparse_seed3,sparse,3,4a77b6e251,1124,225,-11.250000000000025,-10.550000000000022,0.10537277248282848,0.15,0,out_of_energy,0,0,1,0,91,9,0,0,0,41,0.04497296438538417,0.35434986234591853,0.0,0.0,0.99,8,exponential
q_learning,sparse_seed3,sparse,3,4a77b6e251,1125,225,-11.250000000000025,-10.550000000000022,0.10516202693786282,0.15,0,out_of_energy,0,0,1,0,87,4,4,0,0,42,0.04547073621223661,0.35767534286951463,0.0,0.0,0.99,8,exponential
q_learning,sparse_seed3,sparse,3,4a77b6e251,1126,225,-11.250000000000025,-10.650000000000023,0.1049517028839871,0.15,0,out_of_energy,0,0,1,0,82,11,0,0,0,38,0.045009678250870114,0.3235070902283373,0.0,0.0,0.99,8,exponential
q_learning,sparse_seed3,sparse,3,4a77b6e251,1127,225,-11.250000000000025,-10.750000000000023,0.10474179947821913,0.15,0,out_of_energy,0,0,1,0,81,26,0,0,0,49,0.04484212886824085,0.3123821366476678,0.0,0.0,0.99,8,exponential
q_learning,sparse_seed3,sparse,3,4a77b6e251,1128,225,-11.250000000000025,-10.850000000000023,0.10453231587926269,0.15,0,out_of_energy,0,0,1,0,100,21,0,0,0,55,0.04458573013481608,0.32502035725539685,0.0,0.0,0.99,8,exponential
q_learning,sparse_seed3,sparse,3,4a77b6e251,1129,225,-11.250000000000025,-10.850000000000023,0.10432325124750416,0.15,0,out_of_energy,0,0,1,0,80,18,0,0,0,47,0.045130610664315396,0.34017550285204134,0.0,0.0,0.99,8,exponential
q_learning,sparse_seed3,sparse,3,4a77b6e251,1130,225,-11.250000000000025,-10.850000000000023,0.10411460474500915,0.15,0,out_of_energy,0,0,1,0,88,13,0,0,0,45,0.04388875279033199,0.30118698293968305,0.0,0.0,0.99,8,exponential
q_learning,sparse_seed3,sparse,3,4a77b6e251,1131,225,-11.250000000000025,-10.950000000000022,0.10390637553551914,0.15,0,out_of_energy,0,0,1,0,109,9,0,0,0,44,0.045006553105611406,0.32868184447823146,0.0,0.0,0.99,8,exponential
q_learning,sparse_seed3,sparse,3,4a77b6e251,1132,225,-11.250000000000025,-10.950000000000022,0.1036985627844481,0.15,0,out_of_energy,0,0,1,0,88,10,0,0,0,48,0.044751161870849744,0.3622750347425677,0.0,0.0,0.99,8,exponential
q_learning,sparse_seed3,sparse,3,4a77b6e251,1133,225,-11.250000000000025,-10.950000000000022,0.1034911656588792,0.15,0,out_of_energy,0,0,1,0,87,2,1,0,0,41,0.044436438460915766,0.3813380163773575,0.0,0.0,0.99,8,exponential
q_learning,sparse_seed3,sparse,3,4a77b6e251,1134,225,-11.250000000000025,-11.050000000000022,0.10328418332756144,0.15,0,out_of_energy,0,0,1,0,87,22,0,0,0,39,0.044963710463025934,0.31362449567731704,0.0,0.0,0.99,8,exponential
q_learning,sparse_seed3,sparse,3,4a77b6e251,1135,225,-11.250000000000025,-11.150000000000023,0.10307761496090631,0.15,0,out_of_energy,0,0,1,0,97,3,0,0,0,47,0.04338705757643794,0.1649976631681324,0.0,0.0,0.99,8,exponential
q_learning,sparse_seed3,sparse,3,4a77b6e251,1136,225,-11.250000000000025,-11.250000000000025,0.1028714597309845,0.15,0,out_of_energy,0,0,1,0,89,15,0,0,0,36,0.04525615821351541,0.3627217533763379,0.0,0.0,0.99,8,exponential
q_learning,sparse_seed3,sparse,3,4a77b6e251,1137,225,-11.250000000000025,-11.250000000000025,0.10266571681152252,0.15,0,out_of_energy,0,0,1,0,120,11,0,0,0,49,0.04474773547919344,0.32553916314482895,0.0,0.0,0.99,8,exponential
q_learning,sparse_seed3,sparse,3,4a77b6e251,1138,225,-11.250000000000025,-11.250000000000025,0.10246038537789948,0.15,0,out_of_energy,0,0,1,0,104,24,0,0,0,46,0.04385274238776931,0.32686538402054943,0.0,0.0,0.99,8,exponential
q_learning,sparse_seed3,sparse,3,4a77b6e251,1139,225,-11.250000000000025,-11.250000000000025,0.10225546460714367,0.15,0,out_of_energy,0,0,1,0,98,10,0,0,0,40,0.04537097912468943,0.34151214251596096,0.0,0.0,0.99,8,exponential
q_learning,sparse_seed3,sparse,3,4a77b6e251,1140,225,-11.250000000000025,-11.250000000000025,0.10205095367792938,0.15,0,out_of_energy,0,0,1,0,89,22,0,0,0,42,0.043408330021124215,0.20730063591754772,0.0,0.0,0.99,8,exponential
q_learning,sparse_seed3,sparse,3,4a77b6e251,1141,225,-11.250000000000025,-11.250000000000025,0.10184685177057352,0.15,0,out_of_energy,0,0,1,0,103,8,0,0,0,41,0.043764294601378914,0.1985566236355566,0.0,0.0,0.99,8,exponential
q_learning,sparse_seed3,sparse,3,4a77b6e251,1142,225,-1.2499999999999822,-11.150000000000025,0.10164315806703238,0.15,0,out_of_energy,0,0,1,0,97,8,0,0,1,38,0.11688301776735699,7.022977077850053,0.0,0.0,0.99,8,exponential
q_learning,sparse_seed3,sparse,3,4a77b6e251,1143,225,-11.250000000000025,-11.150000000000025,0.10143987175089832,0.15,0,out_of_energy,0,0,1,0,83,11,3,0,0,34,0.04618002393369514,0.3457944273297647,0.0,0.0,0.99,8,exponential
q_learning,sparse_seed3,sparse,3,4a77b6e251,1144,225,-11.250000000000025,-11.150000000000025,0.10123699200739653,0.15,0,out_of_energy,0,0,1,0,87,26,0,0,0,31,0.044860114474144175,0.3071783163985926,0.0,0.0,0.99,8,exponential
q_learning,sparse_seed3,sparse,3,4a77b6e251,1145,225,-11.250000000000025,-11.150000000000025,0.10103451802338173,0.15,0,out_of_energy,0,0,1,0,86,33,0,0,0,39,0.04442094253123429,0.35640406310989686,0.0,0.0,0.99,8,exponential
q_learning,sparse_seed3,sparse,3,4a77b6e251,1146,225,-11.250000000000025,-11.150000000000023,0.10083244898733497,0.15,0,out_of_energy,0,0,1,0,93,25,0,0,0,46,0.043848918821736915,0.3934454018210095,0.0,0.0,0.99,8,exponential
q_learning,sparse_seed3,sparse,3,4a77b6e251,1147,225,-11.250000000000025,-11.150000000000023,0.1006307840893603,0.15,0,out_of_energy,0,0,1,0,104,1,0,0,0,54,0.043995358405118395,0.2321957830160244,0.0,0.0,0.99,8,exponential
q_learning,sparse_seed3,sparse,3,4a77b6e251,1148,225,-1.2499999999999822,-11.050000000000022,0.10042952252118158,0.15,0,out_of_energy,0,0,1,0,122,7,0,0,1,47,0.09870196476590015,6.165623188192007,0.0,0.0,0.99,8,exponential
q_learning,sparse_seed3,sparse,3,4a77b6e251,1149,225,-11.250000000000025,-11.050000000000022,0.10022866347613922,0.15,0,out_of_energy,0,0,1,0,98,14,0,0,0,41,0.04724981695742765,0.43089341775554624,0.0,0.0,0.99,8,exponential
q_learning,sparse_seed3,sparse,3,4a77b6e251,1150,225,-11.250000000000025,-11.050000000000022,0.10002820614918695,0.15,0,out_of_energy,0,0,1,0,96,9,0,0,0,45,0.04390200236092708,0.33099598098078226,0.0,0.0,0.99,8,exponential
q_learning,sparse_seed3,sparse,3,4a77b6e251,1151,225,-11.250000000000025,-11.050000000000022,0.09982814973688857,0.15,0,out_of_energy,0,0,1,0,97,13,0,0,0,33,0.045778751526558824,0.3643303842659249,0.0,0.0,0.99,8,exponential
q_learning,sparse_seed3,sparse,3,4a77b6e251,1152,225,-11.250000000000025,-11.050000000000022,0.0996284934374148,0.15,0,out_of_energy,0,0,1,0,93,4,0,0,0,39,0.04293120593999695,0.2825847665144052,0.0,0.0,0.99,8,exponential
q_learning,sparse_seed3,sparse,3,4a77b6e251,1153,225,-11.250000000000025,-11.050000000000022,0.09942923645053997,0.15,0,out_of_energy,0,0,1,0,91,15,0,0,0,44,0.04482798781533714,0.3393052834767132,0.0,0.0,0.99,8,exponential
q_learning,sparse_seed3,sparse,3,4a77b6e251,1154,225,-11.250000000000025,-11.050000000000022,0.0992303779776389,0.15,0,out_of_energy,0,0,1,0,91,18,0,0,0,47,0.04406997326248188,0.35465917871920677,0.0,0.0,0.99,8,exponential
q_learning,sparse_seed3,sparse,3,4a77b6e251,1155,225,-11.250000000000025,-11.050000000000022,0.09903191722168361,0.15,0,out_of_energy,0,0,1,0,105,14,0,0,0,41,0.04370003928652021,0.18561258785917373,0.0,0.0,0.99,8,exponential
q_learning,sparse_seed3,sparse,3,4a77b6e251,1156,225,-11.250000000000025,-11.050000000000022,0.09883385338724024,0.15,0,out_of_energy,0,0,1,0,106,15,0,0,0,38,0.0453629887153449,0.36003620814379766,0.0,0.0,0.99,8,exponential
q_learning,sparse_seed3,sparse,3,4a77b6e251,1157,225,-11.250000000000025,-11.050000000000022,0.09863618568046575,0.15,0,out_of_energy,0,0,1,0,105,1,0,0,0,48,0.0433130059229756,0.17899264575458962,0.0,0.0,0.99,8,exponential
q_learning,sparse_seed3,sparse,3,4a77b6e251,1158,225,-11.250000000000025,-11.050000000000022,0.09843891330910483,0.15,0,out_of_energy,0,0,1,0,93,6,0,0,0,44,0.044275474622528906,0.2975992786589977,0.0,0.0,0.99,8,exponential
q_learning,sparse_seed3,sparse,3,4a77b6e251,1159,225,-1.2500000000000182,-10.950000000000022,0.09824203548248661,0.15,0,out_of_energy,0,0,1,0,106,5,0,0,1,37,0.08951026490433815,5.932755410434803,0.0,0.0,0.99,8,exponential
q_learning,sparse_seed3,sparse,3,4a77b6e251,1160,225,-11.250000000000025,-10.950000000000022,0.09804555141152164,0.15,0,out_of_energy,0,0,1,0,105,10,0,0,0,47,0.04452636024421411,0.3250442657173173,0.0,0.0,0.99,8,exponential
q_learning,sparse_seed3,sparse,3,4a77b6e251,1161,225,-11.250000000000025,-10.950000000000022,0.09784946030869861,0.15,0,out_of_energy,0,0,1,0,102,9,0,0,0,45,0.04426828893920656,0.3257211472208334,0.0,0.0,0.99,8,exponential
q_learning,sparse_seed3,sparse,3,4a77b6e251,1162,225,-1.2499999999999822,-10.850000000000023,0.09765376138808121,0.15,0,out_of_energy,0,0,1,0,91,5,0,0,1,51,0.12217859646868758,6.721703369482182,0.0,0.0,0.99,8,exponential
q_learning,sparse_seed3,sparse,3,4a77b6e251,1163,225,-11.250000000000025,-10.850000000000023,0.09745845386530505,0.15,0,out_of_energy,0,0,1,0,111,7,0,0,0,37,0.04378481584856889,0.2940237070443251,0.0,0.0,0.99,8,exponential
q_learning,sparse_seed3,sparse,3,4a77b6e251,1164,225,-11.250000000000025,-10.850000000000023,0.09726353695757443,0.15,0,out_of_energy,0,0,1,0,104,31,0,0,0,41,0.04582827072637709,0.35912939526515625,0.0,0.0,0.99,8,exponential
q_learning,sparse_seed3,sparse,3,4a77b6e251,1165,225,-11.250000000000025,-10.850000000000023,0.09706900988365928,0.15,0,out_of_energy,0,0,1,0,98,12,0,0,0,44,0.045256232616318406,0.3306789905371417,0.0,0.0,0.99,8,exponential
q_learning,sparse_seed3,sparse,3,4a77b6e251,1166,225,-11.250000000000025,-10.850000000000023,0.09687487186389196,0.15,0,out_of_energy,0,0,1,0,99,15,0,0,0,48,0.04523913398979234,0.3415007403106273,0.0,0.0,0.99,8,exponential
q_learning,sparse_seed3,sparse,3,4a77b6e251,1167,225,-11.250000000000025,-10.850000000000023,0.09668112212016418,0.15,0,out_of_energy,0,0,1,0,102,1,0,0,0,48,0.04545187580163817,0.35038490922416693,0.0,0.0,0.99,8,exponential
q_learning,sparse_seed3,sparse,3,4a77b6e251,1168,225,-11.250000000000025,-10.850000000000023,0.09648775987592385,0.15,0,out_of_energy,0,0,1,0,101,15,0,0,0,51,0.04491415117704479,0.3458413339723503,0.0,0.0,0.99,8,exponential
q_learning,sparse_seed3,sparse,3,4a77b6e251,1169,225,-11.250000000000025,-10.850000000000023,0.096294784356172,0.15,0,out_of_energy,0,0,1,0,100,17,4,0,0,41,0.044077889663590566,0.3243244606086789,0.0,0.0,0.99,8,exponential
q_learning,sparse_seed3,sparse,3,4a77b6e251,1170,225,-11.250000000000025,-10.850000000000023,0.09610219478745965,0.15,0,out_of_energy,0,0,1,0,91,19,5,0,0,38,0.04536021237759342,0.35215304511780665,0.0,0.0,0.99,8,exponential
q_learning,sparse_seed3,sparse,3,4a77b6e251,1171,225,-11.250000000000025,-10.850000000000023,0.09590999039788474,0.15,0,out_of_energy,0,0,1,0,111,19,0,0,0,52,0.04415191611385219,0.4061213919630432,0.0,0.0,0.99,8,exponential
q_learning,sparse_seed3,sparse,3,4a77b6e251,1172,225,-11.250000000000025,-10.850000000000023,0.09571817041708897,0.15,0,out_of_energy,0,0,1,0,97,2,0,0,0,43,0.04331577660842848,0.26458749658064595,0.0,0.0,0.99,8,exponential
q_learning,sparse_seed3,sparse,3,4a77b6e251,1173,225,-11.250000000000025,-10.850000000000023,0.09552673407625478,0.15,0,out_of_energy,0,0,1,0,95,15,1,0,0,40,0.0441932245727075,0.29168966135445656,0.0,0.0,0.99,8,exponential
q_learning,sparse_seed3,sparse,3,4a77b6e251,1174,225,-11.250000000000025,-10.850000000000023,0.09533568060810227,0.15,0,out_of_energy,0,0,1,0,91,5,0,0,0,41,0.04575175848776238,0.3468775440610181,0.0,0.0,0.99,8,exponential
q_learning,sparse_seed3,sparse,3,4a77b6e251,1175,225,-11.250000000000025,-10.850000000000023,0.09514500924688607,0.15,0,out_of_energy,0,0,1,0,94,5,0,0,0,39,0.045209829682695185,0.36612100076049914,0.0,0.0,0.99,8,exponential
q_learning,sparse_seed3,sparse,3,4a77b6e251,1176,225,-11.250000000000025,-10.850000000000023,0.0949547192283923,0.15,0,out_of_energy,0,0,1,0,104,24,0,0,0,39,0.04463245061195749,0.34774096775899754,0.0,0.0,0.99,8,exponential
q_learning,sparse_seed3,sparse,3,4a77b6e251,1177,225,-11.250000000000025,-10.850000000000023,0.09476480978993551,0.15,0,out_of_energy,0,0,1,0,86,31,0,0,0,46,0.045067391393847564,0.32791128609806164,0.0,0.0,0.99,8,exponential
q_learning,sparse_seed3,sparse,3,4a77b6e251,1178,225,-11.250000000000025,-10.850000000000023,0.09457528017035564,0.15,0,out_of_energy,0,0,1,0,85,14,1,0,0,49,0.044232891240235044,0.35708921262291077,0.0,0.0,0.99,8,exponential
q_learning,sparse_seed3,sparse,3,4a77b6e251,1179,225,-11.250000000000025,-10.850000000000023,0.09438612961001493,0.15,0,out_of_energy,0,0,1,0,94,17,0,0,0,41,0.04486634909665203,0.33985698780043605,0.0,0.0,0.99,8,exponential
q_learning,sparse_seed3,sparse,3,4a77b6e251,1180,225,-11.250000000000025,-10.850000000000023,0.0941973573507949,0.15,0,out_of_energy,0,0,1,0,97,10,0,0,0,39,0.04504686114306165,0.33308835839140577,0.0,0.0,0.99,8,exponential
q_learning,sparse_seed3,sparse,3,4a77b6e251,1181,225,-11.250000000000025,-10.850000000000023,0.09400896263609332,0.15,0,out_of_energy,0,0,1,0,109,21,0,0,0,59,0.044234123665306505,0.35375554382507335,0.0,0.0,0.99,8,exponential
q_learning,sparse_seed3,sparse,3,4a77b6e251,1182,225,-11.250000000000025,-10.850000000000023,0.09382094471082113,0.15,0,out_of_energy,0,0,1,0,86,13,0,0,0,50,0.0451086076115792,0.3745419812962265,0.0,0.0,0.99,8,exponential
q_learning,sparse_seed3,sparse,3,4a77b6e251,1183,225,-11.250000000000025,-10.850000000000023,0.09363330282139949,0.15,0,out_of_energy,0,0,1,0,97,32,0,0,0,44,0.045925997632045835,0.4127802059660679,0.0,0.0,0.99,8,exponential
q_learning,sparse_seed3,sparse,3,4a77b6e251,1184,225,-11.250000000000025,-10.850000000000023,0.09344603621575669,0.15,0,out_of_energy,0,0,1,0,100,10,0,0,0,63,0.04354408370716747,0.3339218962231648,0.0,0.0,0.99,8,exponential
q_learning,sparse_seed3,sparse,3,4a77b6e251,1185,225,-11.250000000000025,-10.850000000000023,0.09325914414332517,0.15,0,out_of_energy,0,0,1,0,91,17,1,0,0,44,0.04448203452861124,0.3432117014519216,0.0,0.0,0.99,8,exponential
q_learning,sparse_seed3,sparse,3,4a77b6e251,1186,225,-11.250000000000025,-10.850000000000023,0.09307262585503852,0.15,0,out_of_energy,0,0,1,0,98,10,0,0,0,50,0.045257601425373224,0.3024716731948815,0.0,0.0,0.99,8,exponential
q_learning,sparse_seed3,sparse,3,4a77b6e251,1187,225,-11.250000000000025,-10.850000000000023,0.09288648060332844,0.15,0,out_of_energy,0,0,1,0,105,3,0,0,0,45,0.04448871650694523,0.35239376305498726,0.0,0.0,0.99,8,exponential
q_learning,sparse_seed3,sparse,3,4a77b6e251,1188,225,-11.250000000000025,-10.850000000000023,0.09270070764212178,0.15,0,out_of_energy,0,0,1,0,97,19,1,0,0,47,0.046186568340813354,0.4203724634176551,0.0,0.0,0.99,8,exponential
q_learning,sparse_seed3,sparse,3,4a77b6e251,1189,225,-11.250000000000025,-10.850000000000023,0.09251530622683754,0.15,0,out_of_energy,0,0,1,0,112,11,0,0,0,57,0.044663390306155876,0.3323237589941183,0.0,0.0,0.99,8,exponential
q_learning,sparse_seed3,sparse,3,4a77b6e251,1190,225,-11.250000000000025,-10.850000000000023,0.09233027561438387,0.15,0,out_of_energy,0,0,1,0,102,10,0,0,0,43,0.04389353312828337,0.2945989095076441,0.0,0.0,0.99,8,exponential
q_learning,sparse_seed3,sparse,3,4a77b6e251,1191,225,-11.250000000000025,-10.850000000000023,0.09214561506315509,0.15,0,out_of_energy,0,0,1,0,99,4,0,0,0,44,0.04469944703926352,0.3541554328342301,0.0,0.0,0.99,8,exponential
q_learning,sparse_seed3,sparse,3,4a77b6e251,1192,225,-11.250000000000025,-10.850000000000023,0.09196132383302878,0.15,0,out_of_energy,0,0,1,0,81,15,1,0,0,43,0.04410144187807346,0.4314275192708795,0.0,0.0,0.99,8,exponential
q_learning,sparse_seed3,sparse,3,4a77b6e251,1193,225,-11.250000000000025,-10.850000000000023,0.09177740118536272,0.15,0,out_of_energy,0,0,1,0,86,17,0,0,0,50,0.044208682427283326,0.32453424629067257,0.0,0.0,0.99,8,exponential
q_learning,sparse_seed3,sparse,3,4a77b6e251,1194,225,-11.250000000000025,-10.850000000000023,0.09159384638299199,0.15,0,out_of_energy,0,0,1,0,92,5,1,0,0,38,0.044173139308296513,0.33596282565136776,0.0,0.0,0.99,8,exponential
q_learning,sparse_seed3,sparse,3,4a77b6e251,1195,225,-11.250000000000025,-10.850000000000023,0.09141065869022601,0.15,0,out_of_energy,0,0,1,0,118,1,0,0,0,47,0.04535463376674406,0.3406954243527042,0.0,0.0,0.99,8,exponential
q_learning,sparse_seed3,sparse,3,4a77b6e251,1196,225,-11.250000000000025,-10.850000000000023,0.09122783737284555,0.15,0,out_of_energy,0,0,1,0,95,22,0,0,0,48,0.04470607661417454,0.32270099451651835,0.0,0.0,0.99,8,exponential
q_learning,sparse_seed3,sparse,3,4a77b6e251,1197,225,-11.250000000000025,-10.850000000000023,0.09104538169809986,0.15,0,out_of_energy,0,0,1,0,104,10,0,0,0,47,0.04564826506502851,0.34885251541303486,0.0,0.0,0.99,8,exponential
q_learning,sparse_seed3,sparse,3,4a77b6e251,1198,225,-1.2499999999999825,-10.750000000000023,0.09086329093470366,0.15,0,out_of_energy,0,0,1,0,102,13,0,0,1,44,0.08619453825658276,3.351138167971766,0.0,0.0,0.99,8,exponential
q_learning,sparse_seed3,sparse,3,4a77b6e251,1199,225,-11.250000000000025,-10.750000000000023,0.09068156435283425,0.15,0,out_of_energy,0,0,1,0,99,26,1,0,0,39,0.04586335481766726,0.44072422256014665,0.0,0.0,0.99,8,exponential
q_learning,sparse_seed3,sparse,3,4a77b6e251,1200,225,-11.250000000000025,-10.750000000000023,0.09050020122412858,0.15,0,out_of_energy,0,0,1,0,91,31,0,0,0,43,0.044606635631003824,0.2728260566370457,0.0,0.0,0.99,8,exponential
q_learning,sparse_seed3,sparse,3,4a77b6e251,1201,225,-1.2499999999999822,-10.650000000000023,0.09031920082168032,0.15,0,out_of_energy,0,0,1,0,88,25,0,0,1,49,0.09583959419152964,3.4987656670779654,0.0,0.0,0.99,8,exponential
q_learning,sparse_seed3,sparse,3,4a77b6e251,1202,225,-1.2499999999999822,-10.550000000000022,0.09013856242003697,0.15,0,out_of_energy,0,0,1,0,106,12,0,0,1,44,0.08558605880052866,3.2211617505138577,0.0,0.0,0.99,8,exponential
q_learning,sparse_seed3,sparse,3,4a77b6e251,1203,225,-1.2499999999999822,-10.450000000000022,0.0899582852951969,0.15,0,out_of_energy,0,0,1,0,102,13,0,0,1,38,0.12514775738775757,3.129295407407529,0.0,0.0,0.99,8,exponential
q_learning,sparse_seed3,sparse,3,4a77b6e251,1204,225,-11.250000000000025,-10.450000000000022,0.0897783687246065,0.15,0,out_of_energy,0,0,1,0,82,7,0,0,0,51,0.04396807881731504,0.32423842788153534,0.0,0.0,0.99,8,exponential
q_learning,sparse_seed3,sparse,3,4a77b6e251,1205,225,-11.250000000000025,-10.450000000000022,0.08959881198715729,0.15,0,out_of_energy,0,0,1,0,91,24,0,0,0,45,0.04562682392854184,0.36864054710870525,0.0,0.0,0.99,8,exponential
q_learning,sparse_seed3,sparse,3,4a77b6e251,1206,225,-1.2499999999999822,-10.350000000000023,0.08941961436318298,0.15,0,out_of_energy,0,0,1,0,99,28,0,0,1,49,0.08651228951363152,6.989293346264833,0.0,0.0,0.99,8,exponential
q_learning,sparse_seed3,sparse,3,4a77b6e251,1207,225,-11.250000000000025,-10.350000000000023,0.0892407751344566,0.15,0,out_of_energy,0,0,1,0,108,13,0,0,0,48,0.04346855304566734,0.3217933458717554,0.0,0.0,0.99,8,exponential
q_learning,sparse_seed3,sparse,3,4a77b6e251,1208,225,-11.250000000000025,-10.350000000000023,0.0890622935841877,0.15,0,out_of_energy,0,0,1,0,90,18,0,0,0,37,0.044183002736750424,0.3854036201758093,0.0,0.0,0.99,8,exponential
q_learning,sparse_seed3,sparse,3,4a77b6e251,1209,225,-11.250000000000025,-10.350000000000023,0.08888416899701933,0.15,0,out_of_energy,0,0,1,0,92,17,0,0,0,47,0.044321550098430036,0.31572172918304536,0.0,0.0,0.99,8,exponential
q_learning,sparse_seed3,sparse,3,4a77b6e251,1210,225,-11.250000000000025,-10.350000000000023,0.08870640065902528,0.15,0,out_of_energy,0,0,1,0,89,20,0,0,0,49,0.04461392764240822,0.28627200522268564,0.0,0.0,0.99,8,exponential
q_learning,sparse_seed3,sparse,3,4a77b6e251,1211,225,-11.250000000000025,-10.350000000000023,0.08852898785770723,0.15,0,out_of_energy,0,0,1,0,99,10,0,0,0,45,0.0454043326320764,0.3596004846610432,0.0,0.0,0.99,8,exponential
q_learning,sparse_seed3,sparse,3,4a77b6e251,1212,225,-11.250000000000025,-10.350000000000023,0.08835192988199181,0.15,0,out_of_energy,0,0,1,0,92,26,0,0,0,42,0.0435286320893492,0.3226905696846359,0.0,0.0,0.99,8,exponential
q_learning,sparse_seed3,sparse,3,4a77b6e251,1213,225,-11.250000000000025,-10.350000000000023,0.08817522602222783,0.15,0,out_of_energy,0,0,1,0,98,12,0,0,0,52,0.04507329349584368,0.44368886518825257,0.0,0.0,0.99,8,exponential
q_learning,sparse_seed3,sparse,3,4a77b6e251,1214,225,-11.250000000000025,-10.350000000000023,0.08799887557018338,0.15,0,out_of_energy,0,0,1,0,94,6,0,0,0,39,0.04458471692332062,0.36057892455949775,0.0,0.0,0.99,8,exponential
q_learning,sparse_seed3,sparse,3,4a77b6e251,1215,225,-1.2499999999999822,-10.250000000000021,0.08782287781904301,0.15,0,out_of_energy,0,0,1,0,91,19,0,0,1,52,0.09215302680109355,3.2180539585080767,0.0,0.0,0.99,8,exponential
q_learning,sparse_seed3,sparse,3,4a77b6e251,1216,225,-11.250000000000025,-10.250000000000023,0.08764723206340493,0.15,0,out_of_energy,0,0,1,0,105,6,0,0,0,47,0.04359923917956801,0.35312149276287086,0.0,0.0,0.99,8,exponential
q_learning,sparse_seed3,sparse,3,4a77b6e251,1217,225,-11.250000000000025,-10.250000000000023,0.08747193759927811,0.15,0,out_of_energy,0,0,1,0,110,22,0,0,0,42,0.04490395794976667,0.3391544233844986,0.0,0.0,0.99,8,exponential
q_learning,sparse_seed3,sparse,3,4a77b6e251,1218,225,-11.250000000000025,-10.250000000000023,0.08729699372407955,0.15,0,out_of_energy,0,0,1,0,98,20,0,0,0,38,0.043089677481093394,0.2857244101669706,0.0,0.0,0.99,8,exponential
q_learning,sparse_seed3,sparse,3,4a77b6e251,1219,225,-11.250000000000025,-10.250000000000021,0.08712239973663138,0.15,0,out_of_energy,0,0,1,0,91,12,0,0,0,50,0.04351662509701724,0.3470150853250896,0.0,0.0,0.99,8,exponential
q_learning,sparse_seed3,sparse,3,4a77b6e251,1220,225,-11.250000000000025,-10.250000000000023,0.08694815493715811,0.15,0,out_of_energy,0,0,1,0,101,18,0,0,0,31,0.04440972742135337,0.3390623911993427,0.0,0.0,0.99,8,exponential
q_learning,sparse_seed3,sparse,3,4a77b6e251,1221,225,-11.250000000000025,-10.250000000000021,0.0867742586272838,0.15,0,out_of_energy,0,0,1,0,96,14,0,0,0,41,0.04545071220169146,0.4388035282980818,0.0,0.0,0.99,8,exponential
q_learning,sparse_seed3,sparse,3,4a77b6e251,1222,225,-11.250000000000025,-10.250000000000023,0.08660071011002923,0.15,0,out_of_energy,0,0,1,0,83,13,0,0,0,53,0.045362994591548855,0.3371441578141626,0.0,0.0,0.99,8,exponential
q_learning,sparse_seed3,sparse,3,4a77b6e251,1223,225,-11.250000000000025,-10.250000000000021,0.08642750868980917,0.15,0,out_of_energy,0,0,1,0,103,11,0,0,0,39,0.04433664016030873,0.30753946969107426,0.0,0.0,0.99,8,exponential
q_learning,sparse_seed3,sparse,3,4a77b6e251,1224,225,-11.250000000000025,-10.250000000000023,0.08625465367242954,0.15,0,out_of_energy,0,0,1,0,93,21,0,0,0,40,0.04474969105370647,0.3473125648522765,0.0,0.0,0.99,8,exponential
q_learning,sparse_seed3,sparse,3,4a77b6e251,1225,225,-11.250000000000025,-10.250000000000021,0.08608214436508468,0.15,0,out_of_energy,0,0,1,0,106,17,0,0,0,42,0.045091282398049284,0.35933712034045046,0.0,0.0,0.99,8,exponential
q_learning,sparse_seed3,sparse,3,4a77b6e251,1226,225,-11.250000000000025,-10.250000000000023,0.08590998007635452,0.15,0,out_of_energy,0,0,1,0,94,26,0,0,0,54,0.043737948418064485,0.3350219531276513,0.0,0.0,0.99,8,exponential
q_learning,sparse_seed3,sparse,3,4a77b6e251,1227,225,-11.250000000000025,-10.250000000000021,0.0857381601162018,0.15,0,out_of_energy,0,0,1,0,89,19,0,0,0,37,0.04442218459902221,0.34379281811104334,0.0,0.0,0.99,8,exponential
q_learning,sparse_seed3,sparse,3,4a77b6e251,1228,225,-11.250000000000025,-10.250000000000023,0.0855666837959694,0.15,0,out_of_energy,0,0,1,0,93,28,7,0,0,38,0.0458582411339896,0.43555136141096695,0.0,0.0,0.99,8,exponential
q_learning,sparse_seed3,sparse,3,4a77b6e251,1229,225,-11.250000000000025,-10.250000000000021,0.08539555042837747,0.15,0,out_of_energy,0,0,1,0,93,9,0,0,0,47,0.04445825100633732,0.4039115827094693,0.0,0.0,0.99,8,exponential
q_learning,sparse_seed3,sparse,3,4a77b6e251,1230,225,-11.250000000000025,-10.250000000000023,0.08522475932752072,0.15,0,out_of_energy,0,0,1,0,90,17,3,0,0,50,0.0451820456983423,0.40749800515446133,0.0,0.0,0.99,8,exponential
q_learning,sparse_seed3,sparse,3,4a77b6e251,1231,225,-11.250000000000025,-10.250000000000021,0.08505430980886568,0.15,0,out_of_energy,0,0,1,0,104,23,0,0,0,52,0.0451346457911328,0.44250003562782,0.0,0.0,0.99,8,exponential
q_learning,sparse_seed3,sparse,3,4a77b6e251,1232,225,-11.250000000000025,-10.250000000000023,0.08488420118924794,0.15,0,out_of_energy,0,0,1,0,92,35,0,0,0,43,0.04408912136357575,0.32062113950282595,0.0,0.0,0.99,8,exponential
q_learning,sparse_seed3,sparse,3,4a77b6e251,1233,225,-1.2499999999999822,-10.15000000000002,0.08471443278686945,0.15,0,out_of_energy,0,0,1,0,106,9,0,0,1,49,0.0844682263023192,3.084072090981329,0.0,0.0,0.99,8,exponential
q_learning,sparse_seed3,sparse,3,4a77b6e251,1234,225,-11.250000000000025,-10.150000000000022,0.08454500392129571,0.15,0,out_of_energy,0,0,1,0,106,1,0,0,0,53,0.0460214156618666,0.29673468074961823,0.0,0.0,0.99,8,exponential
q_learning,sparse_seed3,sparse,3,4a77b6e251,1235,225,-11.250000000000025,-10.15000000000002,0.08437591391345312,0.15,0,out_of_energy,0,0,1,0,104,2,0,0,0,47,0.04372163462095138,0.2849486265244474,0.0,0.0,0.99,8,exponential
q_learning,sparse_seed3,sparse,3,4a77b6e251,1236,225,-1.2499999999999822,-10.050000000000022,0.0842071620856262,0.15,0,out_of_energy,0,0,1,0,101,8,0,0,1,39,0.08492484766515432,3.056064917650958,0.0,0.0,0.99,8,exponential
q_learning,sparse_seed3,sparse,3,4a77b6e251,1237,225,-1.2499999999999822,-9.95000000000002,0.08403874776145495,0.15,0,out_of_energy,0,0,1,0,100,12,0,0,1,50,0.08658604236625309,2.682391896177926,0.0,0.0,0.99,8,exponential
q_learning,sparse_seed3,sparse,3,4a77b6e251,1238,225,-11.250000000000025,-9.95000000000002,0.08387067026593203,0.15,0,out_of_energy,0,0,1,0,106,2,0,0,0,45,0.0443263215478874,0.30666209845253717,0.0,0.0,0.99,8,exponential
q_learning,sparse_seed3,sparse,3,4a77b6e251,1239,225,-11.250000000000025,-9.95000000000002,0.08370292892540017,0.15,0,out_of_energy,0,0,1,0,106,10,0,0,0,48,0.04583303145672291,0.3442117599134047,0.0,0.0,0.99,8,exponential
q_learning,sparse_seed3,sparse,3,4a77b6e251,1240,225,-11.250000000000025,-9.95000000000002,0.08353552306754937,0.15,0,out_of_energy,0,0,1,0,82,19,0,0,0,41,0.04462637644096296,0.37996249520802106,0.0,0.0,0.99,8,exponential
q_learning,sparse_seed3,sparse,3,4a77b6e251,1241,225,-11.250000000000025,-9.95000000000002,0.08336845202141427,0.15,0,out_of_energy,0,0,1,0,95,14,0,0,0,56,0.04208382228525864,0.2781980955550297,0.0,0.0,0.99,8,exponential
q_learning,sparse_seed3,sparse,3,4a77b6e251,1242,225,-11.250000000000025,-10.05000000000002,0.08320171511737144,0.15,0,out_of_energy,0,0,1,0,105,5,0,0,0,57,0.04454957406001088,0.392641366041843,0.0,0.0,0.99,8,exponential
q_learning,sparse_seed3,sparse,3,4a77b6e251,1243,225,-11.250000000000025,-10.05000000000002,0.0830353116871367,0.15,0,out_of_energy,0,0,1,0,91,26,0,0,0,47,0.0429824329441837,0.37146824463150824,0.0,0.0,0.99,8,exponential
q_learning,sparse_seed3,sparse,3,4a77b6e251,1244,225,-11.250000000000025,-10.05000000000002,0.08286924106376242,0.15,0,out_of_energy,0,0,1,0,106,8,0,0,0,48,0.04480229127819819,0.2741670393880988,0.0,0.0,0.99,8,exponential
q_learning,sparse_seed3,sparse,3,4a77b6e251,1245,225,-11.250000000000025,-10.05000000000002,0.08270350258163489,0.15,0,out_of_energy,0,0,1,0,117,7,0,0,0,42,0.04453308691921017,0.3697493671012963,0.0,0.0,0.99,8,exponential
q_learning,sparse_seed3,sparse,3,4a77b6e251,1246,225,-11.250000000000025,-10.05000000000002,0.08253809557647163,0.15,0,out_of_energy,0,0,1,0,93,11,0,0,0,40,0.043981899971788085,0.24220633254578028,0.0,0.0,0.99,8,exponential
q_learning,sparse_seed3,sparse,3,4a77b6e251,1247,225,-11.250000000000025,-10.05000000000002,0.08237301938531869,0.15,0,out_of_energy,0,0,1,0,93,6,0,0,0,41,0.04345687869357787,0.3036460026533761,0.0,0.0,0.99,8,exponential
q_learning,sparse_seed3,sparse,3,4a77b6e251,1248,225,-11.250000000000025,-10.15000000000002,0.08220827334654805,0.15,0,out_of_energy,0,0,1,0,92,18,0,0,0,40,0.04424672520553511,0.3529123676761175,0.0,0.0,0.99,8,exponential
q_learning,sparse_seed3,sparse,3,4a77b6e251,1249,225,-1.2499999999999822,-10.050000000000022,0.08204385679985496,0.15,0,out_of_energy,0,0,1,0,86,5,0,0,1,42,0.10370066002285243,8.291603367298391,0.0,0.0,0.99,8,exponential
q_learning,sparse_seed3,sparse,3,4a77b6e251,1250,225,-1.2499999999999871,-9.95000000000002,0.08187976908625524,0.15,0,out_of_energy,0,0,1,0,91,12,0,0,1,49,0.08416515404591668,3.149837529959666,0.0,0.0,0.99,8,exponential
q_learning,sparse_seed3,sparse,3,4a77b6e251,1251,225,-11.250000000000025,-9.950000000000022,0.08171600954808274,0.15,0,out_of_energy,0,0,1,0,94,5,0,0,0,47,0.04439460588253917,0.29652463810107965,0.0,0.0,0.99,8,exponential
q_learning,sparse_seed3,sparse,3,4a77b6e251,1252,225,-1.2499999999999822,-9.850000000000021,0.08155257752898658,0.15,0,out_of_energy,0,0,1,0,91,10,0,0,1,49,0.10530513826240906,7.075014862066018,0.0,0.0,0.99,8,exponential
q_learning,sparse_seed3,sparse,3,4a77b6e251,1253,225,-1.2499999999999822,-9.750000000000021,0.0813894723739286,0.15,0,out_of_energy,0,0,1,0,85,12,0,0,1,44,0.10007701411388624,3.0084904602251896,0.0,0.0,0.99,8,exponential
q_learning,sparse_seed3,sparse,3,4a77b6e251,1254,225,-1.2499999999999822,-9.65000000000002,0.08122669342918075,0.15,0,out_of_energy,0,0,1,0,95,3,0,0,1,40,0.12760804102323176,7.942894380548524,0.0,0.0,0.99,8,exponential
q_learning,sparse_seed3,sparse,3,4a77b6e251,1255,225,-1.2499999999999822,-9.55000000000002,0.08106424004232239,0.15,0,out_of_energy,0,0,1,0,98,14,0,0,1,42,0.08557361607594552,6.397333520152196,0.0,0.0,0.99,8,exponential
q_learning,sparse_seed3,sparse,3,4a77b6e251,1256,225,-11.250000000000025,-9.55000000000002,0.08090211156223774,0.15,0,out_of_energy,0,0,1,0,107,20,0,0,0,42,0.04604959907131403,0.3476793139971987,0.0,0.0,0.99,8,exponential
q_learning,sparse_seed3,sparse,3,4a77b6e251,1257,225,-1.2499999999999822,-9.45000000000002,0.08074030733911326,0.15,0,out_of_energy,0,0,1,0,86,14,0,0,1,47,0.13141099581287638,5.474153602511759,0.0,0.0,0.99,8,exponential
q_learning,sparse_seed3,sparse,3,4a77b6e251,1258,225,-1.2499999999999822,-9.35000000000002,0.08057882672443503,0.15,0,out_of_energy,0,0,1,0,90,12,0,0,1,34,0.12126583893847476,6.1119183799478325,0.0,0.0,0.99,8,exponential
q_learning,sparse_seed3,sparse,3,4a77b6e251,1259,225,-11.250000000000025,-9.450000000000019,0.08041766907098616,0.15,0,out_of_energy,0,0,1,0,96,17,0,0,0,40,0.04430719560301453,0.32161549725794464,0.0,0.0,0.99,8,exponential
q_learning,sparse_seed3,sparse,3,4a77b6e251,1260,225,-1.2500000000000169,-9.35000000000002,0.08025683373284419,0.15,0,out_of_energy,0,0,1,0,98,5,0,0,1,42,0.08510629602288647,5.058966856836569,0.0,0.0,0.99,8,exponential
q_learning,sparse_seed3,sparse,3,4a77b6e251,1261,225,-11.250000000000025,-9.350000000000017,0.08009632006537849,0.15,0,out_of_energy,0,0,1,0,94,6,0,0,0,42,0.04438139789430532,0.3266782373031892,0.0,0.0,0.99,8,exponential
q_learning,sparse_seed3,sparse,3,4a77b6e251,1262,225,-11.250000000000025,-9.450000000000019,0.07993612742524774,0.15,0,out_of_energy,0,0,1,0,96,18,0,0,0,56,0.04588718870178367,0.33805684805141173,0.0,0.0,0.99,8,exponential
q_learning,sparse_seed3,sparse,3,4a77b6e251,1263,225,-11.250000000000025,-9.450000000000019,0.07977625517039724,0.15,0,out_of_energy,0,0,1,0,104,4,0,0,0,48,0.04322105200081482,0.14902100990110945,0.0,0.0,0.99,8,exponential
q_learning,sparse_seed3,sparse,3,4a77b6e251,1264,225,-11.250000000000025,-9.450000000000019,0.07961670266005645,0.15,0,out_of_energy,0,0,1,0,98,22,4,0,0,34,0.0450995476904154,0.4278120005861452,0.0,0.0,0.99,8,exponential
q_learning,sparse_seed3,sparse,3,4a77b6e251,1265,225,-11.250000000000025,-9.450000000000019,0.07945746925473633,0.15,0,out_of_energy,0,0,1,0,90,11,0,0,0,49,0.04422000131293616,0.31822508890271944,0.0,0.0,0.99,8,exponential
q_learning,sparse_seed3,sparse,3,4a77b6e251,1266,225,-11.250000000000025,-9.450000000000019,0.07929855431622686,0.15,0,out_of_energy,0,0,1,0,81,15,0,0,0,51,0.044365956715044313,0.34381039571351857,0.0,0.0,0.99,8,exponential
q_learning,sparse_seed3,sparse,3,4a77b6e251,1267,225,-11.250000000000025,-9.450000000000019,0.0791399572075944,0.15,0,out_of_energy,0,0,1,0,91,18,0,0,0,37,0.04588312576282701,0.4519830357329645,0.0,0.0,0.99,8,exponential
q_learning,sparse_seed3,sparse,3,4a77b6e251,1268,225,-11.250000000000025,-9.450000000000019,0.0789816772931792,0.15,0,out_of_energy,0,0,1,0,101,42,0,0,0,41,0.044879873178467526,0.3987687027845045,0.0,0.0,0.99,8,exponential
q_learning,sparse_seed3,sparse,3,4a77b6e251,1269,225,-11.250000000000025,-9.450000000000019,0.07882371393859285,0.15,0,out_of_energy,0,0,1,0,125,0,0,0,0,59,0.04457076358005344,0.3608269621298034,0.0,0.0,0.99,8,exponential
q_learning,sparse_seed3,sparse,3,4a77b6e251,1270,225,-11.250000000000025,-9.450000000000019,0.07866606651071566,0.15,0,out_of_energy,0,0,1,0,92,15,0,0,0,42,0.043383183719067596,0.28040958175396896,0.0,0.0,0.99,8,exponential
q_learning,sparse_seed3,sparse,3,4a77b6e251,1271,225,-11.250000000000025,-9.450000000000019,0.07850873437769422,0.15,0,out_of_energy,0,0,1,0,103,12,0,0,0,46,0.04507355716793087,0.3620304467085415,0.0,0.0,0.99,8,exponential
q_learning,sparse_seed3,sparse,3,4a77b6e251,1272,225,-11.250000000000025,-9.450000000000019,0.07835171690893883,0.15,0,out_of_energy,0,0,1,0,93,25,2,0,0,45,0.044956396868079035,0.3920272217278547,0.0,0.0,0.99,8,exponential
q_learning,sparse_seed3,sparse,3,4a77b6e251,1273,225,-11.250000000000025,-9.450000000000019,0.07819501347512095,0.15,0,out_of_energy,0,0,1,0,94,1,0,0,0,52,0.044340035742986776,0.3786364165484971,0.0,0.0,0.99,8,exponential
q_learning,sparse_seed3,sparse,3,4a77b6e251,1274,225,-11.250000000000025,-9.450000000000019,0.07803862344817071,0.15,0,out_of_energy,0,0,1,0,102,42,0,0,0,37,0.045511001601722965,0.43692294179142255,0.0,0.0,0.99,8,exponential
q_learning,sparse_seed3,sparse,3,4a77b6e251,1275,225,-11.250000000000025,-9.450000000000019,0.07788254620127437,0.15,0,out_of_energy,0,0,1,0,90,36,0,0,0,50,0.04467894987404521,0.38746974695532665,0.0,0.0,0.99,8,exponential
q_learning,sparse_seed3,sparse,3,4a77b6e251,1276,225,-11.250000000000025,-9.450000000000019,0.07772678110887182,0.15,0,out_of_energy,0,0,1,0,100,9,0,0,0,33,0.04507279367333996,0.36271194850906047,0.0,0.0,0.99,8,exponential
q_learning,sparse_seed3,sparse,3,4a77b6e251,1277,225,-11.250000000000025,-9.450000000000019,0.07757132754665408,0.15,0,out_of_energy,0,0,1,0,95,13,0,0,0,45,0.04342315465423484,0.43124136636634447,0.0,0.0,0.99,8,exponential
q_learning,sparse_seed3,sparse,3,4a77b6e251,1278,225,-11.250000000000025,-9.450000000000019,0.07741618489156077,0.15,0,out_of_energy,0,0,1,0,93,13,0,0,0,39,0.043615292306803825,0.3471844127327886,0.0,0.0,0.99,8,exponential
q_learning,sparse_seed3,sparse,3,4a77b6e251,1279,225,-11.250000000000025,-9.450000000000019,0.07726135252177764,0.15,0,out_of_energy,0,0,1,0,84,15,0,0,0,49,0.04411573089681326,0.3769528861938436,0.0,0.0,0.99,8,exponential
q_learning,sparse_seed3,sparse,3,4a77b6e251,1280,225,-11.250000000000025,-9.450000000000019,0.07710682981673408,0.15,0,out_of_energy,0,0,1,0,74,11,0,0,0,45,0.046159505614957394,0.32341925748398126,0.0,0.0,0.99,8,exponential
q_learning,sparse_seed3,sparse,3,4a77b6e251,1281,225,-11.250000000000025,-9.450000000000019,0.07695261615710061,0.15,0,out_of_energy,0,0,1,0,102,5,0,0,0,35,0.04417085453261649,0.36963617376449454,0.0,0.0,0.99,8,exponential
q_learning,sparse_seed3,sparse,3,4a77b6e251,1282,225,-11.250000000000025,-9.450000000000019,0.0767987109247864,0.15,0,out_of_energy,0,0,1,0,108,2,0,0,0,46,0.044932288832368925,0.371636519770596,0.0,0.0,0.99,8,exponential
q_learning,sparse_seed3,sparse,3,4a77b6e251,1283,225,-11.250000000000025,-9.450000000000019,0.07664511350293683,0.15,0,out_of_energy,0,0,1,0,101,13,0,0,0,43,0.04451025389709734,0.3957806831069146,0.0,0.0,0.99,8,exponential
q_learning,sparse_seed3,sparse,3,4a77b6e251,1284,225,-11.250000000000025,-9.450000000000019,0.07649182327593096,0.15,0,out_of_energy,0,0,1,0,108,24,0,0,0,48,0.04499889022027516,0.3483934684265972,0.0,0.0,0.99,8,exponential
q_learning,sparse_seed3,sparse,3,4a77b6e251,1285,225,-11.250000000000025,-9.450000000000019,0.0763388396293791,0.15,0,out_of_energy,0,0,1,0,109,9,0,0,0,48,0.04300428897187462,0.22983862379534453,0.0,0.0,0.99,8,exponential
q_learning,sparse_seed3,sparse,3,4a77b6e251,1286,225,-11.250000000000025,-9.450000000000019,0.07618616195012033,0.15,0,out_of_energy,0,0,1,0,93,24,0,0,0,45,0.04401452836335537,0.3841751376818871,0.0,0.0,0.99,8,exponential
q_learning,sparse_seed3,sparse,3,4a77b6e251,1287,225,-11.250000000000025,-9.450000000000019,0.0760337896262201,0.15,0,out_of_energy,0,0,1,0,92,5,0,0,0,35,0.044763126582485935,0.3900642748121061,0.0,0.0,0.99,8,exponential
q_learning,sparse_seed3,sparse,3,4a77b6e251,1288,225,-11.250000000000025,-9.450000000000019,0.07588172204696765,0.15,0,out_of_energy,0,0,1,0,83,2,0,0,0,36,0.04477171047904265,0.3818151998555109,0.0,0.0,0.99,8,exponential
q_learning,sparse_seed3,sparse,3,4a77b6e251,1289,225,-11.250000000000025,-9.450000000000019,0.07572995860287371,0.15,0,out_of_energy,0,0,1,0,83,12,0,0,0,45,0.04450763193053218,0.33180362082134024,0.0,0.0,0.99,8,exponential
q_learning,sparse_seed3,sparse,3,4a77b6e251,1290,225,-11.250000000000025,-9.450000000000019,0.07557849868566796,0.15,0,out_of_energy,0,0,1,0,96,27,0,0,0,45,0.0434236014734125,0.29920638379696207,0.0,0.0,0.99,8,exponential
q_learning,sparse_seed3,sparse,3,4a77b6e251,1291,225,-11.250000000000025,-9.450000000000019,0.07542734168829662,0.15,0,out_of_energy,0,0,1,0,99,3,0,0,0,42,0.0437477621912667,0.405318971492253,0.0,0.0,0.99,8,exponential
q_learning,sparse_seed3,sparse,3,4a77b6e251,1292,225,-11.250000000000025,-9.450000000000019,0.07527648700492003,0.15,0,out_of_energy,0,0,1,0,90,21,0,0,0,46,0.04415867275932654,0.38127594352040906,0.0,0.0,0.99,8,exponential
q_learning,sparse_seed3,sparse,3,4a77b6e251,1293,225,-11.250000000000025,-9.450000000000019,0.07512593403091018,0.15,0,out_of_energy,0,0,1,0,103,22,0,0,0,48,0.04280289783225058,0.27571319391092625,0.0,0.0,0.99,8,exponential
q_learning,sparse_seed3,sparse,3,4a77b6e251,1294,225,-11.250000000000025,-9.450000000000019,0.07497568216284836,0.15,0,out_of_energy,0,0,1,0,98,12,0,0,0,42,0.04419385652984225,0.3803251960362777,0.0,0.0,0.99,8,exponential
q_learning,sparse_seed3,sparse,3,4a77b6e251,1295,225,-11.250000000000025,-9.450000000000019,0.07482573079852267,0.15,0,out_of_energy,0,0,1,0,93,17,0,0,0,46,0.04575454101665452,0.4633098152345374,0.0,0.0,0.99,8,exponential
q_learning,sparse_seed3,sparse,3,4a77b6e251,1296,225,-11.250000000000025,-9.450000000000019,0.07467607933692563,0.15,0,out_of_energy,0,0,1,0,97,21,0,0,0,42,0.044161349374820656,0.3158910418050066,0.0,0.0,0.99,8,exponential
q_learning,sparse_seed3,sparse,3,4a77b6e251,1297,225,-11.250000000000025,-9.450000000000019,0.07452672717825178,0.15,0,out_of_energy,0,0,1,0,86,27,0,0,0,52,0.044201028636302674,0.32747571039654705,0.0,0.0,0.99,8,exponential
q_learning,sparse_seed3,sparse,3,4a77b6e251,1298,225,-11.250000000000025,-9.550000000000018,0.07437767372389527,0.15,0,out_of_energy,0,0,1,0,98,5,0,0,0,34,0.045486384614561344,0.3974508606066784,0.0,0.0,0.99,8,exponential
q_learning,sparse_seed3,sparse,3,4a77b6e251,1299,225,-1.2500000000000189,-9.450000000000019,0.07422891837644748,0.15,0,out_of_energy,0,0,1,0,102,10,0,0,1,48,0.08317200326937517,4.312520999965472,0.0,0.0,0.99,8,exponential
q_learning,sparse_seed3,sparse,3,4a77b6e251,1300,225,-11.250000000000025,-9.450000000000019,0.07408046053969458,0.15,0,out_of_energy,0,0,1,0,101,1,0,0,0,47,0.04618859351543782,0.3781827038894482,0.0,0.0,0.99,8,exponential
q_learning,sparse_seed3,sparse,3,4a77b6e251,1301,225,-11.250000000000025,-9.550000000000018,0.0739322996186152,0.15,0,out_of_energy,0,0,1,0,105,25,0,0,0,32,0.043519548895677634,0.3121250744930432,0.0,0.0,0.99,8,exponential
q_learning,sparse_seed3,sparse,3,4a77b6e251,1302,225,-11.250000000000025,-9.65000000000002,0.07378443501937797,0.15,0,out_of_energy,0,0,1,0,105,30,3,0,0,41,0.04503997737277692,0.4113425051569557,0.0,0.0,0.99,8,exponential
q_learning,sparse_seed3,sparse,3,4a77b6e251,1303,225,-11.250000000000025,-9.750000000000021,0.07363686614933922,0.15,0,out_of_energy,0,0,1,0,111,15,0,0,0,43,0.04396621051123395,0.39785543517643973,0.0,0.0,0.99,8,exponential
q_learning,sparse_seed3,sparse,3,4a77b6e251,1304,225,-11.250000000000025,-9.750000000000021,0.07348959241704053,0.15,0,out_of_energy,0,0,1,0,93,5,0,0,0,42,0.042049974254000234,0.27508409217282104,0.0,0.0,0.99,8,exponential
q_learning,sparse_seed3,sparse,3,4a77b6e251,1305,225,-11.250000000000025,-9.750000000000021,0.07334261323220645,0.15,0,out_of_energy,0,0,1,0,83,9,0,0,0,44,0.045252407344888244,0.4033728810119391,0.0,0.0,0.99,8,exponential
q_learning,sparse_seed3,sparse,3,4a77b6e251,1306,225,-11.250000000000025,-9.850000000000021,0.07319592800574204,0.15,0,out_of_energy,0,0,1,0,110,17,0,0,0,46,0.043607792720920836,0.3623294492204545,0.0,0.0,0.99,8,exponential
q_learning,sparse_seed3,sparse,3,4a77b6e251,1307,225,-11.250000000000025,-9.850000000000021,0.07304953614973056,0.15,0,out_of_energy,0,0,1,0,86,4,0,0,0,43,0.04488564520341749,0.36319174172055135,0.0,0.0,0.99,8,exponential
q_learning,sparse_seed3,sparse,3,4a77b6e251,1308,225,-11.250000000000025,-9.850000000000021,0.0729034370774311,0.15,0,out_of_energy,0,0,1,0,96,6,0,0,0,56,0.04460941794676878,0.3482202468565638,0.0,0.0,0.99,8,exponential
q_learning,sparse_seed3,sparse,3,4a77b6e251,1309,225,-11.250000000000025,-9.850000000000021,0.07275763020327625,0.15,0,out_of_energy,0,0,1,0,110,11,0,0,0,32,0.04291294632688622,0.23674844322619942,0.0,0.0,0.99,8,exponential
q_learning,sparse_seed3,sparse,3,4a77b6e251,1310,225,-11.250000000000025,-9.850000000000021,0.07261211494286969,0.15,0,out_of_energy,0,0,1,0,93,17,0,0,0,43,0.04347763515445244,0.34342598133548136,0.0,0.0,0.99,8,exponential
q_learning,sparse_seed3,sparse,3,4a77b6e251,1311,225,-11.250000000000025,-9.850000000000021,0.07246689071298396,0.15,0,out_of_energy,0,0,1,0,98,5,0,0,0,48,0.04462052605712139,0.39602127758505284,0.0,0.0,0.99,8,exponential
q_learning,sparse_seed3,sparse,3,4a77b6e251,1312,225,-11.250000000000025,-9.850000000000021,0.07232195693155799,0.15,0,out_of_energy,0,0,1,0,83,28,0,0,0,42,0.04405627011924775,0.36590851657089746,0.0,0.0,0.99,8,exponential
q_learning,sparse_seed3,sparse,3,4a77b6e251,1313,225,-11.250000000000025,-9.850000000000021,0.07217731301769488,0.15,0,out_of_energy,0,0,1,0,113,15,0,0,0,56,0.04420011313854797,0.41612316789556225,0.0,0.0,0.99,8,exponential
q_learning,sparse_seed3,sparse,3,4a77b6e251,1314,225,-11.250000000000025,-9.850000000000021,0.07203295839165949,0.15,0,out_of_energy,0,0,1,0,97,30,5,0,0,47,0.04445394772629591,0.365569661870176,0.0,0.0,0.99,8,exponential
q_learning,sparse_seed3,sparse,3,4a77b6e251,1315,225,-11.250000000000025,-9.95000000000002,0.07188889247487618,0.15,0,out_of_energy,0,0,1,0,90,15,0,0,0,42,0.04507886744640985,0.3594778878712828,0.0,0.0,0.99,8,exponential
q_learning,sparse_seed3,sparse,3,4a77b6e251,1316,225,-11.250000000000025,-9.95000000000002,0.07174511468992642,0.15,0,out_of_energy,0,0,1,0,93,20,2,0,0,47,0.046106438450748626,0.34954091286174105,0.0,0.0,0.99,8,exponential
q_learning,sparse_seed3,sparse,3,4a77b6e251,1317,225,-11.250000000000025,-9.95000000000002,0.07160162446054656,0.15,0,out_of_energy,0,0,1,0,96,13,0,0,0,37,0.045053074745536624,0.38245985160349105,0.0,0.0,0.99,8,exponential
q_learning,sparse_seed3,sparse,3,4a77b6e251,1318,225,-11.250000000000025,-9.95000000000002,0.07145842121162548,0.15,0,out_of_energy,0,0,1,0,93,38,1,0,0,36,0.04539655189640799,0.39693222078064005,0.0,0.0,0.99,8,exponential
q_learning,sparse_seed3,sparse,3,4a77b6e251,1319,225,-11.250000000000025,-9.95000000000002,0.07131550436920223,0.15,0,out_of_energy,0,0,1,0,102,7,0,0,0,53,0.04347723400156626,0.39846402990522506,0.0,0.0,0.99,8,exponential
q_learning,sparse_seed3,sparse,3,4a77b6e251,1320,225,-11.250000000000025,-9.95000000000002,0.07117287336046382,0.15,0,out_of_energy,0,0,1,0,95,24,1,0,0,40,0.04403603102759194,0.34760385795116916,0.0,0.0,0.99,8,exponential
q_learning,sparse_seed3,sparse,3,4a77b6e251,1321,225,-11.250000000000025,-9.95000000000002,0.0710305276137429,0.15,0,out_of_energy,0,0,1,0,87,15,0,0,0,32,0.04382670758936591,0.3970667457569186,0.0,0.0,0.99,8,exponential
q_learning,sparse_seed3,sparse,3,4a77b6e251,1322,225,-11.250000000000025,-9.95000000000002,0.07088846655851541,0.15,0,out_of_energy,0,0,1,0,98,25,0,0,0,53,0.044890026328839316,0.3530157332576277,0.0,0.0,0.99,8,exponential
q_learning,sparse_seed3,sparse,3,4a77b6e251,1323,225,-11.250000000000025,-9.95000000000002,0.07074668962539839,0.15,0,out_of_energy,0,0,1,0,84,17,0,0,0,47,0.0438261429378261,0.40226844832404784,0.0,0.0,0.99,8,exponential
q_learning,sparse_seed3,sparse,3,4a77b6e251,1324,225,-11.250000000000025,-9.95000000000002,0.0706051962461476,0.15,0,out_of_energy,0,0,1,0,121,5,0,0,0,35,0.04302133327436312,0.37126657972069643,0.0,0.0,0.99,8,exponential
q_learning,sparse_seed3,sparse,3,4a77b6e251,1325,225,-11.250000000000025,-9.95000000000002,0.0704639858536553,0.15,0,out_of_energy,0,0,1,0,97,21,0,0,0,41,0.043912884584402755,0.2919120841351592,0.0,0.0,0.99,8,exponential
q_learning,sparse_seed3,sparse,3,4a77b6e251,1326,225,-11.250000000000025,-9.95000000000002,0.070323057881948,0.15,0,out_of_energy,0,0,1,0,91,5,0,0,0,42,0.04406932778677145,0.39558818833364484,0.0,0.0,0.99,8,exponential
q_learning,sparse_seed3,sparse,3,4a77b6e251,1327,225,-11.250000000000025,-9.95000000000002,0.0701824117661841,0.15,0,out_of_energy,0,0,1,0,96,26,0,0,0,56,0.04531852414757337,0.36902185453187264,0.0,0.0,0.99,8,exponential
q_learning,sparse_seed3,sparse,3,4a77b6e251,1328,225,-11.250000000000025,-9.95000000000002,0.07004204694265173,0.15,0,out_of_energy,0,0,1,0,86,2,0,0,0,43,0.04399935766324775,0.2954632792584938,0.0,0.0,0.99,8,exponential
q_learning,sparse_seed3,sparse,3,4a77b6e251,1329,225,-11.250000000000025,-9.95000000000002,0.06990196284876643,0.15,0,out_of_energy,0,0,1,0,96,10,3,0,0,37,0.044517478176872155,0.354990174916369,0.0,0.0,0.99,8,exponential
q_learning,sparse_seed3,sparse,3,4a77b6e251,1330,225,-11.250000000000025,-9.95000000000002,0.0697621589230689,0.15,0,out_of_energy,0,0,1,0,90,28,0,0,0,50,0.04484322086330583,0.4041044891263244,0.0,0.0,0.99,8,exponential
q_learning,sparse_seed3,sparse,3,4a77b6e251,1331,225,-11.250000000000025,-9.95000000000002,0.06962263460522276,0.15,0,out_of_energy,0,0,1,0,110,9,0,0,0,47,0.04547809640638346,0.3666452932613562,0.0,0.0,0.99,8,exponential
q_learning,sparse_seed3,sparse,3,4a77b6e251,1332,225,-11.250000000000025,-9.95000000000002,0.06948338933601232,0.15,0,out_of_energy,0,0,1,0,99,2,0,0,0,58,0.04694900084781468,0.3803879351433726,0.0,0.0,0.99,8,exponential
q_learning,sparse_seed3,sparse,3,4a77b6e251,1333,225,-11.250000000000025,-10.050000000000022,0.0693444225573403,0.15,0,out_of_energy,0,0,1,0,87,19,1,0,0,40,0.044695017070431206,0.34489365492137997,0.0,0.0,0.99,8,exponential
q_learning,sparse_seed3,sparse,3,4a77b6e251,1334,225,-1.2499999999999822,-9.95000000000002,0.06920573371222562,0.15,0,out_of_energy,0,0,1,0,108,26,0,0,1,52,0.08643668523093134,2.9390679490428435,0.0,0.0,0.99,8,exponential
q_learning,sparse_seed3,sparse,3,4a77b6e251,1335,225,-1.2499999999999822,-9.850000000000021,0.06906732224480117,0.15,0,out_of_energy,0,0,1,0,85,6,0,0,1,35,0.10683502730503099,5.7480141196457835,0.0,0.0,0.99,8,exponential
q_learning,sparse_seed3,sparse,3,4a77b6e251,1336,225,-11.250000000000025,-9.95000000000002,0.06892918760031157,0.15,0,out_of_energy,0,0,1,0,112,2,0,0,0,45,0.043885045130680554,0.27187712916974277,0.0,0.0,0.99,8,exponential
q_learning,sparse_seed3,sparse,3,4a77b6e251,1337,225,-11.250000000000025,-10.050000000000022,0.06879132922511094,0.15,0,out_of_energy,0,0,1,0,91,13,0,0,0,48,0.04457747476679109,0.3455343344542616,0.0,0.0,0.99,8,exponential
q_learning,sparse_seed3,sparse,3,4a77b6e251,1338,225,-11.250000000000025,-10.05000000000002,0.06865374656666072,0.15,0,out_of_energy,0,0,1,0,103,7,0,0,0,47,0.043073013801854215,0.21757747455531762,0.0,0.0,0.99,8,exponential
q_learning,sparse_seed3,sparse,3,4a77b6e251,1339,225,-1.2499999999999822,-9.950000000000022,0.0685164390735274,0.15,0,out_of_energy,0,0,1,0,98,24,0,0,1,48,0.08559955584646774,2.8672301978232446,0.0,0.0,0.99,8,exponential
q_learning,sparse_seed3,sparse,3,4a77b6e251,1340,225,-11.250000000000025,-9.95000000000002,0.06837940619538035,0.15,0,out_of_energy,0,0,1,0,92,18,0,0,0,40,0.04441820665404718,0.33450078816901624,0.0,0.0,0.99,8,exponential
q_learning,sparse_seed3,sparse,3,4a77b6e251,1341,225,-11.250000000000025,-9.950000000000022,0.06824264738298959,0.15,0,out_of_energy,0,0,1,0,92,12,0,0,0,43,0.04643527569374614,0.4550849977477741,0.0,0.0,0.99,8,exponential
q_learning,sparse_seed3,sparse,3,4a77b6e251,1342,225,-11.250000000000025,-9.95000000000002,0.0681061620882236,0.15,0,out_of_energy,0,0,1,0,104,5,0,0,0,49,0.04354624243525884,0.3281925828334563,0.0,0.0,0.99,8,exponential
q_learning,sparse_seed3,sparse,3,4a77b6e251,1343,225,-11.250000000000025,-9.95000000000002,0.06796994976404716,0.15,0,out_of_energy,0,0,1,0,86,9,1,0,0,42,0.044901706551524374,0.37500665099685215,0.0,0.0,0.99,8,exponential
q_learning,sparse_seed3,sparse,3,4a77b6e251,1344,225,-11.250000000000025,-9.95000000000002,0.06783400986451907,0.15,0,out_of_energy,0,0,1,0,91,11,2,0,0,43,0.04390902867893276,0.3852742782111055,0.0,0.0,0.99,8,exponential
q_learning,sparse_seed3,sparse,3,4a77b6e251,1345,225,-11.250000000000025,-9.95000000000002,0.06769834184479002,0.15,0,out_of_energy,0,0,1,0,90,9,6,0,0,45,0.045534881771870046,0.507807606677281,0.0,0.0,0.99,8,exponential
q_learning,sparse_seed3,sparse,3,4a77b6e251,1346,225,-11.250000000000025,-9.95000000000002,0.06756294516110044,0.15,0,out_of_energy,0,0,1,0,100,3,0,0,0,51,0.04486887013169246,0.3722361920402402,0.0,0.0,0.99,8,exponential
q_learning,sparse_seed3,sparse,3,4a77b6e251,1347,225,-11.250000000000025,-9.95000000000002,0.06742781927077823,0.15,0,out_of_energy,0,0,1,0,106,14,0,0,0,47,0.04465766774107649,0.33029113534621884,0.0,0.0,0.99,8,exponential
q_learning,sparse_seed3,sparse,3,4a77b6e251,1348,225,-11.250000000000025,-9.95000000000002,0.06729296363223668,0.15,0,out_of_energy,0,0,1,0,76,2,2,0,0,45,0.04533123849934546,0.3465982859063531,0.0,0.0,0.99,8,exponential
q_learning,sparse_seed3,sparse,3,4a77b6e251,1349,225,-11.250000000000025,-10.05000000000002,0.0671583777049722,0.15,0,out_of_energy,0,0,1,0,106,2,0,0,0,55,0.04419918177214841,0.28065390277096924,0.0,0.0,0.99,8,exponential
q_learning,sparse_seed3,sparse,3,4a77b6e251,1350,225,-11.250000000000025,-10.150000000000022,0.06702406094956226,0.15,0,out_of_energy,0,0,1,0,94,28,0,0,0,43,0.04260656012508807,0.23618515544468477,0.0,0.0,0.99,8,exponential
q_learning,sparse_seed3,sparse,3,4a77b6e251,1351,225,-11.250000000000025,-10.150000000000022,0.06689001282766313,0.15,0,out_of_energy,0,0,1,0,92,4,0,0,0,45,0.04467816359915359,0.3448316726673971,0.0,0.0,0.99,8,exponential
q_learning,sparse_seed3,sparse,3,4a77b6e251,1352,225,-11.250000000000025,-10.250000000000023,0.0667562328020078,0.15,0,out_of_energy,0,0,1,0,100,12,0,0,0,45,0.045087614212376406,0.372512105536581,0.0,0.0,0.99,8,exponential
q_learning,sparse_seed3,sparse,3,4a77b6e251,1353,225,-11.250000000000025,-10.350000000000023,0.06662272033640379,0.15,0,out_of_energy,0,0,1,0,90,12,0,0,0,48,0.043012656776820514,0.29299603089490905,0.0,0.0,0.99,8,exponential
q_learning,sparse_seed3,sparse,3,4a77b6e251,1354,225,-11.250000000000025,-10.450000000000022,0.06648947489573098,0.15,0,out_of_energy,0,0,1,0,99,18,0,0,0,37,0.0431053046524801,0.24366852308931353,0.0,0.0,0.99,8,exponential
q_learning,sparse_seed3,sparse,3,4a77b6e251,1355,225,-1.2499999999999838,-10.450000000000022,0.06635649594593952,0.15,0,out_of_energy,0,0,1,0,101,19,0,0,1,44,0.08455792768833185,2.8452121339619483,0.0,0.0,0.99,8,exponential
q_learning,sparse_seed3,sparse,3,4a77b6e251,1356,225,-1.2499999999999822,-10.350000000000023,0.06622378295404764,0.15,0,out_of_energy,0,0,1,0,92,7,0,0,1,48,0.11203887115077064,5.006078104272657,0.0,0.0,0.99,8,exponential
q_learning,sparse_seed3,sparse,3,4a77b6e251,1357,225,-11.250000000000025,-10.450000000000022,0.06609133538813955,0.15,0,out_of_energy,0,0,1,0,106,24,0,0,0,49,0.04519001443316789,0.3448602914244297,0.0,0.0,0.99,8,exponential
q_learning,sparse_seed3,sparse,3,4a77b6e251,1358,225,-1.2499999999999822,-10.450000000000022,0.06595915271736327,0.15,0,out_of_energy,0,0,1,0,91,16,0,0,1,49,0.11230810571411223,4.812462798319722,0.0,0.0,0.99,8,exponential
q_learning,sparse_seed3,sparse,3,4a77b6e251,1359,225,-1.2499999999999822,-10.350000000000023,0.06582723441192855,0.15,0,out_of_energy,0,0,1,0,87,12,0,0,1,40,0.10476975941024555,4.572667268758763,0.0,0.0,0.99,8,exponential
q_learning,sparse_seed3,sparse,3,4a77b6e251,1360,225,-1.2499999999999822,-10.350000000000023,0.06569557994310468,0.15,0,out_of_energy,0,0,1,0,95,3,0,0,1,50,0.08438958448382444,2.7743417334943237,0.0,0.0,0.99,8,exponential
q_learning,sparse_seed3,sparse,3,4a77b6e251,1361,225,-11.250000000000025,-10.350000000000023,0.06556418878321847,0.15,0,out_of_energy,0,0,1,0,96,6,0,0,0,45,0.04472002427672637,0.3967732075934323,0.0,0.0,0.99,8,exponential
q_learning,sparse_seed3,sparse,3,4a77b6e251,1362,225,-1.2499999999999822,-10.250000000000023,0.06543306040565204,0.15,0,out_of_energy,0,0,1,0,91,24,0,0,1,40,0.11730897113835592,4.329409066708818,0.0,0.0,0.99,8,exponential
q_learning,sparse_seed3,sparse,3,4a77b6e251,1363,225,-1.2499999999999822,-10.150000000000022,0.06530219428484074,0.15,0,out_of_energy,0,0,1,0,91,6,0,0,1,42,0.12793274100819277,4.972668095101462,0.0,0.0,0.99,8,exponential
q_learning,sparse_seed3,sparse,3,4a77b6e251,1364,225,-1.2499999999999822,-10.050000000000022,0.06517158989627106,0.15,0,out_of_energy,0,0,1,0,87,9,0,0,1,38,0.1164465994711186,3.9545140148795452,0.0,0.0,0.99,8,exponential
q_learning,sparse_seed3,sparse,3,4a77b6e251,1365,225,-11.250000000000025,-10.050000000000022,0.06504124671647851,0.15,0,out_of_energy,0,0,1,0,103,17,0,0,0,47,0.043821000975211535,0.3676036228452252,0.0,0.0,0.99,8,exponential
q_learning,sparse_seed3,sparse,3,4a77b6e251,1366,225,-1.2499999999999822,-9.950000000000022,0.06491116422304556,0.15,0,out_of_energy,0,0,1,0,98,5,0,0,1,52,0.09875440182956527,4.789542836213302,0.0,0.0,0.99,8,exponential
q_learning,sparse_seed3,sparse,3,4a77b6e251,1367,225,-11.250000000000025,-9.95000000000002,0.06478134189459947,0.15,0,out_of_energy,0,0,1,0,91,27,0,0,0,53,0.04454876319310103,0.41597188289507264,0.0,0.0,0.99,8,exponential
q_learning,sparse_seed3,sparse,3,4a77b6e251,1368,225,-1.2499999999999822,-9.850000000000021,0.06465177921081026,0.15,0,out_of_energy,0,0,1,0,94,7,0,0,1,44,0.12792592603769068,4.0933357323871125,0.0,0.0,0.99,8,exponential
q_learning,sparse_seed3,sparse,3,4a77b6e251,1369,225,-1.2499999999999822,-9.750000000000021,0.06452247565238864,0.15,0,out_of_energy,0,0,1,0,98,22,0,0,1,50,0.09497828837355772,3.4626400617412623,0.0,0.0,0.99,8,exponential
q_learning,sparse_seed3,sparse,3,4a77b6e251,1370,225,-1.2500000000000127,-9.65000000000002,0.06439343070108386,0.15,0,out_of_energy,0,0,1,0,107,5,0,0,1,41,0.08509564435936713,4.2091091209068,0.0,0.0,0.99,8,exponential
q_learning,sparse_seed3,sparse,3,4a77b6e251,1371,225,-11.250000000000025,-9.65000000000002,0.0642646438396817,0.15,0,out_of_energy,0,0,1,0,102,4,2,0,0,57,0.043502439550675356,0.3475303519696362,0.0,0.0,0.99,8,exponential
q_learning,sparse_seed3,sparse,3,4a77b6e251,1372,225,-11.250000000000025,-9.65000000000002,0.06413611455200233,0.15,0,out_of_energy,0,0,1,0,113,22,0,0,0,51,0.044282604003599964,0.3986247342282896,0.0,0.0,0.99,8,exponential
q_learning,sparse_seed3,sparse,3,4a77b6e251,1373,225,-1.2500000000000098,-9.55000000000002,0.06400784232289833,0.15,0,out_of_energy,0,0,1,0,91,17,0,0,1,43,0.09717783255588266,4.12866642824368,0.0,0.0,0.99,8,exponential
q_learning,sparse_seed3,sparse,3,4a77b6e251,1374,225,-11.250000000000025,-9.550000000000018,0.06387982663825253,0.15,0,out_of_energy,0,0,1,0,100,35,0,0,0,46,0.04387333992050791,0.25761030445907296,0.0,0.0,0.99,8,exponential
q_learning,sparse_seed3,sparse,3,4a77b6e251,1375,225,-11.250000000000025,-9.55000000000002,0.06375206698497603,0.15,0,out_of_energy,0,0,1,0,96,11,0,0,0,42,0.043666315351758335,0.3880183292063423,0.0,0.0,0.99,8,exponential
q_learning,sparse_seed3,sparse,3,4a77b6e251,1376,225,-11.250000000000025,-9.55000000000002,0.06362456285100608,0.15,0,out_of_energy,0,0,1,0,97,23,0,0,0,36,0.04422061484728756,0.39355859267092236,0.0,0.0,0.99,8,exponential
q_learning,sparse_seed3,sparse,3,4a77b6e251,1377,225,-1.2500000000000042,-9.45000000000002,0.06349731372530407,0.15,0,out_of_energy,0,0,1,0,98,3,0,0,1,52,0.08399166780193404,2.911134118079177,0.0,0.0,0.99,8,exponential
q_learning,sparse_seed3,sparse,3,4a77b6e251,1378,225,-1.2499999999999905,-9.35000000000002,0.06337031909785346,0.15,0,out_of_energy,0,0,1,0,105,4,0,0,1,46,0.08315380500269182,2.6632502715666444,0.0,0.0,0.99,8,exponential
q_learning,sparse_seed3,sparse,3,4a77b6e251,1379,225,-11.250000000000025,-9.350000000000021,0.06324357845965775,0.15,0,out_of_energy,0,0,1,0,95,5,0,0,0,40,0.04296678787782705,0.12750129355289308,0.0,0.0,0.99,8,exponential
q_learning,sparse_seed3,sparse,3,4a77b6e251,1380,225,-1.2500000000000069,-9.250000000000021,0.06311709130273843,0.15,0,out_of_energy,0,0,1,0,103,2,0,0,1,58,0.10429830330121394,3.968359350800053,0.0,0.0,0.99,8,exponential
q_learning,sparse_seed3,sparse,3,4a77b6e251,1381,225,-1.2499999999999822,-9.15000000000002,0.06299085712013296,0.15,0,out_of_energy,0,0,1,0,111,12,0,0,1,52,0.0847879620169408,2.809573512667236,0.0,0.0,0.99,8,exponential
q_learning,sparse_seed3,sparse,3,4a77b6e251,1382,225,-11.250000000000025,-9.150000000000018,0.0628648754058927,0.15,0,out_of_energy,0,0,1,0,84,10,0,0,0,36,0.04355778523049289,0.3983055533451316,0.0,0.0,0.99,8,exponential
q_learning,sparse_seed3,sparse,3,4a77b6e251,1383,225,-11.250000000000025,-9.15000000000002,0.06273914565508092,0.15,0,out_of_energy,0,0,1,0,103,22,1,0,0,49,0.04413566930937803,0.3641762264828696,0.0,0.0,0.99,8,exponential
q_learning,sparse_seed3,sparse,3,4a77b6e251,1384,225,-11.250000000000025,-9.15000000000002,0.06261366736377075,0.15,0,out_of_energy,0,0,1,0,111,15,0,0,0,54,0.04532224698880583,0.39008411021481815,0.0,0.0,0.99,8,exponential
q_learning,sparse_seed3,sparse,3,4a77b6e251,1385,225,-11.250000000000025,-9.150000000000018,0.062488440029043205,0.15,0,out_of_energy,0,0,1,0,92,39,0,0,0,47,0.04419221790334434,0.3681784999189485,0.0,0.0,0.99,8,exponential
q_learning,sparse_seed3,sparse,3,4a77b6e251,1386,225,-1.2499999999999822,-9.050000000000018,0.06236346314898512,0.15,0,out_of_energy,0,0,1,0,103,3,0,0,1,42,0.08475823650850016,2.947861841059347,0.0,0.0,0.99,8,exponential
q_learning,sparse_seed3,sparse,3,4a77b6e251,1387,225,-11.250000000000025,-9.050000000000018,0.06223873622268715,0.15,0,out_of_energy,0,0,1,0,103,1,0,0,0,46,0.04548927135677139,0.4616842762855916,0.0,0.0,0.99,8,exponential
q_learning,sparse_seed3,sparse,3,4a77b6e251,1388,225,-1.2499999999999822,-8.950000000000019,0.06211425875024178,0.15,0,out_of_energy,0,0,1,0,107,8,0,0,1,46,0.08422138786440753,4.285668112491278,0.0,0.0,0.99,8,exponential
q_learning,sparse_seed3,sparse,3,4a77b6e251,1389,225,-1.2499999999999822,-8.850000000000017,0.06199003023274129,0.15,0,out_of_energy,0,0,1,0,81,12,0,0,1,42,0.12417776869614482,5.732315984966404,0.0,0.0,0.99,8,exponential
q_learning,sparse_seed3,sparse,3,4a77b6e251,1390,225,-11.250000000000025,-8.850000000000017,0.06186605017227581,0.15,0,out_of_energy,0,0,1,0,108,9,0,0,0,40,0.04930646583149957,1.0659969143689059,0.0,0.0,0.99,8,exponential
q_learning,sparse_seed3,sparse,3,4a77b6e251,1391,225,-1.2499999999999944,-8.750000000000018,0.06174231807193126,0.15,0,out_of_energy,0,0,1,0,102,6,0,0,1,38,0.08425661105366591,2.6967803935410455,0.0,0.0,0.99,8,exponential
q_learning,sparse_seed3,sparse,3,4a77b6e251,1392,225,-11.250000000000025,-8.750000000000018,0.0616188334357874,0.15,0,out_of_energy,0,0,1,0,99,11,0,0,0,49,0.04304413537550229,0.3948730664478171,0.0,0.0,0.99,8,exponential
q_learning,sparse_seed3,sparse,3,4a77b6e251,1393,225,-11.250000000000025,-8.750000000000018,0.06149559576891582,0.15,0,out_of_energy,0,0,1,0,96,4,0,0,0,43,0.04411270702029594,0.3001990697400786,0.0,0.0,0.99,8,exponential
q_learning,sparse_seed3,sparse,3,4a77b6e251,1394,225,-11.250000000000025,-8.750000000000018,0.06137260457737799,0.15,0,out_of_energy,0,0,1,0,106,21,0,0,0,55,0.04330992547168243,0.3970300174324596,0.0,0.0,0.99,8,exponential
q_learning,sparse_seed3,sparse,3,4a77b6e251,1395,225,-11.250000000000025,-8.750000000000018,0.06124985936822323,0.15,0,out_of_energy,0,0,1,0,96,16,5,0,0,53,0.046483940503789664,0.48595479738087466,0.0,0.0,0.99,8,exponential
q_learning,sparse_seed3,sparse,3,4a77b6e251,1396,225,-11.250000000000025,-8.750000000000018,0.06112735964948679,0.15,0,out_of_energy,0,0,1,0,94,16,0,0,0,44,0.04580386477638961,0.4798350096199825,0.0,0.0,0.99,8,exponential
q_learning,sparse_seed3,sparse,3,4a77b6e251,1397,225,-11.250000000000025,-8.750000000000018,0.06100510493018781,0.15,0,out_of_energy,0,0,1,0,99,12,0,0,0,46,0.04420988858491185,0.3584323668571637,0.0,0.0,0.99,8,exponential
q_learning,sparse_seed3,sparse,3,4a77b6e251,1398,225,-1.2499999999999822,-8.650000000000016,0.060883094720327435,0.15,0,out_of_energy,0,0,1,0,97,8,0,0,1,43,0.08402808354100084,2.755274185085912,0.0,0.0,0.99,8,exponential
q_learning,sparse_seed3,sparse,3,4a77b6e251,1399,225,-11.250000000000025,-8.750000000000018,0.06076132853088678,0.15,0,out_of_energy,0,0,1,0,98,24,0,0,0,51,0.04430000339714731,0.3638214553818335,0.0,0.0,0.99,8,exponential
q_learning,sparse_seed3,sparse,3,4a77b6e251,1400,225,-1.2499999999999822,-8.650000000000016,0.06063980587382501,0.15,0,out_of_energy,0,0,1,0,92,8,0,0,1,44,0.11499335216319237,3.5883148473406545,0.0,0.0,0.99,8,exponential
q_learning,sparse_seed3,sparse,3,4a77b6e251,1401,225,-1.2499999999999822,-8.550000000000017,0.06051852626207736,0.15,0,out_of_energy,0,0,1,0,98,8,0,0,1,48,0.15302309475008138,9.9575,0.0,0.0,0.99,8,exponential
q_learning,sparse_seed3,sparse,3,4a77b6e251,1402,225,-1.2499999999999822,-8.450000000000017,0.06039748920955321,0.15,0,out_of_energy,0,0,1,0,97,9,0,0,1,44,0.09340266717413116,2.9580185214976646,0.0,0.0,0.99,8,exponential
q_learning,sparse_seed3,sparse,3,4a77b6e251,1403,225,-11.250000000000025,-8.450000000000017,0.060276694231134104,0.15,0,out_of_energy,0,0,1,0,99,13,0,0,0,39,0.04405932304191909,0.40202120731297014,0.0,0.0,0.99,8,exponential
q_learning,sparse_seed3,sparse,3,4a77b6e251,1404,225,-11.250000000000025,-8.450000000000015,0.06015614084267183,0.15,0,out_of_energy,0,0,1,0,99,2,0,0,0,49,0.04321010294690606,0.1479019992791633,0.0,0.0,0.99,8,exponential
q_learning,sparse_seed3,sparse,3,4a77b6e251,1405,225,-1.2499999999999822,-8.350000000000016,0.060035828560986486,0.15,0,out_of_energy,0,0,1,0,83,8,0,0,1,40,0.12779367338972927,5.131669145857118,0.0,0.0,0.99,8,exponential
q_learning,sparse_seed3,sparse,3,4a77b6e251,1406,225,-11.250000000000025,-8.350000000000016,0.05991575690386451,0.15,0,out_of_energy,0,0,1,0,92,4,0,0,0,48,0.044204357607868255,0.3922115209943232,0.0,0.0,0.99,8,exponential
q_learning,sparse_seed3,sparse,3,4a77b6e251,1407,225,-11.250000000000025,-8.350000000000016,0.059795925390056785,0.15,0,out_of_energy,0,0,1,0,91,4,0,0,0,48,0.04562979781976494,0.41325756813314374,0.0,0.0,0.99,8,exponential
q_learning,sparse_seed3,sparse,3,4a77b6e251,1408,225,-11.250000000000025,-8.350000000000016,0.05967633353927667,0.15,0,out_of_energy,0,0,1,0,101,22,0,0,0,52,0.04510770127485339,0.4194605082889885,0.0,0.0,0.99,8,exponential
q_learning,sparse_seed3,sparse,3,4a77b6e251,1409,225,-11.250000000000025,-8.350000000000016,0.059556980872198115,0.15,0,out_of_energy,0,0,1,0,99,7,0,0,0,49,0.04462411145170134,0.37327204875823017,0.0,0.0,0.99,8,exponential
q_learning,sparse_seed3,sparse,3,4a77b6e251,1410,225,-11.250000000000025,-8.350000000000014,0.05943786691045372,0.15,0,out_of_energy,0,0,1,0,95,1,0,0,0,35,0.043312619727487026,0.3989560556766504,0.0,0.0,0.99,8,exponential
q_learning,sparse_seed3,sparse,3,4a77b6e251,1411,225,-11.250000000000025,-8.350000000000014,0.059318991176632814,0.15,0,out_of_energy,0,0,1,0,99,4,0,0,0,44,0.04456007310807889,0.2669923950033765,0.0,0.0,0.99,8,exponential
q_learning,sparse_seed3,sparse,3,4a77b6e251,1412,225,-1.2499999999999822,-8.250000000000014,0.05920035319427955,0.15,0,out_of_energy,0,0,1,0,104,9,0,0,1,55,0.08301185283263907,2.7029883215583306,0.0,0.0,0.99,8,exponential
q_learning,sparse_seed3,sparse,3,4a77b6e251,1413,225,-1.2499999999999822,-8.150000000000015,0.05908195248789099,0.15,0,out_of_energy,0,0,1,0,92,10,0,0,1,42,0.09859932812788656,3.362192378779378,0.0,0.0,0.99,8,exponential
q_learning,sparse_seed3,sparse,3,4a77b6e251,1414,225,-11.250000000000025,-8.150000000000013,0.05896378858291521,0.15,0,out_of_energy,0,0,1,0,110,7,0,0,0,50,0.044029216676154,0.365298514202875,0.0,0.0,0.99,8,exponential
q_learning,sparse_seed3,sparse,3,4a77b6e251,1415,225,-11.250000000000025,-8.150000000000013,0.05884586100574938,0.15,0,out_of_energy,0,0,1,0,95,14,0,0,0,40,0.04411585886248719,0.3920674810533999,0.0,0.0,0.99,8,exponential
q_learning,sparse_seed3,sparse,3,4a77b6e251,1416,225,-11.250000000000025,-8.150000000000013,0.05872816928373788,0.15,0,out_of_energy,0,0,1,0,108,6,0,0,0,44,0.044704882116646076,0.35329857192256825,0.0,0.0,0.99,8,exponential
q_learning,sparse_seed3,sparse,3,4a77b6e251,1417,225,-11.250000000000025,-8.150000000000013,0.0586107129451704,0.15,0,out_of_energy,0,0,1,0,87,20,0,0,0,35,0.04359247080167528,0.3555766951417875,0.0,0.0,0.99,8,exponential
q_learning,sparse_seed3,sparse,3,4a77b6e251,1418,225,-1.2500000000000127,-8.050000000000013,0.058493491519280065,0.15,0,out_of_energy,0,0,1,0,98,3,0,0,1,38,0.08401965880985153,3.766878420487212,0.0,0.0,0.99,8,exponential
q_learning,sparse_seed3,sparse,3,4a77b6e251,1419,225,-1.2499999999999822,-7.9500000000000135,0.058376504536241505,0.15,0,out_of_energy,0,0,1,0,95,46,0,0,1,47,0.08701049569649393,2.848599764942274,0.0,0.0,0.99,8,exponential
q_learning,sparse_seed3,sparse,3,4a77b6e251,1420,225,-1.2499999999999822,-7.850000000000014,0.05825975152716902,0.15,0,out_of_energy,0,0,1,0,88,10,0,0,1,43,0.11386398130425128,3.90958917235693,0.0,0.0,0.99,8,exponential
q_learning,sparse_seed3,sparse,3,4a77b6e251,1421,225,-1.2499999999999822,-7.750000000000013,0.058143232024114685,0.15,0,out_of_energy,0,0,1,0,103,4,0,0,1,47,0.14431872331577816,8.463875,0.0,0.0,0.99,8,exponential
q_learning,sparse_seed3,sparse,3,4a77b6e251,1422,225,-11.250000000000025,-7.750000000000013,0.058026945560066455,0.15,0,out_of_energy,0,0,1,0,106,21,0,0,0,51,0.043258721384925536,0.35436356927741197,0.0,0.0,0.99,8,exponential
q_learning,sparse_seed3,sparse,3,4a77b6e251,1423,225,-11.250000000000025,-7.750000000000013,0.05791089166894632,0.15,0,out_of_energy,0,0,1,0,94,4,0,0,0,44,0.083536017451873,4.2213382333533644,0.0,0.0,0.99,8,exponential
q_learning,sparse_seed3,sparse,3,4a77b6e251,1424,225,-11.250000000000025,-7.750000000000012,0.05779506988560843,0.15,0,out_of_energy,0,0,1,0,98,19,0,0,0,39,0.04375568706378356,0.3678148801993315,0.0,0.0,0.99,8,exponential
q_learning,sparse_seed3,sparse,3,4a77b6e251,1425,225,-1.2499999999999822,-7.650000000000013,0.05767947974583722,0.15,0,out_of_energy,0,0,1,0,95,7,0,0,1,40,0.10059268090764024,2.816447769134313,0.0,0.0,0.99,8,exponential
q_learning,sparse_seed3,sparse,3,4a77b6e251,1426,225,-1.2499999999999822,-7.550000000000011,0.05756412078634554,0.15,0,out_of_energy,0,0,1,0,93,5,0,0,1,55,0.08407097860742133,2.4571963658304155,0.0,0.0,0.99,8,exponential
q_learning,sparse_seed3,sparse,3,4a77b6e251,1427,225,-1.2499999999999822,-7.450000000000012,0.05744899254477285,0.15,0,out_of_energy,0,0,1,0,103,18,0,0,1,50,0.08496218666302809,2.674524863497492,0.0,0.0,0.99,8,exponential
q_learning,sparse_seed3,sparse,3,4a77b6e251,1428,225,-11.250000000000025,-7.450000000000012,0.0573340945596833,0.15,0,out_of_energy,0,0,1,0,92,14,2,0,0,46,0.0460223293423497,0.4643254384784973,0.0,0.0,0.99,8,exponential
q_learning,sparse_seed3,sparse,3,4a77b6e251,1429,225,-1.2499999999999822,-7.350000000000011,0.05721942637056394,0.15,0,out_of_energy,0,0,1,0,97,26,0,0,1,43,0.10909491965184831,6.407209443017546,0.0,0.0,0.99,8,exponential
q_learning,sparse_seed3,sparse,3,4a77b6e251,1430,225,-11.250000000000025,-7.350000000000011,0.05710498751782281,0.15,0,out_of_energy,0,0,1,0,105,7,0,0,0,45,0.04340861427248787,0.3713329752797058,0.0,0.0,0.99,8,exponential
q_learning,sparse_seed3,sparse,3,4a77b6e251,1431,225,-1.2499999999999822,-7.2500000000000115,0.05699077754278716,0.15,0,out_of_energy,0,0,1,0,94,3,0,0,1,36,0.10166929611788747,2.97900355053683,0.0,0.0,0.99,8,exponential
q_learning,sparse_seed3,sparse,3,4a77b6e251,1432,225,-11.250000000000025,-7.2500000000000115,0.05687679598770159,0.15,0,out_of_energy,0,0,1,0,92,24,0,0,0,48,0.04274751435703139,0.2537591433136007,0.0,0.0,0.99,8,exponential
q_learning,sparse_seed3,sparse,3,4a77b6e251,1433,225,-11.250000000000025,-7.250000000000011,0.05676304239572619,0.15,0,out_of_energy,0,0,1,0,105,11,0,0,0,43,0.04297997954114504,0.2549997950104692,0.0,0.0,0.99,8,exponential
q_learning,sparse_seed3,sparse,3,4a77b6e251,1434,225,-1.2499999999999822,-7.2500000000000115,0.05664951631093473,0.15,0,out_of_energy,0,0,1,0,94,17,0,0,1,41,0.10207396251695335,3.655577442692004,0.0,0.0,0.99,8,exponential
q_learning,sparse_seed3,sparse,3,4a77b6e251,1435,225,-11.250000000000025,-7.350000000000011,0.056536217278312866,0.15,0,out_of_energy,0,0,1,0,100,23,0,0,0,52,0.044213421089316744,0.38869006971526265,0.0,0.0,0.99,8,exponential
q_learning,sparse_seed3,sparse,3,4a77b6e251,1436,225,-11.250000000000025,-7.350000000000011,0.05642314484375624,0.15,0,out_of_energy,0,0,1,0,79,28,3,0,0,50,0.04635957803211969,0.5299783944634286,0.0,0.0,0.99,8,exponential
q_learning,sparse_seed3,sparse,3,4a77b6e251,1437,225,-11.250000000000025,-7.350000000000011,0.05631029855406873,0.15,0,out_of_energy,0,0,1,0,91,3,0,0,0,50,0.04371372380191298,0.2622599835476343,0.0,0.0,0.99,8,exponential
q_learning,sparse_seed3,sparse,3,4a77b6e251,1438,225,-11.250000000000025,-7.350000000000011,0.056197677956960596,0.15,0,out_of_energy,0,0,1,0,94,9,0,0,0,46,0.04452584438710603,0.38172517109638304,0.0,0.0,0.99,8,exponential
q_learning,sparse_seed3,sparse,3,4a77b6e251,1439,225,-1.2499999999999822,-7.350000000000011,0.05608528260104667,0.15,0,out_of_energy,0,0,1,0,83,4,0,0,1,41,0.09262487818196345,2.7304631256873613,0.0,0.0,0.99,8,exponential
q_learning,sparse_seed3,sparse,3,4a77b6e251,1440,225,-11.250000000000025,-7.350000000000011,0.055973112035844576,0.15,0,out_of_energy,0,0,1,0,91,11,0,0,0,54,0.0453067199859704,0.3906775204519828,0.0,0.0,0.99,8,exponential
q_learning,sparse_seed3,sparse,3,4a77b6e251,1441,225,-11.250000000000025,-7.350000000000011,0.05586116581177289,0.15,0,out_of_energy,0,0,1,0,90,22,0,0,0,47,0.04585221747820242,0.5229730185841758,0.0,0.0,0.99,8,exponential
q_learning,sparse_seed3,sparse,3,4a77b6e251,1442,225,-11.250000000000025,-7.350000000000011,0.05574944348014935,0.15,0,out_of_energy,0,0,1,0,88,28,0,0,0,55,0.04392621691168593,0.3677369524744613,0.0,0.0,0.99,8,exponential
q_learning,sparse_seed3,sparse,3,4a77b6e251,1443,225,-11.250000000000025,-7.35000000000001,0.05563794459318905,0.15,0,out_of_energy,0,0,1,0,84,17,0,0,0,38,0.046364905341176,0.420482803956906,0.0,0.0,0.99,8,exponential
q_learning,sparse_seed3,sparse,3,4a77b6e251,1444,225,-11.250000000000025,-7.35000000000001,0.05552666870400267,0.15,0,out_of_energy,0,0,1,0,123,15,0,0,0,49,0.045192121641699,0.37782291026308257,0.0,0.0,0.99,8,exponential
q_learning,sparse_seed3,sparse,3,4a77b6e251,1445,225,-11.250000000000025,-7.35000000000001,0.055415615366594666,0.15,0,out_of_energy,0,0,1,0,108,6,0,0,0,30,0.04471367272362241,0.395905889263747,0.0,0.0,0.99,8,exponential
q_learning,sparse_seed3,sparse,3,4a77b6e251,1446,225,-11.250000000000025,-7.35000000000001,0.05530478413586148,0.15,0,out_of_energy,0,0,1,0,89,11,7,0,0,32,0.04453399057245136,0.4301327451362561,0.0,0.0,0.99,8,exponential
q_learning,sparse_seed3,sparse,3,4a77b6e251,1447,225,-1.2499999999999822,-7.250000000000011,0.05519417456758975,0.15,0,out_of_energy,0,0,1,0,88,4,0,0,1,50,0.11328648570265538,4.383775501196136,0.0,0.0,0.99,8,exponential
q_learning,sparse_seed3,sparse,3,4a77b6e251,1448,225,-11.250000000000025,-7.250000000000011,0.05508378621845457,0.15,0,out_of_energy,0,0,1,0,109,39,0,0,0,40,0.044984641753530466,0.4690654922748214,0.0,0.0,0.99,8,exponential
q_learning,sparse_seed3,sparse,3,4a77b6e251,1449,225,-11.250000000000025,-7.250000000000011,0.05497361864601766,0.15,0,out_of_energy,0,0,1,0,99,11,0,0,0,42,0.04400651913290379,0.4261612522783771,0.0,0.0,0.99,8,exponential
q_learning,sparse_seed3,sparse,3,4a77b6e251,1450,225,-11.250000000000025,-7.250000000000011,0.054863671408725626,0.15,0,out_of_energy,0,0,1,0,94,37,0,0,0,40,0.04567532364859512,0.5028239676797662,0.0,0.0,0.99,8,exponential
q_learning,sparse_seed3,sparse,3,4a77b6e251,1451,225,-11.250000000000025,-7.250000000000011,0.054753944065908174,0.15,0,out_of_energy,0,0,1,0,100,14,0,0,0,45,0.04413695093543925,0.43625515294548595,0.0,0.0,0.99,8,exponential
q_learning,sparse_seed3,sparse,3,4a77b6e251,1452,225,-11.250000000000025,-7.250000000000011,0.054644436177776354,0.15,0,out_of_energy,0,0,1,0,96,7,0,0,0,49,0.04663040777386434,0.45278848158043217,0.0,0.0,0.99,8,exponential
q_learning,sparse_seed3,sparse,3,4a77b6e251,1453,225,-11.250000000000025,-7.250000000000011,0.0545351473054208,0.15,0,out_of_energy,0,0,1,0,95,13,0,0,0,54,0.04527263521638111,0.41796962131599386,0.0,0.0,0.99,8,exponential
q_learning,sparse_seed3,sparse,3,4a77b6e251,1454,225,-11.250000000000025,-7.250000000000009,0.05442607701080996,0.15,0,out_of_energy,0,0,1,0,93,9,0,0,0,47,0.04505817998522817,0.48128207904213094,0.0,0.0,0.99,8,exponential
q_learning,sparse_seed3,sparse,3,4a77b6e251,1455,225,-11.250000000000025,-7.35000000000001,0.05431722485678834,0.15,0,out_of_energy,0,0,1,0,93,20,0,0,0,51,0.04492145194895516,0.4950553845055037,0.0,0.0,0.99,8,exponential
q_learning,sparse_seed3,sparse,3,4a77b6e251,1456,225,-11.250000000000025,-7.450000000000012,0.054208590407074764,0.15,0,out_of_energy,0,0,1,0,89,18,1,0,0,32,0.04446170106534841,0.38432668498656153,0.0,0.0,0.99,8,exponential
q_learning,sparse_seed3,sparse,3,4a77b6e251,1457,225,-11.250000000000025,-7.450000000000012,0.054100173226260616,0.15,0,out_of_energy,0,0,1,0,111,2,0,0,0,53,0.045112073724609715,0.5109084278424164,0.0,0.0,0.99,8,exponential
q_learning,sparse_seed3,sparse,3,4a77b6e251,1458,225,-11.250000000000025,-7.550000000000011,0.053991972879808094,0.15,0,out_of_energy,0,0,1,0,108,39,0,0,0,46,0.045517367618940124,0.4346670409935818,0.0,0.0,0.99,8,exponential
q_learning,sparse_seed3,sparse,3,4a77b6e251,1459,225,-11.250000000000025,-7.650000000000011,0.05388398893404848,0.15,0,out_of_energy,0,0,1,0,111,6,0,0,0,40,0.043846213697065914,0.4032066476040702,0.0,0.0,0.99,8,exponential
q_learning,sparse_seed3,sparse,3,4a77b6e251,1460,225,-11.250000000000025,-7.750000000000012,0.053776220956180384,0.15,0,out_of_energy,0,0,1,0,89,5,0,0,0,46,0.044809708799535435,0.4076862704101166,0.0,0.0,0.99,8,exponential
q_learning,sparse_seed3,sparse,3,4a77b6e251,1461,225,-11.250000000000025,-7.7500000000000115,0.05366866851426803,0.15,0,out_of_energy,0,0,1,0,80,29,0,0,0,52,0.04444422925228777,0.4377168725409744,0.0,0.0,0.99,8,exponential
q_learning,sparse_seed3,sparse,3,4a77b6e251,1462,225,-11.250000000000025,-7.850000000000012,0.05356133117723949,0.15,0,out_of_energy,0,0,1,0,110,22,0,0,0,39,0.04443022086980592,0.3803161271136472,0.0,0.0,0.99,8,exponential
q_learning,sparse_seed3,sparse,3,4a77b6e251,1463,225,-11.250000000000025,-7.950000000000013,0.05345420851488501,0.15,0,out_of_energy,0,0,1,0,100,26,0,0,0,43,0.044914083180962336,0.36501919551464407,0.0,0.0,0.99,8,exponential
q_learning,sparse_seed3,sparse,3,4a77b6e251,1464,225,-11.250000000000025,-8.050000000000013,0.053347300097855245,0.15,0,out_of_energy,0,0,1,0,97,39,2,0,0,42,0.044815970936774314,0.38251036562740315,0.0,0.0,0.99,8,exponential
q_learning,sparse_seed3,sparse,3,4a77b6e251,1465,225,-11.250000000000025,-8.050000000000013,0.053240605497659535,0.15,0,out_of_energy,0,0,1,0,89,18,0,0,0,46,0.04315696127903964,0.3266776822385773,0.0,0.0,0.99,8,exponential
q_learning,sparse_seed3,sparse,3,4a77b6e251,1466,225,-11.250000000000025,-8.150000000000013,0.05313412428666422,0.15,0,out_of_energy,0,0,1,0,112,14,0,0,0,53,0.04526209973353938,0.3967343101364872,0.0,0.0,0.99,8,exponential
q_learning,sparse_seed3,sparse,3,4a77b6e251,1467,225,-11.250000000000025,-8.150000000000013,0.05302785603809089,0.15,0,out_of_energy,0,0,1,0,95,17,0,0,0,36,0.04628048220290596,0.5106613944697521,0.0,0.0,0.99,8,exponential
q_learning,sparse_seed3,sparse,3,4a77b6e251,1468,225,-11.250000000000025,-8.250000000000014,0.052921800326014706,0.15,0,out_of_energy,0,0,1,0,94,19,0,0,0,44,0.04545748496219122,0.5298729569475733,0.0,0.0,0.99,8,exponential
q_learning,sparse_seed3,sparse,3,4a77b6e251,1469,225,-11.250000000000025,-8.350000000000016,0.05281595672536268,0.15,0,out_of_energy,0,0,1,0,113,11,0,0,0,36,0.04505929742247377,0.4762872192112808,0.0,0.0,0.99,8,exponential
q_learning,sparse_seed3,sparse,3,4a77b6e251,1470,225,-11.250000000000025,-8.450000000000014,0.05271032481191195,0.15,0,out_of_energy,0,0,1,0,102,20,0,0,0,46,0.04396649754006662,0.4190861652652978,0.0,0.0,0.99,8,exponential
q_learning,sparse_seed3,sparse,3,4a77b6e251,1471,225,-11.250000000000025,-8.450000000000015,0.05260490416228813,0.15,0,out_of_energy,0,0,1,0,105,6,2,0,0,38,0.044890686412092644,0.41961076062516556,0.0,0.0,0.99,8,exponential
q_learning,sparse_seed3,sparse,3,4a77b6e251,1472,225,-11.250000000000025,-8.450000000000015,0.05249969435396355,0.15,0,out_of_energy,0,0,1,0,95,14,0,0,0,59,0.046044177136629026,0.4832688176300191,0.0,0.0,0.99,8,exponential
q_learning,sparse_seed3,sparse,3,4a77b6e251,1473,225,-11.250000000000025,-8.550000000000017,0.052394694965255624,0.15,0,out_of_energy,0,0,1,0,121,5,0,0,0,52,0.045203983396138556,0.46847123242176336,0.0,0.0,0.99,8,exponential
q_learning,sparse_seed3,sparse,3,4a77b6e251,1474,225,-11.250000000000025,-8.550000000000015,0.05228990557532511,0.15,0,out_of_energy,0,0,1,0,82,15,0,0,0,43,0.04505577364895577,0.4704459937563206,0.0,0.0,0.99,8,exponential
q_learning,sparse_seed3,sparse,3,4a77b6e251,1475,225,-11.250000000000025,-8.550000000000017,0.052185325764174464,0.15,0,out_of_energy,0,0,1,0,85,31,4,0,0,40,0.04726041347564227,0.47599531152803953,0.0,0.0,0.99,8,exponential
q_learning,sparse_seed3,sparse,3,4a77b6e251,1476,225,-11.250000000000025,-8.550000000000015,0.05208095511264611,0.15,0,out_of_energy,0,0,1,0,106,15,0,0,0,52,0.04543099614712369,0.4676458426706083,0.0,0.0,0.99,8,exponential
q_learning,sparse_seed3,sparse,3,4a77b6e251,1477,225,-11.250000000000025,-8.650000000000016,0.05197679320242082,0.15,0,out_of_energy,0,0,1,0,93,14,7,0,0,48,0.04434325505050785,0.3725470231560044,0.0,0.0,0.99,8,exponential
q_learning,sparse_seed3,sparse,3,4a77b6e251,1478,225,-11.250000000000025,-8.750000000000016,0.05187283961601598,0.15,0,out_of_energy,0,0,1,0,99,26,4,0,0,44,0.043763417749711965,0.41444599653823255,0.0,0.0,0.99,8,exponential
q_learning,sparse_seed3,sparse,3,4a77b6e251,1479,225,-11.250000000000025,-8.750000000000016,0.051769093936783944,0.15,0,out_of_energy,0,0,1,0,93,4,2,0,0,49,0.04558137559679921,0.520389542882548,0.0,0.0,0.99,8,exponential
q_learning,sparse_seed3,sparse,3,4a77b6e251,1480,225,-11.250000000000025,-8.850000000000016,0.05166555574891037,0.15,0,out_of_energy,0,0,1,0,94,10,0,0,0,48,0.04273937090827219,0.36455215137910785,0.0,0.0,0.99,8,exponential
q_learning,sparse_seed3,sparse,3,4a77b6e251,1481,225,-11.250000000000025,-8.950000000000015,0.05156222463741255,0.15,0,out_of_energy,0,0,1,0,90,20,0,0,0,50,0.04596618975388071,0.49221318249415097,0.0,0.0,0.99,8,exponential
q_learning,sparse_seed3,sparse,3,4a77b6e251,1482,225,-11.250000000000025,-8.950000000000015,0.05145910018813773,0.15,0,out_of_energy,0,0,1,0,99,8,0,0,0,44,0.04236416829920683,0.23452637465911247,0.0,0.0,0.99,8,exponential
q_learning,sparse_seed3,sparse,3,4a77b6e251,1483,225,-1.2499999999999822,-8.850000000000016,0.05135618198776145,0.15,0,out_of_energy,0,0,1,0,102,9,0,0,1,58,0.11998806753977434,5.396197388263327,0.0,0.0,0.99,8,exponential
q_learning,sparse_seed3,sparse,3,4a77b6e251,1484,225,-11.250000000000025,-8.850000000000016,0.05125346962378593,0.15,0,out_of_energy,0,0,1,0,85,26,0,0,0,43,0.044594343055721776,0.3734769263362149,0.0,0.0,0.99,8,exponential
q_learning,sparse_seed3,sparse,3,4a77b6e251,1485,225,-1.2499999999999822,-8.750000000000016,0.05115096268453836,0.15,0,out_of_energy,0,0,1,0,92,4,0,0,1,37,0.09561254488298762,2.388425428947474,0.0,0.0,0.99,8,exponential
q_learning,sparse_seed3,sparse,3,4a77b6e251,1486,225,-11.250000000000025,-8.850000000000016,0.05104866075916928,0.15,0,out_of_energy,0,0,1,0,93,19,0,0,0,42,0.042476015138215584,0.26671145126611245,0.0,0.0,0.99,8,exponential
q_learning,sparse_seed3,sparse,3,4a77b6e251,1487,225,-11.250000000000025,-8.850000000000016,0.05094656343765094,0.15,0,out_of_energy,0,0,1,0,96,2,0,0,0,39,0.04387070058652507,0.40005332120723847,0.0,0.0,0.99,8,exponential
q_learning,sparse_seed3,sparse,3,4a77b6e251,1488,225,-11.250000000000025,-8.950000000000017,0.050844670310775636,0.15,0,out_of_energy,0,0,1,0,100,27,0,0,0,46,0.043621605924509116,0.35622324047550313,0.0,0.0,0.99,8,exponential
q_learning,sparse_seed3,sparse,3,4a77b6e251,1489,225,-11.250000000000025,-9.050000000000017,0.05074298097015408,0.15,0,out_of_energy,0,0,1,0,82,17,0,0,0,49,0.04715316606938327,0.46851340476276127,0.0,0.0,0.99,8,exponential
q_learning,sparse_seed3,sparse,3,4a77b6e251,1490,225,-11.250000000000025,-9.050000000000017,0.05064149500821377,0.15,0,out_of_energy,0,0,1,0,98,14,0,0,0,44,0.04498641635804273,0.47765872435970824,0.0,0.0,0.99,8,exponential
q_learning,sparse_seed3,sparse,3,4a77b6e251,1491,225,-11.250000000000025,-9.150000000000016,0.05054021201819734,0.15,0,out_of_energy,0,0,1,0,98,4,0,0,0,42,0.04430663230094995,0.4573548290046456,0.0,0.0,0.99,8,exponential
q_learning,sparse_seed3,sparse,3,4a77b6e251,1492,225,-11.250000000000025,-9.150000000000018,0.05043913159416095,0.15,0,out_of_energy,0,0,1,0,95,23,0,0,0,36,0.04394179745947206,0.4084964127515909,0.0,0.0,0.99,8,exponential
q_learning,sparse_seed3,sparse,3,4a77b6e251,1493,225,-11.250000000000025,-9.150000000000016,0.050338253330972624,0.15,0,out_of_energy,0,0,1,0,98,13,0,0,0,50,0.046444758878711495,0.4404541646913271,0.0,0.0,0.99,8,exponential
q_learning,sparse_seed3,sparse,3,4a77b6e251,1494,225,-11.250000000000025,-9.150000000000018,0.05023757682431068,0.15,0,out_of_energy,0,0,1,0,99,28,0,0,0,39,0.04372554594301535,0.3499681563950083,0.0,0.0,0.99,8,exponential
q_learning,sparse_seed3,sparse,3,4a77b6e251,1495,225,-11.250000000000025,-9.150000000000016,0.05013710167066206,0.15,0,out_of_energy,0,0,1,0,93,8,0,0,0,48,0.044159785347503255,0.38661874301562354,0.0,0.0,0.99,8,exponential
q_learning,sparse_seed3,sparse,3,4a77b6e251,1496,225,-11.250000000000025,-9.150000000000018,0.05003682746732073,0.15,0,out_of_energy,0,0,1,0,104,0,0,0,0,49,0.04358386576414985,0.35776424193953643,0.0,0.0,0.99,8,exponential
q_learning,sparse_seed3,sparse,3,4a77b6e251,1497,225,-11.250000000000025,-9.150000000000016,0.05,0.15,0,out_of_energy,0,0,1,0,102,1,0,0,0,45,0.04589489975918797,0.4082020647899685,0.0,0.0,0.99,8,exponential
q_learning,sparse_seed3,sparse,3,4a77b6e251,1498,225,-11.250000000000025,-9.250000000000018,0.05,0.15,0,out_of_energy,0,0,1,0,99,7,0,0,0,44,0.043997529406577876,0.3796235397764113,0.0,0.0,0.99,8,exponential
q_learning,sparse_seed3,sparse,3,4a77b6e251,1499,225,-11.250000000000025,-9.250000000000018,0.05,0.15,0,out_of_energy,0,0,1,0,86,10,0,0,0,51,0.043834397889252016,0.42786714751692934,0.0,0.0,0.99,8,exponential
q_learning,sparse_seed3,sparse,3,4a77b6e251,1500,225,-11.250000000000025,-9.350000000000017,0.05,0.15,0,out_of_energy,0,0,1,0,101,9,0,0,0,45,0.04694216653302817,0.5609247140680069,0.0,0.0,0.99,8,exponential
q_learning,sparse_seed3,sparse,3,4a77b6e251,1501,225,-11.250000000000025,-9.450000000000019,0.05,0.15,0,out_of_energy,0,0,1,0,96,21,2,0,0,47,0.044099463602620764,0.3714573271789799,0.0,0.0,0.99,8,exponential
q_learning,sparse_seed3,sparse,3,4a77b6e251,1502,225,-11.250000000000025,-9.550000000000018,0.05,0.15,0,out_of_energy,0,0,1,0,94,4,0,0,0,39,0.044093339895685646,0.3990998383766736,0.0,0.0,0.99,8,exponential
q_learning,sparse_seed3,sparse,3,4a77b6e251,1503,225,-11.250000000000025,-9.550000000000018,0.05,0.15,0,out_of_energy,0,0,1,0,83,14,0,0,0,48,0.044743416401241014,0.44739301683021715,0.0,0.0,0.99,8,exponential
q_learning,sparse_seed3,sparse,3,4a77b6e251,1504,225,-11.250000000000025,-9.550000000000018,0.05,0.15,0,out_of_energy,0,0,1,0,111,26,0,0,0,44,0.043952240095864854,0.36875330955716173,0.0,0.0,0.99,8,exponential
q_learning,sparse_seed3,sparse,3,4a77b6e251,1505,225,-11.250000000000025,-9.650000000000018,0.05,0.15,0,out_of_energy,0,0,1,0,90,13,0,0,0,41,0.0424634627082152,0.3113291366819923,0.0,0.0,0.99,8,exponential
q_learning,sparse_seed3,sparse,3,4a77b6e251,1506,225,-11.250000000000025,-9.65000000000002,0.05,0.15,0,out_of_energy,0,0,1,0,110,23,0,0,0,51,0.044270810837794855,0.39436411242608055,0.0,0.0,0.99,8,exponential
q_learning,sparse_seed3,sparse,3,4a77b6e251,1507,225,-11.250000000000025,-9.65000000000002,0.05,0.15,0,out_of_energy,0,0,1,0,102,15,0,0,0,45,0.04494475363584645,0.40612899776456673,0.0,0.0,0.99,8,exponential
q_learning,sparse_seed3,sparse,3,4a77b6e251,1508,225,-11.250000000000025,-9.65000000000002,0.05,0.15,0,out_of_energy,0,0,1,0,100,15,0,0,0,48,0.044798224734947704,0.4005719925154618,0.0,0.0,0.99,8,exponential
q_learning,sparse_seed3,sparse,3,4a77b6e251,1509,225,-11.250000000000025,-9.650000000000018,0.05,0.15,0,out_of_energy,0,0,1,0,95,32,0,0,0,36,0.04362775560566721,0.37452925572904505,0.0,0.0,0.99,8,exponential
q_learning,sparse_seed3,sparse,3,4a77b6e251,1510,225,-11.250000000000025,-9.65000000000002,0.05,0.15,0,out_of_energy,0,0,1,0,98,12,0,0,0,51,0.04491302942145915,0.39381616904794603,0.0,0.0,0.99,8,exponential
q_learning,sparse_seed3,sparse,3,4a77b6e251,1511,225,-11.250000000000025,-9.65000000000002,0.05,0.15,0,out_of_energy,0,0,1,0,103,23,0,0,0,47,0.04526903475450108,0.5108684650541704,0.0,0.0,0.99,8,exponential
q_learning,sparse_seed3,sparse,3,4a77b6e251,1512,225,-11.250000000000025,-9.750000000000021,0.05,0.15,0,out_of_energy,0,0,1,0,109,18,0,0,0,47,0.04360598226681363,0.39185148443786855,0.0,0.0,0.99,8,exponential
q_learning,sparse_seed3,sparse,3,4a77b6e251,1513,225,-1.2499999999999822,-9.750000000000021,0.05,0.15,0,out_of_energy,0,0,1,0,102,7,0,0,1,37,0.12120261099178424,4.686187985091323,0.0,0.0,0.99,8,exponential
q_learning,sparse_seed3,sparse,3,4a77b6e251,1514,225,-11.250000000000025,-9.750000000000021,0.05,0.15,0,out_of_energy,0,0,1,0,105,7,0,0,0,57,0.04611964423538906,0.4424042828272893,0.0,0.0,0.99,8,exponential
q_learning,sparse_seed3,sparse,3,4a77b6e251,1515,225,-1.2499999999999822,-9.65000000000002,0.05,0.15,0,out_of_energy,0,0,1,0,106,22,0,0,1,46,0.09571301702515674,2.6486235349359615,0.0,0.0,0.99,8,exponential
q_learning,sparse_seed3,sparse,3,4a77b6e251,1516,225,-11.250000000000025,-9.65000000000002,0.05,0.15,0,out_of_energy,0,0,1,0,104,22,0,0,0,47,0.043815922443398936,0.3920384132085813,0.0,0.0,0.99,8,exponential
q_learning,sparse_seed3,sparse,3,4a77b6e251,1517,225,-11.250000000000025,-9.65000000000002,0.05,0.15,0,out_of_energy,0,0,1,0,105,6,0,0,0,41,0.044048339427909186,0.4277136892825116,0.0,0.0,0.99,8,exponential
q_learning,sparse_seed3,sparse,3,4a77b6e251,1518,225,-11.250000000000025,-9.750000000000021,0.05,0.15,0,out_of_energy,0,0,1,0,90,18,0,0,0,47,0.0437670988904529,0.4155403307951016,0.0,0.0,0.99,8,exponential
q_learning,sparse_seed3,sparse,3,4a77b6e251,1519,225,-1.2499999999999822,-9.750000000000021,0.05,0.15,0,out_of_energy,0,0,1,0,89,11,0,0,1,55,0.1031960359709353,2.4975138799501684,0.0,0.0,0.99,8,exponential
q_learning,sparse_seed3,sparse,3,4a77b6e251,1520,225,-11.250000000000025,-9.850000000000021,0.05,0.15,0,out_of_energy,0,0,1,0,119,3,0,0,0,49,0.04473615805461689,0.31996286766298165,0.0,0.0,0.99,8,exponential
q_learning,sparse_seed3,sparse,3,4a77b6e251,1521,225,-11.250000000000025,-9.95000000000002,0.05,0.15,0,out_of_energy,0,0,1,0,98,10,0,0,0,43,0.04421376770731122,0.4015379515214214,0.0,0.0,0.99,8,exponential
q_learning,sparse_seed3,sparse,3,4a77b6e251,1522,225,-1.2499999999999825,-9.850000000000021,0.05,0.15,0,out_of_energy,0,0,1,0,101,14,0,0,1,37,0.08300590854885274,2.6831010585538655,0.0,0.0,0.99,8,exponential
q_learning,sparse_seed3,sparse,3,4a77b6e251,1523,225,-11.250000000000025,-9.850000000000021,0.05,0.15,0,out_of_energy,0,0,1,0,95,14,0,0,0,50,0.044297853958382274,0.4087954325616337,0.0,0.0,0.99,8,exponential
q_learning,sparse_seed3,sparse,3,4a77b6e251,1524,225,-1.2500000000000004,-9.750000000000021,0.05,0.15,0,out_of_energy,0,0,1,0,95,4,0,0,1,36,0.09721425528455296,2.6380370569144636,0.0,0.0,0.99,8,exponential
q_learning,sparse_seed3,sparse,3,4a77b6e251,1525,225,-11.250000000000025,-9.850000000000021,0.05,0.15,0,out_of_energy,0,0,1,0,113,6,0,0,0,38,0.04456004317039567,0.39627155181121604,0.0,0.0,0.99,8,exponential
q_learning,sparse_seed3,sparse,3,4a77b6e251,1526,225,-1.2499999999999822,-9.850000000000021,0.05,0.15,0,out_of_energy,0,0,1,0,93,9,0,0,1,38,0.1255994043305637,6.780869042603328,0.0,0.0,0.99,8,exponential
q_learning,sparse_seed3,sparse,3,4a77b6e251,1527,225,-1.2499999999999822,-9.850000000000021,0.05,0.15,0,out_of_energy,0,0,1,0,97,10,0,0,1,47,0.08587683441010471,2.6965577765352453,0.0,0.0,0.99,8,exponential
q_learning,sparse_seed3,sparse,3,4a77b6e251,1528,225,-11.250000000000025,-9.850000000000021,0.05,0.15,0,out_of_energy,0,0,1,0,89,5,0,0,0,60,0.04363203565899672,0.43168675813501367,0.0,0.0,0.99,8,exponential
q_learning,sparse_seed3,sparse,3,4a77b6e251,1529,225,-11.250000000000025,-9.95000000000002,0.05,0.15,0,out_of_energy,0,0,1,0,84,43,1,0,0,47,0.04398641907826091,0.4043338890638658,0.0,0.0,0.99,8,exponential
q_learning,sparse_seed3,sparse,3,4a77b6e251,1530,225,-11.250000000000025,-9.95000000000002,0.05,0.15,0,out_of_energy,0,0,1,0,103,17,0,0,0,53,0.04463961502081255,0.38833163135872484,0.0,0.0,0.99,8,exponential
q_learning,sparse_seed3,sparse,3,4a77b6e251,1531,225,-1.2500000000000078,-9.95000000000002,0.05,0.15,0,out_of_energy,0,0,1,0,96,13,0,0,1,34,0.10071122490279968,4.139040719272837,0.0,0.0,0.99,8,exponential
q_learning,sparse_seed3,sparse,3,4a77b6e251,1532,225,-11.250000000000025,-9.95000000000002,0.05,0.15,0,out_of_energy,0,0,1,0,96,22,0,0,0,51,0.0442643347153448,0.39241922229385945,0.0,0.0,0.99,8,exponential
q_learning,sparse_seed3,sparse,3,4a77b6e251,1533,225,-11.250000000000025,-9.95000000000002,0.05,0.15,0,out_of_energy,0,0,1,0,103,1,0,0,0,38,0.044486517958000085,0.43087835913624195,0.0,0.0,0.99,8,exponential
q_learning,sparse_seed3,sparse,3,4a77b6e251,1534,225,-11.250000000000025,-10.050000000000022,0.05,0.15,0,out_of_energy,0,0,1,0,94,10,0,0,0,49,0.04443772071134884,0.382587759025012,0.0,0.0,0.99,8,exponential
q_learning,sparse_seed3,sparse,3,4a77b6e251,1535,225,-1.2499999999999822,-9.95000000000002,0.05,0.15,0,out_of_energy,0,0,1,0,86,3,0,0,1,44,0.10752024942273737,4.658138739957397,0.0,0.0,0.99,8,exponential
q_learning,sparse_seed3,sparse,3,4a77b6e251,1536,225,-11.250000000000025,-9.95000000000002,0.05,0.15,0,out_of_energy,0,0,1,0,92,6,0,0,0,47,0.04520067665663087,0.44258201043561585,0.0,0.0,0.99,8,exponential
q_learning,sparse_seed3,sparse,3,4a77b6e251,1537,225,-11.250000000000025,-9.95000000000002,0.05,0.15,0,out_of_energy,0,0,1,0,83,10,0,0,0,50,0.04431531037614205,0.424175070296155,0.0,0.0,0.99,8,exponential
q_learning,sparse_seed3,sparse,3,4a77b6e251,1538,225,-11.250000000000025,-9.95000000000002,0.05,0.15,0,out_of_energy,0,0,1,0,86,17,1,0,0,39,0.043927126252768484,0.4129557575365492,0.0,0.0,0.99,8,exponential
q_learning,sparse_seed3,sparse,3,4a77b6e251,1539,225,-1.2499999999999822,-9.95000000000002,0.05,0.15,0,out_of_energy,0,0,1,0,91,5,0,0,1,33,0.11352998722578048,4.891872206073236,0.0,0.0,0.99,8,exponential
q_learning,sparse_seed3,sparse,3,4a77b6e251,1540,225,-1.2499999999999822,-9.850000000000021,0.05,0.15,0,out_of_energy,0,0,1,0,95,20,0,0,1,42,0.1326730131174983,6.169738393609501,0.0,0.0,0.99,8,exponential
q_learning,sparse_seed3,sparse,3,4a77b6e251,1541,225,-1.2500000000000249,-9.750000000000021,0.05,0.15,0,out_of_energy,0,0,1,0,107,3,0,0,1,47,0.0848439088048957,3.7891216840414463,0.0,0.0,0.99,8,exponential
q_learning,sparse_seed3,sparse,3,4a77b6e251,1542,225,-11.250000000000025,-9.750000000000021,0.05,0.15,0,out_of_energy,0,0,1,0,91,6,0,0,0,39,0.04389534250262065,0.4002389787704698,0.0,0.0,0.99,8,exponential
q_learning,sparse_seed3,sparse,3,4a77b6e251,1543,225,-11.250000000000025,-9.750000000000021,0.05,0.15,0,out_of_energy,0,0,1,0,88,8,0,0,0,42,0.0447476680095043,0.3876798566786801,0.0,0.0,0.99,8,exponential
q_learning,sparse_seed3,sparse,3,4a77b6e251,1544,225,-11.250000000000025,-9.750000000000021,0.05,0.15,0,out_of_energy,0,0,1,0,93,9,0,0,0,45,0.04306242234619314,0.2950347083608528,0.0,0.0,0.99,8,exponential
q_learning,sparse_seed3,sparse,3,4a77b6e251,1545,225,-11.250000000000025,-9.750000000000021,0.05,0.15,0,out_of_energy,0,0,1,0,81,21,0,0,0,35,0.04362567429987712,0.4080979102001289,0.0,0.0,0.99,8,exponential
q_learning,sparse_seed3,sparse,3,4a77b6e251,1546,225,-11.250000000000025,-9.750000000000021,0.05,0.15,0,out_of_energy,0,0,1,0,96,4,0,0,0,56,0.04479700034834123,0.4430108963418186,0.0,0.0,0.99,8,exponential
q_learning,sparse_seed3,sparse,3,4a77b6e251,1547,225,-1.2499999999999984,-9.750000000000021,0.05,0.15,0,out_of_energy,0,0,1,0,117,3,0,0,1,56,0.08161547950792508,2.5557543469338126,0.0,0.0,0.99,8,exponential
q_learning,sparse_seed3,sparse,3,4a77b6e251,1548,225,-11.250000000000025,-9.750000000000021,0.05,0.15,0,out_of_energy,0,0,1,0,82,3,0,0,0,39,0.04385390230157106,0.4586953982054643,0.0,0.0,0.99,8,exponential
q_learning,sparse_seed3,sparse,3,4a77b6e251,1549,225,-1.2499999999999822,-9.65000000000002,0.05,0.15,0,out_of_energy,0,0,1,0,85,7,0,0,1,45,0.1574510857018358,6.050403171112028,0.0,0.0,0.99,8,exponential
q_learning,sparse_seed3,sparse,3,4a77b6e251,1550,225,-11.250000000000025,-9.65000000000002,0.05,0.15,0,out_of_energy,0,0,1,0,102,11,0,0,0,50,0.042643393201049644,0.18449929164561296,0.0,0.0,0.99,8,exponential
q_learning,sparse_seed3,sparse,3,4a77b6e251,1551,225,-11.250000000000025,-9.65000000000002,0.05,0.15,0,out_of_energy,0,0,1,0,102,5,0,0,0,47,0.04438618206340338,0.4078109495258101,0.0,0.0,0.99,8,exponential
q_learning,sparse_seed3,sparse,3,4a77b6e251,1552,225,-11.250000000000025,-9.65000000000002,0.05,0.15,0,out_of_energy,0,0,1,0,106,29,0,0,0,45,0.0461819222711593,0.4495313769372682,0.0,0.0,0.99,8,exponential
q_learning,sparse_seed3,sparse,3,4a77b6e251,1553,225,-11.250000000000025,-9.65000000000002,0.05,0.15,0,out_of_energy,0,0,1,0,100,12,0,0,0,35,0.04636730289387174,0.4416343237713778,0.0,0.0,0.99,8,exponential
q_learning,sparse_seed3,sparse,3,4a77b6e251,1554,225,-11.250000000000025,-9.65000000000002,0.05,0.15,0,out_of_energy,0,0,1,0,118,3,0,0,0,54,0.04459003017285482,0.42060592654917767,0.0,0.0,0.99,8,exponential
q_learning,sparse_seed3,sparse,3,4a77b6e251,1555,225,-11.250000000000025,-9.65000000000002,0.05,0.15,0,out_of_energy,0,0,1,0,95,9,0,0,0,56,0.04382230788012104,0.3764090059901614,0.0,0.0,0.99,8,exponential
q_learning,sparse_seed3,sparse,3,4a77b6e251,1556,225,-11.250000000000025,-9.65000000000002,0.05,0.15,0,out_of_energy,0,0,1,0,93,16,1,0,0,52,0.044605282893833746,0.40230464474564215,0.0,0.0,0.99,8,exponential
q_learning,sparse_seed3,sparse,3,4a77b6e251,1557,225,-11.250000000000025,-9.65000000000002,0.05,0.15,0,out_of_energy,0,0,1,0,85,22,0,0,0,44,0.04404144705971725,0.3757878379676122,0.0,0.0,0.99,8,exponential
q_learning,sparse_seed3,sparse,3,4a77b6e251,1558,225,-11.250000000000025,-9.65000000000002,0.05,0.15,0,out_of_energy,0,0,1,0,109,17,0,0,0,48,0.044923389347369044,0.42804770163445427,0.0,0.0,0.99,8,exponential
q_learning,sparse_seed3,sparse,3,4a77b6e251,1559,225,-11.250000000000025,-9.65000000000002,0.05,0.15,0,out_of_energy,0,0,1,0,89,6,1,0,0,44,0.04429864352084436,0.3936330379156113,0.0,0.0,0.99,8,exponential
q_learning,sparse_seed3,sparse,3,4a77b6e251,1560,225,-11.250000000000025,-9.65000000000002,0.05,0.15,0,out_of_energy,0,0,1,0,92,17,0,0,0,38,0.044983933875125025,0.36884515325572953,0.0,0.0,0.99,8,exponential
q_learning,sparse_seed3,sparse,3,4a77b6e251,1561,225,-11.250000000000025,-9.65000000000002,0.05,0.15,0,out_of_energy,0,0,1,0,82,7,1,0,0,43,0.04540443245275158,0.4553100596725988,0.0,0.0,0.99,8,exponential
q_learning,sparse_seed3,sparse,3,4a77b6e251,1562,225,-11.250000000000025,-9.65000000000002,0.05,0.15,0,out_of_energy,0,0,1,0,117,4,0,0,0,46,0.043056387591604635,0.29596326363916586,0.0,0.0,0.99,8,exponential
q_learning,sparse_seed3,sparse,3,4a77b6e251,1563,225,-11.250000000000025,-9.65000000000002,0.05,0.15,0,out_of_energy,0,0,1,0,87,22,0,0,0,45,0.04448184493312465,0.4131838984507838,0.0,0.0,0.99,8,exponential
q_learning,sparse_seed3,sparse,3,4a77b6e251,1564,225,-11.250000000000025,-9.65000000000002,0.05,0.15,0,out_of_energy,0,0,1,0,86,15,3,0,0,44,0.04410174737047754,0.39696521124891393,0.0,0.0,0.99,8,exponential
q_learning,sparse_seed3,sparse,3,4a77b6e251,1565,225,-11.250000000000025,-9.65000000000002,0.05,0.15,0,out_of_energy,0,0,1,0,97,33,0,0,0,51,0.04482320002501137,0.4195479421242849,0.0,0.0,0.99,8,exponential
q_learning,sparse_seed3,sparse,3,4a77b6e251,1566,225,-11.250000000000025,-9.65000000000002,0.05,0.15,0,out_of_energy,0,0,1,0,95,10,0,0,0,42,0.044609092418269866,0.4393360276527447,0.0,0.0,0.99,8,exponential
q_learning,sparse_seed3,sparse,3,4a77b6e251,1567,225,-11.250000000000025,-9.65000000000002,0.05,0.15,0,out_of_energy,0,0,1,0,78,27,8,0,0,51,0.04680897319742603,0.4973825156660614,0.0,0.0,0.99,8,exponential
q_learning,sparse_seed3,sparse,3,4a77b6e251,1568,225,-11.250000000000025,-9.65000000000002,0.05,0.15,0,out_of_energy,0,0,1,0,94,4,0,0,0,41,0.0446360450736336,0.3949233423449864,0.0,0.0,0.99,8,exponential
q_learning,sparse_seed3,sparse,3,4a77b6e251,1569,225,-11.250000000000025,-9.65000000000002,0.05,0.15,0,out_of_energy,0,0,1,0,89,13,0,0,0,53,0.044351430816565514,0.43812532011814337,0.0,0.0,0.99,8,exponential
q_learning,sparse_seed3,sparse,3,4a77b6e251,1570,225,-11.250000000000025,-9.65000000000002,0.05,0.15,0,out_of_energy,0,0,1,0,86,22,4,0,0,43,0.043739513141001746,0.39798449960616833,0.0,0.0,0.99,8,exponential
q_learning,sparse_seed3,sparse,3,4a77b6e251,1571,225,-11.250000000000025,-9.65000000000002,0.05,0.15,0,out_of_energy,0,0,1,0,87,37,0,0,0,46,0.047112185508144784,0.4438262793844776,0.0,0.0,0.99,8,exponential
q_learning,sparse_seed3,sparse,3,4a77b6e251,1572,225,-11.250000000000025,-9.65000000000002,0.05,0.15,0,out_of_energy,0,0,1,0,87,3,3,0,0,43,0.04585890209101104,0.40155473086499116,0.0,0.0,0.99,8,exponential
q_learning,sparse_seed3,sparse,3,4a77b6e251,1573,225,-11.250000000000025,-9.65000000000002,0.05,0.15,0,out_of_energy,0,0,1,0,86,35,0,0,0,40,0.046664183733574165,0.5092654292917419,0.0,0.0,0.99,8,exponential
q_learning,sparse_seed3,sparse,3,4a77b6e251,1574,225,-11.250000000000025,-9.65000000000002,0.05,0.15,0,out_of_energy,0,0,1,0,88,8,0,0,0,39,0.04735597384691538,0.4768873212899964,0.0,0.0,0.99,8,exponential
q_learning,sparse_seed3,sparse,3,4a77b6e251,1575,225,-11.250000000000025,-9.65000000000002,0.05,0.15,0,out_of_energy,0,0,1,0,95,1,0,0,0,41,0.04470158890816631,0.450739360631117,0.0,0.0,0.99,8,exponential
q_learning,sparse_seed3,sparse,3,4a77b6e251,1576,225,-11.250000000000025,-9.65000000000002,0.05,0.15,0,out_of_energy,0,0,1,0,96,9,0,0,0,44,0.04436931427727376,0.4276096028189984,0.0,0.0,0.99,8,exponential
q_learning,sparse_seed3,sparse,3,4a77b6e251,1577,225,-11.250000000000025,-9.65000000000002,0.05,0.15,0,out_of_energy,0,0,1,0,98,12,1,0,0,43,0.044690408867623245,0.41236388368015436,0.0,0.0,0.99,8,exponential
q_learning,sparse_seed3,sparse,3,4a77b6e251,1578,225,-11.250000000000025,-9.65000000000002,0.05,0.15,0,out_of_energy,0,0,1,0,92,19,0,0,0,59,0.0433508129028829,0.4060670477412788,0.0,0.0,0.99,8,exponential
q_learning,sparse_seed3,sparse,3,4a77b6e251,1579,225,-11.250000000000025,-9.65000000000002,0.05,0.15,0,out_of_energy,0,0,1,0,97,1,0,0,0,37,0.043990854694321846,0.45074386842452036,0.0,0.0,0.99,8,exponential
q_learning,sparse_seed3,sparse,3,4a77b6e251,1580,225,-11.250000000000025,-9.65000000000002,0.05,0.15,0,out_of_energy,0,0,1,0,86,7,0,0,0,42,0.04531834482511024,0.43173945875423553,0.0,0.0,0.99,8,exponential
q_learning,sparse_seed3,sparse,3,4a77b6e251,1581,225,-11.250000000000025,-9.65000000000002,0.05,0.15,0,out_of_energy,0,0,1,0,82,3,0,0,0,40,0.044258651841039456,0.4095883729152018,0.0,0.0,0.99,8,exponential
q_learning,sparse_seed3,sparse,3,4a77b6e251,1582,225,-11.250000000000025,-9.65000000000002,0.05,0.15,0,out_of_energy,0,0,1,0,94,10,0,0,0,46,0.044510177289121565,0.40757101940727064,0.0,0.0,0.99,8,exponential
q_learning,sparse_seed3,sparse,3,4a77b6e251,1583,225,-11.250000000000025,-9.750000000000021,0.05,0.15,0,out_of_energy,0,0,1,0,91,17,0,0,0,47,0.04448124753311949,0.40393822658753503,0.0,0.0,0.99,8,exponential
q_learning,sparse_seed3,sparse,3,4a77b6e251,1584,225,-11.250000000000025,-9.750000000000021,0.05,0.15,0,out_of_energy,0,0,1,0,89,7,0,0,0,51,0.044512211989043114,0.41257036030984817,0.0,0.0,0.99,8,exponential
q_learning,sparse_seed3,sparse,3,4a77b6e251,1585,225,-11.250000000000025,-9.850000000000021,0.05,0.15,0,out_of_energy,0,0,1,0,95,19,0,0,0,45,0.04518141999495894,0.42468321497355616,0.0,0.0,0.99,8,exponential
q_learning,sparse_seed3,sparse,3,4a77b6e251,1586,225,-11.250000000000025,-9.850000000000021,0.05,0.15,0,out_of_energy,0,0,1,0,94,10,0,0,0,54,0.043924049736646806,0.4612368198550995,0.0,0.0,0.99,8,exponential
q_learning,sparse_seed3,sparse,3,4a77b6e251,1587,225,-1.2500000000000033,-9.750000000000021,0.05,0.15,0,out_of_energy,0,0,1,0,99,10,0,0,1,41,0.0822932888525446,2.4832823926202305,0.0,0.0,0.99,8,exponential
q_learning,sparse_seed3,sparse,3,4a77b6e251,1588,225,-11.250000000000025,-9.750000000000021,0.05,0.15,0,out_of_energy,0,0,1,0,98,8,0,0,0,38,0.04415480709485858,0.3381102314886758,0.0,0.0,0.99,8,exponential
q_learning,sparse_seed3,sparse,3,4a77b6e251,1589,225,-11.250000000000025,-9.750000000000021,0.05,0.15,0,out_of_energy,0,0,1,0,101,4,0,0,0,45,0.043886657507725704,0.42247901255269465,0.0,0.0,0.99,8,exponential
q_learning,sparse_seed3,sparse,3,4a77b6e251,1590,225,-11.250000000000025,-9.750000000000021,0.05,0.15,0,out_of_energy,0,0,1,0,84,8,2,0,0,47,0.04612333983055438,0.5346124805591619,0.0,0.0,0.99,8,exponential
q_learning,sparse_seed3,sparse,3,4a77b6e251,1591,225,-11.250000000000025,-9.750000000000021,0.05,0.15,0,out_of_energy,0,0,1,0,100,8,0,0,0,45,0.04306771375212987,0.39222482983878487,0.0,0.0,0.99,8,exponential
q_learning,sparse_seed3,sparse,3,4a77b6e251,1592,225,-11.250000000000025,-9.750000000000021,0.05,0.15,0,out_of_energy,0,0,1,0,99,3,0,0,0,48,0.043692332666731046,0.3248443918470979,0.0,0.0,0.99,8,exponential
q_learning,sparse_seed3,sparse,3,4a77b6e251,1593,225,-11.250000000000025,-9.750000000000021,0.05,0.15,0,out_of_energy,0,0,1,0,87,21,0,0,0,39,0.044544280414871545,0.43317641314586675,0.0,0.0,0.99,8,exponential
q_learning,sparse_seed3,sparse,3,4a77b6e251,1594,225,-11.250000000000025,-9.750000000000021,0.05,0.15,0,out_of_energy,0,0,1,0,78,20,0,0,0,55,0.046437844342814144,0.5573352008183161,0.0,0.0,0.99,8,exponential
q_learning,sparse_seed3,sparse,3,4a77b6e251,1595,225,-11.250000000000025,-9.750000000000021,0.05,0.15,0,out_of_energy,0,0,1,0,80,16,1,0,0,58,0.04427734833936356,0.41799412503141115,0.0,0.0,0.99,8,exponential
q_learning,sparse_seed3,sparse,3,4a77b6e251,1596,225,-11.250000000000025,-9.750000000000021,0.05,0.15,0,out_of_energy,0,0,1,0,86,13,2,0,0,37,0.04611649591387077,0.4676098538764968,0.0,0.0,0.99,8,exponential
q_learning,sparse_seed3,sparse,3,4a77b6e251,1597,225,-11.250000000000025,-9.750000000000021,0.05,0.15,0,out_of_energy,0,0,1,0,90,8,1,0,0,49,0.04469644577588012,0.3690687831716335,0.0,0.0,0.99,8,exponential
q_learning,sparse_seed3,sparse,3,4a77b6e251,1598,225,-11.250000000000025,-9.750000000000021,0.05,0.15,0,out_of_energy,0,0,1,0,84,14,3,0,0,46,0.04418815284415085,0.4188585911699899,0.0,0.0,0.99,8,exponential
q_learning,sparse_seed3,sparse,3,4a77b6e251,1599,225,-11.250000000000025,-9.750000000000021,0.05,0.15,0,out_of_energy,0,0,1,0,97,12,0,0,0,43,0.04223093887769057,0.2943876062202264,0.0,0.0,0.99,8,exponential
q_learning,sparse_seed3,sparse,3,4a77b6e251,1600,225,-11.250000000000025,-9.750000000000021,0.05,0.15,0,out_of_energy,0,0,1,0,100,6,0,0,0,42,0.04334282588378763,0.41169891635888395,0.0,0.0,0.99,8,exponential
q_learning,sparse_seed3,sparse,3,4a77b6e251,1601,225,-11.250000000000025,-9.750000000000021,0.05,0.15,0,out_of_energy,0,0,1,0,90,5,0,0,0,41,0.04415890568681895,0.4275153991352493,0.0,0.0,0.99,8,exponential
q_learning,sparse_seed3,sparse,3,4a77b6e251,1602,225,-11.250000000000025,-9.750000000000021,0.05,0.15,0,out_of_energy,0,0,1,0,89,5,0,0,0,38,0.04332647940113219,0.43480496785405287,0.0,0.0,0.99,8,exponential
q_learning,sparse_seed3,sparse,3,4a77b6e251,1603,225,-11.250000000000025,-9.750000000000021,0.05,0.15,0,out_of_energy,0,0,1,0,100,7,0,0,0,47,0.04372256460071862,0.41954685819550946,0.0,0.0,0.99,8,exponential
q_learning,sparse_seed3,sparse,3,4a77b6e251,1604,225,-11.250000000000025,-9.750000000000021,0.05,0.15,0,out_of_energy,0,0,1,0,89,12,0,0,0,40,0.04406130287912689,0.41281465352550584,0.0,0.0,0.99,8,exponential
q_learning,sparse_seed3,sparse,3,4a77b6e251,1605,225,-11.250000000000025,-9.750000000000021,0.05,0.15,0,out_of_energy,0,0,1,0,94,10,0,0,0,35,0.043522367114002536,0.42917453120989824,0.0,0.0,0.99,8,exponential
q_learning,sparse_seed3,sparse,3,4a77b6e251,1606,225,-11.250000000000025,-9.750000000000021,0.05,0.15,0,out_of_energy,0,0,1,0,102,2,0,0,0,52,0.04384433632853567,0.44000499059189996,0.0,0.0,0.99,8,exponential
q_learning,sparse_seed3,sparse,3,4a77b6e251,1607,225,-11.250000000000025,-9.750000000000021,0.05,0.15,0,out_of_energy,0,0,1,0,97,16,0,0,0,38,0.04399165150711926,0.42772484958837315,0.0,0.0,0.99,8,exponential
q_learning,sparse_seed3,sparse,3,4a77b6e251,1608,225,-11.250000000000025,-9.750000000000021,0.05,0.15,0,out_of_energy,0,0,1,0,88,15,0,0,0,49,0.04415351907295426,0.41151507154706235,0.0,0.0,0.99,8,exponential
q_learning,sparse_seed3,sparse,3,4a77b6e251,1609,225,-11.250000000000025,-9.750000000000021,0.05,0.15,0,out_of_energy,0,0,1,0,91,6,0,0,0,50,0.04431334593330937,0.43989827217846994,0.0,0.0,0.99,8,exponential
q_learning,sparse_seed3,sparse,3,4a77b6e251,1610,225,-11.250000000000025,-9.750000000000021,0.05,0.15,0,out_of_energy,0,0,1,0,87,31,0,0,0,51,0.045458470595749055,0.4602452341402124,0.0,0.0,0.99,8,exponential
q_learning,sparse_seed3,sparse,3,4a77b6e251,1611,225,-11.250000000000025,-9.750000000000021,0.05,0.15,0,out_of_energy,0,0,1,0,93,44,0,0,0,47,0.04514933064672017,0.4144681932419789,0.0,0.0,0.99,8,exponential
q_learning,sparse_seed3,sparse,3,4a77b6e251,1612,225,-11.250000000000025,-9.750000000000021,0.05,0.15,0,out_of_energy,0,0,1,0,97,17,5,0,0,52,0.044702576317840026,0.43267834693633567,0.0,0.0,0.99,8,exponential
q_learning,sparse_seed3,sparse,3,4a77b6e251,1613,225,-11.250000000000025,-9.850000000000021,0.05,0.15,0,out_of_energy,0,0,1,0,98,12,0,0,0,31,0.04335318829483154,0.45819294866561383,0.0,0.0,0.99,8,exponential
q_learning,sparse_seed3,sparse,3,4a77b6e251,1614,225,-11.250000000000025,-9.850000000000021,0.05,0.15,0,out_of_energy,0,0,1,0,85,7,4,0,0,52,0.0452371917094691,0.42238823135337744,0.0,0.0,0.99,8,exponential
q_learning,sparse_seed3,sparse,3,4a77b6e251,1615,225,-11.250000000000025,-9.950000000000022,0.05,0.15,0,out_of_energy,0,0,1,0,103,5,0,0,0,56,0.044443582426257,0.3932512122537771,0.0,0.0,0.99,8,exponential
q_learning,sparse_seed3,sparse,3,4a77b6e251,1616,225,-11.250000000000025,-9.95000000000002,0.05,0.15,0,out_of_energy,0,0,1,0,93,5,0,0,0,42,0.04247505399036112,0.33694809227717215,0.0,0.0,0.99,8,exponential
q_learning,sparse_seed3,sparse,3,4a77b6e251,1617,225,-11.250000000000025,-9.95000000000002,0.05,0.15,0,out_of_energy,0,0,1,0,92,6,3,0,0,53,0.0445551482715479,0.41913522234223893,0.0,0.0,0.99,8,exponential
q_learning,sparse_seed3,sparse,3,4a77b6e251,1618,225,-11.250000000000025,-9.95000000000002,0.05,0.15,0,out_of_energy,0,0,1,0,87,36,0,0,0,42,0.043929131472523926,0.45101017587940945,0.0,0.0,0.99,8,exponential
q_learning,sparse_seed3,sparse,3,4a77b6e251,1619,225,-11.250000000000025,-10.050000000000022,0.05,0.15,0,out_of_energy,0,0,1,0,106,0,0,0,0,55,0.04439131956913574,0.4419191631300788,0.0,0.0,0.99,8,exponential
q_learning,sparse_seed3,sparse,3,4a77b6e251,1620,225,-11.250000000000025,-10.050000000000022,0.05,0.15,0,out_of_energy,0,0,1,0,81,11,0,0,0,45,0.044354362076661547,0.4040682386198502,0.0,0.0,0.99,8,exponential
q_learning,sparse_seed3,sparse,3,4a77b6e251,1621,225,-11.250000000000025,-10.050000000000022,0.05,0.15,0,out_of_energy,0,0,1,0,102,33,2,0,0,39,0.0456323821029076,0.5655157955281453,0.0,0.0,0.99,8,exponential
q_learning,sparse_seed3,sparse,3,4a77b6e251,1622,225,-11.250000000000025,-10.150000000000022,0.05,0.15,0,out_of_energy,0,0,1,0,86,2,2,0,0,42,0.04582030008231661,0.5071793037637893,0.0,0.0,0.99,8,exponential
q_learning,sparse_seed3,sparse,3,4a77b6e251,1623,225,-11.250000000000025,-10.150000000000022,0.05,0.15,0,out_of_energy,0,0,1,0,107,0,0,0,0,53,0.04373464437396793,0.36094534766840597,0.0,0.0,0.99,8,exponential
q_learning,sparse_seed3,sparse,3,4a77b6e251,1624,225,-11.250000000000025,-10.250000000000023,0.05,0.15,0,out_of_energy,0,0,1,0,103,16,0,0,0,53,0.04580195576298009,0.47576908389744765,0.0,0.0,0.99,8,exponential
q_learning,sparse_seed3,sparse,3,4a77b6e251,1625,225,-11.250000000000025,-10.250000000000023,0.05,0.15,0,out_of_energy,0,0,1,0,89,13,0,0,0,32,0.045909732852721055,0.42962360514092757,0.0,0.0,0.99,8,exponential
q_learning,sparse_seed3,sparse,3,4a77b6e251,1626,225,-11.250000000000025,-10.350000000000023,0.05,0.15,0,out_of_energy,0,0,1,0,95,9,1,0,0,45,0.043627735650994884,0.44096325018787047,0.0,0.0,0.99,8,exponential
q_learning,sparse_seed3,sparse,3,4a77b6e251,1627,225,-11.250000000000025,-10.450000000000022,0.05,0.15,0,out_of_energy,0,0,1,0,99,25,0,0,0,42,0.044873335000241925,0.42436990835228494,0.0,0.0,0.99,8,exponential
q_learning,sparse_seed3,sparse,3,4a77b6e251,1628,225,-11.250000000000025,-10.450000000000022,0.05,0.15,0,out_of_energy,0,0,1,0,98,12,0,0,0,42,0.043752837430782364,0.44088796596726737,0.0,0.0,0.99,8,exponential
q_learning,sparse_seed3,sparse,3,4a77b6e251,1629,225,-11.250000000000025,-10.450000000000022,0.05,0.15,0,out_of_energy,0,0,1,0,108,8,0,0,0,46,0.04432585666200422,0.424632751064093,0.0,0.0,0.99,8,exponential
q_learning,sparse_seed3,sparse,3,4a77b6e251,1630,225,-11.250000000000025,-10.450000000000022,0.05,0.15,0,out_of_energy,0,0,1,0,83,14,0,0,0,50,0.0433039024332009,0.4185476816561901,0.0,0.0,0.99,8,exponential
q_learning,sparse_seed3,sparse,3,4a77b6e251,1631,225,-11.250000000000025,-10.550000000000022,0.05,0.15,0,out_of_energy,0,0,1,0,91,40,1,0,0,48,0.04478373938638568,0.43708313095102297,0.0,0.0,0.99,8,exponential
q_learning,sparse_seed3,sparse,3,4a77b6e251,1632,225,-11.250000000000025,-10.550000000000022,0.05,0.15,0,out_of_energy,0,0,1,0,85,11,0,0,0,41,0.04399423468489246,0.4470950065113567,0.0,0.0,0.99,8,exponential
q_learning,sparse_seed3,sparse,3,4a77b6e251,1633,225,-11.250000000000025,-10.550000000000022,0.05,0.15,0,out_of_energy,0,0,1,0,92,10,0,0,0,42,0.04294486309161467,0.3874072989880885,0.0,0.0,0.99,8,exponential
q_learning,sparse_seed3,sparse,3,4a77b6e251,1634,225,-11.250000000000025,-10.550000000000022,0.05,0.15,0,out_of_energy,0,0,1,0,100,6,0,0,0,49,0.0439823899690417,0.44241772126789347,0.0,0.0,0.99,8,exponential
q_learning,sparse_seed3,sparse,3,4a77b6e251,1635,225,-11.250000000000025,-10.650000000000023,0.05,0.15,0,out_of_energy,0,0,1,0,88,28,0,0,0,47,0.04471306931055731,0.43790555402591363,0.0,0.0,0.99,8,exponential
q_learning,sparse_seed3,sparse,3,4a77b6e251,1636,225,-11.250000000000025,-10.650000000000025,0.05,0.15,0,out_of_energy,0,0,1,0,97,17,0,0,0,53,0.04340876741776837,0.4110555898876928,0.0,0.0,0.99,8,exponential
q_learning,sparse_seed3,sparse,3,4a77b6e251,1637,225,-11.250000000000025,-10.650000000000025,0.05,0.15,0,out_of_energy,0,0,1,0,97,34,3,0,0,53,0.04433254075995195,0.47293755099992124,0.0,0.0,0.99,8,exponential
q_learning,sparse_seed3,sparse,3,4a77b6e251,1638,225,-11.250000000000025,-10.650000000000025,0.05,0.15,0,out_of_energy,0,0,1,0,95,31,0,0,0,49,0.043868353839962355,0.4216389654705532,0.0,0.0,0.99,8,exponential
q_learning,sparse_seed3,sparse,3,4a77b6e251,1639,225,-11.250000000000025,-10.750000000000023,0.05,0.15,0,out_of_energy,0,0,1,0,107,1,0,0,0,55,0.043823721762995926,0.31304460149226476,0.0,0.0,0.99,8,exponential
q_learning,sparse_seed3,sparse,3,4a77b6e251,1640,225,-11.250000000000025,-10.850000000000023,0.05,0.15,0,out_of_energy,0,0,1,0,98,9,0,0,0,43,0.04296713902917727,0.3318362789293919,0.0,0.0,0.99,8,exponential
q_learning,sparse_seed3,sparse,3,4a77b6e251,1641,225,-1.2499999999999822,-10.850000000000023,0.05,0.15,0,out_of_energy,0,0,1,0,106,16,0,0,1,55,0.0826064644699368,2.4307668672732836,0.0,0.0,0.99,8,exponential
q_learning,sparse_seed3,sparse,3,4a77b6e251,1642,225,-11.250000000000025,-10.850000000000023,0.05,0.15,0,out_of_energy,0,0,1,0,94,18,0,0,0,51,0.04319591506624341,0.4600348894366771,0.0,0.0,0.99,8,exponential
q_learning,sparse_seed3,sparse,3,4a77b6e251,1643,225,-11.250000000000025,-10.850000000000023,0.05,0.15,0,out_of_energy,0,0,1,0,100,19,0,0,0,33,0.04405257030421988,0.4482265241355427,0.0,0.0,0.99,8,exponential
q_learning,sparse_seed3,sparse,3,4a77b6e251,1644,225,-11.250000000000025,-10.850000000000023,0.05,0.15,0,out_of_energy,0,0,1,0,97,12,0,0,0,35,0.043214627108176466,0.43532913442815413,0.0,0.0,0.99,8,exponential
q_learning,sparse_seed3,sparse,3,4a77b6e251,1645,225,-11.250000000000025,-10.850000000000023,0.05,0.15,0,out_of_energy,0,0,1,0,101,27,0,0,0,41,0.04324884281126049,0.41060176161850126,0.0,0.0,0.99,8,exponential
q_learning,sparse_seed3,sparse,3,4a77b6e251,1646,225,-11.250000000000025,-10.850000000000023,0.05,0.15,0,out_of_energy,0,0,1,0,109,23,0,0,0,42,0.04452164338471084,0.3412300354616611,0.0,0.0,0.99,8,exponential
q_learning,sparse_seed3,sparse,3,4a77b6e251,1647,225,-11.250000000000025,-10.950000000000022,0.05,0.15,0,out_of_energy,0,0,1,0,82,25,0,0,0,41,0.04401243432536013,0.41458200596733713,0.0,0.0,0.99,8,exponential
q_learning,sparse_seed3,sparse,3,4a77b6e251,1648,225,-11.250000000000025,-10.950000000000022,0.05,0.15,0,out_of_energy,0,0,1,0,98,15,0,0,0,43,0.04303985453255535,0.3677765948958853,0.0,0.0,0.99,8,exponential
q_learning,sparse_seed3,sparse,3,4a77b6e251,1649,225,-11.250000000000025,-11.050000000000022,0.05,0.15,0,out_of_energy,0,0,1,0,98,4,0,0,0,52,0.04488374411698405,0.3273295690461357,0.0,0.0,0.99,8,exponential
q_learning,sparse_seed3,sparse,3,4a77b6e251,1650,225,-11.250000000000025,-11.050000000000022,0.05,0.15,0,out_of_energy,0,0,1,0,93,16,1,0,0,46,0.04662288649020382,0.6137398672019001,0.0,0.0,0.99,8,exponential
q_learning,sparse_seed3,sparse,3,4a77b6e251,1651,225,-11.250000000000025,-11.050000000000022,0.05,0.15,0,out_of_energy,0,0,1,0,92,9,0,0,0,37,0.04341502447681323,0.4162246903930668,0.0,0.0,0.99,8,exponential
q_learning,sparse_seed3,sparse,3,4a77b6e251,1652,225,-1.2499999999999822,-10.950000000000022,0.05,0.15,0,out_of_energy,0,0,1,0,90,19,0,0,1,52,0.1237025385509851,5.378291055331654,0.0,0.0,0.99,8,exponential
q_learning,sparse_seed3,sparse,3,4a77b6e251,1653,225,-1.2500000000000062,-10.850000000000023,0.05,0.15,0,out_of_energy,0,0,1,0,88,23,0,0,1,57,0.12174636066682175,7.3006588716079674,0.0,0.0,0.99,8,exponential
q_learning,sparse_seed3,sparse,3,4a77b6e251,1654,225,-1.2499999999999822,-10.750000000000023,0.05,0.15,0,out_of_energy,0,0,1,0,91,3,0,0,1,54,0.11552231276725446,4.48448218637519,0.0,0.0,0.99,8,exponential
q_learning,sparse_seed3,sparse,3,4a77b6e251,1655,225,-11.250000000000025,-10.750000000000023,0.05,0.15,0,out_of_energy,0,0,1,0,103,13,0,0,0,59,0.04380288006113315,0.4470649521330487,0.0,0.0,0.99,8,exponential
q_learning,sparse_seed3,sparse,3,4a77b6e251,1656,225,-11.250000000000025,-10.750000000000023,0.05,0.15,0,out_of_energy,0,0,1,0,103,21,0,0,0,48,0.04419476428687206,0.4229569605166573,0.0,0.0,0.99,8,exponential
q_learning,sparse_seed3,sparse,3,4a77b6e251,1657,225,-11.250000000000025,-10.750000000000023,0.05,0.15,0,out_of_energy,0,0,1,0,112,5,0,0,0,50,0.043126222719258464,0.38437636909641265,0.0,0.0,0.99,8,exponential
q_learning,sparse_seed3,sparse,3,4a77b6e251,1658,225,-1.2499999999999822,-10.650000000000023,0.05,0.15,0,out_of_energy,0,0,1,0,104,11,0,0,1,43,0.0816310468760912,2.5926799515236505,0.0,0.0,0.99,8,exponential
q_learning,sparse_seed3,sparse,3,4a77b6e251,1659,225,-11.250000000000025,-10.650000000000023,0.05,0.15,0,out_of_energy,0,0,1,0,104,11,0,0,0,36,0.04399855112324157,0.45015071949406443,0.0,0.0,0.99,8,exponential
q_learning,sparse_seed3,sparse,3,4a77b6e251,1660,225,-11.250000000000025,-10.650000000000023,0.05,0.15,0,out_of_energy,0,0,1,0,96,19,0,0,0,40,0.04370312003891366,0.41030040183585903,0.0,0.0,0.99,8,exponential
q_learning,sparse_seed3,sparse,3,4a77b6e251,1661,225,-11.250000000000025,-10.650000000000023,0.05,0.15,0,out_of_energy,0,0,1,0,98,11,0,0,0,49,0.04522144220293047,0.42384296054544274,0.0,0.0,0.99,8,exponential
q_learning,sparse_seed3,sparse,3,4a77b6e251,1662,225,-11.250000000000025,-10.650000000000023,0.05,0.15,0,out_of_energy,0,0,1,0,102,3,0,0,0,40,0.041065751359845706,0.18254548056453757,0.0,0.0,0.99,8,exponential
q_learning,sparse_seed3,sparse,3,4a77b6e251,1663,225,-11.250000000000025,-10.650000000000023,0.05,0.15,0,out_of_energy,0,0,1,0,95,28,0,0,0,33,0.04492936348957948,0.41786362333351396,0.0,0.0,0.99,8,exponential
q_learning,sparse_seed3,sparse,3,4a77b6e251,1664,225,-11.250000000000025,-10.650000000000023,0.05,0.15,0,out_of_energy,0,0,1,0,105,9,0,0,0,45,0.04412035845148814,0.43865307432820755,0.0,0.0,0.99,8,exponential
q_learning,sparse_seed3,sparse,3,4a77b6e251,1665,225,-1.2499999999999984,-10.550000000000022,0.05,0.15,0,out_of_energy,0,0,1,0,110,8,0,0,1,47,0.09315583508102634,2.229338756780108,0.0,0.0,0.99,8,exponential
q_learning,sparse_seed3,sparse,3,4a77b6e251,1666,225,-11.250000000000025,-10.550000000000022,0.05,0.15,0,out_of_energy,0,0,1,0,97,11,0,0,0,48,0.043061594317468796,0.4074834824389007,0.0,0.0,0.99,8,exponential
q_learning,sparse_seed3,sparse,3,4a77b6e251,1667,225,-11.250000000000025,-10.550000000000022,0.05,0.15,0,out_of_energy,0,0,1,0,93,32,0,0,0,40,0.04332555707423397,0.4512290085389293,0.0,0.0,0.99,8,exponential
q_learning,sparse_seed3,sparse,3,4a77b6e251,1668,225,-11.250000000000025,-10.550000000000022,0.05,0.15,0,out_of_energy,0,0,1,0,89,20,1,0,0,42,0.04660918449638342,0.5292145645910329,0.0,0.0,0.99,8,exponential
q_learning,sparse_seed3,sparse,3,4a77b6e251,1669,225,-11.250000000000025,-10.550000000000022,0.05,0.15,0,out_of_energy,0,0,1,0,103,27,3,0,0,49,0.04662409604108449,0.5589806706126755,0.0,0.0,0.99,8,exponential
q_learning,sparse_seed3,sparse,3,4a77b6e251,1670,225,-11.250000000000025,-10.550000000000022,0.05,0.15,0,out_of_energy,0,0,1,0,86,34,0,0,0,47,0.04404297099872377,0.4466064956927865,0.0,0.0,0.99,8,exponential
q_learning,sparse_seed3,sparse,3,4a77b6e251,1671,225,-11.250000000000025,-10.550000000000022,0.05,0.15,0,out_of_energy,0,0,1,0,98,19,0,0,0,48,0.04396419608920237,0.4169234467423211,0.0,0.0,0.99,8,exponential
q_learning,sparse_seed3,sparse,3,4a77b6e251,1672,225,-11.250000000000025,-10.550000000000022,0.05,0.15,0,out_of_energy,0,0,1,0,114,6,0,0,0,51,0.04628110795298898,0.4096154260398688,0.0,0.0,0.99,8,exponential
q_learning,sparse_seed3,sparse,3,4a77b6e251,1673,225,-11.250000000000025,-10.550000000000022,0.05,0.15,0,out_of_energy,0,0,1,0,94,16,0,0,0,45,0.04492524643246374,0.38657624926344414,0.0,0.0,0.99,8,exponential
q_learning,sparse_seed3,sparse,3,4a77b6e251,1674,225,-11.250000000000025,-10.550000000000022,0.05,0.15,0,out_of_energy,0,0,1,0,84,2,0,0,0,37,0.0445338333541162,0.41576764861810417,0.0,0.0,0.99,8,exponential
q_learning,sparse_seed3,sparse,3,4a77b6e251,1675,225,-11.250000000000025,-10.550000000000022,0.05,0.15,0,out_of_energy,0,0,1,0,96,1,0,0,0,49,0.04329015671581348,0.3963199506484959,0.0,0.0,0.99,8,exponential
q_learning,sparse_seed3,sparse,3,4a77b6e251,1676,225,-11.250000000000025,-10.550000000000022,0.05,0.15,0,out_of_energy,0,0,1,0,96,19,0,0,0,41,0.044167271596835936,0.4598301020487375,0.0,0.0,0.99,8,exponential
q_learning,sparse_seed3,sparse,3,4a77b6e251,1677,225,-11.250000000000025,-10.550000000000022,0.05,0.15,0,out_of_energy,0,0,1,0,93,11,1,0,0,36,0.04277001379641526,0.42843605610098134,0.0,0.0,0.99,8,exponential
q_learning,sparse_seed3,sparse,3,4a77b6e251,1678,225,-11.250000000000025,-10.550000000000022,0.05,0.15,0,out_of_energy,0,0,1,0,103,22,2,0,0,40,0.043704546629648906,0.3921295136083069,0.0,0.0,0.99,8,exponential
q_learning,sparse_seed3,sparse,3,4a77b6e251,1679,225,-11.250000000000025,-10.550000000000022,0.05,0.15,0,out_of_energy,0,0,1,0,86,10,6,0,0,37,0.04465595036881273,0.4321256067701706,0.0,0.0,0.99,8,exponential
q_learning,sparse_seed3,sparse,3,4a77b6e251,1680,225,-11.250000000000025,-10.550000000000022,0.05,0.15,0,out_of_energy,0,0,1,0,99,26,1,0,0,47,0.04730382613987831,0.45475624100286777,0.0,0.0,0.99,8,exponential
q_learning,sparse_seed3,sparse,3,4a77b6e251,1681,225,-11.250000000000025,-10.550000000000022,0.05,0.15,0,out_of_energy,0,0,1,0,103,8,0,0,0,41,0.04623812327850309,0.5441549668826707,0.0,0.0,0.99,8,exponential
q_learning,sparse_seed3,sparse,3,4a77b6e251,1682,225,-11.250000000000025,-10.550000000000022,0.05,0.15,0,out_of_energy,0,0,1,0,92,18,6,0,0,44,0.046497165204099015,0.5686897923126621,0.0,0.0,0.99,8,exponential
q_learning,sparse_seed3,sparse,3,4a77b6e251,1683,225,-11.250000000000025,-10.550000000000022,0.05,0.15,0,out_of_energy,0,0,1,0,92,19,0,0,0,44,0.04355410884978506,0.39838957175113066,0.0,0.0,0.99,8,exponential
q_learning,sparse_seed3,sparse,3,4a77b6e251,1684,225,-11.250000000000025,-10.550000000000022,0.05,0.15,0,out_of_energy,0,0,1,0,104,9,0,0,0,50,0.043669312192464754,0.4595312059786432,0.0,0.0,0.99,8,exponential
q_learning,sparse_seed3,sparse,3,4a77b6e251,1685,225,-11.250000000000025,-10.550000000000022,0.05,0.15,0,out_of_energy,0,0,1,0,102,1,0,0,0,42,0.04516474372603958,0.4701249156655332,0.0,0.0,0.99,8,exponential
q_learning,sparse_seed3,sparse,3,4a77b6e251,1686,225,-11.250000000000025,-10.550000000000022,0.05,0.15,0,out_of_energy,0,0,1,0,98,14,0,0,0,51,0.043363843296712994,0.44380832886027943,0.0,0.0,0.99,8,exponential
q_learning,sparse_seed3,sparse,3,4a77b6e251,1687,225,-11.250000000000025,-10.650000000000023,0.05,0.15,0,out_of_energy,0,0,1,0,81,6,0,0,0,59,0.043697869371117234,0.44414043278606075,0.0,0.0,0.99,8,exponential
q_learning,sparse_seed3,sparse,3,4a77b6e251,1688,225,-11.250000000000025,-10.650000000000023,0.05,0.15,0,out_of_energy,0,0,1,0,96,4,0,0,0,55,0.04338220752659505,0.47835415028014433,0.0,0.0,0.99,8,exponential
q_learning,sparse_seed3,sparse,3,4a77b6e251,1689,225,-11.250000000000025,-10.650000000000023,0.05,0.15,0,out_of_energy,0,0,1,0,105,4,0,0,0,45,0.043980682627487985,0.4548314397077569,0.0,0.0,0.99,8,exponential
q_learning,sparse_seed3,sparse,3,4a77b6e251,1690,225,-11.250000000000025,-10.650000000000023,0.05,0.15,0,out_of_energy,0,0,1,0,95,11,0,0,0,41,0.04334194959217408,0.4801042271955252,0.0,0.0,0.99,8,exponential
q_learning,sparse_seed3,sparse,3,4a77b6e251,1691,225,-11.250000000000025,-10.650000000000023,0.05,0.15,0,out_of_energy,0,0,1,0,94,20,0,0,0,47,0.04312946281251136,0.4507785071803168,0.0,0.0,0.99,8,exponential
q_learning,sparse_seed3,sparse,3,4a77b6e251,1692,225,-11.250000000000025,-10.650000000000023,0.05,0.15,0,out_of_energy,0,0,1,0,87,17,0,0,0,30,0.04610187787650364,0.5983982378263264,0.0,0.0,0.99,8,exponential
q_learning,sparse_seed3,sparse,3,4a77b6e251,1693,225,-11.250000000000025,-10.650000000000023,0.05,0.15,0,out_of_energy,0,0,1,0,101,1,0,0,0,36,0.04650793348864525,0.528242745132362,0.0,0.0,0.99,8,exponential
q_learning,sparse_seed3,sparse,3,4a77b6e251,1694,225,-11.250000000000025,-10.650000000000023,0.05,0.15,0,out_of_energy,0,0,1,0,106,37,0,0,0,40,0.045102691080384706,0.5240163404322558,0.0,0.0,0.99,8,exponential
q_learning,sparse_seed3,sparse,3,4a77b6e251,1695,225,-11.250000000000025,-10.650000000000023,0.05,0.15,0,out_of_energy,0,0,1,0,88,15,0,0,0,44,0.04584070091778168,0.4459892009209675,0.0,0.0,0.99,8,exponential
q_learning,sparse_seed3,sparse,3,4a77b6e251,1696,225,-11.250000000000025,-10.650000000000023,0.05,0.15,0,out_of_energy,0,0,1,0,95,16,0,0,0,48,0.04263882700064899,0.473303644299986,0.0,0.0,0.99,8,exponential
q_learning,sparse_seed3,sparse,3,4a77b6e251,1697,225,-11.250000000000025,-10.650000000000023,0.05,0.15,0,out_of_energy,0,0,1,0,110,25,0,0,0,42,0.042947837459810005,0.44062131485530287,0.0,0.0,0.99,8,exponential
q_learning,sparse_seed3,sparse,3,4a77b6e251,1698,225,-11.250000000000025,-10.650000000000023,0.05,0.15,0,out_of_energy,0,0,1,0,90,14,0,0,0,49,0.04300979578599672,0.45032707607460426,0.0,0.0,0.99,8,exponential
q_learning,sparse_seed3,sparse,3,4a77b6e251,1699,225,-11.250000000000025,-10.650000000000023,0.05,0.15,0,out_of_energy,0,0,1,0,90,23,0,0,0,46,0.044432071393320505,0.4037654191088737,0.0,0.0,0.99,8,exponential
q_learning,sparse_seed3,sparse,3,4a77b6e251,1700,225,-11.250000000000025,-10.650000000000023,0.05,0.15,0,out_of_energy,0,0,1,0,96,35,0,0,0,41,0.04308792429898825,0.46586990697745617,0.0,0.0,0.99,8,exponential
q_learning,sparse_seed3,sparse,3,4a77b6e251,1701,225,-11.250000000000025,-10.650000000000023,0.05,0.15,0,out_of_energy,0,0,1,0,104,23,0,0,0,47,0.04292368014804827,0.4423430935734835,0.0,0.0,0.99,8,exponential
q_learning,sparse_seed3,sparse,3,4a77b6e251,1702,225,-1.2499999999999822,-10.550000000000022,0.05,0.15,0,out_of_energy,0,0,1,0,77,4,0,0,1,39,0.10057715083237535,4.125106675891549,0.0,0.0,0.99,8,exponential
q_learning,sparse_seed3,sparse,3,4a77b6e251,1703,225,-11.250000000000025,-10.550000000000022,0.05,0.15,0,out_of_energy,0,0,1,0,97,17,0,0,0,38,0.04355776572771829,0.41953603260158867,0.0,0.0,0.99,8,exponential
q_learning,sparse_seed3,sparse,3,4a77b6e251,1704,225,-11.250000000000025,-10.550000000000022,0.05,0.15,0,out_of_energy,0,0,1,0,99,10,0,0,0,43,0.04667620344088086,0.5540869859515292,0.0,0.0,0.99,8,exponential
q_learning,sparse_seed3,sparse,3,4a77b6e251,1705,225,-11.250000000000025,-10.550000000000022,0.05,0.15,0,out_of_energy,0,0,1,0,122,16,0,0,0,40,0.043875543104581534,0.4634695826784541,0.0,0.0,0.99,8,exponential
q_learning,sparse_seed3,sparse,3,4a77b6e251,1706,225,-11.250000000000025,-10.550000000000022,0.05,0.15,0,out_of_energy,0,0,1,0,95,3,0,0,0,38,0.0430546112491572,0.44053394147472313,0.0,0.0,0.99,8,exponential
q_learning,sparse_seed3,sparse,3,4a77b6e251,1707,225,-11.250000000000025,-10.550000000000022,0.05,0.15,0,out_of_energy,0,0,1,0,89,17,3,0,0,42,0.04781267233943732,0.5395821450191874,0.0,0.0,0.99,8,exponential
q_learning,sparse_seed3,sparse,3,4a77b6e251,1708,225,-1.2500000000000004,-10.450000000000022,0.05,0.15,0,out_of_energy,0,0,1,0,100,10,0,0,1,42,0.08157433862404036,2.076480897458061,0.0,0.0,0.99,8,exponential
q_learning,sparse_seed3,sparse,3,4a77b6e251,1709,225,-11.250000000000025,-10.450000000000022,0.05,0.15,0,out_of_energy,0,0,1,0,81,6,0,0,0,43,0.04354429825129499,0.4604499563165612,0.0,0.0,0.99,8,exponential
q_learning,sparse_seed3,sparse,3,4a77b6e251,1710,225,-11.250000000000025,-10.450000000000022,0.05,0.15,0,out_of_energy,0,0,1,0,103,18,0,0,0,45,0.043230433806682365,0.4132320922317198,0.0,0.0,0.99,8,exponential
q_learning,sparse_seed3,sparse,3,4a77b6e251,1711,225,-11.250000000000025,-10.450000000000022,0.05,0.15,0,out_of_energy,0,0,1,0,117,2,0,0,0,47,0.04252743172852328,0.18467960099465486,0.0,0.0,0.99,8,exponential
q_learning,sparse_seed3,sparse,3,4a77b6e251,1712,225,-11.250000000000025,-10.450000000000022,0.05,0.15,0,out_of_energy,0,0,1,0,103,5,0,0,0,44,0.044593415441307196,0.4398268231834694,0.0,0.0,0.99,8,exponential
q_learning,sparse_seed3,sparse,3,4a77b6e251,1713,225,-1.2499999999999822,-10.350000000000023,0.05,0.15,0,out_of_energy,0,0,1,0,103,15,0,0,1,50,0.14411657609413636,7.29581057742215,0.0,0.0,0.99,8,exponential
q_learning,sparse_seed3,sparse,3,4a77b6e251,1714,225,-11.250000000000025,-10.350000000000023,0.05,0.15,0,out_of_energy,0,0,1,0,94,10,0,0,0,53,0.0440252379670455,0.44921061107375504,0.0,0.0,0.99,8,exponential
q_learning,sparse_seed3,sparse,3,4a77b6e251,1715,225,-11.250000000000025,-10.350000000000023,0.05,0.15,0,out_of_energy,0,0,1,0,125,25,0,0,0,47,0.043623504914670375,0.48341310900863815,0.0,0.0,0.99,8,exponential
q_learning,sparse_seed3,sparse,3,4a77b6e251,1716,225,-11.250000000000025,-10.350000000000023,0.05,0.15,0,out_of_energy,0,0,1,0,87,9,0,0,0,35,0.04378006171326837,0.45335492472897715,0.0,0.0,0.99,8,exponential
q_learning,sparse_seed3,sparse,3,4a77b6e251,1717,225,-11.250000000000025,-10.350000000000023,0.05,0.15,0,out_of_energy,0,0,1,0,97,1,0,0,0,38,0.04284348750494098,0.44891206480478685,0.0,0.0,0.99,8,exponential
q_learning,sparse_seed3,sparse,3,4a77b6e251,1718,225,-11.250000000000025,-10.350000000000023,0.05,0.15,0,out_of_energy,0,0,1,0,79,16,0,0,0,49,0.04383391290183232,0.43664846845011995,0.0,0.0,0.99,8,exponential
q_learning,sparse_seed3,sparse,3,4a77b6e251,1719,225,-11.250000000000025,-10.350000000000023,0.05,0.15,0,out_of_energy,0,0,1,0,96,17,0,0,0,55,0.043682260105600286,0.47927788106346975,0.0,0.0,0.99,8,exponential
q_learning,sparse_seed3,sparse,3,4a77b6e251,1720,225,-11.250000000000025,-10.350000000000023,0.05,0.15,0,out_of_energy,0,0,1,0,90,4,1,0,0,37,0.04405674623338751,0.435120638840217,0.0,0.0,0.99,8,exponential
q_learning,sparse_seed3,sparse,3,4a77b6e251,1721,225,-11.250000000000025,-10.350000000000023,0.05,0.15,0,out_of_energy,0,0,1,0,103,29,0,0,0,48,0.04404598111788965,0.48523708046334485,0.0,0.0,0.99,8,exponential
q_learning,sparse_seed3,sparse,3,4a77b6e251,1722,225,-11.250000000000025,-10.350000000000023,0.05,0.15,0,out_of_energy,0,0,1,0,97,1,0,0,0,46,0.04381801723207046,0.4541219334956565,0.0,0.0,0.99,8,exponential
q_learning,sparse_seed3,sparse,3,4a77b6e251,1723,225,-11.250000000000025,-10.350000000000023,0.05,0.15,0,out_of_energy,0,0,1,0,96,4,9,0,0,54,0.04478522834117249,0.4497876455269852,0.0,0.0,0.99,8,exponential
q_learning,sparse_seed3,sparse,3,4a77b6e251,1724,225,-11.250000000000025,-10.350000000000023,0.05,0.15,0,out_of_energy,0,0,1,0,91,24,2,0,0,50,0.04373050388829728,0.45085521831687075,0.0,0.0,0.99,8,exponential
q_learning,sparse_seed3,sparse,3,4a77b6e251,1725,225,-1.2499999999999822,-10.250000000000023,0.05,0.15,0,out_of_energy,0,0,1,0,90,19,0,0,1,55,0.1389075415871077,5.939076571586302,0.0,0.0,0.99,8,exponential
q_learning,sparse_seed3,sparse,3,4a77b6e251,1726,225,-11.250000000000025,-10.250000000000023,0.05,0.15,0,out_of_energy,0,0,1,0,93,9,0,0,0,53,0.04480256874963896,0.6125835713388972,0.0,0.0,0.99,8,exponential
q_learning,sparse_seed3,sparse,3,4a77b6e251,1727,225,-11.250000000000025,-10.250000000000023,0.05,0.15,0,out_of_energy,0,0,1,0,96,3,0,0,0,38,0.04316607590734108,0.3828036480869346,0.0,0.0,0.99,8,exponential
q_learning,sparse_seed3,sparse,3,4a77b6e251,1728,225,-11.250000000000025,-10.250000000000023,0.05,0.15,0,out_of_energy,0,0,1,0,100,17,0,0,0,58,0.04474118386488256,0.42541369542692126,0.0,0.0,0.99,8,exponential
q_learning,sparse_seed3,sparse,3,4a77b6e251,1729,225,-1.2499999999999822,-10.150000000000022,0.05,0.15,0,out_of_energy,0,0,1,0,95,9,0,0,1,53,0.10985903603661638,5.059518406240319,0.0,0.0,0.99,8,exponential
q_learning,sparse_seed3,sparse,3,4a77b6e251,1730,225,-11.250000000000025,-10.150000000000023,0.05,0.15,0,out_of_energy,0,0,1,0,123,6,0,0,0,43,0.04421431255953474,0.4804447572961546,0.0,0.0,0.99,8,exponential
q_learning,sparse_seed3,sparse,3,4a77b6e251,1731,225,-11.250000000000025,-10.150000000000022,0.05,0.15,0,out_of_energy,0,0,1,0,87,2,0,0,0,46,0.04644281574287147,0.45877320294883056,0.0,0.0,0.99,8,exponential
q_learning,sparse_seed3,sparse,3,4a77b6e251,1732,225,-11.250000000000025,-10.150000000000023,0.05,0.15,0,out_of_energy,0,0,1,0,82,38,1,0,0,47,0.04398285904806571,0.4634720922378697,0.0,0.0,0.99,8,exponential
q_learning,sparse_seed3,sparse,3,4a77b6e251,1733,225,-11.250000000000025,-10.15000000000002,0.05,0.15,0,out_of_energy,0,0,1,0,108,4,0,0,0,54,0.043870129849832976,0.4897191601192333,0.0,0.0,0.99,8,exponential
q_learning,sparse_seed3,sparse,3,4a77b6e251,1734,225,-11.250000000000025,-10.150000000000022,0.05,0.15,0,out_of_energy,0,0,1,0,101,17,0,0,0,52,0.044398134571994624,0.4805361188925928,0.0,0.0,0.99,8,exponential
q_learning,sparse_seed3,sparse,3,4a77b6e251,1735,225,-11.250000000000025,-10.15000000000002,0.05,0.15,0,out_of_energy,0,0,1,0,105,29,0,0,0,49,0.04230944372864477,0.417868606694271,0.0,0.0,0.99,8,exponential
q_learning,sparse_seed3,sparse,3,4a77b6e251,1736,225,-1.2499999999999885,-10.050000000000022,0.05,0.15,0,out_of_energy,0,0,1,0,100,5,0,0,1,46,0.08281840176634755,3.6736219150611005,0.0,0.0,0.99,8,exponential
q_learning,sparse_seed3,sparse,3,4a77b6e251,1737,225,-11.250000000000025,-10.05000000000002,0.05,0.15,0,out_of_energy,0,0,1,0,88,2,0,0,0,44,0.04328063989363353,0.46914374852289026,0.0,0.0,0.99,8,exponential
q_learning,sparse_seed3,sparse,3,4a77b6e251,1738,225,-11.250000000000025,-10.050000000000022,0.05,0.15,0,out_of_energy,0,0,1,0,103,13,0,0,0,52,0.04335850807497661,0.3889308375036361,0.0,0.0,0.99,8,exponential
q_learning,sparse_seed3,sparse,3,4a77b6e251,1739,225,-11.250000000000025,-10.05000000000002,0.05,0.15,0,out_of_energy,0,0,1,0,95,24,0,0,0,42,0.04501672653557244,0.3963868557556532,0.0,0.0,0.99,8,exponential
q_learning,sparse_seed3,sparse,3,4a77b6e251,1740,225,-11.250000000000025,-10.05000000000002,0.05,0.15,0,out_of_energy,0,0,1,0,106,15,0,0,0,39,0.043720996971843736,0.43642093097144624,0.0,0.0,0.99,8,exponential
q_learning,sparse_seed3,sparse,3,4a77b6e251,1741,225,-1.2500000000000235,-10.050000000000022,0.05,0.15,0,out_of_energy,0,0,1,0,111,6,0,0,1,39,0.08191653012232801,3.6801705156214846,0.0,0.0,0.99,8,exponential
q_learning,sparse_seed3,sparse,3,4a77b6e251,1742,225,-11.250000000000025,-10.050000000000022,0.05,0.15,0,out_of_energy,0,0,1,0,98,9,0,0,0,51,0.043454694610854716,0.49596503372705064,0.0,0.0,0.99,8,exponential
q_learning,sparse_seed3,sparse,3,4a77b6e251,1743,225,-11.250000000000025,-10.050000000000022,0.05,0.15,0,out_of_energy,0,0,1,0,108,25,0,0,0,41,0.04392534920267498,0.4548928319911449,0.0,0.0,0.99,8,exponential
q_learning,sparse_seed3,sparse,3,4a77b6e251,1744,225,-11.250000000000025,-10.050000000000022,0.05,0.15,0,out_of_energy,0,0,1,0,94,6,0,0,0,53,0.04409422798797092,0.518329841708932,0.0,0.0,0.99,8,exponential
q_learning,sparse_seed3,sparse,3,4a77b6e251,1745,225,-11.250000000000025,-10.050000000000022,0.05,0.15,0,out_of_energy,0,0,1,0,93,10,0,0,0,42,0.04336991689870086,0.4324212516541157,0.0,0.0,0.99,8,exponential
q_learning,sparse_seed3,sparse,3,4a77b6e251,1746,225,-11.250000000000025,-10.050000000000022,0.05,0.15,0,out_of_energy,0,0,1,0,96,3,0,0,0,40,0.04286415525629981,0.4469264265060628,0.0,0.0,0.99,8,exponential
q_learning,sparse_seed3,sparse,3,4a77b6e251,1747,225,-11.250000000000025,-10.050000000000022,0.05,0.15,0,out_of_energy,0,0,1,0,94,30,0,0,0,46,0.04561929184877298,0.4673109085706095,0.0,0.0,0.99,8,exponential
q_learning,sparse_seed3,sparse,3,4a77b6e251,1748,225,-11.250000000000025,-10.050000000000022,0.05,0.15,0,out_of_energy,0,0,1,0,90,20,0,0,0,39,0.0430184239094864,0.4726308752144059,0.0,0.0,0.99,8,exponential
q_learning,sparse_seed3,sparse,3,4a77b6e251,1749,225,-11.250000000000025,-10.050000000000022,0.05,0.15,0,out_of_energy,0,0,1,0,102,19,0,0,0,51,0.044304674545458576,0.47309048183862784,0.0,0.0,0.99,8,exponential
q_learning,sparse_seed3,sparse,3,4a77b6e251,1750,225,-11.250000000000025,-10.050000000000022,0.05,0.15,0,out_of_energy,0,0,1,0,95,11,0,0,0,57,0.04316601631278464,0.3847612200502947,0.0,0.0,0.99,8,exponential
q_learning,sparse_seed3,sparse,3,4a77b6e251,1751,225,-11.250000000000025,-10.050000000000022,0.05,0.15,0,out_of_energy,0,0,1,0,104,12,0,0,0,49,0.04367741702529615,0.4770135842425977,0.0,0.0,0.99,8,exponential
q_learning,sparse_seed3,sparse,3,4a77b6e251,1752,225,-11.250000000000025,-10.150000000000023,0.05,0.15,0,out_of_energy,0,0,1,0,104,5,0,0,0,54,0.04291371833752969,0.4688335162249782,0.0,0.0,0.99,8,exponential
q_learning,sparse_seed3,sparse,3,4a77b6e251,1753,225,-11.250000000000025,-10.250000000000023,0.05,0.15,0,out_of_energy,0,0,1,0,110,29,0,0,0,59,0.04385155372309716,0.47710314000227255,0.0,0.0,0.99,8,exponential
q_learning,sparse_seed3,sparse,3,4a77b6e251,1754,225,-11.250000000000025,-10.350000000000023,0.05,0.15,0,out_of_energy,0,0,1,0,102,3,0,0,0,42,0.04298689276687076,0.3675580639059984,0.0,0.0,0.99,8,exponential
q_learning,sparse_seed3,sparse,3,4a77b6e251,1755,225,-11.250000000000025,-10.350000000000023,0.05,0.15,0,out_of_energy,0,0,1,0,86,11,3,0,0,44,0.04457334652629274,0.4381272605541401,0.0,0.0,0.99,8,exponential
q_learning,sparse_seed3,sparse,3,4a77b6e251,1756,225,-11.250000000000025,-10.350000000000023,0.05,0.15,0,out_of_energy,0,0,1,0,91,8,1,0,0,63,0.044318919942707646,0.4195848157019854,0.0,0.0,0.99,8,exponential
q_learning,sparse_seed3,sparse,3,4a77b6e251,1757,225,-11.250000000000025,-10.350000000000023,0.05,0.15,0,out_of_energy,0,0,1,0,85,19,0,0,0,40,0.04324358925272572,0.4593156754188679,0.0,0.0,0.99,8,exponential
q_learning,sparse_seed3,sparse,3,4a77b6e251,1758,225,-1.2499999999999822,-10.350000000000023,0.05,0.15,0,out_of_energy,0,0,1,0,77,3,0,0,1,38,0.12127026747030872,4.032440750414658,0.0,0.0,0.99,8,exponential
q_learning,sparse_seed3,sparse,3,4a77b6e251,1759,225,-11.250000000000025,-10.350000000000023,0.05,0.15,0,out_of_energy,0,0,1,0,104,18,0,0,0,44,0.04378949578346821,0.46749280941156396,0.0,0.0,0.99,8,exponential
q_learning,sparse_seed3,sparse,3,4a77b6e251,1760,225,-11.250000000000025,-10.350000000000023,0.05,0.15,0,out_of_energy,0,0,1,0,96,2,0,0,0,48,0.043967202954422094,0.4395258153182402,0.0,0.0,0.99,8,exponential
q_learning,sparse_seed3,sparse,3,4a77b6e251,1761,225,-1.2499999999999822,-10.250000000000023,0.05,0.15,0,out_of_energy,0,0,1,0,88,18,0,0,1,40,0.12166329541565984,2.124600854915406,0.0,0.0,0.99,8,exponential
q_learning,sparse_seed3,sparse,3,4a77b6e251,1762,225,-1.2499999999999822,-10.150000000000023,0.05,0.15,0,out_of_energy,0,0,1,0,79,3,0,0,1,40,0.1366797845557792,4.555551939054408,0.0,0.0,0.99,8,exponential
q_learning,sparse_seed3,sparse,3,4a77b6e251,1763,225,-11.250000000000025,-10.150000000000023,0.05,0.15,0,out_of_energy,0,0,1,0,124,13,0,0,0,41,0.04518981516997408,0.46456700050752814,0.0,0.0,0.99,8,exponential
q_learning,sparse_seed3,sparse,3,4a77b6e251,1764,225,-11.250000000000025,-10.150000000000023,0.05,0.15,0,out_of_energy,0,0,1,0,89,20,0,0,0,43,0.045923279708760534,0.4159648662263996,0.0,0.0,0.99,8,exponential
q_learning,sparse_seed3,sparse,3,4a77b6e251,1765,225,-1.2499999999999822,-10.150000000000023,0.05,0.15,0,out_of_energy,0,0,1,0,102,27,0,0,1,49,0.10527982416571272,6.7578018608841655,0.0,0.0,0.99,8,exponential
q_learning,sparse_seed3,sparse,3,4a77b6e251,1766,225,-11.250000000000025,-10.150000000000022,0.05,0.15,0,out_of_energy,0,0,1,0,89,29,0,0,0,47,0.04467146810399611,0.4896794889647667,0.0,0.0,0.99,8,exponential
q_learning,sparse_seed3,sparse,3,4a77b6e251,1767,225,-1.2499999999999822,-10.050000000000022,0.05,0.15,0,out_of_energy,0,0,1,0,101,18,0,0,1,48,0.12172689642450889,7.230487360659998,0.0,0.0,0.99,8,exponential
q_learning,sparse_seed3,sparse,3,4a77b6e251,1768,225,-11.250000000000025,-10.050000000000022,0.05,0.15,0,out_of_energy,0,0,1,0,96,37,0,0,0,49,0.04423249520978082,0.43093863589291376,0.0,0.0,0.99,8,exponential
q_learning,sparse_seed3,sparse,3,4a77b6e251,1769,225,-11.250000000000025,-10.050000000000022,0.05,0.15,0,out_of_energy,0,0,1,0,101,11,0,0,0,51,0.04625551138546116,0.4957045421663332,0.0,0.0,0.99,8,exponential
q_learning,sparse_seed3,sparse,3,4a77b6e251,1770,225,-11.250000000000025,-10.050000000000022,0.05,0.15,0,out_of_energy,0,0,1,0,80,6,0,0,0,48,0.04618318086479402,0.6062656848515817,0.0,0.0,0.99,8,exponential
q_learning,sparse_seed3,sparse,3,4a77b6e251,1771,225,-11.250000000000025,-10.05000000000002,0.05,0.15,0,out_of_energy,0,0,1,0,98,21,2,0,0,42,0.04270204761264657,0.3666750297284428,0.0,0.0,0.99,8,exponential
q_learning,sparse_seed3,sparse,3,4a77b6e251,1772,225,-11.250000000000025,-10.050000000000022,0.05,0.15,0,out_of_energy,0,0,1,0,80,14,0,0,0,51,0.04685171780510661,0.5110584378330923,0.0,0.0,0.99,8,exponential
q_learning,sparse_seed3,sparse,3,4a77b6e251,1773,225,-11.250000000000025,-10.050000000000022,0.05,0.15,0,out_of_energy,0,0,1,0,87,4,0,0,0,36,0.0452605995763906,0.47346624518540603,0.0,0.0,0.99,8,exponential
q_learning,sparse_seed3,sparse,3,4a77b6e251,1774,225,-11.250000000000025,-10.050000000000022,0.05,0.15,0,out_of_energy,0,0,1,0,89,38,0,0,0,44,0.045614686807994485,0.458562539414978,0.0,0.0,0.99,8,exponential
q_learning,sparse_seed3,sparse,3,4a77b6e251,1775,225,-11.250000000000025,-10.05000000000002,0.05,0.15,0,out_of_energy,0,0,1,0,111,4,0,0,0,54,0.041672698290979436,0.2117174782018434,0.0,0.0,0.99,8,exponential
q_learning,sparse_seed3,sparse,3,4a77b6e251,1776,225,-11.250000000000025,-10.050000000000022,0.05,0.15,0,out_of_energy,0,0,1,0,88,14,0,0,0,46,0.045221077394295185,0.4472317226417575,0.0,0.0,0.99,8,exponential
q_learning,sparse_seed3,sparse,3,4a77b6e251,1777,225,-11.250000000000025,-10.050000000000022,0.05,0.15,0,out_of_energy,0,0,1,0,101,7,0,0,0,56,0.04602365402335765,0.5588528256822214,0.0,0.0,0.99,8,exponential
q_learning,sparse_seed3,sparse,3,4a77b6e251,1778,225,-11.250000000000025,-10.050000000000022,0.05,0.15,0,out_of_energy,0,0,1,0,77,29,2,0,0,43,0.04524030036858969,0.4069119606516641,0.0,0.0,0.99,8,exponential
q_learning,sparse_seed3,sparse,3,4a77b6e251,1779,225,-11.250000000000025,-10.05000000000002,0.05,0.15,0,out_of_energy,0,0,1,0,93,22,3,0,0,42,0.046614126853732264,0.49389781130723875,0.0,0.0,0.99,8,exponential
q_learning,sparse_seed3,sparse,3,4a77b6e251,1780,225,-11.250000000000025,-10.050000000000022,0.05,0.15,0,out_of_energy,0,0,1,0,108,20,0,0,0,41,0.043448775306952854,0.4062366195069709,0.0,0.0,0.99,8,exponential
q_learning,sparse_seed3,sparse,3,4a77b6e251,1781,225,-11.250000000000025,-10.050000000000022,0.05,0.15,0,out_of_energy,0,0,1,0,93,21,0,0,0,50,0.042778712324581414,0.4369371062760242,0.0,0.0,0.99,8,exponential
q_learning,sparse_seed3,sparse,3,4a77b6e251,1782,225,-1.2499999999999822,-9.950000000000022,0.05,0.15,0,out_of_energy,0,0,1,0,88,5,0,0,1,46,0.0913631095588545,2.0636067677528898,0.0,0.0,0.99,8,exponential
q_learning,sparse_seed3,sparse,3,4a77b6e251,1783,225,-1.2499999999999822,-9.850000000000021,0.05,0.15,0,out_of_energy,0,0,1,0,105,3,0,0,1,34,0.10030587936581377,5.222069392768135,0.0,0.0,0.99,8,exponential
q_learning,sparse_seed3,sparse,3,4a77b6e251,1784,225,-1.2499999999999822,-9.750000000000021,0.05,0.15,0,out_of_energy,0,0,1,0,88,6,0,0,1,50,0.10550253613613848,3.4500550106313925,0.0,0.0,0.99,8,exponential
q_learning,sparse_seed3,sparse,3,4a77b6e251,1785,225,-11.250000000000025,-9.750000000000021,0.05,0.15,0,out_of_energy,0,0,1,0,100,28,1,0,0,36,0.044106454566033404,0.4300220487186891,0.0,0.0,0.99,8,exponential
q_learning,sparse_seed3,sparse,3,4a77b6e251,1786,225,-1.2500000000000182,-9.65000000000002,0.05,0.15,0,out_of_energy,0,0,1,0,102,6,0,0,1,42,0.08221978517204519,3.244693578770115,0.0,0.0,0.99,8,exponential
q_learning,sparse_seed3,sparse,3,4a77b6e251,1787,225,-11.250000000000025,-9.65000000000002,0.05,0.15,0,out_of_energy,0,0,1,0,96,12,0,0,0,46,0.050091459826764134,1.2170786060808076,0.0,0.0,0.99,8,exponential
q_learning,sparse_seed3,sparse,3,4a77b6e251,1788,225,-1.2499999999999822,-9.55000000000002,0.05,0.15,0,out_of_energy,0,0,1,0,98,13,0,0,1,46,0.08253938571298909,2.588588910694267,0.0,0.0,0.99,8,exponential
q_learning,sparse_seed3,sparse,3,4a77b6e251,1789,225,-11.250000000000025,-9.55000000000002,0.05,0.15,0,out_of_energy,0,0,1,0,86,31,0,0,0,35,0.04342439644821795,0.4523232083064764,0.0,0.0,0.99,8,exponential
q_learning,sparse_seed3,sparse,3,4a77b6e251,1790,225,-11.250000000000025,-9.550000000000018,0.05,0.15,0,out_of_energy,0,0,1,0,88,18,0,0,0,42,0.0463407553890154,0.4289957616260756,0.0,0.0,0.99,8,exponential
q_learning,sparse_seed3,sparse,3,4a77b6e251,1791,225,-11.250000000000025,-9.55000000000002,0.05,0.15,0,out_of_energy,0,0,1,0,114,17,0,0,0,44,0.04588809622592041,0.5251008593525557,0.0,0.0,0.99,8,exponential
q_learning,sparse_seed3,sparse,3,4a77b6e251,1792,225,-11.250000000000025,-9.550000000000018,0.05,0.15,0,out_of_energy,0,0,1,0,103,14,0,0,0,49,0.04532872507376146,0.5206097723750674,0.0,0.0,0.99,8,exponential
q_learning,sparse_seed3,sparse,3,4a77b6e251,1793,225,-11.250000000000025,-9.550000000000018,0.05,0.15,0,out_of_energy,0,0,1,0,80,25,0,0,0,44,0.04555040188995276,0.4749004751228674,0.0,0.0,0.99,8,exponential
q_learning,sparse_seed3,sparse,3,4a77b6e251,1794,225,-11.250000000000025,-9.550000000000018,0.05,0.15,0,out_of_energy,0,0,1,0,83,9,0,0,0,47,0.045902513695031136,0.5684322464570205,0.0,0.0,0.99,8,exponential
q_learning,sparse_seed3,sparse,3,4a77b6e251,1795,225,-11.250000000000025,-9.550000000000018,0.05,0.15,0,out_of_energy,0,0,1,0,103,2,0,0,0,47,0.04290501047738137,0.40662465560027017,0.0,0.0,0.99,8,exponential
q_learning,sparse_seed3,sparse,3,4a77b6e251,1796,225,-11.250000000000025,-9.550000000000018,0.05,0.15,0,out_of_energy,0,0,1,0,103,24,1,0,0,48,0.04760110402023031,0.6212368584569479,0.0,0.0,0.99,8,exponential
q_learning,sparse_seed3,sparse,3,4a77b6e251,1797,225,-11.250000000000025,-9.550000000000018,0.05,0.15,0,out_of_energy,0,0,1,0,94,12,0,0,0,34,0.04439897063481855,0.43408727788288826,0.0,0.0,0.99,8,exponential
q_learning,sparse_seed3,sparse,3,4a77b6e251,1798,225,-11.250000000000025,-9.550000000000018,0.05,0.15,0,out_of_energy,0,0,1,0,108,10,0,0,0,46,0.0474593703296979,0.5322980871297829,0.0,0.0,0.99,8,exponential
q_learning,sparse_seed3,sparse,3,4a77b6e251,1799,225,-11.250000000000025,-9.550000000000018,0.05,0.15,0,out_of_energy,0,0,1,0,89,16,0,0,0,45,0.04340724267650241,0.5033222910956302,0.0,0.0,0.99,8,exponential
q_learning,sparse_seed3,sparse,3,4a77b6e251,1800,225,-11.250000000000025,-9.550000000000018,0.05,0.15,0,out_of_energy,0,0,1,0,99,14,3,0,0,56,0.045781227388887735,0.49180272633006195,0.0,0.0,0.99,8,exponential
q_learning,sparse_seed3,sparse,3,4a77b6e251,1801,225,-11.250000000000025,-9.550000000000018,0.05,0.15,0,out_of_energy,0,0,1,0,99,16,0,0,0,43,0.04527728961947501,0.6338029934600986,0.0,0.0,0.99,8,exponential
q_learning,sparse_seed3,sparse,3,4a77b6e251,1802,225,-11.250000000000025,-9.65000000000002,0.05,0.15,0,out_of_energy,0,0,1,0,97,25,0,0,0,47,0.046371709194821656,0.49150751025083,0.0,0.0,0.99,8,exponential
q_learning,sparse_seed3,sparse,3,4a77b6e251,1803,225,-11.250000000000025,-9.65000000000002,0.05,0.15,0,out_of_energy,0,0,1,0,131,8,0,0,0,55,0.04523227141295351,0.6606535545394668,0.0,0.0,0.99,8,exponential
q_learning,sparse_seed3,sparse,3,4a77b6e251,1804,225,-1.2500000000000235,-9.550000000000018,0.05,0.15,0,out_of_energy,0,0,1,0,97,13,0,0,1,48,0.08232758806143602,2.891053609651954,0.0,0.0,0.99,8,exponential
q_learning,sparse_seed3,sparse,3,4a77b6e251,1805,225,-11.250000000000025,-9.550000000000018,0.05,0.15,0,out_of_energy,0,0,1,0,84,16,0,0,0,35,0.04632629735923206,0.6430427634138147,0.0,0.0,0.99,8,exponential
q_learning,sparse_seed3,sparse,3,4a77b6e251,1806,225,-11.250000000000025,-9.550000000000018,0.05,0.15,0,out_of_energy,0,0,1,0,94,25,0,0,0,43,0.04538694341978945,0.6532096893400982,0.0,0.0,0.99,8,exponential
q_learning,sparse_seed3,sparse,3,4a77b6e251,1807,225,-11.250000000000025,-9.55000000000002,0.05,0.15,0,out_of_energy,0,0,1,0,89,18,0,0,0,36,0.0457293119436131,0.6537016708170541,0.0,0.0,0.99,8,exponential
q_learning,sparse_seed3,sparse,3,4a77b6e251,1808,225,-11.250000000000025,-9.65000000000002,0.05,0.15,0,out_of_energy,0,0,1,0,97,20,0,0,0,49,0.044497539921066545,0.5811409713764253,0.0,0.0,0.99,8,exponential
q_learning,sparse_seed3,sparse,3,4a77b6e251,1809,225,-11.250000000000025,-9.65000000000002,0.05,0.15,0,out_of_energy,0,0,1,0,85,12,0,0,0,37,0.045254150435102725,0.5570350064586835,0.0,0.0,0.99,8,exponential
q_learning,sparse_seed3,sparse,3,4a77b6e251,1810,225,-11.250000000000025,-9.65000000000002,0.05,0.15,0,out_of_energy,0,0,1,0,90,25,0,0,0,52,0.046061453078351314,0.5748057611695547,0.0,0.0,0.99,8,exponential
q_learning,sparse_seed3,sparse,3,4a77b6e251,1811,225,-11.250000000000025,-9.65000000000002,0.05,0.15,0,out_of_energy,0,0,1,0,95,18,0,0,0,40,0.044239937538757254,0.5499013006056643,0.0,0.0,0.99,8,exponential
q_learning,sparse_seed3,sparse,3,4a77b6e251,1812,225,-11.250000000000025,-9.65000000000002,0.05,0.15,0,out_of_energy,0,0,1,0,99,15,0,0,0,48,0.04436589414297842,0.5495883596437794,0.0,0.0,0.99,8,exponential
q_learning,sparse_seed3,sparse,3,4a77b6e251,1813,225,-11.250000000000025,-9.750000000000021,0.05,0.15,0,out_of_energy,0,0,1,0,94,28,0,0,0,57,0.04447200457203152,0.5207263622156106,0.0,0.0,0.99,8,exponential
q_learning,sparse_seed3,sparse,3,4a77b6e251,1814,225,-11.250000000000025,-9.750000000000021,0.05,0.15,0,out_of_energy,0,0,1,0,106,12,0,0,0,30,0.04510640753581174,0.5133799058029475,0.0,0.0,0.99,8,exponential
q_learning,sparse_seed3,sparse,3,4a77b6e251,1815,225,-11.250000000000025,-9.750000000000021,0.05,0.15,0,out_of_energy,0,0,1,0,91,2,0,0,0,49,0.04529042301895816,0.4660874525324868,0.0,0.0,0.99,8,exponential
q_learning,sparse_seed3,sparse,3,4a77b6e251,1816,225,-11.250000000000025,-9.750000000000021,0.05,0.15,0,out_of_energy,0,0,1,0,92,15,0,0,0,46,0.04494128395569642,0.4350864603082805,0.0,0.0,0.99,8,exponential
q_learning,sparse_seed3,sparse,3,4a77b6e251,1817,225,-11.250000000000025,-9.750000000000021,0.05,0.15,0,out_of_energy,0,0,1,0,93,31,0,0,0,40,0.0445757938381314,0.45364028976959553,0.0,0.0,0.99,8,exponential
q_learning,sparse_seed3,sparse,3,4a77b6e251,1818,225,-11.250000000000025,-9.750000000000021,0.05,0.15,0,out_of_energy,0,0,1,0,99,6,0,0,0,43,0.04162994020767639,0.3126706801284782,0.0,0.0,0.99,8,exponential
q_learning,sparse_seed3,sparse,3,4a77b6e251,1819,225,-11.250000000000025,-9.750000000000021,0.05,0.15,0,out_of_energy,0,0,1,0,85,10,0,0,0,48,0.04595694952768332,0.4922020626374602,0.0,0.0,0.99,8,exponential
q_learning,sparse_seed3,sparse,3,4a77b6e251,1820,225,-11.250000000000025,-9.750000000000021,0.05,0.15,0,out_of_energy,0,0,1,0,96,27,0,0,0,51,0.043236559272301085,0.4718567013325961,0.0,0.0,0.99,8,exponential
q_learning,sparse_seed3,sparse,3,4a77b6e251,1821,225,-1.2499999999999822,-9.65000000000002,0.05,0.15,0,out_of_energy,0,0,1,0,92,7,0,0,1,45,0.08166657321815708,2.3998456247943665,0.0,0.0,0.99,8,exponential
q_learning,sparse_seed3,sparse,3,4a77b6e251,1822,225,-11.250000000000025,-9.65000000000002,0.05,0.15,0,out_of_energy,0,0,1,0,87,13,0,0,0,47,0.04499681157565113,0.45752348618198374,0.0,0.0,0.99,8,exponential
q_learning,sparse_seed3,sparse,3,4a77b6e251,1823,225,-11.250000000000025,-9.65000000000002,0.05,0.15,0,out_of_energy,0,0,1,0,94,9,0,0,0,46,0.0457062086927781,0.4541106629493333,0.0,0.0,0.99,8,exponential
q_learning,sparse_seed3,sparse,3,4a77b6e251,1824,225,-11.250000000000025,-9.65000000000002,0.05,0.15,0,out_of_energy,0,0,1,0,89,26,0,0,0,46,0.045515649096547504,0.5206902803162491,0.0,0.0,0.99,8,exponential
q_learning,sparse_seed3,sparse,3,4a77b6e251,1825,225,-11.250000000000025,-9.750000000000021,0.05,0.15,0,out_of_energy,0,0,1,0,93,28,2,0,0,43,0.04667148915183935,0.6601406359415779,0.0,0.0,0.99,8,exponential
q_learning,sparse_seed3,sparse,3,4a77b6e251,1826,225,-11.250000000000025,-9.750000000000021,0.05,0.15,0,out_of_energy,0,0,1,0,91,18,0,0,0,59,0.045640497656542,0.5262231715600008,0.0,0.0,0.99,8,exponential
q_learning,sparse_seed3,sparse,3,4a77b6e251,1827,225,-11.250000000000025,-9.750000000000021,0.05,0.15,0,out_of_energy,0,0,1,0,102,26,0,0,0,55,0.04442616337803043,0.5032064876821448,0.0,0.0,0.99,8,exponential
q_learning,sparse_seed3,sparse,3,4a77b6e251,1828,225,-11.250000000000025,-9.750000000000021,0.05,0.15,0,out_of_energy,0,0,1,0,91,1,0,0,0,49,0.04353827981005515,0.5269603297603791,0.0,0.0,0.99,8,exponential
q_learning,sparse_seed3,sparse,3,4a77b6e251,1829,225,-11.250000000000025,-9.850000000000021,0.05,0.15,0,out_of_energy,0,0,1,0,96,30,0,0,0,49,0.04356338685698901,0.4412821628686414,0.0,0.0,0.99,8,exponential
q_learning,sparse_seed3,sparse,3,4a77b6e251,1830,225,-11.250000000000025,-9.850000000000021,0.05,0.15,0,out_of_energy,0,0,1,0,97,21,0,0,0,55,0.043089518947752876,0.413634782273865,0.0,0.0,0.99,8,exponential
q_learning,sparse_seed3,sparse,3,4a77b6e251,1831,225,-1.2500000000000042,-9.750000000000021,0.05,0.15,0,out_of_energy,0,0,1,0,96,10,0,0,1,45,0.1114588221500935,3.7217358140566694,0.0,0.0,0.99,8,exponential
q_learning,sparse_seed3,sparse,3,4a77b6e251,1832,225,-11.250000000000025,-9.750000000000021,0.05,0.15,0,out_of_energy,0,0,1,0,87,1,0,0,0,53,0.045788178302844026,0.41225328604447403,0.0,0.0,0.99,8,exponential
q_learning,sparse_seed3,sparse,3,4a77b6e251,1833,225,-11.250000000000025,-9.750000000000021,0.05,0.15,0,out_of_energy,0,0,1,0,99,19,0,0,0,41,0.04565446152163702,0.4798106816163145,0.0,0.0,0.99,8,exponential
q_learning,sparse_seed3,sparse,3,4a77b6e251,1834,225,-11.250000000000025,-9.750000000000021,0.05,0.15,0,out_of_energy,0,0,1,0,100,12,0,0,0,49,0.04633243307860484,0.5351113220312662,0.0,0.0,0.99,8,exponential
q_learning,sparse_seed3,sparse,3,4a77b6e251,1835,225,-11.250000000000025,-9.750000000000021,0.05,0.15,0,out_of_energy,0,0,1,0,87,15,0,0,0,47,0.04425935845223195,0.41465232075480657,0.0,0.0,0.99,8,exponential
q_learning,sparse_seed3,sparse,3,4a77b6e251,1836,225,-11.250000000000025,-9.850000000000021,0.05,0.15,0,out_of_energy,0,0,1,0,88,12,0,0,0,48,0.0432882722537265,0.4742591433920998,0.0,0.0,0.99,8,exponential
q_learning,sparse_seed3,sparse,3,4a77b6e251,1837,225,-11.250000000000025,-9.850000000000021,0.05,0.15,0,out_of_energy,0,0,1,0,89,10,1,0,0,41,0.04604720674628456,0.4907566857010906,0.0,0.0,0.99,8,exponential
q_learning,sparse_seed3,sparse,3,4a77b6e251,1838,225,-11.250000000000025,-9.850000000000021,0.05,0.15,0,out_of_energy,0,0,1,0,85,7,2,0,0,32,0.046045090966573055,0.4682415850780018,0.0,0.0,0.99,8,exponential
q_learning,sparse_seed3,sparse,3,4a77b6e251,1839,225,-11.250000000000025,-9.850000000000021,0.05,0.15,0,out_of_energy,0,0,1,0,103,9,0,0,0,42,0.0436289549005817,0.40655622866301705,0.0,0.0,0.99,8,exponential
q_learning,sparse_seed3,sparse,3,4a77b6e251,1840,225,-11.250000000000025,-9.850000000000021,0.05,0.15,0,out_of_energy,0,0,1,0,98,30,0,0,0,46,0.04541793500274999,0.5220718937068923,0.0,0.0,0.99,8,exponential
q_learning,sparse_seed3,sparse,3,4a77b6e251,1841,225,-11.250000000000025,-9.95000000000002,0.05,0.15,0,out_of_energy,0,0,1,0,90,25,0,0,0,61,0.04391807054958611,0.42208429983903073,0.0,0.0,0.99,8,exponential
q_learning,sparse_seed3,sparse,3,4a77b6e251,1842,225,-11.250000000000025,-9.950000000000022,0.05,0.15,0,out_of_energy,0,0,1,0,101,8,0,0,0,39,0.0461463686964393,0.43727647555112026,0.0,0.0,0.99,8,exponential
q_learning,sparse_seed3,sparse,3,4a77b6e251,1843,225,-11.250000000000025,-9.95000000000002,0.05,0.15,0,out_of_energy,0,0,1,0,88,25,2,0,0,36,0.04697577842503255,0.5288479654887814,0.0,0.0,0.99,8,exponential
q_learning,sparse_seed3,sparse,3,4a77b6e251,1844,225,-11.250000000000025,-9.950000000000022,0.05,0.15,0,out_of_energy,0,0,1,0,83,5,0,0,0,41,0.04678848582376792,0.6614942434707008,0.0,0.0,0.99,8,exponential
q_learning,sparse_seed3,sparse,3,4a77b6e251,1845,225,-11.250000000000025,-9.95000000000002,0.05,0.15,0,out_of_energy,0,0,1,0,100,16,1,0,0,55,0.04407734547021524,0.45654624720928777,0.0,0.0,0.99,8,exponential
q_learning,sparse_seed3,sparse,3,4a77b6e251,1846,225,-11.250000000000025,-9.950000000000022,0.05,0.15,0,out_of_energy,0,0,1,0,88,18,1,0,0,37,0.04293987769137797,0.4416606490040545,0.0,0.0,0.99,8,exponential
q_learning,sparse_seed3,sparse,3,4a77b6e251,1847,225,-11.250000000000025,-9.95000000000002,0.05,0.15,0,out_of_energy,0,0,1,0,130,12,0,0,0,40,0.044309451485989665,0.5265946623957442,0.0,0.0,0.99,8,exponential
q_learning,sparse_seed3,sparse,3,4a77b6e251,1848,225,-11.250000000000025,-9.950000000000022,0.05,0.15,0,out_of_energy,0,0,1,0,93,19,3,0,0,44,0.04673569686476499,0.62652511550367,0.0,0.0,0.99,8,exponential
q_learning,sparse_seed3,sparse,3,4a77b6e251,1849,225,-1.2500000000000078,-9.850000000000021,0.05,0.15,0,out_of_energy,0,0,1,0,93,32,0,0,1,39,0.0972478468831538,2.6945648030791203,0.0,0.0,0.99,8,exponential
q_learning,sparse_seed3,sparse,3,4a77b6e251,1850,225,-11.250000000000025,-9.850000000000021,0.05,0.15,0,out_of_energy,0,0,1,0,91,14,0,0,0,53,0.04435460500152296,0.5307055649895794,0.0,0.0,0.99,8,exponential
q_learning,sparse_seed3,sparse,3,4a77b6e251,1851,225,-1.2499999999999822,-9.750000000000021,0.05,0.15,0,out_of_energy,0,0,1,0,86,6,0,0,1,37,0.1363245962456082,4.095689621084312,0.0,0.0,0.99,8,exponential
q_learning,sparse_seed3,sparse,3,4a77b6e251,1852,225,-11.250000000000025,-9.750000000000021,0.05,0.15,0,out_of_energy,0,0,1,0,109,35,0,0,0,45,0.04549106240705488,0.5206053597731748,0.0,0.0,0.99,8,exponential
q_learning,sparse_seed3,sparse,3,4a77b6e251,1853,225,-11.250000000000025,-9.750000000000021,0.05,0.15,0,out_of_energy,0,0,1,0,94,23,7,0,0,50,0.04739876474414312,0.6988645942051537,0.0,0.0,0.99,8,exponential
q_learning,sparse_seed3,sparse,3,4a77b6e251,1854,225,-11.250000000000025,-9.750000000000021,0.05,0.15,0,out_of_energy,0,0,1,0,89,25,1,0,0,51,0.04793370585776771,0.6063711841256835,0.0,0.0,0.99,8,exponential
q_learning,sparse_seed3,sparse,3,4a77b6e251,1855,225,-11.250000000000025,-9.750000000000021,0.05,0.15,0,out_of_energy,0,0,1,0,84,1,2,0,0,35,0.047522729280476315,0.5954705486852233,0.0,0.0,0.99,8,exponential
q_learning,sparse_seed3,sparse,3,4a77b6e251,1856,225,-11.250000000000025,-9.750000000000021,0.05,0.15,0,out_of_energy,0,0,1,0,93,12,3,0,0,52,0.047393112822434455,0.6522833978742194,0.0,0.0,0.99,8,exponential
q_learning,sparse_seed3,sparse,3,4a77b6e251,1857,225,-11.250000000000025,-9.750000000000021,0.05,0.15,0,out_of_energy,0,0,1,0,100,6,0,0,0,41,0.04404051057696694,0.437166182773807,0.0,0.0,0.99,8,exponential
q_learning,sparse_seed3,sparse,3,4a77b6e251,1858,225,-11.250000000000025,-9.850000000000021,0.05,0.15,0,out_of_energy,0,0,1,0,98,23,0,0,0,48,0.04371874813406192,0.48213914644992023,0.0,0.0,0.99,8,exponential
q_learning,sparse_seed3,sparse,3,4a77b6e251,1859,225,-11.250000000000025,-9.850000000000021,0.05,0.15,0,out_of_energy,0,0,1,0,104,9,0,0,0,52,0.044648318605665115,0.4765772480362335,0.0,0.0,0.99,8,exponential
q_learning,sparse_seed3,sparse,3,4a77b6e251,1860,225,-11.250000000000025,-9.850000000000021,0.05,0.15,0,out_of_energy,0,0,1,0,103,7,0,0,0,41,0.043674337975925334,0.47457390445556286,0.0,0.0,0.99,8,exponential
q_learning,sparse_seed3,sparse,3,4a77b6e251,1861,225,-11.250000000000025,-9.950000000000022,0.05,0.15,0,out_of_energy,0,0,1,0,112,0,0,0,0,54,0.04451146155692985,0.49477233153416184,0.0,0.0,0.99,8,exponential
q_learning,sparse_seed3,sparse,3,4a77b6e251,1862,225,-11.250000000000025,-10.050000000000022,0.05,0.15,0,out_of_energy,0,0,1,0,98,16,0,0,0,42,0.04424187236993878,0.5288199242779906,0.0,0.0,0.99,8,exponential
q_learning,sparse_seed3,sparse,3,4a77b6e251,1863,225,-11.250000000000025,-10.050000000000022,0.05,0.15,0,out_of_energy,0,0,1,0,92,17,0,0,0,44,0.04248967848390074,0.3745021516262213,0.0,0.0,0.99,8,exponential
q_learning,sparse_seed3,sparse,3,4a77b6e251,1864,225,-11.250000000000025,-10.050000000000022,0.05,0.15,0,out_of_energy,0,0,1,0,97,6,0,0,0,43,0.044519224019862996,0.447206441190874,0.0,0.0,0.99,8,exponential
q_learning,sparse_seed3,sparse,3,4a77b6e251,1865,225,-11.250000000000025,-10.150000000000023,0.05,0.15,0,out_of_energy,0,0,1,0,91,19,0,0,0,50,0.04348331411661978,0.46949220241634765,0.0,0.0,0.99,8,exponential
q_learning,sparse_seed3,sparse,3,4a77b6e251,1866,225,-11.250000000000025,-10.150000000000023,0.05,0.15,0,out_of_energy,0,0,1,0,91,9,1,0,0,32,0.04444490976221478,0.4560448180008981,0.0,0.0,0.99,8,exponential
q_learning,sparse_seed3,sparse,3,4a77b6e251,1867,225,-11.250000000000025,-10.250000000000023,0.05,0.15,0,out_of_energy,0,0,1,0,89,28,3,0,0,41,0.04649352166215346,0.5227817143518064,0.0,0.0,0.99,8,exponential
q_learning,sparse_seed3,sparse,3,4a77b6e251,1868,225,-11.250000000000025,-10.250000000000023,0.05,0.15,0,out_of_energy,0,0,1,0,106,1,0,0,0,38,0.0420214850477857,0.15175781658049892,0.0,0.0,0.99,8,exponential
q_learning,sparse_seed3,sparse,3,4a77b6e251,1869,225,-11.250000000000025,-10.250000000000023,0.05,0.15,0,out_of_energy,0,0,1,0,92,21,4,0,0,42,0.045847971775964017,0.5626706571533853,0.0,0.0,0.99,8,exponential
q_learning,sparse_seed3,sparse,3,4a77b6e251,1870,225,-11.250000000000025,-10.250000000000023,0.05,0.15,0,out_of_energy,0,0,1,0,73,5,4,0,0,49,0.04618404881116037,0.48794570082951466,0.0,0.0,0.99,8,exponential
q_learning,sparse_seed3,sparse,3,4a77b6e251,1871,225,-11.250000000000025,-10.250000000000023,0.05,0.15,0,out_of_energy,0,0,1,0,87,9,0,0,0,42,0.04559954184916071,0.48656595538739517,0.0,0.0,0.99,8,exponential
q_learning,sparse_seed3,sparse,3,4a77b6e251,1872,225,-11.250000000000025,-10.250000000000023,0.05,0.15,0,out_of_energy,0,0,1,0,89,25,3,0,0,48,0.04619502538357109,0.6079706091180936,0.0,0.0,0.99,8,exponential
q_learning,sparse_seed3,sparse,3,4a77b6e251,1873,225,-11.250000000000025,-10.250000000000023,0.05,0.15,0,out_of_energy,0,0,1,0,77,10,0,0,0,45,0.04418399894326438,0.4637935398159215,0.0,0.0,0.99,8,exponential
q_learning,sparse_seed3,sparse,3,4a77b6e251,1874,225,-1.2500000000000098,-10.150000000000023,0.05,0.15,0,out_of_energy,0,0,1,0,101,13,0,0,1,45,0.11204312594913972,2.759826520361016,0.0,0.0,0.99,8,exponential
q_learning,sparse_seed3,sparse,3,4a77b6e251,1875,225,-1.2499999999999822,-10.050000000000022,0.05,0.15,0,out_of_energy,0,0,1,0,92,5,0,0,1,39,0.15416893228857664,4.52530210226749,0.0,0.0,0.99,8,exponential
q_learning,sparse_seed3,sparse,3,4a77b6e251,1876,225,-11.250000000000025,-10.050000000000022,0.05,0.15,0,out_of_energy,0,0,1,0,91,2,0,0,0,45,0.04290181360117957,0.4479565674865193,0.0,0.0,0.99,8,exponential
q_learning,sparse_seed3,sparse,3,4a77b6e251,1877,225,-1.2499999999999822,-9.950000000000022,0.05,0.15,0,out_of_energy,0,0,1,0,85,5,0,0,1,45,0.12329801864405307,4.036251038323071,0.0,0.0,0.99,8,exponential
q_learning,sparse_seed3,sparse,3,4a77b6e251,1878,225,-11.250000000000025,-9.950000000000022,0.05,0.15,0,out_of_energy,0,0,1,0,95,7,0,0,0,30,0.04287924091957336,0.43023865105514264,0.0,0.0,0.99,8,exponential
q_learning,sparse_seed3,sparse,3,4a77b6e251,1879,225,-11.250000000000025,-9.950000000000022,0.05,0.15,0,out_of_energy,0,0,1,0,98,6,0,0,0,37,0.04330820364680846,0.4898354049147328,0.0,0.0,0.99,8,exponential
q_learning,sparse_seed3,sparse,3,4a77b6e251,1880,225,-11.250000000000025,-9.950000000000022,0.05,0.15,0,out_of_energy,0,0,1,0,90,24,0,0,0,44,0.042876117014323825,0.4613193180101574,0.0,0.0,0.99,8,exponential
q_learning,sparse_seed3,sparse,3,4a77b6e251,1881,225,-1.2499999999999822,-9.850000000000021,0.05,0.15,0,out_of_energy,0,0,1,0,77,7,0,0,1,41,0.15124369575039454,6.713315360549472,0.0,0.0,0.99,8,exponential
q_learning,sparse_seed3,sparse,3,4a77b6e251,1882,225,-1.2499999999999822,-9.850000000000023,0.05,0.15,0,out_of_energy,0,0,1,0,87,7,0,0,1,48,0.12265127383804225,5.802624717796664,0.0,0.0,0.99,8,exponential
q_learning,sparse_seed3,sparse,3,4a77b6e251,1883,225,-11.250000000000025,-9.950000000000022,0.05,0.15,0,out_of_energy,0,0,1,0,91,21,0,0,0,45,0.04500936821846488,0.4918239750453048,0.0,0.0,0.99,8,exponential
q_learning,sparse_seed3,sparse,3,4a77b6e251,1884,225,-1.2499999999999822,-9.950000000000022,0.05,0.15,0,out_of_energy,0,0,1,0,91,10,0,0,1,45,0.16680558921113564,5.58733623945526,0.0,0.0,0.99,8,exponential
q_learning,sparse_seed3,sparse,3,4a77b6e251,1885,225,-1.2499999999999822,-9.850000000000023,0.05,0.15,0,out_of_energy,0,0,1,0,78,10,0,0,1,38,0.15435013398154815,9.137006721144104,0.0,0.0,0.99,8,exponential
q_learning,sparse_seed3,sparse,3,4a77b6e251,1886,225,-1.2499999999999822,-9.850000000000023,0.05,0.15,0,out_of_energy,0,0,1,0,93,3,0,0,1,52,0.12281915194764792,5.3821055083022085,0.0,0.0,0.99,8,exponential
q_learning,sparse_seed3,sparse,3,4a77b6e251,1887,225,-1.2499999999999822,-9.750000000000023,0.05,0.15,0,out_of_energy,0,0,1,0,77,6,0,0,1,38,0.10804641632529391,2.4780086849344594,0.0,0.0,0.99,8,exponential
q_learning,sparse_seed3,sparse,3,4a77b6e251,1888,225,-1.2499999999999885,-9.750000000000023,0.05,0.15,0,out_of_energy,0,0,1,0,85,7,0,0,1,41,0.11426588911028797,7.949486965401278,0.0,0.0,0.99,8,exponential
q_learning,sparse_seed3,sparse,3,4a77b6e251,1889,225,-11.250000000000025,-9.750000000000023,0.05,0.15,0,out_of_energy,0,0,1,0,107,0,0,0,0,43,0.043360233004694645,0.4964484774797336,0.0,0.0,0.99,8,exponential
q_learning,sparse_seed3,sparse,3,4a77b6e251,1890,225,-11.250000000000025,-9.750000000000021,0.05,0.15,0,out_of_energy,0,0,1,0,92,13,0,0,0,52,0.04328302603496473,0.49986751298039594,0.0,0.0,0.99,8,exponential
q_learning,sparse_seed3,sparse,3,4a77b6e251,1891,225,-1.2499999999999845,-9.65000000000002,0.05,0.15,0,out_of_energy,0,0,1,0,89,17,0,0,1,58,0.07980416676207437,2.0621145794322002,0.0,0.0,0.99,8,exponential
q_learning,sparse_seed3,sparse,3,4a77b6e251,1892,225,-1.2499999999999944,-9.55000000000002,0.05,0.15,0,out_of_energy,0,0,1,0,88,12,0,0,1,42,0.08394779612739718,2.145643843228897,0.0,0.0,0.99,8,exponential
q_learning,sparse_seed3,sparse,3,4a77b6e251,1893,225,-11.250000000000025,-9.550000000000022,0.05,0.15,0,out_of_energy,0,0,1,0,84,17,0,0,0,49,0.045257676610582984,0.6960128489033824,0.0,0.0,0.99,8,exponential
q_learning,sparse_seed3,sparse,3,4a77b6e251,1894,225,-1.2499999999999938,-9.45000000000002,0.05,0.15,0,out_of_energy,0,0,1,0,101,12,0,0,1,50,0.07987625819599235,2.08718730000267,0.0,0.0,0.99,8,exponential
q_learning,sparse_seed3,sparse,3,4a77b6e251,1895,225,-11.250000000000025,-9.45000000000002,0.05,0.15,0,out_of_energy,0,0,1,0,93,1,0,0,0,46,0.04454725621952515,0.4780452988921548,0.0,0.0,0.99,8,exponential
q_learning,sparse_seed3,sparse,3,4a77b6e251,1896,225,-11.250000000000025,-9.45000000000002,0.05,0.15,0,out_of_energy,0,0,1,0,95,4,0,0,0,47,0.04314988110759649,0.4936888000428293,0.0,0.0,0.99,8,exponential
q_learning,sparse_seed3,sparse,3,4a77b6e251,1897,225,-11.250000000000025,-9.45000000000002,0.05,0.15,0,out_of_energy,0,0,1,0,96,11,0,0,0,37,0.0449197178594238,0.496390748242112,0.0,0.0,0.99,8,exponential
q_learning,sparse_seed3,sparse,3,4a77b6e251,1898,225,-1.2499999999999822,-9.350000000000021,0.05,0.15,0,out_of_energy,0,0,1,0,86,18,0,0,1,34,0.11067860082052619,3.7292970955347995,0.0,0.0,0.99,8,exponential
q_learning,sparse_seed3,sparse,3,4a77b6e251,1899,225,-11.250000000000025,-9.350000000000021,0.05,0.15,0,out_of_energy,0,0,1,0,94,21,0,0,0,42,0.045881438634728704,0.5004799464822283,0.0,0.0,0.99,8,exponential
q_learning,sparse_seed3,sparse,3,4a77b6e251,1900,225,-11.250000000000025,-9.350000000000021,0.05,0.15,0,out_of_energy,0,0,1,0,96,13,0,0,0,46,0.043074736870696545,0.4964105570288689,0.0,0.0,0.99,8,exponential
q_learning,sparse_seed3,sparse,3,4a77b6e251,1901,225,-11.250000000000025,-9.35000000000002,0.05,0.15,0,out_of_energy,0,0,1,0,88,3,0,0,0,59,0.04329091348425433,0.477599402405322,0.0,0.0,0.99,8,exponential
q_learning,sparse_seed3,sparse,3,4a77b6e251,1902,225,-11.250000000000025,-9.35000000000002,0.05,0.15,0,out_of_energy,0,0,1,0,93,0,0,0,0,32,0.04652981616307874,0.4998121119632151,0.0,0.0,0.99,8,exponential
q_learning,sparse_seed3,sparse,3,4a77b6e251,1903,225,-11.250000000000025,-9.35000000000002,0.05,0.15,0,out_of_energy,0,0,1,0,89,15,0,0,0,53,0.043579084119993484,0.508745547668018,0.0,0.0,0.99,8,exponential
q_learning,sparse_seed3,sparse,3,4a77b6e251,1904,225,-11.250000000000025,-9.450000000000019,0.05,0.15,0,out_of_energy,0,0,1,0,93,13,0,0,0,52,0.04332937327201449,0.4237265201743947,0.0,0.0,0.99,8,exponential
q_learning,sparse_seed3,sparse,3,4a77b6e251,1905,225,-11.250000000000025,-9.450000000000019,0.05,0.15,0,out_of_energy,0,0,1,0,117,7,0,0,0,53,0.04424132751563491,0.4768868205453905,0.0,0.0,0.99,8,exponential
q_learning,sparse_seed3,sparse,3,4a77b6e251,1906,225,-11.250000000000025,-9.450000000000019,0.05,0.15,0,out_of_energy,0,0,1,0,87,16,0,0,0,48,0.043146272426194246,0.4167471075722479,0.0,0.0,0.99,8,exponential
q_learning,sparse_seed3,sparse,3,4a77b6e251,1907,225,-11.250000000000025,-9.450000000000019,0.05,0.15,0,out_of_energy,0,0,1,0,90,12,0,0,0,45,0.04461174386566032,0.47975350092512087,0.0,0.0,0.99,8,exponential
q_learning,sparse_seed3,sparse,3,4a77b6e251,1908,225,-11.250000000000025,-9.450000000000019,0.05,0.15,0,out_of_energy,0,0,1,0,103,22,1,0,0,48,0.04296008409586099,0.5076537237004308,0.0,0.0,0.99,8,exponential
q_learning,sparse_seed3,sparse,3,4a77b6e251,1909,225,-11.250000000000025,-9.450000000000019,0.05,0.15,0,out_of_energy,0,0,1,0,109,28,0,0,0,46,0.044760220793212596,0.5085531524922478,0.0,0.0,0.99,8,exponential
q_learning,sparse_seed3,sparse,3,4a77b6e251,1910,225,-11.250000000000025,-9.450000000000019,0.05,0.15,0,out_of_energy,0,0,1,0,80,12,1,0,0,36,0.04466269135477575,0.4909766720025049,0.0,0.0,0.99,8,exponential
q_learning,sparse_seed3,sparse,3,4a77b6e251,1911,225,-11.250000000000025,-9.450000000000019,0.05,0.15,0,out_of_energy,0,0,1,0,72,7,0,0,0,54,0.0440434704941697,0.4727214466537009,0.0,0.0,0.99,8,exponential
q_learning,sparse_seed3,sparse,3,4a77b6e251,1912,225,-11.250000000000025,-9.450000000000019,0.05,0.15,0,out_of_energy,0,0,1,0,98,16,0,0,0,44,0.04333497230885219,0.4619274158639269,0.0,0.0,0.99,8,exponential
q_learning,sparse_seed3,sparse,3,4a77b6e251,1913,225,-11.250000000000025,-9.450000000000019,0.05,0.15,0,out_of_energy,0,0,1,0,79,15,0,0,0,53,0.04684391220980773,0.5441500472472192,0.0,0.0,0.99,8,exponential
q_learning,sparse_seed3,sparse,3,4a77b6e251,1914,225,-11.250000000000025,-9.450000000000019,0.05,0.15,0,out_of_energy,0,0,1,0,99,36,0,0,0,44,0.045605599990736656,0.525909335705853,0.0,0.0,0.99,8,exponential
q_learning,sparse_seed3,sparse,3,4a77b6e251,1915,225,-11.250000000000025,-9.450000000000019,0.05,0.15,0,out_of_energy,0,0,1,0,76,12,0,0,0,39,0.043915874174711565,0.44838040024014486,0.0,0.0,0.99,8,exponential
q_learning,sparse_seed3,sparse,3,4a77b6e251,1916,225,-11.250000000000025,-9.450000000000019,0.05,0.15,0,out_of_energy,0,0,1,0,84,33,1,0,0,38,0.04590725210111899,0.5450553083501497,0.0,0.0,0.99,8,exponential
q_learning,sparse_seed3,sparse,3,4a77b6e251,1917,225,-11.250000000000025,-9.450000000000019,0.05,0.15,0,out_of_energy,0,0,1,0,83,0,0,0,0,53,0.043593906424073715,0.5082340437929788,0.0,0.0,0.99,8,exponential
q_learning,sparse_seed3,sparse,3,4a77b6e251,1918,225,-1.2499999999999818,-9.35000000000002,0.05,0.15,0,out_of_energy,0,0,1,0,97,22,0,0,1,38,0.11587793135216319,8.309346979497604,0.0,0.0,0.99,8,exponential
q_learning,sparse_seed3,sparse,3,4a77b6e251,1919,225,-1.2500000000000084,-9.25000000000002,0.05,0.15,0,out_of_energy,0,0,1,0,106,5,0,0,1,47,0.08328118567781356,2.0593156529984133,0.0,0.0,0.99,8,exponential
q_learning,sparse_seed3,sparse,3,4a77b6e251,1920,225,-11.250000000000025,-9.25000000000002,0.05,0.15,0,out_of_energy,0,0,1,0,96,13,0,0,0,43,0.044138787547455406,0.47638890341994583,0.0,0.0,0.99,8,exponential
q_learning,sparse_seed3,sparse,3,4a77b6e251,1921,225,-1.2499999999999838,-9.25000000000002,0.05,0.15,0,out_of_energy,0,0,1,0,97,19,0,0,1,39,0.08073183163030724,1.9787407998070252,0.0,0.0,0.99,8,exponential
q_learning,sparse_seed3,sparse,3,4a77b6e251,1922,225,-1.2499999999999822,-9.15000000000002,0.05,0.15,0,out_of_energy,0,0,1,0,87,5,0,0,1,45,0.1134860309576568,3.595788603282479,0.0,0.0,0.99,8,exponential
q_learning,sparse_seed3,sparse,3,4a77b6e251,1923,225,-11.250000000000025,-9.15000000000002,0.05,0.15,0,out_of_energy,0,0,1,0,88,0,0,0,0,47,0.04304643597066044,0.4828568309810856,0.0,0.0,0.99,8,exponential
q_learning,sparse_seed3,sparse,3,4a77b6e251,1924,225,-11.250000000000025,-9.150000000000018,0.05,0.15,0,out_of_energy,0,0,1,0,81,1,0,0,0,46,0.04428365447782491,0.4929399800677193,0.0,0.0,0.99,8,exponential
q_learning,sparse_seed3,sparse,3,4a77b6e251,1925,225,-1.2499999999999822,-9.050000000000018,0.05,0.15,0,out_of_energy,0,0,1,0,91,10,0,0,1,48,0.1284586566826391,4.734534582482284,0.0,0.0,0.99,8,exponential
q_learning,sparse_seed3,sparse,3,4a77b6e251,1926,225,-1.2499999999999822,-8.950000000000019,0.05,0.15,0,out_of_energy,0,0,1,0,78,9,0,0,1,37,0.12558256819145386,2.5857797347250058,0.0,0.0,0.99,8,exponential
q_learning,sparse_seed3,sparse,3,4a77b6e251,1927,225,-1.2499999999999822,-8.850000000000017,0.05,0.15,0,out_of_energy,0,0,1,0,87,4,0,0,1,51,0.09774034686114376,2.515039191418051,0.0,0.0,0.99,8,exponential
q_learning,sparse_seed3,sparse,3,4a77b6e251,1928,225,-1.2499999999999822,-8.750000000000018,0.05,0.15,0,out_of_energy,0,0,1,0,77,15,0,0,1,50,0.14235246785599975,6.037697700304621,0.0,0.0,0.99,8,exponential
q_learning,sparse_seed3,sparse,3,4a77b6e251,1929,225,-1.2499999999999822,-8.650000000000018,0.05,0.15,0,out_of_energy,0,0,1,0,91,16,0,0,1,41,0.10475812959156144,2.5235287898212704,0.0,0.0,0.99,8,exponential
q_learning,sparse_seed3,sparse,3,4a77b6e251,1930,225,-1.2499999999999822,-8.550000000000017,0.05,0.15,0,out_of_energy,0,0,1,0,97,3,0,0,1,49,0.09651586392945194,2.6698651791771484,0.0,0.0,0.99,8,exponential
q_learning,sparse_seed3,sparse,3,4a77b6e251,1931,225,-1.2499999999999822,-8.550000000000018,0.05,0.15,0,out_of_energy,0,0,1,0,82,17,0,0,1,43,0.09362487082565107,2.6588866859154914,0.0,0.0,0.99,8,exponential
q_learning,sparse_seed3,sparse,3,4a77b6e251,1932,225,-1.2499999999999822,-8.450000000000015,0.05,0.15,0,out_of_energy,0,0,1,0,90,13,0,0,1,47,0.09314147056697263,2.5054969893283614,0.0,0.0,0.99,8,exponential
q_learning,sparse_seed3,sparse,3,4a77b6e251,1933,225,-11.250000000000025,-8.450000000000015,0.05,0.15,0,out_of_energy,0,0,1,0,103,11,0,0,0,46,0.042868944428665914,0.4605149749800182,0.0,0.0,0.99,8,exponential
q_learning,sparse_seed3,sparse,3,4a77b6e251,1934,225,-1.2499999999999822,-8.350000000000016,0.05,0.15,0,out_of_energy,0,0,1,0,90,14,0,0,1,40,0.123975875855894,4.297617915969056,0.0,0.0,0.99,8,exponential
q_learning,sparse_seed3,sparse,3,4a77b6e251,1935,225,-11.250000000000025,-8.350000000000016,0.05,0.15,0,out_of_energy,0,0,1,0,101,26,0,0,0,46,0.042261367983400265,0.4299069215966474,0.0,0.0,0.99,8,exponential
q_learning,sparse_seed3,sparse,3,4a77b6e251,1936,225,-1.2499999999999822,-8.250000000000014,0.05,0.15,0,out_of_energy,0,0,1,0,110,7,0,0,1,45,0.08347660276846121,1.9073907673857384,0.0,0.0,0.99,8,exponential
q_learning,sparse_seed3,sparse,3,4a77b6e251,1937,225,-1.2499999999999822,-8.150000000000015,0.05,0.15,0,out_of_energy,0,0,1,0,76,17,0,0,1,47,0.1362847373086034,9.307618572278097,0.0,0.0,0.99,8,exponential
q_learning,sparse_seed3,sparse,3,4a77b6e251,1938,225,-1.2499999999999822,-8.050000000000015,0.05,0.15,0,out_of_energy,0,0,1,0,84,11,0,0,1,46,0.09770030510552409,2.670663044965031,0.0,0.0,0.99,8,exponential
q_learning,sparse_seed3,sparse,3,4a77b6e251,1939,225,-1.2499999999999822,-7.9500000000000135,0.05,0.15,0,out_of_energy,0,0,1,0,89,9,0,0,1,39,0.1034274665228627,2.441905247343863,0.0,0.0,0.99,8,exponential
q_learning,sparse_seed3,sparse,3,4a77b6e251,1940,225,-1.2499999999999822,-7.850000000000014,0.05,0.15,0,out_of_energy,0,0,1,0,85,3,0,0,1,48,0.09883716057877767,2.604727330684077,0.0,0.0,0.99,8,exponential
q_learning,sparse_seed3,sparse,3,4a77b6e251,1941,225,-1.2499999999999822,-7.750000000000013,0.05,0.15,0,out_of_energy,0,0,1,0,92,21,0,0,1,43,0.1135642579597369,2.425301152232377,0.0,0.0,0.99,8,exponential
q_learning,sparse_seed3,sparse,3,4a77b6e251,1942,225,-11.250000000000025,-7.750000000000013,0.05,0.15,0,out_of_energy,0,0,1,0,99,6,0,0,0,35,0.04373075491738123,0.49993942325542345,0.0,0.0,0.99,8,exponential
q_learning,sparse_seed3,sparse,3,4a77b6e251,1943,225,-11.250000000000025,-7.750000000000013,0.05,0.15,0,out_of_energy,0,0,1,0,99,24,1,0,0,68,0.043877638704341373,0.4814557480000981,0.0,0.0,0.99,8,exponential
q_learning,sparse_seed3,sparse,3,4a77b6e251,1944,225,-11.250000000000025,-7.750000000000012,0.05,0.15,0,out_of_energy,0,0,1,0,87,11,2,0,0,41,0.04672636835828931,0.6588540720291848,0.0,0.0,0.99,8,exponential
q_learning,sparse_seed3,sparse,3,4a77b6e251,1945,225,-11.250000000000025,-7.7500000000000115,0.05,0.15,0,out_of_energy,0,0,1,0,91,10,0,0,0,46,0.0426327238530832,0.36422953959473153,0.0,0.0,0.99,8,exponential
q_learning,sparse_seed3,sparse,3,4a77b6e251,1946,225,-1.2499999999999822,-7.650000000000013,0.05,0.15,0,out_of_energy,0,0,1,0,79,4,0,0,1,42,0.11145799732731729,4.02786809649818,0.0,0.0,0.99,8,exponential
q_learning,sparse_seed3,sparse,3,4a77b6e251,1947,225,-1.2499999999999822,-7.550000000000012,0.05,0.15,0,out_of_energy,0,0,1,0,89,8,0,0,1,34,0.09573654766978627,2.648707020147941,0.0,0.0,0.99,8,exponential
q_learning,sparse_seed3,sparse,3,4a77b6e251,1948,225,-11.250000000000025,-7.550000000000011,0.05,0.15,0,out_of_energy,0,0,1,0,87,2,0,0,0,32,0.047163565082023316,0.6111038894755416,0.0,0.0,0.99,8,exponential
q_learning,sparse_seed3,sparse,3,4a77b6e251,1949,225,-11.250000000000025,-7.650000000000011,0.05,0.15,0,out_of_energy,0,0,1,0,106,9,3,0,0,44,0.046446442882277714,0.6308336332862113,0.0,0.0,0.99,8,exponential
q_learning,sparse_seed3,sparse,3,4a77b6e251,1950,225,-11.250000000000025,-7.650000000000013,0.05,0.15,0,out_of_energy,0,0,1,0,98,2,0,0,0,46,0.04557260358064509,0.6094398377246286,0.0,0.0,0.99,8,exponential
q_learning,sparse_seed3,sparse,3,4a77b6e251,1951,225,-11.250000000000025,-7.7500000000000115,0.05,0.15,0,out_of_energy,0,0,1,0,94,30,0,0,0,51,0.04712652378875256,0.5242289788122592,0.0,0.0,0.99,8,exponential
q_learning,sparse_seed3,sparse,3,4a77b6e251,1952,225,-11.250000000000025,-7.7500000000000115,0.05,0.15,0,out_of_energy,0,0,1,0,96,20,1,0,0,42,0.04548959018721812,0.5132611342804829,0.0,0.0,0.99,8,exponential
q_learning,sparse_seed3,sparse,3,4a77b6e251,1953,225,-11.250000000000025,-7.7500000000000115,0.05,0.15,0,out_of_energy,0,0,1,0,87,13,5,0,0,63,0.044525129645251585,0.5012744732880324,0.0,0.0,0.99,8,exponential
q_learning,sparse_seed3,sparse,3,4a77b6e251,1954,225,-11.250000000000025,-7.750000000000012,0.05,0.15,0,out_of_energy,0,0,1,0,97,13,0,0,0,35,0.04175777567951142,0.3095951086555218,0.0,0.0,0.99,8,exponential
q_learning,sparse_seed3,sparse,3,4a77b6e251,1955,225,-11.250000000000025,-7.7500000000000115,0.05,0.15,0,out_of_energy,0,0,1,0,82,15,0,0,0,54,0.043655065425810324,0.47303837551400846,0.0,0.0,0.99,8,exponential
q_learning,sparse_seed3,sparse,3,4a77b6e251,1956,225,-11.250000000000025,-7.7500000000000115,0.05,0.15,0,out_of_energy,0,0,1,0,102,17,0,0,0,49,0.04461175114866805,0.49508556463322,0.0,0.0,0.99,8,exponential
q_learning,sparse_seed3,sparse,3,4a77b6e251,1957,225,-11.250000000000025,-7.7500000000000115,0.05,0.15,0,out_of_energy,0,0,1,0,115,13,0,0,0,40,0.04315989906576634,0.45496541993241163,0.0,0.0,0.99,8,exponential
q_learning,sparse_seed3,sparse,3,4a77b6e251,1958,225,-11.250000000000025,-7.7500000000000115,0.05,0.15,0,out_of_energy,0,0,1,0,97,5,0,0,0,48,0.044317718762923404,0.48965786461589506,0.0,0.0,0.99,8,exponential
q_learning,sparse_seed3,sparse,3,4a77b6e251,1959,225,-11.250000000000025,-7.7500000000000115,0.05,0.15,0,out_of_energy,0,0,1,0,86,18,0,0,0,53,0.04275388233847131,0.49119571075581875,0.0,0.0,0.99,8,exponential
q_learning,sparse_seed3,sparse,3,4a77b6e251,1960,225,-1.2499999999999822,-7.650000000000011,0.05,0.15,0,out_of_energy,0,0,1,0,78,3,0,0,1,42,0.12719162604010278,6.211508119948556,0.0,0.0,0.99,8,exponential
q_learning,sparse_seed3,sparse,3,4a77b6e251,1961,225,-11.250000000000025,-7.650000000000011,0.05,0.15,0,out_of_energy,0,0,1,0,78,15,1,0,0,37,0.04363310081933846,0.44853283000800725,0.0,0.0,0.99,8,exponential
q_learning,sparse_seed3,sparse,3,4a77b6e251,1962,225,-11.250000000000025,-7.650000000000011,0.05,0.15,0,out_of_energy,0,0,1,0,102,27,0,0,0,49,0.04268169794557751,0.4020826191869072,0.0,0.0,0.99,8,exponential
q_learning,sparse_seed3,sparse,3,4a77b6e251,1963,225,-1.2500000000000155,-7.550000000000011,0.05,0.15,0,out_of_energy,0,0,1,0,95,14,0,0,1,42,0.08090153520050125,2.861553639289859,0.0,0.0,0.99,8,exponential
q_learning,sparse_seed3,sparse,3,4a77b6e251,1964,225,-11.250000000000025,-7.550000000000011,0.05,0.15,0,out_of_energy,0,0,1,0,109,1,0,0,0,40,0.0426368469835409,0.5077181864383024,0.0,0.0,0.99,8,exponential
q_learning,sparse_seed3,sparse,3,4a77b6e251,1965,225,-1.2499999999999822,-7.450000000000012,0.05,0.15,0,out_of_energy,0,0,1,0,84,17,0,0,1,53,0.11728531098174279,2.713781314332535,0.0,0.0,0.99,8,exponential
q_learning,sparse_seed3,sparse,3,4a77b6e251,1966,225,-11.250000000000025,-7.450000000000012,0.05,0.15,0,out_of_energy,0,0,1,0,92,5,0,0,0,49,0.04304573104856786,0.47909881194241905,0.0,0.0,0.99,8,exponential
q_learning,sparse_seed3,sparse,3,4a77b6e251,1967,225,-11.250000000000025,-7.450000000000012,0.05,0.15,0,out_of_energy,0,0,1,0,111,10,0,0,0,37,0.042922643222240174,0.49193554534602196,0.0,0.0,0.99,8,exponential
q_learning,sparse_seed3,sparse,3,4a77b6e251,1968,225,-11.250000000000025,-7.450000000000012,0.05,0.15,0,out_of_energy,0,0,1,0,98,1,0,0,0,47,0.04452478592557278,0.3730154633179064,0.0,0.0,0.99,8,exponential
q_learning,sparse_seed3,sparse,3,4a77b6e251,1969,225,-1.2499999999999822,-7.350000000000011,0.05,0.15,0,out_of_energy,0,0,1,0,97,23,0,0,1,47,0.09815513561962114,2.790440994310943,0.0,0.0,0.99,8,exponential
q_learning,sparse_seed3,sparse,3,4a77b6e251,1970,225,-1.2500000000000062,-7.2500000000000115,0.05,0.15,0,out_of_energy,0,0,1,0,105,5,0,0,1,50,0.12064152689366921,7.424618262982503,0.0,0.0,0.99,8,exponential
q_learning,sparse_seed3,sparse,3,4a77b6e251,1971,225,-1.2500000000000113,-7.150000000000011,0.05,0.15,0,out_of_energy,0,0,1,0,84,6,0,0,1,54,0.09819520766422107,2.7025987585178335,0.0,0.0,0.99,8,exponential
q_learning,sparse_seed3,sparse,3,4a77b6e251,1972,225,-11.250000000000025,-7.15000000000001,0.05,0.15,0,out_of_energy,0,0,1,0,90,23,0,0,0,50,0.043457716173863334,0.48276045499043,0.0,0.0,0.99,8,exponential
q_learning,sparse_seed3,sparse,3,4a77b6e251,1973,225,-1.2499999999999822,-7.050000000000011,0.05,0.15,0,out_of_energy,0,0,1,0,80,3,0,0,1,47,0.10408100809498162,2.719324432624086,0.0,0.0,0.99,8,exponential
q_learning,sparse_seed3,sparse,3,4a77b6e251,1974,225,-11.250000000000025,-7.150000000000011,0.05,0.15,0,out_of_energy,0,0,1,0,106,6,0,0,0,42,0.0421163986102844,0.397236741297014,0.0,0.0,0.99,8,exponential
q_learning,sparse_seed3,sparse,3,4a77b6e251,1975,225,-11.250000000000025,-7.2500000000000115,0.05,0.15,0,out_of_energy,0,0,1,0,104,12,0,0,0,46,0.04371354006526614,0.4820073875300713,0.0,0.0,0.99,8,exponential
q_learning,sparse_seed3,sparse,3,4a77b6e251,1976,225,-11.250000000000025,-7.250000000000011,0.05,0.15,0,out_of_energy,0,0,1,0,102,23,0,0,0,41,0.04559757052545531,0.4632973685205999,0.0,0.0,0.99,8,exponential
q_learning,sparse_seed3,sparse,3,4a77b6e251,1977,225,-11.250000000000025,-7.350000000000011,0.05,0.15,0,out_of_energy,0,0,1,0,98,36,0,0,0,32,0.04506938720734465,0.5018122555068097,0.0,0.0,0.99,8,exponential
q_learning,sparse_seed3,sparse,3,4a77b6e251,1978,225,-1.2499999999999822,-7.2500000000000115,0.05,0.15,0,out_of_energy,0,0,1,0,68,18,0,0,1,36,0.11733844896336001,6.249701166014906,0.0,0.0,0.99,8,exponential
q_learning,sparse_seed3,sparse,3,4a77b6e251,1979,225,-1.2499999999999822,-7.150000000000011,0.05,0.15,0,out_of_energy,0,0,1,0,85,9,0,0,1,49,0.08704360788326126,2.584360456737577,0.0,0.0,0.99,8,exponential
q_learning,sparse_seed3,sparse,3,4a77b6e251,1980,225,-11.250000000000025,-7.15000000000001,0.05,0.15,0,out_of_energy,0,0,1,0,115,5,0,0,0,52,0.04499561520557608,0.549489324863808,0.0,0.0,0.99,8,exponential
q_learning,sparse_seed3,sparse,3,4a77b6e251,1981,225,-1.2499999999999822,-7.150000000000011,0.05,0.15,0,out_of_energy,0,0,1,0,94,27,0,0,1,42,0.0879057268415136,1.8745350406363155,0.0,0.0,0.99,8,exponential
q_learning,sparse_seed3,sparse,3,4a77b6e251,1982,225,-11.250000000000025,-7.2500000000000115,0.05,0.15,0,out_of_energy,0,0,1,0,95,32,0,0,0,49,0.04344112907701865,0.531465692039566,0.0,0.0,0.99,8,exponential
q_learning,sparse_seed3,sparse,3,4a77b6e251,1983,225,-1.2499999999999822,-7.150000000000011,0.05,0.15,0,out_of_energy,0,0,1,0,101,12,0,0,1,56,0.0811836114407207,2.2965015248500036,0.0,0.0,0.99,8,exponential
q_learning,sparse_seed3,sparse,3,4a77b6e251,1984,225,-1.2499999999999958,-7.15000000000001,0.05,0.15,0,out_of_energy,0,0,1,0,80,12,0,0,1,49,0.09433145337634039,3.1289816585529624,0.0,0.0,0.99,8,exponential
q_learning,sparse_seed3,sparse,3,4a77b6e251,1985,225,-11.250000000000025,-7.2500000000000115,0.05,0.15,0,out_of_energy,0,0,1,0,112,11,0,0,0,43,0.04465707898592366,0.5042840810817365,0.0,0.0,0.99,8,exponential
q_learning,sparse_seed3,sparse,3,4a77b6e251,1986,225,-11.250000000000025,-7.350000000000011,0.05,0.15,0,out_of_energy,0,0,1,0,96,4,0,0,0,42,0.04371344513841691,0.49292926633660644,0.0,0.0,0.99,8,exponential
q_learning,sparse_seed3,sparse,3,4a77b6e251,1987,225,-11.250000000000025,-7.450000000000012,0.05,0.15,0,out_of_energy,0,0,1,0,94,9,1,0,0,44,0.04414992556136819,0.5155844126173569,0.0,0.0,0.99,8,exponential
q_learning,sparse_seed3,sparse,3,4a77b6e251,1988,225,-1.2499999999999822,-7.450000000000012,0.05,0.15,0,out_of_energy,0,0,1,0,85,13,0,0,1,51,0.09984975031389041,2.42258182456981,0.0,0.0,0.99,8,exponential
q_learning,sparse_seed3,sparse,3,4a77b6e251,1989,225,-11.250000000000025,-7.450000000000012,0.05,0.15,0,out_of_energy,0,0,1,0,83,23,0,0,0,39,0.04397983360382975,0.5278641730948583,0.0,0.0,0.99,8,exponential
q_learning,sparse_seed3,sparse,3,4a77b6e251,1990,225,-11.250000000000025,-7.450000000000012,0.05,0.15,0,out_of_energy,0,0,1,0,85,3,3,0,0,40,0.043679831334197575,0.455406937442206,0.0,0.0,0.99,8,exponential
q_learning,sparse_seed3,sparse,3,4a77b6e251,1991,225,-11.250000000000025,-7.550000000000011,0.05,0.15,0,out_of_energy,0,0,1,0,95,22,0,0,0,43,0.04272387558021583,0.3844390683234518,0.0,0.0,0.99,8,exponential
q_learning,sparse_seed3,sparse,3,4a77b6e251,1992,225,-11.250000000000025,-7.650000000000011,0.05,0.15,0,out_of_energy,0,0,1,0,82,29,0,0,0,49,0.04357359335675011,0.5058108556604216,0.0,0.0,0.99,8,exponential
q_learning,sparse_seed3,sparse,3,4a77b6e251,1993,225,-11.250000000000025,-7.650000000000011,0.05,0.15,0,out_of_energy,0,0,1,0,94,5,0,0,0,45,0.0444539745328926,0.4964104286508884,0.0,0.0,0.99,8,exponential
q_learning,sparse_seed3,sparse,3,4a77b6e251,1994,225,-11.250000000000025,-7.7500000000000115,0.05,0.15,0,out_of_energy,0,0,1,0,83,15,0,0,0,49,0.04475704405843728,0.4512992752899246,0.0,0.0,0.99,8,exponential
q_learning,sparse_seed3,sparse,3,4a77b6e251,1995,225,-1.2499999999999818,-7.650000000000011,0.05,0.15,0,out_of_energy,0,0,1,0,93,9,0,0,1,34,0.08508659232069929,1.8735317679191064,0.0,0.0,0.99,8,exponential
q_learning,sparse_seed3,sparse,3,4a77b6e251,1996,225,-11.250000000000025,-7.650000000000011,0.05,0.15,0,out_of_energy,0,0,1,0,91,0,2,0,0,41,0.047653939138897546,0.6691118071658209,0.0,0.0,0.99,8,exponential
q_learning,sparse_seed3,sparse,3,4a77b6e251,1997,225,-11.250000000000025,-7.650000000000011,0.05,0.15,0,out_of_energy,0,0,1,0,93,10,0,0,0,38,0.04666065655400756,0.6559422691805354,0.0,0.0,0.99,8,exponential
q_learning,sparse_seed3,sparse,3,4a77b6e251,1998,225,-11.250000000000025,-7.750000000000012,0.05,0.15,0,out_of_energy,0,0,1,0,101,15,0,0,0,49,0.04200904102723351,0.42494299572380245,0.0,0.0,0.99,8,exponential
q_learning,sparse_seed3,sparse,3,4a77b6e251,1999,225,-11.250000000000025,-7.7500000000000115,0.05,0.15,0,out_of_energy,0,0,1,0,103,52,1,0,0,50,0.04608860882956061,0.6531996242927376,0.0,0.0,0.99,8,exponential
q_learning,sparse_seed3,sparse,3,4a77b6e251,2000,225,-11.250000000000025,-7.7500000000000115,0.05,0.15,0,out_of_energy,0,0,1,0,82,11,0,0,0,50,0.04551885838645475,0.4864926359254296,0.0,0.0,0.99,8,exponential
q_learning,sparse_seed3,sparse,3,4a77b6e251,2001,225,-11.250000000000025,-7.7500000000000115,0.05,0.15,0,out_of_energy,0,0,1,0,109,8,0,0,0,46,0.04297226032118823,0.45655986415428973,0.0,0.0,0.99,8,exponential
q_learning,sparse_seed3,sparse,3,4a77b6e251,2002,225,-11.250000000000025,-7.7500000000000115,0.05,0.15,0,out_of_energy,0,0,1,0,106,14,0,0,0,37,0.041962275053040815,0.38105177093100306,0.0,0.0,0.99,8,exponential
q_learning,sparse_seed3,sparse,3,4a77b6e251,2003,225,-11.250000000000025,-7.7500000000000115,0.05,0.15,0,out_of_energy,0,0,1,0,93,5,9,0,0,44,0.04479895337724639,0.5258552740789172,0.0,0.0,0.99,8,exponential
q_learning,sparse_seed3,sparse,3,4a77b6e251,2004,225,-11.250000000000025,-7.7500000000000115,0.05,0.15,0,out_of_energy,0,0,1,0,89,4,0,0,0,47,0.04473179907029111,0.5129023692500646,0.0,0.0,0.99,8,exponential
q_learning,sparse_seed3,sparse,3,4a77b6e251,2005,225,-11.250000000000025,-7.7500000000000115,0.05,0.15,0,out_of_energy,0,0,1,0,103,8,0,0,0,45,0.04477763067199643,0.4930255991440983,0.0,0.0,0.99,8,exponential
q_learning,sparse_seed3,sparse,3,4a77b6e251,2006,225,-11.250000000000025,-7.7500000000000115,0.05,0.15,0,out_of_energy,0,0,1,0,101,11,0,0,0,45,0.042679492596332004,0.49850577336520235,0.0,0.0,0.99,8,exponential
q_learning,sparse_seed3,sparse,3,4a77b6e251,2007,225,-11.250000000000025,-7.7500000000000115,0.05,0.15,0,out_of_energy,0,0,1,0,84,2,0,0,0,37,0.04747570069496231,0.5950840641630057,0.0,0.0,0.99,8,exponential
q_learning,sparse_seed3,sparse,3,4a77b6e251,2008,225,-1.2499999999999822,-7.650000000000011,0.05,0.15,0,out_of_energy,0,0,1,0,101,6,0,0,1,58,0.12985429789381134,7.871971831568113,0.0,0.0,0.99,8,exponential
q_learning,sparse_seed3,sparse,3,4a77b6e251,2009,225,-11.250000000000025,-7.650000000000011,0.05,0.15,0,out_of_energy,0,0,1,0,100,8,0,0,0,44,0.04151964038658619,0.4933933706146055,0.0,0.0,0.99,8,exponential
q_learning,sparse_seed3,sparse,3,4a77b6e251,2010,225,-11.250000000000025,-7.650000000000011,0.05,0.15,0,out_of_energy,0,0,1,0,104,18,0,0,0,41,0.04267494298468504,0.5021632016313834,0.0,0.0,0.99,8,exponential
q_learning,sparse_seed3,sparse,3,4a77b6e251,2011,225,-1.2499999999999822,-7.550000000000011,0.05,0.15,0,out_of_energy,0,0,1,0,78,6,0,0,1,41,0.09632922863052519,2.5081199143789314,0.0,0.0,0.99,8,exponential
q_learning,sparse_seed3,sparse,3,4a77b6e251,2012,225,-1.2499999999999822,-7.450000000000012,0.05,0.15,0,out_of_energy,0,0,1,0,99,16,0,0,1,41,0.11444631162284644,4.964523146303222,0.0,0.0,0.99,8,exponential
q_learning,sparse_seed3,sparse,3,4a77b6e251,2013,225,-1.2500000000000013,-7.350000000000011,0.05,0.15,0,out_of_energy,0,0,1,0,93,10,0,0,1,49,0.08837893466408998,1.8108731668819273,0.0,0.0,0.99,8,exponential
q_learning,sparse_seed3,sparse,3,4a77b6e251,2014,225,-1.2499999999999822,-7.2500000000000115,0.05,0.15,0,out_of_energy,0,0,1,0,80,15,0,0,1,45,0.1364722852874988,5.367111976289941,0.0,0.0,0.99,8,exponential
q_learning,sparse_seed3,sparse,3,4a77b6e251,2015,225,-1.2499999999999822,-7.15000000000001,0.05,0.15,0,out_of_energy,0,0,1,0,95,5,0,0,1,52,0.1257832282254012,4.564892550007851,0.0,0.0,0.99,8,exponential
q_learning,sparse_seed3,sparse,3,4a77b6e251,2016,225,-11.250000000000025,-7.15000000000001,0.05,0.15,0,out_of_energy,0,0,1,0,96,11,0,0,0,41,0.04208746462026164,0.3716025355003865,0.0,0.0,0.99,8,exponential
q_learning,sparse_seed3,sparse,3,4a77b6e251,2017,225,-11.250000000000025,-7.15000000000001,0.05,0.15,0,out_of_energy,0,0,1,0,86,21,0,0,0,51,0.047868498185498154,0.6601556310011555,0.0,0.0,0.99,8,exponential
q_learning,sparse_seed3,sparse,3,4a77b6e251,2018,225,-1.2500000000000042,-7.15000000000001,0.05,0.15,0,out_of_energy,0,0,1,0,88,5,0,0,1,45,0.0798405234590539,1.797321929466973,0.0,0.0,0.99,8,exponential
q_learning,sparse_seed3,sparse,3,4a77b6e251,2019,225,-11.250000000000025,-7.250000000000009,0.05,0.15,0,out_of_energy,0,0,1,0,98,26,1,0,0,38,0.04580874268554371,0.6399681511261731,0.0,0.0,0.99,8,exponential
q_learning,sparse_seed3,sparse,3,4a77b6e251,2020,225,-1.2499999999999822,-7.150000000000009,0.05,0.15,0,out_of_energy,0,0,1,0,101,11,0,0,1,52,0.11770715688762004,4.555206464403635,0.0,0.0,0.99,8,exponential
q_learning,sparse_seed3,sparse,3,4a77b6e251,2021,225,-1.2499999999999822,-7.15000000000001,0.05,0.15,0,out_of_energy,0,0,1,0,100,8,0,0,1,37,0.15225949489075152,6.615722772996205,0.0,0.0,0.99,8,exponential
q_learning,sparse_seed3,sparse,3,4a77b6e251,2022,225,-11.250000000000025,-7.250000000000011,0.05,0.15,0,out_of_energy,0,0,1,0,91,14,0,0,0,38,0.04183987914339245,0.47435780582103176,0.0,0.0,0.99,8,exponential
q_learning,sparse_seed3,sparse,3,4a77b6e251,2023,225,-1.2499999999999822,-7.15000000000001,0.05,0.15,0,out_of_energy,0,0,1,0,100,4,0,0,1,48,0.13314786845614446,2.953462389850076,0.0,0.0,0.99,8,exponential
q_learning,sparse_seed3,sparse,3,4a77b6e251,2024,225,-11.250000000000025,-7.15000000000001,0.05,0.15,0,out_of_energy,0,0,1,0,106,10,0,0,0,48,0.04254841062800917,0.5181236251226959,0.0,0.0,0.99,8,exponential
q_learning,sparse_seed3,sparse,3,4a77b6e251,2025,225,-1.2500000000000215,-7.15000000000001,0.05,0.15,0,out_of_energy,0,0,1,0,105,13,0,0,1,42,0.08059014681160559,2.5557518505104397,0.0,0.0,0.99,8,exponential
q_learning,sparse_seed3,sparse,3,4a77b6e251,2026,225,-1.2499999999999822,-7.15000000000001,0.05,0.15,0,out_of_energy,0,0,1,0,90,12,0,0,1,45,0.09013561821887639,2.489003993748896,0.0,0.0,0.99,8,exponential
q_learning,sparse_seed3,sparse,3,4a77b6e251,2027,225,-11.250000000000025,-7.2500000000000115,0.05,0.15,0,out_of_energy,0,0,1,0,103,16,0,0,0,38,0.04255969112039865,0.5196362840281348,0.0,0.0,0.99,8,exponential
q_learning,sparse_seed3,sparse,3,4a77b6e251,2028,225,-1.2499999999999931,-7.2500000000000115,0.05,0.15,0,out_of_energy,0,0,1,0,110,7,0,0,1,48,0.08705437522140454,1.7828504696166463,0.0,0.0,0.99,8,exponential
q_learning,sparse_seed3,sparse,3,4a77b6e251,2029,225,-11.250000000000025,-7.350000000000011,0.05,0.15,0,out_of_energy,0,0,1,0,102,6,0,0,0,40,0.044119701977878505,0.5132982913296171,0.0,0.0,0.99,8,exponential
q_learning,sparse_seed3,sparse,3,4a77b6e251,2030,225,-11.250000000000025,-7.450000000000012,0.05,0.15,0,out_of_energy,0,0,1,0,84,12,0,0,0,35,0.046012749132389785,0.5434615950499906,0.0,0.0,0.99,8,exponential
q_learning,sparse_seed3,sparse,3,4a77b6e251,2031,225,-11.250000000000025,-7.550000000000012,0.05,0.15,0,out_of_energy,0,0,1,0,102,9,0,0,0,50,0.04402212248549047,0.4951533562252051,0.0,0.0,0.99,8,exponential
q_learning,sparse_seed3,sparse,3,4a77b6e251,2032,225,-11.250000000000025,-7.650000000000013,0.05,0.15,0,out_of_energy,0,0,1,0,94,24,0,0,0,42,0.0460443032886396,0.5877258380716881,0.0,0.0,0.99,8,exponential
q_learning,sparse_seed3,sparse,3,4a77b6e251,2033,225,-1.2499999999999822,-7.550000000000011,0.05,0.15,0,out_of_energy,0,0,1,0,79,7,0,0,1,43,0.08959780093547916,2.107432791473687,0.0,0.0,0.99,8,exponential
q_learning,sparse_seed3,sparse,3,4a77b6e251,2034,225,-1.2500000000000142,-7.550000000000012,0.05,0.15,0,out_of_energy,0,0,1,0,105,8,0,0,1,48,0.09594867197211973,2.5498566564327723,0.0,0.0,0.99,8,exponential
q_learning,sparse_seed3,sparse,3,4a77b6e251,2035,225,-1.2499999999999822,-7.450000000000013,0.05,0.15,0,out_of_energy,0,0,1,0,94,11,0,0,1,55,0.10194031813503708,1.90086359722483,0.0,0.0,0.99,8,exponential
q_learning,sparse_seed3,sparse,3,4a77b6e251,2036,225,-1.2499999999999822,-7.4500000000000135,0.05,0.15,0,out_of_energy,0,0,1,0,84,5,0,0,1,44,0.09192245536035487,1.5370850379100052,0.0,0.0,0.99,8,exponential
q_learning,sparse_seed3,sparse,3,4a77b6e251,2037,225,-11.250000000000025,-7.550000000000012,0.05,0.15,0,out_of_energy,0,0,1,0,87,25,0,0,0,39,0.044925638771260115,0.5292108378598256,0.0,0.0,0.99,8,exponential
q_learning,sparse_seed3,sparse,3,4a77b6e251,2038,225,-11.250000000000025,-7.650000000000014,0.05,0.15,0,out_of_energy,0,0,1,0,94,21,0,0,0,39,0.042463979513930904,0.5204309966293541,0.0,0.0,0.99,8,exponential
q_learning,sparse_seed3,sparse,3,4a77b6e251,2039,225,-11.250000000000025,-7.750000000000013,0.05,0.15,0,out_of_energy,0,0,1,0,87,1,0,0,0,43,0.04593466926239645,0.47618190306680314,0.0,0.0,0.99,8,exponential
q_learning,sparse_seed3,sparse,3,4a77b6e251,2040,225,-1.2499999999999822,-7.750000000000013,0.05,0.15,0,out_of_energy,0,0,1,0,98,10,0,0,1,38,0.1327384887365015,5.20025592161325,0.0,0.0,0.99,8,exponential
q_learning,sparse_seed3,sparse,3,4a77b6e251,2041,225,-11.250000000000025,-7.850000000000014,0.05,0.15,0,out_of_energy,0,0,1,0,106,29,0,0,0,42,0.04607258596382667,0.5336315909719964,0.0,0.0,0.99,8,exponential
q_learning,sparse_seed3,sparse,3,4a77b6e251,2042,225,-11.250000000000025,-7.850000000000014,0.05,0.15,0,out_of_energy,0,0,1,0,81,14,3,0,0,56,0.046741959864405276,0.6387457178674042,0.0,0.0,0.99,8,exponential
q_learning,sparse_seed3,sparse,3,4a77b6e251,2043,225,-1.2499999999999822,-7.750000000000013,0.05,0.15,0,out_of_energy,0,0,1,0,80,10,0,0,1,48,0.09081690777692403,1.3267261251332325,0.0,0.0,0.99,8,exponential
q_learning,sparse_seed3,sparse,3,4a77b6e251,2044,225,-11.250000000000025,-7.750000000000013,0.05,0.15,0,out_of_energy,0,0,1,0,104,7,0,0,0,57,0.0422302086665664,0.34156622608771336,0.0,0.0,0.99,8,exponential
q_learning,sparse_seed3,sparse,3,4a77b6e251,2045,225,-1.2499999999999822,-7.650000000000014,0.05,0.15,0,out_of_energy,0,0,1,0,84,10,0,0,1,44,0.10808461311268953,4.137335388837715,0.0,0.0,0.99,8,exponential
q_learning,sparse_seed3,sparse,3,4a77b6e251,2046,225,-11.250000000000025,-7.750000000000013,0.05,0.15,0,out_of_energy,0,0,1,0,81,1,0,0,0,54,0.04338865270055479,0.4450288964387715,0.0,0.0,0.99,8,exponential
q_learning,sparse_seed3,sparse,3,4a77b6e251,2047,225,-11.250000000000025,-7.850000000000014,0.05,0.15,0,out_of_energy,0,0,1,0,95,20,0,0,0,37,0.045624736668398426,0.6618293334990073,0.0,0.0,0.99,8,exponential
q_learning,sparse_seed3,sparse,3,4a77b6e251,2048,225,-11.250000000000025,-7.850000000000014,0.05,0.15,0,out_of_energy,0,0,1,0,104,27,0,0,0,44,0.04311304379276447,0.5079374668218436,0.0,0.0,0.99,8,exponential
q_learning,sparse_seed3,sparse,3,4a77b6e251,2049,225,-1.2499999999999822,-7.750000000000013,0.05,0.15,0,out_of_energy,0,0,1,0,77,18,0,0,1,48,0.10438806734266264,3.2773565170417047,0.0,0.0,0.99,8,exponential
q_learning,sparse_seed3,sparse,3,4a77b6e251,2050,225,-11.250000000000025,-7.750000000000013,0.05,0.15,0,out_of_energy,0,0,1,0,95,12,0,0,0,39,0.04574153174078367,0.5850516192606898,0.0,0.0,0.99,8,exponential
q_learning,sparse_seed3,sparse,3,4a77b6e251,2051,225,-11.250000000000025,-7.750000000000013,0.05,0.15,0,out_of_energy,0,0,1,0,92,14,0,0,0,44,0.044365303628986164,0.44944040626203635,0.0,0.0,0.99,8,exponential
q_learning,sparse_seed3,sparse,3,4a77b6e251,2052,225,-11.250000000000025,-7.750000000000012,0.05,0.15,0,out_of_energy,0,0,1,0,99,1,0,0,0,36,0.045654938760432896,0.4843530201501303,0.0,0.0,0.99,8,exponential
q_learning,sparse_seed3,sparse,3,4a77b6e251,2053,225,-11.250000000000025,-7.750000000000013,0.05,0.15,0,out_of_energy,0,0,1,0,100,18,0,0,0,30,0.045578264917050984,0.5916762100284714,0.0,0.0,0.99,8,exponential
q_learning,sparse_seed3,sparse,3,4a77b6e251,2054,225,-11.250000000000025,-7.750000000000013,0.05,0.15,0,out_of_energy,0,0,1,0,91,21,1,0,0,45,0.045484133149036314,0.5044646472663008,0.0,0.0,0.99,8,exponential
q_learning,sparse_seed3,sparse,3,4a77b6e251,2055,225,-11.250000000000025,-7.750000000000012,0.05,0.15,0,out_of_energy,0,0,1,0,102,23,0,0,0,58,0.04336941092624046,0.4850341054284996,0.0,0.0,0.99,8,exponential
q_learning,sparse_seed3,sparse,3,4a77b6e251,2056,225,-11.250000000000025,-7.750000000000012,0.05,0.15,0,out_of_energy,0,0,1,0,90,20,2,0,0,40,0.047541237151020245,0.571945336466551,0.0,0.0,0.99,8,exponential
q_learning,sparse_seed3,sparse,3,4a77b6e251,2057,225,-11.250000000000025,-7.750000000000012,0.05,0.15,0,out_of_energy,0,0,1,0,104,37,0,0,0,54,0.04516936979492027,0.550589689052525,0.0,0.0,0.99,8,exponential
q_learning,sparse_seed3,sparse,3,4a77b6e251,2058,225,-1.2499999999999822,-7.650000000000013,0.05,0.15,0,out_of_energy,0,0,1,0,78,8,0,0,1,47,0.11124623884270658,4.319121434872474,0.0,0.0,0.99,8,exponential
q_learning,sparse_seed3,sparse,3,4a77b6e251,2059,225,-11.250000000000025,-7.650000000000013,0.05,0.15,0,out_of_energy,0,0,1,0,78,5,8,0,0,38,0.045913748720515464,0.5344994607003518,0.0,0.0,0.99,8,exponential
q_learning,sparse_seed3,sparse,3,4a77b6e251,2060,225,-11.250000000000025,-7.750000000000013,0.05,0.15,0,out_of_energy,0,0,1,0,92,10,0,0,0,40,0.04331553291894203,0.49995897764902925,0.0,0.0,0.99,8,exponential
q_learning,sparse_seed3,sparse,3,4a77b6e251,2061,225,-1.2499999999999822,-7.650000000000014,0.05,0.15,0,out_of_energy,0,0,1,0,89,3,0,0,1,46,0.12465500232697174,4.714995952436447,0.0,0.0,0.99,8,exponential
q_learning,sparse_seed3,sparse,3,4a77b6e251,2062,225,-11.250000000000025,-7.650000000000013,0.05,0.15,0,out_of_energy,0,0,1,0,91,5,2,0,0,43,0.04463932313777922,0.5053843740369252,0.0,0.0,0.99,8,exponential
q_learning,sparse_seed3,sparse,3,4a77b6e251,2063,225,-11.250000000000025,-7.750000000000013,0.05,0.15,0,out_of_energy,0,0,1,0,80,7,5,0,0,40,0.0447949869975977,0.529969917513949,0.0,0.0,0.99,8,exponential
q_learning,sparse_seed3,sparse,3,4a77b6e251,2064,225,-11.250000000000025,-7.750000000000013,0.05,0.15,0,out_of_energy,0,0,1,0,114,31,3,0,0,48,0.04479971088183475,0.5627511883257267,0.0,0.0,0.99,8,exponential
q_learning,sparse_seed3,sparse,3,4a77b6e251,2065,225,-11.250000000000025,-7.850000000000014,0.05,0.15,0,out_of_energy,0,0,1,0,83,10,0,0,0,47,0.042974847898390525,0.5019142852485272,0.0,0.0,0.99,8,exponential
q_learning,sparse_seed3,sparse,3,4a77b6e251,2066,225,-1.2499999999999822,-7.750000000000013,0.05,0.15,0,out_of_energy,0,0,1,0,86,6,0,0,1,46,0.1269000366146014,4.565015737494837,0.0,0.0,0.99,8,exponential
q_learning,sparse_seed3,sparse,3,4a77b6e251,2067,225,-11.250000000000025,-7.750000000000013,0.05,0.15,0,out_of_energy,0,0,1,0,74,1,0,0,0,52,0.04383943179513248,0.4912338063269966,0.0,0.0,0.99,8,exponential
q_learning,sparse_seed3,sparse,3,4a77b6e251,2068,225,-11.250000000000025,-7.750000000000013,0.05,0.15,0,out_of_energy,0,0,1,0,94,2,5,0,0,42,0.043439069136193574,0.5032117915381515,0.0,0.0,0.99,8,exponential
q_learning,sparse_seed3,sparse,3,4a77b6e251,2069,225,-11.250000000000025,-7.850000000000014,0.05,0.15,0,out_of_energy,0,0,1,0,97,14,0,0,0,44,0.04138443648370858,0.3648201140283277,0.0,0.0,0.99,8,exponential
q_learning,sparse_seed3,sparse,3,4a77b6e251,2070,225,-11.250000000000025,-7.9500000000000135,0.05,0.15,0,out_of_energy,0,0,1,0,98,9,0,0,0,34,0.044078892443856564,0.4924910160818779,0.0,0.0,0.99,8,exponential
q_learning,sparse_seed3,sparse,3,4a77b6e251,2071,225,-11.250000000000025,-8.050000000000013,0.05,0.15,0,out_of_energy,0,0,1,0,96,12,0,0,0,44,0.045805499019631275,0.6157450964281337,0.0,0.0,0.99,8,exponential
q_learning,sparse_seed3,sparse,3,4a77b6e251,2072,225,-11.250000000000025,-8.050000000000013,0.05,0.15,0,out_of_energy,0,0,1,0,80,2,0,0,0,47,0.04598026702500263,0.6041250480011505,0.0,0.0,0.99,8,exponential
q_learning,sparse_seed3,sparse,3,4a77b6e251,2073,225,-11.250000000000025,-8.150000000000013,0.05,0.15,0,out_of_energy,0,0,1,0,97,1,0,0,0,44,0.04490625574732973,0.5364647412572294,0.0,0.0,0.99,8,exponential
q_learning,sparse_seed3,sparse,3,4a77b6e251,2074,225,-11.250000000000025,-8.150000000000013,0.05,0.15,0,out_of_energy,0,0,1,0,93,14,1,0,0,60,0.04724844917603,0.6092734512117362,0.0,0.0,0.99,8,exponential
q_learning,sparse_seed3,sparse,3,4a77b6e251,2075,225,-11.250000000000025,-8.150000000000013,0.05,0.15,0,out_of_energy,0,0,1,0,105,15,0,0,0,37,0.04562634278246005,0.5816369513515844,0.0,0.0,0.99,8,exponential
q_learning,sparse_seed3,sparse,3,4a77b6e251,2076,225,-11.250000000000025,-8.150000000000013,0.05,0.15,0,out_of_energy,0,0,1,0,83,19,1,0,0,43,0.045609626520022935,0.7225976778536277,0.0,0.0,0.99,8,exponential
q_learning,sparse_seed3,sparse,3,4a77b6e251,2077,225,-11.250000000000025,-8.150000000000013,0.05,0.15,0,out_of_energy,0,0,1,0,81,6,2,0,0,39,0.048324960201661285,0.743895252157874,0.0,0.0,0.99,8,exponential
q_learning,sparse_seed3,sparse,3,4a77b6e251,2078,225,-11.250000000000025,-8.250000000000014,0.05,0.15,0,out_of_energy,0,0,1,0,99,23,0,0,0,52,0.04285104882664772,0.5026913676877846,0.0,0.0,0.99,8,exponential
q_learning,sparse_seed3,sparse,3,4a77b6e251,2079,225,-11.250000000000025,-8.350000000000016,0.05,0.15,0,out_of_energy,0,0,1,0,106,9,0,0,0,42,0.044293157296149174,0.47392554991321895,0.0,0.0,0.99,8,exponential
q_learning,sparse_seed3,sparse,3,4a77b6e251,2080,225,-11.250000000000025,-8.350000000000016,0.05,0.15,0,out_of_energy,0,0,1,0,87,23,3,0,0,38,0.044245754329014064,0.5060944087261188,0.0,0.0,0.99,8,exponential
q_learning,sparse_seed3,sparse,3,4a77b6e251,2081,225,-11.250000000000025,-8.450000000000015,0.05,0.15,0,out_of_energy,0,0,1,0,86,10,2,0,0,59,0.044338172409775285,0.5269618059702476,0.0,0.0,0.99,8,exponential
q_learning,sparse_seed3,sparse,3,4a77b6e251,2082,225,-11.250000000000025,-8.450000000000015,0.05,0.15,0,out_of_energy,0,0,1,0,82,4,1,0,0,40,0.04490067779988051,0.500535277603736,0.0,0.0,0.99,8,exponential
q_learning,sparse_seed3,sparse,3,4a77b6e251,2083,225,-11.250000000000025,-8.550000000000017,0.05,0.15,0,out_of_energy,0,0,1,0,86,14,0,0,0,37,0.04753092686078617,0.6926560103408343,0.0,0.0,0.99,8,exponential
q_learning,sparse_seed3,sparse,3,4a77b6e251,2084,225,-11.250000000000025,-8.650000000000016,0.05,0.15,0,out_of_energy,0,0,1,0,93,16,2,0,0,47,0.04570805553151007,0.5911455568658851,0.0,0.0,0.99,8,exponential
q_learning,sparse_seed3,sparse,3,4a77b6e251,2085,225,-11.250000000000025,-8.650000000000016,0.05,0.15,0,out_of_energy,0,0,1,0,100,9,0,0,0,37,0.0437921198364839,0.41471471113983854,0.0,0.0,0.99,8,exponential
q_learning,sparse_seed3,sparse,3,4a77b6e251,2086,225,-11.250000000000025,-8.650000000000016,0.05,0.15,0,out_of_energy,0,0,1,0,97,18,0,0,0,47,0.04581992933813478,0.6547747372450672,0.0,0.0,0.99,8,exponential
q_learning,sparse_seed3,sparse,3,4a77b6e251,2087,225,-11.250000000000025,-8.650000000000016,0.05,0.15,0,out_of_energy,0,0,1,0,95,56,0,0,0,43,0.04577260540480971,0.6622250866452026,0.0,0.0,0.99,8,exponential
q_learning,sparse_seed3,sparse,3,4a77b6e251,2088,225,-1.2499999999999822,-8.650000000000016,0.05,0.15,0,out_of_energy,0,0,1,0,85,5,0,0,1,40,0.10852451679819901,3.754085424496382,0.0,0.0,0.99,8,exponential
q_learning,sparse_seed3,sparse,3,4a77b6e251,2089,225,-11.250000000000025,-8.650000000000016,0.05,0.15,0,out_of_energy,0,0,1,0,92,9,1,0,0,54,0.04727548728304516,0.5439703558743605,0.0,0.0,0.99,8,exponential
q_learning,sparse_seed3,sparse,3,4a77b6e251,2090,225,-11.250000000000025,-8.650000000000016,0.05,0.15,0,out_of_energy,0,0,1,0,91,7,1,0,0,48,0.04393674971910876,0.42560490597506034,0.0,0.0,0.99,8,exponential
q_learning,sparse_seed3,sparse,3,4a77b6e251,2091,225,-11.250000000000025,-8.650000000000016,0.05,0.15,0,out_of_energy,0,0,1,0,108,11,0,0,0,35,0.04513079478764824,0.5100229923571397,0.0,0.0,0.99,8,exponential
q_learning,sparse_seed3,sparse,3,4a77b6e251,2092,225,-11.250000000000025,-8.650000000000016,0.05,0.15,0,out_of_energy,0,0,1,0,87,17,0,0,0,52,0.04369060870655959,0.4938283773005306,0.0,0.0,0.99,8,exponential
q_learning,sparse_seed3,sparse,3,4a77b6e251,2093,225,-11.250000000000025,-8.650000000000016,0.05,0.15,0,out_of_energy,0,0,1,0,92,31,0,0,0,47,0.0459865951534805,0.5290283071693627,0.0,0.0,0.99,8,exponential
q_learning,sparse_seed3,sparse,3,4a77b6e251,2094,225,-11.250000000000025,-8.650000000000016,0.05,0.15,0,out_of_energy,0,0,1,0,104,22,2,0,0,42,0.045206138050252684,0.5622685124557681,0.0,0.0,0.99,8,exponential
q_learning,sparse_seed3,sparse,3,4a77b6e251,2095,225,-11.250000000000025,-8.750000000000016,0.05,0.15,0,out_of_energy,0,0,1,0,87,4,0,0,0,40,0.04466282104716517,0.5267049829777106,0.0,0.0,0.99,8,exponential
q_learning,sparse_seed3,sparse,3,4a77b6e251,2096,225,-11.250000000000025,-8.750000000000016,0.05,0.15,0,out_of_energy,0,0,1,0,88,6,0,0,0,52,0.04376910772056613,0.5138586596594894,0.0,0.0,0.99,8,exponential
q_learning,sparse_seed3,sparse,3,4a77b6e251,2097,225,-11.250000000000025,-8.750000000000016,0.05,0.15,0,out_of_energy,0,0,1,0,92,16,0,0,0,36,0.045455770187156554,0.628213834958584,0.0,0.0,0.99,8,exponential
q_learning,sparse_seed3,sparse,3,4a77b6e251,2098,225,-11.250000000000025,-8.750000000000016,0.05,0.15,0,out_of_energy,0,0,1,0,87,6,5,0,0,40,0.043889209944276614,0.5343155494993548,0.0,0.0,0.99,8,exponential
q_learning,sparse_seed3,sparse,3,4a77b6e251,2099,225,-11.250000000000025,-8.750000000000016,0.05,0.15,0,out_of_energy,0,0,1,0,101,17,0,0,0,45,0.043713103531689,0.49797680889305224,0.0,0.0,0.99,8,exponential
q_learning,sparse_seed3,sparse,3,4a77b6e251,2100,225,-11.250000000000025,-8.750000000000016,0.05,0.15,0,out_of_energy,0,0,1,0,92,0,0,0,0,52,0.04290519411203792,0.512377257138579,0.0,0.0,0.99,8,exponential
q_learning,sparse_seed3,sparse,3,4a77b6e251,2101,225,-11.250000000000025,-8.750000000000016,0.05,0.15,0,out_of_energy,0,0,1,0,87,22,10,0,0,41,0.04319704415765143,0.5270901738772618,0.0,0.0,0.99,8,exponential
q_learning,sparse_seed3,sparse,3,4a77b6e251,2102,225,-11.250000000000025,-8.750000000000016,0.05,0.15,0,out_of_energy,0,0,1,0,94,1,0,0,0,42,0.04344228521547811,0.5256197278142879,0.0,0.0,0.99,8,exponential
q_learning,sparse_seed3,sparse,3,4a77b6e251,2103,225,-11.250000000000025,-8.750000000000016,0.05,0.15,0,out_of_energy,0,0,1,0,105,12,0,0,0,43,0.045607840118444216,0.6135575320918487,0.0,0.0,0.99,8,exponential
q_learning,sparse_seed3,sparse,3,4a77b6e251,2104,225,-11.250000000000025,-8.750000000000016,0.05,0.15,0,out_of_energy,0,0,1,0,97,8,0,0,0,42,0.04433243181612531,0.4532740845708229,0.0,0.0,0.99,8,exponential
q_learning,sparse_seed3,sparse,3,4a77b6e251,2105,225,-11.250000000000025,-8.750000000000016,0.05,0.15,0,out_of_energy,0,0,1,0,98,11,0,0,0,48,0.04325127103156486,0.4550544642322057,0.0,0.0,0.99,8,exponential
q_learning,sparse_seed3,sparse,3,4a77b6e251,2106,225,-11.250000000000025,-8.750000000000016,0.05,0.15,0,out_of_energy,0,0,1,0,81,27,1,0,0,54,0.043059988950786714,0.5226983038061087,0.0,0.0,0.99,8,exponential
q_learning,sparse_seed3,sparse,3,4a77b6e251,2107,225,-11.250000000000025,-8.750000000000016,0.05,0.15,0,out_of_energy,0,0,1,0,88,9,0,0,0,59,0.045243366740677846,0.5948581895422297,0.0,0.0,0.99,8,exponential
q_learning,sparse_seed3,sparse,3,4a77b6e251,2108,225,-11.250000000000025,-8.850000000000016,0.05,0.15,0,out_of_energy,0,0,1,0,89,16,1,0,0,49,0.04567689508009706,0.5011417123923143,0.0,0.0,0.99,8,exponential
q_learning,sparse_seed3,sparse,3,4a77b6e251,2109,225,-11.250000000000025,-8.850000000000016,0.05,0.15,0,out_of_energy,0,0,1,0,97,10,0,0,0,45,0.04444054746732904,0.4969096243009103,0.0,0.0,0.99,8,exponential
q_learning,sparse_seed3,sparse,3,4a77b6e251,2110,225,-11.250000000000025,-8.850000000000017,0.05,0.15,0,out_of_energy,0,0,1,0,85,14,4,0,0,50,0.04374959770542027,0.4860768376560027,0.0,0.0,0.99,8,exponential
q_learning,sparse_seed3,sparse,3,4a77b6e251,2111,225,-1.2499999999999964,-8.850000000000017,0.05,0.15,0,out_of_energy,0,0,1,0,95,19,0,0,1,45,0.07910194137008601,1.764621504631105,0.0,0.0,0.99,8,exponential
q_learning,sparse_seed3,sparse,3,4a77b6e251,2112,225,-11.250000000000025,-8.950000000000019,0.05,0.15,0,out_of_energy,0,0,1,0,81,11,0,0,0,43,0.04278437309987397,0.46459041080977,0.0,0.0,0.99,8,exponential
q_learning,sparse_seed3,sparse,3,4a77b6e251,2113,225,-11.250000000000025,-9.050000000000018,0.05,0.15,0,out_of_energy,0,0,1,0,86,13,0,0,0,48,0.04703677954367202,0.5333737156738185,0.0,0.0,0.99,8,exponential
q_learning,sparse_seed3,sparse,3,4a77b6e251,2114,225,-11.250000000000025,-9.150000000000018,0.05,0.15,0,out_of_energy,0,0,1,0,94,19,0,0,0,51,0.045637973612817316,0.5252773369595843,0.0,0.0,0.99,8,exponential
q_learning,sparse_seed3,sparse,3,4a77b6e251,2115,225,-11.250000000000025,-9.250000000000018,0.05,0.15,0,out_of_energy,0,0,1,0,99,18,0,0,0,37,0.04339736782533611,0.469699865916075,0.0,0.0,0.99,8,exponential
q_learning,sparse_seed3,sparse,3,4a77b6e251,2116,225,-11.250000000000025,-9.250000000000018,0.05,0.15,0,out_of_energy,0,0,1,0,90,33,0,0,0,49,0.04362902045816207,0.5064171316362011,0.0,0.0,0.99,8,exponential
q_learning,sparse_seed3,sparse,3,4a77b6e251,2117,225,-11.250000000000025,-9.250000000000018,0.05,0.15,0,out_of_energy,0,0,1,0,91,10,0,0,0,42,0.0464927457640003,0.5529390997648043,0.0,0.0,0.99,8,exponential
q_learning,sparse_seed3,sparse,3,4a77b6e251,2118,225,-11.250000000000025,-9.350000000000017,0.05,0.15,0,out_of_energy,0,0,1,0,77,21,0,0,0,35,0.046048521658649845,0.5902178028084399,0.0,0.0,0.99,8,exponential
q_learning,sparse_seed3,sparse,3,4a77b6e251,2119,225,-11.250000000000025,-9.350000000000017,0.05,0.15,0,out_of_energy,0,0,1,0,99,23,0,0,0,49,0.04512735971565966,0.549854629770002,0.0,0.0,0.99,8,exponential
q_learning,sparse_seed3,sparse,3,4a77b6e251,2120,225,-11.250000000000025,-9.450000000000019,0.05,0.15,0,out_of_energy,0,0,1,0,103,12,0,0,0,40,0.04516510296490176,0.5314980952098692,0.0,0.0,0.99,8,exponential
q_learning,sparse_seed3,sparse,3,4a77b6e251,2121,225,-11.250000000000025,-9.550000000000018,0.05,0.15,0,out_of_energy,0,0,1,0,92,28,0,0,0,47,0.04328059705392283,0.4670936834283634,0.0,0.0,0.99,8,exponential
q_learning,sparse_seed3,sparse,3,4a77b6e251,2122,225,-11.250000000000025,-9.550000000000018,0.05,0.15,0,out_of_energy,0,0,1,0,97,5,1,0,0,50,0.04528775948392141,0.5613529541886493,0.0,0.0,0.99,8,exponential
q_learning,sparse_seed3,sparse,3,4a77b6e251,2123,225,-11.250000000000025,-9.65000000000002,0.05,0.15,0,out_of_energy,0,0,1,0,96,1,0,0,0,32,0.044477367695916994,0.5497389664474982,0.0,0.0,0.99,8,exponential
q_learning,sparse_seed3,sparse,3,4a77b6e251,2124,225,-11.250000000000025,-9.65000000000002,0.05,0.15,0,out_of_energy,0,0,1,0,88,28,0,0,0,51,0.04535915981514296,0.517255003851603,0.0,0.0,0.99,8,exponential
q_learning,sparse_seed3,sparse,3,4a77b6e251,2125,225,-11.250000000000025,-9.750000000000021,0.05,0.15,0,out_of_energy,0,0,1,0,92,10,0,0,0,45,0.04403093284412623,0.43910223628763106,0.0,0.0,0.99,8,exponential
q_learning,sparse_seed3,sparse,3,4a77b6e251,2126,225,-11.250000000000025,-9.850000000000021,0.05,0.15,0,out_of_energy,0,0,1,0,105,16,0,0,0,51,0.04552329904977669,0.5494167750839758,0.0,0.0,0.99,8,exponential
q_learning,sparse_seed3,sparse,3,4a77b6e251,2127,225,-11.250000000000025,-9.850000000000021,0.05,0.15,0,out_of_energy,0,0,1,0,94,9,0,0,0,35,0.0430995391623127,0.427870585347386,0.0,0.0,0.99,8,exponential
q_learning,sparse_seed3,sparse,3,4a77b6e251,2128,225,-11.250000000000025,-9.95000000000002,0.05,0.15,0,out_of_energy,0,0,1,0,107,3,0,0,0,53,0.04614888481943262,0.4804860585048089,0.0,0.0,0.99,8,exponential
q_learning,sparse_seed3,sparse,3,4a77b6e251,2129,225,-11.250000000000025,-9.95000000000002,0.05,0.15,0,out_of_energy,0,0,1,0,96,24,0,0,0,51,0.04363148418624532,0.4676844623814466,0.0,0.0,0.99,8,exponential
q_learning,sparse_seed3,sparse,3,4a77b6e251,2130,225,-11.250000000000025,-9.95000000000002,0.05,0.15,0,out_of_energy,0,0,1,0,108,33,0,0,0,33,0.04396205094233453,0.5277955784308105,0.0,0.0,0.99,8,exponential
q_learning,sparse_seed3,sparse,3,4a77b6e251,2131,225,-11.250000000000025,-9.95000000000002,0.05,0.15,0,out_of_energy,0,0,1,0,88,10,0,0,0,41,0.044444156652057296,0.5173259480939527,0.0,0.0,0.99,8,exponential
q_learning,sparse_seed3,sparse,3,4a77b6e251,2132,225,-11.250000000000025,-9.95000000000002,0.05,0.15,0,out_of_energy,0,0,1,0,93,7,0,0,0,45,0.04371414126356612,0.5348349192002569,0.0,0.0,0.99,8,exponential
q_learning,sparse_seed3,sparse,3,4a77b6e251,2133,225,-11.250000000000025,-10.05000000000002,0.05,0.15,0,out_of_energy,0,0,1,0,88,14,6,0,0,57,0.04337346338543742,0.5113591999495041,0.0,0.0,0.99,8,exponential
q_learning,sparse_seed3,sparse,3,4a77b6e251,2134,225,-11.250000000000025,-10.15000000000002,0.05,0.15,0,out_of_energy,0,0,1,0,90,3,0,0,0,35,0.04319938358147877,0.5503994591566339,0.0,0.0,0.99,8,exponential
q_learning,sparse_seed3,sparse,3,4a77b6e251,2135,225,-11.250000000000025,-10.250000000000023,0.05,0.15,0,out_of_energy,0,0,1,0,99,7,0,0,0,40,0.04424720042438262,0.5080845695651277,0.0,0.0,0.99,8,exponential
q_learning,sparse_seed3,sparse,3,4a77b6e251,2136,225,-11.250000000000025,-10.350000000000023,0.05,0.15,0,out_of_energy,0,0,1,0,94,36,6,0,0,38,0.04450700369390963,0.5263122665929078,0.0,0.0,0.99,8,exponential
q_learning,sparse_seed3,sparse,3,4a77b6e251,2137,225,-11.250000000000025,-10.350000000000023,0.05,0.15,0,out_of_energy,0,0,1,0,99,7,0,0,0,43,0.04355597497499871,0.5336383514628432,0.0,0.0,0.99,8,exponential
q_learning,sparse_seed3,sparse,3,4a77b6e251,2138,225,-11.250000000000025,-10.350000000000023,0.05,0.15,0,out_of_energy,0,0,1,0,89,23,1,0,0,47,0.0449921679014119,0.6112641608902395,0.0,0.0,0.99,8,exponential
q_learning,sparse_seed3,sparse,3,4a77b6e251,2139,225,-11.250000000000025,-10.350000000000023,0.05,0.15,0,out_of_energy,0,0,1,0,89,9,0,0,0,49,0.045696799651451805,0.5919038192303541,0.0,0.0,0.99,8,exponential
q_learning,sparse_seed3,sparse,3,4a77b6e251,2140,225,-11.250000000000025,-10.450000000000022,0.05,0.15,0,out_of_energy,0,0,1,0,98,38,0,0,0,42,0.04399531738753104,0.518590380781796,0.0,0.0,0.99,8,exponential
q_learning,sparse_seed3,sparse,3,4a77b6e251,2141,225,-11.250000000000025,-10.450000000000022,0.05,0.15,0,out_of_energy,0,0,1,0,91,28,3,0,0,37,0.04384499852749473,0.5161155284403702,0.0,0.0,0.99,8,exponential
q_learning,sparse_seed3,sparse,3,4a77b6e251,2142,225,-11.250000000000025,-10.450000000000022,0.05,0.15,0,out_of_energy,0,0,1,0,94,15,0,0,0,43,0.04525437967025738,0.5217228982383474,0.0,0.0,0.99,8,exponential
q_learning,sparse_seed3,sparse,3,4a77b6e251,2143,225,-11.250000000000025,-10.550000000000022,0.05,0.15,0,out_of_energy,0,0,1,0,96,25,0,0,0,59,0.04288711783243702,0.5108295316970999,0.0,0.0,0.99,8,exponential
q_learning,sparse_seed3,sparse,3,4a77b6e251,2144,225,-11.250000000000025,-10.550000000000022,0.05,0.15,0,out_of_energy,0,0,1,0,99,4,0,0,0,38,0.04329964438935769,0.5578932946063431,0.0,0.0,0.99,8,exponential
q_learning,sparse_seed3,sparse,3,4a77b6e251,2145,225,-11.250000000000025,-10.650000000000023,0.05,0.15,0,out_of_energy,0,0,1,0,97,6,0,0,0,49,0.04331469020401564,0.5133919751793697,0.0,0.0,0.99,8,exponential
q_learning,sparse_seed3,sparse,3,4a77b6e251,2146,225,-11.250000000000025,-10.650000000000023,0.05,0.15,0,out_of_energy,0,0,1,0,95,13,0,0,0,50,0.04412498142266538,0.475733654913074,0.0,0.0,0.99,8,exponential
q_learning,sparse_seed3,sparse,3,4a77b6e251,2147,225,-11.250000000000025,-10.650000000000023,0.05,0.15,0,out_of_energy,0,0,1,0,87,17,4,0,0,56,0.04429019501691964,0.5312691863766136,0.0,0.0,0.99,8,exponential
q_learning,sparse_seed3,sparse,3,4a77b6e251,2148,225,-11.250000000000025,-10.650000000000023,0.05,0.15,0,out_of_energy,0,0,1,0,84,14,0,0,0,50,0.04334529240922134,0.5560992105895516,0.0,0.0,0.99,8,exponential
q_learning,sparse_seed3,sparse,3,4a77b6e251,2149,225,-11.250000000000025,-10.750000000000023,0.05,0.15,0,out_of_energy,0,0,1,0,80,7,0,0,0,43,0.04593413249216989,0.6263526127238499,0.0,0.0,0.99,8,exponential
q_learning,sparse_seed3,sparse,3,4a77b6e251,2150,225,-11.250000000000025,-10.750000000000023,0.05,0.15,0,out_of_energy,0,0,1,0,102,14,0,0,0,48,0.04273138670231036,0.5494711852328887,0.0,0.0,0.99,8,exponential
q_learning,sparse_seed3,sparse,3,4a77b6e251,2151,225,-11.250000000000025,-10.750000000000023,0.05,0.15,0,out_of_energy,0,0,1,0,111,19,0,0,0,48,0.04345377996486974,0.5610049775628208,0.0,0.0,0.99,8,exponential
q_learning,sparse_seed3,sparse,3,4a77b6e251,2152,225,-11.250000000000025,-10.750000000000023,0.05,0.15,0,out_of_energy,0,0,1,0,94,14,4,0,0,54,0.04624899913364227,0.6169324452591665,0.0,0.0,0.99,8,exponential
q_learning,sparse_seed3,sparse,3,4a77b6e251,2153,225,-11.250000000000025,-10.750000000000023,0.05,0.15,0,out_of_energy,0,0,1,0,86,31,0,0,0,52,0.044579372348591946,0.47987844072093816,0.0,0.0,0.99,8,exponential
q_learning,sparse_seed3,sparse,3,4a77b6e251,2154,225,-11.250000000000025,-10.750000000000023,0.05,0.15,0,out_of_energy,0,0,1,0,98,3,0,0,0,49,0.043672798906921925,0.48040457038538303,0.0,0.0,0.99,8,exponential
q_learning,sparse_seed3,sparse,3,4a77b6e251,2155,225,-11.250000000000025,-10.750000000000023,0.05,0.15,0,out_of_energy,0,0,1,0,96,16,0,0,0,51,0.04274351097334727,0.5168143399992914,0.0,0.0,0.99,8,exponential
q_learning,sparse_seed3,sparse,3,4a77b6e251,2156,225,-11.250000000000025,-10.750000000000023,0.05,0.15,0,out_of_energy,0,0,1,0,94,6,0,0,0,45,0.04269162603526762,0.5096459429635202,0.0,0.0,0.99,8,exponential
q_learning,sparse_seed3,sparse,3,4a77b6e251,2157,225,-11.250000000000025,-10.750000000000023,0.05,0.15,0,out_of_energy,0,0,1,0,90,6,0,0,0,43,0.04450592074188668,0.5870974953726369,0.0,0.0,0.99,8,exponential
q_learning,sparse_seed3,sparse,3,4a77b6e251,2158,225,-11.250000000000025,-10.850000000000023,0.05,0.15,0,out_of_energy,0,0,1,0,88,11,3,0,0,34,0.04512078955281358,0.507450466154762,0.0,0.0,0.99,8,exponential
q_learning,sparse_seed3,sparse,3,4a77b6e251,2159,225,-11.250000000000025,-10.850000000000023,0.05,0.15,0,out_of_energy,0,0,1,0,85,12,0,0,0,37,0.04346326281497746,0.5517945681906855,0.0,0.0,0.99,8,exponential
q_learning,sparse_seed3,sparse,3,4a77b6e251,2160,225,-11.250000000000025,-10.850000000000023,0.05,0.15,0,out_of_energy,0,0,1,0,118,11,0,0,0,47,0.043832884870313206,0.5389544915927031,0.0,0.0,0.99,8,exponential
q_learning,sparse_seed3,sparse,3,4a77b6e251,2161,225,-11.250000000000025,-10.950000000000022,0.05,0.15,0,out_of_energy,0,0,1,0,105,15,0,0,0,52,0.04399589959641181,0.4235134019089758,0.0,0.0,0.99,8,exponential
q_learning,sparse_seed3,sparse,3,4a77b6e251,2162,225,-11.250000000000025,-10.950000000000022,0.05,0.15,0,out_of_energy,0,0,1,0,84,6,0,0,0,50,0.04320090589702684,0.441164033694634,0.0,0.0,0.99,8,exponential
q_learning,sparse_seed3,sparse,3,4a77b6e251,2163,225,-11.250000000000025,-10.950000000000022,0.05,0.15,0,out_of_energy,0,0,1,0,86,1,0,0,0,45,0.04356576942773062,0.5398630368282041,0.0,0.0,0.99,8,exponential
q_learning,sparse_seed3,sparse,3,4a77b6e251,2164,225,-11.250000000000025,-10.950000000000022,0.05,0.15,0,out_of_energy,0,0,1,0,102,17,0,0,0,40,0.04300130742250112,0.49962594177073266,0.0,0.0,0.99,8,exponential
q_learning,sparse_seed3,sparse,3,4a77b6e251,2165,225,-11.250000000000025,-10.950000000000022,0.05,0.15,0,out_of_energy,0,0,1,0,96,15,0,0,0,56,0.04429798306804712,0.5196314927077412,0.0,0.0,0.99,8,exponential
q_learning,sparse_seed3,sparse,3,4a77b6e251,2166,225,-11.250000000000025,-11.050000000000022,0.05,0.15,0,out_of_energy,0,0,1,0,104,18,0,0,0,43,0.042264199906673953,0.39344759663797363,0.0,0.0,0.99,8,exponential
q_learning,sparse_seed3,sparse,3,4a77b6e251,2167,225,-11.250000000000025,-11.050000000000022,0.05,0.15,0,out_of_energy,0,0,1,0,97,20,0,0,0,46,0.041426045327940426,0.5052434497877216,0.0,0.0,0.99,8,exponential
q_learning,sparse_seed3,sparse,3,4a77b6e251,2168,225,-11.250000000000025,-11.050000000000022,0.05,0.15,0,out_of_energy,0,0,1,0,113,1,0,0,0,42,0.045702113001236784,0.5852436302742654,0.0,0.0,0.99,8,exponential
q_learning,sparse_seed3,sparse,3,4a77b6e251,2169,225,-11.250000000000025,-11.050000000000022,0.05,0.15,0,out_of_energy,0,0,1,0,98,15,0,0,0,48,0.042677920964577745,0.495256196458881,0.0,0.0,0.99,8,exponential
q_learning,sparse_seed3,sparse,3,4a77b6e251,2170,225,-1.2499999999999911,-10.950000000000022,0.05,0.15,0,out_of_energy,0,0,1,0,85,18,0,0,1,34,0.0781022126173791,1.7448975089579246,0.0,0.0,0.99,8,exponential
q_learning,sparse_seed3,sparse,3,4a77b6e251,2171,225,-11.250000000000025,-10.950000000000022,0.05,0.15,0,out_of_energy,0,0,1,0,89,16,0,0,0,51,0.043251517482386814,0.5452725234675779,0.0,0.0,0.99,8,exponential
q_learning,sparse_seed3,sparse,3,4a77b6e251,2172,225,-11.250000000000025,-10.950000000000022,0.05,0.15,0,out_of_energy,0,0,1,0,88,0,0,0,0,41,0.0426352302435353,0.31342047639430126,0.0,0.0,0.99,8,exponential
q_learning,sparse_seed3,sparse,3,4a77b6e251,2173,225,-11.250000000000025,-10.950000000000022,0.05,0.15,0,out_of_energy,0,0,1,0,100,10,0,0,0,49,0.04206047019768898,0.5362835952591565,0.0,0.0,0.99,8,exponential
q_learning,sparse_seed3,sparse,3,4a77b6e251,2174,225,-11.250000000000025,-10.950000000000022,0.05,0.15,0,out_of_energy,0,0,1,0,93,34,0,0,0,42,0.0430396931530478,0.5412647515817198,0.0,0.0,0.99,8,exponential
q_learning,sparse_seed3,sparse,3,4a77b6e251,2175,225,-11.250000000000025,-10.950000000000022,0.05,0.15,0,out_of_energy,0,0,1,0,110,3,0,0,0,44,0.04258929501657393,0.5028697706332886,0.0,0.0,0.99,8,exponential
q_learning,sparse_seed3,sparse,3,4a77b6e251,2176,225,-11.250000000000025,-10.950000000000022,0.05,0.15,0,out_of_energy,0,0,1,0,100,1,0,0,0,52,0.042687731340011525,0.5088444639224123,0.0,0.0,0.99,8,exponential
q_learning,sparse_seed3,sparse,3,4a77b6e251,2177,225,-11.250000000000025,-10.950000000000022,0.05,0.15,0,out_of_energy,0,0,1,0,86,19,0,0,0,40,0.043119158487666356,0.5274295028752277,0.0,0.0,0.99,8,exponential
q_learning,sparse_seed3,sparse,3,4a77b6e251,2178,225,-11.250000000000025,-10.950000000000022,0.05,0.15,0,out_of_energy,0,0,1,0,96,14,0,0,0,51,0.042629563252626956,0.5038986740593167,0.0,0.0,0.99,8,exponential
q_learning,sparse_seed3,sparse,3,4a77b6e251,2179,225,-11.250000000000025,-10.950000000000022,0.05,0.15,0,out_of_energy,0,0,1,0,91,22,0,0,0,41,0.042557904440378595,0.5478450290306649,0.0,0.0,0.99,8,exponential
q_learning,sparse_seed3,sparse,3,4a77b6e251,2180,225,-11.250000000000025,-10.950000000000022,0.05,0.15,0,out_of_energy,0,0,1,0,99,20,2,0,0,39,0.043506207003631704,0.5421379786372719,0.0,0.0,0.99,8,exponential
q_learning,sparse_seed3,sparse,3,4a77b6e251,2181,225,-11.250000000000025,-10.950000000000022,0.05,0.15,0,out_of_energy,0,0,1,0,102,7,0,0,0,45,0.04396581611246353,0.5152842083913624,0.0,0.0,0.99,8,exponential
q_learning,sparse_seed3,sparse,3,4a77b6e251,2182,225,-11.250000000000025,-10.950000000000022,0.05,0.15,0,out_of_energy,0,0,1,0,106,13,0,0,0,48,0.04001079110598825,0.2644842614513859,0.0,0.0,0.99,8,exponential
q_learning,sparse_seed3,sparse,3,4a77b6e251,2183,225,-11.250000000000025,-10.950000000000022,0.05,0.15,0,out_of_energy,0,0,1,0,108,27,0,0,0,46,0.04335900114289081,0.5746658302441697,0.0,0.0,0.99,8,exponential
q_learning,sparse_seed3,sparse,3,4a77b6e251,2184,225,-11.250000000000025,-10.950000000000022,0.05,0.15,0,out_of_energy,0,0,1,0,102,1,0,0,0,39,0.043031926505533565,0.5103078808224927,0.0,0.0,0.99,8,exponential
q_learning,sparse_seed3,sparse,3,4a77b6e251,2185,225,-11.250000000000025,-10.950000000000022,0.05,0.15,0,out_of_energy,0,0,1,0,106,21,0,0,0,44,0.04256317616280213,0.5259103866198039,0.0,0.0,0.99,8,exponential
q_learning,sparse_seed3,sparse,3,4a77b6e251,2186,225,-11.250000000000025,-10.950000000000022,0.05,0.15,0,out_of_energy,0,0,1,0,100,6,2,0,0,47,0.04294466586590279,0.471730272280757,0.0,0.0,0.99,8,exponential
q_learning,sparse_seed3,sparse,3,4a77b6e251,2187,225,-1.2499999999999944,-10.850000000000023,0.05,0.15,0,out_of_energy,0,0,1,0,99,16,0,0,1,46,0.0788978448776522,1.7227740817080281,0.0,0.0,0.99,8,exponential
q_learning,sparse_seed3,sparse,3,4a77b6e251,2188,225,-11.250000000000025,-10.950000000000022,0.05,0.15,0,out_of_energy,0,0,1,0,96,22,0,0,0,59,0.041594767602822894,0.4400065466763885,0.0,0.0,0.99,8,exponential
q_learning,sparse_seed3,sparse,3,4a77b6e251,2189,225,-11.250000000000025,-10.950000000000022,0.05,0.15,0,out_of_energy,0,0,1,0,99,14,0,0,0,41,0.04298011359212119,0.4859975218145633,0.0,0.0,0.99,8,exponential
q_learning,sparse_seed3,sparse,3,4a77b6e251,2190,225,-11.250000000000025,-10.950000000000022,0.05,0.15,0,out_of_energy,0,0,1,0,91,1,0,0,0,40,0.042697047191534714,0.5622564668353566,0.0,0.0,0.99,8,exponential
q_learning,sparse_seed3,sparse,3,4a77b6e251,2191,225,-1.2500000000000209,-10.850000000000023,0.05,0.15,0,out_of_energy,0,0,1,0,89,13,0,0,1,49,0.07879830263023663,2.516413181851393,0.0,0.0,0.99,8,exponential
q_learning,sparse_seed3,sparse,3,4a77b6e251,2192,225,-11.250000000000025,-10.850000000000023,0.05,0.15,0,out_of_energy,0,0,1,0,91,24,1,0,0,42,0.044013282042340875,0.5642086449558925,0.0,0.0,0.99,8,exponential
q_learning,sparse_seed3,sparse,3,4a77b6e251,2193,225,-11.250000000000025,-10.850000000000023,0.05,0.15,0,out_of_energy,0,0,1,0,100,14,0,0,0,43,0.043111515937398995,0.5099724402210122,0.0,0.0,0.99,8,exponential
q_learning,sparse_seed3,sparse,3,4a77b6e251,2194,225,-11.250000000000025,-10.850000000000023,0.05,0.15,0,out_of_energy,0,0,1,0,92,3,0,0,0,45,0.04292788087307281,0.5161270337140355,0.0,0.0,0.99,8,exponential
q_learning,sparse_seed3,sparse,3,4a77b6e251,2195,225,-11.250000000000025,-10.850000000000023,0.05,0.15,0,out_of_energy,0,0,1,0,83,12,7,0,0,44,0.04375950610266758,0.5561992547846265,0.0,0.0,0.99,8,exponential
q_learning,sparse_seed3,sparse,3,4a77b6e251,2196,225,-11.250000000000025,-10.850000000000023,0.05,0.15,0,out_of_energy,0,0,1,0,100,1,0,0,0,50,0.043945667343680335,0.562221882543474,0.0,0.0,0.99,8,exponential
q_learning,sparse_seed3,sparse,3,4a77b6e251,2197,225,-11.250000000000025,-10.850000000000023,0.05,0.15,0,out_of_energy,0,0,1,0,95,16,2,0,0,36,0.04405392842768543,0.5372054774222776,0.0,0.0,0.99,8,exponential
q_learning,sparse_seed3,sparse,3,4a77b6e251,2198,225,-11.250000000000025,-10.850000000000023,0.05,0.15,0,out_of_energy,0,0,1,0,103,31,5,0,0,56,0.04338671806032304,0.4675510559189187,0.0,0.0,0.99,8,exponential
q_learning,sparse_seed3,sparse,3,4a77b6e251,2199,225,-11.250000000000025,-10.850000000000023,0.05,0.15,0,out_of_energy,0,0,1,0,100,2,0,0,0,43,0.042919840453551704,0.47837654202344465,0.0,0.0,0.99,8,exponential
q_learning,sparse_seed3,sparse,3,4a77b6e251,2200,225,-11.250000000000025,-10.850000000000023,0.05,0.15,0,out_of_energy,0,0,1,0,95,15,0,0,0,49,0.04237311947130299,0.519551842325787,0.0,0.0,0.99,8,exponential
q_learning,sparse_seed3,sparse,3,4a77b6e251,2201,225,-1.2500000000000113,-10.750000000000023,0.05,0.15,0,out_of_energy,0,0,1,0,91,8,0,0,1,42,0.10146166324948937,2.462816215388161,0.0,0.0,0.99,8,exponential
q_learning,sparse_seed3,sparse,3,4a77b6e251,2202,225,-11.250000000000025,-10.750000000000023,0.05,0.15,0,out_of_energy,0,0,1,0,85,8,0,0,0,43,0.0443821907321187,0.5345148128965106,0.0,0.0,0.99,8,exponential
q_learning,sparse_seed3,sparse,3,4a77b6e251,2203,225,-11.250000000000025,-10.750000000000023,0.05,0.15,0,out_of_energy,0,0,1,0,81,9,0,0,0,40,0.043537006933483204,0.54711470122046,0.0,0.0,0.99,8,exponential
q_learning,sparse_seed3,sparse,3,4a77b6e251,2204,225,-11.250000000000025,-10.750000000000023,0.05,0.15,0,out_of_energy,0,0,1,0,102,22,0,0,0,52,0.04380092557006773,0.5523901390749208,0.0,0.0,0.99,8,exponential
q_learning,sparse_seed3,sparse,3,4a77b6e251,2205,225,-11.250000000000025,-10.750000000000023,0.05,0.15,0,out_of_energy,0,0,1,0,98,45,0,0,0,35,0.043550445843338254,0.5506015642080406,0.0,0.0,0.99,8,exponential
q_learning,sparse_seed3,sparse,3,4a77b6e251,2206,225,-11.250000000000025,-10.750000000000025,0.05,0.15,0,out_of_energy,0,0,1,0,97,11,0,0,0,43,0.04268650158875685,0.5168569409381734,0.0,0.0,0.99,8,exponential
q_learning,sparse_seed3,sparse,3,4a77b6e251,2207,225,-11.250000000000025,-10.750000000000025,0.05,0.15,0,out_of_energy,0,0,1,0,116,0,0,0,0,57,0.04250248674228732,0.5282664208861633,0.0,0.0,0.99,8,exponential
q_learning,sparse_seed3,sparse,3,4a77b6e251,2208,225,-1.2499999999999878,-10.650000000000025,0.05,0.15,0,out_of_energy,0,0,1,0,97,29,0,0,1,36,0.07887203968472051,1.862790213460968,0.0,0.0,0.99,8,exponential
q_learning,sparse_seed3,sparse,3,4a77b6e251,2209,225,-11.250000000000025,-10.650000000000023,0.05,0.15,0,out_of_energy,0,0,1,0,100,4,0,0,0,47,0.04337517270313768,0.5264049413239261,0.0,0.0,0.99,8,exponential
q_learning,sparse_seed3,sparse,3,4a77b6e251,2210,225,-11.250000000000025,-10.650000000000025,0.05,0.15,0,out_of_energy,0,0,1,0,86,16,0,0,0,50,0.045016157635990546,0.5653309818033218,0.0,0.0,0.99,8,exponential
q_learning,sparse_seed3,sparse,3,4a77b6e251,2211,225,-11.250000000000025,-10.750000000000025,0.05,0.15,0,out_of_energy,0,0,1,0,92,14,0,0,0,47,0.04391409212118947,0.5384269294144602,0.0,0.0,0.99,8,exponential
q_learning,sparse_seed3,sparse,3,4a77b6e251,2212,225,-1.2500000000000249,-10.650000000000025,0.05,0.15,0,out_of_energy,0,0,1,0,109,6,0,0,1,46,0.08139131182870248,2.377683326162224,0.0,0.0,0.99,8,exponential
q_learning,sparse_seed3,sparse,3,4a77b6e251,2213,225,-11.250000000000025,-10.650000000000023,0.05,0.15,0,out_of_energy,0,0,1,0,91,14,0,0,0,50,0.04385474205960334,0.5590048852351511,0.0,0.0,0.99,8,exponential
q_learning,sparse_seed3,sparse,3,4a77b6e251,2214,225,-11.250000000000025,-10.650000000000025,0.05,0.15,0,out_of_energy,0,0,1,0,89,23,0,0,0,53,0.04363618288921453,0.5517740469172084,0.0,0.0,0.99,8,exponential
q_learning,sparse_seed3,sparse,3,4a77b6e251,2215,225,-11.250000000000025,-10.650000000000023,0.05,0.15,0,out_of_energy,0,0,1,0,80,17,0,0,0,45,0.04194533671702633,0.474729736807697,0.0,0.0,0.99,8,exponential
q_learning,sparse_seed3,sparse,3,4a77b6e251,2216,225,-11.250000000000025,-10.650000000000025,0.05,0.15,0,out_of_energy,0,0,1,0,95,22,2,0,0,46,0.044510872697956956,0.5610415968325784,0.0,0.0,0.99,8,exponential
q_learning,sparse_seed3,sparse,3,4a77b6e251,2217,225,-11.250000000000025,-10.650000000000025,0.05,0.15,0,out_of_energy,0,0,1,0,92,20,0,0,0,47,0.04306068955655977,0.5190741603392841,0.0,0.0,0.99,8,exponential
q_learning,sparse_seed3,sparse,3,4a77b6e251,2218,225,-11.250000000000025,-10.650000000000025,0.05,0.15,0,out_of_energy,0,0,1,0,106,2,0,0,0,34,0.04456534320315555,0.5349391052913938,0.0,0.0,0.99,8,exponential
q_learning,sparse_seed3,sparse,3,4a77b6e251,2219,225,-11.250000000000025,-10.650000000000025,0.05,0.15,0,out_of_energy,0,0,1,0,107,35,0,0,0,43,0.04315416033067327,0.5443110627296049,0.0,0.0,0.99,8,exponential
q_learning,sparse_seed3,sparse,3,4a77b6e251,2220,225,-11.250000000000025,-10.650000000000025,0.05,0.15,0,out_of_energy,0,0,1,0,98,9,0,0,0,43,0.04257588679525278,0.47427893877037225,0.0,0.0,0.99,8,exponential
q_learning,sparse_seed3,sparse,3,4a77b6e251,2221,225,-1.2499999999999822,-10.550000000000026,0.05,0.15,0,out_of_energy,0,0,1,0,93,9,0,0,1,36,0.08046064285835837,1.7887351700536607,0.0,0.0,0.99,8,exponential
q_learning,sparse_seed3,sparse,3,4a77b6e251,2222,225,-1.2499999999999822,-10.450000000000024,0.05,0.15,0,out_of_energy,0,0,1,0,97,10,0,0,1,46,0.08464643829138588,0.9517624233471027,0.0,0.0,0.99,8,exponential
q_learning,sparse_seed3,sparse,3,4a77b6e251,2223,225,-11.250000000000025,-10.450000000000024,0.05,0.15,0,out_of_energy,0,0,1,0,89,33,0,0,0,43,0.04325324463829683,0.4885686215893718,0.0,0.0,0.99,8,exponential
q_learning,sparse_seed3,sparse,3,4a77b6e251,2224,225,-11.250000000000025,-10.450000000000024,0.05,0.15,0,out_of_energy,0,0,1,0,96,6,0,0,0,55,0.04475910970195317,0.5394014562539894,0.0,0.0,0.99,8,exponential
q_learning,sparse_seed3,sparse,3,4a77b6e251,2225,225,-1.2499999999999822,-10.350000000000025,0.05,0.15,0,out_of_energy,0,0,1,0,100,6,0,0,1,56,0.11845637294374575,5.793872154926303,0.0,0.0,0.99,8,exponential
q_learning,sparse_seed3,sparse,3,4a77b6e251,2226,225,-11.250000000000025,-10.350000000000025,0.05,0.15,0,out_of_energy,0,0,1,0,115,25,0,0,0,48,0.043617909059078384,0.5851362666051854,0.0,0.0,0.99,8,exponential
q_learning,sparse_seed3,sparse,3,4a77b6e251,2227,225,-11.250000000000025,-10.350000000000025,0.05,0.15,0,out_of_energy,0,0,1,0,91,3,0,0,0,41,0.043708902134968045,0.571091656197508,0.0,0.0,0.99,8,exponential
q_learning,sparse_seed3,sparse,3,4a77b6e251,2228,225,-11.250000000000025,-10.350000000000025,0.05,0.15,0,out_of_energy,0,0,1,0,100,4,0,0,0,45,0.04577281170872055,0.6904771671606289,0.0,0.0,0.99,8,exponential
q_learning,sparse_seed3,sparse,3,4a77b6e251,2229,225,-11.250000000000025,-10.350000000000023,0.05,0.15,0,out_of_energy,0,0,1,0,94,17,0,0,0,47,0.0432097152807329,0.5506924586523624,0.0,0.0,0.99,8,exponential
q_learning,sparse_seed3,sparse,3,4a77b6e251,2230,225,-11.250000000000025,-10.350000000000023,0.05,0.15,0,out_of_energy,0,0,1,0,87,10,2,0,0,35,0.04880820934505277,0.6693803455704056,0.0,0.0,0.99,8,exponential
q_learning,sparse_seed3,sparse,3,4a77b6e251,2231,225,-11.250000000000025,-10.350000000000025,0.05,0.15,0,out_of_energy,0,0,1,0,97,26,0,0,0,37,0.0471323971843012,0.5979089711209875,0.0,0.0,0.99,8,exponential
q_learning,sparse_seed3,sparse,3,4a77b6e251,2232,225,-11.250000000000025,-10.350000000000023,0.05,0.15,0,out_of_energy,0,0,1,0,76,32,0,0,0,49,0.042847511967260755,0.5099075638013119,0.0,0.0,0.99,8,exponential
q_learning,sparse_seed3,sparse,3,4a77b6e251,2233,225,-1.249999999999982,-10.250000000000023,0.05,0.15,0,out_of_energy,0,0,1,0,84,27,0,0,1,44,0.08114993866834191,1.784530658887229,0.0,0.0,0.99,8,exponential
q_learning,sparse_seed3,sparse,3,4a77b6e251,2234,225,-11.250000000000025,-10.250000000000023,0.05,0.15,0,out_of_energy,0,0,1,0,103,12,0,0,0,46,0.04668898806809551,0.6494657541775956,0.0,0.0,0.99,8,exponential
q_learning,sparse_seed3,sparse,3,4a77b6e251,2235,225,-1.2500000000000113,-10.150000000000023,0.05,0.15,0,out_of_energy,0,0,1,0,91,27,0,0,1,39,0.08908551271956094,2.2969096903249886,0.0,0.0,0.99,8,exponential
q_learning,sparse_seed3,sparse,3,4a77b6e251,2236,225,-11.250000000000025,-10.150000000000023,0.05,0.15,0,out_of_energy,0,0,1,0,81,28,3,0,0,48,0.047074876770040006,0.7493345245340666,0.0,0.0,0.99,8,exponential
q_learning,sparse_seed3,sparse,3,4a77b6e251,2237,225,-11.250000000000025,-10.150000000000023,0.05,0.15,0,out_of_energy,0,0,1,0,90,12,0,0,0,39,0.11251892724492743,8.659173048164286,0.0,0.0,0.99,8,exponential
q_learning,sparse_seed3,sparse,3,4a77b6e251,2238,225,-1.2499999999999822,-10.050000000000022,0.05,0.15,0,out_of_energy,0,0,1,0,83,8,0,0,1,44,0.08619005037812422,0.9072603191410442,0.0,0.0,0.99,8,exponential
q_learning,sparse_seed3,sparse,3,4a77b6e251,2239,225,-11.250000000000025,-10.050000000000022,0.05,0.15,0,out_of_energy,0,0,1,0,92,21,0,0,0,47,0.04555583831438429,0.6898385332334107,0.0,0.0,0.99,8,exponential
q_learning,sparse_seed3,sparse,3,4a77b6e251,2240,225,-1.2499999999999964,-9.950000000000022,0.05,0.15,0,out_of_energy,0,0,1,0,89,18,0,0,1,42,0.07738322441533521,1.697612872312709,0.0,0.0,0.99,8,exponential
q_learning,sparse_seed3,sparse,3,4a77b6e251,2241,225,-11.250000000000025,-9.950000000000022,0.05,0.15,0,out_of_energy,0,0,1,0,103,10,1,0,0,44,0.046085321695785095,0.6395270637672654,0.0,0.0,0.99,8,exponential
q_learning,sparse_seed3,sparse,3,4a77b6e251,2242,225,-11.250000000000025,-9.950000000000022,0.05,0.15,0,out_of_energy,0,0,1,0,84,4,0,0,0,42,0.04513436092725044,0.5548413797918834,0.0,0.0,0.99,8,exponential
q_learning,sparse_seed3,sparse,3,4a77b6e251,2243,225,-11.250000000000025,-9.950000000000022,0.05,0.15,0,out_of_energy,0,0,1,0,87,20,2,0,0,49,0.04558291666274163,0.569570350470071,0.0,0.0,0.99,8,exponential
q_learning,sparse_seed3,sparse,3,4a77b6e251,2244,225,-11.250000000000025,-9.950000000000022,0.05,0.15,0,out_of_energy,0,0,1,0,94,7,0,0,0,46,0.04628790883740636,0.5811188111858335,0.0,0.0,0.99,8,exponential
q_learning,sparse_seed3,sparse,3,4a77b6e251,2245,225,-11.250000000000025,-9.950000000000022,0.05,0.15,0,out_of_energy,0,0,1,0,94,19,4,0,0,35,0.04517807214881595,0.8203393543200537,0.0,0.0,0.99,8,exponential
q_learning,sparse_seed3,sparse,3,4a77b6e251,2246,225,-1.2499999999999822,-9.850000000000023,0.05,0.15,0,out_of_energy,0,0,1,0,86,5,0,0,1,40,0.08328473848386471,0.8791324040390656,0.0,0.0,0.99,8,exponential
q_learning,sparse_seed3,sparse,3,4a77b6e251,2247,225,-1.2499999999999822,-9.750000000000023,0.05,0.15,0,out_of_energy,0,0,1,0,93,14,0,0,1,44,0.12626781972304468,8.716067297443487,0.0,0.0,0.99,8,exponential
q_learning,sparse_seed3,sparse,3,4a77b6e251,2248,225,-1.2499999999999984,-9.650000000000023,0.05,0.15,0,out_of_energy,0,0,1,0,85,20,0,0,1,49,0.07998467819882372,1.662410195099544,0.0,0.0,0.99,8,exponential
q_learning,sparse_seed3,sparse,3,4a77b6e251,2249,225,-1.2499999999999822,-9.550000000000022,0.05,0.15,0,out_of_energy,0,0,1,0,78,4,0,0,1,37,0.08628189578028833,1.2157608905677462,0.0,0.0,0.99,8,exponential
q_learning,sparse_seed3,sparse,3,4a77b6e251,2250,225,-11.250000000000025,-9.550000000000022,0.05,0.15,0,out_of_energy,0,0,1,0,92,9,0,0,0,43,0.04214231152483466,0.3365448671039661,0.0,0.0,0.99,8,exponential
q_learning,sparse_seed3,sparse,3,4a77b6e251,2251,225,-11.250000000000025,-9.55000000000002,0.05,0.15,0,out_of_energy,0,0,1,0,104,17,0,0,0,43,0.04307192421349861,0.5361514722604178,0.0,0.0,0.99,8,exponential
q_learning,sparse_seed3,sparse,3,4a77b6e251,2252,225,-1.2500000000000182,-9.450000000000022,0.05,0.15,0,out_of_energy,0,0,1,0,102,7,0,0,1,51,0.08068361679668619,2.1055962793207623,0.0,0.0,0.99,8,exponential
q_learning,sparse_seed3,sparse,3,4a77b6e251,2253,225,-11.250000000000025,-9.45000000000002,0.05,0.15,0,out_of_energy,0,0,1,0,79,33,0,0,0,46,0.044427257053460754,0.49511695349046353,0.0,0.0,0.99,8,exponential
q_learning,sparse_seed3,sparse,3,4a77b6e251,2254,225,-11.250000000000025,-9.45000000000002,0.05,0.15,0,out_of_energy,0,0,1,0,86,25,0,0,0,40,0.04464517489555549,0.598474150828089,0.0,0.0,0.99,8,exponential
q_learning,sparse_seed3,sparse,3,4a77b6e251,2255,225,-11.250000000000025,-9.45000000000002,0.05,0.15,0,out_of_energy,0,0,1,0,105,11,0,0,0,45,0.043311978367445395,0.5381241935679665,0.0,0.0,0.99,8,exponential
q_learning,sparse_seed3,sparse,3,4a77b6e251,2256,225,-11.250000000000025,-9.45000000000002,0.05,0.15,0,out_of_energy,0,0,1,0,86,32,0,0,0,39,0.04666426857090629,0.8077767613281605,0.0,0.0,0.99,8,exponential
q_learning,sparse_seed3,sparse,3,4a77b6e251,2257,225,-11.250000000000025,-9.45000000000002,0.05,0.15,0,out_of_energy,0,0,1,0,90,29,0,0,0,49,0.043055668774194644,0.5584294372137367,0.0,0.0,0.99,8,exponential
q_learning,sparse_seed3,sparse,3,4a77b6e251,2258,225,-11.250000000000025,-9.45000000000002,0.05,0.15,0,out_of_energy,0,0,1,0,77,29,0,0,0,46,0.04671198480990204,0.746172804553531,0.0,0.0,0.99,8,exponential
q_learning,sparse_seed3,sparse,3,4a77b6e251,2259,225,-11.250000000000025,-9.45000000000002,0.05,0.15,0,out_of_energy,0,0,1,0,96,8,0,0,0,50,0.04266671198166893,0.5075413961547277,0.0,0.0,0.99,8,exponential
q_learning,sparse_seed3,sparse,3,4a77b6e251,2260,225,-11.250000000000025,-9.45000000000002,0.05,0.15,0,out_of_energy,0,0,1,0,90,30,0,0,0,39,0.04791195771955979,0.8276497925910992,0.0,0.0,0.99,8,exponential
q_learning,sparse_seed3,sparse,3,4a77b6e251,2261,225,-11.250000000000025,-9.45000000000002,0.05,0.15,0,out_of_energy,0,0,1,0,92,3,0,0,0,43,0.04294009959300005,0.5656649781186645,0.0,0.0,0.99,8,exponential
q_learning,sparse_seed3,sparse,3,4a77b6e251,2262,225,-11.250000000000025,-9.45000000000002,0.05,0.15,0,out_of_energy,0,0,1,0,92,16,0,0,0,47,0.04822832080621301,0.8325242518284733,0.0,0.0,0.99,8,exponential
q_learning,sparse_seed3,sparse,3,4a77b6e251,2263,225,-11.250000000000025,-9.45000000000002,0.05,0.15,0,out_of_energy,0,0,1,0,91,2,0,0,0,30,0.04269372223850377,0.5187392307688783,0.0,0.0,0.99,8,exponential
q_learning,sparse_seed3,sparse,3,4a77b6e251,2264,225,-11.250000000000025,-9.45000000000002,0.05,0.15,0,out_of_energy,0,0,1,0,107,18,0,0,0,44,0.04063456177290132,0.42359548068775593,0.0,0.0,0.99,8,exponential
q_learning,sparse_seed3,sparse,3,4a77b6e251,2265,225,-11.250000000000025,-9.45000000000002,0.05,0.15,0,out_of_energy,0,0,1,0,91,30,0,0,0,63,0.04311153210182091,0.560512786492423,0.0,0.0,0.99,8,exponential
q_learning,sparse_seed3,sparse,3,4a77b6e251,2266,225,-11.250000000000025,-9.45000000000002,0.05,0.15,0,out_of_energy,0,0,1,0,99,13,0,0,0,43,0.043432763249462644,0.5646648238525511,0.0,0.0,0.99,8,exponential
q_learning,sparse_seed3,sparse,3,4a77b6e251,2267,225,-11.250000000000025,-9.45000000000002,0.05,0.15,0,out_of_energy,0,0,1,0,87,5,7,0,0,49,0.0443159296732864,0.5473536889385456,0.0,0.0,0.99,8,exponential
q_learning,sparse_seed3,sparse,3,4a77b6e251,2268,225,-11.250000000000025,-9.45000000000002,0.05,0.15,0,out_of_energy,0,0,1,0,91,20,0,0,0,48,0.04371352059979026,0.574312407062194,0.0,0.0,0.99,8,exponential
q_learning,sparse_seed3,sparse,3,4a77b6e251,2269,225,-11.250000000000025,-9.45000000000002,0.05,0.15,0,out_of_energy,0,0,1,0,79,13,0,0,0,40,0.0475053498162145,0.7550540033428027,0.0,0.0,0.99,8,exponential
q_learning,sparse_seed3,sparse,3,4a77b6e251,2270,225,-11.250000000000025,-9.55000000000002,0.05,0.15,0,out_of_energy,0,0,1,0,98,30,0,0,0,45,0.04577182005441827,0.6240820163609626,0.0,0.0,0.99,8,exponential
q_learning,sparse_seed3,sparse,3,4a77b6e251,2271,225,-11.250000000000025,-9.55000000000002,0.05,0.15,0,out_of_energy,0,0,1,0,87,27,6,0,0,52,0.0428684795267518,0.5414302627267357,0.0,0.0,0.99,8,exponential
q_learning,sparse_seed3,sparse,3,4a77b6e251,2272,225,-11.250000000000025,-9.55000000000002,0.05,0.15,0,out_of_energy,0,0,1,0,85,18,0,0,0,40,0.04757336587225425,0.6920139198951208,0.0,0.0,0.99,8,exponential
q_learning,sparse_seed3,sparse,3,4a77b6e251,2273,225,-11.250000000000025,-9.55000000000002,0.05,0.15,0,out_of_energy,0,0,1,0,94,28,0,0,0,45,0.04444394612494582,0.6807971544669569,0.0,0.0,0.99,8,exponential
q_learning,sparse_seed3,sparse,3,4a77b6e251,2274,225,-11.250000000000025,-9.55000000000002,0.05,0.15,0,out_of_energy,0,0,1,0,85,7,0,0,0,43,0.04427757391558277,0.4738171382294321,0.0,0.0,0.99,8,exponential
q_learning,sparse_seed3,sparse,3,4a77b6e251,2275,225,-11.250000000000025,-9.55000000000002,0.05,0.15,0,out_of_energy,0,0,1,0,99,19,0,0,0,47,0.04635729528650014,0.6825890257567565,0.0,0.0,0.99,8,exponential
q_learning,sparse_seed3,sparse,3,4a77b6e251,2276,225,-11.250000000000025,-9.55000000000002,0.05,0.15,0,out_of_energy,0,0,1,0,92,31,0,0,0,48,0.04245205577460976,0.5687224273257627,0.0,0.0,0.99,8,exponential
q_learning,sparse_seed3,sparse,3,4a77b6e251,2277,225,-11.250000000000025,-9.55000000000002,0.05,0.15,0,out_of_energy,0,0,1,0,93,7,0,0,0,48,0.043520989290088886,0.5598224185146115,0.0,0.0,0.99,8,exponential
q_learning,sparse_seed3,sparse,3,4a77b6e251,2278,225,-1.2499999999999822,-9.45000000000002,0.05,0.15,0,out_of_energy,0,0,1,0,102,10,0,0,1,40,0.0821898973807375,2.5837913213748838,0.0,0.0,0.99,8,exponential
q_learning,sparse_seed3,sparse,3,4a77b6e251,2279,225,-11.250000000000025,-9.45000000000002,0.05,0.15,0,out_of_energy,0,0,1,0,102,3,0,0,0,45,0.0427652025613297,0.5316320719070112,0.0,0.0,0.99,8,exponential
q_learning,sparse_seed3,sparse,3,4a77b6e251,2280,225,-11.250000000000025,-9.45000000000002,0.05,0.15,0,out_of_energy,0,0,1,0,86,26,0,0,0,48,0.04358086745123831,0.5193744214161579,0.0,0.0,0.99,8,exponential
q_learning,sparse_seed3,sparse,3,4a77b6e251,2281,225,-11.250000000000025,-9.45000000000002,0.05,0.15,0,out_of_energy,0,0,1,0,96,16,1,0,0,51,0.044989245347409716,0.5987889937186657,0.0,0.0,0.99,8,exponential
q_learning,sparse_seed3,sparse,3,4a77b6e251,2282,225,-11.250000000000025,-9.45000000000002,0.05,0.15,0,out_of_energy,0,0,1,0,115,31,0,0,0,30,0.044347758578976874,0.5892179835037904,0.0,0.0,0.99,8,exponential
q_learning,sparse_seed3,sparse,3,4a77b6e251,2283,225,-11.250000000000025,-9.45000000000002,0.05,0.15,0,out_of_energy,0,0,1,0,90,28,0,0,0,46,0.04553324257775413,0.5223537495057968,0.0,0.0,0.99,8,exponential
q_learning,sparse_seed3,sparse,3,4a77b6e251,2284,225,-1.2499999999999905,-9.350000000000021,0.05,0.15,0,out_of_energy,0,0,1,0,97,12,0,0,1,44,0.07755070939822076,2.4766385071459007,0.0,0.0,0.99,8,exponential
q_learning,sparse_seed3,sparse,3,4a77b6e251,2285,225,-11.250000000000025,-9.350000000000021,0.05,0.15,0,out_of_energy,0,0,1,0,90,5,0,0,0,56,0.04537758965546739,0.5547915133227502,0.0,0.0,0.99,8,exponential
q_learning,sparse_seed3,sparse,3,4a77b6e251,2286,225,-1.2500000000000162,-9.250000000000021,0.05,0.15,0,out_of_energy,0,0,1,0,94,7,0,0,1,51,0.08057791285638122,2.086548745089222,0.0,0.0,0.99,8,exponential
q_learning,sparse_seed3,sparse,3,4a77b6e251,2287,225,-11.250000000000025,-9.350000000000021,0.05,0.15,0,out_of_energy,0,0,1,0,87,32,0,0,0,52,0.04513114007008912,0.5531269281115392,0.0,0.0,0.99,8,exponential
q_learning,sparse_seed3,sparse,3,4a77b6e251,2288,225,-1.250000000000012,-9.250000000000021,0.05,0.15,0,out_of_energy,0,0,1,0,80,8,0,0,1,30,0.08553457341376516,2.0402083397094413,0.0,0.0,0.99,8,exponential
q_learning,sparse_seed3,sparse,3,4a77b6e251,2289,225,-11.250000000000025,-9.250000000000021,0.05,0.15,0,out_of_energy,0,0,1,0,110,0,0,0,0,44,0.044791752686174094,0.565889213112123,0.0,0.0,0.99,8,exponential
q_learning,sparse_seed3,sparse,3,4a77b6e251,2290,225,-11.250000000000025,-9.250000000000021,0.05,0.15,0,out_of_energy,0,0,1,0,94,8,0,0,0,62,0.042254460727947585,0.48667015262425645,0.0,0.0,0.99,8,exponential
q_learning,sparse_seed3,sparse,3,4a77b6e251,2291,225,-1.2499999999999885,-9.250000000000021,0.05,0.15,0,out_of_energy,0,0,1,0,104,16,0,0,1,45,0.0777427459668874,1.9836065444908835,0.0,0.0,0.99,8,exponential
q_learning,sparse_seed3,sparse,3,4a77b6e251,2292,225,-11.250000000000025,-9.25000000000002,0.05,0.15,0,out_of_energy,0,0,1,0,101,20,0,0,0,43,0.044167860017631316,0.5346019679107643,0.0,0.0,0.99,8,exponential
q_learning,sparse_seed3,sparse,3,4a77b6e251,2293,225,-11.250000000000025,-9.250000000000021,0.05,0.15,0,out_of_energy,0,0,1,0,106,21,0,0,0,41,0.045390135606835684,0.5896782440452256,0.0,0.0,0.99,8,exponential
q_learning,sparse_seed3,sparse,3,4a77b6e251,2294,225,-11.250000000000025,-9.250000000000021,0.05,0.15,0,out_of_energy,0,0,1,0,95,17,0,0,0,50,0.047827251369152876,0.8120353822004323,0.0,0.0,0.99,8,exponential
q_learning,sparse_seed3,sparse,3,4a77b6e251,2295,225,-11.250000000000025,-9.250000000000021,0.05,0.15,0,out_of_energy,0,0,1,0,100,26,0,0,0,45,0.042143722820154876,0.555259097792271,0.0,0.0,0.99,8,exponential
q_learning,sparse_seed3,sparse,3,4a77b6e251,2296,225,-11.250000000000025,-9.25000000000002,0.05,0.15,0,out_of_energy,0,0,1,0,88,14,0,0,0,55,0.043092025787571625,0.5206991171670805,0.0,0.0,0.99,8,exponential
q_learning,sparse_seed3,sparse,3,4a77b6e251,2297,225,-11.250000000000025,-9.25000000000002,0.05,0.15,0,out_of_energy,0,0,1,0,93,7,0,0,0,60,0.043727320995094,0.5151517166897234,0.0,0.0,0.99,8,exponential
q_learning,sparse_seed3,sparse,3,4a77b6e251,2298,225,-1.2499999999999931,-9.15000000000002,0.05,0.15,0,out_of_energy,0,0,1,0,86,27,0,0,1,36,0.10398329544166175,5.70136158726036,0.0,0.0,0.99,8,exponential
q_learning,sparse_seed3,sparse,3,4a77b6e251,2299,225,-11.250000000000025,-9.15000000000002,0.05,0.15,0,out_of_energy,0,0,1,0,107,4,0,0,0,39,0.04194563296122362,0.372773371202493,0.0,0.0,0.99,8,exponential
q_learning,sparse_seed3,sparse,3,4a77b6e251,2300,225,-11.250000000000025,-9.15000000000002,0.05,0.15,0,out_of_energy,0,0,1,0,92,22,0,0,0,43,0.043378822687116084,0.5603092502702031,0.0,0.0,0.99,8,exponential
q_learning,sparse_seed3,sparse,3,4a77b6e251,2301,225,-11.250000000000025,-9.25000000000002,0.05,0.15,0,out_of_energy,0,0,1,0,104,0,0,0,0,41,0.04178758044779581,0.26417573521596005,0.0,0.0,0.99,8,exponential
q_learning,sparse_seed3,sparse,3,4a77b6e251,2302,225,-11.250000000000025,-9.250000000000021,0.05,0.15,0,out_of_energy,0,0,1,0,82,5,0,0,0,50,0.04190452228430348,0.5170507324856773,0.0,0.0,0.99,8,exponential
q_learning,sparse_seed3,sparse,3,4a77b6e251,2303,225,-11.250000000000025,-9.250000000000021,0.05,0.15,0,out_of_energy,0,0,1,0,101,2,0,0,0,48,0.043120176470929784,0.5414845437587459,0.0,0.0,0.99,8,exponential
q_learning,sparse_seed3,sparse,3,4a77b6e251,2304,225,-11.250000000000025,-9.25000000000002,0.05,0.15,0,out_of_energy,0,0,1,0,104,6,0,0,0,51,0.042349775011656036,0.5531462007115369,0.0,0.0,0.99,8,exponential
q_learning,sparse_seed3,sparse,3,4a77b6e251,2305,225,-1.2499999999999822,-9.15000000000002,0.05,0.15,0,out_of_energy,0,0,1,0,93,13,0,0,1,47,0.0812317773474698,2.499143607289458,0.0,0.0,0.99,8,exponential
q_learning,sparse_seed3,sparse,3,4a77b6e251,2306,225,-11.250000000000025,-9.15000000000002,0.05,0.15,0,out_of_energy,0,0,1,0,100,16,0,0,0,49,0.04223770819405679,0.513393096914984,0.0,0.0,0.99,8,exponential
q_learning,sparse_seed3,sparse,3,4a77b6e251,2307,225,-1.2499999999999822,-9.050000000000018,0.05,0.15,0,out_of_energy,0,0,1,0,99,9,0,0,1,46,0.08841121834647223,2.057376207714453,0.0,0.0,0.99,8,exponential
q_learning,sparse_seed3,sparse,3,4a77b6e251,2308,225,-11.250000000000025,-9.15000000000002,0.05,0.15,0,out_of_energy,0,0,1,0,104,12,0,0,0,47,0.041390668098255916,0.2504889725883488,0.0,0.0,0.99,8,exponential
q_learning,sparse_seed3,sparse,3,4a77b6e251,2309,225,-11.250000000000025,-9.15000000000002,0.05,0.15,0,out_of_energy,0,0,1,0,92,28,0,0,0,47,0.048218871022044564,0.5677032617148986,0.0,0.0,0.99,8,exponential
q_learning,sparse_seed3,sparse,3,4a77b6e251,2310,225,-1.2500000000000056,-9.050000000000018,0.05,0.15,0,out_of_energy,0,0,1,0,90,25,0,0,1,41,0.08028081145595448,1.6000138288999768,0.0,0.0,0.99,8,exponential
q_learning,sparse_seed3,sparse,3,4a77b6e251,2311,225,-11.250000000000025,-9.050000000000018,0.05,0.15,0,out_of_energy,0,0,1,0,93,11,0,0,0,44,0.04615117936329634,0.6149915734041536,0.0,0.0,0.99,8,exponential
q_learning,sparse_seed3,sparse,3,4a77b6e251,2312,225,-11.250000000000025,-9.150000000000018,0.05,0.15,0,out_of_energy,0,0,1,0,79,14,0,0,0,40,0.04469659342462025,0.5868696579669169,0.0,0.0,0.99,8,exponential
q_learning,sparse_seed3,sparse,3,4a77b6e251,2313,225,-11.250000000000025,-9.150000000000018,0.05,0.15,0,out_of_energy,0,0,1,0,97,7,0,0,0,45,0.043130822445736246,0.5665525040801738,0.0,0.0,0.99,8,exponential
q_learning,sparse_seed3,sparse,3,4a77b6e251,2314,225,-11.250000000000025,-9.15000000000002,0.05,0.15,0,out_of_energy,0,0,1,0,94,11,0,0,0,42,0.04560490253115262,0.7462597782352363,0.0,0.0,0.99,8,exponential
q_learning,sparse_seed3,sparse,3,4a77b6e251,2315,225,-11.250000000000025,-9.150000000000018,0.05,0.15,0,out_of_energy,0,0,1,0,108,46,1,0,0,40,0.04504851214537465,0.6264640742705632,0.0,0.0,0.99,8,exponential
q_learning,sparse_seed3,sparse,3,4a77b6e251,2316,225,-11.250000000000025,-9.150000000000018,0.05,0.15,0,out_of_energy,0,0,1,0,92,7,0,0,0,45,0.04374123650362149,0.5407961479950202,0.0,0.0,0.99,8,exponential
q_learning,sparse_seed3,sparse,3,4a77b6e251,2317,225,-11.250000000000025,-9.150000000000018,0.05,0.15,0,out_of_energy,0,0,1,0,96,21,0,0,0,48,0.04474011550803204,0.6071865067516404,0.0,0.0,0.99,8,exponential
q_learning,sparse_seed3,sparse,3,4a77b6e251,2318,225,-11.250000000000025,-9.15000000000002,0.05,0.15,0,out_of_energy,0,0,1,0,101,3,0,0,0,51,0.04233736982383573,0.38862526866074204,0.0,0.0,0.99,8,exponential
q_learning,sparse_seed3,sparse,3,4a77b6e251,2319,225,-11.250000000000025,-9.150000000000018,0.05,0.15,0,out_of_energy,0,0,1,0,102,22,0,0,0,41,0.04207675790983119,0.5539719913390404,0.0,0.0,0.99,8,exponential
q_learning,sparse_seed3,sparse,3,4a77b6e251,2320,225,-11.250000000000025,-9.150000000000018,0.05,0.15,0,out_of_energy,0,0,1,0,79,8,2,0,0,44,0.0449698426814745,0.5402843783319973,0.0,0.0,0.99,8,exponential
q_learning,sparse_seed3,sparse,3,4a77b6e251,2321,225,-11.250000000000025,-9.250000000000018,0.05,0.15,0,out_of_energy,0,0,1,0,92,4,0,0,0,40,0.0420934109519128,0.5372843930084441,0.0,0.0,0.99,8,exponential
q_learning,sparse_seed3,sparse,3,4a77b6e251,2322,225,-11.250000000000025,-9.350000000000021,0.05,0.15,0,out_of_energy,0,0,1,0,96,14,0,0,0,45,0.0427221945904988,0.5770347850039363,0.0,0.0,0.99,8,exponential
q_learning,sparse_seed3,sparse,3,4a77b6e251,2323,225,-1.2499999999999822,-9.25000000000002,0.05,0.15,0,out_of_energy,0,0,1,0,96,6,0,0,1,44,0.08723105501693554,2.109427907162923,0.0,0.0,0.99,8,exponential
q_learning,sparse_seed3,sparse,3,4a77b6e251,2324,225,-11.250000000000025,-9.250000000000021,0.05,0.15,0,out_of_energy,0,0,1,0,85,8,0,0,0,41,0.04297167553456079,0.5543780323860092,0.0,0.0,0.99,8,exponential
q_learning,sparse_seed3,sparse,3,4a77b6e251,2325,225,-11.250000000000025,-9.350000000000021,0.05,0.15,0,out_of_energy,0,0,1,0,92,7,0,0,0,53,0.04285886646912142,0.5544029527333226,0.0,0.0,0.99,8,exponential
q_learning,sparse_seed3,sparse,3,4a77b6e251,2326,225,-11.250000000000025,-9.350000000000021,0.05,0.15,0,out_of_energy,0,0,1,0,107,28,0,0,0,42,0.04518836371397253,0.5652465120327893,0.0,0.0,0.99,8,exponential
q_learning,sparse_seed3,sparse,3,4a77b6e251,2327,225,-11.250000000000025,-9.35000000000002,0.05,0.15,0,out_of_energy,0,0,1,0,95,27,0,0,0,50,0.04328529529151271,0.5626485587683084,0.0,0.0,0.99,8,exponential
q_learning,sparse_seed3,sparse,3,4a77b6e251,2328,225,-11.250000000000025,-9.350000000000021,0.05,0.15,0,out_of_energy,0,0,1,0,88,9,0,0,0,45,0.045051565452139467,0.5560773611049633,0.0,0.0,0.99,8,exponential
q_learning,sparse_seed3,sparse,3,4a77b6e251,2329,225,-11.250000000000025,-9.35000000000002,0.05,0.15,0,out_of_energy,0,0,1,0,90,6,0,0,0,50,0.043273561409236945,0.519767876301232,0.0,0.0,0.99,8,exponential
q_learning,sparse_seed3,sparse,3,4a77b6e251,2330,225,-11.250000000000025,-9.35000000000002,0.05,0.15,0,out_of_energy,0,0,1,0,106,6,0,0,0,49,0.042855484963216194,0.5396676824329518,0.0,0.0,0.99,8,exponential
q_learning,sparse_seed3,sparse,3,4a77b6e251,2331,225,-11.250000000000025,-9.35000000000002,0.05,0.15,0,out_of_energy,0,0,1,0,84,12,2,0,0,43,0.04383190822650897,0.5798301423151673,0.0,0.0,0.99,8,exponential
q_learning,sparse_seed3,sparse,3,4a77b6e251,2332,225,-11.250000000000025,-9.350000000000021,0.05,0.15,0,out_of_energy,0,0,1,0,85,21,4,0,0,41,0.04255747069525068,0.47069704677813523,0.0,0.0,0.99,8,exponential
q_learning,sparse_seed3,sparse,3,4a77b6e251,2333,225,-11.250000000000025,-9.45000000000002,0.05,0.15,0,out_of_energy,0,0,1,0,99,27,0,0,0,44,0.04307933791486535,0.5598252735054982,0.0,0.0,0.99,8,exponential
q_learning,sparse_seed3,sparse,3,4a77b6e251,2334,225,-11.250000000000025,-9.45000000000002,0.05,0.15,0,out_of_energy,0,0,1,0,123,1,0,0,0,59,0.04261587689250307,0.5196024057169907,0.0,0.0,0.99,8,exponential
q_learning,sparse_seed3,sparse,3,4a77b6e251,2335,225,-11.250000000000025,-9.55000000000002,0.05,0.15,0,out_of_energy,0,0,1,0,90,11,2,0,0,34,0.046586020553925335,0.5527138842011627,0.0,0.0,0.99,8,exponential
q_learning,sparse_seed3,sparse,3,4a77b6e251,2336,225,-11.250000000000025,-9.55000000000002,0.05,0.15,0,out_of_energy,0,0,1,0,98,30,0,0,0,39,0.04731412145463411,0.6505984580228542,0.0,0.0,0.99,8,exponential
q_learning,sparse_seed3,sparse,3,4a77b6e251,2337,225,-11.250000000000025,-9.55000000000002,0.05,0.15,0,out_of_energy,0,0,1,0,79,18,5,0,0,42,0.04539814802901996,0.6241042905166638,0.0,0.0,0.99,8,exponential
q_learning,sparse_seed3,sparse,3,4a77b6e251,2338,225,-11.250000000000025,-9.65000000000002,0.05,0.15,0,out_of_energy,0,0,1,0,103,18,0,0,0,52,0.043059798841037555,0.5818259006024485,0.0,0.0,0.99,8,exponential
q_learning,sparse_seed3,sparse,3,4a77b6e251,2339,225,-11.250000000000025,-9.65000000000002,0.05,0.15,0,out_of_energy,0,0,1,0,92,20,5,0,0,50,0.04631871500773144,0.8090392833703115,0.0,0.0,0.99,8,exponential
q_learning,sparse_seed3,sparse,3,4a77b6e251,2340,225,-1.2499999999999822,-9.65000000000002,0.05,0.15,0,out_of_energy,0,0,1,0,90,9,0,0,1,38,0.08412780619569292,0.9458587253075734,0.0,0.0,0.99,8,exponential
q_learning,sparse_seed3,sparse,3,4a77b6e251,2341,225,-1.2499999999999822,-9.55000000000002,0.05,0.15,0,out_of_energy,0,0,1,0,100,10,0,0,1,50,0.08479515030831525,1.0280364380852118,0.0,0.0,0.99,8,exponential
q_learning,sparse_seed3,sparse,3,4a77b6e251,2342,225,-1.2499999999999822,-9.45000000000002,0.05,0.15,0,out_of_energy,0,0,1,0,92,8,0,0,1,44,0.09523257564288133,1.9041677441612723,0.0,0.0,0.99,8,exponential
q_learning,sparse_seed3,sparse,3,4a77b6e251,2343,225,-1.2499999999999822,-9.350000000000021,0.05,0.15,0,out_of_energy,0,0,1,0,84,9,0,0,1,40,0.10764692802820164,3.172144359876995,0.0,0.0,0.99,8,exponential
q_learning,sparse_seed3,sparse,3,4a77b6e251,2344,225,-1.2499999999999822,-9.250000000000021,0.05,0.15,0,out_of_energy,0,0,1,0,82,18,0,0,1,35,0.11046152600533109,3.711216606860874,0.0,0.0,0.99,8,exponential
q_learning,sparse_seed3,sparse,3,4a77b6e251,2345,225,-1.2499999999999822,-9.15000000000002,0.05,0.15,0,out_of_energy,0,0,1,0,85,5,0,0,1,39,0.12019814245275534,4.5255384723905365,0.0,0.0,0.99,8,exponential
q_learning,sparse_seed3,sparse,3,4a77b6e251,2346,225,-1.2499999999999822,-9.15000000000002,0.05,0.15,0,out_of_energy,0,0,1,0,81,21,0,0,1,48,0.09055687293971368,1.7533865600876135,0.0,0.0,0.99,8,exponential
q_learning,sparse_seed3,sparse,3,4a77b6e251,2347,225,-11.250000000000025,-9.250000000000021,0.05,0.15,0,out_of_energy,0,0,1,0,92,9,0,0,0,53,0.043329827803311044,0.57672790496884,0.0,0.0,0.99,8,exponential
q_learning,sparse_seed3,sparse,3,4a77b6e251,2348,225,-1.2499999999999822,-9.250000000000021,0.05,0.15,0,out_of_energy,0,0,1,0,103,7,0,0,1,41,0.0827054274618703,1.1905877537297274,0.0,0.0,0.99,8,exponential
q_learning,sparse_seed3,sparse,3,4a77b6e251,2349,225,-1.2499999999999822,-9.250000000000021,0.05,0.15,0,out_of_energy,0,0,1,0,99,25,0,0,1,48,0.12975325015694525,7.811316298212908,0.0,0.0,0.99,8,exponential
q_learning,sparse_seed3,sparse,3,4a77b6e251,2350,225,-1.2499999999999822,-9.15000000000002,0.05,0.15,0,out_of_energy,0,0,1,0,96,3,0,0,1,43,0.0855048311213075,1.2324769741414823,0.0,0.0,0.99,8,exponential
q_learning,sparse_seed3,sparse,3,4a77b6e251,2351,225,-11.250000000000025,-9.15000000000002,0.05,0.15,0,out_of_energy,0,0,1,0,84,12,0,0,0,46,0.0450212419125511,0.5532920833381516,0.0,0.0,0.99,8,exponential
q_learning,sparse_seed3,sparse,3,4a77b6e251,2352,225,-11.250000000000025,-9.25000000000002,0.05,0.15,0,out_of_energy,0,0,1,0,114,7,0,0,0,50,0.04186987403808071,0.502100342826758,0.0,0.0,0.99,8,exponential
q_learning,sparse_seed3,sparse,3,4a77b6e251,2353,225,-11.250000000000025,-9.25000000000002,0.05,0.15,0,out_of_energy,0,0,1,0,82,27,2,0,0,42,0.04443535382235543,0.5033347295915165,0.0,0.0,0.99,8,exponential
q_learning,sparse_seed3,sparse,3,4a77b6e251,2354,225,-11.250000000000025,-9.250000000000018,0.05,0.15,0,out_of_energy,0,0,1,0,104,12,0,0,0,50,0.04263623710229789,0.5855556406541469,0.0,0.0,0.99,8,exponential
q_learning,sparse_seed3,sparse,3,4a77b6e251,2355,225,-11.250000000000025,-9.250000000000018,0.05,0.15,0,out_of_energy,0,0,1,0,105,9,0,0,0,47,0.04305053210315281,0.5585425699353475,0.0,0.0,0.99,8,exponential
q_learning,sparse_seed3,sparse,3,4a77b6e251,2356,225,-1.2499999999999822,-9.150000000000018,0.05,0.15,0,out_of_energy,0,0,1,0,84,3,0,0,1,45,0.13972132558611963,5.27672277460714,0.0,0.0,0.99,8,exponential
q_learning,sparse_seed3,sparse,3,4a77b6e251,2357,225,-1.2499999999999822,-9.050000000000018,0.05,0.15,0,out_of_energy,0,0,1,0,88,14,0,0,1,44,0.12226052638858206,4.5115332695005,0.0,0.0,0.99,8,exponential
q_learning,sparse_seed3,sparse,3,4a77b6e251,2358,225,-11.250000000000025,-9.050000000000018,0.05,0.15,0,out_of_energy,0,0,1,0,88,2,0,0,0,46,0.039880195502297155,0.2699873469094549,0.0,0.0,0.99,8,exponential
q_learning,sparse_seed3,sparse,3,4a77b6e251,2359,225,-11.250000000000025,-9.050000000000018,0.05,0.15,0,out_of_energy,0,0,1,0,90,39,0,0,0,34,0.04192134016871463,0.42678529140274435,0.0,0.0,0.99,8,exponential
q_learning,sparse_seed3,sparse,3,4a77b6e251,2360,225,-11.250000000000025,-9.050000000000018,0.05,0.15,0,out_of_energy,0,0,1,0,94,20,0,0,0,41,0.042594711937400734,0.5718235620799965,0.0,0.0,0.99,8,exponential
q_learning,sparse_seed3,sparse,3,4a77b6e251,2361,225,-11.250000000000025,-9.050000000000018,0.05,0.15,0,out_of_energy,0,0,1,0,101,7,0,0,0,45,0.03914635880566222,0.23837217982421055,0.0,0.0,0.99,8,exponential
q_learning,sparse_seed3,sparse,3,4a77b6e251,2362,225,-11.250000000000025,-9.050000000000017,0.05,0.15,0,out_of_energy,0,0,1,0,102,4,0,0,0,36,0.040995523809761444,0.48052364435166,0.0,0.0,0.99,8,exponential
q_learning,sparse_seed3,sparse,3,4a77b6e251,2363,225,-11.250000000000025,-9.050000000000018,0.05,0.15,0,out_of_energy,0,0,1,0,90,21,0,0,0,49,0.04358553917377785,0.5238168548341884,0.0,0.0,0.99,8,exponential
q_learning,sparse_seed3,sparse,3,4a77b6e251,2364,225,-1.2499999999999822,-8.950000000000017,0.05,0.15,0,out_of_energy,0,0,1,0,95,12,0,0,1,55,0.11494271344961515,3.2844274787835346,0.0,0.0,0.99,8,exponential
q_learning,sparse_seed3,sparse,3,4a77b6e251,2365,225,-11.250000000000025,-8.950000000000019,0.05,0.15,0,out_of_energy,0,0,1,0,90,8,0,0,0,46,0.046931190093712,0.6035838896806854,0.0,0.0,0.99,8,exponential
q_learning,sparse_seed3,sparse,3,4a77b6e251,2366,225,-11.250000000000025,-8.950000000000017,0.05,0.15,0,out_of_energy,0,0,1,0,88,9,3,0,0,43,0.04484782066570994,0.5447755532101056,0.0,0.0,0.99,8,exponential
q_learning,sparse_seed3,sparse,3,4a77b6e251,2367,225,-1.2499999999999822,-8.850000000000017,0.05,0.15,0,out_of_energy,0,0,1,0,96,8,0,0,1,40,0.1279423884591964,3.8021641744322383,0.0,0.0,0.99,8,exponential
q_learning,sparse_seed3,sparse,3,4a77b6e251,2368,225,-11.250000000000025,-8.850000000000017,0.05,0.15,0,out_of_energy,0,0,1,0,90,13,0,0,0,52,0.04378383055566212,0.5446828813537112,0.0,0.0,0.99,8,exponential
q_learning,sparse_seed3,sparse,3,4a77b6e251,2369,225,-1.2499999999999822,-8.750000000000018,0.05,0.15,0,out_of_energy,0,0,1,0,86,7,0,0,1,34,0.11197231678963611,7.5502451191108335,0.0,0.0,0.99,8,exponential
q_learning,sparse_seed3,sparse,3,4a77b6e251,2370,225,-1.2499999999999822,-8.650000000000016,0.05,0.15,0,out_of_energy,0,0,1,0,87,6,0,0,1,51,0.09357947394334572,2.4861691776992725,0.0,0.0,0.99,8,exponential
q_learning,sparse_seed3,sparse,3,4a77b6e251,2371,225,-1.2499999999999822,-8.550000000000017,0.05,0.15,0,out_of_energy,0,0,1,0,88,4,0,0,1,48,0.10106121153277431,3.1117222599788747,0.0,0.0,0.99,8,exponential
q_learning,sparse_seed3,sparse,3,4a77b6e251,2372,225,-1.2499999999999822,-8.450000000000017,0.05,0.15,0,out_of_energy,0,0,1,0,90,17,0,0,1,54,0.11256270302679794,4.128237324158182,0.0,0.0,0.99,8,exponential
q_learning,sparse_seed3,sparse,3,4a77b6e251,2373,225,-1.2499999999999822,-8.350000000000016,0.05,0.15,0,out_of_energy,0,0,1,0,103,7,0,0,1,36,0.16010102619135932,6.76262365711007,0.0,0.0,0.99,8,exponential
q_learning,sparse_seed3,sparse,3,4a77b6e251,2374,225,-1.2499999999999822,-8.250000000000016,0.05,0.15,0,out_of_energy,0,0,1,0,86,16,0,0,1,46,0.10686046229408214,3.82387500047837,0.0,0.0,0.99,8,exponential
q_learning,sparse_seed3,sparse,3,4a77b6e251,2375,225,-1.2499999999999822,-8.150000000000016,0.05,0.15,0,out_of_energy,0,0,1,0,81,9,0,0,1,42,0.12722256953445418,3.7776182770081825,0.0,0.0,0.99,8,exponential
q_learning,sparse_seed3,sparse,3,4a77b6e251,2376,225,-11.250000000000025,-8.150000000000016,0.05,0.15,0,out_of_energy,0,0,1,0,92,11,0,0,0,50,0.045103017222548294,0.580127159885019,0.0,0.0,0.99,8,exponential
q_learning,sparse_seed3,sparse,3,4a77b6e251,2377,225,-1.2499999999999822,-8.050000000000013,0.05,0.15,0,out_of_energy,0,0,1,0,76,15,0,0,1,37,0.11042564092662113,4.099413022289123,0.0,0.0,0.99,8,exponential
q_learning,sparse_seed3,sparse,3,4a77b6e251,2378,225,-11.250000000000025,-8.150000000000015,0.05,0.15,0,out_of_energy,0,0,1,0,81,22,0,0,0,41,0.04682778535171886,0.9017370098622784,0.0,0.0,0.99,8,exponential
q_learning,sparse_seed3,sparse,3,4a77b6e251,2379,225,-11.250000000000025,-8.150000000000013,0.05,0.15,0,out_of_energy,0,0,1,0,99,21,0,0,0,47,0.044800022244023234,0.5465018961430619,0.0,0.0,0.99,8,exponential
q_learning,sparse_seed3,sparse,3,4a77b6e251,2380,225,-1.2499999999999822,-8.050000000000013,0.05,0.15,0,out_of_energy,0,0,1,0,82,5,0,0,1,51,0.08424331694645544,2.0780228628937882,0.0,0.0,0.99,8,exponential
q_learning,sparse_seed3,sparse,3,4a77b6e251,2381,225,-1.2499999999999822,-7.9500000000000135,0.05,0.15,0,out_of_energy,0,0,1,0,108,8,0,0,1,46,0.0919690327411072,2.1769899629112404,0.0,0.0,0.99,8,exponential
q_learning,sparse_seed3,sparse,3,4a77b6e251,2382,225,-1.2499999999999822,-7.850000000000014,0.05,0.15,0,out_of_energy,0,0,1,0,83,9,0,0,1,46,0.1329386035568828,4.8653926627376,0.0,0.0,0.99,8,exponential
q_learning,sparse_seed3,sparse,3,4a77b6e251,2383,225,-1.2499999999999822,-7.750000000000013,0.05,0.15,0,out_of_energy,0,0,1,0,85,16,0,0,1,48,0.1075911321157661,5.727566065583174,0.0,0.0,0.99,8,exponential
q_learning,sparse_seed3,sparse,3,4a77b6e251,2384,225,-1.2499999999999822,-7.750000000000013,0.05,0.15,0,out_of_energy,0,0,1,0,85,18,0,0,1,48,0.12347334158965456,4.118266410153478,0.0,0.0,0.99,8,exponential
q_learning,sparse_seed3,sparse,3,4a77b6e251,2385,225,-1.2499999999999822,-7.650000000000014,0.05,0.15,0,out_of_energy,0,0,1,0,100,17,0,0,1,45,0.08183491856020794,2.4259639803670856,0.0,0.0,0.99,8,exponential
q_learning,sparse_seed3,sparse,3,4a77b6e251,2386,225,-1.2499999999999822,-7.650000000000013,0.05,0.15,0,out_of_energy,0,0,1,0,90,7,0,0,1,44,0.12893052340382358,7.227127955523192,0.0,0.0,0.99,8,exponential
q_learning,sparse_seed3,sparse,3,4a77b6e251,2387,225,-1.2499999999999822,-7.550000000000012,0.05,0.15,0,out_of_energy,0,0,1,0,79,14,0,0,1,50,0.1098096849400592,3.799912246199044,0.0,0.0,0.99,8,exponential
q_learning,sparse_seed3,sparse,3,4a77b6e251,2388,225,-1.2499999999999822,-7.550000000000012,0.05,0.15,0,out_of_energy,0,0,1,0,88,9,0,0,1,36,0.1520044473080325,3.938286727895407,0.0,0.0,0.99,8,exponential
q_learning,sparse_seed3,sparse,3,4a77b6e251,2389,225,-1.2499999999999822,-7.450000000000012,0.05,0.15,0,out_of_energy,0,0,1,0,86,8,0,0,1,44,0.09797178105182212,3.493450304015986,0.0,0.0,0.99,8,exponential
q_learning,sparse_seed3,sparse,3,4a77b6e251,2390,225,-1.2499999999999822,-7.350000000000011,0.05,0.15,0,out_of_energy,0,0,1,0,89,6,0,0,1,40,0.1223119392420701,4.031570494952656,0.0,0.0,0.99,8,exponential
q_learning,sparse_seed3,sparse,3,4a77b6e251,2391,225,-1.2499999999999822,-7.350000000000011,0.05,0.15,0,out_of_energy,0,0,1,0,80,9,0,0,1,40,0.11705204291003812,7.845467720133046,0.0,0.0,0.99,8,exponential
q_learning,sparse_seed3,sparse,3,4a77b6e251,2392,225,-1.2499999999999822,-7.2500000000000115,0.05,0.15,0,out_of_energy,0,0,1,0,86,9,0,0,1,48,0.11612124508393785,4.608088978654949,0.0,0.0,0.99,8,exponential
q_learning,sparse_seed3,sparse,3,4a77b6e251,2393,225,-1.2499999999999822,-7.150000000000011,0.05,0.15,0,out_of_energy,0,0,1,0,88,34,0,0,1,38,0.08482136742993777,1.4818569316047103,0.0,0.0,0.99,8,exponential
q_learning,sparse_seed3,sparse,3,4a77b6e251,2394,225,-1.2499999999999822,-7.0500000000000105,0.05,0.15,0,out_of_energy,0,0,1,0,93,9,0,0,1,49,0.12009332282999433,3.7861880478471033,0.0,0.0,0.99,8,exponential
q_learning,sparse_seed3,sparse,3,4a77b6e251,2395,225,-11.250000000000025,-7.0500000000000105,0.05,0.15,0,out_of_energy,0,0,1,0,78,16,0,0,0,36,0.1045437823666427,7.313872460552457,0.0,0.0,0.99,8,exponential
q_learning,sparse_seed3,sparse,3,4a77b6e251,2396,225,-11.250000000000025,-7.050000000000009,0.05,0.15,0,out_of_energy,0,0,1,0,90,8,3,0,0,39,0.046352314513066865,0.638803836494086,0.0,0.0,0.99,8,exponential
q_learning,sparse_seed3,sparse,3,4a77b6e251,2397,225,-1.2499999999999822,-6.950000000000009,0.05,0.15,0,out_of_energy,0,0,1,0,90,22,0,0,1,46,0.10657348748690851,6.05753639648914,0.0,0.0,0.99,8,exponential
q_learning,sparse_seed3,sparse,3,4a77b6e251,2398,225,-1.2499999999999822,-6.950000000000009,0.05,0.15,0,out_of_energy,0,0,1,0,86,4,0,0,1,52,0.14019106410936508,4.893254789720357,0.0,0.0,0.99,8,exponential
q_learning,sparse_seed3,sparse,3,4a77b6e251,2399,225,-11.250000000000025,-6.950000000000009,0.05,0.15,0,out_of_energy,0,0,1,0,85,19,0,0,0,52,0.04181819027355807,0.41603589929942747,0.0,0.0,0.99,8,exponential
q_learning,sparse_seed3,sparse,3,4a77b6e251,2400,225,-1.2499999999999822,-6.850000000000009,0.05,0.15,0,out_of_energy,0,0,1,0,86,9,0,0,1,36,0.10741218211936535,4.440027035617989,0.0,0.0,0.99,8,exponential
q_learning,sparse_seed3,sparse,3,4a77b6e251,2401,225,-1.2499999999999822,-6.750000000000009,0.05,0.15,0,out_of_energy,0,0,1,0,81,10,0,0,1,51,0.1569839763077721,6.82552162846045,0.0,0.0,0.99,8,exponential
q_learning,sparse_seed3,sparse,3,4a77b6e251,2402,225,-1.2499999999999822,-6.650000000000008,0.05,0.15,0,out_of_energy,0,0,1,0,81,9,0,0,1,48,0.08582357006594786,2.5695418180391734,0.0,0.0,0.99,8,exponential
q_learning,sparse_seed3,sparse,3,4a77b6e251,2403,225,-11.250000000000025,-6.650000000000008,0.05,0.15,0,out_of_energy,0,0,1,0,89,22,0,0,0,43,0.043642463861050515,0.5677254721601988,0.0,0.0,0.99,8,exponential
q_learning,sparse_seed3,sparse,3,4a77b6e251,2404,225,-11.250000000000025,-6.650000000000007,0.05,0.15,0,out_of_energy,0,0,1,0,102,27,0,0,0,45,0.042007513564368895,0.5705404630934796,0.0,0.0,0.99,8,exponential
q_learning,sparse_seed3,sparse,3,4a77b6e251,2405,225,-1.2499999999999822,-6.650000000000007,0.05,0.15,0,out_of_energy,0,0,1,0,98,6,0,0,1,40,0.13159920156318422,5.7663224696245905,0.0,0.0,0.99,8,exponential
q_learning,sparse_seed3,sparse,3,4a77b6e251,2406,225,-1.2499999999999822,-6.550000000000007,0.05,0.15,0,out_of_energy,0,0,1,0,101,8,0,0,1,41,0.08129887314005695,2.315050579672395,0.0,0.0,0.99,8,exponential
q_learning,sparse_seed3,sparse,3,4a77b6e251,2407,225,-11.250000000000025,-6.650000000000008,0.05,0.15,0,out_of_energy,0,0,1,0,94,3,0,0,0,48,0.042612048056303455,0.584664133170474,0.0,0.0,0.99,8,exponential
q_learning,sparse_seed3,sparse,3,4a77b6e251,2408,225,-1.2499999999999822,-6.550000000000007,0.05,0.15,0,out_of_energy,0,0,1,0,77,8,0,0,1,37,0.09208429840830723,2.3028525979278625,0.0,0.0,0.99,8,exponential
q_learning,sparse_seed3,sparse,3,4a77b6e251,2409,225,-1.2499999999999822,-6.450000000000006,0.05,0.15,0,out_of_energy,0,0,1,0,94,6,0,0,1,47,0.1158732394376685,3.1567736613369464,0.0,0.0,0.99,8,exponential
q_learning,sparse_seed3,sparse,3,4a77b6e251,2410,225,-1.2499999999999822,-6.450000000000006,0.05,0.15,0,out_of_energy,0,0,1,0,87,8,0,0,1,62,0.11260990162286637,3.8778972639869487,0.0,0.0,0.99,8,exponential
q_learning,sparse_seed3,sparse,3,4a77b6e251,2411,225,-1.2499999999999822,-6.350000000000007,0.05,0.15,0,out_of_energy,0,0,1,0,92,8,0,0,1,45,0.1693106377930355,7.930449348161689,0.0,0.0,0.99,8,exponential
q_learning,sparse_seed3,sparse,3,4a77b6e251,2412,225,-1.2499999999999822,-6.250000000000007,0.05,0.15,0,out_of_energy,0,0,1,0,79,11,0,0,1,47,0.11566147533778698,4.105922555972628,0.0,0.0,0.99,8,exponential
q_learning,sparse_seed3,sparse,3,4a77b6e251,2413,225,-1.2499999999999822,-6.150000000000007,0.05,0.15,0,out_of_energy,0,0,1,0,96,10,0,0,1,49,0.10064758537197047,1.7551520652993169,0.0,0.0,0.99,8,exponential
q_learning,sparse_seed3,sparse,3,4a77b6e251,2414,225,-1.2499999999999822,-6.050000000000006,0.05,0.15,0,out_of_energy,0,0,1,0,96,7,0,0,1,51,0.16971961792677323,6.599672383610557,0.0,0.0,0.99,8,exponential
q_learning,sparse_seed3,sparse,3,4a77b6e251,2415,225,-1.2499999999999822,-5.950000000000005,0.05,0.15,0,out_of_energy,0,0,1,0,88,4,0,0,1,41,0.08318014397881705,2.0791575832145623,0.0,0.0,0.99,8,exponential
q_learning,sparse_seed3,sparse,3,4a77b6e251,2416,225,-1.2499999999999822,-5.850000000000005,0.05,0.15,0,out_of_energy,0,0,1,0,91,18,0,0,1,47,0.11841407086042298,3.499976001486297,0.0,0.0,0.99,8,exponential
q_learning,sparse_seed3,sparse,3,4a77b6e251,2417,225,-1.2499999999999822,-5.750000000000004,0.05,0.15,0,out_of_energy,0,0,1,0,83,18,0,0,1,41,0.10601889114412731,5.802358316356244,0.0,0.0,0.99,8,exponential
q_learning,sparse_seed3,sparse,3,4a77b6e251,2418,225,-11.250000000000025,-5.7500000000000036,0.05,0.15,0,out_of_energy,0,0,1,0,91,9,0,0,0,37,0.04244286393912764,0.578819446368322,0.0,0.0,0.99,8,exponential
q_learning,sparse_seed3,sparse,3,4a77b6e251,2419,225,-1.2499999999999822,-5.650000000000002,0.05,0.15,0,out_of_energy,0,0,1,0,90,5,0,0,1,49,0.15440505929251416,5.232100673008419,0.0,0.0,0.99,8,exponential
q_learning,sparse_seed3,sparse,3,4a77b6e251,2420,225,-1.2499999999999822,-5.5500000000000025,0.05,0.15,0,out_of_energy,0,0,1,0,93,7,0,0,1,41,0.10811263517667209,2.849995261524122,0.0,0.0,0.99,8,exponential
q_learning,sparse_seed3,sparse,3,4a77b6e251,2421,225,-11.250000000000025,-5.5500000000000025,0.05,0.15,0,out_of_energy,0,0,1,0,93,20,2,0,0,45,0.04367573080015908,0.5828989168040346,0.0,0.0,0.99,8,exponential
q_learning,sparse_seed3,sparse,3,4a77b6e251,2422,225,-1.2499999999999822,-5.450000000000002,0.05,0.15,0,out_of_energy,0,0,1,0,81,13,0,0,1,46,0.1415209246915254,6.816572378376408,0.0,0.0,0.99,8,exponential
q_learning,sparse_seed3,sparse,3,4a77b6e251,2423,225,-1.2499999999999822,-5.450000000000002,0.05,0.15,0,out_of_energy,0,0,1,0,104,13,0,0,1,40,0.13436473061131018,8.668132460185479,0.0,0.0,0.99,8,exponential
q_learning,sparse_seed3,sparse,3,4a77b6e251,2424,225,-1.2499999999999822,-5.350000000000002,0.05,0.15,0,out_of_energy,0,0,1,0,89,22,0,0,1,41,0.16840794886571586,5.6866790066887125,0.0,0.0,0.99,8,exponential
q_learning,sparse_seed3,sparse,3,4a77b6e251,2425,225,-1.2499999999999822,-5.250000000000003,0.05,0.15,0,out_of_energy,0,0,1,0,96,4,0,0,1,46,0.13545213236590697,4.566907864840767,0.0,0.0,0.99,8,exponential
q_learning,sparse_seed3,sparse,3,4a77b6e251,2426,225,-1.2499999999999822,-5.150000000000001,0.05,0.15,0,out_of_energy,0,0,1,0,96,12,0,0,1,26,0.11758119127675715,4.531144447583389,0.0,0.0,0.99,8,exponential
q_learning,sparse_seed3,sparse,3,4a77b6e251,2427,225,-1.2499999999999822,-5.050000000000001,0.05,0.15,0,out_of_energy,0,0,1,0,86,15,0,0,1,47,0.11251249083351407,3.713635136704104,0.0,0.0,0.99,8,exponential
q_learning,sparse_seed3,sparse,3,4a77b6e251,2428,225,-11.250000000000025,-5.05,0.05,0.15,0,out_of_energy,0,0,1,0,90,11,1,0,0,52,0.04397182251148025,0.5681039181299131,0.0,0.0,0.99,8,exponential
q_learning,sparse_seed3,sparse,3,4a77b6e251,2429,225,-11.250000000000025,-5.05,0.05,0.15,0,out_of_energy,0,0,1,0,105,12,0,0,0,52,0.04251692682956807,0.5380085121566969,0.0,0.0,0.99,8,exponential
q_learning,sparse_seed3,sparse,3,4a77b6e251,2430,225,-1.2499999999999822,-4.949999999999999,0.05,0.15,0,out_of_energy,0,0,1,0,100,5,0,0,1,55,0.12363143437125788,6.345840145068204,0.0,0.0,0.99,8,exponential
q_learning,sparse_seed3,sparse,3,4a77b6e251,2431,225,-1.2499999999999822,-4.849999999999999,0.05,0.15,0,out_of_energy,0,0,1,0,97,27,0,0,1,43,0.1345670502341752,4.005630400359188,0.0,0.0,0.99,8,exponential
q_learning,sparse_seed3,sparse,3,4a77b6e251,2432,225,-11.250000000000025,-4.849999999999999,0.05,0.15,0,out_of_energy,0,0,1,0,96,13,0,0,0,37,0.04186171187680539,0.4606395134980407,0.0,0.0,0.99,8,exponential
q_learning,sparse_seed3,sparse,3,4a77b6e251,2433,225,-1.2499999999999822,-4.749999999999999,0.05,0.15,0,out_of_energy,0,0,1,0,90,5,0,0,1,38,0.14080375065043096,5.021330220939353,0.0,0.0,0.99,8,exponential
q_learning,sparse_seed3,sparse,3,4a77b6e251,2434,225,-1.2499999999999822,-4.649999999999999,0.05,0.15,0,out_of_energy,0,0,1,0,90,23,0,0,1,43,0.15601886677183271,7.005631605018284,0.0,0.0,0.99,8,exponential
q_learning,sparse_seed3,sparse,3,4a77b6e251,2435,225,-11.250000000000025,-4.649999999999998,0.05,0.15,0,out_of_energy,0,0,1,0,82,6,0,0,0,46,0.04416449640895365,0.5725845372209117,0.0,0.0,0.99,8,exponential
q_learning,sparse_seed3,sparse,3,4a77b6e251,2436,225,-1.2499999999999822,-4.549999999999998,0.05,0.15,0,out_of_energy,0,0,1,0,102,3,0,0,1,55,0.1330573090273985,4.721871966298224,0.0,0.0,0.99,8,exponential
q_learning,sparse_seed3,sparse,3,4a77b6e251,2437,225,-1.2499999999999822,-4.4499999999999975,0.05,0.15,0,out_of_energy,0,0,1,0,95,6,0,0,1,40,0.09202302991582675,1.851586703177932,0.0,0.0,0.99,8,exponential
q_learning,sparse_seed3,sparse,3,4a77b6e251,2438,225,-1.2499999999999822,-4.349999999999997,0.05,0.15,0,out_of_energy,0,0,1,0,91,31,0,0,1,45,0.09880486230494728,1.786646601364469,0.0,0.0,0.99,8,exponential
q_learning,sparse_seed3,sparse,3,4a77b6e251,2439,225,-1.2499999999999822,-4.2499999999999964,0.05,0.15,0,out_of_energy,0,0,1,0,89,10,0,0,1,47,0.08781314947413629,1.5644753792485286,0.0,0.0,0.99,8,exponential
q_learning,sparse_seed3,sparse,3,4a77b6e251,2440,225,-1.2499999999999822,-4.2499999999999964,0.05,0.15,0,out_of_energy,0,0,1,0,82,9,0,0,1,26,0.14531331913492593,4.568089799969116,0.0,0.0,0.99,8,exponential
q_learning,sparse_seed3,sparse,3,4a77b6e251,2441,225,-1.2499999999999822,-4.2499999999999964,0.05,0.15,0,out_of_energy,0,0,1,0,82,16,0,0,1,42,0.0888367180680565,3.489531912518074,0.0,0.0,0.99,8,exponential
q_learning,sparse_seed3,sparse,3,4a77b6e251,2442,225,-1.2499999999999822,-4.2499999999999964,0.05,0.15,0,out_of_energy,0,0,1,0,87,3,0,0,1,41,0.1339755396707068,5.776403523432903,0.0,0.0,0.99,8,exponential
q_learning,sparse_seed3,sparse,3,4a77b6e251,2443,225,-1.2499999999999938,-4.2499999999999964,0.05,0.15,0,out_of_energy,0,0,1,0,94,21,0,0,1,44,0.0812000828832232,1.5886587972209254,0.0,0.0,0.99,8,exponential
q_learning,sparse_seed3,sparse,3,4a77b6e251,2444,225,-11.250000000000025,-4.349999999999997,0.05,0.15,0,out_of_energy,0,0,1,0,86,22,0,0,0,51,0.04339826148680876,0.5532669741834192,0.0,0.0,0.99,8,exponential
q_learning,sparse_seed3,sparse,3,4a77b6e251,2445,225,-1.2499999999999822,-4.349999999999997,0.05,0.15,0,out_of_energy,0,0,1,0,85,4,0,0,1,59,0.12540417373642704,5.925471305933637,0.0,0.0,0.99,8,exponential
q_learning,sparse_seed3,sparse,3,4a77b6e251,2446,225,-11.250000000000025,-4.449999999999997,0.05,0.15,0,out_of_energy,0,0,1,0,103,6,0,0,0,51,0.04570656925071469,0.46236415526424407,0.0,0.0,0.99,8,exponential
q_learning,sparse_seed3,sparse,3,4a77b6e251,2447,225,-1.2499999999999822,-4.349999999999996,0.05,0.15,0,out_of_energy,0,0,1,0,93,4,0,0,1,50,0.08450467760323681,1.7455596614756148,0.0,0.0,0.99,8,exponential
q_learning,sparse_seed3,sparse,3,4a77b6e251,2448,225,-1.2499999999999822,-4.349999999999997,0.05,0.15,0,out_of_energy,0,0,1,0,83,11,0,0,1,40,0.13360504399895848,4.874222537065831,0.0,0.0,0.99,8,exponential
q_learning,sparse_seed3,sparse,3,4a77b6e251,2449,225,-1.2499999999999822,-4.349999999999997,0.05,0.15,0,out_of_energy,0,0,1,0,102,10,0,0,1,34,0.12120245986900408,3.8544980489705862,0.0,0.0,0.99,8,exponential
q_learning,sparse_seed3,sparse,3,4a77b6e251,2450,225,-1.2499999999999822,-4.349999999999998,0.05,0.15,0,out_of_energy,0,0,1,0,83,3,0,0,1,48,0.12216630378873998,4.399527034466727,0.0,0.0,0.99,8,exponential
q_learning,sparse_seed3,sparse,3,4a77b6e251,2451,225,-11.250000000000025,-4.349999999999997,0.05,0.15,0,out_of_energy,0,0,1,0,99,10,0,0,0,45,0.04491608740600281,0.6030520909604038,0.0,0.0,0.99,8,exponential
q_learning,sparse_seed3,sparse,3,4a77b6e251,2452,225,-1.2499999999999822,-4.2499999999999964,0.05,0.15,0,out_of_energy,0,0,1,0,88,3,0,0,1,45,0.12114342122719646,4.593412504154726,0.0,0.0,0.99,8,exponential
q_learning,sparse_seed3,sparse,3,4a77b6e251,2453,225,-1.2499999999999822,-4.149999999999996,0.05,0.15,0,out_of_energy,0,0,1,0,81,10,0,0,1,40,0.10583997737830834,2.63449059536244,0.0,0.0,0.99,8,exponential
q_learning,sparse_seed3,sparse,3,4a77b6e251,2454,225,-11.250000000000025,-4.149999999999995,0.05,0.15,0,out_of_energy,0,0,1,0,86,11,0,0,0,53,0.04870720391392844,0.651591093755613,0.0,0.0,0.99,8,exponential
q_learning,sparse_seed3,sparse,3,4a77b6e251,2455,225,-1.2499999999999822,-4.049999999999995,0.05,0.15,0,out_of_energy,0,0,1,0,75,10,0,0,1,41,0.08588265470992286,1.7053534875402647,0.0,0.0,0.99,8,exponential
q_learning,sparse_seed3,sparse,3,4a77b6e251,2456,225,-1.2499999999999822,-4.049999999999995,0.05,0.15,0,out_of_energy,0,0,1,0,83,6,0,0,1,58,0.10191268729614619,4.159698095655335,0.0,0.0,0.99,8,exponential
q_learning,sparse_seed3,sparse,3,4a77b6e251,2457,225,-11.250000000000025,-4.149999999999995,0.05,0.15,0,out_of_energy,0,0,1,0,94,19,7,0,0,40,0.04624775673544924,0.6103083636413089,0.0,0.0,0.99,8,exponential
q_learning,sparse_seed3,sparse,3,4a77b6e251,2458,225,-1.2499999999999822,-4.049999999999995,0.05,0.15,0,out_of_energy,0,0,1,0,86,7,0,0,1,43,0.0992020250859472,3.1252904760843694,0.0,0.0,0.99,8,exponential
q_learning,sparse_seed3,sparse,3,4a77b6e251,2459,225,-1.2499999999999822,-3.9499999999999953,0.05,0.15,0,out_of_energy,0,0,1,0,89,8,0,0,1,49,0.20230259856720087,4.412023536196278,0.0,0.0,0.99,8,exponential
q_learning,sparse_seed3,sparse,3,4a77b6e251,2460,225,-1.2499999999999822,-3.8499999999999948,0.05,0.15,0,out_of_energy,0,0,1,0,73,4,0,0,1,38,0.1104500512430592,3.8776887541514697,0.0,0.0,0.99,8,exponential
q_learning,sparse_seed3,sparse,3,4a77b6e251,2461,225,-11.250000000000025,-3.8499999999999943,0.05,0.15,0,out_of_energy,0,0,1,0,103,30,0,0,0,46,0.044133656468285334,0.5417973395057155,0.0,0.0,0.99,8,exponential
q_learning,sparse_seed3,sparse,3,4a77b6e251,2462,225,-11.250000000000025,-3.849999999999994,0.05,0.15,0,out_of_energy,0,0,1,0,106,12,0,0,0,45,0.04386610870419509,0.5368362240283074,0.0,0.0,0.99,8,exponential
q_learning,sparse_seed3,sparse,3,4a77b6e251,2463,225,-1.2499999999999822,-3.7499999999999933,0.05,0.15,0,out_of_energy,0,0,1,0,84,9,0,0,1,52,0.10959481104655093,2.92908646440394,0.0,0.0,0.99,8,exponential
q_learning,sparse_seed3,sparse,3,4a77b6e251,2464,225,-1.2499999999999822,-3.749999999999994,0.05,0.15,0,out_of_energy,0,0,1,0,77,8,0,0,1,46,0.0928931486256501,2.4384273389805706,0.0,0.0,0.99,8,exponential
q_learning,sparse_seed3,sparse,3,4a77b6e251,2465,225,-1.2499999999999822,-3.6499999999999932,0.05,0.15,0,out_of_energy,0,0,1,0,87,14,0,0,1,42,0.12347134910874001,4.631624513399606,0.0,0.0,0.99,8,exponential
q_learning,sparse_seed3,sparse,3,4a77b6e251,2466,225,-1.2499999999999822,-3.549999999999993,0.05,0.15,0,out_of_energy,0,0,1,0,73,3,0,0,1,44,0.09675934253167728,1.773004028409039,0.0,0.0,0.99,8,exponential
q_learning,sparse_seed3,sparse,3,4a77b6e251,2467,225,-1.2499999999999822,-3.549999999999993,0.05,0.15,0,out_of_energy,0,0,1,0,75,21,0,0,1,47,0.09556592198364272,1.7885765053527463,0.0,0.0,0.99,8,exponential
q_learning,sparse_seed3,sparse,3,4a77b6e251,2468,225,-1.2499999999999831,-3.449999999999993,0.05,0.15,0,out_of_energy,0,0,1,0,84,8,0,0,1,34,0.07809468055746992,1.992771042472246,0.0,0.0,0.99,8,exponential
q_learning,sparse_seed3,sparse,3,4a77b6e251,2469,225,-1.2499999999999822,-3.4499999999999926,0.05,0.15,0,out_of_energy,0,0,1,0,95,6,0,0,1,47,0.10120924751546183,8.189293761935502,0.0,0.0,0.99,8,exponential
q_learning,sparse_seed3,sparse,3,4a77b6e251,2470,225,-1.2499999999999822,-3.4499999999999926,0.05,0.15,0,out_of_energy,0,0,1,0,91,13,0,0,1,60,0.1337485409968794,5.963519576103965,0.0,0.0,0.99,8,exponential
q_learning,sparse_seed3,sparse,3,4a77b6e251,2471,225,-1.2499999999999822,-3.4499999999999926,0.05,0.15,0,out_of_energy,0,0,1,0,84,7,0,0,1,47,0.10871073884002153,6.307957838621182,0.0,0.0,0.99,8,exponential
q_learning,sparse_seed3,sparse,3,4a77b6e251,2472,225,-1.2499999999999822,-3.449999999999993,0.05,0.15,0,out_of_energy,0,0,1,0,87,16,0,0,1,37,0.10408655807622491,2.9830221602257265,0.0,0.0,0.99,8,exponential
q_learning,sparse_seed3,sparse,3,4a77b6e251,2473,225,-1.2499999999999822,-3.4499999999999926,0.05,0.15,0,out_of_energy,0,0,1,0,87,14,0,0,1,48,0.10558728853418671,4.273954847555489,0.0,0.0,0.99,8,exponential
q_learning,sparse_seed3,sparse,3,4a77b6e251,2474,225,-1.2499999999999822,-3.4499999999999926,0.05,0.15,0,out_of_energy,0,0,1,0,86,6,0,0,1,49,0.1320340634323409,2.473778636177558,0.0,0.0,0.99,8,exponential
q_learning,sparse_seed3,sparse,3,4a77b6e251,2475,225,-1.2499999999999822,-3.4499999999999926,0.05,0.15,0,out_of_energy,0,0,1,0,93,14,0,0,1,55,0.11466583935499108,1.7549906846709553,0.0,0.0,0.99,8,exponential
q_learning,sparse_seed3,sparse,3,4a77b6e251,2476,225,-1.2499999999999822,-3.3499999999999925,0.05,0.15,0,out_of_energy,0,0,1,0,86,11,0,0,1,49,0.08472586503434483,1.4535618269551867,0.0,0.0,0.99,8,exponential
q_learning,sparse_seed3,sparse,3,4a77b6e251,2477,225,-1.2499999999999822,-3.349999999999992,0.05,0.15,0,out_of_energy,0,0,1,0,99,17,0,0,1,57,0.10376893527248165,3.5989702639807746,0.0,0.0,0.99,8,exponential
q_learning,sparse_seed3,sparse,3,4a77b6e251,2478,225,-1.2499999999999822,-3.249999999999992,0.05,0.15,0,out_of_energy,0,0,1,0,74,5,0,0,1,55,0.15137512688042787,3.9111705694122842,0.0,0.0,0.99,8,exponential
q_learning,sparse_seed3,sparse,3,4a77b6e251,2479,225,-1.2499999999999822,-3.149999999999991,0.05,0.15,0,out_of_energy,0,0,1,0,79,7,0,0,1,35,0.09483023820049333,3.7968869053979324,0.0,0.0,0.99,8,exponential
q_learning,sparse_seed3,sparse,3,4a77b6e251,2480,225,-11.250000000000025,-3.2499999999999916,0.05,0.15,0,out_of_energy,0,0,1,0,110,23,0,0,0,49,0.04384583962319471,0.5651123720860344,0.0,0.0,0.99,8,exponential
q_learning,sparse_seed3,sparse,3,4a77b6e251,2481,225,-11.250000000000025,-3.3499999999999908,0.05,0.15,0,out_of_energy,0,0,1,0,105,17,0,0,0,37,0.04267546096352424,0.5329367294017499,0.0,0.0,0.99,8,exponential
q_learning,sparse_seed3,sparse,3,4a77b6e251,2482,225,-11.250000000000025,-3.4499999999999913,0.05,0.15,0,out_of_energy,0,0,1,0,105,14,0,0,0,45,0.04311333191691744,0.537680198817647,0.0,0.0,0.99,8,exponential
q_learning,sparse_seed3,sparse,3,4a77b6e251,2483,225,-1.2499999999999822,-3.449999999999991,0.05,0.15,0,out_of_energy,0,0,1,0,86,36,0,0,1,49,0.12587626804780702,4.379350133170189,0.0,0.0,0.99,8,exponential
q_learning,sparse_seed3,sparse,3,4a77b6e251,2484,225,-1.2499999999999822,-3.449999999999992,0.05,0.15,0,out_of_energy,0,0,1,0,104,14,0,0,1,46,0.11666992361947306,5.40937338995961,0.0,0.0,0.99,8,exponential
q_learning,sparse_seed3,sparse,3,4a77b6e251,2485,225,-1.2499999999999822,-3.449999999999992,0.05,0.15,0,out_of_energy,0,0,1,0,104,13,0,0,1,55,0.11149990707214813,2.9979881903276944,0.0,0.0,0.99,8,exponential
q_learning,sparse_seed3,sparse,3,4a77b6e251,2486,225,-1.2499999999999822,-3.4499999999999926,0.05,0.15,0,out_of_energy,0,0,1,0,80,14,0,0,1,50,0.1042208564054478,2.2891064674138497,0.0,0.0,0.99,8,exponential
q_learning,sparse_seed3,sparse,3,4a77b6e251,2487,225,-1.2499999999999822,-3.4499999999999926,0.05,0.15,0,out_of_energy,0,0,1,0,81,26,0,0,1,37,0.08635493921337892,1.0760629527817116,0.0,0.0,0.99,8,exponential
q_learning,sparse_seed3,sparse,3,4a77b6e251,2488,225,-1.2499999999999822,-3.449999999999993,0.05,0.15,0,out_of_energy,0,0,1,0,81,10,0,0,1,40,0.10437985665248542,2.8193657723174694,0.0,0.0,0.99,8,exponential
q_learning,sparse_seed3,sparse,3,4a77b6e251,2489,225,-1.2499999999999822,-3.449999999999993,0.05,0.15,0,out_of_energy,0,0,1,0,84,13,0,0,1,37,0.08337877133306269,1.74833859546892,0.0,0.0,0.99,8,exponential
q_learning,sparse_seed3,sparse,3,4a77b6e251,2490,225,-1.2499999999999822,-3.449999999999993,0.05,0.15,0,out_of_energy,0,0,1,0,100,16,0,0,1,52,0.15751583693286622,6.006105410836467,0.0,0.0,0.99,8,exponential
q_learning,sparse_seed3,sparse,3,4a77b6e251,2491,225,-1.2499999999999822,-3.449999999999993,0.05,0.15,0,out_of_energy,0,0,1,0,91,3,0,0,1,41,0.09161253081967999,2.713092694848786,0.0,0.0,0.99,8,exponential
q_learning,sparse_seed3,sparse,3,4a77b6e251,2492,225,-1.2499999999999822,-3.449999999999993,0.05,0.15,0,out_of_energy,0,0,1,0,92,5,0,0,1,45,0.11946139118965382,4.389128841798152,0.0,0.0,0.99,8,exponential
q_learning,sparse_seed3,sparse,3,4a77b6e251,2493,225,-1.2499999999999822,-3.449999999999993,0.05,0.15,0,out_of_energy,0,0,1,0,73,12,0,0,1,41,0.08774292017474776,1.1896215481325836,0.0,0.0,0.99,8,exponential
q_learning,sparse_seed3,sparse,3,4a77b6e251,2494,225,-11.250000000000025,-3.549999999999993,0.05,0.15,0,out_of_energy,0,0,1,0,106,26,0,0,0,48,0.044680477029755805,0.6231006286846587,0.0,0.0,0.99,8,exponential
q_learning,sparse_seed3,sparse,3,4a77b6e251,2495,225,-1.2499999999999822,-3.4499999999999926,0.05,0.15,0,out_of_energy,0,0,1,0,79,16,0,0,1,36,0.07856164663862608,1.2095057684855197,0.0,0.0,0.99,8,exponential
q_learning,sparse_seed3,sparse,3,4a77b6e251,2496,225,-1.2499999999999822,-3.349999999999992,0.05,0.15,0,out_of_energy,0,0,1,0,97,5,0,0,1,49,0.1572397914356514,6.045410031032649,0.0,0.0,0.99,8,exponential
q_learning,sparse_seed3,sparse,3,4a77b6e251,2497,225,-1.2499999999999822,-3.349999999999992,0.05,0.15,0,out_of_energy,0,0,1,0,82,11,0,0,1,43,0.10954708429410365,3.8424948015749525,0.0,0.0,0.99,8,exponential
q_learning,sparse_seed3,sparse,3,4a77b6e251,2498,225,-1.2499999999999822,-3.3499999999999925,0.05,0.15,0,out_of_energy,0,0,1,0,94,27,0,0,1,48,0.11092431386638218,3.616981057621396,0.0,0.0,0.99,8,exponential
q_learning,sparse_seed3,sparse,3,4a77b6e251,2499,225,-1.2499999999999822,-3.249999999999992,0.05,0.15,0,out_of_energy,0,0,1,0,97,21,0,0,1,45,0.10698095223545757,3.970342764927162,0.0,0.0,0.99,8,exponential
q_learning,sparse_seed3,sparse,3,4a77b6e251,2500,225,-1.2499999999999822,-3.249999999999992,0.05,0.15,0,out_of_energy,0,0,1,0,101,9,0,0,1,51,0.13262244987549743,5.976277536506624,0.0,0.0,0.99,8,exponential
q_learning,sparse_seed3,sparse,3,4a77b6e251,2501,225,-1.2499999999999822,-3.249999999999992,0.05,0.15,0,out_of_energy,0,0,1,0,87,15,0,0,1,28,0.11718465779796844,3.395410921367555,0.0,0.0,0.99,8,exponential
q_learning,sparse_seed3,sparse,3,4a77b6e251,2502,225,-1.2499999999999822,-3.249999999999992,0.05,0.15,0,out_of_energy,0,0,1,0,95,20,0,0,1,45,0.1223455319823205,3.3066075119045006,0.0,0.0,0.99,8,exponential
q_learning,sparse_seed3,sparse,3,4a77b6e251,2503,225,-1.2499999999999822,-3.1499999999999915,0.05,0.15,0,out_of_energy,0,0,1,0,103,17,0,0,1,56,0.09496562544943513,1.3661249786040877,0.0,0.0,0.99,8,exponential
q_learning,sparse_seed3,sparse,3,4a77b6e251,2504,225,-1.2499999999999822,-3.049999999999991,0.05,0.15,0,out_of_energy,0,0,1,0,104,19,0,0,1,40,0.12149662908609543,2.250433430167173,0.0,0.0,0.99,8,exponential
q_learning,sparse_seed3,sparse,3,4a77b6e251,2505,225,-1.2499999999999822,-3.049999999999991,0.05,0.15,0,out_of_energy,0,0,1,0,89,7,0,0,1,50,0.1020869978493617,3.38345794405815,0.0,0.0,0.99,8,exponential
q_learning,sparse_seed3,sparse,3,4a77b6e251,2506,225,-1.2499999999999822,-3.049999999999991,0.05,0.15,0,out_of_energy,0,0,1,0,82,14,0,0,1,40,0.09039262374821629,1.4715359795263936,0.0,0.0,0.99,8,exponential
q_learning,sparse_seed3,sparse,3,4a77b6e251,2507,225,-1.2499999999999822,-2.9499999999999904,0.05,0.15,0,out_of_energy,0,0,1,0,80,5,0,0,1,49,0.12339211431090101,2.5130006361247137,0.0,0.0,0.99,8,exponential
q_learning,sparse_seed3,sparse,3,4a77b6e251,2508,225,-1.2499999999999822,-2.9499999999999904,0.05,0.15,0,out_of_energy,0,0,1,0,86,23,0,0,1,57,0.09927552045353778,3.4999048240181723,0.0,0.0,0.99,8,exponential
q_learning,sparse_seed3,sparse,3,4a77b6e251,2509,225,-1.2499999999999822,-2.9499999999999904,0.05,0.15,0,out_of_energy,0,0,1,0,100,30,0,0,1,50,0.10202842380522147,3.834719640172686,0.0,0.0,0.99,8,exponential
q_learning,sparse_seed3,sparse,3,4a77b6e251,2510,225,-1.2499999999999822,-2.949999999999991,0.05,0.15,0,out_of_energy,0,0,1,0,79,9,0,0,1,47,0.1282117416612061,5.741561320575349,0.0,0.0,0.99,8,exponential
q_learning,sparse_seed3,sparse,3,4a77b6e251,2511,225,-1.2499999999999822,-2.9499999999999904,0.05,0.15,0,out_of_energy,0,0,1,0,93,14,0,0,1,51,0.167393791054718,5.370221685539393,0.0,0.0,0.99,8,exponential
q_learning,sparse_seed3,sparse,3,4a77b6e251,2512,225,-1.2499999999999822,-2.9499999999999904,0.05,0.15,0,out_of_energy,0,0,1,0,96,11,0,0,1,48,0.13558002600553945,5.794618526213846,0.0,0.0,0.99,8,exponential
q_learning,sparse_seed3,sparse,3,4a77b6e251,2513,225,-1.2499999999999822,-2.9499999999999904,0.05,0.15,0,out_of_energy,0,0,1,0,100,9,0,0,1,49,0.12848729111575155,4.488030743317715,0.0,0.0,0.99,8,exponential
q_learning,sparse_seed3,sparse,3,4a77b6e251,2514,225,-1.2499999999999822,-2.949999999999991,0.05,0.15,0,out_of_energy,0,0,1,0,89,9,0,0,1,42,0.09453181001388003,3.171020740419733,0.0,0.0,0.99,8,exponential
q_learning,sparse_seed3,sparse,3,4a77b6e251,2515,225,-1.2499999999999822,-2.9499999999999904,0.05,0.15,0,out_of_energy,0,0,1,0,92,3,0,0,1,45,0.09128755470837994,2.3803310161776285,0.0,0.0,0.99,8,exponential
q_learning,sparse_seed3,sparse,3,4a77b6e251,2516,225,-1.2499999999999822,-2.9499999999999904,0.05,0.15,0,out_of_energy,0,0,1,0,87,17,0,0,1,44,0.16986580651086133,5.4204824597829955,0.0,0.0,0.99,8,exponential
q_learning,sparse_seed3,sparse,3,4a77b6e251,2517,225,-1.2499999999999822,-2.9499999999999904,0.05,0.15,0,out_of_energy,0,0,1,0,83,4,0,0,1,42,0.11384515912931395,3.125342423808955,0.0,0.0,0.99,8,exponential
q_learning,sparse_seed3,sparse,3,4a77b6e251,2518,225,-1.2499999999999822,-2.8499999999999903,0.05,0.15,0,out_of_energy,0,0,1,0,96,25,0,0,1,36,0.11512291541552946,2.8383296852971336,0.0,0.0,0.99,8,exponential
q_learning,sparse_seed3,sparse,3,4a77b6e251,2519,225,-1.2499999999999822,-2.84999999999999,0.05,0.15,0,out_of_energy,0,0,1,0,77,24,0,0,1,36,0.10904864977763155,2.9294765719377924,0.0,0.0,0.99,8,exponential
q_learning,sparse_seed3,sparse,3,4a77b6e251,2520,225,-1.2499999999999822,-2.84999999999999,0.05,0.15,0,out_of_energy,0,0,1,0,87,9,0,0,1,54,0.08688501662206018,1.3504830996278434,0.0,0.0,0.99,8,exponential
q_learning,sparse_seed3,sparse,3,4a77b6e251,2521,225,-1.2499999999999822,-2.74999999999999,0.05,0.15,0,out_of_energy,0,0,1,0,95,6,0,0,1,40,0.1203152973479767,6.529107047933688,0.0,0.0,0.99,8,exponential
q_learning,sparse_seed3,sparse,3,4a77b6e251,2522,225,-1.2499999999999822,-2.74999999999999,0.05,0.15,0,out_of_energy,0,0,1,0,85,14,0,0,1,36,0.11638592221483096,3.404358794229257,0.0,0.0,0.99,8,exponential
q_learning,sparse_seed3,sparse,3,4a77b6e251,2523,225,-1.2499999999999822,-2.74999999999999,0.05,0.15,0,out_of_energy,0,0,1,0,95,10,0,0,1,45,0.11021972551267505,3.2190684503496096,0.0,0.0,0.99,8,exponential
q_learning,sparse_seed3,sparse,3,4a77b6e251,2524,225,-1.2499999999999822,-2.74999999999999,0.05,0.15,0,out_of_energy,0,0,1,0,73,8,0,0,1,47,0.08108181771690645,1.4178567409035265,0.0,0.0,0.99,8,exponential
q_learning,sparse_seed3,sparse,3,4a77b6e251,2525,225,-1.2499999999999822,-2.74999999999999,0.05,0.15,0,out_of_energy,0,0,1,0,78,5,0,0,1,38,0.10437697469356651,2.110897127493385,0.0,0.0,0.99,8,exponential
q_learning,sparse_seed3,sparse,3,4a77b6e251,2526,225,-1.2499999999999822,-2.74999999999999,0.05,0.15,0,out_of_energy,0,0,1,0,92,8,0,0,1,47,0.1335872354321071,5.2667337563039975,0.0,0.0,0.99,8,exponential
q_learning,sparse_seed3,sparse,3,4a77b6e251,2527,225,-1.2499999999999822,-2.74999999999999,0.05,0.15,0,out_of_energy,0,0,1,0,84,5,0,0,1,41,0.12791738112653275,8.110717977108123,0.0,0.0,0.99,8,exponential
q_learning,sparse_seed3,sparse,3,4a77b6e251,2528,225,-1.2499999999999822,-2.6499999999999893,0.05,0.15,0,out_of_energy,0,0,1,0,83,11,0,0,1,47,0.09275659441196252,2.160035751898099,0.0,0.0,0.99,8,exponential
q_learning,sparse_seed3,sparse,3,4a77b6e251,2529,225,-1.2499999999999822,-2.549999999999988,0.05,0.15,0,out_of_energy,0,0,1,0,76,31,0,0,1,51,0.12767183502006882,4.432091695944421,0.0,0.0,0.99,8,exponential
q_learning,sparse_seed3,sparse,3,4a77b6e251,2530,225,-1.2499999999999822,-2.5499999999999883,0.05,0.15,0,out_of_energy,0,0,1,0,81,11,0,0,1,43,0.10406489856290961,2.8658605924362863,0.0,0.0,0.99,8,exponential
q_learning,sparse_seed3,sparse,3,4a77b6e251,2531,225,-1.2499999999999822,-2.549999999999988,0.05,0.15,0,out_of_energy,0,0,1,0,77,7,0,0,1,47,0.11566098955073752,3.2680508608747125,0.0,0.0,0.99,8,exponential
q_learning,sparse_seed3,sparse,3,4a77b6e251,2532,225,-1.2499999999999822,-2.4499999999999873,0.05,0.15,0,out_of_energy,0,0,1,0,64,15,0,0,1,39,0.11225842020946535,3.693018537537511,0.0,0.0,0.99,8,exponential
q_learning,sparse_seed3,sparse,3,4a77b6e251,2533,225,-1.2499999999999822,-2.4499999999999873,0.05,0.15,0,out_of_energy,0,0,1,0,70,7,0,0,1,40,0.11579177759667322,5.0863983438919025,0.0,0.0,0.99,8,exponential
q_learning,sparse_seed3,sparse,3,4a77b6e251,2534,225,-1.2499999999999822,-2.4499999999999873,0.05,0.15,0,out_of_energy,0,0,1,0,66,10,0,0,1,38,0.1062814362173972,6.430754521996181,0.0,0.0,0.99,8,exponential
q_learning,sparse_seed3,sparse,3,4a77b6e251,2535,225,-1.2499999999999822,-2.3499999999999868,0.05,0.15,0,out_of_energy,0,0,1,0,82,21,0,0,1,45,0.11494202202621932,5.5235935755683645,0.0,0.0,0.99,8,exponential
q_learning,sparse_seed3,sparse,3,4a77b6e251,2536,225,-1.2499999999999822,-2.3499999999999868,0.05,0.15,0,out_of_energy,0,0,1,0,73,9,0,0,1,36,0.11239710805343961,3.9446483150353293,0.0,0.0,0.99,8,exponential
q_learning,sparse_seed3,sparse,3,4a77b6e251,2537,225,-1.2499999999999822,-2.3499999999999868,0.05,0.15,0,out_of_energy,0,0,1,0,85,17,0,0,1,47,0.12912671086816002,5.430417956541694,0.0,0.0,0.99,8,exponential
q_learning,sparse_seed3,sparse,3,4a77b6e251,2538,225,-1.2499999999999822,-2.3499999999999868,0.05,0.15,0,out_of_energy,0,0,1,0,62,16,0,0,1,50,0.12279705015712153,5.360671530045465,0.0,0.0,0.99,8,exponential
q_learning,sparse_seed3,sparse,3,4a77b6e251,2539,225,-1.2499999999999822,-2.3499999999999868,0.05,0.15,0,out_of_energy,0,0,1,0,90,15,0,0,1,57,0.09436447089349574,3.1357579755435605,0.0,0.0,0.99,8,exponential
q_learning,sparse_seed3,sparse,3,4a77b6e251,2540,225,-1.2499999999999822,-2.3499999999999868,0.05,0.15,0,out_of_energy,0,0,1,0,77,9,0,0,1,44,0.10618615269514717,4.678280730696198,0.0,0.0,0.99,8,exponential
q_learning,sparse_seed3,sparse,3,4a77b6e251,2541,225,-1.2499999999999822,-2.3499999999999868,0.05,0.15,0,out_of_energy,0,0,1,0,82,8,0,0,1,57,0.0840925062868864,1.2232844335424047,0.0,0.0,0.99,8,exponential
q_learning,sparse_seed3,sparse,3,4a77b6e251,2542,225,-1.2499999999999822,-2.3499999999999868,0.05,0.15,0,out_of_energy,0,0,1,0,89,6,0,0,1,42,0.10962786298464071,7.034888578634811,0.0,0.0,0.99,8,exponential
q_learning,sparse_seed3,sparse,3,4a77b6e251,2543,225,-1.2499999999999822,-2.3499999999999868,0.05,0.15,0,out_of_energy,0,0,1,0,69,15,0,0,1,37,0.09986805636594485,2.449163874132865,0.0,0.0,0.99,8,exponential
q_learning,sparse_seed3,sparse,3,4a77b6e251,2544,225,-1.2499999999999822,-2.2499999999999862,0.05,0.15,0,out_of_energy,0,0,1,0,98,9,0,0,1,50,0.10811386369119627,4.445034010344721,0.0,0.0,0.99,8,exponential
q_learning,sparse_seed3,sparse,3,4a77b6e251,2545,225,-1.2499999999999822,-2.2499999999999862,0.05,0.15,0,out_of_energy,0,0,1,0,75,5,0,0,1,41,0.11169494385175316,4.6678008462085465,0.0,0.0,0.99,8,exponential
q_learning,sparse_seed3,sparse,3,4a77b6e251,2546,225,-1.2499999999999822,-2.1499999999999857,0.05,0.15,0,out_of_energy,0,0,1,0,80,11,0,0,1,46,0.1018060669923373,3.0532331064981446,0.0,0.0,0.99,8,exponential
q_learning,sparse_seed3,sparse,3,4a77b6e251,2547,225,-1.2499999999999822,-2.1499999999999857,0.05,0.15,0,out_of_energy,0,0,1,0,72,17,0,0,1,42,0.11074405433315494,5.0367181826013345,0.0,0.0,0.99,8,exponential
q_learning,sparse_seed3,sparse,3,4a77b6e251,2548,225,-1.2499999999999822,-2.1499999999999857,0.05,0.15,0,out_of_energy,0,0,1,0,91,10,0,0,1,46,0.11212051304773246,5.952001623295566,0.0,0.0,0.99,8,exponential
q_learning,sparse_seed3,sparse,3,4a77b6e251,2549,225,-1.2499999999999822,-2.1499999999999857,0.05,0.15,0,out_of_energy,0,0,1,0,82,8,0,0,1,44,0.08432072320831627,1.4986175594520095,0.0,0.0,0.99,8,exponential
q_learning,sparse_seed3,sparse,3,4a77b6e251,2550,225,-1.2499999999999822,-2.1499999999999857,0.05,0.15,0,out_of_energy,0,0,1,0,77,14,0,0,1,50,0.12468966162635167,3.480567723617216,0.0,0.0,0.99,8,exponential
q_learning,sparse_seed3,sparse,3,4a77b6e251,2551,225,-1.2499999999999822,-2.049999999999985,0.05,0.15,0,out_of_energy,0,0,1,0,97,5,0,0,1,47,0.09585840112421197,3.2453699280646777,0.0,0.0,0.99,8,exponential
q_learning,sparse_seed3,sparse,3,4a77b6e251,2552,225,-1.2499999999999822,-2.049999999999985,0.05,0.15,0,out_of_energy,0,0,1,0,95,8,0,0,1,37,0.09545679597813442,4.921964475853423,0.0,0.0,0.99,8,exponential
q_learning,sparse_seed3,sparse,3,4a77b6e251,2553,225,-1.2499999999999822,-2.049999999999985,0.05,0.15,0,out_of_energy,0,0,1,0,75,6,0,0,1,46,0.07608711676258041,1.3942288351974126,0.0,0.0,0.99,8,exponential
q_learning,sparse_seed3,sparse,3,4a77b6e251,2554,225,-1.2499999999999822,-1.9499999999999846,0.05,0.15,0,out_of_energy,0,0,1,0,82,15,0,0,1,45,0.1289885589645312,4.167450039053265,0.0,0.0,0.99,8,exponential
q_learning,sparse_seed3,sparse,3,4a77b6e251,2555,225,-1.2499999999999822,-1.9499999999999846,0.05,0.15,0,out_of_energy,0,0,1,0,76,4,0,0,1,49,0.12215825961222632,3.621771962747413,0.0,0.0,0.99,8,exponential
q_learning,sparse_seed3,sparse,3,4a77b6e251,2556,225,-1.2499999999999822,-1.9499999999999846,0.05,0.15,0,out_of_energy,0,0,1,0,83,3,0,5,1,47,0.1123612704490369,3.495036986398887,0.0,0.0,0.99,8,exponential
q_learning,sparse_seed3,sparse,3,4a77b6e251,2557,225,-1.2499999999999822,-1.8499999999999843,0.05,0.15,0,out_of_energy,0,0,1,0,80,6,0,0,1,43,0.13111610477583688,3.265601473957542,0.0,0.0,0.99,8,exponential
q_learning,sparse_seed3,sparse,3,4a77b6e251,2558,225,-1.2499999999999822,-1.8499999999999843,0.05,0.15,0,out_of_energy,0,0,1,0,85,17,0,0,1,50,0.07528569105003816,1.3595171961817432,0.0,0.0,0.99,8,exponential
q_learning,sparse_seed3,sparse,3,4a77b6e251,2559,225,-1.2499999999999822,-1.8499999999999843,0.05,0.15,0,out_of_energy,0,0,1,0,81,11,0,0,1,48,0.07945098604375726,2.017626844735937,0.0,0.0,0.99,8,exponential
q_learning,sparse_seed3,sparse,3,4a77b6e251,2560,225,-1.2499999999999822,-1.8499999999999843,0.05,0.15,0,out_of_energy,0,0,1,0,86,27,0,0,1,46,0.17068107151442663,6.512043713737185,0.0,0.0,0.99,8,exponential
q_learning,sparse_seed3,sparse,3,4a77b6e251,2561,225,-1.2499999999999822,-1.749999999999984,0.05,0.15,0,out_of_energy,0,0,1,0,105,33,0,0,1,42,0.11589781381106598,5.284864844279911,0.0,0.0,0.99,8,exponential
q_learning,sparse_seed3,sparse,3,4a77b6e251,2562,225,-1.2499999999999822,-1.6499999999999835,0.05,0.15,0,out_of_energy,0,0,1,0,87,10,0,0,1,40,0.07380804657114867,1.2108546824087743,0.0,0.0,0.99,8,exponential
q_learning,sparse_seed3,sparse,3,4a77b6e251,2563,225,-1.2499999999999822,-1.6499999999999835,0.05,0.15,0,out_of_energy,0,0,1,0,78,12,0,0,1,48,0.12693288003997744,4.295005096797916,0.0,0.0,0.99,8,exponential
q_learning,sparse_seed3,sparse,3,4a77b6e251,2564,225,-1.2499999999999822,-1.6499999999999835,0.05,0.15,0,out_of_energy,0,0,1,0,89,13,0,0,1,41,0.07003097162813984,1.1480818662709211,0.0,0.0,0.99,8,exponential
q_learning,sparse_seed3,sparse,3,4a77b6e251,2565,225,-1.2499999999999822,-1.6499999999999835,0.05,0.15,0,out_of_energy,0,0,1,0,86,13,0,0,1,50,0.09948998312669693,3.3915458006602686,0.0,0.0,0.99,8,exponential
q_learning,sparse_seed3,sparse,3,4a77b6e251,2566,225,-1.2499999999999822,-1.6499999999999835,0.05,0.15,0,out_of_energy,0,0,1,0,83,21,0,0,1,47,0.08131718694594625,1.858763412356022,0.0,0.0,0.99,8,exponential
q_learning,sparse_seed3,sparse,3,4a77b6e251,2567,225,-1.2499999999999822,-1.6499999999999835,0.05,0.15,0,out_of_energy,0,0,1,0,66,9,0,0,1,42,0.09117156164722506,2.516041010530687,0.0,0.0,0.99,8,exponential
q_learning,sparse_seed3,sparse,3,4a77b6e251,2568,225,-1.2499999999999822,-1.6499999999999835,0.05,0.15,0,out_of_energy,0,0,1,0,104,16,0,0,1,46,0.13826525875873616,5.015156104500997,0.0,0.0,0.99,8,exponential
q_learning,sparse_seed3,sparse,3,4a77b6e251,2569,225,-1.2499999999999822,-1.6499999999999835,0.05,0.15,0,out_of_energy,0,0,1,0,93,14,0,0,1,42,0.07942210535400189,1.633549367818673,0.0,0.0,0.99,8,exponential
q_learning,sparse_seed3,sparse,3,4a77b6e251,2570,225,-1.2499999999999822,-1.6499999999999835,0.05,0.15,0,out_of_energy,0,0,1,0,74,8,0,0,1,40,0.10836246594874199,2.5446940018808797,0.0,0.0,0.99,8,exponential
q_learning,sparse_seed3,sparse,3,4a77b6e251,2571,225,-1.2499999999999822,-1.6499999999999835,0.05,0.15,0,out_of_energy,0,0,1,0,94,4,0,0,1,37,0.1045139834542882,4.8697593510039425,0.0,0.0,0.99,8,exponential
q_learning,sparse_seed3,sparse,3,4a77b6e251,2572,225,-1.2499999999999822,-1.6499999999999835,0.05,0.15,0,out_of_energy,0,0,1,0,84,13,0,0,1,41,0.09490382877246314,3.506187264879241,0.0,0.0,0.99,8,exponential
q_learning,sparse_seed3,sparse,3,4a77b6e251,2573,225,-1.2499999999999822,-1.6499999999999835,0.05,0.15,0,out_of_energy,0,0,1,0,89,12,0,0,1,51,0.1110417213335103,4.323699606258258,0.0,0.0,0.99,8,exponential
q_learning,sparse_seed3,sparse,3,4a77b6e251,2574,225,-1.2499999999999822,-1.6499999999999835,0.05,0.15,0,out_of_energy,0,0,1,0,83,13,0,0,1,43,0.09854159267254566,3.439007214706918,0.0,0.0,0.99,8,exponential
q_learning,sparse_seed3,sparse,3,4a77b6e251,2575,225,-1.2499999999999822,-1.6499999999999835,0.05,0.15,0,out_of_energy,0,0,1,0,85,7,0,0,1,43,0.13070808826412933,6.418295246133866,0.0,0.0,0.99,8,exponential
q_learning,sparse_seed3,sparse,3,4a77b6e251,2576,225,-1.2499999999999822,-1.6499999999999835,0.05,0.15,0,out_of_energy,0,0,1,0,88,22,0,0,1,48,0.0939050638912625,5.430560555682316,0.0,0.0,0.99,8,exponential
q_learning,sparse_seed3,sparse,3,4a77b6e251,2577,225,-1.2499999999999822,-1.6499999999999835,0.05,0.15,0,out_of_energy,0,0,1,0,80,6,0,0,1,39,0.06882808267495034,1.4872137400895342,0.0,0.0,0.99,8,exponential
q_learning,sparse_seed3,sparse,3,4a77b6e251,2578,225,-1.2499999999999822,-1.6499999999999835,0.05,0.15,0,out_of_energy,0,0,1,0,88,9,0,0,1,50,0.0909916766056182,3.783676659464413,0.0,0.0,0.99,8,exponential
q_learning,sparse_seed3,sparse,3,4a77b6e251,2579,225,-1.2499999999999822,-1.6499999999999835,0.05,0.15,0,out_of_energy,0,0,1,0,93,10,0,0,1,49,0.08505948027876369,1.650258321188025,0.0,0.0,0.99,8,exponential
q_learning,sparse_seed3,sparse,3,4a77b6e251,2580,225,-1.2499999999999822,-1.549999999999983,0.05,0.15,0,out_of_energy,0,0,1,0,88,9,0,0,1,44,0.0664314739316533,1.472408257747472,0.0,0.0,0.99,8,exponential
q_learning,sparse_seed3,sparse,3,4a77b6e251,2581,225,-1.2499999999999822,-1.4499999999999826,0.05,0.15,0,out_of_energy,0,0,1,0,105,4,0,0,1,49,0.12274932049730473,3.7836885826816373,0.0,0.0,0.99,8,exponential
q_learning,sparse_seed3,sparse,3,4a77b6e251,2582,225,-1.2499999999999822,-1.3499999999999823,0.05,0.15,0,out_of_energy,0,0,1,0,82,14,0,0,1,45,0.1346197688409225,5.818732544507063,0.0,0.0,0.99,8,exponential
q_learning,sparse_seed3,sparse,3,4a77b6e251,2583,225,-1.2499999999999822,-1.3499999999999823,0.05,0.15,0,out_of_energy,0,0,1,0,100,13,0,0,1,40,0.13495600756343076,5.691998683996806,0.0,0.0,0.99,8,exponential
q_learning,sparse_seed3,sparse,3,4a77b6e251,2584,225,-1.2499999999999822,-1.3499999999999823,0.05,0.15,0,out_of_energy,0,0,1,0,104,21,0,0,1,49,0.09281372455002632,3.759675978196322,0.0,0.0,0.99,8,exponential
q_learning,sparse_seed3,sparse,3,4a77b6e251,2585,225,-1.2499999999999822,-1.3499999999999823,0.05,0.15,0,out_of_energy,0,0,1,0,98,14,0,0,1,62,0.09830913918258546,4.128656137385021,0.0,0.0,0.99,8,exponential
q_learning,sparse_seed3,sparse,3,4a77b6e251,2586,225,-1.2499999999999822,-1.3499999999999823,0.05,0.15,0,out_of_energy,0,0,1,0,91,7,0,0,1,48,0.11663265532477701,3.332932210537242,0.0,0.0,0.99,8,exponential
q_learning,sparse_seed3,sparse,3,4a77b6e251,2587,225,-1.2499999999999822,-1.3499999999999823,0.05,0.15,0,out_of_energy,0,0,1,0,81,19,0,0,1,42,0.11777290487777764,5.030045000091101,0.0,0.0,0.99,8,exponential
q_learning,sparse_seed3,sparse,3,4a77b6e251,2588,225,-1.2499999999999822,-1.3499999999999823,0.05,0.15,0,out_of_energy,0,0,1,0,89,11,0,0,1,40,0.07054862485578256,1.7387842442126615,0.0,0.0,0.99,8,exponential
q_learning,sparse_seed3,sparse,3,4a77b6e251,2589,225,-1.2499999999999822,-1.3499999999999823,0.05,0.15,0,out_of_energy,0,0,1,0,78,6,0,0,1,34,0.09429488714562802,2.7947163228177487,0.0,0.0,0.99,8,exponential
q_learning,sparse_seed3,sparse,3,4a77b6e251,2590,225,-1.2499999999999822,-1.3499999999999823,0.05,0.15,0,out_of_energy,0,0,1,0,87,18,0,0,1,59,0.11755478367419066,4.437314933086464,0.0,0.0,0.99,8,exponential
q_learning,sparse_seed3,sparse,3,4a77b6e251,2591,225,-1.2499999999999822,-1.3499999999999823,0.05,0.15,0,out_of_energy,0,0,1,0,85,9,0,0,1,48,0.10822694976389677,3.175793531931129,0.0,0.0,0.99,8,exponential
q_learning,sparse_seed3,sparse,3,4a77b6e251,2592,225,-1.2499999999999822,-1.3499999999999823,0.05,0.15,0,out_of_energy,0,0,1,0,82,13,0,0,1,39,0.13322751546223946,4.755018875633035,0.0,0.0,0.99,8,exponential
q_learning,sparse_seed3,sparse,3,4a77b6e251,2593,225,-1.2499999999999822,-1.3499999999999823,0.05,0.15,0,out_of_energy,0,0,1,0,91,7,0,0,1,49,0.1221912576728998,5.133391934855251,0.0,0.0,0.99,8,exponential
q_learning,sparse_seed3,sparse,3,4a77b6e251,2594,225,-1.2499999999999822,-1.2499999999999825,0.05,0.15,0,out_of_energy,0,0,1,0,73,11,0,0,1,43,0.10467717535496354,3.0527195070336957,0.0,0.0,0.99,8,exponential
q_learning,sparse_seed3,sparse,3,4a77b6e251,2595,225,-1.2499999999999822,-1.2499999999999825,0.05,0.15,0,out_of_energy,0,0,1,0,73,12,0,0,1,52,0.07009671973497314,1.406476918913965,0.0,0.0,0.99,8,exponential
q_learning,sparse_seed3,sparse,3,4a77b6e251,2596,225,-1.2499999999999822,-1.2499999999999825,0.05,0.15,0,out_of_energy,0,0,1,0,108,16,0,0,1,47,0.20300817569229532,4.234288867805603,0.0,0.0,0.99,8,exponential
q_learning,sparse_seed3,sparse,3,4a77b6e251,2597,225,-1.2499999999999822,-1.2499999999999825,0.05,0.15,0,out_of_energy,0,0,1,0,102,26,0,0,1,52,0.12971729117951436,4.808578177659593,0.0,0.0,0.99,8,exponential
q_learning,sparse_seed3,sparse,3,4a77b6e251,2598,225,-1.2499999999999822,-1.2499999999999825,0.05,0.15,0,out_of_energy,0,0,1,0,88,15,0,0,1,43,0.0852400998238961,2.783946447047227,0.0,0.0,0.99,8,exponential
q_learning,sparse_seed3,sparse,3,4a77b6e251,2599,225,-1.2499999999999822,-1.2499999999999825,0.05,0.15,0,out_of_energy,0,0,1,0,79,11,0,0,1,42,0.12907746823322058,4.89708362745509,0.0,0.0,0.99,8,exponential
q_learning,sparse_seed3,sparse,3,4a77b6e251,2600,225,-1.2499999999999822,-1.2499999999999825,0.05,0.15,0,out_of_energy,0,0,1,0,79,10,0,0,1,47,0.08391950709031828,2.0938302404431406,0.0,0.0,0.99,8,exponential
q_learning,sparse_seed3,sparse,3,4a77b6e251,2601,225,-1.2499999999999822,-1.2499999999999825,0.05,0.15,0,out_of_energy,0,0,1,0,81,7,0,0,1,42,0.14197156804804026,4.721318286569653,0.0,0.0,0.99,8,exponential
q_learning,sparse_seed3,sparse,3,4a77b6e251,2602,225,-1.2499999999999822,-1.2499999999999825,0.05,0.15,0,out_of_energy,0,0,1,0,75,10,0,0,1,36,0.08176545344440228,2.8480026032155967,0.0,0.0,0.99,8,exponential
q_learning,sparse_seed3,sparse,3,4a77b6e251,2603,225,-1.2499999999999822,-1.2499999999999825,0.05,0.15,0,out_of_energy,0,0,1,0,83,8,0,0,1,43,0.1767470238595675,4.4470367392147505,0.0,0.0,0.99,8,exponential
q_learning,sparse_seed3,sparse,3,4a77b6e251,2604,225,-1.2499999999999822,-1.2499999999999825,0.05,0.15,0,out_of_energy,0,0,1,0,89,18,0,0,1,51,0.09907808266001186,3.018338939343051,0.0,0.0,0.99,8,exponential
q_learning,sparse_seed3,sparse,3,4a77b6e251,2605,225,-1.2499999999999822,-1.2499999999999825,0.05,0.15,0,out_of_energy,0,0,1,0,91,4,0,0,1,53,0.09904227934309903,4.100395082957908,0.0,0.0,0.99,8,exponential
q_learning,sparse_seed3,sparse,3,4a77b6e251,2606,225,-1.2499999999999822,-1.2499999999999825,0.05,0.15,0,out_of_energy,0,0,1,0,84,16,0,0,1,41,0.1323523658773107,5.107452191641704,0.0,0.0,0.99,8,exponential
q_learning,sparse_seed3,sparse,3,4a77b6e251,2607,225,-1.2499999999999822,-1.2499999999999825,0.05,0.15,0,out_of_energy,0,0,1,0,99,19,0,0,1,40,0.07809454487897834,2.4027108534142254,0.0,0.0,0.99,8,exponential
q_learning,sparse_seed3,sparse,3,4a77b6e251,2608,225,-1.2499999999999822,-1.2499999999999825,0.05,0.15,0,out_of_energy,0,0,1,0,93,45,0,0,1,45,0.10275691400741699,3.045093318071305,0.0,0.0,0.99,8,exponential
q_learning,sparse_seed3,sparse,3,4a77b6e251,2609,225,-1.2499999999999822,-1.2499999999999825,0.05,0.15,0,out_of_energy,0,0,1,0,73,11,0,0,1,50,0.0752262126702019,2.2694705197189426,0.0,0.0,0.99,8,exponential
q_learning,sparse_seed3,sparse,3,4a77b6e251,2610,225,-1.2499999999999822,-1.2499999999999825,0.05,0.15,0,out_of_energy,0,0,1,0,102,8,0,0,1,44,0.1200446071300665,4.604860451724356,0.0,0.0,0.99,8,exponential
q_learning,sparse_seed3,sparse,3,4a77b6e251,2611,225,-1.2499999999999822,-1.2499999999999825,0.05,0.15,0,out_of_energy,0,0,1,0,86,5,0,0,1,52,0.08023057929547799,2.533551042602899,0.0,0.0,0.99,8,exponential
q_learning,sparse_seed3,sparse,3,4a77b6e251,2612,225,-1.2499999999999822,-1.2499999999999825,0.05,0.15,0,out_of_energy,0,0,1,0,80,5,0,0,1,35,0.0913860811422522,2.695940347042809,0.0,0.0,0.99,8,exponential
q_learning,sparse_seed3,sparse,3,4a77b6e251,2613,225,-1.2499999999999822,-1.2499999999999825,0.05,0.15,0,out_of_energy,0,0,1,0,77,12,0,0,1,50,0.07074681621916964,1.2951764337687335,0.0,0.0,0.99,8,exponential
q_learning,sparse_seed3,sparse,3,4a77b6e251,2614,225,-1.2499999999999822,-1.2499999999999825,0.05,0.15,0,out_of_energy,0,0,1,0,77,17,0,0,1,41,0.10676714033896481,4.142903357461682,0.0,0.0,0.99,8,exponential
q_learning,sparse_seed3,sparse,3,4a77b6e251,2615,225,-1.2499999999999822,-1.2499999999999825,0.05,0.15,0,out_of_energy,0,0,1,0,77,9,0,0,1,48,0.09579223159005451,4.948630120516482,0.0,0.0,0.99,8,exponential
q_learning,sparse_seed3,sparse,3,4a77b6e251,2616,225,-1.2499999999999822,-1.2499999999999825,0.05,0.15,0,out_of_energy,0,0,1,0,85,3,0,0,1,45,0.07260849686293912,1.8096911965844944,0.0,0.0,0.99,8,exponential
q_learning,sparse_seed3,sparse,3,4a77b6e251,2617,225,-1.2499999999999822,-1.2499999999999825,0.05,0.15,0,out_of_energy,0,0,1,0,78,5,0,0,1,48,0.12481985226915718,4.047733421864113,0.0,0.0,0.99,8,exponential
q_learning,sparse_seed3,sparse,3,4a77b6e251,2618,225,-1.2499999999999822,-1.2499999999999825,0.05,0.15,0,out_of_energy,0,0,1,0,103,12,0,0,1,41,0.12002321787232721,3.710345594858552,0.0,0.0,0.99,8,exponential
q_learning,sparse_seed3,sparse,3,4a77b6e251,2619,225,-1.2499999999999822,-1.2499999999999825,0.05,0.15,0,out_of_energy,0,0,1,0,69,11,0,0,1,36,0.06222486021132324,1.4761804321566387,0.0,0.0,0.99,8,exponential
q_learning,sparse_seed3,sparse,3,4a77b6e251,2620,225,-1.2499999999999822,-1.2499999999999825,0.05,0.15,0,out_of_energy,0,0,1,0,93,4,0,0,1,47,0.11393912011835916,2.9921079078940487,0.0,0.0,0.99,8,exponential
q_learning,sparse_seed3,sparse,3,4a77b6e251,2621,225,-1.2499999999999822,-1.2499999999999825,0.05,0.15,0,out_of_energy,0,0,1,0,85,10,0,0,1,44,0.09142756743472007,3.49941510261973,0.0,0.0,0.99,8,exponential
q_learning,sparse_seed3,sparse,3,4a77b6e251,2622,225,-1.2499999999999822,-1.2499999999999825,0.05,0.15,0,out_of_energy,0,0,1,0,101,3,0,0,1,43,0.0959399294710193,3.643908716567206,0.0,0.0,0.99,8,exponential
q_learning,sparse_seed3,sparse,3,4a77b6e251,2623,225,-1.2499999999999822,-1.2499999999999825,0.05,0.15,0,out_of_energy,0,0,1,0,78,12,0,0,1,38,0.07297381448412396,2.5010489747050983,0.0,0.0,0.99,8,exponential
q_learning,sparse_seed3,sparse,3,4a77b6e251,2624,225,-1.2499999999999822,-1.2499999999999825,0.05,0.15,0,out_of_energy,0,0,1,0,70,7,0,0,1,41,0.07882051544904818,3.2788875398027493,0.0,0.0,0.99,8,exponential
q_learning,sparse_seed3,sparse,3,4a77b6e251,2625,225,-1.2499999999999822,-1.2499999999999825,0.05,0.15,0,out_of_energy,0,0,1,0,84,7,0,0,1,56,0.15787818938306122,5.88131451704126,0.0,0.0,0.99,8,exponential
q_learning,sparse_seed3,sparse,3,4a77b6e251,2626,225,-1.2499999999999822,-1.2499999999999825,0.05,0.15,0,out_of_energy,0,0,1,0,81,14,0,0,1,50,0.08105210998102805,1.3381322331921393,0.0,0.0,0.99,8,exponential
q_learning,sparse_seed3,sparse,3,4a77b6e251,2627,225,-1.2499999999999822,-1.2499999999999825,0.05,0.15,0,out_of_energy,0,0,1,0,71,9,0,0,1,50,0.06258029238781669,1.1613383402378084,0.0,0.0,0.99,8,exponential
q_learning,sparse_seed3,sparse,3,4a77b6e251,2628,225,-1.2499999999999822,-1.2499999999999825,0.05,0.15,0,out_of_energy,0,0,1,0,90,9,0,0,1,46,0.11216786889195213,4.289611843755351,0.0,0.0,0.99,8,exponential
q_learning,sparse_seed3,sparse,3,4a77b6e251,2629,225,-1.2499999999999822,-1.2499999999999825,0.05,0.15,0,out_of_energy,0,0,1,0,83,6,0,0,1,37,0.1097647586895503,4.987808887736156,0.0,0.0,0.99,8,exponential
q_learning,sparse_seed3,sparse,3,4a77b6e251,2630,225,-1.2499999999999822,-1.2499999999999825,0.05,0.15,0,out_of_energy,0,0,1,0,82,10,0,0,1,46,0.07617963098131528,1.466297703044594,0.0,0.0,0.99,8,exponential
q_learning,sparse_seed3,sparse,3,4a77b6e251,2631,225,-1.2499999999999822,-1.2499999999999825,0.05,0.15,0,out_of_energy,0,0,1,0,89,14,0,0,1,37,0.091482690468025,3.5278701139119235,0.0,0.0,0.99,8,exponential
q_learning,sparse_seed3,sparse,3,4a77b6e251,2632,225,-1.2499999999999822,-1.2499999999999825,0.05,0.15,0,out_of_energy,0,0,1,0,87,7,0,0,1,39,0.19800698559135585,5.087986165606484,0.0,0.0,0.99,8,exponential
q_learning,sparse_seed3,sparse,3,4a77b6e251,2633,225,-1.2499999999999822,-1.2499999999999825,0.05,0.15,0,out_of_energy,0,0,1,0,95,15,0,0,1,43,0.08506309386855937,3.8773182814221636,0.0,0.0,0.99,8,exponential
q_learning,sparse_seed3,sparse,3,4a77b6e251,2634,225,-1.2499999999999822,-1.2499999999999825,0.05,0.15,0,out_of_energy,0,0,1,0,88,5,0,0,1,46,0.09393320330087127,3.6842396322567126,0.0,0.0,0.99,8,exponential
q_learning,sparse_seed3,sparse,3,4a77b6e251,2635,225,-1.2499999999999822,-1.2499999999999825,0.05,0.15,0,out_of_energy,0,0,1,0,90,18,0,0,1,40,0.06577747027823419,1.4117181422975884,0.0,0.0,0.99,8,exponential
q_learning,sparse_seed3,sparse,3,4a77b6e251,2636,225,-1.2499999999999822,-1.2499999999999825,0.05,0.15,0,out_of_energy,0,0,1,0,95,15,0,0,1,44,0.15944983433202894,3.793610042677835,0.0,0.0,0.99,8,exponential
q_learning,sparse_seed3,sparse,3,4a77b6e251,2637,225,-1.2499999999999822,-1.2499999999999825,0.05,0.15,0,out_of_energy,0,0,1,0,86,7,0,0,1,43,0.1102671965251285,4.8584435071242105,0.0,0.0,0.99,8,exponential
q_learning,sparse_seed3,sparse,3,4a77b6e251,2638,225,-1.2499999999999822,-1.2499999999999825,0.05,0.15,0,out_of_energy,0,0,1,0,100,13,0,0,1,49,0.10700910324789077,4.428297664920418,0.0,0.0,0.99,8,exponential
q_learning,sparse_seed3,sparse,3,4a77b6e251,2639,225,-1.2499999999999822,-1.2499999999999825,0.05,0.15,0,out_of_energy,0,0,1,0,103,29,0,0,1,61,0.08167807625939408,3.1715766638320684,0.0,0.0,0.99,8,exponential
q_learning,sparse_seed3,sparse,3,4a77b6e251,2640,225,-1.2499999999999822,-1.2499999999999825,0.05,0.15,0,out_of_energy,0,0,1,0,83,24,0,0,1,47,0.13394134791538373,4.809292030059104,0.0,0.0,0.99,8,exponential
q_learning,sparse_seed3,sparse,3,4a77b6e251,2641,225,-1.2499999999999822,-1.2499999999999825,0.05,0.15,0,out_of_energy,0,0,1,0,94,21,0,0,1,46,0.07692905914218061,1.4358353617992838,0.0,0.0,0.99,8,exponential
q_learning,sparse_seed3,sparse,3,4a77b6e251,2642,225,-1.2499999999999822,-1.2499999999999825,0.05,0.15,0,out_of_energy,0,0,1,0,101,10,0,0,1,47,0.07666655924662637,1.9011250249709923,0.0,0.0,0.99,8,exponential
q_learning,sparse_seed3,sparse,3,4a77b6e251,2643,225,-1.2499999999999822,-1.2499999999999825,0.05,0.15,0,out_of_energy,0,0,1,0,103,6,0,0,1,45,0.10050193995782994,3.5038635377479546,0.0,0.0,0.99,8,exponential
q_learning,sparse_seed3,sparse,3,4a77b6e251,2644,225,-1.2499999999999822,-1.2499999999999825,0.05,0.15,0,out_of_energy,0,0,1,0,77,11,0,0,1,47,0.07519234985808637,3.063559820078946,0.0,0.0,0.99,8,exponential
q_learning,sparse_seed3,sparse,3,4a77b6e251,2645,225,-1.2499999999999822,-1.2499999999999825,0.05,0.15,0,out_of_energy,0,0,1,0,109,6,0,0,1,52,0.09131227957111387,6.501548816592305,0.0,0.0,0.99,8,exponential
q_learning,sparse_seed3,sparse,3,4a77b6e251,2646,225,-1.2499999999999822,-1.2499999999999825,0.05,0.15,0,out_of_energy,0,0,1,0,97,4,0,0,1,58,0.13776832352729762,4.6876066729434465,0.0,0.0,0.99,8,exponential
q_learning,sparse_seed3,sparse,3,4a77b6e251,2647,225,-1.2499999999999822,-1.2499999999999825,0.05,0.15,0,out_of_energy,0,0,1,0,91,28,0,0,1,40,0.07160511271628789,1.57137832748377,0.0,0.0,0.99,8,exponential
q_learning,sparse_seed3,sparse,3,4a77b6e251,2648,225,-1.2499999999999822,-1.2499999999999825,0.05,0.15,0,out_of_energy,0,0,1,0,83,7,0,0,1,42,0.10189526054561804,3.8349770968484718,0.0,0.0,0.99,8,exponential
q_learning,sparse_seed3,sparse,3,4a77b6e251,2649,225,-1.2499999999999822,-1.2499999999999825,0.05,0.15,0,out_of_energy,0,0,1,0,82,18,0,0,1,47,0.08854834627817133,3.332908306793129,0.0,0.0,0.99,8,exponential
q_learning,sparse_seed3,sparse,3,4a77b6e251,2650,225,-1.2499999999999822,-1.2499999999999825,0.05,0.15,0,out_of_energy,0,0,1,0,83,17,0,0,1,52,0.07710276225962163,1.4863389556357876,0.0,0.0,0.99,8,exponential
q_learning,sparse_seed3,sparse,3,4a77b6e251,2651,225,-1.2499999999999822,-1.2499999999999825,0.05,0.15,0,out_of_energy,0,0,1,0,95,17,0,0,1,43,0.08235516791231769,3.989244933210889,0.0,0.0,0.99,8,exponential
q_learning,sparse_seed3,sparse,3,4a77b6e251,2652,225,-1.2499999999999822,-1.2499999999999825,0.05,0.15,0,out_of_energy,0,0,1,0,101,17,0,0,1,54,0.07491598552951059,1.3034279465977088,0.0,0.0,0.99,8,exponential
q_learning,sparse_seed3,sparse,3,4a77b6e251,2653,225,-1.2499999999999822,-1.2499999999999825,0.05,0.15,0,out_of_energy,0,0,1,0,80,23,0,0,1,50,0.07914423760961369,2.576324908841803,0.0,0.0,0.99,8,exponential
q_learning,sparse_seed3,sparse,3,4a77b6e251,2654,225,-1.2499999999999822,-1.2499999999999825,0.05,0.15,0,out_of_energy,0,0,1,0,74,4,0,1,1,41,0.12232746039369305,3.3416343197317406,0.0,0.0,0.99,8,exponential
q_learning,sparse_seed3,sparse,3,4a77b6e251,2655,225,-1.2499999999999822,-1.2499999999999825,0.05,0.15,0,out_of_energy,0,0,1,0,88,3,0,0,1,52,0.08608479255393901,2.5961064082363525,0.0,0.0,0.99,8,exponential
q_learning,sparse_seed3,sparse,3,4a77b6e251,2656,225,-1.2499999999999822,-1.2499999999999825,0.05,0.15,0,out_of_energy,0,0,1,0,96,8,0,0,1,54,0.07453234942500166,2.027261094102153,0.0,0.0,0.99,8,exponential
q_learning,sparse_seed3,sparse,3,4a77b6e251,2657,225,-1.2499999999999822,-1.2499999999999825,0.05,0.15,0,out_of_energy,0,0,1,0,78,11,0,0,1,38,0.0791888177012052,1.5451623082248904,0.0,0.0,0.99,8,exponential
q_learning,sparse_seed3,sparse,3,4a77b6e251,2658,225,-1.2499999999999822,-1.2499999999999825,0.05,0.15,0,out_of_energy,0,0,1,0,84,3,0,0,1,41,0.21292174453292867,4.556701716391758,0.0,0.0,0.99,8,exponential
q_learning,sparse_seed3,sparse,3,4a77b6e251,2659,225,-1.2499999999999822,-1.2499999999999825,0.05,0.15,0,out_of_energy,0,0,1,0,84,11,0,0,1,53,0.1414436223272594,5.474996677323894,0.0,0.0,0.99,8,exponential
q_learning,sparse_seed3,sparse,3,4a77b6e251,2660,225,-1.2499999999999822,-1.2499999999999825,0.05,0.15,0,out_of_energy,0,0,1,0,90,5,0,0,1,51,0.12193399162795916,4.1854822033252415,0.0,0.0,0.99,8,exponential
q_learning,sparse_seed3,sparse,3,4a77b6e251,2661,225,-1.2499999999999822,-1.2499999999999825,0.05,0.15,0,out_of_energy,0,0,1,0,112,14,0,0,1,58,0.1085575521121096,3.6772836667097106,0.0,0.0,0.99,8,exponential
q_learning,sparse_seed3,sparse,3,4a77b6e251,2662,225,-1.2499999999999822,-1.2499999999999825,0.05,0.15,0,out_of_energy,0,0,1,0,79,6,0,0,1,43,0.10428109781867213,3.872565890906686,0.0,0.0,0.99,8,exponential
q_learning,sparse_seed3,sparse,3,4a77b6e251,2663,225,-1.2499999999999822,-1.2499999999999825,0.05,0.15,0,out_of_energy,0,0,1,0,86,6,0,0,1,48,0.12165542234696892,4.487796667478697,0.0,0.0,0.99,8,exponential
q_learning,sparse_seed3,sparse,3,4a77b6e251,2664,225,-1.2499999999999822,-1.2499999999999825,0.05,0.15,0,out_of_energy,0,0,1,0,77,10,0,0,1,45,0.09935748774402986,4.708922169885781,0.0,0.0,0.99,8,exponential
q_learning,sparse_seed3,sparse,3,4a77b6e251,2665,225,-1.2499999999999822,-1.2499999999999825,0.05,0.15,0,out_of_energy,0,0,1,0,70,5,0,0,1,44,0.06655589162378125,1.3631665172956602,0.0,0.0,0.99,8,exponential
q_learning,sparse_seed3,sparse,3,4a77b6e251,2666,225,-1.2499999999999822,-1.2499999999999825,0.05,0.15,0,out_of_energy,0,0,1,0,82,9,0,0,1,53,0.07336577650141184,1.4887522917147598,0.0,0.0,0.99,8,exponential
q_learning,sparse_seed3,sparse,3,4a77b6e251,2667,225,-1.2499999999999822,-1.2499999999999825,0.05,0.15,0,out_of_energy,0,0,1,0,89,19,0,0,1,42,0.08585127729797419,3.6785474995019944,0.0,0.0,0.99,8,exponential
q_learning,sparse_seed3,sparse,3,4a77b6e251,2668,225,-1.2499999999999822,-1.2499999999999825,0.05,0.15,0,out_of_energy,0,0,1,0,67,3,0,0,1,31,0.09132578484514202,5.453812483829119,0.0,0.0,0.99,8,exponential
q_learning,sparse_seed3,sparse,3,4a77b6e251,2669,225,-1.2499999999999822,-1.2499999999999825,0.05,0.15,0,out_of_energy,0,0,1,0,82,10,0,0,1,45,0.062289972831570825,1.4603690336351658,0.0,0.0,0.99,8,exponential
q_learning,sparse_seed3,sparse,3,4a77b6e251,2670,225,-1.2499999999999822,-1.2499999999999825,0.05,0.15,0,out_of_energy,0,0,1,0,91,8,0,0,1,43,0.08038740084698365,3.8862663961843946,0.0,0.0,0.99,8,exponential
q_learning,sparse_seed3,sparse,3,4a77b6e251,2671,225,-1.2499999999999822,-1.2499999999999825,0.05,0.15,0,out_of_energy,0,0,1,0,81,14,0,0,1,50,0.13369423162373092,4.068950964949591,0.0,0.0,0.99,8,exponential
q_learning,sparse_seed3,sparse,3,4a77b6e251,2672,225,-1.2499999999999822,-1.2499999999999825,0.05,0.15,0,out_of_energy,0,0,1,0,72,18,0,0,1,39,0.1072931742950274,2.8186440215836273,0.0,0.0,0.99,8,exponential
q_learning,sparse_seed3,sparse,3,4a77b6e251,2673,225,-1.2499999999999822,-1.2499999999999825,0.05,0.15,0,out_of_energy,0,0,1,0,86,10,0,0,1,42,0.09128856770462919,2.6578444738630385,0.0,0.0,0.99,8,exponential
q_learning,sparse_seed3,sparse,3,4a77b6e251,2674,225,-1.2499999999999822,-1.2499999999999825,0.05,0.15,0,out_of_energy,0,0,1,0,96,4,0,0,1,52,0.09363019358111346,2.5332898881866894,0.0,0.0,0.99,8,exponential
q_learning,sparse_seed3,sparse,3,4a77b6e251,2675,225,-1.2499999999999822,-1.2499999999999825,0.05,0.15,0,out_of_energy,0,0,1,0,80,11,0,0,1,46,0.07233363918546887,1.4824148753773354,0.0,0.0,0.99,8,exponential
q_learning,sparse_seed3,sparse,3,4a77b6e251,2676,225,-1.2499999999999822,-1.2499999999999825,0.05,0.15,0,out_of_energy,0,0,1,0,81,16,0,0,1,53,0.08453599475742456,3.3893897787429395,0.0,0.0,0.99,8,exponential
q_learning,sparse_seed3,sparse,3,4a77b6e251,2677,225,-1.2499999999999822,-1.2499999999999825,0.05,0.15,0,out_of_energy,0,0,1,0,73,10,0,0,1,40,0.11894029874850098,3.3112218969597134,0.0,0.0,0.99,8,exponential
q_learning,sparse_seed3,sparse,3,4a77b6e251,2678,225,-1.2499999999999822,-1.2499999999999825,0.05,0.15,0,out_of_energy,0,0,1,0,79,13,0,0,1,42,0.11727326718884087,3.3276671693940276,0.0,0.0,0.99,8,exponential
q_learning,sparse_seed3,sparse,3,4a77b6e251,2679,225,-1.2499999999999822,-1.2499999999999825,0.05,0.15,0,out_of_energy,0,0,1,0,96,4,0,0,1,46,0.07067288816659915,1.4353544250301553,0.0,0.0,0.99,8,exponential
q_learning,sparse_seed3,sparse,3,4a77b6e251,2680,225,-1.2499999999999822,-1.2499999999999825,0.05,0.15,0,out_of_energy,0,0,1,0,84,8,0,0,1,36,0.08697137693283752,3.5694342760013775,0.0,0.0,0.99,8,exponential
q_learning,sparse_seed3,sparse,3,4a77b6e251,2681,225,-1.2499999999999822,-1.2499999999999825,0.05,0.15,0,out_of_energy,0,0,1,0,71,15,0,0,1,40,0.08585689264387351,3.1773659452876757,0.0,0.0,0.99,8,exponential
q_learning,sparse_seed3,sparse,3,4a77b6e251,2682,225,-1.2499999999999822,-1.2499999999999825,0.05,0.15,0,out_of_energy,0,0,1,0,75,30,0,0,1,30,0.06776832693133442,1.368983428216648,0.0,0.0,0.99,8,exponential
q_learning,sparse_seed3,sparse,3,4a77b6e251,2683,225,-1.2499999999999822,-1.2499999999999825,0.05,0.15,0,out_of_energy,0,0,1,0,81,12,0,0,1,46,0.06491896926461731,1.308753478592327,0.0,0.0,0.99,8,exponential
q_learning,sparse_seed3,sparse,3,4a77b6e251,2684,225,-1.2499999999999822,-1.2499999999999825,0.05,0.15,0,out_of_energy,0,0,1,0,90,6,0,0,1,39,0.07638299967369949,2.613201725272765,0.0,0.0,0.99,8,exponential
q_learning,sparse_seed3,sparse,3,4a77b6e251,2685,225,-1.2499999999999822,-1.2499999999999825,0.05,0.15,0,out_of_energy,0,0,1,0,77,6,0,0,1,43,0.08695859594166276,3.3324393765811426,0.0,0.0,0.99,8,exponential
q_learning,sparse_seed3,sparse,3,4a77b6e251,2686,225,-1.2499999999999822,-1.2499999999999825,0.05,0.15,0,out_of_energy,0,0,1,0,89,7,0,0,1,48,0.11248461374170286,6.601016261944017,0.0,0.0,0.99,8,exponential
q_learning,sparse_seed3,sparse,3,4a77b6e251,2687,225,-1.2499999999999822,-1.2499999999999825,0.05,0.15,0,out_of_energy,0,0,1,0,80,7,0,0,1,49,0.09869152154332712,3.9487370551915233,0.0,0.0,0.99,8,exponential
q_learning,sparse_seed3,sparse,3,4a77b6e251,2688,225,-1.2499999999999822,-1.2499999999999825,0.05,0.15,0,out_of_energy,0,0,1,0,78,13,0,0,1,46,0.10316187188217177,3.128020790763147,0.0,0.0,0.99,8,exponential
q_learning,sparse_seed3,sparse,3,4a77b6e251,2689,225,-1.2499999999999822,-1.2499999999999825,0.05,0.15,0,out_of_energy,0,0,1,0,90,8,0,0,1,44,0.06733407065562953,1.7431600837678896,0.0,0.0,0.99,8,exponential
q_learning,sparse_seed3,sparse,3,4a77b6e251,2690,225,-1.2499999999999822,-1.2499999999999825,0.05,0.15,0,out_of_energy,0,0,1,0,71,10,0,0,1,33,0.08473879833432135,1.9873937823064047,0.0,0.0,0.99,8,exponential
q_learning,sparse_seed3,sparse,3,4a77b6e251,2691,225,-1.2499999999999822,-1.2499999999999825,0.05,0.15,0,out_of_energy,0,0,1,0,82,7,0,0,1,43,0.0764061329525104,2.6385983962249147,0.0,0.0,0.99,8,exponential
q_learning,sparse_seed3,sparse,3,4a77b6e251,2692,225,-1.2499999999999822,-1.2499999999999825,0.05,0.15,0,out_of_energy,0,0,1,0,92,3,0,0,1,42,0.10103813428754929,4.547329778332232,0.0,0.0,0.99,8,exponential
q_learning,sparse_seed3,sparse,3,4a77b6e251,2693,225,-1.2499999999999822,-1.2499999999999825,0.05,0.15,0,out_of_energy,0,0,1,0,95,4,0,0,1,43,0.11077423519788977,4.211183212565254,0.0,0.0,0.99,8,exponential
q_learning,sparse_seed3,sparse,3,4a77b6e251,2694,225,-1.2499999999999822,-1.2499999999999825,0.05,0.15,0,out_of_energy,0,0,1,0,84,18,0,0,1,42,0.08219628459907341,3.6503089669150244,0.0,0.0,0.99,8,exponential
q_learning,sparse_seed3,sparse,3,4a77b6e251,2695,225,-1.2499999999999822,-1.2499999999999825,0.05,0.15,0,out_of_energy,0,0,1,0,84,6,0,0,1,39,0.07406598154520953,2.9984265629075746,0.0,0.0,0.99,8,exponential
q_learning,sparse_seed3,sparse,3,4a77b6e251,2696,225,-1.2499999999999822,-1.2499999999999825,0.05,0.15,0,out_of_energy,0,0,1,0,76,4,0,0,1,49,0.07419532437913166,2.3847496352645448,0.0,0.0,0.99,8,exponential
q_learning,sparse_seed3,sparse,3,4a77b6e251,2697,225,-1.2499999999999822,-1.2499999999999825,0.05,0.15,0,out_of_energy,0,0,1,0,81,6,0,0,1,45,0.10503064940301414,2.8851966892882603,0.0,0.0,0.99,8,exponential
q_learning,sparse_seed3,sparse,3,4a77b6e251,2698,225,-1.2499999999999822,-1.2499999999999825,0.05,0.15,0,out_of_energy,0,0,1,0,89,5,0,0,1,51,0.09216659571840866,4.321434573353967,0.0,0.0,0.99,8,exponential
q_learning,sparse_seed3,sparse,3,4a77b6e251,2699,225,-1.2499999999999822,-1.2499999999999825,0.05,0.15,0,out_of_energy,0,0,1,0,81,8,0,0,1,44,0.0869331455168775,2.6963625022027236,0.0,0.0,0.99,8,exponential
q_learning,sparse_seed3,sparse,3,4a77b6e251,2700,225,-1.2499999999999822,-1.2499999999999825,0.05,0.15,0,out_of_energy,0,0,1,0,83,11,0,0,1,48,0.11304639218693323,3.8141870823299273,0.0,0.0,0.99,8,exponential
q_learning,sparse_seed3,sparse,3,4a77b6e251,2701,225,-1.2499999999999822,-1.2499999999999825,0.05,0.15,0,out_of_energy,0,0,1,0,68,5,0,0,1,45,0.07105320122881809,1.4031955766535296,0.0,0.0,0.99,8,exponential
q_learning,sparse_seed3,sparse,3,4a77b6e251,2702,225,-1.2499999999999822,-1.2499999999999825,0.05,0.15,0,out_of_energy,0,0,1,0,73,11,0,0,1,51,0.08654478109936285,3.809143559322855,0.0,0.0,0.99,8,exponential
q_learning,sparse_seed3,sparse,3,4a77b6e251,2703,225,-1.2499999999999822,-1.2499999999999825,0.05,0.15,0,out_of_energy,0,0,1,0,84,5,0,0,1,53,0.08882491228301012,1.9903777962479312,0.0,0.0,0.99,8,exponential
q_learning,sparse_seed3,sparse,3,4a77b6e251,2704,225,-1.2499999999999822,-1.2499999999999825,0.05,0.15,0,out_of_energy,0,0,1,0,82,14,0,0,1,43,0.06483484396533265,1.2353732751227238,0.0,0.0,0.99,8,exponential
q_learning,sparse_seed3,sparse,3,4a77b6e251,2705,225,-1.2499999999999822,-1.2499999999999825,0.05,0.15,0,out_of_energy,0,0,1,0,84,5,0,0,1,42,0.11312734895272637,3.2500933648884995,0.0,0.0,0.99,8,exponential
q_learning,sparse_seed3,sparse,3,4a77b6e251,2706,225,-1.2499999999999822,-1.2499999999999825,0.05,0.15,0,out_of_energy,0,0,1,0,90,6,0,0,1,45,0.13540218432760434,4.7380261635046494,0.0,0.0,0.99,8,exponential
q_learning,sparse_seed3,sparse,3,4a77b6e251,2707,225,-1.2499999999999822,-1.2499999999999825,0.05,0.15,0,out_of_energy,0,0,1,0,70,15,0,0,1,51,0.06461614077777558,1.4428092048848953,0.0,0.0,0.99,8,exponential
q_learning,sparse_seed3,sparse,3,4a77b6e251,2708,225,-1.2499999999999822,-1.2499999999999825,0.05,0.15,0,out_of_energy,0,0,1,0,76,15,0,0,1,40,0.08762405541785204,2.692141305098246,0.0,0.0,0.99,8,exponential
q_learning,sparse_seed3,sparse,3,4a77b6e251,2709,225,-1.2499999999999822,-1.2499999999999825,0.05,0.15,0,out_of_energy,0,0,1,0,88,22,0,0,1,45,0.10327977868006614,3.4986544105754076,0.0,0.0,0.99,8,exponential
q_learning,sparse_seed3,sparse,3,4a77b6e251,2710,225,-1.2499999999999822,-1.2499999999999825,0.05,0.15,0,out_of_energy,0,0,1,0,76,7,0,0,1,57,0.060701822684553056,1.3688746924273127,0.0,0.0,0.99,8,exponential
q_learning,sparse_seed3,sparse,3,4a77b6e251,2711,225,-1.2499999999999822,-1.2499999999999825,0.05,0.15,0,out_of_energy,0,0,1,0,76,7,0,0,1,39,0.07974031903240704,2.9938253447983434,0.0,0.0,0.99,8,exponential
q_learning,sparse_seed3,sparse,3,4a77b6e251,2712,225,-1.2499999999999822,-1.2499999999999825,0.05,0.15,0,out_of_energy,0,0,1,0,73,14,0,0,1,39,0.07333742394189958,2.917079406773464,0.0,0.0,0.99,8,exponential
q_learning,sparse_seed3,sparse,3,4a77b6e251,2713,225,-1.2499999999999822,-1.2499999999999825,0.05,0.15,0,out_of_energy,0,0,1,0,74,8,0,0,1,44,0.09436887933954599,3.0259002413450062,0.0,0.0,0.99,8,exponential
q_learning,sparse_seed3,sparse,3,4a77b6e251,2714,225,-1.2499999999999822,-1.2499999999999825,0.05,0.15,0,out_of_energy,0,0,1,0,86,16,0,0,1,53,0.09842918476353149,4.448240904252904,0.0,0.0,0.99,8,exponential
q_learning,sparse_seed3,sparse,3,4a77b6e251,2715,225,-1.2499999999999822,-1.2499999999999825,0.05,0.15,0,out_of_energy,0,0,1,0,83,10,0,0,1,38,0.06047148034798205,1.020387074831766,0.0,0.0,0.99,8,exponential
q_learning,sparse_seed3,sparse,3,4a77b6e251,2716,225,-1.2499999999999822,-1.2499999999999825,0.05,0.15,0,out_of_energy,0,0,1,0,86,5,0,0,1,32,0.07802130115452786,4.223746668184194,0.0,0.0,0.99,8,exponential
q_learning,sparse_seed3,sparse,3,4a77b6e251,2717,225,-1.2499999999999822,-1.2499999999999825,0.05,0.15,0,out_of_energy,0,0,1,0,84,16,0,0,1,45,0.11212602810466972,6.80510173448112,0.0,0.0,0.99,8,exponential
q_learning,sparse_seed3,sparse,3,4a77b6e251,2718,225,-1.2499999999999822,-1.2499999999999825,0.05,0.15,0,out_of_energy,0,0,1,0,80,7,0,0,1,39,0.06129785290860443,1.1934530281437477,0.0,0.0,0.99,8,exponential
q_learning,sparse_seed3,sparse,3,4a77b6e251,2719,225,-1.2499999999999822,-1.2499999999999825,0.05,0.15,0,out_of_energy,0,0,1,0,85,6,0,0,1,39,0.13746286429908255,5.244500112970613,0.0,0.0,0.99,8,exponential
q_learning,sparse_seed3,sparse,3,4a77b6e251,2720,225,-1.2499999999999822,-1.2499999999999825,0.05,0.15,0,out_of_energy,0,0,1,0,84,7,0,0,1,43,0.06005269045849439,1.1764325893224061,0.0,0.0,0.99,8,exponential
q_learning,sparse_seed3,sparse,3,4a77b6e251,2721,225,-1.2499999999999822,-1.2499999999999825,0.05,0.15,0,out_of_energy,0,0,1,0,73,11,0,0,1,48,0.05959180583536704,1.0789603418093652,0.0,0.0,0.99,8,exponential
q_learning,sparse_seed3,sparse,3,4a77b6e251,2722,225,-1.2499999999999822,-1.2499999999999825,0.05,0.15,0,out_of_energy,0,0,1,0,90,18,0,0,1,47,0.09492280177994833,2.9977160159047544,0.0,0.0,0.99,8,exponential
q_learning,sparse_seed3,sparse,3,4a77b6e251,2723,225,-1.2499999999999822,-1.2499999999999825,0.05,0.15,0,out_of_energy,0,0,1,0,98,6,0,0,1,50,0.08343649355887599,2.3683654108394405,0.0,0.0,0.99,8,exponential
q_learning,sparse_seed3,sparse,3,4a77b6e251,2724,225,-1.2499999999999822,-1.2499999999999825,0.05,0.15,0,out_of_energy,0,0,1,0,82,7,0,0,1,41,0.07667939126243829,4.011129745013354,0.0,0.0,0.99,8,exponential
q_learning,sparse_seed3,sparse,3,4a77b6e251,2725,225,-1.2499999999999822,-1.2499999999999825,0.05,0.15,0,out_of_energy,0,0,1,0,91,18,0,0,1,43,0.07503744208754867,1.981348098478735,0.0,0.0,0.99,8,exponential
q_learning,sparse_seed3,sparse,3,4a77b6e251,2726,225,-1.2499999999999822,-1.2499999999999825,0.05,0.15,0,out_of_energy,0,0,1,0,87,21,0,0,1,36,0.0669461208367929,1.1877534899773217,0.0,0.0,0.99,8,exponential
q_learning,sparse_seed3,sparse,3,4a77b6e251,2727,225,-1.2499999999999822,-1.2499999999999825,0.05,0.15,0,out_of_energy,0,0,1,0,80,9,0,0,1,35,0.12525640149982578,4.804124808439314,0.0,0.0,0.99,8,exponential
q_learning,sparse_seed3,sparse,3,4a77b6e251,2728,225,-1.2499999999999822,-1.2499999999999825,0.05,0.15,0,out_of_energy,0,0,1,0,78,17,0,0,1,48,0.08993612456164518,4.007587123139851,0.0,0.0,0.99,8,exponential
q_learning,sparse_seed3,sparse,3,4a77b6e251,2729,225,-1.2499999999999822,-1.2499999999999825,0.05,0.15,0,out_of_energy,0,0,1,0,87,11,0,0,1,53,0.09702948519601559,3.441035573890184,0.0,0.0,0.99,8,exponential
q_learning,sparse_seed3,sparse,3,4a77b6e251,2730,225,-1.2499999999999822,-1.2499999999999825,0.05,0.15,0,out_of_energy,0,0,1,0,84,7,0,0,1,45,0.10065477671852029,5.129101519249062,0.0,0.0,0.99,8,exponential
q_learning,sparse_seed3,sparse,3,4a77b6e251,2731,225,-1.2499999999999822,-1.2499999999999825,0.05,0.15,0,out_of_energy,0,0,1,0,93,8,0,0,1,52,0.07935065354813692,2.2533515147577834,0.0,0.0,0.99,8,exponential
q_learning,sparse_seed3,sparse,3,4a77b6e251,2732,225,-1.2499999999999822,-1.2499999999999825,0.05,0.15,0,out_of_energy,0,0,1,0,83,22,0,0,1,36,0.12464017233656828,3.9483889948118756,0.0,0.0,0.99,8,exponential
q_learning,sparse_seed3,sparse,3,4a77b6e251,2733,225,-1.2499999999999822,-1.2499999999999825,0.05,0.15,0,out_of_energy,0,0,1,0,93,18,0,0,1,47,0.09090784560565462,2.977030497164931,0.0,0.0,0.99,8,exponential
q_learning,sparse_seed3,sparse,3,4a77b6e251,2734,225,-1.2499999999999822,-1.2499999999999825,0.05,0.15,0,out_of_energy,0,0,1,0,84,5,0,0,1,46,0.09811830298176624,3.8193569773778204,0.0,0.0,0.99,8,exponential
q_learning,sparse_seed3,sparse,3,4a77b6e251,2735,225,-1.2499999999999822,-1.2499999999999825,0.05,0.15,0,out_of_energy,0,0,1,0,98,4,0,0,1,43,0.06768158388736834,1.6374516990212231,0.0,0.0,0.99,8,exponential
q_learning,sparse_seed3,sparse,3,4a77b6e251,2736,225,-1.2499999999999822,-1.2499999999999825,0.05,0.15,0,out_of_energy,0,0,1,0,71,17,0,0,1,41,0.12357710754986413,3.5622634345121043,0.0,0.0,0.99,8,exponential
q_learning,sparse_seed3,sparse,3,4a77b6e251,2737,225,-1.2499999999999822,-1.2499999999999825,0.05,0.15,0,out_of_energy,0,0,1,0,75,7,0,0,1,48,0.14264447643155187,3.9329058044138225,0.0,0.0,0.99,8,exponential
q_learning,sparse_seed3,sparse,3,4a77b6e251,2738,225,-1.2499999999999822,-1.2499999999999825,0.05,0.15,0,out_of_energy,0,0,1,0,81,6,0,0,1,48,0.06695729942942273,1.185356133639634,0.0,0.0,0.99,8,exponential
q_learning,sparse_seed3,sparse,3,4a77b6e251,2739,225,-1.2499999999999822,-1.2499999999999825,0.05,0.15,0,out_of_energy,0,0,1,0,78,8,0,0,1,38,0.08878104571776381,3.398112709631119,0.0,0.0,0.99,8,exponential
q_learning,sparse_seed3,sparse,3,4a77b6e251,2740,225,-1.2499999999999822,-1.2499999999999825,0.05,0.15,0,out_of_energy,0,0,1,0,83,15,0,0,1,37,0.06385322054330514,1.1535545250236883,0.0,0.0,0.99,8,exponential
q_learning,sparse_seed3,sparse,3,4a77b6e251,2741,225,-1.2499999999999822,-1.2499999999999825,0.05,0.15,0,out_of_energy,0,0,1,0,98,3,0,0,1,58,0.07262642359861532,1.8855592993628054,0.0,0.0,0.99,8,exponential
q_learning,sparse_seed3,sparse,3,4a77b6e251,2742,225,-1.2499999999999822,-1.2499999999999825,0.05,0.15,0,out_of_energy,0,0,1,0,92,14,0,0,1,50,0.12320684264308171,5.80018804738447,0.0,0.0,0.99,8,exponential
q_learning,sparse_seed3,sparse,3,4a77b6e251,2743,225,-1.2499999999999822,-1.2499999999999825,0.05,0.15,0,out_of_energy,0,0,1,0,92,3,0,0,1,45,0.07285009731074045,3.1321650534498224,0.0,0.0,0.99,8,exponential
q_learning,sparse_seed3,sparse,3,4a77b6e251,2744,225,-1.2499999999999822,-1.2499999999999825,0.05,0.15,0,out_of_energy,0,0,1,0,77,5,0,0,1,48,0.07348269003507552,2.5758401386147582,0.0,0.0,0.99,8,exponential
q_learning,sparse_seed3,sparse,3,4a77b6e251,2745,225,-1.2499999999999822,-1.2499999999999825,0.05,0.15,0,out_of_energy,0,0,1,0,86,13,0,0,1,48,0.08711963687645581,1.9955785791919354,0.0,0.0,0.99,8,exponential
q_learning,sparse_seed3,sparse,3,4a77b6e251,2746,225,-1.2499999999999822,-1.2499999999999825,0.05,0.15,0,out_of_energy,0,0,1,0,72,3,0,0,1,44,0.13058728872656983,4.546040521031704,0.0,0.0,0.99,8,exponential
q_learning,sparse_seed3,sparse,3,4a77b6e251,2747,225,-1.2499999999999822,-1.2499999999999825,0.05,0.15,0,out_of_energy,0,0,1,0,75,12,0,0,1,46,0.07368063729209726,2.0659097252991545,0.0,0.0,0.99,8,exponential
q_learning,sparse_seed3,sparse,3,4a77b6e251,2748,225,-1.2499999999999822,-1.2499999999999825,0.05,0.15,0,out_of_energy,0,0,1,0,69,4,0,0,1,46,0.0909161849545373,3.440524252746,0.0,0.0,0.99,8,exponential
q_learning,sparse_seed3,sparse,3,4a77b6e251,2749,225,-1.2499999999999822,-1.2499999999999825,0.05,0.15,0,out_of_energy,0,0,1,0,86,13,0,0,1,43,0.06323845364213404,1.326047000682152,0.0,0.0,0.99,8,exponential
q_learning,sparse_seed3,sparse,3,4a77b6e251,2750,225,-1.2499999999999822,-1.2499999999999825,0.05,0.15,0,out_of_energy,0,0,1,0,71,12,0,0,1,36,0.08429583853756795,3.918558806237139,0.0,0.0,0.99,8,exponential
q_learning,sparse_seed3,sparse,3,4a77b6e251,2751,225,-1.2499999999999822,-1.2499999999999825,0.05,0.15,0,out_of_energy,0,0,1,0,86,14,0,0,1,49,0.08732391228816912,3.359832325415576,0.0,0.0,0.99,8,exponential
q_learning,sparse_seed3,sparse,3,4a77b6e251,2752,225,-1.2499999999999822,-1.2499999999999825,0.05,0.15,0,out_of_energy,0,0,1,0,80,4,0,0,1,39,0.09426847495721007,3.723203792919976,0.0,0.0,0.99,8,exponential
q_learning,sparse_seed3,sparse,3,4a77b6e251,2753,225,-1.2499999999999822,-1.2499999999999825,0.05,0.15,0,out_of_energy,0,0,1,0,85,27,0,0,1,55,0.10142517723810253,4.299560058032611,0.0,0.0,0.99,8,exponential
q_learning,sparse_seed3,sparse,3,4a77b6e251,2754,225,-1.2499999999999822,-1.2499999999999825,0.05,0.15,0,out_of_energy,0,0,1,0,85,18,0,0,1,48,0.09266929409157854,3.3297904855350615,0.0,0.0,0.99,8,exponential
q_learning,sparse_seed3,sparse,3,4a77b6e251,2755,225,-1.2499999999999822,-1.2499999999999825,0.05,0.15,0,out_of_energy,0,0,1,0,79,6,0,0,1,48,0.07350015664802577,2.8346692443048447,0.0,0.0,0.99,8,exponential
q_learning,sparse_seed3,sparse,3,4a77b6e251,2756,225,-1.2499999999999822,-1.2499999999999825,0.05,0.15,0,out_of_energy,0,0,1,0,90,20,0,0,1,42,0.06823969213037052,2.2446869906193734,0.0,0.0,0.99,8,exponential
q_learning,sparse_seed3,sparse,3,4a77b6e251,2757,225,-1.2499999999999822,-1.2499999999999825,0.05,0.15,0,out_of_energy,0,0,1,0,87,20,0,0,1,42,0.07830622203935067,3.0827169567629538,0.0,0.0,0.99,8,exponential
q_learning,sparse_seed3,sparse,3,4a77b6e251,2758,225,-1.2499999999999822,-1.2499999999999825,0.05,0.15,0,out_of_energy,0,0,1,0,86,8,0,0,1,49,0.0777510331399052,2.8395332270086007,0.0,0.0,0.99,8,exponential
q_learning,sparse_seed3,sparse,3,4a77b6e251,2759,225,-1.2499999999999822,-1.2499999999999825,0.05,0.15,0,out_of_energy,0,0,1,0,94,6,0,0,1,44,0.06660383344568371,1.7733701431965194,0.0,0.0,0.99,8,exponential
q_learning,sparse_seed3,sparse,3,4a77b6e251,2760,225,-1.2499999999999822,-1.2499999999999825,0.05,0.15,0,out_of_energy,0,0,1,0,109,25,0,0,1,47,0.07086370548248035,2.6483927129945672,0.0,0.0,0.99,8,exponential
q_learning,sparse_seed3,sparse,3,4a77b6e251,2761,225,-1.2499999999999822,-1.2499999999999825,0.05,0.15,0,out_of_energy,0,0,1,0,87,16,0,0,1,42,0.06816238183265357,2.346988033272657,0.0,0.0,0.99,8,exponential
q_learning,sparse_seed3,sparse,3,4a77b6e251,2762,225,-1.2499999999999822,-1.2499999999999825,0.05,0.15,0,out_of_energy,0,0,1,0,113,21,0,0,1,43,0.08625219470813163,2.1474391594512157,0.0,0.0,0.99,8,exponential
q_learning,sparse_seed3,sparse,3,4a77b6e251,2763,225,-1.2499999999999822,-1.2499999999999825,0.05,0.15,0,out_of_energy,0,0,1,0,104,24,0,0,1,55,0.061259108080122665,1.2379645937865948,0.0,0.0,0.99,8,exponential
q_learning,sparse_seed3,sparse,3,4a77b6e251,2764,225,-1.2499999999999822,-1.2499999999999825,0.05,0.15,0,out_of_energy,0,0,1,0,101,7,0,0,1,52,0.05961849147602875,1.3541386624807448,0.0,0.0,0.99,8,exponential
q_learning,sparse_seed3,sparse,3,4a77b6e251,2765,225,-1.2499999999999822,-1.2499999999999825,0.05,0.15,0,out_of_energy,0,0,1,0,108,32,0,0,1,33,0.05799329412253321,1.401766219579982,0.0,0.0,0.99,8,exponential
q_learning,sparse_seed3,sparse,3,4a77b6e251,2766,225,-1.2499999999999822,-1.2499999999999825,0.05,0.15,0,out_of_energy,0,0,1,0,85,22,0,0,1,35,0.10687295192465274,5.007553472025737,0.0,0.0,0.99,8,exponential
q_learning,sparse_seed3,sparse,3,4a77b6e251,2767,225,-1.2499999999999822,-1.2499999999999825,0.05,0.15,0,out_of_energy,0,0,1,0,108,7,0,0,1,48,0.06032859408587315,1.460575839378155,0.0,0.0,0.99,8,exponential
q_learning,sparse_seed3,sparse,3,4a77b6e251,2768,225,-1.2499999999999822,-1.2499999999999825,0.05,0.15,0,out_of_energy,0,0,1,0,105,11,0,0,1,43,0.0977117662707399,2.8646430764009985,0.0,0.0,0.99,8,exponential
q_learning,sparse_seed3,sparse,3,4a77b6e251,2769,225,-1.2499999999999822,-1.2499999999999825,0.05,0.15,0,out_of_energy,0,0,1,0,105,18,0,0,1,36,0.09682086065432856,3.203763150485618,0.0,0.0,0.99,8,exponential
q_learning,sparse_seed3,sparse,3,4a77b6e251,2770,225,-1.2499999999999822,-1.2499999999999825,0.05,0.15,0,out_of_energy,0,0,1,0,84,13,0,0,1,39,0.0717138410382919,2.065587860696568,0.0,0.0,0.99,8,exponential
q_learning,sparse_seed3,sparse,3,4a77b6e251,2771,225,-1.2499999999999822,-1.2499999999999825,0.05,0.15,0,out_of_energy,0,0,1,0,90,10,0,0,1,52,0.07559364535164712,1.9857328259853861,0.0,0.0,0.99,8,exponential
q_learning,sparse_seed3,sparse,3,4a77b6e251,2772,225,-1.2499999999999822,-1.2499999999999825,0.05,0.15,0,out_of_energy,0,0,1,0,83,5,0,0,1,29,0.06485242498317603,2.4948887087614833,0.0,0.0,0.99,8,exponential
q_learning,sparse_seed3,sparse,3,4a77b6e251,2773,225,-1.2499999999999822,-1.2499999999999825,0.05,0.15,0,out_of_energy,0,0,1,0,81,5,0,0,1,45,0.06108439271847596,1.0628591342131788,0.0,0.0,0.99,8,exponential
q_learning,sparse_seed3,sparse,3,4a77b6e251,2774,225,-1.2499999999999822,-1.2499999999999825,0.05,0.15,0,out_of_energy,0,0,1,0,97,12,0,0,1,42,0.0728879233717183,3.3990496821674228,0.0,0.0,0.99,8,exponential
q_learning,sparse_seed3,sparse,3,4a77b6e251,2775,225,-1.2499999999999822,-1.2499999999999825,0.05,0.15,0,out_of_energy,0,0,1,0,116,21,0,0,1,52,0.055895199655856785,1.466696976506035,0.0,0.0,0.99,8,exponential
q_learning,sparse_seed3,sparse,3,4a77b6e251,2776,225,-1.2499999999999822,-1.2499999999999825,0.05,0.15,0,out_of_energy,0,0,1,0,98,7,0,0,1,46,0.061608701636526535,1.3119656397277417,0.0,0.0,0.99,8,exponential
q_learning,sparse_seed3,sparse,3,4a77b6e251,2777,225,-1.2499999999999822,-1.2499999999999825,0.05,0.15,0,out_of_energy,0,0,1,0,105,7,0,0,1,46,0.06766685606570266,2.397134692674815,0.0,0.0,0.99,8,exponential
q_learning,sparse_seed3,sparse,3,4a77b6e251,2778,225,-1.2499999999999822,-1.2499999999999825,0.05,0.15,0,out_of_energy,0,0,1,0,95,19,0,0,1,40,0.09226668726423043,3.9836632320191687,0.0,0.0,0.99,8,exponential
q_learning,sparse_seed3,sparse,3,4a77b6e251,2779,225,-1.2499999999999822,-1.2499999999999825,0.05,0.15,0,out_of_energy,0,0,1,0,105,26,0,0,1,38,0.08241979891757902,2.969900684413409,0.0,0.0,0.99,8,exponential
q_learning,sparse_seed3,sparse,3,4a77b6e251,2780,225,-1.2499999999999822,-1.2499999999999825,0.05,0.15,0,out_of_energy,0,0,1,0,97,16,0,0,1,50,0.12341128477221153,3.4094129245087963,0.0,0.0,0.99,8,exponential
q_learning,sparse_seed3,sparse,3,4a77b6e251,2781,225,-1.2499999999999822,-1.2499999999999825,0.05,0.15,0,out_of_energy,0,0,1,0,104,7,0,0,1,46,0.05679868557864532,1.2872961764267847,0.0,0.0,0.99,8,exponential
q_learning,sparse_seed3,sparse,3,4a77b6e251,2782,225,-1.2499999999999822,-1.2499999999999825,0.05,0.15,0,out_of_energy,0,0,1,0,99,3,0,0,1,39,0.08984703758876422,3.319629141198864,0.0,0.0,0.99,8,exponential
q_learning,sparse_seed3,sparse,3,4a77b6e251,2783,225,-1.2499999999999822,-1.2499999999999825,0.05,0.15,0,out_of_energy,0,0,1,0,89,8,0,0,1,48,0.07804602816294524,3.187899733613227,0.0,0.0,0.99,8,exponential
q_learning,sparse_seed3,sparse,3,4a77b6e251,2784,225,-1.2499999999999822,-1.2499999999999825,0.05,0.15,0,out_of_energy,0,0,1,0,88,8,0,0,1,38,0.06160514540040291,1.6252187273313057,0.0,0.0,0.99,8,exponential
q_learning,sparse_seed3,sparse,3,4a77b6e251,2785,225,-1.2499999999999822,-1.2499999999999825,0.05,0.15,0,out_of_energy,0,0,1,0,94,18,0,0,1,46,0.07107850074609326,2.661654476464043,0.0,0.0,0.99,8,exponential
q_learning,sparse_seed3,sparse,3,4a77b6e251,2786,225,-1.2499999999999822,-1.2499999999999825,0.05,0.15,0,out_of_energy,0,0,1,0,97,3,0,0,1,56,0.12045081340596432,4.539595597278843,0.0,0.0,0.99,8,exponential
q_learning,sparse_seed3,sparse,3,4a77b6e251,2787,225,-1.2499999999999822,-1.2499999999999825,0.05,0.15,0,out_of_energy,0,0,1,0,89,5,0,0,1,49,0.08267077839375572,2.325383992707956,0.0,0.0,0.99,8,exponential
q_learning,sparse_seed3,sparse,3,4a77b6e251,2788,225,-1.2499999999999822,-1.2499999999999825,0.05,0.15,0,out_of_energy,0,0,1,0,92,7,0,0,1,47,0.10070461784520475,3.671613104438409,0.0,0.0,0.99,8,exponential
q_learning,sparse_seed3,sparse,3,4a77b6e251,2789,225,-1.2499999999999822,-1.2499999999999825,0.05,0.15,0,out_of_energy,0,0,1,0,87,18,0,0,1,38,0.06667855266300078,1.2160554725108872,0.0,0.0,0.99,8,exponential
q_learning,sparse_seed3,sparse,3,4a77b6e251,2790,225,-1.2499999999999822,-1.2499999999999825,0.05,0.15,0,out_of_energy,0,0,1,0,96,6,0,0,1,45,0.07265188827304633,3.1560484352645375,0.0,0.0,0.99,8,exponential
q_learning,sparse_seed3,sparse,3,4a77b6e251,2791,225,-1.2499999999999822,-1.2499999999999825,0.05,0.15,0,out_of_energy,0,0,1,0,88,14,0,0,1,47,0.09170137876781317,4.279192003467578,0.0,0.0,0.99,8,exponential
q_learning,sparse_seed3,sparse,3,4a77b6e251,2792,225,-1.2499999999999822,-1.2499999999999825,0.05,0.15,0,out_of_energy,0,0,1,0,95,4,0,0,1,57,0.09191191001276662,2.712713768896846,0.0,0.0,0.99,8,exponential
q_learning,sparse_seed3,sparse,3,4a77b6e251,2793,225,-1.2499999999999822,-1.2499999999999825,0.05,0.15,0,out_of_energy,0,0,1,0,105,18,0,0,1,59,0.060671510836133,1.2321005331002208,0.0,0.0,0.99,8,exponential
q_learning,sparse_seed3,sparse,3,4a77b6e251,2794,225,-1.2499999999999822,-1.2499999999999825,0.05,0.15,0,out_of_energy,0,0,1,0,94,8,0,0,1,57,0.08207797460720502,2.3112821197960067,0.0,0.0,0.99,8,exponential
q_learning,sparse_seed3,sparse,3,4a77b6e251,2795,225,-1.2499999999999822,-1.2499999999999825,0.05,0.15,0,out_of_energy,0,0,1,0,81,8,0,0,1,50,0.10697278789816153,3.6687919748445648,0.0,0.0,0.99,8,exponential
q_learning,sparse_seed3,sparse,3,4a77b6e251,2796,225,-1.2499999999999822,-1.2499999999999825,0.05,0.15,0,out_of_energy,0,0,1,0,104,43,0,0,1,47,0.08553477641255139,3.034320672260524,0.0,0.0,0.99,8,exponential
q_learning,sparse_seed3,sparse,3,4a77b6e251,2797,225,-1.2499999999999822,-1.2499999999999825,0.05,0.15,0,out_of_energy,0,0,1,0,96,6,0,0,1,58,0.09173638739392274,3.99730337362295,0.0,0.0,0.99,8,exponential
q_learning,sparse_seed3,sparse,3,4a77b6e251,2798,225,-1.2499999999999822,-1.2499999999999825,0.05,0.15,0,out_of_energy,0,0,1,0,92,6,0,0,1,45,0.06694209212398741,1.7921408940037376,0.0,0.0,0.99,8,exponential
q_learning,sparse_seed3,sparse,3,4a77b6e251,2799,225,-1.2499999999999822,-1.2499999999999825,0.05,0.15,0,out_of_energy,0,0,1,0,91,21,0,0,1,39,0.05631008083143056,1.2400216403041062,0.0,0.0,0.99,8,exponential
q_learning,sparse_seed3,sparse,3,4a77b6e251,2800,225,-1.2499999999999822,-1.2499999999999825,0.05,0.15,0,out_of_energy,0,0,1,0,82,8,0,0,1,46,0.06709927599176693,2.8568883313404383,0.0,0.0,0.99,8,exponential
q_learning,sparse_seed3,sparse,3,4a77b6e251,2801,225,-1.2499999999999822,-1.2499999999999825,0.05,0.15,0,out_of_energy,0,0,1,0,81,10,0,0,1,44,0.0691785227038856,2.079663296999893,0.0,0.0,0.99,8,exponential
q_learning,sparse_seed3,sparse,3,4a77b6e251,2802,225,-1.2499999999999822,-1.2499999999999825,0.05,0.15,0,out_of_energy,0,0,1,0,92,5,0,0,1,48,0.07581088525152628,4.149415743512739,0.0,0.0,0.99,8,exponential
q_learning,sparse_seed3,sparse,3,4a77b6e251,2803,225,-1.2499999999999822,-1.2499999999999825,0.05,0.15,0,out_of_energy,0,0,1,0,94,9,0,0,1,58,0.11194148466948499,3.728718243994274,0.0,0.0,0.99,8,exponential
q_learning,sparse_seed3,sparse,3,4a77b6e251,2804,225,-1.2499999999999822,-1.2499999999999825,0.05,0.15,0,out_of_energy,0,0,1,0,87,14,0,0,1,39,0.10409118972193324,8.319162330340843,0.0,0.0,0.99,8,exponential
q_learning,sparse_seed3,sparse,3,4a77b6e251,2805,225,-1.2499999999999822,-1.2499999999999825,0.05,0.15,0,out_of_energy,0,0,1,0,77,10,0,0,1,57,0.06991991150087061,1.3691906917671197,0.0,0.0,0.99,8,exponential
q_learning,sparse_seed3,sparse,3,4a77b6e251,2806,225,-1.2499999999999822,-1.2499999999999825,0.05,0.15,0,out_of_energy,0,0,1,0,78,19,0,0,1,40,0.0631702488353587,1.4643308483670614,0.0,0.0,0.99,8,exponential
q_learning,sparse_seed3,sparse,3,4a77b6e251,2807,225,-1.2499999999999822,-1.2499999999999825,0.05,0.15,0,out_of_energy,0,0,1,0,89,15,0,0,1,53,0.11152703202353656,4.005901518552207,0.0,0.0,0.99,8,exponential
q_learning,sparse_seed3,sparse,3,4a77b6e251,2808,225,-1.2499999999999822,-1.2499999999999825,0.05,0.15,0,out_of_energy,0,0,1,0,78,10,0,0,1,41,0.09914907389246129,3.4076749835359923,0.0,0.0,0.99,8,exponential
q_learning,sparse_seed3,sparse,3,4a77b6e251,2809,225,-1.2499999999999822,-1.2499999999999825,0.05,0.15,0,out_of_energy,0,0,1,0,84,3,0,0,1,38,0.09169372529505751,3.1822135434077294,0.0,0.0,0.99,8,exponential
q_learning,sparse_seed3,sparse,3,4a77b6e251,2810,225,-1.2499999999999822,-1.2499999999999825,0.05,0.15,0,out_of_energy,0,0,1,0,90,5,0,2,1,44,0.07686929558003015,2.5473665210583536,0.0,0.0,0.99,8,exponential
q_learning,sparse_seed3,sparse,3,4a77b6e251,2811,225,-1.2499999999999822,-1.2499999999999825,0.05,0.15,0,out_of_energy,0,0,1,0,103,14,0,0,1,59,0.08045276443338442,2.403468050867674,0.0,0.0,0.99,8,exponential
q_learning,sparse_seed3,sparse,3,4a77b6e251,2812,225,-1.2499999999999822,-1.2499999999999825,0.05,0.15,0,out_of_energy,0,0,1,0,76,4,0,0,1,43,0.08741147685460092,2.680923064133175,0.0,0.0,0.99,8,exponential
q_learning,sparse_seed3,sparse,3,4a77b6e251,2813,225,-1.2499999999999822,-1.2499999999999825,0.05,0.15,0,out_of_energy,0,0,1,0,85,25,0,0,1,44,0.0641914625890722,1.6987289338981162,0.0,0.0,0.99,8,exponential
q_learning,sparse_seed3,sparse,3,4a77b6e251,2814,225,-1.2499999999999822,-1.2499999999999825,0.05,0.15,0,out_of_energy,0,0,1,0,87,7,0,0,1,43,0.05874165784380216,1.294011960924756,0.0,0.0,0.99,8,exponential
q_learning,sparse_seed3,sparse,3,4a77b6e251,2815,225,-1.2499999999999822,-1.2499999999999825,0.05,0.15,0,out_of_energy,0,0,1,0,84,12,0,0,1,45,0.07236565530588125,1.762738470061671,0.0,0.0,0.99,8,exponential
q_learning,sparse_seed3,sparse,3,4a77b6e251,2816,225,-1.2499999999999822,-1.2499999999999825,0.05,0.15,0,out_of_energy,0,0,1,0,72,10,0,0,1,56,0.056515933935621834,1.1984727074920327,0.0,0.0,0.99,8,exponential
q_learning,sparse_seed3,sparse,3,4a77b6e251,2817,225,-1.2499999999999822,-1.2499999999999825,0.05,0.15,0,out_of_energy,0,0,1,0,95,3,0,0,1,59,0.07688533783957349,3.4155206656052197,0.0,0.0,0.99,8,exponential
q_learning,sparse_seed3,sparse,3,4a77b6e251,2818,225,-1.2499999999999822,-1.2499999999999825,0.05,0.15,0,out_of_energy,0,0,1,0,91,10,0,0,1,45,0.10722700624253874,2.6355018584630314,0.0,0.0,0.99,8,exponential
q_learning,sparse_seed3,sparse,3,4a77b6e251,2819,225,-1.2499999999999822,-1.2499999999999825,0.05,0.15,0,out_of_energy,0,0,1,0,87,10,0,0,1,54,0.059851118115657694,1.4286242183440585,0.0,0.0,0.99,8,exponential
q_learning,sparse_seed3,sparse,3,4a77b6e251,2820,225,-1.2499999999999822,-1.2499999999999825,0.05,0.15,0,out_of_energy,0,0,1,0,91,5,0,0,1,40,0.06889679786139173,3.004320977332903,0.0,0.0,0.99,8,exponential
q_learning,sparse_seed3,sparse,3,4a77b6e251,2821,225,-1.2499999999999822,-1.2499999999999825,0.05,0.15,0,out_of_energy,0,0,1,0,96,19,0,0,1,49,0.06362429830030816,1.5075550135637523,0.0,0.0,0.99,8,exponential
q_learning,sparse_seed3,sparse,3,4a77b6e251,2822,225,-1.2499999999999822,-1.2499999999999825,0.05,0.15,0,out_of_energy,0,0,1,0,77,17,0,0,1,50,0.09053901820952977,2.9978567141582584,0.0,0.0,0.99,8,exponential
q_learning,sparse_seed3,sparse,3,4a77b6e251,2823,225,-1.2499999999999822,-1.2499999999999825,0.05,0.15,0,out_of_energy,0,0,1,0,82,12,0,0,1,51,0.05830063931988262,1.0865037973162206,0.0,0.0,0.99,8,exponential
q_learning,sparse_seed3,sparse,3,4a77b6e251,2824,225,-1.2499999999999822,-1.2499999999999825,0.05,0.15,0,out_of_energy,0,0,1,0,90,17,0,0,1,48,0.06489005189817847,2.431325588630773,0.0,0.0,0.99,8,exponential
q_learning,sparse_seed3,sparse,3,4a77b6e251,2825,225,-1.2499999999999822,-1.2499999999999825,0.05,0.15,0,out_of_energy,0,0,1,0,95,33,0,0,1,46,0.06390851912782546,2.002971469639724,0.0,0.0,0.99,8,exponential
q_learning,sparse_seed3,sparse,3,4a77b6e251,2826,225,-1.2499999999999822,-1.2499999999999825,0.05,0.15,0,out_of_energy,0,0,1,0,87,7,0,0,1,50,0.07167417512465799,3.076667284158022,0.0,0.0,0.99,8,exponential
q_learning,sparse_seed3,sparse,3,4a77b6e251,2827,225,-1.2499999999999822,-1.2499999999999825,0.05,0.15,0,out_of_energy,0,0,1,0,84,16,0,0,1,48,0.1026184057823657,4.44754503454248,0.0,0.0,0.99,8,exponential
q_learning,sparse_seed3,sparse,3,4a77b6e251,2828,225,-1.2499999999999822,-1.2499999999999825,0.05,0.15,0,out_of_energy,0,0,1,0,90,12,0,0,1,49,0.054676976075127025,1.0713533196835288,0.0,0.0,0.99,8,exponential
q_learning,sparse_seed3,sparse,3,4a77b6e251,2829,225,-1.2499999999999822,-1.2499999999999825,0.05,0.15,0,out_of_energy,0,0,1,0,91,15,0,0,1,48,0.05423757859841511,0.8915397548118609,0.0,0.0,0.99,8,exponential
q_learning,sparse_seed3,sparse,3,4a77b6e251,2830,225,-1.2499999999999822,-1.2499999999999825,0.05,0.15,0,out_of_energy,0,0,1,0,73,8,0,0,1,42,0.06490192721249645,1.7949770908699128,0.0,0.0,0.99,8,exponential
q_learning,sparse_seed3,sparse,3,4a77b6e251,2831,225,-1.2499999999999822,-1.2499999999999825,0.05,0.15,0,out_of_energy,0,0,1,0,89,7,0,0,1,47,0.07991539905506703,2.0555092646278883,0.0,0.0,0.99,8,exponential
q_learning,sparse_seed3,sparse,3,4a77b6e251,2832,225,-1.2499999999999822,-1.2499999999999825,0.05,0.15,0,out_of_energy,0,0,1,0,70,23,0,0,1,48,0.07459206427043193,1.9861533637296265,0.0,0.0,0.99,8,exponential
q_learning,sparse_seed3,sparse,3,4a77b6e251,2833,225,-1.2499999999999822,-1.2499999999999825,0.05,0.15,0,out_of_energy,0,0,1,0,81,10,0,0,1,48,0.08496750985006135,2.55503413484222,0.0,0.0,0.99,8,exponential
q_learning,sparse_seed3,sparse,3,4a77b6e251,2834,225,-1.2499999999999822,-1.2499999999999825,0.05,0.15,0,out_of_energy,0,0,1,0,86,13,0,0,1,52,0.0736398357901,2.2791022385013613,0.0,0.0,0.99,8,exponential
q_learning,sparse_seed3,sparse,3,4a77b6e251,2835,225,-1.2499999999999822,-1.2499999999999825,0.05,0.15,0,out_of_energy,0,0,1,0,84,22,0,0,1,48,0.06730362340112185,1.529868127425034,0.0,0.0,0.99,8,exponential
q_learning,sparse_seed3,sparse,3,4a77b6e251,2836,225,-1.2499999999999822,-1.2499999999999825,0.05,0.15,0,out_of_energy,0,0,1,0,95,12,0,0,1,47,0.1032768065053276,5.714124918063185,0.0,0.0,0.99,8,exponential
q_learning,sparse_seed3,sparse,3,4a77b6e251,2837,225,-1.2499999999999822,-1.2499999999999825,0.05,0.15,0,out_of_energy,0,0,1,0,89,18,0,0,1,50,0.07126855352964372,1.5986841069102111,0.0,0.0,0.99,8,exponential
q_learning,sparse_seed3,sparse,3,4a77b6e251,2838,225,-1.2499999999999822,-1.2499999999999825,0.05,0.15,0,out_of_energy,0,0,1,0,82,7,0,0,1,49,0.06786095277876371,2.561201490889073,0.0,0.0,0.99,8,exponential
q_learning,sparse_seed3,sparse,3,4a77b6e251,2839,225,-1.2499999999999822,-1.2499999999999825,0.05,0.15,0,out_of_energy,0,0,1,0,88,11,0,0,1,38,0.06517948365154949,2.026572810080614,0.0,0.0,0.99,8,exponential
q_learning,sparse_seed3,sparse,3,4a77b6e251,2840,225,-1.2499999999999822,-1.2499999999999825,0.05,0.15,0,out_of_energy,0,0,1,0,85,18,0,0,1,46,0.14731960778586875,4.779840747118267,0.0,0.0,0.99,8,exponential
q_learning,sparse_seed3,sparse,3,4a77b6e251,2841,225,-1.2499999999999822,-1.2499999999999825,0.05,0.15,0,out_of_energy,0,0,1,0,89,11,0,0,1,46,0.08156296929452285,2.5221991973375504,0.0,0.0,0.99,8,exponential
q_learning,sparse_seed3,sparse,3,4a77b6e251,2842,225,-1.2499999999999822,-1.2499999999999825,0.05,0.15,0,out_of_energy,0,0,1,0,74,18,0,0,1,47,0.08805064254325218,2.9984496815108628,0.0,0.0,0.99,8,exponential
q_learning,sparse_seed3,sparse,3,4a77b6e251,2843,225,-1.2499999999999822,-1.2499999999999825,0.05,0.15,0,out_of_energy,0,0,1,0,82,14,0,0,1,41,0.07098327739740862,1.1834409430527586,0.0,0.0,0.99,8,exponential
q_learning,sparse_seed3,sparse,3,4a77b6e251,2844,225,-1.2499999999999822,-1.2499999999999825,0.05,0.15,0,out_of_energy,0,0,1,0,64,12,0,0,1,39,0.0642128475606978,1.182957000876673,0.0,0.0,0.99,8,exponential
q_learning,sparse_seed3,sparse,3,4a77b6e251,2845,225,-1.2499999999999822,-1.2499999999999825,0.05,0.15,0,out_of_energy,0,0,1,0,80,11,0,0,1,44,0.06270707846697099,1.4871574177914377,0.0,0.0,0.99,8,exponential
q_learning,sparse_seed3,sparse,3,4a77b6e251,2846,225,-1.2499999999999822,-1.2499999999999825,0.05,0.15,0,out_of_energy,0,0,1,0,70,16,0,0,1,44,0.08269087886418672,2.238790318817398,0.0,0.0,0.99,8,exponential
q_learning,sparse_seed3,sparse,3,4a77b6e251,2847,225,-1.2499999999999822,-1.2499999999999825,0.05,0.15,0,out_of_energy,0,0,1,0,89,9,0,0,1,53,0.12536936761943032,5.687452934461755,0.0,0.0,0.99,8,exponential
q_learning,sparse_seed3,sparse,3,4a77b6e251,2848,225,-1.2499999999999822,-1.2499999999999825,0.05,0.15,0,out_of_energy,0,0,1,0,67,13,0,0,1,45,0.09562915522122153,4.7329536543323805,0.0,0.0,0.99,8,exponential
q_learning,sparse_seed3,sparse,3,4a77b6e251,2849,225,-1.2499999999999822,-1.2499999999999825,0.05,0.15,0,out_of_energy,0,0,1,0,87,22,0,0,1,49,0.07940911666095556,2.4925188581743245,0.0,0.0,0.99,8,exponential
q_learning,sparse_seed3,sparse,3,4a77b6e251,2850,225,-1.2499999999999822,-1.2499999999999825,0.05,0.15,0,out_of_energy,0,0,1,0,77,13,0,0,1,36,0.06545349316623965,2.535574674601763,0.0,0.0,0.99,8,exponential
q_learning,sparse_seed3,sparse,3,4a77b6e251,2851,225,-1.2499999999999822,-1.2499999999999825,0.05,0.15,0,out_of_energy,0,0,1,0,78,8,0,0,1,41,0.10125872678749902,4.476974680713798,0.0,0.0,0.99,8,exponential
q_learning,sparse_seed3,sparse,3,4a77b6e251,2852,225,-1.2499999999999822,-1.2499999999999825,0.05,0.15,0,out_of_energy,0,0,1,0,83,13,0,0,1,49,0.08614382012593978,3.8638820861472993,0.0,0.0,0.99,8,exponential
q_learning,sparse_seed3,sparse,3,4a77b6e251,2853,225,-1.2499999999999822,-1.2499999999999825,0.05,0.15,0,out_of_energy,0,0,1,0,80,18,0,0,1,29,0.07093757906836409,2.137074511877919,0.0,0.0,0.99,8,exponential
q_learning,sparse_seed3,sparse,3,4a77b6e251,2854,225,-1.2499999999999822,-1.2499999999999825,0.05,0.15,0,out_of_energy,0,0,1,0,84,12,0,0,1,50,0.083519442285697,4.276994270378454,0.0,0.0,0.99,8,exponential
q_learning,sparse_seed3,sparse,3,4a77b6e251,2855,225,-1.2499999999999822,-1.2499999999999825,0.05,0.15,0,out_of_energy,0,0,1,0,71,31,0,0,1,47,0.07199985840907533,1.6585112542580296,0.0,0.0,0.99,8,exponential
q_learning,sparse_seed3,sparse,3,4a77b6e251,2856,225,-1.2499999999999822,-1.2499999999999825,0.05,0.15,0,out_of_energy,0,0,1,0,81,14,0,0,1,47,0.07015498221380999,1.8575606318640974,0.0,0.0,0.99,8,exponential
q_learning,sparse_seed3,sparse,3,4a77b6e251,2857,225,-1.2499999999999822,-1.2499999999999825,0.05,0.15,0,out_of_energy,0,0,1,0,76,22,0,0,1,34,0.10542203692039193,4.023939509604609,0.0,0.0,0.99,8,exponential
q_learning,sparse_seed3,sparse,3,4a77b6e251,2858,225,-1.2499999999999822,-1.2499999999999825,0.05,0.15,0,out_of_energy,0,0,1,0,89,9,0,0,1,46,0.10215540104451752,3.7774039496084533,0.0,0.0,0.99,8,exponential
q_learning,sparse_seed3,sparse,3,4a77b6e251,2859,225,-1.2499999999999822,-1.2499999999999825,0.05,0.15,0,out_of_energy,0,0,1,0,88,16,0,0,1,45,0.11643637387400325,5.841949429768929,0.0,0.0,0.99,8,exponential
q_learning,sparse_seed3,sparse,3,4a77b6e251,2860,225,-1.2499999999999822,-1.2499999999999825,0.05,0.15,0,out_of_energy,0,0,1,0,69,10,0,0,1,47,0.0888532628111852,5.004652342113841,0.0,0.0,0.99,8,exponential
q_learning,sparse_seed3,sparse,3,4a77b6e251,2861,225,-1.2499999999999822,-1.2499999999999825,0.05,0.15,0,out_of_energy,0,0,1,0,85,7,0,0,1,45,0.06177860231385835,1.057411099081989,0.0,0.0,0.99,8,exponential
q_learning,sparse_seed3,sparse,3,4a77b6e251,2862,225,-1.2499999999999822,-1.2499999999999825,0.05,0.15,0,out_of_energy,0,0,1,0,86,8,0,0,1,39,0.06217617526084942,1.0513262755137465,0.0,0.0,0.99,8,exponential
q_learning,sparse_seed3,sparse,3,4a77b6e251,2863,225,-1.2499999999999822,-1.2499999999999825,0.05,0.15,0,out_of_energy,0,0,1,0,82,14,0,0,1,46,0.0718464013568709,1.800266531072202,0.0,0.0,0.99,8,exponential
q_learning,sparse_seed3,sparse,3,4a77b6e251,2864,225,-1.2499999999999822,-1.2499999999999825,0.05,0.15,0,out_of_energy,0,0,1,0,68,8,0,0,1,45,0.06030929980478263,1.0839749087381856,0.0,0.0,0.99,8,exponential
q_learning,sparse_seed3,sparse,3,4a77b6e251,2865,225,-1.2499999999999822,-1.2499999999999825,0.05,0.15,0,out_of_energy,0,0,1,0,77,14,0,0,1,42,0.07542352549459186,2.7978201212507976,0.0,0.0,0.99,8,exponential
q_learning,sparse_seed3,sparse,3,4a77b6e251,2866,225,-1.2499999999999822,-1.2499999999999825,0.05,0.15,0,out_of_energy,0,0,1,0,88,11,0,0,1,54,0.062835359167227,2.200524089433766,0.0,0.0,0.99,8,exponential
q_learning,sparse_seed3,sparse,3,4a77b6e251,2867,225,-1.2499999999999822,-1.2499999999999825,0.05,0.15,0,out_of_energy,0,0,1,0,80,13,0,0,1,40,0.05483553119018077,0.983578045484343,0.0,0.0,0.99,8,exponential
q_learning,sparse_seed3,sparse,3,4a77b6e251,2868,225,-1.2499999999999822,-1.2499999999999825,0.05,0.15,0,out_of_energy,0,0,1,0,84,15,0,0,1,52,0.07242026718176758,1.8532849716422555,0.0,0.0,0.99,8,exponential
q_learning,sparse_seed3,sparse,3,4a77b6e251,2869,225,-1.2499999999999822,-1.2499999999999825,0.05,0.15,0,out_of_energy,0,0,1,0,79,9,0,0,1,42,0.08150293926474961,1.8796178304759459,0.0,0.0,0.99,8,exponential
q_learning,sparse_seed3,sparse,3,4a77b6e251,2870,225,-1.2499999999999822,-1.2499999999999825,0.05,0.15,0,out_of_energy,0,0,1,0,74,15,0,0,1,48,0.06388276689402451,1.7629388570008473,0.0,0.0,0.99,8,exponential
q_learning,sparse_seed3,sparse,3,4a77b6e251,2871,225,-1.2499999999999822,-1.2499999999999825,0.05,0.15,0,out_of_energy,0,0,1,0,90,12,0,0,1,43,0.057346798119661535,1.0577790836604688,0.0,0.0,0.99,8,exponential
q_learning,sparse_seed3,sparse,3,4a77b6e251,2872,225,-1.2499999999999822,-1.2499999999999825,0.05,0.15,0,out_of_energy,0,0,1,0,92,13,0,0,1,43,0.056610114329774,1.089391451259413,0.0,0.0,0.99,8,exponential
q_learning,sparse_seed3,sparse,3,4a77b6e251,2873,225,-1.2499999999999822,-1.2499999999999825,0.05,0.15,0,out_of_energy,0,0,1,0,75,11,0,0,1,45,0.07996224693382707,2.8681255637826855,0.0,0.0,0.99,8,exponential
q_learning,sparse_seed3,sparse,3,4a77b6e251,2874,225,-1.2499999999999822,-1.2499999999999825,0.05,0.15,0,out_of_energy,0,0,1,0,84,18,0,0,1,42,0.0856972288680569,2.5451370165432268,0.0,0.0,0.99,8,exponential
q_learning,sparse_seed3,sparse,3,4a77b6e251,2875,225,-1.2499999999999822,-1.2499999999999825,0.05,0.15,0,out_of_energy,0,0,1,0,79,18,0,0,1,41,0.06793614640307694,2.57058044675009,0.0,0.0,0.99,8,exponential
q_learning,sparse_seed3,sparse,3,4a77b6e251,2876,225,-1.2499999999999822,-1.2499999999999825,0.05,0.15,0,out_of_energy,0,0,1,0,98,15,0,0,1,60,0.07358497346362311,2.534934961057975,0.0,0.0,0.99,8,exponential
q_learning,sparse_seed3,sparse,3,4a77b6e251,2877,225,-1.2499999999999822,-1.2499999999999825,0.05,0.15,0,out_of_energy,0,0,1,0,77,19,0,0,1,42,0.06443277969565796,1.2508914812176748,0.0,0.0,0.99,8,exponential
q_learning,sparse_seed3,sparse,3,4a77b6e251,2878,225,-1.2499999999999822,-1.2499999999999825,0.05,0.15,0,out_of_energy,0,0,1,0,99,24,0,0,1,35,0.0631103644634034,1.2691372274058121,0.0,0.0,0.99,8,exponential
q_learning,sparse_seed3,sparse,3,4a77b6e251,2879,225,-1.2499999999999822,-1.2499999999999825,0.05,0.15,0,out_of_energy,0,0,1,0,75,19,0,0,1,47,0.062046632927326616,1.2444660670689904,0.0,0.0,0.99,8,exponential
q_learning,sparse_seed3,sparse,3,4a77b6e251,2880,225,-1.2499999999999822,-1.2499999999999825,0.05,0.15,0,out_of_energy,0,0,1,0,85,15,0,0,1,46,0.059943257873362736,1.3212832628566584,0.0,0.0,0.99,8,exponential
q_learning,sparse_seed3,sparse,3,4a77b6e251,2881,225,-1.2499999999999822,-1.2499999999999825,0.05,0.15,0,out_of_energy,0,0,1,0,79,7,0,0,1,47,0.07305131206159621,1.608816421715109,0.0,0.0,0.99,8,exponential
q_learning,sparse_seed3,sparse,3,4a77b6e251,2882,225,-1.2499999999999822,-1.2499999999999825,0.05,0.15,0,out_of_energy,0,0,1,0,82,15,0,0,1,43,0.08179113130698885,4.1709669680484485,0.0,0.0,0.99,8,exponential
q_learning,sparse_seed3,sparse,3,4a77b6e251,2883,225,-1.2499999999999822,-1.2499999999999825,0.05,0.15,0,out_of_energy,0,0,1,0,67,26,0,0,1,42,0.06138128853460368,1.1588335722421572,0.0,0.0,0.99,8,exponential
q_learning,sparse_seed3,sparse,3,4a77b6e251,2884,225,-1.2499999999999822,-1.2499999999999825,0.05,0.15,0,out_of_energy,0,0,1,0,84,15,0,0,1,38,0.09265590396843591,4.034784033459033,0.0,0.0,0.99,8,exponential
q_learning,sparse_seed3,sparse,3,4a77b6e251,2885,225,-1.2499999999999822,-1.2499999999999825,0.05,0.15,0,out_of_energy,0,0,1,0,79,13,0,0,1,56,0.05484152454357784,1.1660039805557174,0.0,0.0,0.99,8,exponential
q_learning,sparse_seed3,sparse,3,4a77b6e251,2886,225,-1.2499999999999822,-1.2499999999999825,0.05,0.15,0,out_of_energy,0,0,1,0,87,18,0,0,1,43,0.06335235493584707,1.3510598886474083,0.0,0.0,0.99,8,exponential
q_learning,sparse_seed3,sparse,3,4a77b6e251,2887,225,-1.2499999999999822,-1.2499999999999825,0.05,0.15,0,out_of_energy,0,0,1,0,82,11,0,0,1,46,0.06680330348467725,1.3596751375661666,0.0,0.0,0.99,8,exponential
q_learning,sparse_seed3,sparse,3,4a77b6e251,2888,225,-1.2499999999999822,-1.2499999999999825,0.05,0.15,0,out_of_energy,0,0,1,0,100,24,0,0,1,47,0.07450313432207618,3.3314534122472974,0.0,0.0,0.99,8,exponential
q_learning,sparse_seed3,sparse,3,4a77b6e251,2889,204,99.80000000000003,-0.23949999999998225,0.05,0.15,21,success,1,1,0,0,62,25,0,1,1,33,0.5598666502680837,99.95,0.0,0.0,0.99,8,exponential
q_learning,sparse_seed3,sparse,3,4a77b6e251,2890,225,-1.2499999999999822,-0.23949999999998223,0.05,0.15,0,out_of_energy,0,0,1,0,79,18,0,0,1,43,0.06465822856714391,1.3105784047285558,0.0,0.0,0.99,8,exponential
q_learning,sparse_seed3,sparse,3,4a77b6e251,2891,225,-1.2499999999999822,-0.2394999999999822,0.05,0.15,0,out_of_energy,0,0,1,0,78,31,0,0,1,44,0.07238377957895024,3.5796761945140583,0.0,0.0,0.99,8,exponential
q_learning,sparse_seed3,sparse,3,4a77b6e251,2892,225,-1.2499999999999822,-0.23949999999998217,0.05,0.15,0,out_of_energy,0,0,1,0,76,30,0,0,1,46,0.06324177925714264,1.4625922801183204,0.0,0.0,0.99,8,exponential
q_learning,sparse_seed3,sparse,3,4a77b6e251,2893,225,-1.2499999999999822,-0.23949999999998212,0.05,0.15,0,out_of_energy,0,0,1,0,79,12,0,0,1,41,0.06660182343235196,1.796254261637686,0.0,0.0,0.99,8,exponential
q_learning,sparse_seed3,sparse,3,4a77b6e251,2894,225,-1.2499999999999822,-0.23949999999998212,0.05,0.15,0,out_of_energy,0,0,1,0,82,13,0,0,1,44,0.06484432530206738,2.0443795710490633,0.0,0.0,0.99,8,exponential
q_learning,sparse_seed3,sparse,3,4a77b6e251,2895,225,-1.2499999999999822,-0.23949999999998212,0.05,0.15,0,out_of_energy,0,0,1,0,110,21,0,0,1,39,0.06845635603647914,2.86380604002313,0.0,0.0,0.99,8,exponential
q_learning,sparse_seed3,sparse,3,4a77b6e251,2896,225,-1.2499999999999822,-0.23949999999998212,0.05,0.15,0,out_of_energy,0,0,1,0,89,11,0,0,1,50,0.07927828602281059,3.9709756649786114,0.0,0.0,0.99,8,exponential
q_learning,sparse_seed3,sparse,3,4a77b6e251,2897,225,-1.2499999999999822,-0.23949999999998212,0.05,0.15,0,out_of_energy,0,0,1,0,76,21,0,0,1,36,0.0794053461819534,2.801427106975166,0.0,0.0,0.99,8,exponential
q_learning,sparse_seed3,sparse,3,4a77b6e251,2898,225,-1.2499999999999822,-0.23949999999998212,0.05,0.15,0,out_of_energy,0,0,1,0,67,25,0,0,1,33,0.08107509546869779,1.5609602311897355,0.0,0.0,0.99,8,exponential
q_learning,sparse_seed3,sparse,3,4a77b6e251,2899,225,-1.2499999999999822,-0.23949999999998212,0.05,0.15,0,out_of_energy,0,0,1,0,93,28,0,0,1,44,0.10509298789059618,3.4841524639964883,0.0,0.0,0.99,8,exponential
q_learning,sparse_seed3,sparse,3,4a77b6e251,2900,225,-1.2499999999999822,-0.23949999999998212,0.05,0.15,0,out_of_energy,0,0,1,0,68,20,0,0,1,35,0.06592272904986858,2.192905059398409,0.0,0.0,0.99,8,exponential
q_learning,sparse_seed3,sparse,3,4a77b6e251,2901,225,-1.2499999999999822,-0.23949999999998212,0.05,0.15,0,out_of_energy,0,0,1,0,95,15,0,0,1,48,0.06557116457618305,2.2525922624625183,0.0,0.0,0.99,8,exponential
q_learning,sparse_seed3,sparse,3,4a77b6e251,2902,225,-1.2499999999999822,-0.23949999999998212,0.05,0.15,0,out_of_energy,0,0,1,0,74,18,0,0,1,46,0.06464001552738839,1.2393623579186173,0.0,0.0,0.99,8,exponential
q_learning,sparse_seed3,sparse,3,4a77b6e251,2903,225,-1.2499999999999822,-0.23949999999998212,0.05,0.15,0,out_of_energy,0,0,1,0,81,11,0,0,1,50,0.07949655628884705,2.900160371659352,0.0,0.0,0.99,8,exponential
q_learning,sparse_seed3,sparse,3,4a77b6e251,2904,225,-1.2499999999999822,-0.23949999999998212,0.05,0.15,0,out_of_energy,0,0,1,0,85,19,0,0,1,50,0.06671911854310493,2.577342721242014,0.0,0.0,0.99,8,exponential
q_learning,sparse_seed3,sparse,3,4a77b6e251,2905,225,-1.2499999999999822,-0.23949999999998212,0.05,0.15,0,out_of_energy,0,0,1,0,93,15,0,0,1,57,0.0700792209971456,1.8566679017131453,0.0,0.0,0.99,8,exponential
q_learning,sparse_seed3,sparse,3,4a77b6e251,2906,225,-1.2499999999999822,-0.23949999999998212,0.05,0.15,0,out_of_energy,0,0,1,0,91,21,0,0,1,46,0.07225491462621621,1.2233686679239275,0.0,0.0,0.99,8,exponential
q_learning,sparse_seed3,sparse,3,4a77b6e251,2907,225,-1.2499999999999822,-0.23949999999998212,0.05,0.15,0,out_of_energy,0,0,1,0,107,21,0,0,1,46,0.08565321504860304,2.620979617953453,0.0,0.0,0.99,8,exponential
q_learning,sparse_seed3,sparse,3,4a77b6e251,2908,225,-1.2499999999999822,-0.23949999999998212,0.05,0.15,0,out_of_energy,0,0,1,0,82,12,0,0,1,44,0.09832992311623001,3.3717829582713805,0.0,0.0,0.99,8,exponential
q_learning,sparse_seed3,sparse,3,4a77b6e251,2909,225,-1.2499999999999822,-0.23949999999998225,0.05,0.15,0,out_of_energy,0,0,1,0,92,19,0,0,1,44,0.06588594056182352,2.3617034177077185,0.0,0.0,0.99,8,exponential
q_learning,sparse_seed3,sparse,3,4a77b6e251,2910,225,-1.2499999999999822,-0.23949999999998225,0.05,0.15,0,out_of_energy,0,0,1,0,106,21,0,0,1,45,0.07291312711743039,2.2371718527905142,0.0,0.0,0.99,8,exponential
q_learning,sparse_seed3,sparse,3,4a77b6e251,2911,225,-1.2499999999999822,-0.23949999999998225,0.05,0.15,0,out_of_energy,0,0,1,0,105,22,0,0,1,49,0.0919027022705757,4.707718648559977,0.0,0.0,0.99,8,exponential
q_learning,sparse_seed3,sparse,3,4a77b6e251,2912,225,-1.2499999999999822,-0.23949999999998225,0.05,0.15,0,out_of_energy,0,0,1,0,59,16,0,0,1,44,0.05882207292424008,1.135972100505918,0.0,0.0,0.99,8,exponential
q_learning,sparse_seed3,sparse,3,4a77b6e251,2913,225,-1.2499999999999822,-0.23949999999998225,0.05,0.15,0,out_of_energy,0,0,1,0,97,17,0,0,1,41,0.0749591777044323,1.652054678328799,0.0,0.0,0.99,8,exponential
q_learning,sparse_seed3,sparse,3,4a77b6e251,2914,225,-1.2499999999999822,-0.23949999999998225,0.05,0.15,0,out_of_energy,0,0,1,0,89,23,0,0,1,43,0.05418947404053581,1.2283001834725829,0.0,0.0,0.99,8,exponential
q_learning,sparse_seed3,sparse,3,4a77b6e251,2915,225,-1.2499999999999822,-0.23949999999998225,0.05,0.15,0,out_of_energy,0,0,1,0,88,11,0,0,1,44,0.05993613033343491,1.072732277530605,0.0,0.0,0.99,8,exponential
q_learning,sparse_seed3,sparse,3,4a77b6e251,2916,225,-1.2499999999999822,-0.23949999999998225,0.05,0.15,0,out_of_energy,0,0,1,0,90,24,0,0,1,45,0.09250313849487417,4.923758147510686,0.0,0.0,0.99,8,exponential
q_learning,sparse_seed3,sparse,3,4a77b6e251,2917,225,-1.2499999999999822,-0.23949999999998225,0.05,0.15,0,out_of_energy,0,0,1,0,102,27,0,0,1,52,0.08877013019507389,3.0574983029799228,0.0,0.0,0.99,8,exponential
q_learning,sparse_seed3,sparse,3,4a77b6e251,2918,225,-1.2499999999999822,-0.23949999999998225,0.05,0.15,0,out_of_energy,0,0,1,0,94,10,0,0,1,46,0.06285525610912668,1.934183950731736,0.0,0.0,0.99,8,exponential
q_learning,sparse_seed3,sparse,3,4a77b6e251,2919,225,-1.2499999999999822,-0.23949999999998225,0.05,0.15,0,out_of_energy,0,0,1,0,91,24,0,0,1,49,0.11734884825218302,4.8676639198833405,0.0,0.0,0.99,8,exponential
q_learning,sparse_seed3,sparse,3,4a77b6e251,2920,225,-1.2499999999999822,-0.23949999999998225,0.05,0.15,0,out_of_energy,0,0,1,0,73,11,0,2,1,46,0.08632501641418773,3.033485627547429,0.0,0.0,0.99,8,exponential
q_learning,sparse_seed3,sparse,3,4a77b6e251,2921,225,-1.2499999999999822,-0.23949999999998225,0.05,0.15,0,out_of_energy,0,0,1,0,100,25,0,0,1,43,0.05550995317970729,1.2253099676391654,0.0,0.0,0.99,8,exponential
q_learning,sparse_seed3,sparse,3,4a77b6e251,2922,225,-1.2499999999999822,-0.23949999999998225,0.05,0.15,0,out_of_energy,0,0,1,0,89,9,0,0,1,49,0.09489026906105344,3.0708640490198773,0.0,0.0,0.99,8,exponential
q_learning,sparse_seed3,sparse,3,4a77b6e251,2923,225,-1.2499999999999822,-0.23949999999998225,0.05,0.15,0,out_of_energy,0,0,1,0,91,25,0,0,1,51,0.07180656911299174,2.1373853793877657,0.0,0.0,0.99,8,exponential
q_learning,sparse_seed3,sparse,3,4a77b6e251,2924,225,-1.2499999999999822,-0.23949999999998225,0.05,0.15,0,out_of_energy,0,0,1,0,88,11,0,0,1,42,0.06337837261113058,1.638470308178979,0.0,0.0,0.99,8,exponential
q_learning,sparse_seed3,sparse,3,4a77b6e251,2925,225,-1.2499999999999822,-0.23949999999998225,0.05,0.15,0,out_of_energy,0,0,1,0,85,11,0,0,1,53,0.06369812099612886,1.326785833232419,0.0,0.0,0.99,8,exponential
q_learning,sparse_seed3,sparse,3,4a77b6e251,2926,225,-1.2499999999999822,-0.23949999999998225,0.05,0.15,0,out_of_energy,0,0,1,0,74,15,0,0,1,44,0.05723976295724136,1.110413392794996,0.0,0.0,0.99,8,exponential
q_learning,sparse_seed3,sparse,3,4a77b6e251,2927,225,-1.2499999999999822,-0.23949999999998225,0.05,0.15,0,out_of_energy,0,0,1,0,73,11,0,0,1,31,0.06937338789312,1.829458044417632,0.0,0.0,0.99,8,exponential
q_learning,sparse_seed3,sparse,3,4a77b6e251,2928,225,-1.2499999999999822,-0.23949999999998225,0.05,0.15,0,out_of_energy,0,0,1,0,98,5,0,0,1,57,0.08925795103393468,2.4302641788924735,0.0,0.0,0.99,8,exponential
q_learning,sparse_seed3,sparse,3,4a77b6e251,2929,225,-1.2499999999999822,-0.23949999999998225,0.05,0.15,0,out_of_energy,0,0,1,0,91,13,0,0,1,47,0.09055200233342033,3.9408207104539423,0.0,0.0,0.99,8,exponential
q_learning,sparse_seed3,sparse,3,4a77b6e251,2930,225,-1.2499999999999822,-0.23949999999998225,0.05,0.15,0,out_of_energy,0,0,1,0,80,4,0,0,1,45,0.07221046554720793,3.3929363655971936,0.0,0.0,0.99,8,exponential
q_learning,sparse_seed3,sparse,3,4a77b6e251,2931,225,-1.2499999999999822,-0.23949999999998225,0.05,0.15,0,out_of_energy,0,0,1,0,67,19,0,0,1,38,0.08897933877859351,4.281539660037634,0.0,0.0,0.99,8,exponential
q_learning,sparse_seed3,sparse,3,4a77b6e251,2932,225,-1.2499999999999822,-0.23949999999998225,0.05,0.15,0,out_of_energy,0,0,1,0,76,18,0,0,1,42,0.06199816121861613,1.2904631516868728,0.0,0.0,0.99,8,exponential
q_learning,sparse_seed3,sparse,3,4a77b6e251,2933,225,-1.2499999999999822,-0.2394999999999824,0.05,0.15,0,out_of_energy,0,0,1,0,88,15,0,0,1,47,0.061800696258513574,1.5713316975630516,0.0,0.0,0.99,8,exponential
q_learning,sparse_seed3,sparse,3,4a77b6e251,2934,225,-1.2499999999999822,-0.2394999999999824,0.05,0.15,0,out_of_energy,0,0,1,0,80,36,0,0,1,45,0.06404156956042985,1.755981373941204,0.0,0.0,0.99,8,exponential
q_learning,sparse_seed3,sparse,3,4a77b6e251,2935,200,100.00000000000001,0.7730000000000176,0.05,0.15,25,success,1,1,0,0,68,6,0,1,1,39,0.5599494920603592,84.95750000000001,0.0,0.0,0.99,8,exponential
q_learning,sparse_seed3,sparse,3,4a77b6e251,2936,225,-1.2499999999999822,0.7730000000000176,0.05,0.15,0,out_of_energy,0,0,1,0,78,25,0,0,1,44,0.05734026781675821,1.2091832999932741,0.0,0.0,0.99,8,exponential
q_learning,sparse_seed3,sparse,3,4a77b6e251,2937,225,-1.2499999999999822,0.7730000000000175,0.05,0.15,0,out_of_energy,0,0,1,0,73,12,0,0,1,58,0.06836679258690864,2.079922755007175,0.0,0.0,0.99,8,exponential
q_learning,sparse_seed3,sparse,3,4a77b6e251,2938,225,-1.2499999999999822,0.7730000000000175,0.05,0.15,0,out_of_energy,0,0,1,0,75,24,0,0,1,37,0.06961150925963445,1.8901131660213668,0.0,0.0,0.99,8,exponential
q_learning,sparse_seed3,sparse,3,4a77b6e251,2939,225,-1.2499999999999822,0.7730000000000175,0.05,0.15,0,out_of_energy,0,0,1,0,83,13,0,0,1,55,0.08267373181334103,4.023655544020938,0.0,0.0,0.99,8,exponential
q_learning,sparse_seed3,sparse,3,4a77b6e251,2940,225,-1.2499999999999822,0.7730000000000175,0.05,0.15,0,out_of_energy,0,0,1,0,77,13,0,0,1,42,0.07659558793008042,3.0570913747563333,0.0,0.0,0.99,8,exponential
q_learning,sparse_seed3,sparse,3,4a77b6e251,2941,225,-1.2499999999999822,0.7730000000000175,0.05,0.15,0,out_of_energy,0,0,1,0,102,4,0,0,1,50,0.08410227453660368,3.704274449785455,0.0,0.0,0.99,8,exponential
q_learning,sparse_seed3,sparse,3,4a77b6e251,2942,225,-1.2499999999999822,0.7730000000000175,0.05,0.15,0,out_of_energy,0,0,1,0,88,4,0,0,1,38,0.07676031130408452,2.8822401675885247,0.0,0.0,0.99,8,exponential
q_learning,sparse_seed3,sparse,3,4a77b6e251,2943,225,-1.2499999999999822,0.7730000000000175,0.05,0.15,0,out_of_energy,0,0,1,0,93,15,0,0,1,46,0.10078780583448858,4.750535131173892,0.0,0.0,0.99,8,exponential
q_learning,sparse_seed3,sparse,3,4a77b6e251,2944,225,-1.2499999999999822,0.7730000000000175,0.05,0.15,0,out_of_energy,0,0,1,0,82,12,0,0,1,48,0.08977638078028939,2.2709097398511737,0.0,0.0,0.99,8,exponential
q_learning,sparse_seed3,sparse,3,4a77b6e251,2945,225,-1.2499999999999822,0.7730000000000175,0.05,0.15,0,out_of_energy,0,0,1,0,77,8,0,0,1,40,0.06921520478645928,1.932345340766658,0.0,0.0,0.99,8,exponential
q_learning,sparse_seed3,sparse,3,4a77b6e251,2946,225,-1.2499999999999822,0.7730000000000175,0.05,0.15,0,out_of_energy,0,0,1,0,76,8,0,0,1,46,0.06187718254823535,1.5692977574192155,0.0,0.0,0.99,8,exponential
q_learning,sparse_seed3,sparse,3,4a77b6e251,2947,225,-1.2499999999999822,0.7730000000000175,0.05,0.15,0,out_of_energy,0,0,1,0,76,20,0,0,1,42,0.054977312977381475,1.2574570796062137,0.0,0.0,0.99,8,exponential
q_learning,sparse_seed3,sparse,3,4a77b6e251,2948,225,-1.2499999999999822,0.7730000000000175,0.05,0.15,0,out_of_energy,0,0,1,0,94,18,0,0,1,52,0.10591746915447788,2.6580312020770576,0.0,0.0,0.99,8,exponential
q_learning,sparse_seed3,sparse,3,4a77b6e251,2949,225,-1.2499999999999822,0.7730000000000175,0.05,0.15,0,out_of_energy,0,0,1,0,95,7,0,0,1,48,0.08292051060171451,2.5665414814700376,0.0,0.0,0.99,8,exponential
q_learning,sparse_seed3,sparse,3,4a77b6e251,2950,225,-1.2499999999999822,0.7730000000000175,0.05,0.15,0,out_of_energy,0,0,1,0,98,5,0,0,1,50,0.056569975054936994,1.2660194319047946,0.0,0.0,0.99,8,exponential
q_learning,sparse_seed3,sparse,3,4a77b6e251,2951,225,-1.2499999999999822,0.7730000000000175,0.05,0.15,0,out_of_energy,0,0,1,0,95,12,0,0,1,42,0.0807040604569882,2.061596611291527,0.0,0.0,0.99,8,exponential
q_learning,sparse_seed3,sparse,3,4a77b6e251,2952,225,-1.2499999999999822,0.7730000000000175,0.05,0.15,0,out_of_energy,0,0,1,0,80,6,0,0,1,46,0.060219127455511695,1.5191776259875271,0.0,0.0,0.99,8,exponential
q_learning,sparse_seed3,sparse,3,4a77b6e251,2953,225,-1.2499999999999822,0.7730000000000175,0.05,0.15,0,out_of_energy,0,0,1,0,86,8,0,0,1,47,0.07137854973885158,1.4828358866103901,0.0,0.0,0.99,8,exponential
q_learning,sparse_seed3,sparse,3,4a77b6e251,2954,225,-1.2499999999999822,0.7730000000000175,0.05,0.15,0,out_of_energy,0,0,1,0,76,15,0,0,1,41,0.07199738590578637,1.347121977711034,0.0,0.0,0.99,8,exponential
q_learning,sparse_seed3,sparse,3,4a77b6e251,2955,225,-1.2499999999999822,0.7730000000000173,0.05,0.15,0,out_of_energy,0,0,1,0,82,16,0,0,1,48,0.0763391609987706,2.9817962379401703,0.0,0.0,0.99,8,exponential
q_learning,sparse_seed3,sparse,3,4a77b6e251,2956,225,-1.2499999999999822,0.7730000000000173,0.05,0.15,0,out_of_energy,0,0,1,0,105,39,0,0,1,50,0.062430284503739567,1.4118640418217807,0.0,0.0,0.99,8,exponential
q_learning,sparse_seed3,sparse,3,4a77b6e251,2957,225,-1.2499999999999822,0.7730000000000171,0.05,0.15,0,out_of_energy,0,0,1,0,95,17,0,0,1,50,0.06913618288414418,2.076227739891024,0.0,0.0,0.99,8,exponential
q_learning,sparse_seed3,sparse,3,4a77b6e251,2958,225,-1.2499999999999822,0.7730000000000171,0.05,0.15,0,out_of_energy,0,0,1,0,95,34,0,0,1,53,0.05938800608888348,1.2782774211261394,0.0,0.0,0.99,8,exponential
q_learning,sparse_seed3,sparse,3,4a77b6e251,2959,225,-1.2499999999999822,0.7730000000000173,0.05,0.15,0,out_of_energy,0,0,1,0,81,21,0,0,1,40,0.06049892492157855,1.4464469818167816,0.0,0.0,0.99,8,exponential
q_learning,sparse_seed3,sparse,3,4a77b6e251,2960,225,-1.2499999999999822,0.7730000000000173,0.05,0.15,0,out_of_energy,0,0,1,0,92,8,0,0,1,48,0.06647649128566226,2.9151029504803807,0.0,0.0,0.99,8,exponential
q_learning,sparse_seed3,sparse,3,4a77b6e251,2961,225,-1.2499999999999822,0.7730000000000171,0.05,0.15,0,out_of_energy,0,0,1,0,102,18,0,0,1,41,0.060752850828272316,1.6361828029454193,0.0,0.0,0.99,8,exponential
q_learning,sparse_seed3,sparse,3,4a77b6e251,2962,225,-1.2499999999999822,0.7730000000000171,0.05,0.15,0,out_of_energy,0,0,1,0,83,9,0,0,1,55,0.06493742936801278,2.937890161019572,0.0,0.0,0.99,8,exponential
q_learning,sparse_seed3,sparse,3,4a77b6e251,2963,225,-1.2499999999999822,0.7730000000000173,0.05,0.15,0,out_of_energy,0,0,1,0,90,14,0,0,1,40,0.05837227427357896,1.2691974557675554,0.0,0.0,0.99,8,exponential
q_learning,sparse_seed3,sparse,3,4a77b6e251,2964,225,-1.2499999999999822,0.7730000000000173,0.05,0.15,0,out_of_energy,0,0,1,0,84,14,0,0,1,38,0.053903814457993936,1.2328978227323377,0.0,0.0,0.99,8,exponential
q_learning,sparse_seed3,sparse,3,4a77b6e251,2965,225,-1.2499999999999822,0.7730000000000171,0.05,0.15,0,out_of_energy,0,0,1,0,84,32,0,0,1,57,0.05997970695305181,1.2764489681285394,0.0,0.0,0.99,8,exponential
q_learning,sparse_seed3,sparse,3,4a77b6e251,2966,225,-1.2499999999999822,0.7730000000000171,0.05,0.15,0,out_of_energy,0,0,1,0,77,21,0,0,1,39,0.0670308247377204,1.4456507162738066,0.0,0.0,0.99,8,exponential
q_learning,sparse_seed3,sparse,3,4a77b6e251,2967,225,-1.2499999999999822,0.7730000000000173,0.05,0.15,0,out_of_energy,0,0,1,0,72,8,0,0,1,40,0.05390116524014958,1.3036318480529019,0.0,0.0,0.99,8,exponential
q_learning,sparse_seed3,sparse,3,4a77b6e251,2968,225,-1.2499999999999822,0.7730000000000173,0.05,0.15,0,out_of_energy,0,0,1,0,103,20,0,0,1,60,0.06646892898635566,2.04083390281813,0.0,0.0,0.99,8,exponential
q_learning,sparse_seed3,sparse,3,4a77b6e251,2969,225,-1.2499999999999822,0.7730000000000171,0.05,0.15,0,out_of_energy,0,0,1,0,94,26,0,0,1,48,0.07060794580430552,3.617382357405705,0.0,0.0,0.99,8,exponential
q_learning,sparse_seed3,sparse,3,4a77b6e251,2970,225,-1.2499999999999822,0.7730000000000171,0.05,0.15,0,out_of_energy,0,0,1,0,94,29,0,0,1,57,0.07019454798872014,3.0121951076264186,0.0,0.0,0.99,8,exponential
q_learning,sparse_seed3,sparse,3,4a77b6e251,2971,225,-1.2499999999999822,0.7730000000000173,0.05,0.15,0,out_of_energy,0,0,1,0,81,17,0,0,1,58,0.0798870644425416,1.9905616767753935,0.0,0.0,0.99,8,exponential
q_learning,sparse_seed3,sparse,3,4a77b6e251,2972,225,-1.2499999999999822,0.7730000000000173,0.05,0.15,0,out_of_energy,0,0,1,0,81,6,0,0,1,49,0.07009335179971164,1.4632440360034424,0.0,0.0,0.99,8,exponential
q_learning,sparse_seed3,sparse,3,4a77b6e251,2973,225,-1.2499999999999822,0.7730000000000171,0.05,0.15,0,out_of_energy,0,0,1,0,86,24,0,0,1,50,0.06952963249468978,1.7369260556440533,0.0,0.0,0.99,8,exponential
q_learning,sparse_seed3,sparse,3,4a77b6e251,2974,225,-1.2499999999999822,0.7730000000000171,0.05,0.15,0,out_of_energy,0,0,1,0,89,21,0,0,1,47,0.0633208849039508,1.2293391500974287,0.0,0.0,0.99,8,exponential
q_learning,sparse_seed3,sparse,3,4a77b6e251,2975,225,-1.2499999999999822,0.7730000000000171,0.05,0.15,0,out_of_energy,0,0,1,0,96,9,0,0,1,39,0.055955038677498986,1.0813753733735894,0.0,0.0,0.99,8,exponential
q_learning,sparse_seed3,sparse,3,4a77b6e251,2976,225,-1.2499999999999822,0.7730000000000171,0.05,0.15,0,out_of_energy,0,0,1,0,71,16,0,2,1,35,0.07577054395039745,2.1606784444557183,0.0,0.0,0.99,8,exponential
q_learning,sparse_seed3,sparse,3,4a77b6e251,2977,225,-1.2499999999999822,0.7730000000000171,0.05,0.15,0,out_of_energy,0,0,1,0,71,11,0,0,1,40,0.08011680209746411,2.3586552544368464,0.0,0.0,0.99,8,exponential
q_learning,sparse_seed3,sparse,3,4a77b6e251,2978,225,-1.2499999999999822,0.7730000000000171,0.05,0.15,0,out_of_energy,0,0,1,0,70,17,0,0,1,32,0.06519035682224568,1.1753671121621805,0.0,0.0,0.99,8,exponential
q_learning,sparse_seed3,sparse,3,4a77b6e251,2979,225,-1.2499999999999822,0.773000000000017,0.05,0.15,0,out_of_energy,0,0,1,0,87,20,0,0,1,51,0.069673680722263,3.024475379895517,0.0,0.0,0.99,8,exponential
q_learning,sparse_seed3,sparse,3,4a77b6e251,2980,225,-1.2499999999999822,0.773000000000017,0.05,0.15,0,out_of_energy,0,0,1,0,88,36,0,0,1,43,0.057980559771356716,1.2364520147701974,0.0,0.0,0.99,8,exponential
q_learning,sparse_seed3,sparse,3,4a77b6e251,2981,225,-1.2499999999999822,0.7730000000000171,0.05,0.15,0,out_of_energy,0,0,1,0,90,26,0,0,1,42,0.06119933126944629,1.7637214501147325,0.0,0.0,0.99,8,exponential
q_learning,sparse_seed3,sparse,3,4a77b6e251,2982,225,-1.2499999999999822,0.7730000000000171,0.05,0.15,0,out_of_energy,0,0,1,0,96,20,0,0,1,50,0.05980934471543631,1.2298175528577664,0.0,0.0,0.99,8,exponential
q_learning,sparse_seed3,sparse,3,4a77b6e251,2983,225,-1.2499999999999822,0.773000000000017,0.05,0.15,0,out_of_energy,0,0,1,0,74,12,0,0,1,43,0.06726110600333775,1.3895719730786928,0.0,0.0,0.99,8,exponential
q_learning,sparse_seed3,sparse,3,4a77b6e251,2984,225,-1.2499999999999822,0.773000000000017,0.05,0.15,0,out_of_energy,0,0,1,0,82,15,0,0,1,49,0.057940874069940834,1.2493253056185196,0.0,0.0,0.99,8,exponential
q_learning,sparse_seed3,sparse,3,4a77b6e251,2985,225,-1.2499999999999822,0.7730000000000171,0.05,0.15,0,out_of_energy,0,0,1,0,89,20,0,0,1,40,0.058539908722421846,1.322410210953258,0.0,0.0,0.99,8,exponential
q_learning,sparse_seed3,sparse,3,4a77b6e251,2986,225,-1.2499999999999822,0.7730000000000171,0.05,0.15,0,out_of_energy,0,0,1,0,84,26,0,0,1,37,0.05652759438311446,1.242222671610726,0.0,0.0,0.99,8,exponential
q_learning,sparse_seed3,sparse,3,4a77b6e251,2987,225,-1.2499999999999822,0.773000000000017,0.05,0.15,0,out_of_energy,0,0,1,0,73,9,0,0,1,40,0.059784815708439173,1.2668268927228086,0.0,0.0,0.99,8,exponential
q_learning,sparse_seed3,sparse,3,4a77b6e251,2988,225,-1.2499999999999822,0.773000000000017,0.05,0.15,0,out_of_energy,0,0,1,0,70,27,0,0,1,39,0.06602429733565952,2.7339762010746544,0.0,0.0,0.99,8,exponential
q_learning,sparse_seed3,sparse,3,4a77b6e251,2989,225,-1.2499999999999822,-0.23749999999998253,0.05,0.15,0,out_of_energy,0,0,1,0,80,20,0,0,1,43,0.052079139796887414,1.1436608798856698,0.0,0.0,0.99,8,exponential
q_learning,sparse_seed3,sparse,3,4a77b6e251,2990,225,-1.2499999999999822,-0.23749999999998253,0.05,0.15,0,out_of_energy,0,0,1,0,106,11,0,0,1,49,0.06746712939216573,1.2410845297276012,0.0,0.0,0.99,8,exponential
q_learning,sparse_seed3,sparse,3,4a77b6e251,2991,225,-1.2499999999999822,-0.23749999999998253,0.05,0.15,0,out_of_energy,0,0,1,0,76,9,0,0,1,43,0.057978357345264235,1.110981025772567,0.0,0.0,0.99,8,exponential
q_learning,sparse_seed3,sparse,3,4a77b6e251,2992,225,-1.2499999999999822,-0.23749999999998253,0.05,0.15,0,out_of_energy,0,0,1,0,73,9,0,0,1,44,0.055625892183262526,1.3248416289223997,0.0,0.0,0.99,8,exponential
q_learning,sparse_seed3,sparse,3,4a77b6e251,2993,225,-1.2499999999999822,-0.23749999999998253,0.05,0.15,0,out_of_energy,0,0,1,0,76,10,0,0,1,39,0.0847361043111148,1.6333385595459609,0.0,0.0,0.99,8,exponential
q_learning,sparse_seed3,sparse,3,4a77b6e251,2994,225,-1.2499999999999822,-0.23749999999998253,0.05,0.15,0,out_of_energy,0,0,1,0,82,9,0,0,1,56,0.06880727464720941,1.322308888978875,0.0,0.0,0.99,8,exponential
q_learning,sparse_seed3,sparse,3,4a77b6e251,2995,225,-1.2499999999999822,-0.23749999999998253,0.05,0.15,0,out_of_energy,0,0,1,0,72,19,0,0,1,48,0.07695958197211983,1.4095031149320372,0.0,0.0,0.99,8,exponential
q_learning,sparse_seed3,sparse,3,4a77b6e251,2996,225,-1.2499999999999822,-0.23749999999998253,0.05,0.15,0,out_of_energy,0,0,1,0,82,27,0,0,1,40,0.05823176081516349,1.3136977923041977,0.0,0.0,0.99,8,exponential
q_learning,sparse_seed3,sparse,3,4a77b6e251,2997,225,-1.2499999999999822,-0.23749999999998253,0.05,0.15,0,out_of_energy,0,0,1,0,76,27,0,0,1,36,0.08806748450925499,3.4458795634253114,0.0,0.0,0.99,8,exponential
q_learning,sparse_seed3,sparse,3,4a77b6e251,2998,225,-1.2499999999999822,-0.23749999999998253,0.05,0.15,0,out_of_energy,0,0,1,0,78,39,0,0,1,47,0.07922378636094417,2.279283050789048,0.0,0.0,0.99,8,exponential
q_learning,sparse_seed3,sparse,3,4a77b6e251,2999,225,-1.2499999999999822,-0.23749999999998253,0.05,0.15,0,out_of_energy,0,0,1,0,91,23,0,0,1,42,0.06777222437838051,2.130461349820561,0.0,0.0,0.99,8,exponential
q_learning,sparse_seed3,sparse,3,4a77b6e251,3000,225,-1.2499999999999822,-0.23749999999998253,0.05,0.15,0,out_of_energy,0,0,1,0,70,13,0,0,1,48,0.07698073881844386,4.342271887457862,0.0,0.0,0.99,8,exponential
