algorithm,run_label,reward_mode,seed,config_hash,episode,steps,reward,mean_return_100,epsilon,alpha,energy_left,outcome,success,goal_success,energy_exhausted,max_steps_reached,wall_collisions,penalty_entries,door_blocked,door_crossings,key_pickups,slips,mean_abs_td_error,max_abs_td_error,mean_active_traces,max_active_traces,cfg_gamma,cfg_energy_bins,cfg_epsilon_schedule
q_learning,shaped_seed5,shaped,5,4a77b6e251,1,225,-148.74999999999955,-148.74999999999955,0.998,0.15,0,out_of_energy,0,0,1,0,102,3,0,0,0,44,0.8248249366188062,19.55,0.0,0.0,0.99,8,exponential
q_learning,shaped_seed5,shaped,5,4a77b6e251,2,225,-250.25000000000122,-199.5000000000004,0.996004,0.15,0,out_of_energy,0,0,1,0,105,22,0,0,0,45,1.2058787322147422,20.55,0.0,0.0,0.99,8,exponential
q_learning,shaped_seed5,shaped,5,4a77b6e251,3,225,-214.75000000000102,-204.58333333333394,0.994011992,0.15,0,out_of_energy,0,0,1,0,104,16,0,0,0,43,1.106312468332048,20.4675,0.0,0.0,0.99,8,exponential
q_learning,shaped_seed5,shaped,5,4a77b6e251,4,225,-242.25000000000122,-214.00000000000077,0.992023968016,0.15,0,out_of_energy,0,0,1,0,113,20,0,0,0,41,1.0163903157705774,20.4675,0.0,0.0,0.99,8,exponential
q_learning,shaped_seed5,shaped,5,4a77b6e251,5,225,-237.7500000000012,-218.75000000000085,0.990039920079968,0.15,0,out_of_energy,0,0,1,0,94,22,0,0,0,54,1.1220372840546173,19.55,0.0,0.0,0.99,8,exponential
q_learning,shaped_seed5,shaped,5,4a77b6e251,6,225,-147.24999999999957,-206.83333333333397,0.9880598402398081,0.15,0,out_of_energy,0,0,1,0,107,2,0,0,0,41,0.6531935024091782,19.258625000000002,0.0,0.0,0.99,8,exponential
q_learning,shaped_seed5,shaped,5,4a77b6e251,7,225,-224.75000000000014,-209.39285714285774,0.9860837205593285,0.15,0,out_of_energy,0,0,1,0,108,17,0,0,0,46,1.124152847078894,20.758625000000002,0.0,0.0,0.99,8,exponential
q_learning,shaped_seed5,shaped,5,4a77b6e251,8,225,-183.75000000000014,-206.1875000000005,0.9841115531182099,0.15,0,out_of_energy,0,0,1,0,128,5,0,0,0,48,0.7687264294448402,20.9675,0.0,0.0,0.99,8,exponential
q_learning,shaped_seed5,shaped,5,4a77b6e251,9,225,-158.2499999999998,-200.86111111111154,0.9821433300119734,0.15,0,out_of_energy,0,0,1,0,127,0,0,0,0,38,0.6296899185402252,18.545320303546326,0.0,0.0,0.99,8,exponential
q_learning,shaped_seed5,shaped,5,4a77b6e251,10,225,-159.7499999999999,-196.75000000000037,0.9801790433519495,0.15,0,out_of_energy,0,0,1,0,112,3,0,0,0,35,0.7179442139924069,20.4675,0.0,0.0,0.99,8,exponential
q_learning,shaped_seed5,shaped,5,4a77b6e251,11,225,-189.25000000000028,-196.06818181818218,0.9782186852652456,0.15,0,out_of_energy,0,0,1,0,107,10,0,0,0,45,0.8111926216640549,24.7175,0.0,0.0,0.99,8,exponential
q_learning,shaped_seed5,shaped,5,4a77b6e251,12,225,-271.25000000000125,-202.3333333333338,0.976262247894715,0.15,0,out_of_energy,0,0,1,0,121,24,0,0,0,39,1.1107245773572187,20.901800164681674,0.0,0.0,0.99,8,exponential
q_learning,shaped_seed5,shaped,5,4a77b6e251,13,225,-223.75000000000065,-203.98076923076968,0.9743097233989256,0.15,0,out_of_energy,0,0,1,0,104,18,0,0,0,29,0.8430119558503275,20.892500000000002,0.0,0.0,0.99,8,exponential
q_learning,shaped_seed5,shaped,5,4a77b6e251,14,225,-259.75000000000153,-207.96428571428623,0.9723611039521278,0.15,0,out_of_energy,0,0,1,0,108,24,0,0,0,41,1.068342303854619,19.72364375,0.0,0.0,0.99,8,exponential
q_learning,shaped_seed5,shaped,5,4a77b6e251,15,225,-154.24999999999966,-204.38333333333378,0.9704163817442236,0.15,0,out_of_energy,0,0,1,0,109,3,0,0,0,52,0.6726875948025469,20.392500000000002,0.0,0.0,0.99,8,exponential
q_learning,shaped_seed5,shaped,5,4a77b6e251,16,225,-143.24999999999955,-200.5625000000004,0.9684755489807352,0.15,0,out_of_energy,0,0,1,0,117,1,0,0,0,42,0.7522568496271906,20.892500000000002,0.0,0.0,0.99,8,exponential
q_learning,shaped_seed5,shaped,5,4a77b6e251,17,225,-184.25000000000063,-199.60294117647098,0.9665385978827737,0.15,0,out_of_energy,0,0,1,0,103,11,0,0,0,41,0.8205282798757244,20.6015620625,0.0,0.0,0.99,8,exponential
q_learning,shaped_seed5,shaped,5,4a77b6e251,18,225,-147.24999999999952,-196.6944444444448,0.9646055206870082,0.15,0,out_of_energy,0,0,1,0,103,4,0,0,0,42,0.5584417017834074,20.892500000000002,0.0,0.0,0.99,8,exponential
q_learning,shaped_seed5,shaped,5,4a77b6e251,19,225,-153.24999999999963,-194.40789473684242,0.9626763096456342,0.15,0,out_of_energy,0,0,1,0,113,2,0,0,0,35,0.653129236560295,20.770137276875,0.0,0.0,0.99,8,exponential
q_learning,shaped_seed5,shaped,5,4a77b6e251,20,225,-292.75000000000136,-199.32500000000036,0.9607509570263429,0.15,0,out_of_energy,0,0,1,0,102,33,0,0,0,42,1.1137228176329155,20.74948490887515,0.0,0.0,0.99,8,exponential
q_learning,shaped_seed5,shaped,5,4a77b6e251,21,225,-181.75000000000028,-198.48809523809558,0.9588294551122902,0.15,0,out_of_energy,0,0,1,0,122,6,0,0,0,44,0.7720476937544016,20.34719481538373,0.0,0.0,0.99,8,exponential
q_learning,shaped_seed5,shaped,5,4a77b6e251,22,225,-157.7499999999998,-196.63636363636397,0.9569117962020657,0.15,0,out_of_energy,0,0,1,0,102,5,0,0,0,50,0.6718502540853383,19.35717774458228,0.0,0.0,0.99,8,exponential
q_learning,shaped_seed5,shaped,5,4a77b6e251,23,225,-189.75000000000063,-196.3369565217395,0.9549979726096616,0.15,0,out_of_energy,0,0,1,0,104,11,0,0,0,34,0.6693192378756032,20.64620807108469,0.0,0.0,0.99,8,exponential
q_learning,shaped_seed5,shaped,5,4a77b6e251,24,225,-173.25000000000026,-195.37500000000037,0.9530879766644422,0.15,0,out_of_energy,0,0,1,0,111,6,0,0,0,45,0.739742841590403,19.40653506651974,0.0,0.0,0.99,8,exponential
q_learning,shaped_seed5,shaped,5,4a77b6e251,25,225,-205.7500000000002,-195.79000000000036,0.9511818007111134,0.15,0,out_of_energy,0,0,1,0,108,14,0,0,0,39,0.8579983009496213,19.407298179684474,0.0,0.0,0.99,8,exponential
q_learning,shaped_seed5,shaped,5,4a77b6e251,26,225,-141.24999999999955,-193.69230769230805,0.9492794371096911,0.15,0,out_of_energy,0,0,1,0,95,2,0,0,0,35,0.702245341720668,20.758625000000002,0.0,0.0,0.99,8,exponential
q_learning,shaped_seed5,shaped,5,4a77b6e251,27,225,-174.75000000000028,-192.99074074074107,0.9473808782354717,0.15,0,out_of_energy,0,0,1,0,96,10,0,0,0,46,0.7341631668298403,19.694007339106324,0.0,0.0,0.99,8,exponential
q_learning,shaped_seed5,shaped,5,4a77b6e251,28,225,-188.75000000000026,-192.83928571428604,0.9454861164790007,0.15,0,out_of_energy,0,0,1,0,98,12,0,0,0,40,0.7580853337864224,19.284477529308067,0.0,0.0,0.99,8,exponential
q_learning,shaped_seed5,shaped,5,4a77b6e251,29,225,-166.74999999999991,-191.93965517241412,0.9435951442460427,0.15,0,out_of_energy,0,0,1,0,136,1,0,0,0,38,0.7422177911338664,19.74799439492164,0.0,0.0,0.99,8,exponential
q_learning,shaped_seed5,shaped,5,4a77b6e251,30,225,-151.2499999999998,-190.58333333333363,0.9417079539575507,0.15,0,out_of_energy,0,0,1,0,103,4,0,0,0,49,0.7001790586886422,19.45102812082051,0.0,0.0,0.99,8,exponential
q_learning,shaped_seed5,shaped,5,4a77b6e251,31,225,-148.24999999999957,-189.21774193548416,0.9398245380496356,0.15,0,out_of_energy,0,0,1,0,97,4,0,0,0,37,0.6245069101292371,20.23590723129687,0.0,0.0,0.99,8,exponential
q_learning,shaped_seed5,shaped,5,4a77b6e251,32,225,-153.74999999999972,-188.10937500000023,0.9379448889735363,0.15,0,out_of_energy,0,0,1,0,110,4,0,0,0,47,0.6346276493409588,20.258625000000002,0.0,0.0,0.99,8,exponential
q_learning,shaped_seed5,shaped,5,4a77b6e251,33,225,-168.25000000000026,-187.50757575757598,0.9360689991955893,0.15,0,out_of_energy,0,0,1,0,109,8,0,0,0,45,0.7930037201307747,19.55,0.0,0.0,0.99,8,exponential
q_learning,shaped_seed5,shaped,5,4a77b6e251,34,225,-176.2500000000002,-187.1764705882355,0.9341968611971981,0.15,0,out_of_energy,0,0,1,0,119,7,0,0,0,53,0.6993445351984853,20.64570668534375,0.0,0.0,0.99,8,exponential
q_learning,shaped_seed5,shaped,5,4a77b6e251,35,225,-158.24999999999986,-186.35000000000022,0.9323284674748037,0.15,0,out_of_energy,0,0,1,0,127,0,0,0,0,48,0.5911998431587719,20.727354153268674,0.0,0.0,0.99,8,exponential
q_learning,shaped_seed5,shaped,5,4a77b6e251,36,225,-236.25000000000082,-187.73611111111134,0.930463810539854,0.15,0,out_of_energy,0,0,1,0,95,23,0,0,0,33,0.7805370764382948,18.407340374956426,0.0,0.0,0.99,8,exponential
q_learning,shaped_seed5,shaped,5,4a77b6e251,37,225,-226.2500000000001,-188.77702702702726,0.9286028829187744,0.15,0,out_of_energy,0,0,1,0,113,17,0,0,0,46,0.7923547871864556,20.6645755300625,0.0,0.0,0.99,8,exponential
q_learning,shaped_seed5,shaped,5,4a77b6e251,38,225,-149.2499999999996,-187.73684210526338,0.9267456771529368,0.15,0,out_of_energy,0,0,1,0,95,5,0,0,0,47,0.5770304684793118,18.733278583757812,0.0,0.0,0.99,8,exponential
q_learning,shaped_seed5,shaped,5,4a77b6e251,39,225,-174.7500000000001,-187.40384615384636,0.9248921857986309,0.15,0,out_of_energy,0,0,1,0,102,8,0,0,0,45,0.6980559129568403,19.4675,0.0,0.0,0.99,8,exponential
q_learning,shaped_seed5,shaped,5,4a77b6e251,40,225,-238.25000000000105,-188.67500000000024,0.9230424014270336,0.15,0,out_of_energy,0,0,1,0,121,18,0,0,0,50,0.8389080726261244,19.755090902933375,0.0,0.0,0.99,8,exponential
q_learning,shaped_seed5,shaped,5,4a77b6e251,41,225,-252.2500000000012,-190.2256097560978,0.9211963166241796,0.15,0,out_of_energy,0,0,1,0,111,22,0,0,0,42,0.8883771784720372,18.71494184458399,0.0,0.0,0.99,8,exponential
q_learning,shaped_seed5,shaped,5,4a77b6e251,42,225,-178.2500000000001,-189.94047619047643,0.9193539239909312,0.15,0,out_of_energy,0,0,1,0,101,11,0,0,0,33,0.6603867195174057,20.75950043534375,0.0,0.0,0.99,8,exponential
q_learning,shaped_seed5,shaped,5,4a77b6e251,43,225,-141.24999999999955,-188.80813953488394,0.9175152161429493,0.15,0,out_of_energy,0,0,1,0,97,3,0,0,0,43,0.5164114822892221,20.341061489884765,0.0,0.0,0.99,8,exponential
q_learning,shaped_seed5,shaped,5,4a77b6e251,44,225,-167.25000000000009,-188.318181818182,0.9156801857106633,0.15,0,out_of_energy,0,0,1,0,91,9,0,0,0,46,0.678402909140996,19.76882624259437,0.0,0.0,0.99,8,exponential
q_learning,shaped_seed5,shaped,5,4a77b6e251,45,225,-199.25,-188.5611111111113,0.913848825339242,0.15,0,out_of_energy,0,0,1,0,73,19,0,0,0,42,0.9483838030357613,20.27663807286132,0.0,0.0,0.99,8,exponential
q_learning,shaped_seed5,shaped,5,4a77b6e251,46,225,-142.24999999999957,-187.55434782608717,0.9120211276885636,0.15,0,out_of_energy,0,0,1,0,111,2,0,0,0,40,0.6569600126407888,19.611207332770952,0.0,0.0,0.99,8,exponential
q_learning,shaped_seed5,shaped,5,4a77b6e251,47,225,-194.75000000000023,-187.70744680851084,0.9101970854331864,0.15,0,out_of_energy,0,0,1,0,92,15,0,0,0,44,0.8744819018651601,20.291182190983523,0.0,0.0,0.99,8,exponential
q_learning,shaped_seed5,shaped,5,4a77b6e251,48,225,-168.75000000000026,-187.31250000000023,0.9083766912623201,0.15,0,out_of_energy,0,0,1,0,114,7,0,0,0,45,0.6378216062146534,20.6175,0.0,0.0,0.99,8,exponential
q_learning,shaped_seed5,shaped,5,4a77b6e251,49,225,-193.750000000001,-187.44387755102068,0.9065599378797955,0.15,0,out_of_energy,0,0,1,0,84,16,0,0,0,40,0.7985482011124274,20.35349033493258,0.0,0.0,0.99,8,exponential
q_learning,shaped_seed5,shaped,5,4a77b6e251,50,225,-197.25000000000117,-187.6400000000003,0.9047468180040359,0.15,0,out_of_energy,0,0,1,0,93,15,0,0,0,34,0.6026684143534037,17.817453535291047,0.0,0.0,0.99,8,exponential
q_learning,shaped_seed5,shaped,5,4a77b6e251,51,225,-219.7500000000006,-188.26960784313755,0.9029373243680279,0.15,0,out_of_energy,0,0,1,0,98,17,0,0,0,51,0.7589957011981127,20.55,0.0,0.0,0.99,8,exponential
q_learning,shaped_seed5,shaped,5,4a77b6e251,52,225,-133.74999999999955,-187.22115384615412,0.9011314497192918,0.15,0,out_of_energy,0,0,1,0,104,0,0,0,0,39,0.47034825994442714,19.659567454859822,0.0,0.0,0.99,8,exponential
q_learning,shaped_seed5,shaped,5,4a77b6e251,53,225,-123.24999999999963,-186.0141509433965,0.8993291868198532,0.15,0,out_of_energy,0,0,1,0,95,1,0,0,0,54,0.6750827096739564,20.484245716021366,0.0,0.0,0.99,8,exponential
q_learning,shaped_seed5,shaped,5,4a77b6e251,54,225,-140.74999999999952,-185.1759259259262,0.8975305284462135,0.15,0,out_of_energy,0,0,1,0,90,4,0,0,0,36,0.5172343123036058,16.453601082894938,0.0,0.0,0.99,8,exponential
q_learning,shaped_seed5,shaped,5,4a77b6e251,55,225,-145.74999999999957,-184.45909090909117,0.8957354673893211,0.15,0,out_of_energy,0,0,1,0,96,3,0,0,0,48,0.577561584377907,20.56550361176094,0.0,0.0,0.99,8,exponential
q_learning,shaped_seed5,shaped,5,4a77b6e251,56,225,-140.24999999999963,-183.66964285714306,0.8939439964545425,0.15,0,out_of_energy,0,0,1,0,71,7,0,0,0,39,0.6190409430467684,19.18513771116992,0.0,0.0,0.99,8,exponential
q_learning,shaped_seed5,shaped,5,4a77b6e251,57,225,-141.74999999999955,-182.93421052631598,0.8921561084616334,0.15,0,out_of_energy,0,0,1,0,112,2,0,0,0,44,0.6193867522365556,20.737476096393774,0.0,0.0,0.99,8,exponential
q_learning,shaped_seed5,shaped,5,4a77b6e251,58,225,-193.75000000000108,-183.12068965517264,0.8903717962447101,0.15,0,out_of_energy,0,0,1,0,96,15,0,0,0,49,0.7985558798427461,20.396344761028956,0.0,0.0,0.99,8,exponential
q_learning,shaped_seed5,shaped,5,4a77b6e251,59,225,-213.75000000000105,-183.63983050847483,0.8885910526522206,0.15,0,out_of_energy,0,0,1,0,100,16,0,0,0,46,0.7350136807063423,19.348981537893277,0.0,0.0,0.99,8,exponential
q_learning,shaped_seed5,shaped,5,4a77b6e251,60,225,-172.25000000000023,-183.45000000000024,0.8868138705469162,0.15,0,out_of_energy,0,0,1,0,93,10,0,0,0,45,0.689617738583001,19.796306241900062,0.0,0.0,0.99,8,exponential
q_learning,shaped_seed5,shaped,5,4a77b6e251,61,225,-190.75000000000114,-183.5696721311478,0.8850402428058224,0.15,0,out_of_energy,0,0,1,0,98,15,0,0,0,42,0.8425348362525354,21.174875,0.0,0.0,0.99,8,exponential
q_learning,shaped_seed5,shaped,5,4a77b6e251,62,225,-130.2499999999996,-182.7096774193551,0.8832701623202107,0.15,0,out_of_energy,0,0,1,0,109,1,0,0,0,38,0.7053310075848046,20.55,0.0,0.0,0.99,8,exponential
q_learning,shaped_seed5,shaped,5,4a77b6e251,63,225,-114.2499999999996,-181.62301587301613,0.8815036219955703,0.15,0,out_of_energy,0,0,1,0,93,0,0,0,0,43,0.4901897409394262,16.66952623285531,0.0,0.0,0.99,8,exponential
q_learning,shaped_seed5,shaped,5,4a77b6e251,64,225,-170.74999999999994,-181.45312500000023,0.8797406147515792,0.15,0,out_of_energy,0,0,1,0,106,8,0,0,0,44,0.8021757322257239,20.8159139375,0.0,0.0,0.99,8,exponential
q_learning,shaped_seed5,shaped,5,4a77b6e251,65,225,-134.24999999999952,-180.7269230769233,0.877981133522076,0.15,0,out_of_energy,0,0,1,0,105,1,0,0,0,46,0.5022699748648825,20.17729475245063,0.0,0.0,0.99,8,exponential
q_learning,shaped_seed5,shaped,5,4a77b6e251,66,225,-154.2499999999997,-180.3257575757578,0.8762251712550319,0.15,0,out_of_energy,0,0,1,0,95,6,0,0,0,39,0.5053021265233604,16.496932892201002,0.0,0.0,0.99,8,exponential
q_learning,shaped_seed5,shaped,5,4a77b6e251,67,225,-128.2499999999996,-179.54850746268679,0.8744727209125218,0.15,0,out_of_energy,0,0,1,0,91,1,0,0,0,40,0.48553041322126106,19.84204963615198,0.0,0.0,0.99,8,exponential
q_learning,shaped_seed5,shaped,5,4a77b6e251,68,225,-159.75000000000003,-179.2573529411767,0.8727237754706968,0.15,0,out_of_energy,0,0,1,0,100,8,0,0,0,59,0.7211882196834747,20.556398866281874,0.0,0.0,0.99,8,exponential
q_learning,shaped_seed5,shaped,5,4a77b6e251,69,225,-175.75000000000082,-179.20652173913064,0.8709783279197554,0.15,0,out_of_energy,0,0,1,0,84,15,0,0,0,42,0.9295991205514413,19.646704201419453,0.0,0.0,0.99,8,exponential
q_learning,shaped_seed5,shaped,5,4a77b6e251,70,225,-128.74999999999957,-178.4857142857145,0.8692363712639158,0.15,0,out_of_energy,0,0,1,0,98,0,0,0,0,37,0.45762097012572245,20.240112009441226,0.0,0.0,0.99,8,exponential
q_learning,shaped_seed5,shaped,5,4a77b6e251,71,225,-153.24999999999966,-178.13028169014106,0.867497898521388,0.15,0,out_of_energy,0,0,1,0,103,3,0,0,0,58,0.49560627498071336,20.779922712218752,0.0,0.0,0.99,8,exponential
q_learning,shaped_seed5,shaped,5,4a77b6e251,72,225,-148.24999999999952,-177.71527777777794,0.8657629027243453,0.15,0,out_of_energy,0,0,1,0,111,4,0,0,0,47,0.668538771254183,20.645405101022188,0.0,0.0,0.99,8,exponential
q_learning,shaped_seed5,shaped,5,4a77b6e251,73,225,-172.75000000000014,-177.64726027397276,0.8640313769188966,0.15,0,out_of_energy,0,0,1,0,100,10,0,0,0,43,0.6850306723046343,20.51971591382024,0.0,0.0,0.99,8,exponential
q_learning,shaped_seed5,shaped,5,4a77b6e251,74,225,-213.25000000000045,-178.12837837837853,0.8623033141650589,0.15,0,out_of_energy,0,0,1,0,93,17,0,0,0,49,0.815650850350941,19.55,0.0,0.0,0.99,8,exponential
q_learning,shaped_seed5,shaped,5,4a77b6e251,75,225,-111.24999999999959,-177.23666666666682,0.8605787075367288,0.15,0,out_of_energy,0,0,1,0,79,2,0,0,0,43,0.5766658090620778,19.891326636706932,0.0,0.0,0.99,8,exponential
q_learning,shaped_seed5,shaped,5,4a77b6e251,76,225,-202.7500000000005,-177.57236842105277,0.8588575501216553,0.15,0,out_of_energy,0,0,1,0,98,16,0,0,0,48,0.7954456163317601,19.952098642771094,0.0,0.0,0.99,8,exponential
q_learning,shaped_seed5,shaped,5,4a77b6e251,77,225,-129.24999999999952,-176.94480519480533,0.857139835021412,0.15,0,out_of_energy,0,0,1,0,99,0,0,0,0,49,0.5375319049233107,19.95077439456874,0.0,0.0,0.99,8,exponential
q_learning,shaped_seed5,shaped,5,4a77b6e251,78,225,-134.74999999999952,-176.4038461538463,0.8554255553513692,0.15,0,out_of_energy,0,0,1,0,102,3,0,0,0,43,0.5875181517072665,19.947051272730352,0.0,0.0,0.99,8,exponential
q_learning,shaped_seed5,shaped,5,4a77b6e251,79,225,-169.24999999999997,-176.31329113924065,0.8537147042406664,0.15,0,out_of_energy,0,0,1,0,85,11,0,0,0,34,0.6329725154079069,19.47349242417619,0.0,0.0,0.99,8,exponential
q_learning,shaped_seed5,shaped,5,4a77b6e251,80,225,-146.74999999999957,-175.94375000000014,0.8520072748321851,0.15,0,out_of_energy,0,0,1,0,100,6,0,0,0,48,0.66763942189907,20.47191182316576,0.0,0.0,0.99,8,exponential
q_learning,shaped_seed5,shaped,5,4a77b6e251,81,225,-128.74999999999955,-175.36111111111126,0.8503032602825207,0.15,0,out_of_energy,0,0,1,0,76,6,0,0,0,50,0.6047346951665371,19.988157484160336,0.0,0.0,0.99,8,exponential
q_learning,shaped_seed5,shaped,5,4a77b6e251,82,225,-165.24999999999986,-175.2378048780489,0.8486026537619556,0.15,0,out_of_energy,0,0,1,0,109,5,0,0,0,44,0.5919308034070201,19.903451430724335,0.0,0.0,0.99,8,exponential
q_learning,shaped_seed5,shaped,5,4a77b6e251,83,225,-167.7499999999998,-175.1475903614459,0.8469054484544317,0.15,0,out_of_energy,0,0,1,0,76,13,0,0,0,43,0.6340788571166059,19.93975080261757,0.0,0.0,0.99,8,exponential
q_learning,shaped_seed5,shaped,5,4a77b6e251,84,225,-184.7500000000007,-175.2619047619049,0.8452116375575228,0.15,0,out_of_energy,0,0,1,0,100,11,0,0,0,48,0.7200772044689101,18.514924641542812,0.0,0.0,0.99,8,exponential
q_learning,shaped_seed5,shaped,5,4a77b6e251,85,225,-136.24999999999955,-174.8029411764707,0.8435212142824078,0.15,0,out_of_energy,0,0,1,0,101,3,0,0,0,48,0.5316364647482305,19.823320457790963,0.0,0.0,0.99,8,exponential
q_learning,shaped_seed5,shaped,5,4a77b6e251,86,225,-135.2499999999996,-174.34302325581407,0.841834171853843,0.15,0,out_of_energy,0,0,1,0,85,5,0,0,0,49,0.6080982693361981,20.027339750401445,0.0,0.0,0.99,8,exponential
q_learning,shaped_seed5,shaped,5,4a77b6e251,87,225,-124.74999999999969,-173.77298850574726,0.8401505035101353,0.15,0,out_of_energy,0,0,1,0,76,4,0,0,0,32,0.46006791944993664,20.06717997878418,0.0,0.0,0.99,8,exponential
q_learning,shaped_seed5,shaped,5,4a77b6e251,88,225,-176.25000000000014,-173.80113636363646,0.838470202503115,0.15,0,out_of_energy,0,0,1,0,107,8,0,0,0,37,0.5409663210953878,20.70285878886917,0.0,0.0,0.99,8,exponential
q_learning,shaped_seed5,shaped,5,4a77b6e251,89,225,-227.25000000000105,-174.40168539325856,0.8367932620981088,0.15,0,out_of_energy,0,0,1,0,81,24,0,0,0,43,0.9463134310421082,18.517125451552026,0.0,0.0,0.99,8,exponential
q_learning,shaped_seed5,shaped,5,4a77b6e251,90,225,-150.74999999999957,-174.138888888889,0.8351196755739125,0.15,0,out_of_energy,0,0,1,0,100,5,0,0,0,44,0.5948202015541056,20.311388488708186,0.0,0.0,0.99,8,exponential
q_learning,shaped_seed5,shaped,5,4a77b6e251,91,225,-154.24999999999972,-173.92032967032978,0.8334494362227647,0.15,0,out_of_energy,0,0,1,0,99,5,0,0,0,39,0.47724556094809295,19.997888456900558,0.0,0.0,0.99,8,exponential
q_learning,shaped_seed5,shaped,5,4a77b6e251,92,225,-140.24999999999955,-173.55434782608708,0.8317825373503192,0.15,0,out_of_energy,0,0,1,0,89,4,0,0,0,50,0.5554840465940162,19.592430745264487,0.0,0.0,0.99,8,exponential
q_learning,shaped_seed5,shaped,5,4a77b6e251,93,225,-139.74999999999957,-173.19086021505387,0.8301189722756185,0.15,0,out_of_energy,0,0,1,0,102,1,0,0,0,48,0.49888591191142573,20.812797490819122,0.0,0.0,0.99,8,exponential
q_learning,shaped_seed5,shaped,5,4a77b6e251,94,225,-199.75000000000014,-173.47340425531925,0.8284587343310672,0.15,0,out_of_energy,0,0,1,0,94,18,0,0,0,55,0.917998333339465,19.485870136940463,0.0,0.0,0.99,8,exponential
q_learning,shaped_seed5,shaped,5,4a77b6e251,95,225,-117.24999999999964,-172.88157894736852,0.8268018168624051,0.15,0,out_of_energy,0,0,1,0,87,1,0,0,0,58,0.5136797831534209,20.40435110941821,0.0,0.0,0.99,8,exponential
q_learning,shaped_seed5,shaped,5,4a77b6e251,96,225,-114.74999999999962,-172.27604166666674,0.8251482132286803,0.15,0,out_of_energy,0,0,1,0,82,1,0,0,0,43,0.4470815357784642,20.825533152012632,0.0,0.0,0.99,8,exponential
q_learning,shaped_seed5,shaped,5,4a77b6e251,97,225,-138.24999999999952,-171.92525773195885,0.823497916802223,0.15,0,out_of_energy,0,0,1,0,101,4,0,0,0,49,0.6294591192351118,19.87573852717687,0.0,0.0,0.99,8,exponential
q_learning,shaped_seed5,shaped,5,4a77b6e251,98,225,-135.74999999999955,-171.55612244897966,0.8218509209686186,0.15,0,out_of_energy,0,0,1,0,100,3,0,0,0,49,0.562168363882118,19.764832699887293,0.0,0.0,0.99,8,exponential
q_learning,shaped_seed5,shaped,5,4a77b6e251,99,225,-174.24999999999991,-171.5833333333334,0.8202072191266814,0.15,0,out_of_energy,0,0,1,0,81,13,0,0,0,47,0.6117033540015492,18.378648101552677,0.0,0.0,0.99,8,exponential
q_learning,shaped_seed5,shaped,5,4a77b6e251,100,225,-160.74999999999977,-171.47500000000008,0.818566804688428,0.15,0,out_of_energy,0,0,1,0,88,10,0,0,0,56,0.7408515496873083,18.10615402332583,0.0,0.0,0.99,8,exponential
q_learning,shaped_seed5,shaped,5,4a77b6e251,101,225,-182.75000000000003,-171.81500000000008,0.8169296710790511,0.15,0,out_of_energy,0,0,1,0,84,13,0,0,0,48,0.6857613332588317,21.088345563004925,0.0,0.0,0.99,8,exponential
q_learning,shaped_seed5,shaped,5,4a77b6e251,102,225,-176.25000000000009,-171.07500000000007,0.815295811736893,0.15,0,out_of_energy,0,0,1,0,101,10,0,0,0,61,0.7940649776001746,18.914293295145264,0.0,0.0,0.99,8,exponential
q_learning,shaped_seed5,shaped,5,4a77b6e251,103,225,-294.7500000000009,-171.87500000000009,0.8136652201134192,0.15,0,out_of_energy,0,0,1,0,98,33,0,0,0,49,1.0305065839016958,18.45281176556697,0.0,0.0,0.99,8,exponential
q_learning,shaped_seed5,shaped,5,4a77b6e251,104,225,-121.24999999999962,-170.66500000000008,0.8120378896731923,0.15,0,out_of_energy,0,0,1,0,91,0,0,0,0,46,0.4556111779141408,19.66148513572539,0.0,0.0,0.99,8,exponential
q_learning,shaped_seed5,shaped,5,4a77b6e251,105,225,-147.74999999999966,-169.76500000000007,0.8104138138938459,0.15,0,out_of_energy,0,0,1,0,88,8,0,0,0,45,0.5239776229690724,17.34982238912232,0.0,0.0,0.99,8,exponential
q_learning,shaped_seed5,shaped,5,4a77b6e251,106,225,-113.24999999999963,-169.42500000000004,0.8087929862660582,0.15,0,out_of_energy,0,0,1,0,85,1,0,0,0,30,0.4635792422065794,19.69024357451689,0.0,0.0,0.99,8,exponential
q_learning,shaped_seed5,shaped,5,4a77b6e251,107,225,-132.24999999999966,-168.50000000000009,0.8071754002935261,0.15,0,out_of_energy,0,0,1,0,87,3,0,0,0,36,0.4906742013281625,18.86546957732499,0.0,0.0,0.99,8,exponential
q_learning,shaped_seed5,shaped,5,4a77b6e251,108,225,-135.74999999999957,-168.02000000000004,0.805561049492939,0.15,0,out_of_energy,0,0,1,0,100,4,0,0,0,40,0.5361843231199948,20.289614224359322,0.0,0.0,0.99,8,exponential
q_learning,shaped_seed5,shaped,5,4a77b6e251,109,225,-121.2499999999996,-167.65000000000003,0.8039499273939532,0.15,0,out_of_energy,0,0,1,0,93,1,0,0,0,50,0.5518632228679711,19.414670860210467,0.0,0.0,0.99,8,exponential
q_learning,shaped_seed5,shaped,5,4a77b6e251,110,225,-148.7499999999997,-167.54000000000005,0.8023420275391653,0.15,0,out_of_energy,0,0,1,0,88,9,0,0,0,36,0.5927158083961281,16.562989616399392,0.0,0.0,0.99,8,exponential
q_learning,shaped_seed5,shaped,5,4a77b6e251,111,225,-155.74999999999972,-167.20500000000004,0.800737343484087,0.15,0,out_of_energy,0,0,1,0,100,5,0,0,0,47,0.6348367970537374,21.200595133764672,0.0,0.0,0.99,8,exponential
q_learning,shaped_seed5,shaped,5,4a77b6e251,112,225,-193.24999999999991,-166.42500000000004,0.7991358687971188,0.15,0,out_of_energy,0,0,1,0,87,18,0,0,0,41,0.8416018070324347,19.089201803883846,0.0,0.0,0.99,8,exponential
q_learning,shaped_seed5,shaped,5,4a77b6e251,113,225,-177.75000000000037,-165.965,0.7975375970595246,0.15,0,out_of_energy,0,0,1,0,102,12,0,0,0,52,0.8443967280529033,18.33835455840076,0.0,0.0,0.99,8,exponential
q_learning,shaped_seed5,shaped,5,4a77b6e251,114,225,-226.25000000000122,-165.63,0.7959425218654056,0.15,0,out_of_energy,0,0,1,0,97,21,0,0,0,44,0.8549754560554124,19.103620637500672,0.0,0.0,0.99,8,exponential
q_learning,shaped_seed5,shaped,5,4a77b6e251,115,225,-112.24999999999964,-165.21,0.7943506368216747,0.15,0,out_of_energy,0,0,1,0,91,1,0,0,0,39,0.5239588865469255,19.12371360886524,0.0,0.0,0.99,8,exponential
q_learning,shaped_seed5,shaped,5,4a77b6e251,116,225,-107.24999999999964,-164.85,0.7927619355480314,0.15,0,out_of_energy,0,0,1,0,83,0,0,0,0,47,0.5264787566006343,20.00147991596361,0.0,0.0,0.99,8,exponential
q_learning,shaped_seed5,shaped,5,4a77b6e251,117,225,-116.2499999999996,-164.17,0.7911764116769353,0.15,0,out_of_energy,0,0,1,0,83,1,0,0,0,47,0.4826075701584069,18.116160975322316,0.0,0.0,0.99,8,exponential
q_learning,shaped_seed5,shaped,5,4a77b6e251,118,225,-161.74999999999991,-164.315,0.7895940588535815,0.15,0,out_of_energy,0,0,1,0,106,6,0,0,0,43,0.6475212945762239,19.191212713835473,0.0,0.0,0.99,8,exponential
q_learning,shaped_seed5,shaped,5,4a77b6e251,119,225,-116.74999999999959,-163.95,0.7880148707358743,0.15,0,out_of_energy,0,0,1,0,78,3,0,0,0,45,0.6408920952384609,19.40699137907271,0.0,0.0,0.99,8,exponential
q_learning,shaped_seed5,shaped,5,4a77b6e251,120,225,-128.24999999999963,-162.305,0.7864388409944025,0.15,0,out_of_energy,0,0,1,0,93,2,0,0,0,55,0.6243551520426344,19.313372623265565,0.0,0.0,0.99,8,exponential
q_learning,shaped_seed5,shaped,5,4a77b6e251,121,225,-128.74999999999963,-161.775,0.7848659633124138,0.15,0,out_of_energy,0,0,1,0,98,2,0,0,0,45,0.5691651801949461,17.460881564484115,0.0,0.0,0.99,8,exponential
q_learning,shaped_seed5,shaped,5,4a77b6e251,122,225,-115.7499999999996,-161.355,0.783296231385789,0.15,0,out_of_energy,0,0,1,0,84,2,0,0,0,47,0.5040564954662028,18.24257515478176,0.0,0.0,0.99,8,exponential
q_learning,shaped_seed5,shaped,5,4a77b6e251,123,225,-205.7500000000002,-161.51499999999996,0.7817296389230174,0.15,0,out_of_energy,0,0,1,0,106,17,0,0,0,41,0.929374119476732,18.846125,0.0,0.0,0.99,8,exponential
q_learning,shaped_seed5,shaped,5,4a77b6e251,124,225,-109.74999999999966,-160.87999999999997,0.7801661796451713,0.15,0,out_of_energy,0,0,1,0,80,0,0,0,0,35,0.43570715198453214,19.548876163159157,0.0,0.0,0.99,8,exponential
q_learning,shaped_seed5,shaped,5,4a77b6e251,125,225,-155.75000000000006,-160.37999999999997,0.778605847285881,0.15,0,out_of_energy,0,0,1,0,72,13,0,0,0,37,0.6825410759599213,20.367726001675553,0.0,0.0,0.99,8,exponential
q_learning,shaped_seed5,shaped,5,4a77b6e251,126,225,-142.24999999999957,-160.38999999999996,0.7770486355913092,0.15,0,out_of_energy,0,0,1,0,84,11,0,0,1,37,0.7606704387329819,19.312791881550357,0.0,0.0,0.99,8,exponential
q_learning,shaped_seed5,shaped,5,4a77b6e251,127,225,-132.24999999999963,-159.96499999999997,0.7754945383201266,0.15,0,out_of_energy,0,0,1,0,97,4,0,0,0,50,0.6177736910373025,24.329367698478094,0.0,0.0,0.99,8,exponential
q_learning,shaped_seed5,shaped,5,4a77b6e251,128,225,-150.74999999999957,-159.58499999999995,0.7739435492434863,0.15,0,out_of_energy,0,0,1,0,86,7,0,0,0,38,0.589731843688498,18.436290022257612,0.0,0.0,0.99,8,exponential
q_learning,shaped_seed5,shaped,5,4a77b6e251,129,225,-161.7499999999998,-159.53499999999997,0.7723956621449993,0.15,0,out_of_energy,0,0,1,0,88,11,0,0,0,47,0.7200595865130617,21.128260713054306,0.0,0.0,0.99,8,exponential
q_learning,shaped_seed5,shaped,5,4a77b6e251,130,225,-146.24999999999955,-159.48499999999996,0.7708508708207094,0.15,0,out_of_energy,0,0,1,0,79,7,0,0,0,42,0.5763073322210446,20.171611700233548,0.0,0.0,0.99,8,exponential
q_learning,shaped_seed5,shaped,5,4a77b6e251,131,225,-237.25000000000077,-160.37499999999997,0.769309169079068,0.15,0,out_of_energy,0,0,1,0,95,22,0,0,0,48,0.9592058591364376,17.145869945198513,0.0,0.0,0.99,8,exponential
q_learning,shaped_seed5,shaped,5,4a77b6e251,132,225,-133.24999999999963,-160.16999999999996,0.7677705507409098,0.15,0,out_of_energy,0,0,1,0,93,3,0,0,0,41,0.4675373604198342,18.747389844818866,0.0,0.0,0.99,8,exponential
q_learning,shaped_seed5,shaped,5,4a77b6e251,133,225,-147.24999999999957,-159.95999999999995,0.766235009639428,0.15,0,out_of_energy,0,0,1,0,101,3,0,0,0,42,0.4760525693759267,18.931480703456142,0.0,0.0,0.99,8,exponential
q_learning,shaped_seed5,shaped,5,4a77b6e251,134,225,-119.2499999999996,-159.38999999999993,0.7647025396201492,0.15,0,out_of_energy,0,0,1,0,91,1,0,0,0,45,0.5042258433673616,17.868120523988527,0.0,0.0,0.99,8,exponential
q_learning,shaped_seed5,shaped,5,4a77b6e251,135,225,-112.74999999999967,-158.93499999999992,0.763173134540909,0.15,0,out_of_energy,0,0,1,0,86,1,0,0,0,54,0.5430037166325654,19.928146891595585,0.0,0.0,0.99,8,exponential
q_learning,shaped_seed5,shaped,5,4a77b6e251,136,225,-118.24999999999957,-157.75499999999994,0.7616467882718272,0.15,0,out_of_energy,0,0,1,0,89,0,0,0,0,49,0.48633237631472037,18.761856820630094,0.0,0.0,0.99,8,exponential
q_learning,shaped_seed5,shaped,5,4a77b6e251,137,225,-129.74999999999963,-156.78999999999994,0.7601234946952835,0.15,0,out_of_energy,0,0,1,0,104,1,0,0,0,56,0.6214654963002204,21.34571826309875,0.0,0.0,0.99,8,exponential
q_learning,shaped_seed5,shaped,5,4a77b6e251,138,225,-123.74999999999964,-156.53499999999994,0.7586032477058929,0.15,0,out_of_energy,0,0,1,0,84,4,0,0,0,48,0.6017019254858489,18.700580393174704,0.0,0.0,0.99,8,exponential
q_learning,shaped_seed5,shaped,5,4a77b6e251,139,225,-150.74999999999977,-156.29499999999993,0.7570860412104812,0.15,0,out_of_energy,0,0,1,0,100,6,0,0,0,44,0.5744656000841528,19.12148041826307,0.0,0.0,0.99,8,exponential
q_learning,shaped_seed5,shaped,5,4a77b6e251,140,225,-113.24999999999967,-155.0449999999999,0.7555718691280602,0.15,0,out_of_energy,0,0,1,0,85,0,0,0,0,46,0.4656766578789008,15.398736829023969,0.0,0.0,0.99,8,exponential
q_learning,shaped_seed5,shaped,5,4a77b6e251,141,225,-139.74999999999963,-153.9199999999999,0.7540607253898041,0.15,0,out_of_energy,0,0,1,0,86,7,0,0,0,37,0.6934458811398116,20.493581718379644,0.0,0.0,0.99,8,exponential
q_learning,shaped_seed5,shaped,5,4a77b6e251,142,225,-138.74999999999957,-153.5249999999999,0.7525526039390245,0.15,0,out_of_energy,0,0,1,0,78,9,0,0,0,42,0.6637624856152757,17.47971252466475,0.0,0.0,0.99,8,exponential
q_learning,shaped_seed5,shaped,5,4a77b6e251,143,225,-119.24999999999962,-153.3049999999999,0.7510474987311464,0.15,0,out_of_energy,0,0,1,0,93,2,0,0,0,39,0.49579681728364944,18.165055741048064,0.0,0.0,0.99,8,exponential
q_learning,shaped_seed5,shaped,5,4a77b6e251,144,225,-161.24999999999963,-153.2449999999999,0.7495454037336841,0.15,0,out_of_energy,0,0,1,0,89,8,0,0,0,41,0.599452473401376,22.194892833738255,0.0,0.0,0.99,8,exponential
q_learning,shaped_seed5,shaped,5,4a77b6e251,145,225,-121.7499999999996,-152.46999999999989,0.7480463129262167,0.15,0,out_of_energy,0,0,1,0,92,2,0,0,0,56,0.6145922766475042,19.463709689541545,0.0,0.0,0.99,8,exponential
q_learning,shaped_seed5,shaped,5,4a77b6e251,146,225,-191.74999999999991,-152.96499999999986,0.7465502203003642,0.15,0,out_of_energy,0,0,1,0,121,14,0,0,1,44,0.9648537123272111,19.392500000000002,0.0,0.0,0.99,8,exponential
q_learning,shaped_seed5,shaped,5,4a77b6e251,147,225,-111.24999999999956,-152.12999999999988,0.7450571198597635,0.15,0,out_of_energy,0,0,1,0,102,3,0,0,1,38,0.7824747037074684,19.47752375,0.0,0.0,0.99,8,exponential
q_learning,shaped_seed5,shaped,5,4a77b6e251,148,225,-161.24999999999983,-152.05499999999986,0.743567005620044,0.15,0,out_of_energy,0,0,1,0,86,15,0,0,1,44,0.8318551536013734,20.6633751875,0.0,0.0,0.99,8,exponential
q_learning,shaped_seed5,shaped,5,4a77b6e251,149,225,-180.74999999999974,-151.92499999999984,0.7420798716088038,0.15,0,out_of_energy,0,0,1,0,92,15,0,0,0,51,0.8514146876413441,19.23523625,0.0,0.0,0.99,8,exponential
q_learning,shaped_seed5,shaped,5,4a77b6e251,150,225,-118.74999999999957,-151.13999999999984,0.7405957118655863,0.15,0,out_of_energy,0,0,1,0,90,0,0,0,0,41,0.4366918598266678,19.496257487964193,0.0,0.0,0.99,8,exponential
q_learning,shaped_seed5,shaped,5,4a77b6e251,151,225,-112.24999999999959,-150.06499999999983,0.7391145204418551,0.15,0,out_of_energy,0,0,1,0,81,0,0,0,0,50,0.4763981907874973,20.57362421700834,0.0,0.0,0.99,8,exponential
q_learning,shaped_seed5,shaped,5,4a77b6e251,152,225,-113.24999999999964,-149.85999999999981,0.7376362914009714,0.15,0,out_of_energy,0,0,1,0,83,0,0,0,0,46,0.48370216534979904,19.050302507050777,0.0,0.0,0.99,8,exponential
q_learning,shaped_seed5,shaped,5,4a77b6e251,153,225,-133.74999999999966,-149.96499999999983,0.7361610188181695,0.15,0,out_of_energy,0,0,1,0,84,4,0,0,0,39,0.5244338096561413,16.850797264402733,0.0,0.0,0.99,8,exponential
q_learning,shaped_seed5,shaped,5,4a77b6e251,154,225,-121.74999999999959,-149.77499999999984,0.7346886967805332,0.15,0,out_of_energy,0,0,1,0,86,1,0,0,0,46,0.443771635180007,20.01610212377857,0.0,0.0,0.99,8,exponential
q_learning,shaped_seed5,shaped,5,4a77b6e251,155,225,-112.74999999999969,-149.44499999999982,0.733219319386972,0.15,0,out_of_energy,0,0,1,0,82,0,0,0,0,50,0.3991460898717435,19.472388806591013,0.0,0.0,0.99,8,exponential
q_learning,shaped_seed5,shaped,5,4a77b6e251,156,225,-119.74999999999962,-149.23999999999984,0.7317528807481981,0.15,0,out_of_energy,0,0,1,0,90,0,0,0,0,44,0.44411602145971935,19.346508198173495,0.0,0.0,0.99,8,exponential
q_learning,shaped_seed5,shaped,5,4a77b6e251,157,225,-128.2499999999996,-149.10499999999985,0.7302893749867018,0.15,0,out_of_energy,0,0,1,0,81,6,0,0,0,43,0.5381146930362047,19.773386648623614,0.0,0.0,0.99,8,exponential
q_learning,shaped_seed5,shaped,5,4a77b6e251,158,225,-117.74999999999962,-148.34499999999983,0.7288287962367284,0.15,0,out_of_energy,0,0,1,0,78,2,0,0,0,48,0.48087120313785864,18.864244562576015,0.0,0.0,0.99,8,exponential
q_learning,shaped_seed5,shaped,5,4a77b6e251,159,225,-149.24999999999963,-147.6999999999998,0.727371138644255,0.15,0,out_of_energy,0,0,1,0,79,8,0,0,0,42,0.5668595431913239,19.005637310926495,0.0,0.0,0.99,8,exponential
q_learning,shaped_seed5,shaped,5,4a77b6e251,160,225,-114.24999999999962,-147.1199999999998,0.7259163963669665,0.15,0,out_of_energy,0,0,1,0,83,1,0,0,0,41,0.4432760730596691,19.476946326374904,0.0,0.0,0.99,8,exponential
q_learning,shaped_seed5,shaped,5,4a77b6e251,161,225,-177.74999999999991,-146.98999999999978,0.7244645635742325,0.15,0,out_of_energy,0,0,1,0,86,12,0,0,0,53,0.6261408700437521,19.037422705047526,0.0,0.0,0.99,8,exponential
q_learning,shaped_seed5,shaped,5,4a77b6e251,162,225,-128.74999999999963,-146.9749999999998,0.723015634447084,0.15,0,out_of_energy,0,0,1,0,98,2,0,0,0,39,0.6395183001250508,20.47397350347277,0.0,0.0,0.99,8,exponential
q_learning,shaped_seed5,shaped,5,4a77b6e251,163,225,-120.74999999999957,-147.0399999999998,0.7215696031781899,0.15,0,out_of_energy,0,0,1,0,90,0,0,0,0,44,0.5241037475751734,19.171477682290348,0.0,0.0,0.99,8,exponential
q_learning,shaped_seed5,shaped,5,4a77b6e251,164,225,-139.7499999999996,-146.7299999999998,0.7201264639718334,0.15,0,out_of_energy,0,0,1,0,96,5,0,0,0,60,0.6471607469395139,19.38823081736897,0.0,0.0,0.99,8,exponential
q_learning,shaped_seed5,shaped,5,4a77b6e251,165,225,-133.74999999999963,-146.7249999999998,0.7186862110438897,0.15,0,out_of_energy,0,0,1,0,94,4,0,0,0,38,0.5752236771103061,19.730723339935683,0.0,0.0,0.99,8,exponential
q_learning,shaped_seed5,shaped,5,4a77b6e251,166,225,-158.24999999999974,-146.7649999999998,0.717248838621802,0.15,0,out_of_energy,0,0,1,0,98,12,0,0,1,41,0.7753363885729475,19.674875,0.0,0.0,0.99,8,exponential
q_learning,shaped_seed5,shaped,5,4a77b6e251,167,225,-88.24999999999974,-146.36499999999978,0.7158143409445584,0.15,0,out_of_energy,0,0,1,0,59,0,0,0,0,39,0.414677269079436,18.348455535914358,0.0,0.0,0.99,8,exponential
q_learning,shaped_seed5,shaped,5,4a77b6e251,168,225,-126.24999999999947,-146.02999999999977,0.7143827122626694,0.15,0,out_of_energy,0,0,1,0,96,6,0,0,1,48,0.6961244309102245,20.55,0.0,0.0,0.99,8,exponential
q_learning,shaped_seed5,shaped,5,4a77b6e251,169,225,-159.24999999999983,-145.86499999999975,0.7129539468381441,0.15,0,out_of_energy,0,0,1,0,89,10,0,0,0,48,0.8594308254669211,19.991768260932268,0.0,0.0,0.99,8,exponential
q_learning,shaped_seed5,shaped,5,4a77b6e251,170,225,-115.7499999999996,-145.73499999999976,0.7115280389444678,0.15,0,out_of_energy,0,0,1,0,86,0,0,0,0,48,0.49078259492331605,20.08593623383292,0.0,0.0,0.99,8,exponential
q_learning,shaped_seed5,shaped,5,4a77b6e251,171,225,-222.75000000000009,-146.42999999999975,0.7101049828665789,0.15,0,out_of_energy,0,0,1,0,100,18,0,0,0,37,0.9149464307142847,19.749608623061523,0.0,0.0,0.99,8,exponential
q_learning,shaped_seed5,shaped,5,4a77b6e251,172,225,-120.24999999999963,-146.14999999999978,0.7086847729008457,0.15,0,out_of_energy,0,0,1,0,85,1,0,0,0,40,0.45404849241397466,19.463745586952825,0.0,0.0,0.99,8,exponential
q_learning,shaped_seed5,shaped,5,4a77b6e251,173,225,-129.2499999999996,-145.71499999999978,0.707267403355044,0.15,0,out_of_energy,0,0,1,0,105,1,0,0,0,47,0.5443366535701784,17.979996194763626,0.0,0.0,0.99,8,exponential
q_learning,shaped_seed5,shaped,5,4a77b6e251,174,225,-123.24999999999953,-144.81499999999977,0.705852868548334,0.15,0,out_of_energy,0,0,1,0,91,3,0,0,0,40,0.5483296004507218,18.97984533504726,0.0,0.0,0.99,8,exponential
q_learning,shaped_seed5,shaped,5,4a77b6e251,175,225,-129.24999999999952,-144.99499999999978,0.7044411628112373,0.15,0,out_of_energy,0,0,1,0,97,3,0,0,0,49,0.6039548833538452,16.13286853479017,0.0,0.0,0.99,8,exponential
q_learning,shaped_seed5,shaped,5,4a77b6e251,176,225,-116.24999999999966,-144.12999999999977,0.7030322804856147,0.15,0,out_of_energy,0,0,1,0,77,4,0,0,0,35,0.517958373452812,19.244275660143984,0.0,0.0,0.99,8,exponential
q_learning,shaped_seed5,shaped,5,4a77b6e251,177,225,-151.24999999999963,-144.34999999999974,0.7016262159246435,0.15,0,out_of_energy,0,0,1,0,89,6,0,0,0,49,0.6147537681706211,23.352993988967526,0.0,0.0,0.99,8,exponential
q_learning,shaped_seed5,shaped,5,4a77b6e251,178,225,-155.74999999999963,-144.55999999999977,0.7002229634927942,0.15,0,out_of_energy,0,0,1,0,86,7,0,0,0,48,0.6719580088431281,18.16337615354788,0.0,0.0,0.99,8,exponential
q_learning,shaped_seed5,shaped,5,4a77b6e251,179,225,-140.24999999999957,-144.26999999999975,0.6988225175658086,0.15,0,out_of_energy,0,0,1,0,85,4,0,0,0,45,0.5330178272411161,20.366098122843752,0.0,0.0,0.99,8,exponential
q_learning,shaped_seed5,shaped,5,4a77b6e251,180,225,-115.74999999999962,-143.95999999999975,0.697424872530677,0.15,0,out_of_energy,0,0,1,0,88,2,0,0,0,55,0.48470081902781953,18.52623156125984,0.0,0.0,0.99,8,exponential
q_learning,shaped_seed5,shaped,5,4a77b6e251,181,225,-132.7499999999997,-143.99999999999974,0.6960300227856157,0.15,0,out_of_energy,0,0,1,0,91,8,0,0,1,56,0.712463827483831,22.133424386039046,0.0,0.0,0.99,8,exponential
q_learning,shaped_seed5,shaped,5,4a77b6e251,182,225,-113.74999999999966,-143.48499999999976,0.6946379627400444,0.15,0,out_of_energy,0,0,1,0,90,1,0,0,0,47,0.5290585817037027,15.179042781199414,0.0,0.0,0.99,8,exponential
q_learning,shaped_seed5,shaped,5,4a77b6e251,183,225,-93.7499999999996,-142.74499999999975,0.6932486868145643,0.15,0,out_of_energy,0,0,1,0,64,0,0,0,0,38,0.5177540810542374,20.02706016204139,0.0,0.0,0.99,8,exponential
q_learning,shaped_seed5,shaped,5,4a77b6e251,184,225,-126.24999999999957,-142.15999999999974,0.6918621894409351,0.15,0,out_of_energy,0,0,1,0,83,2,0,0,0,45,0.45603014876070475,18.891469750437192,0.0,0.0,0.99,8,exponential
q_learning,shaped_seed5,shaped,5,4a77b6e251,185,225,-125.74999999999969,-142.05499999999975,0.6904784650620532,0.15,0,out_of_energy,0,0,1,0,88,4,0,0,0,48,0.4703503204727766,17.656258302724183,0.0,0.0,0.99,8,exponential
q_learning,shaped_seed5,shaped,5,4a77b6e251,186,225,-171.74999999999974,-142.41999999999973,0.6890975081319292,0.15,0,out_of_energy,0,0,1,0,91,16,0,0,1,45,0.7503985647513018,20.892500000000002,0.0,0.0,0.99,8,exponential
q_learning,shaped_seed5,shaped,5,4a77b6e251,187,225,-154.24999999999974,-142.71499999999975,0.6877193131156653,0.15,0,out_of_energy,0,0,1,0,75,10,0,0,0,52,0.6626787713039787,15.596187205527203,0.0,0.0,0.99,8,exponential
q_learning,shaped_seed5,shaped,5,4a77b6e251,188,225,-146.2499999999997,-142.41499999999974,0.6863438744894339,0.15,0,out_of_energy,0,0,1,0,90,11,0,0,1,44,0.8436226337712193,17.977177240582193,0.0,0.0,0.99,8,exponential
q_learning,shaped_seed5,shaped,5,4a77b6e251,189,225,-137.2499999999996,-141.51499999999973,0.684971186740455,0.15,0,out_of_energy,0,0,1,0,75,9,0,0,0,39,0.6253241449010428,17.935793822726236,0.0,0.0,0.99,8,exponential
q_learning,shaped_seed5,shaped,5,4a77b6e251,190,225,-112.24999999999963,-141.1299999999997,0.6836012443669741,0.15,0,out_of_energy,0,0,1,0,81,0,0,0,0,46,0.49257606463852627,19.648470144851604,0.0,0.0,0.99,8,exponential
q_learning,shaped_seed5,shaped,5,4a77b6e251,191,225,-157.74999999999986,-141.1649999999997,0.6822340418782402,0.15,0,out_of_energy,0,0,1,0,95,13,0,0,1,39,0.8588350964429313,20.892500000000002,0.0,0.0,0.99,8,exponential
q_learning,shaped_seed5,shaped,5,4a77b6e251,192,225,-156.7499999999997,-141.3299999999997,0.6808695737944838,0.15,0,out_of_energy,0,0,1,0,82,12,0,0,0,53,0.8232283448161695,20.26920798439973,0.0,0.0,0.99,8,exponential
q_learning,shaped_seed5,shaped,5,4a77b6e251,193,225,-112.74999999999959,-141.05999999999972,0.6795078346468948,0.15,0,out_of_energy,0,0,1,0,76,1,0,0,0,34,0.4719813679541865,18.489655308407716,0.0,0.0,0.99,8,exponential
q_learning,shaped_seed5,shaped,5,4a77b6e251,194,225,-138.24999999999952,-140.4449999999997,0.678148818977601,0.15,0,out_of_energy,0,0,1,0,97,3,0,0,0,49,0.5630023786552866,20.319839667835886,0.0,0.0,0.99,8,exponential
q_learning,shaped_seed5,shaped,5,4a77b6e251,195,225,-124.74999999999964,-140.5199999999997,0.6767925213396458,0.15,0,out_of_energy,0,0,1,0,93,6,0,0,1,45,0.6905504333241391,24.14097529937651,0.0,0.0,0.99,8,exponential
q_learning,shaped_seed5,shaped,5,4a77b6e251,196,225,-129.74999999999972,-140.6699999999997,0.6754389362969666,0.15,0,out_of_energy,0,0,1,0,78,6,0,0,0,43,0.5092631316850194,18.41000226720633,0.0,0.0,0.99,8,exponential
q_learning,shaped_seed5,shaped,5,4a77b6e251,197,225,-102.2499999999996,-140.30999999999972,0.6740880584243727,0.15,0,out_of_energy,0,0,1,0,85,0,0,0,0,38,0.5006993993523121,18.336997956669464,0.0,0.0,0.99,8,exponential
q_learning,shaped_seed5,shaped,5,4a77b6e251,198,225,-118.24999999999959,-140.1349999999997,0.6727398823075239,0.15,0,out_of_energy,0,0,1,0,89,1,0,0,0,58,0.5847813219874747,19.69862168492778,0.0,0.0,0.99,8,exponential
q_learning,shaped_seed5,shaped,5,4a77b6e251,199,225,-121.24999999999962,-139.6049999999997,0.6713944025429088,0.15,0,out_of_energy,0,0,1,0,81,4,0,0,0,41,0.45485559614830984,19.754159060346755,0.0,0.0,0.99,8,exponential
q_learning,shaped_seed5,shaped,5,4a77b6e251,200,225,-113.24999999999959,-139.1299999999997,0.670051613737823,0.15,0,out_of_energy,0,0,1,0,97,0,0,0,0,51,0.6466138849250613,16.137958713949992,0.0,0.0,0.99,8,exponential
q_learning,shaped_seed5,shaped,5,4a77b6e251,201,225,-136.24999999999966,-138.6649999999997,0.6687115105103473,0.15,0,out_of_energy,0,0,1,0,87,6,0,0,0,45,0.6037659966875975,17.996283545252385,0.0,0.0,0.99,8,exponential
q_learning,shaped_seed5,shaped,5,4a77b6e251,202,225,-121.24999999999967,-138.1149999999997,0.6673740874893266,0.15,0,out_of_energy,0,0,1,0,84,7,0,0,1,44,0.6646374009453149,19.601567889823063,0.0,0.0,0.99,8,exponential
q_learning,shaped_seed5,shaped,5,4a77b6e251,203,225,-93.74999999999967,-136.1049999999997,0.6660393393143479,0.15,0,out_of_energy,0,0,1,0,70,1,0,0,0,36,0.4210954230049157,19.543546728697564,0.0,0.0,0.99,8,exponential
q_learning,shaped_seed5,shaped,5,4a77b6e251,204,225,-129.2499999999997,-136.18499999999972,0.6647072606357192,0.15,0,out_of_energy,0,0,1,0,63,7,0,0,0,44,0.5097549572195892,20.353872282674228,0.0,0.0,0.99,8,exponential
q_learning,shaped_seed5,shaped,5,4a77b6e251,205,225,-127.74999999999959,-135.9849999999997,0.6633778461144477,0.15,0,out_of_energy,0,0,1,0,76,7,0,0,0,42,0.5561688970456592,15.003904241811512,0.0,0.0,0.99,8,exponential
q_learning,shaped_seed5,shaped,5,4a77b6e251,206,225,-132.7499999999996,-136.17999999999972,0.6620510904222189,0.15,0,out_of_energy,0,0,1,0,90,5,0,0,0,36,0.5007463350202528,17.792700621781815,0.0,0.0,0.99,8,exponential
q_learning,shaped_seed5,shaped,5,4a77b6e251,207,225,-140.24999999999963,-136.2599999999997,0.6607269882413744,0.15,0,out_of_energy,0,0,1,0,89,7,0,0,0,49,0.5854332142454634,15.098324366427477,0.0,0.0,0.99,8,exponential
q_learning,shaped_seed5,shaped,5,4a77b6e251,208,225,-103.24999999999973,-135.93499999999972,0.6594055342648917,0.15,0,out_of_energy,0,0,1,0,80,5,0,0,1,36,0.6118887359862278,20.7771689375,0.0,0.0,0.99,8,exponential
q_learning,shaped_seed5,shaped,5,4a77b6e251,209,225,-104.7499999999997,-135.7699999999997,0.6580867231963619,0.15,0,out_of_energy,0,0,1,0,66,1,0,0,0,36,0.472381239656283,20.72425222646916,0.0,0.0,0.99,8,exponential
q_learning,shaped_seed5,shaped,5,4a77b6e251,210,225,-130.24999999999963,-135.5849999999997,0.6567705497499692,0.15,0,out_of_energy,0,0,1,0,102,6,0,0,1,52,0.8447852359515291,19.6373129359084,0.0,0.0,0.99,8,exponential
q_learning,shaped_seed5,shaped,5,4a77b6e251,211,225,-133.7499999999996,-135.3649999999997,0.6554570086504692,0.15,0,out_of_energy,0,0,1,0,91,9,0,0,1,44,0.8187241628815815,20.892500000000002,0.0,0.0,0.99,8,exponential
q_learning,shaped_seed5,shaped,5,4a77b6e251,212,225,-140.24999999999957,-134.8349999999997,0.6541460946331682,0.15,0,out_of_energy,0,0,1,0,87,7,0,0,0,44,0.6257337036410114,15.88987014145357,0.0,0.0,0.99,8,exponential
q_learning,shaped_seed5,shaped,5,4a77b6e251,213,225,-136.24999999999966,-134.4199999999997,0.6528378024439019,0.15,0,out_of_energy,0,0,1,0,83,5,0,0,0,49,0.6055810309038342,17.715203961884317,0.0,0.0,0.99,8,exponential
q_learning,shaped_seed5,shaped,5,4a77b6e251,214,225,-117.24999999999957,-133.32999999999967,0.6515321268390141,0.15,0,out_of_energy,0,0,1,0,77,2,0,0,0,47,0.48682373289643277,17.179538459285318,0.0,0.0,0.99,8,exponential
q_learning,shaped_seed5,shaped,5,4a77b6e251,215,225,-111.74999999999962,-133.3249999999997,0.6502290625853361,0.15,0,out_of_energy,0,0,1,0,74,1,0,0,0,40,0.45123542195093846,18.428136696157615,0.0,0.0,0.99,8,exponential
q_learning,shaped_seed5,shaped,5,4a77b6e251,216,225,-95.7499999999997,-133.20999999999967,0.6489286044601654,0.15,0,out_of_energy,0,0,1,0,66,0,0,0,0,34,0.3912505674808309,18.074100933524193,0.0,0.0,0.99,8,exponential
q_learning,shaped_seed5,shaped,5,4a77b6e251,217,225,-102.2499999999997,-133.06999999999968,0.6476307472512451,0.15,0,out_of_energy,0,0,1,0,73,0,0,0,0,54,0.4539237549279882,18.640906437387926,0.0,0.0,0.99,8,exponential
q_learning,shaped_seed5,shaped,5,4a77b6e251,218,225,-104.74999999999973,-132.49999999999966,0.6463354857567426,0.15,0,out_of_energy,0,0,1,0,76,0,0,0,0,48,0.49812151993843373,18.035573780059874,0.0,0.0,0.99,8,exponential
q_learning,shaped_seed5,shaped,5,4a77b6e251,219,225,-120.2499999999996,-132.53499999999968,0.6450428147852291,0.15,0,out_of_energy,0,0,1,0,71,4,0,0,0,42,0.43709996467421447,18.32570301122993,0.0,0.0,0.99,8,exponential
q_learning,shaped_seed5,shaped,5,4a77b6e251,220,225,-176.25000000000037,-133.01499999999967,0.6437527291556586,0.15,0,out_of_energy,0,0,1,0,77,16,0,0,0,37,0.7724755139483649,18.601481291479868,0.0,0.0,0.99,8,exponential
q_learning,shaped_seed5,shaped,5,4a77b6e251,221,225,-137.24999999999966,-133.09999999999968,0.6424652236973473,0.15,0,out_of_energy,0,0,1,0,81,5,0,0,0,42,0.5219630917073061,19.870687139977598,0.0,0.0,0.99,8,exponential
q_learning,shaped_seed5,shaped,5,4a77b6e251,222,225,-131.24999999999972,-133.25499999999968,0.6411802932499525,0.15,0,out_of_energy,0,0,1,0,79,7,0,0,0,45,0.5374131854822554,17.038504400619004,0.0,0.0,0.99,8,exponential
q_learning,shaped_seed5,shaped,5,4a77b6e251,223,225,-141.24999999999966,-132.60999999999967,0.6398979326634526,0.15,0,out_of_energy,0,0,1,0,87,7,0,0,0,42,0.5965956977132207,19.155718569000936,0.0,0.0,0.99,8,exponential
q_learning,shaped_seed5,shaped,5,4a77b6e251,224,225,-114.74999999999962,-132.65999999999968,0.6386181367981257,0.15,0,out_of_energy,0,0,1,0,74,2,0,0,0,42,0.474741635635495,18.442262897690306,0.0,0.0,0.99,8,exponential
q_learning,shaped_seed5,shaped,5,4a77b6e251,225,225,-183.25000000000017,-132.93499999999966,0.6373409005245295,0.15,0,out_of_energy,0,0,1,0,92,19,0,0,1,43,0.936474162817874,21.1175,0.0,0.0,0.99,8,exponential
q_learning,shaped_seed5,shaped,5,4a77b6e251,226,225,-92.24999999999969,-132.4349999999997,0.6360662187234805,0.15,0,out_of_energy,0,0,1,0,73,0,0,0,0,41,0.5148740437219234,18.11854356563483,0.0,0.0,0.99,8,exponential
q_learning,shaped_seed5,shaped,5,4a77b6e251,227,225,-126.2499999999996,-132.3749999999997,0.6347940862860335,0.15,0,out_of_energy,0,0,1,0,85,2,0,0,0,46,0.49424250828273897,19.527871450478138,0.0,0.0,0.99,8,exponential
q_learning,shaped_seed5,shaped,5,4a77b6e251,228,225,-131.74999999999957,-132.1849999999997,0.6335244981134615,0.15,0,out_of_energy,0,0,1,0,88,5,0,0,0,51,0.6037311558103208,16.129059729268846,0.0,0.0,0.99,8,exponential
q_learning,shaped_seed5,shaped,5,4a77b6e251,229,225,-102.24999999999962,-131.5899999999997,0.6322574491172346,0.15,0,out_of_energy,0,0,1,0,71,0,0,0,0,44,0.3963125984753035,19.630857769138487,0.0,0.0,0.99,8,exponential
q_learning,shaped_seed5,shaped,5,4a77b6e251,230,225,-123.24999999999967,-131.3599999999997,0.6309929342190002,0.15,0,out_of_energy,0,0,1,0,79,5,0,0,0,40,0.6161740135836908,17.21646806476874,0.0,0.0,0.99,8,exponential
q_learning,shaped_seed5,shaped,5,4a77b6e251,231,225,-117.24999999999962,-130.15999999999968,0.6297309483505622,0.15,0,out_of_energy,0,0,1,0,87,0,0,0,0,49,0.4772485591793943,18.073668977410243,0.0,0.0,0.99,8,exponential
q_learning,shaped_seed5,shaped,5,4a77b6e251,232,225,-111.2499999999997,-129.93999999999969,0.6284714864538611,0.15,0,out_of_energy,0,0,1,0,93,0,0,0,0,37,0.5017659180325458,18.636325657622418,0.0,0.0,0.99,8,exponential
q_learning,shaped_seed5,shaped,5,4a77b6e251,233,225,-120.74999999999966,-129.67499999999967,0.6272145434809534,0.15,0,out_of_energy,0,0,1,0,82,1,0,0,0,50,0.49636146872615805,19.793856472369075,0.0,0.0,0.99,8,exponential
q_learning,shaped_seed5,shaped,5,4a77b6e251,234,225,-120.74999999999962,-129.68999999999969,0.6259601143939915,0.15,0,out_of_energy,0,0,1,0,88,2,0,0,0,52,0.6112853519065543,19.094026145410183,0.0,0.0,0.99,8,exponential
q_learning,shaped_seed5,shaped,5,4a77b6e251,235,225,-103.74999999999967,-129.59999999999968,0.6247081941652035,0.15,0,out_of_energy,0,0,1,0,84,0,0,0,0,48,0.6132506928941509,18.531317311980054,0.0,0.0,0.99,8,exponential
q_learning,shaped_seed5,shaped,5,4a77b6e251,236,225,-109.74999999999963,-129.51499999999967,0.6234587777768731,0.15,0,out_of_energy,0,0,1,0,78,0,0,0,0,41,0.45624742634123144,19.62651374849394,0.0,0.0,0.99,8,exponential
q_learning,shaped_seed5,shaped,5,4a77b6e251,237,225,-112.74999999999964,-129.3449999999997,0.6222118602213194,0.15,0,out_of_energy,0,0,1,0,82,0,0,0,0,49,0.4980510314785899,18.75672857439519,0.0,0.0,0.99,8,exponential
q_learning,shaped_seed5,shaped,5,4a77b6e251,238,225,-112.74999999999964,-129.23499999999967,0.6209674365008767,0.15,0,out_of_energy,0,0,1,0,86,2,0,0,0,40,0.5506053007486679,16.791441656791253,0.0,0.0,0.99,8,exponential
q_learning,shaped_seed5,shaped,5,4a77b6e251,239,225,-116.24999999999956,-128.88999999999967,0.619725501627875,0.15,0,out_of_energy,0,0,1,0,89,1,0,0,0,39,0.47813079643596235,18.06645999012374,0.0,0.0,0.99,8,exponential
q_learning,shaped_seed5,shaped,5,4a77b6e251,240,225,-96.24999999999964,-128.7199999999997,0.6184860506246193,0.15,0,out_of_energy,0,0,1,0,77,0,0,0,0,42,0.6096401119678757,16.945886865722915,0.0,0.0,0.99,8,exponential
q_learning,shaped_seed5,shaped,5,4a77b6e251,241,225,-149.74999999999966,-128.81999999999968,0.61724907852337,0.15,0,out_of_energy,0,0,1,0,84,7,0,0,0,44,0.62000458783164,18.854725163561284,0.0,0.0,0.99,8,exponential
q_learning,shaped_seed5,shaped,5,4a77b6e251,242,225,-106.24999999999967,-128.49499999999966,0.6160145803663232,0.15,0,out_of_energy,0,0,1,0,75,0,0,0,0,51,0.4697309093338526,17.095038815615524,0.0,0.0,0.99,8,exponential
q_learning,shaped_seed5,shaped,5,4a77b6e251,243,225,-104.24999999999964,-128.3449999999997,0.6147825512055906,0.15,0,out_of_energy,0,0,1,0,75,0,0,0,0,40,0.4259142737542847,16.422050523062936,0.0,0.0,0.99,8,exponential
q_learning,shaped_seed5,shaped,5,4a77b6e251,244,225,-111.24999999999963,-127.84499999999967,0.6135529861031793,0.15,0,out_of_energy,0,0,1,0,81,0,0,0,0,44,0.4904706454805714,17.70375242235327,0.0,0.0,0.99,8,exponential
q_learning,shaped_seed5,shaped,5,4a77b6e251,245,225,-122.74999999999963,-127.85499999999968,0.612325880130973,0.15,0,out_of_energy,0,0,1,0,72,6,0,0,0,45,0.6206020589128209,17.94827946533321,0.0,0.0,0.99,8,exponential
q_learning,shaped_seed5,shaped,5,4a77b6e251,246,225,-117.24999999999957,-127.10999999999967,0.611101228370711,0.15,0,out_of_energy,0,0,1,0,81,1,0,0,0,41,0.4580023711158226,19.751348317311237,0.0,0.0,0.99,8,exponential
q_learning,shaped_seed5,shaped,5,4a77b6e251,247,225,-112.74999999999956,-127.12499999999967,0.6098790259139696,0.15,0,out_of_energy,0,0,1,0,74,1,0,0,0,47,0.4915677368068209,20.594237304760927,0.0,0.0,0.99,8,exponential
q_learning,shaped_seed5,shaped,5,4a77b6e251,248,225,-167.74999999999977,-127.18999999999967,0.6086592678621416,0.15,0,out_of_energy,0,0,1,0,80,11,0,0,0,46,0.689441057228368,22.25081788019128,0.0,0.0,0.99,8,exponential
q_learning,shaped_seed5,shaped,5,4a77b6e251,249,225,-120.24999999999972,-126.58499999999967,0.6074419493264174,0.15,0,out_of_energy,0,0,1,0,81,5,0,0,0,41,0.6659320370352088,19.637630688183712,0.0,0.0,0.99,8,exponential
q_learning,shaped_seed5,shaped,5,4a77b6e251,250,225,-102.74999999999966,-126.42499999999967,0.6062270654277645,0.15,0,out_of_energy,0,0,1,0,80,1,0,0,0,49,0.5941873698157777,16.808641328283638,0.0,0.0,0.99,8,exponential
q_learning,shaped_seed5,shaped,5,4a77b6e251,251,225,-117.74999999999964,-126.47999999999965,0.6050146112969089,0.15,0,out_of_energy,0,0,1,0,81,8,0,0,1,36,0.7344590048545678,19.45989875,0.0,0.0,0.99,8,exponential
q_learning,shaped_seed5,shaped,5,4a77b6e251,252,225,-109.7499999999996,-126.44499999999967,0.6038045820743151,0.15,0,out_of_energy,0,0,1,0,80,0,0,0,0,38,0.4712547254024622,18.11162593415002,0.0,0.0,0.99,8,exponential
q_learning,shaped_seed5,shaped,5,4a77b6e251,253,225,-112.74999999999963,-126.23499999999967,0.6025969729101665,0.15,0,out_of_energy,0,0,1,0,85,6,0,0,1,48,0.7006163987918381,19.452039659460667,0.0,0.0,0.99,8,exponential
q_learning,shaped_seed5,shaped,5,4a77b6e251,254,225,-111.74999999999963,-126.13499999999968,0.6013917789643461,0.15,0,out_of_energy,0,0,1,0,80,0,0,0,0,46,0.46180968863097016,18.342662396675582,0.0,0.0,0.99,8,exponential
q_learning,shaped_seed5,shaped,5,4a77b6e251,255,225,-108.24999999999963,-126.08999999999968,0.6001889954064175,0.15,0,out_of_energy,0,0,1,0,67,2,0,0,0,45,0.46516655000605434,18.542995420882484,0.0,0.0,0.99,8,exponential
q_learning,shaped_seed5,shaped,5,4a77b6e251,256,225,-111.24999999999966,-126.00499999999967,0.5989886174156046,0.15,0,out_of_energy,0,0,1,0,81,0,0,0,0,34,0.46124612459383935,18.1986923630837,0.0,0.0,0.99,8,exponential
q_learning,shaped_seed5,shaped,5,4a77b6e251,257,225,-102.24999999999966,-125.74499999999968,0.5977906401807734,0.15,0,out_of_energy,0,0,1,0,73,0,0,0,0,46,0.45497632669146076,16.385844520958774,0.0,0.0,0.99,8,exponential
q_learning,shaped_seed5,shaped,5,4a77b6e251,258,225,-131.24999999999963,-125.87999999999965,0.5965950589004119,0.15,0,out_of_energy,0,0,1,0,65,7,0,0,0,37,0.5293550078317124,19.175164470972828,0.0,0.0,0.99,8,exponential
q_learning,shaped_seed5,shaped,5,4a77b6e251,259,225,-104.24999999999966,-125.42999999999967,0.595401868782611,0.15,0,out_of_energy,0,0,1,0,73,0,0,0,0,49,0.4786587343541064,18.328139646210477,0.0,0.0,0.99,8,exponential
q_learning,shaped_seed5,shaped,5,4a77b6e251,260,225,-139.24999999999974,-125.67999999999967,0.5942110650450458,0.15,0,out_of_energy,0,0,1,0,96,8,0,0,1,45,0.7171762185661392,20.197428443632617,0.0,0.0,0.99,8,exponential
q_learning,shaped_seed5,shaped,5,4a77b6e251,261,225,-83.24999999999967,-124.73499999999967,0.5930226429149558,0.15,0,out_of_energy,0,0,1,0,53,0,0,0,0,46,0.36029923231594063,17.84441826263088,0.0,0.0,0.99,8,exponential
q_learning,shaped_seed5,shaped,5,4a77b6e251,262,225,-113.74999999999969,-124.58499999999965,0.5918365976291259,0.15,0,out_of_energy,0,0,1,0,93,5,0,0,1,50,0.7875103857353852,20.892500000000002,0.0,0.0,0.99,8,exponential
q_learning,shaped_seed5,shaped,5,4a77b6e251,263,225,-118.24999999999963,-124.55999999999966,0.5906529244338676,0.15,0,out_of_energy,0,0,1,0,85,1,0,0,0,35,0.49645788009767844,15.631224545798975,0.0,0.0,0.99,8,exponential
q_learning,shaped_seed5,shaped,5,4a77b6e251,264,225,-104.74999999999967,-124.20999999999967,0.5894716185849999,0.15,0,out_of_energy,0,0,1,0,70,2,0,0,0,45,0.49381441943346366,18.484848152838268,0.0,0.0,0.99,8,exponential
q_learning,shaped_seed5,shaped,5,4a77b6e251,265,225,-119.24999999999962,-124.06499999999967,0.5882926753478298,0.15,0,out_of_energy,0,0,1,0,97,1,0,0,0,46,0.5804859965643141,15.818682285313045,0.0,0.0,0.99,8,exponential
q_learning,shaped_seed5,shaped,5,4a77b6e251,266,225,-118.7499999999996,-123.66999999999967,0.5871160899971342,0.15,0,out_of_energy,0,0,1,0,88,0,0,0,0,46,0.5230261100247026,18.393151034091296,0.0,0.0,0.99,8,exponential
q_learning,shaped_seed5,shaped,5,4a77b6e251,267,225,-106.24999999999953,-123.84999999999967,0.5859418578171399,0.15,0,out_of_energy,0,0,1,0,84,4,0,0,1,47,0.6318888290389171,19.720048114547776,0.0,0.0,0.99,8,exponential
q_learning,shaped_seed5,shaped,5,4a77b6e251,268,225,-130.74999999999963,-123.89499999999967,0.5847699741015057,0.15,0,out_of_energy,0,0,1,0,76,5,0,0,0,40,0.5013410848528533,17.239388753543043,0.0,0.0,0.99,8,exponential
q_learning,shaped_seed5,shaped,5,4a77b6e251,269,225,-154.74999999999972,-123.84999999999967,0.5836004341533026,0.15,0,out_of_energy,0,0,1,0,74,11,0,0,0,44,0.6462141585265843,19.235918789992336,0.0,0.0,0.99,8,exponential
q_learning,shaped_seed5,shaped,5,4a77b6e251,270,225,-143.74999999999952,-124.12999999999967,0.5824332332849961,0.15,0,out_of_energy,0,0,1,0,77,14,0,0,1,40,0.8614038742825307,19.260051113093944,0.0,0.0,0.99,8,exponential
q_learning,shaped_seed5,shaped,5,4a77b6e251,271,225,-179.25000000000063,-123.69499999999967,0.5812683668184261,0.15,0,out_of_energy,0,0,1,0,92,19,0,0,1,44,1.0957252078734863,21.05,0.0,0.0,0.99,8,exponential
q_learning,shaped_seed5,shaped,5,4a77b6e251,272,225,-117.24999999999962,-123.66499999999968,0.5801058300847892,0.15,0,out_of_energy,0,0,1,0,69,3,0,0,0,41,0.5196500092829933,20.546068467805608,0.0,0.0,0.99,8,exponential
q_learning,shaped_seed5,shaped,5,4a77b6e251,273,225,-152.74999999999972,-123.89999999999968,0.5789456184246197,0.15,0,out_of_energy,0,0,1,0,82,8,0,0,0,54,0.6557484955740382,17.648506692685277,0.0,0.0,0.99,8,exponential
q_learning,shaped_seed5,shaped,5,4a77b6e251,274,225,-96.24999999999964,-123.62999999999967,0.5777877271877704,0.15,0,out_of_energy,0,0,1,0,82,3,0,0,1,36,0.5380486324174619,19.604300542456507,0.0,0.0,0.99,8,exponential
q_learning,shaped_seed5,shaped,5,4a77b6e251,275,225,-120.74999999999959,-123.54499999999967,0.5766321517333949,0.15,0,out_of_energy,0,0,1,0,66,4,0,0,0,44,0.5263760818285561,19.408229533033946,0.0,0.0,0.99,8,exponential
q_learning,shaped_seed5,shaped,5,4a77b6e251,276,225,-129.7499999999996,-123.67999999999967,0.5754788874299281,0.15,0,out_of_energy,0,0,1,0,84,6,0,0,0,43,0.5793598168894609,15.922968693391493,0.0,0.0,0.99,8,exponential
q_learning,shaped_seed5,shaped,5,4a77b6e251,277,225,-125.24999999999967,-123.41999999999967,0.5743279296550683,0.15,0,out_of_energy,0,0,1,0,92,6,0,0,1,42,0.7439800683761288,20.49254606700186,0.0,0.0,0.99,8,exponential
q_learning,shaped_seed5,shaped,5,4a77b6e251,278,225,-107.24999999999964,-122.93499999999968,0.5731792737957582,0.15,0,out_of_energy,0,0,1,0,83,1,0,0,0,49,0.5420746387108448,14.920432488650452,0.0,0.0,0.99,8,exponential
q_learning,shaped_seed5,shaped,5,4a77b6e251,279,225,-120.74999999999972,-122.73999999999967,0.5720329152481667,0.15,0,out_of_energy,0,0,1,0,74,4,0,0,0,37,0.4890250653014298,19.502672153585397,0.0,0.0,0.99,8,exponential
q_learning,shaped_seed5,shaped,5,4a77b6e251,280,225,-130.74999999999955,-122.88999999999967,0.5708888494176704,0.15,0,out_of_energy,0,0,1,0,74,5,0,0,0,59,0.5626368497435984,17.644056681286774,0.0,0.0,0.99,8,exponential
q_learning,shaped_seed5,shaped,5,4a77b6e251,281,225,-157.74999999999974,-123.13999999999967,0.569747071718835,0.15,0,out_of_energy,0,0,1,0,82,9,0,0,0,46,0.6331405898231738,17.136667545630814,0.0,0.0,0.99,8,exponential
q_learning,shaped_seed5,shaped,5,4a77b6e251,282,225,-161.25000000000026,-123.61499999999967,0.5686075775753973,0.15,0,out_of_energy,0,0,1,0,71,14,0,0,0,49,0.6753480211249288,17.84309279767431,0.0,0.0,0.99,8,exponential
q_learning,shaped_seed5,shaped,5,4a77b6e251,283,225,-122.24999999999984,-123.89999999999968,0.5674703624202465,0.15,0,out_of_energy,0,0,1,0,81,5,0,0,0,44,0.5974727786473972,16.565305230037268,0.0,0.0,0.99,8,exponential
q_learning,shaped_seed5,shaped,5,4a77b6e251,284,225,-121.74999999999964,-123.85499999999968,0.5663354216954061,0.15,0,out_of_energy,0,0,1,0,89,6,0,0,1,43,0.7518680201096127,20.138525740533865,0.0,0.0,0.99,8,exponential
q_learning,shaped_seed5,shaped,5,4a77b6e251,285,225,-132.74999999999963,-123.92499999999968,0.5652027508520152,0.15,0,out_of_energy,0,0,1,0,78,4,0,0,0,34,0.5601372388464007,21.116721593191862,0.0,0.0,0.99,8,exponential
q_learning,shaped_seed5,shaped,5,4a77b6e251,286,225,-108.24999999999952,-123.2899999999997,0.5640723453503111,0.15,0,out_of_energy,0,0,1,0,63,3,0,0,0,35,0.47484451771827896,16.59619658306677,0.0,0.0,0.99,8,exponential
q_learning,shaped_seed5,shaped,5,4a77b6e251,287,225,-96.24999999999966,-122.7099999999997,0.5629442006596105,0.15,0,out_of_energy,0,0,1,0,75,1,0,0,0,44,0.5458767225489922,16.471190414215485,0.0,0.0,0.99,8,exponential
q_learning,shaped_seed5,shaped,5,4a77b6e251,288,225,-141.7499999999996,-122.6649999999997,0.5618183122582913,0.15,0,out_of_energy,0,0,1,0,86,7,0,0,0,46,0.7035063236339184,17.747846939483605,0.0,0.0,0.99,8,exponential
q_learning,shaped_seed5,shaped,5,4a77b6e251,289,225,-137.74999999999963,-122.66999999999969,0.5606946756337747,0.15,0,out_of_energy,0,0,1,0,78,5,0,0,0,38,0.4853966286730233,19.72364375,0.0,0.0,0.99,8,exponential
q_learning,shaped_seed5,shaped,5,4a77b6e251,290,225,-108.2499999999995,-122.6299999999997,0.5595732862825071,0.15,0,out_of_energy,0,0,1,0,77,3,0,0,0,46,0.5765195693608517,15.422400410814948,0.0,0.0,0.99,8,exponential
q_learning,shaped_seed5,shaped,5,4a77b6e251,291,225,-138.24999999999966,-122.43499999999968,0.5584541397099421,0.15,0,out_of_energy,0,0,1,0,73,9,0,0,0,50,0.6486804807599524,18.20521908067784,0.0,0.0,0.99,8,exponential
q_learning,shaped_seed5,shaped,5,4a77b6e251,292,225,-134.24999999999972,-122.20999999999967,0.5573372314305222,0.15,0,out_of_energy,0,0,1,0,76,11,0,0,1,28,0.7433849835467615,19.4670375017559,0.0,0.0,0.99,8,exponential
q_learning,shaped_seed5,shaped,5,4a77b6e251,293,225,-98.24999999999976,-122.06499999999969,0.5562225569676611,0.15,0,out_of_energy,0,0,1,0,67,0,0,0,0,40,0.43021115174256636,17.66090955649085,0.0,0.0,0.99,8,exponential
q_learning,shaped_seed5,shaped,5,4a77b6e251,294,225,-127.74999999999974,-121.9599999999997,0.5551101118537257,0.15,0,out_of_energy,0,0,1,0,81,9,0,0,1,54,0.7672967762514125,21.829954422924654,0.0,0.0,0.99,8,exponential
q_learning,shaped_seed5,shaped,5,4a77b6e251,295,225,-95.24999999999963,-121.6649999999997,0.5539998916300183,0.15,0,out_of_energy,0,0,1,0,82,2,0,0,1,45,0.6710586942370576,19.87303229250804,0.0,0.0,0.99,8,exponential
q_learning,shaped_seed5,shaped,5,4a77b6e251,296,225,-98.24999999999962,-121.3499999999997,0.5528918918467582,0.15,0,out_of_energy,0,0,1,0,67,0,0,0,0,35,0.4257701500452143,18.514840138393843,0.0,0.0,0.99,8,exponential
q_learning,shaped_seed5,shaped,5,4a77b6e251,297,225,-101.74999999999964,-121.34499999999971,0.5517861080630647,0.15,0,out_of_energy,0,0,1,0,72,0,0,0,0,39,0.4262082892046558,15.717664405870815,0.0,0.0,0.99,8,exponential
q_learning,shaped_seed5,shaped,5,4a77b6e251,298,225,-113.74999999999963,-121.29999999999968,0.5506825358469386,0.15,0,out_of_energy,0,0,1,0,84,0,0,0,0,52,0.5258461018677624,17.601626374278563,0.0,0.0,0.99,8,exponential
q_learning,shaped_seed5,shaped,5,4a77b6e251,299,225,-92.74999999999969,-121.01499999999969,0.5495811707752447,0.15,0,out_of_energy,0,0,1,0,64,0,0,0,0,58,0.4815653103337878,16.851246307942418,0.0,0.0,0.99,8,exponential
q_learning,shaped_seed5,shaped,5,4a77b6e251,300,225,-99.74999999999964,-120.8799999999997,0.5484820084336942,0.15,0,out_of_energy,0,0,1,0,74,1,0,0,0,50,0.5306933151176937,18.87349496208839,0.0,0.0,0.99,8,exponential
q_learning,shaped_seed5,shaped,5,4a77b6e251,301,225,-95.24999999999972,-120.46999999999969,0.5473850444168268,0.15,0,out_of_energy,0,0,1,0,82,2,0,0,1,51,0.6341901244285507,18.66852788984005,0.0,0.0,0.99,8,exponential
q_learning,shaped_seed5,shaped,5,4a77b6e251,302,225,-125.24999999999967,-120.50999999999969,0.5462902743279932,0.15,0,out_of_energy,0,0,1,0,71,5,0,0,0,44,0.5670250608700025,18.119229181293093,0.0,0.0,0.99,8,exponential
q_learning,shaped_seed5,shaped,5,4a77b6e251,303,225,-90.24999999999977,-120.47499999999967,0.5451976937793371,0.15,0,out_of_energy,0,0,1,0,70,6,0,0,1,46,0.6443540357037502,21.05,0.0,0.0,0.99,8,exponential
q_learning,shaped_seed5,shaped,5,4a77b6e251,304,225,-100.24999999999966,-120.18499999999968,0.5441072983917784,0.15,0,out_of_energy,0,0,1,0,65,0,0,0,0,45,0.4284421134871574,20.55,0.0,0.0,0.99,8,exponential
q_learning,shaped_seed5,shaped,5,4a77b6e251,305,225,-112.74999999999966,-120.03499999999967,0.5430190837949949,0.15,0,out_of_energy,0,0,1,0,76,3,0,0,0,41,0.47937764267635435,18.489407888871664,0.0,0.0,0.99,8,exponential
q_learning,shaped_seed5,shaped,5,4a77b6e251,306,225,-130.24999999999955,-120.00999999999969,0.5419330456274049,0.15,0,out_of_energy,0,0,1,0,90,8,0,0,1,54,0.7311939317276988,20.322117310887144,0.0,0.0,0.99,8,exponential
q_learning,shaped_seed5,shaped,5,4a77b6e251,307,225,-106.24999999999983,-119.66999999999969,0.5408491795361501,0.15,0,out_of_energy,0,0,1,0,80,5,0,0,1,42,0.6848489166767145,19.720520668499386,0.0,0.0,0.99,8,exponential
q_learning,shaped_seed5,shaped,5,4a77b6e251,308,225,-103.74999999999966,-119.67499999999967,0.5397674811770777,0.15,0,out_of_energy,0,0,1,0,72,0,0,0,0,48,0.4794167381020816,21.049797280560583,0.0,0.0,0.99,8,exponential
q_learning,shaped_seed5,shaped,5,4a77b6e251,309,225,-103.7499999999997,-119.66499999999968,0.5386879462147236,0.15,0,out_of_energy,0,0,1,0,81,4,0,0,1,41,0.715526008170178,18.365186201424763,0.0,0.0,0.99,8,exponential
q_learning,shaped_seed5,shaped,5,4a77b6e251,310,225,-125.74999999999953,-119.61999999999968,0.5376105703222942,0.15,0,out_of_energy,0,0,1,0,84,5,0,0,0,54,0.615703058703602,15.702862515991917,0.0,0.0,0.99,8,exponential
q_learning,shaped_seed5,shaped,5,4a77b6e251,311,225,-163.24999999999986,-119.91499999999968,0.5365353491816496,0.15,0,out_of_energy,0,0,1,0,80,17,0,0,1,51,0.9872664902431211,18.145641838821224,0.0,0.0,0.99,8,exponential
q_learning,shaped_seed5,shaped,5,4a77b6e251,312,225,-109.24999999999974,-119.60499999999969,0.5354622784832863,0.15,0,out_of_energy,0,0,1,0,82,7,0,0,1,50,0.7645041310917577,20.703683274314375,0.0,0.0,0.99,8,exponential
q_learning,shaped_seed5,shaped,5,4a77b6e251,313,225,-108.74999999999974,-119.32999999999969,0.5343913539263198,0.15,0,out_of_energy,0,0,1,0,85,5,0,0,1,41,0.6702508656562006,20.34548943311349,0.0,0.0,0.99,8,exponential
q_learning,shaped_seed5,shaped,5,4a77b6e251,314,225,-110.2499999999996,-119.25999999999968,0.5333225712184672,0.15,0,out_of_energy,0,0,1,0,88,4,0,0,1,42,0.7488914080545508,15.634131351822191,0.0,0.0,0.99,8,exponential
q_learning,shaped_seed5,shaped,5,4a77b6e251,315,225,-140.7499999999995,-119.54999999999968,0.5322559260760302,0.15,0,out_of_energy,0,0,1,0,60,10,0,0,0,50,0.6094789600091819,16.60982444520658,0.0,0.0,0.99,8,exponential
q_learning,shaped_seed5,shaped,5,4a77b6e251,316,225,-147.2499999999996,-120.06499999999971,0.5311914142238782,0.15,0,out_of_energy,0,0,1,0,87,8,0,0,0,49,0.6664318874568875,17.72201196166563,0.0,0.0,0.99,8,exponential
q_learning,shaped_seed5,shaped,5,4a77b6e251,317,225,-120.74999999999963,-120.24999999999972,0.5301290313954304,0.15,0,out_of_energy,0,0,1,0,70,6,0,0,0,40,0.6071319801049475,16.55462177648479,0.0,0.0,0.99,8,exponential
q_learning,shaped_seed5,shaped,5,4a77b6e251,318,225,-91.74999999999973,-120.11999999999969,0.5290687733326396,0.15,0,out_of_energy,0,0,1,0,79,4,0,0,1,38,0.619459179503847,19.828820128429825,0.0,0.0,0.99,8,exponential
q_learning,shaped_seed5,shaped,5,4a77b6e251,319,225,-100.7499999999997,-119.92499999999968,0.5280106357859743,0.15,0,out_of_energy,0,0,1,0,83,3,0,0,1,36,0.6320819392899353,18.807166084370206,0.0,0.0,0.99,8,exponential
q_learning,shaped_seed5,shaped,5,4a77b6e251,320,225,-112.24999999999962,-119.28499999999967,0.5269546145144024,0.15,0,out_of_energy,0,0,1,0,77,4,0,0,0,37,0.5735609087127755,23.1238654083538,0.0,0.0,0.99,8,exponential
q_learning,shaped_seed5,shaped,5,4a77b6e251,321,225,-109.7499999999995,-119.00999999999969,0.5259007052853736,0.15,0,out_of_energy,0,0,1,0,81,5,0,0,1,43,0.72184481381979,15.651027826465162,0.0,0.0,0.99,8,exponential
q_learning,shaped_seed5,shaped,5,4a77b6e251,322,225,-115.2499999999996,-118.8499999999997,0.5248489038748029,0.15,0,out_of_energy,0,0,1,0,67,3,0,0,0,46,0.483624933266858,20.016539546088563,0.0,0.0,0.99,8,exponential
q_learning,shaped_seed5,shaped,5,4a77b6e251,323,225,-101.74999999999967,-118.45499999999967,0.5237992060670532,0.15,0,out_of_energy,0,0,1,0,76,1,0,0,0,38,0.5143904605507903,18.118047394761174,0.0,0.0,0.99,8,exponential
q_learning,shaped_seed5,shaped,5,4a77b6e251,324,225,-103.74999999999963,-118.34499999999967,0.5227516076549191,0.15,0,out_of_energy,0,0,1,0,79,5,0,0,1,51,0.7237943137128524,19.654562870513875,0.0,0.0,0.99,8,exponential
q_learning,shaped_seed5,shaped,5,4a77b6e251,325,225,-94.24999999999973,-117.45499999999967,0.5217061044396093,0.15,0,out_of_energy,0,0,1,0,76,4,0,0,1,40,0.7062995678158328,19.998516289798008,0.0,0.0,0.99,8,exponential
q_learning,shaped_seed5,shaped,5,4a77b6e251,326,225,-115.2499999999996,-117.68499999999968,0.52066269223073,0.15,0,out_of_energy,0,0,1,0,69,6,0,0,0,40,0.5405655880031963,15.268914316813127,0.0,0.0,0.99,8,exponential
q_learning,shaped_seed5,shaped,5,4a77b6e251,327,225,-124.7499999999995,-117.66999999999967,0.5196213668462686,0.15,0,out_of_energy,0,0,1,0,77,9,0,0,1,53,0.7578124074745978,19.008558007253345,0.0,0.0,0.99,8,exponential
q_learning,shaped_seed5,shaped,5,4a77b6e251,328,225,-145.7499999999995,-117.80999999999968,0.5185821241125761,0.15,0,out_of_energy,0,0,1,0,78,7,0,0,0,41,0.5511949424626553,18.616930058523938,0.0,0.0,0.99,8,exponential
q_learning,shaped_seed5,shaped,5,4a77b6e251,329,225,-89.24999999999977,-117.67999999999967,0.5175449598643509,0.15,0,out_of_energy,0,0,1,0,66,6,0,0,1,37,0.6890053787226611,19.640605843753924,0.0,0.0,0.99,8,exponential
q_learning,shaped_seed5,shaped,5,4a77b6e251,330,225,-101.74999999999973,-117.46499999999968,0.5165098699446222,0.15,0,out_of_energy,0,0,1,0,70,0,0,0,0,46,0.4628253459967867,20.052031082718685,0.0,0.0,0.99,8,exponential
q_learning,shaped_seed5,shaped,5,4a77b6e251,331,225,-134.24999999999955,-117.63499999999968,0.515476850204733,0.15,0,out_of_energy,0,0,1,0,63,9,0,0,0,51,0.5951636510568258,17.696273806941388,0.0,0.0,0.99,8,exponential
q_learning,shaped_seed5,shaped,5,4a77b6e251,332,225,-120.74999999999962,-117.72999999999968,0.5144458965043235,0.15,0,out_of_energy,0,0,1,0,88,0,0,0,0,44,0.5121492054807634,20.42815899294717,0.0,0.0,0.99,8,exponential
q_learning,shaped_seed5,shaped,5,4a77b6e251,333,225,-105.24999999999977,-117.57499999999968,0.5134170047113148,0.15,0,out_of_energy,0,0,1,0,61,2,0,0,0,42,0.44323962426432134,19.083988670500002,0.0,0.0,0.99,8,exponential
q_learning,shaped_seed5,shaped,5,4a77b6e251,334,225,-98.24999999999972,-117.3499999999997,0.5123901707018922,0.15,0,out_of_energy,0,0,1,0,67,0,0,0,0,51,0.4297891526200624,17.427172448071467,0.0,0.0,0.99,8,exponential
q_learning,shaped_seed5,shaped,5,4a77b6e251,335,225,-114.74999999999962,-117.45999999999967,0.5113653903604884,0.15,0,out_of_energy,0,0,1,0,74,2,0,0,0,37,0.4989581568665915,16.879008380861393,0.0,0.0,0.99,8,exponential
q_learning,shaped_seed5,shaped,5,4a77b6e251,336,225,-113.7499999999996,-117.49999999999967,0.5103426595797674,0.15,0,out_of_energy,0,0,1,0,74,1,0,0,0,48,0.4904684195239145,20.24961666087665,0.0,0.0,0.99,8,exponential
q_learning,shaped_seed5,shaped,5,4a77b6e251,337,225,-76.74999999999974,-117.13999999999967,0.5093219742606079,0.15,0,out_of_energy,0,0,1,0,46,0,0,0,0,44,0.39855471305304785,19.009691316916882,0.0,0.0,0.99,8,exponential
q_learning,shaped_seed5,shaped,5,4a77b6e251,338,225,-117.24999999999955,-117.18499999999969,0.5083033303120866,0.15,0,out_of_energy,0,0,1,0,87,2,0,0,0,45,0.6328950781599929,17.059086337859892,0.0,0.0,0.99,8,exponential
q_learning,shaped_seed5,shaped,5,4a77b6e251,339,225,-122.74999999999956,-117.24999999999967,0.5072867236514624,0.15,0,out_of_energy,0,0,1,0,80,3,0,0,0,35,0.5505828984594721,20.195030197469553,0.0,0.0,0.99,8,exponential
q_learning,shaped_seed5,shaped,5,4a77b6e251,340,225,-91.74999999999972,-117.20499999999967,0.5062721502041595,0.15,0,out_of_energy,0,0,1,0,56,1,0,0,0,42,0.4115711655973927,18.099668249602534,0.0,0.0,0.99,8,exponential
q_learning,shaped_seed5,shaped,5,4a77b6e251,341,225,-111.74999999999959,-116.82499999999968,0.5052596059037512,0.15,0,out_of_energy,0,0,1,0,76,1,0,0,0,55,0.5209808845413079,16.120016472191445,0.0,0.0,0.99,8,exponential
q_learning,shaped_seed5,shaped,5,4a77b6e251,342,225,-142.74999999999946,-117.18999999999967,0.5042490866919437,0.15,0,out_of_energy,0,0,1,0,99,8,0,0,1,51,0.7053101969226377,19.81185455396332,0.0,0.0,0.99,8,exponential
q_learning,shaped_seed5,shaped,5,4a77b6e251,343,225,-112.7499999999995,-117.27499999999968,0.5032405885185598,0.15,0,out_of_energy,0,0,1,0,76,4,0,0,0,45,0.600613240279403,14.882027106156295,0.0,0.0,0.99,8,exponential
q_learning,shaped_seed5,shaped,5,4a77b6e251,344,225,-96.24999999999964,-117.12499999999967,0.5022341073415226,0.15,0,out_of_energy,0,0,1,0,61,1,0,0,0,39,0.4472659086709507,17.450229665563626,0.0,0.0,0.99,8,exponential
q_learning,shaped_seed5,shaped,5,4a77b6e251,345,225,-124.24999999999959,-117.13999999999967,0.5012296391268396,0.15,0,out_of_energy,0,0,1,0,75,3,0,0,0,30,0.4680013619323073,17.712174161745153,0.0,0.0,0.99,8,exponential
q_learning,shaped_seed5,shaped,5,4a77b6e251,346,225,-94.74999999999982,-116.91499999999968,0.5002271798485859,0.15,0,out_of_energy,0,0,1,0,74,0,0,0,0,46,0.5135015722435405,16.35494604190852,0.0,0.0,0.99,8,exponential
q_learning,shaped_seed5,shaped,5,4a77b6e251,347,225,-93.2499999999998,-116.71999999999967,0.4992267254888887,0.15,0,out_of_energy,0,0,1,0,67,1,0,0,0,54,0.5264887213451002,17.921113350668733,0.0,0.0,0.99,8,exponential
q_learning,shaped_seed5,shaped,5,4a77b6e251,348,225,-154.24999999999977,-116.58499999999967,0.4982282720379109,0.15,0,out_of_energy,0,0,1,0,79,8,0,0,0,56,0.6292731672919867,20.363870026601063,0.0,0.0,0.99,8,exponential
q_learning,shaped_seed5,shaped,5,4a77b6e251,349,225,-112.24999999999962,-116.50499999999967,0.4972318154938351,0.15,0,out_of_energy,0,0,1,0,69,3,0,0,0,45,0.4946638925426604,14.767780810122593,0.0,0.0,0.99,8,exponential
q_learning,shaped_seed5,shaped,5,4a77b6e251,350,225,-102.24999999999959,-116.49999999999967,0.49623735186284745,0.15,0,out_of_energy,0,0,1,0,75,2,0,0,0,36,0.45989590062260427,15.551624904898482,0.0,0.0,0.99,8,exponential
q_learning,shaped_seed5,shaped,5,4a77b6e251,351,225,-85.74999999999983,-116.17999999999967,0.49524487715912174,0.15,0,out_of_energy,0,0,1,0,68,0,0,0,0,39,0.4842474773806575,16.630157014494415,0.0,0.0,0.99,8,exponential
q_learning,shaped_seed5,shaped,5,4a77b6e251,352,225,-113.24999999999962,-116.21499999999968,0.4942543874048035,0.15,0,out_of_energy,0,0,1,0,77,1,0,0,0,33,0.44567297266011735,15.732147971113303,0.0,0.0,0.99,8,exponential
q_learning,shaped_seed5,shaped,5,4a77b6e251,353,225,-154.74999999999966,-116.63499999999968,0.4932658786299939,0.15,0,out_of_energy,0,0,1,0,91,12,0,0,1,44,0.7659734391939148,18.461671188895355,0.0,0.0,0.99,8,exponential
q_learning,shaped_seed5,shaped,5,4a77b6e251,354,225,-108.74999999999964,-116.60499999999968,0.4922793468727339,0.15,0,out_of_energy,0,0,1,0,80,2,0,0,0,55,0.6193159054682362,16.74963646512315,0.0,0.0,0.99,8,exponential
q_learning,shaped_seed5,shaped,5,4a77b6e251,355,225,-104.24999999999982,-116.56499999999967,0.4912947881789884,0.15,0,out_of_energy,0,0,1,0,84,6,0,0,1,47,0.7567424814119972,20.792931284375,0.0,0.0,0.99,8,exponential
q_learning,shaped_seed5,shaped,5,4a77b6e251,356,225,-83.74999999999973,-116.28999999999968,0.4903121986026304,0.15,0,out_of_energy,0,0,1,0,62,0,0,0,0,41,0.4711568101339512,17.22249742078274,0.0,0.0,0.99,8,exponential
q_learning,shaped_seed5,shaped,5,4a77b6e251,357,225,-96.2499999999997,-116.22999999999968,0.48933157420542517,0.15,0,out_of_energy,0,0,1,0,65,0,0,0,0,59,0.5404980845519021,17.047704747435038,0.0,0.0,0.99,8,exponential
q_learning,shaped_seed5,shaped,5,4a77b6e251,358,225,-88.74999999999973,-115.80499999999967,0.48835291105701434,0.15,0,out_of_energy,0,0,1,0,70,0,0,0,0,36,0.47435906455932797,14.237190995354679,0.0,0.0,0.99,8,exponential
q_learning,shaped_seed5,shaped,5,4a77b6e251,359,225,-94.74999999999962,-115.70999999999967,0.48737620523490033,0.15,0,out_of_energy,0,0,1,0,76,0,0,0,0,42,0.4905585793389271,12.101612346051477,0.0,0.0,0.99,8,exponential
q_learning,shaped_seed5,shaped,5,4a77b6e251,360,225,-106.24999999999946,-115.37999999999967,0.48640145282443054,0.15,0,out_of_energy,0,0,1,0,78,5,0,0,1,43,0.6358184433902837,17.48542428385829,0.0,0.0,0.99,8,exponential
q_learning,shaped_seed5,shaped,5,4a77b6e251,361,225,-96.74999999999976,-115.51499999999967,0.48542864991878165,0.15,0,out_of_energy,0,0,1,0,73,7,0,0,1,53,0.7742692019307563,21.05,0.0,0.0,0.99,8,exponential
q_learning,shaped_seed5,shaped,5,4a77b6e251,362,225,-135.74999999999957,-115.73499999999967,0.48445779261894406,0.15,0,out_of_energy,0,0,1,0,78,5,0,0,0,45,0.5306081745427164,18.295914290603285,0.0,0.0,0.99,8,exponential
q_learning,shaped_seed5,shaped,5,4a77b6e251,363,225,-87.74999999999983,-115.4299999999997,0.4834888770337062,0.15,0,out_of_energy,0,0,1,0,68,0,0,0,0,45,0.5418265671651677,16.41510766580012,0.0,0.0,0.99,8,exponential
q_learning,shaped_seed5,shaped,5,4a77b6e251,364,225,-87.24999999999969,-115.25499999999967,0.4825218992796388,0.15,0,out_of_energy,0,0,1,0,76,2,0,0,1,50,0.6133854501510119,16.318140668965803,0.0,0.0,0.99,8,exponential
q_learning,shaped_seed5,shaped,5,4a77b6e251,365,225,-94.7499999999997,-115.00999999999968,0.4815568554810795,0.15,0,out_of_energy,0,0,1,0,81,3,0,0,1,50,0.7218675368338151,19.71975891015383,0.0,0.0,0.99,8,exponential
q_learning,shaped_seed5,shaped,5,4a77b6e251,366,225,-115.7499999999998,-114.97999999999968,0.4805937417701174,0.15,0,out_of_energy,0,0,1,0,77,7,0,0,1,37,0.5726449264713828,18.40589517028903,0.0,0.0,0.99,8,exponential
q_learning,shaped_seed5,shaped,5,4a77b6e251,367,225,-116.74999999999974,-115.0849999999997,0.47963255428657714,0.15,0,out_of_energy,0,0,1,0,82,3,0,0,0,54,0.6138015079068252,15.881681426585406,0.0,0.0,0.99,8,exponential
q_learning,shaped_seed5,shaped,5,4a77b6e251,368,225,-106.2499999999997,-114.83999999999968,0.478673289178004,0.15,0,out_of_energy,0,0,1,0,72,7,0,0,1,48,0.8240001832296848,18.226840318006122,0.0,0.0,0.99,8,exponential
q_learning,shaped_seed5,shaped,5,4a77b6e251,369,225,-108.7499999999997,-114.3799999999997,0.477715942599648,0.15,0,out_of_energy,0,0,1,0,78,0,0,0,0,36,0.48271936496182083,17.014006601059936,0.0,0.0,0.99,8,exponential
q_learning,shaped_seed5,shaped,5,4a77b6e251,370,225,-113.74999999999969,-114.07999999999969,0.4767605107144487,0.15,0,out_of_energy,0,0,1,0,72,3,0,0,0,38,0.5397521567576968,18.055496691205587,0.0,0.0,0.99,8,exponential
q_learning,shaped_seed5,shaped,5,4a77b6e251,371,225,-124.74999999999964,-113.53499999999967,0.4758069896930198,0.15,0,out_of_energy,0,0,1,0,81,8,0,0,1,45,0.6033770063182761,16.539194165558584,0.0,0.0,0.99,8,exponential
q_learning,shaped_seed5,shaped,5,4a77b6e251,372,225,-89.74999999999984,-113.25999999999968,0.4748553757136338,0.15,0,out_of_energy,0,0,1,0,71,3,0,0,1,38,0.6370113689797366,17.4545181044354,0.0,0.0,0.99,8,exponential
q_learning,shaped_seed5,shaped,5,4a77b6e251,373,225,-79.74999999999993,-112.52999999999969,0.47390566496220654,0.15,0,out_of_energy,0,0,1,0,71,1,0,0,1,42,0.6473671661496935,17.253363278741606,0.0,0.0,0.99,8,exponential
q_learning,shaped_seed5,shaped,5,4a77b6e251,374,225,-110.74999999999962,-112.67499999999968,0.47295785363228215,0.15,0,out_of_energy,0,0,1,0,62,6,0,0,0,44,0.6359073263712193,16.374267550168717,0.0,0.0,0.99,8,exponential
q_learning,shaped_seed5,shaped,5,4a77b6e251,375,225,-134.24999999999963,-112.80999999999968,0.4720119379250176,0.15,0,out_of_energy,0,0,1,0,80,12,0,0,1,50,0.8207180036004255,20.35636655047486,0.0,0.0,0.99,8,exponential
q_learning,shaped_seed5,shaped,5,4a77b6e251,376,225,-96.7499999999996,-112.47999999999969,0.4710679140491676,0.15,0,out_of_energy,0,0,1,0,83,3,0,0,1,47,0.728557713098729,17.211802707526857,0.0,0.0,0.99,8,exponential
q_learning,shaped_seed5,shaped,5,4a77b6e251,377,225,-114.2499999999997,-112.36999999999969,0.47012577822106927,0.15,0,out_of_energy,0,0,1,0,76,9,0,0,1,38,0.8712509629539908,20.143056553730464,0.0,0.0,0.99,8,exponential
q_learning,shaped_seed5,shaped,5,4a77b6e251,378,225,-102.24999999999962,-112.3199999999997,0.46918552666462715,0.15,0,out_of_energy,0,0,1,0,84,3,0,0,1,51,0.5671121611549468,17.825496214392356,0.0,0.0,0.99,8,exponential
q_learning,shaped_seed5,shaped,5,4a77b6e251,379,225,-102.74999999999962,-112.13999999999967,0.46824715561129787,0.15,0,out_of_energy,0,0,1,0,85,3,0,0,1,44,0.551005597547826,17.159191939556962,0.0,0.0,0.99,8,exponential
q_learning,shaped_seed5,shaped,5,4a77b6e251,380,225,-106.24999999999974,-111.8949999999997,0.46731066130007526,0.15,0,out_of_energy,0,0,1,0,82,7,0,0,1,45,0.7824276185848491,21.0534823389715,0.0,0.0,0.99,8,exponential
q_learning,shaped_seed5,shaped,5,4a77b6e251,381,225,-124.24999999999963,-111.55999999999969,0.4663760399774751,0.15,0,out_of_energy,0,0,1,0,92,8,0,0,1,51,0.8037574663631463,19.579679822366607,0.0,0.0,0.99,8,exponential
q_learning,shaped_seed5,shaped,5,4a77b6e251,382,225,-95.7499999999997,-110.90499999999969,0.46544328789752015,0.15,0,out_of_energy,0,0,1,0,78,0,0,0,0,41,0.4987607618969379,15.97851413163291,0.0,0.0,0.99,8,exponential
q_learning,shaped_seed5,shaped,5,4a77b6e251,383,225,-121.74999999999972,-110.89999999999968,0.4645124013217251,0.15,0,out_of_energy,0,0,1,0,79,8,0,0,1,41,0.7334028592042053,16.74481323414772,0.0,0.0,0.99,8,exponential
q_learning,shaped_seed5,shaped,5,4a77b6e251,384,225,-95.74999999999964,-110.63999999999967,0.46358337651908166,0.15,0,out_of_energy,0,0,1,0,76,0,0,0,0,52,0.5188046241162158,14.862292280229033,0.0,0.0,0.99,8,exponential
q_learning,shaped_seed5,shaped,5,4a77b6e251,385,225,-83.74999999999977,-110.1499999999997,0.4626562097660435,0.15,0,out_of_energy,0,0,1,0,75,3,0,0,1,45,0.6455666768062083,19.95468511323459,0.0,0.0,0.99,8,exponential
q_learning,shaped_seed5,shaped,5,4a77b6e251,386,225,-81.74999999999987,-109.88499999999969,0.4617308973465114,0.15,0,out_of_energy,0,0,1,0,73,1,0,0,1,42,0.6259054429136508,15.886742663507679,0.0,0.0,0.99,8,exponential
q_learning,shaped_seed5,shaped,5,4a77b6e251,387,225,-87.24999999999984,-109.79499999999969,0.46080743555181836,0.15,0,out_of_energy,0,0,1,0,82,4,0,0,1,49,0.7256906901020688,25.55,0.0,0.0,0.99,8,exponential
q_learning,shaped_seed5,shaped,5,4a77b6e251,388,225,-93.24999999999962,-109.30999999999968,0.4598858206807147,0.15,0,out_of_energy,0,0,1,0,80,2,0,0,1,38,0.6315501910920199,15.846804702147121,0.0,0.0,0.99,8,exponential
q_learning,shaped_seed5,shaped,5,4a77b6e251,389,225,-104.24999999999953,-108.9749999999997,0.4589660490393533,0.15,0,out_of_energy,0,0,1,0,76,7,0,0,1,39,0.6195455775315971,17.973257754767694,0.0,0.0,0.99,8,exponential
q_learning,shaped_seed5,shaped,5,4a77b6e251,390,225,-98.24999999999989,-108.87499999999969,0.45804811694127456,0.15,0,out_of_energy,0,0,1,0,70,5,0,0,1,45,0.6428295715623961,14.618317800075298,0.0,0.0,0.99,8,exponential
q_learning,shaped_seed5,shaped,5,4a77b6e251,391,225,-96.24999999999984,-108.45499999999969,0.457132020707392,0.15,0,out_of_energy,0,0,1,0,74,4,0,0,1,40,0.6249872750205483,15.581099333408117,0.0,0.0,0.99,8,exponential
q_learning,shaped_seed5,shaped,5,4a77b6e251,392,225,-105.74999999999983,-108.16999999999967,0.45621775666597725,0.15,0,out_of_energy,0,0,1,0,75,6,0,0,1,36,0.633246299537951,18.70476869832862,0.0,0.0,0.99,8,exponential
q_learning,shaped_seed5,shaped,5,4a77b6e251,393,225,-80.74999999999989,-107.99499999999968,0.45530532115264527,0.15,0,out_of_energy,0,0,1,0,71,2,0,0,1,40,0.608174625431004,17.711843840237222,0.0,0.0,0.99,8,exponential
q_learning,shaped_seed5,shaped,5,4a77b6e251,394,225,-86.74999999999986,-107.58499999999967,0.45439471051033997,0.15,0,out_of_energy,0,0,1,0,71,3,0,0,1,45,0.60598548585753,20.661134651249373,0.0,0.0,0.99,8,exponential
q_learning,shaped_seed5,shaped,5,4a77b6e251,395,225,-126.7499999999998,-107.8999999999997,0.4534859210893193,0.15,0,out_of_energy,0,0,1,0,87,8,0,0,1,47,0.8362919087617193,19.259378142814043,0.0,0.0,0.99,8,exponential
q_learning,shaped_seed5,shaped,5,4a77b6e251,396,225,-74.74999999999983,-107.66499999999968,0.45257894924714065,0.15,0,out_of_energy,0,0,1,0,57,3,0,0,1,44,0.7098071271221907,14.745639426293065,0.0,0.0,0.99,8,exponential
q_learning,shaped_seed5,shaped,5,4a77b6e251,397,225,-99.7499999999997,-107.64499999999967,0.4516737913486464,0.15,0,out_of_energy,0,0,1,0,81,4,0,0,1,46,0.6885133788459007,18.4552245931999,0.0,0.0,0.99,8,exponential
q_learning,shaped_seed5,shaped,5,4a77b6e251,398,225,-76.24999999999983,-107.26999999999967,0.4507704437659491,0.15,0,out_of_energy,0,0,1,0,72,3,0,0,1,36,0.6264394809855705,20.791938226881005,0.0,0.0,0.99,8,exponential
q_learning,shaped_seed5,shaped,5,4a77b6e251,399,225,-76.24999999999984,-107.10499999999969,0.4498689028784172,0.15,0,out_of_energy,0,0,1,0,72,3,0,0,1,41,0.601927918734538,21.05,0.0,0.0,0.99,8,exponential
q_learning,shaped_seed5,shaped,5,4a77b6e251,400,225,-78.74999999999979,-106.89499999999967,0.4489691650726603,0.15,0,out_of_energy,0,0,1,0,77,3,0,0,1,37,0.6528043120690913,21.05,0.0,0.0,0.99,8,exponential
q_learning,shaped_seed5,shaped,5,4a77b6e251,401,225,-133.2499999999998,-107.27499999999968,0.448071226742515,0.15,0,out_of_energy,0,0,1,0,78,11,0,0,1,40,0.8140273345972264,17.9578284445625,0.0,0.0,0.99,8,exponential
q_learning,shaped_seed5,shaped,5,4a77b6e251,402,225,-118.24999999999962,-107.20499999999969,0.44717508428902997,0.15,0,out_of_energy,0,0,1,0,85,3,0,0,0,63,0.575774794804655,16.07549338271614,0.0,0.0,0.99,8,exponential
q_learning,shaped_seed5,shaped,5,4a77b6e251,403,225,-97.74999999999977,-107.27999999999969,0.4462807341204519,0.15,0,out_of_energy,0,0,1,0,65,7,0,0,1,44,0.7766136968301297,17.89831526383223,0.0,0.0,0.99,8,exponential
q_learning,shaped_seed5,shaped,5,4a77b6e251,404,225,-110.74999999999962,-107.38499999999968,0.445388172652211,0.15,0,out_of_energy,0,0,1,0,93,4,0,0,1,59,0.7650557591453394,19.565817658631023,0.0,0.0,0.99,8,exponential
q_learning,shaped_seed5,shaped,5,4a77b6e251,405,225,-89.24999999999989,-107.1499999999997,0.44449739630690654,0.15,0,out_of_energy,0,0,1,0,74,3,0,0,1,42,0.6552876813363883,16.90079242770583,0.0,0.0,0.99,8,exponential
q_learning,shaped_seed5,shaped,5,4a77b6e251,406,225,-104.24999999999945,-106.8899999999997,0.4436084015142927,0.15,0,out_of_energy,0,0,1,0,80,6,0,0,1,50,0.7721398084174396,20.470693935124313,0.0,0.0,0.99,8,exponential
q_learning,shaped_seed5,shaped,5,4a77b6e251,407,225,-105.74999999999986,-106.88499999999969,0.4427211847112641,0.15,0,out_of_energy,0,0,1,0,79,6,0,0,1,50,0.7443110628903041,20.117924469912513,0.0,0.0,0.99,8,exponential
q_learning,shaped_seed5,shaped,5,4a77b6e251,408,225,-107.24999999999977,-106.91999999999969,0.4418357423418416,0.15,0,out_of_energy,0,0,1,0,82,5,0,0,1,43,0.7709417843283667,15.0334512529926,0.0,0.0,0.99,8,exponential
q_learning,shaped_seed5,shaped,5,4a77b6e251,409,225,-112.74999999999964,-107.0099999999997,0.44095207085715793,0.15,0,out_of_energy,0,0,1,0,87,5,0,0,1,52,0.7392421692404597,18.58343809308894,0.0,0.0,0.99,8,exponential
q_learning,shaped_seed5,shaped,5,4a77b6e251,410,225,-85.74999999999979,-106.60999999999972,0.44007016671544363,0.15,0,out_of_energy,0,0,1,0,69,4,0,0,1,37,0.6433020419231027,19.80379716503856,0.0,0.0,0.99,8,exponential
q_learning,shaped_seed5,shaped,5,4a77b6e251,411,225,-103.24999999999982,-106.00999999999969,0.43919002638201277,0.15,0,out_of_energy,0,0,1,0,76,6,0,0,1,43,0.7727921515684621,19.660574061621094,0.0,0.0,0.99,8,exponential
q_learning,shaped_seed5,shaped,5,4a77b6e251,412,225,-81.74999999999993,-105.73499999999972,0.43831164632924874,0.15,0,out_of_energy,0,0,1,0,71,2,0,0,1,32,0.6298364380894796,18.996875045864744,0.0,0.0,0.99,8,exponential
q_learning,shaped_seed5,shaped,5,4a77b6e251,413,225,-75.74999999999991,-105.4049999999997,0.43743502303659026,0.15,0,out_of_energy,0,0,1,0,71,2,0,0,1,48,0.7302139421703419,20.026531532571486,0.0,0.0,0.99,8,exponential
q_learning,shaped_seed5,shaped,5,4a77b6e251,414,225,-66.2499999999999,-104.96499999999969,0.4365601529905171,0.15,0,out_of_energy,0,0,1,0,66,2,0,0,1,36,0.7084123599159592,19.606576230306366,0.0,0.0,0.99,8,exponential
q_learning,shaped_seed5,shaped,5,4a77b6e251,415,225,-170.24999999999983,-105.2599999999997,0.43568703268453607,0.15,0,out_of_energy,0,0,1,0,80,18,0,0,1,57,0.8840099595930003,17.304674894879042,0.0,0.0,0.99,8,exponential
q_learning,shaped_seed5,shaped,5,4a77b6e251,416,225,-95.2499999999997,-104.73999999999971,0.434815658619167,0.15,0,out_of_energy,0,0,1,0,77,0,0,0,0,41,0.5711677662466059,15.512866828657188,0.0,0.0,0.99,8,exponential
q_learning,shaped_seed5,shaped,5,4a77b6e251,417,225,-84.24999999999984,-104.37499999999972,0.43394602730192866,0.15,0,out_of_energy,0,0,1,0,74,2,0,0,1,43,0.6779983430809461,18.895456994437005,0.0,0.0,0.99,8,exponential
q_learning,shaped_seed5,shaped,5,4a77b6e251,418,225,-121.7499999999998,-104.67499999999971,0.4330781352473248,0.15,0,out_of_energy,0,0,1,0,95,5,0,0,1,46,0.740725162973265,23.071905504538847,0.0,0.0,0.99,8,exponential
q_learning,shaped_seed5,shaped,5,4a77b6e251,419,225,-84.74999999999987,-104.5149999999997,0.43221197897683017,0.15,0,out_of_energy,0,0,1,0,77,3,0,0,1,42,0.6494919973240083,18.279867078495904,0.0,0.0,0.99,8,exponential
q_learning,shaped_seed5,shaped,5,4a77b6e251,420,225,-109.74999999999955,-104.48999999999971,0.4313475550188765,0.15,0,out_of_energy,0,0,1,0,56,4,0,0,0,39,0.4288863399213694,19.276685342337444,0.0,0.0,0.99,8,exponential
q_learning,shaped_seed5,shaped,5,4a77b6e251,421,225,-88.74999999999973,-104.2799999999997,0.4304848599088387,0.15,0,out_of_energy,0,0,1,0,87,3,0,0,1,56,0.7327474628331042,19.585209201271773,0.0,0.0,0.99,8,exponential
q_learning,shaped_seed5,shaped,5,4a77b6e251,422,225,-105.24999999999979,-104.17999999999972,0.42962389018902103,0.15,0,out_of_energy,0,0,1,0,82,7,0,0,1,51,0.6924347816649944,19.47752375,0.0,0.0,0.99,8,exponential
q_learning,shaped_seed5,shaped,5,4a77b6e251,423,225,-97.24999999999973,-104.13499999999972,0.428764642408643,0.15,0,out_of_energy,0,0,1,0,66,9,0,0,1,45,0.6673515578738138,20.33768092485729,0.0,0.0,0.99,8,exponential
q_learning,shaped_seed5,shaped,5,4a77b6e251,424,225,-126.2499999999997,-104.35999999999973,0.4279071131238257,0.15,0,out_of_energy,0,0,1,0,82,10,0,0,1,53,0.7539784842079595,19.20738112379466,0.0,0.0,0.99,8,exponential
q_learning,shaped_seed5,shaped,5,4a77b6e251,425,225,-84.74999999999963,-104.26499999999973,0.42705129889757804,0.15,0,out_of_energy,0,0,1,0,75,3,0,0,1,39,0.6259073553579269,17.826273955225464,0.0,0.0,0.99,8,exponential
q_learning,shaped_seed5,shaped,5,4a77b6e251,426,225,-84.74999999999976,-103.95999999999972,0.42619719629978287,0.15,0,out_of_energy,0,0,1,0,67,6,0,0,1,43,0.8387705721550386,19.922102703591147,0.0,0.0,0.99,8,exponential
q_learning,shaped_seed5,shaped,5,4a77b6e251,427,225,-60.75,-103.31999999999975,0.4253448019071833,0.15,0,out_of_energy,0,0,1,0,55,3,0,0,1,34,0.6208262757612537,19.004283776100333,0.0,0.0,0.99,8,exponential
q_learning,shaped_seed5,shaped,5,4a77b6e251,428,225,-90.24999999999979,-102.76499999999974,0.424494112303369,0.15,0,out_of_energy,0,0,1,0,82,4,0,0,1,41,0.6946891740939078,20.892500000000002,0.0,0.0,0.99,8,exponential
q_learning,shaped_seed5,shaped,5,4a77b6e251,429,225,-107.74999999999983,-102.94999999999975,0.42364512407876226,0.15,0,out_of_energy,0,0,1,0,65,11,0,0,1,46,0.819205757701133,20.7947376788165,0.0,0.0,0.99,8,exponential
q_learning,shaped_seed5,shaped,5,4a77b6e251,430,225,-143.74999999999977,-103.36999999999972,0.4227978338306047,0.15,0,out_of_energy,0,0,1,0,93,10,0,0,1,57,0.9976417466451638,16.147343788985033,0.0,0.0,0.99,8,exponential
q_learning,shaped_seed5,shaped,5,4a77b6e251,431,225,-151.24999999999991,-103.53999999999975,0.42195223816294347,0.15,0,out_of_energy,0,0,1,0,70,16,0,0,1,48,0.8428762950702875,17.912646095003034,0.0,0.0,0.99,8,exponential
q_learning,shaped_seed5,shaped,5,4a77b6e251,432,225,-90.74999999999993,-103.23999999999974,0.4211083336866176,0.15,0,out_of_energy,0,0,1,0,79,2,0,0,1,51,0.6584728438640302,16.429041870981912,0.0,0.0,0.99,8,exponential
q_learning,shaped_seed5,shaped,5,4a77b6e251,433,225,-80.74999999999982,-102.99499999999975,0.4202661170192444,0.15,0,out_of_energy,0,0,1,0,61,5,0,0,1,38,0.6666918323842683,19.614734745078657,0.0,0.0,0.99,8,exponential
q_learning,shaped_seed5,shaped,5,4a77b6e251,434,225,-88.24999999999974,-102.89499999999973,0.41942558478520586,0.15,0,out_of_energy,0,0,1,0,70,3,0,0,1,39,0.6022878100652228,13.175030003005729,0.0,0.0,0.99,8,exponential
q_learning,shaped_seed5,shaped,5,4a77b6e251,435,225,-122.24999999999974,-102.96999999999974,0.4185867336156355,0.15,0,out_of_energy,0,0,1,0,90,6,0,0,1,46,0.689670109962815,12.926877080614313,0.0,0.0,0.99,8,exponential
q_learning,shaped_seed5,shaped,5,4a77b6e251,436,225,-102.74999999999976,-102.85999999999974,0.4177495601484042,0.15,0,out_of_energy,0,0,1,0,77,6,0,0,1,37,0.6607347603873648,20.55945878345639,0.0,0.0,0.99,8,exponential
q_learning,shaped_seed5,shaped,5,4a77b6e251,437,225,-94.24999999999979,-103.03499999999974,0.4169140610281074,0.15,0,out_of_energy,0,0,1,0,80,4,0,0,1,41,0.6942877791068245,18.54029296836776,0.0,0.0,0.99,8,exponential
q_learning,shaped_seed5,shaped,5,4a77b6e251,438,225,-82.74999999999993,-102.68999999999974,0.4160802329060512,0.15,0,out_of_energy,0,0,1,0,73,4,0,0,1,38,0.7175397333511905,19.647736570646387,0.0,0.0,0.99,8,exponential
q_learning,shaped_seed5,shaped,5,4a77b6e251,439,225,-104.74999999999976,-102.50999999999975,0.4152480724402391,0.15,0,out_of_energy,0,0,1,0,79,7,0,0,1,45,0.6997323042953316,20.284032478244146,0.0,0.0,0.99,8,exponential
q_learning,shaped_seed5,shaped,5,4a77b6e251,440,225,-109.7499999999997,-102.68999999999974,0.41441757629535864,0.15,0,out_of_energy,0,0,1,0,73,9,0,0,1,45,0.7373437426717339,20.27163395759142,0.0,0.0,0.99,8,exponential
q_learning,shaped_seed5,shaped,5,4a77b6e251,441,225,-112.74999999999973,-102.69999999999975,0.4135887411427679,0.15,0,out_of_energy,0,0,1,0,87,7,0,0,1,45,0.7888535551356725,18.99318645815455,0.0,0.0,0.99,8,exponential
q_learning,shaped_seed5,shaped,5,4a77b6e251,442,225,-98.24999999999979,-102.25499999999977,0.41276156366048233,0.15,0,out_of_energy,0,0,1,0,82,5,0,0,1,47,0.762254754987245,19.25987085584572,0.0,0.0,0.99,8,exponential
q_learning,shaped_seed5,shaped,5,4a77b6e251,443,225,-80.24999999999991,-101.92999999999975,0.41193604053316135,0.15,0,out_of_energy,0,0,1,0,72,3,0,0,1,40,0.7234174604869544,19.62854920898151,0.0,0.0,0.99,8,exponential
q_learning,shaped_seed5,shaped,5,4a77b6e251,444,225,-95.7499999999997,-101.92499999999978,0.41111216845209503,0.15,0,out_of_energy,0,0,1,0,77,5,0,0,1,44,0.7219217740622875,18.3341653486337,0.0,0.0,0.99,8,exponential
q_learning,shaped_seed5,shaped,5,4a77b6e251,445,225,-71.74999999999969,-101.39999999999976,0.4102899441151908,0.15,0,out_of_energy,0,0,1,0,55,5,0,0,1,44,0.7982120270008772,19.533611396505503,0.0,0.0,0.99,8,exponential
q_learning,shaped_seed5,shaped,5,4a77b6e251,446,225,-103.74999999999955,-101.48999999999978,0.40946936422696045,0.15,0,out_of_energy,0,0,1,0,81,6,0,0,1,45,0.7518405693015145,20.030826863506064,0.0,0.0,0.99,8,exponential
q_learning,shaped_seed5,shaped,5,4a77b6e251,447,225,-97.74999999999977,-101.53499999999977,0.40865042549850655,0.15,0,out_of_energy,0,0,1,0,85,4,0,0,1,55,0.7497358770877062,18.879739864798786,0.0,0.0,0.99,8,exponential
q_learning,shaped_seed5,shaped,5,4a77b6e251,448,225,-95.74999999999984,-100.94999999999978,0.40783312464750954,0.15,0,out_of_energy,0,0,1,0,87,1,0,0,1,47,0.5622046137181269,12.749766513704575,0.0,0.0,0.99,8,exponential
q_learning,shaped_seed5,shaped,5,4a77b6e251,449,225,-90.74999999999991,-100.73499999999976,0.4070174583982145,0.15,0,out_of_energy,0,0,1,0,73,5,0,0,1,52,0.7536984851341423,18.581004946750465,0.0,0.0,0.99,8,exponential
q_learning,shaped_seed5,shaped,5,4a77b6e251,450,225,-84.24999999999987,-100.55499999999978,0.4062034234814181,0.15,0,out_of_energy,0,0,1,0,76,3,0,0,1,41,0.6273040352353173,18.081524276138552,0.0,0.0,0.99,8,exponential
q_learning,shaped_seed5,shaped,5,4a77b6e251,451,225,-68.74999999999979,-100.38499999999976,0.40539101663445526,0.15,0,out_of_energy,0,0,1,0,69,3,0,0,1,43,0.6503745745484225,19.55,0.0,0.0,0.99,8,exponential
q_learning,shaped_seed5,shaped,5,4a77b6e251,452,225,-97.74999999999969,-100.22999999999976,0.40458023460118636,0.15,0,out_of_energy,0,0,1,0,85,2,0,0,1,51,0.6783617208036102,13.779543362332493,0.0,0.0,0.99,8,exponential
q_learning,shaped_seed5,shaped,5,4a77b6e251,453,225,-83.74999999999962,-99.51999999999977,0.403771074131984,0.15,0,out_of_energy,0,0,1,0,75,4,0,0,1,44,0.7181690095930905,18.737530992497934,0.0,0.0,0.99,8,exponential
q_learning,shaped_seed5,shaped,5,4a77b6e251,454,225,-87.24999999999976,-99.30499999999978,0.40296353198372004,0.15,0,out_of_energy,0,0,1,0,68,6,0,0,1,42,0.7073127446598045,20.16770089841733,0.0,0.0,0.99,8,exponential
q_learning,shaped_seed5,shaped,5,4a77b6e251,455,225,-76.74999999999986,-99.02999999999976,0.4021576049197526,0.15,0,out_of_energy,0,0,1,0,63,5,0,0,1,45,0.6944203870721644,20.706858427190845,0.0,0.0,0.99,8,exponential
q_learning,shaped_seed5,shaped,5,4a77b6e251,456,225,-106.74999999999983,-99.25999999999978,0.40135328970991313,0.15,0,out_of_energy,0,0,1,0,75,8,0,0,1,43,0.8414615613414761,20.03873224571187,0.0,0.0,0.99,8,exponential
q_learning,shaped_seed5,shaped,5,4a77b6e251,457,225,-91.24999999999982,-99.20999999999977,0.4005505831304933,0.15,0,out_of_energy,0,0,1,0,80,4,0,0,1,49,0.7246540589882218,18.383767409999304,0.0,0.0,0.99,8,exponential
q_learning,shaped_seed5,shaped,5,4a77b6e251,458,225,-77.74999999999987,-99.09999999999978,0.3997494819642323,0.15,0,out_of_energy,0,0,1,0,71,3,0,0,1,47,0.6888376233828924,18.716237453366062,0.0,0.0,0.99,8,exponential
q_learning,shaped_seed5,shaped,5,4a77b6e251,459,225,-118.24999999999967,-99.33499999999977,0.3989499830003039,0.15,0,out_of_energy,0,0,1,0,80,10,0,0,1,41,0.7558564125343594,20.181156976768737,0.0,0.0,0.99,8,exponential
q_learning,shaped_seed5,shaped,5,4a77b6e251,460,225,-85.74999999999973,-99.12999999999978,0.3981520830343033,0.15,0,out_of_energy,0,0,1,0,69,5,0,0,1,45,0.6668778167008862,17.644816142775984,0.0,0.0,0.99,8,exponential
q_learning,shaped_seed5,shaped,5,4a77b6e251,461,225,-117.74999999999963,-99.33999999999978,0.39735577886823464,0.15,0,out_of_energy,0,0,1,0,69,12,0,0,1,41,0.7636688473596694,20.649642867266756,0.0,0.0,0.99,8,exponential
q_learning,shaped_seed5,shaped,5,4a77b6e251,462,225,-119.74999999999953,-99.17999999999978,0.39656106731049817,0.15,0,out_of_energy,0,0,1,0,69,10,0,0,1,39,0.7768802001641859,16.64059510804754,0.0,0.0,0.99,8,exponential
q_learning,shaped_seed5,shaped,5,4a77b6e251,463,225,-97.24999999999969,-99.27499999999978,0.39576794517587716,0.15,0,out_of_energy,0,0,1,0,70,7,0,0,1,54,0.7055705398026362,18.13723936703983,0.0,0.0,0.99,8,exponential
q_learning,shaped_seed5,shaped,5,4a77b6e251,464,225,-56.75000000000006,-98.96999999999979,0.3949764092855254,0.15,0,out_of_energy,0,0,1,0,53,3,0,0,1,39,0.5954454519331722,19.62024018867652,0.0,0.0,0.99,8,exponential
q_learning,shaped_seed5,shaped,5,4a77b6e251,465,225,-88.74999999999966,-98.90999999999978,0.3941864564669544,0.15,0,out_of_energy,0,0,1,0,75,2,0,0,1,54,0.7139312551704895,13.971086080667344,0.0,0.0,0.99,8,exponential
q_learning,shaped_seed5,shaped,5,4a77b6e251,466,225,-75.2499999999998,-98.50499999999978,0.39339808355402045,0.15,0,out_of_energy,0,0,1,0,68,3,0,0,1,45,0.6537849377380509,17.984172065932757,0.0,0.0,0.99,8,exponential
q_learning,shaped_seed5,shaped,5,4a77b6e251,467,225,-92.74999999999983,-98.26499999999976,0.3926112873869124,0.15,0,out_of_energy,0,0,1,0,79,4,0,0,1,47,0.7303731356345553,17.49324541901699,0.0,0.0,0.99,8,exponential
q_learning,shaped_seed5,shaped,5,4a77b6e251,468,225,-85.74999999999976,-98.05999999999977,0.3918260648121386,0.15,0,out_of_energy,0,0,1,0,68,0,0,0,0,48,0.5330853150671921,13.969932260741286,0.0,0.0,0.99,8,exponential
q_learning,shaped_seed5,shaped,5,4a77b6e251,469,225,-78.74999999999982,-97.75999999999976,0.39104241268251433,0.15,0,out_of_energy,0,0,1,0,69,5,0,0,1,43,0.7750617464615971,19.6175,0.0,0.0,0.99,8,exponential
q_learning,shaped_seed5,shaped,5,4a77b6e251,470,225,-95.24999999999977,-97.57499999999978,0.3902603278571493,0.15,0,out_of_energy,0,0,1,0,69,1,0,0,0,39,0.6343660392329528,16.625242934648462,0.0,0.0,0.99,8,exponential
q_learning,shaped_seed5,shaped,5,4a77b6e251,471,225,-152.24999999999963,-97.84999999999977,0.389479807201435,0.15,0,out_of_energy,0,0,1,0,81,8,0,0,0,52,0.6318318857550662,18.34161307594533,0.0,0.0,0.99,8,exponential
q_learning,shaped_seed5,shaped,5,4a77b6e251,472,225,-110.74999999999959,-98.05999999999977,0.3887008475870321,0.15,0,out_of_energy,0,0,1,0,77,6,0,0,1,38,0.6403133884191394,11.875423168567243,0.0,0.0,0.99,8,exponential
q_learning,shaped_seed5,shaped,5,4a77b6e251,473,225,-121.24999999999969,-98.47499999999977,0.38792344589185807,0.15,0,out_of_energy,0,0,1,0,88,8,0,0,1,50,0.7935263718126786,17.010127117632464,0.0,0.0,0.99,8,exponential
q_learning,shaped_seed5,shaped,5,4a77b6e251,474,225,-86.7499999999998,-98.23499999999979,0.38714759900007434,0.15,0,out_of_energy,0,0,1,0,73,2,0,0,1,40,0.5072554543126377,10.094109693282157,0.0,0.0,0.99,8,exponential
q_learning,shaped_seed5,shaped,5,4a77b6e251,475,225,-63.749999999999915,-97.52999999999976,0.3863733038020742,0.15,0,out_of_energy,0,0,1,0,61,3,0,0,1,39,0.7113878890172838,18.394927831538556,0.0,0.0,0.99,8,exponential
q_learning,shaped_seed5,shaped,5,4a77b6e251,476,225,-93.24999999999976,-97.49499999999978,0.38560055719447006,0.15,0,out_of_energy,0,0,1,0,70,7,0,0,1,46,0.7319538773821427,17.234821598980314,0.0,0.0,0.99,8,exponential
q_learning,shaped_seed5,shaped,5,4a77b6e251,477,225,-103.7499999999998,-97.38999999999979,0.3848293560800811,0.15,0,out_of_energy,0,0,1,0,73,6,0,0,1,45,0.8067092185314051,17.540390289823552,0.0,0.0,0.99,8,exponential
q_learning,shaped_seed5,shaped,5,4a77b6e251,478,225,-88.74999999999984,-97.25499999999978,0.38405969736792095,0.15,0,out_of_energy,0,0,1,0,73,5,0,0,1,44,0.7337909453522943,17.149420810354112,0.0,0.0,0.99,8,exponential
q_learning,shaped_seed5,shaped,5,4a77b6e251,479,225,-70.24999999999979,-96.92999999999978,0.3832915779731851,0.15,0,out_of_energy,0,0,1,0,70,3,0,0,1,41,0.7032607099674182,19.523131294482425,0.0,0.0,0.99,8,exponential
q_learning,shaped_seed5,shaped,5,4a77b6e251,480,225,-93.7499999999998,-96.80499999999978,0.38252499481723873,0.15,0,out_of_energy,0,0,1,0,77,5,0,0,1,48,0.7307053654165271,15.596512050328732,0.0,0.0,0.99,8,exponential
q_learning,shaped_seed5,shaped,5,4a77b6e251,481,225,-108.24999999999983,-96.64499999999978,0.3817599448276042,0.15,0,out_of_energy,0,0,1,0,74,9,0,0,1,45,0.8425273006562667,20.064131241827816,0.0,0.0,0.99,8,exponential
q_learning,shaped_seed5,shaped,5,4a77b6e251,482,225,-93.2499999999998,-96.61999999999978,0.380996424937949,0.15,0,out_of_energy,0,0,1,0,82,5,0,0,1,44,0.8090644931555716,21.128640203215415,0.0,0.0,0.99,8,exponential
q_learning,shaped_seed5,shaped,5,4a77b6e251,483,225,-121.2499999999997,-96.61499999999978,0.3802344320880731,0.15,0,out_of_energy,0,0,1,0,80,11,0,0,1,45,0.892596785149659,19.55,0.0,0.0,0.99,8,exponential
q_learning,shaped_seed5,shaped,5,4a77b6e251,484,225,-107.24999999999959,-96.72999999999978,0.379473963223897,0.15,0,out_of_energy,0,0,1,0,63,2,0,0,0,55,0.47845623663742715,19.79761508666245,0.0,0.0,0.99,8,exponential
q_learning,shaped_seed5,shaped,5,4a77b6e251,485,225,-97.74999999999976,-96.86999999999978,0.37871501529744916,0.15,0,out_of_energy,0,0,1,0,83,5,0,0,1,46,0.7692425535664749,20.768445941393995,0.0,0.0,0.99,8,exponential
q_learning,shaped_seed5,shaped,5,4a77b6e251,486,225,-78.24999999999984,-96.83499999999978,0.37795758526685425,0.15,0,out_of_energy,0,0,1,0,76,2,0,0,1,56,0.7095307872722533,15.857660784848498,0.0,0.0,0.99,8,exponential
q_learning,shaped_seed5,shaped,5,4a77b6e251,487,225,-89.24999999999983,-96.85499999999978,0.37720167009632055,0.15,0,out_of_energy,0,0,1,0,82,4,0,0,1,37,0.7638266764494486,19.873136909974818,0.0,0.0,0.99,8,exponential
q_learning,shaped_seed5,shaped,5,4a77b6e251,488,225,-99.74999999999972,-96.91999999999979,0.3764472667561279,0.15,0,out_of_energy,0,0,1,0,77,6,0,0,1,55,0.8187856044170478,15.899315653798245,0.0,0.0,0.99,8,exponential
q_learning,shaped_seed5,shaped,5,4a77b6e251,489,225,-98.74999999999989,-96.86499999999978,0.37569437222261565,0.15,0,out_of_energy,0,0,1,0,73,7,0,0,1,39,0.7596242461839213,15.04683642794853,0.0,0.0,0.99,8,exponential
q_learning,shaped_seed5,shaped,5,4a77b6e251,490,225,-94.74999999999964,-96.82999999999979,0.3749429834781704,0.15,0,out_of_energy,0,0,1,0,69,8,0,0,1,35,0.7145496988881056,19.70224418534375,0.0,0.0,0.99,8,exponential
q_learning,shaped_seed5,shaped,5,4a77b6e251,491,225,-79.24999999999977,-96.65999999999978,0.37419309751121405,0.15,0,out_of_energy,0,0,1,0,68,5,0,0,1,39,0.7523201816778965,20.407398750000002,0.0,0.0,0.99,8,exponential
q_learning,shaped_seed5,shaped,5,4a77b6e251,492,225,-69.7499999999999,-96.29999999999978,0.3734447113161916,0.15,0,out_of_energy,0,0,1,0,63,4,0,0,1,43,0.7446751398070369,19.62828710776138,0.0,0.0,0.99,8,exponential
q_learning,shaped_seed5,shaped,5,4a77b6e251,493,225,-75.74999999999979,-96.24999999999979,0.3726978218935592,0.15,0,out_of_energy,0,0,1,0,63,4,0,0,1,46,0.7680407753632497,17.033554872951548,0.0,0.0,0.99,8,exponential
q_learning,shaped_seed5,shaped,5,4a77b6e251,494,225,-163.24999999999986,-97.01499999999979,0.3719524262497721,0.15,0,out_of_energy,0,0,1,0,72,18,0,0,1,38,1.0302540941610323,18.367553055762116,0.0,0.0,0.99,8,exponential
q_learning,shaped_seed5,shaped,5,4a77b6e251,495,225,-105.24999999999967,-96.79999999999978,0.37120852139727256,0.15,0,out_of_energy,0,0,1,0,74,9,0,0,1,47,0.835255380683599,20.528944874885646,0.0,0.0,0.99,8,exponential
q_learning,shaped_seed5,shaped,5,4a77b6e251,496,225,-89.24999999999976,-96.94499999999978,0.370466104354478,0.15,0,out_of_energy,0,0,1,0,80,4,0,0,1,46,0.7836835640579788,18.376476695835283,0.0,0.0,0.99,8,exponential
q_learning,shaped_seed5,shaped,5,4a77b6e251,497,225,-95.74999999999962,-96.90499999999979,0.36972517214576905,0.15,0,out_of_energy,0,0,1,0,71,7,0,0,1,54,0.7806033722545305,20.254940440994375,0.0,0.0,0.99,8,exponential
q_learning,shaped_seed5,shaped,5,4a77b6e251,498,225,-88.74999999999974,-97.02999999999979,0.36898572180147754,0.15,0,out_of_energy,0,0,1,0,77,5,0,0,1,43,0.7578164321565252,20.911010260886382,0.0,0.0,0.99,8,exponential
q_learning,shaped_seed5,shaped,5,4a77b6e251,499,225,-104.24999999999967,-97.30999999999977,0.3682477503578746,0.15,0,out_of_energy,0,0,1,0,74,9,0,0,1,51,0.9879800113955097,20.488511993370654,0.0,0.0,0.99,8,exponential
q_learning,shaped_seed5,shaped,5,4a77b6e251,500,225,-89.24999999999996,-97.41499999999978,0.36751125485715885,0.15,0,out_of_energy,0,0,1,0,68,6,0,0,1,45,0.7623669510112941,17.647273947947895,0.0,0.0,0.99,8,exponential
q_learning,shaped_seed5,shaped,5,4a77b6e251,501,225,-97.24999999999977,-97.05499999999978,0.36677623234744455,0.15,0,out_of_energy,0,0,1,0,68,8,0,0,1,45,0.7434273269334503,20.199554481214626,0.0,0.0,0.99,8,exponential
q_learning,shaped_seed5,shaped,5,4a77b6e251,502,225,-103.24999999999963,-96.90499999999979,0.3660426798827497,0.15,0,out_of_energy,0,0,1,0,72,9,0,0,1,48,0.7888593761348619,20.360862475926073,0.0,0.0,0.99,8,exponential
q_learning,shaped_seed5,shaped,5,4a77b6e251,503,225,-83.24999999999984,-96.75999999999978,0.3653105945229842,0.15,0,out_of_energy,0,0,1,0,82,2,0,0,1,59,0.7418658461868265,17.127396319316347,0.0,0.0,0.99,8,exponential
q_learning,shaped_seed5,shaped,5,4a77b6e251,504,225,-80.24999999999997,-96.45499999999979,0.3645799733339382,0.15,0,out_of_energy,0,0,1,0,70,4,0,0,1,48,0.7219524888227551,20.079748372187364,0.0,0.0,0.99,8,exponential
q_learning,shaped_seed5,shaped,5,4a77b6e251,505,225,-59.25000000000006,-96.15499999999979,0.3638508133872703,0.15,0,out_of_energy,0,0,1,0,64,2,0,0,1,45,0.6308809503755898,17.408925621728102,0.0,0.0,0.99,8,exponential
q_learning,shaped_seed5,shaped,5,4a77b6e251,506,225,-95.24999999999977,-96.06499999999978,0.3631231117604958,0.15,0,out_of_energy,0,0,1,0,80,5,0,0,1,52,0.7812958811122593,17.16047013117076,0.0,0.0,0.99,8,exponential
q_learning,shaped_seed5,shaped,5,4a77b6e251,507,225,-90.74999999999973,-95.91499999999978,0.3623968655369748,0.15,0,out_of_energy,0,0,1,0,63,7,0,0,1,47,0.7849912699990649,15.93537634068063,0.0,0.0,0.99,8,exponential
q_learning,shaped_seed5,shaped,5,4a77b6e251,508,225,-107.24999999999979,-95.91499999999978,0.3616720718059009,0.15,0,out_of_energy,0,0,1,0,76,8,0,0,1,52,0.8218688443024307,16.230350805933703,0.0,0.0,0.99,8,exponential
q_learning,shaped_seed5,shaped,5,4a77b6e251,509,225,-103.74999999999972,-95.82499999999978,0.3609487276622891,0.15,0,out_of_energy,0,0,1,0,81,7,0,0,1,56,0.8076526711808886,21.164619949598322,0.0,0.0,0.99,8,exponential
q_learning,shaped_seed5,shaped,5,4a77b6e251,510,225,-78.24999999999966,-95.74999999999979,0.3602268302069645,0.15,0,out_of_energy,0,0,1,0,54,8,0,0,1,42,0.7678424924777846,20.55,0.0,0.0,0.99,8,exponential
q_learning,shaped_seed5,shaped,5,4a77b6e251,511,225,-83.24999999999984,-95.54999999999978,0.35950637654655054,0.15,0,out_of_energy,0,0,1,0,72,5,0,0,1,54,0.7122418256199802,19.994268470319074,0.0,0.0,0.99,8,exponential
q_learning,shaped_seed5,shaped,5,4a77b6e251,512,225,-88.24999999999996,-95.61499999999978,0.35878736379345744,0.15,0,out_of_energy,0,0,1,0,68,7,0,0,1,45,0.8516198801677236,24.371125,0.0,0.0,0.99,8,exponential
q_learning,shaped_seed5,shaped,5,4a77b6e251,513,225,-110.24999999999987,-95.95999999999978,0.3580697890658705,0.15,0,out_of_energy,0,0,1,0,76,9,0,0,1,32,0.8053670508234713,19.26152737329727,0.0,0.0,0.99,8,exponential
q_learning,shaped_seed5,shaped,5,4a77b6e251,514,225,-72.24999999999994,-96.01999999999978,0.35735364948773873,0.15,0,out_of_energy,0,0,1,0,70,3,0,0,1,46,0.6073228722405635,18.882593514670916,0.0,0.0,0.99,8,exponential
q_learning,shaped_seed5,shaped,5,4a77b6e251,515,225,-94.74999999999979,-95.26499999999976,0.35663894218876324,0.15,0,out_of_energy,0,0,1,0,73,6,0,0,1,50,0.7872350207025024,16.703020958811948,0.0,0.0,0.99,8,exponential
q_learning,shaped_seed5,shaped,5,4a77b6e251,516,225,-96.24999999999997,-95.27499999999978,0.3559256643043857,0.15,0,out_of_energy,0,0,1,0,70,8,0,0,1,47,0.8346483572856732,19.77224065866846,0.0,0.0,0.99,8,exponential
q_learning,shaped_seed5,shaped,5,4a77b6e251,517,225,-115.7499999999998,-95.58999999999978,0.3552138129757769,0.15,0,out_of_energy,0,0,1,0,79,10,0,0,1,44,0.8276494669281406,19.392500000000002,0.0,0.0,0.99,8,exponential
q_learning,shaped_seed5,shaped,5,4a77b6e251,518,225,-113.2499999999997,-95.50499999999978,0.35450338534982534,0.15,0,out_of_energy,0,0,1,0,76,10,0,0,1,50,0.7498497290503437,19.96908148288523,0.0,0.0,0.99,8,exponential
q_learning,shaped_seed5,shaped,5,4a77b6e251,519,225,-61.749999999999986,-95.27499999999978,0.3537943785791257,0.15,0,out_of_energy,0,0,1,0,65,3,0,0,1,40,0.6850897266361914,19.392500000000002,0.0,0.0,0.99,8,exponential
q_learning,shaped_seed5,shaped,5,4a77b6e251,520,225,-79.74999999999984,-94.97499999999978,0.35308678982196745,0.15,0,out_of_energy,0,0,1,0,73,4,0,0,1,43,0.7036646400432939,21.030191619354078,0.0,0.0,0.99,8,exponential
q_learning,shaped_seed5,shaped,5,4a77b6e251,521,225,-74.24999999999974,-94.82999999999979,0.35238061624232353,0.15,0,out_of_energy,0,0,1,0,66,5,0,0,1,39,0.7343209655208779,20.892500000000002,0.0,0.0,0.99,8,exponential
q_learning,shaped_seed5,shaped,5,4a77b6e251,522,225,-84.74999999999999,-94.6249999999998,0.3516758550098389,0.15,0,out_of_energy,0,0,1,0,67,7,0,0,1,41,0.7735322595469278,20.405579439375,0.0,0.0,0.99,8,exponential
q_learning,shaped_seed5,shaped,5,4a77b6e251,523,225,-86.74999999999983,-94.5199999999998,0.3509725032998192,0.15,0,out_of_energy,0,0,1,0,61,9,0,0,1,48,0.7947174706729047,19.392500000000002,0.0,0.0,0.99,8,exponential
q_learning,shaped_seed5,shaped,5,4a77b6e251,524,225,-87.2499999999998,-94.12999999999978,0.35027055829321957,0.15,0,out_of_energy,0,0,1,0,68,5,0,0,1,52,0.7001881163657802,17.352811634699442,0.0,0.0,0.99,8,exponential
q_learning,shaped_seed5,shaped,5,4a77b6e251,525,225,-76.24999999999989,-94.04499999999979,0.3495700171766331,0.15,0,out_of_energy,0,0,1,0,70,5,0,0,1,46,0.7543009359255598,20.47752375,0.0,0.0,0.99,8,exponential
q_learning,shaped_seed5,shaped,5,4a77b6e251,526,225,-91.24999999999977,-94.1099999999998,0.3488708771422798,0.15,0,out_of_energy,0,0,1,0,64,8,0,0,1,26,0.76544149175645,18.721683877407145,0.0,0.0,0.99,8,exponential
q_learning,shaped_seed5,shaped,5,4a77b6e251,527,225,-62.750000000000014,-94.1299999999998,0.34817313538799527,0.15,0,out_of_energy,0,0,1,0,51,5,0,0,1,48,0.7032814247059577,20.374511643228875,0.0,0.0,0.99,8,exponential
q_learning,shaped_seed5,shaped,5,4a77b6e251,528,225,-97.7499999999995,-94.20499999999979,0.3474767891172193,0.15,0,out_of_energy,0,0,1,0,67,8,0,0,1,49,0.8471148407329328,17.653305640373997,0.0,0.0,0.99,8,exponential
q_learning,shaped_seed5,shaped,5,4a77b6e251,529,225,-58.24999999999993,-93.70999999999978,0.34678183553898484,0.15,0,out_of_energy,0,0,1,0,54,5,0,1,1,39,0.7433676162855184,19.55,0.0,0.0,0.99,8,exponential
q_learning,shaped_seed5,shaped,5,4a77b6e251,530,225,-67.24999999999991,-92.9449999999998,0.34608827186790686,0.15,0,out_of_energy,0,0,1,0,60,4,0,0,1,47,0.6771836048707677,19.459542942196165,0.0,0.0,0.99,8,exponential
q_learning,shaped_seed5,shaped,5,4a77b6e251,531,225,-85.74999999999982,-92.2899999999998,0.34539609532417104,0.15,0,out_of_energy,0,0,1,0,71,6,0,0,1,47,0.7253794929517912,19.551445717678916,0.0,0.0,0.99,8,exponential
q_learning,shaped_seed5,shaped,5,4a77b6e251,532,225,-107.24999999999977,-92.4549999999998,0.3447053031335227,0.15,0,out_of_energy,0,0,1,0,76,9,0,0,1,53,0.8456650136661717,19.329102784982986,0.0,0.0,0.99,8,exponential
q_learning,shaped_seed5,shaped,5,4a77b6e251,533,225,-69.75000000000001,-92.3449999999998,0.3440158925272557,0.15,0,out_of_energy,0,0,1,0,59,5,0,0,1,41,0.7063071569608347,18.42093826442561,0.0,0.0,0.99,8,exponential
q_learning,shaped_seed5,shaped,5,4a77b6e251,534,225,-82.24999999999994,-92.2849999999998,0.3433278607422012,0.15,0,out_of_energy,0,0,1,0,60,8,0,0,1,56,0.8152511855382705,20.6175,0.0,0.0,0.99,8,exponential
q_learning,shaped_seed5,shaped,5,4a77b6e251,535,225,-66.7499999999997,-91.7299999999998,0.34264120502071677,0.15,0,out_of_energy,0,0,1,0,57,6,0,0,1,42,0.7199989635156577,19.396595202838203,0.0,0.0,0.99,8,exponential
q_learning,shaped_seed5,shaped,5,4a77b6e251,536,225,-59.250000000000085,-91.2949999999998,0.3419559226106753,0.15,0,out_of_energy,0,0,1,0,56,3,0,0,1,43,0.6629812822028666,15.452158605263277,0.0,0.0,0.99,8,exponential
q_learning,shaped_seed5,shaped,5,4a77b6e251,537,225,-88.2499999999998,-91.2349999999998,0.34127201076545394,0.15,0,out_of_energy,0,0,1,0,66,7,0,0,1,56,0.738697877222578,17.306392217022264,0.0,0.0,0.99,8,exponential
q_learning,shaped_seed5,shaped,5,4a77b6e251,538,225,-74.74999999999987,-91.1549999999998,0.34058946674392304,0.15,0,out_of_energy,0,0,1,0,67,4,0,0,1,41,0.7257238246894129,18.836658975599647,0.0,0.0,0.99,8,exponential
q_learning,shaped_seed5,shaped,5,4a77b6e251,539,225,-80.24999999999976,-90.9099999999998,0.3399082878104352,0.15,0,out_of_energy,0,0,1,0,74,4,0,0,1,52,0.6742275225756046,18.924949234059415,0.0,0.0,0.99,8,exponential
q_learning,shaped_seed5,shaped,5,4a77b6e251,540,225,-64.74999999999997,-90.45999999999982,0.3392284712348143,0.15,0,out_of_energy,0,0,1,0,57,4,0,0,1,47,0.798183664403912,19.364439687014993,0.0,0.0,0.99,8,exponential
q_learning,shaped_seed5,shaped,5,4a77b6e251,541,225,-96.74999999999977,-90.2999999999998,0.33855001429234466,0.15,0,out_of_energy,0,0,1,0,77,6,0,0,1,47,0.8076854103366767,19.604294706929704,0.0,0.0,0.99,8,exponential
q_learning,shaped_seed5,shaped,5,4a77b6e251,542,225,-89.24999999999977,-90.20999999999982,0.33787291426376,0.15,0,out_of_energy,0,0,1,0,72,5,0,0,1,52,0.6472108238949221,15.492941770227194,0.0,0.0,0.99,8,exponential
q_learning,shaped_seed5,shaped,5,4a77b6e251,543,225,-92.74999999999983,-90.33499999999982,0.33719716843523245,0.15,0,out_of_energy,0,0,1,0,67,7,0,0,1,53,0.8036056112265774,17.704161382268076,0.0,0.0,0.99,8,exponential
q_learning,shaped_seed5,shaped,5,4a77b6e251,544,225,-96.24999999999976,-90.33999999999982,0.336522774098362,0.15,0,out_of_energy,0,0,1,0,74,7,0,0,1,49,0.8080621557419032,19.40266558019893,0.0,0.0,0.99,8,exponential
q_learning,shaped_seed5,shaped,5,4a77b6e251,545,225,-86.74999999999974,-90.48999999999982,0.33584972855016526,0.15,0,out_of_energy,0,0,1,0,75,5,0,0,1,62,0.8127467346264741,18.914975515096614,0.0,0.0,0.99,8,exponential
q_learning,shaped_seed5,shaped,5,4a77b6e251,546,225,-78.24999999999984,-90.23499999999981,0.33517802909306493,0.15,0,out_of_energy,0,0,1,0,62,6,0,0,1,48,0.7034766397398766,18.0903790794255,0.0,0.0,0.99,8,exponential
q_learning,shaped_seed5,shaped,5,4a77b6e251,547,225,-65.75,-89.91499999999982,0.3345076730348788,0.15,0,out_of_energy,0,0,1,0,57,4,0,0,1,43,0.733004670902085,18.56601401334779,0.0,0.0,0.99,8,exponential
q_learning,shaped_seed5,shaped,5,4a77b6e251,548,225,-70.25000000000003,-89.65999999999981,0.33383865768880905,0.15,0,out_of_energy,0,0,1,0,62,4,0,0,1,42,0.7346609653143822,17.932293025647,0.0,0.0,0.99,8,exponential
q_learning,shaped_seed5,shaped,5,4a77b6e251,549,225,-88.24999999999977,-89.63499999999982,0.3331709803734314,0.15,0,out_of_energy,0,0,1,0,74,5,0,0,1,48,0.7564115464811065,19.008239391666358,0.0,0.0,0.99,8,exponential
q_learning,shaped_seed5,shaped,5,4a77b6e251,550,225,-87.24999999999989,-89.6649999999998,0.3325046384126845,0.15,0,out_of_energy,0,0,1,0,74,5,0,0,1,49,0.7245798888841887,19.208468290130636,0.0,0.0,0.99,8,exponential
q_learning,shaped_seed5,shaped,5,4a77b6e251,551,225,-88.2499999999997,-89.8599999999998,0.3318396291358591,0.15,0,out_of_energy,0,0,1,0,76,5,0,0,1,49,0.6883569457013669,16.59906316319013,0.0,0.0,0.99,8,exponential
q_learning,shaped_seed5,shaped,5,4a77b6e251,552,225,-69.74999999999999,-89.57999999999981,0.3311759498775874,0.15,0,out_of_energy,0,0,1,0,59,6,0,0,1,42,0.7385164609059542,20.92133453228538,0.0,0.0,0.99,8,exponential
q_learning,shaped_seed5,shaped,5,4a77b6e251,553,225,-62.75000000000007,-89.36999999999982,0.33051359797783225,0.15,0,out_of_energy,0,0,1,0,67,3,0,0,1,56,0.6949711146538332,19.826998967565228,0.0,0.0,0.99,8,exponential
q_learning,shaped_seed5,shaped,5,4a77b6e251,554,225,-73.74999999999987,-89.23499999999981,0.3298525707818766,0.15,0,out_of_energy,0,0,1,0,65,3,0,0,1,48,0.6740313079623325,15.931549383654598,0.0,0.0,0.99,8,exponential
q_learning,shaped_seed5,shaped,5,4a77b6e251,555,225,-98.24999999999973,-89.44999999999982,0.3291928656403128,0.15,0,out_of_energy,0,0,1,0,66,10,0,0,1,48,0.8497110083030499,20.892500000000002,0.0,0.0,0.99,8,exponential
q_learning,shaped_seed5,shaped,5,4a77b6e251,556,225,-64.74999999999997,-89.02999999999982,0.3285344799090322,0.15,0,out_of_energy,0,0,1,0,59,5,0,0,1,43,0.6695702389360021,19.384670493448755,0.0,0.0,0.99,8,exponential
q_learning,shaped_seed5,shaped,5,4a77b6e251,557,225,-63.249999999999744,-88.74999999999982,0.32787741094921413,0.15,0,out_of_energy,0,0,1,0,52,6,0,0,1,45,0.6704001499605162,20.4675,0.0,0.0,0.99,8,exponential
q_learning,shaped_seed5,shaped,5,4a77b6e251,558,225,-102.74999999999972,-88.99999999999982,0.3272216561273157,0.15,0,out_of_energy,0,0,1,0,69,9,0,0,1,40,0.7427056307448493,18.328871381202465,0.0,0.0,0.99,8,exponential
q_learning,shaped_seed5,shaped,5,4a77b6e251,559,225,-62.249999999999986,-88.43999999999981,0.32656721281506107,0.15,0,out_of_energy,0,0,1,0,56,4,0,0,1,39,0.5827420823175228,19.027302239085802,0.0,0.0,0.99,8,exponential
q_learning,shaped_seed5,shaped,5,4a77b6e251,560,225,-47.25000000000014,-88.05499999999982,0.32591407838943093,0.15,0,out_of_energy,0,0,1,0,50,3,0,0,1,38,0.5988981056504827,20.4675,0.0,0.0,0.99,8,exponential
q_learning,shaped_seed5,shaped,5,4a77b6e251,561,225,-99.74999999999973,-87.87499999999982,0.32526225023265204,0.15,0,out_of_energy,0,0,1,0,63,10,0,0,1,40,0.6628934055632233,18.349996418468663,0.0,0.0,0.99,8,exponential
q_learning,shaped_seed5,shaped,5,4a77b6e251,562,225,-117.74999999999973,-87.85499999999982,0.3246117257321867,0.15,0,out_of_energy,0,0,1,0,53,17,0,0,1,46,0.9062268086477135,16.998405863112392,0.0,0.0,0.99,8,exponential
q_learning,shaped_seed5,shaped,5,4a77b6e251,563,225,-74.24999999999997,-87.62499999999982,0.3239625022807223,0.15,0,out_of_energy,0,0,1,0,64,4,0,0,1,48,0.732512260275274,20.511427849616688,0.0,0.0,0.99,8,exponential
q_learning,shaped_seed5,shaped,5,4a77b6e251,564,225,-97.74999999999973,-88.03499999999981,0.32331457727616086,0.15,0,out_of_energy,0,0,1,0,81,7,0,0,1,56,0.7479531056126034,21.462571132154192,0.0,0.0,0.99,8,exponential
q_learning,shaped_seed5,shaped,5,4a77b6e251,565,225,-69.24999999999997,-87.83999999999982,0.32266794812160854,0.15,0,out_of_energy,0,0,1,0,62,5,0,0,1,44,0.7001432408422579,19.640003198432975,0.0,0.0,0.99,8,exponential
q_learning,shaped_seed5,shaped,5,4a77b6e251,566,225,-72.25000000000001,-87.80999999999982,0.3220226122253653,0.15,0,out_of_energy,0,0,1,0,64,4,0,0,1,43,0.6221265276878906,18.91312276328552,0.0,0.0,0.99,8,exponential
q_learning,shaped_seed5,shaped,5,4a77b6e251,567,225,-74.24999999999994,-87.62499999999982,0.3213785670009146,0.15,0,out_of_energy,0,0,1,0,68,4,0,0,1,44,0.6235487383613625,19.704929628125,0.0,0.0,0.99,8,exponential
q_learning,shaped_seed5,shaped,5,4a77b6e251,568,225,-74.24999999999994,-87.50999999999982,0.3207358098669128,0.15,0,out_of_energy,0,0,1,0,68,4,0,0,1,51,0.6806469585922952,18.302027667185776,0.0,0.0,0.99,8,exponential
q_learning,shaped_seed5,shaped,5,4a77b6e251,569,225,-65.24999999999997,-87.37499999999982,0.320094338247179,0.15,0,out_of_energy,0,0,1,0,68,2,0,0,1,48,0.5951654783088043,17.361664326208036,0.0,0.0,0.99,8,exponential
q_learning,shaped_seed5,shaped,5,4a77b6e251,570,225,-68.24999999999974,-87.10499999999982,0.31945414957068463,0.15,0,out_of_energy,0,0,1,0,60,4,0,0,1,48,0.7097275862062518,18.43261910983827,0.0,0.0,0.99,8,exponential
q_learning,shaped_seed5,shaped,5,4a77b6e251,571,225,-61.75000000000003,-86.19999999999982,0.31881524127154326,0.15,0,out_of_energy,0,0,1,0,65,2,0,0,1,35,0.5987161754340405,19.53421575209515,0.0,0.0,0.99,8,exponential
q_learning,shaped_seed5,shaped,5,4a77b6e251,572,225,-77.7499999999997,-85.86999999999983,0.3181776107890002,0.15,0,out_of_energy,0,0,1,0,57,8,0,0,1,38,0.6609661129714234,20.30346276140462,0.0,0.0,0.99,8,exponential
q_learning,shaped_seed5,shaped,5,4a77b6e251,573,225,-81.74999999999976,-85.47499999999984,0.3175412555674222,0.15,0,out_of_energy,0,0,1,0,57,8,0,0,1,37,0.6464854900881156,18.110323979457117,0.0,0.0,0.99,8,exponential
q_learning,shaped_seed5,shaped,5,4a77b6e251,574,225,-68.74999999999977,-85.29499999999983,0.3169061730562873,0.15,0,out_of_energy,0,0,1,0,67,4,0,0,1,51,0.6700633576469329,18.912419927338608,0.0,0.0,0.99,8,exponential
q_learning,shaped_seed5,shaped,5,4a77b6e251,575,225,-66.24999999999993,-85.31999999999984,0.3162723607101747,0.15,0,out_of_energy,0,0,1,0,70,3,0,0,1,62,0.7249630557868624,18.30827018324398,0.0,0.0,0.99,8,exponential
q_learning,shaped_seed5,shaped,5,4a77b6e251,576,225,-68.24999999999989,-85.06999999999985,0.3156398159887544,0.15,0,out_of_energy,0,0,1,0,58,6,0,0,1,39,0.6403598756133487,20.071754535090253,0.0,0.0,0.99,8,exponential
q_learning,shaped_seed5,shaped,5,4a77b6e251,577,225,-50.250000000000135,-84.53499999999984,0.3150085363567769,0.15,0,out_of_energy,0,0,1,0,60,2,0,0,1,47,0.6880251160258859,19.28499494273947,0.0,0.0,0.99,8,exponential
q_learning,shaped_seed5,shaped,5,4a77b6e251,578,225,-76.74999999999973,-84.41499999999984,0.31437851928406335,0.15,0,out_of_energy,0,0,1,0,59,6,0,0,1,44,0.6949209008106595,16.50615895500774,0.0,0.0,0.99,8,exponential
q_learning,shaped_seed5,shaped,5,4a77b6e251,579,225,-76.74999999999966,-84.47999999999983,0.3137497622454952,0.15,0,out_of_energy,0,0,1,0,61,7,0,0,1,47,0.7387658650848186,20.272826833125002,0.0,0.0,0.99,8,exponential
q_learning,shaped_seed5,shaped,5,4a77b6e251,580,225,-63.74999999999993,-84.17999999999985,0.31312226272100424,0.15,0,out_of_energy,0,0,1,0,53,6,0,0,1,39,0.753300675396401,17.598675468383433,0.0,0.0,0.99,8,exponential
q_learning,shaped_seed5,shaped,5,4a77b6e251,581,225,-87.2499999999997,-83.96999999999984,0.3124960181955622,0.15,0,out_of_energy,0,0,1,0,56,9,0,0,1,46,0.6575212526230084,16.195837037160043,0.0,0.0,0.99,8,exponential
q_learning,shaped_seed5,shaped,5,4a77b6e251,582,225,-71.74999999999997,-83.75499999999984,0.3118710261591711,0.15,0,out_of_energy,0,0,1,0,75,2,0,0,1,54,0.5849714682213975,17.313804450907842,0.0,0.0,0.99,8,exponential
q_learning,shaped_seed5,shaped,5,4a77b6e251,583,225,-68.75000000000004,-83.22999999999983,0.31124728410685276,0.15,0,out_of_energy,0,0,1,0,57,5,0,0,1,47,0.6921540957780623,16.483625,0.0,0.0,0.99,8,exponential
q_learning,shaped_seed5,shaped,5,4a77b6e251,584,225,-85.24999999999994,-83.00999999999985,0.31062478953863903,0.15,0,out_of_energy,0,0,1,0,60,9,0,0,1,44,0.6908614046901951,19.198879988641234,0.0,0.0,0.99,8,exponential
q_learning,shaped_seed5,shaped,5,4a77b6e251,585,225,-105.74999999999984,-83.08999999999983,0.31000353995956176,0.15,0,out_of_energy,0,0,1,0,81,8,0,0,1,50,0.8049761702235623,16.61872886002708,0.0,0.0,0.99,8,exponential
q_learning,shaped_seed5,shaped,5,4a77b6e251,586,225,-113.24999999999969,-83.43999999999986,0.30938353287964265,0.15,0,out_of_energy,0,0,1,0,70,13,0,3,1,47,0.8688867623152357,19.55,0.0,0.0,0.99,8,exponential
q_learning,shaped_seed5,shaped,5,4a77b6e251,587,225,-94.2499999999997,-83.48999999999985,0.30876476581388335,0.15,0,out_of_energy,0,0,1,0,58,10,0,0,1,40,0.7822967628367498,17.99943097443852,0.0,0.0,0.99,8,exponential
q_learning,shaped_seed5,shaped,5,4a77b6e251,588,225,-75.24999999999997,-83.24499999999985,0.3081472362822556,0.15,0,out_of_energy,0,0,1,0,54,7,0,0,1,38,0.6641136069145509,20.108536670468656,0.0,0.0,0.99,8,exponential
q_learning,shaped_seed5,shaped,5,4a77b6e251,589,225,-59.25000000000006,-82.84999999999985,0.3075309418096911,0.15,0,out_of_energy,0,0,1,0,68,2,0,0,1,45,0.6185098366789644,18.7615007790628,0.0,0.0,0.99,8,exponential
q_learning,shaped_seed5,shaped,5,4a77b6e251,590,225,-100.7499999999997,-82.90999999999985,0.3069158799260717,0.15,0,out_of_energy,0,0,1,0,65,10,0,0,1,38,0.7520529968049924,17.12405970962726,0.0,0.0,0.99,8,exponential
q_learning,shaped_seed5,shaped,5,4a77b6e251,591,225,-62.25000000000003,-82.73999999999985,0.3063020481662196,0.15,0,out_of_energy,0,0,1,0,66,2,0,0,1,33,0.6044716031406684,17.832849817449386,0.0,0.0,0.99,8,exponential
q_learning,shaped_seed5,shaped,5,4a77b6e251,592,225,-85.74999999999956,-82.89999999999985,0.30568944406988713,0.15,0,out_of_energy,0,0,1,0,73,5,0,0,1,51,0.7248852876391627,19.33366588206032,0.0,0.0,0.99,8,exponential
q_learning,shaped_seed5,shaped,5,4a77b6e251,593,212,69.89999999999988,-81.44349999999986,0.30507806518174735,0.15,13,success,1,1,0,0,54,4,0,1,1,41,1.1050662030274843,100.45,0.0,0.0,0.99,8,exponential
q_learning,shaped_seed5,shaped,5,4a77b6e251,594,214,85.79999999999993,-78.95299999999986,0.3044679090513839,0.15,11,success,1,1,0,0,48,2,0,1,1,41,1.0814437418876808,85.38250000000001,0.0,0.0,0.99,8,exponential
q_learning,shaped_seed5,shaped,5,4a77b6e251,595,225,-87.74999999999994,-78.77799999999985,0.3038589732332811,0.15,0,out_of_energy,0,0,1,0,71,6,0,0,1,39,0.8250118648203296,17.79686790971576,0.0,0.0,0.99,8,exponential
q_learning,shaped_seed5,shaped,5,4a77b6e251,596,225,-67.25000000000001,-78.55799999999985,0.3032512552868145,0.15,0,out_of_energy,0,0,1,0,72,2,0,0,1,47,0.6402082920773188,16.158197703783333,0.0,0.0,0.99,8,exponential
q_learning,shaped_seed5,shaped,5,4a77b6e251,597,209,49.05000000000004,-77.10999999999986,0.30264475277624087,0.15,16,success,1,1,0,0,65,6,0,1,1,45,1.1703357232634426,72.575125,0.0,0.0,0.99,8,exponential
q_learning,shaped_seed5,shaped,5,4a77b6e251,598,225,-81.74999999999974,-77.03999999999986,0.30203946327068837,0.15,0,out_of_energy,0,0,1,0,69,5,0,0,1,42,0.6840619147847127,17.316470678322844,0.0,0.0,0.99,8,exponential
q_learning,shaped_seed5,shaped,5,4a77b6e251,599,225,-81.2499999999997,-76.80999999999986,0.301435384344147,0.15,0,out_of_energy,0,0,1,0,64,7,0,0,1,38,0.6684748119811443,20.33235969699681,0.0,0.0,0.99,8,exponential
q_learning,shaped_seed5,shaped,5,4a77b6e251,600,225,-59.24999999999997,-76.50999999999986,0.3008325135754587,0.15,0,out_of_energy,0,0,1,0,56,4,0,0,1,45,0.6518648912954816,20.43187244101026,0.0,0.0,0.99,8,exponential
q_learning,shaped_seed5,shaped,5,4a77b6e251,601,225,-77.74999999999987,-76.31499999999987,0.3002308485483078,0.15,0,out_of_energy,0,0,1,0,65,5,0,0,1,49,0.700439522545016,18.09590952852033,0.0,0.0,0.99,8,exponential
q_learning,shaped_seed5,shaped,5,4a77b6e251,602,225,-63.749999999999986,-75.91999999999987,0.2996303868512112,0.15,0,out_of_energy,0,0,1,0,67,2,0,0,1,45,0.5950386462680807,17.734044560853494,0.0,0.0,0.99,8,exponential
q_learning,shaped_seed5,shaped,5,4a77b6e251,603,225,-74.74999999999993,-75.83499999999987,0.29903112607750876,0.15,0,out_of_energy,0,0,1,0,63,5,0,0,1,45,0.7667091846980105,20.247686793841172,0.0,0.0,0.99,8,exponential
q_learning,shaped_seed5,shaped,5,4a77b6e251,604,225,-57.75000000000007,-75.60999999999987,0.29843306382535373,0.15,0,out_of_energy,0,0,1,0,57,3,0,0,1,37,0.6181598018232523,17.519768201713646,0.0,0.0,0.99,8,exponential
q_learning,shaped_seed5,shaped,5,4a77b6e251,605,225,-77.74999999999994,-75.79499999999987,0.29783619769770303,0.15,0,out_of_energy,0,0,1,0,63,5,0,0,1,48,0.6882839028163511,20.62700670718807,0.0,0.0,0.99,8,exponential
q_learning,shaped_seed5,shaped,5,4a77b6e251,606,225,-65.75000000000006,-75.49999999999987,0.2972405253023076,0.15,0,out_of_energy,0,0,1,0,63,4,0,0,1,39,0.6509400568653866,19.6175,0.0,0.0,0.99,8,exponential
q_learning,shaped_seed5,shaped,5,4a77b6e251,607,225,-47.75000000000009,-75.06999999999988,0.296646044251703,0.15,0,out_of_energy,0,0,1,0,55,2,0,0,1,43,0.5664508430475261,20.810288799073035,0.0,0.0,0.99,8,exponential
q_learning,shaped_seed5,shaped,5,4a77b6e251,608,225,-65.74999999999997,-74.65499999999987,0.2960527521631996,0.15,0,out_of_energy,0,0,1,0,53,5,0,0,1,43,0.6334239712486609,20.150425809795323,0.0,0.0,0.99,8,exponential
q_learning,shaped_seed5,shaped,5,4a77b6e251,609,210,82.99999999999994,-72.78749999999987,0.29546064665887317,0.15,15,success,1,1,0,0,46,3,0,2,1,41,1.1652016059785129,61.904497965625,0.0,0.0,0.99,8,exponential
q_learning,shaped_seed5,shaped,5,4a77b6e251,610,225,-74.7499999999997,-72.75249999999988,0.29486972536555545,0.15,0,out_of_energy,0,0,1,0,67,5,0,0,1,45,0.6673634159935584,19.130738683648918,0.0,0.0,0.99,8,exponential
q_learning,shaped_seed5,shaped,5,4a77b6e251,611,225,-77.7499999999998,-72.69749999999989,0.29427998591482435,0.15,0,out_of_energy,0,0,1,0,61,7,0,0,1,44,0.6861713869578823,18.02878377295022,0.0,0.0,0.99,8,exponential
q_learning,shaped_seed5,shaped,5,4a77b6e251,612,225,-70.74999999999993,-72.5224999999999,0.2936914259429947,0.15,0,out_of_energy,0,0,1,0,65,4,0,0,1,30,0.5792779916725609,19.55,0.0,0.0,0.99,8,exponential
q_learning,shaped_seed5,shaped,5,4a77b6e251,613,225,-80.74999999999949,-72.22749999999988,0.2931040430911087,0.15,0,out_of_energy,0,0,1,0,59,8,0,0,1,42,0.7039597441302607,17.344176646118672,0.0,0.0,0.99,8,exponential
q_learning,shaped_seed5,shaped,5,4a77b6e251,614,225,-57.250000000000014,-72.07749999999987,0.2925178350049265,0.15,0,out_of_energy,0,0,1,0,60,3,0,0,1,41,0.612025217766172,18.115091291670367,0.0,0.0,0.99,8,exponential
q_learning,shaped_seed5,shaped,5,4a77b6e251,615,225,-73.74999999999997,-71.86749999999988,0.29193279933491667,0.15,0,out_of_energy,0,0,1,0,61,6,0,0,1,38,0.6599133676084937,20.892500000000002,0.0,0.0,0.99,8,exponential
q_learning,shaped_seed5,shaped,5,4a77b6e251,616,212,80.89999999999989,-70.09599999999986,0.2913489337362468,0.15,13,success,1,1,0,0,48,3,0,1,1,32,1.643656651804564,59.24275213044531,0.0,0.0,0.99,8,exponential
q_learning,shaped_seed5,shaped,5,4a77b6e251,617,225,-63.75000000000004,-69.57599999999988,0.2907662358687743,0.15,0,out_of_energy,0,0,1,0,65,3,0,0,1,49,0.651086499695537,20.940762949469494,0.0,0.0,0.99,8,exponential
q_learning,shaped_seed5,shaped,5,4a77b6e251,618,225,-66.74999999999989,-69.11099999999989,0.2901847033970368,0.15,0,out_of_energy,0,0,1,0,63,3,0,0,1,55,0.6848027998198717,17.053673230416063,0.0,0.0,0.99,8,exponential
q_learning,shaped_seed5,shaped,5,4a77b6e251,619,225,-88.24999999999969,-69.37599999999989,0.2896043339902427,0.15,0,out_of_energy,0,0,1,0,64,8,0,0,1,50,0.7769458732733255,21.423669523534215,0.0,0.0,0.99,8,exponential
q_learning,shaped_seed5,shaped,5,4a77b6e251,620,225,-75.74999999999982,-69.33599999999987,0.2890251253222622,0.15,0,out_of_energy,0,0,1,0,61,6,0,0,1,52,0.814470405682118,15.892087246263234,0.0,0.0,0.99,8,exponential
q_learning,shaped_seed5,shaped,5,4a77b6e251,621,225,-64.75,-69.24099999999989,0.2884470750716177,0.15,0,out_of_energy,0,0,1,0,67,3,0,0,1,58,0.7455256952215955,19.681975028875463,0.0,0.0,0.99,8,exponential
q_learning,shaped_seed5,shaped,5,4a77b6e251,622,203,67.35000000000001,-67.71999999999989,0.2878701809214745,0.15,22,success,1,1,0,0,47,6,0,1,1,40,1.139190897219016,100.45,0.0,0.0,0.99,8,exponential
q_learning,shaped_seed5,shaped,5,4a77b6e251,623,225,-70.24999999999996,-67.55499999999988,0.28729444055963155,0.15,0,out_of_energy,0,0,1,0,58,5,0,0,1,37,0.7092510747421145,19.273828710323414,0.0,0.0,0.99,8,exponential
q_learning,shaped_seed5,shaped,5,4a77b6e251,624,225,-68.74999999999999,-67.36999999999988,0.28671985167851227,0.15,0,out_of_energy,0,0,1,0,61,5,0,0,1,40,0.6880019245966473,19.658119597267515,0.0,0.0,0.99,8,exponential
q_learning,shaped_seed5,shaped,5,4a77b6e251,625,225,-65.24999999999983,-67.25999999999988,0.2861464119751552,0.15,0,out_of_energy,0,0,1,0,68,3,0,0,1,55,0.6328078891132446,17.400991045388366,0.0,0.0,0.99,8,exponential
q_learning,shaped_seed5,shaped,5,4a77b6e251,626,211,68.94999999999989,-65.65799999999989,0.2855741191512049,0.15,14,success,1,1,0,0,55,4,0,1,1,41,1.2734084759340696,50.588979801912195,0.0,0.0,0.99,8,exponential
q_learning,shaped_seed5,shaped,5,4a77b6e251,627,225,-80.24999999999982,-65.8329999999999,0.2850029709129025,0.15,0,out_of_energy,0,0,1,0,62,7,0,0,1,44,0.7078442073081803,20.655797717340594,0.0,0.0,0.99,8,exponential
q_learning,shaped_seed5,shaped,5,4a77b6e251,628,215,69.7499999999999,-64.15799999999989,0.2844329649710767,0.15,10,success,1,1,0,0,59,3,0,2,1,48,1.0916453141759073,43.00063283162537,0.0,0.0,0.99,8,exponential
q_learning,shaped_seed5,shaped,5,4a77b6e251,629,196,41.700000000000266,-63.1584999999999,0.2838640990411345,0.15,29,success,1,1,0,0,48,11,0,2,1,36,1.132599491328068,100.45,0.0,0.0,0.99,8,exponential
q_learning,shaped_seed5,shaped,5,4a77b6e251,630,204,54.300000000000075,-61.9429999999999,0.28329637084305226,0.15,21,success,1,1,0,0,60,6,0,1,1,49,1.941343752959258,49.97765011531853,0.0,0.0,0.99,8,exponential
q_learning,shaped_seed5,shaped,5,4a77b6e251,631,198,77.59999999999994,-60.309499999999886,0.2827297781013662,0.15,27,success,1,1,0,0,42,5,0,1,1,30,1.0467476852020718,56.74872347455275,0.0,0.0,0.99,8,exponential
q_learning,shaped_seed5,shaped,5,4a77b6e251,632,192,90.89999999999996,-58.32799999999989,0.28216431854516344,0.15,33,success,1,1,0,0,44,2,0,1,1,29,1.1690106328165264,100.45,0.0,0.0,0.99,8,exponential
q_learning,shaped_seed5,shaped,5,4a77b6e251,633,212,51.90000000000016,-57.111499999999886,0.2815999899080731,0.15,13,success,1,1,0,0,62,6,0,1,1,52,1.6079491272869901,99.28402898352152,0.0,0.0,0.99,8,exponential
q_learning,shaped_seed5,shaped,5,4a77b6e251,634,211,58.9500000000003,-55.69949999999988,0.281036789928257,0.15,14,success,1,1,0,0,55,6,0,2,1,48,1.3513703292763932,39.32868153471135,0.0,0.0,0.99,8,exponential
q_learning,shaped_seed5,shaped,5,4a77b6e251,635,225,-86.24999999999991,-55.89449999999989,0.2804747163484005,0.15,0,out_of_energy,0,0,1,0,74,6,0,0,1,45,0.7228212317638663,19.277152118492477,0.0,0.0,0.99,8,exponential
q_learning,shaped_seed5,shaped,5,4a77b6e251,636,216,61.70000000000019,-54.68499999999988,0.2799137669157037,0.15,9,success,1,1,0,0,42,8,0,1,1,36,2.0782350768979962,45.48678549556961,0.0,0.0,0.99,8,exponential
q_learning,shaped_seed5,shaped,5,4a77b6e251,637,225,-126.74999999999955,-55.069999999999894,0.2793539393818723,0.15,0,out_of_energy,0,0,1,0,56,8,0,0,0,46,0.6863055282549572,17.570896217366496,0.0,0.0,0.99,8,exponential
q_learning,shaped_seed5,shaped,5,4a77b6e251,638,225,-55.25000000000003,-54.87499999999989,0.2787952315031086,0.15,0,out_of_energy,0,0,1,0,58,3,0,0,1,45,0.5465001377580538,14.790842388580112,0.0,0.0,0.99,8,exponential
q_learning,shaped_seed5,shaped,5,4a77b6e251,639,225,-72.24999999999994,-54.79499999999989,0.27823764104010235,0.15,0,out_of_energy,0,0,1,0,66,4,0,0,1,50,0.6484765923308293,19.674875,0.0,0.0,0.99,8,exponential
q_learning,shaped_seed5,shaped,5,4a77b6e251,640,211,60.95000000000003,-53.53799999999989,0.27768116575802215,0.15,14,success,1,1,0,0,63,4,0,1,1,47,1.0472576857513776,31.634238518049074,0.0,0.0,0.99,8,exponential
q_learning,shaped_seed5,shaped,5,4a77b6e251,641,225,-94.74999999999991,-53.5179999999999,0.2771258034265061,0.15,0,out_of_energy,0,0,1,0,73,7,0,0,1,50,0.7351696910000277,17.502605979122873,0.0,0.0,0.99,8,exponential
q_learning,shaped_seed5,shaped,5,4a77b6e251,642,200,70.49999999999997,-51.92049999999989,0.2765715518196531,0.15,25,success,1,1,0,0,54,4,0,1,1,36,1.0413124388957327,31.75700115363005,0.0,0.0,0.99,8,exponential
q_learning,shaped_seed5,shaped,5,4a77b6e251,643,213,29.85000000000032,-50.69449999999989,0.2760184087160138,0.15,12,success,1,1,0,0,69,9,0,2,1,48,1.849037206111114,52.44311809704227,0.0,0.0,0.99,8,exponential
q_learning,shaped_seed5,shaped,5,4a77b6e251,644,225,-77.74999999999993,-50.509499999999896,0.27546637189858175,0.15,0,out_of_energy,0,0,1,0,75,3,0,0,1,41,0.6605932505477298,19.616327906244887,0.0,0.0,0.99,8,exponential
q_learning,shaped_seed5,shaped,5,4a77b6e251,645,225,-54.25000000000007,-50.1844999999999,0.2749154391547846,0.15,0,out_of_energy,0,0,1,0,56,3,0,0,1,45,0.6396766505657733,20.05641513067253,0.0,0.0,0.99,8,exponential
q_learning,shaped_seed5,shaped,5,4a77b6e251,646,225,-54.75000000000007,-49.9494999999999,0.27436560827647505,0.15,0,out_of_energy,0,0,1,0,57,3,0,0,1,55,0.5870610286741759,18.82326551896316,0.0,0.0,0.99,8,exponential
q_learning,shaped_seed5,shaped,5,4a77b6e251,647,195,54.750000000000234,-48.744499999999896,0.2738168770599221,0.15,30,success,1,1,0,0,55,7,0,1,1,36,1.167754947182783,85.38250000000001,0.0,0.0,0.99,8,exponential
q_learning,shaped_seed5,shaped,5,4a77b6e251,648,225,-66.24999999999989,-48.704499999999896,0.2732692433058022,0.15,0,out_of_energy,0,0,1,0,64,4,0,0,1,42,0.6792886319311945,18.614371364936552,0.0,0.0,0.99,8,exponential
q_learning,shaped_seed5,shaped,5,4a77b6e251,649,225,-62.25,-48.4444999999999,0.2727227048191906,0.15,0,out_of_energy,0,0,1,0,64,3,0,0,1,56,0.7401967871844832,20.72797144538565,0.0,0.0,0.99,8,exponential
q_learning,shaped_seed5,shaped,5,4a77b6e251,650,225,-51.250000000000085,-48.084499999999906,0.27217725940955223,0.15,0,out_of_energy,0,0,1,0,48,4,0,0,1,49,0.6210614406908253,20.43691289130454,0.0,0.0,0.99,8,exponential
q_learning,shaped_seed5,shaped,5,4a77b6e251,651,206,46.200000000000486,-46.7399999999999,0.2716329048907331,0.15,19,success,1,1,0,0,58,8,0,2,1,46,1.0736027917201758,27.263920743074927,0.0,0.0,0.99,8,exponential
q_learning,shaped_seed5,shaped,5,4a77b6e251,652,225,-86.74999999999972,-46.90999999999989,0.2710896390809516,0.15,0,out_of_energy,0,0,1,0,61,8,0,0,1,46,0.7600852145026771,18.608536670468656,0.0,0.0,0.99,8,exponential
q_learning,shaped_seed5,shaped,5,4a77b6e251,653,225,-67.24999999999994,-46.95499999999989,0.2705474598027897,0.15,0,out_of_energy,0,0,1,0,54,6,0,0,1,47,0.6709035856745597,19.339933986749447,0.0,0.0,0.99,8,exponential
q_learning,shaped_seed5,shaped,5,4a77b6e251,654,225,-72.24999999999989,-46.9399999999999,0.27000636488318414,0.15,0,out_of_energy,0,0,1,0,56,6,0,0,1,48,0.7053184825157326,17.757147409924993,0.0,0.0,0.99,8,exponential
q_learning,shaped_seed5,shaped,5,4a77b6e251,655,199,79.54999999999993,-45.16199999999991,0.26946635215341774,0.15,26,success,1,1,0,0,45,4,0,1,1,37,1.05591715233867,60.092450941367716,0.0,0.0,0.99,8,exponential
q_learning,shaped_seed5,shaped,5,4a77b6e251,656,201,89.44999999999999,-43.6199999999999,0.2689274194491109,0.15,24,success,1,1,0,0,45,2,0,1,1,34,1.0768307432195428,54.99600409403792,0.0,0.0,0.99,8,exponential
q_learning,shaped_seed5,shaped,5,4a77b6e251,657,211,70.94999999999993,-42.27799999999991,0.2683895646102127,0.15,14,success,1,1,0,0,43,6,0,1,1,40,1.451950284225842,48.83099101350378,0.0,0.0,0.99,8,exponential
q_learning,shaped_seed5,shaped,5,4a77b6e251,658,209,78.04999999999991,-40.469999999999914,0.2678527854809923,0.15,16,success,1,1,0,0,51,3,0,1,1,36,1.992326211535605,82.78919299452569,0.0,0.0,0.99,8,exponential
q_learning,shaped_seed5,shaped,5,4a77b6e251,659,203,77.34999999999994,-39.073999999999906,0.2673170799100303,0.15,22,success,1,1,0,0,47,4,0,1,1,34,1.1356968064370632,46.03452128782861,0.0,0.0,0.99,8,exponential
q_learning,shaped_seed5,shaped,5,4a77b6e251,660,198,62.60000000000013,-37.97549999999991,0.2667824457502102,0.15,27,success,1,1,0,0,62,4,0,1,1,44,1.1779810932514017,58.465914844403144,0.0,0.0,0.99,8,exponential
q_learning,shaped_seed5,shaped,5,4a77b6e251,661,225,-101.74999999999999,-37.995499999999915,0.2662488808587098,0.15,0,out_of_energy,0,0,1,0,73,9,0,0,1,53,0.8067211402383201,17.612315025326332,0.0,0.0,0.99,8,exponential
q_learning,shaped_seed5,shaped,5,4a77b6e251,662,225,-105.24999999999996,-37.87049999999991,0.26571638309699236,0.15,0,out_of_energy,0,0,1,0,56,13,0,0,1,40,0.8170550639822832,18.81782538058646,0.0,0.0,0.99,8,exponential
q_learning,shaped_seed5,shaped,5,4a77b6e251,663,225,-96.25000000000004,-38.09049999999991,0.26518495033079836,0.15,0,out_of_energy,0,0,1,0,62,10,0,0,1,39,0.7189823807103347,16.55480267657949,0.0,0.0,0.99,8,exponential
q_learning,shaped_seed5,shaped,5,4a77b6e251,664,225,-87.25000000000003,-37.98549999999992,0.2646545804301368,0.15,0,out_of_energy,0,0,1,0,68,7,0,0,1,49,0.7830597926426145,21.40813597053507,0.0,0.0,0.99,8,exponential
q_learning,shaped_seed5,shaped,5,4a77b6e251,665,206,88.19999999999993,-36.410999999999916,0.26412527126927654,0.15,19,success,1,1,0,0,46,2,0,1,1,40,1.757138860662826,62.01220963687972,0.0,0.0,0.99,8,exponential
q_learning,shaped_seed5,shaped,5,4a77b6e251,666,225,-67.24999999999986,-36.36099999999991,0.26359702072673796,0.15,0,out_of_energy,0,0,1,0,64,3,0,0,1,46,0.6862664135221661,18.618763686294884,0.0,0.0,0.99,8,exponential
q_learning,shaped_seed5,shaped,5,4a77b6e251,667,211,58.95000000000011,-35.02899999999991,0.2630698266852845,0.15,14,success,1,1,0,0,45,8,0,2,1,40,1.6577133493626737,57.29729834786012,0.0,0.0,0.99,8,exponential
q_learning,shaped_seed5,shaped,5,4a77b6e251,668,205,61.250000000000085,-33.67399999999991,0.26254368703191394,0.15,20,success,1,1,0,0,53,6,0,1,1,44,1.760408243868176,85.38250000000001,0.0,0.0,0.99,8,exponential
q_learning,shaped_seed5,shaped,5,4a77b6e251,669,206,63.2000000000003,-32.389499999999906,0.2620185996578501,0.15,19,success,1,1,0,0,56,5,0,1,1,51,1.0861643249756545,24.291450627896303,0.0,0.0,0.99,8,exponential
q_learning,shaped_seed5,shaped,5,4a77b6e251,670,193,73.84999999999992,-30.968499999999906,0.2614945624585344,0.15,32,success,1,1,0,0,41,6,0,1,1,38,1.1598341865162307,63.805237773339535,0.0,0.0,0.99,8,exponential
q_learning,shaped_seed5,shaped,5,4a77b6e251,671,225,-125.24999999999962,-31.603499999999908,0.26097157333361737,0.15,0,out_of_energy,0,0,1,0,74,13,0,0,1,48,0.9585161495831598,20.12119289205202,0.0,0.0,0.99,8,exponential
q_learning,shaped_seed5,shaped,5,4a77b6e251,672,192,73.89999999999993,-30.086999999999907,0.2604496301869501,0.15,33,success,1,1,0,0,46,5,0,1,1,36,1.1872666997107666,54.4612754291776,0.0,0.0,0.99,8,exponential
q_learning,shaped_seed5,shaped,5,4a77b6e251,673,225,-72.24999999999999,-29.991999999999912,0.2599287309265762,0.15,0,out_of_energy,0,0,1,0,64,4,0,0,1,41,0.6185438621438419,19.55,0.0,0.0,0.99,8,exponential
q_learning,shaped_seed5,shaped,5,4a77b6e251,674,225,-93.24999999999987,-30.236999999999913,0.259408873464723,0.15,0,out_of_energy,0,0,1,0,48,11,0,0,1,45,0.8300469363658746,20.173143152705393,0.0,0.0,0.99,8,exponential
q_learning,shaped_seed5,shaped,5,4a77b6e251,675,225,-61.25000000000003,-30.186999999999912,0.25889005571779355,0.15,0,out_of_energy,0,0,1,0,50,5,0,0,1,32,0.5890491989896977,16.30237281360024,0.0,0.0,0.99,8,exponential
q_learning,shaped_seed5,shaped,5,4a77b6e251,676,225,-63.24999999999996,-30.136999999999915,0.25837227560635795,0.15,0,out_of_energy,0,0,1,0,64,3,0,0,1,48,0.6698980471750939,20.293757495057513,0.0,0.0,0.99,8,exponential
q_learning,shaped_seed5,shaped,5,4a77b6e251,677,225,-57.25000000000004,-30.206999999999915,0.25785553105514525,0.15,0,out_of_energy,0,0,1,0,54,4,0,0,1,50,0.5843541649029314,19.450533125967368,0.0,0.0,0.99,8,exponential
q_learning,shaped_seed5,shaped,5,4a77b6e251,678,209,75.04999999999993,-28.68899999999992,0.25733981999303496,0.15,16,success,1,1,0,0,49,4,0,1,1,44,1.410969519290131,60.92342839356171,0.0,0.0,0.99,8,exponential
q_learning,shaped_seed5,shaped,5,4a77b6e251,679,184,76.29999999999994,-27.158499999999925,0.2568251403530489,0.15,41,success,1,1,0,0,44,5,0,1,1,31,1.1601817876430762,85.38250000000001,0.0,0.0,0.99,8,exponential
q_learning,shaped_seed5,shaped,5,4a77b6e251,680,225,-56.74999999999996,-27.088499999999932,0.2563114900723428,0.15,0,out_of_energy,0,0,1,0,57,3,0,0,1,41,0.641560706256208,19.342950922985448,0.0,0.0,0.99,8,exponential
q_learning,shaped_seed5,shaped,5,4a77b6e251,681,193,86.84999999999988,-25.347499999999933,0.25579886709219807,0.15,32,success,1,1,0,0,43,3,0,1,1,30,0.9885415927632869,46.29208411480096,0.0,0.0,0.99,8,exponential
q_learning,shaped_seed5,shaped,5,4a77b6e251,682,225,-125.74999999999949,-25.88749999999993,0.25528726935801366,0.15,0,out_of_energy,0,0,1,0,71,14,0,0,1,42,0.9691029783669995,14.800930915633383,0.0,0.0,0.99,8,exponential
q_learning,shaped_seed5,shaped,5,4a77b6e251,683,182,81.39999999999993,-24.38599999999992,0.25477669481929766,0.15,43,success,1,1,0,0,44,4,0,1,1,33,1.1562105613101732,39.34827149758081,0.0,0.0,0.99,8,exponential
q_learning,shaped_seed5,shaped,5,4a77b6e251,684,203,67.34999999999994,-22.85999999999992,0.25426714142965906,0.15,22,success,1,1,0,0,47,6,0,3,1,38,1.556800109266239,74.58907139870713,0.0,0.0,0.99,8,exponential
q_learning,shaped_seed5,shaped,5,4a77b6e251,685,189,83.0499999999999,-20.971999999999927,0.25375860714679976,0.15,36,success,1,1,0,0,47,3,0,1,1,40,1.1503182463344797,66.65905453478575,0.0,0.0,0.99,8,exponential
q_learning,shaped_seed5,shaped,5,4a77b6e251,686,200,75.49999999999993,-19.084499999999927,0.25325108993250617,0.15,25,success,1,1,0,0,44,5,0,1,1,34,1.1362539189068306,51.11019334432879,0.0,0.0,0.99,8,exponential
q_learning,shaped_seed5,shaped,5,4a77b6e251,687,194,81.79999999999993,-17.323999999999934,0.25274458775264114,0.15,31,success,1,1,0,0,48,3,0,1,1,34,1.1972176648084742,43.32379250772532,0.0,0.0,0.99,8,exponential
q_learning,shaped_seed5,shaped,5,4a77b6e251,688,225,-65.25000000000001,-17.22399999999993,0.25223909857713583,0.15,0,out_of_energy,0,0,1,0,62,4,0,0,1,42,0.7149919096459747,18.972657918838582,0.0,0.0,0.99,8,exponential
q_learning,shaped_seed5,shaped,5,4a77b6e251,689,195,44.750000000000014,-16.18399999999993,0.25173462037998157,0.15,30,success,1,1,0,0,55,9,0,1,1,45,1.4830571213220047,76.04486658888271,0.0,0.0,0.99,8,exponential
q_learning,shaped_seed5,shaped,5,4a77b6e251,690,185,85.24999999999994,-14.323999999999934,0.2512311511392216,0.15,40,success,1,1,0,0,35,5,0,1,1,28,1.09483723087065,44.63541531504894,0.0,0.0,0.99,8,exponential
q_learning,shaped_seed5,shaped,5,4a77b6e251,691,209,70.04999999999995,-13.000999999999937,0.25072868883694316,0.15,16,success,1,1,0,0,49,5,0,2,1,43,1.6355111065729009,36.78176762801954,0.0,0.0,0.99,8,exponential
q_learning,shaped_seed5,shaped,5,4a77b6e251,692,196,80.69999999999993,-11.336499999999942,0.2502272314592693,0.15,29,success,1,1,0,0,44,4,0,1,1,38,1.1927349659648503,40.99029949958404,0.0,0.0,0.99,8,exponential
q_learning,shaped_seed5,shaped,5,4a77b6e251,693,210,80.9999999999999,-11.225499999999943,0.24972677699635074,0.15,15,success,1,1,0,0,48,3,0,1,1,35,1.1156747893398766,24.658013260364257,0.0,0.0,0.99,8,exponential
q_learning,shaped_seed5,shaped,5,4a77b6e251,694,195,88.74999999999999,-11.19599999999994,0.24922732344235804,0.15,30,success,1,1,0,0,41,3,0,1,1,33,1.2547560316029642,46.399105708244356,0.0,0.0,0.99,8,exponential
q_learning,shaped_seed5,shaped,5,4a77b6e251,695,225,-55.75000000000004,-10.87599999999994,0.24872886879547332,0.15,0,out_of_energy,0,0,1,0,63,2,0,0,1,55,0.6298833231830594,19.03592061148824,0.0,0.0,0.99,8,exponential
q_learning,shaped_seed5,shaped,5,4a77b6e251,696,203,73.34999999999992,-9.469999999999944,0.24823141105788238,0.15,22,success,1,1,0,0,51,4,0,1,1,42,1.757119053609815,70.93723016950595,0.0,0.0,0.99,8,exponential
q_learning,shaped_seed5,shaped,5,4a77b6e251,697,225,-75.75000000000004,-10.717999999999943,0.2477349482357666,0.15,0,out_of_energy,0,0,1,0,65,5,0,0,1,57,0.7693988967393905,16.494512570432136,0.0,0.0,0.99,8,exponential
q_learning,shaped_seed5,shaped,5,4a77b6e251,698,179,82.54999999999993,-9.074999999999946,0.24723947833929508,0.15,46,success,1,1,0,0,53,2,0,1,1,37,1.2986190368099033,72.575125,0.0,0.0,0.99,8,exponential
q_learning,shaped_seed5,shaped,5,4a77b6e251,699,195,97.75000000000001,-7.28499999999995,0.2467449993826165,0.15,30,success,1,1,0,0,37,2,0,1,1,41,1.2860409239487398,33.542191713792235,0.0,0.0,0.99,8,exponential
q_learning,shaped_seed5,shaped,5,4a77b6e251,700,225,-94.2499999999997,-7.6349999999999465,0.24625150938385126,0.15,0,out_of_energy,0,0,1,0,58,10,0,0,1,47,0.7711300393060783,16.352317563737845,0.0,0.0,0.99,8,exponential
q_learning,shaped_seed5,shaped,5,4a77b6e251,701,225,-46.75000000000008,-7.324999999999949,0.24575900636508355,0.15,0,out_of_energy,0,0,1,0,49,3,0,0,1,43,0.6027347611362309,17.62075302675367,0.0,0.0,0.99,8,exponential
q_learning,shaped_seed5,shaped,5,4a77b6e251,702,202,67.39999999999995,-6.01349999999995,0.24526748835235337,0.15,23,success,1,1,0,0,62,3,0,1,1,55,1.8799074620580867,50.27017940282319,0.0,0.0,0.99,8,exponential
q_learning,shaped_seed5,shaped,5,4a77b6e251,703,198,90.59999999999995,-4.359999999999951,0.24477695337564867,0.15,27,success,1,1,0,0,44,2,0,1,1,34,1.6548745359513566,85.35522427722468,0.0,0.0,0.99,8,exponential
q_learning,shaped_seed5,shaped,5,4a77b6e251,704,204,79.29999999999993,-2.9894999999999503,0.24428739946889738,0.15,21,success,1,1,0,0,40,5,0,3,1,31,2.984299869347725,76.75868526736983,0.0,0.0,0.99,8,exponential
q_learning,shaped_seed5,shaped,5,4a77b6e251,705,199,95.55000000000003,-1.256499999999951,0.24379882466995959,0.15,26,success,1,1,0,0,29,4,0,1,1,32,2.9697726704756287,62.30147054507499,0.0,0.0,0.99,8,exponential
q_learning,shaped_seed5,shaped,5,4a77b6e251,706,192,73.89999999999989,0.14000000000004903,0.24331122702061966,0.15,33,success,1,1,0,0,46,5,0,2,1,41,1.2694656705179999,35.09709679281677,0.0,0.0,0.99,8,exponential
q_learning,shaped_seed5,shaped,5,4a77b6e251,707,205,34.25000000000003,0.960000000000049,0.24282460456657842,0.15,20,success,1,1,0,0,55,11,0,1,1,32,1.5960225610474035,68.82827476601094,0.0,0.0,0.99,8,exponential
q_learning,shaped_seed5,shaped,5,4a77b6e251,708,207,65.15000000000009,2.26900000000005,0.24233895535744526,0.15,18,success,1,1,0,0,49,6,0,3,1,38,2.0816834632102243,55.02877506589356,0.0,0.0,0.99,8,exponential
q_learning,shaped_seed5,shaped,5,4a77b6e251,709,225,-60.249999999999915,0.8365000000000506,0.24185427744673038,0.15,0,out_of_energy,0,0,1,0,56,4,0,0,1,44,0.728154553350455,18.645225717536153,0.0,0.0,0.99,8,exponential
q_learning,shaped_seed5,shaped,5,4a77b6e251,710,191,71.95000000000006,2.3035000000000485,0.24137056889183692,0.15,34,success,1,1,0,0,43,6,0,1,1,40,1.4243611688423987,40.083458884054835,0.0,0.0,0.99,8,exponential
q_learning,shaped_seed5,shaped,5,4a77b6e251,711,225,-90.24999999999969,2.17850000000005,0.24088782775405324,0.15,0,out_of_energy,0,0,1,0,62,9,0,0,1,53,0.7472976761971315,19.905375482613415,0.0,0.0,0.99,8,exponential
q_learning,shaped_seed5,shaped,5,4a77b6e251,712,225,-100.24999999999996,1.8835000000000497,0.24040605209854513,0.15,0,out_of_energy,0,0,1,0,62,10,0,0,1,44,0.8093264827267661,21.05,0.0,0.0,0.99,8,exponential
q_learning,shaped_seed5,shaped,5,4a77b6e251,713,225,-63.24999999999996,2.0585000000000444,0.23992523999434803,0.15,0,out_of_energy,0,0,1,0,56,4,0,0,1,41,0.6289455795140012,20.47752375,0.0,0.0,0.99,8,exponential
q_learning,shaped_seed5,shaped,5,4a77b6e251,714,225,-67.24999999999997,1.9585000000000448,0.23944538951435934,0.15,0,out_of_energy,0,0,1,0,60,4,0,0,1,46,0.6162567733872547,19.15233418188299,0.0,0.0,0.99,8,exponential
q_learning,shaped_seed5,shaped,5,4a77b6e251,715,225,-64.74999999999994,2.048500000000045,0.23896649873533063,0.15,0,out_of_energy,0,0,1,0,51,6,0,0,1,40,0.6775049810112332,18.867884880646923,0.0,0.0,0.99,8,exponential
q_learning,shaped_seed5,shaped,5,4a77b6e251,716,216,57.699999999999996,1.8165000000000462,0.23848856573785998,0.15,9,success,1,1,0,0,66,4,0,1,1,51,1.3542801463355014,29.84438517226399,0.0,0.0,0.99,8,exponential
q_learning,shaped_seed5,shaped,5,4a77b6e251,717,207,67.14999999999999,3.1255000000000472,0.23801158860638427,0.15,18,success,1,1,0,0,47,6,0,1,1,50,1.206870315356753,27.515370596897633,0.0,0.0,0.99,8,exponential
q_learning,shaped_seed5,shaped,5,4a77b6e251,718,198,74.59999999999994,4.539000000000045,0.2375355654291715,0.15,27,success,1,1,0,0,50,4,0,1,1,37,1.340501984962715,31.51670008458686,0.0,0.0,0.99,8,exponential
q_learning,shaped_seed5,shaped,5,4a77b6e251,719,225,-96.74999999999987,4.454000000000043,0.23706049429831316,0.15,0,out_of_energy,0,0,1,0,69,8,0,0,1,39,0.8639785664082762,18.83628791840628,0.0,0.0,0.99,8,exponential
q_learning,shaped_seed5,shaped,5,4a77b6e251,720,194,78.79999999999993,5.999500000000039,0.23658637330971655,0.15,31,success,1,1,0,0,46,4,0,1,1,36,1.503184121210509,25.357652432810127,0.0,0.0,0.99,8,exponential
q_learning,shaped_seed5,shaped,5,4a77b6e251,721,225,-82.24999999999994,5.824500000000041,0.23611320056309712,0.15,0,out_of_energy,0,0,1,0,74,4,0,0,1,44,0.6857027339174814,19.447853673548835,0.0,0.0,0.99,8,exponential
q_learning,shaped_seed5,shaped,5,4a77b6e251,722,203,74.34999999999991,5.894500000000042,0.2356409741619709,0.15,22,success,1,1,0,0,45,5,0,1,1,40,1.0493323157373418,25.370285933442098,0.0,0.0,0.99,8,exponential
q_learning,shaped_seed5,shaped,5,4a77b6e251,723,189,68.04999999999991,7.277500000000039,0.23516969221364697,0.15,36,success,1,1,0,0,57,4,0,2,1,47,1.8969359519954931,68.25712710420768,0.0,0.0,0.99,8,exponential
q_learning,shaped_seed5,shaped,5,4a77b6e251,724,225,-72.24999999999991,7.24250000000004,0.2346993528292197,0.15,0,out_of_energy,0,0,1,0,54,7,0,0,1,52,0.7834117215362092,18.10733834350854,0.0,0.0,0.99,8,exponential
q_learning,shaped_seed5,shaped,5,4a77b6e251,725,195,84.74999999999993,8.742500000000037,0.23422995412356126,0.15,30,success,1,1,0,0,45,3,0,1,1,37,1.5971383814478806,31.806339136424036,0.0,0.0,0.99,8,exponential
q_learning,shaped_seed5,shaped,5,4a77b6e251,726,191,79.9499999999999,8.852500000000038,0.23376149421531414,0.15,34,success,1,1,0,0,45,4,0,3,1,36,1.3520398389111192,20.09465856057728,0.0,0.0,0.99,8,exponential
q_learning,shaped_seed5,shaped,5,4a77b6e251,727,225,-67.7499999999999,8.977500000000036,0.2332939712268835,0.15,0,out_of_energy,0,0,1,0,45,7,0,0,1,43,0.6970754376926582,19.18295694034366,0.0,0.0,0.99,8,exponential
q_learning,shaped_seed5,shaped,5,4a77b6e251,728,225,-60.74999999999994,7.6725000000000385,0.23282738328442973,0.15,0,out_of_energy,0,0,1,0,53,5,0,0,1,51,0.741905519703435,16.729678774544144,0.0,0.0,0.99,8,exponential
q_learning,shaped_seed5,shaped,5,4a77b6e251,729,225,-90.74999999999987,6.348000000000037,0.23236172851786085,0.15,0,out_of_energy,0,0,1,0,67,7,0,0,1,36,0.7004279585799869,19.515894102630156,0.0,0.0,0.99,8,exponential
q_learning,shaped_seed5,shaped,5,4a77b6e251,730,225,-62.74999999999996,5.177500000000035,0.23189700506082514,0.15,0,out_of_energy,0,0,1,0,55,5,0,0,1,47,0.7331613044066999,16.943373254437816,0.0,0.0,0.99,8,exponential
q_learning,shaped_seed5,shaped,5,4a77b6e251,731,225,-100.74999999999986,3.3940000000000383,0.2314332110507035,0.15,0,out_of_energy,0,0,1,0,63,10,0,0,1,45,0.7377595857351392,20.45183604887185,0.0,0.0,0.99,8,exponential
q_learning,shaped_seed5,shaped,5,4a77b6e251,732,200,90.50000000000001,3.3900000000000388,0.23097034462860208,0.15,25,success,1,1,0,0,44,2,0,1,1,44,2.854762909419493,84.54289246635467,0.0,0.0,0.99,8,exponential
q_learning,shaped_seed5,shaped,5,4a77b6e251,733,187,94.15000000000002,3.8125000000000373,0.23050840393934488,0.15,38,success,1,1,0,0,41,2,0,1,1,39,1.3872964059424064,38.04180453504202,0.0,0.0,0.99,8,exponential
q_learning,shaped_seed5,shaped,5,4a77b6e251,734,225,-49.250000000000114,2.730500000000033,0.2300473871314662,0.15,0,out_of_energy,0,0,1,0,46,4,0,0,1,49,0.6429623596389152,17.23450076223834,0.0,0.0,0.99,8,exponential
q_learning,shaped_seed5,shaped,5,4a77b6e251,735,185,79.24999999999993,4.385500000000031,0.22958729235720327,0.15,40,success,1,1,0,0,51,3,0,1,1,43,1.4525597158344545,36.72910751968903,0.0,0.0,0.99,8,exponential
q_learning,shaped_seed5,shaped,5,4a77b6e251,736,225,-80.24999999999999,2.9660000000000286,0.22912811777248887,0.15,0,out_of_energy,0,0,1,0,72,4,0,0,1,46,0.6909256394713076,17.670029204886415,0.0,0.0,0.99,8,exponential
q_learning,shaped_seed5,shaped,5,4a77b6e251,737,225,-73.25000000000001,3.5010000000000248,0.22866986153694388,0.15,0,out_of_energy,0,0,1,0,60,5,0,0,1,47,0.7059354905939444,19.48217585397293,0.0,0.0,0.99,8,exponential
q_learning,shaped_seed5,shaped,5,4a77b6e251,738,225,-54.2500000000001,3.511000000000024,0.22821252181387,0.15,0,out_of_energy,0,0,1,0,56,3,0,0,1,45,0.6768243942806405,17.229734582937976,0.0,0.0,0.99,8,exponential
q_learning,shaped_seed5,shaped,5,4a77b6e251,739,200,76.49999999999993,4.998500000000022,0.22775609677024225,0.15,25,success,1,1,0,0,48,4,0,1,1,46,1.6273753373705933,70.97844375072927,0.0,0.0,0.99,8,exponential
q_learning,shaped_seed5,shaped,5,4a77b6e251,740,188,78.09999999999994,5.170000000000021,0.22730058457670177,0.15,37,success,1,1,0,0,42,5,0,1,1,38,2.57766920258502,65.1974757942326,0.0,0.0,0.99,8,exponential
q_learning,shaped_seed5,shaped,5,4a77b6e251,741,225,-77.24999999999972,5.345000000000023,0.22684598340754836,0.15,0,out_of_energy,0,0,1,0,54,8,0,0,1,49,0.7046522267122363,17.76491162007677,0.0,0.0,0.99,8,exponential
q_learning,shaped_seed5,shaped,5,4a77b6e251,742,196,83.69999999999996,5.477000000000024,0.22639229144073325,0.15,29,success,1,1,0,0,46,3,0,1,1,35,1.1837767056703092,23.450218674915135,0.0,0.0,0.99,8,exponential
q_learning,shaped_seed5,shaped,5,4a77b6e251,743,201,72.44999999999995,5.90300000000002,0.22593950685785177,0.15,24,success,1,1,0,0,47,5,0,2,1,43,1.662159256695993,49.0433349793893,0.0,0.0,0.99,8,exponential
q_learning,shaped_seed5,shaped,5,4a77b6e251,744,176,103.7,7.717500000000019,0.22548762784413606,0.15,49,success,1,1,0,0,32,2,0,1,1,25,1.0950181667039383,24.443006346068636,0.0,0.0,0.99,8,exponential
q_learning,shaped_seed5,shaped,5,4a77b6e251,745,225,-98.24999999999973,7.277500000000023,0.2250366525884478,0.15,0,out_of_energy,0,0,1,0,56,11,0,0,1,45,0.8422901722189464,20.4675,0.0,0.0,0.99,8,exponential
q_learning,shaped_seed5,shaped,5,4a77b6e251,746,199,54.55000000000023,8.370500000000025,0.2245865792832709,0.15,26,success,1,1,0,0,45,9,0,1,1,42,1.5523933256891873,84.71730026446193,0.0,0.0,0.99,8,exponential
q_learning,shaped_seed5,shaped,5,4a77b6e251,747,225,-66.25000000000003,7.160500000000024,0.22413740612470434,0.15,0,out_of_energy,0,0,1,0,66,3,0,0,1,57,0.8763240727705807,18.686259519200497,0.0,0.0,0.99,8,exponential
q_learning,shaped_seed5,shaped,5,4a77b6e251,748,196,76.69999999999993,8.590000000000021,0.22368913131245494,0.15,29,success,1,1,0,0,38,6,0,1,1,34,1.9378094321684463,79.18393447042419,0.0,0.0,0.99,8,exponential
q_learning,shaped_seed5,shaped,5,4a77b6e251,749,183,96.35,10.176000000000021,0.22324175304983002,0.15,42,success,1,1,0,0,29,4,0,1,1,27,1.3528026115487124,26.77445693507478,0.0,0.0,0.99,8,exponential
q_learning,shaped_seed5,shaped,5,4a77b6e251,750,199,76.54999999999991,11.454000000000022,0.22279526954373036,0.15,26,success,1,1,0,0,43,5,0,1,1,37,1.499724506834205,72.575125,0.0,0.0,0.99,8,exponential
q_learning,shaped_seed5,shaped,5,4a77b6e251,751,181,96.45000000000002,11.956500000000016,0.2223496790046429,0.15,44,success,1,1,0,0,39,2,0,1,1,29,1.3449196369446204,56.461192540708524,0.0,0.0,0.99,8,exponential
q_learning,shaped_seed5,shaped,5,4a77b6e251,752,190,76.99999999999989,13.594000000000015,0.2219049796466336,0.15,35,success,1,1,0,0,48,4,0,1,1,39,2.1486999508547924,63.26650707074257,0.0,0.0,0.99,8,exponential
q_learning,shaped_seed5,shaped,5,4a77b6e251,753,205,93.25000000000001,15.199000000000014,0.22146116968734034,0.15,20,success,1,1,0,0,41,2,0,4,1,44,4.77863584664316,74.84987631973257,0.0,0.0,0.99,8,exponential
q_learning,shaped_seed5,shaped,5,4a77b6e251,754,193,85.84999999999994,16.78000000000001,0.22101824734796566,0.15,32,success,1,1,0,0,49,2,0,1,1,46,2.1007494062228966,55.76691946480078,0.0,0.0,0.99,8,exponential
q_learning,shaped_seed5,shaped,5,4a77b6e251,755,200,65.50000000000009,16.639500000000012,0.22057621085326973,0.15,25,success,1,1,0,0,54,5,0,1,1,48,1.3651493020830392,20.7891321154909,0.0,0.0,0.99,8,exponential
q_learning,shaped_seed5,shaped,5,4a77b6e251,756,225,-54.25000000000013,15.202500000000008,0.2201350584315632,0.15,0,out_of_energy,0,0,1,0,56,3,0,0,1,48,0.9618671990225905,16.366446106179268,0.0,0.0,0.99,8,exponential
q_learning,shaped_seed5,shaped,5,4a77b6e251,757,199,63.55000000000023,15.12850000000001,0.21969478831470007,0.15,26,success,1,1,0,0,51,6,0,1,1,43,1.339406130175972,17.13078194645655,0.0,0.0,0.99,8,exponential
q_learning,shaped_seed5,shaped,5,4a77b6e251,758,198,96.60000000000002,15.314000000000014,0.21925539873807068,0.15,27,success,1,1,0,0,38,2,0,1,1,32,2.5845152720769513,61.29374329442808,0.0,0.0,0.99,8,exponential
q_learning,shaped_seed5,shaped,5,4a77b6e251,759,205,58.249999999999964,15.123000000000015,0.21881688794059453,0.15,20,success,1,1,0,0,61,5,0,1,1,51,1.3859912721558512,28.40649294002081,0.0,0.0,0.99,8,exponential
q_learning,shaped_seed5,shaped,5,4a77b6e251,760,198,98.60000000000001,15.483000000000011,0.21837925416471335,0.15,27,success,1,1,0,0,36,2,0,1,1,30,1.7863720900953097,77.9960558092907,0.0,0.0,0.99,8,exponential
q_learning,shaped_seed5,shaped,5,4a77b6e251,761,207,85.14999999999998,17.35200000000001,0.21794249565638393,0.15,18,success,1,1,0,0,49,2,0,2,1,48,1.9246444134873004,74.46712625868034,0.0,0.0,0.99,8,exponential
q_learning,shaped_seed5,shaped,5,4a77b6e251,762,225,77.2499999999999,19.17700000000001,0.21750661066507115,0.15,0,success,1,1,0,0,51,3,0,1,1,55,1.5929018347778954,49.574967758518994,0.0,0.0,0.99,8,exponential
q_learning,shaped_seed5,shaped,5,4a77b6e251,763,193,89.84999999999991,21.03800000000001,0.21707159744374102,0.15,32,success,1,1,0,0,45,2,0,1,1,50,2.181897229481673,55.13204907298311,0.0,0.0,0.99,8,exponential
q_learning,shaped_seed5,shaped,5,4a77b6e251,764,225,-97.24999999999989,20.938000000000017,0.21663745424885353,0.15,0,out_of_energy,0,0,1,0,64,9,0,0,1,36,0.7006298212379912,16.59600029065096,0.0,0.0,0.99,8,exponential
q_learning,shaped_seed5,shaped,5,4a77b6e251,765,204,49.30000000000001,20.549000000000014,0.21620417934035582,0.15,21,success,1,1,0,0,50,9,0,1,1,39,1.3953995717475607,23.811641427438907,0.0,0.0,0.99,8,exponential
q_learning,shaped_seed5,shaped,5,4a77b6e251,766,198,75.59999999999992,21.977500000000013,0.2157717709816751,0.15,27,success,1,1,0,0,44,5,0,1,1,40,1.4922288513165718,21.24040941686213,0.0,0.0,0.99,8,exponential
q_learning,shaped_seed5,shaped,5,4a77b6e251,767,194,85.79999999999993,22.24600000000001,0.21534022743971176,0.15,31,success,1,1,0,0,44,3,0,1,1,41,1.5427003102197998,45.09619059284633,0.0,0.0,0.99,8,exponential
q_learning,shaped_seed5,shaped,5,4a77b6e251,768,225,-70.24999999999989,20.931000000000008,0.21490954698483233,0.15,0,out_of_energy,0,0,1,0,62,5,0,0,1,49,1.0528575177942914,20.031556803680587,0.0,0.0,0.99,8,exponential
q_learning,shaped_seed5,shaped,5,4a77b6e251,769,225,-64.74999999999994,19.651500000000006,0.21447972789086267,0.15,0,out_of_energy,0,0,1,0,41,8,0,0,1,37,0.8967331048194278,26.708340851698516,0.0,0.0,0.99,8,exponential
q_learning,shaped_seed5,shaped,5,4a77b6e251,770,200,76.4999999999999,19.67800000000001,0.21405076843508095,0.15,25,success,1,1,0,0,48,4,0,1,1,40,1.9841189250513884,59.801581219569584,0.0,0.0,0.99,8,exponential
q_learning,shaped_seed5,shaped,5,4a77b6e251,771,189,83.04999999999994,21.761000000000003,0.21362266689821077,0.15,36,success,1,1,0,0,37,5,0,1,1,36,1.8562425348582028,61.68885625,0.0,0.0,0.99,8,exponential
q_learning,shaped_seed5,shaped,5,4a77b6e251,772,194,76.79999999999998,21.79000000000001,0.21319542156441434,0.15,31,success,1,1,0,0,38,6,0,1,1,39,1.6966163880715968,45.02188167587047,0.0,0.0,0.99,8,exponential
q_learning,shaped_seed5,shaped,5,4a77b6e251,773,225,-52.75000000000007,21.985000000000003,0.21276903072128553,0.15,0,out_of_energy,0,0,1,0,45,5,0,0,1,35,0.6188682995554431,17.337678160314397,0.0,0.0,0.99,8,exponential
q_learning,shaped_seed5,shaped,5,4a77b6e251,774,198,70.59999999999994,23.623500000000003,0.21234349265984295,0.15,27,success,1,1,0,0,44,6,0,1,1,35,1.787002429329448,49.551236991023245,0.0,0.0,0.99,8,exponential
q_learning,shaped_seed5,shaped,5,4a77b6e251,775,195,93.74999999999994,25.173500000000008,0.21191880567452326,0.15,30,success,1,1,0,0,41,2,0,1,1,27,2.0620485627488283,52.748674340232355,0.0,0.0,0.99,8,exponential
q_learning,shaped_seed5,shaped,5,4a77b6e251,776,225,-126.74999999999974,24.53850000000001,0.21149496806317422,0.15,0,out_of_energy,0,0,1,0,77,12,0,0,1,57,0.8594187764324918,17.53295570110986,0.0,0.0,0.99,8,exponential
q_learning,shaped_seed5,shaped,5,4a77b6e251,777,225,-93.7499999999999,24.173500000000004,0.21107197812704787,0.15,0,out_of_energy,0,0,1,0,51,12,0,0,1,54,1.011867804290746,15.33795686791078,0.0,0.0,0.99,8,exponential
q_learning,shaped_seed5,shaped,5,4a77b6e251,778,197,79.6499999999999,24.219500000000007,0.21064983417079378,0.15,28,success,1,1,0,0,55,2,0,1,1,47,1.6799737344821635,58.484557472949795,0.0,0.0,0.99,8,exponential
q_learning,shaped_seed5,shaped,5,4a77b6e251,779,186,75.19999999999993,24.208500000000004,0.21022853450245219,0.15,39,success,1,1,0,0,40,6,0,1,1,37,1.5789456767550343,37.903519288057055,0.0,0.0,0.99,8,exponential
q_learning,shaped_seed5,shaped,5,4a77b6e251,780,225,-72.74999999999991,24.048500000000004,0.2098080774334473,0.15,0,out_of_energy,0,0,1,0,55,6,0,0,1,39,0.6490539796300135,20.150781481176004,0.0,0.0,0.99,8,exponential
q_learning,shaped_seed5,shaped,5,4a77b6e251,781,208,67.10000000000004,23.851000000000003,0.20938846127858038,0.15,17,success,1,1,0,0,52,5,0,1,1,51,3.1161666782228448,94.76503733750577,0.0,0.0,0.99,8,exponential
q_learning,shaped_seed5,shaped,5,4a77b6e251,782,197,75.64999999999998,25.865,0.20896968435602323,0.15,28,success,1,1,0,0,49,4,0,1,1,42,1.168565589365469,17.754017768747644,0.0,0.0,0.99,8,exponential
q_learning,shaped_seed5,shaped,5,4a77b6e251,783,194,86.79999999999995,25.919000000000004,0.2085517449873112,0.15,31,success,1,1,0,0,38,4,0,1,1,36,1.1669125076477829,12.027973751863165,0.0,0.0,0.99,8,exponential
q_learning,shaped_seed5,shaped,5,4a77b6e251,784,195,65.75000000000023,25.903000000000002,0.20813464149733657,0.15,30,success,1,1,0,0,49,6,0,1,1,41,1.9576847115077012,53.30993701416463,0.0,0.0,0.99,8,exponential
q_learning,shaped_seed5,shaped,5,4a77b6e251,785,183,97.35000000000001,26.046000000000006,0.2077183722143419,0.15,42,success,1,1,0,0,33,3,0,1,1,33,2.0409357094247706,50.0073081958746,0.0,0.0,0.99,8,exponential
q_learning,shaped_seed5,shaped,5,4a77b6e251,786,203,79.34999999999988,26.0845,0.2073029354699132,0.15,22,success,1,1,0,0,45,4,0,1,1,36,2.5500580206924863,62.00657748870729,0.0,0.0,0.99,8,exponential
q_learning,shaped_seed5,shaped,5,4a77b6e251,787,194,87.79999999999994,26.144500000000004,0.20688832959897338,0.15,31,success,1,1,0,0,42,3,0,1,1,32,1.1713337891647055,28.816299602566044,0.0,0.0,0.99,8,exponential
q_learning,shaped_seed5,shaped,5,4a77b6e251,788,186,88.19999999999993,27.679000000000002,0.20647455293977543,0.15,39,success,1,1,0,0,42,3,0,2,1,37,2.224050060097984,59.26631702149125,0.0,0.0,0.99,8,exponential
q_learning,shaped_seed5,shaped,5,4a77b6e251,789,189,76.04999999999994,27.991999999999997,0.20606160383389588,0.15,36,success,1,1,0,0,49,4,0,1,1,49,1.5122547991837365,73.6233647906134,0.0,0.0,0.99,8,exponential
q_learning,shaped_seed5,shaped,5,4a77b6e251,790,182,67.4000000000002,27.813499999999998,0.2056494806262281,0.15,43,success,1,1,0,0,48,6,0,1,1,38,1.4679711263432447,44.122078357543366,0.0,0.0,0.99,8,exponential
q_learning,shaped_seed5,shaped,5,4a77b6e251,791,193,69.84999999999995,27.811500000000002,0.20523818166497565,0.15,32,success,1,1,0,0,45,6,0,1,1,37,2.083063373662694,52.665049520781245,0.0,0.0,0.99,8,exponential
q_learning,shaped_seed5,shaped,5,4a77b6e251,792,216,80.69999999999995,27.811500000000002,0.2048277053016457,0.15,9,success,1,1,0,0,48,3,0,2,1,46,3.1822091305070423,65.47404672159202,0.0,0.0,0.99,8,exponential
q_learning,shaped_seed5,shaped,5,4a77b6e251,793,200,83.49999999999994,27.836500000000004,0.20441804989104242,0.15,25,success,1,1,0,0,36,5,0,1,1,34,3.5189966267342028,83.96161377685874,0.0,0.0,0.99,8,exponential
q_learning,shaped_seed5,shaped,5,4a77b6e251,794,225,-50.25000000000007,26.446500000000004,0.20400921379126033,0.15,0,out_of_energy,0,0,1,0,62,2,0,1,1,55,1.5193791055617245,88.80830964457067,0.0,0.0,0.99,8,exponential
q_learning,shaped_seed5,shaped,5,4a77b6e251,795,202,91.39999999999995,27.918000000000006,0.20360119536367782,0.15,23,success,1,1,0,0,38,3,0,1,1,31,1.8076792650452769,55.121952360812344,0.0,0.0,0.99,8,exponential
q_learning,shaped_seed5,shaped,5,4a77b6e251,796,225,-54.2500000000001,26.64200000000001,0.20319399297295046,0.15,0,out_of_energy,0,0,1,0,60,2,0,0,1,45,0.7628434907283509,17.12629675116159,0.0,0.0,0.99,8,exponential
q_learning,shaped_seed5,shaped,5,4a77b6e251,797,200,83.49999999999996,28.23450000000001,0.20278760498700457,0.15,25,success,1,1,0,0,36,5,0,1,1,40,1.538879408861011,40.667095652285504,0.0,0.0,0.99,8,exponential
q_learning,shaped_seed5,shaped,5,4a77b6e251,798,200,61.49999999999997,28.02400000000001,0.20238202977703057,0.15,25,success,1,1,0,0,48,7,0,1,1,41,1.9380153469231598,85.42630822724323,0.0,0.0,0.99,8,exponential
q_learning,shaped_seed5,shaped,5,4a77b6e251,799,225,-82.24999999999987,26.224000000000004,0.2019772657174765,0.15,0,out_of_energy,0,0,1,0,56,8,0,0,1,43,0.7280854530753634,16.4058951875,0.0,0.0,0.99,8,exponential
q_learning,shaped_seed5,shaped,5,4a77b6e251,800,196,76.69999999999993,27.933500000000002,0.20157331118604155,0.15,29,success,1,1,0,0,38,6,0,1,1,28,1.4975176803185262,51.01535346569337,0.0,0.0,0.99,8,exponential
q_learning,shaped_seed5,shaped,5,4a77b6e251,801,190,86.99999999999994,29.271000000000004,0.20117016456366946,0.15,35,success,1,1,0,0,48,2,0,1,1,52,2.3117727968732824,54.235360828262586,0.0,0.0,0.99,8,exponential
q_learning,shaped_seed5,shaped,5,4a77b6e251,802,191,86.94999999999989,29.4665,0.20076782423454212,0.15,34,success,1,1,0,0,43,3,0,1,1,36,1.6613424857173877,44.57736488505408,0.0,0.0,0.99,8,exponential
q_learning,shaped_seed5,shaped,5,4a77b6e251,803,195,79.74999999999989,29.358,0.20036628858607303,0.15,30,success,1,1,0,0,45,4,0,2,1,34,2.4421974563460576,66.60891429642778,0.0,0.0,0.99,8,exponential
q_learning,shaped_seed5,shaped,5,4a77b6e251,804,179,94.54999999999997,29.510500000000008,0.19996555600890087,0.15,46,success,1,1,0,0,41,2,0,1,1,29,1.1267401858721435,52.58553728640133,0.0,0.0,0.99,8,exponential
q_learning,shaped_seed5,shaped,5,4a77b6e251,805,201,81.44999999999995,29.369500000000006,0.19956562489688306,0.15,24,success,1,1,0,0,53,2,0,1,1,41,4.043511758066712,61.87362263119622,0.0,0.0,0.99,8,exponential
q_learning,shaped_seed5,shaped,5,4a77b6e251,806,183,87.34999999999994,29.504000000000005,0.1991664936470893,0.15,42,success,1,1,0,0,43,3,0,1,1,36,1.8002071600228715,57.07255680511956,0.0,0.0,0.99,8,exponential
q_learning,shaped_seed5,shaped,5,4a77b6e251,807,183,90.3499999999999,30.065000000000005,0.1987681606597951,0.15,42,success,1,1,0,0,45,2,0,1,1,38,1.6423468051554846,54.772704670852455,0.0,0.0,0.99,8,exponential
q_learning,shaped_seed5,shaped,5,4a77b6e251,808,180,76.49999999999997,30.1785,0.19837062433847552,0.15,45,success,1,1,0,0,44,5,0,1,1,43,1.6826984033621208,53.95545569781417,0.0,0.0,0.99,8,exponential
q_learning,shaped_seed5,shaped,5,4a77b6e251,809,190,87.99999999999994,31.661000000000005,0.19797388308979857,0.15,35,success,1,1,0,0,42,3,0,1,1,36,1.638057175826091,59.8086766907974,0.0,0.0,0.99,8,exponential
q_learning,shaped_seed5,shaped,5,4a77b6e251,810,190,87.99999999999993,31.8215,0.19757793532361898,0.15,35,success,1,1,0,0,42,3,0,1,1,44,1.3386627452563562,17.716386181423434,0.0,0.0,0.99,8,exponential
q_learning,shaped_seed5,shaped,5,4a77b6e251,811,184,85.29999999999995,33.577,0.19718277945297175,0.15,41,success,1,1,0,0,40,4,0,2,1,29,2.2772631038977598,55.633336062413065,0.0,0.0,0.99,8,exponential
q_learning,shaped_seed5,shaped,5,4a77b6e251,812,182,63.40000000000018,35.213499999999996,0.1967884138940658,0.15,43,success,1,1,0,0,52,6,0,1,1,40,1.4485592524098725,50.202926292696446,0.0,0.0,0.99,8,exponential
q_learning,shaped_seed5,shaped,5,4a77b6e251,813,180,78.49999999999994,36.631,0.19639483706627767,0.15,45,success,1,1,0,0,42,5,0,1,1,35,1.4479529060375955,64.2587622599371,0.0,0.0,0.99,8,exponential
q_learning,shaped_seed5,shaped,5,4a77b6e251,814,184,84.29999999999993,38.146499999999996,0.1960020473921451,0.15,41,success,1,1,0,0,46,3,0,1,1,37,1.8085321353388775,76.52726573658768,0.0,0.0,0.99,8,exponential
q_learning,shaped_seed5,shaped,5,4a77b6e251,815,180,81.49999999999993,39.608999999999995,0.1956100432973608,0.15,45,success,1,1,0,0,44,4,0,1,1,32,1.2757809475517148,40.18911629696128,0.0,0.0,0.99,8,exponential
q_learning,shaped_seed5,shaped,5,4a77b6e251,816,189,87.04999999999994,39.90249999999999,0.19521882321076608,0.15,36,success,1,1,0,0,43,3,0,3,1,44,3.885786083775773,82.85651806811583,0.0,0.0,0.99,8,exponential
q_learning,shaped_seed5,shaped,5,4a77b6e251,817,202,85.39999999999993,40.084999999999994,0.19482838556434456,0.15,23,success,1,1,0,0,44,3,0,1,1,36,1.4037809584076737,28.939389006511284,0.0,0.0,0.99,8,exponential
q_learning,shaped_seed5,shaped,5,4a77b6e251,818,220,16.500000000000213,39.50399999999999,0.1944387287932159,0.15,5,success,1,1,0,0,72,11,0,2,1,51,2.4468232307391395,41.273909291573275,0.0,0.0,0.99,8,exponential
q_learning,shaped_seed5,shaped,5,4a77b6e251,819,179,87.54999999999994,41.34699999999999,0.19404985133562946,0.15,46,success,1,1,0,0,43,3,0,1,1,35,1.6781610899076984,52.09722353309072,0.0,0.0,0.99,8,exponential
q_learning,shaped_seed5,shaped,5,4a77b6e251,820,188,84.1,41.39999999999999,0.1936617516329582,0.15,37,success,1,1,0,0,36,5,0,1,1,40,1.696581914932388,40.52103610434705,0.0,0.0,0.99,8,exponential
q_learning,shaped_seed5,shaped,5,4a77b6e251,821,202,89.39999999999993,43.11649999999999,0.19327442812969228,0.15,23,success,1,1,0,0,40,3,0,1,1,36,1.0204594105334623,18.145067625903145,0.0,0.0,0.99,8,exponential
q_learning,shaped_seed5,shaped,5,4a77b6e251,822,225,-77.24999999999996,41.60049999999998,0.1928878792734329,0.15,0,out_of_energy,0,0,1,0,68,4,0,0,1,51,0.726459857895416,18.256257372507953,0.0,0.0,0.99,8,exponential
q_learning,shaped_seed5,shaped,5,4a77b6e251,823,198,65.6000000000001,41.57599999999999,0.19250210351488603,0.15,27,success,1,1,0,0,44,7,0,2,1,38,1.583191427168709,48.3553199715328,0.0,0.0,0.99,8,exponential
q_learning,shaped_seed5,shaped,5,4a77b6e251,824,225,-59.249999999999886,41.705999999999996,0.19211709930785625,0.15,0,out_of_energy,0,0,1,0,62,4,0,1,1,56,2.410146201104751,118.36444718469099,0.0,0.0,0.99,8,exponential
q_learning,shaped_seed5,shaped,5,4a77b6e251,825,210,77.99999999999991,41.63849999999999,0.19173286510924054,0.15,15,success,1,1,0,0,56,2,0,3,1,45,2.962656926037895,51.73071799487758,0.0,0.0,0.99,8,exponential
q_learning,shaped_seed5,shaped,5,4a77b6e251,826,225,-109.74999999999989,39.741499999999995,0.19134939937902207,0.15,0,out_of_energy,0,0,1,0,81,8,0,0,1,52,0.8500475002283251,17.8210621459176,0.0,0.0,0.99,8,exponential
q_learning,shaped_seed5,shaped,5,4a77b6e251,827,187,78.1499999999999,41.20049999999999,0.19096670058026402,0.15,38,success,1,1,0,0,47,4,0,1,1,42,1.6513996904670503,47.21958912322792,0.0,0.0,0.99,8,exponential
q_learning,shaped_seed5,shaped,5,4a77b6e251,828,225,-53.75000000000006,41.27049999999999,0.1905847671791035,0.15,0,out_of_energy,0,0,1,0,55,3,0,0,1,44,0.6475638137385318,17.175797234500386,0.0,0.0,0.99,8,exponential
q_learning,shaped_seed5,shaped,5,4a77b6e251,829,225,-74.24999999999986,41.43549999999999,0.1902035976447453,0.15,0,out_of_energy,0,0,1,0,64,5,0,0,1,48,0.6918475862260592,17.63660885312697,0.0,0.0,0.99,8,exponential
q_learning,shaped_seed5,shaped,5,4a77b6e251,830,199,68.55000000000015,42.74849999999999,0.1898231904494558,0.15,26,success,1,1,0,0,41,7,0,1,1,34,2.000452961392962,46.456193626026774,0.0,0.0,0.99,8,exponential
q_learning,shaped_seed5,shaped,5,4a77b6e251,831,193,88.8499999999999,44.64449999999999,0.1894435440685569,0.15,32,success,1,1,0,0,41,3,0,1,1,37,1.7800662821185163,52.370469177014606,0.0,0.0,0.99,8,exponential
q_learning,shaped_seed5,shaped,5,4a77b6e251,832,225,-83.74999999999986,42.90199999999999,0.1890646569804198,0.15,0,out_of_energy,0,0,1,0,53,9,0,0,1,42,0.7173406472342451,15.324859174297393,0.0,0.0,0.99,8,exponential
q_learning,shaped_seed5,shaped,5,4a77b6e251,833,181,110.45,43.06499999999999,0.18868652766645896,0.15,44,success,1,1,0,0,25,2,0,3,1,19,1.7685051710814612,50.83143240074831,0.0,0.0,0.99,8,exponential
q_learning,shaped_seed5,shaped,5,4a77b6e251,834,198,96.60000000000002,44.52349999999999,0.18830915461112605,0.15,27,success,1,1,0,0,38,2,0,2,1,29,1.8099273501719657,62.30366509471548,0.0,0.0,0.99,8,exponential
q_learning,shaped_seed5,shaped,5,4a77b6e251,835,183,94.35000000000001,44.674499999999995,0.1879325363019038,0.15,42,success,1,1,0,0,41,2,0,1,1,35,1.9020336337730324,46.54657304121829,0.0,0.0,0.99,8,exponential
q_learning,shaped_seed5,shaped,5,4a77b6e251,836,180,92.49999999999994,46.402,0.18755667122929998,0.15,45,success,1,1,0,0,38,3,0,1,1,35,1.9168228160102894,56.173041290645315,0.0,0.0,0.99,8,exponential
q_learning,shaped_seed5,shaped,5,4a77b6e251,837,225,-50.25000000000014,46.632000000000005,0.18718155788684138,0.15,0,out_of_energy,0,0,1,0,52,3,0,0,1,49,0.8614824343068178,21.971158147767476,0.0,0.0,0.99,8,exponential
q_learning,shaped_seed5,shaped,5,4a77b6e251,838,225,-73.74999999999997,46.437,0.1868071947710677,0.15,0,out_of_energy,0,0,1,0,59,6,0,0,1,52,0.6620347448514788,16.854580832364586,0.0,0.0,0.99,8,exponential
q_learning,shaped_seed5,shaped,5,4a77b6e251,839,225,-71.75,44.954499999999996,0.18643358038152555,0.15,0,out_of_energy,0,0,1,0,55,6,0,0,1,46,0.674378918088339,16.10185354499768,0.0,0.0,0.99,8,exponential
q_learning,shaped_seed5,shaped,5,4a77b6e251,840,188,86.09999999999994,45.0345,0.1860607132207625,0.15,37,success,1,1,0,0,44,3,0,1,1,38,1.3170802574766278,43.85208418726802,0.0,0.0,0.99,8,exponential
q_learning,shaped_seed5,shaped,5,4a77b6e251,841,201,77.44999999999995,46.5815,0.18568859179432098,0.15,24,success,1,1,0,0,47,4,0,1,1,35,2.191747615839447,47.87772162285273,0.0,0.0,0.99,8,exponential
q_learning,shaped_seed5,shaped,5,4a77b6e251,842,184,90.29999999999991,46.647499999999994,0.18531721461073233,0.15,41,success,1,1,0,0,40,3,0,1,1,34,1.394106695338826,32.0739498129939,0.0,0.0,0.99,8,exponential
q_learning,shaped_seed5,shaped,5,4a77b6e251,843,184,90.29999999999994,46.82599999999999,0.18494658018151086,0.15,41,success,1,1,0,0,40,3,0,1,1,34,2.228204424327607,73.81403612031234,0.0,0.0,0.99,8,exponential
q_learning,shaped_seed5,shaped,5,4a77b6e251,844,193,86.84999999999991,46.6575,0.18457668702114785,0.15,32,success,1,1,0,0,43,3,0,1,1,42,1.8014020919893514,65.71292519395224,0.0,0.0,0.99,8,exponential
q_learning,shaped_seed5,shaped,5,4a77b6e251,845,178,105.59999999999998,48.696000000000005,0.18420753364710554,0.15,47,success,1,1,0,0,30,2,0,1,1,32,1.211999347912512,42.3440458313626,0.0,0.0,0.99,8,exponential
q_learning,shaped_seed5,shaped,5,4a77b6e251,846,180,76.49999999999993,48.915499999999994,0.18383911857981133,0.15,45,success,1,1,0,0,44,5,0,1,1,37,1.9130593732693044,66.41475045642801,0.0,0.0,0.99,8,exponential
q_learning,shaped_seed5,shaped,5,4a77b6e251,847,193,74.84999999999992,50.326499999999996,0.1834714403426517,0.15,32,success,1,1,0,0,45,5,0,1,1,35,2.2313878886589333,59.63247799053924,0.0,0.0,0.99,8,exponential
q_learning,shaped_seed5,shaped,5,4a77b6e251,848,202,52.4000000000002,50.0835,0.1831044974619664,0.15,23,success,1,1,0,0,52,8,0,1,1,45,2.025400597196404,71.86252860529497,0.0,0.0,0.99,8,exponential
q_learning,shaped_seed5,shaped,5,4a77b6e251,849,192,85.89999999999995,49.978999999999985,0.18273828846704246,0.15,33,success,1,1,0,0,34,5,0,1,1,34,1.9002218719328947,55.79057014623168,0.0,0.0,0.99,8,exponential
q_learning,shaped_seed5,shaped,5,4a77b6e251,850,197,71.64999999999993,49.92999999999999,0.18237281189010837,0.15,28,success,1,1,0,0,53,4,0,1,1,45,2.40938870401023,52.21830718835125,0.0,0.0,0.99,8,exponential
q_learning,shaped_seed5,shaped,5,4a77b6e251,851,204,85.2999999999999,49.818499999999986,0.18200806626632815,0.15,21,success,1,1,0,0,44,3,0,1,1,41,2.6425357047469413,54.09776603032759,0.0,0.0,0.99,8,exponential
q_learning,shaped_seed5,shaped,5,4a77b6e251,852,185,88.24999999999994,49.93099999999998,0.1816440501337955,0.15,40,success,1,1,0,0,37,4,0,2,1,32,1.3768314390584084,43.585490238072566,0.0,0.0,0.99,8,exponential
q_learning,shaped_seed5,shaped,5,4a77b6e251,853,183,98.35000000000002,49.982,0.18128076203352791,0.15,42,success,1,1,0,0,37,2,0,1,1,28,1.4386192211505435,35.42584850057464,0.0,0.0,0.99,8,exponential
q_learning,shaped_seed5,shaped,5,4a77b6e251,854,204,90.3,50.0265,0.18091820050946086,0.15,21,success,1,1,0,0,44,2,0,4,1,39,3.273765497099433,57.20321663546305,0.0,0.0,0.99,8,exponential
q_learning,shaped_seed5,shaped,5,4a77b6e251,855,182,99.39999999999999,50.36549999999999,0.18055636410844195,0.15,43,success,1,1,0,0,36,2,0,1,1,40,2.375813087447201,48.63410645577538,0.0,0.0,0.99,8,exponential
q_learning,shaped_seed5,shaped,5,4a77b6e251,856,184,70.30000000000007,51.611,0.18019525138022507,0.15,41,success,1,1,0,0,50,5,0,1,1,39,1.2946021339703535,31.338063811845792,0.0,0.0,0.99,8,exponential
q_learning,shaped_seed5,shaped,5,4a77b6e251,857,182,93.39999999999998,51.90949999999999,0.17983486087746461,0.15,43,success,1,1,0,0,42,2,0,1,1,32,1.6594940170183847,43.66444521981564,0.0,0.0,0.99,8,exponential
q_learning,shaped_seed5,shaped,5,4a77b6e251,858,187,83.14999999999995,51.77499999999997,0.17947519115570967,0.15,38,success,1,1,0,0,47,3,0,2,1,39,1.6768691950607997,40.515081354635605,0.0,0.0,0.99,8,exponential
q_learning,shaped_seed5,shaped,5,4a77b6e251,859,225,-65.74999999999997,50.53499999999998,0.17911624077339824,0.15,0,out_of_energy,0,0,1,0,57,5,0,0,1,49,0.8584077822176572,14.932825932233001,0.0,0.0,0.99,8,exponential
q_learning,shaped_seed5,shaped,5,4a77b6e251,860,181,81.44999999999995,50.36349999999997,0.17875800829185146,0.15,44,success,1,1,0,0,39,5,0,1,1,33,1.4411849724174772,42.24900530377206,0.0,0.0,0.99,8,exponential
q_learning,shaped_seed5,shaped,5,4a77b6e251,861,177,108.65000000000002,50.59849999999997,0.17840049227526775,0.15,48,success,1,1,0,0,27,2,0,1,1,28,1.329509277545157,35.87522299226477,0.0,0.0,0.99,8,exponential
q_learning,shaped_seed5,shaped,5,4a77b6e251,862,192,86.89999999999995,50.69499999999997,0.1780436912907172,0.15,33,success,1,1,0,0,48,2,0,1,1,44,1.481939665921103,55.13916582043516,0.0,0.0,0.99,8,exponential
q_learning,shaped_seed5,shaped,5,4a77b6e251,863,182,67.40000000000006,50.47049999999999,0.17768760390813576,0.15,43,success,1,1,0,0,48,6,0,1,1,45,2.5870140313391694,89.28100314075867,0.0,0.0,0.99,8,exponential
q_learning,shaped_seed5,shaped,5,4a77b6e251,864,186,75.19999999999992,52.19499999999997,0.17733222870031948,0.15,39,success,1,1,0,0,50,4,0,1,1,37,2.170632778835877,57.34344721380122,0.0,0.0,0.99,8,exponential
q_learning,shaped_seed5,shaped,5,4a77b6e251,865,178,81.59999999999994,52.51799999999999,0.17697756424291883,0.15,47,success,1,1,0,0,44,4,0,1,1,35,2.0637753775171688,84.3277983151301,0.0,0.0,0.99,8,exponential
q_learning,shaped_seed5,shaped,5,4a77b6e251,866,184,86.3,52.62499999999998,0.17662360911443298,0.15,41,success,1,1,0,0,34,5,0,1,1,34,1.6982318261024147,54.03345401613275,0.0,0.0,0.99,8,exponential
q_learning,shaped_seed5,shaped,5,4a77b6e251,867,192,79.89999999999993,52.565999999999995,0.17627036189620413,0.15,33,success,1,1,0,0,40,5,0,2,1,42,1.2824819748076963,19.71381946377838,0.0,0.0,0.99,8,exponential
q_learning,shaped_seed5,shaped,5,4a77b6e251,868,177,102.64999999999999,54.29499999999998,0.17591782117241173,0.15,48,success,1,1,0,0,33,2,0,1,1,33,1.2589062555191768,40.848515265883705,0.0,0.0,0.99,8,exponential
q_learning,shaped_seed5,shaped,5,4a77b6e251,869,192,63.900000000000155,55.58149999999998,0.17556598553006691,0.15,33,success,1,1,0,0,46,7,0,2,1,46,2.895651886749404,52.23029834634878,0.0,0.0,0.99,8,exponential
q_learning,shaped_seed5,shaped,5,4a77b6e251,870,178,74.60000000000011,55.56249999999998,0.1752148535590068,0.15,47,success,1,1,0,0,36,7,0,1,1,32,1.4275339886791272,31.177291197533563,0.0,0.0,0.99,8,exponential
q_learning,shaped_seed5,shaped,5,4a77b6e251,871,184,87.29999999999994,55.60499999999999,0.17486442385188877,0.15,41,success,1,1,0,0,38,4,0,1,1,31,1.5369948205804078,50.386004583687665,0.0,0.0,0.99,8,exponential
q_learning,shaped_seed5,shaped,5,4a77b6e251,872,184,84.29999999999993,55.67999999999999,0.17451469500418498,0.15,41,success,1,1,0,0,46,3,0,1,1,43,2.1296323714095324,46.504998766187214,0.0,0.0,0.99,8,exponential
q_learning,shaped_seed5,shaped,5,4a77b6e251,873,181,79.44999999999989,57.001999999999995,0.17416566561417662,0.15,44,success,1,1,0,0,51,3,0,1,1,45,2.223971426153927,79.67336991220827,0.0,0.0,0.99,8,exponential
q_learning,shaped_seed5,shaped,5,4a77b6e251,874,181,96.45000000000002,57.260499999999986,0.17381733428294827,0.15,44,success,1,1,0,0,29,4,0,1,1,25,2.1178736437541517,59.41890302131167,0.0,0.0,0.99,8,exponential
q_learning,shaped_seed5,shaped,5,4a77b6e251,875,189,87.0499999999999,57.193499999999986,0.17346969961438236,0.15,36,success,1,1,0,0,43,3,0,2,1,41,1.7191021052368571,58.40555315141792,0.0,0.0,0.99,8,exponential
q_learning,shaped_seed5,shaped,5,4a77b6e251,876,205,66.24999999999996,59.12349999999998,0.1731227602151536,0.15,20,success,1,1,0,0,53,5,0,2,1,43,4.546371605024056,76.1577451238967,0.0,0.0,0.99,8,exponential
q_learning,shaped_seed5,shaped,5,4a77b6e251,877,225,-93.24999999999974,59.12849999999999,0.1727765146947233,0.15,0,out_of_energy,0,0,1,0,68,8,0,0,1,55,0.7985407771136761,21.69774130616799,0.0,0.0,0.99,8,exponential
q_learning,shaped_seed5,shaped,5,4a77b6e251,878,187,75.14999999999989,59.08349999999998,0.17243096166533387,0.15,38,success,1,1,0,0,45,5,0,1,1,42,1.241789268414542,26.23206827866816,0.0,0.0,0.99,8,exponential
q_learning,shaped_seed5,shaped,5,4a77b6e251,879,207,83.1499999999999,59.162999999999975,0.1720860997420032,0.15,18,success,1,1,0,0,51,2,0,1,1,45,2.828100457595056,64.73408335531221,0.0,0.0,0.99,8,exponential
q_learning,shaped_seed5,shaped,5,4a77b6e251,880,194,90.7999999999999,60.798499999999976,0.17174192754251918,0.15,31,success,1,1,0,0,44,2,0,1,1,41,1.7264009506737212,62.356016364342295,0.0,0.0,0.99,8,exponential
q_learning,shaped_seed5,shaped,5,4a77b6e251,881,201,82.44999999999993,60.95199999999998,0.17139844368743415,0.15,24,success,1,1,0,0,47,3,0,2,1,43,3.183456431488916,65.62797031945243,0.0,0.0,0.99,8,exponential
q_learning,shaped_seed5,shaped,5,4a77b6e251,882,187,92.15,61.11699999999997,0.17105564680005927,0.15,38,success,1,1,0,0,43,2,0,1,1,34,1.671840151271344,65.44588233787404,0.0,0.0,0.99,8,exponential
q_learning,shaped_seed5,shaped,5,4a77b6e251,883,185,83.24999999999993,61.08149999999998,0.17071353550645915,0.15,40,success,1,1,0,0,47,3,0,1,1,39,1.437032582588963,57.915710697383275,0.0,0.0,0.99,8,exponential
q_learning,shaped_seed5,shaped,5,4a77b6e251,884,187,90.14999999999992,61.32549999999996,0.17037210843544623,0.15,38,success,1,1,0,0,45,2,0,1,1,36,1.6137616210615253,83.59558037716909,0.0,0.0,0.99,8,exponential
q_learning,shaped_seed5,shaped,5,4a77b6e251,885,181,87.4499999999999,61.226499999999966,0.17003136421857534,0.15,44,success,1,1,0,0,43,3,0,1,1,38,2.062685247787797,55.05683974987665,0.0,0.0,0.99,8,exponential
q_learning,shaped_seed5,shaped,5,4a77b6e251,886,179,84.54999999999993,61.27849999999998,0.1696913014901382,0.15,46,success,1,1,0,0,41,4,0,1,1,37,2.191148631305424,51.48571903345707,0.0,0.0,0.99,8,exponential
q_learning,shaped_seed5,shaped,5,4a77b6e251,887,204,65.30000000000001,61.05349999999998,0.16935191888715792,0.15,21,success,1,1,0,0,54,5,0,1,1,43,2.0174057984632556,38.473531606134294,0.0,0.0,0.99,8,exponential
q_learning,shaped_seed5,shaped,5,4a77b6e251,888,193,85.84999999999994,61.029999999999994,0.1690132150493836,0.15,32,success,1,1,0,0,39,4,0,3,1,36,2.635222867656157,45.68611189444488,0.0,0.0,0.99,8,exponential
q_learning,shaped_seed5,shaped,5,4a77b6e251,889,184,92.3,61.19249999999999,0.16867518861928482,0.15,41,success,1,1,0,0,38,3,0,2,1,36,2.577309786888989,57.96473846840614,0.0,0.0,0.99,8,exponential
q_learning,shaped_seed5,shaped,5,4a77b6e251,890,190,84.99999999999997,61.36849999999998,0.16833783824204626,0.15,35,success,1,1,0,0,40,4,0,2,1,46,1.6762793162506873,55.206549859444806,0.0,0.0,0.99,8,exponential
q_learning,shaped_seed5,shaped,5,4a77b6e251,891,179,98.55000000000001,61.65549999999998,0.16800116256556216,0.15,46,success,1,1,0,0,37,2,0,1,1,29,1.1727113529470707,21.47498180869728,0.0,0.0,0.99,8,exponential
q_learning,shaped_seed5,shaped,5,4a77b6e251,892,180,86.49999999999994,61.71349999999998,0.16766516024043104,0.15,45,success,1,1,0,0,44,3,0,1,1,33,1.7051058100481966,35.54329089153552,0.0,0.0,0.99,8,exponential
q_learning,shaped_seed5,shaped,5,4a77b6e251,893,182,85.3999999999999,61.73249999999997,0.16732982991995018,0.15,43,success,1,1,0,0,40,4,0,1,1,43,1.849787648368484,49.07582037214988,0.0,0.0,0.99,8,exponential
q_learning,shaped_seed5,shaped,5,4a77b6e251,894,183,73.35,62.968499999999985,0.1669951702601103,0.15,42,success,1,1,0,0,47,5,0,1,1,38,2.0023596709746014,42.961880203583824,0.0,0.0,0.99,8,exponential
q_learning,shaped_seed5,shaped,5,4a77b6e251,895,189,80.04999999999994,62.85499999999998,0.16666117991959006,0.15,36,success,1,1,0,0,55,2,0,1,1,40,2.447477308631947,57.78297911432568,0.0,0.0,0.99,8,exponential
q_learning,shaped_seed5,shaped,5,4a77b6e251,896,204,66.30000000000001,64.06049999999999,0.16632785755975088,0.15,21,success,1,1,0,0,48,6,0,2,1,45,2.4807447153435342,58.69759817433824,0.0,0.0,0.99,8,exponential
q_learning,shaped_seed5,shaped,5,4a77b6e251,897,180,78.49999999999997,64.0105,0.16599520184463137,0.15,45,success,1,1,0,0,42,5,0,1,1,36,2.083896140939258,33.03893645053134,0.0,0.0,0.99,8,exponential
q_learning,shaped_seed5,shaped,5,4a77b6e251,898,184,78.29999999999994,64.1785,0.16566321144094212,0.15,41,success,1,1,0,0,52,3,0,1,1,46,1.813323442247355,48.4256400818053,0.0,0.0,0.99,8,exponential
q_learning,shaped_seed5,shaped,5,4a77b6e251,899,192,88.8999999999999,65.88999999999999,0.16533188501806023,0.15,33,success,1,1,0,0,46,2,0,2,1,41,2.0693044976846053,64.83794111019425,0.0,0.0,0.99,8,exponential
q_learning,shaped_seed5,shaped,5,4a77b6e251,900,193,93.84999999999998,66.06149999999998,0.1650012212480241,0.15,32,success,1,1,0,0,31,4,0,1,1,31,1.8529397493050286,37.80715653854552,0.0,0.0,0.99,8,exponential
q_learning,shaped_seed5,shaped,5,4a77b6e251,901,182,90.39999999999996,66.09549999999999,0.16467121880552807,0.15,43,success,1,1,0,0,40,3,0,1,1,39,1.3520477902908352,33.53830019946001,0.0,0.0,0.99,8,exponential
q_learning,shaped_seed5,shaped,5,4a77b6e251,902,192,88.89999999999995,66.11499999999998,0.164341876367917,0.15,33,success,1,1,0,0,46,2,0,1,1,42,3.3348932011256163,71.44742081259074,0.0,0.0,0.99,8,exponential
q_learning,shaped_seed5,shaped,5,4a77b6e251,903,183,90.34999999999994,66.22099999999999,0.16401319261518116,0.15,42,success,1,1,0,0,35,4,0,2,1,36,1.698504558303594,48.68425633271593,0.0,0.0,0.99,8,exponential
q_learning,shaped_seed5,shaped,5,4a77b6e251,904,203,85.34999999999995,66.12899999999998,0.1636851662299508,0.15,22,success,1,1,0,0,49,2,0,1,1,40,4.348035498338372,64.13738120475345,0.0,0.0,0.99,8,exponential
q_learning,shaped_seed5,shaped,5,4a77b6e251,905,180,78.49999999999991,66.09949999999999,0.1633577958974909,0.15,45,success,1,1,0,0,42,5,0,1,1,38,1.9896557161090698,56.27972488525154,0.0,0.0,0.99,8,exponential
q_learning,shaped_seed5,shaped,5,4a77b6e251,906,199,70.54999999999997,65.93149999999999,0.1630310803056959,0.15,26,success,1,1,0,0,49,5,0,1,1,48,2.1566012820485394,39.158509215388584,0.0,0.0,0.99,8,exponential
q_learning,shaped_seed5,shaped,5,4a77b6e251,907,181,85.44999999999999,65.88249999999998,0.1627050181450845,0.15,44,success,1,1,0,0,45,3,0,2,1,32,1.7607509436780002,42.607381295693735,0.0,0.0,0.99,8,exponential
q_learning,shaped_seed5,shaped,5,4a77b6e251,908,187,85.14999999999993,65.96899999999998,0.16237960810879434,0.15,38,success,1,1,0,0,45,3,0,1,1,46,2.377691248975949,54.43665838382895,0.0,0.0,0.99,8,exponential
q_learning,shaped_seed5,shaped,5,4a77b6e251,909,197,88.64999999999993,65.97549999999997,0.16205484889257676,0.15,28,success,1,1,0,0,41,3,0,1,1,40,2.3933691736621685,55.94004006438381,0.0,0.0,0.99,8,exponential
q_learning,shaped_seed5,shaped,5,4a77b6e251,910,197,78.64999999999996,65.88199999999998,0.1617307391947916,0.15,28,success,1,1,0,0,51,3,0,1,1,47,2.670570059227963,54.3104855878679,0.0,0.0,0.99,8,exponential
q_learning,shaped_seed5,shaped,5,4a77b6e251,911,202,83.39999999999989,65.86299999999997,0.16140727771640204,0.15,23,success,1,1,0,0,46,3,0,2,1,44,2.0749876563500265,42.358427230324935,0.0,0.0,0.99,8,exponential
q_learning,shaped_seed5,shaped,5,4a77b6e251,912,192,15.900000000000347,65.38799999999998,0.16108446316096922,0.15,33,success,1,1,0,0,44,17,0,1,1,38,3.182599586247058,49.00967225761418,0.0,0.0,0.99,8,exponential
q_learning,shaped_seed5,shaped,5,4a77b6e251,913,203,74.3499999999999,65.34649999999996,0.16076229423464727,0.15,22,success,1,1,0,0,55,3,0,1,1,53,2.396492261311537,43.04957486077382,0.0,0.0,0.99,8,exponential
q_learning,shaped_seed5,shaped,5,4a77b6e251,914,178,84.59999999999991,65.34949999999998,0.16044076964617798,0.15,47,success,1,1,0,0,36,5,0,1,1,30,1.9758761030851257,77.40325486685965,0.0,0.0,0.99,8,exponential
q_learning,shaped_seed5,shaped,5,4a77b6e251,915,180,97.50000000000003,65.50949999999997,0.16011988810688563,0.15,45,success,1,1,0,0,38,2,0,1,1,27,2.6022075012437313,71.28076617745066,0.0,0.0,0.99,8,exponential
q_learning,shaped_seed5,shaped,5,4a77b6e251,916,225,-68.25000000000001,63.95649999999998,0.15979964833067187,0.15,0,out_of_energy,0,0,1,0,60,4,0,0,1,44,0.9321761959578937,17.892500000000002,0.0,0.0,0.99,8,exponential
q_learning,shaped_seed5,shaped,5,4a77b6e251,917,179,82.54999999999993,63.92799999999998,0.15948004903401053,0.15,46,success,1,1,0,0,33,6,0,1,1,31,2.359208024559892,57.087964121213986,0.0,0.0,0.99,8,exponential
q_learning,shaped_seed5,shaped,5,4a77b6e251,918,178,96.6,64.72899999999998,0.1591610889359425,0.15,47,success,1,1,0,0,34,3,0,1,1,35,1.2722446307927728,30.02409330976083,0.0,0.0,0.99,8,exponential
q_learning,shaped_seed5,shaped,5,4a77b6e251,919,181,102.45000000000002,64.87799999999999,0.1588427667580706,0.15,44,success,1,1,0,0,33,2,0,1,1,28,1.9644084558188124,50.378794487082516,0.0,0.0,0.99,8,exponential
q_learning,shaped_seed5,shaped,5,4a77b6e251,920,186,82.19999999999995,64.85899999999998,0.15852508122455447,0.15,39,success,1,1,0,0,38,5,0,1,1,31,2.249788095520552,63.79937551966479,0.0,0.0,0.99,8,exponential
q_learning,shaped_seed5,shaped,5,4a77b6e251,921,187,77.14999999999993,64.73649999999998,0.15820803106210535,0.15,38,success,1,1,0,0,43,5,0,1,1,37,2.1111719567669853,62.09056507693947,0.0,0.0,0.99,8,exponential
q_learning,shaped_seed5,shaped,5,4a77b6e251,922,186,93.2,66.44099999999997,0.15789161499998114,0.15,39,success,1,1,0,0,42,2,0,2,1,39,1.8706616875101554,26.054792803627564,0.0,0.0,0.99,8,exponential
q_learning,shaped_seed5,shaped,5,4a77b6e251,923,177,86.64999999999995,66.65149999999997,0.1575758317699812,0.15,48,success,1,1,0,0,39,4,0,1,1,33,1.7572381047840233,47.11550731322066,0.0,0.0,0.99,8,exponential
q_learning,shaped_seed5,shaped,5,4a77b6e251,924,181,86.44999999999996,68.10849999999996,0.15726068010644123,0.15,44,success,1,1,0,0,39,4,0,2,1,36,1.6561898789853535,44.97471180591657,0.0,0.0,0.99,8,exponential
q_learning,shaped_seed5,shaped,5,4a77b6e251,925,178,100.60000000000001,68.33449999999998,0.15694615874622836,0.15,47,success,1,1,0,0,30,3,0,1,1,25,2.2396947465738757,56.44767263280717,0.0,0.0,0.99,8,exponential
q_learning,shaped_seed5,shaped,5,4a77b6e251,926,180,86.49999999999993,70.29699999999998,0.1566322664287359,0.15,45,success,1,1,0,0,44,3,0,1,1,36,1.6567475177665418,27.598846113891273,0.0,0.0,0.99,8,exponential
q_learning,shaped_seed5,shaped,5,4a77b6e251,927,184,81.29999999999994,70.32849999999999,0.15631900189587844,0.15,41,success,1,1,0,0,44,4,0,1,1,36,3.7612738972575137,58.156511906319224,0.0,0.0,0.99,8,exponential
q_learning,shaped_seed5,shaped,5,4a77b6e251,928,188,96.10000000000002,71.82699999999998,0.1560063638920867,0.15,37,success,1,1,0,0,34,3,0,1,1,29,1.8038914271945408,40.390400703149055,0.0,0.0,0.99,8,exponential
q_learning,shaped_seed5,shaped,5,4a77b6e251,929,184,75.29999999999994,73.32249999999998,0.15569435116430252,0.15,41,success,1,1,0,0,40,6,0,1,1,27,2.001279995068644,36.411187588444676,0.0,0.0,0.99,8,exponential
q_learning,shaped_seed5,shaped,5,4a77b6e251,930,192,98.9,73.62599999999999,0.15538296246197392,0.15,33,success,1,1,0,0,36,2,0,2,1,36,1.7812272137707315,39.89769882005727,0.0,0.0,0.99,8,exponential
q_learning,shaped_seed5,shaped,5,4a77b6e251,931,213,74.84999999999992,73.48599999999999,0.15507219653704996,0.15,12,success,1,1,0,0,49,4,0,1,1,39,1.8974672211787915,78.89903730874052,0.0,0.0,0.99,8,exponential
q_learning,shaped_seed5,shaped,5,4a77b6e251,932,183,96.35000000000001,75.28699999999998,0.15476205214397584,0.15,42,success,1,1,0,0,39,2,0,1,1,37,1.911375540938679,72.66514807081572,0.0,0.0,0.99,8,exponential
q_learning,shaped_seed5,shaped,5,4a77b6e251,933,179,69.55000000000003,74.87799999999999,0.1544525280396879,0.15,46,success,1,1,0,0,41,7,0,1,1,33,2.1519567827077637,51.36659259937575,0.0,0.0,0.99,8,exponential
q_learning,shaped_seed5,shaped,5,4a77b6e251,934,182,83.39999999999995,74.74599999999998,0.1541436229836085,0.15,43,success,1,1,0,0,32,6,0,1,1,32,1.7477134172846611,50.693324650567405,0.0,0.0,0.99,8,exponential
q_learning,shaped_seed5,shaped,5,4a77b6e251,935,189,78.04999999999994,74.58299999999998,0.1538353357376413,0.15,36,success,1,1,0,0,47,4,0,3,1,39,2.7049585776491174,87.55543726653289,0.0,0.0,0.99,8,exponential
q_learning,shaped_seed5,shaped,5,4a77b6e251,936,179,102.55000000000001,74.68349999999998,0.15352766506616602,0.15,46,success,1,1,0,0,33,2,0,1,1,23,1.6981415833119158,56.54731210296957,0.0,0.0,0.99,8,exponential
q_learning,shaped_seed5,shaped,5,4a77b6e251,937,188,85.09999999999997,76.03699999999999,0.15322060973603369,0.15,37,success,1,1,0,0,30,6,0,1,1,30,2.189406251129554,34.566375690270284,0.0,0.0,0.99,8,exponential
q_learning,shaped_seed5,shaped,5,4a77b6e251,938,188,66.10000000000011,77.43549999999999,0.15291416851656162,0.15,37,success,1,1,0,0,54,5,0,1,1,45,2.3512954341892,43.65417417892424,0.0,0.0,0.99,8,exponential
q_learning,shaped_seed5,shaped,5,4a77b6e251,939,189,104.05000000000003,79.19349999999999,0.15260834017952848,0.15,36,success,1,1,0,0,31,2,0,2,1,31,1.6035462541874148,22.159928592347555,0.0,0.0,0.99,8,exponential
q_learning,shaped_seed5,shaped,5,4a77b6e251,940,185,96.25,79.29499999999999,0.15230312349916944,0.15,40,success,1,1,0,0,39,2,0,1,1,44,2.9454246786183957,48.665726574782056,0.0,0.0,0.99,8,exponential
q_learning,shaped_seed5,shaped,5,4a77b6e251,941,177,96.65,79.48699999999998,0.1519985172521711,0.15,48,success,1,1,0,0,39,2,0,1,1,37,1.6891434476808174,40.943570017974736,0.0,0.0,0.99,8,exponential
q_learning,shaped_seed5,shaped,5,4a77b6e251,942,180,94.5,79.52899999999998,0.15169452021766675,0.15,45,success,1,1,0,0,36,3,0,1,1,33,1.662260195997522,45.22768398282756,0.0,0.0,0.99,8,exponential
q_learning,shaped_seed5,shaped,5,4a77b6e251,943,177,94.65000000000002,79.57249999999998,0.1513911311772314,0.15,48,success,1,1,0,0,41,2,0,1,1,25,2.692243713373645,64.23288307666806,0.0,0.0,0.99,8,exponential
q_learning,shaped_seed5,shaped,5,4a77b6e251,944,179,97.54999999999997,79.67949999999998,0.15108834891487694,0.15,46,success,1,1,0,0,33,3,0,1,1,20,1.2215450948884254,12.592402751460241,0.0,0.0,0.99,8,exponential
q_learning,shaped_seed5,shaped,5,4a77b6e251,945,181,77.44999999999993,79.39799999999997,0.15078617221704718,0.15,44,success,1,1,0,0,43,5,0,1,1,35,2.358473939842958,46.51258493506345,0.0,0.0,0.99,8,exponential
q_learning,shaped_seed5,shaped,5,4a77b6e251,946,181,98.45000000000002,79.61749999999998,0.1504845998726131,0.15,44,success,1,1,0,0,37,2,0,1,1,36,1.9388362308798492,40.09052015137116,0.0,0.0,0.99,8,exponential
q_learning,shaped_seed5,shaped,5,4a77b6e251,947,179,98.55000000000003,79.85449999999999,0.15018363067286786,0.15,46,success,1,1,0,0,37,2,0,1,1,43,2.178446554379233,60.80517241319213,0.0,0.0,0.99,8,exponential
q_learning,shaped_seed5,shaped,5,4a77b6e251,948,184,90.29999999999994,80.23349999999998,0.1498832634115221,0.15,41,success,1,1,0,0,40,3,0,1,1,35,1.7813864517756708,37.228402101813074,0.0,0.0,0.99,8,exponential
q_learning,shaped_seed5,shaped,5,4a77b6e251,949,186,88.19999999999999,80.25649999999997,0.14958349688469907,0.15,39,success,1,1,0,0,42,3,0,1,1,40,1.3878780947553193,13.47073073887939,0.0,0.0,0.99,8,exponential
q_learning,shaped_seed5,shaped,5,4a77b6e251,950,180,98.5,80.52499999999998,0.14928432989092968,0.15,45,success,1,1,0,0,32,3,0,1,1,24,2.4478191551740074,50.42084995228702,0.0,0.0,0.99,8,exponential
q_learning,shaped_seed5,shaped,5,4a77b6e251,951,177,102.65,80.69849999999998,0.14898576123114782,0.15,48,success,1,1,0,0,33,2,0,1,1,31,2.137153490465658,82.73395496305827,0.0,0.0,0.99,8,exponential
q_learning,shaped_seed5,shaped,5,4a77b6e251,952,225,-61.250000000000014,79.20349999999998,0.1486877897086855,0.15,0,out_of_energy,0,0,1,0,46,6,0,0,1,48,0.7146270371937304,16.234199881112595,0.0,0.0,0.99,8,exponential
q_learning,shaped_seed5,shaped,5,4a77b6e251,953,183,67.35,78.89349999999999,0.14839041412926815,0.15,42,success,1,1,0,0,43,7,0,1,1,37,2.798850024107866,66.76398704755904,0.0,0.0,0.99,8,exponential
q_learning,shaped_seed5,shaped,5,4a77b6e251,954,179,79.54999999999993,78.78599999999997,0.1480936333010096,0.15,46,success,1,1,0,0,41,5,0,1,1,35,2.165105298632967,55.15948506708594,0.0,0.0,0.99,8,exponential
q_learning,shaped_seed5,shaped,5,4a77b6e251,955,181,88.44999999999997,78.67649999999998,0.1477974460344076,0.15,44,success,1,1,0,0,37,4,0,1,1,26,1.8888264989224692,53.36052113034208,0.0,0.0,0.99,8,exponential
q_learning,shaped_seed5,shaped,5,4a77b6e251,956,179,98.55000000000001,78.95899999999999,0.14750185114233877,0.15,46,success,1,1,0,0,37,2,0,1,1,40,1.9087768806273302,54.27605187172192,0.0,0.0,0.99,8,exponential
q_learning,shaped_seed5,shaped,5,4a77b6e251,957,225,-47.75000000000007,77.54749999999997,0.14720684744005408,0.15,0,out_of_energy,0,0,1,0,49,2,0,0,1,51,0.6274802069147746,20.205635377532072,0.0,0.0,0.99,8,exponential
q_learning,shaped_seed5,shaped,5,4a77b6e251,958,182,88.39999999999998,77.59999999999998,0.14691243374517396,0.15,43,success,1,1,0,0,32,5,0,1,1,25,2.0115275746417556,57.48876214633181,0.0,0.0,0.99,8,exponential
q_learning,shaped_seed5,shaped,5,4a77b6e251,959,182,82.39999999999995,79.08149999999998,0.1466186088776836,0.15,43,success,1,1,0,0,48,3,0,2,1,38,2.3313242220786257,39.89900333816263,0.0,0.0,0.99,8,exponential
q_learning,shaped_seed5,shaped,5,4a77b6e251,960,189,83.04999999999994,79.09749999999997,0.14632537165992823,0.15,36,success,1,1,0,0,47,3,0,1,1,45,1.9534679118526748,69.83030540119938,0.0,0.0,0.99,8,exponential
q_learning,shaped_seed5,shaped,5,4a77b6e251,961,178,99.60000000000001,79.00699999999998,0.14603272091660838,0.15,47,success,1,1,0,0,36,2,0,1,1,32,1.1108964271211865,9.233948426766252,0.0,0.0,0.99,8,exponential
q_learning,shaped_seed5,shaped,5,4a77b6e251,962,225,-54.249999999999986,77.59549999999999,0.14574065547477516,0.15,0,out_of_energy,0,0,1,0,60,2,0,0,1,53,0.6685611909528932,15.332061404659637,0.0,0.0,0.99,8,exponential
q_learning,shaped_seed5,shaped,5,4a77b6e251,963,185,100.25,77.92399999999999,0.1454491741638256,0.15,40,success,1,1,0,0,35,2,0,1,1,28,1.9646601382835729,53.59151996206124,0.0,0.0,0.99,8,exponential
q_learning,shaped_seed5,shaped,5,4a77b6e251,964,177,102.65,78.19849999999998,0.14515827581549795,0.15,48,success,1,1,0,0,33,2,0,1,1,33,2.102272840930396,59.19893664713155,0.0,0.0,0.99,8,exponential
q_learning,shaped_seed5,shaped,5,4a77b6e251,965,181,88.44999999999997,78.26699999999998,0.14486795926386695,0.15,44,success,1,1,0,0,47,2,0,1,1,35,1.6757419833404423,53.386823534076896,0.0,0.0,0.99,8,exponential
q_learning,shaped_seed5,shaped,5,4a77b6e251,966,183,92.35,78.32749999999999,0.1445782233453392,0.15,42,success,1,1,0,0,43,2,0,1,1,42,2.122137699842276,48.57322697571812,0.0,0.0,0.99,8,exponential
q_learning,shaped_seed5,shaped,5,4a77b6e251,967,181,95.45000000000002,78.48299999999998,0.14428906689864854,0.15,44,success,1,1,0,0,35,3,0,1,1,28,1.7040009237603042,29.827025920728907,0.0,0.0,0.99,8,exponential
q_learning,shaped_seed5,shaped,5,4a77b6e251,968,179,100.55000000000001,78.46199999999997,0.14400048876485125,0.15,46,success,1,1,0,0,35,2,0,1,1,34,1.8813968291388254,67.45012368053605,0.0,0.0,0.99,8,exponential
q_learning,shaped_seed5,shaped,5,4a77b6e251,969,183,92.35000000000001,78.74649999999998,0.14371248778732154,0.15,42,success,1,1,0,0,43,2,0,1,1,33,1.884647313367721,45.63485934405628,0.0,0.0,0.99,8,exponential
q_learning,shaped_seed5,shaped,5,4a77b6e251,970,225,-61.75,77.38299999999998,0.14342506281174688,0.15,0,out_of_energy,0,0,1,0,57,4,0,0,1,49,0.7410347605889133,16.489374768488243,0.0,0.0,0.99,8,exponential
q_learning,shaped_seed5,shaped,5,4a77b6e251,971,213,85.84999999999992,77.36849999999998,0.1431382126861234,0.15,12,success,1,1,0,0,43,3,0,1,1,44,3.8508515282373326,86.67302267905208,0.0,0.0,0.99,8,exponential
q_learning,shaped_seed5,shaped,5,4a77b6e251,972,196,93.70000000000002,77.46249999999998,0.14285193626075116,0.15,29,success,1,1,0,0,36,3,0,1,1,40,2.844681055494154,50.360016269997715,0.0,0.0,0.99,8,exponential
q_learning,shaped_seed5,shaped,5,4a77b6e251,973,188,89.09999999999994,77.55899999999998,0.14256623238822966,0.15,37,success,1,1,0,0,36,4,0,2,1,32,2.0361958152996835,37.212621953589235,0.0,0.0,0.99,8,exponential
q_learning,shaped_seed5,shaped,5,4a77b6e251,974,185,89.24999999999996,77.487,0.1422810999234532,0.15,40,success,1,1,0,0,41,3,0,1,1,36,2.6444218422841788,46.147536632637696,0.0,0.0,0.99,8,exponential
q_learning,shaped_seed5,shaped,5,4a77b6e251,975,181,94.45000000000002,77.56099999999998,0.1419965377236063,0.15,44,success,1,1,0,0,41,2,0,3,1,40,2.22145307806148,35.390862795456826,0.0,0.0,0.99,8,exponential
q_learning,shaped_seed5,shaped,5,4a77b6e251,976,187,93.15000000000002,77.82999999999997,0.14171254464815908,0.15,38,success,1,1,0,0,37,3,0,1,1,39,3.01367801231073,70.80911476223356,0.0,0.0,0.99,8,exponential
q_learning,shaped_seed5,shaped,5,4a77b6e251,977,198,66.60000000000011,79.42849999999997,0.14142911955886275,0.15,27,success,1,1,0,0,38,8,0,2,1,43,3.081526739097158,74.09897458585584,0.0,0.0,0.99,8,exponential
q_learning,shaped_seed5,shaped,5,4a77b6e251,978,181,91.44999999999997,79.59149999999998,0.14114626131974503,0.15,44,success,1,1,0,0,39,3,0,1,1,34,2.4710723940784827,45.93881431946328,0.0,0.0,0.99,8,exponential
q_learning,shaped_seed5,shaped,5,4a77b6e251,979,225,-61.74999999999994,78.14249999999997,0.14086396879710555,0.15,0,out_of_energy,0,0,1,0,63,3,0,0,1,50,0.7540632843543312,14.89778005230248,0.0,0.0,0.99,8,exponential
q_learning,shaped_seed5,shaped,5,4a77b6e251,980,194,71.79999999999994,77.95249999999999,0.14058224085951135,0.15,31,success,1,1,0,0,48,5,0,5,1,41,2.1793307706549574,39.346902445680584,0.0,0.0,0.99,8,exponential
q_learning,shaped_seed5,shaped,5,4a77b6e251,981,180,99.50000000000001,78.12299999999999,0.14030107637779232,0.15,45,success,1,1,0,0,26,4,0,1,1,23,2.3121619155531943,45.22871280147326,0.0,0.0,0.99,8,exponential
q_learning,shaped_seed5,shaped,5,4a77b6e251,982,191,90.95,78.11099999999998,0.14002047422503675,0.15,34,success,1,1,0,0,39,3,0,1,1,42,2.2802029175015424,69.44349738556178,0.0,0.0,0.99,8,exponential
q_learning,shaped_seed5,shaped,5,4a77b6e251,983,189,94.05000000000001,78.219,0.13974043327658667,0.15,36,success,1,1,0,0,41,2,0,1,1,44,2.548519430362361,42.31633090223165,0.0,0.0,0.99,8,exponential
q_learning,shaped_seed5,shaped,5,4a77b6e251,984,204,74.29999999999988,78.06049999999999,0.1394609524100335,0.15,21,success,1,1,0,0,50,4,0,1,1,40,2.637463577546428,75.66706430596706,0.0,0.0,0.99,8,exponential
q_learning,shaped_seed5,shaped,5,4a77b6e251,985,184,90.30000000000001,78.08899999999998,0.13918203050521344,0.15,41,success,1,1,0,0,40,3,0,1,1,31,2.207600753687533,32.892664862929486,0.0,0.0,0.99,8,exponential
q_learning,shaped_seed5,shaped,5,4a77b6e251,986,190,90.99999999999999,78.1535,0.13890366644420302,0.15,35,success,1,1,0,0,34,4,0,1,1,38,2.3283507008761704,40.23741300000663,0.0,0.0,0.99,8,exponential
q_learning,shaped_seed5,shaped,5,4a77b6e251,987,178,80.59999999999995,78.3065,0.13862585911131461,0.15,47,success,1,1,0,0,40,5,0,1,1,36,2.658623160137314,63.48908604999245,0.0,0.0,0.99,8,exponential
q_learning,shaped_seed5,shaped,5,4a77b6e251,988,183,77.34999999999994,78.22149999999999,0.138348607393092,0.15,42,success,1,1,0,0,43,5,0,2,1,35,2.39041559037787,54.40610182506471,0.0,0.0,0.99,8,exponential
q_learning,shaped_seed5,shaped,5,4a77b6e251,989,182,99.39999999999999,78.29249999999998,0.1380719101783058,0.15,43,success,1,1,0,0,36,2,0,1,1,44,2.0389816608248315,39.54268226011269,0.0,0.0,0.99,8,exponential
q_learning,shaped_seed5,shaped,5,4a77b6e251,990,187,91.14999999999998,78.35399999999998,0.13779576635794918,0.15,38,success,1,1,0,0,39,3,0,1,1,39,2.3811215254211695,63.939774057196864,0.0,0.0,0.99,8,exponential
q_learning,shaped_seed5,shaped,5,4a77b6e251,991,179,94.54999999999995,78.31399999999998,0.1375201748252333,0.15,46,success,1,1,0,0,41,2,0,1,1,39,2.181308097727554,59.99468146714194,0.0,0.0,0.99,8,exponential
q_learning,shaped_seed5,shaped,5,4a77b6e251,992,192,75.89999999999993,78.20799999999997,0.13724513447558281,0.15,33,success,1,1,0,0,44,5,0,2,1,41,2.5890880884738077,49.44611712846699,0.0,0.0,0.99,8,exponential
q_learning,shaped_seed5,shaped,5,4a77b6e251,993,184,95.29999999999998,78.30699999999997,0.13697064420663166,0.15,41,success,1,1,0,0,40,2,0,1,1,36,1.3370179375700895,39.105711067142096,0.0,0.0,0.99,8,exponential
q_learning,shaped_seed5,shaped,5,4a77b6e251,994,180,97.5,78.54849999999999,0.1366967029182184,0.15,45,success,1,1,0,0,38,2,0,1,1,33,2.1476509590479087,61.65886303309667,0.0,0.0,0.99,8,exponential
q_learning,shaped_seed5,shaped,5,4a77b6e251,995,181,79.44999999999992,78.54249999999998,0.13642330951238196,0.15,44,success,1,1,0,0,41,5,0,1,1,35,2.1602469432770155,51.22182047714623,0.0,0.0,0.99,8,exponential
q_learning,shaped_seed5,shaped,5,4a77b6e251,996,182,74.39999999999998,78.62349999999998,0.1361504628933572,0.15,43,success,1,1,0,0,36,7,0,1,1,32,1.869991847385494,54.45862168082269,0.0,0.0,0.99,8,exponential
q_learning,shaped_seed5,shaped,5,4a77b6e251,997,179,96.54999999999995,78.80399999999997,0.13587816196757047,0.15,46,success,1,1,0,0,29,4,0,1,1,34,2.06270836636081,43.47757815218957,0.0,0.0,0.99,8,exponential
q_learning,shaped_seed5,shaped,5,4a77b6e251,998,186,87.19999999999997,78.89299999999999,0.13560640564363532,0.15,39,success,1,1,0,0,48,2,0,1,1,37,1.947529126372122,31.953184016730013,0.0,0.0,0.99,8,exponential
q_learning,shaped_seed5,shaped,5,4a77b6e251,999,182,85.39999999999993,78.85799999999998,0.13533519283234804,0.15,43,success,1,1,0,0,40,4,0,1,1,35,2.006668829040034,33.80384427140737,0.0,0.0,0.99,8,exponential
q_learning,shaped_seed5,shaped,5,4a77b6e251,1000,181,87.44999999999993,78.79399999999998,0.13506452244668335,0.15,44,success,1,1,0,0,43,3,0,1,1,47,1.4495522767980138,22.34514848967393,0.0,0.0,0.99,8,exponential
q_learning,shaped_seed5,shaped,5,4a77b6e251,1001,179,84.54999999999997,78.73549999999999,0.13479439340178997,0.15,46,success,1,1,0,0,31,6,0,1,1,42,1.7463684754482172,45.26221085043625,0.0,0.0,0.99,8,exponential
q_learning,shaped_seed5,shaped,5,4a77b6e251,1002,182,92.39999999999998,78.77049999999997,0.1345248046149864,0.15,43,success,1,1,0,0,38,3,0,1,1,35,2.4187883380545845,52.46930478055024,0.0,0.0,0.99,8,exponential
q_learning,shaped_seed5,shaped,5,4a77b6e251,1003,180,87.49999999999994,78.74199999999998,0.13425575500575643,0.15,45,success,1,1,0,0,38,4,0,2,1,37,2.139433989547987,55.046293457533345,0.0,0.0,0.99,8,exponential
q_learning,shaped_seed5,shaped,5,4a77b6e251,1004,188,82.09999999999994,78.70949999999998,0.13398724349574492,0.15,37,success,1,1,0,0,48,3,0,1,1,45,1.9498685602417327,54.97019335136051,0.0,0.0,0.99,8,exponential
q_learning,shaped_seed5,shaped,5,4a77b6e251,1005,179,92.54999999999997,78.85,0.13371926900875344,0.15,46,success,1,1,0,0,43,2,0,1,1,44,1.770664796749869,36.13800997109056,0.0,0.0,0.99,8,exponential
q_learning,shaped_seed5,shaped,5,4a77b6e251,1006,185,82.24999999999991,78.96699999999998,0.13345183047073594,0.15,40,success,1,1,0,0,43,4,0,1,1,39,1.88282134001373,43.159091444153475,0.0,0.0,0.99,8,exponential
q_learning,shaped_seed5,shaped,5,4a77b6e251,1007,194,63.80000000000005,78.75049999999999,0.13318492680979446,0.15,31,success,1,1,0,0,46,7,0,1,1,42,3.345287813388282,42.80774586054282,0.0,0.0,0.99,8,exponential
q_learning,shaped_seed5,shaped,5,4a77b6e251,1008,181,78.44999999999995,78.68349999999998,0.13291855695617488,0.15,44,success,1,1,0,0,47,4,0,1,1,45,2.117451685631138,41.641214066210125,0.0,0.0,0.99,8,exponential
q_learning,shaped_seed5,shaped,5,4a77b6e251,1009,185,95.25000000000001,78.74949999999998,0.13265271984226254,0.15,40,success,1,1,0,0,35,3,0,1,1,39,1.9136682334825934,41.8704102714647,0.0,0.0,0.99,8,exponential
q_learning,shaped_seed5,shaped,5,4a77b6e251,1010,184,98.30000000000003,78.94599999999998,0.132387414402578,0.15,41,success,1,1,0,0,32,3,0,1,1,32,2.0694380618643633,34.325800065147675,0.0,0.0,0.99,8,exponential
q_learning,shaped_seed5,shaped,5,4a77b6e251,1011,179,94.55,79.05749999999999,0.13212263957377285,0.15,46,success,1,1,0,0,31,4,0,1,1,30,1.794027934375842,35.1979328185034,0.0,0.0,0.99,8,exponential
q_learning,shaped_seed5,shaped,5,4a77b6e251,1012,182,103.4,79.93249999999998,0.13185839429462531,0.15,43,success,1,1,0,0,32,2,0,1,1,34,1.6788056516266128,37.86603496339635,0.0,0.0,0.99,8,exponential
q_learning,shaped_seed5,shaped,5,4a77b6e251,1013,187,80.14999999999992,79.99049999999997,0.13159467750603607,0.15,38,success,1,1,0,0,45,4,0,2,1,51,1.929474434674322,44.18828772045599,0.0,0.0,0.99,8,exponential
q_learning,shaped_seed5,shaped,5,4a77b6e251,1014,185,100.25000000000001,80.14699999999998,0.131331488151024,0.15,40,success,1,1,0,0,35,2,0,1,1,36,2.148977702823522,37.88170903269676,0.0,0.0,0.99,8,exponential
q_learning,shaped_seed5,shaped,5,4a77b6e251,1015,185,71.24999999999996,79.88449999999997,0.13106882517472196,0.15,40,success,1,1,0,0,49,5,0,1,1,51,2.2274501716225603,41.185341606313195,0.0,0.0,0.99,8,exponential
q_learning,shaped_seed5,shaped,5,4a77b6e251,1016,182,82.39999999999992,81.39099999999998,0.13080668752437252,0.15,43,success,1,1,0,0,38,5,0,1,1,32,2.118765327232686,45.37093460289914,0.0,0.0,0.99,8,exponential
q_learning,shaped_seed5,shaped,5,4a77b6e251,1017,180,92.49999999999996,81.49049999999998,0.1305450741493238,0.15,45,success,1,1,0,0,38,3,0,1,1,42,2.616384433470464,72.34099759853275,0.0,0.0,0.99,8,exponential
q_learning,shaped_seed5,shaped,5,4a77b6e251,1018,180,97.50000000000001,81.49949999999998,0.13028398400102514,0.15,45,success,1,1,0,0,28,4,0,1,1,30,2.6300047930876422,52.542183739104196,0.0,0.0,0.99,8,exponential
q_learning,shaped_seed5,shaped,5,4a77b6e251,1019,191,66.9500000000001,81.14449999999998,0.1300234160330231,0.15,34,success,1,1,0,0,43,7,0,1,1,40,2.489282371804634,53.54215930129348,0.0,0.0,0.99,8,exponential
q_learning,shaped_seed5,shaped,5,4a77b6e251,1020,186,115.19999999999995,81.47449999999999,0.12976336920095705,0.15,39,success,1,1,0,0,20,2,0,1,1,28,1.9495320322449075,50.172837138847726,0.0,0.0,0.99,8,exponential
q_learning,shaped_seed5,shaped,5,4a77b6e251,1021,183,106.35,81.7665,0.12950384246255514,0.15,42,success,1,1,0,0,29,2,0,1,1,33,1.9348618656922678,38.51827736123627,0.0,0.0,0.99,8,exponential
q_learning,shaped_seed5,shaped,5,4a77b6e251,1022,182,87.39999999999993,81.70849999999999,0.12924483477763002,0.15,43,success,1,1,0,0,38,4,0,1,1,37,1.700777368250365,34.888474284111986,0.0,0.0,0.99,8,exponential
q_learning,shaped_seed5,shaped,5,4a77b6e251,1023,186,100.20000000000002,81.84399999999998,0.12898634510807475,0.15,39,success,1,1,0,0,30,3,0,1,1,33,1.1998168150833646,18.242170991907663,0.0,0.0,0.99,8,exponential
q_learning,shaped_seed5,shaped,5,4a77b6e251,1024,185,71.25000000000001,81.692,0.1287283724178586,0.15,40,success,1,1,0,0,39,7,0,2,1,37,2.8969218431160475,52.4643318492887,0.0,0.0,0.99,8,exponential
q_learning,shaped_seed5,shaped,5,4a77b6e251,1025,180,100.50000000000001,81.69099999999997,0.12847091567302288,0.15,45,success,1,1,0,0,30,3,0,1,1,35,2.1404033071999127,46.79782555558627,0.0,0.0,0.99,8,exponential
q_learning,shaped_seed5,shaped,5,4a77b6e251,1026,194,83.79999999999998,81.66399999999999,0.12821397384167682,0.15,31,success,1,1,0,0,46,3,0,1,1,50,2.44498304351024,53.24569734855892,0.0,0.0,0.99,8,exponential
q_learning,shaped_seed5,shaped,5,4a77b6e251,1027,178,66.6000000000002,81.517,0.12795754589399347,0.15,47,success,1,1,0,0,44,7,0,1,1,39,1.466781916807164,31.65498491711357,0.0,0.0,0.99,8,exponential
q_learning,shaped_seed5,shaped,5,4a77b6e251,1028,178,94.6,81.502,0.12770163080220548,0.15,47,success,1,1,0,0,36,3,0,1,1,34,2.5437367496541032,47.559877836910815,0.0,0.0,0.99,8,exponential
q_learning,shaped_seed5,shaped,5,4a77b6e251,1029,183,98.35000000000002,81.73250000000002,0.12744622754060106,0.15,42,success,1,1,0,0,37,2,0,1,1,37,1.8432373742603196,32.97556558930856,0.0,0.0,0.99,8,exponential
q_learning,shaped_seed5,shaped,5,4a77b6e251,1030,180,89.49999999999994,81.6385,0.12719133508551986,0.15,45,success,1,1,0,0,36,4,0,1,1,32,1.4203496837400067,26.814867795767768,0.0,0.0,0.99,8,exponential
q_learning,shaped_seed5,shaped,5,4a77b6e251,1031,178,103.60000000000001,81.926,0.12693695241534883,0.15,47,success,1,1,0,0,22,4,0,1,1,25,2.1049882799727406,41.55337691539927,0.0,0.0,0.99,8,exponential
q_learning,shaped_seed5,shaped,5,4a77b6e251,1032,182,85.39999999999999,81.81649999999999,0.12668307851051813,0.15,43,success,1,1,0,0,40,4,0,2,1,37,1.6607350552054663,36.65672803403646,0.0,0.0,0.99,8,exponential
q_learning,shaped_seed5,shaped,5,4a77b6e251,1033,182,111.4,82.23499999999999,0.1264297123534971,0.15,43,success,1,1,0,0,24,2,0,1,1,36,1.8342302972291173,37.25217186768583,0.0,0.0,0.99,8,exponential
q_learning,shaped_seed5,shaped,5,4a77b6e251,1034,193,67.85000000000011,82.0795,0.1261768529287901,0.15,32,success,1,1,0,0,47,6,0,1,1,47,3.1812381184490586,47.074855387441175,0.0,0.0,0.99,8,exponential
q_learning,shaped_seed5,shaped,5,4a77b6e251,1035,189,68.05000000000005,81.97949999999997,0.12592449922293253,0.15,36,success,1,1,0,0,47,6,0,2,1,43,2.037660014933034,44.746986193310384,0.0,0.0,0.99,8,exponential
q_learning,shaped_seed5,shaped,5,4a77b6e251,1036,181,76.44999999999995,81.71849999999999,0.12567265022448668,0.15,44,success,1,1,0,0,39,6,0,1,1,42,2.2526747854995373,27.20223823426489,0.0,0.0,0.99,8,exponential
q_learning,shaped_seed5,shaped,5,4a77b6e251,1037,205,73.24999999999991,81.59999999999998,0.1254213049240377,0.15,20,success,1,1,0,0,41,6,0,2,1,43,3.6717461016943966,41.58763196449535,0.0,0.0,0.99,8,exponential
q_learning,shaped_seed5,shaped,5,4a77b6e251,1038,180,96.50000000000001,81.904,0.12517046231418963,0.15,45,success,1,1,0,0,34,3,0,2,1,36,1.6137524421353384,37.643576705391695,0.0,0.0,0.99,8,exponential
q_learning,shaped_seed5,shaped,5,4a77b6e251,1039,181,108.45000000000002,81.948,0.12492012138956125,0.15,44,success,1,1,0,0,27,2,0,1,1,31,1.6670535228194716,25.67720933372393,0.0,0.0,0.99,8,exponential
q_learning,shaped_seed5,shaped,5,4a77b6e251,1040,184,101.3,81.99849999999998,0.12467028114678214,0.15,41,success,1,1,0,0,34,2,0,1,1,32,2.7700059354102278,51.99379409643356,0.0,0.0,0.99,8,exponential
q_learning,shaped_seed5,shaped,5,4a77b6e251,1041,180,93.49999999999997,81.96699999999998,0.12442094058448858,0.15,45,success,1,1,0,0,42,2,0,2,1,36,1.8467699204412527,37.94789157363325,0.0,0.0,0.99,8,exponential
q_learning,shaped_seed5,shaped,5,4a77b6e251,1042,189,78.04999999999998,81.8025,0.1241720987033196,0.15,36,success,1,1,0,0,37,6,0,1,1,35,2.8860001218083076,67.87582129304512,0.0,0.0,0.99,8,exponential
q_learning,shaped_seed5,shaped,5,4a77b6e251,1043,186,89.19999999999996,81.74799999999999,0.12392375450591296,0.15,39,success,1,1,0,0,46,2,0,2,1,42,1.7995315326600845,48.32731389755361,0.0,0.0,0.99,8,exponential
q_learning,shaped_seed5,shaped,5,4a77b6e251,1044,182,89.39999999999998,81.66649999999998,0.12367590699690113,0.15,43,success,1,1,0,0,46,2,0,1,1,49,2.0764143139371005,40.2674127605702,0.0,0.0,0.99,8,exponential
q_learning,shaped_seed5,shaped,5,4a77b6e251,1045,183,103.35000000000001,81.9255,0.12342855518290734,0.15,42,success,1,1,0,0,27,3,0,1,1,33,2.21818751778135,37.184306606013806,0.0,0.0,0.99,8,exponential
q_learning,shaped_seed5,shaped,5,4a77b6e251,1046,185,80.24999999999994,81.74349999999998,0.12318169807254152,0.15,40,success,1,1,0,0,35,6,0,1,1,51,2.4120775770112446,36.61836766394636,0.0,0.0,0.99,8,exponential
q_learning,shaped_seed5,shaped,5,4a77b6e251,1047,180,60.50000000000016,81.363,0.12293533467639643,0.15,45,success,1,1,0,0,50,7,0,1,1,48,2.2313157014840574,51.660225687600416,0.0,0.0,0.99,8,exponential
q_learning,shaped_seed5,shaped,5,4a77b6e251,1048,179,87.54999999999995,81.33549999999998,0.12268946400704364,0.15,46,success,1,1,0,0,43,3,0,1,1,44,1.7955535135801768,27.684635091729525,0.0,0.0,0.99,8,exponential
q_learning,shaped_seed5,shaped,5,4a77b6e251,1049,186,101.20000000000002,81.46549999999999,0.12244408507902955,0.15,39,success,1,1,0,0,34,2,0,1,1,38,2.1978526908834684,44.1780866815711,0.0,0.0,0.99,8,exponential
q_learning,shaped_seed5,shaped,5,4a77b6e251,1050,182,93.39999999999998,81.41449999999998,0.1221991969088715,0.15,43,success,1,1,0,0,42,2,0,2,1,40,2.187966939667761,56.26624315883085,0.0,0.0,0.99,8,exponential
q_learning,shaped_seed5,shaped,5,4a77b6e251,1051,182,95.40000000000002,81.34199999999998,0.12195479851505375,0.15,43,success,1,1,0,0,40,2,0,1,1,40,1.8961075558226195,62.467463578175135,0.0,0.0,0.99,8,exponential
q_learning,shaped_seed5,shaped,5,4a77b6e251,1052,183,85.35,82.80799999999998,0.12171088891802365,0.15,42,success,1,1,0,0,35,5,0,1,1,33,1.8687021085889801,37.78183740064169,0.0,0.0,0.99,8,exponential
q_learning,shaped_seed5,shaped,5,4a77b6e251,1053,184,88.29999999999997,83.01749999999997,0.1214674671401876,0.15,41,success,1,1,0,0,42,3,0,1,1,45,2.0224478709134948,35.64013903868254,0.0,0.0,0.99,8,exponential
q_learning,shaped_seed5,shaped,5,4a77b6e251,1054,180,94.5,83.16699999999997,0.12122453220590722,0.15,45,success,1,1,0,0,36,3,0,1,1,34,2.3556920169635327,52.538645304866776,0.0,0.0,0.99,8,exponential
q_learning,shaped_seed5,shaped,5,4a77b6e251,1055,202,84.39999999999998,83.1265,0.1209820831414954,0.15,23,success,1,1,0,0,50,2,0,3,1,51,2.5829342518116123,35.01651289714611,0.0,0.0,0.99,8,exponential
q_learning,shaped_seed5,shaped,5,4a77b6e251,1056,177,106.65000000000002,83.20749999999998,0.12074011897521242,0.15,48,success,1,1,0,0,29,2,0,1,1,32,1.4387826872072995,22.781743228969276,0.0,0.0,0.99,8,exponential
q_learning,shaped_seed5,shaped,5,4a77b6e251,1057,186,99.20000000000002,84.67699999999999,0.12049863873726199,0.15,39,success,1,1,0,0,36,2,0,1,1,36,2.6342984486518866,47.71891223668012,0.0,0.0,0.99,8,exponential
q_learning,shaped_seed5,shaped,5,4a77b6e251,1058,177,100.65000000000002,84.7995,0.12025764145978747,0.15,48,success,1,1,0,0,35,2,0,1,1,33,2.6824687513818297,71.32911237382842,0.0,0.0,0.99,8,exponential
q_learning,shaped_seed5,shaped,5,4a77b6e251,1059,183,96.35000000000002,84.93899999999998,0.1200171261768679,0.15,42,success,1,1,0,0,39,2,0,1,1,38,1.545438846405762,29.03027966034707,0.0,0.0,0.99,8,exponential
q_learning,shaped_seed5,shaped,5,4a77b6e251,1060,177,93.64999999999995,85.04499999999999,0.11977709192451416,0.15,48,success,1,1,0,0,27,5,0,1,1,26,1.63659692116844,28.441402091212126,0.0,0.0,0.99,8,exponential
q_learning,shaped_seed5,shaped,5,4a77b6e251,1061,180,105.50000000000001,85.104,0.11953753774066514,0.15,45,success,1,1,0,0,30,2,0,1,1,27,1.6336120325798087,38.087170829509056,0.0,0.0,0.99,8,exponential
q_learning,shaped_seed5,shaped,5,4a77b6e251,1062,177,95.64999999999996,86.603,0.1192984626651838,0.15,48,success,1,1,0,0,35,3,0,1,1,37,2.1181497902185153,57.45434885731966,0.0,0.0,0.99,8,exponential
q_learning,shaped_seed5,shaped,5,4a77b6e251,1063,180,88.49999999999993,86.48549999999997,0.11905986573985344,0.15,45,success,1,1,0,0,42,3,0,1,1,38,1.736358664403356,35.321606515485385,0.0,0.0,0.99,8,exponential
q_learning,shaped_seed5,shaped,5,4a77b6e251,1064,185,104.25000000000001,86.5015,0.11882174600837374,0.15,40,success,1,1,0,0,31,2,0,1,1,34,1.8243563600866943,48.270162893176725,0.0,0.0,0.99,8,exponential
q_learning,shaped_seed5,shaped,5,4a77b6e251,1065,183,86.34999999999998,86.48049999999999,0.118584102516357,0.15,42,success,1,1,0,0,39,4,0,1,1,38,2.183363839497573,47.49892995765784,0.0,0.0,0.99,8,exponential
q_learning,shaped_seed5,shaped,5,4a77b6e251,1066,180,99.50000000000001,86.55199999999999,0.11834693431132429,0.15,45,success,1,1,0,0,26,4,0,1,1,36,1.8871853405716286,31.225624966886933,0.0,0.0,0.99,8,exponential
q_learning,shaped_seed5,shaped,5,4a77b6e251,1067,187,81.1499999999999,86.40899999999998,0.11811024044270164,0.15,38,success,1,1,0,0,39,5,0,1,1,35,2.8715403676731466,51.97126602021984,0.0,0.0,0.99,8,exponential
q_learning,shaped_seed5,shaped,5,4a77b6e251,1068,180,83.49999999999994,86.23849999999999,0.11787401996181623,0.15,45,success,1,1,0,0,42,4,0,1,1,29,2.336598719834113,49.31298780678381,0.0,0.0,0.99,8,exponential
q_learning,shaped_seed5,shaped,5,4a77b6e251,1069,177,98.65000000000002,86.30149999999998,0.1176382719218926,0.15,48,success,1,1,0,0,37,2,0,1,1,35,1.9949979233479898,29.83536571769698,0.0,0.0,0.99,8,exponential
q_learning,shaped_seed5,shaped,5,4a77b6e251,1070,183,96.35000000000001,87.88249999999998,0.11740299537804882,0.15,42,success,1,1,0,0,39,2,0,2,1,40,1.6438704055419633,23.523575245510408,0.0,0.0,0.99,8,exponential
q_learning,shaped_seed5,shaped,5,4a77b6e251,1071,193,93.85000000000001,87.96249999999998,0.11716818938729273,0.15,32,success,1,1,0,0,41,2,0,2,1,43,1.7175729836271767,34.811875310066895,0.0,0.0,0.99,8,exponential
q_learning,shaped_seed5,shaped,5,4a77b6e251,1072,181,70.44999999999993,87.73,0.11693385300851815,0.15,44,success,1,1,0,0,45,6,0,1,1,39,2.2205521262493098,38.587068517044116,0.0,0.0,0.99,8,exponential
q_learning,shaped_seed5,shaped,5,4a77b6e251,1073,179,99.55000000000001,87.83449999999999,0.11669998530250111,0.15,46,success,1,1,0,0,31,3,0,1,1,32,1.7179155667634851,29.956096338420398,0.0,0.0,0.99,8,exponential
q_learning,shaped_seed5,shaped,5,4a77b6e251,1074,188,80.09999999999994,87.743,0.1164665853318961,0.15,37,success,1,1,0,0,40,5,0,1,1,46,1.9820341674697495,38.521302505604304,0.0,0.0,0.99,8,exponential
q_learning,shaped_seed5,shaped,5,4a77b6e251,1075,183,89.34999999999994,87.69200000000001,0.11623365216123231,0.15,42,success,1,1,0,0,41,3,0,1,1,48,1.653478182474452,20.888635712872997,0.0,0.0,0.99,8,exponential
q_learning,shaped_seed5,shaped,5,4a77b6e251,1076,178,86.59999999999998,87.6265,0.11600118485690984,0.15,47,success,1,1,0,0,34,5,0,1,1,30,2.312637111821445,42.33126830337176,0.0,0.0,0.99,8,exponential
q_learning,shaped_seed5,shaped,5,4a77b6e251,1077,187,98.15000000000002,87.942,0.11576918248719602,0.15,38,success,1,1,0,0,27,4,0,1,1,33,2.254945042823635,60.71749618992506,0.0,0.0,0.99,8,exponential
q_learning,shaped_seed5,shaped,5,4a77b6e251,1078,180,95.50000000000001,87.98249999999999,0.11553764412222163,0.15,45,success,1,1,0,0,40,2,0,1,1,39,1.3534937663722886,16.80483821115226,0.0,0.0,0.99,8,exponential
q_learning,shaped_seed5,shaped,5,4a77b6e251,1079,203,83.3499999999999,89.43350000000001,0.11530656883397719,0.15,22,success,1,1,0,0,41,4,0,1,1,41,2.8660630660631403,61.311481846693034,0.0,0.0,0.99,8,exponential
q_learning,shaped_seed5,shaped,5,4a77b6e251,1080,186,100.20000000000002,89.7175,0.11507595569630924,0.15,39,success,1,1,0,0,30,3,0,1,1,34,2.0143631172177456,27.88518130774809,0.0,0.0,0.99,8,exponential
q_learning,shaped_seed5,shaped,5,4a77b6e251,1081,186,97.20000000000002,89.69449999999999,0.11484580378491663,0.15,39,success,1,1,0,0,38,2,0,1,1,34,1.3298478862026593,17.141919660525332,0.0,0.0,0.99,8,exponential
q_learning,shaped_seed5,shaped,5,4a77b6e251,1082,181,102.45000000000002,89.80950000000001,0.1146161121773468,0.15,44,success,1,1,0,0,33,2,0,1,1,35,1.86894901346067,47.358274220705226,0.0,0.0,0.99,8,exponential
q_learning,shaped_seed5,shaped,5,4a77b6e251,1083,185,78.24999999999989,89.65150000000001,0.1143868799529921,0.15,40,success,1,1,0,0,47,4,0,1,1,43,2.302678280866115,39.489059858989314,0.0,0.0,0.99,8,exponential
q_learning,shaped_seed5,shaped,5,4a77b6e251,1084,186,101.2,89.92049999999999,0.11415810619308611,0.15,39,success,1,1,0,0,34,2,0,1,1,32,1.5547166064577198,24.67656710276409,0.0,0.0,0.99,8,exponential
q_learning,shaped_seed5,shaped,5,4a77b6e251,1085,176,86.69999999999993,89.8845,0.11392978998069994,0.15,49,success,1,1,0,0,44,3,0,1,1,41,2.054624407440436,38.84151277806256,0.0,0.0,0.99,8,exponential
q_learning,shaped_seed5,shaped,5,4a77b6e251,1086,183,94.34999999999998,89.918,0.11370193040073855,0.15,42,success,1,1,0,0,31,4,0,1,1,39,1.8597293286486911,39.9415287179302,0.0,0.0,0.99,8,exponential
q_learning,shaped_seed5,shaped,5,4a77b6e251,1087,180,85.4999999999999,89.96699999999998,0.11347452653993707,0.15,45,success,1,1,0,0,50,2,0,1,1,50,2.3275784440556597,44.871676550890285,0.0,0.0,0.99,8,exponential
q_learning,shaped_seed5,shaped,5,4a77b6e251,1088,179,95.55000000000001,90.149,0.1132475774868572,0.15,46,success,1,1,0,0,35,3,0,1,1,32,1.7102808054261665,24.872877556379812,0.0,0.0,0.99,8,exponential
q_learning,shaped_seed5,shaped,5,4a77b6e251,1089,185,91.24999999999997,90.06749999999997,0.11302108233188347,0.15,40,success,1,1,0,0,39,3,0,1,1,38,1.9370984135461262,27.152879408299178,0.0,0.0,0.99,8,exponential
q_learning,shaped_seed5,shaped,5,4a77b6e251,1090,184,96.30000000000001,90.11899999999997,0.11279504016721971,0.15,41,success,1,1,0,0,34,3,0,2,1,38,1.822773669986926,29.175866002630272,0.0,0.0,0.99,8,exponential
q_learning,shaped_seed5,shaped,5,4a77b6e251,1091,197,85.64999999999988,90.02999999999996,0.11256945008688526,0.15,28,success,1,1,0,0,49,2,0,2,1,48,1.8596367359101975,37.37752713605968,0.0,0.0,0.99,8,exponential
q_learning,shaped_seed5,shaped,5,4a77b6e251,1092,181,88.44999999999997,90.15549999999998,0.1123443111867115,0.15,44,success,1,1,0,0,47,2,0,1,1,44,1.8386226534221315,37.11168702396151,0.0,0.0,0.99,8,exponential
q_learning,shaped_seed5,shaped,5,4a77b6e251,1093,179,102.55000000000001,90.22799999999995,0.11211962256433808,0.15,46,success,1,1,0,0,33,2,0,1,1,29,1.9535961104386552,35.23640849298542,0.0,0.0,0.99,8,exponential
q_learning,shaped_seed5,shaped,5,4a77b6e251,1094,179,104.55000000000001,90.29849999999996,0.1118953833192094,0.15,46,success,1,1,0,0,31,2,0,1,1,34,1.3930419453654583,23.857840788508938,0.0,0.0,0.99,8,exponential
q_learning,shaped_seed5,shaped,5,4a77b6e251,1095,180,96.50000000000001,90.46899999999998,0.11167159255257098,0.15,45,success,1,1,0,0,34,3,0,1,1,38,1.7620093472962872,31.725967701551532,0.0,0.0,0.99,8,exponential
q_learning,shaped_seed5,shaped,5,4a77b6e251,1096,185,98.25000000000001,90.70749999999997,0.11144824936746583,0.15,40,success,1,1,0,0,37,2,0,1,1,38,1.9902402310131695,46.13305185001438,0.0,0.0,0.99,8,exponential
q_learning,shaped_seed5,shaped,5,4a77b6e251,1097,178,99.60000000000002,90.73799999999997,0.1112253528687309,0.15,47,success,1,1,0,0,26,4,0,1,1,28,1.6744037162171745,21.141736604125263,0.0,0.0,0.99,8,exponential
q_learning,shaped_seed5,shaped,5,4a77b6e251,1098,177,104.65,90.9125,0.11100290216299344,0.15,48,success,1,1,0,0,31,2,0,1,1,34,1.937503379751932,70.81190825972563,0.0,0.0,0.99,8,exponential
q_learning,shaped_seed5,shaped,5,4a77b6e251,1099,182,85.39999999999993,90.91249999999998,0.11078089635866745,0.15,43,success,1,1,0,0,40,4,0,1,1,38,1.7996991143677423,37.867191976964094,0.0,0.0,0.99,8,exponential
q_learning,shaped_seed5,shaped,5,4a77b6e251,1100,179,108.55000000000001,91.12349999999998,0.11055933456595012,0.15,46,success,1,1,0,0,27,2,0,1,1,33,1.94041498902552,41.1036826025986,0.0,0.0,0.99,8,exponential
q_learning,shaped_seed5,shaped,5,4a77b6e251,1101,183,92.35,91.20149999999998,0.11033821589681822,0.15,42,success,1,1,0,0,33,4,0,1,1,30,2.35734939105977,79.4561197925348,0.0,0.0,0.99,8,exponential
q_learning,shaped_seed5,shaped,5,4a77b6e251,1102,181,95.45000000000002,91.23199999999999,0.11011753946502459,0.15,44,success,1,1,0,0,35,3,0,2,1,37,1.2214650309355732,19.179336610592486,0.0,0.0,0.99,8,exponential
q_learning,shaped_seed5,shaped,5,4a77b6e251,1103,183,97.35000000000001,91.33049999999999,0.10989730438609453,0.15,42,success,1,1,0,0,33,3,0,1,1,34,2.0294937974259653,35.22863014780674,0.0,0.0,0.99,8,exponential
q_learning,shaped_seed5,shaped,5,4a77b6e251,1104,179,102.55000000000001,91.535,0.10967750977732234,0.15,46,success,1,1,0,0,33,2,0,1,1,28,2.281469243419135,45.5964642280257,0.0,0.0,0.99,8,exponential
q_learning,shaped_seed5,shaped,5,4a77b6e251,1105,182,97.40000000000002,91.58349999999999,0.1094581547577677,0.15,43,success,1,1,0,0,38,2,0,1,1,38,1.8229460958470733,28.83644511183644,0.0,0.0,0.99,8,exponential
q_learning,shaped_seed5,shaped,5,4a77b6e251,1106,188,84.09999999999994,91.60199999999999,0.10923923844825216,0.15,37,success,1,1,0,0,46,3,0,1,1,46,2.2750754633796557,48.42533574852708,0.0,0.0,0.99,8,exponential
q_learning,shaped_seed5,shaped,5,4a77b6e251,1107,182,98.4,91.94799999999998,0.10902075997135566,0.15,43,success,1,1,0,0,32,3,0,1,1,30,2.2826460233211203,79.33091360764915,0.0,0.0,0.99,8,exponential
q_learning,shaped_seed5,shaped,5,4a77b6e251,1108,192,87.89999999999989,92.04249999999998,0.10880271845141294,0.15,33,success,1,1,0,0,42,3,0,1,1,40,2.36587749525098,53.02890285233219,0.0,0.0,0.99,8,exponential
q_learning,shaped_seed5,shaped,5,4a77b6e251,1109,185,95.25000000000003,92.04249999999998,0.10858511301451011,0.15,40,success,1,1,0,0,35,3,0,1,1,41,2.06504460773197,35.00590455534451,0.0,0.0,0.99,8,exponential
q_learning,shaped_seed5,shaped,5,4a77b6e251,1110,186,103.2,92.0915,0.1083679427884811,0.15,39,success,1,1,0,0,32,2,0,1,1,27,1.9778036842168512,30.549596439886578,0.0,0.0,0.99,8,exponential
q_learning,shaped_seed5,shaped,5,4a77b6e251,1111,183,89.34999999999998,92.03949999999999,0.10815120690290413,0.15,42,success,1,1,0,0,41,3,0,1,1,43,1.6567521035964063,25.537494071135086,0.0,0.0,0.99,8,exponential
q_learning,shaped_seed5,shaped,5,4a77b6e251,1112,180,102.5,92.03050000000002,0.10793490448909832,0.15,45,success,1,1,0,0,28,3,0,1,1,28,1.7586328383304033,28.13044070486144,0.0,0.0,0.99,8,exponential
q_learning,shaped_seed5,shaped,5,4a77b6e251,1113,178,94.6,92.175,0.10771903468012012,0.15,47,success,1,1,0,0,36,3,0,1,1,31,1.790195631428425,38.5254561914015,0.0,0.0,0.99,8,exponential
q_learning,shaped_seed5,shaped,5,4a77b6e251,1114,185,78.24999999999993,91.955,0.10750359661075988,0.15,40,success,1,1,0,0,47,4,0,1,1,49,1.7742113481332236,33.45503287567043,0.0,0.0,0.99,8,exponential
q_learning,shaped_seed5,shaped,5,4a77b6e251,1115,176,99.70000000000002,92.23949999999999,0.10728858941753835,0.15,49,success,1,1,0,0,36,2,0,1,1,34,2.165459443655347,78.70590517186251,0.0,0.0,0.99,8,exponential
q_learning,shaped_seed5,shaped,5,4a77b6e251,1116,179,90.55,92.321,0.10707401223870328,0.15,46,success,1,1,0,0,45,2,0,1,1,35,1.681912667804937,23.830566499053113,0.0,0.0,0.99,8,exponential
q_learning,shaped_seed5,shaped,5,4a77b6e251,1117,179,91.54999999999998,92.31149999999998,0.10685986421422587,0.15,46,success,1,1,0,0,39,3,0,1,1,36,1.790668053105479,26.672576212416224,0.0,0.0,0.99,8,exponential
q_learning,shaped_seed5,shaped,5,4a77b6e251,1118,189,83.04999999999993,92.16699999999997,0.10664614448579741,0.15,36,success,1,1,0,0,47,3,0,2,1,44,2.3763664382201775,77.12299050373248,0.0,0.0,0.99,8,exponential
q_learning,shaped_seed5,shaped,5,4a77b6e251,1119,185,98.24999999999997,92.47999999999996,0.10643285219682581,0.15,40,success,1,1,0,0,27,4,0,1,1,29,2.12560311834398,64.12808586058878,0.0,0.0,0.99,8,exponential
q_learning,shaped_seed5,shaped,5,4a77b6e251,1120,180,70.50000000000003,92.03299999999997,0.10621998649243217,0.15,45,success,1,1,0,0,40,7,0,1,1,38,1.362511517961085,14.651600918065995,0.0,0.0,0.99,8,exponential
q_learning,shaped_seed5,shaped,5,4a77b6e251,1121,189,86.0499999999999,91.82999999999997,0.1060075465194473,0.15,36,success,1,1,0,0,49,2,0,1,1,45,1.8192731320109112,51.45299518485559,0.0,0.0,0.99,8,exponential
q_learning,shaped_seed5,shaped,5,4a77b6e251,1122,177,88.64999999999995,91.84249999999999,0.1057955314264084,0.15,48,success,1,1,0,0,37,4,0,1,1,43,1.428510991818207,15.216722254007792,0.0,0.0,0.99,8,exponential
q_learning,shaped_seed5,shaped,5,4a77b6e251,1123,179,93.54999999999995,91.77599999999997,0.10558394036355559,0.15,46,success,1,1,0,0,37,3,0,1,1,35,1.5104661162470314,27.676725759681368,0.0,0.0,0.99,8,exponential
q_learning,shaped_seed5,shaped,5,4a77b6e251,1124,179,102.55000000000003,92.08899999999996,0.10537277248282848,0.15,46,success,1,1,0,0,33,2,0,1,1,28,1.8751955438700167,58.68240306345272,0.0,0.0,0.99,8,exponential
q_learning,shaped_seed5,shaped,5,4a77b6e251,1125,193,55.85000000000007,91.64249999999997,0.10516202693786282,0.15,32,success,1,1,0,0,49,8,0,1,1,45,3.4025448056297507,40.886079180819415,0.0,0.0,0.99,8,exponential
q_learning,shaped_seed5,shaped,5,4a77b6e251,1126,184,88.29999999999998,91.68749999999999,0.1049517028839871,0.15,41,success,1,1,0,0,32,5,0,1,1,32,2.4598503670806218,44.45688122092393,0.0,0.0,0.99,8,exponential
q_learning,shaped_seed5,shaped,5,4a77b6e251,1127,181,108.45000000000002,92.10599999999998,0.10474179947821913,0.15,44,success,1,1,0,0,27,2,0,2,1,27,1.6442980464152126,42.99658014762933,0.0,0.0,0.99,8,exponential
q_learning,shaped_seed5,shaped,5,4a77b6e251,1128,181,96.45000000000002,92.12449999999998,0.10453231587926269,0.15,44,success,1,1,0,0,39,2,0,1,1,39,1.7997247592720085,43.923504004134834,0.0,0.0,0.99,8,exponential
q_learning,shaped_seed5,shaped,5,4a77b6e251,1129,182,89.39999999999998,92.03499999999998,0.10432325124750416,0.15,43,success,1,1,0,0,36,4,0,2,1,32,1.8290455208467602,36.25871325501895,0.0,0.0,0.99,8,exponential
q_learning,shaped_seed5,shaped,5,4a77b6e251,1130,180,94.50000000000001,92.08500000000002,0.10411460474500915,0.15,45,success,1,1,0,0,36,3,0,1,1,38,1.6582036221447274,30.176158665626254,0.0,0.0,0.99,8,exponential
q_learning,shaped_seed5,shaped,5,4a77b6e251,1131,184,75.29999999999993,91.80199999999999,0.10390637553551914,0.15,41,success,1,1,0,0,40,6,0,1,1,43,1.5907907043175462,14.512861885873392,0.0,0.0,0.99,8,exponential
q_learning,shaped_seed5,shaped,5,4a77b6e251,1132,177,94.65,91.89449999999997,0.1036985627844481,0.15,48,success,1,1,0,0,41,2,0,1,1,40,1.8080016249688213,35.12526926785792,0.0,0.0,0.99,8,exponential
q_learning,shaped_seed5,shaped,5,4a77b6e251,1133,177,102.65,91.80699999999997,0.1034911656588792,0.15,48,success,1,1,0,0,33,2,0,1,1,34,1.9896509847492085,37.181681389467315,0.0,0.0,0.99,8,exponential
q_learning,shaped_seed5,shaped,5,4a77b6e251,1134,184,96.30000000000001,92.09149999999998,0.10328418332756144,0.15,41,success,1,1,0,0,34,3,0,2,1,35,2.084482372931997,44.53981864090862,0.0,0.0,0.99,8,exponential
q_learning,shaped_seed5,shaped,5,4a77b6e251,1135,185,80.24999999999993,92.21349999999997,0.10307761496090631,0.15,40,success,1,1,0,0,45,4,0,1,1,41,1.7756505636375683,30.889156828476757,0.0,0.0,0.99,8,exponential
q_learning,shaped_seed5,shaped,5,4a77b6e251,1136,179,108.55,92.53449999999997,0.1028714597309845,0.15,46,success,1,1,0,0,27,2,0,1,1,27,1.8596373471464887,38.13149955797325,0.0,0.0,0.99,8,exponential
q_learning,shaped_seed5,shaped,5,4a77b6e251,1137,181,92.44999999999999,92.72649999999997,0.10266571681152252,0.15,44,success,1,1,0,0,43,2,0,1,1,40,1.8858148913843313,37.856376077142556,0.0,0.0,0.99,8,exponential
q_learning,shaped_seed5,shaped,5,4a77b6e251,1138,180,89.49999999999994,92.65649999999998,0.10246038537789948,0.15,45,success,1,1,0,0,36,4,0,2,1,47,1.4338992111097282,17.91420500640228,0.0,0.0,0.99,8,exponential
q_learning,shaped_seed5,shaped,5,4a77b6e251,1139,179,102.55000000000001,92.59749999999998,0.10225546460714367,0.15,46,success,1,1,0,0,23,4,0,1,1,24,1.9418662072350217,29.577853429616873,0.0,0.0,0.99,8,exponential
q_learning,shaped_seed5,shaped,5,4a77b6e251,1140,182,94.40000000000002,92.52849999999998,0.10205095367792938,0.15,43,success,1,1,0,0,36,3,0,1,1,33,1.9904080624366074,31.110919071293505,0.0,0.0,0.99,8,exponential
q_learning,shaped_seed5,shaped,5,4a77b6e251,1141,182,105.40000000000002,92.64749999999997,0.10184685177057352,0.15,43,success,1,1,0,0,30,2,0,1,1,33,1.9996861949096214,56.744524380072264,0.0,0.0,0.99,8,exponential
q_learning,shaped_seed5,shaped,5,4a77b6e251,1142,181,84.44999999999989,92.71149999999997,0.10164315806703238,0.15,44,success,1,1,0,0,41,4,0,1,1,43,2.0425034654245735,43.16496216450369,0.0,0.0,0.99,8,exponential
q_learning,shaped_seed5,shaped,5,4a77b6e251,1143,179,99.55000000000001,92.81499999999998,0.10143987175089832,0.15,46,success,1,1,0,0,31,3,0,1,1,37,1.8548227872641567,24.93169358440518,0.0,0.0,0.99,8,exponential
q_learning,shaped_seed5,shaped,5,4a77b6e251,1144,185,68.24999999999994,92.60349999999998,0.10123699200739653,0.15,40,success,1,1,0,0,47,6,0,1,1,37,2.212692149517773,47.015074009552556,0.0,0.0,0.99,8,exponential
q_learning,shaped_seed5,shaped,5,4a77b6e251,1145,180,105.50000000000001,92.62499999999999,0.10103451802338173,0.15,45,success,1,1,0,0,30,2,0,3,1,30,2.0833260445361224,40.96627082629332,0.0,0.0,0.99,8,exponential
q_learning,shaped_seed5,shaped,5,4a77b6e251,1146,179,95.54999999999998,92.77799999999996,0.10083244898733497,0.15,46,success,1,1,0,0,35,3,0,1,1,34,2.334058171029449,42.04280269944099,0.0,0.0,0.99,8,exponential
q_learning,shaped_seed5,shaped,5,4a77b6e251,1147,187,61.1500000000002,92.78449999999997,0.1006307840893603,0.15,38,success,1,1,0,0,49,7,0,1,1,42,1.557201410456417,37.234436260315036,0.0,0.0,0.99,8,exponential
q_learning,shaped_seed5,shaped,5,4a77b6e251,1148,185,95.25000000000001,92.86149999999998,0.10042952252118158,0.15,40,success,1,1,0,0,35,3,0,1,1,36,1.416077944892849,14.728941810984765,0.0,0.0,0.99,8,exponential
q_learning,shaped_seed5,shaped,5,4a77b6e251,1149,187,88.14999999999998,92.73099999999997,0.10022866347613922,0.15,38,success,1,1,0,0,37,4,0,2,1,41,1.903599450811192,30.47024037921183,0.0,0.0,0.99,8,exponential
q_learning,shaped_seed5,shaped,5,4a77b6e251,1150,178,101.60000000000001,92.81299999999997,0.10002820614918695,0.15,47,success,1,1,0,0,34,2,0,1,1,38,1.8607219242815538,37.185438164509236,0.0,0.0,0.99,8,exponential
q_learning,shaped_seed5,shaped,5,4a77b6e251,1151,180,98.50000000000001,92.84399999999998,0.09982814973688857,0.15,45,success,1,1,0,0,32,3,0,1,1,30,2.1527824117357466,61.98276056292623,0.0,0.0,0.99,8,exponential
q_learning,shaped_seed5,shaped,5,4a77b6e251,1152,183,89.35000000000001,92.884,0.0996284934374148,0.15,42,success,1,1,0,0,41,3,0,1,1,41,1.764234744912416,31.816797201337597,0.0,0.0,0.99,8,exponential
q_learning,shaped_seed5,shaped,5,4a77b6e251,1153,183,92.34999999999997,92.92450000000001,0.09942923645053997,0.15,42,success,1,1,0,0,33,4,0,1,1,34,1.3373118823572174,19.982455143625824,0.0,0.0,0.99,8,exponential
q_learning,shaped_seed5,shaped,5,4a77b6e251,1154,185,102.25000000000001,93.00200000000001,0.0992303779776389,0.15,40,success,1,1,0,0,33,2,0,1,1,37,1.588591041446906,14.543293021360782,0.0,0.0,0.99,8,exponential
q_learning,shaped_seed5,shaped,5,4a77b6e251,1155,178,97.59999999999998,93.134,0.09903191722168361,0.15,47,success,1,1,0,0,38,2,0,1,1,36,1.544429098794251,46.314003561312205,0.0,0.0,0.99,8,exponential
q_learning,shaped_seed5,shaped,5,4a77b6e251,1156,177,88.64999999999998,92.954,0.09883385338724024,0.15,48,success,1,1,0,0,37,4,0,1,1,37,1.6499403121211766,33.3712272652101,0.0,0.0,0.99,8,exponential
q_learning,shaped_seed5,shaped,5,4a77b6e251,1157,180,97.50000000000001,92.93699999999998,0.09863618568046575,0.15,45,success,1,1,0,0,38,2,0,1,1,44,2.4725741016361713,74.03605943805245,0.0,0.0,0.99,8,exponential
q_learning,shaped_seed5,shaped,5,4a77b6e251,1158,183,86.34999999999998,92.794,0.09843891330910483,0.15,42,success,1,1,0,0,39,4,0,1,1,44,2.2036552259064783,43.92544081977802,0.0,0.0,0.99,8,exponential
q_learning,shaped_seed5,shaped,5,4a77b6e251,1159,182,89.39999999999999,92.72449999999999,0.09824203548248661,0.15,43,success,1,1,0,0,46,2,0,1,1,45,2.1301611237538363,70.79019513073702,0.0,0.0,0.99,8,exponential
q_learning,shaped_seed5,shaped,5,4a77b6e251,1160,185,89.24999999999997,92.6805,0.09804555141152164,0.15,40,success,1,1,0,0,41,3,0,1,1,39,1.7055104230058833,25.612313754542708,0.0,0.0,0.99,8,exponential
q_learning,shaped_seed5,shaped,5,4a77b6e251,1161,182,90.39999999999992,92.52949999999998,0.09784946030869861,0.15,43,success,1,1,0,0,40,3,0,1,1,39,1.5931923893339395,30.922013426044813,0.0,0.0,0.99,8,exponential
q_learning,shaped_seed5,shaped,5,4a77b6e251,1162,177,69.65000000000002,92.2695,0.09765376138808121,0.15,48,success,1,1,0,0,41,7,0,1,1,41,2.4605322355360695,66.55604919243426,0.0,0.0,0.99,8,exponential
q_learning,shaped_seed5,shaped,5,4a77b6e251,1163,183,88.34999999999997,92.26799999999999,0.09745845386530505,0.15,42,success,1,1,0,0,37,4,0,1,1,35,2.0774859284487555,27.0596463703189,0.0,0.0,0.99,8,exponential
q_learning,shaped_seed5,shaped,5,4a77b6e251,1164,179,100.55000000000001,92.23099999999997,0.09726353695757443,0.15,46,success,1,1,0,0,35,2,0,2,1,32,1.7633290411774902,63.324454921891615,0.0,0.0,0.99,8,exponential
q_learning,shaped_seed5,shaped,5,4a77b6e251,1165,181,99.45000000000002,92.362,0.09706900988365928,0.15,44,success,1,1,0,0,31,3,0,2,1,34,2.0186540706317424,22.044160562381016,0.0,0.0,0.99,8,exponential
q_learning,shaped_seed5,shaped,5,4a77b6e251,1166,186,102.19999999999999,92.389,0.09687487186389196,0.15,39,success,1,1,0,0,28,3,0,3,1,32,1.56710353241197,32.986465846102966,0.0,0.0,0.99,8,exponential
q_learning,shaped_seed5,shaped,5,4a77b6e251,1167,180,91.5,92.4925,0.09668112212016418,0.15,45,success,1,1,0,0,44,2,0,1,1,43,1.5015518357402127,21.11982637896209,0.0,0.0,0.99,8,exponential
q_learning,shaped_seed5,shaped,5,4a77b6e251,1168,180,91.5,92.5725,0.09648775987592385,0.15,45,success,1,1,0,0,34,4,0,1,1,31,2.3152166023382397,53.043646527870585,0.0,0.0,0.99,8,exponential
q_learning,shaped_seed5,shaped,5,4a77b6e251,1169,183,91.34999999999998,92.49949999999998,0.096294784356172,0.15,42,success,1,1,0,0,39,3,0,1,1,37,1.9176240462355878,25.263751284884343,0.0,0.0,0.99,8,exponential
q_learning,shaped_seed5,shaped,5,4a77b6e251,1170,185,87.24999999999997,92.40849999999996,0.09610219478745965,0.15,40,success,1,1,0,0,43,3,0,1,1,36,2.298428574706427,59.555932139191626,0.0,0.0,0.99,8,exponential
q_learning,shaped_seed5,shaped,5,4a77b6e251,1171,185,72.24999999999993,92.19249999999998,0.09590999039788474,0.15,40,success,1,1,0,0,43,6,0,2,1,37,1.5902933871518279,26.81621035993585,0.0,0.0,0.99,8,exponential
q_learning,shaped_seed5,shaped,5,4a77b6e251,1172,179,90.54999999999998,92.39349999999996,0.09571817041708897,0.15,46,success,1,1,0,0,45,2,0,1,1,42,1.880910900105576,39.76228216331921,0.0,0.0,0.99,8,exponential
q_learning,shaped_seed5,shaped,5,4a77b6e251,1173,178,92.6,92.32399999999998,0.09552673407625478,0.15,47,success,1,1,0,0,38,3,0,1,1,45,1.684299598268918,23.79701356973213,0.0,0.0,0.99,8,exponential
q_learning,shaped_seed5,shaped,5,4a77b6e251,1174,184,97.30000000000001,92.49599999999997,0.09533568060810227,0.15,41,success,1,1,0,0,38,2,0,1,1,39,1.5154836438429475,25.224889989483227,0.0,0.0,0.99,8,exponential
q_learning,shaped_seed5,shaped,5,4a77b6e251,1175,176,87.69999999999995,92.47949999999997,0.09514500924688607,0.15,49,success,1,1,0,0,38,4,0,1,1,30,2.0016251863550076,32.3534633189528,0.0,0.0,0.99,8,exponential
q_learning,shaped_seed5,shaped,5,4a77b6e251,1176,183,95.35000000000001,92.567,0.0949547192283923,0.15,42,success,1,1,0,0,35,3,0,1,1,34,2.4253779744797876,94.39415702645951,0.0,0.0,0.99,8,exponential
q_learning,shaped_seed5,shaped,5,4a77b6e251,1177,179,106.55000000000001,92.65099999999997,0.09476480978993551,0.15,46,success,1,1,0,0,29,2,0,1,1,28,1.8504621682037181,50.7474455312727,0.0,0.0,0.99,8,exponential
q_learning,shaped_seed5,shaped,5,4a77b6e251,1178,178,87.59999999999994,92.57199999999999,0.09457528017035564,0.15,47,success,1,1,0,0,38,4,0,1,1,33,1.7466237711305899,29.351921266145155,0.0,0.0,0.99,8,exponential
q_learning,shaped_seed5,shaped,5,4a77b6e251,1179,180,94.5,92.68349999999998,0.09438612961001493,0.15,45,success,1,1,0,0,26,5,0,1,1,30,2.5269019757661813,34.19498244274371,0.0,0.0,0.99,8,exponential
q_learning,shaped_seed5,shaped,5,4a77b6e251,1180,178,103.60000000000002,92.71749999999999,0.0941973573507949,0.15,47,success,1,1,0,0,32,2,0,1,1,28,1.9464884201035308,28.231460864986417,0.0,0.0,0.99,8,exponential
q_learning,shaped_seed5,shaped,5,4a77b6e251,1181,179,83.5499999999999,92.58099999999999,0.09400896263609332,0.15,46,success,1,1,0,0,37,5,0,1,1,43,1.9216496969921182,45.087729398814744,0.0,0.0,0.99,8,exponential
q_learning,shaped_seed5,shaped,5,4a77b6e251,1182,181,97.45,92.531,0.09382094471082113,0.15,44,success,1,1,0,0,33,3,0,1,1,31,2.354895814643191,35.08661666234874,0.0,0.0,0.99,8,exponential
q_learning,shaped_seed5,shaped,5,4a77b6e251,1183,182,99.4,92.7425,0.09363330282139949,0.15,43,success,1,1,0,0,36,2,0,1,1,37,2.229342016092722,65.51756073931784,0.0,0.0,0.99,8,exponential
q_learning,shaped_seed5,shaped,5,4a77b6e251,1184,181,77.4499999999999,92.50499999999998,0.09344603621575669,0.15,44,success,1,1,0,0,43,5,0,1,1,45,2.141972681485151,49.43268280510432,0.0,0.0,0.99,8,exponential
q_learning,shaped_seed5,shaped,5,4a77b6e251,1185,181,103.45,92.67250000000001,0.09325914414332517,0.15,44,success,1,1,0,0,27,3,0,1,1,27,1.6395011300019229,35.740812405067224,0.0,0.0,0.99,8,exponential
q_learning,shaped_seed5,shaped,5,4a77b6e251,1186,183,105.35000000000001,92.7825,0.09307262585503852,0.15,42,success,1,1,0,0,25,3,0,2,1,28,1.6581488098657307,39.042456055152186,0.0,0.0,0.99,8,exponential
q_learning,shaped_seed5,shaped,5,4a77b6e251,1187,178,93.6,92.86350000000002,0.09288648060332844,0.15,47,success,1,1,0,0,32,4,0,1,1,35,2.518215381859056,25.679308518055656,0.0,0.0,0.99,8,exponential
q_learning,shaped_seed5,shaped,5,4a77b6e251,1188,180,87.49999999999996,92.78299999999999,0.09270070764212178,0.15,45,success,1,1,0,0,38,4,0,1,1,35,1.4609185145255925,30.545670292867158,0.0,0.0,0.99,8,exponential
q_learning,shaped_seed5,shaped,5,4a77b6e251,1189,179,86.54999999999993,92.73599999999999,0.09251530622683754,0.15,46,success,1,1,0,0,39,4,0,1,1,38,1.9350422838764536,39.58826841683707,0.0,0.0,0.99,8,exponential
q_learning,shaped_seed5,shaped,5,4a77b6e251,1190,181,102.45000000000002,92.79749999999999,0.09233027561438387,0.15,44,success,1,1,0,0,33,2,0,2,1,33,1.619435916426486,28.2656364754614,0.0,0.0,0.99,8,exponential
q_learning,shaped_seed5,shaped,5,4a77b6e251,1191,180,85.49999999999993,92.79599999999999,0.09214561506315509,0.15,45,success,1,1,0,0,30,6,0,1,1,29,2.1001695669387037,57.56100813613352,0.0,0.0,0.99,8,exponential
q_learning,shaped_seed5,shaped,5,4a77b6e251,1192,179,98.55000000000001,92.89699999999998,0.09196132383302878,0.15,46,success,1,1,0,0,37,2,0,1,1,43,1.390202940986473,53.48462220608824,0.0,0.0,0.99,8,exponential
q_learning,shaped_seed5,shaped,5,4a77b6e251,1193,183,94.35000000000001,92.81499999999998,0.09177740118536272,0.15,42,success,1,1,0,0,41,2,0,1,1,37,1.8312836822910081,45.83584592419578,0.0,0.0,0.99,8,exponential
q_learning,shaped_seed5,shaped,5,4a77b6e251,1194,189,97.05000000000001,92.73999999999998,0.09159384638299199,0.15,36,success,1,1,0,0,33,3,0,1,1,35,1.8433076833081066,50.57677787677817,0.0,0.0,0.99,8,exponential
q_learning,shaped_seed5,shaped,5,4a77b6e251,1195,192,91.90000000000002,92.69399999999997,0.09141065869022601,0.15,33,success,1,1,0,0,38,3,0,1,1,42,2.263036175417057,43.4845314385144,0.0,0.0,0.99,8,exponential
q_learning,shaped_seed5,shaped,5,4a77b6e251,1196,179,108.55000000000001,92.79699999999997,0.09122783737284555,0.15,46,success,1,1,0,0,27,2,0,1,1,34,1.3125273746786417,38.39229507040181,0.0,0.0,0.99,8,exponential
q_learning,shaped_seed5,shaped,5,4a77b6e251,1197,179,74.54999999999998,92.54649999999997,0.09104538169809986,0.15,46,success,1,1,0,0,41,6,0,1,1,35,2.2538308289542095,56.84042420877123,0.0,0.0,0.99,8,exponential
q_learning,shaped_seed5,shaped,5,4a77b6e251,1198,181,90.44999999999993,92.40449999999998,0.09086329093470366,0.15,44,success,1,1,0,0,35,4,0,2,1,40,1.921422188854562,77.65123250829845,0.0,0.0,0.99,8,exponential
q_learning,shaped_seed5,shaped,5,4a77b6e251,1199,180,101.5,92.56549999999999,0.09068156435283425,0.15,45,success,1,1,0,0,34,2,0,1,1,39,1.2930609759766052,17.85053936149029,0.0,0.0,0.99,8,exponential
q_learning,shaped_seed5,shaped,5,4a77b6e251,1200,180,98.50000000000003,92.465,0.09050020122412858,0.15,45,success,1,1,0,0,32,3,0,1,1,30,2.031424607917302,40.16972958935793,0.0,0.0,0.99,8,exponential
q_learning,shaped_seed5,shaped,5,4a77b6e251,1201,184,89.3,92.43449999999999,0.09031920082168032,0.15,41,success,1,1,0,0,46,2,0,1,1,42,1.5355569376362297,19.800412056728458,0.0,0.0,0.99,8,exponential
q_learning,shaped_seed5,shaped,5,4a77b6e251,1202,179,91.55,92.39549999999997,0.09013856242003697,0.15,46,success,1,1,0,0,29,5,0,1,1,37,1.4914975258514367,22.629360044800716,0.0,0.0,0.99,8,exponential
q_learning,shaped_seed5,shaped,5,4a77b6e251,1203,181,82.44999999999993,92.24649999999998,0.0899582852951969,0.15,44,success,1,1,0,0,43,4,0,1,1,41,2.1351275468784094,38.08562836156187,0.0,0.0,0.99,8,exponential
q_learning,shaped_seed5,shaped,5,4a77b6e251,1204,182,96.4,92.18499999999999,0.0897783687246065,0.15,43,success,1,1,0,0,34,3,0,1,1,27,1.3542524217353706,18.40522700796371,0.0,0.0,0.99,8,exponential
q_learning,shaped_seed5,shaped,5,4a77b6e251,1205,181,85.44999999999995,92.06549999999999,0.08959881198715729,0.15,44,success,1,1,0,0,45,3,0,1,1,38,1.8933402881527082,41.86478765960919,0.0,0.0,0.99,8,exponential
q_learning,shaped_seed5,shaped,5,4a77b6e251,1206,181,98.45000000000002,92.209,0.08941961436318298,0.15,44,success,1,1,0,0,37,2,0,1,1,35,1.6941676688555092,35.19603440590892,0.0,0.0,0.99,8,exponential
q_learning,shaped_seed5,shaped,5,4a77b6e251,1207,177,94.65,92.1715,0.0892407751344566,0.15,48,success,1,1,0,0,41,2,0,1,1,44,2.1098160635556633,56.299996707874826,0.0,0.0,0.99,8,exponential
q_learning,shaped_seed5,shaped,5,4a77b6e251,1208,179,98.55000000000001,92.27799999999999,0.0890622935841877,0.15,46,success,1,1,0,0,37,2,0,1,1,35,1.890552622333779,42.56130543586239,0.0,0.0,0.99,8,exponential
q_learning,shaped_seed5,shaped,5,4a77b6e251,1209,180,105.50000000000001,92.38049999999997,0.08888416899701933,0.15,45,success,1,1,0,0,30,2,0,1,1,33,1.8253494763222142,38.41306056427244,0.0,0.0,0.99,8,exponential
q_learning,shaped_seed5,shaped,5,4a77b6e251,1210,179,110.54999999999998,92.45399999999997,0.08870640065902528,0.15,46,success,1,1,0,0,25,2,0,1,1,31,1.4578319384958327,23.720079989227628,0.0,0.0,0.99,8,exponential
q_learning,shaped_seed5,shaped,5,4a77b6e251,1211,181,108.44999999999999,92.64499999999997,0.08852898785770723,0.15,44,success,1,1,0,0,27,2,0,1,1,31,2.2999344366133174,76.38391541743796,0.0,0.0,0.99,8,exponential
q_learning,shaped_seed5,shaped,5,4a77b6e251,1212,179,96.55000000000001,92.5855,0.08835192988199181,0.15,46,success,1,1,0,0,39,2,0,1,1,28,2.1509927129039252,59.45562564627158,0.0,0.0,0.99,8,exponential
q_learning,shaped_seed5,shaped,5,4a77b6e251,1213,180,98.50000000000003,92.62449999999997,0.08817522602222783,0.15,45,success,1,1,0,0,32,3,0,2,1,33,1.4196511674763268,31.814987937946142,0.0,0.0,0.99,8,exponential
q_learning,shaped_seed5,shaped,5,4a77b6e251,1214,177,91.64999999999995,92.75849999999997,0.08799887557018338,0.15,48,success,1,1,0,0,39,3,0,1,1,42,1.48721538921921,29.582923795721957,0.0,0.0,0.99,8,exponential
q_learning,shaped_seed5,shaped,5,4a77b6e251,1215,179,92.54999999999997,92.68699999999995,0.08782287781904301,0.15,46,success,1,1,0,0,33,4,0,1,1,33,2.004988166344149,31.76872061435583,0.0,0.0,0.99,8,exponential
q_learning,shaped_seed5,shaped,5,4a77b6e251,1216,179,102.55000000000001,92.80699999999996,0.08764723206340493,0.15,46,success,1,1,0,0,33,2,0,1,1,28,1.5810174974393183,40.75232970611145,0.0,0.0,0.99,8,exponential
q_learning,shaped_seed5,shaped,5,4a77b6e251,1217,179,94.55000000000001,92.83699999999997,0.08747193759927811,0.15,46,success,1,1,0,0,41,2,0,1,1,37,1.7029780721258916,34.51899887451523,0.0,0.0,0.99,8,exponential
q_learning,shaped_seed5,shaped,5,4a77b6e251,1218,178,97.60000000000002,92.98249999999999,0.08729699372407955,0.15,47,success,1,1,0,0,38,2,0,1,1,34,1.8385090595565676,58.29834445490316,0.0,0.0,0.99,8,exponential
q_learning,shaped_seed5,shaped,5,4a77b6e251,1219,178,110.60000000000001,93.10599999999998,0.08712239973663138,0.15,47,success,1,1,0,0,20,3,0,1,1,24,1.4184588634562316,26.28914002236425,0.0,0.0,0.99,8,exponential
q_learning,shaped_seed5,shaped,5,4a77b6e251,1220,178,101.60000000000001,93.41699999999999,0.08694815493715811,0.15,47,success,1,1,0,0,34,2,0,1,1,31,1.6456751410370927,49.748977981310574,0.0,0.0,0.99,8,exponential
q_learning,shaped_seed5,shaped,5,4a77b6e251,1221,179,96.55000000000003,93.52199999999999,0.0867742586272838,0.15,46,success,1,1,0,0,39,2,0,1,1,39,1.64572683656995,27.10677216769289,0.0,0.0,0.99,8,exponential
q_learning,shaped_seed5,shaped,5,4a77b6e251,1222,182,90.39999999999995,93.53949999999999,0.08660071011002923,0.15,43,success,1,1,0,0,40,3,0,1,1,37,2.0179278880427716,34.229112450574604,0.0,0.0,0.99,8,exponential
q_learning,shaped_seed5,shaped,5,4a77b6e251,1223,178,105.6,93.65999999999998,0.08642750868980917,0.15,47,success,1,1,0,0,30,2,0,1,1,27,1.4136858641052739,25.708267866281943,0.0,0.0,0.99,8,exponential
q_learning,shaped_seed5,shaped,5,4a77b6e251,1224,180,97.50000000000001,93.60949999999997,0.08625465367242954,0.15,45,success,1,1,0,0,38,2,0,1,1,34,1.5443482124105588,58.68687061252189,0.0,0.0,0.99,8,exponential
q_learning,shaped_seed5,shaped,5,4a77b6e251,1225,189,88.04999999999993,93.93149999999997,0.08608214436508468,0.15,36,success,1,1,0,0,37,4,0,2,1,40,1.6052777692013778,32.69161769830908,0.0,0.0,0.99,8,exponential
q_learning,shaped_seed5,shaped,5,4a77b6e251,1226,181,80.44999999999996,93.85299999999998,0.08590998007635452,0.15,44,success,1,1,0,0,45,4,0,1,1,44,1.571443269851685,18.372849492595392,0.0,0.0,0.99,8,exponential
q_learning,shaped_seed5,shaped,5,4a77b6e251,1227,182,83.39999999999992,93.60249999999998,0.0857381601162018,0.15,43,success,1,1,0,0,42,4,0,1,1,38,1.7774948111440594,25.28973223789027,0.0,0.0,0.99,8,exponential
q_learning,shaped_seed5,shaped,5,4a77b6e251,1228,178,92.6,93.56399999999998,0.0855666837959694,0.15,47,success,1,1,0,0,38,3,0,1,1,38,1.5685964611192238,31.982326180945204,0.0,0.0,0.99,8,exponential
q_learning,shaped_seed5,shaped,5,4a77b6e251,1229,182,79.39999999999995,93.464,0.08539555042837747,0.15,43,success,1,1,0,0,36,6,0,1,1,40,3.0262902711023867,47.91165252475493,0.0,0.0,0.99,8,exponential
q_learning,shaped_seed5,shaped,5,4a77b6e251,1230,175,96.74999999999997,93.48649999999999,0.08522475932752072,0.15,50,success,1,1,0,0,29,4,0,1,1,28,1.5279961815153056,23.36536322610496,0.0,0.0,0.99,8,exponential
q_learning,shaped_seed5,shaped,5,4a77b6e251,1231,179,100.55000000000001,93.73899999999998,0.08505430980886568,0.15,46,success,1,1,0,0,35,2,0,1,1,35,1.8112172588186197,38.32404579273893,0.0,0.0,0.99,8,exponential
q_learning,shaped_seed5,shaped,5,4a77b6e251,1232,183,78.34999999999995,93.57599999999998,0.08488420118924794,0.15,42,success,1,1,0,0,47,4,0,1,1,45,1.8694074924800663,27.763605619349185,0.0,0.0,0.99,8,exponential
q_learning,shaped_seed5,shaped,5,4a77b6e251,1233,187,72.14999999999992,93.27099999999999,0.08471443278686945,0.15,38,success,1,1,0,0,43,6,0,2,1,35,1.9206413153632789,22.837923015588004,0.0,0.0,0.99,8,exponential
q_learning,shaped_seed5,shaped,5,4a77b6e251,1234,180,86.49999999999993,93.17299999999999,0.08454500392129571,0.15,45,success,1,1,0,0,34,5,0,1,1,41,1.319922261333776,17.037434678395016,0.0,0.0,0.99,8,exponential
q_learning,shaped_seed5,shaped,5,4a77b6e251,1235,183,86.34999999999992,93.234,0.08437591391345312,0.15,42,success,1,1,0,0,39,4,0,1,1,41,1.311697232386114,26.165438241489678,0.0,0.0,0.99,8,exponential
q_learning,shaped_seed5,shaped,5,4a77b6e251,1236,183,87.34999999999992,93.02199999999999,0.0842071620856262,0.15,42,success,1,1,0,0,33,5,0,2,1,31,1.543808109662022,60.82257797625516,0.0,0.0,0.99,8,exponential
q_learning,shaped_seed5,shaped,5,4a77b6e251,1237,182,84.39999999999998,92.94149999999999,0.08403874776145495,0.15,43,success,1,1,0,0,46,3,0,2,1,43,1.926939878138836,39.70236020343488,0.0,0.0,0.99,8,exponential
q_learning,shaped_seed5,shaped,5,4a77b6e251,1238,179,98.55000000000001,93.03199999999998,0.08387067026593203,0.15,46,success,1,1,0,0,37,2,0,1,1,29,2.692961467503138,49.53416667622156,0.0,0.0,0.99,8,exponential
q_learning,shaped_seed5,shaped,5,4a77b6e251,1239,180,97.50000000000001,92.98149999999998,0.08370292892540017,0.15,45,success,1,1,0,0,38,2,0,1,1,39,1.7335137240562646,46.12178311788645,0.0,0.0,0.99,8,exponential
q_learning,shaped_seed5,shaped,5,4a77b6e251,1240,180,100.50000000000001,93.04249999999998,0.08353552306754937,0.15,45,success,1,1,0,0,30,3,0,1,1,35,1.5974991605976916,40.527741386703426,0.0,0.0,0.99,8,exponential
q_learning,shaped_seed5,shaped,5,4a77b6e251,1241,180,101.50000000000001,93.00349999999999,0.08336845202141427,0.15,45,success,1,1,0,0,34,2,0,2,1,37,1.58316992369689,28.349185815789024,0.0,0.0,0.99,8,exponential
q_learning,shaped_seed5,shaped,5,4a77b6e251,1242,177,91.64999999999999,93.07549999999998,0.08320171511737144,0.15,48,success,1,1,0,0,39,3,0,1,1,42,1.763338924694929,32.522225428861,0.0,0.0,0.99,8,exponential
q_learning,shaped_seed5,shaped,5,4a77b6e251,1243,183,108.34999999999998,93.16349999999998,0.0830353116871367,0.15,42,success,1,1,0,0,27,2,0,1,1,28,1.7737948131899484,25.428547659449904,0.0,0.0,0.99,8,exponential
q_learning,shaped_seed5,shaped,5,4a77b6e251,1244,178,104.60000000000002,93.52699999999999,0.08286924106376242,0.15,47,success,1,1,0,0,26,3,0,1,1,28,1.4031114260869466,27.973136082197698,0.0,0.0,0.99,8,exponential
q_learning,shaped_seed5,shaped,5,4a77b6e251,1245,183,92.35000000000001,93.3955,0.08270350258163489,0.15,42,success,1,1,0,0,33,4,0,2,1,31,1.7253554949631178,28.512268410535256,0.0,0.0,0.99,8,exponential
q_learning,shaped_seed5,shaped,5,4a77b6e251,1246,183,83.34999999999997,93.27349999999998,0.08253809557647163,0.15,42,success,1,1,0,0,37,5,0,1,1,42,2.0157320015209397,43.44935790592748,0.0,0.0,0.99,8,exponential
q_learning,shaped_seed5,shaped,5,4a77b6e251,1247,190,103.00000000000001,93.692,0.08237301938531869,0.15,35,success,1,1,0,0,32,2,0,3,1,40,1.693609213224028,31.892664159293126,0.0,0.0,0.99,8,exponential
q_learning,shaped_seed5,shaped,5,4a77b6e251,1248,181,106.44999999999997,93.80399999999997,0.08220827334654805,0.15,44,success,1,1,0,0,29,2,0,1,1,29,1.3469769021635896,26.92666049226233,0.0,0.0,0.99,8,exponential
q_learning,shaped_seed5,shaped,5,4a77b6e251,1249,184,93.29999999999998,93.85549999999998,0.08204385679985496,0.15,41,success,1,1,0,0,42,2,0,2,1,45,1.2104447770922229,22.106119309344024,0.0,0.0,0.99,8,exponential
q_learning,shaped_seed5,shaped,5,4a77b6e251,1250,184,88.29999999999993,93.72249999999997,0.08187976908625524,0.15,41,success,1,1,0,0,32,5,0,1,1,39,1.4764225542046798,26.754039523783632,0.0,0.0,0.99,8,exponential
q_learning,shaped_seed5,shaped,5,4a77b6e251,1251,177,92.64999999999999,93.66399999999996,0.08171600954808274,0.15,48,success,1,1,0,0,33,4,0,1,1,26,2.3227427544385835,46.40407959166686,0.0,0.0,0.99,8,exponential
q_learning,shaped_seed5,shaped,5,4a77b6e251,1252,179,84.54999999999994,93.61599999999994,0.08155257752898658,0.15,46,success,1,1,0,0,41,4,0,1,1,41,1.7493728148016765,30.980607478968835,0.0,0.0,0.99,8,exponential
q_learning,shaped_seed5,shaped,5,4a77b6e251,1253,183,104.35,93.73599999999996,0.0813894723739286,0.15,42,success,1,1,0,0,31,2,0,1,1,33,1.534053456803181,28.985099834064556,0.0,0.0,0.99,8,exponential
q_learning,shaped_seed5,shaped,5,4a77b6e251,1254,178,101.59999999999997,93.72949999999997,0.08122669342918075,0.15,47,success,1,1,0,0,34,2,0,1,1,40,1.570544038088586,28.716344577141633,0.0,0.0,0.99,8,exponential
q_learning,shaped_seed5,shaped,5,4a77b6e251,1255,179,100.55000000000001,93.75899999999997,0.08106424004232239,0.15,46,success,1,1,0,0,35,2,0,1,1,37,1.3528260209760525,22.31561960266847,0.0,0.0,0.99,8,exponential
q_learning,shaped_seed5,shaped,5,4a77b6e251,1256,182,65.40000000000026,93.52649999999998,0.08090211156223774,0.15,43,success,1,1,0,0,40,8,0,1,1,39,1.4828138550446357,12.176416734836288,0.0,0.0,0.99,8,exponential
q_learning,shaped_seed5,shaped,5,4a77b6e251,1257,179,86.54999999999995,93.41699999999997,0.08074030733911326,0.15,46,success,1,1,0,0,39,4,0,1,1,37,1.9168697006200146,33.59242527433047,0.0,0.0,0.99,8,exponential
q_learning,shaped_seed5,shaped,5,4a77b6e251,1258,178,100.60000000000001,93.55949999999997,0.08057882672443503,0.15,47,success,1,1,0,0,30,3,0,1,1,35,1.550372513428139,38.54881786574782,0.0,0.0,0.99,8,exponential
q_learning,shaped_seed5,shaped,5,4a77b6e251,1259,179,98.55,93.65099999999997,0.08041766907098616,0.15,46,success,1,1,0,0,37,2,0,1,1,39,1.1945945056468392,10.569723657270302,0.0,0.0,0.99,8,exponential
q_learning,shaped_seed5,shaped,5,4a77b6e251,1260,185,78.24999999999993,93.54099999999997,0.08025683373284419,0.15,40,success,1,1,0,0,37,6,0,1,1,35,2.101214002816702,25.16711481211574,0.0,0.0,0.99,8,exponential
q_learning,shaped_seed5,shaped,5,4a77b6e251,1261,183,103.35000000000001,93.67049999999999,0.08009632006537849,0.15,42,success,1,1,0,0,27,3,0,2,1,28,1.155600867874451,11.318983463281263,0.0,0.0,0.99,8,exponential
q_learning,shaped_seed5,shaped,5,4a77b6e251,1262,180,95.50000000000003,93.92899999999997,0.07993612742524774,0.15,45,success,1,1,0,0,40,2,0,1,1,41,1.8169528567973003,26.12037687596071,0.0,0.0,0.99,8,exponential
q_learning,shaped_seed5,shaped,5,4a77b6e251,1263,181,94.44999999999993,93.98999999999998,0.07977625517039724,0.15,44,success,1,1,0,0,31,4,0,1,1,35,1.6346070194684785,38.57297018423265,0.0,0.0,0.99,8,exponential
q_learning,shaped_seed5,shaped,5,4a77b6e251,1264,182,80.39999999999993,93.78849999999998,0.07961670266005645,0.15,43,success,1,1,0,0,40,5,0,1,1,42,1.7458218754526655,34.03557554949649,0.0,0.0,0.99,8,exponential
q_learning,shaped_seed5,shaped,5,4a77b6e251,1265,177,93.64999999999998,93.73049999999999,0.07945746925473633,0.15,48,success,1,1,0,0,37,3,0,1,1,26,1.7461849302343797,29.79419610849568,0.0,0.0,0.99,8,exponential
q_learning,shaped_seed5,shaped,5,4a77b6e251,1266,179,100.55000000000001,93.71399999999998,0.07929855431622686,0.15,46,success,1,1,0,0,35,2,0,1,1,31,1.8392228906806332,34.98849986997919,0.0,0.0,0.99,8,exponential
q_learning,shaped_seed5,shaped,5,4a77b6e251,1267,179,110.55,93.90449999999997,0.0791399572075944,0.15,46,success,1,1,0,0,25,2,0,1,1,27,1.504131078775955,28.542807693123912,0.0,0.0,0.99,8,exponential
q_learning,shaped_seed5,shaped,5,4a77b6e251,1268,181,86.44999999999993,93.85399999999998,0.0789816772931792,0.15,44,success,1,1,0,0,39,4,0,1,1,41,1.4512109758649914,21.952909039788324,0.0,0.0,0.99,8,exponential
q_learning,shaped_seed5,shaped,5,4a77b6e251,1269,181,93.45000000000002,93.87499999999999,0.07882371393859285,0.15,44,success,1,1,0,0,37,3,0,1,1,41,1.8946813163105003,36.87958224455632,0.0,0.0,0.99,8,exponential
q_learning,shaped_seed5,shaped,5,4a77b6e251,1270,185,94.25000000000003,93.945,0.07866606651071566,0.15,40,success,1,1,0,0,41,2,0,1,1,47,1.3371064092972889,18.632529368736307,0.0,0.0,0.99,8,exponential
q_learning,shaped_seed5,shaped,5,4a77b6e251,1271,185,80.24999999999994,94.025,0.07850873437769422,0.15,40,success,1,1,0,0,45,4,0,2,1,44,1.7456441562686391,19.634068987767613,0.0,0.0,0.99,8,exponential
q_learning,shaped_seed5,shaped,5,4a77b6e251,1272,178,87.59999999999998,93.99549999999999,0.07835171690893883,0.15,47,success,1,1,0,0,28,6,0,1,1,35,1.854842811820067,41.7133016495595,0.0,0.0,0.99,8,exponential
q_learning,shaped_seed5,shaped,5,4a77b6e251,1273,185,82.24999999999997,93.892,0.07819501347512095,0.15,40,success,1,1,0,0,33,6,0,2,1,37,1.6826232524213653,33.79603726396175,0.0,0.0,0.99,8,exponential
q_learning,shaped_seed5,shaped,5,4a77b6e251,1274,182,85.39999999999992,93.773,0.07803862344817071,0.15,43,success,1,1,0,0,40,4,0,1,1,43,1.6476818205286519,38.899199971571335,0.0,0.0,0.99,8,exponential
q_learning,shaped_seed5,shaped,5,4a77b6e251,1275,178,105.60000000000002,93.95199999999998,0.07788254620127437,0.15,47,success,1,1,0,0,20,4,0,1,1,22,1.2964216497288275,14.216352132411815,0.0,0.0,0.99,8,exponential
q_learning,shaped_seed5,shaped,5,4a77b6e251,1276,179,88.54999999999994,93.88399999999997,0.07772678110887182,0.15,46,success,1,1,0,0,37,4,0,1,1,42,1.6811151722700086,36.639483691316094,0.0,0.0,0.99,8,exponential
q_learning,shaped_seed5,shaped,5,4a77b6e251,1277,184,93.30000000000001,93.75149999999998,0.07757132754665408,0.15,41,success,1,1,0,0,42,2,0,1,1,36,1.8770014393417602,26.395839662210236,0.0,0.0,0.99,8,exponential
q_learning,shaped_seed5,shaped,5,4a77b6e251,1278,180,103.50000000000001,93.91049999999997,0.07741618489156077,0.15,45,success,1,1,0,0,32,2,0,1,1,34,1.5816667013126038,29.44259794011168,0.0,0.0,0.99,8,exponential
q_learning,shaped_seed5,shaped,5,4a77b6e251,1279,178,86.59999999999997,93.83149999999998,0.07726135252177764,0.15,47,success,1,1,0,0,44,3,0,1,1,42,1.7308314488536998,30.876449998642816,0.0,0.0,0.99,8,exponential
q_learning,shaped_seed5,shaped,5,4a77b6e251,1280,182,107.39999999999996,93.86949999999997,0.07710682981673408,0.15,43,success,1,1,0,0,28,2,0,1,1,30,1.8010043368941018,39.55246633316085,0.0,0.0,0.99,8,exponential
q_learning,shaped_seed5,shaped,5,4a77b6e251,1281,185,99.25000000000001,94.02649999999998,0.07695261615710061,0.15,40,success,1,1,0,0,31,3,0,1,1,30,1.4346743574709204,45.02278221457127,0.0,0.0,0.99,8,exponential
q_learning,shaped_seed5,shaped,5,4a77b6e251,1282,181,104.45000000000002,94.09649999999999,0.0767987109247864,0.15,44,success,1,1,0,0,31,2,0,1,1,40,1.7495094184301783,33.55261161408241,0.0,0.0,0.99,8,exponential
q_learning,shaped_seed5,shaped,5,4a77b6e251,1283,178,103.60000000000001,94.13849999999998,0.07664511350293683,0.15,47,success,1,1,0,0,32,2,0,1,1,34,1.4799662353895862,32.232148783196756,0.0,0.0,0.99,8,exponential
q_learning,shaped_seed5,shaped,5,4a77b6e251,1284,179,102.55000000000001,94.38949999999998,0.07649182327593096,0.15,46,success,1,1,0,0,33,2,0,1,1,35,1.4445748446720337,26.69886984744125,0.0,0.0,0.99,8,exponential
q_learning,shaped_seed5,shaped,5,4a77b6e251,1285,181,76.44999999999996,94.11949999999999,0.0763388396293791,0.15,44,success,1,1,0,0,39,6,0,1,1,38,2.091226287968033,45.41962081695802,0.0,0.0,0.99,8,exponential
q_learning,shaped_seed5,shaped,5,4a77b6e251,1286,176,101.70000000000002,94.083,0.07618616195012033,0.15,49,success,1,1,0,0,34,2,0,1,1,36,1.9248998998407048,33.19812692572856,0.0,0.0,0.99,8,exponential
q_learning,shaped_seed5,shaped,5,4a77b6e251,1287,189,88.04999999999991,94.02749999999997,0.0760337896262201,0.15,36,success,1,1,0,0,37,4,0,1,1,45,1.4415510964196097,19.304518000628292,0.0,0.0,0.99,8,exponential
q_learning,shaped_seed5,shaped,5,4a77b6e251,1288,180,100.50000000000001,94.15749999999998,0.07588172204696765,0.15,45,success,1,1,0,0,30,3,0,1,1,29,1.6338943689150804,26.386606481200367,0.0,0.0,0.99,8,exponential
q_learning,shaped_seed5,shaped,5,4a77b6e251,1289,186,80.19999999999992,94.09399999999998,0.07572995860287371,0.15,39,success,1,1,0,0,40,5,0,1,1,44,1.8569550349146753,23.811855120547577,0.0,0.0,0.99,8,exponential
q_learning,shaped_seed5,shaped,5,4a77b6e251,1290,185,90.25000000000001,93.97199999999997,0.07557849868566796,0.15,40,success,1,1,0,0,45,2,0,1,1,48,1.556027537816572,23.46232960407155,0.0,0.0,0.99,8,exponential
q_learning,shaped_seed5,shaped,5,4a77b6e251,1291,185,83.24999999999997,93.94949999999999,0.07542734168829662,0.15,40,success,1,1,0,0,47,3,0,1,1,37,1.5034735406866078,25.3696832096836,0.0,0.0,0.99,8,exponential
q_learning,shaped_seed5,shaped,5,4a77b6e251,1292,183,94.35,93.90749999999998,0.07527648700492003,0.15,42,success,1,1,0,0,31,4,0,2,1,32,1.6813163604400727,35.646051859839616,0.0,0.0,0.99,8,exponential
q_learning,shaped_seed5,shaped,5,4a77b6e251,1293,181,102.45000000000002,93.9885,0.07512593403091018,0.15,44,success,1,1,0,0,33,2,0,1,1,36,2.0947987468610543,79.91482709855849,0.0,0.0,0.99,8,exponential
q_learning,shaped_seed5,shaped,5,4a77b6e251,1294,178,103.60000000000002,94.054,0.07497568216284836,0.15,47,success,1,1,0,0,32,2,0,1,1,33,1.357686122579059,23.685577924782702,0.0,0.0,0.99,8,exponential
q_learning,shaped_seed5,shaped,5,4a77b6e251,1295,181,90.44999999999999,94.0395,0.07482573079852267,0.15,44,success,1,1,0,0,45,2,0,1,1,39,1.7504137796718038,64.92436837087241,0.0,0.0,0.99,8,exponential
q_learning,shaped_seed5,shaped,5,4a77b6e251,1296,180,78.49999999999991,93.73899999999999,0.07467607933692563,0.15,45,success,1,1,0,0,42,5,0,2,1,40,1.426535813306998,16.36187359220422,0.0,0.0,0.99,8,exponential
q_learning,shaped_seed5,shaped,5,4a77b6e251,1297,179,82.54999999999998,93.819,0.07452672717825178,0.15,46,success,1,1,0,0,43,4,0,1,1,43,1.9592168781760337,53.667417566515965,0.0,0.0,0.99,8,exponential
q_learning,shaped_seed5,shaped,5,4a77b6e251,1298,183,102.35,93.93799999999999,0.07437767372389527,0.15,42,success,1,1,0,0,33,2,0,2,1,33,1.8177586310824931,27.427145505931964,0.0,0.0,0.99,8,exponential
q_learning,shaped_seed5,shaped,5,4a77b6e251,1299,182,85.39999999999993,93.77699999999997,0.07422891837644748,0.15,43,success,1,1,0,0,40,4,0,1,1,32,1.2994331726672754,15.155475160980235,0.0,0.0,0.99,8,exponential
q_learning,shaped_seed5,shaped,5,4a77b6e251,1300,187,77.14999999999989,93.56349999999996,0.07408046053969458,0.15,38,success,1,1,0,0,43,5,0,2,1,41,1.2180155323450848,14.495535466133347,0.0,0.0,0.99,8,exponential
q_learning,shaped_seed5,shaped,5,4a77b6e251,1301,179,64.55000000000018,93.31599999999999,0.0739322996186152,0.15,46,success,1,1,0,0,41,8,0,1,1,34,1.908704708078692,26.54997786605582,0.0,0.0,0.99,8,exponential
q_learning,shaped_seed5,shaped,5,4a77b6e251,1302,177,100.65,93.40699999999998,0.07378443501937797,0.15,48,success,1,1,0,0,35,2,0,1,1,31,1.6269299536792263,28.17846629198781,0.0,0.0,0.99,8,exponential
q_learning,shaped_seed5,shaped,5,4a77b6e251,1303,176,100.7,93.58949999999999,0.07363686614933922,0.15,49,success,1,1,0,0,30,3,0,1,1,26,1.588456925371723,30.7193355344712,0.0,0.0,0.99,8,exponential
q_learning,shaped_seed5,shaped,5,4a77b6e251,1304,183,92.35,93.54899999999998,0.07348959241704053,0.15,42,success,1,1,0,0,43,2,0,1,1,41,2.387700816332176,31.81305187470084,0.0,0.0,0.99,8,exponential
q_learning,shaped_seed5,shaped,5,4a77b6e251,1305,178,97.60000000000001,93.67049999999999,0.07334261323220645,0.15,47,success,1,1,0,0,38,2,0,1,1,37,2.152047141539192,67.64442988033389,0.0,0.0,0.99,8,exponential
q_learning,shaped_seed5,shaped,5,4a77b6e251,1306,177,106.65000000000002,93.7525,0.07319592800574204,0.15,48,success,1,1,0,0,29,2,0,1,1,28,1.7638468478445541,21.87297385019896,0.0,0.0,0.99,8,exponential
q_learning,shaped_seed5,shaped,5,4a77b6e251,1307,184,96.30000000000001,93.76899999999998,0.07304953614973056,0.15,41,success,1,1,0,0,34,3,0,2,1,34,1.5529132137225703,22.38240775410706,0.0,0.0,0.99,8,exponential
q_learning,shaped_seed5,shaped,5,4a77b6e251,1308,177,70.64999999999999,93.48999999999998,0.0729034370774311,0.15,48,success,1,1,0,0,35,8,0,1,1,44,1.8582002252465046,24.68562397647979,0.0,0.0,0.99,8,exponential
q_learning,shaped_seed5,shaped,5,4a77b6e251,1309,178,94.60000000000001,93.38099999999997,0.07275763020327625,0.15,47,success,1,1,0,0,36,3,0,1,1,35,1.9995944291455585,57.31216271569195,0.0,0.0,0.99,8,exponential
q_learning,shaped_seed5,shaped,5,4a77b6e251,1310,177,84.64999999999999,93.12199999999999,0.07261211494286969,0.15,48,success,1,1,0,0,41,4,0,1,1,41,1.8542577364638713,24.980903100191448,0.0,0.0,0.99,8,exponential
q_learning,shaped_seed5,shaped,5,4a77b6e251,1311,182,105.40000000000002,93.09149999999998,0.07246689071298396,0.15,43,success,1,1,0,0,30,2,0,1,1,32,1.3626348493982823,21.979114346512866,0.0,0.0,0.99,8,exponential
q_learning,shaped_seed5,shaped,5,4a77b6e251,1312,179,100.55000000000001,93.13149999999997,0.07232195693155799,0.15,46,success,1,1,0,0,35,2,0,1,1,34,1.7414562844565473,32.41344066577796,0.0,0.0,0.99,8,exponential
q_learning,shaped_seed5,shaped,5,4a77b6e251,1313,184,103.30000000000001,93.17949999999998,0.07217731301769488,0.15,41,success,1,1,0,0,32,2,0,2,1,36,1.3175829092865288,23.994238684605897,0.0,0.0,0.99,8,exponential
q_learning,shaped_seed5,shaped,5,4a77b6e251,1314,186,92.19999999999999,93.18499999999999,0.07203295839165949,0.15,39,success,1,1,0,0,38,3,0,2,1,36,1.6658002915855101,24.53148368058865,0.0,0.0,0.99,8,exponential
q_learning,shaped_seed5,shaped,5,4a77b6e251,1315,182,81.39999999999996,93.07349999999997,0.07188889247487618,0.15,43,success,1,1,0,0,44,4,0,1,1,44,1.476364091038365,15.862304233299938,0.0,0.0,0.99,8,exponential
q_learning,shaped_seed5,shaped,5,4a77b6e251,1316,181,100.45,93.05249999999998,0.07174511468992642,0.15,44,success,1,1,0,0,35,2,0,1,1,35,1.4540882673144069,19.04182001754727,0.0,0.0,0.99,8,exponential
q_learning,shaped_seed5,shaped,5,4a77b6e251,1317,179,80.54999999999994,92.91249999999998,0.07160162446054656,0.15,46,success,1,1,0,0,45,4,0,1,1,46,1.862977269959073,27.488466342699798,0.0,0.0,0.99,8,exponential
q_learning,shaped_seed5,shaped,5,4a77b6e251,1318,181,100.45000000000002,92.94099999999999,0.07145842121162548,0.15,44,success,1,1,0,0,35,2,0,1,1,39,1.5208568168948682,23.449668768599857,0.0,0.0,0.99,8,exponential
q_learning,shaped_seed5,shaped,5,4a77b6e251,1319,178,111.6,92.95100000000001,0.07131550436920223,0.15,47,success,1,1,0,0,24,2,0,1,1,30,1.1680467461998976,10.134922885574085,0.0,0.0,0.99,8,exponential
q_learning,shaped_seed5,shaped,5,4a77b6e251,1320,225,-88.24999999999986,91.05249999999998,0.07117287336046382,0.15,0,out_of_energy,0,0,1,0,70,6,0,0,1,47,1.6383721001243332,26.28982631970619,0.0,0.0,0.99,8,exponential
q_learning,shaped_seed5,shaped,5,4a77b6e251,1321,186,97.20000000000002,91.059,0.0710305276137429,0.15,39,success,1,1,0,0,38,2,0,2,1,37,1.311100586483857,12.516970056343805,0.0,0.0,0.99,8,exponential
q_learning,shaped_seed5,shaped,5,4a77b6e251,1322,179,102.55000000000001,91.1805,0.07088846655851541,0.15,46,success,1,1,0,0,33,2,0,1,1,34,1.7607293615000208,33.2856820002236,0.0,0.0,0.99,8,exponential
q_learning,shaped_seed5,shaped,5,4a77b6e251,1323,180,97.50000000000001,91.09949999999999,0.07074668962539839,0.15,45,success,1,1,0,0,38,2,0,1,1,32,1.4552015408595114,26.277811438031584,0.0,0.0,0.99,8,exponential
q_learning,shaped_seed5,shaped,5,4a77b6e251,1324,180,87.49999999999994,90.99949999999998,0.0706051962461476,0.15,45,success,1,1,0,0,38,4,0,1,1,37,2.0113234118144607,30.11102408923941,0.0,0.0,0.99,8,exponential
q_learning,shaped_seed5,shaped,5,4a77b6e251,1325,184,95.30000000000001,91.07199999999997,0.0704639858536553,0.15,41,success,1,1,0,0,40,2,0,1,1,40,2.5051070383574703,54.0234895098843,0.0,0.0,0.99,8,exponential
q_learning,shaped_seed5,shaped,5,4a77b6e251,1326,183,102.35000000000002,91.29099999999998,0.070323057881948,0.15,42,success,1,1,0,0,33,2,0,1,1,36,1.4436845287520108,52.77892812875371,0.0,0.0,0.99,8,exponential
q_learning,shaped_seed5,shaped,5,4a77b6e251,1327,182,97.40000000000002,91.43099999999998,0.0701824117661841,0.15,43,success,1,1,0,0,28,4,0,1,1,29,1.5080949175506162,15.419994081463804,0.0,0.0,0.99,8,exponential
q_learning,shaped_seed5,shaped,5,4a77b6e251,1328,181,98.45000000000002,91.4895,0.07004204694265173,0.15,44,success,1,1,0,0,37,2,0,1,1,32,1.6004842738404303,25.601114017832032,0.0,0.0,0.99,8,exponential
q_learning,shaped_seed5,shaped,5,4a77b6e251,1329,181,95.45000000000002,91.65,0.06990196284876643,0.15,44,success,1,1,0,0,35,3,0,1,1,33,1.4911597823584264,19.733338264501803,0.0,0.0,0.99,8,exponential
q_learning,shaped_seed5,shaped,5,4a77b6e251,1330,182,96.40000000000002,91.6465,0.0697621589230689,0.15,43,success,1,1,0,0,34,3,0,1,1,38,2.0374298699537565,77.91856151610953,0.0,0.0,0.99,8,exponential
q_learning,shaped_seed5,shaped,5,4a77b6e251,1331,181,102.45,91.66550000000001,0.06962263460522276,0.15,44,success,1,1,0,0,33,2,0,1,1,37,1.194249274086955,24.957027597890118,0.0,0.0,0.99,8,exponential
q_learning,shaped_seed5,shaped,5,4a77b6e251,1332,181,102.45000000000002,91.90650000000001,0.06948338933601232,0.15,44,success,1,1,0,0,33,2,0,1,1,36,1.436246379940414,18.43790940905034,0.0,0.0,0.99,8,exponential
q_learning,shaped_seed5,shaped,5,4a77b6e251,1333,186,99.19999999999999,92.17700000000002,0.0693444225573403,0.15,39,success,1,1,0,0,36,2,0,1,1,34,2.206684657801961,65.86703024282893,0.0,0.0,0.99,8,exponential
q_learning,shaped_seed5,shaped,5,4a77b6e251,1334,178,99.60000000000002,92.308,0.06920573371222562,0.15,47,success,1,1,0,0,26,4,0,1,1,28,1.7725012633451656,36.3893207556377,0.0,0.0,0.99,8,exponential
q_learning,shaped_seed5,shaped,5,4a77b6e251,1335,182,103.40000000000002,92.47850000000003,0.06906732224480117,0.15,43,success,1,1,0,0,32,2,0,1,1,35,1.9126387270614569,53.690171081685946,0.0,0.0,0.99,8,exponential
q_learning,shaped_seed5,shaped,5,4a77b6e251,1336,181,106.44999999999999,92.66950000000001,0.06892918760031157,0.15,44,success,1,1,0,0,29,2,0,1,1,33,1.3467085651442472,25.294707814847513,0.0,0.0,0.99,8,exponential
q_learning,shaped_seed5,shaped,5,4a77b6e251,1337,181,91.44999999999995,92.74000000000002,0.06879132922511094,0.15,44,success,1,1,0,0,39,3,0,1,1,41,1.8449083119424796,31.765717448192405,0.0,0.0,0.99,8,exponential
q_learning,shaped_seed5,shaped,5,4a77b6e251,1338,180,101.50000000000001,92.76950000000002,0.06865374656666072,0.15,45,success,1,1,0,0,34,2,0,1,1,33,2.902776052369042,66.95133778978033,0.0,0.0,0.99,8,exponential
q_learning,shaped_seed5,shaped,5,4a77b6e251,1339,181,102.45,92.81900000000002,0.0685164390735274,0.15,44,success,1,1,0,0,33,2,0,1,1,32,1.9102535815376784,46.65807397101696,0.0,0.0,0.99,8,exponential
q_learning,shaped_seed5,shaped,5,4a77b6e251,1340,181,95.45,92.76850000000002,0.06837940619538035,0.15,44,success,1,1,0,0,35,3,0,1,1,34,1.704836435277196,32.54746934885782,0.0,0.0,0.99,8,exponential
q_learning,shaped_seed5,shaped,5,4a77b6e251,1341,182,81.39999999999993,92.56750000000002,0.06824264738298959,0.15,43,success,1,1,0,0,44,4,0,1,1,40,1.761407555048494,26.689181767435723,0.0,0.0,0.99,8,exponential
q_learning,shaped_seed5,shaped,5,4a77b6e251,1342,184,96.30000000000001,92.61400000000002,0.0681061620882236,0.15,41,success,1,1,0,0,34,3,0,1,1,33,1.7190273634145832,29.107772317019226,0.0,0.0,0.99,8,exponential
q_learning,shaped_seed5,shaped,5,4a77b6e251,1343,181,85.44999999999997,92.385,0.06796994976404716,0.15,44,success,1,1,0,0,45,3,0,1,1,44,1.6622673468978655,33.84890184661525,0.0,0.0,0.99,8,exponential
q_learning,shaped_seed5,shaped,5,4a77b6e251,1344,187,79.14999999999992,92.1305,0.06783400986451907,0.15,38,success,1,1,0,0,41,5,0,1,1,48,1.6462095292181593,29.61997896472876,0.0,0.0,0.99,8,exponential
q_learning,shaped_seed5,shaped,5,4a77b6e251,1345,183,100.35000000000001,92.2105,0.06769834184479002,0.15,42,success,1,1,0,0,35,2,0,1,1,38,1.4692823666097177,31.041116259207456,0.0,0.0,0.99,8,exponential
q_learning,shaped_seed5,shaped,5,4a77b6e251,1346,179,77.54999999999993,92.1525,0.06756294516110044,0.15,46,success,1,1,0,0,33,7,0,1,1,37,1.8863861526894656,29.520610661966295,0.0,0.0,0.99,8,exponential
q_learning,shaped_seed5,shaped,5,4a77b6e251,1347,179,103.55,92.15799999999999,0.06742781927077823,0.15,46,success,1,1,0,0,27,3,0,1,1,31,1.1726565949277266,11.868350438968989,0.0,0.0,0.99,8,exponential
q_learning,shaped_seed5,shaped,5,4a77b6e251,1348,185,89.24999999999996,91.98599999999999,0.06729296363223668,0.15,40,success,1,1,0,0,41,3,0,2,1,34,1.527072270412629,18.022555632097106,0.0,0.0,0.99,8,exponential
q_learning,shaped_seed5,shaped,5,4a77b6e251,1349,180,92.49999999999996,91.97799999999998,0.0671583777049722,0.15,45,success,1,1,0,0,38,3,0,1,1,32,1.6183751363157572,23.08999115965518,0.0,0.0,0.99,8,exponential
q_learning,shaped_seed5,shaped,5,4a77b6e251,1350,188,60.10000000000023,91.69599999999998,0.06702406094956226,0.15,37,success,1,1,0,0,50,7,0,1,1,46,1.556592267236394,31.126744330877134,0.0,0.0,0.99,8,exponential
q_learning,shaped_seed5,shaped,5,4a77b6e251,1351,185,99.25000000000003,91.762,0.06689001282766313,0.15,40,success,1,1,0,0,31,3,0,1,1,36,1.3453115947045573,23.7818511984304,0.0,0.0,0.99,8,exponential
q_learning,shaped_seed5,shaped,5,4a77b6e251,1352,185,95.25000000000003,91.869,0.0667562328020078,0.15,40,success,1,1,0,0,35,3,0,1,1,40,1.2997152769756073,14.815252703534657,0.0,0.0,0.99,8,exponential
q_learning,shaped_seed5,shaped,5,4a77b6e251,1353,178,95.6,91.78150000000001,0.06662272033640379,0.15,47,success,1,1,0,0,30,4,0,1,1,28,1.6360544753410293,27.311597721030818,0.0,0.0,0.99,8,exponential
q_learning,shaped_seed5,shaped,5,4a77b6e251,1354,179,105.55,91.82099999999998,0.06648947489573098,0.15,46,success,1,1,0,0,25,3,0,2,1,27,1.2242148912223352,12.965953017039112,0.0,0.0,0.99,8,exponential
q_learning,shaped_seed5,shaped,5,4a77b6e251,1355,180,98.50000000000003,91.8005,0.06635649594593952,0.15,45,success,1,1,0,0,32,3,0,1,1,32,2.200320286654633,31.187963659947382,0.0,0.0,0.99,8,exponential
q_learning,shaped_seed5,shaped,5,4a77b6e251,1356,183,83.35,91.98,0.06622378295404764,0.15,42,success,1,1,0,0,37,5,0,1,1,42,1.6925553754961813,23.741915754693544,0.0,0.0,0.99,8,exponential
q_learning,shaped_seed5,shaped,5,4a77b6e251,1357,181,95.45000000000002,92.069,0.06609133538813955,0.15,44,success,1,1,0,0,35,3,0,2,1,38,1.531520966915791,23.62907897574579,0.0,0.0,0.99,8,exponential
q_learning,shaped_seed5,shaped,5,4a77b6e251,1358,178,107.60000000000001,92.139,0.06595915271736327,0.15,47,success,1,1,0,0,28,2,0,1,1,30,1.9182952418744232,73.49072234742104,0.0,0.0,0.99,8,exponential
q_learning,shaped_seed5,shaped,5,4a77b6e251,1359,179,92.55,92.079,0.06582723441192855,0.15,46,success,1,1,0,0,33,4,0,1,1,36,1.4924378113430314,26.194850617012982,0.0,0.0,0.99,8,exponential
q_learning,shaped_seed5,shaped,5,4a77b6e251,1360,178,104.60000000000001,92.3425,0.06569557994310468,0.15,47,success,1,1,0,0,26,3,0,1,1,27,1.8003720724631895,29.690356234454967,0.0,0.0,0.99,8,exponential
q_learning,shaped_seed5,shaped,5,4a77b6e251,1361,179,88.54999999999998,92.19449999999999,0.06556418878321847,0.15,46,success,1,1,0,0,37,4,0,1,1,37,1.7420435733660404,28.159222110089974,0.0,0.0,0.99,8,exponential
q_learning,shaped_seed5,shaped,5,4a77b6e251,1362,183,93.35000000000002,92.17299999999997,0.06543306040565204,0.15,42,success,1,1,0,0,37,3,0,1,1,36,2.101826236913359,42.207674823087444,0.0,0.0,0.99,8,exponential
q_learning,shaped_seed5,shaped,5,4a77b6e251,1363,185,85.24999999999991,92.08099999999999,0.06530219428484074,0.15,40,success,1,1,0,0,35,5,0,3,1,38,1.8314979861321552,19.48383706587898,0.0,0.0,0.99,8,exponential
q_learning,shaped_seed5,shaped,5,4a77b6e251,1364,180,78.49999999999997,92.06199999999998,0.06517158989627106,0.15,45,success,1,1,0,0,42,5,0,1,1,39,1.9331393795571437,53.626881354732305,0.0,0.0,0.99,8,exponential
q_learning,shaped_seed5,shaped,5,4a77b6e251,1365,186,105.20000000000002,92.1775,0.06504124671647851,0.15,39,success,1,1,0,0,30,2,0,4,1,32,1.8477739033709597,53.24760532463803,0.0,0.0,0.99,8,exponential
q_learning,shaped_seed5,shaped,5,4a77b6e251,1366,183,87.34999999999998,92.0455,0.06491116422304556,0.15,42,success,1,1,0,0,43,3,0,1,1,43,1.4511137588195413,24.725504793916492,0.0,0.0,0.99,8,exponential
q_learning,shaped_seed5,shaped,5,4a77b6e251,1367,180,87.49999999999996,91.815,0.06478134189459947,0.15,45,success,1,1,0,0,38,4,0,1,1,35,1.511452588402608,20.64796465102406,0.0,0.0,0.99,8,exponential
q_learning,shaped_seed5,shaped,5,4a77b6e251,1368,179,100.55000000000001,91.956,0.06465177921081026,0.15,46,success,1,1,0,0,35,2,0,1,1,31,1.5860523358143073,25.441352940911006,0.0,0.0,0.99,8,exponential
q_learning,shaped_seed5,shaped,5,4a77b6e251,1369,177,97.64999999999999,91.99799999999999,0.06452247565238864,0.15,48,success,1,1,0,0,33,3,0,1,1,35,1.2224045579453924,11.72082084968088,0.0,0.0,0.99,8,exponential
q_learning,shaped_seed5,shaped,5,4a77b6e251,1370,182,111.4,92.16949999999997,0.06439343070108386,0.15,43,success,1,1,0,0,24,2,0,2,1,28,1.7433263180692007,25.998027466305256,0.0,0.0,0.99,8,exponential
q_learning,shaped_seed5,shaped,5,4a77b6e251,1371,176,94.7,92.31399999999998,0.0642646438396817,0.15,49,success,1,1,0,0,36,3,0,1,1,37,1.2853789276767262,14.986269650480935,0.0,0.0,0.99,8,exponential
q_learning,shaped_seed5,shaped,5,4a77b6e251,1372,179,103.54999999999998,92.47349999999999,0.06413611455200233,0.15,46,success,1,1,0,0,27,3,0,1,1,25,1.1287577757220069,12.930833374423926,0.0,0.0,0.99,8,exponential
q_learning,shaped_seed5,shaped,5,4a77b6e251,1373,178,107.60000000000001,92.727,0.06400784232289833,0.15,47,success,1,1,0,0,28,2,0,1,1,30,1.2055557547496496,20.15867834824711,0.0,0.0,0.99,8,exponential
q_learning,shaped_seed5,shaped,5,4a77b6e251,1374,183,108.35000000000001,92.95650000000002,0.06387982663825253,0.15,42,success,1,1,0,0,27,2,0,1,1,32,1.442117872101145,28.880156349331543,0.0,0.0,0.99,8,exponential
q_learning,shaped_seed5,shaped,5,4a77b6e251,1375,179,96.55000000000001,92.86599999999999,0.06375206698497603,0.15,46,success,1,1,0,0,39,2,0,1,1,38,1.7485110736033918,58.23451446780381,0.0,0.0,0.99,8,exponential
q_learning,shaped_seed5,shaped,5,4a77b6e251,1376,180,97.50000000000003,92.95549999999999,0.06362456285100608,0.15,45,success,1,1,0,0,28,4,0,1,1,33,1.5428356300131276,51.802850781004835,0.0,0.0,0.99,8,exponential
q_learning,shaped_seed5,shaped,5,4a77b6e251,1377,181,96.45000000000002,92.98700000000001,0.06349731372530407,0.15,44,success,1,1,0,0,39,2,0,1,1,44,1.7350543712058644,31.788895368245697,0.0,0.0,0.99,8,exponential
q_learning,shaped_seed5,shaped,5,4a77b6e251,1378,179,97.55000000000001,92.9275,0.06337031909785346,0.15,46,success,1,1,0,0,33,3,0,1,1,35,1.3891349502857406,24.48882453882021,0.0,0.0,0.99,8,exponential
q_learning,shaped_seed5,shaped,5,4a77b6e251,1379,186,100.20000000000002,93.06350000000002,0.06324357845965775,0.15,39,success,1,1,0,0,30,3,0,4,1,29,1.8022643226607011,22.927475845393435,0.0,0.0,0.99,8,exponential
q_learning,shaped_seed5,shaped,5,4a77b6e251,1380,180,93.49999999999999,92.92450000000001,0.06311709130273843,0.15,45,success,1,1,0,0,42,2,0,1,1,36,1.5349825139223319,37.66854242176735,0.0,0.0,0.99,8,exponential
q_learning,shaped_seed5,shaped,5,4a77b6e251,1381,180,97.50000000000001,92.90700000000001,0.06299085712013296,0.15,45,success,1,1,0,0,38,2,0,1,1,39,1.6221155273133367,30.007548873431542,0.0,0.0,0.99,8,exponential
q_learning,shaped_seed5,shaped,5,4a77b6e251,1382,179,79.54999999999993,92.65799999999999,0.0628648754058927,0.15,46,success,1,1,0,0,41,5,0,1,1,40,1.838608158827324,33.513758759353294,0.0,0.0,0.99,8,exponential
q_learning,shaped_seed5,shaped,5,4a77b6e251,1383,178,77.59999999999998,92.39800000000001,0.06273914565508092,0.15,47,success,1,1,0,0,38,6,0,1,1,40,1.5622472152348374,17.754630058026294,0.0,0.0,0.99,8,exponential
q_learning,shaped_seed5,shaped,5,4a77b6e251,1384,181,72.44999999999993,92.097,0.06261366736377075,0.15,44,success,1,1,0,0,43,6,0,1,1,45,1.4562795691411197,25.71773610966874,0.0,0.0,0.99,8,exponential
q_learning,shaped_seed5,shaped,5,4a77b6e251,1385,180,105.50000000000001,92.3875,0.062488440029043205,0.15,45,success,1,1,0,0,30,2,0,2,1,36,1.4145219104945472,21.185221640919387,0.0,0.0,0.99,8,exponential
q_learning,shaped_seed5,shaped,5,4a77b6e251,1386,178,113.59999999999998,92.50650000000002,0.06236346314898512,0.15,47,success,1,1,0,0,22,2,0,1,1,28,1.2583994458800194,15.495347096522032,0.0,0.0,0.99,8,exponential
q_learning,shaped_seed5,shaped,5,4a77b6e251,1387,178,103.60000000000001,92.662,0.06223873622268715,0.15,47,success,1,1,0,0,32,2,0,1,1,34,1.1425086529745025,14.51734654845049,0.0,0.0,0.99,8,exponential
q_learning,shaped_seed5,shaped,5,4a77b6e251,1388,180,104.50000000000001,92.70200000000001,0.06211425875024178,0.15,45,success,1,1,0,0,26,3,0,1,1,30,1.23603622998939,13.124018098415863,0.0,0.0,0.99,8,exponential
q_learning,shaped_seed5,shaped,5,4a77b6e251,1389,182,96.40000000000003,92.86399999999999,0.06199003023274129,0.15,43,success,1,1,0,0,34,3,0,2,1,37,1.2971884380272056,18.519437246958013,0.0,0.0,0.99,8,exponential
q_learning,shaped_seed5,shaped,5,4a77b6e251,1390,181,104.45000000000002,93.006,0.06186605017227581,0.15,44,success,1,1,0,0,31,2,0,1,1,29,1.135043338285269,9.037756595066995,0.0,0.0,0.99,8,exponential
q_learning,shaped_seed5,shaped,5,4a77b6e251,1391,182,98.40000000000002,93.1575,0.06174231807193126,0.15,43,success,1,1,0,0,32,3,0,1,1,36,1.9836978947991228,47.49161388894427,0.0,0.0,0.99,8,exponential
q_learning,shaped_seed5,shaped,5,4a77b6e251,1392,181,83.44999999999993,93.0485,0.0616188334357874,0.15,44,success,1,1,0,0,37,5,0,1,1,35,1.363044145424354,18.62475450886587,0.0,0.0,0.99,8,exponential
q_learning,shaped_seed5,shaped,5,4a77b6e251,1393,178,88.59999999999992,92.91000000000003,0.06149559576891582,0.15,47,success,1,1,0,0,32,5,0,1,1,34,1.494177272656535,27.232204889276254,0.0,0.0,0.99,8,exponential
q_learning,shaped_seed5,shaped,5,4a77b6e251,1394,179,100.55000000000001,92.87950000000001,0.06137260457737799,0.15,46,success,1,1,0,0,35,2,0,1,1,33,1.276441459293971,14.64130306128422,0.0,0.0,0.99,8,exponential
q_learning,shaped_seed5,shaped,5,4a77b6e251,1395,184,101.30000000000001,92.988,0.06124985936822323,0.15,41,success,1,1,0,0,34,2,0,1,1,41,1.5778510877117649,34.6219712169829,0.0,0.0,0.99,8,exponential
q_learning,shaped_seed5,shaped,5,4a77b6e251,1396,179,104.55000000000001,93.24849999999998,0.06112735964948679,0.15,46,success,1,1,0,0,31,2,0,1,1,38,1.274844732052457,20.94000107903814,0.0,0.0,0.99,8,exponential
q_learning,shaped_seed5,shaped,5,4a77b6e251,1397,178,85.5999999999999,93.27899999999998,0.06100510493018781,0.15,47,success,1,1,0,0,50,2,0,1,1,46,1.3497684521865783,14.468729968994559,0.0,0.0,0.99,8,exponential
q_learning,shaped_seed5,shaped,5,4a77b6e251,1398,180,83.49999999999994,93.09049999999999,0.060883094720327435,0.15,45,success,1,1,0,0,42,4,0,1,1,48,1.702818604223506,45.40870036021997,0.0,0.0,0.99,8,exponential
q_learning,shaped_seed5,shaped,5,4a77b6e251,1399,180,95.50000000000001,93.19149999999999,0.06076132853088678,0.15,45,success,1,1,0,0,30,4,0,1,1,38,1.293319469766513,12.40155095605332,0.0,0.0,0.99,8,exponential
q_learning,shaped_seed5,shaped,5,4a77b6e251,1400,180,103.50000000000001,93.45500000000001,0.06063980587382501,0.15,45,success,1,1,0,0,32,2,0,1,1,34,1.2267873109977816,9.398348765997389,0.0,0.0,0.99,8,exponential
q_learning,shaped_seed5,shaped,5,4a77b6e251,1401,181,88.44999999999999,93.694,0.06051852626207736,0.15,44,success,1,1,0,0,37,4,0,1,1,37,1.2017094223930136,9.471550089864643,0.0,0.0,0.99,8,exponential
q_learning,shaped_seed5,shaped,5,4a77b6e251,1402,180,93.5,93.6225,0.06039748920955321,0.15,45,success,1,1,0,0,32,4,0,1,1,38,1.1976212700285058,13.764290723020007,0.0,0.0,0.99,8,exponential
q_learning,shaped_seed5,shaped,5,4a77b6e251,1403,182,87.39999999999995,93.4895,0.060276694231134104,0.15,43,success,1,1,0,0,38,4,0,1,1,40,1.4752918743308328,21.17760964887109,0.0,0.0,0.99,8,exponential
q_learning,shaped_seed5,shaped,5,4a77b6e251,1404,189,104.05,93.6065,0.06015614084267183,0.15,36,success,1,1,0,0,31,2,0,1,1,32,1.8361884927727956,35.470744717446564,0.0,0.0,0.99,8,exponential
q_learning,shaped_seed5,shaped,5,4a77b6e251,1405,178,104.60000000000001,93.67649999999998,0.060035828560986486,0.15,47,success,1,1,0,0,26,3,0,1,1,26,1.4017655144639904,21.020911229530302,0.0,0.0,0.99,8,exponential
q_learning,shaped_seed5,shaped,5,4a77b6e251,1406,179,98.55000000000001,93.59549999999999,0.05991575690386451,0.15,46,success,1,1,0,0,37,2,0,1,1,38,1.536712846851409,30.379390710359054,0.0,0.0,0.99,8,exponential
q_learning,shaped_seed5,shaped,5,4a77b6e251,1407,183,88.34999999999994,93.51599999999999,0.059795925390056785,0.15,42,success,1,1,0,0,37,4,0,1,1,38,1.4052714024953412,14.076756550220317,0.0,0.0,0.99,8,exponential
q_learning,shaped_seed5,shaped,5,4a77b6e251,1408,179,95.55000000000001,93.765,0.05967633353927667,0.15,46,success,1,1,0,0,35,3,0,1,1,37,1.9551422925599806,24.054106429873237,0.0,0.0,0.99,8,exponential
q_learning,shaped_seed5,shaped,5,4a77b6e251,1409,180,111.49999999999994,93.934,0.059556980872198115,0.15,45,success,1,1,0,0,24,2,0,2,1,24,1.29621201048714,14.335396539206101,0.0,0.0,0.99,8,exponential
q_learning,shaped_seed5,shaped,5,4a77b6e251,1410,180,99.50000000000001,94.08249999999998,0.05943786691045372,0.15,45,success,1,1,0,0,36,2,0,2,1,34,2.0379038595567653,26.469036850560965,0.0,0.0,0.99,8,exponential
q_learning,shaped_seed5,shaped,5,4a77b6e251,1411,181,87.44999999999997,93.90299999999999,0.059318991176632814,0.15,44,success,1,1,0,0,43,3,0,1,1,44,1.9663447856798566,22.068092552782062,0.0,0.0,0.99,8,exponential
q_learning,shaped_seed5,shaped,5,4a77b6e251,1412,180,97.50000000000003,93.8725,0.05920035319427955,0.15,45,success,1,1,0,0,38,2,0,1,1,47,1.369961272030015,17.21309474697157,0.0,0.0,0.99,8,exponential
q_learning,shaped_seed5,shaped,5,4a77b6e251,1413,182,98.40000000000002,93.82350000000001,0.05908195248789099,0.15,43,success,1,1,0,0,32,3,0,1,1,26,1.6417577819438327,32.96934753177291,0.0,0.0,0.99,8,exponential
q_learning,shaped_seed5,shaped,5,4a77b6e251,1414,181,85.44999999999996,93.756,0.05896378858291521,0.15,44,success,1,1,0,0,35,5,0,2,1,43,1.4020576307577979,16.40441340567114,0.0,0.0,0.99,8,exponential
q_learning,shaped_seed5,shaped,5,4a77b6e251,1415,183,91.34999999999998,93.8555,0.05884586100574938,0.15,42,success,1,1,0,0,29,5,0,1,1,28,1.3450076235368427,18.86862311624435,0.0,0.0,0.99,8,exponential
q_learning,shaped_seed5,shaped,5,4a77b6e251,1416,177,100.65,93.8575,0.05872816928373788,0.15,48,success,1,1,0,0,35,2,0,1,1,41,1.376921638848859,18.462007854743575,0.0,0.0,0.99,8,exponential
q_learning,shaped_seed5,shaped,5,4a77b6e251,1417,183,92.34999999999994,93.97550000000001,0.0586107129451704,0.15,42,success,1,1,0,0,33,4,0,3,1,33,1.8021652050356047,27.56712487302582,0.0,0.0,0.99,8,exponential
q_learning,shaped_seed5,shaped,5,4a77b6e251,1418,180,97.50000000000001,93.946,0.058493491519280065,0.15,45,success,1,1,0,0,28,4,0,1,1,29,1.7203369434695213,28.38124730587396,0.0,0.0,0.99,8,exponential
q_learning,shaped_seed5,shaped,5,4a77b6e251,1419,183,70.34999999999994,93.5335,0.058376504536241505,0.15,42,success,1,1,0,0,45,6,0,1,1,47,1.4736461473338485,18.698557382000836,0.0,0.0,0.99,8,exponential
q_learning,shaped_seed5,shaped,5,4a77b6e251,1420,184,95.30000000000001,95.369,0.05825975152716902,0.15,41,success,1,1,0,0,30,4,0,1,1,34,1.3347848205201633,15.050868017848863,0.0,0.0,0.99,8,exponential
q_learning,shaped_seed5,shaped,5,4a77b6e251,1421,178,89.59999999999997,95.29299999999999,0.058143232024114685,0.15,47,success,1,1,0,0,36,4,0,1,1,35,1.9429434847005005,29.56031449261813,0.0,0.0,0.99,8,exponential
q_learning,shaped_seed5,shaped,5,4a77b6e251,1422,177,96.65000000000002,95.234,0.058026945560066455,0.15,48,success,1,1,0,0,29,4,0,1,1,33,1.278790667829521,19.97139167073412,0.0,0.0,0.99,8,exponential
q_learning,shaped_seed5,shaped,5,4a77b6e251,1423,179,81.54999999999993,95.07449999999997,0.05791089166894632,0.15,46,success,1,1,0,0,39,5,0,1,1,39,1.719435017664107,27.961729965989875,0.0,0.0,0.99,8,exponential
q_learning,shaped_seed5,shaped,5,4a77b6e251,1424,181,106.44999999999996,95.264,0.05779506988560843,0.15,44,success,1,1,0,0,29,2,0,1,1,30,1.6112878702841595,30.901213486744794,0.0,0.0,0.99,8,exponential
q_learning,shaped_seed5,shaped,5,4a77b6e251,1425,177,108.65,95.39749999999998,0.05767947974583722,0.15,48,success,1,1,0,0,27,2,0,1,1,29,1.264641722487836,11.12569974341881,0.0,0.0,0.99,8,exponential
q_learning,shaped_seed5,shaped,5,4a77b6e251,1426,180,80.49999999999989,95.17899999999997,0.05756412078634554,0.15,45,success,1,1,0,0,50,3,0,1,1,50,1.9461641317532439,29.269299431994988,0.0,0.0,0.99,8,exponential
q_learning,shaped_seed5,shaped,5,4a77b6e251,1427,180,102.50000000000001,95.22999999999998,0.05744899254477285,0.15,45,success,1,1,0,0,28,3,0,1,1,29,1.936901404281937,24.442673607779394,0.0,0.0,0.99,8,exponential
q_learning,shaped_seed5,shaped,5,4a77b6e251,1428,181,106.45000000000002,95.31,0.0573340945596833,0.15,44,success,1,1,0,0,29,2,0,1,1,32,2.0174767420313753,64.28042344268808,0.0,0.0,0.99,8,exponential
q_learning,shaped_seed5,shaped,5,4a77b6e251,1429,184,98.30000000000001,95.33849999999998,0.05721942637056394,0.15,41,success,1,1,0,0,32,3,0,2,1,40,1.6856860131697455,20.77308550650378,0.0,0.0,0.99,8,exponential
q_learning,shaped_seed5,shaped,5,4a77b6e251,1430,180,59.50000000000003,94.96949999999998,0.05710498751782281,0.15,45,success,1,1,0,0,36,10,0,1,1,39,2.6708227816696177,67.37197254691623,0.0,0.0,0.99,8,exponential
q_learning,shaped_seed5,shaped,5,4a77b6e251,1431,178,90.59999999999994,94.851,0.05699077754278716,0.15,47,success,1,1,0,0,40,3,0,1,1,43,1.3673047227067092,16.190632369532853,0.0,0.0,0.99,8,exponential
q_learning,shaped_seed5,shaped,5,4a77b6e251,1432,178,117.59999999999997,95.0025,0.05687679598770159,0.15,47,success,1,1,0,0,18,2,0,1,1,19,1.6186310654916403,26.63786898686602,0.0,0.0,0.99,8,exponential
q_learning,shaped_seed5,shaped,5,4a77b6e251,1433,185,99.25000000000001,95.00299999999999,0.05676304239572619,0.15,40,success,1,1,0,0,31,3,0,1,1,38,1.0912156283915542,9.490333468302758,0.0,0.0,0.99,8,exponential
q_learning,shaped_seed5,shaped,5,4a77b6e251,1434,180,87.49999999999993,94.882,0.05664951631093473,0.15,45,success,1,1,0,0,38,4,0,1,1,38,1.3017819797534531,14.916414133387537,0.0,0.0,0.99,8,exponential
q_learning,shaped_seed5,shaped,5,4a77b6e251,1435,178,81.59999999999994,94.66400000000002,0.056536217278312866,0.15,47,success,1,1,0,0,44,4,0,1,1,41,1.6285071623803284,21.567265093737028,0.0,0.0,0.99,8,exponential
q_learning,shaped_seed5,shaped,5,4a77b6e251,1436,180,84.5,94.44449999999999,0.05642314484375624,0.15,45,success,1,1,0,0,36,5,0,1,1,35,1.4651904601435606,13.01656024252246,0.0,0.0,0.99,8,exponential
q_learning,shaped_seed5,shaped,5,4a77b6e251,1437,178,109.60000000000001,94.62599999999999,0.05631029855406873,0.15,47,success,1,1,0,0,26,2,0,1,1,27,1.373359001048768,21.11626589107233,0.0,0.0,0.99,8,exponential
q_learning,shaped_seed5,shaped,5,4a77b6e251,1438,178,90.6,94.517,0.056197677956960596,0.15,47,success,1,1,0,0,40,3,0,1,1,40,1.4093597196089993,29.514279054533965,0.0,0.0,0.99,8,exponential
q_learning,shaped_seed5,shaped,5,4a77b6e251,1439,182,92.39999999999998,94.4165,0.05608528260104667,0.15,43,success,1,1,0,0,28,5,0,2,1,35,1.5361576481941766,23.318185935511423,0.0,0.0,0.99,8,exponential
q_learning,shaped_seed5,shaped,5,4a77b6e251,1440,185,91.24999999999994,94.37449999999998,0.055973112035844576,0.15,40,success,1,1,0,0,39,3,0,1,1,42,1.5638700860250483,22.371810826134098,0.0,0.0,0.99,8,exponential
q_learning,shaped_seed5,shaped,5,4a77b6e251,1441,181,99.45000000000002,94.555,0.05586116581177289,0.15,44,success,1,1,0,0,31,3,0,1,1,35,1.9423229881074775,49.983421164700594,0.0,0.0,0.99,8,exponential
q_learning,shaped_seed5,shaped,5,4a77b6e251,1442,180,100.5,94.597,0.05574944348014935,0.15,45,success,1,1,0,0,30,3,0,1,1,29,1.6027098933308497,29.88010522172752,0.0,0.0,0.99,8,exponential
q_learning,shaped_seed5,shaped,5,4a77b6e251,1443,180,103.50000000000001,94.7775,0.05563794459318905,0.15,45,success,1,1,0,0,32,2,0,1,1,29,1.6839458475861282,29.48526347763769,0.0,0.0,0.99,8,exponential
q_learning,shaped_seed5,shaped,5,4a77b6e251,1444,177,106.65,95.05249999999998,0.05552666870400267,0.15,48,success,1,1,0,0,29,2,0,1,1,27,1.5257375944890306,25.01665350469129,0.0,0.0,0.99,8,exponential
q_learning,shaped_seed5,shaped,5,4a77b6e251,1445,178,107.60000000000001,95.12499999999999,0.055415615366594666,0.15,47,success,1,1,0,0,28,2,0,1,1,26,1.3372702326147623,19.167733852083252,0.0,0.0,0.99,8,exponential
q_learning,shaped_seed5,shaped,5,4a77b6e251,1446,179,97.55000000000001,95.32499999999999,0.05530478413586148,0.15,46,success,1,1,0,0,33,3,0,2,1,37,2.0708210613008657,64.50621675478462,0.0,0.0,0.99,8,exponential
q_learning,shaped_seed5,shaped,5,4a77b6e251,1447,178,102.60000000000001,95.31549999999999,0.05519417456758975,0.15,47,success,1,1,0,0,28,3,0,1,1,25,1.4505035991218458,19.178219935113887,0.0,0.0,0.99,8,exponential
q_learning,shaped_seed5,shaped,5,4a77b6e251,1448,181,94.44999999999999,95.3675,0.05508378621845457,0.15,44,success,1,1,0,0,31,4,0,1,1,33,1.808627390773979,26.240010328028408,0.0,0.0,0.99,8,exponential
q_learning,shaped_seed5,shaped,5,4a77b6e251,1449,182,91.39999999999993,95.35649999999998,0.05497361864601766,0.15,43,success,1,1,0,0,34,4,0,1,1,35,1.5637012702921493,16.625666623811416,0.0,0.0,0.99,8,exponential
q_learning,shaped_seed5,shaped,5,4a77b6e251,1450,178,91.59999999999995,95.6715,0.054863671408725626,0.15,47,success,1,1,0,0,44,2,0,1,1,42,1.8106118262287427,28.457203158341784,0.0,0.0,0.99,8,exponential
q_learning,shaped_seed5,shaped,5,4a77b6e251,1451,184,98.30000000000001,95.66199999999999,0.054753944065908174,0.15,41,success,1,1,0,0,32,3,0,1,1,30,1.6337255982022587,23.865144546913513,0.0,0.0,0.99,8,exponential
q_learning,shaped_seed5,shaped,5,4a77b6e251,1452,181,110.44999999999995,95.814,0.054644436177776354,0.15,44,success,1,1,0,0,25,2,0,2,1,29,1.169658753220199,9.97744786790988,0.0,0.0,0.99,8,exponential
q_learning,shaped_seed5,shaped,5,4a77b6e251,1453,179,102.55000000000001,95.88349999999997,0.0545351473054208,0.15,46,success,1,1,0,0,33,2,0,1,1,35,1.3040012416206528,24.97130086332804,0.0,0.0,0.99,8,exponential
q_learning,shaped_seed5,shaped,5,4a77b6e251,1454,181,96.45,95.7925,0.05442607701080996,0.15,44,success,1,1,0,0,39,2,0,1,1,41,1.3268400668455242,25.37696913829745,0.0,0.0,0.99,8,exponential
q_learning,shaped_seed5,shaped,5,4a77b6e251,1455,177,104.65,95.85399999999998,0.05431722485678834,0.15,48,success,1,1,0,0,31,2,0,1,1,27,1.3353475253426592,24.46718146156782,0.0,0.0,0.99,8,exponential
q_learning,shaped_seed5,shaped,5,4a77b6e251,1456,179,94.55000000000001,95.96599999999997,0.054208590407074764,0.15,46,success,1,1,0,0,31,4,0,1,1,34,1.333567118086534,19.54915267958959,0.0,0.0,0.99,8,exponential
q_learning,shaped_seed5,shaped,5,4a77b6e251,1457,182,100.4,96.01549999999997,0.054100173226260616,0.15,43,success,1,1,0,0,30,3,0,1,1,37,1.1829254254973838,18.09726162967612,0.0,0.0,0.99,8,exponential
q_learning,shaped_seed5,shaped,5,4a77b6e251,1458,179,108.55,96.02499999999996,0.053991972879808094,0.15,46,success,1,1,0,0,27,2,0,1,1,33,1.2271944849934175,18.63875740824091,0.0,0.0,0.99,8,exponential
q_learning,shaped_seed5,shaped,5,4a77b6e251,1459,181,100.44999999999999,96.10399999999996,0.05388398893404848,0.15,44,success,1,1,0,0,35,2,0,1,1,40,1.6655789733008,28.542548545605253,0.0,0.0,0.99,8,exponential
q_learning,shaped_seed5,shaped,5,4a77b6e251,1460,178,105.60000000000001,96.11399999999998,0.053776220956180384,0.15,47,success,1,1,0,0,30,2,0,1,1,30,1.2228768972620083,16.66331450431229,0.0,0.0,0.99,8,exponential
q_learning,shaped_seed5,shaped,5,4a77b6e251,1461,180,72.49999999999999,95.95349999999999,0.05366866851426803,0.15,45,success,1,1,0,0,38,7,0,1,1,42,1.7807513659392473,59.4258332341967,0.0,0.0,0.99,8,exponential
q_learning,shaped_seed5,shaped,5,4a77b6e251,1462,182,92.4,95.944,0.05356133117723949,0.15,43,success,1,1,0,0,38,3,0,1,1,41,1.606574866917586,21.08715128649649,0.0,0.0,0.99,8,exponential
q_learning,shaped_seed5,shaped,5,4a77b6e251,1463,182,79.39999999999995,95.88549999999998,0.05345420851488501,0.15,43,success,1,1,0,0,46,4,0,1,1,38,1.6383496695352826,27.579137861222854,0.0,0.0,0.99,8,exponential
q_learning,shaped_seed5,shaped,5,4a77b6e251,1464,178,96.60000000000002,96.06649999999999,0.053347300097855245,0.15,47,success,1,1,0,0,34,3,0,1,1,34,1.1472735163325656,11.618270124277785,0.0,0.0,0.99,8,exponential
q_learning,shaped_seed5,shaped,5,4a77b6e251,1465,183,92.35,95.93799999999997,0.053240605497659535,0.15,42,success,1,1,0,0,33,4,0,2,1,36,1.8581847883767104,62.40987746181963,0.0,0.0,0.99,8,exponential
q_learning,shaped_seed5,shaped,5,4a77b6e251,1466,181,104.45,96.109,0.05313412428666422,0.15,44,success,1,1,0,0,31,2,0,2,1,32,1.6087713069179193,87.47124152761099,0.0,0.0,0.99,8,exponential
q_learning,shaped_seed5,shaped,5,4a77b6e251,1467,181,95.45000000000002,96.1885,0.05302785603809089,0.15,44,success,1,1,0,0,35,3,0,1,1,35,1.22740841376273,15.34992950642796,0.0,0.0,0.99,8,exponential
q_learning,shaped_seed5,shaped,5,4a77b6e251,1468,181,100.45000000000002,96.18750000000001,0.052921800326014706,0.15,44,success,1,1,0,0,35,2,0,1,1,34,1.7475592539645899,23.011094613588995,0.0,0.0,0.99,8,exponential
q_learning,shaped_seed5,shaped,5,4a77b6e251,1469,183,91.35,96.12450000000001,0.05281595672536268,0.15,42,success,1,1,0,0,39,3,0,2,1,38,1.359872056869457,18.753739654034835,0.0,0.0,0.99,8,exponential
q_learning,shaped_seed5,shaped,5,4a77b6e251,1470,177,94.65,95.95700000000001,0.05271032481191195,0.15,48,success,1,1,0,0,41,2,0,1,1,38,1.8958470224839064,53.37300442410281,0.0,0.0,0.99,8,exponential
q_learning,shaped_seed5,shaped,5,4a77b6e251,1471,178,103.60000000000001,96.046,0.05260490416228813,0.15,47,success,1,1,0,0,32,2,0,1,1,31,1.5553684383046729,28.845128812153252,0.0,0.0,0.99,8,exponential
q_learning,shaped_seed5,shaped,5,4a77b6e251,1472,178,105.60000000000001,96.06650000000002,0.05249969435396355,0.15,47,success,1,1,0,0,30,2,0,1,1,33,1.8880245645949456,46.49290172044845,0.0,0.0,0.99,8,exponential
q_learning,shaped_seed5,shaped,5,4a77b6e251,1473,178,103.60000000000001,96.0265,0.052394694965255624,0.15,47,success,1,1,0,0,32,2,0,1,1,30,1.6068865139292416,23.14435213338066,0.0,0.0,0.99,8,exponential
q_learning,shaped_seed5,shaped,5,4a77b6e251,1474,178,93.6,95.87900000000002,0.05228990557532511,0.15,47,success,1,1,0,0,32,4,0,1,1,32,1.2041696657794,10.624598118901787,0.0,0.0,0.99,8,exponential
q_learning,shaped_seed5,shaped,5,4a77b6e251,1475,180,101.50000000000001,95.9285,0.052185325764174464,0.15,45,success,1,1,0,0,34,2,0,1,1,33,1.3655841171428957,15.239142470268511,0.0,0.0,0.99,8,exponential
q_learning,shaped_seed5,shaped,5,4a77b6e251,1476,180,94.50000000000003,95.8985,0.05208095511264611,0.15,45,success,1,1,0,0,36,3,0,1,1,35,1.3437324101014534,22.298991843157815,0.0,0.0,0.99,8,exponential
q_learning,shaped_seed5,shaped,5,4a77b6e251,1477,178,99.60000000000001,95.93,0.05197679320242082,0.15,47,success,1,1,0,0,36,2,0,1,1,35,1.49489391366018,21.68382075484672,0.0,0.0,0.99,8,exponential
q_learning,shaped_seed5,shaped,5,4a77b6e251,1478,184,105.30000000000001,96.00749999999998,0.05187283961601598,0.15,41,success,1,1,0,0,30,2,0,1,1,37,1.1728047234066872,12.392399952382867,0.0,0.0,0.99,8,exponential
q_learning,shaped_seed5,shaped,5,4a77b6e251,1479,182,97.4,95.97949999999997,0.051769093936783944,0.15,43,success,1,1,0,0,38,2,0,1,1,35,1.3394111260857196,22.882789872929038,0.0,0.0,0.99,8,exponential
q_learning,shaped_seed5,shaped,5,4a77b6e251,1480,179,104.55000000000001,96.08999999999996,0.05166555574891037,0.15,46,success,1,1,0,0,31,2,0,1,1,28,1.3072772972073199,19.386000496003966,0.0,0.0,0.99,8,exponential
q_learning,shaped_seed5,shaped,5,4a77b6e251,1481,177,86.64999999999993,95.98149999999994,0.05156222463741255,0.15,48,success,1,1,0,0,39,4,0,1,1,42,1.5172816497793276,17.358849764575183,0.0,0.0,0.99,8,exponential
q_learning,shaped_seed5,shaped,5,4a77b6e251,1482,177,98.65000000000002,96.17249999999996,0.05145910018813773,0.15,48,success,1,1,0,0,27,4,0,1,1,31,1.5342490015586,28.850144298632056,0.0,0.0,0.99,8,exponential
q_learning,shaped_seed5,shaped,5,4a77b6e251,1483,179,101.55,96.41199999999995,0.05135618198776145,0.15,46,success,1,1,0,0,29,3,0,1,1,29,1.434734456310518,25.494376141133223,0.0,0.0,0.99,8,exponential
q_learning,shaped_seed5,shaped,5,4a77b6e251,1484,176,101.70000000000002,96.70449999999997,0.05125346962378593,0.15,49,success,1,1,0,0,34,2,0,1,1,35,1.5832200658550533,69.50112685777594,0.0,0.0,0.99,8,exponential
q_learning,shaped_seed5,shaped,5,4a77b6e251,1485,179,96.55000000000001,96.61499999999997,0.05115096268453836,0.15,46,success,1,1,0,0,29,4,0,1,1,27,1.2029741296307093,19.577142848167203,0.0,0.0,0.99,8,exponential
q_learning,shaped_seed5,shaped,5,4a77b6e251,1486,180,107.49999999999999,96.55399999999997,0.05104866075916928,0.15,45,success,1,1,0,0,28,2,0,1,1,35,1.3218454208090629,16.69860550804398,0.0,0.0,0.99,8,exponential
q_learning,shaped_seed5,shaped,5,4a77b6e251,1487,183,90.35,96.4215,0.05094656343765094,0.15,42,success,1,1,0,0,45,2,0,1,1,45,1.5767969763175749,20.43733480464303,0.0,0.0,0.99,8,exponential
q_learning,shaped_seed5,shaped,5,4a77b6e251,1488,179,108.55000000000001,96.46199999999999,0.050844670310775636,0.15,46,success,1,1,0,0,27,2,0,1,1,31,1.308241797364904,22.04974531543043,0.0,0.0,0.99,8,exponential
q_learning,shaped_seed5,shaped,5,4a77b6e251,1489,179,97.55000000000001,96.47349999999997,0.05074298097015408,0.15,46,success,1,1,0,0,33,3,0,1,1,33,1.209426358605684,11.743217424543452,0.0,0.0,0.99,8,exponential
q_learning,shaped_seed5,shaped,5,4a77b6e251,1490,179,91.54999999999998,96.34449999999997,0.05064149500821377,0.15,46,success,1,1,0,0,29,5,0,1,1,30,1.5157224258348112,25.378918389226506,0.0,0.0,0.99,8,exponential
q_learning,shaped_seed5,shaped,5,4a77b6e251,1491,182,98.40000000000002,96.34449999999995,0.05054021201819734,0.15,43,success,1,1,0,0,32,3,0,1,1,33,1.4277510619587959,27.267834910049917,0.0,0.0,0.99,8,exponential
q_learning,shaped_seed5,shaped,5,4a77b6e251,1492,178,99.60000000000001,96.50599999999999,0.05043913159416095,0.15,47,success,1,1,0,0,36,2,0,1,1,32,1.7257011293423536,55.13603729220331,0.0,0.0,0.99,8,exponential
q_learning,shaped_seed5,shaped,5,4a77b6e251,1493,182,80.39999999999993,96.42399999999998,0.050338253330972624,0.15,43,success,1,1,0,0,40,5,0,1,1,44,1.4489788027338495,12.839667868258317,0.0,0.0,0.99,8,exponential
q_learning,shaped_seed5,shaped,5,4a77b6e251,1494,189,78.04999999999998,96.19899999999998,0.05023757682431068,0.15,36,success,1,1,0,0,37,6,0,1,1,40,2.310991940209524,79.35404578752528,0.0,0.0,0.99,8,exponential
q_learning,shaped_seed5,shaped,5,4a77b6e251,1495,178,73.59999999999994,95.92199999999998,0.05013710167066206,0.15,47,success,1,1,0,0,42,6,0,1,1,39,1.4568473700050608,18.054605522862424,0.0,0.0,0.99,8,exponential
q_learning,shaped_seed5,shaped,5,4a77b6e251,1496,177,95.65,95.83299999999997,0.05003682746732073,0.15,48,success,1,1,0,0,35,3,0,1,1,29,2.0323986098462723,69.96265413725735,0.0,0.0,0.99,8,exponential
q_learning,shaped_seed5,shaped,5,4a77b6e251,1497,184,93.30000000000001,95.90999999999997,0.05,0.15,41,success,1,1,0,0,42,2,0,3,1,46,1.748603687241994,27.970795366252183,0.0,0.0,0.99,8,exponential
q_learning,shaped_seed5,shaped,5,4a77b6e251,1498,178,109.59999999999997,96.17099999999999,0.05,0.15,47,success,1,1,0,0,26,2,0,1,1,29,1.1910194890379842,23.426702336509983,0.0,0.0,0.99,8,exponential
q_learning,shaped_seed5,shaped,5,4a77b6e251,1499,180,100.50000000000001,96.22099999999999,0.05,0.15,45,success,1,1,0,0,30,3,0,1,1,36,1.1784434603357148,10.047384240527961,0.0,0.0,0.99,8,exponential
q_learning,shaped_seed5,shaped,5,4a77b6e251,1500,184,103.30000000000001,96.21899999999997,0.05,0.15,41,success,1,1,0,0,32,2,0,2,1,37,1.1968844440722206,11.907882553751193,0.0,0.0,0.99,8,exponential
q_learning,shaped_seed5,shaped,5,4a77b6e251,1501,177,89.64999999999999,96.23099999999998,0.05,0.15,48,success,1,1,0,0,31,5,0,1,1,33,1.6108669825099768,18.041655169496757,0.0,0.0,0.99,8,exponential
q_learning,shaped_seed5,shaped,5,4a77b6e251,1502,178,105.60000000000002,96.35199999999998,0.05,0.15,47,success,1,1,0,0,30,2,0,1,1,35,1.1789724806496318,11.804197398438902,0.0,0.0,0.99,8,exponential
q_learning,shaped_seed5,shaped,5,4a77b6e251,1503,177,104.65,96.52449999999997,0.05,0.15,48,success,1,1,0,0,31,2,0,1,1,33,1.5615430784441517,31.825052087680305,0.0,0.0,0.99,8,exponential
q_learning,shaped_seed5,shaped,5,4a77b6e251,1504,182,97.40000000000002,96.458,0.05,0.15,43,success,1,1,0,0,28,4,0,1,1,31,1.2488967628843994,12.553246524849278,0.0,0.0,0.99,8,exponential
q_learning,shaped_seed5,shaped,5,4a77b6e251,1505,180,90.49999999999999,96.317,0.05,0.15,45,success,1,1,0,0,40,3,0,1,1,48,1.7116990550616809,24.79341205245774,0.0,0.0,0.99,8,exponential
q_learning,shaped_seed5,shaped,5,4a77b6e251,1506,178,105.60000000000002,96.38749999999999,0.05,0.15,47,success,1,1,0,0,30,2,0,1,1,29,1.5460300601206822,19.24490578439007,0.0,0.0,0.99,8,exponential
q_learning,shaped_seed5,shaped,5,4a77b6e251,1507,182,106.40000000000002,96.56799999999997,0.05,0.15,43,success,1,1,0,0,24,3,0,1,1,24,1.3593321533387752,27.380012390555834,0.0,0.0,0.99,8,exponential
q_learning,shaped_seed5,shaped,5,4a77b6e251,1508,178,86.59999999999994,96.4785,0.05,0.15,47,success,1,1,0,0,44,3,0,1,1,48,1.8655344907789144,29.655692213247992,0.0,0.0,0.99,8,exponential
q_learning,shaped_seed5,shaped,5,4a77b6e251,1509,186,96.20000000000002,96.3255,0.05,0.15,39,success,1,1,0,0,34,3,0,1,1,41,1.3612684205728685,24.999791920278785,0.0,0.0,0.99,8,exponential
q_learning,shaped_seed5,shaped,5,4a77b6e251,1510,189,94.05,96.271,0.05,0.15,36,success,1,1,0,0,41,2,0,2,1,48,1.4356239113841207,18.73883796395465,0.0,0.0,0.99,8,exponential
q_learning,shaped_seed5,shaped,5,4a77b6e251,1511,181,106.45000000000002,96.461,0.05,0.15,44,success,1,1,0,0,29,2,0,1,1,38,1.3709233725525405,16.003226724102504,0.0,0.0,0.99,8,exponential
q_learning,shaped_seed5,shaped,5,4a77b6e251,1512,177,92.64999999999996,96.4125,0.05,0.15,48,success,1,1,0,0,33,4,0,1,1,33,1.6256541500696968,24.264916336582644,0.0,0.0,0.99,8,exponential
q_learning,shaped_seed5,shaped,5,4a77b6e251,1513,181,97.45000000000002,96.403,0.05,0.15,44,success,1,1,0,0,33,3,0,2,1,39,1.7978428626663328,27.811967829716284,0.0,0.0,0.99,8,exponential
q_learning,shaped_seed5,shaped,5,4a77b6e251,1514,178,105.60000000000002,96.6045,0.05,0.15,47,success,1,1,0,0,30,2,0,1,1,32,1.191914095438,20.891719497091778,0.0,0.0,0.99,8,exponential
q_learning,shaped_seed5,shaped,5,4a77b6e251,1515,180,103.50000000000001,96.726,0.05,0.15,45,success,1,1,0,0,32,2,0,1,1,33,1.1103789260968238,8.49036673185654,0.0,0.0,0.99,8,exponential
q_learning,shaped_seed5,shaped,5,4a77b6e251,1516,181,104.45000000000002,96.764,0.05,0.15,44,success,1,1,0,0,31,2,0,1,1,33,1.3985848065915685,43.46713838839548,0.0,0.0,0.99,8,exponential
q_learning,shaped_seed5,shaped,5,4a77b6e251,1517,181,90.44999999999999,96.74500000000002,0.05,0.15,44,success,1,1,0,0,35,4,0,1,1,40,1.2747967153654598,15.11559872156873,0.0,0.0,0.99,8,exponential
q_learning,shaped_seed5,shaped,5,4a77b6e251,1518,179,91.54999999999995,96.68549999999999,0.05,0.15,46,success,1,1,0,0,39,3,0,1,1,43,1.387559487856554,14.553550072258925,0.0,0.0,0.99,8,exponential
q_learning,shaped_seed5,shaped,5,4a77b6e251,1519,179,82.54999999999994,96.80749999999998,0.05,0.15,46,success,1,1,0,0,33,6,0,1,1,40,1.6854832394154768,39.24934781755329,0.0,0.0,0.99,8,exponential
q_learning,shaped_seed5,shaped,5,4a77b6e251,1520,177,107.65000000000002,96.93099999999997,0.05,0.15,48,success,1,1,0,0,23,3,0,1,1,25,1.2153875475203824,13.548520243308076,0.0,0.0,0.99,8,exponential
q_learning,shaped_seed5,shaped,5,4a77b6e251,1521,178,87.59999999999994,96.91099999999999,0.05,0.15,47,success,1,1,0,0,38,4,0,1,1,40,1.2892338860337813,16.29879006445124,0.0,0.0,0.99,8,exponential
q_learning,shaped_seed5,shaped,5,4a77b6e251,1522,184,93.29999999999998,96.87749999999997,0.05,0.15,41,success,1,1,0,0,42,2,0,1,1,42,2.3016182256025313,33.55532522341535,0.0,0.0,0.99,8,exponential
q_learning,shaped_seed5,shaped,5,4a77b6e251,1523,186,89.19999999999997,96.95399999999998,0.05,0.15,39,success,1,1,0,0,46,2,0,1,1,45,1.6524918005256244,42.02320824782974,0.0,0.0,0.99,8,exponential
q_learning,shaped_seed5,shaped,5,4a77b6e251,1524,180,87.49999999999993,96.76449999999998,0.05,0.15,45,success,1,1,0,0,38,4,0,1,1,37,1.7226048785581543,29.70358784334511,0.0,0.0,0.99,8,exponential
q_learning,shaped_seed5,shaped,5,4a77b6e251,1525,183,74.34999999999992,96.4215,0.05,0.15,42,success,1,1,0,0,41,6,0,2,1,40,1.3518979849210715,14.688866756626465,0.0,0.0,0.99,8,exponential
q_learning,shaped_seed5,shaped,5,4a77b6e251,1526,178,97.60000000000001,96.5925,0.05,0.15,47,success,1,1,0,0,28,4,0,1,1,37,1.5244942872577942,21.894598507812347,0.0,0.0,0.99,8,exponential
q_learning,shaped_seed5,shaped,5,4a77b6e251,1527,182,105.4,96.6215,0.05,0.15,43,success,1,1,0,0,30,2,0,1,1,34,1.401065808038059,20.006950386331752,0.0,0.0,0.99,8,exponential
q_learning,shaped_seed5,shaped,5,4a77b6e251,1528,183,100.35000000000001,96.56049999999999,0.05,0.15,42,success,1,1,0,0,35,2,0,1,1,43,1.6731631482064362,26.45257861589458,0.0,0.0,0.99,8,exponential
q_learning,shaped_seed5,shaped,5,4a77b6e251,1529,177,95.65,96.53399999999998,0.05,0.15,48,success,1,1,0,0,35,3,0,1,1,33,1.2065601489329092,10.304539985884723,0.0,0.0,0.99,8,exponential
q_learning,shaped_seed5,shaped,5,4a77b6e251,1530,193,97.85000000000001,96.9175,0.05,0.15,32,success,1,1,0,0,37,2,0,1,1,36,1.4948343894200704,28.47354245023279,0.0,0.0,0.99,8,exponential
q_learning,shaped_seed5,shaped,5,4a77b6e251,1531,183,100.35000000000001,97.015,0.05,0.15,42,success,1,1,0,0,35,2,0,1,1,35,2.4188475037046793,97.8465617176299,0.0,0.0,0.99,8,exponential
q_learning,shaped_seed5,shaped,5,4a77b6e251,1532,179,96.55000000000003,96.80449999999999,0.05,0.15,46,success,1,1,0,0,29,4,0,1,1,33,1.3645039024388845,18.931752829656347,0.0,0.0,0.99,8,exponential
q_learning,shaped_seed5,shaped,5,4a77b6e251,1533,179,103.55000000000001,96.84749999999997,0.05,0.15,46,success,1,1,0,0,27,3,0,1,1,29,1.67778687283415,28.519964934785545,0.0,0.0,0.99,8,exponential
q_learning,shaped_seed5,shaped,5,4a77b6e251,1534,181,75.44999999999997,96.72699999999999,0.05,0.15,44,success,1,1,0,0,45,5,0,2,1,47,1.946267772175095,20.96266153680564,0.0,0.0,0.99,8,exponential
q_learning,shaped_seed5,shaped,5,4a77b6e251,1535,180,91.49999999999999,96.82599999999998,0.05,0.15,45,success,1,1,0,0,44,2,0,1,1,43,1.4667566371749658,17.90377870929089,0.0,0.0,0.99,8,exponential
q_learning,shaped_seed5,shaped,5,4a77b6e251,1536,177,97.65,96.95749999999998,0.05,0.15,48,success,1,1,0,0,33,3,0,1,1,34,1.1940412057947785,13.667609798909005,0.0,0.0,0.99,8,exponential
q_learning,shaped_seed5,shaped,5,4a77b6e251,1537,180,98.50000000000001,96.84649999999999,0.05,0.15,45,success,1,1,0,0,32,3,0,1,1,27,1.4479722985459023,21.087801560860882,0.0,0.0,0.99,8,exponential
q_learning,shaped_seed5,shaped,5,4a77b6e251,1538,181,85.44999999999999,96.79499999999999,0.05,0.15,44,success,1,1,0,0,45,3,0,1,1,38,1.8049556772695896,22.3006644945466,0.0,0.0,0.99,8,exponential
q_learning,shaped_seed5,shaped,5,4a77b6e251,1539,178,101.60000000000001,96.887,0.05,0.15,47,success,1,1,0,0,24,4,0,1,1,25,1.11927948020013,11.083891135658547,0.0,0.0,0.99,8,exponential
q_learning,shaped_seed5,shaped,5,4a77b6e251,1540,177,112.64999999999995,97.101,0.05,0.15,48,success,1,1,0,0,23,2,0,1,1,29,1.3146125653303793,19.628637270725733,0.0,0.0,0.99,8,exponential
q_learning,shaped_seed5,shaped,5,4a77b6e251,1541,180,96.49999999999999,97.0715,0.05,0.15,45,success,1,1,0,0,34,3,0,1,1,38,1.5288816177947464,26.728157765791053,0.0,0.0,0.99,8,exponential
q_learning,shaped_seed5,shaped,5,4a77b6e251,1542,179,100.55,97.07199999999999,0.05,0.15,46,success,1,1,0,0,35,2,0,1,1,42,1.277286033451111,17.80328039259306,0.0,0.0,0.99,8,exponential
q_learning,shaped_seed5,shaped,5,4a77b6e251,1543,179,99.55000000000001,97.03249999999998,0.05,0.15,46,success,1,1,0,0,31,3,0,1,1,32,1.5351322760743482,20.65066751390038,0.0,0.0,0.99,8,exponential
q_learning,shaped_seed5,shaped,5,4a77b6e251,1544,183,106.35000000000002,97.02949999999998,0.05,0.15,42,success,1,1,0,0,29,2,0,3,1,29,1.082110581763685,10.266752741881405,0.0,0.0,0.99,8,exponential
q_learning,shaped_seed5,shaped,5,4a77b6e251,1545,186,97.20000000000002,96.9255,0.05,0.15,39,success,1,1,0,0,28,4,0,1,1,32,1.6354354544086507,56.229175555321916,0.0,0.0,0.99,8,exponential
q_learning,shaped_seed5,shaped,5,4a77b6e251,1546,178,107.60000000000001,97.02600000000001,0.05,0.15,47,success,1,1,0,0,28,2,0,1,1,29,1.0988916858495161,14.253779845858027,0.0,0.0,0.99,8,exponential
q_learning,shaped_seed5,shaped,5,4a77b6e251,1547,179,93.55000000000003,96.9355,0.05,0.15,46,success,1,1,0,0,37,3,0,1,1,39,1.7103949534408522,72.25004083035343,0.0,0.0,0.99,8,exponential
q_learning,shaped_seed5,shaped,5,4a77b6e251,1548,179,82.54999999999993,96.81649999999998,0.05,0.15,46,success,1,1,0,0,43,4,0,2,1,38,1.4239912422496097,23.25460912954913,0.0,0.0,0.99,8,exponential
q_learning,shaped_seed5,shaped,5,4a77b6e251,1549,180,93.5,96.83749999999998,0.05,0.15,45,success,1,1,0,0,32,4,0,1,1,36,1.2138688162447053,15.390111936988461,0.0,0.0,0.99,8,exponential
q_learning,shaped_seed5,shaped,5,4a77b6e251,1550,179,102.55000000000001,96.94699999999997,0.05,0.15,46,success,1,1,0,0,33,2,0,1,1,29,1.1823425061656394,18.14386461724559,0.0,0.0,0.99,8,exponential
q_learning,shaped_seed5,shaped,5,4a77b6e251,1551,184,89.29999999999998,96.85699999999997,0.05,0.15,41,success,1,1,0,0,36,4,0,1,1,37,1.3265406477250656,18.522210856265346,0.0,0.0,0.99,8,exponential
q_learning,shaped_seed5,shaped,5,4a77b6e251,1552,181,97.45000000000002,96.72699999999998,0.05,0.15,44,success,1,1,0,0,33,3,0,1,1,32,1.30380310544664,21.18083881227443,0.0,0.0,0.99,8,exponential
q_learning,shaped_seed5,shaped,5,4a77b6e251,1553,178,82.59999999999994,96.52749999999997,0.05,0.15,47,success,1,1,0,0,38,5,0,1,1,38,2.0337022345328823,36.970717950904195,0.0,0.0,0.99,8,exponential
q_learning,shaped_seed5,shaped,5,4a77b6e251,1554,179,96.55000000000001,96.52849999999998,0.05,0.15,46,success,1,1,0,0,39,2,0,1,1,41,1.3290645483553924,22.312198736792606,0.0,0.0,0.99,8,exponential
q_learning,shaped_seed5,shaped,5,4a77b6e251,1555,181,104.45000000000002,96.5265,0.05,0.15,44,success,1,1,0,0,31,2,0,1,1,38,1.1214442961889608,14.289608646647338,0.0,0.0,0.99,8,exponential
q_learning,shaped_seed5,shaped,5,4a77b6e251,1556,179,108.55000000000003,96.6665,0.05,0.15,46,success,1,1,0,0,27,2,0,1,1,27,1.5066465149059582,35.785494008177444,0.0,0.0,0.99,8,exponential
q_learning,shaped_seed5,shaped,5,4a77b6e251,1557,181,100.45,96.66699999999999,0.05,0.15,44,success,1,1,0,0,35,2,0,2,1,36,1.2529739219853848,25.179019956138696,0.0,0.0,0.99,8,exponential
q_learning,shaped_seed5,shaped,5,4a77b6e251,1558,180,99.50000000000001,96.5765,0.05,0.15,45,success,1,1,0,0,36,2,0,1,1,43,1.3633542971791135,19.50177447649174,0.0,0.0,0.99,8,exponential
q_learning,shaped_seed5,shaped,5,4a77b6e251,1559,180,95.50000000000001,96.52699999999999,0.05,0.15,45,success,1,1,0,0,30,4,0,1,1,34,1.3083627910609446,12.613119520472793,0.0,0.0,0.99,8,exponential
q_learning,shaped_seed5,shaped,5,4a77b6e251,1560,178,90.59999999999997,96.37700000000001,0.05,0.15,47,success,1,1,0,0,40,3,0,1,1,33,1.7072874416897728,18.65347337292946,0.0,0.0,0.99,8,exponential
q_learning,shaped_seed5,shaped,5,4a77b6e251,1561,177,99.65000000000002,96.64849999999998,0.05,0.15,48,success,1,1,0,0,31,3,0,1,1,33,1.3662987367738915,20.09630484248195,0.0,0.0,0.99,8,exponential
q_learning,shaped_seed5,shaped,5,4a77b6e251,1562,180,85.49999999999997,96.57950000000001,0.05,0.15,45,success,1,1,0,0,40,4,0,1,1,45,2.246939558312898,31.885667065727926,0.0,0.0,0.99,8,exponential
q_learning,shaped_seed5,shaped,5,4a77b6e251,1563,182,98.4,96.7695,0.05,0.15,43,success,1,1,0,0,32,3,0,1,1,41,1.6388503528859477,25.37300877292209,0.0,0.0,0.99,8,exponential
q_learning,shaped_seed5,shaped,5,4a77b6e251,1564,187,104.14999999999998,96.84499999999998,0.05,0.15,38,success,1,1,0,0,21,4,0,2,1,31,1.2745256799542881,18.99034601194775,0.0,0.0,0.99,8,exponential
q_learning,shaped_seed5,shaped,5,4a77b6e251,1565,183,100.35000000000001,96.92499999999998,0.05,0.15,42,success,1,1,0,0,35,2,0,2,1,33,1.5067128065321422,21.261441596535192,0.0,0.0,0.99,8,exponential
q_learning,shaped_seed5,shaped,5,4a77b6e251,1566,180,102.5,96.90549999999999,0.05,0.15,45,success,1,1,0,0,28,3,0,1,1,28,1.1608369783090826,17.10265569581577,0.0,0.0,0.99,8,exponential
q_learning,shaped_seed5,shaped,5,4a77b6e251,1567,180,101.50000000000001,96.96599999999998,0.05,0.15,45,success,1,1,0,0,34,2,0,1,1,41,1.7093483634865125,56.735490814758386,0.0,0.0,0.99,8,exponential
q_learning,shaped_seed5,shaped,5,4a77b6e251,1568,183,96.35000000000001,96.925,0.05,0.15,42,success,1,1,0,0,29,4,0,2,1,33,1.6074233887835379,30.814489313983067,0.0,0.0,0.99,8,exponential
q_learning,shaped_seed5,shaped,5,4a77b6e251,1569,184,95.3,96.96449999999999,0.05,0.15,41,success,1,1,0,0,40,2,0,1,1,38,1.7088585019361047,29.56272942403472,0.0,0.0,0.99,8,exponential
q_learning,shaped_seed5,shaped,5,4a77b6e251,1570,184,94.30000000000001,96.96099999999998,0.05,0.15,41,success,1,1,0,0,26,5,0,2,1,31,1.5219670014136693,22.24885733531927,0.0,0.0,0.99,8,exponential
q_learning,shaped_seed5,shaped,5,4a77b6e251,1571,182,87.4,96.79899999999998,0.05,0.15,43,success,1,1,0,0,38,4,0,1,1,42,1.4574383286698325,24.582484683784486,0.0,0.0,0.99,8,exponential
q_learning,shaped_seed5,shaped,5,4a77b6e251,1572,181,100.45000000000002,96.74749999999999,0.05,0.15,44,success,1,1,0,0,35,2,0,1,1,35,1.4858618921824374,21.065482127898733,0.0,0.0,0.99,8,exponential
q_learning,shaped_seed5,shaped,5,4a77b6e251,1573,177,90.64999999999995,96.618,0.05,0.15,48,success,1,1,0,0,35,4,0,1,1,32,1.7182094018342897,30.33438270205744,0.0,0.0,0.99,8,exponential
q_learning,shaped_seed5,shaped,5,4a77b6e251,1574,177,106.65000000000002,96.7485,0.05,0.15,48,success,1,1,0,0,29,2,0,1,1,33,1.4597749173809489,18.8998716305723,0.0,0.0,0.99,8,exponential
q_learning,shaped_seed5,shaped,5,4a77b6e251,1575,177,103.65,96.76999999999998,0.05,0.15,48,success,1,1,0,0,27,3,0,1,1,29,1.118268174234137,15.372532708137165,0.0,0.0,0.99,8,exponential
q_learning,shaped_seed5,shaped,5,4a77b6e251,1576,181,86.44999999999993,96.6895,0.05,0.15,44,success,1,1,0,0,39,4,0,1,1,36,1.2242081448875566,13.587610533702556,0.0,0.0,0.99,8,exponential
q_learning,shaped_seed5,shaped,5,4a77b6e251,1577,178,105.60000000000002,96.74949999999998,0.05,0.15,47,success,1,1,0,0,30,2,0,1,1,26,1.4732205388278445,20.47914310787948,0.0,0.0,0.99,8,exponential
q_learning,shaped_seed5,shaped,5,4a77b6e251,1578,181,88.45,96.58100000000002,0.05,0.15,44,success,1,1,0,0,37,4,0,1,1,33,1.4781188209519107,18.848044655160646,0.0,0.0,0.99,8,exponential
q_learning,shaped_seed5,shaped,5,4a77b6e251,1579,179,92.55,96.53250000000001,0.05,0.15,46,success,1,1,0,0,43,2,0,1,1,44,1.18976358135496,10.350370335062976,0.0,0.0,0.99,8,exponential
q_learning,shaped_seed5,shaped,5,4a77b6e251,1580,183,106.35000000000002,96.55050000000001,0.05,0.15,42,success,1,1,0,0,29,2,0,1,1,37,1.4985814739551515,15.15560386928006,0.0,0.0,0.99,8,exponential
q_learning,shaped_seed5,shaped,5,4a77b6e251,1581,179,105.55000000000001,96.73949999999999,0.05,0.15,46,success,1,1,0,0,25,3,0,1,1,30,1.30436449848991,14.250815045814203,0.0,0.0,0.99,8,exponential
q_learning,shaped_seed5,shaped,5,4a77b6e251,1582,187,84.14999999999993,96.59449999999998,0.05,0.15,38,success,1,1,0,0,41,4,0,1,1,41,1.2558292189437767,19.503836790284847,0.0,0.0,0.99,8,exponential
q_learning,shaped_seed5,shaped,5,4a77b6e251,1583,181,96.45000000000003,96.54350000000001,0.05,0.15,44,success,1,1,0,0,39,2,0,1,1,39,1.319077033421409,38.72313207707905,0.0,0.0,0.99,8,exponential
q_learning,shaped_seed5,shaped,5,4a77b6e251,1584,182,103.40000000000002,96.56049999999999,0.05,0.15,43,success,1,1,0,0,32,2,0,1,1,35,1.2895094193777101,10.680405353079086,0.0,0.0,0.99,8,exponential
q_learning,shaped_seed5,shaped,5,4a77b6e251,1585,178,94.60000000000001,96.541,0.05,0.15,47,success,1,1,0,0,36,3,0,1,1,33,1.352634332028107,33.91332827204299,0.0,0.0,0.99,8,exponential
q_learning,shaped_seed5,shaped,5,4a77b6e251,1586,178,102.60000000000001,96.492,0.05,0.15,47,success,1,1,0,0,28,3,0,1,1,24,1.425924740415023,22.605497734330783,0.0,0.0,0.99,8,exponential
q_learning,shaped_seed5,shaped,5,4a77b6e251,1587,177,102.65000000000002,96.615,0.05,0.15,48,success,1,1,0,0,33,2,0,1,1,27,1.5374910827776207,21.21955400147762,0.0,0.0,0.99,8,exponential
q_learning,shaped_seed5,shaped,5,4a77b6e251,1588,178,74.59999999999994,96.27550000000001,0.05,0.15,47,success,1,1,0,0,36,7,0,1,1,37,1.2975996060564408,10.346868739271454,0.0,0.0,0.99,8,exponential
q_learning,shaped_seed5,shaped,5,4a77b6e251,1589,181,93.45,96.23450000000001,0.05,0.15,44,success,1,1,0,0,37,3,0,1,1,35,1.895202949611544,81.39154240115803,0.0,0.0,0.99,8,exponential
q_learning,shaped_seed5,shaped,5,4a77b6e251,1590,183,92.34999999999994,96.2425,0.05,0.15,42,success,1,1,0,0,33,4,0,1,1,36,1.4035803357570291,19.700795200804563,0.0,0.0,0.99,8,exponential
q_learning,shaped_seed5,shaped,5,4a77b6e251,1591,184,97.30000000000001,96.23150000000001,0.05,0.15,41,success,1,1,0,0,38,2,0,1,1,44,1.3761385928147967,23.509171154105935,0.0,0.0,0.99,8,exponential
q_learning,shaped_seed5,shaped,5,4a77b6e251,1592,181,93.45000000000002,96.17000000000002,0.05,0.15,44,success,1,1,0,0,37,3,0,1,1,36,1.4690664794437076,19.81682833475213,0.0,0.0,0.99,8,exponential
q_learning,shaped_seed5,shaped,5,4a77b6e251,1593,180,96.50000000000001,96.331,0.05,0.15,45,success,1,1,0,0,34,3,0,1,1,33,1.5397018174709238,23.26633255521458,0.0,0.0,0.99,8,exponential
q_learning,shaped_seed5,shaped,5,4a77b6e251,1594,179,96.55000000000001,96.51599999999999,0.05,0.15,46,success,1,1,0,0,39,2,0,1,1,42,1.144226293105065,13.347613186502272,0.0,0.0,0.99,8,exponential
q_learning,shaped_seed5,shaped,5,4a77b6e251,1595,177,87.64999999999996,96.6565,0.05,0.15,48,success,1,1,0,0,33,5,0,1,1,44,1.5431313688738773,17.226708866774914,0.0,0.0,0.99,8,exponential
q_learning,shaped_seed5,shaped,5,4a77b6e251,1596,177,83.64999999999998,96.53649999999998,0.05,0.15,48,success,1,1,0,0,37,5,0,1,1,39,1.5135775553073842,17.140611542864193,0.0,0.0,0.99,8,exponential
q_learning,shaped_seed5,shaped,5,4a77b6e251,1597,182,100.4,96.60749999999999,0.05,0.15,43,success,1,1,0,0,30,3,0,2,1,30,1.6165345907709654,43.63923694522979,0.0,0.0,0.99,8,exponential
q_learning,shaped_seed5,shaped,5,4a77b6e251,1598,180,59.50000000000012,96.1065,0.05,0.15,45,success,1,1,0,0,36,10,0,1,1,39,1.526385947195039,10.792969048712031,0.0,0.0,0.99,8,exponential
q_learning,shaped_seed5,shaped,5,4a77b6e251,1599,178,90.59999999999994,96.0075,0.05,0.15,47,success,1,1,0,0,40,3,0,1,1,45,1.266670943732535,18.575035878307446,0.0,0.0,0.99,8,exponential
q_learning,shaped_seed5,shaped,5,4a77b6e251,1600,179,93.55,95.91,0.05,0.15,46,success,1,1,0,0,37,3,0,1,1,36,1.175325178088188,11.209487017843184,0.0,0.0,0.99,8,exponential
q_learning,shaped_seed5,shaped,5,4a77b6e251,1601,185,90.25000000000001,95.91599999999998,0.05,0.15,40,success,1,1,0,0,35,4,0,1,1,41,1.3361408936925998,10.951714972877873,0.0,0.0,0.99,8,exponential
q_learning,shaped_seed5,shaped,5,4a77b6e251,1602,183,70.34999999999994,95.5635,0.05,0.15,42,success,1,1,0,0,45,6,0,1,1,43,1.7123284470250726,22.338839214944183,0.0,0.0,0.99,8,exponential
q_learning,shaped_seed5,shaped,5,4a77b6e251,1603,181,97.45000000000002,95.49150000000002,0.05,0.15,44,success,1,1,0,0,33,3,0,1,1,38,1.3909332679982587,16.216523607694903,0.0,0.0,0.99,8,exponential
q_learning,shaped_seed5,shaped,5,4a77b6e251,1604,225,-105.24999999999983,93.46500000000002,0.05,0.15,0,out_of_energy,0,0,1,0,58,12,0,0,1,37,1.4267782102241415,19.703779579950325,0.0,0.0,0.99,8,exponential
q_learning,shaped_seed5,shaped,5,4a77b6e251,1605,178,79.6,93.35600000000002,0.05,0.15,47,success,1,1,0,0,36,6,0,1,1,29,2.1845182068148414,62.51793640104136,0.0,0.0,0.99,8,exponential
q_learning,shaped_seed5,shaped,5,4a77b6e251,1606,182,109.39999999999996,93.39400000000002,0.05,0.15,43,success,1,1,0,0,26,2,0,1,1,36,1.4725544773415222,64.5640528267336,0.0,0.0,0.99,8,exponential
q_learning,shaped_seed5,shaped,5,4a77b6e251,1607,182,100.40000000000002,93.334,0.05,0.15,43,success,1,1,0,0,30,3,0,1,1,34,1.2382632033664727,20.566443354728918,0.0,0.0,0.99,8,exponential
q_learning,shaped_seed5,shaped,5,4a77b6e251,1608,180,100.50000000000001,93.473,0.05,0.15,45,success,1,1,0,0,30,3,0,1,1,36,1.6662259137355047,26.245226149707037,0.0,0.0,0.99,8,exponential
q_learning,shaped_seed5,shaped,5,4a77b6e251,1609,183,104.35,93.55449999999999,0.05,0.15,42,success,1,1,0,0,31,2,0,1,1,31,1.7131350871748119,29.633059406247323,0.0,0.0,0.99,8,exponential
q_learning,shaped_seed5,shaped,5,4a77b6e251,1610,180,94.50000000000001,93.559,0.05,0.15,45,success,1,1,0,0,36,3,0,1,1,38,1.4936728415076577,29.189580849524692,0.0,0.0,0.99,8,exponential
q_learning,shaped_seed5,shaped,5,4a77b6e251,1611,178,93.59999999999998,93.4305,0.05,0.15,47,success,1,1,0,0,32,4,0,1,1,30,1.8275407918880664,25.83460669713488,0.0,0.0,0.99,8,exponential
q_learning,shaped_seed5,shaped,5,4a77b6e251,1612,180,92.5,93.42900000000002,0.05,0.15,45,success,1,1,0,0,38,3,0,1,1,38,1.7337144108606244,20.912549706978538,0.0,0.0,0.99,8,exponential
q_learning,shaped_seed5,shaped,5,4a77b6e251,1613,189,104.05000000000001,93.495,0.05,0.15,36,success,1,1,0,0,31,2,0,1,1,37,1.5367223428132786,22.411179993823048,0.0,0.0,0.99,8,exponential
q_learning,shaped_seed5,shaped,5,4a77b6e251,1614,180,81.49999999999994,93.25399999999999,0.05,0.15,45,success,1,1,0,0,44,4,0,1,1,41,1.7534626617208333,29.169853700501637,0.0,0.0,0.99,8,exponential
q_learning,shaped_seed5,shaped,5,4a77b6e251,1615,187,110.14999999999998,93.32049999999998,0.05,0.15,38,success,1,1,0,0,25,2,0,1,1,28,1.0808726539006541,10.94613295726839,0.0,0.0,0.99,8,exponential
q_learning,shaped_seed5,shaped,5,4a77b6e251,1616,181,98.45000000000002,93.2605,0.05,0.15,44,success,1,1,0,0,37,2,0,1,1,42,1.1796602371529517,12.069957454666046,0.0,0.0,0.99,8,exponential
q_learning,shaped_seed5,shaped,5,4a77b6e251,1617,180,101.50000000000001,93.37100000000001,0.05,0.15,45,success,1,1,0,0,34,2,0,1,1,29,1.14347141734002,12.200504162421902,0.0,0.0,0.99,8,exponential
q_learning,shaped_seed5,shaped,5,4a77b6e251,1618,182,90.39999999999995,93.35949999999998,0.05,0.15,43,success,1,1,0,0,40,3,0,2,1,36,1.4941120427661887,23.631220857168437,0.0,0.0,0.99,8,exponential
q_learning,shaped_seed5,shaped,5,4a77b6e251,1619,182,79.39999999999993,93.32799999999999,0.05,0.15,43,success,1,1,0,0,36,6,0,2,1,44,1.4506881130738034,20.870042138420263,0.0,0.0,0.99,8,exponential
q_learning,shaped_seed5,shaped,5,4a77b6e251,1620,181,97.45000000000002,93.22599999999998,0.05,0.15,44,success,1,1,0,0,33,3,0,1,1,35,1.4781838223971537,20.218735445863782,0.0,0.0,0.99,8,exponential
q_learning,shaped_seed5,shaped,5,4a77b6e251,1621,178,107.60000000000002,93.426,0.05,0.15,47,success,1,1,0,0,28,2,0,1,1,33,1.3116593059507933,11.464934874280063,0.0,0.0,0.99,8,exponential
q_learning,shaped_seed5,shaped,5,4a77b6e251,1622,182,108.4,93.57699999999998,0.05,0.15,43,success,1,1,0,0,22,3,0,1,1,23,1.6112971324308505,28.526666552944704,0.0,0.0,0.99,8,exponential
q_learning,shaped_seed5,shaped,5,4a77b6e251,1623,179,91.55,93.6005,0.05,0.15,46,success,1,1,0,0,39,3,0,1,1,39,1.7403923390330485,66.80132196781956,0.0,0.0,0.99,8,exponential
q_learning,shaped_seed5,shaped,5,4a77b6e251,1624,185,93.25000000000001,93.65799999999999,0.05,0.15,40,success,1,1,0,0,37,3,0,2,1,37,1.2813215729205285,19.782789302523096,0.0,0.0,0.99,8,exponential
q_learning,shaped_seed5,shaped,5,4a77b6e251,1625,182,101.4,93.92849999999999,0.05,0.15,43,success,1,1,0,0,34,2,0,1,1,37,1.4283271715710737,22.227099044367694,0.0,0.0,0.99,8,exponential
q_learning,shaped_seed5,shaped,5,4a77b6e251,1626,181,104.45000000000002,93.99699999999999,0.05,0.15,44,success,1,1,0,0,31,2,0,1,1,35,1.8990277106226487,50.48285386706628,0.0,0.0,0.99,8,exponential
q_learning,shaped_seed5,shaped,5,4a77b6e251,1627,185,98.25000000000001,93.92550000000001,0.05,0.15,40,success,1,1,0,0,37,2,0,1,1,41,1.3391910483013225,17.610206758565894,0.0,0.0,0.99,8,exponential
q_learning,shaped_seed5,shaped,5,4a77b6e251,1628,178,105.60000000000002,93.978,0.05,0.15,47,success,1,1,0,0,30,2,0,1,1,32,1.0345618091680162,9.825938503760106,0.0,0.0,0.99,8,exponential
q_learning,shaped_seed5,shaped,5,4a77b6e251,1629,176,107.70000000000002,94.09850000000002,0.05,0.15,49,success,1,1,0,0,28,2,0,1,1,32,1.6907854094575903,16.268549720859845,0.0,0.0,0.99,8,exponential
q_learning,shaped_seed5,shaped,5,4a77b6e251,1630,179,97.55000000000003,94.09549999999999,0.05,0.15,46,success,1,1,0,0,33,3,0,1,1,31,1.497066704327811,18.84280271672727,0.0,0.0,0.99,8,exponential
q_learning,shaped_seed5,shaped,5,4a77b6e251,1631,178,93.60000000000002,94.02799999999999,0.05,0.15,47,success,1,1,0,0,42,2,0,1,1,41,1.5565622607418206,21.08129258625674,0.0,0.0,0.99,8,exponential
q_learning,shaped_seed5,shaped,5,4a77b6e251,1632,182,105.40000000000002,94.1165,0.05,0.15,43,success,1,1,0,0,30,2,0,2,1,32,1.175115297784312,12.0850763329716,0.0,0.0,0.99,8,exponential
q_learning,shaped_seed5,shaped,5,4a77b6e251,1633,183,108.35000000000002,94.16449999999999,0.05,0.15,42,success,1,1,0,0,27,2,0,1,1,33,1.6510653654334169,23.22835751270805,0.0,0.0,0.99,8,exponential
q_learning,shaped_seed5,shaped,5,4a77b6e251,1634,179,89.54999999999998,94.30549999999998,0.05,0.15,46,success,1,1,0,0,31,5,0,1,1,32,1.3575665945668278,18.03769697938408,0.0,0.0,0.99,8,exponential
q_learning,shaped_seed5,shaped,5,4a77b6e251,1635,180,89.4999999999999,94.2855,0.05,0.15,45,success,1,1,0,0,36,4,0,1,1,33,1.8617269226310353,34.57120306285107,0.0,0.0,0.99,8,exponential
q_learning,shaped_seed5,shaped,5,4a77b6e251,1636,178,103.60000000000002,94.345,0.05,0.15,47,success,1,1,0,0,32,2,0,1,1,39,1.293448011259058,11.118384908226794,0.0,0.0,0.99,8,exponential
q_learning,shaped_seed5,shaped,5,4a77b6e251,1637,181,98.45000000000002,94.34449999999998,0.05,0.15,44,success,1,1,0,0,37,2,0,1,1,43,1.513133274247948,15.772451308767295,0.0,0.0,0.99,8,exponential
q_learning,shaped_seed5,shaped,5,4a77b6e251,1638,182,98.4,94.47400000000002,0.05,0.15,43,success,1,1,0,0,32,3,0,1,1,38,1.4229188143492475,17.9737329993462,0.0,0.0,0.99,8,exponential
q_learning,shaped_seed5,shaped,5,4a77b6e251,1639,177,104.65,94.5045,0.05,0.15,48,success,1,1,0,0,31,2,0,1,1,34,1.2942912085908391,17.725259213267947,0.0,0.0,0.99,8,exponential
q_learning,shaped_seed5,shaped,5,4a77b6e251,1640,182,73.39999999999998,94.112,0.05,0.15,43,success,1,1,0,0,32,8,0,1,1,40,1.350692121606944,10.591574034379775,0.0,0.0,0.99,8,exponential
q_learning,shaped_seed5,shaped,5,4a77b6e251,1641,176,79.69999999999997,93.944,0.05,0.15,49,success,1,1,0,0,36,6,0,1,1,40,1.809148186544632,46.77220404402853,0.0,0.0,0.99,8,exponential
q_learning,shaped_seed5,shaped,5,4a77b6e251,1642,179,82.54999999999994,93.764,0.05,0.15,46,success,1,1,0,0,43,4,0,1,1,41,1.364508426836223,10.207461773600173,0.0,0.0,0.99,8,exponential
q_learning,shaped_seed5,shaped,5,4a77b6e251,1643,183,94.35000000000001,93.712,0.05,0.15,42,success,1,1,0,0,41,2,0,1,1,43,1.5428371586140768,25.375614342990303,0.0,0.0,0.99,8,exponential
q_learning,shaped_seed5,shaped,5,4a77b6e251,1644,179,110.55000000000001,93.75399999999999,0.05,0.15,46,success,1,1,0,0,25,2,0,1,1,24,1.1574502345853694,23.515021397391727,0.0,0.0,0.99,8,exponential
q_learning,shaped_seed5,shaped,5,4a77b6e251,1645,185,91.24999999999989,93.69449999999999,0.05,0.15,40,success,1,1,0,0,39,3,0,1,1,43,1.5845565223312184,17.527838723049,0.0,0.0,0.99,8,exponential
q_learning,shaped_seed5,shaped,5,4a77b6e251,1646,181,106.45000000000002,93.683,0.05,0.15,44,success,1,1,0,0,29,2,0,1,1,31,1.4201620604213212,23.481369780758325,0.0,0.0,0.99,8,exponential
q_learning,shaped_seed5,shaped,5,4a77b6e251,1647,185,110.24999999999996,93.85,0.05,0.15,40,success,1,1,0,0,25,2,0,1,1,31,1.3711071638224814,27.072170107191926,0.0,0.0,0.99,8,exponential
q_learning,shaped_seed5,shaped,5,4a77b6e251,1648,178,98.6,94.01050000000001,0.05,0.15,47,success,1,1,0,0,32,3,0,1,1,36,1.2214667043574443,15.868140125558181,0.0,0.0,0.99,8,exponential
q_learning,shaped_seed5,shaped,5,4a77b6e251,1649,179,91.54999999999998,93.991,0.05,0.15,46,success,1,1,0,0,39,3,0,1,1,39,1.3928248509004297,23.934434324308764,0.0,0.0,0.99,8,exponential
q_learning,shaped_seed5,shaped,5,4a77b6e251,1650,179,104.55000000000001,94.01100000000001,0.05,0.15,46,success,1,1,0,0,31,2,0,1,1,31,1.0854278702048155,12.472557681113173,0.0,0.0,0.99,8,exponential
q_learning,shaped_seed5,shaped,5,4a77b6e251,1651,184,99.3,94.11099999999996,0.05,0.15,41,success,1,1,0,0,36,2,0,1,1,37,1.5150186204314409,22.388965081448852,0.0,0.0,0.99,8,exponential
q_learning,shaped_seed5,shaped,5,4a77b6e251,1652,179,96.55000000000001,94.10199999999998,0.05,0.15,46,success,1,1,0,0,39,2,0,1,1,35,1.491380574447145,36.80519129592645,0.0,0.0,0.99,8,exponential
q_learning,shaped_seed5,shaped,5,4a77b6e251,1653,177,96.65000000000002,94.24249999999996,0.05,0.15,48,success,1,1,0,0,39,2,0,1,1,37,1.2648162966463747,26.860842633766254,0.0,0.0,0.99,8,exponential
q_learning,shaped_seed5,shaped,5,4a77b6e251,1654,180,103.49999999999999,94.31199999999998,0.05,0.15,45,success,1,1,0,0,32,2,0,1,1,35,1.2890082547431292,17.571003859562815,0.0,0.0,0.99,8,exponential
q_learning,shaped_seed5,shaped,5,4a77b6e251,1655,182,99.4,94.26149999999998,0.05,0.15,43,success,1,1,0,0,36,2,0,1,1,36,1.265457934951392,16.74737095623948,0.0,0.0,0.99,8,exponential
q_learning,shaped_seed5,shaped,5,4a77b6e251,1656,185,104.24999999999999,94.21849999999999,0.05,0.15,40,success,1,1,0,0,31,2,0,2,1,29,1.308326288300078,17.787589206847805,0.0,0.0,0.99,8,exponential
q_learning,shaped_seed5,shaped,5,4a77b6e251,1657,180,93.50000000000001,94.149,0.05,0.15,45,success,1,1,0,0,32,4,0,1,1,36,1.302782107243763,14.791672832723474,0.0,0.0,0.99,8,exponential
q_learning,shaped_seed5,shaped,5,4a77b6e251,1658,182,113.39999999999992,94.288,0.05,0.15,43,success,1,1,0,0,22,2,0,1,1,26,1.178770825351849,13.351256105669421,0.0,0.0,0.99,8,exponential
q_learning,shaped_seed5,shaped,5,4a77b6e251,1659,190,99.00000000000001,94.323,0.05,0.15,35,success,1,1,0,0,36,2,0,1,1,44,1.697329245691757,22.134904784396053,0.0,0.0,0.99,8,exponential
q_learning,shaped_seed5,shaped,5,4a77b6e251,1660,186,87.19999999999996,94.289,0.05,0.15,39,success,1,1,0,0,48,2,0,1,1,49,1.2268936742682732,11.037716485745044,0.0,0.0,0.99,8,exponential
q_learning,shaped_seed5,shaped,5,4a77b6e251,1661,189,104.05000000000003,94.333,0.05,0.15,36,success,1,1,0,0,31,2,0,1,1,34,1.7414987579398227,77.09039169000106,0.0,0.0,0.99,8,exponential
q_learning,shaped_seed5,shaped,5,4a77b6e251,1662,179,107.55000000000001,94.55349999999999,0.05,0.15,46,success,1,1,0,0,23,3,0,1,1,25,1.518042152554169,21.373930950755984,0.0,0.0,0.99,8,exponential
q_learning,shaped_seed5,shaped,5,4a77b6e251,1663,185,92.25,94.49199999999999,0.05,0.15,40,success,1,1,0,0,33,4,0,1,1,40,1.3334992535746026,13.014166069356683,0.0,0.0,0.99,8,exponential
q_learning,shaped_seed5,shaped,5,4a77b6e251,1664,179,93.55,94.38599999999998,0.05,0.15,46,success,1,1,0,0,37,3,0,1,1,31,1.2088062139836526,16.869882745528535,0.0,0.0,0.99,8,exponential
q_learning,shaped_seed5,shaped,5,4a77b6e251,1665,179,106.55000000000001,94.44799999999998,0.05,0.15,46,success,1,1,0,0,29,2,0,2,1,34,1.301776024613282,26.84633237486026,0.0,0.0,0.99,8,exponential
q_learning,shaped_seed5,shaped,5,4a77b6e251,1666,183,99.35000000000001,94.4165,0.05,0.15,42,success,1,1,0,0,31,3,0,1,1,34,1.412776729397166,28.989950320282077,0.0,0.0,0.99,8,exponential
q_learning,shaped_seed5,shaped,5,4a77b6e251,1667,187,104.15000000000002,94.44299999999997,0.05,0.15,38,success,1,1,0,0,31,2,0,1,1,35,1.1494544141582401,20.441708094238866,0.0,0.0,0.99,8,exponential
q_learning,shaped_seed5,shaped,5,4a77b6e251,1668,181,101.45,94.49400000000001,0.05,0.15,44,success,1,1,0,0,29,3,0,1,1,31,1.285878059688686,21.084030088244734,0.0,0.0,0.99,8,exponential
q_learning,shaped_seed5,shaped,5,4a77b6e251,1669,184,101.30000000000001,94.55399999999997,0.05,0.15,41,success,1,1,0,0,34,2,0,1,1,37,1.1003123748803383,11.294312551201656,0.0,0.0,0.99,8,exponential
q_learning,shaped_seed5,shaped,5,4a77b6e251,1670,181,106.45,94.6755,0.05,0.15,44,success,1,1,0,0,29,2,0,1,1,23,1.2361864882751274,17.690679838469812,0.0,0.0,0.99,8,exponential
q_learning,shaped_seed5,shaped,5,4a77b6e251,1671,180,91.49999999999999,94.71649999999998,0.05,0.15,45,success,1,1,0,0,34,4,0,1,1,33,1.2535207992634256,13.624821931558518,0.0,0.0,0.99,8,exponential
q_learning,shaped_seed5,shaped,5,4a77b6e251,1672,182,99.39999999999998,94.706,0.05,0.15,43,success,1,1,0,0,36,2,0,1,1,38,1.7368273712460862,25.212494514367727,0.0,0.0,0.99,8,exponential
q_learning,shaped_seed5,shaped,5,4a77b6e251,1673,181,88.44999999999996,94.684,0.05,0.15,44,success,1,1,0,0,37,4,0,1,1,41,1.33151076734019,16.281609488524538,0.0,0.0,0.99,8,exponential
q_learning,shaped_seed5,shaped,5,4a77b6e251,1674,182,96.40000000000002,94.58149999999999,0.05,0.15,43,success,1,1,0,0,34,3,0,1,1,36,1.1001915962788966,9.711603276876346,0.0,0.0,0.99,8,exponential
q_learning,shaped_seed5,shaped,5,4a77b6e251,1675,181,91.44999999999997,94.4595,0.05,0.15,44,success,1,1,0,0,39,3,0,1,1,37,1.3345405262719965,17.459496672693856,0.0,0.0,0.99,8,exponential
q_learning,shaped_seed5,shaped,5,4a77b6e251,1676,178,97.6,94.571,0.05,0.15,47,success,1,1,0,0,28,4,0,1,1,32,1.3222052514923621,17.13435723502358,0.0,0.0,0.99,8,exponential
q_learning,shaped_seed5,shaped,5,4a77b6e251,1677,179,110.55,94.62049999999999,0.05,0.15,46,success,1,1,0,0,25,2,0,1,1,22,1.189122579918575,17.489044145001802,0.0,0.0,0.99,8,exponential
q_learning,shaped_seed5,shaped,5,4a77b6e251,1678,187,101.15000000000002,94.7475,0.05,0.15,38,success,1,1,0,0,29,3,0,1,1,35,1.6279022458867551,55.754792568138896,0.0,0.0,0.99,8,exponential
q_learning,shaped_seed5,shaped,5,4a77b6e251,1679,180,88.49999999999994,94.707,0.05,0.15,45,success,1,1,0,0,42,3,0,1,1,41,1.7437862138429343,31.165384261957296,0.0,0.0,0.99,8,exponential
q_learning,shaped_seed5,shaped,5,4a77b6e251,1680,179,99.55000000000001,94.63899999999998,0.05,0.15,46,success,1,1,0,0,31,3,0,1,1,29,1.2927884401035106,14.561337049249365,0.0,0.0,0.99,8,exponential
q_learning,shaped_seed5,shaped,5,4a77b6e251,1681,184,107.30000000000001,94.65649999999998,0.05,0.15,41,success,1,1,0,0,28,2,0,3,1,36,1.2928211801808664,15.240356093222111,0.0,0.0,0.99,8,exponential
q_learning,shaped_seed5,shaped,5,4a77b6e251,1682,177,84.64999999999993,94.66149999999998,0.05,0.15,48,success,1,1,0,0,31,6,0,1,1,31,1.3435017641933538,15.502766386980891,0.0,0.0,0.99,8,exponential
q_learning,shaped_seed5,shaped,5,4a77b6e251,1683,182,101.40000000000002,94.71099999999998,0.05,0.15,43,success,1,1,0,0,34,2,0,1,1,35,1.1002695197100876,13.431988629229338,0.0,0.0,0.99,8,exponential
q_learning,shaped_seed5,shaped,5,4a77b6e251,1684,178,93.6,94.613,0.05,0.15,47,success,1,1,0,0,32,4,0,1,1,38,1.6601348248593562,57.68382752556705,0.0,0.0,0.99,8,exponential
q_learning,shaped_seed5,shaped,5,4a77b6e251,1685,181,98.45000000000002,94.6515,0.05,0.15,44,success,1,1,0,0,37,2,0,3,1,43,1.361657662556263,15.871120954515927,0.0,0.0,0.99,8,exponential
q_learning,shaped_seed5,shaped,5,4a77b6e251,1686,180,99.50000000000001,94.62049999999999,0.05,0.15,45,success,1,1,0,0,36,2,0,2,1,40,1.8587177862123807,67.40990157693986,0.0,0.0,0.99,8,exponential
q_learning,shaped_seed5,shaped,5,4a77b6e251,1687,182,83.39999999999995,94.428,0.05,0.15,43,success,1,1,0,0,42,4,0,1,1,38,1.3805484989513654,22.55784013377749,0.0,0.0,0.99,8,exponential
q_learning,shaped_seed5,shaped,5,4a77b6e251,1688,183,106.34999999999998,94.74549999999999,0.05,0.15,42,success,1,1,0,0,29,2,0,2,1,36,1.2105383457153087,21.074502375828786,0.0,0.0,0.99,8,exponential
q_learning,shaped_seed5,shaped,5,4a77b6e251,1689,185,89.24999999999999,94.7035,0.05,0.15,40,success,1,1,0,0,41,3,0,1,1,42,1.867361333130841,21.66953565448843,0.0,0.0,0.99,8,exponential
q_learning,shaped_seed5,shaped,5,4a77b6e251,1690,177,106.65000000000002,94.84649999999999,0.05,0.15,48,success,1,1,0,0,29,2,0,1,1,32,1.3347328770338889,20.818524688605958,0.0,0.0,0.99,8,exponential
q_learning,shaped_seed5,shaped,5,4a77b6e251,1691,184,105.30000000000003,94.92649999999998,0.05,0.15,41,success,1,1,0,0,30,2,0,1,1,36,1.351637568163554,18.53855168485279,0.0,0.0,0.99,8,exponential
q_learning,shaped_seed5,shaped,5,4a77b6e251,1692,178,107.59999999999994,95.068,0.05,0.15,47,success,1,1,0,0,28,2,0,1,1,31,1.33648763269051,19.11977287813916,0.0,0.0,0.99,8,exponential
q_learning,shaped_seed5,shaped,5,4a77b6e251,1693,178,92.60000000000001,95.029,0.05,0.15,47,success,1,1,0,0,38,3,0,2,1,37,1.1410343959781317,16.770196458880406,0.0,0.0,0.99,8,exponential
q_learning,shaped_seed5,shaped,5,4a77b6e251,1694,184,95.30000000000003,95.01649999999998,0.05,0.15,41,success,1,1,0,0,30,4,0,1,1,33,1.5373199152592834,32.74541019098143,0.0,0.0,0.99,8,exponential
q_learning,shaped_seed5,shaped,5,4a77b6e251,1695,177,89.64999999999995,95.03649999999999,0.05,0.15,48,success,1,1,0,0,41,3,0,1,1,40,1.367926471198486,13.935503002025873,0.0,0.0,0.99,8,exponential
q_learning,shaped_seed5,shaped,5,4a77b6e251,1696,179,83.54999999999995,95.03549999999997,0.05,0.15,46,success,1,1,0,0,47,3,0,1,1,43,1.4780327233873605,28.37228903550485,0.0,0.0,0.99,8,exponential
q_learning,shaped_seed5,shaped,5,4a77b6e251,1697,180,103.50000000000001,95.06649999999998,0.05,0.15,45,success,1,1,0,0,32,2,0,1,1,32,1.674283895794094,47.734297264299975,0.0,0.0,0.99,8,exponential
q_learning,shaped_seed5,shaped,5,4a77b6e251,1698,182,97.40000000000002,95.44549999999998,0.05,0.15,43,success,1,1,0,0,38,2,0,1,1,35,1.2387904353018124,18.376023695534805,0.0,0.0,0.99,8,exponential
q_learning,shaped_seed5,shaped,5,4a77b6e251,1699,182,81.39999999999992,95.35349999999997,0.05,0.15,43,success,1,1,0,0,34,6,0,1,1,36,1.2673838073466315,18.21940967665551,0.0,0.0,0.99,8,exponential
q_learning,shaped_seed5,shaped,5,4a77b6e251,1700,183,92.34999999999998,95.34149999999998,0.05,0.15,42,success,1,1,0,0,23,6,0,1,1,26,2.038070666490806,51.127781671105794,0.0,0.0,0.99,8,exponential
q_learning,shaped_seed5,shaped,5,4a77b6e251,1701,179,102.55000000000001,95.46449999999999,0.05,0.15,46,success,1,1,0,0,33,2,0,1,1,33,1.4181348983846729,19.82225550342941,0.0,0.0,0.99,8,exponential
q_learning,shaped_seed5,shaped,5,4a77b6e251,1702,181,97.45000000000002,95.73549999999999,0.05,0.15,44,success,1,1,0,0,33,3,0,1,1,33,1.5827393864199009,36.318949532818635,0.0,0.0,0.99,8,exponential
q_learning,shaped_seed5,shaped,5,4a77b6e251,1703,180,94.5,95.706,0.05,0.15,45,success,1,1,0,0,36,3,0,1,1,36,1.2934610646952707,17.757838993101505,0.0,0.0,0.99,8,exponential
q_learning,shaped_seed5,shaped,5,4a77b6e251,1704,182,107.4,97.83249999999998,0.05,0.15,43,success,1,1,0,0,28,2,0,1,1,28,1.3552061109631184,16.70663205871431,0.0,0.0,0.99,8,exponential
q_learning,shaped_seed5,shaped,5,4a77b6e251,1705,179,107.55000000000001,98.112,0.05,0.15,46,success,1,1,0,0,23,3,0,1,1,25,1.142837505275272,18.287422673611193,0.0,0.0,0.99,8,exponential
q_learning,shaped_seed5,shaped,5,4a77b6e251,1706,178,85.60000000000001,97.87399999999998,0.05,0.15,47,success,1,1,0,0,40,4,0,1,1,36,1.3047840744895793,13.493002171568568,0.0,0.0,0.99,8,exponential
q_learning,shaped_seed5,shaped,5,4a77b6e251,1707,177,90.65,97.7765,0.05,0.15,48,success,1,1,0,0,35,4,0,1,1,30,1.3447989206603619,41.900485939148346,0.0,0.0,0.99,8,exponential
q_learning,shaped_seed5,shaped,5,4a77b6e251,1708,179,61.55000000000009,97.38699999999999,0.05,0.15,46,success,1,1,0,0,49,7,0,1,1,50,1.5338501642131195,20.59371434429299,0.0,0.0,0.99,8,exponential
q_learning,shaped_seed5,shaped,5,4a77b6e251,1709,180,86.49999999999997,97.20849999999999,0.05,0.15,45,success,1,1,0,0,44,3,0,1,1,42,1.3969505062247927,24.703946842077954,0.0,0.0,0.99,8,exponential
q_learning,shaped_seed5,shaped,5,4a77b6e251,1710,176,88.69999999999995,97.1505,0.05,0.15,49,success,1,1,0,0,32,5,0,1,1,36,1.7615109495526509,48.78186099375298,0.0,0.0,0.99,8,exponential
q_learning,shaped_seed5,shaped,5,4a77b6e251,1711,177,95.65000000000002,97.171,0.05,0.15,48,success,1,1,0,0,35,3,0,1,1,34,1.130140829737907,10.587488657790104,0.0,0.0,0.99,8,exponential
q_learning,shaped_seed5,shaped,5,4a77b6e251,1712,180,94.50000000000001,97.191,0.05,0.15,45,success,1,1,0,0,36,3,0,1,1,34,1.2565596514988717,12.115924933744395,0.0,0.0,0.99,8,exponential
q_learning,shaped_seed5,shaped,5,4a77b6e251,1713,177,98.65,97.137,0.05,0.15,48,success,1,1,0,0,27,4,0,1,1,24,1.7641326615889998,63.693545180986895,0.0,0.0,0.99,8,exponential
q_learning,shaped_seed5,shaped,5,4a77b6e251,1714,180,103.50000000000001,97.35700000000001,0.05,0.15,45,success,1,1,0,0,32,2,0,1,1,30,1.3125927287378543,25.06531812136429,0.0,0.0,0.99,8,exponential
q_learning,shaped_seed5,shaped,5,4a77b6e251,1715,179,96.55000000000003,97.22099999999999,0.05,0.15,46,success,1,1,0,0,39,2,0,1,1,43,1.624107063794177,48.987547637534654,0.0,0.0,0.99,8,exponential
q_learning,shaped_seed5,shaped,5,4a77b6e251,1716,179,60.55000000000023,96.84199999999998,0.05,0.15,46,success,1,1,0,0,45,8,0,1,1,45,1.9094063636054306,38.48105138545631,0.0,0.0,0.99,8,exponential
q_learning,shaped_seed5,shaped,5,4a77b6e251,1717,184,97.30000000000001,96.79999999999998,0.05,0.15,41,success,1,1,0,0,38,2,0,2,1,45,1.2374857537849828,16.158982802933544,0.0,0.0,0.99,8,exponential
q_learning,shaped_seed5,shaped,5,4a77b6e251,1718,181,102.45000000000002,96.9205,0.05,0.15,44,success,1,1,0,0,33,2,0,1,1,40,1.299051733123954,14.103678868513914,0.0,0.0,0.99,8,exponential
q_learning,shaped_seed5,shaped,5,4a77b6e251,1719,178,99.60000000000002,97.1225,0.05,0.15,47,success,1,1,0,0,36,2,0,1,1,41,1.7382439422367644,24.403128627676914,0.0,0.0,0.99,8,exponential
q_learning,shaped_seed5,shaped,5,4a77b6e251,1720,177,99.65000000000002,97.1445,0.05,0.15,48,success,1,1,0,0,31,3,0,1,1,36,1.4497453065932253,23.339661932164155,0.0,0.0,0.99,8,exponential
q_learning,shaped_seed5,shaped,5,4a77b6e251,1721,180,92.5,96.9935,0.05,0.15,45,success,1,1,0,0,38,3,0,1,1,39,1.6319223771604052,22.44616780064052,0.0,0.0,0.99,8,exponential
q_learning,shaped_seed5,shaped,5,4a77b6e251,1722,177,95.65000000000002,96.866,0.05,0.15,48,success,1,1,0,0,35,3,0,1,1,38,1.439886581822384,11.42441537701038,0.0,0.0,0.99,8,exponential
q_learning,shaped_seed5,shaped,5,4a77b6e251,1723,185,90.25,96.853,0.05,0.15,40,success,1,1,0,0,45,2,0,1,1,43,1.6604291611814992,13.43641233206013,0.0,0.0,0.99,8,exponential
q_learning,shaped_seed5,shaped,5,4a77b6e251,1724,179,99.55000000000001,96.91599999999998,0.05,0.15,46,success,1,1,0,0,31,3,0,1,1,35,1.2040323040220917,16.787883721131628,0.0,0.0,0.99,8,exponential
q_learning,shaped_seed5,shaped,5,4a77b6e251,1725,184,97.30000000000003,96.87499999999999,0.05,0.15,41,success,1,1,0,0,38,2,0,2,1,45,1.2895568615855435,16.67991513671162,0.0,0.0,0.99,8,exponential
q_learning,shaped_seed5,shaped,5,4a77b6e251,1726,179,104.55000000000001,96.87599999999999,0.05,0.15,46,success,1,1,0,0,31,2,0,1,1,34,1.091703262311548,15.563816879156224,0.0,0.0,0.99,8,exponential
q_learning,shaped_seed5,shaped,5,4a77b6e251,1727,180,107.50000000000001,96.96849999999999,0.05,0.15,45,success,1,1,0,0,28,2,0,2,1,36,1.3036023017394276,17.326720317794262,0.0,0.0,0.99,8,exponential
q_learning,shaped_seed5,shaped,5,4a77b6e251,1728,177,103.65,96.949,0.05,0.15,48,success,1,1,0,0,27,3,0,1,1,31,1.5860127179034689,19.135180986590143,0.0,0.0,0.99,8,exponential
q_learning,shaped_seed5,shaped,5,4a77b6e251,1729,183,110.35,96.9755,0.05,0.15,42,success,1,1,0,0,25,2,0,1,1,29,1.1819872855768103,18.108293582241032,0.0,0.0,0.99,8,exponential
q_learning,shaped_seed5,shaped,5,4a77b6e251,1730,180,86.49999999999993,96.865,0.05,0.15,45,success,1,1,0,0,34,5,0,2,1,34,1.40126598581027,18.112351313372244,0.0,0.0,0.99,8,exponential
q_learning,shaped_seed5,shaped,5,4a77b6e251,1731,183,102.35000000000002,96.9525,0.05,0.15,42,success,1,1,0,0,33,2,0,1,1,38,1.2083626945663644,16.84631094089546,0.0,0.0,0.99,8,exponential
q_learning,shaped_seed5,shaped,5,4a77b6e251,1732,182,101.4,96.9125,0.05,0.15,43,success,1,1,0,0,34,2,0,1,1,41,1.5792272447754636,18.8444416247642,0.0,0.0,0.99,8,exponential
q_learning,shaped_seed5,shaped,5,4a77b6e251,1733,177,82.64999999999999,96.65549999999999,0.05,0.15,48,success,1,1,0,0,33,6,0,1,1,37,1.5309036189311307,12.680717965178914,0.0,0.0,0.99,8,exponential
q_learning,shaped_seed5,shaped,5,4a77b6e251,1734,180,107.50000000000001,96.83499999999998,0.05,0.15,45,success,1,1,0,0,28,2,0,1,1,30,1.2101541218972671,18.436293385116922,0.0,0.0,0.99,8,exponential
q_learning,shaped_seed5,shaped,5,4a77b6e251,1735,183,91.34999999999994,96.85349999999998,0.05,0.15,42,success,1,1,0,0,39,3,0,1,1,42,1.561132409730138,13.689753535347833,0.0,0.0,0.99,8,exponential
q_learning,shaped_seed5,shaped,5,4a77b6e251,1736,182,101.4,96.83149999999999,0.05,0.15,43,success,1,1,0,0,24,4,0,3,1,32,1.4824746648914857,16.644376007202794,0.0,0.0,0.99,8,exponential
q_learning,shaped_seed5,shaped,5,4a77b6e251,1737,182,103.4,96.881,0.05,0.15,43,success,1,1,0,0,32,2,0,2,1,34,1.3734658175189882,32.81357113459413,0.0,0.0,0.99,8,exponential
q_learning,shaped_seed5,shaped,5,4a77b6e251,1738,177,101.65,96.9135,0.05,0.15,48,success,1,1,0,0,29,3,0,1,1,33,1.396236737236982,35.78897541548723,0.0,0.0,0.99,8,exponential
q_learning,shaped_seed5,shaped,5,4a77b6e251,1739,183,101.35,96.8805,0.05,0.15,42,success,1,1,0,0,29,3,0,2,1,31,1.2058758488631554,11.916368231071026,0.0,0.0,0.99,8,exponential
q_learning,shaped_seed5,shaped,5,4a77b6e251,1740,181,92.45,97.071,0.05,0.15,44,success,1,1,0,0,33,4,0,1,1,31,1.5023532723350217,27.473535906067973,0.0,0.0,0.99,8,exponential
q_learning,shaped_seed5,shaped,5,4a77b6e251,1741,181,87.44999999999997,97.14850000000003,0.05,0.15,44,success,1,1,0,0,43,3,0,2,1,45,1.11184788107873,16.191738910691697,0.0,0.0,0.99,8,exponential
q_learning,shaped_seed5,shaped,5,4a77b6e251,1742,179,93.55,97.25850000000003,0.05,0.15,46,success,1,1,0,0,37,3,0,1,1,37,1.50351360283432,19.054757474931133,0.0,0.0,0.99,8,exponential
q_learning,shaped_seed5,shaped,5,4a77b6e251,1743,178,97.60000000000002,97.291,0.05,0.15,47,success,1,1,0,0,38,2,0,1,1,41,1.4111392754812524,33.44381688874798,0.0,0.0,0.99,8,exponential
q_learning,shaped_seed5,shaped,5,4a77b6e251,1744,179,94.55000000000001,97.131,0.05,0.15,46,success,1,1,0,0,31,4,0,1,1,34,1.2019721954803595,13.932592086943773,0.0,0.0,0.99,8,exponential
q_learning,shaped_seed5,shaped,5,4a77b6e251,1745,178,96.60000000000002,97.18449999999999,0.05,0.15,47,success,1,1,0,0,34,3,0,1,1,34,1.322593854515591,17.183597030872075,0.0,0.0,0.99,8,exponential
q_learning,shaped_seed5,shaped,5,4a77b6e251,1746,178,91.6,97.036,0.05,0.15,47,success,1,1,0,0,34,4,0,1,1,34,1.595809691227067,24.796984237558796,0.0,0.0,0.99,8,exponential
q_learning,shaped_seed5,shaped,5,4a77b6e251,1747,183,102.35000000000001,96.957,0.05,0.15,42,success,1,1,0,0,33,2,0,1,1,36,1.1915363806289474,11.683699195510364,0.0,0.0,0.99,8,exponential
q_learning,shaped_seed5,shaped,5,4a77b6e251,1748,177,98.65,96.9575,0.05,0.15,48,success,1,1,0,0,37,2,0,1,1,42,1.032227552208926,9.125653855231228,0.0,0.0,0.99,8,exponential
q_learning,shaped_seed5,shaped,5,4a77b6e251,1749,178,98.60000000000001,97.02799999999999,0.05,0.15,47,success,1,1,0,0,32,3,0,1,1,35,1.2490284533057774,17.051201176545945,0.0,0.0,0.99,8,exponential
q_learning,shaped_seed5,shaped,5,4a77b6e251,1750,182,92.4,96.9065,0.05,0.15,43,success,1,1,0,0,38,3,0,1,1,36,1.1299417214213918,14.616193674956413,0.0,0.0,0.99,8,exponential
q_learning,shaped_seed5,shaped,5,4a77b6e251,1751,180,93.50000000000001,96.8485,0.05,0.15,45,success,1,1,0,0,42,2,0,1,1,38,1.4550013567620492,24.503312008330546,0.0,0.0,0.99,8,exponential
q_learning,shaped_seed5,shaped,5,4a77b6e251,1752,177,83.64999999999993,96.71949999999998,0.05,0.15,48,success,1,1,0,0,37,5,0,1,1,38,1.3363880331565259,19.37294556705259,0.0,0.0,0.99,8,exponential
q_learning,shaped_seed5,shaped,5,4a77b6e251,1753,178,101.60000000000001,96.76899999999999,0.05,0.15,47,success,1,1,0,0,34,2,0,1,1,32,1.2345741974054865,18.03313853688662,0.0,0.0,0.99,8,exponential
q_learning,shaped_seed5,shaped,5,4a77b6e251,1754,182,98.40000000000002,96.71800000000002,0.05,0.15,43,success,1,1,0,0,32,3,0,1,1,34,1.1972121838208194,14.759002200027428,0.0,0.0,0.99,8,exponential
q_learning,shaped_seed5,shaped,5,4a77b6e251,1755,182,97.4,96.698,0.05,0.15,43,success,1,1,0,0,38,2,0,1,1,46,1.2470231745452667,14.038409339413377,0.0,0.0,0.99,8,exponential
q_learning,shaped_seed5,shaped,5,4a77b6e251,1756,181,94.45000000000002,96.60000000000002,0.05,0.15,44,success,1,1,0,0,41,2,0,1,1,41,1.3034559469817564,20.066394770886934,0.0,0.0,0.99,8,exponential
q_learning,shaped_seed5,shaped,5,4a77b6e251,1757,177,108.64999999999998,96.7515,0.05,0.15,48,success,1,1,0,0,27,2,0,1,1,29,2.312264482833573,73.7906298559075,0.0,0.0,0.99,8,exponential
q_learning,shaped_seed5,shaped,5,4a77b6e251,1758,183,102.35000000000001,96.641,0.05,0.15,42,success,1,1,0,0,33,2,0,1,1,32,1.3413196827351637,37.49988045426178,0.0,0.0,0.99,8,exponential
q_learning,shaped_seed5,shaped,5,4a77b6e251,1759,181,94.45,96.59550000000002,0.05,0.15,44,success,1,1,0,0,31,4,0,1,1,33,1.184846337764343,19.376031718036607,0.0,0.0,0.99,8,exponential
q_learning,shaped_seed5,shaped,5,4a77b6e251,1760,178,93.59999999999995,96.65950000000002,0.05,0.15,47,success,1,1,0,0,32,4,0,1,1,34,1.4519967809905303,17.4804733277283,0.0,0.0,0.99,8,exponential
q_learning,shaped_seed5,shaped,5,4a77b6e251,1761,179,92.54999999999995,96.54450000000001,0.05,0.15,46,success,1,1,0,0,43,2,0,1,1,43,1.594169210560552,25.115842260102067,0.0,0.0,0.99,8,exponential
q_learning,shaped_seed5,shaped,5,4a77b6e251,1762,178,100.60000000000002,96.475,0.05,0.15,47,success,1,1,0,0,30,3,0,1,1,33,1.8024313474166624,63.79649099572333,0.0,0.0,0.99,8,exponential
q_learning,shaped_seed5,shaped,5,4a77b6e251,1763,182,97.4,96.5265,0.05,0.15,43,success,1,1,0,0,28,4,0,2,1,30,1.104120794965536,10.975252397534135,0.0,0.0,0.99,8,exponential
q_learning,shaped_seed5,shaped,5,4a77b6e251,1764,183,88.34999999999995,96.47449999999999,0.05,0.15,42,success,1,1,0,0,37,4,0,2,1,44,1.4830145870598739,26.800331946024777,0.0,0.0,0.99,8,exponential
q_learning,shaped_seed5,shaped,5,4a77b6e251,1765,179,106.55000000000001,96.47449999999999,0.05,0.15,46,success,1,1,0,0,29,2,0,1,1,32,1.222856876525794,20.644830917260336,0.0,0.0,0.99,8,exponential
q_learning,shaped_seed5,shaped,5,4a77b6e251,1766,179,92.55,96.40649999999998,0.05,0.15,46,success,1,1,0,0,23,6,0,1,1,27,1.2971224576899256,17.71273835707703,0.0,0.0,0.99,8,exponential
q_learning,shaped_seed5,shaped,5,4a77b6e251,1767,186,75.19999999999992,96.11699999999999,0.05,0.15,39,success,1,1,0,0,40,6,0,1,1,38,1.5190734100337946,25.361703346070705,0.0,0.0,0.99,8,exponential
q_learning,shaped_seed5,shaped,5,4a77b6e251,1768,177,78.64999999999993,95.88899999999998,0.05,0.15,48,success,1,1,0,0,47,4,0,1,1,44,1.354110889511055,14.260860408677843,0.0,0.0,0.99,8,exponential
q_learning,shaped_seed5,shaped,5,4a77b6e251,1769,181,104.45000000000002,95.92049999999999,0.05,0.15,44,success,1,1,0,0,31,2,0,1,1,36,1.4330297319156566,19.341431398322484,0.0,0.0,0.99,8,exponential
q_learning,shaped_seed5,shaped,5,4a77b6e251,1770,184,84.29999999999997,95.699,0.05,0.15,41,success,1,1,0,0,46,3,0,1,1,49,1.429503865190206,26.918802589416433,0.0,0.0,0.99,8,exponential
q_learning,shaped_seed5,shaped,5,4a77b6e251,1771,180,84.49999999999993,95.62899999999999,0.05,0.15,45,success,1,1,0,0,36,5,0,1,1,38,1.6196861126195574,16.58532612662932,0.0,0.0,0.99,8,exponential
q_learning,shaped_seed5,shaped,5,4a77b6e251,1772,178,95.60000000000002,95.59100000000001,0.05,0.15,47,success,1,1,0,0,40,2,0,1,1,40,1.3914253488857053,25.01859392614452,0.0,0.0,0.99,8,exponential
q_learning,shaped_seed5,shaped,5,4a77b6e251,1773,178,94.60000000000002,95.6525,0.05,0.15,47,success,1,1,0,0,36,3,0,1,1,37,1.2165926403502658,14.124908581589372,0.0,0.0,0.99,8,exponential
q_learning,shaped_seed5,shaped,5,4a77b6e251,1774,177,102.65,95.715,0.05,0.15,48,success,1,1,0,0,33,2,0,1,1,38,1.3171779857602866,17.445501908132332,0.0,0.0,0.99,8,exponential
q_learning,shaped_seed5,shaped,5,4a77b6e251,1775,179,102.55000000000001,95.82599999999998,0.05,0.15,46,success,1,1,0,0,33,2,0,1,1,37,1.265461892424104,16.793897481535108,0.0,0.0,0.99,8,exponential
q_learning,shaped_seed5,shaped,5,4a77b6e251,1776,180,100.50000000000001,95.855,0.05,0.15,45,success,1,1,0,0,30,3,0,1,1,32,1.4282948971987632,24.135683009013253,0.0,0.0,0.99,8,exponential
q_learning,shaped_seed5,shaped,5,4a77b6e251,1777,178,100.60000000000001,95.7555,0.05,0.15,47,success,1,1,0,0,30,3,0,1,1,35,1.5991749672938531,41.95965631313544,0.0,0.0,0.99,8,exponential
q_learning,shaped_seed5,shaped,5,4a77b6e251,1778,179,100.55,95.74949999999998,0.05,0.15,46,success,1,1,0,0,35,2,0,1,1,36,1.0960383188092644,17.96176723834912,0.0,0.0,0.99,8,exponential
q_learning,shaped_seed5,shaped,5,4a77b6e251,1779,179,88.55,95.74999999999999,0.05,0.15,46,success,1,1,0,0,37,4,0,1,1,38,1.3428302748869563,15.71847438634305,0.0,0.0,0.99,8,exponential
q_learning,shaped_seed5,shaped,5,4a77b6e251,1780,185,88.24999999999993,95.63699999999999,0.05,0.15,40,success,1,1,0,0,37,4,0,1,1,35,1.44592789405377,27.11380118914643,0.0,0.0,0.99,8,exponential
q_learning,shaped_seed5,shaped,5,4a77b6e251,1781,178,103.60000000000001,95.59999999999998,0.05,0.15,47,success,1,1,0,0,22,4,0,1,1,25,1.5063632451796796,15.514072040255996,0.0,0.0,0.99,8,exponential
q_learning,shaped_seed5,shaped,5,4a77b6e251,1782,183,98.35000000000001,95.737,0.05,0.15,42,success,1,1,0,0,37,2,0,1,1,36,1.1085372103373998,10.941351737714125,0.0,0.0,0.99,8,exponential
q_learning,shaped_seed5,shaped,5,4a77b6e251,1783,181,105.45000000000002,95.7775,0.05,0.15,44,success,1,1,0,0,25,3,0,1,1,32,1.0572328931468014,12.211330664021204,0.0,0.0,0.99,8,exponential
q_learning,shaped_seed5,shaped,5,4a77b6e251,1784,177,118.64999999999992,96.028,0.05,0.15,48,success,1,1,0,0,17,2,0,1,1,30,1.4725078739103452,38.55629709246583,0.0,0.0,0.99,8,exponential
q_learning,shaped_seed5,shaped,5,4a77b6e251,1785,179,85.54999999999993,95.899,0.05,0.15,46,success,1,1,0,0,35,5,0,1,1,37,1.419845085368614,17.634346553870834,0.0,0.0,0.99,8,exponential
q_learning,shaped_seed5,shaped,5,4a77b6e251,1786,179,100.55,95.9095,0.05,0.15,46,success,1,1,0,0,35,2,0,1,1,44,1.2317285088892804,13.340355386283228,0.0,0.0,0.99,8,exponential
q_learning,shaped_seed5,shaped,5,4a77b6e251,1787,184,103.30000000000001,96.10849999999996,0.05,0.15,41,success,1,1,0,0,22,4,0,2,1,27,1.2833203186114417,27.420561154277692,0.0,0.0,0.99,8,exponential
q_learning,shaped_seed5,shaped,5,4a77b6e251,1788,181,98.45000000000002,96.02949999999997,0.05,0.15,44,success,1,1,0,0,37,2,0,2,1,46,1.3163537372914056,14.663448744239805,0.0,0.0,0.99,8,exponential
q_learning,shaped_seed5,shaped,5,4a77b6e251,1789,178,99.60000000000002,96.13300000000001,0.05,0.15,47,success,1,1,0,0,36,2,0,1,1,40,1.120273067956948,11.078395145702146,0.0,0.0,0.99,8,exponential
q_learning,shaped_seed5,shaped,5,4a77b6e251,1790,179,106.55000000000003,96.13199999999999,0.05,0.15,46,success,1,1,0,0,29,2,0,1,1,33,1.562451285547687,23.043087398525145,0.0,0.0,0.99,8,exponential
q_learning,shaped_seed5,shaped,5,4a77b6e251,1791,177,100.65,96.0855,0.05,0.15,48,success,1,1,0,0,25,4,0,1,1,24,1.2478183739434268,14.659113951049228,0.0,0.0,0.99,8,exponential
q_learning,shaped_seed5,shaped,5,4a77b6e251,1792,183,91.35,95.92299999999999,0.05,0.15,42,success,1,1,0,0,39,3,0,1,1,36,1.3943954868943487,27.93034465431516,0.0,0.0,0.99,8,exponential
q_learning,shaped_seed5,shaped,5,4a77b6e251,1793,180,98.50000000000001,95.98199999999999,0.05,0.15,45,success,1,1,0,0,32,3,0,1,1,37,1.032091681951154,10.11378149272861,0.0,0.0,0.99,8,exponential
q_learning,shaped_seed5,shaped,5,4a77b6e251,1794,178,106.60000000000002,96.095,0.05,0.15,47,success,1,1,0,0,24,3,0,1,1,36,1.2178149997216101,33.595653067642175,0.0,0.0,0.99,8,exponential
q_learning,shaped_seed5,shaped,5,4a77b6e251,1795,181,106.45000000000002,96.263,0.05,0.15,44,success,1,1,0,0,29,2,0,1,1,32,1.0387390202792641,12.82913834770227,0.0,0.0,0.99,8,exponential
q_learning,shaped_seed5,shaped,5,4a77b6e251,1796,177,107.65,96.50400000000002,0.05,0.15,48,success,1,1,0,0,23,3,0,1,1,29,1.2231572491483063,12.994290839420554,0.0,0.0,0.99,8,exponential
q_learning,shaped_seed5,shaped,5,4a77b6e251,1797,182,89.39999999999998,96.363,0.05,0.15,43,success,1,1,0,0,36,4,0,1,1,42,1.4395911908511914,37.11491332053227,0.0,0.0,0.99,8,exponential
q_learning,shaped_seed5,shaped,5,4a77b6e251,1798,181,100.45000000000002,96.3935,0.05,0.15,44,success,1,1,0,0,35,2,0,1,1,36,1.3289793813233275,20.27579976044568,0.0,0.0,0.99,8,exponential
q_learning,shaped_seed5,shaped,5,4a77b6e251,1799,182,81.39999999999993,96.39349999999999,0.05,0.15,43,success,1,1,0,0,44,4,0,2,1,39,1.3374179509609987,24.557439639231816,0.0,0.0,0.99,8,exponential
q_learning,shaped_seed5,shaped,5,4a77b6e251,1800,180,97.50000000000001,96.445,0.05,0.15,45,success,1,1,0,0,28,4,0,1,1,32,1.181896162112729,12.774153305469675,0.0,0.0,0.99,8,exponential
q_learning,shaped_seed5,shaped,5,4a77b6e251,1801,186,83.19999999999997,96.25150000000002,0.05,0.15,39,success,1,1,0,0,32,6,0,4,1,35,1.7243832600583913,76.13673992123951,0.0,0.0,0.99,8,exponential
q_learning,shaped_seed5,shaped,5,4a77b6e251,1802,177,98.65,96.26350000000001,0.05,0.15,48,success,1,1,0,0,37,2,0,1,1,36,1.1105630557862907,20.517607860099304,0.0,0.0,0.99,8,exponential
q_learning,shaped_seed5,shaped,5,4a77b6e251,1803,181,81.44999999999993,96.13300000000001,0.05,0.15,44,success,1,1,0,0,39,5,0,1,1,41,1.1820372511963446,14.726109988971821,0.0,0.0,0.99,8,exponential
q_learning,shaped_seed5,shaped,5,4a77b6e251,1804,179,99.55000000000001,96.05449999999999,0.05,0.15,46,success,1,1,0,0,31,3,0,1,1,30,1.2261568148129964,19.946218312697802,0.0,0.0,0.99,8,exponential
q_learning,shaped_seed5,shaped,5,4a77b6e251,1805,177,85.64999999999998,95.8355,0.05,0.15,48,success,1,1,0,0,35,5,0,1,1,32,1.4793046024557919,42.839455352812855,0.0,0.0,0.99,8,exponential
q_learning,shaped_seed5,shaped,5,4a77b6e251,1806,180,87.49999999999996,95.85449999999999,0.05,0.15,45,success,1,1,0,0,48,2,0,1,1,46,1.4108016674515158,40.32033039513037,0.0,0.0,0.99,8,exponential
q_learning,shaped_seed5,shaped,5,4a77b6e251,1807,182,77.39999999999998,95.72199999999997,0.05,0.15,43,success,1,1,0,0,38,6,0,2,1,42,1.3253329626882548,15.081354385639177,0.0,0.0,0.99,8,exponential
q_learning,shaped_seed5,shaped,5,4a77b6e251,1808,181,101.45,96.12099999999998,0.05,0.15,44,success,1,1,0,0,29,3,0,2,1,34,1.042425249963199,10.571551428759804,0.0,0.0,0.99,8,exponential
q_learning,shaped_seed5,shaped,5,4a77b6e251,1809,182,105.40000000000002,96.31,0.05,0.15,43,success,1,1,0,0,30,2,0,3,1,37,1.1365484190390513,21.128951724809177,0.0,0.0,0.99,8,exponential
q_learning,shaped_seed5,shaped,5,4a77b6e251,1810,180,103.50000000000003,96.458,0.05,0.15,45,success,1,1,0,0,32,2,0,1,1,36,1.4954765670785934,30.105745350149796,0.0,0.0,0.99,8,exponential
q_learning,shaped_seed5,shaped,5,4a77b6e251,1811,184,96.30000000000003,96.46449999999999,0.05,0.15,41,success,1,1,0,0,34,3,0,1,1,36,1.2970911505875775,35.48047504693126,0.0,0.0,0.99,8,exponential
q_learning,shaped_seed5,shaped,5,4a77b6e251,1812,181,93.45000000000002,96.454,0.05,0.15,44,success,1,1,0,0,37,3,0,1,1,39,1.234616901453849,17.883351886929233,0.0,0.0,0.99,8,exponential
q_learning,shaped_seed5,shaped,5,4a77b6e251,1813,182,97.4,96.44149999999999,0.05,0.15,43,success,1,1,0,0,38,2,0,1,1,37,1.3840079279206425,30.298160923123756,0.0,0.0,0.99,8,exponential
q_learning,shaped_seed5,shaped,5,4a77b6e251,1814,179,104.55000000000001,96.45199999999998,0.05,0.15,46,success,1,1,0,0,31,2,0,1,1,33,1.8876017272786145,71.7656155773454,0.0,0.0,0.99,8,exponential
q_learning,shaped_seed5,shaped,5,4a77b6e251,1815,177,95.65000000000002,96.443,0.05,0.15,48,success,1,1,0,0,35,3,0,1,1,42,1.0695037404839725,12.558493641641622,0.0,0.0,0.99,8,exponential
q_learning,shaped_seed5,shaped,5,4a77b6e251,1816,179,97.54999999999998,96.81299999999997,0.05,0.15,46,success,1,1,0,0,33,3,0,1,1,34,1.1415519085374548,15.534960855469755,0.0,0.0,0.99,8,exponential
q_learning,shaped_seed5,shaped,5,4a77b6e251,1817,185,102.25000000000001,96.86249999999998,0.05,0.15,40,success,1,1,0,0,33,2,0,1,1,35,1.3037841485032802,32.711197583838846,0.0,0.0,0.99,8,exponential
q_learning,shaped_seed5,shaped,5,4a77b6e251,1818,181,102.45000000000002,96.8625,0.05,0.15,44,success,1,1,0,0,33,2,0,1,1,36,1.5770753602279357,17.56427536721028,0.0,0.0,0.99,8,exponential
q_learning,shaped_seed5,shaped,5,4a77b6e251,1819,179,92.55000000000001,96.79199999999999,0.05,0.15,46,success,1,1,0,0,33,4,0,1,1,37,1.2590650930079506,22.289689498448126,0.0,0.0,0.99,8,exponential
q_learning,shaped_seed5,shaped,5,4a77b6e251,1820,180,105.50000000000003,96.8505,0.05,0.15,45,success,1,1,0,0,30,2,0,1,1,30,1.0680646091815975,14.130360898239417,0.0,0.0,0.99,8,exponential
q_learning,shaped_seed5,shaped,5,4a77b6e251,1821,179,74.5499999999999,96.67099999999999,0.05,0.15,46,success,1,1,0,0,41,6,0,1,1,46,1.422078825794734,18.241126584537557,0.0,0.0,0.99,8,exponential
q_learning,shaped_seed5,shaped,5,4a77b6e251,1822,181,85.44999999999999,96.569,0.05,0.15,44,success,1,1,0,0,45,3,0,1,1,45,1.1804424082555616,12.148398139520616,0.0,0.0,0.99,8,exponential
q_learning,shaped_seed5,shaped,5,4a77b6e251,1823,181,98.45000000000002,96.65100000000001,0.05,0.15,44,success,1,1,0,0,37,2,0,1,1,35,1.1446309686634348,11.873943421846194,0.0,0.0,0.99,8,exponential
q_learning,shaped_seed5,shaped,5,4a77b6e251,1824,180,92.5,96.58050000000001,0.05,0.15,45,success,1,1,0,0,38,3,0,2,1,45,1.5218860647857095,29.492318399807715,0.0,0.0,0.99,8,exponential
q_learning,shaped_seed5,shaped,5,4a77b6e251,1825,177,100.65,96.61399999999999,0.05,0.15,48,success,1,1,0,0,35,2,0,1,1,36,1.1878138870029917,22.888658560640575,0.0,0.0,0.99,8,exponential
q_learning,shaped_seed5,shaped,5,4a77b6e251,1826,180,92.50000000000001,96.4935,0.05,0.15,45,success,1,1,0,0,38,3,0,1,1,40,1.0913042687897152,10.685416046726758,0.0,0.0,0.99,8,exponential
q_learning,shaped_seed5,shaped,5,4a77b6e251,1827,183,97.35000000000002,96.39200000000001,0.05,0.15,42,success,1,1,0,0,33,3,0,1,1,39,1.7029469555551562,39.05314806054143,0.0,0.0,0.99,8,exponential
q_learning,shaped_seed5,shaped,5,4a77b6e251,1828,179,58.550000000000075,95.94099999999999,0.05,0.15,46,success,1,1,0,0,37,10,0,1,1,42,1.4310579925916918,12.522287241720313,0.0,0.0,0.99,8,exponential
q_learning,shaped_seed5,shaped,5,4a77b6e251,1829,185,92.25000000000001,95.76,0.05,0.15,40,success,1,1,0,0,33,4,0,1,1,45,1.2127964702808913,11.43845799398984,0.0,0.0,0.99,8,exponential
q_learning,shaped_seed5,shaped,5,4a77b6e251,1830,177,97.65000000000002,95.8715,0.05,0.15,48,success,1,1,0,0,33,3,0,1,1,38,1.2230721380390208,12.269601939260635,0.0,0.0,0.99,8,exponential
q_learning,shaped_seed5,shaped,5,4a77b6e251,1831,178,105.60000000000002,95.90399999999998,0.05,0.15,47,success,1,1,0,0,30,2,0,1,1,34,0.978582621852461,12.917764530355285,0.0,0.0,0.99,8,exponential
q_learning,shaped_seed5,shaped,5,4a77b6e251,1832,180,89.49999999999996,95.785,0.05,0.15,45,success,1,1,0,0,36,4,0,1,1,41,1.3545824118734746,32.91070230087521,0.0,0.0,0.99,8,exponential
q_learning,shaped_seed5,shaped,5,4a77b6e251,1833,181,114.44999999999993,96.10300000000001,0.05,0.15,44,success,1,1,0,0,21,2,0,2,1,27,1.0397260076742667,12.29658234208236,0.0,0.0,0.99,8,exponential
q_learning,shaped_seed5,shaped,5,4a77b6e251,1834,187,96.15000000000002,95.9895,0.05,0.15,38,success,1,1,0,0,39,2,0,1,1,46,1.4080157972368943,17.32510421952848,0.0,0.0,0.99,8,exponential
q_learning,shaped_seed5,shaped,5,4a77b6e251,1835,179,97.55000000000001,96.05149999999999,0.05,0.15,46,success,1,1,0,0,33,3,0,1,1,27,1.1742934644992291,12.040644125646386,0.0,0.0,0.99,8,exponential
q_learning,shaped_seed5,shaped,5,4a77b6e251,1836,179,102.55000000000001,96.06299999999999,0.05,0.15,46,success,1,1,0,0,33,2,0,1,1,36,0.9338199900630261,10.892869890956597,0.0,0.0,0.99,8,exponential
q_learning,shaped_seed5,shaped,5,4a77b6e251,1837,187,91.15,95.94049999999997,0.05,0.15,38,success,1,1,0,0,39,3,0,1,1,49,1.1820619648138335,13.85547673685086,0.0,0.0,0.99,8,exponential
q_learning,shaped_seed5,shaped,5,4a77b6e251,1838,181,103.44999999999999,95.9585,0.05,0.15,44,success,1,1,0,0,27,3,0,1,1,37,2.2725108717891973,41.17075630443933,0.0,0.0,0.99,8,exponential
q_learning,shaped_seed5,shaped,5,4a77b6e251,1839,180,107.50000000000003,96.02,0.05,0.15,45,success,1,1,0,0,28,2,0,1,1,32,1.2912366105342057,18.33005082837176,0.0,0.0,0.99,8,exponential
q_learning,shaped_seed5,shaped,5,4a77b6e251,1840,179,97.55000000000003,96.07099999999998,0.05,0.15,46,success,1,1,0,0,33,3,0,1,1,34,1.2875633190357503,25.286464864958106,0.0,0.0,0.99,8,exponential
q_learning,shaped_seed5,shaped,5,4a77b6e251,1841,184,103.30000000000003,96.22949999999999,0.05,0.15,41,success,1,1,0,0,32,2,0,2,1,36,1.1244628794243032,11.010179200673505,0.0,0.0,0.99,8,exponential
q_learning,shaped_seed5,shaped,5,4a77b6e251,1842,180,99.50000000000001,96.289,0.05,0.15,45,success,1,1,0,0,36,2,0,1,1,38,1.2151365989227343,16.139881024408417,0.0,0.0,0.99,8,exponential
q_learning,shaped_seed5,shaped,5,4a77b6e251,1843,177,98.65000000000002,96.2995,0.05,0.15,48,success,1,1,0,0,37,2,0,1,1,40,1.5610759598072743,33.156889475936694,0.0,0.0,0.99,8,exponential
q_learning,shaped_seed5,shaped,5,4a77b6e251,1844,180,100.5,96.35899999999998,0.05,0.15,45,success,1,1,0,0,30,3,0,1,1,32,1.503880815227943,43.764691093582584,0.0,0.0,0.99,8,exponential
q_learning,shaped_seed5,shaped,5,4a77b6e251,1845,178,94.59999999999998,96.339,0.05,0.15,47,success,1,1,0,0,36,3,0,1,1,40,1.1768492210511723,16.612844695922888,0.0,0.0,0.99,8,exponential
q_learning,shaped_seed5,shaped,5,4a77b6e251,1846,181,104.45000000000002,96.46750000000002,0.05,0.15,44,success,1,1,0,0,31,2,0,1,1,35,1.5117405262640342,24.075172108210726,0.0,0.0,0.99,8,exponential
q_learning,shaped_seed5,shaped,5,4a77b6e251,1847,177,100.65,96.4505,0.05,0.15,48,success,1,1,0,0,35,2,0,1,1,35,1.514990399284114,18.293995677811132,0.0,0.0,0.99,8,exponential
q_learning,shaped_seed5,shaped,5,4a77b6e251,1848,184,99.30000000000001,96.45700000000001,0.05,0.15,41,success,1,1,0,0,26,4,0,1,1,33,1.4477072536007902,44.90339803020925,0.0,0.0,0.99,8,exponential
q_learning,shaped_seed5,shaped,5,4a77b6e251,1849,180,79.49999999999994,96.266,0.05,0.15,45,success,1,1,0,0,36,6,0,1,1,39,1.3185169505065624,18.686221528698344,0.0,0.0,0.99,8,exponential
q_learning,shaped_seed5,shaped,5,4a77b6e251,1850,182,99.4,96.33599999999998,0.05,0.15,43,success,1,1,0,0,36,2,0,1,1,43,1.16679320847709,14.724471914742505,0.0,0.0,0.99,8,exponential
q_learning,shaped_seed5,shaped,5,4a77b6e251,1851,181,110.44999999999999,96.5055,0.05,0.15,44,success,1,1,0,0,25,2,0,1,1,32,1.2454510107811088,20.596060541084164,0.0,0.0,0.99,8,exponential
q_learning,shaped_seed5,shaped,5,4a77b6e251,1852,181,88.44999999999999,96.5535,0.05,0.15,44,success,1,1,0,0,37,4,0,1,1,39,1.630678759897143,45.45645100918202,0.0,0.0,0.99,8,exponential
q_learning,shaped_seed5,shaped,5,4a77b6e251,1853,180,99.50000000000001,96.53250000000001,0.05,0.15,45,success,1,1,0,0,36,2,0,2,1,37,1.2930978944475708,16.839993357467073,0.0,0.0,0.99,8,exponential
q_learning,shaped_seed5,shaped,5,4a77b6e251,1854,182,90.39999999999999,96.4525,0.05,0.15,43,success,1,1,0,0,30,5,0,3,1,37,1.1447069541238646,10.237114263983727,0.0,0.0,0.99,8,exponential
q_learning,shaped_seed5,shaped,5,4a77b6e251,1855,178,102.6,96.50450000000001,0.05,0.15,47,success,1,1,0,0,28,3,0,1,1,28,1.296411530703842,21.548769066745738,0.0,0.0,0.99,8,exponential
q_learning,shaped_seed5,shaped,5,4a77b6e251,1856,179,110.55000000000001,96.6655,0.05,0.15,46,success,1,1,0,0,25,2,0,1,1,28,1.1981100465834715,15.279229594300226,0.0,0.0,0.99,8,exponential
q_learning,shaped_seed5,shaped,5,4a77b6e251,1857,186,95.2,96.531,0.05,0.15,39,success,1,1,0,0,40,2,0,2,1,42,0.9428495378538153,10.615504674551033,0.0,0.0,0.99,8,exponential
q_learning,shaped_seed5,shaped,5,4a77b6e251,1858,180,109.5,96.6025,0.05,0.15,45,success,1,1,0,0,26,2,0,1,1,33,1.0007140046722653,11.231193362983792,0.0,0.0,0.99,8,exponential
q_learning,shaped_seed5,shaped,5,4a77b6e251,1859,183,84.34999999999997,96.5015,0.05,0.15,42,success,1,1,0,0,41,4,0,1,1,43,1.123592893636089,10.542383103402017,0.0,0.0,0.99,8,exponential
q_learning,shaped_seed5,shaped,5,4a77b6e251,1860,185,97.25000000000001,96.53800000000001,0.05,0.15,40,success,1,1,0,0,33,3,0,1,1,33,1.1652810220859613,11.839451761554756,0.0,0.0,0.99,8,exponential
q_learning,shaped_seed5,shaped,5,4a77b6e251,1861,179,110.55000000000001,96.71800000000002,0.05,0.15,46,success,1,1,0,0,25,2,0,1,1,29,1.0860963746545678,13.427931058421606,0.0,0.0,0.99,8,exponential
q_learning,shaped_seed5,shaped,5,4a77b6e251,1862,187,102.15,96.73349999999999,0.05,0.15,38,success,1,1,0,0,33,2,0,3,1,39,1.1809972096261636,22.6503516227232,0.0,0.0,0.99,8,exponential
q_learning,shaped_seed5,shaped,5,4a77b6e251,1863,177,100.65000000000002,96.76599999999999,0.05,0.15,48,success,1,1,0,0,35,2,0,1,1,40,0.9554064852270833,11.03736734749333,0.0,0.0,0.99,8,exponential
q_learning,shaped_seed5,shaped,5,4a77b6e251,1864,177,101.65,96.89899999999997,0.05,0.15,48,success,1,1,0,0,29,3,0,1,1,26,1.2892655395761243,31.005436780512653,0.0,0.0,0.99,8,exponential
q_learning,shaped_seed5,shaped,5,4a77b6e251,1865,179,96.55,96.79899999999999,0.05,0.15,46,success,1,1,0,0,29,4,0,1,1,31,1.3765793777568696,37.02497923730715,0.0,0.0,0.99,8,exponential
q_learning,shaped_seed5,shaped,5,4a77b6e251,1866,178,81.59999999999992,96.6895,0.05,0.15,47,success,1,1,0,0,44,4,0,1,1,42,1.3435200163082472,17.707212643960116,0.0,0.0,0.99,8,exponential
q_learning,shaped_seed5,shaped,5,4a77b6e251,1867,179,104.55000000000001,96.98299999999999,0.05,0.15,46,success,1,1,0,0,31,2,0,1,1,40,1.2787124079001921,16.346498501995484,0.0,0.0,0.99,8,exponential
q_learning,shaped_seed5,shaped,5,4a77b6e251,1868,181,98.45000000000002,97.18099999999998,0.05,0.15,44,success,1,1,0,0,37,2,0,2,1,45,1.1472834562528837,18.15413903704752,0.0,0.0,0.99,8,exponential
q_learning,shaped_seed5,shaped,5,4a77b6e251,1869,179,86.54999999999998,97.002,0.05,0.15,46,success,1,1,0,0,29,6,0,1,1,37,1.6667127450710553,56.57848005671451,0.0,0.0,0.99,8,exponential
q_learning,shaped_seed5,shaped,5,4a77b6e251,1870,184,104.30000000000001,97.20199999999997,0.05,0.15,41,success,1,1,0,0,26,3,0,2,1,26,1.1955734053161637,13.541785717469274,0.0,0.0,0.99,8,exponential
q_learning,shaped_seed5,shaped,5,4a77b6e251,1871,183,98.35000000000002,97.34049999999999,0.05,0.15,42,success,1,1,0,0,37,2,0,1,1,36,1.2693749417454123,15.509844541386972,0.0,0.0,0.99,8,exponential
q_learning,shaped_seed5,shaped,5,4a77b6e251,1872,177,98.65,97.37099999999997,0.05,0.15,48,success,1,1,0,0,37,2,0,1,1,36,1.3414464692811077,15.09453025759627,0.0,0.0,0.99,8,exponential
q_learning,shaped_seed5,shaped,5,4a77b6e251,1873,179,95.55000000000001,97.3805,0.05,0.15,46,success,1,1,0,0,35,3,0,1,1,36,1.2794811266758859,23.32471505743706,0.0,0.0,0.99,8,exponential
q_learning,shaped_seed5,shaped,5,4a77b6e251,1874,183,102.35000000000001,97.37749999999998,0.05,0.15,42,success,1,1,0,0,33,2,0,2,1,38,0.9925859418851354,13.056593759479865,0.0,0.0,0.99,8,exponential
q_learning,shaped_seed5,shaped,5,4a77b6e251,1875,177,106.65,97.41849999999997,0.05,0.15,48,success,1,1,0,0,29,2,0,1,1,31,1.4327470451602133,30.77022241413738,0.0,0.0,0.99,8,exponential
q_learning,shaped_seed5,shaped,5,4a77b6e251,1876,181,101.45,97.428,0.05,0.15,44,success,1,1,0,0,29,3,0,2,1,36,1.040675787234053,19.103783164276464,0.0,0.0,0.99,8,exponential
q_learning,shaped_seed5,shaped,5,4a77b6e251,1877,187,110.14999999999996,97.5235,0.05,0.15,38,success,1,1,0,0,25,2,0,2,1,33,1.1650237513550323,19.843546338219134,0.0,0.0,0.99,8,exponential
q_learning,shaped_seed5,shaped,5,4a77b6e251,1878,180,105.50000000000001,97.573,0.05,0.15,45,success,1,1,0,0,30,2,0,2,1,43,1.2423432824677338,15.763543125409804,0.0,0.0,0.99,8,exponential
q_learning,shaped_seed5,shaped,5,4a77b6e251,1879,184,92.29999999999994,97.61049999999997,0.05,0.15,41,success,1,1,0,0,38,3,0,2,1,52,1.5100500888034964,39.47706744646874,0.0,0.0,0.99,8,exponential
q_learning,shaped_seed5,shaped,5,4a77b6e251,1880,184,101.30000000000001,97.74099999999997,0.05,0.15,41,success,1,1,0,0,34,2,0,1,1,35,1.174379879124659,19.833179450926494,0.0,0.0,0.99,8,exponential
q_learning,shaped_seed5,shaped,5,4a77b6e251,1881,182,103.4,97.73899999999998,0.05,0.15,43,success,1,1,0,0,32,2,0,1,1,36,1.1275860447586448,17.13526300632323,0.0,0.0,0.99,8,exponential
q_learning,shaped_seed5,shaped,5,4a77b6e251,1882,182,89.39999999999995,97.64949999999997,0.05,0.15,43,success,1,1,0,0,46,2,0,1,1,38,1.6157528659990028,16.337959867802276,0.0,0.0,0.99,8,exponential
q_learning,shaped_seed5,shaped,5,4a77b6e251,1883,179,80.54999999999993,97.40049999999998,0.05,0.15,46,success,1,1,0,0,45,4,0,1,1,39,1.4445616169666664,23.45704975401018,0.0,0.0,0.99,8,exponential
q_learning,shaped_seed5,shaped,5,4a77b6e251,1884,185,99.25000000000001,97.20649999999998,0.05,0.15,40,success,1,1,0,0,31,3,0,1,1,37,1.3393558315870273,16.46001129747217,0.0,0.0,0.99,8,exponential
q_learning,shaped_seed5,shaped,5,4a77b6e251,1885,194,83.79999999999993,97.18899999999998,0.05,0.15,31,success,1,1,0,0,36,5,0,1,1,52,2.29328695182564,71.31185576789814,0.0,0.0,0.99,8,exponential
q_learning,shaped_seed5,shaped,5,4a77b6e251,1886,185,104.25000000000001,97.22599999999998,0.05,0.15,40,success,1,1,0,0,31,2,0,1,1,33,1.5543714261650974,42.279440752083744,0.0,0.0,0.99,8,exponential
q_learning,shaped_seed5,shaped,5,4a77b6e251,1887,179,110.55000000000001,97.29849999999999,0.05,0.15,46,success,1,1,0,0,25,2,0,1,1,22,1.1766145676261976,13.370911562005157,0.0,0.0,0.99,8,exponential
q_learning,shaped_seed5,shaped,5,4a77b6e251,1888,183,110.34999999999997,97.41749999999998,0.05,0.15,42,success,1,1,0,0,25,2,0,1,1,35,1.0238452117953023,20.358151453543037,0.0,0.0,0.99,8,exponential
q_learning,shaped_seed5,shaped,5,4a77b6e251,1889,181,102.45,97.446,0.05,0.15,44,success,1,1,0,0,33,2,0,1,1,34,1.2199524768856147,14.715473319423133,0.0,0.0,0.99,8,exponential
q_learning,shaped_seed5,shaped,5,4a77b6e251,1890,185,108.24999999999999,97.46300000000001,0.05,0.15,40,success,1,1,0,0,27,2,0,1,1,36,0.9981402509207863,10.92345300342484,0.0,0.0,0.99,8,exponential
q_learning,shaped_seed5,shaped,5,4a77b6e251,1891,179,94.54999999999998,97.402,0.05,0.15,46,success,1,1,0,0,31,4,0,1,1,37,1.2052141757501853,15.563307551905478,0.0,0.0,0.99,8,exponential
q_learning,shaped_seed5,shaped,5,4a77b6e251,1892,180,94.50000000000001,97.43349999999998,0.05,0.15,45,success,1,1,0,0,36,3,0,1,1,42,1.266732951549757,15.266390625594338,0.0,0.0,0.99,8,exponential
q_learning,shaped_seed5,shaped,5,4a77b6e251,1893,192,94.90000000000002,97.39749999999998,0.05,0.15,33,success,1,1,0,0,40,2,0,2,1,48,1.0872238845868771,14.541490737564986,0.0,0.0,0.99,8,exponential
q_learning,shaped_seed5,shaped,5,4a77b6e251,1894,181,103.44999999999997,97.366,0.05,0.15,44,success,1,1,0,0,27,3,0,1,1,27,1.2456136841515928,14.241596362749943,0.0,0.0,0.99,8,exponential
q_learning,shaped_seed5,shaped,5,4a77b6e251,1895,182,102.4,97.32549999999999,0.05,0.15,43,success,1,1,0,0,28,3,0,2,1,37,1.0095166431988893,10.134860245219016,0.0,0.0,0.99,8,exponential
q_learning,shaped_seed5,shaped,5,4a77b6e251,1896,180,101.5,97.26399999999998,0.05,0.15,45,success,1,1,0,0,34,2,0,1,1,35,1.1033830043186035,14.39223206494827,0.0,0.0,0.99,8,exponential
q_learning,shaped_seed5,shaped,5,4a77b6e251,1897,181,106.45000000000003,97.43450000000001,0.05,0.15,44,success,1,1,0,0,29,2,0,1,1,30,1.2681201561941868,14.45482343026179,0.0,0.0,0.99,8,exponential
q_learning,shaped_seed5,shaped,5,4a77b6e251,1898,180,87.49999999999997,97.305,0.05,0.15,45,success,1,1,0,0,38,4,0,1,1,37,1.56838482113216,23.440213190124993,0.0,0.0,0.99,8,exponential
q_learning,shaped_seed5,shaped,5,4a77b6e251,1899,179,88.54999999999993,97.3765,0.05,0.15,46,success,1,1,0,0,37,4,0,1,1,38,1.2592441019068499,16.270394149572475,0.0,0.0,0.99,8,exponential
q_learning,shaped_seed5,shaped,5,4a77b6e251,1900,182,99.40000000000002,97.39549999999997,0.05,0.15,43,success,1,1,0,0,36,2,0,1,1,39,1.4258017968955743,18.38487685681521,0.0,0.0,0.99,8,exponential
q_learning,shaped_seed5,shaped,5,4a77b6e251,1901,183,98.35000000000001,97.54699999999997,0.05,0.15,42,success,1,1,0,0,37,2,0,1,1,37,2.1416789950850066,82.59887483125897,0.0,0.0,0.99,8,exponential
q_learning,shaped_seed5,shaped,5,4a77b6e251,1902,180,85.49999999999994,97.4155,0.05,0.15,45,success,1,1,0,0,40,4,0,1,1,40,1.4915909084786318,16.26300979547441,0.0,0.0,0.99,8,exponential
q_learning,shaped_seed5,shaped,5,4a77b6e251,1903,184,107.29999999999995,97.67399999999998,0.05,0.15,41,success,1,1,0,0,28,2,0,1,1,31,1.20315899819245,13.775057209992852,0.0,0.0,0.99,8,exponential
q_learning,shaped_seed5,shaped,5,4a77b6e251,1904,178,93.60000000000001,97.6145,0.05,0.15,47,success,1,1,0,0,32,4,0,1,1,28,1.5085063597415245,43.03209246843373,0.0,0.0,0.99,8,exponential
q_learning,shaped_seed5,shaped,5,4a77b6e251,1905,179,100.55000000000001,97.76349999999996,0.05,0.15,46,success,1,1,0,0,35,2,0,1,1,34,1.2741879089470685,12.966843237435882,0.0,0.0,0.99,8,exponential
q_learning,shaped_seed5,shaped,5,4a77b6e251,1906,182,101.4,97.9025,0.05,0.15,43,success,1,1,0,0,34,2,0,1,1,39,1.4854267283324527,64.7331413676568,0.0,0.0,0.99,8,exponential
q_learning,shaped_seed5,shaped,5,4a77b6e251,1907,187,80.14999999999999,97.92999999999998,0.05,0.15,38,success,1,1,0,0,35,6,0,1,1,41,1.3389100977272899,18.08077357958704,0.0,0.0,0.99,8,exponential
q_learning,shaped_seed5,shaped,5,4a77b6e251,1908,182,84.39999999999999,97.75949999999999,0.05,0.15,43,success,1,1,0,0,36,5,0,1,1,36,1.2206928615490056,12.074009883576412,0.0,0.0,0.99,8,exponential
q_learning,shaped_seed5,shaped,5,4a77b6e251,1909,180,105.5,97.76049999999998,0.05,0.15,45,success,1,1,0,0,30,2,0,1,1,35,1.3856106892517286,20.84464578073504,0.0,0.0,0.99,8,exponential
q_learning,shaped_seed5,shaped,5,4a77b6e251,1910,182,87.39999999999998,97.59949999999999,0.05,0.15,43,success,1,1,0,0,48,2,0,1,1,48,1.528363016079948,28.881675978124477,0.0,0.0,0.99,8,exponential
q_learning,shaped_seed5,shaped,5,4a77b6e251,1911,180,86.49999999999999,97.50149999999998,0.05,0.15,45,success,1,1,0,0,34,5,0,1,1,38,1.3177299215236564,13.681872688871032,0.0,0.0,0.99,8,exponential
q_learning,shaped_seed5,shaped,5,4a77b6e251,1912,178,99.60000000000001,97.56300000000002,0.05,0.15,47,success,1,1,0,0,36,2,0,1,1,31,1.193145101524273,17.851892248845175,0.0,0.0,0.99,8,exponential
q_learning,shaped_seed5,shaped,5,4a77b6e251,1913,179,104.55000000000001,97.63449999999999,0.05,0.15,46,success,1,1,0,0,31,2,0,1,1,37,1.0019773060274,10.577406949115854,0.0,0.0,0.99,8,exponential
q_learning,shaped_seed5,shaped,5,4a77b6e251,1914,182,99.40000000000002,97.583,0.05,0.15,43,success,1,1,0,0,26,4,0,1,1,26,1.3653083558580095,14.446420047356817,0.0,0.0,0.99,8,exponential
q_learning,shaped_seed5,shaped,5,4a77b6e251,1915,179,95.55000000000003,97.58199999999997,0.05,0.15,46,success,1,1,0,0,35,3,0,1,1,40,1.204929975940238,16.192364261008215,0.0,0.0,0.99,8,exponential
q_learning,shaped_seed5,shaped,5,4a77b6e251,1916,182,101.40000000000002,97.62049999999998,0.05,0.15,43,success,1,1,0,0,34,2,0,2,1,32,0.9580801431138926,13.108077398261775,0.0,0.0,0.99,8,exponential
q_learning,shaped_seed5,shaped,5,4a77b6e251,1917,178,99.6,97.59399999999998,0.05,0.15,47,success,1,1,0,0,36,2,0,1,1,42,1.839862733391675,32.38301935972059,0.0,0.0,0.99,8,exponential
q_learning,shaped_seed5,shaped,5,4a77b6e251,1918,180,97.50000000000001,97.54449999999999,0.05,0.15,45,success,1,1,0,0,28,4,0,1,1,37,1.307880993147011,19.35934246293331,0.0,0.0,0.99,8,exponential
q_learning,shaped_seed5,shaped,5,4a77b6e251,1919,183,95.35000000000002,97.5725,0.05,0.15,42,success,1,1,0,0,35,3,0,1,1,32,1.2703553776831342,14.299767477041145,0.0,0.0,0.99,8,exponential
q_learning,shaped_seed5,shaped,5,4a77b6e251,1920,188,100.10000000000001,97.5185,0.05,0.15,37,success,1,1,0,0,30,3,0,3,1,37,1.2436308822915576,19.47801817421402,0.0,0.0,0.99,8,exponential
q_learning,shaped_seed5,shaped,5,4a77b6e251,1921,181,96.45000000000002,97.7375,0.05,0.15,44,success,1,1,0,0,39,2,0,1,1,35,1.3510325504627307,16.17445651426393,0.0,0.0,0.99,8,exponential
q_learning,shaped_seed5,shaped,5,4a77b6e251,1922,180,94.50000000000001,97.82800000000002,0.05,0.15,45,success,1,1,0,0,36,3,0,1,1,40,1.0194776281771805,13.039352556944241,0.0,0.0,0.99,8,exponential
q_learning,shaped_seed5,shaped,5,4a77b6e251,1923,182,97.40000000000002,97.8175,0.05,0.15,43,success,1,1,0,0,28,4,0,1,1,38,1.4141204608189761,17.509359900053255,0.0,0.0,0.99,8,exponential
q_learning,shaped_seed5,shaped,5,4a77b6e251,1924,179,104.55000000000001,97.93799999999999,0.05,0.15,46,success,1,1,0,0,31,2,0,1,1,39,1.1861150279089858,20.947582882523232,0.0,0.0,0.99,8,exponential
q_learning,shaped_seed5,shaped,5,4a77b6e251,1925,180,85.49999999999997,97.78649999999999,0.05,0.15,45,success,1,1,0,0,40,4,0,1,1,40,1.2058924775034736,12.459136660420182,0.0,0.0,0.99,8,exponential
q_learning,shaped_seed5,shaped,5,4a77b6e251,1926,179,101.55000000000001,97.877,0.05,0.15,46,success,1,1,0,0,29,3,0,1,1,28,1.1579785609711581,10.552872867471748,0.0,0.0,0.99,8,exponential
q_learning,shaped_seed5,shaped,5,4a77b6e251,1927,182,98.4,97.88749999999999,0.05,0.15,43,success,1,1,0,0,32,3,0,1,1,41,1.0680520788213541,10.479551420235026,0.0,0.0,0.99,8,exponential
q_learning,shaped_seed5,shaped,5,4a77b6e251,1928,177,106.65,98.36849999999998,0.05,0.15,48,success,1,1,0,0,29,2,0,1,1,36,0.9554320537382568,10.830457828739625,0.0,0.0,0.99,8,exponential
q_learning,shaped_seed5,shaped,5,4a77b6e251,1929,182,107.4,98.51999999999998,0.05,0.15,43,success,1,1,0,0,28,2,0,1,1,28,1.1402764349999523,19.084389236620865,0.0,0.0,0.99,8,exponential
q_learning,shaped_seed5,shaped,5,4a77b6e251,1930,181,105.44999999999996,98.59800000000001,0.05,0.15,44,success,1,1,0,0,25,3,0,1,1,31,1.4592585972093124,48.94492492938153,0.0,0.0,0.99,8,exponential
q_learning,shaped_seed5,shaped,5,4a77b6e251,1931,178,103.60000000000001,98.57800000000002,0.05,0.15,47,success,1,1,0,0,32,2,0,1,1,33,0.9446626594859632,9.308743922433223,0.0,0.0,0.99,8,exponential
q_learning,shaped_seed5,shaped,5,4a77b6e251,1932,178,91.6,98.59900000000002,0.05,0.15,47,success,1,1,0,0,34,4,0,1,1,34,1.1426672824631168,11.98735492383162,0.0,0.0,0.99,8,exponential
q_learning,shaped_seed5,shaped,5,4a77b6e251,1933,182,100.4,98.45850000000002,0.05,0.15,43,success,1,1,0,0,30,3,0,1,1,41,2.189969244495815,33.586634365993106,0.0,0.0,0.99,8,exponential
q_learning,shaped_seed5,shaped,5,4a77b6e251,1934,179,106.55000000000001,98.56250000000001,0.05,0.15,46,success,1,1,0,0,29,2,0,1,1,27,1.1772886086679637,11.046160326545888,0.0,0.0,0.99,8,exponential
q_learning,shaped_seed5,shaped,5,4a77b6e251,1935,181,96.45000000000002,98.55149999999999,0.05,0.15,44,success,1,1,0,0,39,2,0,1,1,40,1.2283757591398794,11.305153602479939,0.0,0.0,0.99,8,exponential
q_learning,shaped_seed5,shaped,5,4a77b6e251,1936,180,100.50000000000003,98.531,0.05,0.15,45,success,1,1,0,0,30,3,0,1,1,37,1.3886118066077788,34.30219333975753,0.0,0.0,0.99,8,exponential
q_learning,shaped_seed5,shaped,5,4a77b6e251,1937,180,99.50000000000001,98.6145,0.05,0.15,45,success,1,1,0,0,36,2,0,1,1,40,1.292504613332926,17.433180325818157,0.0,0.0,0.99,8,exponential
q_learning,shaped_seed5,shaped,5,4a77b6e251,1938,182,111.39999999999999,98.694,0.05,0.15,43,success,1,1,0,0,24,2,0,2,1,34,1.352608198007798,28.249114999412573,0.0,0.0,0.99,8,exponential
q_learning,shaped_seed5,shaped,5,4a77b6e251,1939,185,100.25,98.6215,0.05,0.15,40,success,1,1,0,0,35,2,0,1,1,39,1.383389742341272,18.903682844180423,0.0,0.0,0.99,8,exponential
q_learning,shaped_seed5,shaped,5,4a77b6e251,1940,183,91.34999999999995,98.55950000000001,0.05,0.15,42,success,1,1,0,0,29,5,0,1,1,34,1.342320857479937,28.022219686982815,0.0,0.0,0.99,8,exponential
q_learning,shaped_seed5,shaped,5,4a77b6e251,1941,181,104.45000000000002,98.571,0.05,0.15,44,success,1,1,0,0,31,2,0,1,1,38,1.0857858455950056,16.457917024085525,0.0,0.0,0.99,8,exponential
q_learning,shaped_seed5,shaped,5,4a77b6e251,1942,178,90.59999999999994,98.48200000000001,0.05,0.15,47,success,1,1,0,0,30,5,0,1,1,38,1.1699441118501064,10.710186045099164,0.0,0.0,0.99,8,exponential
q_learning,shaped_seed5,shaped,5,4a77b6e251,1943,178,99.60000000000001,98.49150000000002,0.05,0.15,47,success,1,1,0,0,36,2,0,1,1,35,1.181994416237803,17.844058996745872,0.0,0.0,0.99,8,exponential
q_learning,shaped_seed5,shaped,5,4a77b6e251,1944,182,55.400000000000105,98.04050000000001,0.05,0.15,43,success,1,1,0,0,50,8,0,1,1,55,1.4794447944204563,23.721606348936547,0.0,0.0,0.99,8,exponential
q_learning,shaped_seed5,shaped,5,4a77b6e251,1945,184,96.30000000000003,98.05749999999998,0.05,0.15,41,success,1,1,0,0,34,3,0,1,1,37,1.175360090039271,13.614326053021646,0.0,0.0,0.99,8,exponential
q_learning,shaped_seed5,shaped,5,4a77b6e251,1946,183,89.34999999999995,97.9065,0.05,0.15,42,success,1,1,0,0,41,3,0,1,1,40,1.3029070670887168,18.964666631706894,0.0,0.0,0.99,8,exponential
q_learning,shaped_seed5,shaped,5,4a77b6e251,1947,179,91.54999999999994,97.81549999999999,0.05,0.15,46,success,1,1,0,0,29,5,0,1,1,35,1.289138632805547,16.358405075239094,0.0,0.0,0.99,8,exponential
q_learning,shaped_seed5,shaped,5,4a77b6e251,1948,181,108.44999999999997,97.90699999999998,0.05,0.15,44,success,1,1,0,0,27,2,0,2,1,30,1.074539370348801,18.021271029973136,0.0,0.0,0.99,8,exponential
q_learning,shaped_seed5,shaped,5,4a77b6e251,1949,181,106.45000000000002,98.17649999999999,0.05,0.15,44,success,1,1,0,0,29,2,0,1,1,28,1.0020297560149722,13.446231623825948,0.0,0.0,0.99,8,exponential
q_learning,shaped_seed5,shaped,5,4a77b6e251,1950,177,105.65,98.23899999999999,0.05,0.15,48,success,1,1,0,0,25,3,0,1,1,26,0.9792971846358536,11.031180986908467,0.0,0.0,0.99,8,exponential
q_learning,shaped_seed5,shaped,5,4a77b6e251,1951,179,82.54999999999994,97.96,0.05,0.15,46,success,1,1,0,0,43,4,0,1,1,48,1.9213687153913839,31.340024165691602,0.0,0.0,0.99,8,exponential
q_learning,shaped_seed5,shaped,5,4a77b6e251,1952,184,69.29999999999998,97.76849999999999,0.05,0.15,41,success,1,1,0,0,36,8,0,1,1,41,1.425313389948511,11.773093522200039,0.0,0.0,0.99,8,exponential
q_learning,shaped_seed5,shaped,5,4a77b6e251,1953,181,82.44999999999997,97.59799999999997,0.05,0.15,44,success,1,1,0,0,33,6,0,1,1,40,1.5197837181838283,25.226336257545377,0.0,0.0,0.99,8,exponential
q_learning,shaped_seed5,shaped,5,4a77b6e251,1954,181,95.45000000000002,97.64849999999998,0.05,0.15,44,success,1,1,0,0,35,3,0,1,1,38,1.2293122883865704,19.242173050458383,0.0,0.0,0.99,8,exponential
q_learning,shaped_seed5,shaped,5,4a77b6e251,1955,182,80.39999999999992,97.42649999999999,0.05,0.15,43,success,1,1,0,0,40,5,0,1,1,32,1.3016037172443038,25.941785301676287,0.0,0.0,0.99,8,exponential
q_learning,shaped_seed5,shaped,5,4a77b6e251,1956,188,94.1,97.262,0.05,0.15,37,success,1,1,0,0,26,5,0,1,1,37,1.2570492934549655,26.539882081984743,0.0,0.0,0.99,8,exponential
q_learning,shaped_seed5,shaped,5,4a77b6e251,1957,178,107.60000000000002,97.38600000000001,0.05,0.15,47,success,1,1,0,0,28,2,0,1,1,34,1.2498718831575135,21.450902802053527,0.0,0.0,0.99,8,exponential
q_learning,shaped_seed5,shaped,5,4a77b6e251,1958,179,110.54999999999998,97.3965,0.05,0.15,46,success,1,1,0,0,25,2,0,1,1,23,0.9745520933388717,9.882995575805111,0.0,0.0,0.99,8,exponential
q_learning,shaped_seed5,shaped,5,4a77b6e251,1959,178,103.60000000000001,97.589,0.05,0.15,47,success,1,1,0,0,32,2,0,1,1,41,1.282342725209343,21.773444559787826,0.0,0.0,0.99,8,exponential
q_learning,shaped_seed5,shaped,5,4a77b6e251,1960,180,101.5,97.63149999999997,0.05,0.15,45,success,1,1,0,0,34,2,0,1,1,41,1.0958588446055004,13.973374287646493,0.0,0.0,0.99,8,exponential
q_learning,shaped_seed5,shaped,5,4a77b6e251,1961,183,106.35000000000002,97.58949999999999,0.05,0.15,42,success,1,1,0,0,29,2,0,1,1,36,1.0584082478502002,10.785532042634259,0.0,0.0,0.99,8,exponential
q_learning,shaped_seed5,shaped,5,4a77b6e251,1962,179,96.55000000000001,97.53349999999999,0.05,0.15,46,success,1,1,0,0,39,2,0,1,1,40,1.5070857020352417,44.64114453307881,0.0,0.0,0.99,8,exponential
q_learning,shaped_seed5,shaped,5,4a77b6e251,1963,184,92.29999999999998,97.44999999999999,0.05,0.15,41,success,1,1,0,0,28,5,0,1,1,28,1.5400651424600502,38.365364346577024,0.0,0.0,0.99,8,exponential
q_learning,shaped_seed5,shaped,5,4a77b6e251,1964,177,96.65000000000002,97.39999999999998,0.05,0.15,48,success,1,1,0,0,29,4,0,1,1,31,2.160270797612748,28.002843041816543,0.0,0.0,0.99,8,exponential
q_learning,shaped_seed5,shaped,5,4a77b6e251,1965,187,88.14999999999998,97.31599999999997,0.05,0.15,38,success,1,1,0,0,37,4,0,1,1,41,1.331150689978695,11.911353818598798,0.0,0.0,0.99,8,exponential
q_learning,shaped_seed5,shaped,5,4a77b6e251,1966,180,113.49999999999993,97.63499999999996,0.05,0.15,45,success,1,1,0,0,22,2,0,1,1,26,1.0667261502265621,11.756670448232093,0.0,0.0,0.99,8,exponential
q_learning,shaped_seed5,shaped,5,4a77b6e251,1967,182,99.4,97.58349999999997,0.05,0.15,43,success,1,1,0,0,36,2,0,1,1,41,1.0038590587493135,11.09102496335369,0.0,0.0,0.99,8,exponential
q_learning,shaped_seed5,shaped,5,4a77b6e251,1968,182,100.4,97.60299999999998,0.05,0.15,43,success,1,1,0,0,30,3,0,2,1,34,1.1114637220944592,15.317092568226885,0.0,0.0,0.99,8,exponential
q_learning,shaped_seed5,shaped,5,4a77b6e251,1969,178,76.59999999999994,97.50349999999999,0.05,0.15,47,success,1,1,0,0,44,5,0,1,1,48,1.7238220379244749,23.638385435511324,0.0,0.0,0.99,8,exponential
q_learning,shaped_seed5,shaped,5,4a77b6e251,1970,183,98.35000000000001,97.44399999999997,0.05,0.15,42,success,1,1,0,0,37,2,0,1,1,37,1.3922279223306042,17.45987194240027,0.0,0.0,0.99,8,exponential
q_learning,shaped_seed5,shaped,5,4a77b6e251,1971,180,86.4999999999999,97.32549999999999,0.05,0.15,45,success,1,1,0,0,44,3,0,1,1,48,1.7596796215117558,24.63835122595782,0.0,0.0,0.99,8,exponential
q_learning,shaped_seed5,shaped,5,4a77b6e251,1972,180,100.5,97.344,0.05,0.15,45,success,1,1,0,0,30,3,0,1,1,32,1.0491223341827705,11.796811019546539,0.0,0.0,0.99,8,exponential
q_learning,shaped_seed5,shaped,5,4a77b6e251,1973,182,97.4,97.3625,0.05,0.15,43,success,1,1,0,0,38,2,0,1,1,33,1.2861336949339675,19.550231363158296,0.0,0.0,0.99,8,exponential
q_learning,shaped_seed5,shaped,5,4a77b6e251,1974,179,94.55000000000001,97.2845,0.05,0.15,46,success,1,1,0,0,31,4,0,1,1,33,1.293239451027492,21.86248573439112,0.0,0.0,0.99,8,exponential
q_learning,shaped_seed5,shaped,5,4a77b6e251,1975,177,112.64999999999998,97.34449999999997,0.05,0.15,48,success,1,1,0,0,23,2,0,1,1,28,1.0138295746666506,15.055016011932025,0.0,0.0,0.99,8,exponential
q_learning,shaped_seed5,shaped,5,4a77b6e251,1976,179,103.55000000000003,97.36549999999995,0.05,0.15,46,success,1,1,0,0,27,3,0,1,1,34,1.3254788818238397,15.997238934452746,0.0,0.0,0.99,8,exponential
q_learning,shaped_seed5,shaped,5,4a77b6e251,1977,179,97.55000000000003,97.23949999999996,0.05,0.15,46,success,1,1,0,0,33,3,0,1,1,39,1.0807027761795158,11.754317504978804,0.0,0.0,0.99,8,exponential
q_learning,shaped_seed5,shaped,5,4a77b6e251,1978,178,94.6,97.1305,0.05,0.15,47,success,1,1,0,0,36,3,0,1,1,38,1.3906578726214553,13.740475918068357,0.0,0.0,0.99,8,exponential
q_learning,shaped_seed5,shaped,5,4a77b6e251,1979,179,100.55000000000001,97.21299999999998,0.05,0.15,46,success,1,1,0,0,35,2,0,1,1,36,1.1078568706747647,15.76046676546395,0.0,0.0,0.99,8,exponential
q_learning,shaped_seed5,shaped,5,4a77b6e251,1980,183,81.34999999999992,97.01349999999998,0.05,0.15,42,success,1,1,0,0,39,5,0,1,1,41,1.4686777812871652,14.233700236529081,0.0,0.0,0.99,8,exponential
q_learning,shaped_seed5,shaped,5,4a77b6e251,1981,191,81.94999999999993,96.79899999999999,0.05,0.15,34,success,1,1,0,0,43,4,0,1,1,47,1.3887974614840162,11.795080511349294,0.0,0.0,0.99,8,exponential
q_learning,shaped_seed5,shaped,5,4a77b6e251,1982,181,100.45,96.90950000000001,0.05,0.15,44,success,1,1,0,0,35,2,0,1,1,40,1.1671813928954204,22.243274905044156,0.0,0.0,0.99,8,exponential
q_learning,shaped_seed5,shaped,5,4a77b6e251,1983,184,93.3,97.03699999999999,0.05,0.15,41,success,1,1,0,0,42,2,0,1,1,44,1.4697370318149432,28.278228226577475,0.0,0.0,0.99,8,exponential
q_learning,shaped_seed5,shaped,5,4a77b6e251,1984,182,87.39999999999995,96.91850000000001,0.05,0.15,43,success,1,1,0,0,38,4,0,3,1,45,1.3078657124001989,18.54645952452914,0.0,0.0,0.99,8,exponential
q_learning,shaped_seed5,shaped,5,4a77b6e251,1985,181,93.44999999999997,97.01499999999999,0.05,0.15,44,success,1,1,0,0,37,3,0,1,1,35,1.1359029843409205,16.001056470336387,0.0,0.0,0.99,8,exponential
q_learning,shaped_seed5,shaped,5,4a77b6e251,1986,178,99.60000000000001,96.96849999999999,0.05,0.15,47,success,1,1,0,0,36,2,0,1,1,33,1.0496968117541625,12.496861093643613,0.0,0.0,0.99,8,exponential
q_learning,shaped_seed5,shaped,5,4a77b6e251,1987,184,98.30000000000001,96.84599999999999,0.05,0.15,41,success,1,1,0,0,32,3,0,1,1,37,1.0869429918689846,8.86724208669203,0.0,0.0,0.99,8,exponential
q_learning,shaped_seed5,shaped,5,4a77b6e251,1988,180,89.49999999999999,96.6375,0.05,0.15,45,success,1,1,0,0,36,4,0,1,1,30,1.369123092061909,14.43862540795778,0.0,0.0,0.99,8,exponential
q_learning,shaped_seed5,shaped,5,4a77b6e251,1989,180,93.49999999999997,96.54799999999999,0.05,0.15,45,success,1,1,0,0,32,4,0,1,1,35,1.0064690320581446,10.761475977149587,0.0,0.0,0.99,8,exponential
q_learning,shaped_seed5,shaped,5,4a77b6e251,1990,182,92.39999999999998,96.38949999999998,0.05,0.15,43,success,1,1,0,0,38,3,0,1,1,43,1.2939341129947441,16.85127922338793,0.0,0.0,0.99,8,exponential
q_learning,shaped_seed5,shaped,5,4a77b6e251,1991,182,96.4,96.40799999999999,0.05,0.15,43,success,1,1,0,0,34,3,0,1,1,38,1.1611486407088136,11.415685108114321,0.0,0.0,0.99,8,exponential
q_learning,shaped_seed5,shaped,5,4a77b6e251,1992,177,104.65000000000002,96.50949999999999,0.05,0.15,48,success,1,1,0,0,31,2,0,1,1,34,1.1823796699234015,19.991218393333313,0.0,0.0,0.99,8,exponential
q_learning,shaped_seed5,shaped,5,4a77b6e251,1993,182,91.39999999999998,96.47449999999998,0.05,0.15,43,success,1,1,0,0,34,4,0,1,1,38,1.5526410240021593,57.389321482750375,0.0,0.0,0.99,8,exponential
q_learning,shaped_seed5,shaped,5,4a77b6e251,1994,178,98.60000000000001,96.42599999999999,0.05,0.15,47,success,1,1,0,0,32,3,0,1,1,35,1.4978303155086419,29.732049061760463,0.0,0.0,0.99,8,exponential
q_learning,shaped_seed5,shaped,5,4a77b6e251,1995,182,85.39999999999992,96.25599999999999,0.05,0.15,43,success,1,1,0,0,40,4,0,1,1,40,1.145560274892365,15.188673484107824,0.0,0.0,0.99,8,exponential
q_learning,shaped_seed5,shaped,5,4a77b6e251,1996,180,93.50000000000001,96.176,0.05,0.15,45,success,1,1,0,0,32,4,0,1,1,36,1.3293571992048971,43.343671911134436,0.0,0.0,0.99,8,exponential
q_learning,shaped_seed5,shaped,5,4a77b6e251,1997,182,99.4,96.10549999999998,0.05,0.15,43,success,1,1,0,0,36,2,0,2,1,41,1.2113910533647858,28.894906468581542,0.0,0.0,0.99,8,exponential
q_learning,shaped_seed5,shaped,5,4a77b6e251,1998,185,106.25000000000003,96.29299999999999,0.05,0.15,40,success,1,1,0,0,29,2,0,2,1,36,0.9276549492693614,11.346125821004247,0.0,0.0,0.99,8,exponential
q_learning,shaped_seed5,shaped,5,4a77b6e251,1999,185,91.24999999999999,96.31999999999998,0.05,0.15,40,success,1,1,0,0,39,3,0,1,1,41,1.1490688393738047,11.14709186259628,0.0,0.0,0.99,8,exponential
q_learning,shaped_seed5,shaped,5,4a77b6e251,2000,179,106.55000000000001,96.39149999999998,0.05,0.15,46,success,1,1,0,0,29,2,0,1,1,37,1.0013080287644205,11.338529434144974,0.0,0.0,0.99,8,exponential
q_learning,shaped_seed5,shaped,5,4a77b6e251,2001,179,106.55000000000001,96.47349999999999,0.05,0.15,46,success,1,1,0,0,29,2,0,1,1,31,0.9659930613441616,10.22957029941422,0.0,0.0,0.99,8,exponential
q_learning,shaped_seed5,shaped,5,4a77b6e251,2002,181,102.45,96.64299999999999,0.05,0.15,44,success,1,1,0,0,33,2,0,2,1,38,0.9721317660676057,9.876117673494775,0.0,0.0,0.99,8,exponential
q_learning,shaped_seed5,shaped,5,4a77b6e251,2003,184,70.29999999999993,96.27299999999997,0.05,0.15,41,success,1,1,0,0,50,5,0,2,1,52,1.1747737674606749,9.316075966514546,0.0,0.0,0.99,8,exponential
q_learning,shaped_seed5,shaped,5,4a77b6e251,2004,186,94.20000000000002,96.27899999999998,0.05,0.15,39,success,1,1,0,0,26,5,0,1,1,30,1.189877642375818,21.16774451674045,0.0,0.0,0.99,8,exponential
q_learning,shaped_seed5,shaped,5,4a77b6e251,2005,179,93.55000000000001,96.20899999999997,0.05,0.15,46,success,1,1,0,0,37,3,0,1,1,45,1.3869230973755533,23.89291262332536,0.0,0.0,0.99,8,exponential
q_learning,shaped_seed5,shaped,5,4a77b6e251,2006,179,111.54999999999995,96.31049999999999,0.05,0.15,46,success,1,1,0,0,19,3,0,1,1,24,1.0478727580874092,10.041642614868934,0.0,0.0,0.99,8,exponential
q_learning,shaped_seed5,shaped,5,4a77b6e251,2007,181,106.45000000000002,96.57349999999998,0.05,0.15,44,success,1,1,0,0,29,2,0,1,1,31,1.1129106170183287,22.891848295360482,0.0,0.0,0.99,8,exponential
q_learning,shaped_seed5,shaped,5,4a77b6e251,2008,181,96.45000000000002,96.694,0.05,0.15,44,success,1,1,0,0,39,2,0,1,1,42,1.099159314399892,12.381567574123668,0.0,0.0,0.99,8,exponential
q_learning,shaped_seed5,shaped,5,4a77b6e251,2009,181,89.44999999999996,96.5335,0.05,0.15,44,success,1,1,0,0,41,3,0,1,1,37,1.1958220302885358,9.807843046222366,0.0,0.0,0.99,8,exponential
q_learning,shaped_seed5,shaped,5,4a77b6e251,2010,180,105.50000000000003,96.71450000000003,0.05,0.15,45,success,1,1,0,0,30,2,0,1,1,31,1.0241540314056226,15.870486486929668,0.0,0.0,0.99,8,exponential
q_learning,shaped_seed5,shaped,5,4a77b6e251,2011,178,100.60000000000001,96.8555,0.05,0.15,47,success,1,1,0,0,30,3,0,1,1,37,1.1708959085306363,11.300495213949517,0.0,0.0,0.99,8,exponential
q_learning,shaped_seed5,shaped,5,4a77b6e251,2012,184,105.30000000000001,96.9125,0.05,0.15,41,success,1,1,0,0,30,2,0,4,1,32,1.0186464675587537,10.632687430131568,0.0,0.0,0.99,8,exponential
q_learning,shaped_seed5,shaped,5,4a77b6e251,2013,182,102.39999999999999,96.89099999999999,0.05,0.15,43,success,1,1,0,0,28,3,0,1,1,33,1.0354804731757385,15.819442135409165,0.0,0.0,0.99,8,exponential
q_learning,shaped_seed5,shaped,5,4a77b6e251,2014,178,99.60000000000002,96.89300000000001,0.05,0.15,47,success,1,1,0,0,26,4,0,1,1,31,1.0332017383488794,9.70681519095973,0.0,0.0,0.99,8,exponential
q_learning,shaped_seed5,shaped,5,4a77b6e251,2015,180,103.50000000000001,96.9725,0.05,0.15,45,success,1,1,0,0,32,2,0,1,1,35,1.044168642641414,11.84935639246767,0.0,0.0,0.99,8,exponential
q_learning,shaped_seed5,shaped,5,4a77b6e251,2016,178,105.60000000000002,97.01449999999998,0.05,0.15,47,success,1,1,0,0,30,2,0,1,1,35,1.055095333378771,13.081197755128802,0.0,0.0,0.99,8,exponential
q_learning,shaped_seed5,shaped,5,4a77b6e251,2017,181,105.45000000000002,97.07300000000001,0.05,0.15,44,success,1,1,0,0,25,3,0,1,1,31,1.3637204858138148,39.884812308410574,0.0,0.0,0.99,8,exponential
q_learning,shaped_seed5,shaped,5,4a77b6e251,2018,181,87.44999999999993,96.97250000000003,0.05,0.15,44,success,1,1,0,0,33,5,0,1,1,36,1.2697428952443488,17.879032366313638,0.0,0.0,0.99,8,exponential
q_learning,shaped_seed5,shaped,5,4a77b6e251,2019,178,95.60000000000002,96.97500000000002,0.05,0.15,47,success,1,1,0,0,30,4,0,1,1,34,1.0221020284722115,11.12196580618091,0.0,0.0,0.99,8,exponential
q_learning,shaped_seed5,shaped,5,4a77b6e251,2020,178,103.60000000000001,97.01,0.05,0.15,47,success,1,1,0,0,32,2,0,1,1,35,1.1272322603611595,12.112484043054902,0.0,0.0,0.99,8,exponential
q_learning,shaped_seed5,shaped,5,4a77b6e251,2021,184,81.2999999999999,96.85850000000002,0.05,0.15,41,success,1,1,0,0,54,2,0,1,1,50,1.7880370459868922,34.192052033153615,0.0,0.0,0.99,8,exponential
q_learning,shaped_seed5,shaped,5,4a77b6e251,2022,177,105.65000000000002,96.96999999999998,0.05,0.15,48,success,1,1,0,0,25,3,0,1,1,36,1.0149757967770858,11.962018420276266,0.0,0.0,0.99,8,exponential
q_learning,shaped_seed5,shaped,5,4a77b6e251,2023,186,97.20000000000002,96.96799999999999,0.05,0.15,39,success,1,1,0,0,38,2,0,1,1,44,1.4559479894162273,25.101943746725407,0.0,0.0,0.99,8,exponential
q_learning,shaped_seed5,shaped,5,4a77b6e251,2024,182,105.40000000000002,96.97649999999997,0.05,0.15,43,success,1,1,0,0,30,2,0,1,1,33,1.038546340293322,11.662608626697478,0.0,0.0,0.99,8,exponential
q_learning,shaped_seed5,shaped,5,4a77b6e251,2025,177,99.65,97.118,0.05,0.15,48,success,1,1,0,0,31,3,0,1,1,29,2.1526044968888107,64.43392401722356,0.0,0.0,0.99,8,exponential
q_learning,shaped_seed5,shaped,5,4a77b6e251,2026,179,96.55000000000001,97.068,0.05,0.15,46,success,1,1,0,0,29,4,0,2,1,28,1.025246860274001,11.18885402629624,0.0,0.0,0.99,8,exponential
q_learning,shaped_seed5,shaped,5,4a77b6e251,2027,180,100.5,97.08899999999998,0.05,0.15,45,success,1,1,0,0,30,3,0,1,1,30,1.2879480173606832,21.193802091789145,0.0,0.0,0.99,8,exponential
q_learning,shaped_seed5,shaped,5,4a77b6e251,2028,178,105.60000000000001,97.07849999999999,0.05,0.15,47,success,1,1,0,0,30,2,0,1,1,32,1.138047876060424,11.170677262961803,0.0,0.0,0.99,8,exponential
q_learning,shaped_seed5,shaped,5,4a77b6e251,2029,180,97.50000000000001,96.97949999999999,0.05,0.15,45,success,1,1,0,0,28,4,0,1,1,33,1.037713232848272,11.242713986246784,0.0,0.0,0.99,8,exponential
q_learning,shaped_seed5,shaped,5,4a77b6e251,2030,178,107.60000000000002,97.001,0.05,0.15,47,success,1,1,0,0,28,2,0,1,1,35,0.9992719954141682,10.780722872840471,0.0,0.0,0.99,8,exponential
q_learning,shaped_seed5,shaped,5,4a77b6e251,2031,191,98.95000000000002,96.95450000000001,0.05,0.15,34,success,1,1,0,0,31,3,0,1,1,38,1.2983777734229067,25.501920139475377,0.0,0.0,0.99,8,exponential
q_learning,shaped_seed5,shaped,5,4a77b6e251,2032,181,97.45,97.013,0.05,0.15,44,success,1,1,0,0,33,3,0,1,1,35,1.1794788064107844,11.995170654479804,0.0,0.0,0.99,8,exponential
q_learning,shaped_seed5,shaped,5,4a77b6e251,2033,178,93.59999999999998,96.945,0.05,0.15,47,success,1,1,0,0,32,4,0,1,1,35,1.117742795865374,9.980959038675518,0.0,0.0,0.99,8,exponential
q_learning,shaped_seed5,shaped,5,4a77b6e251,2034,179,104.55000000000001,96.92500000000001,0.05,0.15,46,success,1,1,0,0,31,2,0,1,1,34,1.0775229553426415,11.775534021186616,0.0,0.0,0.99,8,exponential
q_learning,shaped_seed5,shaped,5,4a77b6e251,2035,194,95.80000000000001,96.91849999999998,0.05,0.15,31,success,1,1,0,0,34,3,0,1,1,47,1.2697895426538157,19.883695632281906,0.0,0.0,0.99,8,exponential
q_learning,shaped_seed5,shaped,5,4a77b6e251,2036,178,107.60000000000001,96.98949999999999,0.05,0.15,47,success,1,1,0,0,28,2,0,1,1,34,0.9783036542795536,10.323103123284067,0.0,0.0,0.99,8,exponential
q_learning,shaped_seed5,shaped,5,4a77b6e251,2037,182,97.4,96.96849999999996,0.05,0.15,43,success,1,1,0,0,38,2,0,1,1,37,1.0652989594784608,13.047919906861512,0.0,0.0,0.99,8,exponential
q_learning,shaped_seed5,shaped,5,4a77b6e251,2038,178,102.60000000000001,96.88049999999997,0.05,0.15,47,success,1,1,0,0,28,3,0,1,1,29,1.3056306072943837,30.282412749900143,0.0,0.0,0.99,8,exponential
q_learning,shaped_seed5,shaped,5,4a77b6e251,2039,181,83.44999999999993,96.7125,0.05,0.15,44,success,1,1,0,0,37,5,0,1,1,41,1.0790723869886447,17.22640133381269,0.0,0.0,0.99,8,exponential
q_learning,shaped_seed5,shaped,5,4a77b6e251,2040,182,95.4,96.75299999999999,0.05,0.15,43,success,1,1,0,0,40,2,0,1,1,37,1.034925173184662,11.55699320304326,0.0,0.0,0.99,8,exponential
q_learning,shaped_seed5,shaped,5,4a77b6e251,2041,180,80.49999999999993,96.51350000000001,0.05,0.15,45,success,1,1,0,0,40,5,0,1,1,39,1.0379319595355267,9.023043466894443,0.0,0.0,0.99,8,exponential
q_learning,shaped_seed5,shaped,5,4a77b6e251,2042,177,95.65000000000002,96.56399999999998,0.05,0.15,48,success,1,1,0,0,35,3,0,1,1,35,1.8567742302007633,49.809354343914244,0.0,0.0,0.99,8,exponential
q_learning,shaped_seed5,shaped,5,4a77b6e251,2043,180,96.50000000000001,96.53299999999999,0.05,0.15,45,success,1,1,0,0,34,3,0,1,1,37,1.359379543936001,30.805957088268336,0.0,0.0,0.99,8,exponential
q_learning,shaped_seed5,shaped,5,4a77b6e251,2044,187,95.15,96.93049999999998,0.05,0.15,38,success,1,1,0,0,35,3,0,1,1,34,1.047796858513867,18.633889042234514,0.0,0.0,0.99,8,exponential
q_learning,shaped_seed5,shaped,5,4a77b6e251,2045,181,103.45,97.002,0.05,0.15,44,success,1,1,0,0,27,3,0,2,1,34,1.2235786010674305,14.128011192495752,0.0,0.0,0.99,8,exponential
q_learning,shaped_seed5,shaped,5,4a77b6e251,2046,181,102.45000000000002,97.13300000000001,0.05,0.15,44,success,1,1,0,0,33,2,0,1,1,29,1.144542371953383,11.2509313423311,0.0,0.0,0.99,8,exponential
q_learning,shaped_seed5,shaped,5,4a77b6e251,2047,185,102.25000000000001,97.24000000000002,0.05,0.15,40,success,1,1,0,0,33,2,0,1,1,33,1.0445709635940836,11.84371076167034,0.0,0.0,0.99,8,exponential
q_learning,shaped_seed5,shaped,5,4a77b6e251,2048,179,76.55,96.921,0.05,0.15,46,success,1,1,0,0,39,6,0,1,1,37,1.4952496721085322,30.06686661865789,0.0,0.0,0.99,8,exponential
q_learning,shaped_seed5,shaped,5,4a77b6e251,2049,178,92.6,96.78249999999998,0.05,0.15,47,success,1,1,0,0,28,5,0,1,1,31,1.0867935113854899,11.24744024021166,0.0,0.0,0.99,8,exponential
q_learning,shaped_seed5,shaped,5,4a77b6e251,2050,181,95.45000000000002,96.6805,0.05,0.15,44,success,1,1,0,0,35,3,0,1,1,40,1.0738070533515494,11.008615148740702,0.0,0.0,0.99,8,exponential
q_learning,shaped_seed5,shaped,5,4a77b6e251,2051,180,96.50000000000001,96.82,0.05,0.15,45,success,1,1,0,0,34,3,0,1,1,32,1.306957993075126,18.5450192522024,0.0,0.0,0.99,8,exponential
q_learning,shaped_seed5,shaped,5,4a77b6e251,2052,178,97.60000000000002,97.10300000000002,0.05,0.15,47,success,1,1,0,0,38,2,0,1,1,40,1.181464473377371,12.032423704524405,0.0,0.0,0.99,8,exponential
q_learning,shaped_seed5,shaped,5,4a77b6e251,2053,184,101.30000000000001,97.2915,0.05,0.15,41,success,1,1,0,0,34,2,0,1,1,36,1.168541138182903,16.573630036666763,0.0,0.0,0.99,8,exponential
q_learning,shaped_seed5,shaped,5,4a77b6e251,2054,178,93.59999999999998,97.273,0.05,0.15,47,success,1,1,0,0,42,2,0,1,1,41,1.2832753983589296,24.679124678849405,0.0,0.0,0.99,8,exponential
q_learning,shaped_seed5,shaped,5,4a77b6e251,2055,190,73.99999999999993,97.20900000000002,0.05,0.15,35,success,1,1,0,0,46,5,0,1,1,50,1.1930606499132317,10.527661003380103,0.0,0.0,0.99,8,exponential
q_learning,shaped_seed5,shaped,5,4a77b6e251,2056,177,102.65,97.29450000000001,0.05,0.15,48,success,1,1,0,0,33,2,0,1,1,39,1.1542209787409625,10.396830452246206,0.0,0.0,0.99,8,exponential
q_learning,shaped_seed5,shaped,5,4a77b6e251,2057,181,103.45000000000002,97.25300000000001,0.05,0.15,44,success,1,1,0,0,27,3,0,1,1,34,1.2125111191694122,13.524383642051625,0.0,0.0,0.99,8,exponential
q_learning,shaped_seed5,shaped,5,4a77b6e251,2058,180,103.50000000000001,97.1825,0.05,0.15,45,success,1,1,0,0,32,2,0,1,1,31,1.1522176773058022,10.624286373637563,0.0,0.0,0.99,8,exponential
q_learning,shaped_seed5,shaped,5,4a77b6e251,2059,178,86.59999999999992,97.0125,0.05,0.15,47,success,1,1,0,0,34,5,0,1,1,40,1.0489489618396377,11.02792248449748,0.0,0.0,0.99,8,exponential
q_learning,shaped_seed5,shaped,5,4a77b6e251,2060,184,109.29999999999998,97.0905,0.05,0.15,41,success,1,1,0,0,26,2,0,2,1,32,0.9775211047835939,11.32672364416294,0.0,0.0,0.99,8,exponential
q_learning,shaped_seed5,shaped,5,4a77b6e251,2061,181,94.45000000000002,96.97149999999999,0.05,0.15,44,success,1,1,0,0,41,2,0,1,1,39,1.0710900921141104,10.138671073313873,0.0,0.0,0.99,8,exponential
q_learning,shaped_seed5,shaped,5,4a77b6e251,2062,179,90.54999999999994,96.91149999999999,0.05,0.15,46,success,1,1,0,0,35,4,0,1,1,30,1.3074550742677393,20.801734755172582,0.0,0.0,0.99,8,exponential
q_learning,shaped_seed5,shaped,5,4a77b6e251,2063,175,87.74999999999994,96.86599999999999,0.05,0.15,50,success,1,1,0,0,33,5,0,1,1,34,1.5159298021416134,28.991897033879667,0.0,0.0,0.99,8,exponential
q_learning,shaped_seed5,shaped,5,4a77b6e251,2064,181,98.45000000000002,96.88399999999997,0.05,0.15,44,success,1,1,0,0,27,4,0,1,1,34,1.0691181899433746,11.93935094930211,0.0,0.0,0.99,8,exponential
q_learning,shaped_seed5,shaped,5,4a77b6e251,2065,179,93.54999999999995,96.93799999999999,0.05,0.15,46,success,1,1,0,0,37,3,0,1,1,37,1.0789932270025566,9.802896571057502,0.0,0.0,0.99,8,exponential
q_learning,shaped_seed5,shaped,5,4a77b6e251,2066,181,96.45000000000002,96.7675,0.05,0.15,44,success,1,1,0,0,39,2,0,2,1,43,1.027236810493357,10.518787324415186,0.0,0.0,0.99,8,exponential
q_learning,shaped_seed5,shaped,5,4a77b6e251,2067,179,106.55,96.83900000000001,0.05,0.15,46,success,1,1,0,0,29,2,0,1,1,34,0.9987512954563954,9.56041103147296,0.0,0.0,0.99,8,exponential
q_learning,shaped_seed5,shaped,5,4a77b6e251,2068,179,88.54999999999997,96.72049999999997,0.05,0.15,46,success,1,1,0,0,37,4,0,1,1,40,1.1290741918878195,10.458723247433653,0.0,0.0,0.99,8,exponential
q_learning,shaped_seed5,shaped,5,4a77b6e251,2069,187,89.15,96.846,0.05,0.15,38,success,1,1,0,0,41,3,0,1,1,38,1.16906498684903,10.007832760125503,0.0,0.0,0.99,8,exponential
q_learning,shaped_seed5,shaped,5,4a77b6e251,2070,185,93.25000000000001,96.79499999999999,0.05,0.15,40,success,1,1,0,0,37,3,0,2,1,41,1.3180833774038394,48.851178575955004,0.0,0.0,0.99,8,exponential
q_learning,shaped_seed5,shaped,5,4a77b6e251,2071,185,98.25000000000001,96.9125,0.05,0.15,40,success,1,1,0,0,37,2,0,1,1,41,1.083848538256709,12.548931378000155,0.0,0.0,0.99,8,exponential
q_learning,shaped_seed5,shaped,5,4a77b6e251,2072,179,104.55000000000003,96.95299999999999,0.05,0.15,46,success,1,1,0,0,31,2,0,1,1,38,1.0266689395462603,10.686914733996389,0.0,0.0,0.99,8,exponential
q_learning,shaped_seed5,shaped,5,4a77b6e251,2073,178,95.60000000000002,96.935,0.05,0.15,47,success,1,1,0,0,30,4,0,1,1,30,1.110683688702942,9.75235166142302,0.0,0.0,0.99,8,exponential
q_learning,shaped_seed5,shaped,5,4a77b6e251,2074,176,90.70000000000002,96.8965,0.05,0.15,49,success,1,1,0,0,40,3,0,1,1,27,1.2315338080670355,17.342305950408075,0.0,0.0,0.99,8,exponential
q_learning,shaped_seed5,shaped,5,4a77b6e251,2075,185,96.25000000000001,96.7325,0.05,0.15,40,success,1,1,0,0,39,2,0,1,1,41,0.9917151234230165,9.839831665305567,0.0,0.0,0.99,8,exponential
q_learning,shaped_seed5,shaped,5,4a77b6e251,2076,178,85.59999999999994,96.55300000000001,0.05,0.15,47,success,1,1,0,0,40,4,0,1,1,44,1.014044601265023,10.352747552125564,0.0,0.0,0.99,8,exponential
q_learning,shaped_seed5,shaped,5,4a77b6e251,2077,184,99.30000000000001,96.5705,0.05,0.15,41,success,1,1,0,0,36,2,0,1,1,38,0.9547548909339489,10.50598273029405,0.0,0.0,0.99,8,exponential
q_learning,shaped_seed5,shaped,5,4a77b6e251,2078,187,100.15,96.62599999999999,0.05,0.15,38,success,1,1,0,0,35,2,0,1,1,40,1.035902939662712,10.7310285596063,0.0,0.0,0.99,8,exponential
q_learning,shaped_seed5,shaped,5,4a77b6e251,2079,179,104.55000000000003,96.66599999999997,0.05,0.15,46,success,1,1,0,0,31,2,0,1,1,34,0.9135055287195653,9.881951382972403,0.0,0.0,0.99,8,exponential
q_learning,shaped_seed5,shaped,5,4a77b6e251,2080,189,97.05000000000001,96.82299999999998,0.05,0.15,36,success,1,1,0,0,33,3,0,1,1,39,0.9984258145705271,8.886566704131447,0.0,0.0,0.99,8,exponential
q_learning,shaped_seed5,shaped,5,4a77b6e251,2081,181,98.45000000000002,96.98799999999997,0.05,0.15,44,success,1,1,0,0,37,2,0,1,1,34,1.0319408627337245,10.116542444406267,0.0,0.0,0.99,8,exponential
q_learning,shaped_seed5,shaped,5,4a77b6e251,2082,187,94.15,96.92499999999998,0.05,0.15,38,success,1,1,0,0,41,2,0,1,1,35,1.1192942629349076,13.737581466968962,0.0,0.0,0.99,8,exponential
q_learning,shaped_seed5,shaped,5,4a77b6e251,2083,179,98.55000000000001,96.97749999999998,0.05,0.15,46,success,1,1,0,0,37,2,0,1,1,40,1.1415963435545036,11.639344102041164,0.0,0.0,0.99,8,exponential
q_learning,shaped_seed5,shaped,5,4a77b6e251,2084,181,104.44999999999997,97.14800000000001,0.05,0.15,44,success,1,1,0,0,31,2,0,1,1,21,0.962163424753041,10.365906364282555,0.0,0.0,0.99,8,exponential
q_learning,shaped_seed5,shaped,5,4a77b6e251,2085,186,99.20000000000002,97.20549999999999,0.05,0.15,39,success,1,1,0,0,36,2,0,1,1,38,1.0517916474011575,9.839897181749436,0.0,0.0,0.99,8,exponential
q_learning,shaped_seed5,shaped,5,4a77b6e251,2086,183,108.35000000000001,97.293,0.05,0.15,42,success,1,1,0,0,27,2,0,1,1,35,1.0248400870625038,27.27147332666937,0.0,0.0,0.99,8,exponential
q_learning,shaped_seed5,shaped,5,4a77b6e251,2087,180,103.5,97.34500000000001,0.05,0.15,45,success,1,1,0,0,32,2,0,1,1,28,1.1262462867684657,14.732376858300928,0.0,0.0,0.99,8,exponential
q_learning,shaped_seed5,shaped,5,4a77b6e251,2088,181,86.44999999999993,97.31450000000002,0.05,0.15,44,success,1,1,0,0,39,4,0,1,1,41,1.16308711648191,14.214855349966566,0.0,0.0,0.99,8,exponential
q_learning,shaped_seed5,shaped,5,4a77b6e251,2089,185,100.25000000000001,97.382,0.05,0.15,40,success,1,1,0,0,35,2,0,2,1,40,0.9748451501627117,9.242181033729267,0.0,0.0,0.99,8,exponential
q_learning,shaped_seed5,shaped,5,4a77b6e251,2090,185,94.25,97.4005,0.05,0.15,40,success,1,1,0,0,31,4,0,1,1,37,1.5858200772768096,97.27854723147868,0.0,0.0,0.99,8,exponential
q_learning,shaped_seed5,shaped,5,4a77b6e251,2091,179,93.54999999999994,97.37200000000001,0.05,0.15,46,success,1,1,0,0,37,3,0,1,1,40,1.1102808403287008,11.887565400107984,0.0,0.0,0.99,8,exponential
q_learning,shaped_seed5,shaped,5,4a77b6e251,2092,184,108.30000000000001,97.40849999999999,0.05,0.15,41,success,1,1,0,0,22,3,0,1,1,33,1.066131685814165,12.709280255058768,0.0,0.0,0.99,8,exponential
q_learning,shaped_seed5,shaped,5,4a77b6e251,2093,183,104.35000000000002,97.538,0.05,0.15,42,success,1,1,0,0,31,2,0,1,1,39,0.9621165993704403,9.98087046748411,0.0,0.0,0.99,8,exponential
q_learning,shaped_seed5,shaped,5,4a77b6e251,2094,180,93.49999999999999,97.487,0.05,0.15,45,success,1,1,0,0,42,2,0,1,1,43,1.0311843132712066,12.034554783487238,0.0,0.0,0.99,8,exponential
q_learning,shaped_seed5,shaped,5,4a77b6e251,2095,183,106.35,97.69650000000001,0.05,0.15,42,success,1,1,0,0,29,2,0,2,1,35,1.143160573826738,18.320307380275423,0.0,0.0,0.99,8,exponential
q_learning,shaped_seed5,shaped,5,4a77b6e251,2096,181,86.44999999999997,97.626,0.05,0.15,44,success,1,1,0,0,29,6,0,1,1,32,1.0750412181375135,10.70873798399083,0.0,0.0,0.99,8,exponential
q_learning,shaped_seed5,shaped,5,4a77b6e251,2097,181,91.45,97.54650000000001,0.05,0.15,44,success,1,1,0,0,39,3,0,1,1,44,0.9805435054585693,9.003824231168906,0.0,0.0,0.99,8,exponential
q_learning,shaped_seed5,shaped,5,4a77b6e251,2098,180,78.49999999999994,97.26899999999999,0.05,0.15,45,success,1,1,0,0,32,7,0,1,1,29,1.0903719707024735,10.127667196192277,0.0,0.0,0.99,8,exponential
q_learning,shaped_seed5,shaped,5,4a77b6e251,2099,181,100.45000000000002,97.36100000000002,0.05,0.15,44,success,1,1,0,0,35,2,0,2,1,37,0.9798666847905148,9.308692004260621,0.0,0.0,0.99,8,exponential
q_learning,shaped_seed5,shaped,5,4a77b6e251,2100,179,102.55000000000001,97.32099999999998,0.05,0.15,46,success,1,1,0,0,33,2,0,1,1,41,0.9831535739313217,9.898100223520771,0.0,0.0,0.99,8,exponential
q_learning,shaped_seed5,shaped,5,4a77b6e251,2101,183,92.35000000000002,97.179,0.05,0.15,42,success,1,1,0,0,43,2,0,2,1,39,1.020800099557348,12.380509285493972,0.0,0.0,0.99,8,exponential
q_learning,shaped_seed5,shaped,5,4a77b6e251,2102,180,96.50000000000001,97.11949999999999,0.05,0.15,45,success,1,1,0,0,34,3,0,1,1,35,1.0345331487016978,9.237425003427724,0.0,0.0,0.99,8,exponential
q_learning,shaped_seed5,shaped,5,4a77b6e251,2103,183,82.34999999999997,97.24,0.05,0.15,42,success,1,1,0,0,43,4,0,1,1,44,1.1977308691724795,12.981665261590416,0.0,0.0,0.99,8,exponential
q_learning,shaped_seed5,shaped,5,4a77b6e251,2104,178,93.59999999999992,97.234,0.05,0.15,47,success,1,1,0,0,42,2,0,1,1,43,1.2518202428808238,9.847654436103383,0.0,0.0,0.99,8,exponential
q_learning,shaped_seed5,shaped,5,4a77b6e251,2105,179,94.55,97.24400000000001,0.05,0.15,46,success,1,1,0,0,31,4,0,1,1,33,1.1184187872074278,11.617915553325979,0.0,0.0,0.99,8,exponential
q_learning,shaped_seed5,shaped,5,4a77b6e251,2106,178,115.59999999999997,97.28450000000001,0.05,0.15,47,success,1,1,0,0,20,2,0,1,1,21,1.0075620786617467,11.273321714991752,0.0,0.0,0.99,8,exponential
q_learning,shaped_seed5,shaped,5,4a77b6e251,2107,182,100.40000000000002,97.22399999999999,0.05,0.15,43,success,1,1,0,0,30,3,0,1,1,31,1.25256295911665,23.52878263746801,0.0,0.0,0.99,8,exponential
q_learning,shaped_seed5,shaped,5,4a77b6e251,2108,180,91.49999999999994,97.1745,0.05,0.15,45,success,1,1,0,0,34,4,0,1,1,32,1.1347325290684296,11.973659337890894,0.0,0.0,0.99,8,exponential
q_learning,shaped_seed5,shaped,5,4a77b6e251,2109,179,98.55000000000001,97.26549999999999,0.05,0.15,46,success,1,1,0,0,27,4,0,1,1,35,1.1510910219682817,11.190851776553828,0.0,0.0,0.99,8,exponential
q_learning,shaped_seed5,shaped,5,4a77b6e251,2110,181,102.45000000000002,97.23499999999999,0.05,0.15,44,success,1,1,0,0,33,2,0,1,1,27,1.6858599760022337,37.45308537250104,0.0,0.0,0.99,8,exponential
q_learning,shaped_seed5,shaped,5,4a77b6e251,2111,180,85.49999999999996,97.084,0.05,0.15,45,success,1,1,0,0,40,4,0,1,1,32,1.176372754851209,17.390329975299785,0.0,0.0,0.99,8,exponential
q_learning,shaped_seed5,shaped,5,4a77b6e251,2112,180,97.50000000000003,97.00599999999999,0.05,0.15,45,success,1,1,0,0,28,4,0,1,1,32,1.0024153181635236,11.27135089634966,0.0,0.0,0.99,8,exponential
q_learning,shaped_seed5,shaped,5,4a77b6e251,2113,183,83.34999999999997,96.81550000000001,0.05,0.15,42,success,1,1,0,0,37,5,0,1,1,42,1.0567369579402341,10.376598308709873,0.0,0.0,0.99,8,exponential
q_learning,shaped_seed5,shaped,5,4a77b6e251,2114,180,90.49999999999999,96.72449999999999,0.05,0.15,45,success,1,1,0,0,40,3,0,1,1,36,1.0430084020249917,9.82524722168695,0.0,0.0,0.99,8,exponential
q_learning,shaped_seed5,shaped,5,4a77b6e251,2115,176,102.7,96.7165,0.05,0.15,49,success,1,1,0,0,28,3,0,1,1,28,1.0251759883523959,13.846443847755964,0.0,0.0,0.99,8,exponential
q_learning,shaped_seed5,shaped,5,4a77b6e251,2116,183,103.35000000000002,96.694,0.05,0.15,42,success,1,1,0,0,27,3,0,2,1,35,1.0695149261011583,10.948394938369375,0.0,0.0,0.99,8,exponential
q_learning,shaped_seed5,shaped,5,4a77b6e251,2117,181,96.45000000000002,96.60400000000001,0.05,0.15,44,success,1,1,0,0,29,4,0,2,1,34,1.0304910246730379,9.322358392984171,0.0,0.0,0.99,8,exponential
q_learning,shaped_seed5,shaped,5,4a77b6e251,2118,183,98.35000000000002,96.71300000000002,0.05,0.15,42,success,1,1,0,0,27,4,0,1,1,30,1.1378747570934429,19.743155962616612,0.0,0.0,0.99,8,exponential
q_learning,shaped_seed5,shaped,5,4a77b6e251,2119,182,102.4,96.781,0.05,0.15,43,success,1,1,0,0,28,3,0,2,1,28,1.0799584633756196,18.342427452657653,0.0,0.0,0.99,8,exponential
q_learning,shaped_seed5,shaped,5,4a77b6e251,2120,182,101.4,96.759,0.05,0.15,43,success,1,1,0,0,34,2,0,1,1,44,1.0592573753923062,10.589889633313817,0.0,0.0,0.99,8,exponential
q_learning,shaped_seed5,shaped,5,4a77b6e251,2121,182,94.40000000000002,96.89,0.05,0.15,43,success,1,1,0,0,36,3,0,1,1,39,1.0483365212658553,10.518390743372564,0.0,0.0,0.99,8,exponential
q_learning,shaped_seed5,shaped,5,4a77b6e251,2122,184,74.29999999999994,96.57649999999998,0.05,0.15,41,success,1,1,0,0,46,5,0,2,1,42,1.3322457746893372,11.796806039840023,0.0,0.0,0.99,8,exponential
q_learning,shaped_seed5,shaped,5,4a77b6e251,2123,182,81.3999999999999,96.41849999999997,0.05,0.15,43,success,1,1,0,0,44,4,0,1,1,39,1.2970000337894039,13.633581887870045,0.0,0.0,0.99,8,exponential
q_learning,shaped_seed5,shaped,5,4a77b6e251,2124,185,67.24999999999994,96.03699999999999,0.05,0.15,40,success,1,1,0,0,43,7,0,2,1,48,1.196796042746278,11.59855554534634,0.0,0.0,0.99,8,exponential
q_learning,shaped_seed5,shaped,5,4a77b6e251,2125,185,90.24999999999999,95.94299999999997,0.05,0.15,40,success,1,1,0,0,45,2,0,1,1,48,1.7215084549079052,30.101411636719227,0.0,0.0,0.99,8,exponential
q_learning,shaped_seed5,shaped,5,4a77b6e251,2126,182,101.4,95.99149999999997,0.05,0.15,43,success,1,1,0,0,34,2,0,1,1,37,1.2169117839552215,11.614291571998677,0.0,0.0,0.99,8,exponential
q_learning,shaped_seed5,shaped,5,4a77b6e251,2127,179,75.54999999999993,95.74199999999999,0.05,0.15,46,success,1,1,0,0,45,5,0,1,1,41,1.2206034296000758,10.969465005405922,0.0,0.0,0.99,8,exponential
q_learning,shaped_seed5,shaped,5,4a77b6e251,2128,180,101.50000000000001,95.70099999999998,0.05,0.15,45,success,1,1,0,0,34,2,0,1,1,35,1.0869453770791435,10.235364222314516,0.0,0.0,0.99,8,exponential
q_learning,shaped_seed5,shaped,5,4a77b6e251,2129,185,91.24999999999997,95.63849999999996,0.05,0.15,40,success,1,1,0,0,39,3,0,1,1,38,1.0251917166434112,8.941993876890706,0.0,0.0,0.99,8,exponential
q_learning,shaped_seed5,shaped,5,4a77b6e251,2130,177,85.64999999999998,95.419,0.05,0.15,48,success,1,1,0,0,35,5,0,1,1,40,1.1730415870372166,10.420950920898903,0.0,0.0,0.99,8,exponential
q_learning,shaped_seed5,shaped,5,4a77b6e251,2131,177,96.65,95.39599999999999,0.05,0.15,48,success,1,1,0,0,39,2,0,1,1,41,1.1305628653525455,11.607889389765667,0.0,0.0,0.99,8,exponential
q_learning,shaped_seed5,shaped,5,4a77b6e251,2132,180,84.49999999999993,95.26649999999998,0.05,0.15,45,success,1,1,0,0,36,5,0,2,1,32,1.229841498532042,10.297196023822138,0.0,0.0,0.99,8,exponential
q_learning,shaped_seed5,shaped,5,4a77b6e251,2133,183,108.35000000000001,95.414,0.05,0.15,42,success,1,1,0,0,27,2,0,1,1,31,1.0404879171838861,9.836526840988881,0.0,0.0,0.99,8,exponential
q_learning,shaped_seed5,shaped,5,4a77b6e251,2134,180,72.49999999999993,95.09349999999999,0.05,0.15,45,success,1,1,0,0,38,7,0,1,1,36,1.274239475684916,15.343957316289062,0.0,0.0,0.99,8,exponential
q_learning,shaped_seed5,shaped,5,4a77b6e251,2135,181,99.45000000000002,95.13000000000002,0.05,0.15,44,success,1,1,0,0,31,3,0,2,1,32,1.1073313813495893,19.18915394653194,0.0,0.0,0.99,8,exponential
q_learning,shaped_seed5,shaped,5,4a77b6e251,2136,180,83.4999999999999,94.889,0.05,0.15,45,success,1,1,0,0,42,4,0,1,1,46,1.994735228628134,32.56192722543225,0.0,0.0,0.99,8,exponential
q_learning,shaped_seed5,shaped,5,4a77b6e251,2137,179,93.54999999999994,94.8505,0.05,0.15,46,success,1,1,0,0,37,3,0,1,1,32,1.5076285624285861,27.58683614972226,0.0,0.0,0.99,8,exponential
q_learning,shaped_seed5,shaped,5,4a77b6e251,2138,184,93.3,94.75749999999998,0.05,0.15,41,success,1,1,0,0,42,2,0,1,1,42,1.155665452430711,9.751813239734261,0.0,0.0,0.99,8,exponential
q_learning,shaped_seed5,shaped,5,4a77b6e251,2139,189,83.04999999999993,94.75349999999999,0.05,0.15,36,success,1,1,0,0,47,3,0,1,1,44,1.3646788957964973,29.186931840138513,0.0,0.0,0.99,8,exponential
q_learning,shaped_seed5,shaped,5,4a77b6e251,2140,180,80.49999999999993,94.60449999999997,0.05,0.15,45,success,1,1,0,0,40,5,0,1,1,38,1.201652701088261,15.807825262500266,0.0,0.0,0.99,8,exponential
q_learning,shaped_seed5,shaped,5,4a77b6e251,2141,177,85.64999999999995,94.65599999999996,0.05,0.15,48,success,1,1,0,0,45,3,0,1,1,42,1.2928689989618969,15.128266629008525,0.0,0.0,0.99,8,exponential
q_learning,shaped_seed5,shaped,5,4a77b6e251,2142,180,77.49999999999997,94.47449999999999,0.05,0.15,45,success,1,1,0,0,48,4,0,1,1,46,1.3509782010292695,16.22282543610371,0.0,0.0,0.99,8,exponential
q_learning,shaped_seed5,shaped,5,4a77b6e251,2143,184,95.3,94.46249999999998,0.05,0.15,41,success,1,1,0,0,40,2,0,1,1,33,1.2707220857732604,22.897753633252805,0.0,0.0,0.99,8,exponential
q_learning,shaped_seed5,shaped,5,4a77b6e251,2144,178,98.60000000000001,94.49699999999999,0.05,0.15,47,success,1,1,0,0,32,3,0,1,1,32,1.0936307118073254,12.519224433678923,0.0,0.0,0.99,8,exponential
q_learning,shaped_seed5,shaped,5,4a77b6e251,2145,183,100.35000000000001,94.46599999999998,0.05,0.15,42,success,1,1,0,0,35,2,0,1,1,38,1.1619306996132324,10.606847521689168,0.0,0.0,0.99,8,exponential
q_learning,shaped_seed5,shaped,5,4a77b6e251,2146,179,106.55000000000001,94.50699999999998,0.05,0.15,46,success,1,1,0,0,29,2,0,1,1,27,1.096995096672052,20.42717474303211,0.0,0.0,0.99,8,exponential
q_learning,shaped_seed5,shaped,5,4a77b6e251,2147,181,86.44999999999999,94.34899999999999,0.05,0.15,44,success,1,1,0,0,49,2,0,1,1,39,1.05491121251972,14.837346690111943,0.0,0.0,0.99,8,exponential
q_learning,shaped_seed5,shaped,5,4a77b6e251,2148,180,99.49999999999999,94.5785,0.05,0.15,45,success,1,1,0,0,36,2,0,1,1,38,1.0674880619299412,12.67012917289013,0.0,0.0,0.99,8,exponential
q_learning,shaped_seed5,shaped,5,4a77b6e251,2149,179,96.55000000000001,94.61799999999998,0.05,0.15,46,success,1,1,0,0,29,4,0,1,1,35,1.0756158281664927,9.056286201305,0.0,0.0,0.99,8,exponential
q_learning,shaped_seed5,shaped,5,4a77b6e251,2150,182,86.39999999999993,94.52749999999997,0.05,0.15,43,success,1,1,0,0,44,3,0,1,1,42,1.742654921231187,28.01952044978756,0.0,0.0,0.99,8,exponential
q_learning,shaped_seed5,shaped,5,4a77b6e251,2151,196,83.69999999999997,94.39949999999999,0.05,0.15,29,success,1,1,0,0,36,5,0,2,1,43,2.4240161580642643,49.34345197360135,0.0,0.0,0.99,8,exponential
q_learning,shaped_seed5,shaped,5,4a77b6e251,2152,180,96.50000000000003,94.38849999999996,0.05,0.15,45,success,1,1,0,0,34,3,0,2,1,35,1.177831696613543,17.281475864540468,0.0,0.0,0.99,8,exponential
q_learning,shaped_seed5,shaped,5,4a77b6e251,2153,179,100.55000000000001,94.38099999999997,0.05,0.15,46,success,1,1,0,0,35,2,0,1,1,31,1.132530444943343,15.800865453887607,0.0,0.0,0.99,8,exponential
q_learning,shaped_seed5,shaped,5,4a77b6e251,2154,180,95.50000000000001,94.39999999999998,0.05,0.15,45,success,1,1,0,0,40,2,0,1,1,39,1.1629974317004286,9.94725398454743,0.0,0.0,0.99,8,exponential
q_learning,shaped_seed5,shaped,5,4a77b6e251,2155,184,61.300000000000296,94.273,0.05,0.15,41,success,1,1,0,0,44,8,0,2,1,51,1.32868268406104,10.432639892710743,0.0,0.0,0.99,8,exponential
q_learning,shaped_seed5,shaped,5,4a77b6e251,2156,178,88.59999999999995,94.1325,0.05,0.15,47,success,1,1,0,0,42,3,0,1,1,35,1.2096276425378505,10.220021035276147,0.0,0.0,0.99,8,exponential
q_learning,shaped_seed5,shaped,5,4a77b6e251,2157,179,103.55000000000001,94.13349999999998,0.05,0.15,46,success,1,1,0,0,27,3,0,1,1,27,1.195607307182161,13.169781100728041,0.0,0.0,0.99,8,exponential
q_learning,shaped_seed5,shaped,5,4a77b6e251,2158,179,102.55000000000001,94.12399999999998,0.05,0.15,46,success,1,1,0,0,33,2,0,1,1,34,1.00979791417549,9.898227923661466,0.0,0.0,0.99,8,exponential
q_learning,shaped_seed5,shaped,5,4a77b6e251,2159,183,96.35000000000002,94.22149999999998,0.05,0.15,42,success,1,1,0,0,39,2,0,1,1,37,1.0454251162217907,11.659181415263916,0.0,0.0,0.99,8,exponential
q_learning,shaped_seed5,shaped,5,4a77b6e251,2160,181,98.45,94.113,0.05,0.15,44,success,1,1,0,0,37,2,0,1,1,34,1.1375544287609085,12.639176034386642,0.0,0.0,0.99,8,exponential
q_learning,shaped_seed5,shaped,5,4a77b6e251,2161,179,100.55000000000001,94.17399999999999,0.05,0.15,46,success,1,1,0,0,35,2,0,1,1,39,0.9602258535562495,13.509638043666826,0.0,0.0,0.99,8,exponential
q_learning,shaped_seed5,shaped,5,4a77b6e251,2162,181,102.45000000000002,94.293,0.05,0.15,44,success,1,1,0,0,33,2,0,2,1,36,1.0298448555410387,10.461168992285337,0.0,0.0,0.99,8,exponential
q_learning,shaped_seed5,shaped,5,4a77b6e251,2163,178,86.59999999999994,94.2815,0.05,0.15,47,success,1,1,0,0,44,3,0,1,1,41,1.154371074613965,12.233926486307865,0.0,0.0,0.99,8,exponential
q_learning,shaped_seed5,shaped,5,4a77b6e251,2164,181,98.45,94.2815,0.05,0.15,44,success,1,1,0,0,37,2,0,1,1,33,1.0216113180059812,11.542153657104294,0.0,0.0,0.99,8,exponential
q_learning,shaped_seed5,shaped,5,4a77b6e251,2165,183,96.35000000000001,94.30950000000001,0.05,0.15,42,success,1,1,0,0,39,2,0,1,1,31,1.0084591168311772,11.794168721688294,0.0,0.0,0.99,8,exponential
q_learning,shaped_seed5,shaped,5,4a77b6e251,2166,179,95.55,94.3005,0.05,0.15,46,success,1,1,0,0,35,3,0,1,1,26,1.433396041374158,46.88140484179777,0.0,0.0,0.99,8,exponential
q_learning,shaped_seed5,shaped,5,4a77b6e251,2167,180,88.49999999999997,94.11999999999998,0.05,0.15,45,success,1,1,0,0,32,5,0,2,1,32,1.1817688834844118,13.77281790506116,0.0,0.0,0.99,8,exponential
q_learning,shaped_seed5,shaped,5,4a77b6e251,2168,180,105.50000000000001,94.28949999999999,0.05,0.15,45,success,1,1,0,0,30,2,0,1,1,31,1.1770787223192827,18.30976333318062,0.0,0.0,0.99,8,exponential
q_learning,shaped_seed5,shaped,5,4a77b6e251,2169,177,93.65,94.33449999999999,0.05,0.15,48,success,1,1,0,0,37,3,0,1,1,38,1.3551955114727188,23.43630163900731,0.0,0.0,0.99,8,exponential
q_learning,shaped_seed5,shaped,5,4a77b6e251,2170,176,103.70000000000002,94.439,0.05,0.15,49,success,1,1,0,0,32,2,0,1,1,36,1.1945059299534704,26.5158303964745,0.0,0.0,0.99,8,exponential
q_learning,shaped_seed5,shaped,5,4a77b6e251,2171,177,73.64999999999992,94.193,0.05,0.15,48,success,1,1,0,0,47,5,0,1,1,46,1.541871613059302,60.90159944563359,0.0,0.0,0.99,8,exponential
q_learning,shaped_seed5,shaped,5,4a77b6e251,2172,183,82.34999999999994,93.97099999999999,0.05,0.15,42,success,1,1,0,0,43,4,0,1,1,42,1.1473655732372334,12.881796513982067,0.0,0.0,0.99,8,exponential
q_learning,shaped_seed5,shaped,5,4a77b6e251,2173,180,100.50000000000001,94.02,0.05,0.15,45,success,1,1,0,0,30,3,0,2,1,35,1.0956320234039685,12.013106937276447,0.0,0.0,0.99,8,exponential
q_learning,shaped_seed5,shaped,5,4a77b6e251,2174,178,97.60000000000001,94.089,0.05,0.15,47,success,1,1,0,0,28,4,0,1,1,31,0.9624461388933879,12.925726092507702,0.0,0.0,0.99,8,exponential
q_learning,shaped_seed5,shaped,5,4a77b6e251,2175,182,100.4,94.1305,0.05,0.15,43,success,1,1,0,0,30,3,0,1,1,34,1.032548905455622,12.488313259100472,0.0,0.0,0.99,8,exponential
q_learning,shaped_seed5,shaped,5,4a77b6e251,2176,184,62.30000000000003,93.89749999999997,0.05,0.15,41,success,1,1,0,0,48,7,0,1,1,43,1.4218689883098212,12.441156111795827,0.0,0.0,0.99,8,exponential
q_learning,shaped_seed5,shaped,5,4a77b6e251,2177,183,104.35000000000002,93.94799999999998,0.05,0.15,42,success,1,1,0,0,31,2,0,1,1,40,1.0459806362837383,11.48410282246752,0.0,0.0,0.99,8,exponential
q_learning,shaped_seed5,shaped,5,4a77b6e251,2178,178,100.6,93.95249999999999,0.05,0.15,47,success,1,1,0,0,30,3,0,1,1,32,1.0351231508712888,11.759015029532222,0.0,0.0,0.99,8,exponential
q_learning,shaped_seed5,shaped,5,4a77b6e251,2179,178,93.59999999999998,93.84299999999999,0.05,0.15,47,success,1,1,0,0,32,4,0,1,1,38,1.7239194561145053,63.22106583858023,0.0,0.0,0.99,8,exponential
q_learning,shaped_seed5,shaped,5,4a77b6e251,2180,183,95.35000000000002,93.82600000000001,0.05,0.15,42,success,1,1,0,0,35,3,0,1,1,36,0.9733316985339341,10.714302325136202,0.0,0.0,0.99,8,exponential
q_learning,shaped_seed5,shaped,5,4a77b6e251,2181,179,102.55000000000001,93.86699999999999,0.05,0.15,46,success,1,1,0,0,33,2,0,1,1,36,0.8895279302069546,9.612240551962515,0.0,0.0,0.99,8,exponential
q_learning,shaped_seed5,shaped,5,4a77b6e251,2182,178,97.60000000000001,93.9015,0.05,0.15,47,success,1,1,0,0,38,2,0,1,1,37,0.9787920656473578,10.151865563678342,0.0,0.0,0.99,8,exponential
q_learning,shaped_seed5,shaped,5,4a77b6e251,2183,225,-117.7499999999998,91.73849999999999,0.05,0.15,0,out_of_energy,0,0,1,0,69,12,0,0,1,49,1.2305895872698547,17.825488949687696,0.0,0.0,0.99,8,exponential
q_learning,shaped_seed5,shaped,5,4a77b6e251,2184,178,103.60000000000001,91.73,0.05,0.15,47,success,1,1,0,0,32,2,0,1,1,37,1.2428558243241163,21.235836994275818,0.0,0.0,0.99,8,exponential
q_learning,shaped_seed5,shaped,5,4a77b6e251,2185,183,100.35000000000001,91.7415,0.05,0.15,42,success,1,1,0,0,35,2,0,2,1,38,1.103259735476792,9.141844749733579,0.0,0.0,0.99,8,exponential
q_learning,shaped_seed5,shaped,5,4a77b6e251,2186,180,98.50000000000001,91.64299999999999,0.05,0.15,45,success,1,1,0,0,32,3,0,1,1,38,0.9855366823552619,10.643503363403497,0.0,0.0,0.99,8,exponential
q_learning,shaped_seed5,shaped,5,4a77b6e251,2187,182,95.40000000000002,91.56199999999998,0.05,0.15,43,success,1,1,0,0,40,2,0,1,1,43,1.0660503375519224,11.194136848444089,0.0,0.0,0.99,8,exponential
q_learning,shaped_seed5,shaped,5,4a77b6e251,2188,178,101.60000000000001,91.71350000000001,0.05,0.15,47,success,1,1,0,0,24,4,0,1,1,30,1.1071510805963525,12.013774239507484,0.0,0.0,0.99,8,exponential
q_learning,shaped_seed5,shaped,5,4a77b6e251,2189,181,92.44999999999995,91.6355,0.05,0.15,44,success,1,1,0,0,43,2,0,1,1,44,1.1907919732747279,18.587848964749952,0.0,0.0,0.99,8,exponential
q_learning,shaped_seed5,shaped,5,4a77b6e251,2190,188,105.10000000000001,91.744,0.05,0.15,37,success,1,1,0,0,30,2,0,2,1,37,1.1271679895418116,22.918457960283337,0.0,0.0,0.99,8,exponential
q_learning,shaped_seed5,shaped,5,4a77b6e251,2191,181,102.45000000000002,91.83300000000003,0.05,0.15,44,success,1,1,0,0,33,2,0,1,1,39,1.0799493161195641,13.391528659475682,0.0,0.0,0.99,8,exponential
q_learning,shaped_seed5,shaped,5,4a77b6e251,2192,179,110.54999999999998,91.8555,0.05,0.15,46,success,1,1,0,0,25,2,0,2,1,30,1.1653076661203943,21.651335311385665,0.0,0.0,0.99,8,exponential
q_learning,shaped_seed5,shaped,5,4a77b6e251,2193,180,91.5,91.727,0.05,0.15,45,success,1,1,0,0,34,4,0,1,1,33,1.2653669739691151,16.2875488884183,0.0,0.0,0.99,8,exponential
q_learning,shaped_seed5,shaped,5,4a77b6e251,2194,180,100.50000000000001,91.79700000000001,0.05,0.15,45,success,1,1,0,0,30,3,0,1,1,32,1.0625479229932489,11.434441875851604,0.0,0.0,0.99,8,exponential
q_learning,shaped_seed5,shaped,5,4a77b6e251,2195,177,102.65,91.75999999999998,0.05,0.15,48,success,1,1,0,0,33,2,0,1,1,34,0.9295516296959302,13.647429909316429,0.0,0.0,0.99,8,exponential
q_learning,shaped_seed5,shaped,5,4a77b6e251,2196,179,81.54999999999993,91.71099999999998,0.05,0.15,46,success,1,1,0,0,49,3,0,1,1,44,1.1601868856724566,10.401404041979191,0.0,0.0,0.99,8,exponential
q_learning,shaped_seed5,shaped,5,4a77b6e251,2197,180,77.4999999999999,91.5715,0.05,0.15,45,success,1,1,0,0,48,4,0,1,1,44,1.4107032573284388,28.735928962405563,0.0,0.0,0.99,8,exponential
q_learning,shaped_seed5,shaped,5,4a77b6e251,2198,179,93.55,91.722,0.05,0.15,46,success,1,1,0,0,37,3,0,2,1,29,1.1064707286947963,18.43402106892259,0.0,0.0,0.99,8,exponential
q_learning,shaped_seed5,shaped,5,4a77b6e251,2199,179,91.54999999999995,91.63299999999998,0.05,0.15,46,success,1,1,0,0,39,3,0,1,1,46,1.81632549790907,30.462224166977904,0.0,0.0,0.99,8,exponential
q_learning,shaped_seed5,shaped,5,4a77b6e251,2200,180,103.50000000000001,91.64249999999998,0.05,0.15,45,success,1,1,0,0,32,2,0,1,1,39,1.0418257912590279,9.870769037301443,0.0,0.0,0.99,8,exponential
q_learning,shaped_seed5,shaped,5,4a77b6e251,2201,189,102.05000000000001,91.73949999999996,0.05,0.15,36,success,1,1,0,0,33,2,0,1,1,41,1.0753087457626282,19.955919626213756,0.0,0.0,0.99,8,exponential
q_learning,shaped_seed5,shaped,5,4a77b6e251,2202,181,56.45000000000004,91.33899999999998,0.05,0.15,44,success,1,1,0,0,39,10,0,1,1,42,1.6405653778385187,48.54423939685599,0.0,0.0,0.99,8,exponential
q_learning,shaped_seed5,shaped,5,4a77b6e251,2203,179,104.55000000000001,91.56099999999998,0.05,0.15,46,success,1,1,0,0,31,2,0,1,1,33,1.0497150051183002,11.876714181899274,0.0,0.0,0.99,8,exponential
q_learning,shaped_seed5,shaped,5,4a77b6e251,2204,179,100.55000000000001,91.6305,0.05,0.15,46,success,1,1,0,0,35,2,0,1,1,38,1.137860316354594,13.75351893437977,0.0,0.0,0.99,8,exponential
q_learning,shaped_seed5,shaped,5,4a77b6e251,2205,179,102.55000000000001,91.7105,0.05,0.15,46,success,1,1,0,0,33,2,0,1,1,35,0.9886490686875601,12.160667342200767,0.0,0.0,0.99,8,exponential
q_learning,shaped_seed5,shaped,5,4a77b6e251,2206,191,105.95,91.61399999999998,0.05,0.15,34,success,1,1,0,0,29,2,0,1,1,30,1.0434724824909598,12.217846768486822,0.0,0.0,0.99,8,exponential
q_learning,shaped_seed5,shaped,5,4a77b6e251,2207,179,84.55,91.45549999999999,0.05,0.15,46,success,1,1,0,0,51,2,0,1,1,29,1.1603777483450324,24.499646702144418,0.0,0.0,0.99,8,exponential
q_learning,shaped_seed5,shaped,5,4a77b6e251,2208,181,100.45000000000002,91.545,0.05,0.15,44,success,1,1,0,0,35,2,0,1,1,35,0.9929109949726292,12.186194458851304,0.0,0.0,0.99,8,exponential
q_learning,shaped_seed5,shaped,5,4a77b6e251,2209,181,78.44999999999993,91.34400000000001,0.05,0.15,44,success,1,1,0,0,47,4,0,2,1,40,1.6112923801910393,58.022607763101846,0.0,0.0,0.99,8,exponential
q_learning,shaped_seed5,shaped,5,4a77b6e251,2210,176,101.7,91.33650000000002,0.05,0.15,49,success,1,1,0,0,34,2,0,1,1,33,1.2471475456238001,31.644189338135003,0.0,0.0,0.99,8,exponential
q_learning,shaped_seed5,shaped,5,4a77b6e251,2211,180,77.49999999999997,91.25650000000002,0.05,0.15,45,success,1,1,0,0,38,6,0,1,1,36,1.2952711816378797,27.322188270295246,0.0,0.0,0.99,8,exponential
q_learning,shaped_seed5,shaped,5,4a77b6e251,2212,177,99.65000000000002,91.278,0.05,0.15,48,success,1,1,0,0,31,3,0,1,1,34,1.180882466081982,16.82540950832762,0.0,0.0,0.99,8,exponential
q_learning,shaped_seed5,shaped,5,4a77b6e251,2213,183,83.34999999999992,91.278,0.05,0.15,42,success,1,1,0,0,47,3,0,2,1,49,1.3903529822829324,29.93564729154346,0.0,0.0,0.99,8,exponential
q_learning,shaped_seed5,shaped,5,4a77b6e251,2214,178,101.60000000000001,91.389,0.05,0.15,47,success,1,1,0,0,34,2,0,1,1,38,1.0627954776292936,13.354694368718526,0.0,0.0,0.99,8,exponential
q_learning,shaped_seed5,shaped,5,4a77b6e251,2215,178,101.60000000000001,91.37800000000001,0.05,0.15,47,success,1,1,0,0,34,2,0,1,1,35,1.009171770558607,12.708257206935173,0.0,0.0,0.99,8,exponential
q_learning,shaped_seed5,shaped,5,4a77b6e251,2216,184,89.29999999999997,91.2375,0.05,0.15,41,success,1,1,0,0,36,4,0,2,1,38,1.207375292848712,13.178744840114526,0.0,0.0,0.99,8,exponential
q_learning,shaped_seed5,shaped,5,4a77b6e251,2217,180,98.50000000000001,91.258,0.05,0.15,45,success,1,1,0,0,32,3,0,1,1,36,1.054877504819516,13.041124249617269,0.0,0.0,0.99,8,exponential
q_learning,shaped_seed5,shaped,5,4a77b6e251,2218,180,89.5,91.16949999999999,0.05,0.15,45,success,1,1,0,0,46,2,0,2,1,44,1.1060222139481533,14.340779864630598,0.0,0.0,0.99,8,exponential
q_learning,shaped_seed5,shaped,5,4a77b6e251,2219,183,93.35000000000002,91.079,0.05,0.15,42,success,1,1,0,0,37,3,0,1,1,34,1.2106941212460247,13.29499555973814,0.0,0.0,0.99,8,exponential
q_learning,shaped_seed5,shaped,5,4a77b6e251,2220,187,98.15000000000002,91.04649999999998,0.05,0.15,38,success,1,1,0,0,37,2,0,1,1,39,1.639733219655254,60.87582407052532,0.0,0.0,0.99,8,exponential
q_learning,shaped_seed5,shaped,5,4a77b6e251,2221,178,88.59999999999994,90.9885,0.05,0.15,47,success,1,1,0,0,42,3,0,1,1,41,1.5361198126304307,54.77478141862177,0.0,0.0,0.99,8,exponential
q_learning,shaped_seed5,shaped,5,4a77b6e251,2222,178,91.6,91.16149999999999,0.05,0.15,47,success,1,1,0,0,44,2,0,1,1,40,1.1209433092977612,13.009729717825621,0.0,0.0,0.99,8,exponential
q_learning,shaped_seed5,shaped,5,4a77b6e251,2223,183,100.35,91.351,0.05,0.15,42,success,1,1,0,0,35,2,0,1,1,37,1.0000898364214772,12.11308399822731,0.0,0.0,0.99,8,exponential
q_learning,shaped_seed5,shaped,5,4a77b6e251,2224,179,85.54999999999998,91.53399999999999,0.05,0.15,46,success,1,1,0,0,35,5,0,1,1,39,1.2411721114114995,11.42320899272984,0.0,0.0,0.99,8,exponential
q_learning,shaped_seed5,shaped,5,4a77b6e251,2225,178,97.60000000000002,91.60749999999999,0.05,0.15,47,success,1,1,0,0,38,2,0,1,1,35,0.9848133513695825,13.077122741016524,0.0,0.0,0.99,8,exponential
q_learning,shaped_seed5,shaped,5,4a77b6e251,2226,184,101.30000000000001,91.60649999999998,0.05,0.15,41,success,1,1,0,0,34,2,0,1,1,36,1.1117572337516954,12.050681729041258,0.0,0.0,0.99,8,exponential
q_learning,shaped_seed5,shaped,5,4a77b6e251,2227,178,83.59999999999991,91.68699999999998,0.05,0.15,47,success,1,1,0,0,42,4,0,1,1,38,1.3108143732213755,22.04022981100006,0.0,0.0,0.99,8,exponential
q_learning,shaped_seed5,shaped,5,4a77b6e251,2228,180,82.49999999999993,91.49699999999999,0.05,0.15,45,success,1,1,0,0,38,5,0,2,1,39,1.2532286887884703,26.69228559329133,0.0,0.0,0.99,8,exponential
q_learning,shaped_seed5,shaped,5,4a77b6e251,2229,181,100.45000000000002,91.589,0.05,0.15,44,success,1,1,0,0,35,2,0,1,1,39,1.2167247534048253,41.107760907651205,0.0,0.0,0.99,8,exponential
q_learning,shaped_seed5,shaped,5,4a77b6e251,2230,179,93.55000000000001,91.66799999999999,0.05,0.15,46,success,1,1,0,0,37,3,0,1,1,33,1.1369256778086054,22.62950800982163,0.0,0.0,0.99,8,exponential
q_learning,shaped_seed5,shaped,5,4a77b6e251,2231,180,105.50000000000001,91.7565,0.05,0.15,45,success,1,1,0,0,30,2,0,1,1,38,1.3536750729246851,25.81789502981376,0.0,0.0,0.99,8,exponential
q_learning,shaped_seed5,shaped,5,4a77b6e251,2232,181,100.45000000000002,91.916,0.05,0.15,44,success,1,1,0,0,35,2,0,1,1,35,1.0000232867784036,10.514085689304096,0.0,0.0,0.99,8,exponential
q_learning,shaped_seed5,shaped,5,4a77b6e251,2233,181,106.45000000000003,91.897,0.05,0.15,44,success,1,1,0,0,29,2,0,1,1,25,1.6012991856355332,39.52480940117799,0.0,0.0,0.99,8,exponential
q_learning,shaped_seed5,shaped,5,4a77b6e251,2234,177,87.64999999999999,92.0485,0.05,0.15,48,success,1,1,0,0,43,3,0,1,1,42,1.1280288953473874,9.919104524833827,0.0,0.0,0.99,8,exponential
q_learning,shaped_seed5,shaped,5,4a77b6e251,2235,182,98.40000000000002,92.038,0.05,0.15,43,success,1,1,0,0,32,3,0,1,1,35,1.0492879327801983,10.199496463874453,0.0,0.0,0.99,8,exponential
q_learning,shaped_seed5,shaped,5,4a77b6e251,2236,177,88.64999999999998,92.08949999999999,0.05,0.15,48,success,1,1,0,0,37,4,0,1,1,40,1.245581557386552,44.491433932190176,0.0,0.0,0.99,8,exponential
q_learning,shaped_seed5,shaped,5,4a77b6e251,2237,182,105.40000000000002,92.208,0.05,0.15,43,success,1,1,0,0,30,2,0,1,1,30,0.9738780027570175,8.913995658019275,0.0,0.0,0.99,8,exponential
q_learning,shaped_seed5,shaped,5,4a77b6e251,2238,182,72.39999999999992,91.99899999999998,0.05,0.15,43,success,1,1,0,0,38,7,0,1,1,40,1.2610374545293526,10.38241175237723,0.0,0.0,0.99,8,exponential
q_learning,shaped_seed5,shaped,5,4a77b6e251,2239,180,79.49999999999997,91.96350000000001,0.05,0.15,45,success,1,1,0,0,36,6,0,1,1,39,1.4070838760145312,38.83343720980304,0.0,0.0,0.99,8,exponential
q_learning,shaped_seed5,shaped,5,4a77b6e251,2240,180,92.5,92.08349999999999,0.05,0.15,45,success,1,1,0,0,38,3,0,1,1,35,1.1764605369295846,10.454705861217544,0.0,0.0,0.99,8,exponential
q_learning,shaped_seed5,shaped,5,4a77b6e251,2241,178,99.60000000000001,92.223,0.05,0.15,47,success,1,1,0,0,36,2,0,1,1,36,1.0745928246584258,18.510469429441457,0.0,0.0,0.99,8,exponential
q_learning,shaped_seed5,shaped,5,4a77b6e251,2242,178,100.60000000000002,92.45400000000001,0.05,0.15,47,success,1,1,0,0,30,3,0,1,1,36,0.9788218718218026,8.772868221104417,0.0,0.0,0.99,8,exponential
q_learning,shaped_seed5,shaped,5,4a77b6e251,2243,179,85.54999999999993,92.35650000000001,0.05,0.15,46,success,1,1,0,0,35,5,0,1,1,30,1.0322259932994564,12.114230805303478,0.0,0.0,0.99,8,exponential
q_learning,shaped_seed5,shaped,5,4a77b6e251,2244,179,81.54999999999997,92.186,0.05,0.15,46,success,1,1,0,0,39,5,0,1,1,36,1.2112537411208903,14.833019754790019,0.0,0.0,0.99,8,exponential
q_learning,shaped_seed5,shaped,5,4a77b6e251,2245,181,112.44999999999997,92.30699999999999,0.05,0.15,44,success,1,1,0,0,23,2,0,1,1,32,0.9768211912997501,10.06429391365269,0.0,0.0,0.99,8,exponential
q_learning,shaped_seed5,shaped,5,4a77b6e251,2246,183,95.35000000000002,92.195,0.05,0.15,42,success,1,1,0,0,35,3,0,2,1,39,1.0247902748332864,8.517099473916588,0.0,0.0,0.99,8,exponential
q_learning,shaped_seed5,shaped,5,4a77b6e251,2247,177,100.65,92.337,0.05,0.15,48,success,1,1,0,0,35,2,0,1,1,39,0.9700559089759977,9.932461968259858,0.0,0.0,0.99,8,exponential
q_learning,shaped_seed5,shaped,5,4a77b6e251,2248,181,82.44999999999997,92.16650000000001,0.05,0.15,44,success,1,1,0,0,33,6,0,1,1,38,1.2755458999988758,10.575226935626176,0.0,0.0,0.99,8,exponential
q_learning,shaped_seed5,shaped,5,4a77b6e251,2249,179,99.55000000000003,92.1965,0.05,0.15,46,success,1,1,0,0,31,3,0,1,1,30,0.9180000698353684,8.569312547945827,0.0,0.0,0.99,8,exponential
q_learning,shaped_seed5,shaped,5,4a77b6e251,2250,180,82.49999999999994,92.15749999999998,0.05,0.15,45,success,1,1,0,0,38,5,0,1,1,41,1.117260730821618,11.109934886652447,0.0,0.0,0.99,8,exponential
q_learning,shaped_seed5,shaped,5,4a77b6e251,2251,178,91.59999999999998,92.23649999999999,0.05,0.15,47,success,1,1,0,0,34,4,0,1,1,39,1.1198754430795093,16.25946541990021,0.0,0.0,0.99,8,exponential
q_learning,shaped_seed5,shaped,5,4a77b6e251,2252,179,94.55000000000003,92.21699999999998,0.05,0.15,46,success,1,1,0,0,41,2,0,1,1,41,1.108778077654269,11.984650350546492,0.0,0.0,0.99,8,exponential
q_learning,shaped_seed5,shaped,5,4a77b6e251,2253,180,93.50000000000001,92.1465,0.05,0.15,45,success,1,1,0,0,42,2,0,1,1,37,1.0612076709738325,10.558721146946162,0.0,0.0,0.99,8,exponential
q_learning,shaped_seed5,shaped,5,4a77b6e251,2254,178,97.60000000000002,92.1675,0.05,0.15,47,success,1,1,0,0,38,2,0,1,1,42,1.0659563412809507,12.298145606541445,0.0,0.0,0.99,8,exponential
q_learning,shaped_seed5,shaped,5,4a77b6e251,2255,181,110.45,92.65899999999999,0.05,0.15,44,success,1,1,0,0,25,2,0,1,1,34,1.003047881240853,8.776105897077414,0.0,0.0,0.99,8,exponential
q_learning,shaped_seed5,shaped,5,4a77b6e251,2256,181,105.45000000000002,92.82750000000001,0.05,0.15,44,success,1,1,0,0,25,3,0,2,1,30,1.2323474144697981,35.904928728730866,0.0,0.0,0.99,8,exponential
q_learning,shaped_seed5,shaped,5,4a77b6e251,2257,178,95.6,92.748,0.05,0.15,47,success,1,1,0,0,30,4,0,1,1,29,1.118711548537598,16.68109738992024,0.0,0.0,0.99,8,exponential
q_learning,shaped_seed5,shaped,5,4a77b6e251,2258,179,97.55000000000003,92.69800000000001,0.05,0.15,46,success,1,1,0,0,33,3,0,1,1,37,1.0678163447202398,16.119590875183135,0.0,0.0,0.99,8,exponential
q_learning,shaped_seed5,shaped,5,4a77b6e251,2259,178,92.59999999999994,92.6605,0.05,0.15,47,success,1,1,0,0,38,3,0,1,1,43,1.221751205784319,9.753712114546232,0.0,0.0,0.99,8,exponential
q_learning,shaped_seed5,shaped,5,4a77b6e251,2260,177,98.65000000000002,92.66249999999998,0.05,0.15,48,success,1,1,0,0,37,2,0,1,1,37,1.0064541891181649,10.447325647580925,0.0,0.0,0.99,8,exponential
q_learning,shaped_seed5,shaped,5,4a77b6e251,2261,176,95.70000000000002,92.61399999999998,0.05,0.15,49,success,1,1,0,0,30,4,0,1,1,37,1.1541151448985323,18.62272461012931,0.0,0.0,0.99,8,exponential
q_learning,shaped_seed5,shaped,5,4a77b6e251,2262,180,101.5,92.6045,0.05,0.15,45,success,1,1,0,0,34,2,0,2,1,36,1.0653785829329747,13.31658602605706,0.0,0.0,0.99,8,exponential
q_learning,shaped_seed5,shaped,5,4a77b6e251,2263,179,96.55000000000001,92.704,0.05,0.15,46,success,1,1,0,0,39,2,0,1,1,39,1.783502743239511,56.095691267837864,0.0,0.0,0.99,8,exponential
q_learning,shaped_seed5,shaped,5,4a77b6e251,2264,184,99.30000000000001,92.7125,0.05,0.15,41,success,1,1,0,0,36,2,0,2,1,42,1.2559868447172837,21.764036446262217,0.0,0.0,0.99,8,exponential
q_learning,shaped_seed5,shaped,5,4a77b6e251,2265,178,96.60000000000001,92.71499999999997,0.05,0.15,47,success,1,1,0,0,34,3,0,1,1,36,0.946961595985653,9.120566435460532,0.0,0.0,0.99,8,exponential
q_learning,shaped_seed5,shaped,5,4a77b6e251,2266,181,98.45000000000002,92.744,0.05,0.15,44,success,1,1,0,0,37,2,0,1,1,32,0.9592300989325829,9.076366889971538,0.0,0.0,0.99,8,exponential
q_learning,shaped_seed5,shaped,5,4a77b6e251,2267,179,100.55000000000001,92.86449999999999,0.05,0.15,46,success,1,1,0,0,35,2,0,1,1,30,1.1907150996015832,41.03150891207443,0.0,0.0,0.99,8,exponential
q_learning,shaped_seed5,shaped,5,4a77b6e251,2268,177,98.65,92.79599999999999,0.05,0.15,48,success,1,1,0,0,37,2,0,1,1,33,1.0157971995638702,9.670318707924906,0.0,0.0,0.99,8,exponential
q_learning,shaped_seed5,shaped,5,4a77b6e251,2269,178,102.6,92.8855,0.05,0.15,47,success,1,1,0,0,28,3,0,1,1,38,1.0959453500356002,11.083185823884932,0.0,0.0,0.99,8,exponential
q_learning,shaped_seed5,shaped,5,4a77b6e251,2270,181,99.45000000000002,92.84299999999999,0.05,0.15,44,success,1,1,0,0,31,3,0,1,1,32,1.0298062598519224,10.365772185020191,0.0,0.0,0.99,8,exponential
q_learning,shaped_seed5,shaped,5,4a77b6e251,2271,180,92.49999999999999,93.0315,0.05,0.15,45,success,1,1,0,0,38,3,0,1,1,46,1.1736129133419553,27.278621425289742,0.0,0.0,0.99,8,exponential
q_learning,shaped_seed5,shaped,5,4a77b6e251,2272,177,98.65000000000002,93.1945,0.05,0.15,48,success,1,1,0,0,37,2,0,1,1,40,1.0612566532584258,10.712882884018498,0.0,0.0,0.99,8,exponential
q_learning,shaped_seed5,shaped,5,4a77b6e251,2273,177,103.65,93.22599999999998,0.05,0.15,48,success,1,1,0,0,27,3,0,1,1,24,1.383207041723377,51.47960330672688,0.0,0.0,0.99,8,exponential
q_learning,shaped_seed5,shaped,5,4a77b6e251,2274,181,91.44999999999999,93.16449999999999,0.05,0.15,44,success,1,1,0,0,39,3,0,1,1,40,1.0776520884039011,13.596924126927288,0.0,0.0,0.99,8,exponential
q_learning,shaped_seed5,shaped,5,4a77b6e251,2275,181,87.44999999999997,93.035,0.05,0.15,44,success,1,1,0,0,43,3,0,1,1,42,1.3224613178039601,25.4011695788759,0.0,0.0,0.99,8,exponential
q_learning,shaped_seed5,shaped,5,4a77b6e251,2276,178,83.59999999999994,93.248,0.05,0.15,47,success,1,1,0,0,42,4,0,1,1,47,1.1346262322364047,10.109877357965878,0.0,0.0,0.99,8,exponential
q_learning,shaped_seed5,shaped,5,4a77b6e251,2277,178,91.59999999999998,93.12050000000004,0.05,0.15,47,success,1,1,0,0,34,4,0,1,1,33,1.1497105694739307,10.942955186282823,0.0,0.0,0.99,8,exponential
q_learning,shaped_seed5,shaped,5,4a77b6e251,2278,178,88.59999999999994,93.00050000000002,0.05,0.15,47,success,1,1,0,0,42,3,0,1,1,41,1.1687714912055347,15.460054567757876,0.0,0.0,0.99,8,exponential
q_learning,shaped_seed5,shaped,5,4a77b6e251,2279,187,88.14999999999998,92.946,0.05,0.15,38,success,1,1,0,0,47,2,0,1,1,53,1.0321976381995748,9.651342422738615,0.0,0.0,0.99,8,exponential
q_learning,shaped_seed5,shaped,5,4a77b6e251,2280,187,85.14999999999998,92.844,0.05,0.15,38,success,1,1,0,0,35,5,0,3,1,40,1.6700923157764576,86.06439074235551,0.0,0.0,0.99,8,exponential
q_learning,shaped_seed5,shaped,5,4a77b6e251,2281,180,101.5,92.8335,0.05,0.15,45,success,1,1,0,0,34,2,0,1,1,32,1.010204499452411,18.778129900617216,0.0,0.0,0.99,8,exponential
q_learning,shaped_seed5,shaped,5,4a77b6e251,2282,184,95.30000000000001,92.81049999999999,0.05,0.15,41,success,1,1,0,0,40,2,0,2,1,37,0.9854511977293927,12.377398420281494,0.0,0.0,0.99,8,exponential
q_learning,shaped_seed5,shaped,5,4a77b6e251,2283,179,108.55000000000001,95.07349999999997,0.05,0.15,46,success,1,1,0,0,27,2,0,2,1,26,0.9121312836715344,10.34095376658383,0.0,0.0,0.99,8,exponential
q_learning,shaped_seed5,shaped,5,4a77b6e251,2284,178,101.60000000000001,95.05349999999999,0.05,0.15,47,success,1,1,0,0,34,2,0,1,1,34,1.0435655705529587,10.873147314894318,0.0,0.0,0.99,8,exponential
q_learning,shaped_seed5,shaped,5,4a77b6e251,2285,179,97.55,95.02549999999998,0.05,0.15,46,success,1,1,0,0,33,3,0,1,1,36,0.9970191708121745,10.304271268674334,0.0,0.0,0.99,8,exponential
q_learning,shaped_seed5,shaped,5,4a77b6e251,2286,179,106.55000000000003,95.10599999999997,0.05,0.15,46,success,1,1,0,0,29,2,0,1,1,30,0.871159144614831,10.1704417937882,0.0,0.0,0.99,8,exponential
q_learning,shaped_seed5,shaped,5,4a77b6e251,2287,178,100.60000000000001,95.15799999999999,0.05,0.15,47,success,1,1,0,0,30,3,0,1,1,33,1.0089568377477631,10.636829019811643,0.0,0.0,0.99,8,exponential
q_learning,shaped_seed5,shaped,5,4a77b6e251,2288,181,93.45000000000002,95.0765,0.05,0.15,44,success,1,1,0,0,37,3,0,1,1,39,1.0420453172245072,10.592719460812944,0.0,0.0,0.99,8,exponential
q_learning,shaped_seed5,shaped,5,4a77b6e251,2289,185,93.25000000000001,95.0845,0.05,0.15,40,success,1,1,0,0,37,3,0,2,1,36,1.9494328258910443,29.74047952592047,0.0,0.0,0.99,8,exponential
q_learning,shaped_seed5,shaped,5,4a77b6e251,2290,185,101.25000000000001,95.046,0.05,0.15,40,success,1,1,0,0,29,3,0,1,1,30,0.9557161337556811,10.908214273452856,0.0,0.0,0.99,8,exponential
q_learning,shaped_seed5,shaped,5,4a77b6e251,2291,182,89.4,94.91550000000001,0.05,0.15,43,success,1,1,0,0,46,2,0,1,1,44,1.005738158628394,12.570890241250979,0.0,0.0,0.99,8,exponential
q_learning,shaped_seed5,shaped,5,4a77b6e251,2292,177,90.64999999999996,94.71649999999998,0.05,0.15,48,success,1,1,0,0,35,4,0,1,1,38,1.1349272049877963,15.544508538266783,0.0,0.0,0.99,8,exponential
q_learning,shaped_seed5,shaped,5,4a77b6e251,2293,181,96.45,94.76599999999999,0.05,0.15,44,success,1,1,0,0,39,2,0,2,1,40,1.406759914961561,47.01514526881766,0.0,0.0,0.99,8,exponential
q_learning,shaped_seed5,shaped,5,4a77b6e251,2294,176,75.70000000000002,94.51799999999999,0.05,0.15,49,success,1,1,0,0,40,6,0,1,1,48,1.4139263203933679,38.50940780535096,0.0,0.0,0.99,8,exponential
q_learning,shaped_seed5,shaped,5,4a77b6e251,2295,178,85.59999999999995,94.3475,0.05,0.15,47,success,1,1,0,0,50,2,0,1,1,38,1.456685505636511,55.15157933163974,0.0,0.0,0.99,8,exponential
q_learning,shaped_seed5,shaped,5,4a77b6e251,2296,176,98.7,94.51900000000002,0.05,0.15,49,success,1,1,0,0,32,3,0,1,1,32,1.4291794335046208,45.505861779580385,0.0,0.0,0.99,8,exponential
q_learning,shaped_seed5,shaped,5,4a77b6e251,2297,180,107.49999999999993,94.81900000000002,0.05,0.15,45,success,1,1,0,0,28,2,0,1,1,31,1.003773080560511,11.28845556963202,0.0,0.0,0.99,8,exponential
q_learning,shaped_seed5,shaped,5,4a77b6e251,2298,181,90.45,94.78800000000001,0.05,0.15,44,success,1,1,0,0,35,4,0,1,1,36,1.146194792043063,12.251678076386202,0.0,0.0,0.99,8,exponential
q_learning,shaped_seed5,shaped,5,4a77b6e251,2299,181,90.45000000000002,94.777,0.05,0.15,44,success,1,1,0,0,45,2,0,1,1,40,1.1635655580355726,16.00661686826969,0.0,0.0,0.99,8,exponential
q_learning,shaped_seed5,shaped,5,4a77b6e251,2300,185,97.25000000000001,94.7145,0.05,0.15,40,success,1,1,0,0,33,3,0,1,1,29,1.0156125779627396,11.106104432660004,0.0,0.0,0.99,8,exponential
q_learning,shaped_seed5,shaped,5,4a77b6e251,2301,182,94.4,94.638,0.05,0.15,43,success,1,1,0,0,36,3,0,2,1,38,1.3968810742299302,24.896012863384197,0.0,0.0,0.99,8,exponential
q_learning,shaped_seed5,shaped,5,4a77b6e251,2302,181,101.45,95.08800000000001,0.05,0.15,44,success,1,1,0,0,29,3,0,1,1,32,0.9951903027821128,10.751704775506951,0.0,0.0,0.99,8,exponential
q_learning,shaped_seed5,shaped,5,4a77b6e251,2303,182,99.40000000000002,95.03649999999999,0.05,0.15,43,success,1,1,0,0,26,4,0,1,1,33,1.051834367108807,11.946493169373426,0.0,0.0,0.99,8,exponential
q_learning,shaped_seed5,shaped,5,4a77b6e251,2304,179,96.55000000000001,94.9965,0.05,0.15,46,success,1,1,0,0,29,4,0,1,1,29,1.1778681015660732,18.431744857804325,0.0,0.0,0.99,8,exponential
q_learning,shaped_seed5,shaped,5,4a77b6e251,2305,183,108.35000000000002,95.0545,0.05,0.15,42,success,1,1,0,0,27,2,0,2,1,37,1.045649689801352,10.636231006129478,0.0,0.0,0.99,8,exponential
q_learning,shaped_seed5,shaped,5,4a77b6e251,2306,185,86.24999999999999,94.8575,0.05,0.15,40,success,1,1,0,0,39,4,0,1,1,38,1.0782718244327125,11.10196798588531,0.0,0.0,0.99,8,exponential
q_learning,shaped_seed5,shaped,5,4a77b6e251,2307,178,87.59999999999994,94.88799999999999,0.05,0.15,47,success,1,1,0,0,38,4,0,1,1,38,1.0770230555449283,12.286795716353495,0.0,0.0,0.99,8,exponential
q_learning,shaped_seed5,shaped,5,4a77b6e251,2308,182,89.4,94.7775,0.05,0.15,43,success,1,1,0,0,36,4,0,1,1,34,1.1643874482498622,10.996065992518453,0.0,0.0,0.99,8,exponential
q_learning,shaped_seed5,shaped,5,4a77b6e251,2309,182,94.4,94.93699999999998,0.05,0.15,43,success,1,1,0,0,36,3,0,2,1,35,1.0282483045578457,10.551722041669393,0.0,0.0,0.99,8,exponential
q_learning,shaped_seed5,shaped,5,4a77b6e251,2310,179,98.55000000000001,94.90549999999998,0.05,0.15,46,success,1,1,0,0,37,2,0,1,1,37,1.0302015246854337,10.679387173604844,0.0,0.0,0.99,8,exponential
q_learning,shaped_seed5,shaped,5,4a77b6e251,2311,181,90.44999999999993,95.035,0.05,0.15,44,success,1,1,0,0,35,4,0,1,1,34,1.130796941655292,10.266769487104575,0.0,0.0,0.99,8,exponential
q_learning,shaped_seed5,shaped,5,4a77b6e251,2312,186,95.2,94.99050000000001,0.05,0.15,39,success,1,1,0,0,40,2,0,2,1,37,1.1262719586916339,17.777375699537906,0.0,0.0,0.99,8,exponential
q_learning,shaped_seed5,shaped,5,4a77b6e251,2313,180,93.5,95.09200000000001,0.05,0.15,45,success,1,1,0,0,32,4,0,1,1,36,1.3924382697459736,42.176796892567076,0.0,0.0,0.99,8,exponential
q_learning,shaped_seed5,shaped,5,4a77b6e251,2314,187,98.15,95.05750000000002,0.05,0.15,38,success,1,1,0,0,37,2,0,1,1,37,1.2734991826816604,36.037814624209844,0.0,0.0,0.99,8,exponential
q_learning,shaped_seed5,shaped,5,4a77b6e251,2315,183,97.35000000000002,95.015,0.05,0.15,42,success,1,1,0,0,33,3,0,1,1,31,1.327519019015339,26.89469921929551,0.0,0.0,0.99,8,exponential
q_learning,shaped_seed5,shaped,5,4a77b6e251,2316,180,99.5,95.117,0.05,0.15,45,success,1,1,0,0,36,2,0,1,1,45,1.0648047027621916,11.057497109268361,0.0,0.0,0.99,8,exponential
q_learning,shaped_seed5,shaped,5,4a77b6e251,2317,183,103.35000000000002,95.16550000000001,0.05,0.15,42,success,1,1,0,0,27,3,0,1,1,39,1.0622544412842125,11.735579419369188,0.0,0.0,0.99,8,exponential
q_learning,shaped_seed5,shaped,5,4a77b6e251,2318,190,92.0,95.19050000000001,0.05,0.15,35,success,1,1,0,0,38,3,0,2,1,43,1.077616809576278,9.942018088830693,0.0,0.0,0.99,8,exponential
q_learning,shaped_seed5,shaped,5,4a77b6e251,2319,181,102.45000000000002,95.28150000000001,0.05,0.15,44,success,1,1,0,0,33,2,0,1,1,37,1.0502507622221173,13.089083589575125,0.0,0.0,0.99,8,exponential
q_learning,shaped_seed5,shaped,5,4a77b6e251,2320,181,100.45,95.30450000000002,0.05,0.15,44,success,1,1,0,0,35,2,0,1,1,40,0.978619461945798,11.796554197622328,0.0,0.0,0.99,8,exponential
q_learning,shaped_seed5,shaped,5,4a77b6e251,2321,177,93.65000000000002,95.35500000000002,0.05,0.15,48,success,1,1,0,0,37,3,0,1,1,39,0.9723716489739825,12.887581051171509,0.0,0.0,0.99,8,exponential
q_learning,shaped_seed5,shaped,5,4a77b6e251,2322,177,85.6499999999999,95.29549999999999,0.05,0.15,48,success,1,1,0,0,45,3,0,1,1,47,1.311123063106235,15.811288373278654,0.0,0.0,0.99,8,exponential
q_learning,shaped_seed5,shaped,5,4a77b6e251,2323,177,89.64999999999998,95.1885,0.05,0.15,48,success,1,1,0,0,41,3,0,1,1,38,1.2252176068190181,23.615815097824076,0.0,0.0,0.99,8,exponential
q_learning,shaped_seed5,shaped,5,4a77b6e251,2324,186,96.2,95.295,0.05,0.15,39,success,1,1,0,0,34,3,0,2,1,35,1.0272195797287402,10.847266624082295,0.0,0.0,0.99,8,exponential
q_learning,shaped_seed5,shaped,5,4a77b6e251,2325,182,95.40000000000002,95.273,0.05,0.15,43,success,1,1,0,0,40,2,0,1,1,32,1.0511691442635092,16.334844438052215,0.0,0.0,0.99,8,exponential
q_learning,shaped_seed5,shaped,5,4a77b6e251,2326,180,107.49999999999994,95.335,0.05,0.15,45,success,1,1,0,0,28,2,0,1,1,24,0.9915952366229334,11.894681428760393,0.0,0.0,0.99,8,exponential
q_learning,shaped_seed5,shaped,5,4a77b6e251,2327,178,85.59999999999997,95.355,0.05,0.15,47,success,1,1,0,0,40,4,0,2,1,37,1.2553949289131003,17.627360199831948,0.0,0.0,0.99,8,exponential
q_learning,shaped_seed5,shaped,5,4a77b6e251,2328,177,98.65,95.5165,0.05,0.15,48,success,1,1,0,0,27,4,0,1,1,30,1.111925202745596,11.69470161995143,0.0,0.0,0.99,8,exponential
q_learning,shaped_seed5,shaped,5,4a77b6e251,2329,177,104.65,95.55850000000001,0.05,0.15,48,success,1,1,0,0,31,2,0,1,1,38,1.0291683085774375,12.273719527132556,0.0,0.0,0.99,8,exponential
q_learning,shaped_seed5,shaped,5,4a77b6e251,2330,176,89.69999999999997,95.52000000000002,0.05,0.15,49,success,1,1,0,0,36,4,0,1,1,30,1.4645505711228972,38.906725308493264,0.0,0.0,0.99,8,exponential
q_learning,shaped_seed5,shaped,5,4a77b6e251,2331,178,99.60000000000001,95.461,0.05,0.15,47,success,1,1,0,0,36,2,0,2,1,35,1.0018240459339716,10.43232084452741,0.0,0.0,0.99,8,exponential
q_learning,shaped_seed5,shaped,5,4a77b6e251,2332,180,99.50000000000001,95.45150000000001,0.05,0.15,45,success,1,1,0,0,36,2,0,1,1,32,1.5864680216638993,45.506337744769574,0.0,0.0,0.99,8,exponential
q_learning,shaped_seed5,shaped,5,4a77b6e251,2333,179,90.54999999999998,95.29250000000002,0.05,0.15,46,success,1,1,0,0,35,4,0,2,1,35,1.7878534397941037,42.11170014314468,0.0,0.0,0.99,8,exponential
q_learning,shaped_seed5,shaped,5,4a77b6e251,2334,171,104.95000000000002,95.4655,0.05,0.15,54,success,1,1,0,0,31,2,0,1,1,37,1.7269131194665286,98.36668671812569,0.0,0.0,0.99,8,exponential
q_learning,shaped_seed5,shaped,5,4a77b6e251,2335,178,95.6,95.43750000000001,0.05,0.15,47,success,1,1,0,0,30,4,0,1,1,33,1.4391495620864485,22.202747219416523,0.0,0.0,0.99,8,exponential
q_learning,shaped_seed5,shaped,5,4a77b6e251,2336,184,88.3,95.434,0.05,0.15,41,success,1,1,0,0,42,3,0,1,1,36,1.2758787609671203,16.24205368883544,0.0,0.0,0.99,8,exponential
q_learning,shaped_seed5,shaped,5,4a77b6e251,2337,178,93.60000000000001,95.31600000000002,0.05,0.15,47,success,1,1,0,0,42,2,0,2,1,34,1.4082876903578885,35.847254650701935,0.0,0.0,0.99,8,exponential
q_learning,shaped_seed5,shaped,5,4a77b6e251,2338,178,88.59999999999997,95.47800000000001,0.05,0.15,47,success,1,1,0,0,42,3,0,1,1,41,1.333828746495491,31.686197938191327,0.0,0.0,0.99,8,exponential
q_learning,shaped_seed5,shaped,5,4a77b6e251,2339,180,90.49999999999997,95.588,0.05,0.15,45,success,1,1,0,0,40,3,0,2,1,41,1.0290926927694728,13.254485695053049,0.0,0.0,0.99,8,exponential
q_learning,shaped_seed5,shaped,5,4a77b6e251,2340,180,97.50000000000001,95.638,0.05,0.15,45,success,1,1,0,0,38,2,0,1,1,37,1.3312975419208743,28.57730637706817,0.0,0.0,0.99,8,exponential
q_learning,shaped_seed5,shaped,5,4a77b6e251,2341,182,90.4,95.54599999999999,0.05,0.15,43,success,1,1,0,0,40,3,0,1,1,40,1.4950791272420074,40.105438451471734,0.0,0.0,0.99,8,exponential
q_learning,shaped_seed5,shaped,5,4a77b6e251,2342,178,85.59999999999994,95.396,0.05,0.15,47,success,1,1,0,0,40,4,0,1,1,36,1.4195173494493587,38.702573581403655,0.0,0.0,0.99,8,exponential
q_learning,shaped_seed5,shaped,5,4a77b6e251,2343,178,89.59999999999998,95.4365,0.05,0.15,47,success,1,1,0,0,46,2,0,1,1,29,1.7018009188938823,46.627151895810044,0.0,0.0,0.99,8,exponential
q_learning,shaped_seed5,shaped,5,4a77b6e251,2344,180,83.49999999999996,95.456,0.05,0.15,45,success,1,1,0,0,42,4,0,1,1,44,1.4239453399944213,27.92110002852195,0.0,0.0,0.99,8,exponential
q_learning,shaped_seed5,shaped,5,4a77b6e251,2345,182,99.40000000000002,95.32549999999999,0.05,0.15,43,success,1,1,0,0,36,2,0,1,1,32,1.564129663374731,29.38022745358968,0.0,0.0,0.99,8,exponential
q_learning,shaped_seed5,shaped,5,4a77b6e251,2346,176,82.69999999999996,95.19900000000001,0.05,0.15,49,success,1,1,0,0,48,3,0,1,1,37,1.1117012490866756,11.590659985549017,0.0,0.0,0.99,8,exponential
q_learning,shaped_seed5,shaped,5,4a77b6e251,2347,179,106.55,95.25799999999998,0.05,0.15,46,success,1,1,0,0,29,2,0,1,1,27,1.5383633213490082,38.82891605900718,0.0,0.0,0.99,8,exponential
q_learning,shaped_seed5,shaped,5,4a77b6e251,2348,179,89.55,95.32899999999998,0.05,0.15,46,success,1,1,0,0,41,3,0,1,1,38,1.0954118710949003,10.682444866938155,0.0,0.0,0.99,8,exponential
q_learning,shaped_seed5,shaped,5,4a77b6e251,2349,182,96.40000000000002,95.29749999999999,0.05,0.15,43,success,1,1,0,0,34,3,0,2,1,32,1.0892674286984059,12.578365589241763,0.0,0.0,0.99,8,exponential
q_learning,shaped_seed5,shaped,5,4a77b6e251,2350,179,85.55,95.32799999999997,0.05,0.15,46,success,1,1,0,0,35,5,0,1,1,37,1.266722159114362,24.132174424678894,0.0,0.0,0.99,8,exponential
q_learning,shaped_seed5,shaped,5,4a77b6e251,2351,178,107.60000000000002,95.488,0.05,0.15,47,success,1,1,0,0,28,2,0,1,1,33,0.9761344137932901,10.414453892619917,0.0,0.0,0.99,8,exponential
q_learning,shaped_seed5,shaped,5,4a77b6e251,2352,177,91.64999999999998,95.45899999999997,0.05,0.15,48,success,1,1,0,0,39,3,0,1,1,43,1.3462654505913316,28.31029383628914,0.0,0.0,0.99,8,exponential
q_learning,shaped_seed5,shaped,5,4a77b6e251,2353,177,92.65,95.45049999999998,0.05,0.15,48,success,1,1,0,0,43,2,0,1,1,38,1.0240215208624877,12.202682438866844,0.0,0.0,0.99,8,exponential
q_learning,shaped_seed5,shaped,5,4a77b6e251,2354,179,102.55,95.49999999999999,0.05,0.15,46,success,1,1,0,0,33,2,0,1,1,36,1.5388372364549114,32.062821246364365,0.0,0.0,0.99,8,exponential
q_learning,shaped_seed5,shaped,5,4a77b6e251,2355,176,94.70000000000002,95.3425,0.05,0.15,49,success,1,1,0,0,36,3,0,1,1,33,1.1648748526417672,19.570787947287783,0.0,0.0,0.99,8,exponential
q_learning,shaped_seed5,shaped,5,4a77b6e251,2356,177,79.64999999999996,95.08449999999999,0.05,0.15,48,success,1,1,0,0,41,5,0,1,1,38,1.379938044998104,23.678545577691693,0.0,0.0,0.99,8,exponential
q_learning,shaped_seed5,shaped,5,4a77b6e251,2357,225,-75.24999999999987,93.376,0.05,0.15,0,out_of_energy,0,0,1,0,52,7,0,0,1,36,0.9982930777228343,17.59865489588652,0.0,0.0,0.99,8,exponential
q_learning,shaped_seed5,shaped,5,4a77b6e251,2358,177,104.65000000000002,93.447,0.05,0.15,48,success,1,1,0,0,31,2,0,1,1,31,1.7476613670348697,82.12495019738822,0.0,0.0,0.99,8,exponential
q_learning,shaped_seed5,shaped,5,4a77b6e251,2359,176,90.69999999999999,93.42800000000001,0.05,0.15,49,success,1,1,0,0,40,3,0,1,1,30,1.389896053363152,29.932795229282206,0.0,0.0,0.99,8,exponential
q_learning,shaped_seed5,shaped,5,4a77b6e251,2360,178,71.59999999999992,93.1575,0.05,0.15,47,success,1,1,0,0,34,8,0,1,1,35,1.2960602939285883,10.604963820473344,0.0,0.0,0.99,8,exponential
q_learning,shaped_seed5,shaped,5,4a77b6e251,2361,179,74.54999999999995,92.946,0.05,0.15,46,success,1,1,0,0,51,4,0,1,1,40,1.3810274818951782,22.531829490675634,0.0,0.0,0.99,8,exponential
q_learning,shaped_seed5,shaped,5,4a77b6e251,2362,183,92.35000000000001,92.8545,0.05,0.15,42,success,1,1,0,0,33,4,0,1,1,37,1.12610104292469,12.526480532336443,0.0,0.0,0.99,8,exponential
q_learning,shaped_seed5,shaped,5,4a77b6e251,2363,176,82.69999999999993,92.71600000000002,0.05,0.15,49,success,1,1,0,0,38,5,0,1,1,37,1.1606844141215646,10.668300566021479,0.0,0.0,0.99,8,exponential
q_learning,shaped_seed5,shaped,5,4a77b6e251,2364,176,105.70000000000002,92.78000000000002,0.05,0.15,49,success,1,1,0,0,30,2,0,1,1,31,1.339784353064785,25.915943533609294,0.0,0.0,0.99,8,exponential
q_learning,shaped_seed5,shaped,5,4a77b6e251,2365,180,93.50000000000001,92.74900000000001,0.05,0.15,45,success,1,1,0,0,42,2,0,1,1,45,1.9167863172196768,38.675296915891074,0.0,0.0,0.99,8,exponential
q_learning,shaped_seed5,shaped,5,4a77b6e251,2366,177,95.65,92.721,0.05,0.15,48,success,1,1,0,0,35,3,0,1,1,38,1.240519999410427,25.467563591130514,0.0,0.0,0.99,8,exponential
q_learning,shaped_seed5,shaped,5,4a77b6e251,2367,178,85.59999999999997,92.57150000000001,0.05,0.15,47,success,1,1,0,0,40,4,0,1,1,37,1.4220193155779877,42.592323373774484,0.0,0.0,0.99,8,exponential
q_learning,shaped_seed5,shaped,5,4a77b6e251,2368,176,113.69999999999995,92.72200000000001,0.05,0.15,49,success,1,1,0,0,22,2,0,1,1,25,1.4054578626730105,82.74788693097211,0.0,0.0,0.99,8,exponential
q_learning,shaped_seed5,shaped,5,4a77b6e251,2369,176,86.69999999999999,92.56300000000002,0.05,0.15,49,success,1,1,0,0,44,3,0,1,1,36,1.2598103610564977,36.48803533244683,0.0,0.0,0.99,8,exponential
q_learning,shaped_seed5,shaped,5,4a77b6e251,2370,176,84.69999999999993,92.41550000000002,0.05,0.15,49,success,1,1,0,0,46,3,0,1,1,46,1.0760682903338152,11.116051719973363,0.0,0.0,0.99,8,exponential
q_learning,shaped_seed5,shaped,5,4a77b6e251,2371,184,99.30000000000001,92.48350000000002,0.05,0.15,41,success,1,1,0,0,36,2,0,2,1,44,0.9860990558259995,10.522538184517188,0.0,0.0,0.99,8,exponential
q_learning,shaped_seed5,shaped,5,4a77b6e251,2372,181,94.45000000000002,92.44150000000002,0.05,0.15,44,success,1,1,0,0,41,2,0,1,1,43,1.2755582069755738,36.43559218951546,0.0,0.0,0.99,8,exponential
q_learning,shaped_seed5,shaped,5,4a77b6e251,2373,175,77.74999999999993,92.1825,0.05,0.15,50,success,1,1,0,0,43,5,0,1,1,34,1.5350257502900346,32.713835684506904,0.0,0.0,0.99,8,exponential
q_learning,shaped_seed5,shaped,5,4a77b6e251,2374,175,108.75000000000001,92.35549999999999,0.05,0.15,50,success,1,1,0,0,27,2,0,1,1,32,1.041601963275481,10.202156540489824,0.0,0.0,0.99,8,exponential
q_learning,shaped_seed5,shaped,5,4a77b6e251,2375,180,107.49999999999996,92.55599999999998,0.05,0.15,45,success,1,1,0,0,28,2,0,2,1,33,1.277991796491564,27.325410004128322,0.0,0.0,0.99,8,exponential
q_learning,shaped_seed5,shaped,5,4a77b6e251,2376,177,68.65000000000012,92.4065,0.05,0.15,48,success,1,1,0,0,47,6,0,1,1,44,1.5714343320548312,41.186111300988046,0.0,0.0,0.99,8,exponential
q_learning,shaped_seed5,shaped,5,4a77b6e251,2377,180,92.5,92.41549999999998,0.05,0.15,45,success,1,1,0,0,38,3,0,1,1,44,1.2048181177581554,25.028657961910604,0.0,0.0,0.99,8,exponential
q_learning,shaped_seed5,shaped,5,4a77b6e251,2378,176,75.69999999999993,92.28649999999999,0.05,0.15,49,success,1,1,0,0,40,6,0,1,1,40,1.2591487762240932,12.002614195888725,0.0,0.0,0.99,8,exponential
q_learning,shaped_seed5,shaped,5,4a77b6e251,2379,176,91.69999999999996,92.32199999999999,0.05,0.15,49,success,1,1,0,0,44,2,0,1,1,34,2.084455873680922,88.29804339194858,0.0,0.0,0.99,8,exponential
q_learning,shaped_seed5,shaped,5,4a77b6e251,2380,179,94.54999999999998,92.416,0.05,0.15,46,success,1,1,0,0,41,2,0,1,1,32,1.5401751787035218,41.08494347051243,0.0,0.0,0.99,8,exponential
q_learning,shaped_seed5,shaped,5,4a77b6e251,2381,178,97.6,92.377,0.05,0.15,47,success,1,1,0,0,38,2,0,1,1,31,1.8527659554912688,40.202007211642226,0.0,0.0,0.99,8,exponential
q_learning,shaped_seed5,shaped,5,4a77b6e251,2382,204,75.29999999999993,92.17699999999999,0.05,0.15,21,success,1,1,0,0,54,3,0,1,1,50,2.2746850201429476,41.092507371623476,0.0,0.0,0.99,8,exponential
q_learning,shaped_seed5,shaped,5,4a77b6e251,2383,207,89.14999999999999,91.98299999999998,0.05,0.15,18,success,1,1,0,0,45,2,0,1,1,40,2.202585241823605,45.206333801483694,0.0,0.0,0.99,8,exponential
q_learning,shaped_seed5,shaped,5,4a77b6e251,2384,209,75.04999999999993,91.71749999999996,0.05,0.15,16,success,1,1,0,0,49,4,0,1,1,42,2.6784362407133258,72.2065782867669,0.0,0.0,0.99,8,exponential
q_learning,shaped_seed5,shaped,5,4a77b6e251,2385,184,85.29999999999994,91.59499999999997,0.05,0.15,41,success,1,1,0,0,40,4,0,1,1,31,1.6007920429835278,37.552671767981295,0.0,0.0,0.99,8,exponential
q_learning,shaped_seed5,shaped,5,4a77b6e251,2386,195,89.74999999999997,91.42699999999996,0.05,0.15,30,success,1,1,0,0,45,2,0,1,1,36,2.616889608013823,54.62696434183559,0.0,0.0,0.99,8,exponential
q_learning,shaped_seed5,shaped,5,4a77b6e251,2387,179,92.55000000000001,91.34649999999998,0.05,0.15,46,success,1,1,0,0,33,4,0,1,1,29,2.0363741824481005,38.72208164308136,0.0,0.0,0.99,8,exponential
q_learning,shaped_seed5,shaped,5,4a77b6e251,2388,210,92.00000000000001,91.33199999999997,0.05,0.15,15,success,1,1,0,0,42,2,0,1,1,40,3.109588324043261,81.39694508600563,0.0,0.0,0.99,8,exponential
q_learning,shaped_seed5,shaped,5,4a77b6e251,2389,205,89.25,91.29199999999997,0.05,0.15,20,success,1,1,0,0,45,2,0,1,1,41,3.2501912204506405,60.05605332578551,0.0,0.0,0.99,8,exponential
q_learning,shaped_seed5,shaped,5,4a77b6e251,2390,200,79.49999999999994,91.07449999999999,0.05,0.15,25,success,1,1,0,0,50,3,0,1,1,40,2.458342790866261,51.3659734680439,0.0,0.0,0.99,8,exponential
q_learning,shaped_seed5,shaped,5,4a77b6e251,2391,194,87.79999999999994,91.05849999999998,0.05,0.15,31,success,1,1,0,0,42,3,0,1,1,42,3.3778775656320783,52.12505325460643,0.0,0.0,0.99,8,exponential
q_learning,shaped_seed5,shaped,5,4a77b6e251,2392,199,91.54999999999994,91.06749999999998,0.05,0.15,26,success,1,1,0,0,43,2,0,1,1,39,3.334464383159174,64.21318898846062,0.0,0.0,0.99,8,exponential
q_learning,shaped_seed5,shaped,5,4a77b6e251,2393,191,79.94999999999993,90.90249999999997,0.05,0.15,34,success,1,1,0,0,55,2,0,1,1,44,3.1506003463840773,60.48156757278686,0.0,0.0,0.99,8,exponential
q_learning,shaped_seed5,shaped,5,4a77b6e251,2394,197,60.65000000000007,90.752,0.05,0.15,28,success,1,1,0,0,49,7,0,1,1,45,3.248104712670243,58.12211947718986,0.0,0.0,0.99,8,exponential
q_learning,shaped_seed5,shaped,5,4a77b6e251,2395,198,80.59999999999994,90.70199999999998,0.05,0.15,27,success,1,1,0,0,54,2,0,1,1,36,3.1305755585559685,56.32480807537728,0.0,0.0,0.99,8,exponential
q_learning,shaped_seed5,shaped,5,4a77b6e251,2396,194,77.79999999999994,90.493,0.05,0.15,31,success,1,1,0,0,42,5,0,1,1,29,3.4686350299100255,51.793162723616106,0.0,0.0,0.99,8,exponential
q_learning,shaped_seed5,shaped,5,4a77b6e251,2397,199,89.54999999999994,90.31349999999999,0.05,0.15,26,success,1,1,0,0,45,2,0,3,1,36,2.697712510836926,65.8456307535846,0.0,0.0,0.99,8,exponential
q_learning,shaped_seed5,shaped,5,4a77b6e251,2398,199,88.54999999999994,90.29449999999996,0.05,0.15,26,success,1,1,0,0,41,3,0,1,1,47,3.935451713094711,57.64120778087227,0.0,0.0,0.99,8,exponential
q_learning,shaped_seed5,shaped,5,4a77b6e251,2399,196,87.69999999999995,90.26699999999997,0.05,0.15,29,success,1,1,0,0,42,3,0,1,1,33,3.1838577497963727,66.63534062794152,0.0,0.0,0.99,8,exponential
q_learning,shaped_seed5,shaped,5,4a77b6e251,2400,194,68.80000000000005,89.98249999999996,0.05,0.15,31,success,1,1,0,0,56,4,0,1,1,45,3.1499942498853244,48.34028566114883,0.0,0.0,0.99,8,exponential
q_learning,shaped_seed5,shaped,5,4a77b6e251,2401,197,71.64999999999995,89.75499999999998,0.05,0.15,28,success,1,1,0,0,53,4,0,1,1,44,3.9220292760257287,69.24366658179869,0.0,0.0,0.99,8,exponential
q_learning,shaped_seed5,shaped,5,4a77b6e251,2402,193,99.85000000000001,89.73899999999998,0.05,0.15,32,success,1,1,0,0,35,2,0,1,1,30,2.719633326680594,63.49366681816869,0.0,0.0,0.99,8,exponential
q_learning,shaped_seed5,shaped,5,4a77b6e251,2403,177,71.64999999999996,89.46149999999996,0.05,0.15,48,success,1,1,0,0,39,7,0,1,1,34,1.6441006034172356,18.310807644785694,0.0,0.0,0.99,8,exponential
q_learning,shaped_seed5,shaped,5,4a77b6e251,2404,199,81.54999999999998,89.31149999999997,0.05,0.15,26,success,1,1,0,0,43,4,0,1,1,43,3.22199848121563,68.11291515492209,0.0,0.0,0.99,8,exponential
q_learning,shaped_seed5,shaped,5,4a77b6e251,2405,202,82.39999999999995,89.05199999999996,0.05,0.15,23,success,1,1,0,0,52,2,0,2,1,44,2.777666158350143,65.13415705262557,0.0,0.0,0.99,8,exponential
q_learning,shaped_seed5,shaped,5,4a77b6e251,2406,187,81.14999999999995,89.00099999999996,0.05,0.15,38,success,1,1,0,0,49,3,0,1,1,35,1.2570546775340572,10.72605236040765,0.0,0.0,0.99,8,exponential
q_learning,shaped_seed5,shaped,5,4a77b6e251,2407,202,81.39999999999995,88.93899999999996,0.05,0.15,23,success,1,1,0,0,48,3,0,1,1,43,2.579736670663207,66.8687613786507,0.0,0.0,0.99,8,exponential
q_learning,shaped_seed5,shaped,5,4a77b6e251,2408,192,85.89999999999998,88.90399999999998,0.05,0.15,33,success,1,1,0,0,44,3,0,1,1,38,1.8377988921358284,61.21729462920774,0.0,0.0,0.99,8,exponential
q_learning,shaped_seed5,shaped,5,4a77b6e251,2409,178,88.59999999999998,88.84599999999999,0.05,0.15,47,success,1,1,0,0,42,3,0,1,1,46,1.3843252858881383,13.422557570982882,0.0,0.0,0.99,8,exponential
q_learning,shaped_seed5,shaped,5,4a77b6e251,2410,203,69.34999999999994,88.55399999999997,0.05,0.15,22,success,1,1,0,0,55,4,0,1,1,60,1.9589508467283816,52.933153269356865,0.0,0.0,0.99,8,exponential
q_learning,shaped_seed5,shaped,5,4a77b6e251,2411,202,60.4000000000001,88.25349999999999,0.05,0.15,23,success,1,1,0,0,64,4,0,3,1,48,1.4593935453600582,13.089576186318823,0.0,0.0,0.99,8,exponential
q_learning,shaped_seed5,shaped,5,4a77b6e251,2412,205,95.25,88.25399999999999,0.05,0.15,20,success,1,1,0,0,39,2,0,2,1,41,2.6337125162305335,60.30141464774041,0.0,0.0,0.99,8,exponential
q_learning,shaped_seed5,shaped,5,4a77b6e251,2413,202,82.39999999999998,88.14299999999997,0.05,0.15,23,success,1,1,0,0,42,4,0,2,1,40,1.4095811990468523,28.909111399318334,0.0,0.0,0.99,8,exponential
q_learning,shaped_seed5,shaped,5,4a77b6e251,2414,208,80.09999999999994,87.96249999999996,0.05,0.15,17,success,1,1,0,0,54,2,0,4,1,41,2.2766749774534225,71.21192605932825,0.0,0.0,0.99,8,exponential
q_learning,shaped_seed5,shaped,5,4a77b6e251,2415,178,93.60000000000001,87.92499999999998,0.05,0.15,47,success,1,1,0,0,42,2,0,2,1,37,1.1639431252822507,15.51143959270101,0.0,0.0,0.99,8,exponential
q_learning,shaped_seed5,shaped,5,4a77b6e251,2416,182,91.39999999999999,87.84399999999998,0.05,0.15,43,success,1,1,0,0,44,2,0,1,1,43,1.0959622203978443,8.442415235705496,0.0,0.0,0.99,8,exponential
q_learning,shaped_seed5,shaped,5,4a77b6e251,2417,181,82.44999999999999,87.63499999999998,0.05,0.15,44,success,1,1,0,0,43,4,0,1,1,38,1.2539721043050918,13.409027117545408,0.0,0.0,0.99,8,exponential
q_learning,shaped_seed5,shaped,5,4a77b6e251,2418,183,81.35,87.52849999999998,0.05,0.15,42,success,1,1,0,0,39,5,0,2,1,40,1.8902796457987137,67.51083692539419,0.0,0.0,0.99,8,exponential
q_learning,shaped_seed5,shaped,5,4a77b6e251,2419,225,-85.24999999999966,85.65149999999998,0.05,0.15,0,out_of_energy,0,0,1,0,54,6,0,0,1,43,0.8797219994267916,21.10329977548505,0.0,0.0,0.99,8,exponential
q_learning,shaped_seed5,shaped,5,4a77b6e251,2420,177,104.65000000000002,85.69349999999999,0.05,0.15,48,success,1,1,0,0,31,2,0,1,1,32,1.1277715504148544,20.685403090160435,0.0,0.0,0.99,8,exponential
q_learning,shaped_seed5,shaped,5,4a77b6e251,2421,176,74.69999999999995,85.50399999999998,0.05,0.15,49,success,1,1,0,0,46,5,0,1,1,41,1.2045806078645807,9.391303573016366,0.0,0.0,0.99,8,exponential
q_learning,shaped_seed5,shaped,5,4a77b6e251,2422,177,83.64999999999998,85.48399999999998,0.05,0.15,48,success,1,1,0,0,37,5,0,1,1,28,1.5672009017204933,54.603333120585695,0.0,0.0,0.99,8,exponential
q_learning,shaped_seed5,shaped,5,4a77b6e251,2423,177,102.65,85.61399999999998,0.05,0.15,48,success,1,1,0,0,33,2,0,1,1,29,1.592500057622609,86.03082512545899,0.0,0.0,0.99,8,exponential
q_learning,shaped_seed5,shaped,5,4a77b6e251,2424,176,105.70000000000002,85.709,0.05,0.15,49,success,1,1,0,0,30,2,0,1,1,32,1.1181943910929684,22.862442342710906,0.0,0.0,0.99,8,exponential
q_learning,shaped_seed5,shaped,5,4a77b6e251,2425,183,88.35,85.63849999999998,0.05,0.15,42,success,1,1,0,0,47,2,0,1,1,44,1.55261788150297,26.06530043680634,0.0,0.0,0.99,8,exponential
q_learning,shaped_seed5,shaped,5,4a77b6e251,2426,175,88.74999999999994,85.45099999999998,0.05,0.15,50,success,1,1,0,0,47,2,0,1,1,39,1.9026386596320422,44.603093141091804,0.0,0.0,0.99,8,exponential
q_learning,shaped_seed5,shaped,5,4a77b6e251,2427,178,89.60000000000001,85.491,0.05,0.15,47,success,1,1,0,0,46,2,0,1,1,25,1.31215672797647,18.964637761776004,0.0,0.0,0.99,8,exponential
q_learning,shaped_seed5,shaped,5,4a77b6e251,2428,180,89.49999999999999,85.39949999999999,0.05,0.15,45,success,1,1,0,0,46,2,0,1,1,37,1.1257989571391689,11.71439405846494,0.0,0.0,0.99,8,exponential
q_learning,shaped_seed5,shaped,5,4a77b6e251,2429,178,97.59999999999997,85.329,0.05,0.15,47,success,1,1,0,0,38,2,0,1,1,31,1.9098032146422914,38.24693529718969,0.0,0.0,0.99,8,exponential
q_learning,shaped_seed5,shaped,5,4a77b6e251,2430,181,104.45000000000002,85.4765,0.05,0.15,44,success,1,1,0,0,31,2,0,1,1,32,1.2672983953766355,18.64670532054396,0.0,0.0,0.99,8,exponential
q_learning,shaped_seed5,shaped,5,4a77b6e251,2431,181,86.44999999999996,85.345,0.05,0.15,44,success,1,1,0,0,49,2,0,1,1,34,1.6508294158253776,29.63269763670562,0.0,0.0,0.99,8,exponential
q_learning,shaped_seed5,shaped,5,4a77b6e251,2432,179,83.54999999999995,85.18549999999999,0.05,0.15,46,success,1,1,0,0,47,3,0,1,1,35,1.4797208152728034,27.283265159578413,0.0,0.0,0.99,8,exponential
q_learning,shaped_seed5,shaped,5,4a77b6e251,2433,180,76.49999999999994,85.045,0.05,0.15,45,success,1,1,0,0,54,3,0,1,1,37,1.2884980035362288,15.647326718759977,0.0,0.0,0.99,8,exponential
q_learning,shaped_seed5,shaped,5,4a77b6e251,2434,185,99.25000000000001,84.98799999999997,0.05,0.15,40,success,1,1,0,0,31,3,0,1,1,33,1.4803398162128685,28.75399982491382,0.0,0.0,0.99,8,exponential
q_learning,shaped_seed5,shaped,5,4a77b6e251,2435,179,62.55000000000018,84.6575,0.05,0.15,46,success,1,1,0,0,53,6,0,1,1,32,1.7082767817217848,40.64089552114024,0.0,0.0,0.99,8,exponential
q_learning,shaped_seed5,shaped,5,4a77b6e251,2436,187,73.15000000000005,84.50599999999997,0.05,0.15,38,success,1,1,0,0,57,3,0,1,1,48,2.187124631455369,32.75303416756046,0.0,0.0,0.99,8,exponential
q_learning,shaped_seed5,shaped,5,4a77b6e251,2437,184,56.300000000000225,84.133,0.05,0.15,41,success,1,1,0,0,54,7,0,1,1,43,2.1370857016092515,38.00167662111925,0.0,0.0,0.99,8,exponential
q_learning,shaped_seed5,shaped,5,4a77b6e251,2438,186,87.19999999999995,84.119,0.05,0.15,39,success,1,1,0,0,48,2,0,1,1,36,2.0033039520594427,36.48493752009627,0.0,0.0,0.99,8,exponential
q_learning,shaped_seed5,shaped,5,4a77b6e251,2439,179,85.54999999999995,84.0695,0.05,0.15,46,success,1,1,0,0,45,3,0,1,1,36,1.3402958236240918,20.71006571073883,0.0,0.0,0.99,8,exponential
q_learning,shaped_seed5,shaped,5,4a77b6e251,2440,180,83.49999999999994,83.92949999999999,0.05,0.15,45,success,1,1,0,0,52,2,0,1,1,38,1.5231175261459233,23.292482536158545,0.0,0.0,0.99,8,exponential
q_learning,shaped_seed5,shaped,5,4a77b6e251,2441,184,79.29999999999995,83.81849999999999,0.05,0.15,41,success,1,1,0,0,46,4,0,1,1,33,1.5644032267347185,21.929396973005254,0.0,0.0,0.99,8,exponential
q_learning,shaped_seed5,shaped,5,4a77b6e251,2442,189,82.04999999999994,83.78299999999997,0.05,0.15,36,success,1,1,0,0,43,4,0,1,1,40,2.7999498225387445,60.62747948006824,0.0,0.0,0.99,8,exponential
q_learning,shaped_seed5,shaped,5,4a77b6e251,2443,178,86.59999999999995,83.75299999999997,0.05,0.15,47,success,1,1,0,0,44,3,0,1,1,38,1.280614139013965,11.976823125380193,0.0,0.0,0.99,8,exponential
q_learning,shaped_seed5,shaped,5,4a77b6e251,2444,173,83.84999999999994,83.7565,0.05,0.15,52,success,1,1,0,0,47,3,0,1,1,36,2.6309402106712496,87.06175934803176,0.0,0.0,0.99,8,exponential
q_learning,shaped_seed5,shaped,5,4a77b6e251,2445,177,80.6499999999999,83.569,0.05,0.15,48,success,1,1,0,0,35,6,0,1,1,28,1.225007990696911,18.694034486898637,0.0,0.0,0.99,8,exponential
q_learning,shaped_seed5,shaped,5,4a77b6e251,2446,179,88.54999999999993,83.62749999999998,0.05,0.15,46,success,1,1,0,0,37,4,0,2,1,32,1.4215090107729234,18.037168217271063,0.0,0.0,0.99,8,exponential
q_learning,shaped_seed5,shaped,5,4a77b6e251,2447,176,91.7,83.479,0.05,0.15,49,success,1,1,0,0,44,2,0,1,1,34,1.055468099893709,11.500750795702018,0.0,0.0,0.99,8,exponential
q_learning,shaped_seed5,shaped,5,4a77b6e251,2448,180,103.5,83.61849999999998,0.05,0.15,45,success,1,1,0,0,32,2,0,1,1,33,1.1624078773833506,18.92331119953188,0.0,0.0,0.99,8,exponential
q_learning,shaped_seed5,shaped,5,4a77b6e251,2449,179,92.55,83.57999999999998,0.05,0.15,46,success,1,1,0,0,43,2,0,1,1,32,1.073936026495803,10.263356433361281,0.0,0.0,0.99,8,exponential
q_learning,shaped_seed5,shaped,5,4a77b6e251,2450,176,89.69999999999996,83.62149999999998,0.05,0.15,49,success,1,1,0,0,36,4,0,1,1,31,1.467465393666243,67.88887658587593,0.0,0.0,0.99,8,exponential
q_learning,shaped_seed5,shaped,5,4a77b6e251,2451,178,85.6,83.4015,0.05,0.15,47,success,1,1,0,0,40,4,0,1,1,34,1.1921529465279794,10.454232008362382,0.0,0.0,0.99,8,exponential
q_learning,shaped_seed5,shaped,5,4a77b6e251,2452,182,103.40000000000002,83.51899999999999,0.05,0.15,43,success,1,1,0,0,32,2,0,1,1,33,1.1413185232828758,26.663062757250678,0.0,0.0,0.99,8,exponential
q_learning,shaped_seed5,shaped,5,4a77b6e251,2453,178,95.60000000000001,83.54849999999999,0.05,0.15,47,success,1,1,0,0,40,2,0,1,1,31,1.3272527858931302,36.68610606468369,0.0,0.0,0.99,8,exponential
q_learning,shaped_seed5,shaped,5,4a77b6e251,2454,175,96.75000000000001,83.4905,0.05,0.15,50,success,1,1,0,0,39,2,0,1,1,25,1.551037062076116,28.70680889441919,0.0,0.0,0.99,8,exponential
q_learning,shaped_seed5,shaped,5,4a77b6e251,2455,179,91.54999999999998,83.45899999999997,0.05,0.15,46,success,1,1,0,0,39,3,0,1,1,32,1.0695913102338306,11.933088541680853,0.0,0.0,0.99,8,exponential
q_learning,shaped_seed5,shaped,5,4a77b6e251,2456,178,78.59999999999994,83.44849999999998,0.05,0.15,47,success,1,1,0,0,42,5,0,1,1,36,1.183861278777555,12.363392821592825,0.0,0.0,0.99,8,exponential
q_learning,shaped_seed5,shaped,5,4a77b6e251,2457,176,91.69999999999999,85.118,0.05,0.15,49,success,1,1,0,0,34,4,0,1,1,28,1.2546388367709687,29.189507272895018,0.0,0.0,0.99,8,exponential
q_learning,shaped_seed5,shaped,5,4a77b6e251,2458,176,105.70000000000002,85.1285,0.05,0.15,49,success,1,1,0,0,30,2,0,1,1,28,0.9813175193835623,11.013782501814894,0.0,0.0,0.99,8,exponential
q_learning,shaped_seed5,shaped,5,4a77b6e251,2459,178,95.60000000000001,85.1775,0.05,0.15,47,success,1,1,0,0,40,2,0,1,1,42,1.2395065847404834,31.421689139891278,0.0,0.0,0.99,8,exponential
q_learning,shaped_seed5,shaped,5,4a77b6e251,2460,177,100.65,85.46799999999999,0.05,0.15,48,success,1,1,0,0,35,2,0,1,1,35,1.5010913142301867,58.25173531644628,0.0,0.0,0.99,8,exponential
q_learning,shaped_seed5,shaped,5,4a77b6e251,2461,175,94.75000000000001,85.67,0.05,0.15,50,success,1,1,0,0,31,4,0,1,1,27,1.7850583384994194,58.94618115859693,0.0,0.0,0.99,8,exponential
q_learning,shaped_seed5,shaped,5,4a77b6e251,2462,179,95.55000000000001,85.70199999999997,0.05,0.15,46,success,1,1,0,0,35,3,0,1,1,39,1.0496883719735701,12.246684739147483,0.0,0.0,0.99,8,exponential
q_learning,shaped_seed5,shaped,5,4a77b6e251,2463,177,96.65000000000002,85.84149999999998,0.05,0.15,48,success,1,1,0,0,39,2,0,1,1,39,1.4595478837356894,49.01983437744715,0.0,0.0,0.99,8,exponential
q_learning,shaped_seed5,shaped,5,4a77b6e251,2464,177,77.64999999999993,85.56099999999996,0.05,0.15,48,success,1,1,0,0,33,7,0,1,1,38,1.7314793302222105,70.65540016352739,0.0,0.0,0.99,8,exponential
q_learning,shaped_seed5,shaped,5,4a77b6e251,2465,177,94.64999999999996,85.57249999999998,0.05,0.15,48,success,1,1,0,0,31,4,0,1,1,30,1.3536284648366013,52.291629935967364,0.0,0.0,0.99,8,exponential
q_learning,shaped_seed5,shaped,5,4a77b6e251,2466,176,92.69999999999995,85.54299999999998,0.05,0.15,49,success,1,1,0,0,38,3,0,1,1,41,1.0278422369110667,9.430042457535336,0.0,0.0,0.99,8,exponential
q_learning,shaped_seed5,shaped,5,4a77b6e251,2467,177,96.65000000000002,85.65349999999998,0.05,0.15,48,success,1,1,0,0,39,2,0,1,1,37,1.101389090716524,11.749895356102865,0.0,0.0,0.99,8,exponential
q_learning,shaped_seed5,shaped,5,4a77b6e251,2468,175,99.75000000000001,85.51399999999998,0.05,0.15,50,success,1,1,0,0,31,3,0,1,1,34,1.1949616266370602,13.943805554057484,0.0,0.0,0.99,8,exponential
q_learning,shaped_seed5,shaped,5,4a77b6e251,2469,179,98.55000000000003,85.63249999999998,0.05,0.15,46,success,1,1,0,0,37,2,0,1,1,38,1.073499598315188,11.392253381324593,0.0,0.0,0.99,8,exponential
q_learning,shaped_seed5,shaped,5,4a77b6e251,2470,182,71.39999999999998,85.49949999999997,0.05,0.15,43,success,1,1,0,0,44,6,0,1,1,46,1.6032620612916078,85.08044472663947,0.0,0.0,0.99,8,exponential
q_learning,shaped_seed5,shaped,5,4a77b6e251,2471,178,101.60000000000002,85.52249999999998,0.05,0.15,47,success,1,1,0,0,34,2,0,1,1,37,1.4015592811211874,52.36189948656487,0.0,0.0,0.99,8,exponential
q_learning,shaped_seed5,shaped,5,4a77b6e251,2472,175,95.75000000000001,85.53549999999997,0.05,0.15,50,success,1,1,0,0,35,3,0,1,1,40,1.479450993114495,72.35580789308435,0.0,0.0,0.99,8,exponential
q_learning,shaped_seed5,shaped,5,4a77b6e251,2473,177,88.64999999999996,85.6445,0.05,0.15,48,success,1,1,0,0,37,4,0,1,1,32,1.1789003742976878,13.357538399291592,0.0,0.0,0.99,8,exponential
q_learning,shaped_seed5,shaped,5,4a77b6e251,2474,180,77.49999999999993,85.332,0.05,0.15,45,success,1,1,0,0,38,6,0,1,1,34,1.3261220975609533,11.72059243071309,0.0,0.0,0.99,8,exponential
q_learning,shaped_seed5,shaped,5,4a77b6e251,2475,178,98.60000000000001,85.243,0.05,0.15,47,success,1,1,0,0,32,3,0,1,1,30,1.5048311000334698,72.99133778636543,0.0,0.0,0.99,8,exponential
q_learning,shaped_seed5,shaped,5,4a77b6e251,2476,176,101.70000000000002,85.57350000000001,0.05,0.15,49,success,1,1,0,0,34,2,0,2,1,34,1.7941777423145013,84.98518357008601,0.0,0.0,0.99,8,exponential
q_learning,shaped_seed5,shaped,5,4a77b6e251,2477,181,106.45000000000002,85.71300000000001,0.05,0.15,44,success,1,1,0,0,29,2,0,1,1,28,1.389535563478215,29.76878801185515,0.0,0.0,0.99,8,exponential
q_learning,shaped_seed5,shaped,5,4a77b6e251,2478,174,91.79999999999995,85.874,0.05,0.15,51,success,1,1,0,0,34,4,0,1,1,32,1.6590179422031395,95.67074256591766,0.0,0.0,0.99,8,exponential
q_learning,shaped_seed5,shaped,5,4a77b6e251,2479,181,88.44999999999993,85.84150000000001,0.05,0.15,44,success,1,1,0,0,37,4,0,1,1,36,1.6149244999236818,30.007404834191817,0.0,0.0,0.99,8,exponential
q_learning,shaped_seed5,shaped,5,4a77b6e251,2480,183,75.34999999999994,85.64949999999999,0.05,0.15,42,success,1,1,0,0,45,5,0,1,1,44,2.004545551973325,78.7146635374955,0.0,0.0,0.99,8,exponential
q_learning,shaped_seed5,shaped,5,4a77b6e251,2481,216,60.70000000000009,85.28050000000002,0.05,0.15,9,success,1,1,0,0,58,5,0,1,1,49,2.8662667945692104,77.86265817672773,0.0,0.0,0.99,8,exponential
q_learning,shaped_seed5,shaped,5,4a77b6e251,2482,177,88.64999999999993,85.41400000000002,0.05,0.15,48,success,1,1,0,0,37,4,0,1,1,36,1.1179815501242996,11.238582852051891,0.0,0.0,0.99,8,exponential
q_learning,shaped_seed5,shaped,5,4a77b6e251,2483,179,91.55,85.43799999999999,0.05,0.15,46,success,1,1,0,0,39,3,0,1,1,40,1.1134625169032877,10.057536038863915,0.0,0.0,0.99,8,exponential
q_learning,shaped_seed5,shaped,5,4a77b6e251,2484,181,93.45000000000002,85.62199999999999,0.05,0.15,44,success,1,1,0,0,27,5,0,1,1,33,1.0328918109297034,10.05570220336557,0.0,0.0,0.99,8,exponential
q_learning,shaped_seed5,shaped,5,4a77b6e251,2485,178,105.60000000000002,85.82499999999999,0.05,0.15,47,success,1,1,0,0,30,2,0,1,1,27,1.0829023267459141,18.338166966594738,0.0,0.0,0.99,8,exponential
q_learning,shaped_seed5,shaped,5,4a77b6e251,2486,177,101.65000000000002,85.94399999999997,0.05,0.15,48,success,1,1,0,0,29,3,0,1,1,30,1.335152245608797,26.540501541384586,0.0,0.0,0.99,8,exponential
q_learning,shaped_seed5,shaped,5,4a77b6e251,2487,176,103.7,86.0555,0.05,0.15,49,success,1,1,0,0,32,2,0,1,1,36,1.4867457156648571,91.33718395101036,0.0,0.0,0.99,8,exponential
q_learning,shaped_seed5,shaped,5,4a77b6e251,2488,177,96.65000000000002,86.10199999999999,0.05,0.15,48,success,1,1,0,0,39,2,0,1,1,30,1.111382462046245,17.921685343281126,0.0,0.0,0.99,8,exponential
q_learning,shaped_seed5,shaped,5,4a77b6e251,2489,177,98.65000000000002,86.19599999999998,0.05,0.15,48,success,1,1,0,0,37,2,0,1,1,37,0.9874630245980383,14.853969100274753,0.0,0.0,0.99,8,exponential
q_learning,shaped_seed5,shaped,5,4a77b6e251,2490,176,87.69999999999996,86.27799999999999,0.05,0.15,49,success,1,1,0,0,48,2,0,1,1,41,1.1537458914660015,15.237498636353564,0.0,0.0,0.99,8,exponential
q_learning,shaped_seed5,shaped,5,4a77b6e251,2491,176,95.7,86.35700000000001,0.05,0.15,49,success,1,1,0,0,40,2,0,2,1,31,1.5530281199806282,75.14795420785438,0.0,0.0,0.99,8,exponential
q_learning,shaped_seed5,shaped,5,4a77b6e251,2492,178,94.60000000000002,86.3875,0.05,0.15,47,success,1,1,0,0,36,3,0,1,1,33,1.4637627828166306,63.486331412481775,0.0,0.0,0.99,8,exponential
q_learning,shaped_seed5,shaped,5,4a77b6e251,2493,176,89.69999999999997,86.48500000000001,0.05,0.15,49,success,1,1,0,0,46,2,0,1,1,39,1.2809474249695314,24.187438766510837,0.0,0.0,0.99,8,exponential
q_learning,shaped_seed5,shaped,5,4a77b6e251,2494,183,77.34999999999992,86.652,0.05,0.15,42,success,1,1,0,0,43,5,0,1,1,42,1.4451674551973388,53.038342824295945,0.0,0.0,0.99,8,exponential
q_learning,shaped_seed5,shaped,5,4a77b6e251,2495,180,105.50000000000001,86.90100000000001,0.05,0.15,45,success,1,1,0,0,30,2,0,1,1,35,1.0784387949643837,11.508085866085736,0.0,0.0,0.99,8,exponential
q_learning,shaped_seed5,shaped,5,4a77b6e251,2496,175,110.75,87.23049999999999,0.05,0.15,50,success,1,1,0,0,25,2,0,1,1,29,1.0052708632396756,11.346544412263967,0.0,0.0,0.99,8,exponential
q_learning,shaped_seed5,shaped,5,4a77b6e251,2497,175,102.75000000000001,87.36249999999998,0.05,0.15,50,success,1,1,0,0,33,2,0,1,1,33,1.077396875398296,9.820939661555265,0.0,0.0,0.99,8,exponential
q_learning,shaped_seed5,shaped,5,4a77b6e251,2498,181,85.44999999999993,87.33149999999999,0.05,0.15,44,success,1,1,0,0,45,3,0,1,1,46,1.0293221280533413,10.710656077594393,0.0,0.0,0.99,8,exponential
q_learning,shaped_seed5,shaped,5,4a77b6e251,2499,176,107.70000000000002,87.53150000000001,0.05,0.15,49,success,1,1,0,0,28,2,0,1,1,28,1.0048714401592571,14.602713519964983,0.0,0.0,0.99,8,exponential
q_learning,shaped_seed5,shaped,5,4a77b6e251,2500,178,96.60000000000001,87.80950000000001,0.05,0.15,47,success,1,1,0,0,34,3,0,1,1,36,1.628321740811448,73.29799995224084,0.0,0.0,0.99,8,exponential
q_learning,shaped_seed5,shaped,5,4a77b6e251,2501,178,107.60000000000002,88.16900000000001,0.05,0.15,47,success,1,1,0,0,28,2,0,1,1,34,0.9488166732345995,10.525935238727982,0.0,0.0,0.99,8,exponential
q_learning,shaped_seed5,shaped,5,4a77b6e251,2502,178,96.60000000000001,88.1365,0.05,0.15,47,success,1,1,0,0,34,3,0,1,1,33,1.6449620516672168,44.50963749256101,0.0,0.0,0.99,8,exponential
q_learning,shaped_seed5,shaped,5,4a77b6e251,2503,176,95.7,88.37700000000001,0.05,0.15,49,success,1,1,0,0,30,4,0,1,1,39,1.1364717019427806,12.65338942042812,0.0,0.0,0.99,8,exponential
q_learning,shaped_seed5,shaped,5,4a77b6e251,2504,182,95.4,88.51550000000002,0.05,0.15,43,success,1,1,0,0,30,4,0,1,1,36,1.279032353884968,37.039298066392256,0.0,0.0,0.99,8,exponential
q_learning,shaped_seed5,shaped,5,4a77b6e251,2505,178,87.59999999999994,88.5675,0.05,0.15,47,success,1,1,0,0,38,4,0,1,1,32,1.1091192030325168,11.851278563801444,0.0,0.0,0.99,8,exponential
q_learning,shaped_seed5,shaped,5,4a77b6e251,2506,176,103.69999999999999,88.79299999999999,0.05,0.15,49,success,1,1,0,0,32,2,0,1,1,31,1.4727486016626115,72.3536770089948,0.0,0.0,0.99,8,exponential
q_learning,shaped_seed5,shaped,5,4a77b6e251,2507,183,92.35000000000001,88.9025,0.05,0.15,42,success,1,1,0,0,33,4,0,1,1,40,1.0596140013459014,11.933464765171657,0.0,0.0,0.99,8,exponential
q_learning,shaped_seed5,shaped,5,4a77b6e251,2508,179,108.54999999999998,89.12900000000002,0.05,0.15,46,success,1,1,0,0,27,2,0,1,1,28,1.5306104770380913,62.441178058379556,0.0,0.0,0.99,8,exponential
q_learning,shaped_seed5,shaped,5,4a77b6e251,2509,176,92.69999999999999,89.17,0.05,0.15,49,success,1,1,0,0,38,3,0,1,1,43,1.1632829223754877,20.90118547859912,0.0,0.0,0.99,8,exponential
q_learning,shaped_seed5,shaped,5,4a77b6e251,2510,181,101.45,89.491,0.05,0.15,44,success,1,1,0,0,29,3,0,1,1,36,1.3586414918099043,41.41877705249405,0.0,0.0,0.99,8,exponential
q_learning,shaped_seed5,shaped,5,4a77b6e251,2511,176,101.7,89.90400000000001,0.05,0.15,49,success,1,1,0,0,34,2,0,1,1,34,1.3045692818532795,69.72888575093515,0.0,0.0,0.99,8,exponential
q_learning,shaped_seed5,shaped,5,4a77b6e251,2512,180,101.50000000000001,89.96650000000001,0.05,0.15,45,success,1,1,0,0,34,2,0,1,1,30,1.0780608149616462,12.376899280541565,0.0,0.0,0.99,8,exponential
q_learning,shaped_seed5,shaped,5,4a77b6e251,2513,176,99.69999999999999,90.13950000000001,0.05,0.15,49,success,1,1,0,0,36,2,0,1,1,38,1.3111898003090081,21.378195731681032,0.0,0.0,0.99,8,exponential
q_learning,shaped_seed5,shaped,5,4a77b6e251,2514,179,90.54999999999995,90.24400000000001,0.05,0.15,46,success,1,1,0,0,35,4,0,1,1,30,1.2902945069018448,31.918786261883604,0.0,0.0,0.99,8,exponential
q_learning,shaped_seed5,shaped,5,4a77b6e251,2515,176,94.69999999999997,90.255,0.05,0.15,49,success,1,1,0,0,36,3,0,1,1,35,1.433970909648116,50.96934447682338,0.0,0.0,0.99,8,exponential
q_learning,shaped_seed5,shaped,5,4a77b6e251,2516,176,79.69999999999993,90.138,0.05,0.15,49,success,1,1,0,0,36,6,0,1,1,40,1.1956281768801331,11.60357344776655,0.0,0.0,0.99,8,exponential
q_learning,shaped_seed5,shaped,5,4a77b6e251,2517,176,98.70000000000002,90.3005,0.05,0.15,49,success,1,1,0,0,32,3,0,1,1,33,1.131768871011034,17.46145742013556,0.0,0.0,0.99,8,exponential
q_learning,shaped_seed5,shaped,5,4a77b6e251,2518,177,96.65,90.4535,0.05,0.15,48,success,1,1,0,0,29,4,0,1,1,32,1.223147243992675,22.959968083697913,0.0,0.0,0.99,8,exponential
q_learning,shaped_seed5,shaped,5,4a77b6e251,2519,177,99.65,92.3025,0.05,0.15,48,success,1,1,0,0,31,3,0,1,1,35,1.026959014461445,9.589191100606271,0.0,0.0,0.99,8,exponential
q_learning,shaped_seed5,shaped,5,4a77b6e251,2520,181,101.45,92.2705,0.05,0.15,44,success,1,1,0,0,29,3,0,1,1,38,1.2318514431822891,38.312318193548876,0.0,0.0,0.99,8,exponential
q_learning,shaped_seed5,shaped,5,4a77b6e251,2521,177,102.65,92.54999999999998,0.05,0.15,48,success,1,1,0,0,33,2,0,1,1,34,1.066007964468284,12.613268116878501,0.0,0.0,0.99,8,exponential
q_learning,shaped_seed5,shaped,5,4a77b6e251,2522,181,104.45000000000002,92.758,0.05,0.15,44,success,1,1,0,0,31,2,0,1,1,40,1.0244512110375592,10.612296483442549,0.0,0.0,0.99,8,exponential
q_learning,shaped_seed5,shaped,5,4a77b6e251,2523,177,84.64999999999992,92.57799999999999,0.05,0.15,48,success,1,1,0,0,31,6,0,1,1,30,1.2870132006378436,21.270386730339464,0.0,0.0,0.99,8,exponential
q_learning,shaped_seed5,shaped,5,4a77b6e251,2524,180,84.49999999999994,92.36599999999999,0.05,0.15,45,success,1,1,0,0,36,5,0,1,1,40,1.2143586174911989,14.829415799137134,0.0,0.0,0.99,8,exponential
q_learning,shaped_seed5,shaped,5,4a77b6e251,2525,186,94.20000000000002,92.42450000000001,0.05,0.15,39,success,1,1,0,0,36,3,0,1,1,40,1.0326573426589845,10.658688432033863,0.0,0.0,0.99,8,exponential
q_learning,shaped_seed5,shaped,5,4a77b6e251,2526,180,93.49999999999996,92.472,0.05,0.15,45,success,1,1,0,0,32,4,0,1,1,37,2.161781780300764,73.70519968633157,0.0,0.0,0.99,8,exponential
q_learning,shaped_seed5,shaped,5,4a77b6e251,2527,177,76.64999999999993,92.3425,0.05,0.15,48,success,1,1,0,0,39,6,0,1,1,43,1.2728212709269935,10.482789041524661,0.0,0.0,0.99,8,exponential
q_learning,shaped_seed5,shaped,5,4a77b6e251,2528,179,101.55000000000001,92.46299999999998,0.05,0.15,46,success,1,1,0,0,29,3,0,1,1,30,1.1392104952176032,12.584258043135904,0.0,0.0,0.99,8,exponential
q_learning,shaped_seed5,shaped,5,4a77b6e251,2529,183,104.35000000000001,92.53049999999999,0.05,0.15,42,success,1,1,0,0,31,2,0,1,1,36,0.998291274110476,11.302660524918899,0.0,0.0,0.99,8,exponential
q_learning,shaped_seed5,shaped,5,4a77b6e251,2530,177,94.64999999999999,92.43249999999998,0.05,0.15,48,success,1,1,0,0,41,2,0,1,1,42,1.1040112234827473,13.054729204237503,0.0,0.0,0.99,8,exponential
q_learning,shaped_seed5,shaped,5,4a77b6e251,2531,177,104.65,92.61449999999996,0.05,0.15,48,success,1,1,0,0,31,2,0,1,1,31,1.0089031331171405,15.028511605448927,0.0,0.0,0.99,8,exponential
q_learning,shaped_seed5,shaped,5,4a77b6e251,2532,177,110.64999999999996,92.8855,0.05,0.15,48,success,1,1,0,0,25,2,0,1,1,30,1.151256217296404,25.806217354982643,0.0,0.0,0.99,8,exponential
q_learning,shaped_seed5,shaped,5,4a77b6e251,2533,176,94.7,93.06749999999998,0.05,0.15,49,success,1,1,0,0,36,3,0,1,1,42,1.4889221722619923,31.281567375775317,0.0,0.0,0.99,8,exponential
q_learning,shaped_seed5,shaped,5,4a77b6e251,2534,179,92.55,93.00049999999999,0.05,0.15,46,success,1,1,0,0,33,4,0,1,1,37,1.304813389982902,36.071785674643884,0.0,0.0,0.99,8,exponential
q_learning,shaped_seed5,shaped,5,4a77b6e251,2535,174,87.79999999999995,93.25299999999997,0.05,0.15,51,success,1,1,0,0,48,2,0,1,1,43,1.3964359825878834,63.45075410011776,0.0,0.0,0.99,8,exponential
q_learning,shaped_seed5,shaped,5,4a77b6e251,2536,181,98.45000000000002,93.50599999999999,0.05,0.15,44,success,1,1,0,0,37,2,0,1,1,41,1.287343889953867,37.72488080368328,0.0,0.0,0.99,8,exponential
q_learning,shaped_seed5,shaped,5,4a77b6e251,2537,175,99.75000000000001,93.94049999999999,0.05,0.15,50,success,1,1,0,0,31,3,0,1,1,37,1.1721020265248734,19.19357925319246,0.0,0.0,0.99,8,exponential
q_learning,shaped_seed5,shaped,5,4a77b6e251,2538,182,83.39999999999995,93.9025,0.05,0.15,43,success,1,1,0,0,42,4,0,1,1,48,1.7352734400572418,60.58846801047228,0.0,0.0,0.99,8,exponential
q_learning,shaped_seed5,shaped,5,4a77b6e251,2539,178,91.59999999999992,93.963,0.05,0.15,47,success,1,1,0,0,34,4,0,1,1,35,1.1823038130010326,9.391678214576942,0.0,0.0,0.99,8,exponential
q_learning,shaped_seed5,shaped,5,4a77b6e251,2540,176,102.7,94.155,0.05,0.15,49,success,1,1,0,0,28,3,0,1,1,26,1.0146514737457288,10.711292768624858,0.0,0.0,0.99,8,exponential
q_learning,shaped_seed5,shaped,5,4a77b6e251,2541,176,86.69999999999999,94.22900000000001,0.05,0.15,49,success,1,1,0,0,24,7,0,1,1,29,1.128888778383226,10.552251654219141,0.0,0.0,0.99,8,exponential
q_learning,shaped_seed5,shaped,5,4a77b6e251,2542,174,103.80000000000001,94.4465,0.05,0.15,51,success,1,1,0,0,32,2,0,1,1,33,1.5571127938858922,53.9335168792017,0.0,0.0,0.99,8,exponential
q_learning,shaped_seed5,shaped,5,4a77b6e251,2543,179,98.55000000000001,94.56599999999999,0.05,0.15,46,success,1,1,0,0,37,2,0,1,1,36,2.260653882880077,59.86089471124715,0.0,0.0,0.99,8,exponential
q_learning,shaped_seed5,shaped,5,4a77b6e251,2544,183,100.35000000000001,94.73099999999998,0.05,0.15,42,success,1,1,0,0,35,2,0,1,1,34,1.171262058465389,29.410953992758266,0.0,0.0,0.99,8,exponential
q_learning,shaped_seed5,shaped,5,4a77b6e251,2545,176,99.70000000000002,94.9215,0.05,0.15,49,success,1,1,0,0,36,2,0,1,1,38,1.071434429904202,10.436312688786693,0.0,0.0,0.99,8,exponential
q_learning,shaped_seed5,shaped,5,4a77b6e251,2546,176,97.70000000000003,95.013,0.05,0.15,49,success,1,1,0,0,38,2,0,1,1,37,1.1141135013258248,31.060735411566785,0.0,0.0,0.99,8,exponential
q_learning,shaped_seed5,shaped,5,4a77b6e251,2547,178,85.59999999999994,94.95200000000001,0.05,0.15,47,success,1,1,0,0,40,4,0,1,1,38,1.046152283202582,10.360559370366254,0.0,0.0,0.99,8,exponential
q_learning,shaped_seed5,shaped,5,4a77b6e251,2548,187,99.15,94.9085,0.05,0.15,38,success,1,1,0,0,31,3,0,1,1,40,1.0384966209313926,12.361326820580025,0.0,0.0,0.99,8,exponential
q_learning,shaped_seed5,shaped,5,4a77b6e251,2549,172,99.90000000000002,94.98200000000001,0.05,0.15,53,success,1,1,0,0,26,4,0,1,1,30,2.447071679179309,91.76958107973599,0.0,0.0,0.99,8,exponential
q_learning,shaped_seed5,shaped,5,4a77b6e251,2550,175,104.75,95.13249999999998,0.05,0.15,50,success,1,1,0,0,31,2,0,1,1,36,0.9595880855458025,12.122014876958119,0.0,0.0,0.99,8,exponential
q_learning,shaped_seed5,shaped,5,4a77b6e251,2551,179,108.55000000000001,95.36199999999997,0.05,0.15,46,success,1,1,0,0,27,2,0,1,1,34,1.3536144542352142,39.232886596507505,0.0,0.0,0.99,8,exponential
q_learning,shaped_seed5,shaped,5,4a77b6e251,2552,178,82.59999999999994,95.154,0.05,0.15,47,success,1,1,0,0,38,5,0,1,1,40,1.2344100397236897,26.029143517513162,0.0,0.0,0.99,8,exponential
q_learning,shaped_seed5,shaped,5,4a77b6e251,2553,175,99.75000000000001,95.1955,0.05,0.15,50,success,1,1,0,0,31,3,0,1,1,39,1.0534597744062835,11.8377043644687,0.0,0.0,0.99,8,exponential
q_learning,shaped_seed5,shaped,5,4a77b6e251,2554,184,109.3,95.321,0.05,0.15,41,success,1,1,0,0,26,2,0,2,1,34,0.9938115258217365,10.927471797459951,0.0,0.0,0.99,8,exponential
q_learning,shaped_seed5,shaped,5,4a77b6e251,2555,183,90.34999999999994,95.309,0.05,0.15,42,success,1,1,0,0,35,4,0,2,1,38,1.1623531977820296,26.64450644745971,0.0,0.0,0.99,8,exponential
q_learning,shaped_seed5,shaped,5,4a77b6e251,2556,176,111.69999999999993,95.64000000000001,0.05,0.15,49,success,1,1,0,0,24,2,0,1,1,25,1.4586589336775864,45.681108817324336,0.0,0.0,0.99,8,exponential
q_learning,shaped_seed5,shaped,5,4a77b6e251,2557,178,113.59999999999997,95.859,0.05,0.15,47,success,1,1,0,0,22,2,0,1,1,30,1.0302588545735023,12.044318000241368,0.0,0.0,0.99,8,exponential
q_learning,shaped_seed5,shaped,5,4a77b6e251,2558,175,87.74999999999994,95.6795,0.05,0.15,50,success,1,1,0,0,33,5,0,1,1,40,1.1919134991761622,11.597359017390644,0.0,0.0,0.99,8,exponential
q_learning,shaped_seed5,shaped,5,4a77b6e251,2559,178,82.59999999999994,95.54950000000001,0.05,0.15,47,success,1,1,0,0,38,5,0,1,1,45,1.5927188408714612,50.088993581410904,0.0,0.0,0.99,8,exponential
q_learning,shaped_seed5,shaped,5,4a77b6e251,2560,180,100.50000000000001,95.54799999999999,0.05,0.15,45,success,1,1,0,0,30,3,0,1,1,42,1.1018657334295734,9.215948926850928,0.0,0.0,0.99,8,exponential
q_learning,shaped_seed5,shaped,5,4a77b6e251,2561,180,100.50000000000001,95.60549999999999,0.05,0.15,45,success,1,1,0,0,30,3,0,1,1,33,1.7054394563432829,74.93716027833128,0.0,0.0,0.99,8,exponential
q_learning,shaped_seed5,shaped,5,4a77b6e251,2562,179,87.54999999999995,95.52549999999998,0.05,0.15,46,success,1,1,0,0,33,5,0,1,1,38,1.1502563760797402,10.16854994449141,0.0,0.0,0.99,8,exponential
q_learning,shaped_seed5,shaped,5,4a77b6e251,2563,181,88.44999999999995,95.44349999999999,0.05,0.15,44,success,1,1,0,0,37,4,0,1,1,38,1.3819239295078896,39.15332822660271,0.0,0.0,0.99,8,exponential
q_learning,shaped_seed5,shaped,5,4a77b6e251,2564,175,101.75000000000001,95.68449999999999,0.05,0.15,50,success,1,1,0,0,29,3,0,1,1,29,1.201194824712217,25.01517381733029,0.0,0.0,0.99,8,exponential
q_learning,shaped_seed5,shaped,5,4a77b6e251,2565,177,110.64999999999996,95.84449999999998,0.05,0.15,48,success,1,1,0,0,25,2,0,1,1,25,1.028202617165447,13.297043850246695,0.0,0.0,0.99,8,exponential
q_learning,shaped_seed5,shaped,5,4a77b6e251,2566,179,101.55000000000001,95.93299999999998,0.05,0.15,46,success,1,1,0,0,29,3,0,1,1,31,1.488341337995819,63.6671015302947,0.0,0.0,0.99,8,exponential
q_learning,shaped_seed5,shaped,5,4a77b6e251,2567,225,-59.249999999999915,94.37399999999998,0.05,0.15,0,out_of_energy,0,0,1,0,62,4,0,1,1,50,2.1768469228008946,117.94192058886948,0.0,0.0,0.99,8,exponential
q_learning,shaped_seed5,shaped,5,4a77b6e251,2568,176,109.69999999999997,94.47349999999999,0.05,0.15,49,success,1,1,0,0,26,2,0,1,1,24,1.1709844445291298,23.11958227581225,0.0,0.0,0.99,8,exponential
q_learning,shaped_seed5,shaped,5,4a77b6e251,2569,180,81.49999999999993,94.303,0.05,0.15,45,success,1,1,0,0,34,6,0,1,1,37,1.2709238991153577,13.733904212669657,0.0,0.0,0.99,8,exponential
q_learning,shaped_seed5,shaped,5,4a77b6e251,2570,176,88.69999999999999,94.476,0.05,0.15,49,success,1,1,0,0,32,5,0,1,1,33,1.3086823375823633,33.92122852581568,0.0,0.0,0.99,8,exponential
q_learning,shaped_seed5,shaped,5,4a77b6e251,2571,178,83.59999999999997,94.296,0.05,0.15,47,success,1,1,0,0,42,4,0,1,1,48,1.0667892066220046,13.03199343012065,0.0,0.0,0.99,8,exponential
q_learning,shaped_seed5,shaped,5,4a77b6e251,2572,184,89.29999999999997,94.2315,0.05,0.15,41,success,1,1,0,0,36,4,0,1,1,42,1.7083367711755084,76.09946346246508,0.0,0.0,0.99,8,exponential
q_learning,shaped_seed5,shaped,5,4a77b6e251,2573,181,101.45,94.35950000000001,0.05,0.15,44,success,1,1,0,0,29,3,0,1,1,33,0.9491094529737624,12.862475670248003,0.0,0.0,0.99,8,exponential
q_learning,shaped_seed5,shaped,5,4a77b6e251,2574,177,88.6499999999999,94.47099999999999,0.05,0.15,48,success,1,1,0,0,37,4,0,1,1,35,1.6709375146966203,53.262470083921585,0.0,0.0,0.99,8,exponential
q_learning,shaped_seed5,shaped,5,4a77b6e251,2575,175,86.74999999999994,94.35249999999998,0.05,0.15,50,success,1,1,0,0,39,4,0,1,1,46,1.097195086169317,11.025689638330029,0.0,0.0,0.99,8,exponential
q_learning,shaped_seed5,shaped,5,4a77b6e251,2576,183,96.34999999999997,94.29899999999999,0.05,0.15,42,success,1,1,0,0,29,4,0,1,1,39,1.082043914805311,12.344632923171368,0.0,0.0,0.99,8,exponential
q_learning,shaped_seed5,shaped,5,4a77b6e251,2577,178,89.59999999999994,94.1305,0.05,0.15,47,success,1,1,0,0,36,4,0,1,1,41,1.1674200887863062,12.181514082319723,0.0,0.0,0.99,8,exponential
q_learning,shaped_seed5,shaped,5,4a77b6e251,2578,181,94.45,94.15700000000001,0.05,0.15,44,success,1,1,0,0,31,4,0,1,1,35,1.2334772742484665,12.793389973551818,0.0,0.0,0.99,8,exponential
q_learning,shaped_seed5,shaped,5,4a77b6e251,2579,177,84.64999999999998,94.119,0.05,0.15,48,success,1,1,0,0,41,4,0,1,1,41,1.254212304772798,24.630821126318054,0.0,0.0,0.99,8,exponential
q_learning,shaped_seed5,shaped,5,4a77b6e251,2580,177,103.65000000000002,94.40199999999999,0.05,0.15,48,success,1,1,0,0,27,3,0,1,1,34,1.0804906162544137,12.994377569345474,0.0,0.0,0.99,8,exponential
q_learning,shaped_seed5,shaped,5,4a77b6e251,2581,179,110.54999999999995,94.90049999999998,0.05,0.15,46,success,1,1,0,0,25,2,0,1,1,28,1.129578951159908,22.3049128980739,0.0,0.0,0.99,8,exponential
q_learning,shaped_seed5,shaped,5,4a77b6e251,2582,177,101.65,95.03049999999998,0.05,0.15,48,success,1,1,0,0,29,3,0,1,1,34,1.217325199671474,19.843561319297308,0.0,0.0,0.99,8,exponential
q_learning,shaped_seed5,shaped,5,4a77b6e251,2583,176,105.70000000000002,95.17199999999997,0.05,0.15,49,success,1,1,0,0,30,2,0,1,1,32,1.066637524017181,11.458744162657773,0.0,0.0,0.99,8,exponential
q_learning,shaped_seed5,shaped,5,4a77b6e251,2584,175,91.74999999999993,95.15499999999999,0.05,0.15,50,success,1,1,0,0,29,5,0,1,1,35,1.01619437027904,9.202425162465218,0.0,0.0,0.99,8,exponential
q_learning,shaped_seed5,shaped,5,4a77b6e251,2585,186,99.2,95.09100000000001,0.05,0.15,39,success,1,1,0,0,36,2,0,1,1,41,1.2373143341138633,36.82904092718725,0.0,0.0,0.99,8,exponential
q_learning,shaped_seed5,shaped,5,4a77b6e251,2586,178,111.59999999999994,95.19050000000001,0.05,0.15,47,success,1,1,0,0,24,2,0,1,1,27,0.9361439576003928,13.169729720662694,0.0,0.0,0.99,8,exponential
q_learning,shaped_seed5,shaped,5,4a77b6e251,2587,173,96.85,95.12200000000001,0.05,0.15,52,success,1,1,0,0,39,2,0,1,1,39,1.4044641783837977,52.70733374409343,0.0,0.0,0.99,8,exponential
q_learning,shaped_seed5,shaped,5,4a77b6e251,2588,175,92.74999999999996,95.083,0.05,0.15,50,success,1,1,0,0,33,4,0,1,1,36,1.105585986664255,10.303619913308076,0.0,0.0,0.99,8,exponential
q_learning,shaped_seed5,shaped,5,4a77b6e251,2589,175,99.75000000000001,95.094,0.05,0.15,50,success,1,1,0,0,31,3,0,1,1,33,1.0576100767282346,12.082219266151853,0.0,0.0,0.99,8,exponential
q_learning,shaped_seed5,shaped,5,4a77b6e251,2590,175,90.74999999999999,95.12449999999998,0.05,0.15,50,success,1,1,0,0,35,4,0,1,1,39,1.1476705253218313,13.004423180184716,0.0,0.0,0.99,8,exponential
q_learning,shaped_seed5,shaped,5,4a77b6e251,2591,177,83.64999999999995,95.00399999999999,0.05,0.15,48,success,1,1,0,0,47,3,0,1,1,39,1.2075804942635737,16.831192789432528,0.0,0.0,0.99,8,exponential
q_learning,shaped_seed5,shaped,5,4a77b6e251,2592,179,89.54999999999993,94.95349999999996,0.05,0.15,46,success,1,1,0,0,31,5,0,1,1,31,1.106055027348706,12.560141783895652,0.0,0.0,0.99,8,exponential
q_learning,shaped_seed5,shaped,5,4a77b6e251,2593,177,91.64999999999999,94.97299999999997,0.05,0.15,48,success,1,1,0,0,29,5,0,1,1,38,1.1366128557107196,11.794404024081338,0.0,0.0,0.99,8,exponential
q_learning,shaped_seed5,shaped,5,4a77b6e251,2594,179,78.54999999999995,94.98499999999996,0.05,0.15,46,success,1,1,0,0,37,6,0,1,1,37,1.3329207705167359,21.568283493749068,0.0,0.0,0.99,8,exponential
q_learning,shaped_seed5,shaped,5,4a77b6e251,2595,179,91.54999999999997,94.84549999999997,0.05,0.15,46,success,1,1,0,0,39,3,0,2,1,35,1.1697179367153125,16.272570201482488,0.0,0.0,0.99,8,exponential
q_learning,shaped_seed5,shaped,5,4a77b6e251,2596,177,106.65,94.80449999999998,0.05,0.15,48,success,1,1,0,0,29,2,0,1,1,33,1.0474246179112392,10.756956162070097,0.0,0.0,0.99,8,exponential
q_learning,shaped_seed5,shaped,5,4a77b6e251,2597,176,103.70000000000002,94.81399999999998,0.05,0.15,49,success,1,1,0,0,32,2,0,1,1,27,1.0742091677193093,12.475712248026198,0.0,0.0,0.99,8,exponential
q_learning,shaped_seed5,shaped,5,4a77b6e251,2598,178,82.6,94.7855,0.05,0.15,47,success,1,1,0,0,38,5,0,1,1,37,1.353157700015813,43.411129802676626,0.0,0.0,0.99,8,exponential
q_learning,shaped_seed5,shaped,5,4a77b6e251,2599,178,93.60000000000001,94.6445,0.05,0.15,47,success,1,1,0,0,42,2,0,1,1,43,1.0454482603626538,13.427879538576505,0.0,0.0,0.99,8,exponential
q_learning,shaped_seed5,shaped,5,4a77b6e251,2600,180,96.50000000000001,94.64349999999999,0.05,0.15,45,success,1,1,0,0,34,3,0,1,1,40,1.4283573617691676,39.44704556301658,0.0,0.0,0.99,8,exponential
q_learning,shaped_seed5,shaped,5,4a77b6e251,2601,176,96.70000000000002,94.53450000000001,0.05,0.15,49,success,1,1,0,0,34,3,0,1,1,33,1.1645854240571303,31.229052958301203,0.0,0.0,0.99,8,exponential
q_learning,shaped_seed5,shaped,5,4a77b6e251,2602,178,96.60000000000001,94.53450000000001,0.05,0.15,47,success,1,1,0,0,34,3,0,1,1,33,1.090717568090138,22.333981184881868,0.0,0.0,0.99,8,exponential
q_learning,shaped_seed5,shaped,5,4a77b6e251,2603,189,73.05000000000001,94.30799999999998,0.05,0.15,36,success,1,1,0,0,37,7,0,1,1,48,2.1768676644152354,42.16641448405612,0.0,0.0,0.99,8,exponential
q_learning,shaped_seed5,shaped,5,4a77b6e251,2604,177,98.65,94.34049999999998,0.05,0.15,48,success,1,1,0,0,37,2,0,1,1,41,1.1218797681533645,15.43762479519063,0.0,0.0,0.99,8,exponential
q_learning,shaped_seed5,shaped,5,4a77b6e251,2605,176,73.69999999999995,94.20149999999998,0.05,0.15,49,success,1,1,0,0,52,4,0,1,1,43,1.1995687215341444,14.686664427021228,0.0,0.0,0.99,8,exponential
q_learning,shaped_seed5,shaped,5,4a77b6e251,2606,185,92.25000000000001,94.08699999999999,0.05,0.15,40,success,1,1,0,0,43,2,0,1,1,37,2.1990368421733244,52.559726768013974,0.0,0.0,0.99,8,exponential
q_learning,shaped_seed5,shaped,5,4a77b6e251,2607,180,89.49999999999999,94.05849999999997,0.05,0.15,45,success,1,1,0,0,46,2,0,1,1,39,1.318792940887379,41.09909081139883,0.0,0.0,0.99,8,exponential
q_learning,shaped_seed5,shaped,5,4a77b6e251,2608,180,97.50000000000001,93.948,0.05,0.15,45,success,1,1,0,0,38,2,0,1,1,36,1.1877672643041173,37.48210075699327,0.0,0.0,0.99,8,exponential
q_learning,shaped_seed5,shaped,5,4a77b6e251,2609,177,102.65,94.04749999999999,0.05,0.15,48,success,1,1,0,0,33,2,0,1,1,29,1.086121622595007,22.125157895358797,0.0,0.0,0.99,8,exponential
q_learning,shaped_seed5,shaped,5,4a77b6e251,2610,176,97.7,94.00999999999998,0.05,0.15,49,success,1,1,0,0,38,2,0,1,1,29,1.2462785947090942,26.634090419787768,0.0,0.0,0.99,8,exponential
q_learning,shaped_seed5,shaped,5,4a77b6e251,2611,179,98.55000000000003,93.97849999999997,0.05,0.15,46,success,1,1,0,0,37,2,0,1,1,38,2.0458091134688017,69.27129275527564,0.0,0.0,0.99,8,exponential
q_learning,shaped_seed5,shaped,5,4a77b6e251,2612,175,88.74999999999994,93.85099999999998,0.05,0.15,50,success,1,1,0,0,37,4,0,1,1,33,1.3349913684627148,19.709597316764164,0.0,0.0,0.99,8,exponential
q_learning,shaped_seed5,shaped,5,4a77b6e251,2613,225,-82.7499999999999,92.02649999999998,0.05,0.15,0,out_of_energy,0,0,1,0,75,4,0,0,1,53,1.2431650022354048,36.16056537132883,0.0,0.0,0.99,8,exponential
q_learning,shaped_seed5,shaped,5,4a77b6e251,2614,178,74.59999999999992,91.86699999999999,0.05,0.15,47,success,1,1,0,0,46,5,0,1,1,43,1.2590023172525007,28.408067452325838,0.0,0.0,0.99,8,exponential
q_learning,shaped_seed5,shaped,5,4a77b6e251,2615,180,88.49999999999996,91.80499999999998,0.05,0.15,45,success,1,1,0,0,42,3,0,1,1,30,1.0719757435093615,16.781648593085997,0.0,0.0,0.99,8,exponential
q_learning,shaped_seed5,shaped,5,4a77b6e251,2616,176,79.69999999999996,91.80499999999998,0.05,0.15,49,success,1,1,0,0,46,4,0,1,1,40,1.1150650678157126,15.545063079823592,0.0,0.0,0.99,8,exponential
q_learning,shaped_seed5,shaped,5,4a77b6e251,2617,175,84.74999999999993,91.66550000000001,0.05,0.15,50,success,1,1,0,0,41,4,0,1,1,48,2.110186095084132,40.8483025736216,0.0,0.0,0.99,8,exponential
q_learning,shaped_seed5,shaped,5,4a77b6e251,2618,180,109.49999999999999,91.794,0.05,0.15,45,success,1,1,0,0,26,2,0,1,1,30,1.2655492580777816,29.154163125858197,0.0,0.0,0.99,8,exponential
q_learning,shaped_seed5,shaped,5,4a77b6e251,2619,178,84.59999999999997,91.6435,0.05,0.15,47,success,1,1,0,0,46,3,0,1,1,38,1.5503206632543465,34.7412643026682,0.0,0.0,0.99,8,exponential
q_learning,shaped_seed5,shaped,5,4a77b6e251,2620,177,85.64999999999993,91.48549999999999,0.05,0.15,48,success,1,1,0,0,45,3,0,1,1,36,1.2710406932681728,34.883228574281915,0.0,0.0,0.99,8,exponential
q_learning,shaped_seed5,shaped,5,4a77b6e251,2621,181,106.45000000000002,91.52349999999998,0.05,0.15,44,success,1,1,0,0,29,2,0,1,1,33,1.5774886704060431,31.55160388211635,0.0,0.0,0.99,8,exponential
q_learning,shaped_seed5,shaped,5,4a77b6e251,2622,175,96.75000000000001,91.4465,0.05,0.15,50,success,1,1,0,0,39,2,0,1,1,29,1.2470389311316792,20.12280604816595,0.0,0.0,0.99,8,exponential
q_learning,shaped_seed5,shaped,5,4a77b6e251,2623,225,-73.74999999999989,89.86249999999998,0.05,0.15,0,out_of_energy,0,0,1,0,67,4,0,0,1,47,1.175422011575893,19.036096219300354,0.0,0.0,0.99,8,exponential
q_learning,shaped_seed5,shaped,5,4a77b6e251,2624,175,89.74999999999996,89.915,0.05,0.15,50,success,1,1,0,0,41,3,0,1,1,37,1.2341618861156227,22.74058304430671,0.0,0.0,0.99,8,exponential
q_learning,shaped_seed5,shaped,5,4a77b6e251,2625,181,84.44999999999996,89.8175,0.05,0.15,44,success,1,1,0,0,41,4,0,1,1,44,1.1140579197380012,14.000889578343163,0.0,0.0,0.99,8,exponential
q_learning,shaped_seed5,shaped,5,4a77b6e251,2626,181,110.44999999999999,89.98700000000001,0.05,0.15,44,success,1,1,0,0,25,2,0,1,1,28,0.9474011031834901,11.492246488169059,0.0,0.0,0.99,8,exponential
q_learning,shaped_seed5,shaped,5,4a77b6e251,2627,183,102.35000000000002,90.24400000000001,0.05,0.15,42,success,1,1,0,0,33,2,0,1,1,35,1.2477346689877307,58.854860250492514,0.0,0.0,0.99,8,exponential
q_learning,shaped_seed5,shaped,5,4a77b6e251,2628,179,95.55,90.184,0.05,0.15,46,success,1,1,0,0,35,3,0,2,1,40,1.5672495346609396,25.022781849665332,0.0,0.0,0.99,8,exponential
q_learning,shaped_seed5,shaped,5,4a77b6e251,2629,177,102.65,90.167,0.05,0.15,48,success,1,1,0,0,33,2,0,1,1,31,1.2474181440892473,20.056566320841213,0.0,0.0,0.99,8,exponential
q_learning,shaped_seed5,shaped,5,4a77b6e251,2630,181,95.45000000000002,90.175,0.05,0.15,44,success,1,1,0,0,35,3,0,1,1,34,1.1099863731476522,18.837400584986238,0.0,0.0,0.99,8,exponential
q_learning,shaped_seed5,shaped,5,4a77b6e251,2631,179,102.55,90.154,0.05,0.15,46,success,1,1,0,0,33,2,0,1,1,27,1.7853064414044348,48.774851360328405,0.0,0.0,0.99,8,exponential
q_learning,shaped_seed5,shaped,5,4a77b6e251,2632,177,90.64999999999992,89.95399999999998,0.05,0.15,48,success,1,1,0,0,45,2,0,1,1,44,1.3056899361191558,20.594140429127236,0.0,0.0,0.99,8,exponential
q_learning,shaped_seed5,shaped,5,4a77b6e251,2633,177,73.64999999999996,89.74349999999998,0.05,0.15,48,success,1,1,0,0,37,7,0,1,1,38,1.2547272954126703,34.3425715490074,0.0,0.0,0.99,8,exponential
q_learning,shaped_seed5,shaped,5,4a77b6e251,2634,180,87.49999999999999,89.69299999999997,0.05,0.15,45,success,1,1,0,0,38,4,0,1,1,38,1.0190317419167498,12.481918387605461,0.0,0.0,0.99,8,exponential
q_learning,shaped_seed5,shaped,5,4a77b6e251,2635,175,101.75000000000001,89.83249999999998,0.05,0.15,50,success,1,1,0,0,29,3,0,1,1,27,0.9954444754586718,11.62466828812876,0.0,0.0,0.99,8,exponential
q_learning,shaped_seed5,shaped,5,4a77b6e251,2636,177,102.64999999999999,89.87449999999998,0.05,0.15,48,success,1,1,0,0,33,2,0,1,1,31,1.4634846565194037,50.65517938408268,0.0,0.0,0.99,8,exponential
q_learning,shaped_seed5,shaped,5,4a77b6e251,2637,180,101.5,89.892,0.05,0.15,45,success,1,1,0,0,34,2,0,1,1,36,1.473138400455342,42.824412624052655,0.0,0.0,0.99,8,exponential
q_learning,shaped_seed5,shaped,5,4a77b6e251,2638,176,103.7,90.09499999999998,0.05,0.15,49,success,1,1,0,0,32,2,0,1,1,34,0.881296006773217,10.559167749561581,0.0,0.0,0.99,8,exponential
q_learning,shaped_seed5,shaped,5,4a77b6e251,2639,183,102.35000000000001,90.2025,0.05,0.15,42,success,1,1,0,0,33,2,0,1,1,31,1.186645444568086,14.420749763495214,0.0,0.0,0.99,8,exponential
q_learning,shaped_seed5,shaped,5,4a77b6e251,2640,181,100.45,90.18000000000002,0.05,0.15,44,success,1,1,0,0,35,2,0,1,1,36,1.2331002837567422,50.065911208040234,0.0,0.0,0.99,8,exponential
q_learning,shaped_seed5,shaped,5,4a77b6e251,2641,178,92.6,90.23900000000002,0.05,0.15,47,success,1,1,0,0,38,3,0,1,1,41,1.1049529991671407,16.450847754360602,0.0,0.0,0.99,8,exponential
q_learning,shaped_seed5,shaped,5,4a77b6e251,2642,171,85.94999999999999,90.0605,0.05,0.15,54,success,1,1,0,0,35,5,0,1,1,42,1.9835920122244042,79.6398160567417,0.0,0.0,0.99,8,exponential
q_learning,shaped_seed5,shaped,5,4a77b6e251,2643,176,97.7,90.05200000000002,0.05,0.15,49,success,1,1,0,0,38,2,0,1,1,34,0.9870909976123908,13.518601603717116,0.0,0.0,0.99,8,exponential
q_learning,shaped_seed5,shaped,5,4a77b6e251,2644,177,100.65,90.05500000000002,0.05,0.15,48,success,1,1,0,0,35,2,0,1,1,30,0.9123463289284999,11.883917621960727,0.0,0.0,0.99,8,exponential
q_learning,shaped_seed5,shaped,5,4a77b6e251,2645,179,94.55,90.0035,0.05,0.15,46,success,1,1,0,0,41,2,0,1,1,34,1.3378549931480046,55.02892297900853,0.0,0.0,0.99,8,exponential
q_learning,shaped_seed5,shaped,5,4a77b6e251,2646,178,102.6,90.0525,0.05,0.15,47,success,1,1,0,0,28,3,0,1,1,33,1.1014985092621392,16.181952166939418,0.0,0.0,0.99,8,exponential
q_learning,shaped_seed5,shaped,5,4a77b6e251,2647,184,91.29999999999998,90.10949999999997,0.05,0.15,41,success,1,1,0,0,34,4,0,1,1,39,1.4054172294351814,67.24008326460239,0.0,0.0,0.99,8,exponential
q_learning,shaped_seed5,shaped,5,4a77b6e251,2648,176,101.7,90.13499999999998,0.05,0.15,49,success,1,1,0,0,34,2,0,1,1,35,1.0114159375363039,17.68748052403808,0.0,0.0,0.99,8,exponential
q_learning,shaped_seed5,shaped,5,4a77b6e251,2649,177,98.65000000000002,90.12249999999999,0.05,0.15,48,success,1,1,0,0,37,2,0,1,1,38,0.9869063120891582,12.41595942098526,0.0,0.0,0.99,8,exponential
q_learning,shaped_seed5,shaped,5,4a77b6e251,2650,176,83.69999999999993,89.91199999999999,0.05,0.15,49,success,1,1,0,0,42,4,0,1,1,37,1.264520595273006,17.002709794971835,0.0,0.0,0.99,8,exponential
q_learning,shaped_seed5,shaped,5,4a77b6e251,2651,175,101.75,89.844,0.05,0.15,50,success,1,1,0,0,29,3,0,1,1,33,0.98312815627389,11.502112014196285,0.0,0.0,0.99,8,exponential
q_learning,shaped_seed5,shaped,5,4a77b6e251,2652,179,100.55000000000001,90.02349999999998,0.05,0.15,46,success,1,1,0,0,35,2,0,1,1,29,1.6968322401788618,51.151915293478766,0.0,0.0,0.99,8,exponential
q_learning,shaped_seed5,shaped,5,4a77b6e251,2653,176,88.69999999999995,89.913,0.05,0.15,49,success,1,1,0,0,32,5,0,1,1,38,1.2007933946471214,14.558137213186392,0.0,0.0,0.99,8,exponential
q_learning,shaped_seed5,shaped,5,4a77b6e251,2654,179,110.55,89.9255,0.05,0.15,46,success,1,1,0,0,25,2,0,1,1,23,0.967445096228995,19.815513490281056,0.0,0.0,0.99,8,exponential
q_learning,shaped_seed5,shaped,5,4a77b6e251,2655,177,86.64999999999992,89.88849999999996,0.05,0.15,48,success,1,1,0,0,29,6,0,1,1,29,1.0658508811085647,12.692302922999296,0.0,0.0,0.99,8,exponential
q_learning,shaped_seed5,shaped,5,4a77b6e251,2656,181,94.45,89.71600000000001,0.05,0.15,44,success,1,1,0,0,31,4,0,1,1,37,1.2314173607925767,24.668144531621323,0.0,0.0,0.99,8,exponential
q_learning,shaped_seed5,shaped,5,4a77b6e251,2657,175,106.75000000000001,89.64749999999998,0.05,0.15,50,success,1,1,0,0,29,2,0,1,1,28,0.9818495549485344,10.887093230630683,0.0,0.0,0.99,8,exponential
q_learning,shaped_seed5,shaped,5,4a77b6e251,2658,181,95.44999999999999,89.72449999999999,0.05,0.15,44,success,1,1,0,0,35,3,0,1,1,38,0.988778662519259,10.970523629205807,0.0,0.0,0.99,8,exponential
q_learning,shaped_seed5,shaped,5,4a77b6e251,2659,178,103.60000000000002,89.93449999999999,0.05,0.15,47,success,1,1,0,0,32,2,0,1,1,36,0.9548769772332173,13.110090429043936,0.0,0.0,0.99,8,exponential
q_learning,shaped_seed5,shaped,5,4a77b6e251,2660,177,108.64999999999999,90.01599999999999,0.05,0.15,48,success,1,1,0,0,27,2,0,1,1,36,0.9498818116960254,13.018412701888316,0.0,0.0,0.99,8,exponential
q_learning,shaped_seed5,shaped,5,4a77b6e251,2661,176,95.70000000000002,89.96799999999999,0.05,0.15,49,success,1,1,0,0,40,2,0,1,1,35,1.440443752971398,61.15089609896301,0.0,0.0,0.99,8,exponential
q_learning,shaped_seed5,shaped,5,4a77b6e251,2662,183,100.35000000000002,90.096,0.05,0.15,42,success,1,1,0,0,25,4,0,1,1,29,1.1865296142044337,44.726820872488986,0.0,0.0,0.99,8,exponential
q_learning,shaped_seed5,shaped,5,4a77b6e251,2663,175,98.75000000000001,90.19899999999998,0.05,0.15,50,success,1,1,0,0,37,2,0,1,1,38,1.043365624565056,12.536679291865134,0.0,0.0,0.99,8,exponential
q_learning,shaped_seed5,shaped,5,4a77b6e251,2664,177,101.65,90.198,0.05,0.15,48,success,1,1,0,0,29,3,0,1,1,24,1.0056506130785983,14.030057204149038,0.0,0.0,0.99,8,exponential
q_learning,shaped_seed5,shaped,5,4a77b6e251,2665,194,75.79999999999998,89.84949999999998,0.05,0.15,31,success,1,1,0,0,34,7,0,1,1,36,2.128152696257135,58.76038726344573,0.0,0.0,0.99,8,exponential
q_learning,shaped_seed5,shaped,5,4a77b6e251,2666,177,95.65,89.79049999999995,0.05,0.15,48,success,1,1,0,0,25,5,0,1,1,32,1.0386398635038794,13.027359795214636,0.0,0.0,0.99,8,exponential
q_learning,shaped_seed5,shaped,5,4a77b6e251,2667,179,92.54999999999998,91.30849999999995,0.05,0.15,46,success,1,1,0,0,33,4,0,1,1,37,1.0774667353229581,14.285117584638755,0.0,0.0,0.99,8,exponential
q_learning,shaped_seed5,shaped,5,4a77b6e251,2668,177,106.65,91.27799999999996,0.05,0.15,48,success,1,1,0,0,29,2,0,1,1,32,0.8899547256122711,13.056581126759696,0.0,0.0,0.99,8,exponential
q_learning,shaped_seed5,shaped,5,4a77b6e251,2669,175,91.74999999999996,91.38049999999997,0.05,0.15,50,success,1,1,0,0,39,3,0,1,1,44,1.2399687853115353,19.59092193676329,0.0,0.0,0.99,8,exponential
q_learning,shaped_seed5,shaped,5,4a77b6e251,2670,180,106.50000000000001,91.55849999999998,0.05,0.15,45,success,1,1,0,0,24,3,0,1,1,28,0.9584142445171641,12.13889771848384,0.0,0.0,0.99,8,exponential
q_learning,shaped_seed5,shaped,5,4a77b6e251,2671,175,95.75000000000003,91.67999999999998,0.05,0.15,50,success,1,1,0,0,35,3,0,1,1,39,1.120507117816533,17.54698217980906,0.0,0.0,0.99,8,exponential
q_learning,shaped_seed5,shaped,5,4a77b6e251,2672,182,95.40000000000002,91.74099999999999,0.05,0.15,43,success,1,1,0,0,40,2,0,1,1,46,1.2869408242261624,38.02187631876869,0.0,0.0,0.99,8,exponential
q_learning,shaped_seed5,shaped,5,4a77b6e251,2673,178,99.60000000000001,91.7225,0.05,0.15,47,success,1,1,0,0,36,2,0,1,1,36,0.9828873299733158,13.110165908992137,0.0,0.0,0.99,8,exponential
q_learning,shaped_seed5,shaped,5,4a77b6e251,2674,179,86.54999999999997,91.7015,0.05,0.15,46,success,1,1,0,0,29,6,0,1,1,35,1.251648388063096,31.370497456914528,0.0,0.0,0.99,8,exponential
q_learning,shaped_seed5,shaped,5,4a77b6e251,2675,178,88.59999999999994,91.72,0.05,0.15,47,success,1,1,0,0,42,3,0,1,1,48,1.6277180590018092,59.00393947530632,0.0,0.0,0.99,8,exponential
q_learning,shaped_seed5,shaped,5,4a77b6e251,2676,175,104.75000000000001,91.804,0.05,0.15,50,success,1,1,0,0,31,2,0,1,1,33,0.9765077089283133,13.704116585714864,0.0,0.0,0.99,8,exponential
q_learning,shaped_seed5,shaped,5,4a77b6e251,2677,179,86.55,91.7735,0.05,0.15,46,success,1,1,0,0,39,4,0,1,1,36,1.7623889110643858,76.14027046321404,0.0,0.0,0.99,8,exponential
q_learning,shaped_seed5,shaped,5,4a77b6e251,2678,175,90.74999999999996,91.73649999999999,0.05,0.15,50,success,1,1,0,0,35,4,0,1,1,30,1.6466591206850467,52.29672754646364,0.0,0.0,0.99,8,exponential
q_learning,shaped_seed5,shaped,5,4a77b6e251,2679,178,91.6,91.806,0.05,0.15,47,success,1,1,0,0,34,4,0,1,1,35,1.4300913538051512,44.86518357523826,0.0,0.0,0.99,8,exponential
q_learning,shaped_seed5,shaped,5,4a77b6e251,2680,177,89.64999999999996,91.66599999999998,0.05,0.15,48,success,1,1,0,0,31,5,0,1,1,21,2.371364032330005,85.03518963829431,0.0,0.0,0.99,8,exponential
q_learning,shaped_seed5,shaped,5,4a77b6e251,2681,175,87.74999999999994,91.43799999999999,0.05,0.15,50,success,1,1,0,0,33,5,0,1,1,35,1.4902939409239466,35.6528999358223,0.0,0.0,0.99,8,exponential
q_learning,shaped_seed5,shaped,5,4a77b6e251,2682,178,96.60000000000002,91.3875,0.05,0.15,47,success,1,1,0,0,34,3,0,1,1,30,1.1224559139899344,16.880679188069365,0.0,0.0,0.99,8,exponential
q_learning,shaped_seed5,shaped,5,4a77b6e251,2683,178,98.60000000000002,91.31649999999999,0.05,0.15,47,success,1,1,0,0,32,3,0,1,1,38,2.475186250212395,60.45330977676584,0.0,0.0,0.99,8,exponential
q_learning,shaped_seed5,shaped,5,4a77b6e251,2684,176,97.70000000000002,91.376,0.05,0.15,49,success,1,1,0,0,28,4,0,1,1,32,1.3644670035177409,19.32551158875332,0.0,0.0,0.99,8,exponential
q_learning,shaped_seed5,shaped,5,4a77b6e251,2685,175,97.75000000000001,91.36150000000002,0.05,0.15,50,success,1,1,0,0,33,3,0,1,1,30,1.5109601955830287,37.08130958070689,0.0,0.0,0.99,8,exponential
q_learning,shaped_seed5,shaped,5,4a77b6e251,2686,178,87.59999999999997,91.12150000000001,0.05,0.15,47,success,1,1,0,0,38,4,0,1,1,42,1.0333502822726142,13.015329423883301,0.0,0.0,0.99,8,exponential
q_learning,shaped_seed5,shaped,5,4a77b6e251,2687,181,94.45000000000002,91.0975,0.05,0.15,44,success,1,1,0,0,41,2,0,2,1,41,1.3248622364236424,36.21252819379606,0.0,0.0,0.99,8,exponential
q_learning,shaped_seed5,shaped,5,4a77b6e251,2688,180,103.49999999999999,91.20500000000001,0.05,0.15,45,success,1,1,0,0,32,2,0,1,1,34,0.9852632344484334,13.093015067193555,0.0,0.0,0.99,8,exponential
q_learning,shaped_seed5,shaped,5,4a77b6e251,2689,178,90.59999999999997,91.11350000000002,0.05,0.15,47,success,1,1,0,0,40,3,0,1,1,41,1.025517420834844,12.977142756071501,0.0,0.0,0.99,8,exponential
q_learning,shaped_seed5,shaped,5,4a77b6e251,2690,179,102.55000000000001,91.2315,0.05,0.15,46,success,1,1,0,0,33,2,0,1,1,31,0.9107774775596251,11.904525530450726,0.0,0.0,0.99,8,exponential
q_learning,shaped_seed5,shaped,5,4a77b6e251,2691,178,99.60000000000002,91.39099999999999,0.05,0.15,47,success,1,1,0,0,26,4,0,1,1,33,1.0479593311454765,11.802282160762218,0.0,0.0,0.99,8,exponential
q_learning,shaped_seed5,shaped,5,4a77b6e251,2692,176,107.70000000000002,91.5725,0.05,0.15,49,success,1,1,0,0,28,2,0,1,1,35,0.9892453052680762,11.946861124650184,0.0,0.0,0.99,8,exponential
q_learning,shaped_seed5,shaped,5,4a77b6e251,2693,179,106.55000000000001,91.72149999999999,0.05,0.15,46,success,1,1,0,0,29,2,0,1,1,32,0.9296692925681165,10.864449536228506,0.0,0.0,0.99,8,exponential
q_learning,shaped_seed5,shaped,5,4a77b6e251,2694,175,110.74999999999996,92.04350000000001,0.05,0.15,50,success,1,1,0,0,25,2,0,2,1,32,1.4431983336081393,51.806649060313255,0.0,0.0,0.99,8,exponential
q_learning,shaped_seed5,shaped,5,4a77b6e251,2695,182,95.4,92.082,0.05,0.15,43,success,1,1,0,0,30,4,0,1,1,37,1.231417912424731,34.87698630138018,0.0,0.0,0.99,8,exponential
q_learning,shaped_seed5,shaped,5,4a77b6e251,2696,177,100.65,92.02199999999998,0.05,0.15,48,success,1,1,0,0,35,2,0,1,1,39,1.2884132813395517,41.5751045646532,0.0,0.0,0.99,8,exponential
q_learning,shaped_seed5,shaped,5,4a77b6e251,2697,178,101.60000000000002,92.00099999999999,0.05,0.15,47,success,1,1,0,0,34,2,0,1,1,28,0.9285934601579633,10.745918546599611,0.0,0.0,0.99,8,exponential
q_learning,shaped_seed5,shaped,5,4a77b6e251,2698,176,103.70000000000002,92.21199999999999,0.05,0.15,49,success,1,1,0,0,32,2,0,1,1,34,1.0147335289486055,28.813804874900057,0.0,0.0,0.99,8,exponential
q_learning,shaped_seed5,shaped,5,4a77b6e251,2699,178,92.59999999999992,92.20199999999998,0.05,0.15,47,success,1,1,0,0,28,5,0,1,1,36,1.0000277173494205,10.406579158477946,0.0,0.0,0.99,8,exponential
q_learning,shaped_seed5,shaped,5,4a77b6e251,2700,180,98.50000000000001,92.22200000000001,0.05,0.15,45,success,1,1,0,0,32,3,0,1,1,36,1.0056706537742708,12.236893961328605,0.0,0.0,0.99,8,exponential
q_learning,shaped_seed5,shaped,5,4a77b6e251,2701,179,86.54999999999997,92.12049999999999,0.05,0.15,46,success,1,1,0,0,49,2,0,1,1,50,0.99371628438311,16.194212443547357,0.0,0.0,0.99,8,exponential
q_learning,shaped_seed5,shaped,5,4a77b6e251,2702,183,91.34999999999998,92.068,0.05,0.15,42,success,1,1,0,0,39,3,0,2,1,43,1.9708895915127096,49.33627281719589,0.0,0.0,0.99,8,exponential
q_learning,shaped_seed5,shaped,5,4a77b6e251,2703,170,86.99999999999996,92.20749999999998,0.05,0.15,55,success,1,1,0,0,34,5,0,1,1,32,1.9001296872113467,83.39611545864739,0.0,0.0,0.99,8,exponential
q_learning,shaped_seed5,shaped,5,4a77b6e251,2704,177,102.65000000000002,92.24749999999999,0.05,0.15,48,success,1,1,0,0,33,2,0,1,1,33,1.1006704301821202,13.553363978791946,0.0,0.0,0.99,8,exponential
q_learning,shaped_seed5,shaped,5,4a77b6e251,2705,183,88.35,92.39399999999999,0.05,0.15,42,success,1,1,0,0,37,4,0,1,1,42,1.448142967884118,44.670196058368134,0.0,0.0,0.99,8,exponential
q_learning,shaped_seed5,shaped,5,4a77b6e251,2706,177,111.64999999999996,92.588,0.05,0.15,48,success,1,1,0,0,19,3,0,1,1,24,0.9204552173054181,11.648756976202627,0.0,0.0,0.99,8,exponential
q_learning,shaped_seed5,shaped,5,4a77b6e251,2707,175,89.74999999999997,92.59049999999999,0.05,0.15,50,success,1,1,0,0,41,3,0,1,1,41,1.0556664141004288,11.664102833023868,0.0,0.0,0.99,8,exponential
q_learning,shaped_seed5,shaped,5,4a77b6e251,2708,179,104.55000000000003,92.66099999999999,0.05,0.15,46,success,1,1,0,0,31,2,0,1,1,36,1.1816671936567997,29.72243190068845,0.0,0.0,0.99,8,exponential
q_learning,shaped_seed5,shaped,5,4a77b6e251,2709,190,95.00000000000001,92.58449999999999,0.05,0.15,35,success,1,1,0,0,40,2,0,1,1,48,1.20155446623607,20.694860926443198,0.0,0.0,0.99,8,exponential
q_learning,shaped_seed5,shaped,5,4a77b6e251,2710,179,105.55000000000001,92.66299999999997,0.05,0.15,46,success,1,1,0,0,25,3,0,1,1,33,1.3428023519393337,48.18328560926979,0.0,0.0,0.99,8,exponential
q_learning,shaped_seed5,shaped,5,4a77b6e251,2711,175,65.75000000000009,92.33499999999997,0.05,0.15,50,success,1,1,0,0,45,7,0,1,1,46,1.2901020529713345,13.08658755162503,0.0,0.0,0.99,8,exponential
q_learning,shaped_seed5,shaped,5,4a77b6e251,2712,181,106.44999999999999,92.51199999999999,0.05,0.15,44,success,1,1,0,0,29,2,0,1,1,31,1.0755196612466482,13.106617096372133,0.0,0.0,0.99,8,exponential
q_learning,shaped_seed5,shaped,5,4a77b6e251,2713,177,77.64999999999992,94.116,0.05,0.15,48,success,1,1,0,0,33,7,0,1,1,36,1.1702873425002112,11.895028149877533,0.0,0.0,0.99,8,exponential
q_learning,shaped_seed5,shaped,5,4a77b6e251,2714,179,97.55000000000001,94.34549999999997,0.05,0.15,46,success,1,1,0,0,33,3,0,1,1,36,1.0776385952120267,13.241383749040295,0.0,0.0,0.99,8,exponential
q_learning,shaped_seed5,shaped,5,4a77b6e251,2715,178,107.60000000000002,94.53649999999998,0.05,0.15,47,success,1,1,0,0,28,2,0,1,1,29,0.8988738626678565,11.838486313081766,0.0,0.0,0.99,8,exponential
q_learning,shaped_seed5,shaped,5,4a77b6e251,2716,175,102.75,94.76699999999997,0.05,0.15,50,success,1,1,0,0,23,4,0,1,1,31,1.104778298482589,11.261985466600237,0.0,0.0,0.99,8,exponential
q_learning,shaped_seed5,shaped,5,4a77b6e251,2717,178,105.60000000000002,94.9755,0.05,0.15,47,success,1,1,0,0,30,2,0,1,1,32,1.043264557463781,12.738047918780431,0.0,0.0,0.99,8,exponential
q_learning,shaped_seed5,shaped,5,4a77b6e251,2718,189,31.050000000000082,94.19099999999999,0.05,0.15,36,success,1,1,0,0,39,15,0,1,1,34,1.9508442857326078,48.46366996273302,0.0,0.0,0.99,8,exponential
q_learning,shaped_seed5,shaped,5,4a77b6e251,2719,177,83.64999999999992,94.18149999999997,0.05,0.15,48,success,1,1,0,0,47,3,0,1,1,48,1.0961494790793278,11.134204238451574,0.0,0.0,0.99,8,exponential
q_learning,shaped_seed5,shaped,5,4a77b6e251,2720,180,87.49999999999994,94.19999999999996,0.05,0.15,45,success,1,1,0,0,38,4,0,1,1,41,1.1957400511157414,11.886010895977684,0.0,0.0,0.99,8,exponential
q_learning,shaped_seed5,shaped,5,4a77b6e251,2721,177,91.64999999999998,94.05199999999996,0.05,0.15,48,success,1,1,0,0,29,5,0,1,1,29,1.0817008091945342,25.673153579471528,0.0,0.0,0.99,8,exponential
q_learning,shaped_seed5,shaped,5,4a77b6e251,2722,178,106.59999999999995,94.15049999999998,0.05,0.15,47,success,1,1,0,0,24,3,0,1,1,27,1.0189117914312806,11.612575765557828,0.0,0.0,0.99,8,exponential
q_learning,shaped_seed5,shaped,5,4a77b6e251,2723,179,89.54999999999998,95.78349999999999,0.05,0.15,46,success,1,1,0,0,41,3,0,1,1,43,1.1390855043791022,11.049477875259583,0.0,0.0,0.99,8,exponential
q_learning,shaped_seed5,shaped,5,4a77b6e251,2724,175,101.75,95.90349999999998,0.05,0.15,50,success,1,1,0,0,29,3,0,1,1,26,1.5909337931441905,33.54563598706041,0.0,0.0,0.99,8,exponential
q_learning,shaped_seed5,shaped,5,4a77b6e251,2725,181,96.45000000000002,96.0235,0.05,0.15,44,success,1,1,0,0,39,2,0,1,1,40,1.4336906309930586,66.23464688025264,0.0,0.0,0.99,8,exponential
q_learning,shaped_seed5,shaped,5,4a77b6e251,2726,176,90.69999999999992,95.82599999999998,0.05,0.15,49,success,1,1,0,0,40,3,0,1,1,40,1.11225284144191,13.39917965356777,0.0,0.0,0.99,8,exponential
q_learning,shaped_seed5,shaped,5,4a77b6e251,2727,176,79.69999999999999,95.5995,0.05,0.15,49,success,1,1,0,0,46,4,0,1,1,41,1.4254178282622363,36.93747504256656,0.0,0.0,0.99,8,exponential
q_learning,shaped_seed5,shaped,5,4a77b6e251,2728,178,85.59999999999998,95.50000000000001,0.05,0.15,47,success,1,1,0,0,40,4,0,1,1,44,1.1689112296489126,12.577752651359194,0.0,0.0,0.99,8,exponential
q_learning,shaped_seed5,shaped,5,4a77b6e251,2729,178,105.59999999999997,95.52950000000001,0.05,0.15,47,success,1,1,0,0,30,2,0,1,1,34,1.234990257470372,41.30063092274856,0.0,0.0,0.99,8,exponential
q_learning,shaped_seed5,shaped,5,4a77b6e251,2730,175,90.74999999999996,95.4825,0.05,0.15,50,success,1,1,0,0,35,4,0,1,1,36,1.156067353553525,31.653944764680006,0.0,0.0,0.99,8,exponential
q_learning,shaped_seed5,shaped,5,4a77b6e251,2731,176,99.7,95.45400000000001,0.05,0.15,49,success,1,1,0,0,36,2,0,1,1,35,0.9556021715068476,11.314768687725767,0.0,0.0,0.99,8,exponential
q_learning,shaped_seed5,shaped,5,4a77b6e251,2732,175,97.75000000000001,95.52500000000002,0.05,0.15,50,success,1,1,0,0,33,3,0,1,1,34,1.239639546120647,31.753417599356812,0.0,0.0,0.99,8,exponential
q_learning,shaped_seed5,shaped,5,4a77b6e251,2733,185,94.25,95.73099999999998,0.05,0.15,40,success,1,1,0,0,41,2,0,1,1,51,1.116782310468267,10.560756996557586,0.0,0.0,0.99,8,exponential
q_learning,shaped_seed5,shaped,5,4a77b6e251,2734,175,96.75000000000001,95.82350000000001,0.05,0.15,50,success,1,1,0,0,39,2,0,1,1,37,1.0122049006084024,10.476480476819106,0.0,0.0,0.99,8,exponential
q_learning,shaped_seed5,shaped,5,4a77b6e251,2735,182,101.4,95.81999999999998,0.05,0.15,43,success,1,1,0,0,34,2,0,1,1,41,1.142943931718942,22.63902558447522,0.0,0.0,0.99,8,exponential
q_learning,shaped_seed5,shaped,5,4a77b6e251,2736,175,97.75000000000003,95.771,0.05,0.15,50,success,1,1,0,0,33,3,0,1,1,33,1.1104588332352419,19.94563894613973,0.0,0.0,0.99,8,exponential
q_learning,shaped_seed5,shaped,5,4a77b6e251,2737,181,106.45000000000002,95.8205,0.05,0.15,44,success,1,1,0,0,29,2,0,1,1,31,1.0033624421211844,11.029356168532864,0.0,0.0,0.99,8,exponential
q_learning,shaped_seed5,shaped,5,4a77b6e251,2738,179,106.54999999999998,95.84899999999999,0.05,0.15,46,success,1,1,0,0,29,2,0,1,1,32,1.3625408779559427,35.61213264530727,0.0,0.0,0.99,8,exponential
q_learning,shaped_seed5,shaped,5,4a77b6e251,2739,177,106.65000000000002,95.892,0.05,0.15,48,success,1,1,0,0,29,2,0,1,1,32,0.8816523819537025,11.047808071726642,0.0,0.0,0.99,8,exponential
q_learning,shaped_seed5,shaped,5,4a77b6e251,2740,177,90.64999999999996,95.79399999999998,0.05,0.15,48,success,1,1,0,0,35,4,0,1,1,36,1.0025439705551862,12.061483622129103,0.0,0.0,0.99,8,exponential
q_learning,shaped_seed5,shaped,5,4a77b6e251,2741,179,88.54999999999993,95.75349999999997,0.05,0.15,46,success,1,1,0,0,37,4,0,1,1,37,1.1002860314169933,12.944847233012064,0.0,0.0,0.99,8,exponential
q_learning,shaped_seed5,shaped,5,4a77b6e251,2742,178,93.60000000000002,95.82999999999998,0.05,0.15,47,success,1,1,0,0,32,4,0,1,1,33,1.0761554160134041,12.24845881757367,0.0,0.0,0.99,8,exponential
q_learning,shaped_seed5,shaped,5,4a77b6e251,2743,180,103.50000000000001,95.88799999999999,0.05,0.15,45,success,1,1,0,0,32,2,0,1,1,33,1.3194631262704746,46.78003547184157,0.0,0.0,0.99,8,exponential
q_learning,shaped_seed5,shaped,5,4a77b6e251,2744,181,98.45000000000002,95.866,0.05,0.15,44,success,1,1,0,0,37,2,0,1,1,28,1.3310529741321961,31.21103452563444,0.0,0.0,0.99,8,exponential
q_learning,shaped_seed5,shaped,5,4a77b6e251,2745,180,99.5,95.91550000000001,0.05,0.15,45,success,1,1,0,0,36,2,0,1,1,39,0.8829994568815329,11.312078544283821,0.0,0.0,0.99,8,exponential
q_learning,shaped_seed5,shaped,5,4a77b6e251,2746,178,93.59999999999998,95.8255,0.05,0.15,47,success,1,1,0,0,42,2,0,1,1,48,0.9970093419685957,11.121134244608982,0.0,0.0,0.99,8,exponential
q_learning,shaped_seed5,shaped,5,4a77b6e251,2747,178,92.59999999999998,95.83850000000002,0.05,0.15,47,success,1,1,0,0,28,5,0,1,1,31,1.0306488001734966,10.432799949206583,0.0,0.0,0.99,8,exponential
q_learning,shaped_seed5,shaped,5,4a77b6e251,2748,176,103.70000000000002,95.85850000000002,0.05,0.15,49,success,1,1,0,0,32,2,0,1,1,33,1.185582589335204,41.036467768778905,0.0,0.0,0.99,8,exponential
q_learning,shaped_seed5,shaped,5,4a77b6e251,2749,180,97.50000000000001,95.84700000000001,0.05,0.15,45,success,1,1,0,0,38,2,0,2,1,36,1.4727667775668345,42.603183071842366,0.0,0.0,0.99,8,exponential
q_learning,shaped_seed5,shaped,5,4a77b6e251,2750,177,94.65,95.95650000000002,0.05,0.15,48,success,1,1,0,0,31,4,0,1,1,32,0.9729256352106077,11.174152952194369,0.0,0.0,0.99,8,exponential
q_learning,shaped_seed5,shaped,5,4a77b6e251,2751,177,99.65,95.93549999999999,0.05,0.15,48,success,1,1,0,0,31,3,0,1,1,34,1.2042658583884343,26.884329221351553,0.0,0.0,0.99,8,exponential
q_learning,shaped_seed5,shaped,5,4a77b6e251,2752,175,110.75000000000001,96.0375,0.05,0.15,50,success,1,1,0,0,25,2,0,1,1,34,1.1856674014436397,21.450710744147123,0.0,0.0,0.99,8,exponential
q_learning,shaped_seed5,shaped,5,4a77b6e251,2753,185,106.25000000000001,96.213,0.05,0.15,40,success,1,1,0,0,29,2,0,1,1,44,1.082307216355626,14.254037367574057,0.0,0.0,0.99,8,exponential
q_learning,shaped_seed5,shaped,5,4a77b6e251,2754,178,95.6,96.0635,0.05,0.15,47,success,1,1,0,0,30,4,0,1,1,38,1.4229099069535434,37.95750018752673,0.0,0.0,0.99,8,exponential
q_learning,shaped_seed5,shaped,5,4a77b6e251,2755,177,105.65000000000002,96.25349999999999,0.05,0.15,48,success,1,1,0,0,25,3,0,1,1,32,1.0180582355537058,13.118114594292543,0.0,0.0,0.99,8,exponential
q_learning,shaped_seed5,shaped,5,4a77b6e251,2756,194,102.79999999999997,96.337,0.05,0.15,31,success,1,1,0,0,22,4,0,1,1,30,1.441124439488283,58.074123992200505,0.0,0.0,0.99,8,exponential
q_learning,shaped_seed5,shaped,5,4a77b6e251,2757,184,101.30000000000001,96.28249999999998,0.05,0.15,41,success,1,1,0,0,34,2,0,1,1,38,1.027024087588879,12.239483532749219,0.0,0.0,0.99,8,exponential
q_learning,shaped_seed5,shaped,5,4a77b6e251,2758,176,92.69999999999999,96.25499999999998,0.05,0.15,49,success,1,1,0,0,38,3,0,1,1,34,1.013875702437233,11.373449930020833,0.0,0.0,0.99,8,exponential
q_learning,shaped_seed5,shaped,5,4a77b6e251,2759,179,100.55000000000001,96.22449999999998,0.05,0.15,46,success,1,1,0,0,35,2,0,1,1,38,1.1374256716240543,20.672139097560276,0.0,0.0,0.99,8,exponential
q_learning,shaped_seed5,shaped,5,4a77b6e251,2760,176,94.69999999999997,96.085,0.05,0.15,49,success,1,1,0,0,36,3,0,1,1,33,1.2781644810018689,19.343066435596715,0.0,0.0,0.99,8,exponential
q_learning,shaped_seed5,shaped,5,4a77b6e251,2761,177,90.64999999999998,96.0345,0.05,0.15,48,success,1,1,0,0,45,2,0,1,1,37,0.9440126202991928,13.9472468680759,0.0,0.0,0.99,8,exponential
q_learning,shaped_seed5,shaped,5,4a77b6e251,2762,178,97.60000000000001,96.007,0.05,0.15,47,success,1,1,0,0,38,2,0,1,1,31,0.9178400632446022,11.905615215477482,0.0,0.0,0.99,8,exponential
q_learning,shaped_seed5,shaped,5,4a77b6e251,2763,187,97.15,95.991,0.05,0.15,38,success,1,1,0,0,33,3,0,1,1,42,1.4749039062178593,60.193818191654216,0.0,0.0,0.99,8,exponential
q_learning,shaped_seed5,shaped,5,4a77b6e251,2764,180,91.49999999999994,95.88949999999998,0.05,0.15,45,success,1,1,0,0,34,4,0,1,1,33,1.0688261915445645,14.159748159919864,0.0,0.0,0.99,8,exponential
q_learning,shaped_seed5,shaped,5,4a77b6e251,2765,175,92.74999999999997,96.05899999999998,0.05,0.15,50,success,1,1,0,0,33,4,0,1,1,27,1.0225036655290842,12.933217826431722,0.0,0.0,0.99,8,exponential
q_learning,shaped_seed5,shaped,5,4a77b6e251,2766,176,101.7,96.11949999999999,0.05,0.15,49,success,1,1,0,0,34,2,0,1,1,35,0.9565653238009296,9.509170959462857,0.0,0.0,0.99,8,exponential
q_learning,shaped_seed5,shaped,5,4a77b6e251,2767,177,93.65,96.1305,0.05,0.15,48,success,1,1,0,0,37,3,0,1,1,36,1.913050189863638,78.87893197384757,0.0,0.0,0.99,8,exponential
q_learning,shaped_seed5,shaped,5,4a77b6e251,2768,176,87.69999999999997,95.941,0.05,0.15,49,success,1,1,0,0,28,6,0,1,1,32,1.3420409095570989,19.90322293855271,0.0,0.0,0.99,8,exponential
q_learning,shaped_seed5,shaped,5,4a77b6e251,2769,179,86.54999999999993,95.889,0.05,0.15,46,success,1,1,0,0,39,4,0,1,1,37,1.1477869557314602,13.06645975990493,0.0,0.0,0.99,8,exponential
q_learning,shaped_seed5,shaped,5,4a77b6e251,2770,181,97.45000000000002,95.7985,0.05,0.15,44,success,1,1,0,0,33,3,0,1,1,33,1.1312054982131752,19.53440095949596,0.0,0.0,0.99,8,exponential
q_learning,shaped_seed5,shaped,5,4a77b6e251,2771,178,99.60000000000002,95.837,0.05,0.15,47,success,1,1,0,0,36,2,0,1,1,36,1.2366043171378462,31.57091056863205,0.0,0.0,0.99,8,exponential
q_learning,shaped_seed5,shaped,5,4a77b6e251,2772,175,98.75000000000001,95.8705,0.05,0.15,50,success,1,1,0,0,37,2,0,1,1,39,1.0010054520009204,12.755542004557306,0.0,0.0,0.99,8,exponential
q_learning,shaped_seed5,shaped,5,4a77b6e251,2773,178,95.59999999999998,95.83050000000001,0.05,0.15,47,success,1,1,0,0,30,4,0,1,1,33,0.9945768697421198,11.929068564116605,0.0,0.0,0.99,8,exponential
q_learning,shaped_seed5,shaped,5,4a77b6e251,2774,176,109.69999999999997,96.06200000000001,0.05,0.15,49,success,1,1,0,0,26,2,0,1,1,29,0.9975286279519243,14.040487710471211,0.0,0.0,0.99,8,exponential
q_learning,shaped_seed5,shaped,5,4a77b6e251,2775,177,85.64999999999993,96.0325,0.05,0.15,48,success,1,1,0,0,35,5,0,1,1,39,1.1035885067830717,13.029491679299497,0.0,0.0,0.99,8,exponential
q_learning,shaped_seed5,shaped,5,4a77b6e251,2776,175,102.75000000000001,96.0125,0.05,0.15,50,success,1,1,0,0,33,2,0,1,1,33,0.9725049975266837,12.680672397682997,0.0,0.0,0.99,8,exponential
q_learning,shaped_seed5,shaped,5,4a77b6e251,2777,176,100.70000000000002,96.154,0.05,0.15,49,success,1,1,0,0,30,3,0,1,1,30,1.0971303059765076,11.986394444092717,0.0,0.0,0.99,8,exponential
q_learning,shaped_seed5,shaped,5,4a77b6e251,2778,184,86.29999999999994,96.10949999999998,0.05,0.15,41,success,1,1,0,0,34,5,0,2,1,47,1.3271320971977325,21.115091761505838,0.0,0.0,0.99,8,exponential
q_learning,shaped_seed5,shaped,5,4a77b6e251,2779,179,102.55000000000001,96.21899999999998,0.05,0.15,46,success,1,1,0,0,33,2,0,1,1,36,1.095504286331551,17.768714749960466,0.0,0.0,0.99,8,exponential
q_learning,shaped_seed5,shaped,5,4a77b6e251,2780,176,101.70000000000002,96.33949999999999,0.05,0.15,49,success,1,1,0,0,34,2,0,1,1,36,1.0188834832253308,10.619321978672758,0.0,0.0,0.99,8,exponential
q_learning,shaped_seed5,shaped,5,4a77b6e251,2781,176,109.70000000000002,96.55899999999998,0.05,0.15,49,success,1,1,0,0,26,2,0,1,1,32,1.0937916644578523,19.597622924464808,0.0,0.0,0.99,8,exponential
q_learning,shaped_seed5,shaped,5,4a77b6e251,2782,179,77.55,96.3685,0.05,0.15,46,success,1,1,0,0,33,7,0,1,1,40,1.0720299513171687,10.995769123542715,0.0,0.0,0.99,8,exponential
q_learning,shaped_seed5,shaped,5,4a77b6e251,2783,175,106.74999999999999,96.45,0.05,0.15,50,success,1,1,0,0,29,2,0,1,1,31,0.8926417625248259,10.150174721536708,0.0,0.0,0.99,8,exponential
q_learning,shaped_seed5,shaped,5,4a77b6e251,2784,175,86.74999999999994,96.34049999999999,0.05,0.15,50,success,1,1,0,0,29,6,0,1,1,37,1.2618600192541225,14.767925561335218,0.0,0.0,0.99,8,exponential
q_learning,shaped_seed5,shaped,5,4a77b6e251,2785,178,88.59999999999997,96.24899999999998,0.05,0.15,47,success,1,1,0,0,32,5,0,1,1,37,1.2730814762345624,28.059334601410754,0.0,0.0,0.99,8,exponential
q_learning,shaped_seed5,shaped,5,4a77b6e251,2786,178,100.60000000000001,96.37899999999999,0.05,0.15,47,success,1,1,0,0,30,3,0,2,1,32,1.0258369227253687,13.265085418614277,0.0,0.0,0.99,8,exponential
q_learning,shaped_seed5,shaped,5,4a77b6e251,2787,184,105.3,96.4875,0.05,0.15,41,success,1,1,0,0,30,2,0,1,1,35,0.9258858704640012,8.56412875053168,0.0,0.0,0.99,8,exponential
q_learning,shaped_seed5,shaped,5,4a77b6e251,2788,176,105.70000000000002,96.50949999999999,0.05,0.15,49,success,1,1,0,0,30,2,0,1,1,30,0.9913108706673271,13.995830932087856,0.0,0.0,0.99,8,exponential
q_learning,shaped_seed5,shaped,5,4a77b6e251,2789,178,105.60000000000001,96.6595,0.05,0.15,47,success,1,1,0,0,30,2,0,1,1,35,1.2490042674222768,17.945998110694262,0.0,0.0,0.99,8,exponential
q_learning,shaped_seed5,shaped,5,4a77b6e251,2790,181,101.45,96.64849999999998,0.05,0.15,44,success,1,1,0,0,29,3,0,1,1,30,1.0035239873755402,13.681846996173007,0.0,0.0,0.99,8,exponential
q_learning,shaped_seed5,shaped,5,4a77b6e251,2791,176,101.70000000000002,96.66950000000003,0.05,0.15,49,success,1,1,0,0,34,2,0,1,1,34,1.235558650532495,23.453532826228248,0.0,0.0,0.99,8,exponential
q_learning,shaped_seed5,shaped,5,4a77b6e251,2792,181,102.45000000000002,96.617,0.05,0.15,44,success,1,1,0,0,33,2,0,1,1,41,0.8899231720095637,11.96911195741066,0.0,0.0,0.99,8,exponential
q_learning,shaped_seed5,shaped,5,4a77b6e251,2793,173,106.85000000000002,96.62000000000002,0.05,0.15,52,success,1,1,0,0,29,2,0,1,1,30,1.8601698302636618,97.48078485004316,0.0,0.0,0.99,8,exponential
q_learning,shaped_seed5,shaped,5,4a77b6e251,2794,177,101.65,96.529,0.05,0.15,48,success,1,1,0,0,29,3,0,1,1,32,1.6166936424550002,79.45920823788353,0.0,0.0,0.99,8,exponential
q_learning,shaped_seed5,shaped,5,4a77b6e251,2795,177,94.64999999999998,96.5215,0.05,0.15,48,success,1,1,0,0,31,4,0,1,1,32,1.0432302943505474,11.283902311392389,0.0,0.0,0.99,8,exponential
q_learning,shaped_seed5,shaped,5,4a77b6e251,2796,177,100.65000000000002,96.52149999999997,0.05,0.15,48,success,1,1,0,0,35,2,0,1,1,35,0.9573882196085811,10.991440885804025,0.0,0.0,0.99,8,exponential
q_learning,shaped_seed5,shaped,5,4a77b6e251,2797,175,104.74999999999999,96.55299999999997,0.05,0.15,50,success,1,1,0,0,31,2,0,1,1,31,1.1839226005413612,31.619913069008796,0.0,0.0,0.99,8,exponential
q_learning,shaped_seed5,shaped,5,4a77b6e251,2798,175,106.75000000000001,96.58349999999999,0.05,0.15,50,success,1,1,0,0,29,2,0,1,1,32,0.9432321012658665,12.007374449785857,0.0,0.0,0.99,8,exponential
q_learning,shaped_seed5,shaped,5,4a77b6e251,2799,178,94.60000000000002,96.60349999999998,0.05,0.15,47,success,1,1,0,0,36,3,0,1,1,36,1.079948880772616,16.194329756964358,0.0,0.0,0.99,8,exponential
q_learning,shaped_seed5,shaped,5,4a77b6e251,2800,175,101.75,96.63600000000001,0.05,0.15,50,success,1,1,0,0,29,3,0,1,1,30,0.9353450192043455,10.477404945143832,0.0,0.0,0.99,8,exponential
q_learning,shaped_seed5,shaped,5,4a77b6e251,2801,183,101.35000000000002,96.78400000000002,0.05,0.15,42,success,1,1,0,0,29,3,0,1,1,32,1.449867298057226,32.389161178850536,0.0,0.0,0.99,8,exponential
q_learning,shaped_seed5,shaped,5,4a77b6e251,2802,176,103.7,96.90750000000001,0.05,0.15,49,success,1,1,0,0,32,2,0,1,1,35,0.9164881353250517,9.919910739428467,0.0,0.0,0.99,8,exponential
q_learning,shaped_seed5,shaped,5,4a77b6e251,2803,180,105.50000000000001,97.0925,0.05,0.15,45,success,1,1,0,0,30,2,0,1,1,40,0.9964922993108982,11.184713466287171,0.0,0.0,0.99,8,exponential
q_learning,shaped_seed5,shaped,5,4a77b6e251,2804,179,99.55,97.0615,0.05,0.15,46,success,1,1,0,0,31,3,0,1,1,33,1.0130759832614626,12.744918063051074,0.0,0.0,0.99,8,exponential
q_learning,shaped_seed5,shaped,5,4a77b6e251,2805,176,98.7,97.16500000000002,0.05,0.15,49,success,1,1,0,0,32,3,0,1,1,34,1.018713689649021,19.27724821512937,0.0,0.0,0.99,8,exponential
q_learning,shaped_seed5,shaped,5,4a77b6e251,2806,177,106.65000000000002,97.115,0.05,0.15,48,success,1,1,0,0,29,2,0,1,1,29,1.1764276797931794,14.91953794827951,0.0,0.0,0.99,8,exponential
q_learning,shaped_seed5,shaped,5,4a77b6e251,2807,177,104.65,97.26399999999998,0.05,0.15,48,success,1,1,0,0,31,2,0,1,1,39,1.1022477640214345,11.730108295208371,0.0,0.0,0.99,8,exponential
q_learning,shaped_seed5,shaped,5,4a77b6e251,2808,176,103.70000000000002,97.25550000000001,0.05,0.15,49,success,1,1,0,0,32,2,0,1,1,31,1.0036490081251797,11.781125155543187,0.0,0.0,0.99,8,exponential
q_learning,shaped_seed5,shaped,5,4a77b6e251,2809,178,93.60000000000001,97.2415,0.05,0.15,47,success,1,1,0,0,32,4,0,1,1,26,1.1682942167257688,14.968414424085367,0.0,0.0,0.99,8,exponential
q_learning,shaped_seed5,shaped,5,4a77b6e251,2810,176,81.69999999999995,97.00300000000001,0.05,0.15,49,success,1,1,0,0,44,4,0,1,1,34,1.1671787006917873,18.176380597747283,0.0,0.0,0.99,8,exponential
q_learning,shaped_seed5,shaped,5,4a77b6e251,2811,184,100.30000000000001,97.3485,0.05,0.15,41,success,1,1,0,0,30,3,0,1,1,30,0.9407451726824124,11.63688033312885,0.0,0.0,0.99,8,exponential
q_learning,shaped_seed5,shaped,5,4a77b6e251,2812,178,105.60000000000002,97.34,0.05,0.15,47,success,1,1,0,0,30,2,0,1,1,32,1.0789237318477014,34.73147170326064,0.0,0.0,0.99,8,exponential
q_learning,shaped_seed5,shaped,5,4a77b6e251,2813,179,110.55000000000001,97.669,0.05,0.15,46,success,1,1,0,0,25,2,0,1,1,28,0.9460537047882236,10.77726430403392,0.0,0.0,0.99,8,exponential
q_learning,shaped_seed5,shaped,5,4a77b6e251,2814,177,106.65,97.75999999999998,0.05,0.15,48,success,1,1,0,0,29,2,0,1,1,35,0.9508314852105225,11.809466380162569,0.0,0.0,0.99,8,exponential
q_learning,shaped_seed5,shaped,5,4a77b6e251,2815,177,85.64999999999996,97.54049999999998,0.05,0.15,48,success,1,1,0,0,35,5,0,1,1,34,1.1048784098529667,11.317404376752357,0.0,0.0,0.99,8,exponential
q_learning,shaped_seed5,shaped,5,4a77b6e251,2816,177,102.64999999999999,97.53949999999998,0.05,0.15,48,success,1,1,0,0,33,2,0,1,1,38,0.9477247331942019,11.639593254531007,0.0,0.0,0.99,8,exponential
q_learning,shaped_seed5,shaped,5,4a77b6e251,2817,175,97.75000000000001,97.46099999999998,0.05,0.15,50,success,1,1,0,0,33,3,0,1,1,35,1.1245905194456602,17.375790612445286,0.0,0.0,0.99,8,exponential
q_learning,shaped_seed5,shaped,5,4a77b6e251,2818,177,101.65000000000002,98.16699999999999,0.05,0.15,48,success,1,1,0,0,29,3,0,1,1,31,0.9433262592635666,11.273152226513616,0.0,0.0,0.99,8,exponential
q_learning,shaped_seed5,shaped,5,4a77b6e251,2819,178,103.60000000000001,98.3665,0.05,0.15,47,success,1,1,0,0,32,2,0,1,1,33,0.9782718787977761,10.766463016263671,0.0,0.0,0.99,8,exponential
q_learning,shaped_seed5,shaped,5,4a77b6e251,2820,177,88.64999999999995,98.37799999999999,0.05,0.15,48,success,1,1,0,0,37,4,0,1,1,40,1.0586990795558409,10.288078540574276,0.0,0.0,0.99,8,exponential
q_learning,shaped_seed5,shaped,5,4a77b6e251,2821,181,95.45000000000002,98.416,0.05,0.15,44,success,1,1,0,0,35,3,0,1,1,26,1.1465622564231057,20.97954643927029,0.0,0.0,0.99,8,exponential
q_learning,shaped_seed5,shaped,5,4a77b6e251,2822,177,94.65000000000002,98.29650000000001,0.05,0.15,48,success,1,1,0,0,41,2,0,1,1,33,1.191527836701382,15.345380083223361,0.0,0.0,0.99,8,exponential
q_learning,shaped_seed5,shaped,5,4a77b6e251,2823,175,93.74999999999997,98.33850000000001,0.05,0.15,50,success,1,1,0,0,37,3,0,1,1,42,1.118406740913998,22.186845264451517,0.0,0.0,0.99,8,exponential
q_learning,shaped_seed5,shaped,5,4a77b6e251,2824,176,107.70000000000002,98.39800000000001,0.05,0.15,49,success,1,1,0,0,28,2,0,1,1,34,0.89522790105456,10.031327424143996,0.0,0.0,0.99,8,exponential
q_learning,shaped_seed5,shaped,5,4a77b6e251,2825,179,65.55000000000004,98.089,0.05,0.15,46,success,1,1,0,0,45,7,0,1,1,51,1.3657083743886465,12.723136220467993,0.0,0.0,0.99,8,exponential
q_learning,shaped_seed5,shaped,5,4a77b6e251,2826,176,94.69999999999999,98.12900000000002,0.05,0.15,49,success,1,1,0,0,36,3,0,1,1,33,1.0655264405351528,11.985972604207817,0.0,0.0,0.99,8,exponential
q_learning,shaped_seed5,shaped,5,4a77b6e251,2827,180,96.50000000000001,98.29700000000001,0.05,0.15,45,success,1,1,0,0,34,3,0,1,1,34,1.291995589812321,42.500821459695025,0.0,0.0,0.99,8,exponential
q_learning,shaped_seed5,shaped,5,4a77b6e251,2828,178,105.60000000000001,98.49700000000001,0.05,0.15,47,success,1,1,0,0,30,2,0,1,1,26,1.137651525676309,27.566179742734818,0.0,0.0,0.99,8,exponential
q_learning,shaped_seed5,shaped,5,4a77b6e251,2829,175,101.74999999999997,98.45850000000002,0.05,0.15,50,success,1,1,0,0,29,3,0,1,1,32,1.2876929691464485,25.661550778727463,0.0,0.0,0.99,8,exponential
q_learning,shaped_seed5,shaped,5,4a77b6e251,2830,178,94.60000000000002,98.49700000000001,0.05,0.15,47,success,1,1,0,0,36,3,0,1,1,44,1.0838962187763914,11.347106856893106,0.0,0.0,0.99,8,exponential
q_learning,shaped_seed5,shaped,5,4a77b6e251,2831,178,103.60000000000001,98.53600000000002,0.05,0.15,47,success,1,1,0,0,32,2,0,1,1,38,1.1118092419164014,15.670268053834477,0.0,0.0,0.99,8,exponential
q_learning,shaped_seed5,shaped,5,4a77b6e251,2832,177,100.65,98.56500000000001,0.05,0.15,48,success,1,1,0,0,35,2,0,1,1,34,0.9967962552204168,11.69001695455632,0.0,0.0,0.99,8,exponential
q_learning,shaped_seed5,shaped,5,4a77b6e251,2833,177,91.64999999999995,98.53900000000002,0.05,0.15,48,success,1,1,0,0,39,3,0,1,1,38,1.3623822320227477,33.24832768783187,0.0,0.0,0.99,8,exponential
q_learning,shaped_seed5,shaped,5,4a77b6e251,2834,178,105.60000000000002,98.6275,0.05,0.15,47,success,1,1,0,0,30,2,0,1,1,30,0.8632354929872333,12.043067789610923,0.0,0.0,0.99,8,exponential
q_learning,shaped_seed5,shaped,5,4a77b6e251,2835,180,81.49999999999997,98.4285,0.05,0.15,45,success,1,1,0,0,44,4,0,1,1,45,1.1068809909921529,12.468460944260393,0.0,0.0,0.99,8,exponential
q_learning,shaped_seed5,shaped,5,4a77b6e251,2836,176,102.70000000000002,98.47800000000001,0.05,0.15,49,success,1,1,0,0,28,3,0,1,1,29,1.2840112002998525,26.488242372860697,0.0,0.0,0.99,8,exponential
q_learning,shaped_seed5,shaped,5,4a77b6e251,2837,180,94.50000000000001,98.3585,0.05,0.15,45,success,1,1,0,0,36,3,0,1,1,36,1.0483925634381288,16.259106691673367,0.0,0.0,0.99,8,exponential
q_learning,shaped_seed5,shaped,5,4a77b6e251,2838,176,105.7,98.35000000000002,0.05,0.15,49,success,1,1,0,0,30,2,0,1,1,33,0.9279208524234629,11.233912188216571,0.0,0.0,0.99,8,exponential
q_learning,shaped_seed5,shaped,5,4a77b6e251,2839,178,98.60000000000002,98.26950000000002,0.05,0.15,47,success,1,1,0,0,32,3,0,1,1,31,1.0972354953160373,18.182646293807434,0.0,0.0,0.99,8,exponential
q_learning,shaped_seed5,shaped,5,4a77b6e251,2840,176,91.70000000000002,98.28000000000002,0.05,0.15,49,success,1,1,0,0,44,2,0,1,1,37,1.1772296636382802,41.77677453785588,0.0,0.0,0.99,8,exponential
q_learning,shaped_seed5,shaped,5,4a77b6e251,2841,181,104.45000000000002,98.43900000000004,0.05,0.15,44,success,1,1,0,0,31,2,0,1,1,32,0.9419912380805625,11.091729057741453,0.0,0.0,0.99,8,exponential
q_learning,shaped_seed5,shaped,5,4a77b6e251,2842,180,99.50000000000001,98.49800000000003,0.05,0.15,45,success,1,1,0,0,36,2,0,1,1,45,2.0242732578012315,33.23524092355397,0.0,0.0,0.99,8,exponential
q_learning,shaped_seed5,shaped,5,4a77b6e251,2843,176,101.70000000000002,98.48000000000003,0.05,0.15,49,success,1,1,0,0,34,2,0,1,1,39,2.0123641318426584,30.54290676407485,0.0,0.0,0.99,8,exponential
q_learning,shaped_seed5,shaped,5,4a77b6e251,2844,175,98.74999999999999,98.48300000000003,0.05,0.15,50,success,1,1,0,0,37,2,0,1,1,39,2.3219250000089637,45.54930157702096,0.0,0.0,0.99,8,exponential
q_learning,shaped_seed5,shaped,5,4a77b6e251,2845,180,84.4999999999999,98.33300000000001,0.05,0.15,45,success,1,1,0,0,46,3,0,1,1,43,2.166940846791242,29.947476527914628,0.0,0.0,0.99,8,exponential
q_learning,shaped_seed5,shaped,5,4a77b6e251,2846,180,95.49999999999997,98.352,0.05,0.15,45,success,1,1,0,0,40,2,0,1,1,34,2.792778549216978,67.42357683337212,0.0,0.0,0.99,8,exponential
q_learning,shaped_seed5,shaped,5,4a77b6e251,2847,177,84.64999999999995,98.2725,0.05,0.15,48,success,1,1,0,0,31,6,0,1,1,38,2.322369160163517,32.259501923429745,0.0,0.0,0.99,8,exponential
q_learning,shaped_seed5,shaped,5,4a77b6e251,2848,175,97.74999999999997,98.213,0.05,0.15,50,success,1,1,0,0,33,3,0,1,1,36,2.2572212135435907,29.933407992988755,0.0,0.0,0.99,8,exponential
q_learning,shaped_seed5,shaped,5,4a77b6e251,2849,185,86.24999999999994,98.1005,0.05,0.15,40,success,1,1,0,0,39,4,0,1,1,42,2.36364248078038,37.74526650739088,0.0,0.0,0.99,8,exponential
q_learning,shaped_seed5,shaped,5,4a77b6e251,2850,177,88.64999999999993,98.0405,0.05,0.15,48,success,1,1,0,0,37,4,0,1,1,36,2.0355001545970604,29.621308832095266,0.0,0.0,0.99,8,exponential
q_learning,shaped_seed5,shaped,5,4a77b6e251,2851,181,102.44999999999995,98.0685,0.05,0.15,44,success,1,1,0,0,33,2,0,1,1,40,2.436087925067083,45.26488826548204,0.0,0.0,0.99,8,exponential
q_learning,shaped_seed5,shaped,5,4a77b6e251,2852,195,57.75000000000021,97.5385,0.05,0.15,30,success,1,1,0,0,57,6,0,1,1,45,3.412423311097875,40.55851669059288,0.0,0.0,0.99,8,exponential
q_learning,shaped_seed5,shaped,5,4a77b6e251,2853,192,79.89999999999988,97.275,0.05,0.15,33,success,1,1,0,0,50,3,0,1,1,47,3.037442591603174,49.45405616106876,0.0,0.0,0.99,8,exponential
q_learning,shaped_seed5,shaped,5,4a77b6e251,2854,192,78.89999999999988,97.10799999999999,0.05,0.15,33,success,1,1,0,0,56,2,0,1,1,47,3.5081634247373277,52.89232328447443,0.0,0.0,0.99,8,exponential
q_learning,shaped_seed5,shaped,5,4a77b6e251,2855,188,94.0999999999999,96.9925,0.05,0.15,37,success,1,1,0,0,36,3,0,1,1,29,3.3680188712953827,49.91377785335225,0.0,0.0,0.99,8,exponential
q_learning,shaped_seed5,shaped,5,4a77b6e251,2856,188,93.0999999999999,96.89550000000001,0.05,0.15,37,success,1,1,0,0,42,2,0,1,1,34,2.917608541929366,47.01808147439342,0.0,0.0,0.99,8,exponential
q_learning,shaped_seed5,shaped,5,4a77b6e251,2857,191,69.95000000000003,96.58200000000002,0.05,0.15,34,success,1,1,0,0,65,2,0,1,1,45,3.4593688463036294,45.436168367383566,0.0,0.0,0.99,8,exponential
q_learning,shaped_seed5,shaped,5,4a77b6e251,2858,191,62.95000000000011,96.28450000000002,0.05,0.15,34,success,1,1,0,0,57,5,0,1,1,40,3.799477028511662,59.04143579521709,0.0,0.0,0.99,8,exponential
q_learning,shaped_seed5,shaped,5,4a77b6e251,2859,190,90.99999999999994,96.18900000000004,0.05,0.15,35,success,1,1,0,0,44,2,0,1,1,44,2.594546833057458,43.732540929161964,0.0,0.0,0.99,8,exponential
q_learning,shaped_seed5,shaped,5,4a77b6e251,2860,190,75.99999999999991,96.00200000000001,0.05,0.15,35,success,1,1,0,0,44,5,0,1,1,33,2.6067084401791423,40.99641657957971,0.0,0.0,0.99,8,exponential
q_learning,shaped_seed5,shaped,5,4a77b6e251,2861,189,86.04999999999988,95.956,0.05,0.15,36,success,1,1,0,0,49,2,0,1,1,29,3.0123574184858675,52.61276843388072,0.0,0.0,0.99,8,exponential
q_learning,shaped_seed5,shaped,5,4a77b6e251,2862,193,73.84999999999997,95.7185,0.05,0.15,32,success,1,1,0,0,51,4,0,1,1,39,3.9521781840818724,52.94608030280946,0.0,0.0,0.99,8,exponential
q_learning,shaped_seed5,shaped,5,4a77b6e251,2863,189,83.0499999999999,95.57749999999999,0.05,0.15,36,success,1,1,0,0,47,3,0,1,1,36,2.6400115279647776,40.7845934104295,0.0,0.0,0.99,8,exponential
q_learning,shaped_seed5,shaped,5,4a77b6e251,2864,210,83.99999999999987,95.50249999999998,0.05,0.15,15,success,1,1,0,0,50,2,0,3,1,57,4.238483298664971,68.91136228988289,0.0,0.0,0.99,8,exponential
q_learning,shaped_seed5,shaped,5,4a77b6e251,2865,193,82.84999999999988,95.40350000000001,0.05,0.15,32,success,1,1,0,0,47,3,0,1,1,37,3.394026932644175,51.77507131835306,0.0,0.0,0.99,8,exponential
q_learning,shaped_seed5,shaped,5,4a77b6e251,2866,178,84.59999999999988,95.2325,0.05,0.15,47,success,1,1,0,0,46,3,0,1,1,28,1.9915233154398368,21.33040988419602,0.0,0.0,0.99,8,exponential
q_learning,shaped_seed5,shaped,5,4a77b6e251,2867,188,90.09999999999994,95.197,0.05,0.15,37,success,1,1,0,0,40,3,0,1,1,35,2.5568222758177583,33.786356671550365,0.0,0.0,0.99,8,exponential
q_learning,shaped_seed5,shaped,5,4a77b6e251,2868,225,-45.25000000000014,93.8675,0.05,0.15,0,out_of_energy,0,0,1,0,50,3,0,0,1,50,2.68556778295187,77.98605594029237,0.0,0.0,0.99,8,exponential
q_learning,shaped_seed5,shaped,5,4a77b6e251,2869,184,93.29999999999993,93.935,0.05,0.15,41,success,1,1,0,0,42,2,0,1,1,31,2.216274897883076,27.55244238341763,0.0,0.0,0.99,8,exponential
q_learning,shaped_seed5,shaped,5,4a77b6e251,2870,179,98.54999999999997,93.94599999999997,0.05,0.15,46,success,1,1,0,0,37,2,0,1,1,34,2.0677890592846486,27.59576258302992,0.0,0.0,0.99,8,exponential
q_learning,shaped_seed5,shaped,5,4a77b6e251,2871,182,95.39999999999992,93.90399999999998,0.05,0.15,43,success,1,1,0,0,40,2,0,1,1,33,3.034601852243102,51.86662849018563,0.0,0.0,0.99,8,exponential
q_learning,shaped_seed5,shaped,5,4a77b6e251,2872,196,77.69999999999989,93.69349999999997,0.05,0.15,29,success,1,1,0,0,52,3,0,1,1,43,2.3395061953625054,26.17747429796677,0.0,0.0,0.99,8,exponential
q_learning,shaped_seed5,shaped,5,4a77b6e251,2873,173,84.8499999999999,93.58599999999998,0.05,0.15,52,success,1,1,0,0,51,2,0,1,1,28,2.7178966123826074,71.61564244283895,0.0,0.0,0.99,8,exponential
q_learning,shaped_seed5,shaped,5,4a77b6e251,2874,185,71.24999999999999,93.20149999999998,0.05,0.15,40,success,1,1,0,0,49,5,0,1,1,47,2.7162584466180104,31.835672396931688,0.0,0.0,0.99,8,exponential
q_learning,shaped_seed5,shaped,5,4a77b6e251,2875,179,98.54999999999997,93.33049999999999,0.05,0.15,46,success,1,1,0,0,37,2,0,1,1,33,2.0004150169630064,26.6611681990014,0.0,0.0,0.99,8,exponential
q_learning,shaped_seed5,shaped,5,4a77b6e251,2876,176,88.69999999999997,93.18999999999998,0.05,0.15,49,success,1,1,0,0,32,5,0,1,1,35,1.889282324342274,22.527620198157138,0.0,0.0,0.99,8,exponential
q_learning,shaped_seed5,shaped,5,4a77b6e251,2877,183,94.34999999999995,93.1265,0.05,0.15,42,success,1,1,0,0,41,2,0,1,1,38,1.7892018604803743,22.692754601915738,0.0,0.0,0.99,8,exponential
q_learning,shaped_seed5,shaped,5,4a77b6e251,2878,175,79.74999999999991,93.061,0.05,0.15,50,success,1,1,0,0,51,3,0,1,1,33,2.5344588831334423,28.53241677822293,0.0,0.0,0.99,8,exponential
q_learning,shaped_seed5,shaped,5,4a77b6e251,2879,175,94.74999999999991,92.98299999999999,0.05,0.15,50,success,1,1,0,0,31,4,0,1,1,32,2.143270549800496,19.965237586044424,0.0,0.0,0.99,8,exponential
q_learning,shaped_seed5,shaped,5,4a77b6e251,2880,179,85.54999999999988,92.82149999999997,0.05,0.15,46,success,1,1,0,0,45,3,0,1,1,34,1.9283282605334622,21.680761772172513,0.0,0.0,0.99,8,exponential
q_learning,shaped_seed5,shaped,5,4a77b6e251,2881,181,86.44999999999989,92.58899999999998,0.05,0.15,44,success,1,1,0,0,49,2,0,1,1,49,2.0982136935373834,23.589085062321704,0.0,0.0,0.99,8,exponential
q_learning,shaped_seed5,shaped,5,4a77b6e251,2882,177,92.64999999999992,92.73999999999998,0.05,0.15,48,success,1,1,0,0,43,2,0,1,1,34,1.7583926401698036,18.07720312522291,0.0,0.0,0.99,8,exponential
q_learning,shaped_seed5,shaped,5,4a77b6e251,2883,176,97.69999999999993,92.64949999999999,0.05,0.15,49,success,1,1,0,0,38,2,0,1,1,31,2.253472651732202,20.610421550268274,0.0,0.0,0.99,8,exponential
q_learning,shaped_seed5,shaped,5,4a77b6e251,2884,178,95.59999999999991,92.738,0.05,0.15,47,success,1,1,0,0,40,2,0,1,1,33,2.1407737052625864,21.581723654308767,0.0,0.0,0.99,8,exponential
q_learning,shaped_seed5,shaped,5,4a77b6e251,2885,175,93.74999999999991,92.78949999999998,0.05,0.15,50,success,1,1,0,0,37,3,0,1,1,38,2.2766030137400155,34.6114340731223,0.0,0.0,0.99,8,exponential
q_learning,shaped_seed5,shaped,5,4a77b6e251,2886,177,100.64999999999995,92.78999999999998,0.05,0.15,48,success,1,1,0,0,35,2,0,1,1,28,1.7812079743170894,21.691760976386043,0.0,0.0,0.99,8,exponential
q_learning,shaped_seed5,shaped,5,4a77b6e251,2887,186,89.19999999999995,92.62899999999998,0.05,0.15,39,success,1,1,0,0,46,2,0,1,1,43,2.241579427383727,45.23471682743655,0.0,0.0,0.99,8,exponential
q_learning,shaped_seed5,shaped,5,4a77b6e251,2888,177,95.64999999999995,92.52849999999998,0.05,0.15,48,success,1,1,0,0,35,3,0,1,1,32,1.6173743410083348,32.71566019040884,0.0,0.0,0.99,8,exponential
q_learning,shaped_seed5,shaped,5,4a77b6e251,2889,175,84.7499999999999,92.31999999999996,0.05,0.15,50,success,1,1,0,0,51,2,0,1,1,42,1.383186624585664,7.984548598362721,0.0,0.0,0.99,8,exponential
q_learning,shaped_seed5,shaped,5,4a77b6e251,2890,182,91.3999999999999,92.21949999999997,0.05,0.15,43,success,1,1,0,0,44,2,0,1,1,36,1.8239344813392198,24.50536561800247,0.0,0.0,0.99,8,exponential
q_learning,shaped_seed5,shaped,5,4a77b6e251,2891,175,106.75000000000001,92.26999999999997,0.05,0.15,50,success,1,1,0,0,29,2,0,1,1,30,1.278416828182287,8.959356220289575,0.0,0.0,0.99,8,exponential
q_learning,shaped_seed5,shaped,5,4a77b6e251,2892,185,92.24999999999997,92.16799999999998,0.05,0.15,40,success,1,1,0,0,33,4,0,1,1,34,1.56277137166609,28.911007483893506,0.0,0.0,0.99,8,exponential
q_learning,shaped_seed5,shaped,5,4a77b6e251,2893,182,89.39999999999995,91.99349999999998,0.05,0.15,43,success,1,1,0,0,36,4,0,1,1,41,1.4042032548076253,34.59040116484942,0.0,0.0,0.99,8,exponential
q_learning,shaped_seed5,shaped,5,4a77b6e251,2894,179,95.54999999999995,91.93249999999996,0.05,0.15,46,success,1,1,0,0,35,3,0,1,1,34,1.493702977065682,24.41803565895132,0.0,0.0,0.99,8,exponential
q_learning,shaped_seed5,shaped,5,4a77b6e251,2895,176,80.69999999999992,91.79299999999998,0.05,0.15,49,success,1,1,0,0,40,5,0,1,1,31,1.2966443764625264,10.523458212025034,0.0,0.0,0.99,8,exponential
q_learning,shaped_seed5,shaped,5,4a77b6e251,2896,177,93.64999999999999,91.72299999999996,0.05,0.15,48,success,1,1,0,0,37,3,0,1,1,36,1.4603976714597888,21.813706093544234,0.0,0.0,0.99,8,exponential
q_learning,shaped_seed5,shaped,5,4a77b6e251,2897,181,91.44999999999993,91.58999999999997,0.05,0.15,44,success,1,1,0,0,39,3,0,1,1,41,1.6702518869828524,42.178872277662705,0.0,0.0,0.99,8,exponential
q_learning,shaped_seed5,shaped,5,4a77b6e251,2898,180,96.5,91.48749999999998,0.05,0.15,45,success,1,1,0,0,34,3,0,1,1,34,1.3348741061062435,12.386499925567108,0.0,0.0,0.99,8,exponential
q_learning,shaped_seed5,shaped,5,4a77b6e251,2899,179,98.55,91.52699999999996,0.05,0.15,46,success,1,1,0,0,37,2,0,1,1,36,1.1876833087655043,7.421940705196761,0.0,0.0,0.99,8,exponential
q_learning,shaped_seed5,shaped,5,4a77b6e251,2900,177,101.65,91.52599999999997,0.05,0.15,48,success,1,1,0,0,29,3,0,1,1,31,1.4443111845066194,23.24525123549023,0.0,0.0,0.99,8,exponential
q_learning,shaped_seed5,shaped,5,4a77b6e251,2901,184,86.29999999999993,91.37549999999993,0.05,0.15,41,success,1,1,0,0,34,5,0,1,1,31,1.30893183420573,12.286134355001659,0.0,0.0,0.99,8,exponential
q_learning,shaped_seed5,shaped,5,4a77b6e251,2902,179,97.55000000000001,91.31399999999994,0.05,0.15,46,success,1,1,0,0,33,3,0,1,1,41,1.30773220671032,11.389195139041568,0.0,0.0,0.99,8,exponential
q_learning,shaped_seed5,shaped,5,4a77b6e251,2903,179,101.55000000000001,91.27449999999995,0.05,0.15,46,success,1,1,0,0,29,3,0,1,1,36,1.3395540203641834,11.722267543358171,0.0,0.0,0.99,8,exponential
q_learning,shaped_seed5,shaped,5,4a77b6e251,2904,180,109.50000000000003,91.37399999999994,0.05,0.15,45,success,1,1,0,0,26,2,0,1,1,29,1.2871193968924888,7.964863216196456,0.0,0.0,0.99,8,exponential
q_learning,shaped_seed5,shaped,5,4a77b6e251,2905,177,94.65,91.33349999999994,0.05,0.15,48,success,1,1,0,0,31,4,0,1,1,33,1.7424912801718424,94.54092930686457,0.0,0.0,0.99,8,exponential
q_learning,shaped_seed5,shaped,5,4a77b6e251,2906,180,103.50000000000003,91.30199999999995,0.05,0.15,45,success,1,1,0,0,32,2,0,1,1,36,1.3916429276045659,16.378717306721356,0.0,0.0,0.99,8,exponential
q_learning,shaped_seed5,shaped,5,4a77b6e251,2907,175,104.75000000000001,91.30299999999997,0.05,0.15,50,success,1,1,0,0,31,2,0,1,1,26,1.3146459020493253,12.588891240339578,0.0,0.0,0.99,8,exponential
q_learning,shaped_seed5,shaped,5,4a77b6e251,2908,179,90.54999999999998,91.17149999999997,0.05,0.15,46,success,1,1,0,0,35,4,0,1,1,42,1.205617675013821,9.501849351654947,0.0,0.0,0.99,8,exponential
q_learning,shaped_seed5,shaped,5,4a77b6e251,2909,178,86.59999999999991,91.10149999999996,0.05,0.15,47,success,1,1,0,0,34,5,0,1,1,28,1.1928509639164477,8.922357661271313,0.0,0.0,0.99,8,exponential
q_learning,shaped_seed5,shaped,5,4a77b6e251,2910,175,104.75000000000001,91.33199999999995,0.05,0.15,50,success,1,1,0,0,31,2,0,1,1,31,1.1569868460152972,10.499912819666243,0.0,0.0,0.99,8,exponential
q_learning,shaped_seed5,shaped,5,4a77b6e251,2911,177,100.65000000000002,91.33549999999995,0.05,0.15,48,success,1,1,0,0,35,2,0,1,1,31,1.2783459897738492,11.061832479781614,0.0,0.0,0.99,8,exponential
q_learning,shaped_seed5,shaped,5,4a77b6e251,2912,184,98.30000000000003,91.26249999999996,0.05,0.15,41,success,1,1,0,0,32,3,0,1,1,36,1.2601676993950104,11.883931818625996,0.0,0.0,0.99,8,exponential
q_learning,shaped_seed5,shaped,5,4a77b6e251,2913,176,95.70000000000002,91.11399999999996,0.05,0.15,49,success,1,1,0,0,30,4,0,1,1,39,1.2527912517884696,9.5324584962041,0.0,0.0,0.99,8,exponential
q_learning,shaped_seed5,shaped,5,4a77b6e251,2914,175,98.75000000000001,91.03499999999994,0.05,0.15,50,success,1,1,0,0,37,2,0,1,1,37,1.3435836951823266,15.898049955311016,0.0,0.0,0.99,8,exponential
q_learning,shaped_seed5,shaped,5,4a77b6e251,2915,175,89.74999999999994,91.07599999999996,0.05,0.15,50,success,1,1,0,0,41,3,0,1,1,43,1.2197640448012155,9.664401527676766,0.0,0.0,0.99,8,exponential
q_learning,shaped_seed5,shaped,5,4a77b6e251,2916,175,98.75000000000001,91.03699999999998,0.05,0.15,50,success,1,1,0,0,37,2,0,1,1,32,1.249456978047192,13.36479189911401,0.0,0.0,0.99,8,exponential
q_learning,shaped_seed5,shaped,5,4a77b6e251,2917,178,91.59999999999995,90.97549999999997,0.05,0.15,47,success,1,1,0,0,34,4,0,1,1,29,1.3021052048045711,12.224834635923898,0.0,0.0,0.99,8,exponential
q_learning,shaped_seed5,shaped,5,4a77b6e251,2918,179,105.55000000000001,91.01449999999996,0.05,0.15,46,success,1,1,0,0,25,3,0,1,1,22,2.148756007902759,56.96002966205645,0.0,0.0,0.99,8,exponential
q_learning,shaped_seed5,shaped,5,4a77b6e251,2919,175,87.74999999999999,90.85599999999997,0.05,0.15,50,success,1,1,0,0,43,3,0,1,1,39,1.5140617299963417,45.94192753011016,0.0,0.0,0.99,8,exponential
q_learning,shaped_seed5,shaped,5,4a77b6e251,2920,193,80.84999999999997,90.77799999999996,0.05,0.15,32,success,1,1,0,0,39,5,0,1,1,43,2.3263004665728615,76.43713579927024,0.0,0.0,0.99,8,exponential
q_learning,shaped_seed5,shaped,5,4a77b6e251,2921,177,102.65,90.84999999999997,0.05,0.15,48,success,1,1,0,0,33,2,0,1,1,38,1.7227525171541975,66.85740812058941,0.0,0.0,0.99,8,exponential
q_learning,shaped_seed5,shaped,5,4a77b6e251,2922,181,87.44999999999996,90.77799999999998,0.05,0.15,44,success,1,1,0,0,43,3,0,1,1,49,1.46386117876408,22.432671744247646,0.0,0.0,0.99,8,exponential
q_learning,shaped_seed5,shaped,5,4a77b6e251,2923,184,95.30000000000001,90.79349999999997,0.05,0.15,41,success,1,1,0,0,40,2,0,1,1,48,1.3006747526441202,17.66399071392243,0.0,0.0,0.99,8,exponential
q_learning,shaped_seed5,shaped,5,4a77b6e251,2924,176,107.70000000000002,90.79349999999997,0.05,0.15,49,success,1,1,0,0,28,2,0,1,1,25,1.1747073900225067,11.171859267966063,0.0,0.0,0.99,8,exponential
q_learning,shaped_seed5,shaped,5,4a77b6e251,2925,175,97.75000000000001,91.11549999999997,0.05,0.15,50,success,1,1,0,0,33,3,0,1,1,34,1.1076346948087534,12.182561144834892,0.0,0.0,0.99,8,exponential
q_learning,shaped_seed5,shaped,5,4a77b6e251,2926,178,90.6,91.07449999999997,0.05,0.15,47,success,1,1,0,0,40,3,0,1,1,38,1.366291862444868,12.885861952058866,0.0,0.0,0.99,8,exponential
q_learning,shaped_seed5,shaped,5,4a77b6e251,2927,177,99.65000000000002,91.10599999999998,0.05,0.15,48,success,1,1,0,0,31,3,0,1,1,26,1.4228581946481191,11.551160268197151,0.0,0.0,0.99,8,exponential
q_learning,shaped_seed5,shaped,5,4a77b6e251,2928,179,90.54999999999995,90.95549999999996,0.05,0.15,46,success,1,1,0,0,35,4,0,1,1,33,1.2592231075454319,11.698660033664297,0.0,0.0,0.99,8,exponential
q_learning,shaped_seed5,shaped,5,4a77b6e251,2929,176,91.69999999999993,90.85499999999996,0.05,0.15,49,success,1,1,0,0,44,2,0,1,1,32,1.3365376628200942,12.807311239823884,0.0,0.0,0.99,8,exponential
q_learning,shaped_seed5,shaped,5,4a77b6e251,2930,175,99.75000000000001,90.90649999999997,0.05,0.15,50,success,1,1,0,0,31,3,0,1,1,32,1.2252993797238443,16.643164025523358,0.0,0.0,0.99,8,exponential
q_learning,shaped_seed5,shaped,5,4a77b6e251,2931,177,106.65000000000002,90.93699999999997,0.05,0.15,48,success,1,1,0,0,29,2,0,1,1,25,1.27661562238189,22.920355449284386,0.0,0.0,0.99,8,exponential
q_learning,shaped_seed5,shaped,5,4a77b6e251,2932,178,99.6,90.92649999999998,0.05,0.15,47,success,1,1,0,0,36,2,0,1,1,29,1.1889353740583448,11.052413880540065,0.0,0.0,0.99,8,exponential
q_learning,shaped_seed5,shaped,5,4a77b6e251,2933,176,97.70000000000002,90.98699999999997,0.05,0.15,49,success,1,1,0,0,38,2,0,1,1,38,1.1909002591473878,15.460223822314319,0.0,0.0,0.99,8,exponential
q_learning,shaped_seed5,shaped,5,4a77b6e251,2934,177,70.64999999999995,90.63749999999996,0.05,0.15,48,success,1,1,0,0,45,6,0,1,1,47,1.4266206969949176,45.30814453110142,0.0,0.0,0.99,8,exponential
q_learning,shaped_seed5,shaped,5,4a77b6e251,2935,175,97.75000000000001,90.79999999999998,0.05,0.15,50,success,1,1,0,0,33,3,0,1,1,34,1.0360324427975869,10.378711108091707,0.0,0.0,0.99,8,exponential
q_learning,shaped_seed5,shaped,5,4a77b6e251,2936,179,97.55000000000001,90.74849999999996,0.05,0.15,46,success,1,1,0,0,33,3,0,1,1,28,1.1448551589846465,12.006759941193778,0.0,0.0,0.99,8,exponential
q_learning,shaped_seed5,shaped,5,4a77b6e251,2937,180,92.49999999999997,90.72849999999997,0.05,0.15,45,success,1,1,0,0,38,3,0,1,1,31,1.141732618043881,25.677684711139236,0.0,0.0,0.99,8,exponential
q_learning,shaped_seed5,shaped,5,4a77b6e251,2938,177,87.64999999999995,90.54799999999996,0.05,0.15,48,success,1,1,0,0,43,3,0,1,1,36,1.1663283638512119,16.19165833495603,0.0,0.0,0.99,8,exponential
q_learning,shaped_seed5,shaped,5,4a77b6e251,2939,178,91.59999999999998,90.47799999999995,0.05,0.15,47,success,1,1,0,0,44,2,0,1,1,44,1.2764049680529026,21.663733912073738,0.0,0.0,0.99,8,exponential
q_learning,shaped_seed5,shaped,5,4a77b6e251,2940,180,94.5,90.50599999999997,0.05,0.15,45,success,1,1,0,0,36,3,0,1,1,34,1.0683482796640245,10.625334233361386,0.0,0.0,0.99,8,exponential
q_learning,shaped_seed5,shaped,5,4a77b6e251,2941,182,98.40000000000002,90.44549999999998,0.05,0.15,43,success,1,1,0,0,32,3,0,1,1,39,1.2114654188737268,15.96392058919952,0.0,0.0,0.99,8,exponential
q_learning,shaped_seed5,shaped,5,4a77b6e251,2942,178,89.59999999999994,90.34649999999996,0.05,0.15,47,success,1,1,0,0,46,2,0,1,1,43,1.1672254428686664,10.591846082196795,0.0,0.0,0.99,8,exponential
q_learning,shaped_seed5,shaped,5,4a77b6e251,2943,179,100.55000000000001,90.33499999999997,0.05,0.15,46,success,1,1,0,0,35,2,0,1,1,29,1.5886353172044732,57.35719777076774,0.0,0.0,0.99,8,exponential
q_learning,shaped_seed5,shaped,5,4a77b6e251,2944,175,69.75000000000001,90.04499999999996,0.05,0.15,50,success,1,1,0,0,41,7,0,1,1,41,1.2345727610255752,11.44235622816938,0.0,0.0,0.99,8,exponential
q_learning,shaped_seed5,shaped,5,4a77b6e251,2945,176,89.69999999999993,90.09699999999995,0.05,0.15,49,success,1,1,0,0,36,4,0,1,1,37,1.3110768608285026,20.848208166185415,0.0,0.0,0.99,8,exponential
q_learning,shaped_seed5,shaped,5,4a77b6e251,2946,176,99.7,90.13899999999995,0.05,0.15,49,success,1,1,0,0,36,2,0,2,1,33,1.2113576930004428,27.209205419735973,0.0,0.0,0.99,8,exponential
q_learning,shaped_seed5,shaped,5,4a77b6e251,2947,178,88.6,90.17849999999999,0.05,0.15,47,success,1,1,0,0,42,3,0,1,1,35,1.1180308577874658,12.192536365687246,0.0,0.0,0.99,8,exponential
q_learning,shaped_seed5,shaped,5,4a77b6e251,2948,175,91.74999999999999,90.11849999999998,0.05,0.15,50,success,1,1,0,0,39,3,0,1,1,37,1.8320796656176253,99.31208178949203,0.0,0.0,0.99,8,exponential
q_learning,shaped_seed5,shaped,5,4a77b6e251,2949,176,91.69999999999997,90.17299999999997,0.05,0.15,49,success,1,1,0,0,34,4,0,1,1,29,1.1736599226150666,11.04431256028532,0.0,0.0,0.99,8,exponential
q_learning,shaped_seed5,shaped,5,4a77b6e251,2950,188,93.10000000000001,90.21749999999999,0.05,0.15,37,success,1,1,0,0,42,2,0,1,1,39,1.1541731036062295,12.326197414396098,0.0,0.0,0.99,8,exponential
q_learning,shaped_seed5,shaped,5,4a77b6e251,2951,176,92.7,90.11999999999998,0.05,0.15,49,success,1,1,0,0,28,5,0,1,1,34,1.2905829721000117,16.385937724319554,0.0,0.0,0.99,8,exponential
q_learning,shaped_seed5,shaped,5,4a77b6e251,2952,176,97.7,90.5195,0.05,0.15,49,success,1,1,0,0,38,2,0,1,1,42,1.0872857875183293,11.352162133337174,0.0,0.0,0.99,8,exponential
q_learning,shaped_seed5,shaped,5,4a77b6e251,2953,179,89.54999999999995,90.61599999999997,0.05,0.15,46,success,1,1,0,0,31,5,0,1,1,25,1.1705971781711026,14.594332188651158,0.0,0.0,0.99,8,exponential
q_learning,shaped_seed5,shaped,5,4a77b6e251,2954,176,88.69999999999996,90.71399999999998,0.05,0.15,49,success,1,1,0,0,42,3,0,1,1,24,1.3512200178855824,21.704675345205477,0.0,0.0,0.99,8,exponential
q_learning,shaped_seed5,shaped,5,4a77b6e251,2955,177,86.64999999999995,90.63949999999996,0.05,0.15,48,success,1,1,0,0,49,2,0,1,1,42,1.2963942109919135,26.635025602601868,0.0,0.0,0.99,8,exponential
q_learning,shaped_seed5,shaped,5,4a77b6e251,2956,179,89.54999999999998,90.60399999999996,0.05,0.15,46,success,1,1,0,0,41,3,0,1,1,40,1.5174143780605869,57.42008379747193,0.0,0.0,0.99,8,exponential
q_learning,shaped_seed5,shaped,5,4a77b6e251,2957,175,89.74999999999997,90.80199999999995,0.05,0.15,50,success,1,1,0,0,41,3,0,1,1,34,1.2780749075575957,28.623639716198156,0.0,0.0,0.99,8,exponential
q_learning,shaped_seed5,shaped,5,4a77b6e251,2958,179,79.54999999999993,90.96799999999993,0.05,0.15,46,success,1,1,0,0,41,5,0,1,1,40,1.1446013380953548,13.281078745558908,0.0,0.0,0.99,8,exponential
q_learning,shaped_seed5,shaped,5,4a77b6e251,2959,179,101.55000000000001,91.07349999999995,0.05,0.15,46,success,1,1,0,0,29,3,0,1,1,34,1.1833184720903045,15.902325680002011,0.0,0.0,0.99,8,exponential
q_learning,shaped_seed5,shaped,5,4a77b6e251,2960,177,98.65000000000002,91.29999999999994,0.05,0.15,48,success,1,1,0,0,27,4,0,1,1,26,1.0734323638001748,13.87688645237251,0.0,0.0,0.99,8,exponential
q_learning,shaped_seed5,shaped,5,4a77b6e251,2961,180,107.50000000000001,91.51449999999996,0.05,0.15,45,success,1,1,0,0,28,2,0,1,1,35,1.510965926419352,84.640396023048,0.0,0.0,0.99,8,exponential
q_learning,shaped_seed5,shaped,5,4a77b6e251,2962,175,100.75000000000001,91.78349999999995,0.05,0.15,50,success,1,1,0,0,35,2,0,1,1,36,0.9783469040771902,15.26899627154144,0.0,0.0,0.99,8,exponential
q_learning,shaped_seed5,shaped,5,4a77b6e251,2963,177,80.64999999999998,91.75949999999995,0.05,0.15,48,success,1,1,0,0,35,6,0,1,1,29,1.324808799385929,43.89813266693115,0.0,0.0,0.99,8,exponential
q_learning,shaped_seed5,shaped,5,4a77b6e251,2964,180,105.50000000000001,91.97449999999995,0.05,0.15,45,success,1,1,0,0,30,2,0,1,1,34,1.2583258797301222,28.508805279457782,0.0,0.0,0.99,8,exponential
q_learning,shaped_seed5,shaped,5,4a77b6e251,2965,177,95.65000000000002,92.10249999999996,0.05,0.15,48,success,1,1,0,0,35,3,0,1,1,39,1.1037579703966782,12.370438255464144,0.0,0.0,0.99,8,exponential
q_learning,shaped_seed5,shaped,5,4a77b6e251,2966,177,102.65000000000002,92.28299999999996,0.05,0.15,48,success,1,1,0,0,33,2,0,1,1,35,0.976964463008191,12.184478356622002,0.0,0.0,0.99,8,exponential
q_learning,shaped_seed5,shaped,5,4a77b6e251,2967,184,97.30000000000003,92.35499999999996,0.05,0.15,41,success,1,1,0,0,38,2,0,1,1,39,1.217239015414453,16.116181260346956,0.0,0.0,0.99,8,exponential
q_learning,shaped_seed5,shaped,5,4a77b6e251,2968,176,107.70000000000002,93.88449999999997,0.05,0.15,49,success,1,1,0,0,28,2,0,1,1,35,0.9436023631325089,11.692022710407556,0.0,0.0,0.99,8,exponential
q_learning,shaped_seed5,shaped,5,4a77b6e251,2969,181,97.45000000000002,93.92599999999997,0.05,0.15,44,success,1,1,0,0,33,3,0,1,1,40,1.255733169861157,38.73240600877569,0.0,0.0,0.99,8,exponential
q_learning,shaped_seed5,shaped,5,4a77b6e251,2970,176,88.69999999999996,93.8275,0.05,0.15,49,success,1,1,0,0,32,5,0,1,1,37,1.0524709511047399,11.843992512590127,0.0,0.0,0.99,8,exponential
q_learning,shaped_seed5,shaped,5,4a77b6e251,2971,178,94.60000000000001,93.8195,0.05,0.15,47,success,1,1,0,0,36,3,0,1,1,38,1.0704285988109945,11.387934421321866,0.0,0.0,0.99,8,exponential
q_learning,shaped_seed5,shaped,5,4a77b6e251,2972,177,96.65000000000002,94.00899999999997,0.05,0.15,48,success,1,1,0,0,39,2,0,1,1,36,1.0387490352385786,10.947910050455938,0.0,0.0,0.99,8,exponential
q_learning,shaped_seed5,shaped,5,4a77b6e251,2973,177,83.64999999999995,93.99699999999997,0.05,0.15,48,success,1,1,0,0,37,5,0,1,1,33,1.1050594379007104,11.073596061823366,0.0,0.0,0.99,8,exponential
q_learning,shaped_seed5,shaped,5,4a77b6e251,2974,177,83.64999999999992,94.12099999999998,0.05,0.15,48,success,1,1,0,0,37,5,0,1,1,39,1.0895907932093158,12.122092828352628,0.0,0.0,0.99,8,exponential
q_learning,shaped_seed5,shaped,5,4a77b6e251,2975,176,82.69999999999996,93.96249999999996,0.05,0.15,49,success,1,1,0,0,28,7,0,1,1,31,1.3032845824837074,19.681899999878354,0.0,0.0,0.99,8,exponential
q_learning,shaped_seed5,shaped,5,4a77b6e251,2976,177,105.65,94.13199999999998,0.05,0.15,48,success,1,1,0,0,25,3,0,1,1,34,1.038109504122389,12.431912197176047,0.0,0.0,0.99,8,exponential
q_learning,shaped_seed5,shaped,5,4a77b6e251,2977,178,103.60000000000001,94.22449999999998,0.05,0.15,47,success,1,1,0,0,32,2,0,1,1,34,1.0462663749568444,12.298700272454099,0.0,0.0,0.99,8,exponential
q_learning,shaped_seed5,shaped,5,4a77b6e251,2978,176,90.69999999999996,94.33399999999997,0.05,0.15,49,success,1,1,0,0,40,3,0,1,1,40,1.0819240396086331,10.622680517433473,0.0,0.0,0.99,8,exponential
q_learning,shaped_seed5,shaped,5,4a77b6e251,2979,178,98.60000000000002,94.37249999999999,0.05,0.15,47,success,1,1,0,0,32,3,0,1,1,31,1.1091840633033867,14.029437726641817,0.0,0.0,0.99,8,exponential
q_learning,shaped_seed5,shaped,5,4a77b6e251,2980,175,86.74999999999991,94.3845,0.05,0.15,50,success,1,1,0,0,39,4,0,1,1,38,1.2058907889880492,11.179535400317008,0.0,0.0,0.99,8,exponential
q_learning,shaped_seed5,shaped,5,4a77b6e251,2981,177,88.64999999999996,94.40649999999998,0.05,0.15,48,success,1,1,0,0,27,6,0,1,1,31,1.2263407721752781,19.565978441947276,0.0,0.0,0.99,8,exponential
q_learning,shaped_seed5,shaped,5,4a77b6e251,2982,175,104.75000000000001,94.52749999999997,0.05,0.15,50,success,1,1,0,0,31,2,0,1,1,32,0.9919303916558139,11.308263975843403,0.0,0.0,0.99,8,exponential
q_learning,shaped_seed5,shaped,5,4a77b6e251,2983,176,76.6999999999999,94.31749999999998,0.05,0.15,49,success,1,1,0,0,44,5,0,1,1,40,1.1988408651457143,16.174478442184892,0.0,0.0,0.99,8,exponential
q_learning,shaped_seed5,shaped,5,4a77b6e251,2984,178,105.60000000000002,94.4175,0.05,0.15,47,success,1,1,0,0,30,2,0,1,1,32,1.0432443656006138,24.5710012219595,0.0,0.0,0.99,8,exponential
q_learning,shaped_seed5,shaped,5,4a77b6e251,2985,177,92.64999999999999,94.4065,0.05,0.15,48,success,1,1,0,0,33,4,0,1,1,32,0.9983742399756304,9.269696785519201,0.0,0.0,0.99,8,exponential
q_learning,shaped_seed5,shaped,5,4a77b6e251,2986,180,93.49999999999999,94.335,0.05,0.15,45,success,1,1,0,0,32,4,0,1,1,38,1.1653960444698528,11.451002734036372,0.0,0.0,0.99,8,exponential
q_learning,shaped_seed5,shaped,5,4a77b6e251,2987,177,100.65000000000002,94.44949999999999,0.05,0.15,48,success,1,1,0,0,35,2,0,1,1,34,0.9857646836024531,11.197997192996006,0.0,0.0,0.99,8,exponential
q_learning,shaped_seed5,shaped,5,4a77b6e251,2988,178,110.59999999999997,94.59899999999999,0.05,0.15,47,success,1,1,0,0,20,3,0,1,1,24,0.9866736107374662,10.062723896026746,0.0,0.0,0.99,8,exponential
q_learning,shaped_seed5,shaped,5,4a77b6e251,2989,175,103.75000000000003,94.789,0.05,0.15,50,success,1,1,0,0,27,3,0,1,1,28,1.354043269980081,44.12522270437017,0.0,0.0,0.99,8,exponential
q_learning,shaped_seed5,shaped,5,4a77b6e251,2990,176,97.70000000000002,94.852,0.05,0.15,49,success,1,1,0,0,38,2,0,1,1,40,1.0091177823049595,12.99875529052288,0.0,0.0,0.99,8,exponential
q_learning,shaped_seed5,shaped,5,4a77b6e251,2991,178,109.60000000000001,94.88050000000001,0.05,0.15,47,success,1,1,0,0,26,2,0,1,1,30,0.9622487677623649,12.202088403902572,0.0,0.0,0.99,8,exponential
q_learning,shaped_seed5,shaped,5,4a77b6e251,2992,177,74.64999999999993,94.70450000000001,0.05,0.15,48,success,1,1,0,0,41,6,0,1,1,35,1.2694769159878605,10.695981370864168,0.0,0.0,0.99,8,exponential
q_learning,shaped_seed5,shaped,5,4a77b6e251,2993,178,100.60000000000002,94.81649999999999,0.05,0.15,47,success,1,1,0,0,30,3,0,1,1,32,0.9570508936320345,12.103486368400425,0.0,0.0,0.99,8,exponential
q_learning,shaped_seed5,shaped,5,4a77b6e251,2994,178,102.60000000000001,94.887,0.05,0.15,47,success,1,1,0,0,28,3,0,1,1,33,1.0910976262412049,14.025765552769926,0.0,0.0,0.99,8,exponential
q_learning,shaped_seed5,shaped,5,4a77b6e251,2995,182,79.3999999999999,94.87399999999998,0.05,0.15,43,success,1,1,0,0,46,4,0,1,1,42,1.1878438780926877,11.67275533450685,0.0,0.0,0.99,8,exponential
q_learning,shaped_seed5,shaped,5,4a77b6e251,2996,176,78.69999999999995,94.72449999999999,0.05,0.15,49,success,1,1,0,0,42,5,0,1,1,38,1.35028475221503,12.367642837391386,0.0,0.0,0.99,8,exponential
q_learning,shaped_seed5,shaped,5,4a77b6e251,2997,178,84.59999999999997,94.656,0.05,0.15,47,success,1,1,0,0,46,3,0,1,1,39,1.3248554315891092,24.98332787959029,0.0,0.0,0.99,8,exponential
q_learning,shaped_seed5,shaped,5,4a77b6e251,2998,175,98.75000000000003,94.67849999999999,0.05,0.15,50,success,1,1,0,0,37,2,0,1,1,32,1.039587902020187,15.80913148624444,0.0,0.0,0.99,8,exponential
q_learning,shaped_seed5,shaped,5,4a77b6e251,2999,177,98.65,94.67949999999999,0.05,0.15,48,success,1,1,0,0,37,2,0,1,1,44,1.3966739008984828,57.80596852775447,0.0,0.0,0.99,8,exponential
q_learning,shaped_seed5,shaped,5,4a77b6e251,3000,180,95.5,94.618,0.05,0.15,45,success,1,1,0,0,40,2,0,1,1,35,1.0351916817812754,12.189815145087906,0.0,0.0,0.99,8,exponential
