algorithm,run_label,reward_mode,seed,config_hash,episode,steps,reward,mean_return_100,epsilon,alpha,energy_left,outcome,success,goal_success,energy_exhausted,max_steps_reached,wall_collisions,penalty_entries,door_blocked,door_crossings,key_pickups,slips,mean_abs_td_error,max_abs_td_error,mean_active_traces,max_active_traces,cfg_gamma,cfg_energy_bins,cfg_epsilon_schedule
q_learning,sparse_seed4,sparse,4,4a77b6e251,1,225,-11.250000000000025,-11.250000000000025,0.998,0.15,0,out_of_energy,0,0,1,0,108,32,0,0,0,51,0.04526369623489584,0.06373625000000001,0.0,0.0,0.99,8,exponential
q_learning,sparse_seed4,sparse,4,4a77b6e251,2,225,-11.250000000000025,-11.250000000000025,0.996004,0.15,0,out_of_energy,0,0,1,0,93,7,0,0,0,51,0.045563290476752075,0.06616069062499999,0.0,0.0,0.99,8,exponential
q_learning,sparse_seed4,sparse,4,4a77b6e251,3,225,-11.250000000000025,-11.250000000000023,0.994011992,0.15,0,out_of_energy,0,0,1,0,112,17,0,0,0,38,0.045070598963125,0.06270342500000001,0.0,0.0,0.99,8,exponential
q_learning,sparse_seed4,sparse,4,4a77b6e251,4,225,-11.250000000000025,-11.250000000000025,0.992023968016,0.15,0,out_of_energy,0,0,1,0,109,0,0,0,0,35,0.04438685779599141,0.06708677375,0.0,0.0,0.99,8,exponential
q_learning,sparse_seed4,sparse,4,4a77b6e251,5,225,-11.250000000000025,-11.250000000000025,0.990039920079968,0.15,0,out_of_energy,0,0,1,0,95,17,0,0,0,42,0.042379369718924094,0.06483886250000001,0.0,0.0,0.99,8,exponential
q_learning,sparse_seed4,sparse,4,4a77b6e251,6,225,-11.250000000000025,-11.250000000000027,0.9880598402398081,0.15,0,out_of_energy,0,0,1,0,123,23,0,0,0,36,0.04193081120813845,0.07880802017842496,0.0,0.0,0.99,8,exponential
q_learning,sparse_seed4,sparse,4,4a77b6e251,7,225,-11.250000000000025,-11.250000000000027,0.9860837205593285,0.15,0,out_of_energy,0,0,1,0,103,39,0,0,0,43,0.04339560733248409,0.06373625000000001,0.0,0.0,0.99,8,exponential
q_learning,sparse_seed4,sparse,4,4a77b6e251,8,225,-11.250000000000025,-11.250000000000025,0.9841115531182099,0.15,0,out_of_energy,0,0,1,0,92,22,0,0,0,49,0.04165563801782636,0.07534647146092108,0.0,0.0,0.99,8,exponential
q_learning,sparse_seed4,sparse,4,4a77b6e251,9,225,-11.250000000000025,-11.250000000000025,0.9821433300119734,0.15,0,out_of_energy,0,0,1,0,114,19,0,0,0,41,0.03944869956113789,0.0691008125,0.0,0.0,0.99,8,exponential
q_learning,sparse_seed4,sparse,4,4a77b6e251,10,225,-11.250000000000025,-11.250000000000025,0.9801790433519495,0.15,0,out_of_energy,0,0,1,0,118,24,0,0,0,34,0.03989344203904087,0.07062232602229024,0.0,0.0,0.99,8,exponential
q_learning,sparse_seed4,sparse,4,4a77b6e251,11,225,-11.250000000000025,-11.250000000000027,0.9782186852652456,0.15,0,out_of_energy,0,0,1,0,109,32,0,0,0,49,0.04160573257600398,0.06270342500000001,0.0,0.0,0.99,8,exponential
q_learning,sparse_seed4,sparse,4,4a77b6e251,12,225,-11.250000000000025,-11.250000000000027,0.976262247894715,0.15,0,out_of_energy,0,0,1,0,107,16,0,0,0,51,0.04439463826339934,0.06483886250000001,0.0,0.0,0.99,8,exponential
q_learning,sparse_seed4,sparse,4,4a77b6e251,13,225,-11.250000000000025,-11.250000000000027,0.9743097233989256,0.15,0,out_of_energy,0,0,1,0,106,21,0,0,0,46,0.03894583590749169,0.07184702171232252,0.0,0.0,0.99,8,exponential
q_learning,sparse_seed4,sparse,4,4a77b6e251,14,225,-11.250000000000025,-11.250000000000027,0.9723611039521278,0.15,0,out_of_energy,0,0,1,0,80,2,0,0,0,38,0.04311502652200446,0.06373625000000001,0.0,0.0,0.99,8,exponential
q_learning,sparse_seed4,sparse,4,4a77b6e251,15,225,-11.250000000000025,-11.250000000000027,0.9704163817442236,0.15,0,out_of_energy,0,0,1,0,110,2,0,0,0,40,0.04014329874438804,0.07387396868218446,0.0,0.0,0.99,8,exponential
q_learning,sparse_seed4,sparse,4,4a77b6e251,16,225,-11.250000000000025,-11.250000000000025,0.9684755489807352,0.15,0,out_of_energy,0,0,1,0,118,15,0,0,0,39,0.039847148819770396,0.08207456888514011,0.0,0.0,0.99,8,exponential
q_learning,sparse_seed4,sparse,4,4a77b6e251,17,225,-11.250000000000025,-11.250000000000025,0.9665385978827737,0.15,0,out_of_energy,0,0,1,0,98,23,0,0,0,48,0.041859800257683745,0.06695732815625,0.0,0.0,0.99,8,exponential
q_learning,sparse_seed4,sparse,4,4a77b6e251,18,225,-11.250000000000025,-11.250000000000025,0.9646055206870082,0.15,0,out_of_energy,0,0,1,0,124,29,0,0,0,47,0.04017006333024201,0.07553574701800136,0.0,0.0,0.99,8,exponential
q_learning,sparse_seed4,sparse,4,4a77b6e251,19,225,-11.250000000000025,-11.250000000000025,0.9626763096456342,0.15,0,out_of_energy,0,0,1,0,121,0,0,0,0,43,0.037279861703779116,0.0661569036573861,0.0,0.0,0.99,8,exponential
q_learning,sparse_seed4,sparse,4,4a77b6e251,20,225,-11.250000000000025,-11.250000000000025,0.9607509570263429,0.15,0,out_of_energy,0,0,1,0,115,11,0,0,0,30,0.03831209496151061,0.07215523609283725,0.0,0.0,0.99,8,exponential
q_learning,sparse_seed4,sparse,4,4a77b6e251,21,225,-11.250000000000025,-11.250000000000025,0.9588294551122902,0.15,0,out_of_energy,0,0,1,0,113,18,0,0,0,50,0.03807331045935646,0.07678021705433372,0.0,0.0,0.99,8,exponential
q_learning,sparse_seed4,sparse,4,4a77b6e251,22,225,-11.250000000000025,-11.250000000000027,0.9569117962020657,0.15,0,out_of_energy,0,0,1,0,106,5,0,0,0,49,0.03959424262663285,0.08464043791524205,0.0,0.0,0.99,8,exponential
q_learning,sparse_seed4,sparse,4,4a77b6e251,23,225,-11.250000000000025,-11.250000000000025,0.9549979726096616,0.15,0,out_of_energy,0,0,1,0,101,22,0,0,0,45,0.0399338208718011,0.081557042057279,0.0,0.0,0.99,8,exponential
q_learning,sparse_seed4,sparse,4,4a77b6e251,24,225,-11.250000000000025,-11.250000000000023,0.9530879766644422,0.15,0,out_of_energy,0,0,1,0,112,0,0,0,0,46,0.04041939927107544,0.06652400747582511,0.0,0.0,0.99,8,exponential
q_learning,sparse_seed4,sparse,4,4a77b6e251,25,225,-11.250000000000025,-11.250000000000023,0.9511818007111134,0.15,0,out_of_energy,0,0,1,0,109,12,0,0,0,50,0.03755035811329901,0.08116420173505674,0.0,0.0,0.99,8,exponential
q_learning,sparse_seed4,sparse,4,4a77b6e251,26,225,-11.250000000000025,-11.250000000000021,0.9492794371096911,0.15,0,out_of_energy,0,0,1,0,99,0,0,0,0,48,0.03767288794215096,0.07415145135219227,0.0,0.0,0.99,8,exponential
q_learning,sparse_seed4,sparse,4,4a77b6e251,27,225,-11.250000000000025,-11.250000000000021,0.9473808782354717,0.15,0,out_of_energy,0,0,1,0,112,2,0,0,0,42,0.03818169370973055,0.0705361885880216,0.0,0.0,0.99,8,exponential
q_learning,sparse_seed4,sparse,4,4a77b6e251,28,225,-11.250000000000025,-11.25000000000002,0.9454861164790007,0.15,0,out_of_energy,0,0,1,0,84,8,2,0,0,51,0.04419554407076231,0.07215682057111925,0.0,0.0,0.99,8,exponential
q_learning,sparse_seed4,sparse,4,4a77b6e251,29,225,-11.250000000000025,-11.25000000000002,0.9435951442460427,0.15,0,out_of_energy,0,0,1,0,115,11,0,0,0,42,0.04024412792993311,0.08769674010228902,0.0,0.0,0.99,8,exponential
q_learning,sparse_seed4,sparse,4,4a77b6e251,30,225,-11.250000000000025,-11.25000000000002,0.9417079539575507,0.15,0,out_of_energy,0,0,1,0,95,3,0,0,0,56,0.04290892158430654,0.06388321189315625,0.0,0.0,0.99,8,exponential
q_learning,sparse_seed4,sparse,4,4a77b6e251,31,225,-11.250000000000025,-11.250000000000018,0.9398245380496356,0.15,0,out_of_energy,0,0,1,0,108,19,0,0,0,55,0.03818110559044338,0.08024116902088615,0.0,0.0,0.99,8,exponential
q_learning,sparse_seed4,sparse,4,4a77b6e251,32,225,-11.250000000000025,-11.250000000000025,0.9379448889735363,0.15,0,out_of_energy,0,0,1,0,98,4,0,0,0,47,0.040624066349179824,0.08550072327516788,0.0,0.0,0.99,8,exponential
q_learning,sparse_seed4,sparse,4,4a77b6e251,33,225,-11.250000000000025,-11.250000000000025,0.9360689991955893,0.15,0,out_of_energy,0,0,1,0,96,4,0,0,0,35,0.0409219929241146,0.06483886250000001,0.0,0.0,0.99,8,exponential
q_learning,sparse_seed4,sparse,4,4a77b6e251,34,225,-11.250000000000025,-11.250000000000023,0.9341968611971981,0.15,0,out_of_energy,0,0,1,0,103,16,0,0,0,44,0.0398398917018316,0.07445028560772787,0.0,0.0,0.99,8,exponential
q_learning,sparse_seed4,sparse,4,4a77b6e251,35,225,-11.250000000000025,-11.250000000000023,0.9323284674748037,0.15,0,out_of_energy,0,0,1,0,95,10,0,0,0,41,0.03933814850997197,0.0761072968439172,0.0,0.0,0.99,8,exponential
q_learning,sparse_seed4,sparse,4,4a77b6e251,36,225,-11.250000000000025,-11.250000000000021,0.930463810539854,0.15,0,out_of_energy,0,0,1,0,107,23,0,0,0,37,0.03843388040827613,0.07585088023803692,0.0,0.0,0.99,8,exponential
q_learning,sparse_seed4,sparse,4,4a77b6e251,37,225,-11.250000000000025,-11.250000000000021,0.9286028829187744,0.15,0,out_of_energy,0,0,1,0,115,7,0,0,0,41,0.037936835925011334,0.08364689177236462,0.0,0.0,0.99,8,exponential
q_learning,sparse_seed4,sparse,4,4a77b6e251,38,225,-11.250000000000025,-11.250000000000021,0.9267456771529368,0.15,0,out_of_energy,0,0,1,0,107,0,0,0,0,46,0.037208350238035925,0.07596831631569358,0.0,0.0,0.99,8,exponential
q_learning,sparse_seed4,sparse,4,4a77b6e251,39,225,-11.250000000000025,-11.25000000000002,0.9248921857986309,0.15,0,out_of_energy,0,0,1,0,115,19,0,0,0,51,0.038695772393190275,0.07592289740523536,0.0,0.0,0.99,8,exponential
q_learning,sparse_seed4,sparse,4,4a77b6e251,40,225,-11.250000000000025,-11.250000000000025,0.9230424014270336,0.15,0,out_of_energy,0,0,1,0,100,18,0,0,0,37,0.03964342961266922,0.07242733012309693,0.0,0.0,0.99,8,exponential
q_learning,sparse_seed4,sparse,4,4a77b6e251,41,225,-11.250000000000025,-11.250000000000025,0.9211963166241796,0.15,0,out_of_energy,0,0,1,0,104,1,0,0,0,39,0.04030829510925205,0.06483886250000001,0.0,0.0,0.99,8,exponential
q_learning,sparse_seed4,sparse,4,4a77b6e251,42,225,-11.250000000000025,-11.250000000000025,0.9193539239909312,0.15,0,out_of_energy,0,0,1,0,112,15,0,0,0,54,0.038489911466343264,0.06695732815625,0.0,0.0,0.99,8,exponential
q_learning,sparse_seed4,sparse,4,4a77b6e251,43,225,-11.250000000000025,-11.250000000000023,0.9175152161429493,0.15,0,out_of_energy,0,0,1,0,86,5,0,0,0,44,0.04154072308784218,0.0711264081125,0.0,0.0,0.99,8,exponential
q_learning,sparse_seed4,sparse,4,4a77b6e251,44,225,-1.2499999999999984,-11.022727272727296,0.9156801857106633,0.15,0,out_of_energy,0,0,1,0,105,12,0,0,1,50,0.08690955361791333,9.95,0.0,0.0,0.99,8,exponential
q_learning,sparse_seed4,sparse,4,4a77b6e251,45,225,-11.250000000000025,-11.0277777777778,0.913848825339242,0.15,0,out_of_energy,0,0,1,0,97,16,0,0,0,34,0.036502001465514584,0.06643427547787688,0.0,0.0,0.99,8,exponential
q_learning,sparse_seed4,sparse,4,4a77b6e251,46,225,-11.250000000000025,-11.032608695652197,0.9120211276885636,0.15,0,out_of_energy,0,0,1,0,103,9,0,0,0,43,0.03867932357815258,0.08496751102298963,0.0,0.0,0.99,8,exponential
q_learning,sparse_seed4,sparse,4,4a77b6e251,47,225,-11.250000000000025,-11.037234042553214,0.9101970854331864,0.15,0,out_of_energy,0,0,1,0,85,39,0,0,0,45,0.04325812600927652,0.0705892071640625,0.0,0.0,0.99,8,exponential
q_learning,sparse_seed4,sparse,4,4a77b6e251,48,225,-11.250000000000025,-11.041666666666691,0.9083766912623201,0.15,0,out_of_energy,0,0,1,0,99,22,0,0,0,43,0.0390734314256663,0.07700273813796224,0.0,0.0,0.99,8,exponential
q_learning,sparse_seed4,sparse,4,4a77b6e251,49,225,-11.250000000000025,-11.045918367346962,0.9065599378797955,0.15,0,out_of_energy,0,0,1,0,111,5,0,0,0,39,0.039124077542339916,0.09498257101896579,0.0,0.0,0.99,8,exponential
q_learning,sparse_seed4,sparse,4,4a77b6e251,50,225,-11.250000000000025,-11.050000000000022,0.9047468180040359,0.15,0,out_of_energy,0,0,1,0,94,13,6,0,0,35,0.04105568059602886,0.06483886250000001,0.0,0.0,0.99,8,exponential
q_learning,sparse_seed4,sparse,4,4a77b6e251,51,225,-11.250000000000025,-11.053921568627473,0.9029373243680279,0.15,0,out_of_energy,0,0,1,0,108,28,0,0,0,50,0.038296778610029746,0.0816697777197147,0.0,0.0,0.99,8,exponential
q_learning,sparse_seed4,sparse,4,4a77b6e251,52,225,-11.250000000000025,-11.05769230769233,0.9011314497192918,0.15,0,out_of_energy,0,0,1,0,90,19,0,0,0,47,0.03971946102445923,0.08309826874169304,0.0,0.0,0.99,8,exponential
q_learning,sparse_seed4,sparse,4,4a77b6e251,53,225,-11.250000000000025,-11.061320754717002,0.8993291868198532,0.15,0,out_of_energy,0,0,1,0,100,22,0,0,0,47,0.03876806451727123,0.08024117290832972,0.0,0.0,0.99,8,exponential
q_learning,sparse_seed4,sparse,4,4a77b6e251,54,225,-11.250000000000025,-11.064814814814836,0.8975305284462135,0.15,0,out_of_energy,0,0,1,0,109,2,0,0,0,52,0.04116838970028757,0.06660449844060302,0.0,0.0,0.99,8,exponential
q_learning,sparse_seed4,sparse,4,4a77b6e251,55,225,-11.250000000000025,-11.06818181818184,0.8957354673893211,0.15,0,out_of_energy,0,0,1,0,99,3,0,0,0,52,0.03962459676451578,0.10779382041060706,0.0,0.0,0.99,8,exponential
q_learning,sparse_seed4,sparse,4,4a77b6e251,56,225,-11.250000000000025,-11.071428571428596,0.8939439964545425,0.15,0,out_of_energy,0,0,1,0,111,21,0,0,0,39,0.03789173058443789,0.08613144991486307,0.0,0.0,0.99,8,exponential
q_learning,sparse_seed4,sparse,4,4a77b6e251,57,225,-11.250000000000025,-11.074561403508795,0.8921561084616334,0.15,0,out_of_energy,0,0,1,0,119,11,0,0,0,47,0.03884382317435703,0.07262987244775315,0.0,0.0,0.99,8,exponential
q_learning,sparse_seed4,sparse,4,4a77b6e251,58,225,-11.250000000000025,-11.077586206896575,0.8903717962447101,0.15,0,out_of_energy,0,0,1,0,88,11,0,0,0,44,0.041506657110206444,0.08027790874581113,0.0,0.0,0.99,8,exponential
q_learning,sparse_seed4,sparse,4,4a77b6e251,59,225,-11.250000000000025,-11.080508474576295,0.8885910526522206,0.15,0,out_of_energy,0,0,1,0,97,16,0,0,0,47,0.037849504295939765,0.07649716128125,0.0,0.0,0.99,8,exponential
q_learning,sparse_seed4,sparse,4,4a77b6e251,60,225,-11.250000000000025,-11.083333333333355,0.8868138705469162,0.15,0,out_of_energy,0,0,1,0,95,3,0,0,0,39,0.03846296934846546,0.08203320422203003,0.0,0.0,0.99,8,exponential
q_learning,sparse_seed4,sparse,4,4a77b6e251,61,225,-11.250000000000025,-11.086065573770513,0.8850402428058224,0.15,0,out_of_energy,0,0,1,0,102,11,0,0,0,41,0.035702227374688214,0.07892362075726253,0.0,0.0,0.99,8,exponential
q_learning,sparse_seed4,sparse,4,4a77b6e251,62,225,-1.2500000000000078,-10.927419354838731,0.8832701623202107,0.15,0,out_of_energy,0,0,1,0,123,21,0,0,1,48,0.11753871214591233,9.95,0.0,0.0,0.99,8,exponential
q_learning,sparse_seed4,sparse,4,4a77b6e251,63,225,-11.250000000000025,-10.932539682539705,0.8815036219955703,0.15,0,out_of_energy,0,0,1,0,102,14,0,0,0,37,0.035890564844460515,0.06846245351058439,0.0,0.0,0.99,8,exponential
q_learning,sparse_seed4,sparse,4,4a77b6e251,64,225,-11.250000000000025,-10.937500000000025,0.8797406147515792,0.15,0,out_of_energy,0,0,1,0,111,17,0,0,0,49,0.037049484867518995,0.06878714057183516,0.0,0.0,0.99,8,exponential
q_learning,sparse_seed4,sparse,4,4a77b6e251,65,225,-11.250000000000025,-10.942307692307716,0.877981133522076,0.15,0,out_of_energy,0,0,1,0,106,6,0,0,0,46,0.03599730611202499,0.0818036897149377,0.0,0.0,0.99,8,exponential
q_learning,sparse_seed4,sparse,4,4a77b6e251,66,225,-11.250000000000025,-10.94696969696972,0.8762251712550319,0.15,0,out_of_energy,0,0,1,0,97,18,0,0,0,44,0.03885754755153108,0.07442973329795702,0.0,0.0,0.99,8,exponential
q_learning,sparse_seed4,sparse,4,4a77b6e251,67,225,-11.250000000000025,-10.951492537313456,0.8744727209125218,0.15,0,out_of_energy,0,0,1,0,114,9,0,0,0,62,0.038205252017250765,0.0788463918367728,0.0,0.0,0.99,8,exponential
q_learning,sparse_seed4,sparse,4,4a77b6e251,68,225,-11.250000000000025,-10.9558823529412,0.8727237754706968,0.15,0,out_of_energy,0,0,1,0,97,16,0,0,0,39,0.04008803284214775,0.06697931607135346,0.0,0.0,0.99,8,exponential
q_learning,sparse_seed4,sparse,4,4a77b6e251,69,225,-11.250000000000025,-10.960144927536255,0.8709783279197554,0.15,0,out_of_energy,0,0,1,0,101,17,0,0,0,44,0.04043106359632435,0.09800168432858103,0.0,0.0,0.99,8,exponential
q_learning,sparse_seed4,sparse,4,4a77b6e251,70,225,-11.250000000000025,-10.964285714285737,0.8692363712639158,0.15,0,out_of_energy,0,0,1,0,102,12,0,0,0,48,0.03899062137432342,0.07606328497934375,0.0,0.0,0.99,8,exponential
q_learning,sparse_seed4,sparse,4,4a77b6e251,71,225,-11.250000000000025,-10.968309859154951,0.867497898521388,0.15,0,out_of_energy,0,0,1,0,92,5,0,0,0,49,0.03522456708370974,0.0837529348082483,0.0,0.0,0.99,8,exponential
q_learning,sparse_seed4,sparse,4,4a77b6e251,72,225,-11.250000000000025,-10.972222222222248,0.8657629027243453,0.15,0,out_of_energy,0,0,1,0,91,11,0,0,0,40,0.03952231405416991,0.06780384445807813,0.0,0.0,0.99,8,exponential
q_learning,sparse_seed4,sparse,4,4a77b6e251,73,225,-11.250000000000025,-10.9760273972603,0.8640313769188966,0.15,0,out_of_energy,0,0,1,0,101,7,0,0,0,45,0.04105277028663434,0.0914963510667322,0.0,0.0,0.99,8,exponential
q_learning,sparse_seed4,sparse,4,4a77b6e251,74,225,-11.250000000000025,-10.979729729729755,0.8623033141650589,0.15,0,out_of_energy,0,0,1,0,102,15,0,0,0,39,0.03451230564865607,0.08754339832097142,0.0,0.0,0.99,8,exponential
q_learning,sparse_seed4,sparse,4,4a77b6e251,75,225,-11.250000000000025,-10.983333333333357,0.8605787075367288,0.15,0,out_of_energy,0,0,1,0,114,34,0,0,0,39,0.038310462866288225,0.09301165385798484,0.0,0.0,0.99,8,exponential
q_learning,sparse_seed4,sparse,4,4a77b6e251,76,225,-11.250000000000025,-10.986842105263182,0.8588575501216553,0.15,0,out_of_energy,0,0,1,0,112,7,0,0,0,52,0.03886623268511477,0.10762092751428148,0.0,0.0,0.99,8,exponential
q_learning,sparse_seed4,sparse,4,4a77b6e251,77,225,-11.250000000000025,-10.990259740259765,0.857139835021412,0.15,0,out_of_energy,0,0,1,0,112,14,0,0,0,36,0.038738379500739765,0.09657474339696348,0.0,0.0,0.99,8,exponential
q_learning,sparse_seed4,sparse,4,4a77b6e251,78,225,-11.250000000000025,-10.993589743589768,0.8554255553513692,0.15,0,out_of_energy,0,0,1,0,99,17,0,0,0,41,0.0379341390606745,0.08903971462599111,0.0,0.0,0.99,8,exponential
q_learning,sparse_seed4,sparse,4,4a77b6e251,79,225,-11.250000000000025,-10.996835443037998,0.8537147042406664,0.15,0,out_of_energy,0,0,1,0,110,10,0,0,0,43,0.036798278442254855,0.10983683066859379,0.0,0.0,0.99,8,exponential
q_learning,sparse_seed4,sparse,4,4a77b6e251,80,225,-11.250000000000025,-11.000000000000025,0.8520072748321851,0.15,0,out_of_energy,0,0,1,0,114,17,0,0,0,56,0.03901345175735506,0.12081681042297632,0.0,0.0,0.99,8,exponential
q_learning,sparse_seed4,sparse,4,4a77b6e251,81,225,-11.250000000000025,-11.003086419753112,0.8503032602825207,0.15,0,out_of_energy,0,0,1,0,102,11,0,0,0,39,0.040194225159110926,0.08470795041495363,0.0,0.0,0.99,8,exponential
q_learning,sparse_seed4,sparse,4,4a77b6e251,82,225,-11.250000000000025,-11.006097560975634,0.8486026537619556,0.15,0,out_of_energy,0,0,1,0,93,1,0,0,0,51,0.038290509404957415,0.08496313338436158,0.0,0.0,0.99,8,exponential
q_learning,sparse_seed4,sparse,4,4a77b6e251,83,225,-11.250000000000025,-11.009036144578339,0.8469054484544317,0.15,0,out_of_energy,0,0,1,0,103,16,0,0,0,46,0.03956201027824018,0.10645526663916485,0.0,0.0,0.99,8,exponential
q_learning,sparse_seed4,sparse,4,4a77b6e251,84,225,-11.250000000000025,-11.011904761904786,0.8452116375575228,0.15,0,out_of_energy,0,0,1,0,101,25,0,0,0,28,0.03869153208268734,0.0922489460211082,0.0,0.0,0.99,8,exponential
q_learning,sparse_seed4,sparse,4,4a77b6e251,85,225,-11.250000000000025,-11.014705882352965,0.8435212142824078,0.15,0,out_of_energy,0,0,1,0,94,5,1,0,0,43,0.04299119187788385,0.0721010211125,0.0,0.0,0.99,8,exponential
q_learning,sparse_seed4,sparse,4,4a77b6e251,86,225,-11.250000000000025,-11.01744186046514,0.841834171853843,0.15,0,out_of_energy,0,0,1,0,109,9,0,0,0,46,0.036683268549526415,0.0946440020888647,0.0,0.0,0.99,8,exponential
q_learning,sparse_seed4,sparse,4,4a77b6e251,87,225,-11.250000000000025,-11.020114942528759,0.8401505035101353,0.15,0,out_of_energy,0,0,1,0,104,20,0,0,0,52,0.039937615106945906,0.08004813079074442,0.0,0.0,0.99,8,exponential
q_learning,sparse_seed4,sparse,4,4a77b6e251,88,225,-11.250000000000025,-11.022727272727298,0.838470202503115,0.15,0,out_of_energy,0,0,1,0,102,11,0,0,0,50,0.04027756175219187,0.08899871594558911,0.0,0.0,0.99,8,exponential
q_learning,sparse_seed4,sparse,4,4a77b6e251,89,225,-11.250000000000025,-11.02528089887643,0.8367932620981088,0.15,0,out_of_energy,0,0,1,0,111,10,0,0,0,46,0.03942553439713072,0.10088681249754003,0.0,0.0,0.99,8,exponential
q_learning,sparse_seed4,sparse,4,4a77b6e251,90,225,-11.250000000000025,-11.027777777777803,0.8351196755739125,0.15,0,out_of_energy,0,0,1,0,106,0,0,0,0,42,0.0394665275356791,0.07829885227028516,0.0,0.0,0.99,8,exponential
q_learning,sparse_seed4,sparse,4,4a77b6e251,91,225,-11.250000000000025,-11.030219780219806,0.8334494362227647,0.15,0,out_of_energy,0,0,1,0,92,6,0,0,0,43,0.03940387591840671,0.07424755568521971,0.0,0.0,0.99,8,exponential
q_learning,sparse_seed4,sparse,4,4a77b6e251,92,225,-11.250000000000025,-11.032608695652199,0.8317825373503192,0.15,0,out_of_energy,0,0,1,0,88,0,0,0,0,38,0.0393252203203565,0.08679299377956222,0.0,0.0,0.99,8,exponential
q_learning,sparse_seed4,sparse,4,4a77b6e251,93,225,-11.250000000000025,-11.034946236559165,0.8301189722756185,0.15,0,out_of_energy,0,0,1,0,116,2,0,0,0,37,0.04145298149461823,0.07131100201789063,0.0,0.0,0.99,8,exponential
q_learning,sparse_seed4,sparse,4,4a77b6e251,94,225,-11.250000000000025,-11.037234042553216,0.8284587343310672,0.15,0,out_of_energy,0,0,1,0,97,10,0,0,0,54,0.03849296902556063,0.10332527645605227,0.0,0.0,0.99,8,exponential
q_learning,sparse_seed4,sparse,4,4a77b6e251,95,225,-11.250000000000025,-11.03947368421055,0.8268018168624051,0.15,0,out_of_energy,0,0,1,0,110,8,0,0,0,41,0.03925822333890055,0.10497539809312036,0.0,0.0,0.99,8,exponential
q_learning,sparse_seed4,sparse,4,4a77b6e251,96,225,-11.250000000000025,-11.041666666666693,0.8251482132286803,0.15,0,out_of_energy,0,0,1,0,101,20,0,0,0,50,0.03807663226730783,0.08645507069848327,0.0,0.0,0.99,8,exponential
q_learning,sparse_seed4,sparse,4,4a77b6e251,97,225,-11.250000000000025,-11.043814432989716,0.823497916802223,0.15,0,out_of_energy,0,0,1,0,119,15,0,0,0,46,0.03920682870050958,0.08458871446042879,0.0,0.0,0.99,8,exponential
q_learning,sparse_seed4,sparse,4,4a77b6e251,98,225,-11.250000000000025,-11.045918367346964,0.8218509209686186,0.15,0,out_of_energy,0,0,1,0,86,15,0,0,0,60,0.039856739073676616,0.08546852619213688,0.0,0.0,0.99,8,exponential
q_learning,sparse_seed4,sparse,4,4a77b6e251,99,225,-11.250000000000025,-11.047979797979822,0.8202072191266814,0.15,0,out_of_energy,0,0,1,0,110,12,0,0,0,39,0.04083573776440638,0.07321881010842221,0.0,0.0,0.99,8,exponential
q_learning,sparse_seed4,sparse,4,4a77b6e251,100,225,-11.250000000000025,-11.050000000000026,0.818566804688428,0.15,0,out_of_energy,0,0,1,0,120,22,0,0,0,45,0.03756246531915306,0.12670662135005278,0.0,0.0,0.99,8,exponential
q_learning,sparse_seed4,sparse,4,4a77b6e251,101,225,-11.250000000000025,-11.050000000000026,0.8169296710790511,0.15,0,out_of_energy,0,0,1,0,95,18,0,0,0,43,0.040856088765169746,0.08500792551195573,0.0,0.0,0.99,8,exponential
q_learning,sparse_seed4,sparse,4,4a77b6e251,102,225,-11.250000000000025,-11.050000000000026,0.815295811736893,0.15,0,out_of_energy,0,0,1,0,95,27,0,0,0,50,0.03859346561310915,0.08929533721276856,0.0,0.0,0.99,8,exponential
q_learning,sparse_seed4,sparse,4,4a77b6e251,103,225,-11.250000000000025,-11.050000000000026,0.8136652201134192,0.15,0,out_of_energy,0,0,1,0,113,27,0,0,0,57,0.04093573931805019,0.09091364421367279,0.0,0.0,0.99,8,exponential
q_learning,sparse_seed4,sparse,4,4a77b6e251,104,225,-11.250000000000025,-11.050000000000026,0.8120378896731923,0.15,0,out_of_energy,0,0,1,0,102,22,0,0,0,51,0.040264616167374055,0.08270343896483616,0.0,0.0,0.99,8,exponential
q_learning,sparse_seed4,sparse,4,4a77b6e251,105,225,-11.250000000000025,-11.050000000000026,0.8104138138938459,0.15,0,out_of_energy,0,0,1,0,93,10,0,0,0,47,0.03972028439618372,0.0808340157688906,0.0,0.0,0.99,8,exponential
q_learning,sparse_seed4,sparse,4,4a77b6e251,106,225,-11.250000000000025,-11.050000000000026,0.8087929862660582,0.15,0,out_of_energy,0,0,1,0,100,35,0,0,0,59,0.038748435879904314,0.08619253619653458,0.0,0.0,0.99,8,exponential
q_learning,sparse_seed4,sparse,4,4a77b6e251,107,225,-11.250000000000025,-11.050000000000026,0.8071754002935261,0.15,0,out_of_energy,0,0,1,0,113,2,0,0,0,50,0.03846834021908028,0.14198827293167826,0.0,0.0,0.99,8,exponential
q_learning,sparse_seed4,sparse,4,4a77b6e251,108,225,-11.250000000000025,-11.050000000000026,0.805561049492939,0.15,0,out_of_energy,0,0,1,0,96,17,0,0,0,53,0.03992243736850207,0.08482340910518894,0.0,0.0,0.99,8,exponential
q_learning,sparse_seed4,sparse,4,4a77b6e251,109,225,-11.250000000000025,-11.050000000000026,0.8039499273939532,0.15,0,out_of_energy,0,0,1,0,102,17,0,0,0,47,0.038970467962994436,0.10667236749311691,0.0,0.0,0.99,8,exponential
q_learning,sparse_seed4,sparse,4,4a77b6e251,110,225,-11.250000000000025,-11.050000000000026,0.8023420275391653,0.15,0,out_of_energy,0,0,1,0,114,10,0,0,0,46,0.03843725270235595,0.09143543656160491,0.0,0.0,0.99,8,exponential
q_learning,sparse_seed4,sparse,4,4a77b6e251,111,225,-11.250000000000025,-11.050000000000026,0.800737343484087,0.15,0,out_of_energy,0,0,1,0,88,10,0,0,0,48,0.03968223955797299,0.07482342109675155,0.0,0.0,0.99,8,exponential
q_learning,sparse_seed4,sparse,4,4a77b6e251,112,225,-11.250000000000025,-11.050000000000026,0.7991358687971188,0.15,0,out_of_energy,0,0,1,0,103,6,0,0,0,51,0.03857443868759237,0.11394131177132327,0.0,0.0,0.99,8,exponential
q_learning,sparse_seed4,sparse,4,4a77b6e251,113,225,-11.250000000000025,-11.050000000000026,0.7975375970595246,0.15,0,out_of_energy,0,0,1,0,105,3,0,0,0,39,0.03860330956448929,0.12319103629713724,0.0,0.0,0.99,8,exponential
q_learning,sparse_seed4,sparse,4,4a77b6e251,114,225,-11.250000000000025,-11.050000000000026,0.7959425218654056,0.15,0,out_of_energy,0,0,1,0,98,5,0,0,0,53,0.041524673849350394,0.09997417995644327,0.0,0.0,0.99,8,exponential
q_learning,sparse_seed4,sparse,4,4a77b6e251,115,225,-11.250000000000025,-11.050000000000026,0.7943506368216747,0.15,0,out_of_energy,0,0,1,0,109,3,0,0,0,51,0.041984166391778335,0.09364695853698787,0.0,0.0,0.99,8,exponential
q_learning,sparse_seed4,sparse,4,4a77b6e251,116,225,-11.250000000000025,-11.050000000000026,0.7927619355480314,0.15,0,out_of_energy,0,0,1,0,108,6,0,0,0,39,0.038621611237008475,0.1120953261577943,0.0,0.0,0.99,8,exponential
q_learning,sparse_seed4,sparse,4,4a77b6e251,117,225,-11.250000000000025,-11.050000000000026,0.7911764116769353,0.15,0,out_of_energy,0,0,1,0,118,4,0,0,0,46,0.05426716145046342,1.4275749999999998,0.0,0.0,0.99,8,exponential
q_learning,sparse_seed4,sparse,4,4a77b6e251,118,225,-11.250000000000025,-11.050000000000026,0.7895940588535815,0.15,0,out_of_energy,0,0,1,0,86,14,0,0,0,48,0.041220431006586455,0.0929448822270338,0.0,0.0,0.99,8,exponential
q_learning,sparse_seed4,sparse,4,4a77b6e251,119,225,-11.250000000000025,-11.050000000000026,0.7880148707358743,0.15,0,out_of_energy,0,0,1,0,92,10,0,0,0,52,0.03973933616793821,0.10900113039594905,0.0,0.0,0.99,8,exponential
q_learning,sparse_seed4,sparse,4,4a77b6e251,120,225,-11.250000000000025,-11.050000000000026,0.7864388409944025,0.15,0,out_of_energy,0,0,1,0,90,19,0,0,0,37,0.040887230897079484,0.08203098572462701,0.0,0.0,0.99,8,exponential
q_learning,sparse_seed4,sparse,4,4a77b6e251,121,225,-11.250000000000025,-11.050000000000026,0.7848659633124138,0.15,0,out_of_energy,0,0,1,0,85,7,0,0,0,44,0.03843225481999231,0.08285438162336074,0.0,0.0,0.99,8,exponential
q_learning,sparse_seed4,sparse,4,4a77b6e251,122,225,-11.250000000000025,-11.050000000000026,0.783296231385789,0.15,0,out_of_energy,0,0,1,0,89,8,0,0,0,39,0.03834006067105927,0.07752436358525387,0.0,0.0,0.99,8,exponential
q_learning,sparse_seed4,sparse,4,4a77b6e251,123,225,-11.250000000000025,-11.050000000000026,0.7817296389230174,0.15,0,out_of_energy,0,0,1,0,102,23,0,0,0,36,0.03935650019180679,0.09559331975528176,0.0,0.0,0.99,8,exponential
q_learning,sparse_seed4,sparse,4,4a77b6e251,124,225,-11.250000000000025,-11.050000000000026,0.7801661796451713,0.15,0,out_of_energy,0,0,1,0,99,9,0,0,0,43,0.0399068871323368,0.16141598970513688,0.0,0.0,0.99,8,exponential
q_learning,sparse_seed4,sparse,4,4a77b6e251,125,225,-11.250000000000025,-11.050000000000026,0.778605847285881,0.15,0,out_of_energy,0,0,1,0,94,22,0,0,0,37,0.04160348505951883,0.09650443678173662,0.0,0.0,0.99,8,exponential
q_learning,sparse_seed4,sparse,4,4a77b6e251,126,225,-11.250000000000025,-11.050000000000026,0.7770486355913092,0.15,0,out_of_energy,0,0,1,0,116,24,0,0,0,54,0.03983370518634697,0.12119564014272387,0.0,0.0,0.99,8,exponential
q_learning,sparse_seed4,sparse,4,4a77b6e251,127,225,-11.250000000000025,-11.050000000000026,0.7754945383201266,0.15,0,out_of_energy,0,0,1,0,101,14,0,0,0,50,0.04101025233422672,0.06972824404123444,0.0,0.0,0.99,8,exponential
q_learning,sparse_seed4,sparse,4,4a77b6e251,128,225,-11.250000000000025,-11.050000000000026,0.7739435492434863,0.15,0,out_of_energy,0,0,1,0,118,9,0,0,0,44,0.0392712994817981,0.10195762613542425,0.0,0.0,0.99,8,exponential
q_learning,sparse_seed4,sparse,4,4a77b6e251,129,225,-11.250000000000025,-11.050000000000026,0.7723956621449993,0.15,0,out_of_energy,0,0,1,0,95,15,0,0,0,45,0.040740700103075636,0.10766968795399445,0.0,0.0,0.99,8,exponential
q_learning,sparse_seed4,sparse,4,4a77b6e251,130,225,-11.250000000000025,-11.050000000000026,0.7708508708207094,0.15,0,out_of_energy,0,0,1,0,106,30,0,0,0,39,0.04146627635967495,0.12247159713419051,0.0,0.0,0.99,8,exponential
q_learning,sparse_seed4,sparse,4,4a77b6e251,131,225,-11.250000000000025,-11.050000000000026,0.769309169079068,0.15,0,out_of_energy,0,0,1,0,95,16,0,0,0,44,0.041560638248756485,0.07870740342447624,0.0,0.0,0.99,8,exponential
q_learning,sparse_seed4,sparse,4,4a77b6e251,132,225,-11.250000000000025,-11.050000000000026,0.7677705507409098,0.15,0,out_of_energy,0,0,1,0,109,12,0,0,0,43,0.0386797064762813,0.0763011660715344,0.0,0.0,0.99,8,exponential
q_learning,sparse_seed4,sparse,4,4a77b6e251,133,225,-11.250000000000025,-11.050000000000026,0.766235009639428,0.15,0,out_of_energy,0,0,1,0,102,8,0,0,0,48,0.04146527921387169,0.08960346688879484,0.0,0.0,0.99,8,exponential
q_learning,sparse_seed4,sparse,4,4a77b6e251,134,225,-11.250000000000025,-11.050000000000026,0.7647025396201492,0.15,0,out_of_energy,0,0,1,0,89,12,0,0,0,40,0.04004188420571454,0.065698537205294,0.0,0.0,0.99,8,exponential
q_learning,sparse_seed4,sparse,4,4a77b6e251,135,225,-11.250000000000025,-11.050000000000026,0.763173134540909,0.15,0,out_of_energy,0,0,1,0,97,24,0,0,0,40,0.03749753810413692,0.09196087213894515,0.0,0.0,0.99,8,exponential
q_learning,sparse_seed4,sparse,4,4a77b6e251,136,225,-11.250000000000025,-11.050000000000026,0.7616467882718272,0.15,0,out_of_energy,0,0,1,0,111,4,0,0,0,54,0.040417644383367736,0.08658511466285718,0.0,0.0,0.99,8,exponential
q_learning,sparse_seed4,sparse,4,4a77b6e251,137,225,-11.250000000000025,-11.050000000000026,0.7601234946952835,0.15,0,out_of_energy,0,0,1,0,103,13,0,0,0,52,0.03897393093375026,0.11938833696013103,0.0,0.0,0.99,8,exponential
q_learning,sparse_seed4,sparse,4,4a77b6e251,138,225,-11.250000000000025,-11.050000000000026,0.7586032477058929,0.15,0,out_of_energy,0,0,1,0,107,25,0,0,0,34,0.03841448900398891,0.07399945986433584,0.0,0.0,0.99,8,exponential
q_learning,sparse_seed4,sparse,4,4a77b6e251,139,225,-11.250000000000025,-11.050000000000026,0.7570860412104812,0.15,0,out_of_energy,0,0,1,0,110,62,0,0,0,40,0.041192589839677114,0.08610553803360485,0.0,0.0,0.99,8,exponential
q_learning,sparse_seed4,sparse,4,4a77b6e251,140,225,-11.250000000000025,-11.050000000000026,0.7555718691280602,0.15,0,out_of_energy,0,0,1,0,104,7,0,0,0,48,0.03981088618525373,0.08668576108121806,0.0,0.0,0.99,8,exponential
q_learning,sparse_seed4,sparse,4,4a77b6e251,141,225,-11.250000000000025,-11.050000000000026,0.7540607253898041,0.15,0,out_of_energy,0,0,1,0,105,12,0,0,0,46,0.04101075966157462,0.09580213748842033,0.0,0.0,0.99,8,exponential
q_learning,sparse_seed4,sparse,4,4a77b6e251,142,225,-11.250000000000025,-11.050000000000026,0.7525526039390245,0.15,0,out_of_energy,0,0,1,0,85,13,0,0,0,37,0.03917546281670014,0.08346650172962211,0.0,0.0,0.99,8,exponential
q_learning,sparse_seed4,sparse,4,4a77b6e251,143,225,-11.250000000000025,-11.050000000000026,0.7510474987311464,0.15,0,out_of_energy,0,0,1,0,88,9,1,0,0,47,0.04029301668192824,0.09563063435580837,0.0,0.0,0.99,8,exponential
q_learning,sparse_seed4,sparse,4,4a77b6e251,144,225,-11.250000000000025,-11.150000000000025,0.7495454037336841,0.15,0,out_of_energy,0,0,1,0,82,20,0,0,0,49,0.0384418395424301,0.08169025677174524,0.0,0.0,0.99,8,exponential
q_learning,sparse_seed4,sparse,4,4a77b6e251,145,225,-11.250000000000025,-11.150000000000025,0.7480463129262167,0.15,0,out_of_energy,0,0,1,0,104,5,0,0,0,41,0.03911928837062702,0.09558858383546487,0.0,0.0,0.99,8,exponential
q_learning,sparse_seed4,sparse,4,4a77b6e251,146,225,-11.250000000000025,-11.150000000000025,0.7465502203003642,0.15,0,out_of_energy,0,0,1,0,91,13,0,0,0,59,0.041634550717701176,0.10328021342001148,0.0,0.0,0.99,8,exponential
q_learning,sparse_seed4,sparse,4,4a77b6e251,147,225,-11.250000000000025,-11.150000000000025,0.7450571198597635,0.15,0,out_of_energy,0,0,1,0,94,9,0,0,0,43,0.03895084614384648,0.08997785040249437,0.0,0.0,0.99,8,exponential
q_learning,sparse_seed4,sparse,4,4a77b6e251,148,225,-11.250000000000025,-11.150000000000025,0.743567005620044,0.15,0,out_of_energy,0,0,1,0,119,9,0,0,0,45,0.040544990273564833,0.14002590164967849,0.0,0.0,0.99,8,exponential
q_learning,sparse_seed4,sparse,4,4a77b6e251,149,225,-11.250000000000025,-11.150000000000025,0.7420798716088038,0.15,0,out_of_energy,0,0,1,0,88,14,0,0,0,39,0.03970468372701224,0.15218723566433334,0.0,0.0,0.99,8,exponential
q_learning,sparse_seed4,sparse,4,4a77b6e251,150,225,-11.250000000000025,-11.150000000000025,0.7405957118655863,0.15,0,out_of_energy,0,0,1,0,96,6,0,0,0,45,0.0396935953494111,0.11138922033901269,0.0,0.0,0.99,8,exponential
q_learning,sparse_seed4,sparse,4,4a77b6e251,151,225,-11.250000000000025,-11.150000000000025,0.7391145204418551,0.15,0,out_of_energy,0,0,1,0,93,16,0,0,0,42,0.04024354338696944,0.15102206069430513,0.0,0.0,0.99,8,exponential
q_learning,sparse_seed4,sparse,4,4a77b6e251,152,225,-11.250000000000025,-11.150000000000025,0.7376362914009714,0.15,0,out_of_energy,0,0,1,0,101,3,0,0,0,64,0.04058435537436239,0.09892856039645587,0.0,0.0,0.99,8,exponential
q_learning,sparse_seed4,sparse,4,4a77b6e251,153,225,-11.250000000000025,-11.150000000000025,0.7361610188181695,0.15,0,out_of_energy,0,0,1,0,100,11,0,0,0,39,0.04042897942549601,0.13811313873425554,0.0,0.0,0.99,8,exponential
q_learning,sparse_seed4,sparse,4,4a77b6e251,154,225,-11.250000000000025,-11.150000000000025,0.7346886967805332,0.15,0,out_of_energy,0,0,1,0,91,6,0,0,0,50,0.040675678371647185,0.14593002195660137,0.0,0.0,0.99,8,exponential
q_learning,sparse_seed4,sparse,4,4a77b6e251,155,225,-11.250000000000025,-11.150000000000025,0.733219319386972,0.15,0,out_of_energy,0,0,1,0,95,11,0,0,0,41,0.040094197000630674,0.10161579552098085,0.0,0.0,0.99,8,exponential
q_learning,sparse_seed4,sparse,4,4a77b6e251,156,225,-11.250000000000025,-11.150000000000025,0.7317528807481981,0.15,0,out_of_energy,0,0,1,0,96,26,0,0,0,50,0.040723020045768506,0.12752093438844775,0.0,0.0,0.99,8,exponential
q_learning,sparse_seed4,sparse,4,4a77b6e251,157,225,-11.250000000000025,-11.150000000000025,0.7302893749867018,0.15,0,out_of_energy,0,0,1,0,102,22,0,0,0,52,0.040829491098144294,0.13335547403016484,0.0,0.0,0.99,8,exponential
q_learning,sparse_seed4,sparse,4,4a77b6e251,158,225,-11.250000000000025,-11.150000000000025,0.7288287962367284,0.15,0,out_of_energy,0,0,1,0,108,14,0,0,0,46,0.03900905890047798,0.07976318287432313,0.0,0.0,0.99,8,exponential
q_learning,sparse_seed4,sparse,4,4a77b6e251,159,225,-11.250000000000025,-11.150000000000025,0.727371138644255,0.15,0,out_of_energy,0,0,1,0,102,16,0,0,0,39,0.039442748783612015,0.10008886063984754,0.0,0.0,0.99,8,exponential
q_learning,sparse_seed4,sparse,4,4a77b6e251,160,225,-11.250000000000025,-11.150000000000025,0.7259163963669665,0.15,0,out_of_energy,0,0,1,0,108,5,0,0,0,52,0.04053228194243562,0.08046447526666606,0.0,0.0,0.99,8,exponential
q_learning,sparse_seed4,sparse,4,4a77b6e251,161,225,-11.250000000000025,-11.150000000000025,0.7244645635742325,0.15,0,out_of_energy,0,0,1,0,124,4,0,0,0,45,0.04012758895465501,0.1234634806455769,0.0,0.0,0.99,8,exponential
q_learning,sparse_seed4,sparse,4,4a77b6e251,162,225,-11.250000000000025,-11.250000000000025,0.723015634447084,0.15,0,out_of_energy,0,0,1,0,98,10,0,0,0,45,0.040398738434674945,0.0842361369836033,0.0,0.0,0.99,8,exponential
q_learning,sparse_seed4,sparse,4,4a77b6e251,163,225,-11.250000000000025,-11.250000000000025,0.7215696031781899,0.15,0,out_of_energy,0,0,1,0,88,24,0,0,0,35,0.038757201546871844,0.17600907914825473,0.0,0.0,0.99,8,exponential
q_learning,sparse_seed4,sparse,4,4a77b6e251,164,225,-11.250000000000025,-11.250000000000025,0.7201264639718334,0.15,0,out_of_energy,0,0,1,0,100,18,0,0,0,46,0.04195529847407114,0.10105426594344874,0.0,0.0,0.99,8,exponential
q_learning,sparse_seed4,sparse,4,4a77b6e251,165,225,-11.250000000000025,-11.250000000000025,0.7186862110438897,0.15,0,out_of_energy,0,0,1,0,102,11,0,0,0,37,0.039987806989108365,0.1222373724892848,0.0,0.0,0.99,8,exponential
q_learning,sparse_seed4,sparse,4,4a77b6e251,166,225,-11.250000000000025,-11.250000000000025,0.717248838621802,0.15,0,out_of_energy,0,0,1,0,116,11,0,0,0,44,0.04184641497802883,0.11396353131707947,0.0,0.0,0.99,8,exponential
q_learning,sparse_seed4,sparse,4,4a77b6e251,167,225,-11.250000000000025,-11.250000000000025,0.7158143409445584,0.15,0,out_of_energy,0,0,1,0,104,4,0,0,0,43,0.04186473556859257,0.08674638131063112,0.0,0.0,0.99,8,exponential
q_learning,sparse_seed4,sparse,4,4a77b6e251,168,225,-11.250000000000025,-11.250000000000025,0.7143827122626694,0.15,0,out_of_energy,0,0,1,0,100,0,0,0,0,41,0.041858570156708054,0.14692384549257093,0.0,0.0,0.99,8,exponential
q_learning,sparse_seed4,sparse,4,4a77b6e251,169,225,-11.250000000000025,-11.250000000000025,0.7129539468381441,0.15,0,out_of_energy,0,0,1,0,105,12,0,0,0,45,0.03876215585615757,0.07483052526420342,0.0,0.0,0.99,8,exponential
q_learning,sparse_seed4,sparse,4,4a77b6e251,170,225,-11.250000000000025,-11.250000000000025,0.7115280389444678,0.15,0,out_of_energy,0,0,1,0,103,21,0,0,0,41,0.04074593130704074,0.12004417472770337,0.0,0.0,0.99,8,exponential
q_learning,sparse_seed4,sparse,4,4a77b6e251,171,225,-11.250000000000025,-11.250000000000025,0.7101049828665789,0.15,0,out_of_energy,0,0,1,0,95,30,0,0,0,41,0.040607739076407585,0.16117195562759562,0.0,0.0,0.99,8,exponential
q_learning,sparse_seed4,sparse,4,4a77b6e251,172,225,-11.250000000000025,-11.250000000000025,0.7086847729008457,0.15,0,out_of_energy,0,0,1,0,86,2,0,0,0,48,0.04090890204077085,0.14097178662632945,0.0,0.0,0.99,8,exponential
q_learning,sparse_seed4,sparse,4,4a77b6e251,173,225,-11.250000000000025,-11.250000000000025,0.707267403355044,0.15,0,out_of_energy,0,0,1,0,91,19,0,0,0,40,0.040500353542877024,0.0874649708054552,0.0,0.0,0.99,8,exponential
q_learning,sparse_seed4,sparse,4,4a77b6e251,174,225,-11.250000000000025,-11.250000000000025,0.705852868548334,0.15,0,out_of_energy,0,0,1,0,97,31,0,0,0,48,0.04172641451231187,0.09140731308294475,0.0,0.0,0.99,8,exponential
q_learning,sparse_seed4,sparse,4,4a77b6e251,175,225,-11.250000000000025,-11.250000000000025,0.7044411628112373,0.15,0,out_of_energy,0,0,1,0,80,10,0,0,0,50,0.04348493619633127,0.11226316889940437,0.0,0.0,0.99,8,exponential
q_learning,sparse_seed4,sparse,4,4a77b6e251,176,225,-11.250000000000025,-11.250000000000025,0.7030322804856147,0.15,0,out_of_energy,0,0,1,0,109,4,0,0,0,44,0.04094015170798964,0.08165307692615045,0.0,0.0,0.99,8,exponential
q_learning,sparse_seed4,sparse,4,4a77b6e251,177,225,-11.250000000000025,-11.250000000000025,0.7016262159246435,0.15,0,out_of_energy,0,0,1,0,102,20,0,0,0,43,0.04203683558366282,0.13550743477192576,0.0,0.0,0.99,8,exponential
q_learning,sparse_seed4,sparse,4,4a77b6e251,178,225,-11.250000000000025,-11.250000000000025,0.7002229634927942,0.15,0,out_of_energy,0,0,1,0,103,5,2,0,0,33,0.042790234922642015,0.15810534033042067,0.0,0.0,0.99,8,exponential
q_learning,sparse_seed4,sparse,4,4a77b6e251,179,225,-11.250000000000025,-11.250000000000025,0.6988225175658086,0.15,0,out_of_energy,0,0,1,0,95,9,0,0,0,51,0.04236166868119257,0.1986722287784799,0.0,0.0,0.99,8,exponential
q_learning,sparse_seed4,sparse,4,4a77b6e251,180,225,-11.250000000000025,-11.250000000000025,0.697424872530677,0.15,0,out_of_energy,0,0,1,0,93,11,0,0,0,45,0.041412486043369716,0.14003158230959542,0.0,0.0,0.99,8,exponential
q_learning,sparse_seed4,sparse,4,4a77b6e251,181,225,-11.250000000000025,-11.250000000000025,0.6960300227856157,0.15,0,out_of_energy,0,0,1,0,97,4,0,0,0,39,0.04022233774375583,0.08078233509474911,0.0,0.0,0.99,8,exponential
q_learning,sparse_seed4,sparse,4,4a77b6e251,182,225,-11.250000000000025,-11.250000000000025,0.6946379627400444,0.15,0,out_of_energy,0,0,1,0,94,15,0,0,0,38,0.04292017536759767,0.08129069732428269,0.0,0.0,0.99,8,exponential
q_learning,sparse_seed4,sparse,4,4a77b6e251,183,225,-11.250000000000025,-11.250000000000025,0.6932486868145643,0.15,0,out_of_energy,0,0,1,0,113,2,0,0,0,36,0.041773212954614156,0.1186230878306278,0.0,0.0,0.99,8,exponential
q_learning,sparse_seed4,sparse,4,4a77b6e251,184,225,-11.250000000000025,-11.250000000000025,0.6918621894409351,0.15,0,out_of_energy,0,0,1,0,106,15,0,0,0,31,0.04106266233341116,0.1195044217558085,0.0,0.0,0.99,8,exponential
q_learning,sparse_seed4,sparse,4,4a77b6e251,185,225,-11.250000000000025,-11.250000000000025,0.6904784650620532,0.15,0,out_of_energy,0,0,1,0,105,21,0,0,0,53,0.04050679512797059,0.11877641087639082,0.0,0.0,0.99,8,exponential
q_learning,sparse_seed4,sparse,4,4a77b6e251,186,225,-11.250000000000025,-11.250000000000025,0.6890975081319292,0.15,0,out_of_energy,0,0,1,0,102,9,0,0,0,42,0.04197981401217217,0.18226848791358718,0.0,0.0,0.99,8,exponential
q_learning,sparse_seed4,sparse,4,4a77b6e251,187,225,-11.250000000000025,-11.250000000000025,0.6877193131156653,0.15,0,out_of_energy,0,0,1,0,85,29,0,0,0,37,0.04293072219554817,0.08804184382107796,0.0,0.0,0.99,8,exponential
q_learning,sparse_seed4,sparse,4,4a77b6e251,188,225,-11.250000000000025,-11.250000000000025,0.6863438744894339,0.15,0,out_of_energy,0,0,1,0,90,4,0,0,0,49,0.041716230021160074,0.1268139151231748,0.0,0.0,0.99,8,exponential
q_learning,sparse_seed4,sparse,4,4a77b6e251,189,225,-11.250000000000025,-11.250000000000025,0.684971186740455,0.15,0,out_of_energy,0,0,1,0,93,4,0,0,0,44,0.03891561560276554,0.08598199448431441,0.0,0.0,0.99,8,exponential
q_learning,sparse_seed4,sparse,4,4a77b6e251,190,225,-11.250000000000025,-11.250000000000025,0.6836012443669741,0.15,0,out_of_energy,0,0,1,0,94,3,0,0,0,33,0.042421751249915214,0.15983546640346522,0.0,0.0,0.99,8,exponential
q_learning,sparse_seed4,sparse,4,4a77b6e251,191,225,-11.250000000000025,-11.250000000000025,0.6822340418782402,0.15,0,out_of_energy,0,0,1,0,111,4,0,0,0,45,0.03929675827946736,0.07013937913737234,0.0,0.0,0.99,8,exponential
q_learning,sparse_seed4,sparse,4,4a77b6e251,192,225,-11.250000000000025,-11.250000000000025,0.6808695737944838,0.15,0,out_of_energy,0,0,1,0,104,23,0,0,0,41,0.04312702816042973,0.10644015651140948,0.0,0.0,0.99,8,exponential
q_learning,sparse_seed4,sparse,4,4a77b6e251,193,225,-11.250000000000025,-11.250000000000025,0.6795078346468948,0.15,0,out_of_energy,0,0,1,0,86,27,0,0,0,40,0.04195857352997557,0.08589953603040745,0.0,0.0,0.99,8,exponential
q_learning,sparse_seed4,sparse,4,4a77b6e251,194,225,-11.250000000000025,-11.250000000000025,0.678148818977601,0.15,0,out_of_energy,0,0,1,0,100,6,0,0,0,35,0.04122863903670459,0.10752147451488699,0.0,0.0,0.99,8,exponential
q_learning,sparse_seed4,sparse,4,4a77b6e251,195,225,-11.250000000000025,-11.250000000000025,0.6767925213396458,0.15,0,out_of_energy,0,0,1,0,106,8,0,0,0,41,0.04008677684717212,0.10088815090001568,0.0,0.0,0.99,8,exponential
q_learning,sparse_seed4,sparse,4,4a77b6e251,196,225,-11.250000000000025,-11.250000000000025,0.6754389362969666,0.15,0,out_of_energy,0,0,1,0,111,3,0,0,0,43,0.0407747993436104,0.09564326002418352,0.0,0.0,0.99,8,exponential
q_learning,sparse_seed4,sparse,4,4a77b6e251,197,225,-11.250000000000025,-11.250000000000025,0.6740880584243727,0.15,0,out_of_energy,0,0,1,0,93,5,0,0,0,37,0.039405409447219326,0.07929441125411874,0.0,0.0,0.99,8,exponential
q_learning,sparse_seed4,sparse,4,4a77b6e251,198,225,-11.250000000000025,-11.250000000000025,0.6727398823075239,0.15,0,out_of_energy,0,0,1,0,114,3,0,0,0,47,0.041987042483065944,0.11389193499371628,0.0,0.0,0.99,8,exponential
q_learning,sparse_seed4,sparse,4,4a77b6e251,199,225,-11.250000000000025,-11.250000000000025,0.6713944025429088,0.15,0,out_of_energy,0,0,1,0,97,17,2,0,0,44,0.04285337236730847,0.07476330312500001,0.0,0.0,0.99,8,exponential
q_learning,sparse_seed4,sparse,4,4a77b6e251,200,225,-11.250000000000025,-11.250000000000025,0.670051613737823,0.15,0,out_of_energy,0,0,1,0,101,2,0,0,0,50,0.04010523554480617,0.09899858599006145,0.0,0.0,0.99,8,exponential
q_learning,sparse_seed4,sparse,4,4a77b6e251,201,225,-11.250000000000025,-11.250000000000025,0.6687115105103473,0.15,0,out_of_energy,0,0,1,0,94,23,0,0,0,44,0.03913457796231158,0.08503479566909322,0.0,0.0,0.99,8,exponential
q_learning,sparse_seed4,sparse,4,4a77b6e251,202,225,-11.250000000000025,-11.250000000000025,0.6673740874893266,0.15,0,out_of_energy,0,0,1,0,102,20,0,0,0,52,0.03984875977943181,0.11618678098711878,0.0,0.0,0.99,8,exponential
q_learning,sparse_seed4,sparse,4,4a77b6e251,203,225,-11.250000000000025,-11.250000000000025,0.6660393393143479,0.15,0,out_of_energy,0,0,1,0,99,3,0,0,0,40,0.04187742634650061,0.1049295559140819,0.0,0.0,0.99,8,exponential
q_learning,sparse_seed4,sparse,4,4a77b6e251,204,225,-11.250000000000025,-11.250000000000025,0.6647072606357192,0.15,0,out_of_energy,0,0,1,0,105,26,0,0,0,49,0.04256345246525274,0.08701379193724072,0.0,0.0,0.99,8,exponential
q_learning,sparse_seed4,sparse,4,4a77b6e251,205,225,-11.250000000000025,-11.250000000000025,0.6633778461144477,0.15,0,out_of_energy,0,0,1,0,105,14,0,0,0,36,0.041074378684156386,0.12715387439837872,0.0,0.0,0.99,8,exponential
q_learning,sparse_seed4,sparse,4,4a77b6e251,206,225,-11.250000000000025,-11.250000000000025,0.6620510904222189,0.15,0,out_of_energy,0,0,1,0,91,32,0,0,0,58,0.039704419552225874,0.1407797246151833,0.0,0.0,0.99,8,exponential
q_learning,sparse_seed4,sparse,4,4a77b6e251,207,225,-11.250000000000025,-11.250000000000025,0.6607269882413744,0.15,0,out_of_energy,0,0,1,0,93,9,0,0,0,47,0.04080346050922412,0.07049760673607203,0.0,0.0,0.99,8,exponential
q_learning,sparse_seed4,sparse,4,4a77b6e251,208,225,-11.250000000000025,-11.250000000000025,0.6594055342648917,0.15,0,out_of_energy,0,0,1,0,96,15,3,0,0,47,0.040255873975564245,0.1152105036368471,0.0,0.0,0.99,8,exponential
q_learning,sparse_seed4,sparse,4,4a77b6e251,209,225,-11.250000000000025,-11.250000000000025,0.6580867231963619,0.15,0,out_of_energy,0,0,1,0,91,10,1,0,0,44,0.04153789559144778,0.11020473599851766,0.0,0.0,0.99,8,exponential
q_learning,sparse_seed4,sparse,4,4a77b6e251,210,225,-11.250000000000025,-11.250000000000025,0.6567705497499692,0.15,0,out_of_energy,0,0,1,0,94,13,0,0,0,48,0.04186783513913681,0.16018327861837237,0.0,0.0,0.99,8,exponential
q_learning,sparse_seed4,sparse,4,4a77b6e251,211,225,-11.250000000000025,-11.250000000000025,0.6554570086504692,0.15,0,out_of_energy,0,0,1,0,99,10,3,0,0,42,0.0401267562025009,0.10524757853606731,0.0,0.0,0.99,8,exponential
q_learning,sparse_seed4,sparse,4,4a77b6e251,212,225,-11.250000000000025,-11.250000000000025,0.6541460946331682,0.15,0,out_of_energy,0,0,1,0,99,6,0,0,0,39,0.04012319579860655,0.13698901657623808,0.0,0.0,0.99,8,exponential
q_learning,sparse_seed4,sparse,4,4a77b6e251,213,225,-11.250000000000025,-11.250000000000025,0.6528378024439019,0.15,0,out_of_energy,0,0,1,0,97,17,0,0,0,58,0.04214233881526747,0.16560706160630584,0.0,0.0,0.99,8,exponential
q_learning,sparse_seed4,sparse,4,4a77b6e251,214,225,-11.250000000000025,-11.250000000000025,0.6515321268390141,0.15,0,out_of_energy,0,0,1,0,114,2,0,0,0,43,0.041217209418926586,0.11864513197149903,0.0,0.0,0.99,8,exponential
q_learning,sparse_seed4,sparse,4,4a77b6e251,215,225,-11.250000000000025,-11.250000000000025,0.6502290625853361,0.15,0,out_of_energy,0,0,1,0,107,8,0,0,0,46,0.042579549895745035,0.1847327677228064,0.0,0.0,0.99,8,exponential
q_learning,sparse_seed4,sparse,4,4a77b6e251,216,225,-11.250000000000025,-11.250000000000025,0.6489286044601654,0.15,0,out_of_energy,0,0,1,0,92,9,2,0,0,43,0.042570374769858574,0.14128745369132414,0.0,0.0,0.99,8,exponential
q_learning,sparse_seed4,sparse,4,4a77b6e251,217,225,-11.250000000000025,-11.250000000000025,0.6476307472512451,0.15,0,out_of_energy,0,0,1,0,93,8,0,0,0,42,0.043357548244486704,0.08154670220827118,0.0,0.0,0.99,8,exponential
q_learning,sparse_seed4,sparse,4,4a77b6e251,218,225,-11.250000000000025,-11.250000000000025,0.6463354857567426,0.15,0,out_of_energy,0,0,1,0,111,5,0,0,0,40,0.04175849202383222,0.16270865581139743,0.0,0.0,0.99,8,exponential
q_learning,sparse_seed4,sparse,4,4a77b6e251,219,225,-11.250000000000025,-11.250000000000025,0.6450428147852291,0.15,0,out_of_energy,0,0,1,0,113,6,0,0,0,50,0.042456309541274495,0.16193295503615573,0.0,0.0,0.99,8,exponential
q_learning,sparse_seed4,sparse,4,4a77b6e251,220,225,-11.250000000000025,-11.250000000000025,0.6437527291556586,0.15,0,out_of_energy,0,0,1,0,83,6,0,0,0,44,0.041343478409191295,0.1088044046887906,0.0,0.0,0.99,8,exponential
q_learning,sparse_seed4,sparse,4,4a77b6e251,221,225,-11.250000000000025,-11.250000000000025,0.6424652236973473,0.15,0,out_of_energy,0,0,1,0,108,6,0,0,0,43,0.04201158369549735,0.1386186724004135,0.0,0.0,0.99,8,exponential
q_learning,sparse_seed4,sparse,4,4a77b6e251,222,225,-11.250000000000025,-11.250000000000025,0.6411802932499525,0.15,0,out_of_energy,0,0,1,0,91,18,0,0,0,38,0.04185530312367506,0.11505244772932953,0.0,0.0,0.99,8,exponential
q_learning,sparse_seed4,sparse,4,4a77b6e251,223,225,-11.250000000000025,-11.250000000000025,0.6398979326634526,0.15,0,out_of_energy,0,0,1,0,96,22,0,0,0,46,0.04218956688233244,0.13466170357698573,0.0,0.0,0.99,8,exponential
q_learning,sparse_seed4,sparse,4,4a77b6e251,224,225,-11.250000000000025,-11.250000000000025,0.6386181367981257,0.15,0,out_of_energy,0,0,1,0,107,25,0,0,0,48,0.040732740574212334,0.09694116553417742,0.0,0.0,0.99,8,exponential
q_learning,sparse_seed4,sparse,4,4a77b6e251,225,225,-11.250000000000025,-11.250000000000025,0.6373409005245295,0.15,0,out_of_energy,0,0,1,0,91,6,0,0,0,37,0.04202447163464307,0.09533109628414227,0.0,0.0,0.99,8,exponential
q_learning,sparse_seed4,sparse,4,4a77b6e251,226,225,-11.250000000000025,-11.250000000000025,0.6360662187234805,0.15,0,out_of_energy,0,0,1,0,112,15,0,0,0,44,0.04227672077228082,0.16684719029001507,0.0,0.0,0.99,8,exponential
q_learning,sparse_seed4,sparse,4,4a77b6e251,227,225,-11.250000000000025,-11.250000000000025,0.6347940862860335,0.15,0,out_of_energy,0,0,1,0,106,11,0,0,0,44,0.04225125806164542,0.10118812372347616,0.0,0.0,0.99,8,exponential
q_learning,sparse_seed4,sparse,4,4a77b6e251,228,225,-11.250000000000025,-11.250000000000025,0.6335244981134615,0.15,0,out_of_energy,0,0,1,0,100,24,0,0,0,46,0.04209667338080727,0.1698001712490829,0.0,0.0,0.99,8,exponential
q_learning,sparse_seed4,sparse,4,4a77b6e251,229,225,-11.250000000000025,-11.250000000000025,0.6322574491172346,0.15,0,out_of_energy,0,0,1,0,99,32,0,0,0,42,0.041948818575297586,0.10222979755480227,0.0,0.0,0.99,8,exponential
q_learning,sparse_seed4,sparse,4,4a77b6e251,230,225,-11.250000000000025,-11.250000000000025,0.6309929342190002,0.15,0,out_of_energy,0,0,1,0,90,14,0,0,0,54,0.04283733409647286,0.18988773448082077,0.0,0.0,0.99,8,exponential
q_learning,sparse_seed4,sparse,4,4a77b6e251,231,225,-11.250000000000025,-11.250000000000025,0.6297309483505622,0.15,0,out_of_energy,0,0,1,0,99,33,0,0,0,40,0.03997487410779552,0.07885269976447681,0.0,0.0,0.99,8,exponential
q_learning,sparse_seed4,sparse,4,4a77b6e251,232,225,-11.250000000000025,-11.250000000000025,0.6284714864538611,0.15,0,out_of_energy,0,0,1,0,98,11,0,0,0,46,0.04283869360134581,0.12993451369504294,0.0,0.0,0.99,8,exponential
q_learning,sparse_seed4,sparse,4,4a77b6e251,233,225,-11.250000000000025,-11.250000000000025,0.6272145434809534,0.15,0,out_of_energy,0,0,1,0,110,14,0,0,0,51,0.04197908600519859,0.09947632253741853,0.0,0.0,0.99,8,exponential
q_learning,sparse_seed4,sparse,4,4a77b6e251,234,225,-11.250000000000025,-11.250000000000025,0.6259601143939915,0.15,0,out_of_energy,0,0,1,0,91,18,0,0,0,44,0.04272992290480477,0.13417342498476093,0.0,0.0,0.99,8,exponential
q_learning,sparse_seed4,sparse,4,4a77b6e251,235,225,-11.250000000000025,-11.250000000000025,0.6247081941652035,0.15,0,out_of_energy,0,0,1,0,104,3,0,0,0,50,0.04178329528307564,0.15770228114963997,0.0,0.0,0.99,8,exponential
q_learning,sparse_seed4,sparse,4,4a77b6e251,236,225,-11.250000000000025,-11.250000000000025,0.6234587777768731,0.15,0,out_of_energy,0,0,1,0,93,8,0,0,0,37,0.04234628209757985,0.15591411630303087,0.0,0.0,0.99,8,exponential
q_learning,sparse_seed4,sparse,4,4a77b6e251,237,225,-11.250000000000025,-11.250000000000025,0.6222118602213194,0.15,0,out_of_energy,0,0,1,0,102,3,0,0,0,46,0.041180548293999364,0.09558131357445986,0.0,0.0,0.99,8,exponential
q_learning,sparse_seed4,sparse,4,4a77b6e251,238,225,-11.250000000000025,-11.250000000000025,0.6209674365008767,0.15,0,out_of_energy,0,0,1,0,102,8,0,0,0,39,0.04139948936103585,0.09103229755213055,0.0,0.0,0.99,8,exponential
q_learning,sparse_seed4,sparse,4,4a77b6e251,239,225,-11.250000000000025,-11.250000000000025,0.619725501627875,0.15,0,out_of_energy,0,0,1,0,100,19,0,0,0,42,0.04230835903230101,0.17621686171236017,0.0,0.0,0.99,8,exponential
q_learning,sparse_seed4,sparse,4,4a77b6e251,240,225,-11.250000000000025,-11.250000000000025,0.6184860506246193,0.15,0,out_of_energy,0,0,1,0,108,10,0,0,0,45,0.04166835399633274,0.1260294904954975,0.0,0.0,0.99,8,exponential
q_learning,sparse_seed4,sparse,4,4a77b6e251,241,225,-11.250000000000025,-11.250000000000025,0.61724907852337,0.15,0,out_of_energy,0,0,1,0,96,21,0,0,0,42,0.04225418021335633,0.13594853402820276,0.0,0.0,0.99,8,exponential
q_learning,sparse_seed4,sparse,4,4a77b6e251,242,225,-11.250000000000025,-11.250000000000025,0.6160145803663232,0.15,0,out_of_energy,0,0,1,0,106,42,0,0,0,41,0.04219630207654332,0.10428057225028099,0.0,0.0,0.99,8,exponential
q_learning,sparse_seed4,sparse,4,4a77b6e251,243,225,-11.250000000000025,-11.250000000000025,0.6147825512055906,0.15,0,out_of_energy,0,0,1,0,109,20,0,0,0,46,0.04344963041024949,0.19359944765933418,0.0,0.0,0.99,8,exponential
q_learning,sparse_seed4,sparse,4,4a77b6e251,244,225,-11.250000000000025,-11.250000000000025,0.6135529861031793,0.15,0,out_of_energy,0,0,1,0,97,14,0,0,0,41,0.043519803373979385,0.15262315286449302,0.0,0.0,0.99,8,exponential
q_learning,sparse_seed4,sparse,4,4a77b6e251,245,225,-11.250000000000025,-11.250000000000025,0.612325880130973,0.15,0,out_of_energy,0,0,1,0,97,23,0,0,0,46,0.04163987695405958,0.14610812096150116,0.0,0.0,0.99,8,exponential
q_learning,sparse_seed4,sparse,4,4a77b6e251,246,225,-11.250000000000025,-11.250000000000025,0.611101228370711,0.15,0,out_of_energy,0,0,1,0,93,5,0,0,0,38,0.04231995748350237,0.0925629233162178,0.0,0.0,0.99,8,exponential
q_learning,sparse_seed4,sparse,4,4a77b6e251,247,225,-11.250000000000025,-11.250000000000025,0.6098790259139696,0.15,0,out_of_energy,0,0,1,0,110,14,0,0,0,47,0.04089169122153839,0.06761173060663411,0.0,0.0,0.99,8,exponential
q_learning,sparse_seed4,sparse,4,4a77b6e251,248,225,-11.250000000000025,-11.250000000000025,0.6086592678621416,0.15,0,out_of_energy,0,0,1,0,85,16,0,0,0,41,0.04274388849843031,0.12098227970620684,0.0,0.0,0.99,8,exponential
q_learning,sparse_seed4,sparse,4,4a77b6e251,249,225,-11.250000000000025,-11.250000000000025,0.6074419493264174,0.15,0,out_of_energy,0,0,1,0,88,16,0,0,0,36,0.04310001743482442,0.11582532772644419,0.0,0.0,0.99,8,exponential
q_learning,sparse_seed4,sparse,4,4a77b6e251,250,225,-11.250000000000025,-11.250000000000025,0.6062270654277645,0.15,0,out_of_energy,0,0,1,0,99,23,0,0,0,41,0.04279743189389153,0.17622930922778204,0.0,0.0,0.99,8,exponential
q_learning,sparse_seed4,sparse,4,4a77b6e251,251,225,-11.250000000000025,-11.250000000000025,0.6050146112969089,0.15,0,out_of_energy,0,0,1,0,91,16,0,0,0,44,0.041927718035074835,0.07482538762037452,0.0,0.0,0.99,8,exponential
q_learning,sparse_seed4,sparse,4,4a77b6e251,252,225,-11.250000000000025,-11.250000000000025,0.6038045820743151,0.15,0,out_of_energy,0,0,1,0,95,16,0,0,0,44,0.04248845278646334,0.12576558997441134,0.0,0.0,0.99,8,exponential
q_learning,sparse_seed4,sparse,4,4a77b6e251,253,225,-11.250000000000025,-11.250000000000025,0.6025969729101665,0.15,0,out_of_energy,0,0,1,0,96,17,1,0,0,49,0.04112250146924634,0.09439458867616345,0.0,0.0,0.99,8,exponential
q_learning,sparse_seed4,sparse,4,4a77b6e251,254,225,-11.250000000000025,-11.250000000000025,0.6013917789643461,0.15,0,out_of_energy,0,0,1,0,95,5,0,0,0,42,0.04254483988951392,0.1097846875278719,0.0,0.0,0.99,8,exponential
q_learning,sparse_seed4,sparse,4,4a77b6e251,255,225,-11.250000000000025,-11.250000000000025,0.6001889954064175,0.15,0,out_of_energy,0,0,1,0,100,16,0,0,0,50,0.042653004953243936,0.1879799594489976,0.0,0.0,0.99,8,exponential
q_learning,sparse_seed4,sparse,4,4a77b6e251,256,225,-11.250000000000025,-11.250000000000025,0.5989886174156046,0.15,0,out_of_energy,0,0,1,0,94,12,8,0,0,46,0.04157667423094809,0.17095039962078845,0.0,0.0,0.99,8,exponential
q_learning,sparse_seed4,sparse,4,4a77b6e251,257,225,-11.250000000000025,-11.250000000000025,0.5977906401807734,0.15,0,out_of_energy,0,0,1,0,86,13,0,0,0,46,0.04106428224318738,0.14163095631910433,0.0,0.0,0.99,8,exponential
q_learning,sparse_seed4,sparse,4,4a77b6e251,258,225,-11.250000000000025,-11.250000000000025,0.5965950589004119,0.15,0,out_of_energy,0,0,1,0,85,26,0,0,0,43,0.04169740271148925,0.20943281812363082,0.0,0.0,0.99,8,exponential
q_learning,sparse_seed4,sparse,4,4a77b6e251,259,225,-11.250000000000025,-11.250000000000025,0.595401868782611,0.15,0,out_of_energy,0,0,1,0,99,28,0,0,0,37,0.04177281018551942,0.15549057266291566,0.0,0.0,0.99,8,exponential
q_learning,sparse_seed4,sparse,4,4a77b6e251,260,225,-11.250000000000025,-11.250000000000025,0.5942110650450458,0.15,0,out_of_energy,0,0,1,0,97,5,0,0,0,41,0.041595152456832464,0.1665472567164843,0.0,0.0,0.99,8,exponential
q_learning,sparse_seed4,sparse,4,4a77b6e251,261,225,-11.250000000000025,-11.250000000000025,0.5930226429149558,0.15,0,out_of_energy,0,0,1,0,104,19,0,0,0,48,0.04083321671366594,0.08721121547802704,0.0,0.0,0.99,8,exponential
q_learning,sparse_seed4,sparse,4,4a77b6e251,262,225,-11.250000000000025,-11.250000000000025,0.5918365976291259,0.15,0,out_of_energy,0,0,1,0,96,5,0,0,0,43,0.04281528208400117,0.13995222738134197,0.0,0.0,0.99,8,exponential
q_learning,sparse_seed4,sparse,4,4a77b6e251,263,225,-11.250000000000025,-11.250000000000025,0.5906529244338676,0.15,0,out_of_energy,0,0,1,0,102,17,0,0,0,42,0.041142959011615625,0.08183692067428713,0.0,0.0,0.99,8,exponential
q_learning,sparse_seed4,sparse,4,4a77b6e251,264,225,-11.250000000000025,-11.250000000000025,0.5894716185849999,0.15,0,out_of_energy,0,0,1,0,96,22,4,0,0,40,0.041188591826846824,0.1256153486437221,0.0,0.0,0.99,8,exponential
q_learning,sparse_seed4,sparse,4,4a77b6e251,265,225,-11.250000000000025,-11.250000000000025,0.5882926753478298,0.15,0,out_of_energy,0,0,1,0,105,25,0,0,0,48,0.0420513724528986,0.08356423592364139,0.0,0.0,0.99,8,exponential
q_learning,sparse_seed4,sparse,4,4a77b6e251,266,225,-11.250000000000025,-11.250000000000025,0.5871160899971342,0.15,0,out_of_energy,0,0,1,0,101,12,0,0,0,50,0.041466851395371394,0.1202796359174127,0.0,0.0,0.99,8,exponential
q_learning,sparse_seed4,sparse,4,4a77b6e251,267,225,-11.250000000000025,-11.250000000000025,0.5859418578171399,0.15,0,out_of_energy,0,0,1,0,104,1,0,0,0,49,0.043230219560652046,0.18820167756304357,0.0,0.0,0.99,8,exponential
q_learning,sparse_seed4,sparse,4,4a77b6e251,268,225,-11.250000000000025,-11.250000000000025,0.5847699741015057,0.15,0,out_of_energy,0,0,1,0,92,9,0,0,0,46,0.04271030244452069,0.23335226392556946,0.0,0.0,0.99,8,exponential
q_learning,sparse_seed4,sparse,4,4a77b6e251,269,225,-11.250000000000025,-11.250000000000025,0.5836004341533026,0.15,0,out_of_energy,0,0,1,0,108,2,0,0,0,44,0.042200625259262776,0.12026824175752067,0.0,0.0,0.99,8,exponential
q_learning,sparse_seed4,sparse,4,4a77b6e251,270,225,-11.250000000000025,-11.250000000000025,0.5824332332849961,0.15,0,out_of_energy,0,0,1,0,94,15,0,0,0,55,0.041692197381425364,0.12262490792773599,0.0,0.0,0.99,8,exponential
q_learning,sparse_seed4,sparse,4,4a77b6e251,271,225,-11.250000000000025,-11.250000000000025,0.5812683668184261,0.15,0,out_of_energy,0,0,1,0,102,17,0,0,0,47,0.04110809230887137,0.0913625247580051,0.0,0.0,0.99,8,exponential
q_learning,sparse_seed4,sparse,4,4a77b6e251,272,225,-11.250000000000025,-11.250000000000025,0.5801058300847892,0.15,0,out_of_energy,0,0,1,0,101,25,0,0,0,44,0.04189095722003629,0.11467405909542339,0.0,0.0,0.99,8,exponential
q_learning,sparse_seed4,sparse,4,4a77b6e251,273,225,-11.250000000000025,-11.250000000000025,0.5789456184246197,0.15,0,out_of_energy,0,0,1,0,98,30,0,0,0,39,0.043406314526754274,0.1628144488715689,0.0,0.0,0.99,8,exponential
q_learning,sparse_seed4,sparse,4,4a77b6e251,274,225,-11.250000000000025,-11.250000000000025,0.5777877271877704,0.15,0,out_of_energy,0,0,1,0,86,13,4,0,0,42,0.04262079954000665,0.1395695873978512,0.0,0.0,0.99,8,exponential
q_learning,sparse_seed4,sparse,4,4a77b6e251,275,225,-11.250000000000025,-11.250000000000025,0.5766321517333949,0.15,0,out_of_energy,0,0,1,0,94,1,0,0,0,43,0.04211765942238925,0.12319523629132387,0.0,0.0,0.99,8,exponential
q_learning,sparse_seed4,sparse,4,4a77b6e251,276,225,-11.250000000000025,-11.250000000000025,0.5754788874299281,0.15,0,out_of_energy,0,0,1,0,114,1,0,0,0,48,0.04256019886160328,0.16688654908134348,0.0,0.0,0.99,8,exponential
q_learning,sparse_seed4,sparse,4,4a77b6e251,277,225,-11.250000000000025,-11.250000000000025,0.5743279296550683,0.15,0,out_of_energy,0,0,1,0,98,1,0,0,0,49,0.04252265581376496,0.10647514602955505,0.0,0.0,0.99,8,exponential
q_learning,sparse_seed4,sparse,4,4a77b6e251,278,225,-11.250000000000025,-11.250000000000025,0.5731792737957582,0.15,0,out_of_energy,0,0,1,0,98,27,0,0,0,50,0.043693983709466755,0.1330159766978664,0.0,0.0,0.99,8,exponential
q_learning,sparse_seed4,sparse,4,4a77b6e251,279,225,-11.250000000000025,-11.250000000000025,0.5720329152481667,0.15,0,out_of_energy,0,0,1,0,110,38,0,0,0,53,0.04212746643016928,0.1504635289093757,0.0,0.0,0.99,8,exponential
q_learning,sparse_seed4,sparse,4,4a77b6e251,280,225,-11.250000000000025,-11.250000000000025,0.5708888494176704,0.15,0,out_of_energy,0,0,1,0,95,20,0,0,0,45,0.04419393537940666,0.1366321209146567,0.0,0.0,0.99,8,exponential
q_learning,sparse_seed4,sparse,4,4a77b6e251,281,225,-11.250000000000025,-11.250000000000025,0.569747071718835,0.15,0,out_of_energy,0,0,1,0,98,5,3,0,0,59,0.04380128930084731,0.26943658408522025,0.0,0.0,0.99,8,exponential
q_learning,sparse_seed4,sparse,4,4a77b6e251,282,225,-11.250000000000025,-11.250000000000025,0.5686075775753973,0.15,0,out_of_energy,0,0,1,0,118,1,0,0,0,42,0.04392184615505392,0.11495893882878605,0.0,0.0,0.99,8,exponential
q_learning,sparse_seed4,sparse,4,4a77b6e251,283,225,-11.250000000000025,-11.250000000000025,0.5674703624202465,0.15,0,out_of_energy,0,0,1,0,121,2,0,0,0,49,0.043646279744946274,0.1500794521169183,0.0,0.0,0.99,8,exponential
q_learning,sparse_seed4,sparse,4,4a77b6e251,284,225,-11.250000000000025,-11.250000000000025,0.5663354216954061,0.15,0,out_of_energy,0,0,1,0,102,6,0,0,0,49,0.044814746236023474,0.14558012731685377,0.0,0.0,0.99,8,exponential
q_learning,sparse_seed4,sparse,4,4a77b6e251,285,225,-11.250000000000025,-11.250000000000025,0.5652027508520152,0.15,0,out_of_energy,0,0,1,0,99,33,0,0,0,49,0.04302107443554497,0.1343634542143446,0.0,0.0,0.99,8,exponential
q_learning,sparse_seed4,sparse,4,4a77b6e251,286,225,-11.250000000000025,-11.250000000000025,0.5640723453503111,0.15,0,out_of_energy,0,0,1,0,101,2,0,0,0,46,0.04211255089863036,0.1263160376126198,0.0,0.0,0.99,8,exponential
q_learning,sparse_seed4,sparse,4,4a77b6e251,287,225,-11.250000000000025,-11.250000000000025,0.5629442006596105,0.15,0,out_of_energy,0,0,1,0,84,12,0,0,0,42,0.04375256552327468,0.13341463981867274,0.0,0.0,0.99,8,exponential
q_learning,sparse_seed4,sparse,4,4a77b6e251,288,225,-11.250000000000025,-11.250000000000025,0.5618183122582913,0.15,0,out_of_energy,0,0,1,0,90,42,0,0,0,37,0.04298759035160474,0.1285872326222295,0.0,0.0,0.99,8,exponential
q_learning,sparse_seed4,sparse,4,4a77b6e251,289,225,-11.250000000000025,-11.250000000000025,0.5606946756337747,0.15,0,out_of_energy,0,0,1,0,107,24,0,0,0,49,0.042741389131872656,0.09219465720211348,0.0,0.0,0.99,8,exponential
q_learning,sparse_seed4,sparse,4,4a77b6e251,290,225,-11.250000000000025,-11.250000000000025,0.5595732862825071,0.15,0,out_of_energy,0,0,1,0,98,13,0,0,0,49,0.04254082120454355,0.1176035022061753,0.0,0.0,0.99,8,exponential
q_learning,sparse_seed4,sparse,4,4a77b6e251,291,225,-11.250000000000025,-11.250000000000025,0.5584541397099421,0.15,0,out_of_energy,0,0,1,0,112,8,0,0,0,52,0.04342861184087102,0.1295397202955972,0.0,0.0,0.99,8,exponential
q_learning,sparse_seed4,sparse,4,4a77b6e251,292,225,-11.250000000000025,-11.250000000000025,0.5573372314305222,0.15,0,out_of_energy,0,0,1,0,102,6,0,0,0,42,0.0416404661334388,0.14372590826974085,0.0,0.0,0.99,8,exponential
q_learning,sparse_seed4,sparse,4,4a77b6e251,293,225,-11.250000000000025,-11.250000000000025,0.5562225569676611,0.15,0,out_of_energy,0,0,1,0,90,19,6,0,0,52,0.04371935925979661,0.12334280518215171,0.0,0.0,0.99,8,exponential
q_learning,sparse_seed4,sparse,4,4a77b6e251,294,225,-11.250000000000025,-11.250000000000025,0.5551101118537257,0.15,0,out_of_energy,0,0,1,0,105,6,0,0,0,51,0.04228058298405389,0.09353133225799803,0.0,0.0,0.99,8,exponential
q_learning,sparse_seed4,sparse,4,4a77b6e251,295,225,-11.250000000000025,-11.250000000000025,0.5539998916300183,0.15,0,out_of_energy,0,0,1,0,94,8,0,0,0,46,0.04344354073205295,0.11532189432866904,0.0,0.0,0.99,8,exponential
q_learning,sparse_seed4,sparse,4,4a77b6e251,296,225,-11.250000000000025,-11.250000000000025,0.5528918918467582,0.15,0,out_of_energy,0,0,1,0,93,9,2,0,0,52,0.04301488126733135,0.14363197256465957,0.0,0.0,0.99,8,exponential
q_learning,sparse_seed4,sparse,4,4a77b6e251,297,225,-11.250000000000025,-11.250000000000025,0.5517861080630647,0.15,0,out_of_energy,0,0,1,0,102,16,0,0,0,38,0.04332180137352885,0.16050096899862087,0.0,0.0,0.99,8,exponential
q_learning,sparse_seed4,sparse,4,4a77b6e251,298,225,-11.250000000000025,-11.250000000000025,0.5506825358469386,0.15,0,out_of_energy,0,0,1,0,90,10,0,0,0,52,0.04195504004496759,0.10729831805491712,0.0,0.0,0.99,8,exponential
q_learning,sparse_seed4,sparse,4,4a77b6e251,299,225,-11.250000000000025,-11.250000000000025,0.5495811707752447,0.15,0,out_of_energy,0,0,1,0,91,1,0,0,0,56,0.042195775948952796,0.1543870815577936,0.0,0.0,0.99,8,exponential
q_learning,sparse_seed4,sparse,4,4a77b6e251,300,225,-11.250000000000025,-11.250000000000025,0.5484820084336942,0.15,0,out_of_energy,0,0,1,0,90,6,0,0,0,40,0.04193419178010151,0.09320598953218473,0.0,0.0,0.99,8,exponential
q_learning,sparse_seed4,sparse,4,4a77b6e251,301,225,-11.250000000000025,-11.250000000000025,0.5473850444168268,0.15,0,out_of_energy,0,0,1,0,101,1,0,0,0,56,0.043658028087999415,0.13097675976074094,0.0,0.0,0.99,8,exponential
q_learning,sparse_seed4,sparse,4,4a77b6e251,302,225,-11.250000000000025,-11.250000000000025,0.5462902743279932,0.15,0,out_of_energy,0,0,1,0,107,1,0,0,0,33,0.04260356169613207,0.1061430598106363,0.0,0.0,0.99,8,exponential
q_learning,sparse_seed4,sparse,4,4a77b6e251,303,225,-11.250000000000025,-11.250000000000025,0.5451976937793371,0.15,0,out_of_energy,0,0,1,0,102,5,0,0,0,59,0.042286260891659454,0.09759518186903532,0.0,0.0,0.99,8,exponential
q_learning,sparse_seed4,sparse,4,4a77b6e251,304,225,-11.250000000000025,-11.250000000000025,0.5441072983917784,0.15,0,out_of_energy,0,0,1,0,108,2,0,0,0,45,0.0422662383028799,0.17757283659947753,0.0,0.0,0.99,8,exponential
q_learning,sparse_seed4,sparse,4,4a77b6e251,305,225,-11.250000000000025,-11.250000000000025,0.5430190837949949,0.15,0,out_of_energy,0,0,1,0,87,20,0,0,0,48,0.04315825831099529,0.11223656374867882,0.0,0.0,0.99,8,exponential
q_learning,sparse_seed4,sparse,4,4a77b6e251,306,225,-11.250000000000025,-11.250000000000025,0.5419330456274049,0.15,0,out_of_energy,0,0,1,0,113,8,0,0,0,50,0.04331777536726322,0.11248177335975315,0.0,0.0,0.99,8,exponential
q_learning,sparse_seed4,sparse,4,4a77b6e251,307,225,-11.250000000000025,-11.250000000000025,0.5408491795361501,0.15,0,out_of_energy,0,0,1,0,106,2,0,0,0,39,0.04251828206952714,0.10465914579355586,0.0,0.0,0.99,8,exponential
q_learning,sparse_seed4,sparse,4,4a77b6e251,308,225,-11.250000000000025,-11.250000000000025,0.5397674811770777,0.15,0,out_of_energy,0,0,1,0,97,5,0,0,0,50,0.04337808958078994,0.18985894471906964,0.0,0.0,0.99,8,exponential
q_learning,sparse_seed4,sparse,4,4a77b6e251,309,225,-11.250000000000025,-11.250000000000025,0.5386879462147236,0.15,0,out_of_energy,0,0,1,0,94,6,0,0,0,52,0.04418090407168953,0.1288410133750514,0.0,0.0,0.99,8,exponential
q_learning,sparse_seed4,sparse,4,4a77b6e251,310,225,-11.250000000000025,-11.250000000000025,0.5376105703222942,0.15,0,out_of_energy,0,0,1,0,85,6,0,0,0,42,0.043653009838903765,0.11418090540181344,0.0,0.0,0.99,8,exponential
q_learning,sparse_seed4,sparse,4,4a77b6e251,311,225,-11.250000000000025,-11.250000000000025,0.5365353491816496,0.15,0,out_of_energy,0,0,1,0,106,26,0,0,0,42,0.04292966040592985,0.14263215869024387,0.0,0.0,0.99,8,exponential
q_learning,sparse_seed4,sparse,4,4a77b6e251,312,225,-11.250000000000025,-11.250000000000025,0.5354622784832863,0.15,0,out_of_energy,0,0,1,0,126,2,0,0,0,45,0.04392323416157306,0.13734359629042475,0.0,0.0,0.99,8,exponential
q_learning,sparse_seed4,sparse,4,4a77b6e251,313,225,-1.2500000000000169,-11.150000000000025,0.5343913539263198,0.15,0,out_of_energy,0,0,1,0,103,5,0,0,1,44,0.08694400652778382,8.4426611375,0.0,0.0,0.99,8,exponential
q_learning,sparse_seed4,sparse,4,4a77b6e251,314,225,-11.250000000000025,-11.150000000000025,0.5333225712184672,0.15,0,out_of_energy,0,0,1,0,117,2,0,0,0,38,0.042179252321707494,0.08287728036168915,0.0,0.0,0.99,8,exponential
q_learning,sparse_seed4,sparse,4,4a77b6e251,315,225,-1.2500000000000229,-11.050000000000026,0.5322559260760302,0.15,0,out_of_energy,0,0,1,0,106,8,0,0,1,41,0.08540400527509424,7.148607726246382,0.0,0.0,0.99,8,exponential
q_learning,sparse_seed4,sparse,4,4a77b6e251,316,225,-1.2499999999999822,-10.950000000000024,0.5311914142238782,0.15,0,out_of_energy,0,0,1,0,97,21,0,0,1,47,0.08887264051100338,9.95,0.0,0.0,0.99,8,exponential
q_learning,sparse_seed4,sparse,4,4a77b6e251,317,225,-11.250000000000025,-10.950000000000024,0.5301290313954304,0.15,0,out_of_energy,0,0,1,0,117,12,0,0,0,44,0.0431564014476412,0.1338532225349806,0.0,0.0,0.99,8,exponential
q_learning,sparse_seed4,sparse,4,4a77b6e251,318,225,-11.250000000000025,-10.950000000000024,0.5290687733326396,0.15,0,out_of_energy,0,0,1,0,111,2,0,0,0,46,0.04341249070912541,0.12070576280780615,0.0,0.0,0.99,8,exponential
q_learning,sparse_seed4,sparse,4,4a77b6e251,319,225,-11.250000000000025,-10.950000000000024,0.5280106357859743,0.15,0,out_of_energy,0,0,1,0,105,2,0,0,0,47,0.04310527478282371,0.14091650685952176,0.0,0.0,0.99,8,exponential
q_learning,sparse_seed4,sparse,4,4a77b6e251,320,225,-11.250000000000025,-10.950000000000024,0.5269546145144024,0.15,0,out_of_energy,0,0,1,0,91,20,2,0,0,50,0.043378952866551704,0.12344837624942906,0.0,0.0,0.99,8,exponential
q_learning,sparse_seed4,sparse,4,4a77b6e251,321,225,-11.250000000000025,-10.950000000000022,0.5259007052853736,0.15,0,out_of_energy,0,0,1,0,96,14,0,0,0,60,0.044051221625746886,0.19137574045697892,0.0,0.0,0.99,8,exponential
q_learning,sparse_seed4,sparse,4,4a77b6e251,322,225,-11.250000000000025,-10.950000000000024,0.5248489038748029,0.15,0,out_of_energy,0,0,1,0,107,6,0,0,0,48,0.04355930350711696,0.14738258307437554,0.0,0.0,0.99,8,exponential
q_learning,sparse_seed4,sparse,4,4a77b6e251,323,225,-11.250000000000025,-10.950000000000022,0.5237992060670532,0.15,0,out_of_energy,0,0,1,0,95,1,0,0,0,50,0.043360250083400755,0.1333976025687852,0.0,0.0,0.99,8,exponential
q_learning,sparse_seed4,sparse,4,4a77b6e251,324,225,-11.250000000000025,-10.950000000000024,0.5227516076549191,0.15,0,out_of_energy,0,0,1,0,108,13,0,0,0,42,0.041745743396641694,0.08758631682613588,0.0,0.0,0.99,8,exponential
q_learning,sparse_seed4,sparse,4,4a77b6e251,325,225,-11.250000000000025,-10.950000000000022,0.5217061044396093,0.15,0,out_of_energy,0,0,1,0,97,3,0,0,0,45,0.041779186012765354,0.1444176022299281,0.0,0.0,0.99,8,exponential
q_learning,sparse_seed4,sparse,4,4a77b6e251,326,225,-11.250000000000025,-10.950000000000024,0.52066269223073,0.15,0,out_of_energy,0,0,1,0,89,9,5,0,0,53,0.04485114080861444,0.1525448864800031,0.0,0.0,0.99,8,exponential
q_learning,sparse_seed4,sparse,4,4a77b6e251,327,225,-11.250000000000025,-10.950000000000022,0.5196213668462686,0.15,0,out_of_energy,0,0,1,0,105,25,1,0,0,36,0.04413022537417526,0.14348255287666606,0.0,0.0,0.99,8,exponential
q_learning,sparse_seed4,sparse,4,4a77b6e251,328,225,-11.250000000000025,-10.950000000000024,0.5185821241125761,0.15,0,out_of_energy,0,0,1,0,86,17,0,0,0,49,0.04342245214327175,0.20569493856197318,0.0,0.0,0.99,8,exponential
q_learning,sparse_seed4,sparse,4,4a77b6e251,329,225,-11.250000000000025,-10.950000000000022,0.5175449598643509,0.15,0,out_of_energy,0,0,1,0,105,0,0,0,0,45,0.04322977419384224,0.15031258575513806,0.0,0.0,0.99,8,exponential
q_learning,sparse_seed4,sparse,4,4a77b6e251,330,225,-11.250000000000025,-10.950000000000024,0.5165098699446222,0.15,0,out_of_energy,0,0,1,0,87,14,2,0,0,43,0.04464049581566585,0.17741988916678125,0.0,0.0,0.99,8,exponential
q_learning,sparse_seed4,sparse,4,4a77b6e251,331,225,-11.250000000000025,-10.950000000000022,0.515476850204733,0.15,0,out_of_energy,0,0,1,0,94,11,0,0,0,41,0.04257703021175123,0.19436757131525603,0.0,0.0,0.99,8,exponential
q_learning,sparse_seed4,sparse,4,4a77b6e251,332,225,-11.250000000000025,-10.950000000000024,0.5144458965043235,0.15,0,out_of_energy,0,0,1,0,95,7,0,0,0,47,0.04147182282505973,0.13830563093374415,0.0,0.0,0.99,8,exponential
q_learning,sparse_seed4,sparse,4,4a77b6e251,333,225,-11.250000000000025,-10.950000000000022,0.5134170047113148,0.15,0,out_of_energy,0,0,1,0,107,9,0,0,0,49,0.044473441832699225,0.17969459903221857,0.0,0.0,0.99,8,exponential
q_learning,sparse_seed4,sparse,4,4a77b6e251,334,225,-11.250000000000025,-10.950000000000024,0.5123901707018922,0.15,0,out_of_energy,0,0,1,0,102,5,0,0,0,45,0.042947466330408045,0.14152895097156604,0.0,0.0,0.99,8,exponential
q_learning,sparse_seed4,sparse,4,4a77b6e251,335,225,-11.250000000000025,-10.950000000000022,0.5113653903604884,0.15,0,out_of_energy,0,0,1,0,99,22,0,0,0,43,0.042657999244875386,0.19920463281764075,0.0,0.0,0.99,8,exponential
q_learning,sparse_seed4,sparse,4,4a77b6e251,336,225,-11.250000000000025,-10.950000000000024,0.5103426595797674,0.15,0,out_of_energy,0,0,1,0,97,18,0,0,0,54,0.04171377099049705,0.10066291332115324,0.0,0.0,0.99,8,exponential
q_learning,sparse_seed4,sparse,4,4a77b6e251,337,225,-11.250000000000025,-10.950000000000022,0.5093219742606079,0.15,0,out_of_energy,0,0,1,0,106,14,0,0,0,53,0.044122423194861655,0.15666152709024433,0.0,0.0,0.99,8,exponential
q_learning,sparse_seed4,sparse,4,4a77b6e251,338,225,-11.250000000000025,-10.950000000000024,0.5083033303120866,0.15,0,out_of_energy,0,0,1,0,111,17,0,0,0,38,0.04399021541134719,0.19802580672774123,0.0,0.0,0.99,8,exponential
q_learning,sparse_seed4,sparse,4,4a77b6e251,339,225,-11.250000000000025,-10.950000000000022,0.5072867236514624,0.15,0,out_of_energy,0,0,1,0,102,20,1,0,0,38,0.04260187455488512,0.20830378693207174,0.0,0.0,0.99,8,exponential
q_learning,sparse_seed4,sparse,4,4a77b6e251,340,225,-11.250000000000025,-10.950000000000024,0.5062721502041595,0.15,0,out_of_energy,0,0,1,0,107,2,0,0,0,49,0.04267530458280656,0.16513854058342864,0.0,0.0,0.99,8,exponential
q_learning,sparse_seed4,sparse,4,4a77b6e251,341,225,-11.250000000000025,-10.950000000000022,0.5052596059037512,0.15,0,out_of_energy,0,0,1,0,90,11,0,0,0,41,0.04344873746559246,0.11546329348251308,0.0,0.0,0.99,8,exponential
q_learning,sparse_seed4,sparse,4,4a77b6e251,342,225,-11.250000000000025,-10.950000000000024,0.5042490866919437,0.15,0,out_of_energy,0,0,1,0,106,3,0,0,0,45,0.04389659753397451,0.16674651160667842,0.0,0.0,0.99,8,exponential
q_learning,sparse_seed4,sparse,4,4a77b6e251,343,225,-11.250000000000025,-10.950000000000022,0.5032405885185598,0.15,0,out_of_energy,0,0,1,0,93,15,2,0,0,42,0.04448647524756877,0.24160531362507004,0.0,0.0,0.99,8,exponential
q_learning,sparse_seed4,sparse,4,4a77b6e251,344,225,-11.250000000000025,-10.950000000000024,0.5022341073415226,0.15,0,out_of_energy,0,0,1,0,93,1,0,0,0,51,0.04241985027717347,0.16660349518577283,0.0,0.0,0.99,8,exponential
q_learning,sparse_seed4,sparse,4,4a77b6e251,345,225,-11.250000000000025,-10.950000000000022,0.5012296391268396,0.15,0,out_of_energy,0,0,1,0,98,21,0,0,0,49,0.04340083870306325,0.1288761409918714,0.0,0.0,0.99,8,exponential
q_learning,sparse_seed4,sparse,4,4a77b6e251,346,225,-1.2499999999999878,-10.850000000000025,0.5002271798485859,0.15,0,out_of_energy,0,0,1,0,112,7,0,0,1,46,0.09302216596812994,8.4575,0.0,0.0,0.99,8,exponential
q_learning,sparse_seed4,sparse,4,4a77b6e251,347,225,-1.2500000000000162,-10.750000000000023,0.4992267254888887,0.15,0,out_of_energy,0,0,1,0,102,3,0,0,1,57,0.1180529213907009,9.90437031633487,0.0,0.0,0.99,8,exponential
q_learning,sparse_seed4,sparse,4,4a77b6e251,348,225,-11.250000000000025,-10.750000000000025,0.4982282720379109,0.15,0,out_of_energy,0,0,1,0,108,5,0,0,0,42,0.042824511417118724,0.12897693491117693,0.0,0.0,0.99,8,exponential
q_learning,sparse_seed4,sparse,4,4a77b6e251,349,225,-11.250000000000025,-10.750000000000023,0.4972318154938351,0.15,0,out_of_energy,0,0,1,0,92,10,0,0,0,43,0.04367216892892759,0.18601766772080983,0.0,0.0,0.99,8,exponential
q_learning,sparse_seed4,sparse,4,4a77b6e251,350,225,-11.250000000000025,-10.750000000000025,0.49623735186284745,0.15,0,out_of_energy,0,0,1,0,102,6,0,0,0,43,0.04079334500920022,0.0856523179629968,0.0,0.0,0.99,8,exponential
q_learning,sparse_seed4,sparse,4,4a77b6e251,351,225,-11.250000000000025,-10.750000000000023,0.49524487715912174,0.15,0,out_of_energy,0,0,1,0,94,18,0,0,0,47,0.0426438584453301,0.18268210607880347,0.0,0.0,0.99,8,exponential
q_learning,sparse_seed4,sparse,4,4a77b6e251,352,225,-11.250000000000025,-10.750000000000025,0.4942543874048035,0.15,0,out_of_energy,0,0,1,0,105,3,0,0,0,52,0.041437543480703956,0.0960750446101078,0.0,0.0,0.99,8,exponential
q_learning,sparse_seed4,sparse,4,4a77b6e251,353,225,-11.250000000000025,-10.750000000000023,0.4932658786299939,0.15,0,out_of_energy,0,0,1,0,102,24,2,0,0,50,0.04323891188573066,0.16324582331077073,0.0,0.0,0.99,8,exponential
q_learning,sparse_seed4,sparse,4,4a77b6e251,354,225,-11.250000000000025,-10.750000000000025,0.4922793468727339,0.15,0,out_of_energy,0,0,1,0,121,5,0,0,0,33,0.044159806568558106,0.1510508765100799,0.0,0.0,0.99,8,exponential
q_learning,sparse_seed4,sparse,4,4a77b6e251,355,225,-11.250000000000025,-10.750000000000023,0.4912947881789884,0.15,0,out_of_energy,0,0,1,0,95,7,0,0,0,41,0.04198324730124971,0.12273852232491951,0.0,0.0,0.99,8,exponential
q_learning,sparse_seed4,sparse,4,4a77b6e251,356,225,-11.250000000000025,-10.750000000000025,0.4903121986026304,0.15,0,out_of_energy,0,0,1,0,91,16,2,0,0,39,0.042988865320167546,0.14327208368952,0.0,0.0,0.99,8,exponential
q_learning,sparse_seed4,sparse,4,4a77b6e251,357,225,-11.250000000000025,-10.750000000000023,0.48933157420542517,0.15,0,out_of_energy,0,0,1,0,107,24,0,0,0,40,0.04394655072436652,0.25186792277427805,0.0,0.0,0.99,8,exponential
q_learning,sparse_seed4,sparse,4,4a77b6e251,358,225,-11.250000000000025,-10.750000000000025,0.48835291105701434,0.15,0,out_of_energy,0,0,1,0,95,13,2,0,0,47,0.0438578504771696,0.19989266772080982,0.0,0.0,0.99,8,exponential
q_learning,sparse_seed4,sparse,4,4a77b6e251,359,225,-11.250000000000025,-10.750000000000023,0.48737620523490033,0.15,0,out_of_energy,0,0,1,0,95,24,1,0,0,43,0.0426684772579765,0.11913969453731879,0.0,0.0,0.99,8,exponential
q_learning,sparse_seed4,sparse,4,4a77b6e251,360,225,-11.250000000000025,-10.750000000000025,0.48640145282443054,0.15,0,out_of_energy,0,0,1,0,98,2,0,0,0,42,0.043394574521903435,0.26724282237141467,0.0,0.0,0.99,8,exponential
q_learning,sparse_seed4,sparse,4,4a77b6e251,361,225,-11.250000000000025,-10.750000000000023,0.48542864991878165,0.15,0,out_of_energy,0,0,1,0,106,11,0,0,0,50,0.04397241548736805,0.264633710674622,0.0,0.0,0.99,8,exponential
q_learning,sparse_seed4,sparse,4,4a77b6e251,362,225,-11.250000000000025,-10.750000000000025,0.48445779261894406,0.15,0,out_of_energy,0,0,1,0,97,21,0,0,0,40,0.04365556233298517,0.15952093013191715,0.0,0.0,0.99,8,exponential
q_learning,sparse_seed4,sparse,4,4a77b6e251,363,225,-11.250000000000025,-10.750000000000023,0.4834888770337062,0.15,0,out_of_energy,0,0,1,0,97,32,0,0,0,39,0.042646358434453836,0.18258133544221616,0.0,0.0,0.99,8,exponential
q_learning,sparse_seed4,sparse,4,4a77b6e251,364,225,-11.250000000000025,-10.750000000000025,0.4825218992796388,0.15,0,out_of_energy,0,0,1,0,107,15,0,0,0,40,0.04192740626860309,0.08309671744443732,0.0,0.0,0.99,8,exponential
q_learning,sparse_seed4,sparse,4,4a77b6e251,365,225,-11.250000000000025,-10.750000000000023,0.4815568554810795,0.15,0,out_of_energy,0,0,1,0,99,7,0,0,0,54,0.04341387280653382,0.23180712973808465,0.0,0.0,0.99,8,exponential
q_learning,sparse_seed4,sparse,4,4a77b6e251,366,225,-11.250000000000025,-10.750000000000025,0.4805937417701174,0.15,0,out_of_energy,0,0,1,0,100,52,0,0,0,48,0.043672067686545885,0.12309157200669052,0.0,0.0,0.99,8,exponential
q_learning,sparse_seed4,sparse,4,4a77b6e251,367,225,-11.250000000000025,-10.750000000000023,0.47963255428657714,0.15,0,out_of_energy,0,0,1,0,81,17,4,0,0,41,0.04370018043362893,0.22786237310539537,0.0,0.0,0.99,8,exponential
q_learning,sparse_seed4,sparse,4,4a77b6e251,368,225,-11.250000000000025,-10.750000000000023,0.478673289178004,0.15,0,out_of_energy,0,0,1,0,87,12,0,0,0,62,0.044400731874266436,0.23864782565921144,0.0,0.0,0.99,8,exponential
q_learning,sparse_seed4,sparse,4,4a77b6e251,369,225,-11.250000000000025,-10.750000000000023,0.477715942599648,0.15,0,out_of_energy,0,0,1,0,101,9,0,0,0,50,0.04326932348491751,0.09634503487073298,0.0,0.0,0.99,8,exponential
q_learning,sparse_seed4,sparse,4,4a77b6e251,370,225,-11.250000000000025,-10.750000000000025,0.4767605107144487,0.15,0,out_of_energy,0,0,1,0,102,10,0,0,0,40,0.04351080580241098,0.17442981640164376,0.0,0.0,0.99,8,exponential
q_learning,sparse_seed4,sparse,4,4a77b6e251,371,225,-11.250000000000025,-10.750000000000023,0.4758069896930198,0.15,0,out_of_energy,0,0,1,0,94,9,0,0,0,50,0.044304780844677136,0.23063263966220748,0.0,0.0,0.99,8,exponential
q_learning,sparse_seed4,sparse,4,4a77b6e251,372,225,-11.250000000000025,-10.750000000000023,0.4748553757136338,0.15,0,out_of_energy,0,0,1,0,82,27,1,0,0,45,0.044149894109959356,0.13974516143337215,0.0,0.0,0.99,8,exponential
q_learning,sparse_seed4,sparse,4,4a77b6e251,373,225,-11.250000000000025,-10.750000000000023,0.47390566496220654,0.15,0,out_of_energy,0,0,1,0,113,3,0,0,0,43,0.04341042919044551,0.14669895808404015,0.0,0.0,0.99,8,exponential
q_learning,sparse_seed4,sparse,4,4a77b6e251,374,225,-11.250000000000025,-10.750000000000025,0.47295785363228215,0.15,0,out_of_energy,0,0,1,0,103,17,0,0,0,49,0.04266609939078478,0.15938674134697722,0.0,0.0,0.99,8,exponential
q_learning,sparse_seed4,sparse,4,4a77b6e251,375,225,-11.250000000000025,-10.750000000000023,0.4720119379250176,0.15,0,out_of_energy,0,0,1,0,114,18,0,0,0,44,0.04326129045534079,0.11829979395465817,0.0,0.0,0.99,8,exponential
q_learning,sparse_seed4,sparse,4,4a77b6e251,376,225,-11.250000000000025,-10.750000000000023,0.4710679140491676,0.15,0,out_of_energy,0,0,1,0,92,22,0,0,0,45,0.04384997124705471,0.1490356380374026,0.0,0.0,0.99,8,exponential
q_learning,sparse_seed4,sparse,4,4a77b6e251,377,225,-11.250000000000025,-10.750000000000023,0.47012577822106927,0.15,0,out_of_energy,0,0,1,0,110,2,0,0,0,56,0.04218289816766591,0.07130464483879208,0.0,0.0,0.99,8,exponential
q_learning,sparse_seed4,sparse,4,4a77b6e251,378,225,-11.250000000000025,-10.750000000000025,0.46918552666462715,0.15,0,out_of_energy,0,0,1,0,101,28,0,0,0,44,0.043193039679550224,0.1912532726409756,0.0,0.0,0.99,8,exponential
q_learning,sparse_seed4,sparse,4,4a77b6e251,379,225,-11.250000000000025,-10.750000000000023,0.46824715561129787,0.15,0,out_of_energy,0,0,1,0,110,3,0,0,0,49,0.04252441910776118,0.10503761624825608,0.0,0.0,0.99,8,exponential
q_learning,sparse_seed4,sparse,4,4a77b6e251,380,225,-11.250000000000025,-10.750000000000023,0.46731066130007526,0.15,0,out_of_energy,0,0,1,0,100,5,0,0,0,52,0.043710814949861114,0.243802394654211,0.0,0.0,0.99,8,exponential
q_learning,sparse_seed4,sparse,4,4a77b6e251,381,225,-11.250000000000025,-10.750000000000023,0.4663760399774751,0.15,0,out_of_energy,0,0,1,0,87,11,0,0,0,47,0.043550366982674074,0.1176294848382769,0.0,0.0,0.99,8,exponential
q_learning,sparse_seed4,sparse,4,4a77b6e251,382,225,-11.250000000000025,-10.750000000000025,0.46544328789752015,0.15,0,out_of_energy,0,0,1,0,91,19,3,0,0,47,0.04484158162572608,0.20436257645144057,0.0,0.0,0.99,8,exponential
q_learning,sparse_seed4,sparse,4,4a77b6e251,383,225,-11.250000000000025,-10.750000000000023,0.4645124013217251,0.15,0,out_of_energy,0,0,1,0,89,3,0,0,0,52,0.04414928347747328,0.13613806985662838,0.0,0.0,0.99,8,exponential
q_learning,sparse_seed4,sparse,4,4a77b6e251,384,225,-11.250000000000025,-10.750000000000023,0.46358337651908166,0.15,0,out_of_energy,0,0,1,0,102,9,0,0,0,61,0.04259200287847335,0.09768208957151153,0.0,0.0,0.99,8,exponential
q_learning,sparse_seed4,sparse,4,4a77b6e251,385,225,-1.2500000000000098,-10.650000000000023,0.4626562097660435,0.15,0,out_of_energy,0,0,1,0,105,11,0,0,1,52,0.09505033889987229,6.073179986772912,0.0,0.0,0.99,8,exponential
q_learning,sparse_seed4,sparse,4,4a77b6e251,386,225,-11.250000000000025,-10.650000000000025,0.4617308973465114,0.15,0,out_of_energy,0,0,1,0,87,25,0,0,0,54,0.04441121304826431,0.1941392170894446,0.0,0.0,0.99,8,exponential
q_learning,sparse_seed4,sparse,4,4a77b6e251,387,225,-11.250000000000025,-10.650000000000023,0.46080743555181836,0.15,0,out_of_energy,0,0,1,0,94,10,5,0,0,39,0.04301110790337382,0.10593247959464813,0.0,0.0,0.99,8,exponential
q_learning,sparse_seed4,sparse,4,4a77b6e251,388,225,-11.250000000000025,-10.650000000000023,0.4598858206807147,0.15,0,out_of_energy,0,0,1,0,118,9,0,0,0,55,0.04370128465324182,0.20307152654609867,0.0,0.0,0.99,8,exponential
q_learning,sparse_seed4,sparse,4,4a77b6e251,389,225,-11.250000000000025,-10.650000000000025,0.4589660490393533,0.15,0,out_of_energy,0,0,1,0,92,6,0,0,0,60,0.04444577070904328,0.13849326954638558,0.0,0.0,0.99,8,exponential
q_learning,sparse_seed4,sparse,4,4a77b6e251,390,225,-11.250000000000025,-10.650000000000025,0.45804811694127456,0.15,0,out_of_energy,0,0,1,0,99,29,0,0,0,38,0.0437963762176414,0.15868884626036295,0.0,0.0,0.99,8,exponential
q_learning,sparse_seed4,sparse,4,4a77b6e251,391,225,-11.250000000000025,-10.650000000000025,0.457132020707392,0.15,0,out_of_energy,0,0,1,0,90,16,0,0,0,41,0.04503871519909219,0.1360861651025054,0.0,0.0,0.99,8,exponential
q_learning,sparse_seed4,sparse,4,4a77b6e251,392,225,-11.250000000000025,-10.650000000000025,0.45621775666597725,0.15,0,out_of_energy,0,0,1,0,90,10,0,0,0,35,0.04388713878873961,0.1386704071934449,0.0,0.0,0.99,8,exponential
q_learning,sparse_seed4,sparse,4,4a77b6e251,393,225,-11.250000000000025,-10.650000000000025,0.45530532115264527,0.15,0,out_of_energy,0,0,1,0,106,15,0,0,0,42,0.04445785841529338,0.14060250806936544,0.0,0.0,0.99,8,exponential
q_learning,sparse_seed4,sparse,4,4a77b6e251,394,225,-11.250000000000025,-10.650000000000025,0.45439471051033997,0.15,0,out_of_energy,0,0,1,0,96,5,0,0,0,48,0.04368234232525595,0.1911903231019973,0.0,0.0,0.99,8,exponential
q_learning,sparse_seed4,sparse,4,4a77b6e251,395,225,-11.250000000000025,-10.650000000000025,0.4534859210893193,0.15,0,out_of_energy,0,0,1,0,103,13,0,0,0,40,0.04382482408333416,0.27105891315598146,0.0,0.0,0.99,8,exponential
q_learning,sparse_seed4,sparse,4,4a77b6e251,396,225,-11.250000000000025,-10.650000000000025,0.45257894924714065,0.15,0,out_of_energy,0,0,1,0,101,27,0,0,0,48,0.04386336167666365,0.15318282724397358,0.0,0.0,0.99,8,exponential
q_learning,sparse_seed4,sparse,4,4a77b6e251,397,225,-11.250000000000025,-10.650000000000025,0.4516737913486464,0.15,0,out_of_energy,0,0,1,0,99,17,2,0,0,43,0.04525131452811807,0.2072416751545043,0.0,0.0,0.99,8,exponential
q_learning,sparse_seed4,sparse,4,4a77b6e251,398,225,-11.250000000000025,-10.650000000000025,0.4507704437659491,0.15,0,out_of_energy,0,0,1,0,99,11,1,0,0,42,0.044274586780680004,0.11836713842057428,0.0,0.0,0.99,8,exponential
q_learning,sparse_seed4,sparse,4,4a77b6e251,399,225,-11.250000000000025,-10.650000000000025,0.4498689028784172,0.15,0,out_of_energy,0,0,1,0,100,1,0,0,0,43,0.04414950206457196,0.23161533677336088,0.0,0.0,0.99,8,exponential
q_learning,sparse_seed4,sparse,4,4a77b6e251,400,225,-11.250000000000025,-10.650000000000025,0.4489691650726603,0.15,0,out_of_energy,0,0,1,0,100,34,0,0,0,36,0.044645088005131325,0.15556522955514812,0.0,0.0,0.99,8,exponential
q_learning,sparse_seed4,sparse,4,4a77b6e251,401,225,-11.250000000000025,-10.650000000000025,0.448071226742515,0.15,0,out_of_energy,0,0,1,0,84,4,0,0,0,46,0.04396324976305258,0.24419825718006616,0.0,0.0,0.99,8,exponential
q_learning,sparse_seed4,sparse,4,4a77b6e251,402,225,-11.250000000000025,-10.650000000000025,0.44717508428902997,0.15,0,out_of_energy,0,0,1,0,92,1,0,0,0,39,0.04490717581746626,0.20998756368506077,0.0,0.0,0.99,8,exponential
q_learning,sparse_seed4,sparse,4,4a77b6e251,403,225,-11.250000000000025,-10.650000000000025,0.4462807341204519,0.15,0,out_of_energy,0,0,1,0,105,3,0,0,0,39,0.043102934976996334,0.19330539622765433,0.0,0.0,0.99,8,exponential
q_learning,sparse_seed4,sparse,4,4a77b6e251,404,225,-1.2499999999999878,-10.550000000000026,0.445388172652211,0.15,0,out_of_energy,0,0,1,0,105,15,0,0,1,47,0.10077569788905691,7.159241758200059,0.0,0.0,0.99,8,exponential
q_learning,sparse_seed4,sparse,4,4a77b6e251,405,225,-11.250000000000025,-10.550000000000026,0.44449739630690654,0.15,0,out_of_energy,0,0,1,0,102,2,0,0,0,39,0.043906598353751165,0.1830906741563281,0.0,0.0,0.99,8,exponential
q_learning,sparse_seed4,sparse,4,4a77b6e251,406,225,-11.250000000000025,-10.550000000000026,0.4436084015142927,0.15,0,out_of_energy,0,0,1,0,98,11,0,0,0,38,0.043847020605262375,0.255478904087621,0.0,0.0,0.99,8,exponential
q_learning,sparse_seed4,sparse,4,4a77b6e251,407,225,-1.2499999999999851,-10.450000000000024,0.4427211847112641,0.15,0,out_of_energy,0,0,1,0,97,22,0,0,1,40,0.10173939813252666,9.958600976736744,0.0,0.0,0.99,8,exponential
q_learning,sparse_seed4,sparse,4,4a77b6e251,408,225,-11.250000000000025,-10.450000000000024,0.4418357423418416,0.15,0,out_of_energy,0,0,1,0,86,13,1,0,0,52,0.044125148612609244,0.20287196225727602,0.0,0.0,0.99,8,exponential
q_learning,sparse_seed4,sparse,4,4a77b6e251,409,225,-11.250000000000025,-10.450000000000024,0.44095207085715793,0.15,0,out_of_energy,0,0,1,0,86,21,2,0,0,50,0.04305837747457477,0.13202810806495463,0.0,0.0,0.99,8,exponential
q_learning,sparse_seed4,sparse,4,4a77b6e251,410,225,-11.250000000000025,-10.450000000000024,0.44007016671544363,0.15,0,out_of_energy,0,0,1,0,101,17,0,0,0,42,0.04361227380846251,0.19805478371424956,0.0,0.0,0.99,8,exponential
q_learning,sparse_seed4,sparse,4,4a77b6e251,411,225,-11.250000000000025,-10.450000000000024,0.43919002638201277,0.15,0,out_of_energy,0,0,1,0,92,13,0,0,0,46,0.04291625193375119,0.09842569203148517,0.0,0.0,0.99,8,exponential
q_learning,sparse_seed4,sparse,4,4a77b6e251,412,225,-1.2500000000000209,-10.350000000000023,0.43831164632924874,0.15,0,out_of_energy,0,0,1,0,100,2,0,0,1,35,0.0852682151503553,5.1335078477472535,0.0,0.0,0.99,8,exponential
q_learning,sparse_seed4,sparse,4,4a77b6e251,413,225,-1.2499999999999931,-10.350000000000023,0.43743502303659026,0.15,0,out_of_energy,0,0,1,0,116,16,0,0,1,46,0.0940983364139753,6.070244895493968,0.0,0.0,0.99,8,exponential
q_learning,sparse_seed4,sparse,4,4a77b6e251,414,225,-1.2500000000000084,-10.250000000000023,0.4365601529905171,0.15,0,out_of_energy,0,0,1,0,107,7,0,0,1,38,0.10197187865343611,4.334961602006113,0.0,0.0,0.99,8,exponential
q_learning,sparse_seed4,sparse,4,4a77b6e251,415,225,-11.250000000000025,-10.350000000000025,0.43568703268453607,0.15,0,out_of_energy,0,0,1,0,87,17,0,0,0,38,0.04414063563483627,0.25756578558374954,0.0,0.0,0.99,8,exponential
q_learning,sparse_seed4,sparse,4,4a77b6e251,416,225,-11.250000000000025,-10.450000000000022,0.434815658619167,0.15,0,out_of_energy,0,0,1,0,113,21,0,0,0,48,0.04363746321777738,0.2120510175445677,0.0,0.0,0.99,8,exponential
q_learning,sparse_seed4,sparse,4,4a77b6e251,417,225,-11.250000000000025,-10.450000000000022,0.43394602730192866,0.15,0,out_of_energy,0,0,1,0,83,12,0,0,0,48,0.04427131585462113,0.1659199862459472,0.0,0.0,0.99,8,exponential
q_learning,sparse_seed4,sparse,4,4a77b6e251,418,225,-11.250000000000025,-10.450000000000022,0.4330781352473248,0.15,0,out_of_energy,0,0,1,0,89,3,1,0,0,56,0.04385572497083222,0.16933903543938106,0.0,0.0,0.99,8,exponential
q_learning,sparse_seed4,sparse,4,4a77b6e251,419,225,-11.250000000000025,-10.450000000000024,0.43221197897683017,0.15,0,out_of_energy,0,0,1,0,96,12,0,0,0,38,0.043827613451250906,0.18387947356709397,0.0,0.0,0.99,8,exponential
q_learning,sparse_seed4,sparse,4,4a77b6e251,420,225,-11.250000000000025,-10.450000000000022,0.4313475550188765,0.15,0,out_of_energy,0,0,1,0,116,1,0,0,0,37,0.043133651520522225,0.16509408862091213,0.0,0.0,0.99,8,exponential
q_learning,sparse_seed4,sparse,4,4a77b6e251,421,225,-11.250000000000025,-10.450000000000024,0.4304848599088387,0.15,0,out_of_energy,0,0,1,0,110,42,0,0,0,47,0.04366479096619124,0.17154224725456851,0.0,0.0,0.99,8,exponential
q_learning,sparse_seed4,sparse,4,4a77b6e251,422,225,-11.250000000000025,-10.450000000000022,0.42962389018902103,0.15,0,out_of_energy,0,0,1,0,96,1,1,0,0,44,0.04353448486759706,0.18588127704786014,0.0,0.0,0.99,8,exponential
q_learning,sparse_seed4,sparse,4,4a77b6e251,423,225,-11.250000000000025,-10.450000000000024,0.428764642408643,0.15,0,out_of_energy,0,0,1,0,90,24,0,0,0,32,0.04321289075077748,0.21417472778478805,0.0,0.0,0.99,8,exponential
q_learning,sparse_seed4,sparse,4,4a77b6e251,424,225,-11.250000000000025,-10.450000000000022,0.4279071131238257,0.15,0,out_of_energy,0,0,1,0,90,10,0,0,0,42,0.04496097513682857,0.2685125630825121,0.0,0.0,0.99,8,exponential
q_learning,sparse_seed4,sparse,4,4a77b6e251,425,225,-11.250000000000025,-10.450000000000024,0.42705129889757804,0.15,0,out_of_energy,0,0,1,0,114,8,0,0,0,44,0.04348397205653217,0.16830970648230592,0.0,0.0,0.99,8,exponential
q_learning,sparse_seed4,sparse,4,4a77b6e251,426,225,-11.250000000000025,-10.450000000000022,0.42619719629978287,0.15,0,out_of_energy,0,0,1,0,86,20,2,0,0,49,0.04335970045009116,0.1268471899867798,0.0,0.0,0.99,8,exponential
q_learning,sparse_seed4,sparse,4,4a77b6e251,427,225,-11.250000000000025,-10.450000000000024,0.4253448019071833,0.15,0,out_of_energy,0,0,1,0,100,20,0,0,0,37,0.04380739934946887,0.18289379489836363,0.0,0.0,0.99,8,exponential
q_learning,sparse_seed4,sparse,4,4a77b6e251,428,225,-11.250000000000025,-10.450000000000022,0.424494112303369,0.15,0,out_of_energy,0,0,1,0,109,15,0,0,0,48,0.043690255339108225,0.11859176056514513,0.0,0.0,0.99,8,exponential
q_learning,sparse_seed4,sparse,4,4a77b6e251,429,225,-11.250000000000025,-10.450000000000024,0.42364512407876226,0.15,0,out_of_energy,0,0,1,0,95,16,0,0,0,36,0.04453961978012185,0.27217916505638073,0.0,0.0,0.99,8,exponential
q_learning,sparse_seed4,sparse,4,4a77b6e251,430,225,-1.2500000000000162,-10.350000000000023,0.4227978338306047,0.15,0,out_of_energy,0,0,1,0,91,11,0,0,1,49,0.09649290459143092,3.6830917580506526,0.0,0.0,0.99,8,exponential
q_learning,sparse_seed4,sparse,4,4a77b6e251,431,225,-11.250000000000025,-10.350000000000025,0.42195223816294347,0.15,0,out_of_energy,0,0,1,0,84,4,0,0,0,53,0.044028141653033245,0.14830381559948494,0.0,0.0,0.99,8,exponential
q_learning,sparse_seed4,sparse,4,4a77b6e251,432,225,-11.250000000000025,-10.350000000000023,0.4211083336866176,0.15,0,out_of_energy,0,0,1,0,111,20,1,0,0,49,0.04367267434796842,0.16168320843660416,0.0,0.0,0.99,8,exponential
q_learning,sparse_seed4,sparse,4,4a77b6e251,433,225,-11.250000000000025,-10.350000000000025,0.4202661170192444,0.15,0,out_of_energy,0,0,1,0,81,14,0,0,0,45,0.043447935938207095,0.10273926695643443,0.0,0.0,0.99,8,exponential
q_learning,sparse_seed4,sparse,4,4a77b6e251,434,225,-11.250000000000025,-10.350000000000023,0.41942558478520586,0.15,0,out_of_energy,0,0,1,0,103,7,0,0,0,46,0.04215617626324143,0.19823466350541563,0.0,0.0,0.99,8,exponential
q_learning,sparse_seed4,sparse,4,4a77b6e251,435,225,-11.250000000000025,-10.350000000000025,0.4185867336156355,0.15,0,out_of_energy,0,0,1,0,105,14,0,0,0,37,0.04440450718202546,0.2878133155661813,0.0,0.0,0.99,8,exponential
q_learning,sparse_seed4,sparse,4,4a77b6e251,436,225,-11.250000000000025,-10.350000000000023,0.4177495601484042,0.15,0,out_of_energy,0,0,1,0,90,10,2,0,0,51,0.04337758104779302,0.12377811571330857,0.0,0.0,0.99,8,exponential
q_learning,sparse_seed4,sparse,4,4a77b6e251,437,225,-1.2499999999999822,-10.250000000000023,0.4169140610281074,0.15,0,out_of_energy,0,0,1,0,110,20,0,0,1,47,0.08806033135033038,8.46723875,0.0,0.0,0.99,8,exponential
q_learning,sparse_seed4,sparse,4,4a77b6e251,438,225,-11.250000000000025,-10.250000000000023,0.4160802329060512,0.15,0,out_of_energy,0,0,1,0,102,36,0,0,0,51,0.044410373674461615,0.19573532154314277,0.0,0.0,0.99,8,exponential
q_learning,sparse_seed4,sparse,4,4a77b6e251,439,225,-11.250000000000025,-10.250000000000025,0.4152480724402391,0.15,0,out_of_energy,0,0,1,0,98,29,0,0,0,41,0.0442586164617658,0.21809458945505902,0.0,0.0,0.99,8,exponential
q_learning,sparse_seed4,sparse,4,4a77b6e251,440,225,-11.250000000000025,-10.250000000000023,0.41441757629535864,0.15,0,out_of_energy,0,0,1,0,100,19,4,0,0,49,0.04475637291880166,0.22323033923761046,0.0,0.0,0.99,8,exponential
q_learning,sparse_seed4,sparse,4,4a77b6e251,441,225,-11.250000000000025,-10.250000000000023,0.4135887411427679,0.15,0,out_of_energy,0,0,1,0,98,14,0,0,0,50,0.04384768308814731,0.15976932679724115,0.0,0.0,0.99,8,exponential
q_learning,sparse_seed4,sparse,4,4a77b6e251,442,225,-11.250000000000025,-10.250000000000023,0.41276156366048233,0.15,0,out_of_energy,0,0,1,0,99,25,0,0,0,35,0.04370814871084847,0.26949164361459577,0.0,0.0,0.99,8,exponential
q_learning,sparse_seed4,sparse,4,4a77b6e251,443,225,-11.250000000000025,-10.250000000000023,0.41193604053316135,0.15,0,out_of_energy,0,0,1,0,113,1,0,0,0,38,0.0442922910029842,0.2057069007920403,0.0,0.0,0.99,8,exponential
q_learning,sparse_seed4,sparse,4,4a77b6e251,444,225,-11.250000000000025,-10.250000000000023,0.41111216845209503,0.15,0,out_of_energy,0,0,1,0,90,48,1,0,0,34,0.043785952041544556,0.21096323030026262,0.0,0.0,0.99,8,exponential
q_learning,sparse_seed4,sparse,4,4a77b6e251,445,225,-11.250000000000025,-10.250000000000023,0.4102899441151908,0.15,0,out_of_energy,0,0,1,0,94,16,0,0,0,39,0.0433849876511792,0.23221904746980387,0.0,0.0,0.99,8,exponential
q_learning,sparse_seed4,sparse,4,4a77b6e251,446,225,-11.250000000000025,-10.350000000000023,0.40946936422696045,0.15,0,out_of_energy,0,0,1,0,79,11,4,0,0,49,0.045101916778021466,0.17920657379006516,0.0,0.0,0.99,8,exponential
q_learning,sparse_seed4,sparse,4,4a77b6e251,447,225,-11.250000000000025,-10.450000000000022,0.40865042549850655,0.15,0,out_of_energy,0,0,1,0,95,22,0,0,0,50,0.04296971982950712,0.121499863785735,0.0,0.0,0.99,8,exponential
q_learning,sparse_seed4,sparse,4,4a77b6e251,448,225,-11.250000000000025,-10.450000000000022,0.40783312464750954,0.15,0,out_of_energy,0,0,1,0,102,8,0,0,0,43,0.043658082738150084,0.19201668992717785,0.0,0.0,0.99,8,exponential
q_learning,sparse_seed4,sparse,4,4a77b6e251,449,225,-11.250000000000025,-10.450000000000022,0.4070174583982145,0.15,0,out_of_energy,0,0,1,0,123,12,0,0,0,37,0.044634736008957676,0.2674337678077667,0.0,0.0,0.99,8,exponential
q_learning,sparse_seed4,sparse,4,4a77b6e251,450,225,-11.250000000000025,-10.450000000000022,0.4062034234814181,0.15,0,out_of_energy,0,0,1,0,95,6,1,0,0,45,0.04366384274096352,0.1780016844635649,0.0,0.0,0.99,8,exponential
q_learning,sparse_seed4,sparse,4,4a77b6e251,451,225,-11.250000000000025,-10.450000000000022,0.40539101663445526,0.15,0,out_of_energy,0,0,1,0,108,3,0,0,0,41,0.04450520103616958,0.2961453700569219,0.0,0.0,0.99,8,exponential
q_learning,sparse_seed4,sparse,4,4a77b6e251,452,225,-11.250000000000025,-10.450000000000022,0.40458023460118636,0.15,0,out_of_energy,0,0,1,0,93,5,4,0,0,46,0.04423753937007499,0.21986260418972634,0.0,0.0,0.99,8,exponential
q_learning,sparse_seed4,sparse,4,4a77b6e251,453,225,-11.250000000000025,-10.450000000000022,0.403771074131984,0.15,0,out_of_energy,0,0,1,0,108,11,0,0,0,44,0.04527699912108561,0.2795496178504356,0.0,0.0,0.99,8,exponential
q_learning,sparse_seed4,sparse,4,4a77b6e251,454,225,-11.250000000000025,-10.450000000000022,0.40296353198372004,0.15,0,out_of_energy,0,0,1,0,103,32,2,0,0,44,0.04440741898208503,0.1840126255221151,0.0,0.0,0.99,8,exponential
q_learning,sparse_seed4,sparse,4,4a77b6e251,455,225,-11.250000000000025,-10.450000000000022,0.4021576049197526,0.15,0,out_of_energy,0,0,1,0,97,31,1,0,0,44,0.04385174067917032,0.16947413430152392,0.0,0.0,0.99,8,exponential
q_learning,sparse_seed4,sparse,4,4a77b6e251,456,225,-11.250000000000025,-10.450000000000022,0.40135328970991313,0.15,0,out_of_energy,0,0,1,0,108,33,0,0,0,47,0.044275237060796085,0.198785587470392,0.0,0.0,0.99,8,exponential
q_learning,sparse_seed4,sparse,4,4a77b6e251,457,225,-11.250000000000025,-10.450000000000022,0.4005505831304933,0.15,0,out_of_energy,0,0,1,0,102,14,0,0,0,45,0.044863769361766045,0.14338271018922497,0.0,0.0,0.99,8,exponential
q_learning,sparse_seed4,sparse,4,4a77b6e251,458,225,-11.250000000000025,-10.450000000000022,0.3997494819642323,0.15,0,out_of_energy,0,0,1,0,98,9,0,0,0,46,0.04425997656957389,0.24842084241184126,0.0,0.0,0.99,8,exponential
q_learning,sparse_seed4,sparse,4,4a77b6e251,459,225,-11.250000000000025,-10.450000000000022,0.3989499830003039,0.15,0,out_of_energy,0,0,1,0,101,18,0,0,0,35,0.04448012465732116,0.2605735628007968,0.0,0.0,0.99,8,exponential
q_learning,sparse_seed4,sparse,4,4a77b6e251,460,225,-11.250000000000025,-10.450000000000022,0.3981520830343033,0.15,0,out_of_energy,0,0,1,0,85,36,1,0,0,37,0.04423515266645356,0.19968307841603966,0.0,0.0,0.99,8,exponential
q_learning,sparse_seed4,sparse,4,4a77b6e251,461,225,-11.250000000000025,-10.450000000000022,0.39735577886823464,0.15,0,out_of_energy,0,0,1,0,88,6,0,0,0,47,0.045108733914944805,0.20789038489244877,0.0,0.0,0.99,8,exponential
q_learning,sparse_seed4,sparse,4,4a77b6e251,462,225,-11.250000000000025,-10.450000000000022,0.39656106731049817,0.15,0,out_of_energy,0,0,1,0,93,15,0,0,0,40,0.04434909037291588,0.30704928247699353,0.0,0.0,0.99,8,exponential
q_learning,sparse_seed4,sparse,4,4a77b6e251,463,225,-11.250000000000025,-10.450000000000022,0.39576794517587716,0.15,0,out_of_energy,0,0,1,0,80,14,0,0,0,36,0.043468546525638266,0.1979699245198704,0.0,0.0,0.99,8,exponential
q_learning,sparse_seed4,sparse,4,4a77b6e251,464,225,-11.250000000000025,-10.450000000000022,0.3949764092855254,0.15,0,out_of_energy,0,0,1,0,91,16,8,0,0,48,0.04384244608326778,0.22202729846140062,0.0,0.0,0.99,8,exponential
q_learning,sparse_seed4,sparse,4,4a77b6e251,465,225,-11.250000000000025,-10.450000000000022,0.3941864564669544,0.15,0,out_of_energy,0,0,1,0,97,17,0,0,0,44,0.04433815392130993,0.32604973343497645,0.0,0.0,0.99,8,exponential
q_learning,sparse_seed4,sparse,4,4a77b6e251,466,225,-11.250000000000025,-10.450000000000022,0.39339808355402045,0.15,0,out_of_energy,0,0,1,0,86,11,2,0,0,42,0.04426788286515309,0.22986202525492092,0.0,0.0,0.99,8,exponential
q_learning,sparse_seed4,sparse,4,4a77b6e251,467,225,-11.250000000000025,-10.450000000000022,0.3926112873869124,0.15,0,out_of_energy,0,0,1,0,94,9,0,0,0,50,0.0430124933412137,0.26954649232382155,0.0,0.0,0.99,8,exponential
q_learning,sparse_seed4,sparse,4,4a77b6e251,468,225,-11.250000000000025,-10.450000000000022,0.3918260648121386,0.15,0,out_of_energy,0,0,1,0,92,29,3,0,0,39,0.04454039945511128,0.13783658778179364,0.0,0.0,0.99,8,exponential
q_learning,sparse_seed4,sparse,4,4a77b6e251,469,225,-11.250000000000025,-10.450000000000022,0.39104241268251433,0.15,0,out_of_energy,0,0,1,0,107,7,0,0,0,49,0.044982941064848514,0.24737943165462548,0.0,0.0,0.99,8,exponential
q_learning,sparse_seed4,sparse,4,4a77b6e251,470,225,-11.250000000000025,-10.450000000000022,0.3902603278571493,0.15,0,out_of_energy,0,0,1,0,106,3,0,0,0,45,0.04457753036331623,0.23261034155152088,0.0,0.0,0.99,8,exponential
q_learning,sparse_seed4,sparse,4,4a77b6e251,471,225,-11.250000000000025,-10.450000000000022,0.389479807201435,0.15,0,out_of_energy,0,0,1,0,99,20,0,0,0,38,0.04493462848707902,0.2539880221663931,0.0,0.0,0.99,8,exponential
q_learning,sparse_seed4,sparse,4,4a77b6e251,472,225,-11.250000000000025,-10.450000000000022,0.3887008475870321,0.15,0,out_of_energy,0,0,1,0,113,20,0,0,0,46,0.044877640738630695,0.24177400226331325,0.0,0.0,0.99,8,exponential
q_learning,sparse_seed4,sparse,4,4a77b6e251,473,225,-11.250000000000025,-10.450000000000022,0.38792344589185807,0.15,0,out_of_energy,0,0,1,0,83,19,1,0,0,37,0.04498247279885796,0.21803577071949523,0.0,0.0,0.99,8,exponential
q_learning,sparse_seed4,sparse,4,4a77b6e251,474,225,-11.250000000000025,-10.450000000000022,0.38714759900007434,0.15,0,out_of_energy,0,0,1,0,120,14,0,0,0,49,0.044816133349717596,0.1513592291394415,0.0,0.0,0.99,8,exponential
q_learning,sparse_seed4,sparse,4,4a77b6e251,475,225,-11.250000000000025,-10.450000000000022,0.3863733038020742,0.15,0,out_of_energy,0,0,1,0,108,5,0,0,0,38,0.0444063750522059,0.18372956468202387,0.0,0.0,0.99,8,exponential
q_learning,sparse_seed4,sparse,4,4a77b6e251,476,225,-11.250000000000025,-10.450000000000022,0.38560055719447006,0.15,0,out_of_energy,0,0,1,0,90,2,0,0,0,57,0.043449578050406695,0.16521409584842037,0.0,0.0,0.99,8,exponential
q_learning,sparse_seed4,sparse,4,4a77b6e251,477,225,-11.250000000000025,-10.450000000000022,0.3848293560800811,0.15,0,out_of_energy,0,0,1,0,96,6,0,0,0,45,0.04489931632384241,0.23493538614036782,0.0,0.0,0.99,8,exponential
q_learning,sparse_seed4,sparse,4,4a77b6e251,478,225,-11.250000000000025,-10.450000000000022,0.38405969736792095,0.15,0,out_of_energy,0,0,1,0,113,36,2,0,0,45,0.044974719604901674,0.19892677112437235,0.0,0.0,0.99,8,exponential
q_learning,sparse_seed4,sparse,4,4a77b6e251,479,225,-11.250000000000025,-10.450000000000022,0.3832915779731851,0.15,0,out_of_energy,0,0,1,0,92,21,2,0,0,50,0.044883187893157296,0.23231924318379446,0.0,0.0,0.99,8,exponential
q_learning,sparse_seed4,sparse,4,4a77b6e251,480,225,-11.250000000000025,-10.450000000000022,0.38252499481723873,0.15,0,out_of_energy,0,0,1,0,86,17,0,0,0,48,0.04464664738321296,0.17636946272992343,0.0,0.0,0.99,8,exponential
q_learning,sparse_seed4,sparse,4,4a77b6e251,481,225,-11.250000000000025,-10.450000000000022,0.3817599448276042,0.15,0,out_of_energy,0,0,1,0,119,9,0,0,0,44,0.04371288919074898,0.13306044619890267,0.0,0.0,0.99,8,exponential
q_learning,sparse_seed4,sparse,4,4a77b6e251,482,225,-11.250000000000025,-10.450000000000022,0.380996424937949,0.15,0,out_of_energy,0,0,1,0,104,10,0,0,0,43,0.04459671098503836,0.13051076649858942,0.0,0.0,0.99,8,exponential
q_learning,sparse_seed4,sparse,4,4a77b6e251,483,225,-11.250000000000025,-10.450000000000022,0.3802344320880731,0.15,0,out_of_energy,0,0,1,0,102,17,0,0,0,58,0.044672770879718195,0.2008457779614563,0.0,0.0,0.99,8,exponential
q_learning,sparse_seed4,sparse,4,4a77b6e251,484,225,-11.250000000000025,-10.450000000000022,0.379473963223897,0.15,0,out_of_energy,0,0,1,0,86,7,1,0,0,47,0.0449064351719663,0.2135313289117885,0.0,0.0,0.99,8,exponential
q_learning,sparse_seed4,sparse,4,4a77b6e251,485,225,-11.250000000000025,-10.550000000000022,0.37871501529744916,0.15,0,out_of_energy,0,0,1,0,101,13,0,0,0,48,0.04387281907741022,0.18990424206964285,0.0,0.0,0.99,8,exponential
q_learning,sparse_seed4,sparse,4,4a77b6e251,486,225,-11.250000000000025,-10.550000000000022,0.37795758526685425,0.15,0,out_of_energy,0,0,1,0,95,36,1,0,0,45,0.04483415157112159,0.1803808597746008,0.0,0.0,0.99,8,exponential
q_learning,sparse_seed4,sparse,4,4a77b6e251,487,225,-11.250000000000025,-10.550000000000022,0.37720167009632055,0.15,0,out_of_energy,0,0,1,0,115,13,0,0,0,41,0.04363052127497467,0.0913278967296059,0.0,0.0,0.99,8,exponential
q_learning,sparse_seed4,sparse,4,4a77b6e251,488,225,-11.250000000000025,-10.550000000000022,0.3764472667561279,0.15,0,out_of_energy,0,0,1,0,109,6,0,0,0,41,0.045342227733192714,0.2913462638717609,0.0,0.0,0.99,8,exponential
q_learning,sparse_seed4,sparse,4,4a77b6e251,489,225,-11.250000000000025,-10.550000000000022,0.37569437222261565,0.15,0,out_of_energy,0,0,1,0,110,7,4,0,0,53,0.043910282641843205,0.13955983421469223,0.0,0.0,0.99,8,exponential
q_learning,sparse_seed4,sparse,4,4a77b6e251,490,225,-11.250000000000025,-10.550000000000022,0.3749429834781704,0.15,0,out_of_energy,0,0,1,0,102,0,0,0,0,36,0.043784580006928295,0.12321718531858061,0.0,0.0,0.99,8,exponential
q_learning,sparse_seed4,sparse,4,4a77b6e251,491,225,-11.250000000000025,-10.550000000000026,0.37419309751121405,0.15,0,out_of_energy,0,0,1,0,90,22,1,0,0,41,0.04439603470434742,0.1507999419445809,0.0,0.0,0.99,8,exponential
q_learning,sparse_seed4,sparse,4,4a77b6e251,492,225,-11.250000000000025,-10.550000000000026,0.3734447113161916,0.15,0,out_of_energy,0,0,1,0,87,11,0,0,0,32,0.04500832692010277,0.2240543545370491,0.0,0.0,0.99,8,exponential
q_learning,sparse_seed4,sparse,4,4a77b6e251,493,225,-11.250000000000025,-10.550000000000022,0.3726978218935592,0.15,0,out_of_energy,0,0,1,0,109,23,0,0,0,45,0.045500943829074755,0.1675218579619222,0.0,0.0,0.99,8,exponential
q_learning,sparse_seed4,sparse,4,4a77b6e251,494,225,-11.250000000000025,-10.550000000000022,0.3719524262497721,0.15,0,out_of_energy,0,0,1,0,98,7,0,0,0,41,0.04375131378001105,0.2524270927386173,0.0,0.0,0.99,8,exponential
q_learning,sparse_seed4,sparse,4,4a77b6e251,495,225,-11.250000000000025,-10.550000000000026,0.37120852139727256,0.15,0,out_of_energy,0,0,1,0,92,16,0,0,0,43,0.04391911825183308,0.1608197300048692,0.0,0.0,0.99,8,exponential
q_learning,sparse_seed4,sparse,4,4a77b6e251,496,225,-11.250000000000025,-10.550000000000026,0.370466104354478,0.15,0,out_of_energy,0,0,1,0,86,12,0,0,0,45,0.04460495884581094,0.13206945803127312,0.0,0.0,0.99,8,exponential
q_learning,sparse_seed4,sparse,4,4a77b6e251,497,225,-11.250000000000025,-10.550000000000022,0.36972517214576905,0.15,0,out_of_energy,0,0,1,0,103,33,0,0,0,41,0.04400749508502667,0.1312885904715887,0.0,0.0,0.99,8,exponential
q_learning,sparse_seed4,sparse,4,4a77b6e251,498,225,-11.250000000000025,-10.550000000000022,0.36898572180147754,0.15,0,out_of_energy,0,0,1,0,77,8,7,0,0,49,0.04493316671873441,0.2032481841240254,0.0,0.0,0.99,8,exponential
q_learning,sparse_seed4,sparse,4,4a77b6e251,499,225,-1.2499999999999851,-10.450000000000024,0.3682477503578746,0.15,0,out_of_energy,0,0,1,0,96,14,0,0,1,50,0.10652018017499934,8.629362947617686,0.0,0.0,0.99,8,exponential
q_learning,sparse_seed4,sparse,4,4a77b6e251,500,225,-11.250000000000025,-10.450000000000024,0.36751125485715885,0.15,0,out_of_energy,0,0,1,0,98,17,0,0,0,47,0.04440810483905998,0.20508357534814564,0.0,0.0,0.99,8,exponential
q_learning,sparse_seed4,sparse,4,4a77b6e251,501,225,-11.250000000000025,-10.450000000000022,0.36677623234744455,0.15,0,out_of_energy,0,0,1,0,79,41,0,0,0,51,0.04406902849920149,0.27629311592504924,0.0,0.0,0.99,8,exponential
q_learning,sparse_seed4,sparse,4,4a77b6e251,502,225,-11.250000000000025,-10.450000000000022,0.3660426798827497,0.15,0,out_of_energy,0,0,1,0,86,14,5,0,0,46,0.043207165898451326,0.15248231970618298,0.0,0.0,0.99,8,exponential
q_learning,sparse_seed4,sparse,4,4a77b6e251,503,225,-11.250000000000025,-10.450000000000022,0.3653105945229842,0.15,0,out_of_energy,0,0,1,0,101,20,0,0,0,51,0.04380910441378876,0.16741279093103426,0.0,0.0,0.99,8,exponential
q_learning,sparse_seed4,sparse,4,4a77b6e251,504,225,-11.250000000000025,-10.550000000000026,0.3645799733339382,0.15,0,out_of_energy,0,0,1,0,113,2,0,0,0,43,0.04391678362145686,0.15837304579917116,0.0,0.0,0.99,8,exponential
q_learning,sparse_seed4,sparse,4,4a77b6e251,505,225,-11.250000000000025,-10.550000000000022,0.3638508133872703,0.15,0,out_of_energy,0,0,1,0,106,6,0,0,0,54,0.04421520414900452,0.2619687910204131,0.0,0.0,0.99,8,exponential
q_learning,sparse_seed4,sparse,4,4a77b6e251,506,225,-11.250000000000025,-10.550000000000022,0.3631231117604958,0.15,0,out_of_energy,0,0,1,0,102,18,0,0,0,46,0.044375881633542114,0.13214764875697216,0.0,0.0,0.99,8,exponential
q_learning,sparse_seed4,sparse,4,4a77b6e251,507,225,-11.250000000000025,-10.650000000000023,0.3623968655369748,0.15,0,out_of_energy,0,0,1,0,97,10,0,0,0,42,0.04428558648107259,0.3393933112341425,0.0,0.0,0.99,8,exponential
q_learning,sparse_seed4,sparse,4,4a77b6e251,508,225,-11.250000000000025,-10.650000000000025,0.3616720718059009,0.15,0,out_of_energy,0,0,1,0,97,30,0,0,0,39,0.04511981709838779,0.27337924691940424,0.0,0.0,0.99,8,exponential
q_learning,sparse_seed4,sparse,4,4a77b6e251,509,225,-11.250000000000025,-10.650000000000025,0.3609487276622891,0.15,0,out_of_energy,0,0,1,0,90,22,1,0,0,39,0.04469163652929519,0.2271831777852267,0.0,0.0,0.99,8,exponential
q_learning,sparse_seed4,sparse,4,4a77b6e251,510,225,-11.250000000000025,-10.650000000000025,0.3602268302069645,0.15,0,out_of_energy,0,0,1,0,100,21,0,0,0,40,0.04405626987968061,0.14996723812780102,0.0,0.0,0.99,8,exponential
q_learning,sparse_seed4,sparse,4,4a77b6e251,511,225,-11.250000000000025,-10.650000000000023,0.35950637654655054,0.15,0,out_of_energy,0,0,1,0,97,3,0,0,0,43,0.04380014070017122,0.12431543278750178,0.0,0.0,0.99,8,exponential
q_learning,sparse_seed4,sparse,4,4a77b6e251,512,225,-11.250000000000025,-10.750000000000023,0.35878736379345744,0.15,0,out_of_energy,0,0,1,0,105,49,0,0,0,52,0.04454308050921349,0.35813888812642036,0.0,0.0,0.99,8,exponential
q_learning,sparse_seed4,sparse,4,4a77b6e251,513,225,-11.250000000000025,-10.850000000000023,0.3580697890658705,0.15,0,out_of_energy,0,0,1,0,96,4,5,0,0,57,0.045237523405797696,0.2951106539980754,0.0,0.0,0.99,8,exponential
q_learning,sparse_seed4,sparse,4,4a77b6e251,514,225,-11.250000000000025,-10.950000000000022,0.35735364948773873,0.15,0,out_of_energy,0,0,1,0,105,5,0,0,0,46,0.043756226336611345,0.14285769425082614,0.0,0.0,0.99,8,exponential
q_learning,sparse_seed4,sparse,4,4a77b6e251,515,225,-11.250000000000025,-10.950000000000022,0.35663894218876324,0.15,0,out_of_energy,0,0,1,0,100,26,0,0,0,40,0.04386838717603348,0.1467002785674708,0.0,0.0,0.99,8,exponential
q_learning,sparse_seed4,sparse,4,4a77b6e251,516,225,-11.250000000000025,-10.950000000000022,0.3559256643043857,0.15,0,out_of_energy,0,0,1,0,104,9,0,0,0,59,0.04388075909751744,0.16369020958288544,0.0,0.0,0.99,8,exponential
q_learning,sparse_seed4,sparse,4,4a77b6e251,517,225,-11.250000000000025,-10.950000000000022,0.3552138129757769,0.15,0,out_of_energy,0,0,1,0,85,23,0,0,0,52,0.04490521337575095,0.25315477255556373,0.0,0.0,0.99,8,exponential
q_learning,sparse_seed4,sparse,4,4a77b6e251,518,225,-11.250000000000025,-10.950000000000022,0.35450338534982534,0.15,0,out_of_energy,0,0,1,0,96,5,0,0,0,43,0.04454023078838609,0.15768494084939516,0.0,0.0,0.99,8,exponential
q_learning,sparse_seed4,sparse,4,4a77b6e251,519,225,-11.250000000000025,-10.950000000000022,0.3537943785791257,0.15,0,out_of_energy,0,0,1,0,98,29,2,0,0,49,0.044042193003141536,0.1659172034158537,0.0,0.0,0.99,8,exponential
q_learning,sparse_seed4,sparse,4,4a77b6e251,520,225,-11.250000000000025,-10.950000000000022,0.35308678982196745,0.15,0,out_of_energy,0,0,1,0,111,0,0,0,0,41,0.0450553133934379,0.13919933959985492,0.0,0.0,0.99,8,exponential
q_learning,sparse_seed4,sparse,4,4a77b6e251,521,225,-11.250000000000025,-10.950000000000022,0.35238061624232353,0.15,0,out_of_energy,0,0,1,0,103,3,0,0,0,44,0.04454672411260603,0.16851652519488872,0.0,0.0,0.99,8,exponential
q_learning,sparse_seed4,sparse,4,4a77b6e251,522,225,-11.250000000000025,-10.950000000000022,0.3516758550098389,0.15,0,out_of_energy,0,0,1,0,89,24,2,0,0,45,0.044129473740533394,0.1640250896928392,0.0,0.0,0.99,8,exponential
q_learning,sparse_seed4,sparse,4,4a77b6e251,523,225,-11.250000000000025,-10.950000000000022,0.3509725032998192,0.15,0,out_of_energy,0,0,1,0,118,28,0,0,0,48,0.044096439792209605,0.2982623335738359,0.0,0.0,0.99,8,exponential
q_learning,sparse_seed4,sparse,4,4a77b6e251,524,225,-11.250000000000025,-10.950000000000022,0.35027055829321957,0.15,0,out_of_energy,0,0,1,0,100,9,0,0,0,43,0.04408009331373394,0.1922452244246662,0.0,0.0,0.99,8,exponential
q_learning,sparse_seed4,sparse,4,4a77b6e251,525,225,-11.250000000000025,-10.950000000000022,0.3495700171766331,0.15,0,out_of_energy,0,0,1,0,105,1,0,0,0,39,0.04465114394402445,0.24978848726417877,0.0,0.0,0.99,8,exponential
q_learning,sparse_seed4,sparse,4,4a77b6e251,526,225,-11.250000000000025,-10.950000000000022,0.3488708771422798,0.15,0,out_of_energy,0,0,1,0,95,1,0,0,0,37,0.04518482990298543,0.13245273928785606,0.0,0.0,0.99,8,exponential
q_learning,sparse_seed4,sparse,4,4a77b6e251,527,225,-11.250000000000025,-10.950000000000022,0.34817313538799527,0.15,0,out_of_energy,0,0,1,0,94,24,1,0,0,38,0.045064556926673986,0.19614077300950655,0.0,0.0,0.99,8,exponential
q_learning,sparse_seed4,sparse,4,4a77b6e251,528,225,-11.250000000000025,-10.950000000000022,0.3474767891172193,0.15,0,out_of_energy,0,0,1,0,92,2,0,0,0,42,0.044742455978661555,0.20490346794024006,0.0,0.0,0.99,8,exponential
q_learning,sparse_seed4,sparse,4,4a77b6e251,529,225,-11.250000000000025,-10.950000000000022,0.34678183553898484,0.15,0,out_of_energy,0,0,1,0,91,12,2,0,0,41,0.044472596110103825,0.24224704870306368,0.0,0.0,0.99,8,exponential
q_learning,sparse_seed4,sparse,4,4a77b6e251,530,225,-11.250000000000025,-11.050000000000022,0.34608827186790686,0.15,0,out_of_energy,0,0,1,0,93,5,0,0,0,51,0.04522252639657125,0.23994810863481217,0.0,0.0,0.99,8,exponential
q_learning,sparse_seed4,sparse,4,4a77b6e251,531,225,-11.250000000000025,-11.050000000000022,0.34539609532417104,0.15,0,out_of_energy,0,0,1,0,96,9,0,0,0,54,0.044245731717668706,0.23397785232617055,0.0,0.0,0.99,8,exponential
q_learning,sparse_seed4,sparse,4,4a77b6e251,532,225,-11.250000000000025,-11.050000000000022,0.3447053031335227,0.15,0,out_of_energy,0,0,1,0,76,22,0,0,0,49,0.04458840578049918,0.2168935349206743,0.0,0.0,0.99,8,exponential
q_learning,sparse_seed4,sparse,4,4a77b6e251,533,225,-11.250000000000025,-11.050000000000022,0.3440158925272557,0.15,0,out_of_energy,0,0,1,0,87,9,0,0,0,45,0.04540930039141119,0.1813016318157779,0.0,0.0,0.99,8,exponential
q_learning,sparse_seed4,sparse,4,4a77b6e251,534,225,-11.250000000000025,-11.050000000000022,0.3433278607422012,0.15,0,out_of_energy,0,0,1,0,93,8,0,0,0,50,0.043836508122071585,0.1401164435886748,0.0,0.0,0.99,8,exponential
q_learning,sparse_seed4,sparse,4,4a77b6e251,535,225,-11.250000000000025,-11.050000000000022,0.34264120502071677,0.15,0,out_of_energy,0,0,1,0,90,3,0,0,0,52,0.04377740778279976,0.2169877478100766,0.0,0.0,0.99,8,exponential
q_learning,sparse_seed4,sparse,4,4a77b6e251,536,225,-1.250000000000002,-10.950000000000022,0.3419559226106753,0.15,0,out_of_energy,0,0,1,0,114,9,0,0,1,50,0.10482921584105107,5.145043157251083,0.0,0.0,0.99,8,exponential
q_learning,sparse_seed4,sparse,4,4a77b6e251,537,225,-11.250000000000025,-11.050000000000022,0.34127201076545394,0.15,0,out_of_energy,0,0,1,0,91,10,3,0,0,51,0.044044783893723204,0.1708599927437665,0.0,0.0,0.99,8,exponential
q_learning,sparse_seed4,sparse,4,4a77b6e251,538,225,-11.250000000000025,-11.050000000000022,0.34058946674392304,0.15,0,out_of_energy,0,0,1,0,101,19,0,0,0,38,0.04418060100107891,0.19472038679177153,0.0,0.0,0.99,8,exponential
q_learning,sparse_seed4,sparse,4,4a77b6e251,539,225,-11.250000000000025,-11.050000000000022,0.3399082878104352,0.15,0,out_of_energy,0,0,1,0,93,2,0,0,0,48,0.044684652652190245,0.23447620880808712,0.0,0.0,0.99,8,exponential
q_learning,sparse_seed4,sparse,4,4a77b6e251,540,225,-11.250000000000025,-11.050000000000022,0.3392284712348143,0.15,0,out_of_energy,0,0,1,0,92,3,0,0,0,49,0.04439965519488545,0.21636096169614905,0.0,0.0,0.99,8,exponential
q_learning,sparse_seed4,sparse,4,4a77b6e251,541,225,-11.250000000000025,-11.050000000000022,0.33855001429234466,0.15,0,out_of_energy,0,0,1,0,110,27,0,0,0,50,0.0442664186244129,0.25712430776552453,0.0,0.0,0.99,8,exponential
q_learning,sparse_seed4,sparse,4,4a77b6e251,542,225,-11.250000000000025,-11.050000000000022,0.33787291426376,0.15,0,out_of_energy,0,0,1,0,87,18,0,0,0,42,0.044444539557066745,0.19856091995627428,0.0,0.0,0.99,8,exponential
q_learning,sparse_seed4,sparse,4,4a77b6e251,543,225,-11.250000000000025,-11.050000000000022,0.33719716843523245,0.15,0,out_of_energy,0,0,1,0,104,3,0,0,0,43,0.0438264029736015,0.13874424339727354,0.0,0.0,0.99,8,exponential
q_learning,sparse_seed4,sparse,4,4a77b6e251,544,225,-11.250000000000025,-11.050000000000022,0.336522774098362,0.15,0,out_of_energy,0,0,1,0,94,9,0,0,0,45,0.044730011881754406,0.15187419139876412,0.0,0.0,0.99,8,exponential
q_learning,sparse_seed4,sparse,4,4a77b6e251,545,225,-11.250000000000025,-11.050000000000022,0.33584972855016526,0.15,0,out_of_energy,0,0,1,0,92,30,7,0,0,42,0.04404611994874827,0.30455329853484914,0.0,0.0,0.99,8,exponential
q_learning,sparse_seed4,sparse,4,4a77b6e251,546,225,-11.250000000000025,-11.050000000000022,0.33517802909306493,0.15,0,out_of_energy,0,0,1,0,116,1,0,0,0,40,0.042565933818822205,0.24548791530769856,0.0,0.0,0.99,8,exponential
q_learning,sparse_seed4,sparse,4,4a77b6e251,547,225,-1.2499999999999822,-10.950000000000022,0.3345076730348788,0.15,0,out_of_energy,0,0,1,0,100,10,0,0,1,46,0.10772451267104967,7.3444763213293225,0.0,0.0,0.99,8,exponential
q_learning,sparse_seed4,sparse,4,4a77b6e251,548,225,-1.2499999999999822,-10.850000000000023,0.33383865768880905,0.15,0,out_of_energy,0,0,1,0,111,19,0,0,1,41,0.12987278725926957,9.920366758200059,0.0,0.0,0.99,8,exponential
q_learning,sparse_seed4,sparse,4,4a77b6e251,549,225,-11.250000000000025,-10.850000000000023,0.3331709803734314,0.15,0,out_of_energy,0,0,1,0,89,35,0,0,0,28,0.04425997990107967,0.17923350253020554,0.0,0.0,0.99,8,exponential
q_learning,sparse_seed4,sparse,4,4a77b6e251,550,225,-11.250000000000025,-10.850000000000023,0.3325046384126845,0.15,0,out_of_energy,0,0,1,0,107,26,0,0,0,41,0.04476581747565559,0.16966583834634846,0.0,0.0,0.99,8,exponential
q_learning,sparse_seed4,sparse,4,4a77b6e251,551,225,-11.250000000000025,-10.850000000000025,0.3318396291358591,0.15,0,out_of_energy,0,0,1,0,113,5,0,0,0,42,0.04405365544356823,0.2642467100786001,0.0,0.0,0.99,8,exponential
q_learning,sparse_seed4,sparse,4,4a77b6e251,552,225,-11.250000000000025,-10.850000000000023,0.3311759498775874,0.15,0,out_of_energy,0,0,1,0,111,10,0,0,0,50,0.043775512797781954,0.11601667653870869,0.0,0.0,0.99,8,exponential
q_learning,sparse_seed4,sparse,4,4a77b6e251,553,225,-11.250000000000025,-10.850000000000023,0.33051359797783225,0.15,0,out_of_energy,0,0,1,0,111,25,0,0,0,53,0.04480339890607581,0.2598640104643932,0.0,0.0,0.99,8,exponential
q_learning,sparse_seed4,sparse,4,4a77b6e251,554,225,-11.250000000000025,-10.850000000000023,0.3298525707818766,0.15,0,out_of_energy,0,0,1,0,101,11,0,0,0,37,0.043752467911571405,0.2228359868730479,0.0,0.0,0.99,8,exponential
q_learning,sparse_seed4,sparse,4,4a77b6e251,555,225,-11.250000000000025,-10.850000000000023,0.3291928656403128,0.15,0,out_of_energy,0,0,1,0,92,19,0,0,0,46,0.044288408297775896,0.3453399000601901,0.0,0.0,0.99,8,exponential
q_learning,sparse_seed4,sparse,4,4a77b6e251,556,225,-11.250000000000025,-10.850000000000023,0.3285344799090322,0.15,0,out_of_energy,0,0,1,0,88,8,2,0,0,50,0.044993669499225335,0.20917217814563885,0.0,0.0,0.99,8,exponential
q_learning,sparse_seed4,sparse,4,4a77b6e251,557,225,-11.250000000000025,-10.850000000000023,0.32787741094921413,0.15,0,out_of_energy,0,0,1,0,90,12,4,0,0,44,0.04480363836573665,0.2934350721532451,0.0,0.0,0.99,8,exponential
q_learning,sparse_seed4,sparse,4,4a77b6e251,558,225,-11.250000000000025,-10.850000000000023,0.3272216561273157,0.15,0,out_of_energy,0,0,1,0,98,15,0,0,0,46,0.044749152370396214,0.15192932197904996,0.0,0.0,0.99,8,exponential
q_learning,sparse_seed4,sparse,4,4a77b6e251,559,225,-11.250000000000025,-10.850000000000023,0.32656721281506107,0.15,0,out_of_energy,0,0,1,0,112,23,0,0,0,41,0.04310521057083908,0.14668819750491435,0.0,0.0,0.99,8,exponential
q_learning,sparse_seed4,sparse,4,4a77b6e251,560,225,-1.2499999999999822,-10.750000000000023,0.32591407838943093,0.15,0,out_of_energy,0,0,1,0,105,12,0,0,1,39,0.087710069492267,7.21296903478161,0.0,0.0,0.99,8,exponential
q_learning,sparse_seed4,sparse,4,4a77b6e251,561,225,-1.2499999999999822,-10.650000000000023,0.32526225023265204,0.15,0,out_of_energy,0,0,1,0,113,15,0,0,1,50,0.10317246468461566,6.119347867064368,0.0,0.0,0.99,8,exponential
q_learning,sparse_seed4,sparse,4,4a77b6e251,562,225,-1.2499999999999938,-10.550000000000022,0.3246117257321867,0.15,0,out_of_energy,0,0,1,0,118,10,0,0,1,47,0.15935539355223546,5.390912918045912,0.0,0.0,0.99,8,exponential
q_learning,sparse_seed4,sparse,4,4a77b6e251,563,225,-11.250000000000025,-10.550000000000022,0.3239625022807223,0.15,0,out_of_energy,0,0,1,0,102,1,0,0,0,54,0.043591970907560965,0.17415184577930215,0.0,0.0,0.99,8,exponential
q_learning,sparse_seed4,sparse,4,4a77b6e251,564,225,-1.2499999999999938,-10.450000000000022,0.32331457727616086,0.15,0,out_of_energy,0,0,1,0,110,7,0,0,1,37,0.14674433738322037,5.000788732812621,0.0,0.0,0.99,8,exponential
q_learning,sparse_seed4,sparse,4,4a77b6e251,565,225,-11.250000000000025,-10.450000000000022,0.32266794812160854,0.15,0,out_of_energy,0,0,1,0,81,22,2,0,0,42,0.04479240922855501,0.1944202684471944,0.0,0.0,0.99,8,exponential
q_learning,sparse_seed4,sparse,4,4a77b6e251,566,225,-1.2499999999999822,-10.350000000000023,0.3220226122253653,0.15,0,out_of_energy,0,0,1,0,105,14,0,0,1,36,0.1372539392148759,6.664294752858572,0.0,0.0,0.99,8,exponential
q_learning,sparse_seed4,sparse,4,4a77b6e251,567,225,-11.250000000000025,-10.350000000000023,0.3213785670009146,0.15,0,out_of_energy,0,0,1,0,94,12,0,0,0,35,0.044949200416681365,0.3108701706539139,0.0,0.0,0.99,8,exponential
q_learning,sparse_seed4,sparse,4,4a77b6e251,568,225,-11.250000000000025,-10.350000000000023,0.3207358098669128,0.15,0,out_of_energy,0,0,1,0,97,24,0,0,0,46,0.04386723133865034,0.16367453306670687,0.0,0.0,0.99,8,exponential
q_learning,sparse_seed4,sparse,4,4a77b6e251,569,225,-11.250000000000025,-10.350000000000023,0.320094338247179,0.15,0,out_of_energy,0,0,1,0,91,8,0,0,0,49,0.04433331202752855,0.31105190465808363,0.0,0.0,0.99,8,exponential
q_learning,sparse_seed4,sparse,4,4a77b6e251,570,225,-11.250000000000025,-10.350000000000023,0.31945414957068463,0.15,0,out_of_energy,0,0,1,0,103,24,0,0,0,58,0.044151680010240855,0.185413362455977,0.0,0.0,0.99,8,exponential
q_learning,sparse_seed4,sparse,4,4a77b6e251,571,225,-11.250000000000025,-10.350000000000023,0.31881524127154326,0.15,0,out_of_energy,0,0,1,0,97,14,0,0,0,45,0.04396219779481597,0.19847916309295704,0.0,0.0,0.99,8,exponential
q_learning,sparse_seed4,sparse,4,4a77b6e251,572,225,-1.2499999999999822,-10.250000000000023,0.3181776107890002,0.15,0,out_of_energy,0,0,1,0,102,10,0,0,1,37,0.10731031742053172,5.212899075549205,0.0,0.0,0.99,8,exponential
q_learning,sparse_seed4,sparse,4,4a77b6e251,573,225,-11.250000000000025,-10.250000000000023,0.3175412555674222,0.15,0,out_of_energy,0,0,1,0,92,24,0,0,0,46,0.0439644217010986,0.2841230576936007,0.0,0.0,0.99,8,exponential
q_learning,sparse_seed4,sparse,4,4a77b6e251,574,225,-11.250000000000025,-10.250000000000023,0.3169061730562873,0.15,0,out_of_energy,0,0,1,0,89,24,0,0,0,46,0.04532173654490653,0.34783016197666733,0.0,0.0,0.99,8,exponential
q_learning,sparse_seed4,sparse,4,4a77b6e251,575,225,-11.250000000000025,-10.250000000000023,0.3162723607101747,0.15,0,out_of_energy,0,0,1,0,109,23,1,0,0,44,0.044232483265747614,0.22925418628526306,0.0,0.0,0.99,8,exponential
q_learning,sparse_seed4,sparse,4,4a77b6e251,576,225,-11.250000000000025,-10.250000000000023,0.3156398159887544,0.15,0,out_of_energy,0,0,1,0,94,4,4,0,0,47,0.044440029820733064,0.23502406475013862,0.0,0.0,0.99,8,exponential
q_learning,sparse_seed4,sparse,4,4a77b6e251,577,225,-11.250000000000025,-10.250000000000023,0.3150085363567769,0.15,0,out_of_energy,0,0,1,0,94,5,0,0,0,54,0.04443530441215551,0.2633147845478048,0.0,0.0,0.99,8,exponential
q_learning,sparse_seed4,sparse,4,4a77b6e251,578,225,-11.250000000000025,-10.250000000000023,0.31437851928406335,0.15,0,out_of_energy,0,0,1,0,95,29,0,0,0,40,0.043540719935551184,0.19557944746785383,0.0,0.0,0.99,8,exponential
q_learning,sparse_seed4,sparse,4,4a77b6e251,579,225,-11.250000000000025,-10.250000000000023,0.3137497622454952,0.15,0,out_of_energy,0,0,1,0,108,23,0,0,0,36,0.043513970872961535,0.08399257133706621,0.0,0.0,0.99,8,exponential
q_learning,sparse_seed4,sparse,4,4a77b6e251,580,225,-11.250000000000025,-10.250000000000023,0.31312226272100424,0.15,0,out_of_energy,0,0,1,0,109,4,0,0,0,47,0.04405620869807453,0.20227052444051935,0.0,0.0,0.99,8,exponential
q_learning,sparse_seed4,sparse,4,4a77b6e251,581,225,-11.250000000000025,-10.250000000000023,0.3124960181955622,0.15,0,out_of_energy,0,0,1,0,94,1,0,0,0,46,0.044115295264848114,0.3075466846509961,0.0,0.0,0.99,8,exponential
q_learning,sparse_seed4,sparse,4,4a77b6e251,582,225,-11.250000000000025,-10.250000000000023,0.3118710261591711,0.15,0,out_of_energy,0,0,1,0,109,12,0,0,0,39,0.0443528778269292,0.19211567777314775,0.0,0.0,0.99,8,exponential
q_learning,sparse_seed4,sparse,4,4a77b6e251,583,225,-11.250000000000025,-10.250000000000023,0.31124728410685276,0.15,0,out_of_energy,0,0,1,0,105,10,0,0,0,50,0.04334819320603584,0.10225337603217466,0.0,0.0,0.99,8,exponential
q_learning,sparse_seed4,sparse,4,4a77b6e251,584,225,-11.250000000000025,-10.250000000000023,0.31062478953863903,0.15,0,out_of_energy,0,0,1,0,89,24,5,0,0,36,0.04483107690563094,0.19155394471656,0.0,0.0,0.99,8,exponential
q_learning,sparse_seed4,sparse,4,4a77b6e251,585,225,-11.250000000000025,-10.250000000000023,0.31000353995956176,0.15,0,out_of_energy,0,0,1,0,109,8,0,0,0,56,0.04353228228657359,0.1027134958966866,0.0,0.0,0.99,8,exponential
q_learning,sparse_seed4,sparse,4,4a77b6e251,586,225,-1.2499999999999822,-10.150000000000022,0.30938353287964265,0.15,0,out_of_energy,0,0,1,0,108,7,0,0,1,48,0.1381434717059603,8.113477624477474,0.0,0.0,0.99,8,exponential
q_learning,sparse_seed4,sparse,4,4a77b6e251,587,225,-11.250000000000025,-10.150000000000022,0.30876476581388335,0.15,0,out_of_energy,0,0,1,0,84,12,0,0,0,41,0.04562009746463963,0.28539993429395333,0.0,0.0,0.99,8,exponential
q_learning,sparse_seed4,sparse,4,4a77b6e251,588,225,-11.250000000000025,-10.150000000000022,0.3081472362822556,0.15,0,out_of_energy,0,0,1,0,89,3,0,0,0,52,0.04540066826337432,0.1953628828297846,0.0,0.0,0.99,8,exponential
q_learning,sparse_seed4,sparse,4,4a77b6e251,589,225,-1.2499999999999822,-10.050000000000022,0.3075309418096911,0.15,0,out_of_energy,0,0,1,0,100,21,0,0,1,52,0.08809925249256273,9.914919040750316,0.0,0.0,0.99,8,exponential
q_learning,sparse_seed4,sparse,4,4a77b6e251,590,225,-11.250000000000025,-10.050000000000022,0.3069158799260717,0.15,0,out_of_energy,0,0,1,0,88,12,0,0,0,39,0.044477921081893704,0.19379274952437103,0.0,0.0,0.99,8,exponential
q_learning,sparse_seed4,sparse,4,4a77b6e251,591,225,-11.250000000000025,-10.05000000000002,0.3063020481662196,0.15,0,out_of_energy,0,0,1,0,104,7,0,0,0,53,0.04435927964318454,0.15563486524771786,0.0,0.0,0.99,8,exponential
q_learning,sparse_seed4,sparse,4,4a77b6e251,592,225,-11.250000000000025,-10.050000000000022,0.30568944406988713,0.15,0,out_of_energy,0,0,1,0,99,13,0,0,0,42,0.044536048494474914,0.24236692221200512,0.0,0.0,0.99,8,exponential
q_learning,sparse_seed4,sparse,4,4a77b6e251,593,225,-11.250000000000025,-10.050000000000022,0.30507806518174735,0.15,0,out_of_energy,0,0,1,0,105,4,0,0,0,60,0.04416362289316517,0.2245890920651367,0.0,0.0,0.99,8,exponential
q_learning,sparse_seed4,sparse,4,4a77b6e251,594,225,-11.250000000000025,-10.050000000000022,0.3044679090513839,0.15,0,out_of_energy,0,0,1,0,98,21,0,0,0,47,0.04432586848259306,0.23436580964498388,0.0,0.0,0.99,8,exponential
q_learning,sparse_seed4,sparse,4,4a77b6e251,595,225,-11.250000000000025,-10.05000000000002,0.3038589732332811,0.15,0,out_of_energy,0,0,1,0,103,12,0,0,0,53,0.04343992048037833,0.19627666339930722,0.0,0.0,0.99,8,exponential
q_learning,sparse_seed4,sparse,4,4a77b6e251,596,225,-11.250000000000025,-10.050000000000022,0.3032512552868145,0.15,0,out_of_energy,0,0,1,0,77,15,0,0,0,48,0.043906215734354326,0.32387623543044775,0.0,0.0,0.99,8,exponential
q_learning,sparse_seed4,sparse,4,4a77b6e251,597,225,-11.250000000000025,-10.050000000000022,0.30264475277624087,0.15,0,out_of_energy,0,0,1,0,103,13,0,0,0,48,0.044698540999775126,0.20446301561968191,0.0,0.0,0.99,8,exponential
q_learning,sparse_seed4,sparse,4,4a77b6e251,598,225,-1.2500000000000062,-9.950000000000022,0.30203946327068837,0.15,0,out_of_energy,0,0,1,0,114,8,0,0,1,49,0.11922369942435981,3.619307746817987,0.0,0.0,0.99,8,exponential
q_learning,sparse_seed4,sparse,4,4a77b6e251,599,225,-11.250000000000025,-10.050000000000022,0.301435384344147,0.15,0,out_of_energy,0,0,1,0,87,10,0,0,0,42,0.044053158320958366,0.29053590905757426,0.0,0.0,0.99,8,exponential
q_learning,sparse_seed4,sparse,4,4a77b6e251,600,225,-11.250000000000025,-10.050000000000022,0.3008325135754587,0.15,0,out_of_energy,0,0,1,0,101,12,0,0,0,44,0.0444937125169327,0.1674595561783908,0.0,0.0,0.99,8,exponential
q_learning,sparse_seed4,sparse,4,4a77b6e251,601,225,-11.250000000000025,-10.050000000000022,0.3002308485483078,0.15,0,out_of_energy,0,0,1,0,109,9,0,0,0,48,0.04396571443141198,0.13577906077794955,0.0,0.0,0.99,8,exponential
q_learning,sparse_seed4,sparse,4,4a77b6e251,602,225,-11.250000000000025,-10.050000000000022,0.2996303868512112,0.15,0,out_of_energy,0,0,1,0,99,7,0,0,0,56,0.045398029742635924,0.32296025824629343,0.0,0.0,0.99,8,exponential
q_learning,sparse_seed4,sparse,4,4a77b6e251,603,225,-11.250000000000025,-10.050000000000022,0.29903112607750876,0.15,0,out_of_energy,0,0,1,0,102,5,0,0,0,48,0.044376448554489925,0.19623832201686714,0.0,0.0,0.99,8,exponential
q_learning,sparse_seed4,sparse,4,4a77b6e251,604,225,-11.250000000000025,-10.050000000000022,0.29843306382535373,0.15,0,out_of_energy,0,0,1,0,87,13,0,0,0,44,0.04510522947777398,0.2321984147171974,0.0,0.0,0.99,8,exponential
q_learning,sparse_seed4,sparse,4,4a77b6e251,605,225,-11.250000000000025,-10.050000000000022,0.29783619769770303,0.15,0,out_of_energy,0,0,1,0,92,5,0,0,0,46,0.04476493428318203,0.30152669282691474,0.0,0.0,0.99,8,exponential
q_learning,sparse_seed4,sparse,4,4a77b6e251,606,225,-11.250000000000025,-10.050000000000022,0.2972405253023076,0.15,0,out_of_energy,0,0,1,0,89,22,0,0,0,52,0.04445761875942385,0.23858530679821247,0.0,0.0,0.99,8,exponential
q_learning,sparse_seed4,sparse,4,4a77b6e251,607,225,-11.250000000000025,-10.050000000000022,0.296646044251703,0.15,0,out_of_energy,0,0,1,0,100,13,0,0,0,49,0.04362689772573974,0.1700958432480636,0.0,0.0,0.99,8,exponential
q_learning,sparse_seed4,sparse,4,4a77b6e251,608,225,-11.250000000000025,-10.050000000000022,0.2960527521631996,0.15,0,out_of_energy,0,0,1,0,92,13,0,0,0,52,0.0448299990733759,0.24005862915675477,0.0,0.0,0.99,8,exponential
q_learning,sparse_seed4,sparse,4,4a77b6e251,609,225,-11.250000000000025,-10.050000000000022,0.29546064665887317,0.15,0,out_of_energy,0,0,1,0,92,4,0,0,0,41,0.044023246080046874,0.22825728916671228,0.0,0.0,0.99,8,exponential
q_learning,sparse_seed4,sparse,4,4a77b6e251,610,225,-11.250000000000025,-10.050000000000022,0.29486972536555545,0.15,0,out_of_energy,0,0,1,0,104,19,0,0,0,41,0.04340333868367732,0.15097627408366154,0.0,0.0,0.99,8,exponential
q_learning,sparse_seed4,sparse,4,4a77b6e251,611,225,-11.250000000000025,-10.05000000000002,0.29427998591482435,0.15,0,out_of_energy,0,0,1,0,83,22,0,0,0,48,0.04450954676814974,0.18018514917613082,0.0,0.0,0.99,8,exponential
q_learning,sparse_seed4,sparse,4,4a77b6e251,612,225,-11.250000000000025,-10.050000000000022,0.2936914259429947,0.15,0,out_of_energy,0,0,1,0,97,3,0,0,0,50,0.04469344047391595,0.24271493261333965,0.0,0.0,0.99,8,exponential
q_learning,sparse_seed4,sparse,4,4a77b6e251,613,225,-11.250000000000025,-10.050000000000022,0.2931040430911087,0.15,0,out_of_energy,0,0,1,0,103,3,0,0,0,37,0.0442305883916273,0.21389642389295555,0.0,0.0,0.99,8,exponential
q_learning,sparse_seed4,sparse,4,4a77b6e251,614,225,-11.250000000000025,-10.05000000000002,0.2925178350049265,0.15,0,out_of_energy,0,0,1,0,100,31,0,0,0,50,0.04541140303998216,0.3592135818344042,0.0,0.0,0.99,8,exponential
q_learning,sparse_seed4,sparse,4,4a77b6e251,615,225,-11.250000000000025,-10.05000000000002,0.29193279933491667,0.15,0,out_of_energy,0,0,1,0,104,21,0,0,0,48,0.043941802211035365,0.1944523183448227,0.0,0.0,0.99,8,exponential
q_learning,sparse_seed4,sparse,4,4a77b6e251,616,225,-11.250000000000025,-10.050000000000022,0.2913489337362468,0.15,0,out_of_energy,0,0,1,0,80,13,1,0,0,42,0.04510667590531291,0.3199525798947881,0.0,0.0,0.99,8,exponential
q_learning,sparse_seed4,sparse,4,4a77b6e251,617,225,-11.250000000000025,-10.050000000000022,0.2907662358687743,0.15,0,out_of_energy,0,0,1,0,99,19,0,0,0,49,0.044590373270626586,0.1969893046947685,0.0,0.0,0.99,8,exponential
q_learning,sparse_seed4,sparse,4,4a77b6e251,618,225,-11.250000000000025,-10.05000000000002,0.2901847033970368,0.15,0,out_of_energy,0,0,1,0,102,7,0,0,0,42,0.0443892529327296,0.21766802157040516,0.0,0.0,0.99,8,exponential
q_learning,sparse_seed4,sparse,4,4a77b6e251,619,225,-11.250000000000025,-10.05000000000002,0.2896043339902427,0.15,0,out_of_energy,0,0,1,0,113,20,0,0,0,44,0.044353388161156665,0.26147500209060914,0.0,0.0,0.99,8,exponential
q_learning,sparse_seed4,sparse,4,4a77b6e251,620,225,-11.250000000000025,-10.050000000000022,0.2890251253222622,0.15,0,out_of_energy,0,0,1,0,98,7,0,0,0,43,0.044254192472259084,0.25355366507296684,0.0,0.0,0.99,8,exponential
q_learning,sparse_seed4,sparse,4,4a77b6e251,621,225,-11.250000000000025,-10.050000000000022,0.2884470750716177,0.15,0,out_of_energy,0,0,1,0,89,10,0,0,0,47,0.04461142881678846,0.20796238841747486,0.0,0.0,0.99,8,exponential
q_learning,sparse_seed4,sparse,4,4a77b6e251,622,225,-11.250000000000025,-10.05000000000002,0.2878701809214745,0.15,0,out_of_energy,0,0,1,0,84,4,0,0,0,48,0.04525282510739027,0.2773834072562834,0.0,0.0,0.99,8,exponential
q_learning,sparse_seed4,sparse,4,4a77b6e251,623,225,-11.250000000000025,-10.05000000000002,0.28729444055963155,0.15,0,out_of_energy,0,0,1,0,101,16,0,0,0,41,0.044721598781775736,0.18563211857795442,0.0,0.0,0.99,8,exponential
q_learning,sparse_seed4,sparse,4,4a77b6e251,624,225,-11.250000000000025,-10.050000000000022,0.28671985167851227,0.15,0,out_of_energy,0,0,1,0,94,22,0,0,0,59,0.04531770539750661,0.3148651434115895,0.0,0.0,0.99,8,exponential
q_learning,sparse_seed4,sparse,4,4a77b6e251,625,225,-11.250000000000025,-10.050000000000022,0.2861464119751552,0.15,0,out_of_energy,0,0,1,0,110,7,0,0,0,47,0.04387493955835342,0.11704334801325139,0.0,0.0,0.99,8,exponential
q_learning,sparse_seed4,sparse,4,4a77b6e251,626,225,-11.250000000000025,-10.05000000000002,0.2855741191512049,0.15,0,out_of_energy,0,0,1,0,96,12,3,0,0,36,0.04497064628395478,0.1941915017350706,0.0,0.0,0.99,8,exponential
q_learning,sparse_seed4,sparse,4,4a77b6e251,627,225,-11.250000000000025,-10.05000000000002,0.2850029709129025,0.15,0,out_of_energy,0,0,1,0,94,29,2,0,0,35,0.0455142918714082,0.38073371786438426,0.0,0.0,0.99,8,exponential
q_learning,sparse_seed4,sparse,4,4a77b6e251,628,225,-11.250000000000025,-10.050000000000022,0.2844329649710767,0.15,0,out_of_energy,0,0,1,0,102,3,0,0,0,45,0.044981067620031276,0.2052898818185718,0.0,0.0,0.99,8,exponential
q_learning,sparse_seed4,sparse,4,4a77b6e251,629,225,-11.250000000000025,-10.050000000000022,0.2838640990411345,0.15,0,out_of_energy,0,0,1,0,93,12,0,0,0,45,0.04455100086837989,0.35003131549611216,0.0,0.0,0.99,8,exponential
q_learning,sparse_seed4,sparse,4,4a77b6e251,630,225,-11.250000000000025,-10.05000000000002,0.28329637084305226,0.15,0,out_of_energy,0,0,1,0,94,56,0,0,0,40,0.04429628556527271,0.33034882884702477,0.0,0.0,0.99,8,exponential
q_learning,sparse_seed4,sparse,4,4a77b6e251,631,225,-11.250000000000025,-10.05000000000002,0.2827297781013662,0.15,0,out_of_energy,0,0,1,0,94,9,0,0,0,51,0.04447575239266178,0.32592109565173477,0.0,0.0,0.99,8,exponential
q_learning,sparse_seed4,sparse,4,4a77b6e251,632,225,-11.250000000000025,-10.050000000000022,0.28216431854516344,0.15,0,out_of_energy,0,0,1,0,99,3,0,0,0,48,0.04353760641590694,0.15429393127688157,0.0,0.0,0.99,8,exponential
q_learning,sparse_seed4,sparse,4,4a77b6e251,633,225,-11.250000000000025,-10.050000000000022,0.2815999899080731,0.15,0,out_of_energy,0,0,1,0,94,35,0,0,0,47,0.04556822155009716,0.2885822219390192,0.0,0.0,0.99,8,exponential
q_learning,sparse_seed4,sparse,4,4a77b6e251,634,225,-11.250000000000025,-10.05000000000002,0.281036789928257,0.15,0,out_of_energy,0,0,1,0,99,28,0,0,0,40,0.045202104798506754,0.31041700750829737,0.0,0.0,0.99,8,exponential
q_learning,sparse_seed4,sparse,4,4a77b6e251,635,225,-11.250000000000025,-10.05000000000002,0.2804747163484005,0.15,0,out_of_energy,0,0,1,0,98,0,0,0,0,54,0.04417690063296528,0.187885469323471,0.0,0.0,0.99,8,exponential
q_learning,sparse_seed4,sparse,4,4a77b6e251,636,225,-11.250000000000025,-10.150000000000022,0.2799137669157037,0.15,0,out_of_energy,0,0,1,0,107,8,0,0,0,37,0.04615853343353979,0.2536596910761934,0.0,0.0,0.99,8,exponential
q_learning,sparse_seed4,sparse,4,4a77b6e251,637,225,-11.250000000000025,-10.150000000000022,0.2793539393818723,0.15,0,out_of_energy,0,0,1,0,110,6,0,0,0,46,0.04396362793951634,0.11616951285620886,0.0,0.0,0.99,8,exponential
q_learning,sparse_seed4,sparse,4,4a77b6e251,638,225,-11.250000000000025,-10.150000000000022,0.2787952315031086,0.15,0,out_of_energy,0,0,1,0,100,7,0,0,0,42,0.044055917647791605,0.13371528614052441,0.0,0.0,0.99,8,exponential
q_learning,sparse_seed4,sparse,4,4a77b6e251,639,225,-11.250000000000025,-10.150000000000022,0.27823764104010235,0.15,0,out_of_energy,0,0,1,0,109,28,0,0,0,39,0.044029408800900796,0.1860787829304718,0.0,0.0,0.99,8,exponential
q_learning,sparse_seed4,sparse,4,4a77b6e251,640,225,-11.250000000000025,-10.150000000000022,0.27768116575802215,0.15,0,out_of_energy,0,0,1,0,94,13,0,0,0,45,0.04401399652805027,0.2671421214970725,0.0,0.0,0.99,8,exponential
q_learning,sparse_seed4,sparse,4,4a77b6e251,641,225,-11.250000000000025,-10.150000000000022,0.2771258034265061,0.15,0,out_of_energy,0,0,1,0,106,47,0,0,0,49,0.04394058406126067,0.30217194793219015,0.0,0.0,0.99,8,exponential
q_learning,sparse_seed4,sparse,4,4a77b6e251,642,225,-11.250000000000025,-10.150000000000022,0.2765715518196531,0.15,0,out_of_energy,0,0,1,0,96,1,0,0,0,43,0.04473757102716098,0.13956486962701747,0.0,0.0,0.99,8,exponential
q_learning,sparse_seed4,sparse,4,4a77b6e251,643,225,-11.250000000000025,-10.150000000000022,0.2760184087160138,0.15,0,out_of_energy,0,0,1,0,87,9,0,0,0,38,0.04404844282591755,0.25086800953724764,0.0,0.0,0.99,8,exponential
q_learning,sparse_seed4,sparse,4,4a77b6e251,644,225,-11.250000000000025,-10.150000000000022,0.27546637189858175,0.15,0,out_of_energy,0,0,1,0,92,2,6,0,0,29,0.04517712128774191,0.2563056202377383,0.0,0.0,0.99,8,exponential
q_learning,sparse_seed4,sparse,4,4a77b6e251,645,225,-1.2500000000000229,-10.050000000000022,0.2749154391547846,0.15,0,out_of_energy,0,0,1,0,103,3,0,0,1,43,0.08971528143590363,3.6225245683139375,0.0,0.0,0.99,8,exponential
q_learning,sparse_seed4,sparse,4,4a77b6e251,646,225,-11.250000000000025,-10.050000000000022,0.27436560827647505,0.15,0,out_of_energy,0,0,1,0,90,20,2,0,0,47,0.04541490516782204,0.22490572521843094,0.0,0.0,0.99,8,exponential
q_learning,sparse_seed4,sparse,4,4a77b6e251,647,225,-11.250000000000025,-10.150000000000022,0.2738168770599221,0.15,0,out_of_energy,0,0,1,0,118,7,0,0,0,54,0.04406703062646877,0.24643522535367984,0.0,0.0,0.99,8,exponential
q_learning,sparse_seed4,sparse,4,4a77b6e251,648,225,-11.250000000000025,-10.250000000000023,0.2732692433058022,0.15,0,out_of_energy,0,0,1,0,91,3,1,0,0,56,0.045013179313560255,0.21167561716775196,0.0,0.0,0.99,8,exponential
q_learning,sparse_seed4,sparse,4,4a77b6e251,649,225,-11.250000000000025,-10.250000000000023,0.2727227048191906,0.15,0,out_of_energy,0,0,1,0,99,14,0,0,0,55,0.04427752329315363,0.14424939070401965,0.0,0.0,0.99,8,exponential
q_learning,sparse_seed4,sparse,4,4a77b6e251,650,225,-11.250000000000025,-10.250000000000023,0.27217725940955223,0.15,0,out_of_energy,0,0,1,0,102,14,0,0,0,51,0.04459780035251847,0.26604514391979195,0.0,0.0,0.99,8,exponential
q_learning,sparse_seed4,sparse,4,4a77b6e251,651,225,-11.250000000000025,-10.250000000000023,0.2716329048907331,0.15,0,out_of_energy,0,0,1,0,94,18,0,0,0,44,0.044385673264176216,0.14122286051292487,0.0,0.0,0.99,8,exponential
q_learning,sparse_seed4,sparse,4,4a77b6e251,652,225,-11.250000000000025,-10.250000000000023,0.2710896390809516,0.15,0,out_of_energy,0,0,1,0,105,22,0,0,0,47,0.04518516658288138,0.2807330950658288,0.0,0.0,0.99,8,exponential
q_learning,sparse_seed4,sparse,4,4a77b6e251,653,225,-11.250000000000025,-10.250000000000023,0.2705474598027897,0.15,0,out_of_energy,0,0,1,0,98,22,0,0,0,40,0.04463470852305232,0.1888601305428559,0.0,0.0,0.99,8,exponential
q_learning,sparse_seed4,sparse,4,4a77b6e251,654,225,-11.250000000000025,-10.250000000000023,0.27000636488318414,0.15,0,out_of_energy,0,0,1,0,94,21,0,0,0,41,0.0445864716108477,0.24639200533565414,0.0,0.0,0.99,8,exponential
q_learning,sparse_seed4,sparse,4,4a77b6e251,655,225,-11.250000000000025,-10.250000000000023,0.26946635215341774,0.15,0,out_of_energy,0,0,1,0,102,25,0,0,0,47,0.04484601259806062,0.18961945308219025,0.0,0.0,0.99,8,exponential
q_learning,sparse_seed4,sparse,4,4a77b6e251,656,225,-11.250000000000025,-10.250000000000023,0.2689274194491109,0.15,0,out_of_energy,0,0,1,0,91,13,0,0,0,44,0.04513514002000521,0.24184137516643922,0.0,0.0,0.99,8,exponential
q_learning,sparse_seed4,sparse,4,4a77b6e251,657,225,-11.250000000000025,-10.250000000000023,0.2683895646102127,0.15,0,out_of_energy,0,0,1,0,90,38,0,0,0,46,0.04558203108176025,0.22554276185184788,0.0,0.0,0.99,8,exponential
q_learning,sparse_seed4,sparse,4,4a77b6e251,658,225,-11.250000000000025,-10.250000000000023,0.2678527854809923,0.15,0,out_of_energy,0,0,1,0,101,35,0,0,0,43,0.04608977438461638,0.2997653436683269,0.0,0.0,0.99,8,exponential
q_learning,sparse_seed4,sparse,4,4a77b6e251,659,225,-11.250000000000025,-10.250000000000023,0.2673170799100303,0.15,0,out_of_energy,0,0,1,0,95,27,1,0,0,44,0.04468434495624547,0.22361395145017432,0.0,0.0,0.99,8,exponential
q_learning,sparse_seed4,sparse,4,4a77b6e251,660,225,-11.250000000000025,-10.350000000000023,0.2667824457502102,0.15,0,out_of_energy,0,0,1,0,88,12,0,0,0,43,0.04475801423124028,0.2178204334518653,0.0,0.0,0.99,8,exponential
q_learning,sparse_seed4,sparse,4,4a77b6e251,661,225,-11.250000000000025,-10.450000000000022,0.2662488808587098,0.15,0,out_of_energy,0,0,1,0,82,11,4,0,0,36,0.04554036409695358,0.21395028446340442,0.0,0.0,0.99,8,exponential
q_learning,sparse_seed4,sparse,4,4a77b6e251,662,225,-11.250000000000025,-10.550000000000022,0.26571638309699236,0.15,0,out_of_energy,0,0,1,0,94,14,0,0,0,49,0.04387031789481003,0.2185476767276469,0.0,0.0,0.99,8,exponential
q_learning,sparse_seed4,sparse,4,4a77b6e251,663,225,-11.250000000000025,-10.550000000000022,0.26518495033079836,0.15,0,out_of_energy,0,0,1,0,100,2,0,0,0,53,0.044389879610356946,0.22613837233182318,0.0,0.0,0.99,8,exponential
q_learning,sparse_seed4,sparse,4,4a77b6e251,664,225,-11.250000000000025,-10.650000000000023,0.2646545804301368,0.15,0,out_of_energy,0,0,1,0,99,4,0,0,0,46,0.04433490092980245,0.1565260828450088,0.0,0.0,0.99,8,exponential
q_learning,sparse_seed4,sparse,4,4a77b6e251,665,225,-11.250000000000025,-10.650000000000023,0.26412527126927654,0.15,0,out_of_energy,0,0,1,0,87,23,0,0,0,48,0.044606204168949955,0.18437201042073809,0.0,0.0,0.99,8,exponential
q_learning,sparse_seed4,sparse,4,4a77b6e251,666,225,-11.250000000000025,-10.750000000000023,0.26359702072673796,0.15,0,out_of_energy,0,0,1,0,96,14,0,0,0,40,0.04423750481252798,0.22662669562846993,0.0,0.0,0.99,8,exponential
q_learning,sparse_seed4,sparse,4,4a77b6e251,667,225,-11.250000000000025,-10.750000000000023,0.2630698266852845,0.15,0,out_of_energy,0,0,1,0,90,1,0,0,0,42,0.04510442798878157,0.21266629039197887,0.0,0.0,0.99,8,exponential
q_learning,sparse_seed4,sparse,4,4a77b6e251,668,225,-11.250000000000025,-10.750000000000023,0.26254368703191394,0.15,0,out_of_energy,0,0,1,0,97,10,2,0,0,42,0.044015723915273745,0.20291168733642428,0.0,0.0,0.99,8,exponential
q_learning,sparse_seed4,sparse,4,4a77b6e251,669,225,-11.250000000000025,-10.750000000000023,0.2620185996578501,0.15,0,out_of_energy,0,0,1,0,97,6,0,0,0,50,0.04421605047393358,0.19061279854309554,0.0,0.0,0.99,8,exponential
q_learning,sparse_seed4,sparse,4,4a77b6e251,670,225,-11.250000000000025,-10.750000000000023,0.2614945624585344,0.15,0,out_of_energy,0,0,1,0,118,14,0,0,0,40,0.04411489345053429,0.24501770237072257,0.0,0.0,0.99,8,exponential
q_learning,sparse_seed4,sparse,4,4a77b6e251,671,225,-11.250000000000025,-10.750000000000023,0.26097157333361737,0.15,0,out_of_energy,0,0,1,0,92,35,0,0,0,49,0.0458239102188174,0.23545906061455663,0.0,0.0,0.99,8,exponential
q_learning,sparse_seed4,sparse,4,4a77b6e251,672,225,-11.250000000000025,-10.850000000000023,0.2604496301869501,0.15,0,out_of_energy,0,0,1,0,103,14,0,0,0,43,0.044371392869133885,0.25635076983812355,0.0,0.0,0.99,8,exponential
q_learning,sparse_seed4,sparse,4,4a77b6e251,673,225,-11.250000000000025,-10.850000000000023,0.2599287309265762,0.15,0,out_of_energy,0,0,1,0,110,10,0,0,0,39,0.04421521260422913,0.2506394685898813,0.0,0.0,0.99,8,exponential
q_learning,sparse_seed4,sparse,4,4a77b6e251,674,225,-11.250000000000025,-10.850000000000023,0.259408873464723,0.15,0,out_of_energy,0,0,1,0,103,11,0,0,0,34,0.04511238696512311,0.2890072490477327,0.0,0.0,0.99,8,exponential
q_learning,sparse_seed4,sparse,4,4a77b6e251,675,225,-11.250000000000025,-10.850000000000023,0.25889005571779355,0.15,0,out_of_energy,0,0,1,0,94,1,0,0,0,47,0.045484888291619445,0.2022476133490469,0.0,0.0,0.99,8,exponential
q_learning,sparse_seed4,sparse,4,4a77b6e251,676,225,-11.250000000000025,-10.850000000000023,0.25837227560635795,0.15,0,out_of_energy,0,0,1,0,93,12,0,0,0,48,0.04410529258941406,0.1743072388258024,0.0,0.0,0.99,8,exponential
q_learning,sparse_seed4,sparse,4,4a77b6e251,677,225,-11.250000000000025,-10.850000000000023,0.25785553105514525,0.15,0,out_of_energy,0,0,1,0,94,8,0,0,0,48,0.04456274759860116,0.19498658206113562,0.0,0.0,0.99,8,exponential
q_learning,sparse_seed4,sparse,4,4a77b6e251,678,225,-11.250000000000025,-10.850000000000023,0.25733981999303496,0.15,0,out_of_energy,0,0,1,0,93,25,0,0,0,46,0.044379504779524605,0.3054015072509987,0.0,0.0,0.99,8,exponential
q_learning,sparse_seed4,sparse,4,4a77b6e251,679,225,-11.250000000000025,-10.850000000000023,0.2568251403530489,0.15,0,out_of_energy,0,0,1,0,105,23,0,0,0,49,0.04583995743207193,0.37691292496626594,0.0,0.0,0.99,8,exponential
q_learning,sparse_seed4,sparse,4,4a77b6e251,680,225,-11.250000000000025,-10.850000000000023,0.2563114900723428,0.15,0,out_of_energy,0,0,1,0,98,29,0,0,0,44,0.04490430602776145,0.3157487290459141,0.0,0.0,0.99,8,exponential
q_learning,sparse_seed4,sparse,4,4a77b6e251,681,225,-11.250000000000025,-10.850000000000023,0.25579886709219807,0.15,0,out_of_energy,0,0,1,0,101,16,0,0,0,36,0.04481687837471906,0.30322058608316355,0.0,0.0,0.99,8,exponential
q_learning,sparse_seed4,sparse,4,4a77b6e251,682,225,-11.250000000000025,-10.850000000000023,0.25528726935801366,0.15,0,out_of_energy,0,0,1,0,115,2,0,0,0,53,0.04429696309633613,0.28306861041639364,0.0,0.0,0.99,8,exponential
q_learning,sparse_seed4,sparse,4,4a77b6e251,683,225,-11.250000000000025,-10.850000000000023,0.25477669481929766,0.15,0,out_of_energy,0,0,1,0,86,28,0,0,0,46,0.04521451417841645,0.2075453496083034,0.0,0.0,0.99,8,exponential
q_learning,sparse_seed4,sparse,4,4a77b6e251,684,225,-11.250000000000025,-10.850000000000023,0.25426714142965906,0.15,0,out_of_energy,0,0,1,0,93,38,0,0,0,40,0.04435511369631049,0.22791008382380035,0.0,0.0,0.99,8,exponential
q_learning,sparse_seed4,sparse,4,4a77b6e251,685,225,-1.2500000000000042,-10.750000000000023,0.25375860714679976,0.15,0,out_of_energy,0,0,1,0,98,7,0,0,1,38,0.08513756757631982,3.125517382263066,0.0,0.0,0.99,8,exponential
q_learning,sparse_seed4,sparse,4,4a77b6e251,686,225,-11.250000000000025,-10.850000000000025,0.25325108993250617,0.15,0,out_of_energy,0,0,1,0,87,43,0,0,0,53,0.04508371514544966,0.2107970855065076,0.0,0.0,0.99,8,exponential
q_learning,sparse_seed4,sparse,4,4a77b6e251,687,225,-11.250000000000025,-10.850000000000025,0.25274458775264114,0.15,0,out_of_energy,0,0,1,0,111,13,0,0,0,56,0.043956153648287345,0.13441787402994482,0.0,0.0,0.99,8,exponential
q_learning,sparse_seed4,sparse,4,4a77b6e251,688,225,-11.250000000000025,-10.850000000000025,0.25223909857713583,0.15,0,out_of_energy,0,0,1,0,97,7,0,0,0,52,0.04447739603658527,0.30068280139336273,0.0,0.0,0.99,8,exponential
q_learning,sparse_seed4,sparse,4,4a77b6e251,689,225,-11.250000000000025,-10.950000000000024,0.25173462037998157,0.15,0,out_of_energy,0,0,1,0,106,27,0,0,0,41,0.04414880606649714,0.24882549340669052,0.0,0.0,0.99,8,exponential
q_learning,sparse_seed4,sparse,4,4a77b6e251,690,225,-11.250000000000025,-10.950000000000024,0.2512311511392216,0.15,0,out_of_energy,0,0,1,0,94,12,0,0,0,35,0.044908266092929854,0.21123431354734354,0.0,0.0,0.99,8,exponential
q_learning,sparse_seed4,sparse,4,4a77b6e251,691,225,-11.250000000000025,-10.950000000000024,0.25072868883694316,0.15,0,out_of_energy,0,0,1,0,94,5,3,0,0,45,0.045494028934217806,0.2326520638321286,0.0,0.0,0.99,8,exponential
q_learning,sparse_seed4,sparse,4,4a77b6e251,692,225,-11.250000000000025,-10.950000000000024,0.2502272314592693,0.15,0,out_of_energy,0,0,1,0,104,14,0,0,0,45,0.044200027894878945,0.21691151943731884,0.0,0.0,0.99,8,exponential
q_learning,sparse_seed4,sparse,4,4a77b6e251,693,225,-11.250000000000025,-10.950000000000024,0.24972677699635074,0.15,0,out_of_energy,0,0,1,0,100,23,0,0,0,46,0.046098829856005115,0.22203581869916478,0.0,0.0,0.99,8,exponential
q_learning,sparse_seed4,sparse,4,4a77b6e251,694,225,-11.250000000000025,-10.950000000000024,0.24922732344235804,0.15,0,out_of_energy,0,0,1,0,93,18,1,0,0,58,0.045118809983399365,0.2159372309234216,0.0,0.0,0.99,8,exponential
q_learning,sparse_seed4,sparse,4,4a77b6e251,695,225,-11.250000000000025,-10.950000000000024,0.24872886879547332,0.15,0,out_of_energy,0,0,1,0,86,4,0,0,0,42,0.04458267654863,0.2444934678567461,0.0,0.0,0.99,8,exponential
q_learning,sparse_seed4,sparse,4,4a77b6e251,696,225,-11.250000000000025,-10.950000000000024,0.24823141105788238,0.15,0,out_of_energy,0,0,1,0,95,6,3,0,0,37,0.04557629510565697,0.3178086366709033,0.0,0.0,0.99,8,exponential
q_learning,sparse_seed4,sparse,4,4a77b6e251,697,225,-11.250000000000025,-10.950000000000024,0.2477349482357666,0.15,0,out_of_energy,0,0,1,0,112,16,0,0,0,45,0.04484168080279046,0.32916691272248727,0.0,0.0,0.99,8,exponential
q_learning,sparse_seed4,sparse,4,4a77b6e251,698,225,-11.250000000000025,-11.050000000000026,0.24723947833929508,0.15,0,out_of_energy,0,0,1,0,87,16,4,0,0,60,0.04395092165348254,0.15931616967965412,0.0,0.0,0.99,8,exponential
q_learning,sparse_seed4,sparse,4,4a77b6e251,699,225,-11.250000000000025,-11.050000000000026,0.2467449993826165,0.15,0,out_of_energy,0,0,1,0,84,51,0,0,0,36,0.04512654280565893,0.3600881775711076,0.0,0.0,0.99,8,exponential
q_learning,sparse_seed4,sparse,4,4a77b6e251,700,225,-11.250000000000025,-11.050000000000026,0.24625150938385126,0.15,0,out_of_energy,0,0,1,0,106,4,0,0,0,51,0.0446675047901722,0.24291657685859552,0.0,0.0,0.99,8,exponential
q_learning,sparse_seed4,sparse,4,4a77b6e251,701,225,-11.250000000000025,-11.050000000000026,0.24575900636508355,0.15,0,out_of_energy,0,0,1,0,97,14,0,0,0,31,0.04475679288228208,0.292102373254232,0.0,0.0,0.99,8,exponential
q_learning,sparse_seed4,sparse,4,4a77b6e251,702,225,-11.250000000000025,-11.050000000000026,0.24526748835235337,0.15,0,out_of_energy,0,0,1,0,93,8,0,0,0,51,0.044070408136274816,0.26381060274877854,0.0,0.0,0.99,8,exponential
q_learning,sparse_seed4,sparse,4,4a77b6e251,703,225,-11.250000000000025,-11.050000000000026,0.24477695337564867,0.15,0,out_of_energy,0,0,1,0,89,9,4,0,0,43,0.04523793144824356,0.2570520322614193,0.0,0.0,0.99,8,exponential
q_learning,sparse_seed4,sparse,4,4a77b6e251,704,225,-11.250000000000025,-11.050000000000026,0.24428739946889738,0.15,0,out_of_energy,0,0,1,0,94,5,3,0,0,36,0.044653438818271364,0.2851794853480603,0.0,0.0,0.99,8,exponential
q_learning,sparse_seed4,sparse,4,4a77b6e251,705,225,-11.250000000000025,-11.050000000000026,0.24379882466995959,0.15,0,out_of_energy,0,0,1,0,112,4,0,0,0,37,0.044575395114346224,0.26946398815787387,0.0,0.0,0.99,8,exponential
q_learning,sparse_seed4,sparse,4,4a77b6e251,706,225,-11.250000000000025,-11.050000000000026,0.24331122702061966,0.15,0,out_of_energy,0,0,1,0,84,5,5,0,0,38,0.045119476171400046,0.40568790141204436,0.0,0.0,0.99,8,exponential
q_learning,sparse_seed4,sparse,4,4a77b6e251,707,225,-11.250000000000025,-11.050000000000026,0.24282460456657842,0.15,0,out_of_energy,0,0,1,0,98,21,0,0,0,38,0.044781950793770696,0.2566014196174844,0.0,0.0,0.99,8,exponential
q_learning,sparse_seed4,sparse,4,4a77b6e251,708,225,-11.250000000000025,-11.050000000000026,0.24233895535744526,0.15,0,out_of_energy,0,0,1,0,101,29,0,0,0,45,0.04408939766603497,0.2561571767357023,0.0,0.0,0.99,8,exponential
q_learning,sparse_seed4,sparse,4,4a77b6e251,709,225,-11.250000000000025,-11.050000000000026,0.24185427744673038,0.15,0,out_of_energy,0,0,1,0,90,12,0,0,0,42,0.045746281175503244,0.2881029813650853,0.0,0.0,0.99,8,exponential
q_learning,sparse_seed4,sparse,4,4a77b6e251,710,225,-11.250000000000025,-11.050000000000026,0.24137056889183692,0.15,0,out_of_energy,0,0,1,0,105,15,0,0,0,49,0.044857606135662656,0.2301661115129422,0.0,0.0,0.99,8,exponential
q_learning,sparse_seed4,sparse,4,4a77b6e251,711,225,-11.250000000000025,-11.050000000000026,0.24088782775405324,0.15,0,out_of_energy,0,0,1,0,103,5,0,0,0,51,0.04494133921215012,0.2312135059175907,0.0,0.0,0.99,8,exponential
q_learning,sparse_seed4,sparse,4,4a77b6e251,712,225,-11.250000000000025,-11.050000000000026,0.24040605209854513,0.15,0,out_of_energy,0,0,1,0,110,13,0,0,0,37,0.04492947854034205,0.3196599721401043,0.0,0.0,0.99,8,exponential
q_learning,sparse_seed4,sparse,4,4a77b6e251,713,225,-11.250000000000025,-11.050000000000026,0.23992523999434803,0.15,0,out_of_energy,0,0,1,0,99,16,1,0,0,51,0.04476297501808544,0.20043536941241785,0.0,0.0,0.99,8,exponential
q_learning,sparse_seed4,sparse,4,4a77b6e251,714,225,-11.250000000000025,-11.050000000000026,0.23944538951435934,0.15,0,out_of_energy,0,0,1,0,100,9,0,0,0,49,0.04428024688251642,0.26165755433299237,0.0,0.0,0.99,8,exponential
q_learning,sparse_seed4,sparse,4,4a77b6e251,715,225,-11.250000000000025,-11.050000000000026,0.23896649873533063,0.15,0,out_of_energy,0,0,1,0,92,12,2,0,0,47,0.04335824866940797,0.2245636292433411,0.0,0.0,0.99,8,exponential
q_learning,sparse_seed4,sparse,4,4a77b6e251,716,225,-11.250000000000025,-11.050000000000026,0.23848856573785998,0.15,0,out_of_energy,0,0,1,0,96,5,2,0,0,40,0.04494405634317251,0.21869568536126255,0.0,0.0,0.99,8,exponential
q_learning,sparse_seed4,sparse,4,4a77b6e251,717,225,-11.250000000000025,-11.050000000000026,0.23801158860638427,0.15,0,out_of_energy,0,0,1,0,97,19,0,0,0,38,0.044728928327340274,0.300117111109715,0.0,0.0,0.99,8,exponential
q_learning,sparse_seed4,sparse,4,4a77b6e251,718,225,-11.250000000000025,-11.050000000000026,0.2375355654291715,0.15,0,out_of_energy,0,0,1,0,94,12,0,0,0,49,0.04514549457771878,0.21974501000893265,0.0,0.0,0.99,8,exponential
q_learning,sparse_seed4,sparse,4,4a77b6e251,719,225,-11.250000000000025,-11.050000000000026,0.23706049429831316,0.15,0,out_of_energy,0,0,1,0,92,15,0,0,0,44,0.04406112202145421,0.2088740860063032,0.0,0.0,0.99,8,exponential
q_learning,sparse_seed4,sparse,4,4a77b6e251,720,225,-11.250000000000025,-11.050000000000026,0.23658637330971655,0.15,0,out_of_energy,0,0,1,0,106,22,0,0,0,36,0.04498871822031559,0.3252207249887779,0.0,0.0,0.99,8,exponential
q_learning,sparse_seed4,sparse,4,4a77b6e251,721,225,-1.2499999999999822,-10.950000000000024,0.23611320056309712,0.15,0,out_of_energy,0,0,1,0,113,10,0,0,1,53,0.09485488102496614,8.462762143887453,0.0,0.0,0.99,8,exponential
q_learning,sparse_seed4,sparse,4,4a77b6e251,722,225,-11.250000000000025,-10.950000000000024,0.2356409741619709,0.15,0,out_of_energy,0,0,1,0,100,25,0,0,0,56,0.04468190713772937,0.22004590496501192,0.0,0.0,0.99,8,exponential
q_learning,sparse_seed4,sparse,4,4a77b6e251,723,225,-11.250000000000025,-10.950000000000024,0.23516969221364697,0.15,0,out_of_energy,0,0,1,0,91,18,0,0,0,41,0.04401883031753508,0.20209464426770096,0.0,0.0,0.99,8,exponential
q_learning,sparse_seed4,sparse,4,4a77b6e251,724,225,-11.250000000000025,-10.950000000000024,0.2346993528292197,0.15,0,out_of_energy,0,0,1,0,100,18,0,0,0,50,0.044253647008908166,0.28708053292027935,0.0,0.0,0.99,8,exponential
q_learning,sparse_seed4,sparse,4,4a77b6e251,725,225,-11.250000000000025,-10.950000000000022,0.23422995412356126,0.15,0,out_of_energy,0,0,1,0,103,7,0,0,0,49,0.04504089454326853,0.2968717094467844,0.0,0.0,0.99,8,exponential
q_learning,sparse_seed4,sparse,4,4a77b6e251,726,225,-11.250000000000025,-10.950000000000022,0.23376149421531414,0.15,0,out_of_energy,0,0,1,0,99,22,0,0,0,44,0.0449968480312476,0.31171547111636544,0.0,0.0,0.99,8,exponential
q_learning,sparse_seed4,sparse,4,4a77b6e251,727,225,-11.250000000000025,-10.950000000000022,0.2332939712268835,0.15,0,out_of_energy,0,0,1,0,86,24,0,0,0,52,0.04456766164572536,0.30534355983057243,0.0,0.0,0.99,8,exponential
q_learning,sparse_seed4,sparse,4,4a77b6e251,728,225,-11.250000000000025,-10.950000000000022,0.23282738328442973,0.15,0,out_of_energy,0,0,1,0,82,1,0,0,0,49,0.04487081161027982,0.23201404511852763,0.0,0.0,0.99,8,exponential
q_learning,sparse_seed4,sparse,4,4a77b6e251,729,225,-11.250000000000025,-10.950000000000022,0.23236172851786085,0.15,0,out_of_energy,0,0,1,0,84,8,2,0,0,29,0.04468498410635214,0.22000711308126025,0.0,0.0,0.99,8,exponential
q_learning,sparse_seed4,sparse,4,4a77b6e251,730,225,-11.250000000000025,-10.950000000000022,0.23189700506082514,0.15,0,out_of_energy,0,0,1,0,98,16,0,0,0,36,0.0444421066256488,0.31414592287074655,0.0,0.0,0.99,8,exponential
q_learning,sparse_seed4,sparse,4,4a77b6e251,731,225,-11.250000000000025,-10.950000000000022,0.2314332110507035,0.15,0,out_of_energy,0,0,1,0,92,6,0,0,0,45,0.044710110803889556,0.23203632131741309,0.0,0.0,0.99,8,exponential
q_learning,sparse_seed4,sparse,4,4a77b6e251,732,225,-11.250000000000025,-10.950000000000022,0.23097034462860208,0.15,0,out_of_energy,0,0,1,0,114,6,0,0,0,44,0.044076873638591786,0.1810798336654421,0.0,0.0,0.99,8,exponential
q_learning,sparse_seed4,sparse,4,4a77b6e251,733,225,-11.250000000000025,-10.950000000000022,0.23050840393934488,0.15,0,out_of_energy,0,0,1,0,110,5,0,0,0,57,0.04452724287230135,0.2550954672139586,0.0,0.0,0.99,8,exponential
q_learning,sparse_seed4,sparse,4,4a77b6e251,734,225,-11.250000000000025,-10.950000000000022,0.2300473871314662,0.15,0,out_of_energy,0,0,1,0,85,5,0,0,0,35,0.04434291352292431,0.2215728400759141,0.0,0.0,0.99,8,exponential
q_learning,sparse_seed4,sparse,4,4a77b6e251,735,225,-11.250000000000025,-10.950000000000022,0.22958729235720327,0.15,0,out_of_energy,0,0,1,0,96,37,1,0,0,50,0.0440060456294298,0.23808495508147332,0.0,0.0,0.99,8,exponential
q_learning,sparse_seed4,sparse,4,4a77b6e251,736,225,-1.2499999999999822,-10.850000000000023,0.22912811777248887,0.15,0,out_of_energy,0,0,1,0,113,15,0,0,1,54,0.10985901045352386,6.214757963885862,0.0,0.0,0.99,8,exponential
q_learning,sparse_seed4,sparse,4,4a77b6e251,737,225,-11.250000000000025,-10.850000000000023,0.22866986153694388,0.15,0,out_of_energy,0,0,1,0,101,11,0,0,0,51,0.043861128846746276,0.3274167292613082,0.0,0.0,0.99,8,exponential
q_learning,sparse_seed4,sparse,4,4a77b6e251,738,225,-11.250000000000025,-10.850000000000023,0.22821252181387,0.15,0,out_of_energy,0,0,1,0,82,11,6,0,0,46,0.044387765513495825,0.22673203571816128,0.0,0.0,0.99,8,exponential
q_learning,sparse_seed4,sparse,4,4a77b6e251,739,225,-11.250000000000025,-10.850000000000023,0.22775609677024225,0.15,0,out_of_energy,0,0,1,0,81,7,0,0,0,51,0.045642813965908566,0.2908796688006308,0.0,0.0,0.99,8,exponential
q_learning,sparse_seed4,sparse,4,4a77b6e251,740,225,-1.2499999999999822,-10.750000000000023,0.22730058457670177,0.15,0,out_of_energy,0,0,1,0,95,18,0,0,1,43,0.08665320226706456,4.408822547173739,0.0,0.0,0.99,8,exponential
q_learning,sparse_seed4,sparse,4,4a77b6e251,741,225,-11.250000000000025,-10.750000000000023,0.22684598340754836,0.15,0,out_of_energy,0,0,1,0,102,4,0,0,0,45,0.04567811516246651,0.3617876405519921,0.0,0.0,0.99,8,exponential
q_learning,sparse_seed4,sparse,4,4a77b6e251,742,225,-11.250000000000025,-10.750000000000023,0.22639229144073325,0.15,0,out_of_energy,0,0,1,0,90,29,0,0,0,49,0.04441923297486934,0.3711164917040129,0.0,0.0,0.99,8,exponential
q_learning,sparse_seed4,sparse,4,4a77b6e251,743,225,-11.250000000000025,-10.750000000000023,0.22593950685785177,0.15,0,out_of_energy,0,0,1,0,99,8,0,0,0,39,0.04425637642363768,0.2165055349677677,0.0,0.0,0.99,8,exponential
q_learning,sparse_seed4,sparse,4,4a77b6e251,744,225,-1.2499999999999822,-10.650000000000023,0.22548762784413606,0.15,0,out_of_energy,0,0,1,0,99,13,0,0,1,45,0.08645282613131905,3.740140740004553,0.0,0.0,0.99,8,exponential
q_learning,sparse_seed4,sparse,4,4a77b6e251,745,225,-11.250000000000025,-10.750000000000023,0.2250366525884478,0.15,0,out_of_energy,0,0,1,0,118,13,0,0,0,39,0.04488469962383712,0.3436200524844284,0.0,0.0,0.99,8,exponential
q_learning,sparse_seed4,sparse,4,4a77b6e251,746,225,-11.250000000000025,-10.750000000000023,0.2245865792832709,0.15,0,out_of_energy,0,0,1,0,85,15,0,0,0,37,0.04439331314176587,0.2003028568005823,0.0,0.0,0.99,8,exponential
q_learning,sparse_seed4,sparse,4,4a77b6e251,747,225,-11.250000000000025,-10.750000000000023,0.22413740612470434,0.15,0,out_of_energy,0,0,1,0,107,8,0,0,0,44,0.04403054051151736,0.2313723862670531,0.0,0.0,0.99,8,exponential
q_learning,sparse_seed4,sparse,4,4a77b6e251,748,225,-1.2499999999999822,-10.650000000000023,0.22368913131245494,0.15,0,out_of_energy,0,0,1,0,98,10,0,0,1,40,0.12720410282955155,3.638005264150444,0.0,0.0,0.99,8,exponential
q_learning,sparse_seed4,sparse,4,4a77b6e251,749,225,-11.250000000000025,-10.650000000000023,0.22324175304983002,0.15,0,out_of_energy,0,0,1,0,100,15,0,0,0,47,0.04535483576115219,0.2243867284285036,0.0,0.0,0.99,8,exponential
q_learning,sparse_seed4,sparse,4,4a77b6e251,750,225,-11.250000000000025,-10.650000000000023,0.22279526954373036,0.15,0,out_of_energy,0,0,1,0,89,3,0,0,0,48,0.04508016165750523,0.1936450548142063,0.0,0.0,0.99,8,exponential
q_learning,sparse_seed4,sparse,4,4a77b6e251,751,225,-11.250000000000025,-10.650000000000023,0.2223496790046429,0.15,0,out_of_energy,0,0,1,0,110,1,0,0,0,53,0.04482169838840182,0.1979017664172612,0.0,0.0,0.99,8,exponential
q_learning,sparse_seed4,sparse,4,4a77b6e251,752,225,-11.250000000000025,-10.650000000000023,0.2219049796466336,0.15,0,out_of_energy,0,0,1,0,109,12,0,0,0,48,0.04470415295077402,0.24552044563336634,0.0,0.0,0.99,8,exponential
q_learning,sparse_seed4,sparse,4,4a77b6e251,753,225,-11.250000000000025,-10.650000000000023,0.22146116968734034,0.15,0,out_of_energy,0,0,1,0,101,23,0,0,0,45,0.04492491595063418,0.246192767407112,0.0,0.0,0.99,8,exponential
q_learning,sparse_seed4,sparse,4,4a77b6e251,754,225,-11.250000000000025,-10.650000000000023,0.22101824734796566,0.15,0,out_of_energy,0,0,1,0,105,1,0,0,0,45,0.04440953386344087,0.27177491369255424,0.0,0.0,0.99,8,exponential
q_learning,sparse_seed4,sparse,4,4a77b6e251,755,225,-11.250000000000025,-10.650000000000023,0.22057621085326973,0.15,0,out_of_energy,0,0,1,0,110,26,0,0,0,47,0.045559992846067446,0.3662390649176343,0.0,0.0,0.99,8,exponential
q_learning,sparse_seed4,sparse,4,4a77b6e251,756,225,-11.250000000000025,-10.650000000000023,0.2201350584315632,0.15,0,out_of_energy,0,0,1,0,94,24,0,0,0,44,0.04420496019705835,0.27061903191771486,0.0,0.0,0.99,8,exponential
q_learning,sparse_seed4,sparse,4,4a77b6e251,757,225,-11.250000000000025,-10.650000000000023,0.21969478831470007,0.15,0,out_of_energy,0,0,1,0,100,18,0,0,0,63,0.04422330988887153,0.23236948887052306,0.0,0.0,0.99,8,exponential
q_learning,sparse_seed4,sparse,4,4a77b6e251,758,225,-11.250000000000025,-10.650000000000023,0.21925539873807068,0.15,0,out_of_energy,0,0,1,0,100,16,0,0,0,37,0.045246041468687034,0.3588742292197487,0.0,0.0,0.99,8,exponential
q_learning,sparse_seed4,sparse,4,4a77b6e251,759,225,-11.250000000000025,-10.650000000000023,0.21881688794059453,0.15,0,out_of_energy,0,0,1,0,106,8,0,0,0,52,0.044468010096793374,0.20874772093862587,0.0,0.0,0.99,8,exponential
q_learning,sparse_seed4,sparse,4,4a77b6e251,760,225,-11.250000000000025,-10.650000000000023,0.21837925416471335,0.15,0,out_of_energy,0,0,1,0,94,39,0,0,0,33,0.04566958562669137,0.2205143435376422,0.0,0.0,0.99,8,exponential
q_learning,sparse_seed4,sparse,4,4a77b6e251,761,225,-11.250000000000025,-10.650000000000023,0.21794249565638393,0.15,0,out_of_energy,0,0,1,0,99,18,0,0,0,55,0.04406823423792757,0.3323172949263858,0.0,0.0,0.99,8,exponential
q_learning,sparse_seed4,sparse,4,4a77b6e251,762,225,-11.250000000000025,-10.650000000000023,0.21750661066507115,0.15,0,out_of_energy,0,0,1,0,89,6,0,0,0,41,0.04404296193403002,0.29629201949107886,0.0,0.0,0.99,8,exponential
q_learning,sparse_seed4,sparse,4,4a77b6e251,763,225,-11.250000000000025,-10.650000000000023,0.21707159744374102,0.15,0,out_of_energy,0,0,1,0,103,1,0,0,0,51,0.04415575612503475,0.22544301340859763,0.0,0.0,0.99,8,exponential
q_learning,sparse_seed4,sparse,4,4a77b6e251,764,225,-11.250000000000025,-10.650000000000023,0.21663745424885353,0.15,0,out_of_energy,0,0,1,0,110,1,0,0,0,49,0.04414048877312974,0.2034599591900139,0.0,0.0,0.99,8,exponential
q_learning,sparse_seed4,sparse,4,4a77b6e251,765,225,-11.250000000000025,-10.650000000000023,0.21620417934035582,0.15,0,out_of_energy,0,0,1,0,89,5,0,0,0,48,0.0459559511150171,0.3851008040626076,0.0,0.0,0.99,8,exponential
q_learning,sparse_seed4,sparse,4,4a77b6e251,766,225,-1.2499999999999822,-10.550000000000022,0.2157717709816751,0.15,0,out_of_energy,0,0,1,0,95,11,0,0,1,47,0.09599458508835451,3.5639360830745868,0.0,0.0,0.99,8,exponential
q_learning,sparse_seed4,sparse,4,4a77b6e251,767,225,-11.250000000000025,-10.550000000000022,0.21534022743971176,0.15,0,out_of_energy,0,0,1,0,102,10,0,0,0,49,0.044770895502989516,0.18754349283178923,0.0,0.0,0.99,8,exponential
q_learning,sparse_seed4,sparse,4,4a77b6e251,768,225,-11.250000000000025,-10.550000000000022,0.21490954698483233,0.15,0,out_of_energy,0,0,1,0,108,13,0,0,0,53,0.044879033025095307,0.21932204117453197,0.0,0.0,0.99,8,exponential
q_learning,sparse_seed4,sparse,4,4a77b6e251,769,225,-11.250000000000025,-10.550000000000022,0.21447972789086267,0.15,0,out_of_energy,0,0,1,0,94,14,0,0,0,49,0.04460906799995609,0.24486055697112102,0.0,0.0,0.99,8,exponential
q_learning,sparse_seed4,sparse,4,4a77b6e251,770,225,-1.2499999999999822,-10.450000000000022,0.21405076843508095,0.15,0,out_of_energy,0,0,1,0,103,7,0,0,1,39,0.09692678257726978,5.5345240316566064,0.0,0.0,0.99,8,exponential
q_learning,sparse_seed4,sparse,4,4a77b6e251,771,225,-1.2499999999999822,-10.350000000000023,0.21362266689821077,0.15,0,out_of_energy,0,0,1,0,101,11,0,0,1,44,0.11521506141386453,6.777929037811635,0.0,0.0,0.99,8,exponential
q_learning,sparse_seed4,sparse,4,4a77b6e251,772,225,-11.250000000000025,-10.350000000000023,0.21319542156441434,0.15,0,out_of_energy,0,0,1,0,108,5,0,0,0,38,0.07837938749374615,4.029373446650535,0.0,0.0,0.99,8,exponential
q_learning,sparse_seed4,sparse,4,4a77b6e251,773,225,-11.250000000000025,-10.350000000000023,0.21276903072128553,0.15,0,out_of_energy,0,0,1,0,95,8,0,0,0,42,0.0448825449870064,0.20829564738620554,0.0,0.0,0.99,8,exponential
q_learning,sparse_seed4,sparse,4,4a77b6e251,774,225,-11.250000000000025,-10.350000000000023,0.21234349265984295,0.15,0,out_of_energy,0,0,1,0,97,24,0,0,0,39,0.04458819752328641,0.2827447467828048,0.0,0.0,0.99,8,exponential
q_learning,sparse_seed4,sparse,4,4a77b6e251,775,225,-11.250000000000025,-10.350000000000023,0.21191880567452326,0.15,0,out_of_energy,0,0,1,0,100,28,0,0,0,36,0.04491549807456373,0.24319567680119036,0.0,0.0,0.99,8,exponential
q_learning,sparse_seed4,sparse,4,4a77b6e251,776,225,-11.250000000000025,-10.350000000000023,0.21149496806317422,0.15,0,out_of_energy,0,0,1,0,108,6,0,0,0,33,0.04508368618929779,0.2823649714537959,0.0,0.0,0.99,8,exponential
q_learning,sparse_seed4,sparse,4,4a77b6e251,777,225,-11.250000000000025,-10.350000000000023,0.21107197812704787,0.15,0,out_of_energy,0,0,1,0,94,2,0,0,0,48,0.04337436292666485,0.19515071742051626,0.0,0.0,0.99,8,exponential
q_learning,sparse_seed4,sparse,4,4a77b6e251,778,225,-11.250000000000025,-10.350000000000023,0.21064983417079378,0.15,0,out_of_energy,0,0,1,0,99,18,3,0,0,25,0.04469397724289906,0.3362694238118403,0.0,0.0,0.99,8,exponential
q_learning,sparse_seed4,sparse,4,4a77b6e251,779,225,-11.250000000000025,-10.350000000000023,0.21022853450245219,0.15,0,out_of_energy,0,0,1,0,90,20,2,0,0,44,0.04591366204584061,0.339289721848627,0.0,0.0,0.99,8,exponential
q_learning,sparse_seed4,sparse,4,4a77b6e251,780,225,-11.250000000000025,-10.350000000000023,0.2098080774334473,0.15,0,out_of_energy,0,0,1,0,98,11,0,0,0,45,0.04529225962998218,0.24071712087853275,0.0,0.0,0.99,8,exponential
q_learning,sparse_seed4,sparse,4,4a77b6e251,781,225,-11.250000000000025,-10.350000000000023,0.20938846127858038,0.15,0,out_of_energy,0,0,1,0,85,20,0,0,0,36,0.04515599702756589,0.33973318739729985,0.0,0.0,0.99,8,exponential
q_learning,sparse_seed4,sparse,4,4a77b6e251,782,225,-11.250000000000025,-10.350000000000023,0.20896968435602323,0.15,0,out_of_energy,0,0,1,0,89,20,3,0,0,43,0.04500775982380844,0.29563022245945025,0.0,0.0,0.99,8,exponential
q_learning,sparse_seed4,sparse,4,4a77b6e251,783,225,-11.250000000000025,-10.350000000000023,0.2085517449873112,0.15,0,out_of_energy,0,0,1,0,88,34,1,0,0,51,0.045154571933507186,0.2986345133967756,0.0,0.0,0.99,8,exponential
q_learning,sparse_seed4,sparse,4,4a77b6e251,784,225,-11.250000000000025,-10.350000000000023,0.20813464149733657,0.15,0,out_of_energy,0,0,1,0,97,7,0,0,0,47,0.044573742295969374,0.22276163609115307,0.0,0.0,0.99,8,exponential
q_learning,sparse_seed4,sparse,4,4a77b6e251,785,225,-11.250000000000025,-10.450000000000022,0.2077183722143419,0.15,0,out_of_energy,0,0,1,0,101,32,0,0,0,53,0.044731186612299544,0.3152810215606745,0.0,0.0,0.99,8,exponential
q_learning,sparse_seed4,sparse,4,4a77b6e251,786,225,-11.250000000000025,-10.450000000000022,0.2073029354699132,0.15,0,out_of_energy,0,0,1,0,118,2,0,0,0,35,0.043815493755412376,0.22510036366347888,0.0,0.0,0.99,8,exponential
q_learning,sparse_seed4,sparse,4,4a77b6e251,787,225,-11.250000000000025,-10.450000000000022,0.20688832959897338,0.15,0,out_of_energy,0,0,1,0,88,13,0,0,0,32,0.04508627279346685,0.2563034765363927,0.0,0.0,0.99,8,exponential
q_learning,sparse_seed4,sparse,4,4a77b6e251,788,225,-11.250000000000025,-10.450000000000022,0.20647455293977543,0.15,0,out_of_energy,0,0,1,0,82,16,7,0,0,38,0.0455418893761929,0.3355647531292744,0.0,0.0,0.99,8,exponential
q_learning,sparse_seed4,sparse,4,4a77b6e251,789,225,-11.250000000000025,-10.450000000000022,0.20606160383389588,0.15,0,out_of_energy,0,0,1,0,90,1,0,0,0,42,0.04453107508547432,0.2736503353841977,0.0,0.0,0.99,8,exponential
q_learning,sparse_seed4,sparse,4,4a77b6e251,790,225,-11.250000000000025,-10.450000000000022,0.2056494806262281,0.15,0,out_of_energy,0,0,1,0,94,28,4,0,0,37,0.04536464479962968,0.2651968444196799,0.0,0.0,0.99,8,exponential
q_learning,sparse_seed4,sparse,4,4a77b6e251,791,225,-11.250000000000025,-10.450000000000022,0.20523818166497565,0.15,0,out_of_energy,0,0,1,0,93,22,0,0,0,41,0.044428816647211565,0.2608111165893006,0.0,0.0,0.99,8,exponential
q_learning,sparse_seed4,sparse,4,4a77b6e251,792,225,-11.250000000000025,-10.450000000000022,0.2048277053016457,0.15,0,out_of_energy,0,0,1,0,84,19,3,0,0,48,0.04486369310438827,0.3184733753872154,0.0,0.0,0.99,8,exponential
q_learning,sparse_seed4,sparse,4,4a77b6e251,793,225,-11.250000000000025,-10.450000000000022,0.20441804989104242,0.15,0,out_of_energy,0,0,1,0,85,24,0,0,0,39,0.044899653818548727,0.2505397309884609,0.0,0.0,0.99,8,exponential
q_learning,sparse_seed4,sparse,4,4a77b6e251,794,225,-11.250000000000025,-10.450000000000022,0.20400921379126033,0.15,0,out_of_energy,0,0,1,0,91,11,1,0,0,45,0.04557139430705154,0.3074582227501585,0.0,0.0,0.99,8,exponential
q_learning,sparse_seed4,sparse,4,4a77b6e251,795,225,-11.250000000000025,-10.450000000000022,0.20360119536367782,0.15,0,out_of_energy,0,0,1,0,101,13,5,0,0,47,0.045062721174518254,0.3223127313405992,0.0,0.0,0.99,8,exponential
q_learning,sparse_seed4,sparse,4,4a77b6e251,796,225,-11.250000000000025,-10.450000000000022,0.20319399297295046,0.15,0,out_of_energy,0,0,1,0,99,17,0,0,0,47,0.0449000794508597,0.3315305342761101,0.0,0.0,0.99,8,exponential
q_learning,sparse_seed4,sparse,4,4a77b6e251,797,225,-11.250000000000025,-10.450000000000022,0.20278760498700457,0.15,0,out_of_energy,0,0,1,0,81,26,1,0,0,52,0.04434685062938087,0.2907834671808865,0.0,0.0,0.99,8,exponential
q_learning,sparse_seed4,sparse,4,4a77b6e251,798,225,-11.250000000000025,-10.450000000000022,0.20238202977703057,0.15,0,out_of_energy,0,0,1,0,91,5,0,0,0,45,0.04496768822853375,0.2338600371413922,0.0,0.0,0.99,8,exponential
q_learning,sparse_seed4,sparse,4,4a77b6e251,799,225,-11.250000000000025,-10.450000000000022,0.2019772657174765,0.15,0,out_of_energy,0,0,1,0,77,24,9,0,0,33,0.044587881346642516,0.2697497211789046,0.0,0.0,0.99,8,exponential
q_learning,sparse_seed4,sparse,4,4a77b6e251,800,225,-11.250000000000025,-10.450000000000022,0.20157331118604155,0.15,0,out_of_energy,0,0,1,0,100,9,0,0,0,48,0.04496277281015222,0.24621880047658912,0.0,0.0,0.99,8,exponential
q_learning,sparse_seed4,sparse,4,4a77b6e251,801,225,-11.250000000000025,-10.450000000000022,0.20117016456366946,0.15,0,out_of_energy,0,0,1,0,94,22,3,0,0,42,0.044220981042728306,0.26891031166407364,0.0,0.0,0.99,8,exponential
q_learning,sparse_seed4,sparse,4,4a77b6e251,802,225,-11.250000000000025,-10.450000000000022,0.20076782423454212,0.15,0,out_of_energy,0,0,1,0,92,5,0,0,0,37,0.04412656340796897,0.2193289392690677,0.0,0.0,0.99,8,exponential
q_learning,sparse_seed4,sparse,4,4a77b6e251,803,225,-11.250000000000025,-10.450000000000022,0.20036628858607303,0.15,0,out_of_energy,0,0,1,0,86,9,0,0,0,38,0.04474687130132726,0.16886056087031542,0.0,0.0,0.99,8,exponential
q_learning,sparse_seed4,sparse,4,4a77b6e251,804,225,-1.2500000000000162,-10.350000000000023,0.19996555600890087,0.15,0,out_of_energy,0,0,1,0,88,2,0,0,1,46,0.08529103926612978,4.0730710660290965,0.0,0.0,0.99,8,exponential
q_learning,sparse_seed4,sparse,4,4a77b6e251,805,225,-11.250000000000025,-10.350000000000023,0.19956562489688306,0.15,0,out_of_energy,0,0,1,0,90,5,1,0,0,39,0.0460969491299853,0.25781528226966954,0.0,0.0,0.99,8,exponential
q_learning,sparse_seed4,sparse,4,4a77b6e251,806,225,-11.250000000000025,-10.350000000000023,0.1991664936470893,0.15,0,out_of_energy,0,0,1,0,90,26,0,0,0,42,0.04506009729820226,0.2524369488141689,0.0,0.0,0.99,8,exponential
q_learning,sparse_seed4,sparse,4,4a77b6e251,807,225,-11.250000000000025,-10.350000000000023,0.1987681606597951,0.15,0,out_of_energy,0,0,1,0,82,5,2,0,0,50,0.04546961978675304,0.3773985395374885,0.0,0.0,0.99,8,exponential
q_learning,sparse_seed4,sparse,4,4a77b6e251,808,225,-11.250000000000025,-10.350000000000023,0.19837062433847552,0.15,0,out_of_energy,0,0,1,0,103,3,0,0,0,41,0.04427743564125472,0.2911200199258243,0.0,0.0,0.99,8,exponential
q_learning,sparse_seed4,sparse,4,4a77b6e251,809,225,-11.250000000000025,-10.350000000000023,0.19797388308979857,0.15,0,out_of_energy,0,0,1,0,103,10,0,0,0,53,0.04362077441057862,0.23577910959917675,0.0,0.0,0.99,8,exponential
q_learning,sparse_seed4,sparse,4,4a77b6e251,810,225,-11.250000000000025,-10.350000000000023,0.19757793532361898,0.15,0,out_of_energy,0,0,1,0,122,24,0,0,0,43,0.04427470310643609,0.2622756618525244,0.0,0.0,0.99,8,exponential
q_learning,sparse_seed4,sparse,4,4a77b6e251,811,225,-11.250000000000025,-10.350000000000023,0.19718277945297175,0.15,0,out_of_energy,0,0,1,0,95,13,0,0,0,50,0.04399719905425389,0.33993810651310385,0.0,0.0,0.99,8,exponential
q_learning,sparse_seed4,sparse,4,4a77b6e251,812,225,-11.250000000000025,-10.350000000000023,0.1967884138940658,0.15,0,out_of_energy,0,0,1,0,91,20,2,0,0,38,0.045318720854407496,0.287047928690858,0.0,0.0,0.99,8,exponential
q_learning,sparse_seed4,sparse,4,4a77b6e251,813,225,-11.250000000000025,-10.350000000000023,0.19639483706627767,0.15,0,out_of_energy,0,0,1,0,94,2,0,0,0,44,0.04469791388441743,0.23276496100927163,0.0,0.0,0.99,8,exponential
q_learning,sparse_seed4,sparse,4,4a77b6e251,814,225,-11.250000000000025,-10.350000000000023,0.1960020473921451,0.15,0,out_of_energy,0,0,1,0,105,2,0,0,0,54,0.04445836933890915,0.29074615426034,0.0,0.0,0.99,8,exponential
q_learning,sparse_seed4,sparse,4,4a77b6e251,815,225,-11.250000000000025,-10.350000000000023,0.1956100432973608,0.15,0,out_of_energy,0,0,1,0,105,33,0,0,0,47,0.04416956864193454,0.2293015196731707,0.0,0.0,0.99,8,exponential
q_learning,sparse_seed4,sparse,4,4a77b6e251,816,225,-11.250000000000025,-10.350000000000023,0.19521882321076608,0.15,0,out_of_energy,0,0,1,0,99,18,0,0,0,55,0.04390333218959989,0.2617886105382159,0.0,0.0,0.99,8,exponential
q_learning,sparse_seed4,sparse,4,4a77b6e251,817,225,-11.250000000000025,-10.350000000000023,0.19482838556434456,0.15,0,out_of_energy,0,0,1,0,96,34,0,0,0,48,0.044245433053274,0.28351767597219163,0.0,0.0,0.99,8,exponential
q_learning,sparse_seed4,sparse,4,4a77b6e251,818,225,-11.250000000000025,-10.350000000000023,0.1944387287932159,0.15,0,out_of_energy,0,0,1,0,104,12,0,0,0,46,0.04399628126376558,0.2813185065488298,0.0,0.0,0.99,8,exponential
q_learning,sparse_seed4,sparse,4,4a77b6e251,819,225,-11.250000000000025,-10.350000000000023,0.19404985133562946,0.15,0,out_of_energy,0,0,1,0,96,14,0,0,0,35,0.044418630556365385,0.27280938666781,0.0,0.0,0.99,8,exponential
q_learning,sparse_seed4,sparse,4,4a77b6e251,820,225,-11.250000000000025,-10.350000000000023,0.1936617516329582,0.15,0,out_of_energy,0,0,1,0,106,46,0,0,0,44,0.04460291565293897,0.3272643623107993,0.0,0.0,0.99,8,exponential
q_learning,sparse_seed4,sparse,4,4a77b6e251,821,225,-11.250000000000025,-10.450000000000022,0.19327442812969228,0.15,0,out_of_energy,0,0,1,0,92,26,7,0,0,40,0.045197140938037846,0.23096208462105366,0.0,0.0,0.99,8,exponential
q_learning,sparse_seed4,sparse,4,4a77b6e251,822,225,-11.250000000000025,-10.450000000000022,0.1928878792734329,0.15,0,out_of_energy,0,0,1,0,90,11,0,0,0,37,0.04481740112145337,0.3186251096384265,0.0,0.0,0.99,8,exponential
q_learning,sparse_seed4,sparse,4,4a77b6e251,823,225,-11.250000000000025,-10.450000000000022,0.19250210351488603,0.15,0,out_of_energy,0,0,1,0,109,7,0,0,0,43,0.0448671847051006,0.21740308000436342,0.0,0.0,0.99,8,exponential
q_learning,sparse_seed4,sparse,4,4a77b6e251,824,225,-11.250000000000025,-10.450000000000022,0.19211709930785625,0.15,0,out_of_energy,0,0,1,0,115,17,0,0,0,51,0.0432339569792483,0.14816341352579265,0.0,0.0,0.99,8,exponential
q_learning,sparse_seed4,sparse,4,4a77b6e251,825,225,-11.250000000000025,-10.450000000000022,0.19173286510924054,0.15,0,out_of_energy,0,0,1,0,108,1,0,0,0,51,0.044740099738875695,0.25225242837376355,0.0,0.0,0.99,8,exponential
q_learning,sparse_seed4,sparse,4,4a77b6e251,826,225,-11.250000000000025,-10.450000000000022,0.19134939937902207,0.15,0,out_of_energy,0,0,1,0,96,2,0,0,0,46,0.04438942592838281,0.3236825179055957,0.0,0.0,0.99,8,exponential
q_learning,sparse_seed4,sparse,4,4a77b6e251,827,225,-1.2499999999999822,-10.350000000000023,0.19096670058026402,0.15,0,out_of_energy,0,0,1,0,103,24,0,0,1,49,0.10483471170982855,7.179611572304335,0.0,0.0,0.99,8,exponential
q_learning,sparse_seed4,sparse,4,4a77b6e251,828,225,-11.250000000000025,-10.350000000000023,0.1905847671791035,0.15,0,out_of_energy,0,0,1,0,91,18,0,0,0,47,0.045060393990730446,0.33662337635930295,0.0,0.0,0.99,8,exponential
q_learning,sparse_seed4,sparse,4,4a77b6e251,829,225,-11.250000000000025,-10.350000000000023,0.1902035976447453,0.15,0,out_of_energy,0,0,1,0,92,29,0,0,0,39,0.043606453157337154,0.2823084393908004,0.0,0.0,0.99,8,exponential
q_learning,sparse_seed4,sparse,4,4a77b6e251,830,225,-11.250000000000025,-10.350000000000023,0.1898231904494558,0.15,0,out_of_energy,0,0,1,0,91,29,0,0,0,53,0.04431319806374442,0.23182484002386544,0.0,0.0,0.99,8,exponential
q_learning,sparse_seed4,sparse,4,4a77b6e251,831,225,-11.250000000000025,-10.350000000000023,0.1894435440685569,0.15,0,out_of_energy,0,0,1,0,94,34,0,0,0,47,0.04488916670896769,0.316159247047796,0.0,0.0,0.99,8,exponential
q_learning,sparse_seed4,sparse,4,4a77b6e251,832,225,-11.250000000000025,-10.350000000000023,0.1890646569804198,0.15,0,out_of_energy,0,0,1,0,88,9,2,0,0,45,0.04565993683716576,0.29732203735521257,0.0,0.0,0.99,8,exponential
q_learning,sparse_seed4,sparse,4,4a77b6e251,833,225,-11.250000000000025,-10.350000000000023,0.18868652766645896,0.15,0,out_of_energy,0,0,1,0,98,17,6,0,0,44,0.044943862159860376,0.24827006228897308,0.0,0.0,0.99,8,exponential
q_learning,sparse_seed4,sparse,4,4a77b6e251,834,225,-11.250000000000025,-10.350000000000023,0.18830915461112605,0.15,0,out_of_energy,0,0,1,0,93,12,0,0,0,42,0.0439600577255102,0.2347932533936923,0.0,0.0,0.99,8,exponential
q_learning,sparse_seed4,sparse,4,4a77b6e251,835,225,-11.250000000000025,-10.350000000000023,0.1879325363019038,0.15,0,out_of_energy,0,0,1,0,99,10,0,0,0,42,0.0444258375038395,0.2728181025540336,0.0,0.0,0.99,8,exponential
q_learning,sparse_seed4,sparse,4,4a77b6e251,836,225,-11.250000000000025,-10.450000000000022,0.18755667122929998,0.15,0,out_of_energy,0,0,1,0,100,7,0,0,0,38,0.0453124639352752,0.2546687795257254,0.0,0.0,0.99,8,exponential
q_learning,sparse_seed4,sparse,4,4a77b6e251,837,225,-11.250000000000025,-10.450000000000022,0.18718155788684138,0.15,0,out_of_energy,0,0,1,0,88,21,1,0,0,41,0.04452287927358651,0.2579434868457945,0.0,0.0,0.99,8,exponential
q_learning,sparse_seed4,sparse,4,4a77b6e251,838,225,-11.250000000000025,-10.450000000000022,0.1868071947710677,0.15,0,out_of_energy,0,0,1,0,119,20,0,0,0,58,0.04469813930647502,0.28085462128721805,0.0,0.0,0.99,8,exponential
q_learning,sparse_seed4,sparse,4,4a77b6e251,839,225,-11.250000000000025,-10.450000000000022,0.18643358038152555,0.15,0,out_of_energy,0,0,1,0,94,21,0,0,0,50,0.04460571197631594,0.22857376491446257,0.0,0.0,0.99,8,exponential
q_learning,sparse_seed4,sparse,4,4a77b6e251,840,225,-11.250000000000025,-10.550000000000022,0.1860607132207625,0.15,0,out_of_energy,0,0,1,0,98,10,0,0,0,53,0.044783604406640566,0.25078849926815366,0.0,0.0,0.99,8,exponential
q_learning,sparse_seed4,sparse,4,4a77b6e251,841,225,-11.250000000000025,-10.550000000000022,0.18568859179432098,0.15,0,out_of_energy,0,0,1,0,104,12,0,0,0,40,0.04521862891959407,0.30839224147670724,0.0,0.0,0.99,8,exponential
q_learning,sparse_seed4,sparse,4,4a77b6e251,842,225,-11.250000000000025,-10.550000000000022,0.18531721461073233,0.15,0,out_of_energy,0,0,1,0,100,39,0,0,0,48,0.043980841324709745,0.2298391493966392,0.0,0.0,0.99,8,exponential
q_learning,sparse_seed4,sparse,4,4a77b6e251,843,225,-11.250000000000025,-10.550000000000022,0.18494658018151086,0.15,0,out_of_energy,0,0,1,0,94,16,0,0,0,42,0.044727113067080354,0.2772508298891079,0.0,0.0,0.99,8,exponential
q_learning,sparse_seed4,sparse,4,4a77b6e251,844,225,-11.250000000000025,-10.650000000000023,0.18457668702114785,0.15,0,out_of_energy,0,0,1,0,99,20,0,0,0,43,0.04480715166907327,0.2719871902804134,0.0,0.0,0.99,8,exponential
q_learning,sparse_seed4,sparse,4,4a77b6e251,845,225,-11.250000000000025,-10.650000000000023,0.18420753364710554,0.15,0,out_of_energy,0,0,1,0,97,2,0,0,0,45,0.04470092629280947,0.25691518593321433,0.0,0.0,0.99,8,exponential
q_learning,sparse_seed4,sparse,4,4a77b6e251,846,225,-11.250000000000025,-10.650000000000023,0.18383911857981133,0.15,0,out_of_energy,0,0,1,0,87,8,0,0,0,42,0.04566246396886473,0.27663738486649103,0.0,0.0,0.99,8,exponential
q_learning,sparse_seed4,sparse,4,4a77b6e251,847,225,-11.250000000000025,-10.650000000000023,0.1834714403426517,0.15,0,out_of_energy,0,0,1,0,104,41,1,0,0,42,0.04457558538757633,0.2687798718890239,0.0,0.0,0.99,8,exponential
q_learning,sparse_seed4,sparse,4,4a77b6e251,848,225,-11.250000000000025,-10.750000000000023,0.1831044974619664,0.15,0,out_of_energy,0,0,1,0,86,19,5,0,0,42,0.045509100554607385,0.22004562611151113,0.0,0.0,0.99,8,exponential
q_learning,sparse_seed4,sparse,4,4a77b6e251,849,225,-11.250000000000025,-10.750000000000023,0.18273828846704246,0.15,0,out_of_energy,0,0,1,0,98,10,0,0,0,56,0.045307470533322916,0.2227326041634381,0.0,0.0,0.99,8,exponential
q_learning,sparse_seed4,sparse,4,4a77b6e251,850,225,-11.250000000000025,-10.750000000000023,0.18237281189010837,0.15,0,out_of_energy,0,0,1,0,88,43,0,0,0,36,0.04517075228618253,0.29706300453206014,0.0,0.0,0.99,8,exponential
q_learning,sparse_seed4,sparse,4,4a77b6e251,851,225,-11.250000000000025,-10.750000000000023,0.18200806626632815,0.15,0,out_of_energy,0,0,1,0,100,10,4,0,0,52,0.044247424260819,0.2612548283235047,0.0,0.0,0.99,8,exponential
q_learning,sparse_seed4,sparse,4,4a77b6e251,852,225,-11.250000000000025,-10.750000000000023,0.1816440501337955,0.15,0,out_of_energy,0,0,1,0,89,12,0,0,0,44,0.04409562733926259,0.26259592579370783,0.0,0.0,0.99,8,exponential
q_learning,sparse_seed4,sparse,4,4a77b6e251,853,225,-11.250000000000025,-10.750000000000023,0.18128076203352791,0.15,0,out_of_energy,0,0,1,0,99,8,0,0,0,47,0.04471313710474542,0.29370904449862906,0.0,0.0,0.99,8,exponential
q_learning,sparse_seed4,sparse,4,4a77b6e251,854,225,-11.250000000000025,-10.750000000000023,0.18091820050946086,0.15,0,out_of_energy,0,0,1,0,109,7,0,0,0,45,0.04536462606846784,0.26939152839606983,0.0,0.0,0.99,8,exponential
q_learning,sparse_seed4,sparse,4,4a77b6e251,855,225,-11.250000000000025,-10.750000000000023,0.18055636410844195,0.15,0,out_of_energy,0,0,1,0,94,13,0,0,0,53,0.045983497765343405,0.3262548214937616,0.0,0.0,0.99,8,exponential
q_learning,sparse_seed4,sparse,4,4a77b6e251,856,225,-11.250000000000025,-10.750000000000023,0.18019525138022507,0.15,0,out_of_energy,0,0,1,0,96,18,2,0,0,45,0.04538976467287404,0.3138239787824556,0.0,0.0,0.99,8,exponential
q_learning,sparse_seed4,sparse,4,4a77b6e251,857,225,-11.250000000000025,-10.750000000000023,0.17983486087746461,0.15,0,out_of_energy,0,0,1,0,83,12,0,0,0,40,0.04540628581584582,0.3003637825961175,0.0,0.0,0.99,8,exponential
q_learning,sparse_seed4,sparse,4,4a77b6e251,858,225,-11.250000000000025,-10.750000000000023,0.17947519115570967,0.15,0,out_of_energy,0,0,1,0,102,5,0,0,0,56,0.04414941602336564,0.15022840633418272,0.0,0.0,0.99,8,exponential
q_learning,sparse_seed4,sparse,4,4a77b6e251,859,225,-11.250000000000025,-10.750000000000023,0.17911624077339824,0.15,0,out_of_energy,0,0,1,0,112,21,0,0,0,52,0.04498928998969296,0.31224565500516044,0.0,0.0,0.99,8,exponential
q_learning,sparse_seed4,sparse,4,4a77b6e251,860,225,-11.250000000000025,-10.750000000000023,0.17875800829185146,0.15,0,out_of_energy,0,0,1,0,121,11,0,0,0,57,0.044820060011789356,0.34219986796852053,0.0,0.0,0.99,8,exponential
q_learning,sparse_seed4,sparse,4,4a77b6e251,861,225,-11.250000000000025,-10.750000000000023,0.17840049227526775,0.15,0,out_of_energy,0,0,1,0,94,30,0,0,0,45,0.044932214350316094,0.2866824731537092,0.0,0.0,0.99,8,exponential
q_learning,sparse_seed4,sparse,4,4a77b6e251,862,225,-11.250000000000025,-10.750000000000023,0.1780436912907172,0.15,0,out_of_energy,0,0,1,0,93,18,0,0,0,53,0.04585339522999989,0.3220607632642045,0.0,0.0,0.99,8,exponential
q_learning,sparse_seed4,sparse,4,4a77b6e251,863,225,-11.250000000000025,-10.750000000000023,0.17768760390813576,0.15,0,out_of_energy,0,0,1,0,89,24,0,0,0,40,0.04532069741299119,0.27662534115597787,0.0,0.0,0.99,8,exponential
q_learning,sparse_seed4,sparse,4,4a77b6e251,864,225,-1.2499999999999822,-10.650000000000023,0.17733222870031948,0.15,0,out_of_energy,0,0,1,0,103,12,0,0,1,50,0.08731880109327322,3.251700045216091,0.0,0.0,0.99,8,exponential
q_learning,sparse_seed4,sparse,4,4a77b6e251,865,225,-11.250000000000025,-10.650000000000023,0.17697756424291883,0.15,0,out_of_energy,0,0,1,0,95,42,1,0,0,35,0.04367053417281527,0.28302960720013154,0.0,0.0,0.99,8,exponential
q_learning,sparse_seed4,sparse,4,4a77b6e251,866,225,-11.250000000000025,-10.750000000000023,0.17662360911443298,0.15,0,out_of_energy,0,0,1,0,106,11,0,0,0,46,0.04529767429725813,0.3169980085387036,0.0,0.0,0.99,8,exponential
q_learning,sparse_seed4,sparse,4,4a77b6e251,867,225,-11.250000000000025,-10.750000000000023,0.17627036189620413,0.15,0,out_of_energy,0,0,1,0,100,10,0,0,0,53,0.04435188910679223,0.2827936800868448,0.0,0.0,0.99,8,exponential
q_learning,sparse_seed4,sparse,4,4a77b6e251,868,225,-11.250000000000025,-10.750000000000023,0.17591782117241173,0.15,0,out_of_energy,0,0,1,0,91,18,2,0,0,52,0.04527771205180258,0.3204099603304622,0.0,0.0,0.99,8,exponential
q_learning,sparse_seed4,sparse,4,4a77b6e251,869,225,-11.250000000000025,-10.750000000000023,0.17556598553006691,0.15,0,out_of_energy,0,0,1,0,96,5,0,0,0,40,0.04499182832775067,0.3165721193237393,0.0,0.0,0.99,8,exponential
q_learning,sparse_seed4,sparse,4,4a77b6e251,870,225,-11.250000000000025,-10.850000000000023,0.1752148535590068,0.15,0,out_of_energy,0,0,1,0,112,12,0,0,0,39,0.04437710454932174,0.32287394280160675,0.0,0.0,0.99,8,exponential
q_learning,sparse_seed4,sparse,4,4a77b6e251,871,225,-11.250000000000025,-10.950000000000022,0.17486442385188877,0.15,0,out_of_energy,0,0,1,0,94,4,2,0,0,47,0.04548448261994786,0.3326925241315599,0.0,0.0,0.99,8,exponential
q_learning,sparse_seed4,sparse,4,4a77b6e251,872,225,-11.250000000000025,-10.950000000000022,0.17451469500418498,0.15,0,out_of_energy,0,0,1,0,89,17,0,0,0,50,0.0438028129618237,0.26539887598565565,0.0,0.0,0.99,8,exponential
q_learning,sparse_seed4,sparse,4,4a77b6e251,873,225,-11.250000000000025,-10.950000000000022,0.17416566561417662,0.15,0,out_of_energy,0,0,1,0,107,16,0,0,0,51,0.04561460421217447,0.3531224805693078,0.0,0.0,0.99,8,exponential
q_learning,sparse_seed4,sparse,4,4a77b6e251,874,225,-11.250000000000025,-10.950000000000022,0.17381733428294827,0.15,0,out_of_energy,0,0,1,0,97,1,5,0,0,46,0.04470781192660993,0.3159448130510616,0.0,0.0,0.99,8,exponential
q_learning,sparse_seed4,sparse,4,4a77b6e251,875,225,-11.250000000000025,-10.950000000000022,0.17346969961438236,0.15,0,out_of_energy,0,0,1,0,96,25,0,0,0,51,0.045277338787299136,0.3228038024031658,0.0,0.0,0.99,8,exponential
q_learning,sparse_seed4,sparse,4,4a77b6e251,876,225,-11.250000000000025,-10.950000000000022,0.1731227602151536,0.15,0,out_of_energy,0,0,1,0,79,2,0,0,0,40,0.04599400187348212,0.2775772204195674,0.0,0.0,0.99,8,exponential
q_learning,sparse_seed4,sparse,4,4a77b6e251,877,225,-11.250000000000025,-10.950000000000022,0.1727765146947233,0.15,0,out_of_energy,0,0,1,0,88,14,2,0,0,39,0.04492227448171634,0.27934161099115845,0.0,0.0,0.99,8,exponential
q_learning,sparse_seed4,sparse,4,4a77b6e251,878,225,-11.250000000000025,-10.950000000000022,0.17243096166533387,0.15,0,out_of_energy,0,0,1,0,86,10,0,0,0,58,0.044511104951053745,0.2380705458407098,0.0,0.0,0.99,8,exponential
q_learning,sparse_seed4,sparse,4,4a77b6e251,879,225,-11.250000000000025,-10.950000000000022,0.1720860997420032,0.15,0,out_of_energy,0,0,1,0,96,11,0,0,0,50,0.04475082749723182,0.21687196733869768,0.0,0.0,0.99,8,exponential
q_learning,sparse_seed4,sparse,4,4a77b6e251,880,225,-11.250000000000025,-10.950000000000022,0.17174192754251918,0.15,0,out_of_energy,0,0,1,0,101,6,0,0,0,45,0.04421027822491984,0.3043544437358059,0.0,0.0,0.99,8,exponential
q_learning,sparse_seed4,sparse,4,4a77b6e251,881,225,-11.250000000000025,-10.950000000000022,0.17139844368743415,0.15,0,out_of_energy,0,0,1,0,90,17,0,0,0,43,0.044334147629695925,0.2451843615391785,0.0,0.0,0.99,8,exponential
q_learning,sparse_seed4,sparse,4,4a77b6e251,882,225,-11.250000000000025,-10.950000000000022,0.17105564680005927,0.15,0,out_of_energy,0,0,1,0,95,14,0,0,0,51,0.04354215517661608,0.29585384810045096,0.0,0.0,0.99,8,exponential
q_learning,sparse_seed4,sparse,4,4a77b6e251,883,225,-1.2499999999999822,-10.850000000000023,0.17071353550645915,0.15,0,out_of_energy,0,0,1,0,102,13,0,0,1,44,0.08955617192406141,6.095265440833685,0.0,0.0,0.99,8,exponential
q_learning,sparse_seed4,sparse,4,4a77b6e251,884,225,-11.250000000000025,-10.850000000000023,0.17037210843544623,0.15,0,out_of_energy,0,0,1,0,92,9,0,0,0,43,0.04511852515209291,0.2770287634440157,0.0,0.0,0.99,8,exponential
q_learning,sparse_seed4,sparse,4,4a77b6e251,885,225,-1.2499999999999822,-10.750000000000023,0.17003136421857534,0.15,0,out_of_energy,0,0,1,0,104,14,0,0,1,45,0.08844018342040962,9.95,0.0,0.0,0.99,8,exponential
q_learning,sparse_seed4,sparse,4,4a77b6e251,886,225,-11.250000000000025,-10.750000000000023,0.1696913014901382,0.15,0,out_of_energy,0,0,1,0,95,18,6,0,0,43,0.044253468073975184,0.2756977789203245,0.0,0.0,0.99,8,exponential
q_learning,sparse_seed4,sparse,4,4a77b6e251,887,225,-11.250000000000025,-10.750000000000023,0.16935191888715792,0.15,0,out_of_energy,0,0,1,0,101,13,0,0,0,45,0.04414767006373224,0.2706263205024013,0.0,0.0,0.99,8,exponential
q_learning,sparse_seed4,sparse,4,4a77b6e251,888,225,-11.250000000000025,-10.750000000000023,0.1690132150493836,0.15,0,out_of_energy,0,0,1,0,102,0,0,0,0,53,0.04436601143094996,0.23849989156172752,0.0,0.0,0.99,8,exponential
q_learning,sparse_seed4,sparse,4,4a77b6e251,889,225,-11.250000000000025,-10.750000000000023,0.16867518861928482,0.15,0,out_of_energy,0,0,1,0,99,31,0,0,0,44,0.045099350628365516,0.3240632104083318,0.0,0.0,0.99,8,exponential
q_learning,sparse_seed4,sparse,4,4a77b6e251,890,225,-11.250000000000025,-10.750000000000023,0.16833783824204626,0.15,0,out_of_energy,0,0,1,0,98,13,0,0,0,51,0.0443279606423405,0.2510257392233491,0.0,0.0,0.99,8,exponential
q_learning,sparse_seed4,sparse,4,4a77b6e251,891,225,-11.250000000000025,-10.750000000000023,0.16800116256556216,0.15,0,out_of_energy,0,0,1,0,104,12,0,0,0,38,0.043694530573787,0.32529231925206725,0.0,0.0,0.99,8,exponential
q_learning,sparse_seed4,sparse,4,4a77b6e251,892,225,-11.250000000000025,-10.750000000000023,0.16766516024043104,0.15,0,out_of_energy,0,0,1,0,85,30,0,0,0,56,0.04414662799912943,0.25392041425369327,0.0,0.0,0.99,8,exponential
q_learning,sparse_seed4,sparse,4,4a77b6e251,893,225,-1.2499999999999822,-10.650000000000023,0.16732982991995018,0.15,0,out_of_energy,0,0,1,0,100,11,0,0,1,48,0.09220711266060051,5.1660907672635155,0.0,0.0,0.99,8,exponential
q_learning,sparse_seed4,sparse,4,4a77b6e251,894,225,-11.250000000000025,-10.650000000000023,0.1669951702601103,0.15,0,out_of_energy,0,0,1,0,108,25,0,0,0,48,0.04411254411646785,0.2695417733641428,0.0,0.0,0.99,8,exponential
q_learning,sparse_seed4,sparse,4,4a77b6e251,895,225,-11.250000000000025,-10.650000000000023,0.16666117991959006,0.15,0,out_of_energy,0,0,1,0,97,38,0,0,0,47,0.045728027816746696,0.3203918260952828,0.0,0.0,0.99,8,exponential
q_learning,sparse_seed4,sparse,4,4a77b6e251,896,225,-11.250000000000025,-10.650000000000023,0.16632785755975088,0.15,0,out_of_energy,0,0,1,0,93,31,0,0,0,59,0.04531073675070426,0.3214167621479838,0.0,0.0,0.99,8,exponential
q_learning,sparse_seed4,sparse,4,4a77b6e251,897,225,-11.250000000000025,-10.650000000000023,0.16599520184463137,0.15,0,out_of_energy,0,0,1,0,104,23,0,0,0,46,0.04410267117989292,0.21563447149578963,0.0,0.0,0.99,8,exponential
q_learning,sparse_seed4,sparse,4,4a77b6e251,898,225,-11.250000000000025,-10.650000000000023,0.16566321144094212,0.15,0,out_of_energy,0,0,1,0,94,18,0,0,0,43,0.04436164726891316,0.2999342504660425,0.0,0.0,0.99,8,exponential
q_learning,sparse_seed4,sparse,4,4a77b6e251,899,225,-11.250000000000025,-10.650000000000023,0.16533188501806023,0.15,0,out_of_energy,0,0,1,0,97,11,0,0,0,40,0.04478170691867545,0.24606589014490265,0.0,0.0,0.99,8,exponential
q_learning,sparse_seed4,sparse,4,4a77b6e251,900,225,-11.250000000000025,-10.650000000000023,0.1650012212480241,0.15,0,out_of_energy,0,0,1,0,97,16,0,0,0,48,0.04555170700570701,0.3238244272180857,0.0,0.0,0.99,8,exponential
q_learning,sparse_seed4,sparse,4,4a77b6e251,901,225,-11.250000000000025,-10.650000000000023,0.16467121880552807,0.15,0,out_of_energy,0,0,1,0,104,28,0,0,0,37,0.04396618383453982,0.2727176373475038,0.0,0.0,0.99,8,exponential
q_learning,sparse_seed4,sparse,4,4a77b6e251,902,225,-11.250000000000025,-10.650000000000023,0.164341876367917,0.15,0,out_of_energy,0,0,1,0,91,12,0,0,0,44,0.04446898740177652,0.2627439857719099,0.0,0.0,0.99,8,exponential
q_learning,sparse_seed4,sparse,4,4a77b6e251,903,225,-11.250000000000025,-10.650000000000023,0.16401319261518116,0.15,0,out_of_energy,0,0,1,0,98,6,0,0,0,49,0.04435002316000949,0.17505390449806812,0.0,0.0,0.99,8,exponential
q_learning,sparse_seed4,sparse,4,4a77b6e251,904,225,-11.250000000000025,-10.750000000000023,0.1636851662299508,0.15,0,out_of_energy,0,0,1,0,92,35,0,0,0,44,0.045033020124406006,0.27312163198395484,0.0,0.0,0.99,8,exponential
q_learning,sparse_seed4,sparse,4,4a77b6e251,905,225,-11.250000000000025,-10.750000000000023,0.1633577958974909,0.15,0,out_of_energy,0,0,1,0,86,23,2,0,0,50,0.04570314338562319,0.3592173055403832,0.0,0.0,0.99,8,exponential
q_learning,sparse_seed4,sparse,4,4a77b6e251,906,225,-11.250000000000025,-10.750000000000023,0.1630310803056959,0.15,0,out_of_energy,0,0,1,0,99,12,0,0,0,36,0.04513516647405056,0.21932492460999797,0.0,0.0,0.99,8,exponential
q_learning,sparse_seed4,sparse,4,4a77b6e251,907,225,-11.250000000000025,-10.750000000000023,0.1627050181450845,0.15,0,out_of_energy,0,0,1,0,103,8,0,0,0,48,0.044486396942957196,0.2910416343784208,0.0,0.0,0.99,8,exponential
q_learning,sparse_seed4,sparse,4,4a77b6e251,908,225,-11.250000000000025,-10.750000000000023,0.16237960810879434,0.15,0,out_of_energy,0,0,1,0,98,24,0,0,0,44,0.04457535296777282,0.2639475381837616,0.0,0.0,0.99,8,exponential
q_learning,sparse_seed4,sparse,4,4a77b6e251,909,225,-1.2499999999999878,-10.650000000000023,0.16205484889257676,0.15,0,out_of_energy,0,0,1,0,114,10,0,0,1,45,0.08472113829841611,3.065748085597623,0.0,0.0,0.99,8,exponential
q_learning,sparse_seed4,sparse,4,4a77b6e251,910,225,-11.250000000000025,-10.650000000000023,0.1617307391947916,0.15,0,out_of_energy,0,0,1,0,105,15,0,0,0,45,0.044105453206912885,0.1927237451529445,0.0,0.0,0.99,8,exponential
q_learning,sparse_seed4,sparse,4,4a77b6e251,911,225,-1.2499999999999822,-10.550000000000022,0.16140727771640204,0.15,0,out_of_energy,0,0,1,0,111,7,0,0,1,46,0.1141450954290735,6.385203156055907,0.0,0.0,0.99,8,exponential
q_learning,sparse_seed4,sparse,4,4a77b6e251,912,225,-11.250000000000025,-10.550000000000022,0.16108446316096922,0.15,0,out_of_energy,0,0,1,0,105,5,0,0,0,43,0.0448437134062831,0.3166121217896367,0.0,0.0,0.99,8,exponential
q_learning,sparse_seed4,sparse,4,4a77b6e251,913,225,-11.250000000000025,-10.550000000000022,0.16076229423464727,0.15,0,out_of_energy,0,0,1,0,109,1,0,0,0,52,0.04293329325096836,0.18474558837023547,0.0,0.0,0.99,8,exponential
q_learning,sparse_seed4,sparse,4,4a77b6e251,914,225,-11.250000000000025,-10.550000000000022,0.16044076964617798,0.15,0,out_of_energy,0,0,1,0,105,10,0,0,0,46,0.04448432976187608,0.2696222158728462,0.0,0.0,0.99,8,exponential
q_learning,sparse_seed4,sparse,4,4a77b6e251,915,225,-1.2499999999999822,-10.450000000000022,0.16011988810688563,0.15,0,out_of_energy,0,0,1,0,93,7,0,0,1,45,0.09993217963238274,2.890885476298779,0.0,0.0,0.99,8,exponential
q_learning,sparse_seed4,sparse,4,4a77b6e251,916,225,-1.2499999999999822,-10.350000000000023,0.15979964833067187,0.15,0,out_of_energy,0,0,1,0,103,5,0,0,1,54,0.08808984774692498,4.421034215780365,0.0,0.0,0.99,8,exponential
q_learning,sparse_seed4,sparse,4,4a77b6e251,917,225,-11.250000000000025,-10.350000000000023,0.15948004903401053,0.15,0,out_of_energy,0,0,1,0,105,13,0,0,0,42,0.04498007737982066,0.34481275386732974,0.0,0.0,0.99,8,exponential
q_learning,sparse_seed4,sparse,4,4a77b6e251,918,225,-11.250000000000025,-10.350000000000023,0.1591610889359425,0.15,0,out_of_energy,0,0,1,0,89,6,1,0,0,52,0.04564666147979643,0.3378167995882888,0.0,0.0,0.99,8,exponential
q_learning,sparse_seed4,sparse,4,4a77b6e251,919,225,-1.2499999999999822,-10.250000000000021,0.1588427667580706,0.15,0,out_of_energy,0,0,1,0,111,23,0,0,1,43,0.1430577342758839,9.483742744990536,0.0,0.0,0.99,8,exponential
q_learning,sparse_seed4,sparse,4,4a77b6e251,920,225,-11.250000000000025,-10.250000000000023,0.15852508122455447,0.15,0,out_of_energy,0,0,1,0,88,6,4,0,0,42,0.04501638297075782,0.2835435324657931,0.0,0.0,0.99,8,exponential
q_learning,sparse_seed4,sparse,4,4a77b6e251,921,225,-1.2499999999999822,-10.150000000000022,0.15820803106210535,0.15,0,out_of_energy,0,0,1,0,94,29,0,0,1,42,0.09316379626962833,5.35118547120177,0.0,0.0,0.99,8,exponential
q_learning,sparse_seed4,sparse,4,4a77b6e251,922,225,-11.250000000000025,-10.150000000000022,0.15789161499998114,0.15,0,out_of_energy,0,0,1,0,96,16,0,0,0,50,0.04491270007422625,0.25356007974193917,0.0,0.0,0.99,8,exponential
q_learning,sparse_seed4,sparse,4,4a77b6e251,923,225,-1.2499999999999822,-10.05000000000002,0.1575758317699812,0.15,0,out_of_energy,0,0,1,0,114,5,0,0,1,42,0.0864627457919608,4.459123613841468,0.0,0.0,0.99,8,exponential
q_learning,sparse_seed4,sparse,4,4a77b6e251,924,225,-1.2499999999999822,-9.950000000000022,0.15726068010644123,0.15,0,out_of_energy,0,0,1,0,100,9,0,0,1,34,0.1478554593584124,4.545848369744261,0.0,0.0,0.99,8,exponential
q_learning,sparse_seed4,sparse,4,4a77b6e251,925,225,-1.2499999999999822,-9.850000000000021,0.15694615874622836,0.15,0,out_of_energy,0,0,1,0,113,23,0,0,1,41,0.0860544331474609,3.8639711142826223,0.0,0.0,0.99,8,exponential
q_learning,sparse_seed4,sparse,4,4a77b6e251,926,225,-1.2499999999999822,-9.750000000000021,0.1566322664287359,0.15,0,out_of_energy,0,0,1,0,103,8,0,0,1,43,0.09402406610316559,3.720742229613347,0.0,0.0,0.99,8,exponential
q_learning,sparse_seed4,sparse,4,4a77b6e251,927,225,-1.2499999999999822,-9.750000000000021,0.15631900189587844,0.15,0,out_of_energy,0,0,1,0,106,11,0,0,1,48,0.08520982721783857,2.833112173290675,0.0,0.0,0.99,8,exponential
q_learning,sparse_seed4,sparse,4,4a77b6e251,928,225,-11.250000000000025,-9.750000000000021,0.1560063638920867,0.15,0,out_of_energy,0,0,1,0,93,13,0,0,0,40,0.04550569206963813,0.2840718479124364,0.0,0.0,0.99,8,exponential
q_learning,sparse_seed4,sparse,4,4a77b6e251,929,225,-1.2499999999999822,-9.65000000000002,0.15569435116430252,0.15,0,out_of_energy,0,0,1,0,108,12,0,0,1,52,0.08347077117541137,2.762406842101443,0.0,0.0,0.99,8,exponential
q_learning,sparse_seed4,sparse,4,4a77b6e251,930,225,-11.250000000000025,-9.65000000000002,0.15538296246197392,0.15,0,out_of_energy,0,0,1,0,95,7,3,0,0,37,0.045135141518700746,0.35079992229348617,0.0,0.0,0.99,8,exponential
q_learning,sparse_seed4,sparse,4,4a77b6e251,931,225,-1.2499999999999822,-9.55000000000002,0.15507219653704996,0.15,0,out_of_energy,0,0,1,0,104,9,0,0,1,45,0.11851394957385779,4.89471096962364,0.0,0.0,0.99,8,exponential
q_learning,sparse_seed4,sparse,4,4a77b6e251,932,225,-1.2499999999999822,-9.450000000000019,0.15476205214397584,0.15,0,out_of_energy,0,0,1,0,104,14,0,0,1,31,0.08419453479399762,2.67080094002989,0.0,0.0,0.99,8,exponential
q_learning,sparse_seed4,sparse,4,4a77b6e251,933,225,-11.250000000000025,-9.450000000000019,0.1544525280396879,0.15,0,out_of_energy,0,0,1,0,100,13,0,0,0,48,0.04482628354516264,0.2972984768256698,0.0,0.0,0.99,8,exponential
q_learning,sparse_seed4,sparse,4,4a77b6e251,934,225,-1.2500000000000004,-9.35000000000002,0.1541436229836085,0.15,0,out_of_energy,0,0,1,0,117,4,0,0,1,49,0.08282898325434469,2.994069414435714,0.0,0.0,0.99,8,exponential
q_learning,sparse_seed4,sparse,4,4a77b6e251,935,225,-1.2499999999999898,-9.250000000000018,0.1538353357376413,0.15,0,out_of_energy,0,0,1,0,94,7,0,0,1,48,0.10659683364588309,2.864963591968733,0.0,0.0,0.99,8,exponential
q_learning,sparse_seed4,sparse,4,4a77b6e251,936,225,-1.2499999999999822,-9.150000000000018,0.15352766506616602,0.15,0,out_of_energy,0,0,1,0,108,18,0,0,1,42,0.11273214359182275,6.304537888986341,0.0,0.0,0.99,8,exponential
q_learning,sparse_seed4,sparse,4,4a77b6e251,937,225,-1.2499999999999822,-9.050000000000018,0.15322060973603369,0.15,0,out_of_energy,0,0,1,0,93,8,0,0,1,36,0.09255567369295348,5.642974533552777,0.0,0.0,0.99,8,exponential
q_learning,sparse_seed4,sparse,4,4a77b6e251,938,225,-11.250000000000025,-9.050000000000018,0.15291416851656162,0.15,0,out_of_energy,0,0,1,0,95,14,0,0,0,43,0.04415000147499882,0.24280755080215927,0.0,0.0,0.99,8,exponential
q_learning,sparse_seed4,sparse,4,4a77b6e251,939,225,-1.2499999999999822,-8.950000000000017,0.15260834017952848,0.15,0,out_of_energy,0,0,1,0,104,31,0,0,1,48,0.10112363236025416,4.050983050286671,0.0,0.0,0.99,8,exponential
q_learning,sparse_seed4,sparse,4,4a77b6e251,940,225,-11.250000000000025,-8.950000000000017,0.15230312349916944,0.15,0,out_of_energy,0,0,1,0,96,3,0,0,0,52,0.045186688031330566,0.27049125399031215,0.0,0.0,0.99,8,exponential
q_learning,sparse_seed4,sparse,4,4a77b6e251,941,225,-1.2499999999999822,-8.850000000000016,0.1519985172521711,0.15,0,out_of_energy,0,0,1,0,107,8,0,0,1,42,0.12695212916653834,5.783440720243128,0.0,0.0,0.99,8,exponential
q_learning,sparse_seed4,sparse,4,4a77b6e251,942,225,-1.2499999999999971,-8.750000000000016,0.15169452021766675,0.15,0,out_of_energy,0,0,1,0,107,2,0,0,1,55,0.1106047540652997,5.855053784206351,0.0,0.0,0.99,8,exponential
q_learning,sparse_seed4,sparse,4,4a77b6e251,943,225,-11.250000000000025,-8.750000000000016,0.1513911311772314,0.15,0,out_of_energy,0,0,1,0,78,13,0,0,0,42,0.04428234696135015,0.2748682925424551,0.0,0.0,0.99,8,exponential
q_learning,sparse_seed4,sparse,4,4a77b6e251,944,225,-11.250000000000025,-8.750000000000016,0.15108834891487694,0.15,0,out_of_energy,0,0,1,0,111,16,0,0,0,41,0.04459358999481742,0.2351077213847414,0.0,0.0,0.99,8,exponential
q_learning,sparse_seed4,sparse,4,4a77b6e251,945,225,-11.250000000000025,-8.750000000000016,0.15078617221704718,0.15,0,out_of_energy,0,0,1,0,101,8,0,0,0,45,0.04390009153026701,0.2470303719090146,0.0,0.0,0.99,8,exponential
q_learning,sparse_seed4,sparse,4,4a77b6e251,946,225,-1.2499999999999822,-8.650000000000016,0.1504845998726131,0.15,0,out_of_energy,0,0,1,0,109,6,0,0,1,50,0.1215090505288391,4.383429706316316,0.0,0.0,0.99,8,exponential
q_learning,sparse_seed4,sparse,4,4a77b6e251,947,225,-11.250000000000025,-8.650000000000016,0.15018363067286786,0.15,0,out_of_energy,0,0,1,0,91,10,0,0,0,46,0.045465799763924716,0.26165766795805717,0.0,0.0,0.99,8,exponential
q_learning,sparse_seed4,sparse,4,4a77b6e251,948,225,-11.250000000000025,-8.650000000000016,0.1498832634115221,0.15,0,out_of_energy,0,0,1,0,106,18,0,0,0,51,0.04396309825240666,0.22595994101005068,0.0,0.0,0.99,8,exponential
q_learning,sparse_seed4,sparse,4,4a77b6e251,949,225,-11.250000000000025,-8.650000000000016,0.14958349688469907,0.15,0,out_of_energy,0,0,1,0,93,11,0,0,0,39,0.044457824543260326,0.2906310233607988,0.0,0.0,0.99,8,exponential
q_learning,sparse_seed4,sparse,4,4a77b6e251,950,225,-11.250000000000025,-8.650000000000016,0.14928432989092968,0.15,0,out_of_energy,0,0,1,0,90,19,0,0,0,51,0.044392379166501204,0.3098146159066105,0.0,0.0,0.99,8,exponential
q_learning,sparse_seed4,sparse,4,4a77b6e251,951,225,-11.250000000000025,-8.650000000000016,0.14898576123114782,0.15,0,out_of_energy,0,0,1,0,81,24,0,0,0,38,0.04440556988997883,0.30490424639450425,0.0,0.0,0.99,8,exponential
q_learning,sparse_seed4,sparse,4,4a77b6e251,952,225,-11.250000000000025,-8.650000000000016,0.1486877897086855,0.15,0,out_of_energy,0,0,1,0,90,21,0,0,0,52,0.044599650972651325,0.28162016152719943,0.0,0.0,0.99,8,exponential
q_learning,sparse_seed4,sparse,4,4a77b6e251,953,225,-11.250000000000025,-8.650000000000016,0.14839041412926815,0.15,0,out_of_energy,0,0,1,0,102,21,0,0,0,52,0.0439842260000661,0.25593748419326856,0.0,0.0,0.99,8,exponential
q_learning,sparse_seed4,sparse,4,4a77b6e251,954,225,-11.250000000000025,-8.650000000000016,0.1480936333010096,0.15,0,out_of_energy,0,0,1,0,94,19,0,0,0,38,0.04401405950882567,0.289980099790584,0.0,0.0,0.99,8,exponential
q_learning,sparse_seed4,sparse,4,4a77b6e251,955,225,-11.250000000000025,-8.650000000000016,0.1477974460344076,0.15,0,out_of_energy,0,0,1,0,87,2,0,0,0,36,0.044955183680553346,0.2282152938852094,0.0,0.0,0.99,8,exponential
q_learning,sparse_seed4,sparse,4,4a77b6e251,956,225,-1.2499999999999822,-8.550000000000017,0.14750185114233877,0.15,0,out_of_energy,0,0,1,0,108,10,0,0,1,55,0.11530336198229502,6.869541706030556,0.0,0.0,0.99,8,exponential
q_learning,sparse_seed4,sparse,4,4a77b6e251,957,225,-11.250000000000025,-8.550000000000017,0.14720684744005408,0.15,0,out_of_energy,0,0,1,0,92,11,0,0,0,48,0.044429346584606545,0.25233336656041555,0.0,0.0,0.99,8,exponential
q_learning,sparse_seed4,sparse,4,4a77b6e251,958,225,-11.250000000000025,-8.550000000000017,0.14691243374517396,0.15,0,out_of_energy,0,0,1,0,97,28,0,0,0,41,0.04447519624660635,0.31506328880038015,0.0,0.0,0.99,8,exponential
q_learning,sparse_seed4,sparse,4,4a77b6e251,959,225,-11.250000000000025,-8.550000000000017,0.1466186088776836,0.15,0,out_of_energy,0,0,1,0,88,12,0,0,0,44,0.04513127351315477,0.2723531004073744,0.0,0.0,0.99,8,exponential
q_learning,sparse_seed4,sparse,4,4a77b6e251,960,225,-11.250000000000025,-8.550000000000017,0.14632537165992823,0.15,0,out_of_energy,0,0,1,0,87,27,0,0,0,41,0.043709486508455825,0.20920142643341408,0.0,0.0,0.99,8,exponential
q_learning,sparse_seed4,sparse,4,4a77b6e251,961,225,-11.250000000000025,-8.550000000000017,0.14603272091660838,0.15,0,out_of_energy,0,0,1,0,101,48,0,0,0,53,0.045210671979947825,0.2995568405505782,0.0,0.0,0.99,8,exponential
q_learning,sparse_seed4,sparse,4,4a77b6e251,962,225,-11.250000000000025,-8.550000000000017,0.14574065547477516,0.15,0,out_of_energy,0,0,1,0,109,24,0,0,0,46,0.044819610138161436,0.3407360791310363,0.0,0.0,0.99,8,exponential
q_learning,sparse_seed4,sparse,4,4a77b6e251,963,225,-11.250000000000025,-8.550000000000017,0.1454491741638256,0.15,0,out_of_energy,0,0,1,0,104,5,0,0,0,49,0.04467750870000105,0.27886964773845013,0.0,0.0,0.99,8,exponential
q_learning,sparse_seed4,sparse,4,4a77b6e251,964,225,-11.250000000000025,-8.650000000000016,0.14515827581549795,0.15,0,out_of_energy,0,0,1,0,83,11,2,0,0,50,0.04470627414094742,0.28736093893609493,0.0,0.0,0.99,8,exponential
q_learning,sparse_seed4,sparse,4,4a77b6e251,965,225,-11.250000000000025,-8.650000000000016,0.14486795926386695,0.15,0,out_of_energy,0,0,1,0,92,6,0,0,0,35,0.04557819399492778,0.33463169137765075,0.0,0.0,0.99,8,exponential
q_learning,sparse_seed4,sparse,4,4a77b6e251,966,225,-11.250000000000025,-8.650000000000016,0.1445782233453392,0.15,0,out_of_energy,0,0,1,0,89,19,0,0,0,32,0.04422475822857986,0.2864333824567976,0.0,0.0,0.99,8,exponential
q_learning,sparse_seed4,sparse,4,4a77b6e251,967,225,-11.250000000000025,-8.650000000000016,0.14428906689864854,0.15,0,out_of_energy,0,0,1,0,84,20,0,0,0,39,0.04646763648554147,0.334679398476029,0.0,0.0,0.99,8,exponential
q_learning,sparse_seed4,sparse,4,4a77b6e251,968,225,-11.250000000000025,-8.650000000000016,0.14400048876485125,0.15,0,out_of_energy,0,0,1,0,94,8,0,0,0,42,0.0448931509106393,0.25478056787939185,0.0,0.0,0.99,8,exponential
q_learning,sparse_seed4,sparse,4,4a77b6e251,969,225,-11.250000000000025,-8.650000000000016,0.14371248778732154,0.15,0,out_of_energy,0,0,1,0,96,2,0,0,0,43,0.04488969738163653,0.23680072877646635,0.0,0.0,0.99,8,exponential
q_learning,sparse_seed4,sparse,4,4a77b6e251,970,225,-11.250000000000025,-8.650000000000016,0.14342506281174688,0.15,0,out_of_energy,0,0,1,0,76,14,1,0,0,42,0.045657155185965415,0.3578564690315532,0.0,0.0,0.99,8,exponential
q_learning,sparse_seed4,sparse,4,4a77b6e251,971,225,-11.250000000000025,-8.650000000000016,0.1431382126861234,0.15,0,out_of_energy,0,0,1,0,103,19,0,0,0,47,0.04436710236026295,0.318764492834295,0.0,0.0,0.99,8,exponential
q_learning,sparse_seed4,sparse,4,4a77b6e251,972,225,-11.250000000000025,-8.650000000000016,0.14285193626075116,0.15,0,out_of_energy,0,0,1,0,102,10,0,0,0,44,0.04397913629441892,0.28530112543572433,0.0,0.0,0.99,8,exponential
q_learning,sparse_seed4,sparse,4,4a77b6e251,973,225,-11.250000000000025,-8.650000000000016,0.14256623238822966,0.15,0,out_of_energy,0,0,1,0,106,14,0,0,0,44,0.04496821726163563,0.27732933881124283,0.0,0.0,0.99,8,exponential
q_learning,sparse_seed4,sparse,4,4a77b6e251,974,225,-11.250000000000025,-8.650000000000016,0.1422810999234532,0.15,0,out_of_energy,0,0,1,0,87,23,0,0,0,40,0.045568200191158544,0.2940529848338754,0.0,0.0,0.99,8,exponential
q_learning,sparse_seed4,sparse,4,4a77b6e251,975,225,-11.250000000000025,-8.650000000000016,0.1419965377236063,0.15,0,out_of_energy,0,0,1,0,98,12,0,0,0,42,0.04495855356985694,0.31370829454830096,0.0,0.0,0.99,8,exponential
q_learning,sparse_seed4,sparse,4,4a77b6e251,976,225,-11.250000000000025,-8.650000000000016,0.14171254464815908,0.15,0,out_of_energy,0,0,1,0,82,9,0,0,0,46,0.045329974897613395,0.3361144164065246,0.0,0.0,0.99,8,exponential
q_learning,sparse_seed4,sparse,4,4a77b6e251,977,225,-11.250000000000025,-8.650000000000016,0.14142911955886275,0.15,0,out_of_energy,0,0,1,0,88,12,1,0,0,39,0.044321334183686695,0.3304651259969688,0.0,0.0,0.99,8,exponential
q_learning,sparse_seed4,sparse,4,4a77b6e251,978,225,-11.250000000000025,-8.650000000000016,0.14114626131974503,0.15,0,out_of_energy,0,0,1,0,103,13,2,0,0,58,0.04437870296770616,0.30276081084386974,0.0,0.0,0.99,8,exponential
q_learning,sparse_seed4,sparse,4,4a77b6e251,979,225,-11.250000000000025,-8.650000000000016,0.14086396879710555,0.15,0,out_of_energy,0,0,1,0,100,32,0,0,0,58,0.04497003626162456,0.28830180305281383,0.0,0.0,0.99,8,exponential
q_learning,sparse_seed4,sparse,4,4a77b6e251,980,225,-11.250000000000025,-8.650000000000016,0.14058224085951135,0.15,0,out_of_energy,0,0,1,0,96,13,8,0,0,51,0.04473919247397108,0.2711991961254025,0.0,0.0,0.99,8,exponential
q_learning,sparse_seed4,sparse,4,4a77b6e251,981,225,-11.250000000000025,-8.650000000000016,0.14030107637779232,0.15,0,out_of_energy,0,0,1,0,85,11,0,0,0,41,0.044405021712671924,0.31645089006430704,0.0,0.0,0.99,8,exponential
q_learning,sparse_seed4,sparse,4,4a77b6e251,982,225,-11.250000000000025,-8.650000000000016,0.14002047422503675,0.15,0,out_of_energy,0,0,1,0,92,10,0,0,0,34,0.04479380441651067,0.25712488087280516,0.0,0.0,0.99,8,exponential
q_learning,sparse_seed4,sparse,4,4a77b6e251,983,225,-11.250000000000025,-8.750000000000016,0.13974043327658667,0.15,0,out_of_energy,0,0,1,0,111,8,0,0,0,50,0.044943619991560775,0.2960928162146509,0.0,0.0,0.99,8,exponential
q_learning,sparse_seed4,sparse,4,4a77b6e251,984,225,-11.250000000000025,-8.750000000000016,0.1394609524100335,0.15,0,out_of_energy,0,0,1,0,93,8,0,0,0,44,0.04370623180648332,0.2719340250043859,0.0,0.0,0.99,8,exponential
q_learning,sparse_seed4,sparse,4,4a77b6e251,985,225,-11.250000000000025,-8.850000000000017,0.13918203050521344,0.15,0,out_of_energy,0,0,1,0,94,11,0,0,0,48,0.04544705943213617,0.3325714124276436,0.0,0.0,0.99,8,exponential
q_learning,sparse_seed4,sparse,4,4a77b6e251,986,225,-11.250000000000025,-8.850000000000016,0.13890366644420302,0.15,0,out_of_energy,0,0,1,0,112,8,0,0,0,47,0.044957853802139486,0.33371648780185503,0.0,0.0,0.99,8,exponential
q_learning,sparse_seed4,sparse,4,4a77b6e251,987,225,-11.250000000000025,-8.850000000000016,0.13862585911131461,0.15,0,out_of_energy,0,0,1,0,94,8,0,0,0,55,0.04433162766805971,0.2878778679075444,0.0,0.0,0.99,8,exponential
q_learning,sparse_seed4,sparse,4,4a77b6e251,988,225,-11.250000000000025,-8.850000000000016,0.138348607393092,0.15,0,out_of_energy,0,0,1,0,94,17,0,0,0,38,0.04449085862107807,0.26776095591688465,0.0,0.0,0.99,8,exponential
q_learning,sparse_seed4,sparse,4,4a77b6e251,989,225,-11.250000000000025,-8.850000000000017,0.1380719101783058,0.15,0,out_of_energy,0,0,1,0,94,6,0,0,0,44,0.0453629537641664,0.2653083986908615,0.0,0.0,0.99,8,exponential
q_learning,sparse_seed4,sparse,4,4a77b6e251,990,225,-11.250000000000025,-8.850000000000016,0.13779576635794918,0.15,0,out_of_energy,0,0,1,0,90,14,0,0,0,43,0.04619549755694979,0.3546745437686826,0.0,0.0,0.99,8,exponential
q_learning,sparse_seed4,sparse,4,4a77b6e251,991,225,-11.250000000000025,-8.850000000000016,0.1375201748252333,0.15,0,out_of_energy,0,0,1,0,77,6,0,0,0,40,0.044949099465851974,0.32854331273651577,0.0,0.0,0.99,8,exponential
q_learning,sparse_seed4,sparse,4,4a77b6e251,992,225,-11.250000000000025,-8.850000000000016,0.13724513447558281,0.15,0,out_of_energy,0,0,1,0,100,21,0,0,0,46,0.045970642836027746,0.32019732645642934,0.0,0.0,0.99,8,exponential
q_learning,sparse_seed4,sparse,4,4a77b6e251,993,225,-11.250000000000025,-8.950000000000017,0.13697064420663166,0.15,0,out_of_energy,0,0,1,0,104,2,0,0,0,38,0.04523057390634504,0.32383221547090046,0.0,0.0,0.99,8,exponential
q_learning,sparse_seed4,sparse,4,4a77b6e251,994,225,-11.250000000000025,-8.950000000000015,0.1366967029182184,0.15,0,out_of_energy,0,0,1,0,94,28,0,0,0,44,0.043972519916237456,0.25295267916950603,0.0,0.0,0.99,8,exponential
q_learning,sparse_seed4,sparse,4,4a77b6e251,995,225,-11.250000000000025,-8.950000000000015,0.13642330951238196,0.15,0,out_of_energy,0,0,1,0,96,14,0,0,0,49,0.044504663950897715,0.28714116961324543,0.0,0.0,0.99,8,exponential
q_learning,sparse_seed4,sparse,4,4a77b6e251,996,225,-11.250000000000025,-8.950000000000017,0.1361504628933572,0.15,0,out_of_energy,0,0,1,0,90,15,1,0,0,40,0.04630312092875722,0.34942044147297646,0.0,0.0,0.99,8,exponential
q_learning,sparse_seed4,sparse,4,4a77b6e251,997,225,-11.250000000000025,-8.950000000000015,0.13587816196757047,0.15,0,out_of_energy,0,0,1,0,87,6,0,0,0,49,0.0449322301302948,0.32350846136364964,0.0,0.0,0.99,8,exponential
q_learning,sparse_seed4,sparse,4,4a77b6e251,998,225,-11.250000000000025,-8.950000000000015,0.13560640564363532,0.15,0,out_of_energy,0,0,1,0,85,4,3,0,0,50,0.04458161721027474,0.29353910607010675,0.0,0.0,0.99,8,exponential
q_learning,sparse_seed4,sparse,4,4a77b6e251,999,225,-11.250000000000025,-8.950000000000015,0.13533519283234804,0.15,0,out_of_energy,0,0,1,0,90,5,2,0,0,37,0.045939695432395254,0.3329803950013549,0.0,0.0,0.99,8,exponential
q_learning,sparse_seed4,sparse,4,4a77b6e251,1000,225,-11.250000000000025,-8.950000000000015,0.13506452244668335,0.15,0,out_of_energy,0,0,1,0,105,0,0,0,0,52,0.04526180262437963,0.27269273726749144,0.0,0.0,0.99,8,exponential
q_learning,sparse_seed4,sparse,4,4a77b6e251,1001,225,-11.250000000000025,-8.950000000000015,0.13479439340178997,0.15,0,out_of_energy,0,0,1,0,86,11,6,0,0,28,0.04531577490381704,0.36260580141096455,0.0,0.0,0.99,8,exponential
q_learning,sparse_seed4,sparse,4,4a77b6e251,1002,225,-11.250000000000025,-8.950000000000015,0.1345248046149864,0.15,0,out_of_energy,0,0,1,0,99,24,4,0,0,44,0.045496583467221824,0.3574646956892706,0.0,0.0,0.99,8,exponential
q_learning,sparse_seed4,sparse,4,4a77b6e251,1003,225,-11.250000000000025,-8.950000000000015,0.13425575500575643,0.15,0,out_of_energy,0,0,1,0,97,5,0,0,0,53,0.04453234178379576,0.2935759134227624,0.0,0.0,0.99,8,exponential
q_learning,sparse_seed4,sparse,4,4a77b6e251,1004,225,-11.250000000000025,-8.950000000000015,0.13398724349574492,0.15,0,out_of_energy,0,0,1,0,89,22,2,0,0,46,0.0462963475263192,0.33357058199893097,0.0,0.0,0.99,8,exponential
q_learning,sparse_seed4,sparse,4,4a77b6e251,1005,225,-11.250000000000025,-8.950000000000015,0.13371926900875344,0.15,0,out_of_energy,0,0,1,0,96,11,0,0,0,45,0.04516303477111557,0.41169347862699723,0.0,0.0,0.99,8,exponential
q_learning,sparse_seed4,sparse,4,4a77b6e251,1006,225,-11.250000000000025,-8.950000000000015,0.13345183047073594,0.15,0,out_of_energy,0,0,1,0,97,9,0,0,0,48,0.045469983422857796,0.30589718242027236,0.0,0.0,0.99,8,exponential
q_learning,sparse_seed4,sparse,4,4a77b6e251,1007,225,-11.250000000000025,-8.950000000000015,0.13318492680979446,0.15,0,out_of_energy,0,0,1,0,83,3,0,0,0,36,0.04473935939143964,0.31701976721970215,0.0,0.0,0.99,8,exponential
q_learning,sparse_seed4,sparse,4,4a77b6e251,1008,225,-11.250000000000025,-8.950000000000015,0.13291855695617488,0.15,0,out_of_energy,0,0,1,0,101,5,0,0,0,52,0.04425068861774209,0.3040627469023078,0.0,0.0,0.99,8,exponential
q_learning,sparse_seed4,sparse,4,4a77b6e251,1009,225,-11.250000000000025,-9.050000000000017,0.13265271984226254,0.15,0,out_of_energy,0,0,1,0,83,16,0,0,0,55,0.04539751065100998,0.3060748923817837,0.0,0.0,0.99,8,exponential
q_learning,sparse_seed4,sparse,4,4a77b6e251,1010,225,-11.250000000000025,-9.050000000000017,0.132387414402578,0.15,0,out_of_energy,0,0,1,0,97,13,3,0,0,37,0.04539695939333139,0.43363048644166724,0.0,0.0,0.99,8,exponential
q_learning,sparse_seed4,sparse,4,4a77b6e251,1011,225,-11.250000000000025,-9.150000000000016,0.13212263957377285,0.15,0,out_of_energy,0,0,1,0,97,19,0,0,0,50,0.0441187177515967,0.25810348170230285,0.0,0.0,0.99,8,exponential
q_learning,sparse_seed4,sparse,4,4a77b6e251,1012,225,-11.250000000000025,-9.150000000000016,0.13185839429462531,0.15,0,out_of_energy,0,0,1,0,91,24,0,0,0,52,0.044434661317363046,0.25874018546816724,0.0,0.0,0.99,8,exponential
q_learning,sparse_seed4,sparse,4,4a77b6e251,1013,225,-11.250000000000025,-9.150000000000016,0.13159467750603607,0.15,0,out_of_energy,0,0,1,0,88,11,0,0,0,50,0.04516753893040118,0.31337154031267284,0.0,0.0,0.99,8,exponential
q_learning,sparse_seed4,sparse,4,4a77b6e251,1014,225,-11.250000000000025,-9.150000000000016,0.131331488151024,0.15,0,out_of_energy,0,0,1,0,95,20,0,0,0,35,0.04537162429760954,0.3118406202167979,0.0,0.0,0.99,8,exponential
q_learning,sparse_seed4,sparse,4,4a77b6e251,1015,225,-11.250000000000025,-9.250000000000018,0.13106882517472196,0.15,0,out_of_energy,0,0,1,0,104,38,0,0,0,39,0.04459830883232134,0.3131537235183718,0.0,0.0,0.99,8,exponential
q_learning,sparse_seed4,sparse,4,4a77b6e251,1016,225,-11.250000000000025,-9.350000000000017,0.13080668752437252,0.15,0,out_of_energy,0,0,1,0,104,5,0,0,0,48,0.044674140955840914,0.2798670111294307,0.0,0.0,0.99,8,exponential
q_learning,sparse_seed4,sparse,4,4a77b6e251,1017,225,-11.250000000000025,-9.350000000000017,0.1305450741493238,0.15,0,out_of_energy,0,0,1,0,86,15,0,0,0,40,0.04520716131404932,0.3295721801824043,0.0,0.0,0.99,8,exponential
q_learning,sparse_seed4,sparse,4,4a77b6e251,1018,225,-11.250000000000025,-9.350000000000017,0.13028398400102514,0.15,0,out_of_energy,0,0,1,0,104,11,0,0,0,43,0.04491722241629095,0.2657594153684819,0.0,0.0,0.99,8,exponential
q_learning,sparse_seed4,sparse,4,4a77b6e251,1019,225,-11.250000000000025,-9.450000000000019,0.1300234160330231,0.15,0,out_of_energy,0,0,1,0,88,26,0,0,0,35,0.04492608160492576,0.3202310574136472,0.0,0.0,0.99,8,exponential
q_learning,sparse_seed4,sparse,4,4a77b6e251,1020,225,-11.250000000000025,-9.450000000000019,0.12976336920095705,0.15,0,out_of_energy,0,0,1,0,93,20,0,0,0,57,0.04504741166085398,0.2744695679694591,0.0,0.0,0.99,8,exponential
q_learning,sparse_seed4,sparse,4,4a77b6e251,1021,225,-11.250000000000025,-9.550000000000018,0.12950384246255514,0.15,0,out_of_energy,0,0,1,0,94,20,0,0,0,38,0.04453055704695546,0.30398751566322824,0.0,0.0,0.99,8,exponential
q_learning,sparse_seed4,sparse,4,4a77b6e251,1022,225,-11.250000000000025,-9.550000000000018,0.12924483477763002,0.15,0,out_of_energy,0,0,1,0,103,13,0,0,0,45,0.04412093406804855,0.2046340142420915,0.0,0.0,0.99,8,exponential
q_learning,sparse_seed4,sparse,4,4a77b6e251,1023,225,-11.250000000000025,-9.65000000000002,0.12898634510807475,0.15,0,out_of_energy,0,0,1,0,103,4,0,0,0,48,0.04484567141222662,0.20062651961743122,0.0,0.0,0.99,8,exponential
q_learning,sparse_seed4,sparse,4,4a77b6e251,1024,225,-11.250000000000025,-9.750000000000021,0.1287283724178586,0.15,0,out_of_energy,0,0,1,0,92,0,0,0,0,45,0.04544124818844658,0.3009093192830389,0.0,0.0,0.99,8,exponential
q_learning,sparse_seed4,sparse,4,4a77b6e251,1025,225,-11.250000000000025,-9.850000000000021,0.12847091567302288,0.15,0,out_of_energy,0,0,1,0,98,8,0,0,0,42,0.04507195153288808,0.3029600495522484,0.0,0.0,0.99,8,exponential
q_learning,sparse_seed4,sparse,4,4a77b6e251,1026,225,-11.250000000000025,-9.95000000000002,0.12821397384167682,0.15,0,out_of_energy,0,0,1,0,92,3,0,0,0,41,0.045903879034840674,0.32500507144414953,0.0,0.0,0.99,8,exponential
q_learning,sparse_seed4,sparse,4,4a77b6e251,1027,225,-11.250000000000025,-10.05000000000002,0.12795754589399347,0.15,0,out_of_energy,0,0,1,0,109,0,0,0,0,56,0.045044459094602946,0.26344662256561285,0.0,0.0,0.99,8,exponential
q_learning,sparse_seed4,sparse,4,4a77b6e251,1028,225,-1.2499999999999822,-9.950000000000022,0.12770163080220548,0.15,0,out_of_energy,0,0,1,0,114,14,0,0,1,48,0.145701617691646,4.691843248487854,0.0,0.0,0.99,8,exponential
q_learning,sparse_seed4,sparse,4,4a77b6e251,1029,225,-11.250000000000025,-10.050000000000022,0.12744622754060106,0.15,0,out_of_energy,0,0,1,0,95,2,0,0,0,45,0.045483684692562414,0.3135092044441284,0.0,0.0,0.99,8,exponential
q_learning,sparse_seed4,sparse,4,4a77b6e251,1030,225,-11.250000000000025,-10.050000000000022,0.12719133508551986,0.15,0,out_of_energy,0,0,1,0,102,1,0,0,0,42,0.04464279791962853,0.21636408060270296,0.0,0.0,0.99,8,exponential
q_learning,sparse_seed4,sparse,4,4a77b6e251,1031,225,-11.250000000000025,-10.150000000000023,0.12693695241534883,0.15,0,out_of_energy,0,0,1,0,110,14,0,0,0,48,0.0448419600521956,0.3729400601848609,0.0,0.0,0.99,8,exponential
q_learning,sparse_seed4,sparse,4,4a77b6e251,1032,225,-11.250000000000025,-10.250000000000023,0.12668307851051813,0.15,0,out_of_energy,0,0,1,0,96,2,0,0,0,39,0.04455577065483961,0.29724600921703626,0.0,0.0,0.99,8,exponential
q_learning,sparse_seed4,sparse,4,4a77b6e251,1033,225,-11.250000000000025,-10.250000000000023,0.1264297123534971,0.15,0,out_of_energy,0,0,1,0,100,3,0,0,0,44,0.07678546711337324,4.035928089557319,0.0,0.0,0.99,8,exponential
q_learning,sparse_seed4,sparse,4,4a77b6e251,1034,225,-11.250000000000025,-10.350000000000023,0.1261768529287901,0.15,0,out_of_energy,0,0,1,0,94,13,0,0,0,41,0.044829899375127887,0.3066413677119415,0.0,0.0,0.99,8,exponential
q_learning,sparse_seed4,sparse,4,4a77b6e251,1035,225,-11.250000000000025,-10.450000000000022,0.12592449922293253,0.15,0,out_of_energy,0,0,1,0,92,20,0,0,0,42,0.044045275838087976,0.26450374280120686,0.0,0.0,0.99,8,exponential
q_learning,sparse_seed4,sparse,4,4a77b6e251,1036,225,-11.250000000000025,-10.550000000000022,0.12567265022448668,0.15,0,out_of_energy,0,0,1,0,107,14,2,0,0,44,0.04493981478922543,0.32892338022176104,0.0,0.0,0.99,8,exponential
q_learning,sparse_seed4,sparse,4,4a77b6e251,1037,225,-1.2499999999999822,-10.550000000000022,0.1254213049240377,0.15,0,out_of_energy,0,0,1,0,107,9,0,0,1,33,0.09322006129382682,8.311005306782329,0.0,0.0,0.99,8,exponential
q_learning,sparse_seed4,sparse,4,4a77b6e251,1038,225,-11.250000000000025,-10.550000000000022,0.12517046231418963,0.15,0,out_of_energy,0,0,1,0,102,5,0,0,0,42,0.04464255818259704,0.2655352652767573,0.0,0.0,0.99,8,exponential
q_learning,sparse_seed4,sparse,4,4a77b6e251,1039,225,-11.250000000000025,-10.650000000000023,0.12492012138956125,0.15,0,out_of_energy,0,0,1,0,95,7,0,0,0,48,0.04489201480490395,0.21157143641494114,0.0,0.0,0.99,8,exponential
q_learning,sparse_seed4,sparse,4,4a77b6e251,1040,225,-11.250000000000025,-10.650000000000023,0.12467028114678214,0.15,0,out_of_energy,0,0,1,0,95,11,0,0,0,44,0.06327013059099384,2.405740429907509,0.0,0.0,0.99,8,exponential
q_learning,sparse_seed4,sparse,4,4a77b6e251,1041,225,-11.250000000000025,-10.750000000000023,0.12442094058448858,0.15,0,out_of_energy,0,0,1,0,93,32,0,0,0,45,0.04398111630370973,0.3242930822064426,0.0,0.0,0.99,8,exponential
q_learning,sparse_seed4,sparse,4,4a77b6e251,1042,225,-1.2499999999999822,-10.750000000000023,0.1241720987033196,0.15,0,out_of_energy,0,0,1,0,101,8,0,0,1,47,0.09543621605829913,2.288957233775177,0.0,0.0,0.99,8,exponential
q_learning,sparse_seed4,sparse,4,4a77b6e251,1043,225,-11.250000000000025,-10.750000000000023,0.12392375450591296,0.15,0,out_of_energy,0,0,1,0,88,20,1,0,0,40,0.045009799612424156,0.3259254558426832,0.0,0.0,0.99,8,exponential
q_learning,sparse_seed4,sparse,4,4a77b6e251,1044,225,-1.2499999999999822,-10.650000000000023,0.12367590699690113,0.15,0,out_of_energy,0,0,1,0,113,8,0,0,1,51,0.08996879051385474,3.7371872625329985,0.0,0.0,0.99,8,exponential
q_learning,sparse_seed4,sparse,4,4a77b6e251,1045,225,-1.2499999999999858,-10.550000000000022,0.12342855518290734,0.15,0,out_of_energy,0,0,1,0,97,13,0,0,1,42,0.08448842880703894,4.120884263470549,0.0,0.0,0.99,8,exponential
q_learning,sparse_seed4,sparse,4,4a77b6e251,1046,225,-11.250000000000025,-10.650000000000023,0.12318169807254152,0.15,0,out_of_energy,0,0,1,0,97,31,0,0,0,45,0.044974745899219466,0.3450213094796601,0.0,0.0,0.99,8,exponential
q_learning,sparse_seed4,sparse,4,4a77b6e251,1047,225,-11.250000000000025,-10.650000000000023,0.12293533467639643,0.15,0,out_of_energy,0,0,1,0,106,21,0,0,0,44,0.045571402319306786,0.3778118106671458,0.0,0.0,0.99,8,exponential
q_learning,sparse_seed4,sparse,4,4a77b6e251,1048,225,-11.250000000000025,-10.650000000000023,0.12268946400704364,0.15,0,out_of_energy,0,0,1,0,95,20,0,0,0,38,0.04442100959126771,0.2845912022702985,0.0,0.0,0.99,8,exponential
q_learning,sparse_seed4,sparse,4,4a77b6e251,1049,225,-11.250000000000025,-10.650000000000023,0.12244408507902955,0.15,0,out_of_energy,0,0,1,0,98,22,0,0,0,45,0.043707138231226024,0.27320622324389543,0.0,0.0,0.99,8,exponential
q_learning,sparse_seed4,sparse,4,4a77b6e251,1050,225,-11.250000000000025,-10.650000000000023,0.1221991969088715,0.15,0,out_of_energy,0,0,1,0,109,18,0,0,0,51,0.04569932322185396,0.4035913588520885,0.0,0.0,0.99,8,exponential
q_learning,sparse_seed4,sparse,4,4a77b6e251,1051,225,-11.250000000000025,-10.650000000000023,0.12195479851505375,0.15,0,out_of_energy,0,0,1,0,104,9,0,0,0,47,0.044864836266024014,0.32172965775835527,0.0,0.0,0.99,8,exponential
q_learning,sparse_seed4,sparse,4,4a77b6e251,1052,225,-11.250000000000025,-10.650000000000023,0.12171088891802365,0.15,0,out_of_energy,0,0,1,0,100,33,0,0,0,46,0.04452244294442597,0.26992651367479664,0.0,0.0,0.99,8,exponential
q_learning,sparse_seed4,sparse,4,4a77b6e251,1053,225,-11.250000000000025,-10.650000000000023,0.1214674671401876,0.15,0,out_of_energy,0,0,1,0,97,10,3,0,0,47,0.04664784885103646,0.37953008569310775,0.0,0.0,0.99,8,exponential
q_learning,sparse_seed4,sparse,4,4a77b6e251,1054,225,-11.250000000000025,-10.650000000000023,0.12122453220590722,0.15,0,out_of_energy,0,0,1,0,90,43,0,0,0,52,0.044924032638738426,0.3578142211441113,0.0,0.0,0.99,8,exponential
q_learning,sparse_seed4,sparse,4,4a77b6e251,1055,225,-11.250000000000025,-10.650000000000023,0.1209820831414954,0.15,0,out_of_energy,0,0,1,0,92,3,0,0,0,42,0.04535797623290575,0.27933991328770463,0.0,0.0,0.99,8,exponential
q_learning,sparse_seed4,sparse,4,4a77b6e251,1056,225,-11.250000000000025,-10.750000000000023,0.12074011897521242,0.15,0,out_of_energy,0,0,1,0,90,4,0,0,0,48,0.04531365524245904,0.3326419049682447,0.0,0.0,0.99,8,exponential
q_learning,sparse_seed4,sparse,4,4a77b6e251,1057,225,-11.250000000000025,-10.750000000000023,0.12049863873726199,0.15,0,out_of_energy,0,0,1,0,93,4,0,0,0,38,0.0452204534265393,0.3313663273596573,0.0,0.0,0.99,8,exponential
q_learning,sparse_seed4,sparse,4,4a77b6e251,1058,225,-11.250000000000025,-10.750000000000023,0.12025764145978747,0.15,0,out_of_energy,0,0,1,0,98,29,0,0,0,57,0.04431528320660852,0.28596212995871595,0.0,0.0,0.99,8,exponential
q_learning,sparse_seed4,sparse,4,4a77b6e251,1059,225,-11.250000000000025,-10.750000000000023,0.1200171261768679,0.15,0,out_of_energy,0,0,1,0,93,7,0,0,0,49,0.04414974845113898,0.3274475664400868,0.0,0.0,0.99,8,exponential
q_learning,sparse_seed4,sparse,4,4a77b6e251,1060,225,-11.250000000000025,-10.750000000000023,0.11977709192451416,0.15,0,out_of_energy,0,0,1,0,100,21,0,0,0,54,0.04452360162771114,0.27255243271781016,0.0,0.0,0.99,8,exponential
q_learning,sparse_seed4,sparse,4,4a77b6e251,1061,225,-11.250000000000025,-10.750000000000023,0.11953753774066514,0.15,0,out_of_energy,0,0,1,0,108,13,0,0,0,37,0.04427195040050666,0.26889162836636477,0.0,0.0,0.99,8,exponential
q_learning,sparse_seed4,sparse,4,4a77b6e251,1062,225,-11.250000000000025,-10.750000000000023,0.1192984626651838,0.15,0,out_of_energy,0,0,1,0,94,5,0,0,0,43,0.04629908314414726,0.41651060247921357,0.0,0.0,0.99,8,exponential
q_learning,sparse_seed4,sparse,4,4a77b6e251,1063,225,-11.250000000000025,-10.750000000000023,0.11905986573985344,0.15,0,out_of_energy,0,0,1,0,109,3,0,0,0,54,0.04464845126674187,0.38839126584551675,0.0,0.0,0.99,8,exponential
q_learning,sparse_seed4,sparse,4,4a77b6e251,1064,225,-11.250000000000025,-10.750000000000023,0.11882174600837374,0.15,0,out_of_energy,0,0,1,0,100,3,0,0,0,37,0.04522255558110506,0.3625825717353955,0.0,0.0,0.99,8,exponential
q_learning,sparse_seed4,sparse,4,4a77b6e251,1065,225,-1.2499999999999871,-10.650000000000023,0.118584102516357,0.15,0,out_of_energy,0,0,1,0,107,15,0,0,1,44,0.15422660726793697,5.18825354539148,0.0,0.0,0.99,8,exponential
q_learning,sparse_seed4,sparse,4,4a77b6e251,1066,225,-11.250000000000025,-10.650000000000023,0.11834693431132429,0.15,0,out_of_energy,0,0,1,0,114,4,0,0,0,45,0.04401513587124975,0.17636844804229135,0.0,0.0,0.99,8,exponential
q_learning,sparse_seed4,sparse,4,4a77b6e251,1067,225,-11.250000000000025,-10.650000000000023,0.11811024044270164,0.15,0,out_of_energy,0,0,1,0,92,26,0,0,0,37,0.04511656211530822,0.3087886407896537,0.0,0.0,0.99,8,exponential
q_learning,sparse_seed4,sparse,4,4a77b6e251,1068,225,-11.250000000000025,-10.650000000000023,0.11787401996181623,0.15,0,out_of_energy,0,0,1,0,112,5,0,0,0,39,0.044229987046713416,0.19069396311610132,0.0,0.0,0.99,8,exponential
q_learning,sparse_seed4,sparse,4,4a77b6e251,1069,225,-11.250000000000025,-10.650000000000023,0.1176382719218926,0.15,0,out_of_energy,0,0,1,0,87,11,2,0,0,50,0.04580492493350985,0.31050622833750724,0.0,0.0,0.99,8,exponential
q_learning,sparse_seed4,sparse,4,4a77b6e251,1070,225,-11.250000000000025,-10.650000000000023,0.11740299537804882,0.15,0,out_of_energy,0,0,1,0,104,12,0,0,0,44,0.04510090411028296,0.34165545679178777,0.0,0.0,0.99,8,exponential
q_learning,sparse_seed4,sparse,4,4a77b6e251,1071,225,-11.250000000000025,-10.650000000000023,0.11716818938729273,0.15,0,out_of_energy,0,0,1,0,86,2,0,0,0,50,0.04476672199052866,0.34181601061545597,0.0,0.0,0.99,8,exponential
q_learning,sparse_seed4,sparse,4,4a77b6e251,1072,225,-11.250000000000025,-10.650000000000023,0.11693385300851815,0.15,0,out_of_energy,0,0,1,0,99,6,0,0,0,48,0.04513794736474603,0.2635158429162051,0.0,0.0,0.99,8,exponential
q_learning,sparse_seed4,sparse,4,4a77b6e251,1073,225,-11.250000000000025,-10.650000000000023,0.11669998530250111,0.15,0,out_of_energy,0,0,1,0,97,10,0,0,0,45,0.04438917931999897,0.24210352450658967,0.0,0.0,0.99,8,exponential
q_learning,sparse_seed4,sparse,4,4a77b6e251,1074,225,-11.250000000000025,-10.650000000000023,0.1164665853318961,0.15,0,out_of_energy,0,0,1,0,85,17,0,0,0,44,0.04567559042527008,0.34070234292478757,0.0,0.0,0.99,8,exponential
q_learning,sparse_seed4,sparse,4,4a77b6e251,1075,225,-11.250000000000025,-10.650000000000023,0.11623365216123231,0.15,0,out_of_energy,0,0,1,0,80,21,0,0,0,29,0.04440367344845145,0.3240362830871432,0.0,0.0,0.99,8,exponential
q_learning,sparse_seed4,sparse,4,4a77b6e251,1076,225,-11.250000000000025,-10.650000000000023,0.11600118485690984,0.15,0,out_of_energy,0,0,1,0,71,13,0,0,0,32,0.04547894655405533,0.4142068407816487,0.0,0.0,0.99,8,exponential
q_learning,sparse_seed4,sparse,4,4a77b6e251,1077,225,-11.250000000000025,-10.650000000000023,0.11576918248719602,0.15,0,out_of_energy,0,0,1,0,88,23,0,0,0,48,0.04526671372788518,0.37224097909679743,0.0,0.0,0.99,8,exponential
q_learning,sparse_seed4,sparse,4,4a77b6e251,1078,225,-11.250000000000025,-10.650000000000023,0.11553764412222163,0.15,0,out_of_energy,0,0,1,0,107,8,0,0,0,43,0.04415840547331593,0.2812171450562841,0.0,0.0,0.99,8,exponential
q_learning,sparse_seed4,sparse,4,4a77b6e251,1079,225,-11.250000000000025,-10.650000000000023,0.11530656883397719,0.15,0,out_of_energy,0,0,1,0,105,20,0,0,0,51,0.0436914276355938,0.2584104970564435,0.0,0.0,0.99,8,exponential
q_learning,sparse_seed4,sparse,4,4a77b6e251,1080,225,-11.250000000000025,-10.650000000000023,0.11507595569630924,0.15,0,out_of_energy,0,0,1,0,95,16,0,0,0,42,0.04468901042443071,0.2894544574519288,0.0,0.0,0.99,8,exponential
q_learning,sparse_seed4,sparse,4,4a77b6e251,1081,225,-11.250000000000025,-10.650000000000023,0.11484580378491663,0.15,0,out_of_energy,0,0,1,0,101,17,1,0,0,37,0.04456991640147246,0.33475525119312094,0.0,0.0,0.99,8,exponential
q_learning,sparse_seed4,sparse,4,4a77b6e251,1082,225,-11.250000000000025,-10.650000000000023,0.1146161121773468,0.15,0,out_of_energy,0,0,1,0,93,22,0,0,0,38,0.04454485702004532,0.3010011720252404,0.0,0.0,0.99,8,exponential
q_learning,sparse_seed4,sparse,4,4a77b6e251,1083,225,-11.250000000000025,-10.650000000000023,0.1143868799529921,0.15,0,out_of_energy,0,0,1,0,95,7,1,0,0,48,0.044778895746033845,0.38295605783581776,0.0,0.0,0.99,8,exponential
q_learning,sparse_seed4,sparse,4,4a77b6e251,1084,225,-11.250000000000025,-10.650000000000023,0.11415810619308611,0.15,0,out_of_energy,0,0,1,0,90,1,0,0,0,42,0.045837868044128816,0.32641897431308364,0.0,0.0,0.99,8,exponential
q_learning,sparse_seed4,sparse,4,4a77b6e251,1085,225,-1.2499999999999822,-10.550000000000022,0.11392978998069994,0.15,0,out_of_energy,0,0,1,0,95,7,0,0,1,41,0.08741285805238334,3.284888655640165,0.0,0.0,0.99,8,exponential
q_learning,sparse_seed4,sparse,4,4a77b6e251,1086,225,-11.250000000000025,-10.550000000000022,0.11370193040073855,0.15,0,out_of_energy,0,0,1,0,108,4,1,0,0,31,0.044942080239681825,0.3557281482365986,0.0,0.0,0.99,8,exponential
q_learning,sparse_seed4,sparse,4,4a77b6e251,1087,225,-11.250000000000025,-10.550000000000022,0.11347452653993707,0.15,0,out_of_energy,0,0,1,0,104,28,0,0,0,47,0.04428487538680743,0.2628922197271222,0.0,0.0,0.99,8,exponential
q_learning,sparse_seed4,sparse,4,4a77b6e251,1088,225,-11.250000000000025,-10.550000000000022,0.1132475774868572,0.15,0,out_of_energy,0,0,1,0,85,21,3,0,0,39,0.04508932459481611,0.42457563511978835,0.0,0.0,0.99,8,exponential
q_learning,sparse_seed4,sparse,4,4a77b6e251,1089,225,-11.250000000000025,-10.550000000000022,0.11302108233188347,0.15,0,out_of_energy,0,0,1,0,91,14,2,0,0,40,0.043479616259568324,0.3153350125205342,0.0,0.0,0.99,8,exponential
q_learning,sparse_seed4,sparse,4,4a77b6e251,1090,225,-11.250000000000025,-10.550000000000022,0.11279504016721971,0.15,0,out_of_energy,0,0,1,0,92,21,0,0,0,47,0.044753384086880996,0.34450797016891016,0.0,0.0,0.99,8,exponential
q_learning,sparse_seed4,sparse,4,4a77b6e251,1091,225,-11.250000000000025,-10.550000000000022,0.11256945008688526,0.15,0,out_of_energy,0,0,1,0,100,22,0,0,0,46,0.04421586999683103,0.28119926965543224,0.0,0.0,0.99,8,exponential
q_learning,sparse_seed4,sparse,4,4a77b6e251,1092,225,-11.250000000000025,-10.550000000000022,0.1123443111867115,0.15,0,out_of_energy,0,0,1,0,106,3,0,0,0,55,0.043803800113484705,0.20360100694381245,0.0,0.0,0.99,8,exponential
q_learning,sparse_seed4,sparse,4,4a77b6e251,1093,225,-11.250000000000025,-10.550000000000022,0.11211962256433808,0.15,0,out_of_energy,0,0,1,0,93,1,0,0,0,54,0.04405255002895905,0.24603628883413953,0.0,0.0,0.99,8,exponential
q_learning,sparse_seed4,sparse,4,4a77b6e251,1094,225,-11.250000000000025,-10.550000000000022,0.1118953833192094,0.15,0,out_of_energy,0,0,1,0,106,21,0,0,0,40,0.044290053577165825,0.29011380887863225,0.0,0.0,0.99,8,exponential
q_learning,sparse_seed4,sparse,4,4a77b6e251,1095,225,-11.250000000000025,-10.550000000000022,0.11167159255257098,0.15,0,out_of_energy,0,0,1,0,108,25,0,0,0,38,0.04409965811547541,0.3218130342959351,0.0,0.0,0.99,8,exponential
q_learning,sparse_seed4,sparse,4,4a77b6e251,1096,225,-11.250000000000025,-10.550000000000022,0.11144824936746583,0.15,0,out_of_energy,0,0,1,0,119,7,0,0,0,43,0.04478902998832955,0.31030803517359434,0.0,0.0,0.99,8,exponential
q_learning,sparse_seed4,sparse,4,4a77b6e251,1097,225,-11.250000000000025,-10.550000000000022,0.1112253528687309,0.15,0,out_of_energy,0,0,1,0,93,6,0,0,0,38,0.04534010836927564,0.337920951251864,0.0,0.0,0.99,8,exponential
q_learning,sparse_seed4,sparse,4,4a77b6e251,1098,225,-11.250000000000025,-10.550000000000022,0.11100290216299344,0.15,0,out_of_energy,0,0,1,0,103,3,0,0,0,46,0.0446747971159442,0.1983487530183478,0.0,0.0,0.99,8,exponential
q_learning,sparse_seed4,sparse,4,4a77b6e251,1099,225,-11.250000000000025,-10.550000000000022,0.11078089635866745,0.15,0,out_of_energy,0,0,1,0,89,15,1,0,0,53,0.04520730713692392,0.3838997046971354,0.0,0.0,0.99,8,exponential
q_learning,sparse_seed4,sparse,4,4a77b6e251,1100,225,-11.250000000000025,-10.550000000000022,0.11055933456595012,0.15,0,out_of_energy,0,0,1,0,96,24,0,0,0,48,0.045175979138872925,0.3541011334780751,0.0,0.0,0.99,8,exponential
q_learning,sparse_seed4,sparse,4,4a77b6e251,1101,225,-11.250000000000025,-10.550000000000022,0.11033821589681822,0.15,0,out_of_energy,0,0,1,0,90,22,2,0,0,44,0.045502315904220374,0.3400368711779624,0.0,0.0,0.99,8,exponential
q_learning,sparse_seed4,sparse,4,4a77b6e251,1102,225,-11.250000000000025,-10.550000000000022,0.11011753946502459,0.15,0,out_of_energy,0,0,1,0,93,32,0,0,0,46,0.04416857650307946,0.31302442635069183,0.0,0.0,0.99,8,exponential
q_learning,sparse_seed4,sparse,4,4a77b6e251,1103,225,-11.250000000000025,-10.550000000000022,0.10989730438609453,0.15,0,out_of_energy,0,0,1,0,100,7,0,0,0,39,0.04491481078140148,0.3298744581121905,0.0,0.0,0.99,8,exponential
q_learning,sparse_seed4,sparse,4,4a77b6e251,1104,225,-11.250000000000025,-10.550000000000022,0.10967750977732234,0.15,0,out_of_energy,0,0,1,0,112,1,0,0,0,39,0.04478537789357201,0.3029849065277275,0.0,0.0,0.99,8,exponential
q_learning,sparse_seed4,sparse,4,4a77b6e251,1105,225,-11.250000000000025,-10.550000000000022,0.1094581547577677,0.15,0,out_of_energy,0,0,1,0,95,21,0,0,0,45,0.04512680007792399,0.3469962658317431,0.0,0.0,0.99,8,exponential
q_learning,sparse_seed4,sparse,4,4a77b6e251,1106,225,-11.250000000000025,-10.550000000000022,0.10923923844825216,0.15,0,out_of_energy,0,0,1,0,91,21,0,0,0,35,0.04460100523182343,0.3545003346272345,0.0,0.0,0.99,8,exponential
q_learning,sparse_seed4,sparse,4,4a77b6e251,1107,225,-11.250000000000025,-10.550000000000022,0.10902075997135566,0.15,0,out_of_energy,0,0,1,0,91,14,0,0,0,43,0.043939554700268876,0.3400540677856023,0.0,0.0,0.99,8,exponential
q_learning,sparse_seed4,sparse,4,4a77b6e251,1108,225,-11.250000000000025,-10.550000000000022,0.10880271845141294,0.15,0,out_of_energy,0,0,1,0,94,13,5,0,0,49,0.04382797319803614,0.3148480753960869,0.0,0.0,0.99,8,exponential
q_learning,sparse_seed4,sparse,4,4a77b6e251,1109,225,-11.250000000000025,-10.550000000000022,0.10858511301451011,0.15,0,out_of_energy,0,0,1,0,100,3,0,0,0,53,0.04484133903599766,0.324735411621136,0.0,0.0,0.99,8,exponential
q_learning,sparse_seed4,sparse,4,4a77b6e251,1110,225,-11.250000000000025,-10.550000000000022,0.1083679427884811,0.15,0,out_of_energy,0,0,1,0,98,21,0,0,0,40,0.044127829790184946,0.3046564090662946,0.0,0.0,0.99,8,exponential
q_learning,sparse_seed4,sparse,4,4a77b6e251,1111,225,-11.250000000000025,-10.550000000000022,0.10815120690290413,0.15,0,out_of_energy,0,0,1,0,88,11,0,0,0,53,0.04555850020441422,0.3071053125092068,0.0,0.0,0.99,8,exponential
q_learning,sparse_seed4,sparse,4,4a77b6e251,1112,225,-11.250000000000025,-10.550000000000022,0.10793490448909832,0.15,0,out_of_energy,0,0,1,0,95,18,0,0,0,49,0.0449649810479779,0.3433193569066221,0.0,0.0,0.99,8,exponential
q_learning,sparse_seed4,sparse,4,4a77b6e251,1113,225,-11.250000000000025,-10.550000000000022,0.10771903468012012,0.15,0,out_of_energy,0,0,1,0,97,15,4,0,0,38,0.04476201964410808,0.29430634661969446,0.0,0.0,0.99,8,exponential
q_learning,sparse_seed4,sparse,4,4a77b6e251,1114,225,-11.250000000000025,-10.550000000000022,0.10750359661075988,0.15,0,out_of_energy,0,0,1,0,106,7,0,0,0,54,0.04446552988357745,0.2881072229840967,0.0,0.0,0.99,8,exponential
q_learning,sparse_seed4,sparse,4,4a77b6e251,1115,225,-11.250000000000025,-10.550000000000022,0.10728858941753835,0.15,0,out_of_energy,0,0,1,0,94,13,0,0,0,50,0.04421717810533109,0.33496420636398716,0.0,0.0,0.99,8,exponential
q_learning,sparse_seed4,sparse,4,4a77b6e251,1116,225,-11.250000000000025,-10.550000000000022,0.10707401223870328,0.15,0,out_of_energy,0,0,1,0,118,14,0,0,0,46,0.04391532201403117,0.2772172179693568,0.0,0.0,0.99,8,exponential
q_learning,sparse_seed4,sparse,4,4a77b6e251,1117,225,-11.250000000000025,-10.550000000000022,0.10685986421422587,0.15,0,out_of_energy,0,0,1,0,90,9,0,0,0,51,0.044014597237496865,0.30426194096109543,0.0,0.0,0.99,8,exponential
q_learning,sparse_seed4,sparse,4,4a77b6e251,1118,225,-11.250000000000025,-10.550000000000022,0.10664614448579741,0.15,0,out_of_energy,0,0,1,0,95,4,0,0,0,49,0.04593852528078058,0.35852646235014246,0.0,0.0,0.99,8,exponential
q_learning,sparse_seed4,sparse,4,4a77b6e251,1119,225,-11.250000000000025,-10.550000000000022,0.10643285219682581,0.15,0,out_of_energy,0,0,1,0,95,7,0,0,0,46,0.04349841457340153,0.19368835917446303,0.0,0.0,0.99,8,exponential
q_learning,sparse_seed4,sparse,4,4a77b6e251,1120,225,-11.250000000000025,-10.550000000000022,0.10621998649243217,0.15,0,out_of_energy,0,0,1,0,98,9,1,0,0,51,0.045152080091375384,0.366767714306835,0.0,0.0,0.99,8,exponential
q_learning,sparse_seed4,sparse,4,4a77b6e251,1121,225,-11.250000000000025,-10.550000000000022,0.1060075465194473,0.15,0,out_of_energy,0,0,1,0,98,6,0,0,0,44,0.0446828712655128,0.2987049198022056,0.0,0.0,0.99,8,exponential
q_learning,sparse_seed4,sparse,4,4a77b6e251,1122,225,-11.250000000000025,-10.550000000000022,0.1057955314264084,0.15,0,out_of_energy,0,0,1,0,104,13,0,0,0,42,0.04538983317149287,0.3277409159868862,0.0,0.0,0.99,8,exponential
q_learning,sparse_seed4,sparse,4,4a77b6e251,1123,225,-11.250000000000025,-10.550000000000022,0.10558394036355559,0.15,0,out_of_energy,0,0,1,0,91,26,3,0,0,33,0.045186339543004383,0.4233821901771167,0.0,0.0,0.99,8,exponential
q_learning,sparse_seed4,sparse,4,4a77b6e251,1124,225,-11.250000000000025,-10.550000000000022,0.10537277248282848,0.15,0,out_of_energy,0,0,1,0,108,38,0,0,0,39,0.04381977245686527,0.3146628830048909,0.0,0.0,0.99,8,exponential
q_learning,sparse_seed4,sparse,4,4a77b6e251,1125,225,-11.250000000000025,-10.550000000000022,0.10516202693786282,0.15,0,out_of_energy,0,0,1,0,90,6,0,0,0,44,0.04526519623484393,0.3030684516675034,0.0,0.0,0.99,8,exponential
q_learning,sparse_seed4,sparse,4,4a77b6e251,1126,225,-11.250000000000025,-10.550000000000022,0.1049517028839871,0.15,0,out_of_energy,0,0,1,0,115,14,0,0,0,43,0.044564166022010375,0.34547483857426875,0.0,0.0,0.99,8,exponential
q_learning,sparse_seed4,sparse,4,4a77b6e251,1127,225,-11.250000000000025,-10.550000000000022,0.10474179947821913,0.15,0,out_of_energy,0,0,1,0,87,12,1,0,0,48,0.044318155751500415,0.3294107003968254,0.0,0.0,0.99,8,exponential
q_learning,sparse_seed4,sparse,4,4a77b6e251,1128,225,-11.250000000000025,-10.650000000000023,0.10453231587926269,0.15,0,out_of_energy,0,0,1,0,102,27,0,0,0,43,0.043885513335102926,0.21990893572611364,0.0,0.0,0.99,8,exponential
q_learning,sparse_seed4,sparse,4,4a77b6e251,1129,225,-11.250000000000025,-10.650000000000023,0.10432325124750416,0.15,0,out_of_energy,0,0,1,0,92,16,0,0,0,45,0.04429857173086128,0.3392098390163008,0.0,0.0,0.99,8,exponential
q_learning,sparse_seed4,sparse,4,4a77b6e251,1130,225,-11.250000000000025,-10.650000000000023,0.10411460474500915,0.15,0,out_of_energy,0,0,1,0,95,27,0,0,0,47,0.04456192816805247,0.2996531786248155,0.0,0.0,0.99,8,exponential
q_learning,sparse_seed4,sparse,4,4a77b6e251,1131,225,-11.250000000000025,-10.650000000000023,0.10390637553551914,0.15,0,out_of_energy,0,0,1,0,95,23,0,0,0,44,0.04508685193460015,0.40278112267011007,0.0,0.0,0.99,8,exponential
q_learning,sparse_seed4,sparse,4,4a77b6e251,1132,225,-11.250000000000025,-10.650000000000023,0.1036985627844481,0.15,0,out_of_energy,0,0,1,0,96,18,0,0,0,42,0.04518605992145155,0.3947991427481964,0.0,0.0,0.99,8,exponential
q_learning,sparse_seed4,sparse,4,4a77b6e251,1133,225,-11.250000000000025,-10.650000000000023,0.1034911656588792,0.15,0,out_of_energy,0,0,1,0,93,27,1,0,0,41,0.04527173535758157,0.34703453245614796,0.0,0.0,0.99,8,exponential
q_learning,sparse_seed4,sparse,4,4a77b6e251,1134,225,-11.250000000000025,-10.650000000000023,0.10328418332756144,0.15,0,out_of_energy,0,0,1,0,95,11,0,0,0,45,0.045128803012383034,0.406438767063238,0.0,0.0,0.99,8,exponential
q_learning,sparse_seed4,sparse,4,4a77b6e251,1135,225,-11.250000000000025,-10.650000000000023,0.10307761496090631,0.15,0,out_of_energy,0,0,1,0,99,42,0,0,0,47,0.044450241058652314,0.33361137300056654,0.0,0.0,0.99,8,exponential
q_learning,sparse_seed4,sparse,4,4a77b6e251,1136,225,-11.250000000000025,-10.650000000000023,0.1028714597309845,0.15,0,out_of_energy,0,0,1,0,92,18,0,0,0,51,0.044548819800037054,0.3531343674681863,0.0,0.0,0.99,8,exponential
q_learning,sparse_seed4,sparse,4,4a77b6e251,1137,225,-11.250000000000025,-10.750000000000023,0.10266571681152252,0.15,0,out_of_energy,0,0,1,0,92,9,0,0,0,41,0.04414699442285473,0.28910377404765597,0.0,0.0,0.99,8,exponential
q_learning,sparse_seed4,sparse,4,4a77b6e251,1138,225,-11.250000000000025,-10.750000000000023,0.10246038537789948,0.15,0,out_of_energy,0,0,1,0,87,4,0,0,0,46,0.04442995103675779,0.302107467068404,0.0,0.0,0.99,8,exponential
q_learning,sparse_seed4,sparse,4,4a77b6e251,1139,225,-11.250000000000025,-10.750000000000023,0.10225546460714367,0.15,0,out_of_energy,0,0,1,0,108,16,0,0,0,40,0.04377255512895063,0.3019264282712923,0.0,0.0,0.99,8,exponential
q_learning,sparse_seed4,sparse,4,4a77b6e251,1140,225,-11.250000000000025,-10.750000000000023,0.10205095367792938,0.15,0,out_of_energy,0,0,1,0,109,10,0,0,0,46,0.04530227625838611,0.3709279273723699,0.0,0.0,0.99,8,exponential
q_learning,sparse_seed4,sparse,4,4a77b6e251,1141,225,-11.250000000000025,-10.750000000000023,0.10184685177057352,0.15,0,out_of_energy,0,0,1,0,94,0,0,0,0,45,0.0447194939289117,0.3128822520406669,0.0,0.0,0.99,8,exponential
q_learning,sparse_seed4,sparse,4,4a77b6e251,1142,225,-11.250000000000025,-10.850000000000023,0.10164315806703238,0.15,0,out_of_energy,0,0,1,0,99,17,0,0,0,42,0.04382006130941793,0.21137656140039746,0.0,0.0,0.99,8,exponential
q_learning,sparse_seed4,sparse,4,4a77b6e251,1143,225,-11.250000000000025,-10.850000000000023,0.10143987175089832,0.15,0,out_of_energy,0,0,1,0,102,1,0,0,0,47,0.04372421891135145,0.3023028893131812,0.0,0.0,0.99,8,exponential
q_learning,sparse_seed4,sparse,4,4a77b6e251,1144,225,-11.250000000000025,-10.950000000000022,0.10123699200739653,0.15,0,out_of_energy,0,0,1,0,96,28,0,0,0,49,0.045058285668819864,0.3641243737270612,0.0,0.0,0.99,8,exponential
q_learning,sparse_seed4,sparse,4,4a77b6e251,1145,225,-11.250000000000025,-11.050000000000022,0.10103451802338173,0.15,0,out_of_energy,0,0,1,0,100,19,0,0,0,51,0.04420137101940592,0.30129369584776156,0.0,0.0,0.99,8,exponential
q_learning,sparse_seed4,sparse,4,4a77b6e251,1146,225,-11.250000000000025,-11.050000000000022,0.10083244898733497,0.15,0,out_of_energy,0,0,1,0,99,9,0,0,0,47,0.04424906500503169,0.31850501013260335,0.0,0.0,0.99,8,exponential
q_learning,sparse_seed4,sparse,4,4a77b6e251,1147,225,-11.250000000000025,-11.050000000000022,0.1006307840893603,0.15,0,out_of_energy,0,0,1,0,101,12,0,0,0,48,0.04423771246772424,0.30522450004652596,0.0,0.0,0.99,8,exponential
q_learning,sparse_seed4,sparse,4,4a77b6e251,1148,225,-11.250000000000025,-11.050000000000022,0.10042952252118158,0.15,0,out_of_energy,0,0,1,0,113,8,0,0,0,41,0.04504150940909658,0.3130122379410396,0.0,0.0,0.99,8,exponential
q_learning,sparse_seed4,sparse,4,4a77b6e251,1149,225,-11.250000000000025,-11.050000000000022,0.10022866347613922,0.15,0,out_of_energy,0,0,1,0,77,0,3,0,0,44,0.04576952061855593,0.34758786850882534,0.0,0.0,0.99,8,exponential
q_learning,sparse_seed4,sparse,4,4a77b6e251,1150,225,-11.250000000000025,-11.050000000000022,0.10002820614918695,0.15,0,out_of_energy,0,0,1,0,102,8,0,0,0,50,0.044148522414136186,0.2795594156943958,0.0,0.0,0.99,8,exponential
q_learning,sparse_seed4,sparse,4,4a77b6e251,1151,225,-11.250000000000025,-11.050000000000022,0.09982814973688857,0.15,0,out_of_energy,0,0,1,0,94,27,3,0,0,40,0.044741215553664546,0.35250237159483194,0.0,0.0,0.99,8,exponential
q_learning,sparse_seed4,sparse,4,4a77b6e251,1152,225,-11.250000000000025,-11.050000000000022,0.0996284934374148,0.15,0,out_of_energy,0,0,1,0,80,31,0,0,0,40,0.04518997341811927,0.32459707573566854,0.0,0.0,0.99,8,exponential
q_learning,sparse_seed4,sparse,4,4a77b6e251,1153,225,-11.250000000000025,-11.050000000000022,0.09942923645053997,0.15,0,out_of_energy,0,0,1,0,73,9,0,0,0,36,0.044282596626691255,0.3060606367470818,0.0,0.0,0.99,8,exponential
q_learning,sparse_seed4,sparse,4,4a77b6e251,1154,225,-11.250000000000025,-11.050000000000022,0.0992303779776389,0.15,0,out_of_energy,0,0,1,0,96,14,0,0,0,48,0.044598848813720685,0.33569971492812817,0.0,0.0,0.99,8,exponential
q_learning,sparse_seed4,sparse,4,4a77b6e251,1155,225,-11.250000000000025,-11.050000000000022,0.09903191722168361,0.15,0,out_of_energy,0,0,1,0,100,21,0,0,0,45,0.043456905551608985,0.22988168237714995,0.0,0.0,0.99,8,exponential
q_learning,sparse_seed4,sparse,4,4a77b6e251,1156,225,-11.250000000000025,-11.050000000000022,0.09883385338724024,0.15,0,out_of_energy,0,0,1,0,97,19,0,0,0,55,0.045007265300747924,0.397217156401646,0.0,0.0,0.99,8,exponential
q_learning,sparse_seed4,sparse,4,4a77b6e251,1157,225,-11.250000000000025,-11.050000000000022,0.09863618568046575,0.15,0,out_of_energy,0,0,1,0,88,11,0,0,0,47,0.045403178683938436,0.27435644400620246,0.0,0.0,0.99,8,exponential
q_learning,sparse_seed4,sparse,4,4a77b6e251,1158,225,-11.250000000000025,-11.050000000000022,0.09843891330910483,0.15,0,out_of_energy,0,0,1,0,86,28,0,0,0,49,0.044435283963042374,0.36781339800274127,0.0,0.0,0.99,8,exponential
q_learning,sparse_seed4,sparse,4,4a77b6e251,1159,225,-11.250000000000025,-11.050000000000022,0.09824203548248661,0.15,0,out_of_energy,0,0,1,0,90,24,1,0,0,39,0.04463499962433547,0.377813583324976,0.0,0.0,0.99,8,exponential
q_learning,sparse_seed4,sparse,4,4a77b6e251,1160,225,-11.250000000000025,-11.050000000000022,0.09804555141152164,0.15,0,out_of_energy,0,0,1,0,88,0,0,0,0,41,0.0446779768171596,0.302223528949449,0.0,0.0,0.99,8,exponential
q_learning,sparse_seed4,sparse,4,4a77b6e251,1161,225,-11.250000000000025,-11.050000000000022,0.09784946030869861,0.15,0,out_of_energy,0,0,1,0,108,5,0,0,0,48,0.04336459727638931,0.14511174839804497,0.0,0.0,0.99,8,exponential
q_learning,sparse_seed4,sparse,4,4a77b6e251,1162,225,-11.250000000000025,-11.050000000000022,0.09765376138808121,0.15,0,out_of_energy,0,0,1,0,94,14,0,0,0,42,0.04372215742465032,0.316357145235654,0.0,0.0,0.99,8,exponential
q_learning,sparse_seed4,sparse,4,4a77b6e251,1163,225,-11.250000000000025,-11.050000000000022,0.09745845386530505,0.15,0,out_of_energy,0,0,1,0,85,19,0,0,0,46,0.04452821583209735,0.3409867924569251,0.0,0.0,0.99,8,exponential
q_learning,sparse_seed4,sparse,4,4a77b6e251,1164,225,-11.250000000000025,-11.050000000000022,0.09726353695757443,0.15,0,out_of_energy,0,0,1,0,86,10,0,0,0,45,0.04372130899845521,0.3202908017946683,0.0,0.0,0.99,8,exponential
q_learning,sparse_seed4,sparse,4,4a77b6e251,1165,225,-11.250000000000025,-11.150000000000023,0.09706900988365928,0.15,0,out_of_energy,0,0,1,0,92,19,0,0,0,54,0.04480054593448214,0.3039820480714707,0.0,0.0,0.99,8,exponential
q_learning,sparse_seed4,sparse,4,4a77b6e251,1166,225,-11.250000000000025,-11.150000000000023,0.09687487186389196,0.15,0,out_of_energy,0,0,1,0,106,12,0,0,0,49,0.044700591653831036,0.32039892433354544,0.0,0.0,0.99,8,exponential
q_learning,sparse_seed4,sparse,4,4a77b6e251,1167,225,-11.250000000000025,-11.150000000000023,0.09668112212016418,0.15,0,out_of_energy,0,0,1,0,90,8,0,0,0,47,0.04422468008636721,0.31787037453656575,0.0,0.0,0.99,8,exponential
q_learning,sparse_seed4,sparse,4,4a77b6e251,1168,225,-11.250000000000025,-11.150000000000023,0.09648775987592385,0.15,0,out_of_energy,0,0,1,0,93,12,3,0,0,44,0.044701762721965174,0.34302632779772385,0.0,0.0,0.99,8,exponential
q_learning,sparse_seed4,sparse,4,4a77b6e251,1169,225,-11.250000000000025,-11.150000000000023,0.096294784356172,0.15,0,out_of_energy,0,0,1,0,106,0,0,0,0,61,0.04433024489386055,0.3163552318304343,0.0,0.0,0.99,8,exponential
q_learning,sparse_seed4,sparse,4,4a77b6e251,1170,225,-11.250000000000025,-11.150000000000023,0.09610219478745965,0.15,0,out_of_energy,0,0,1,0,95,11,2,0,0,48,0.04418518253541775,0.35421223645973027,0.0,0.0,0.99,8,exponential
q_learning,sparse_seed4,sparse,4,4a77b6e251,1171,225,-11.250000000000025,-11.150000000000023,0.09590999039788474,0.15,0,out_of_energy,0,0,1,0,96,34,0,0,0,37,0.0433704393652191,0.28043118402641254,0.0,0.0,0.99,8,exponential
q_learning,sparse_seed4,sparse,4,4a77b6e251,1172,225,-11.250000000000025,-11.150000000000023,0.09571817041708897,0.15,0,out_of_energy,0,0,1,0,97,1,0,0,0,48,0.04359920752805899,0.30058189744632546,0.0,0.0,0.99,8,exponential
q_learning,sparse_seed4,sparse,4,4a77b6e251,1173,225,-11.250000000000025,-11.150000000000023,0.09552673407625478,0.15,0,out_of_energy,0,0,1,0,92,13,0,0,0,42,0.045726032201738626,0.34065520249788306,0.0,0.0,0.99,8,exponential
q_learning,sparse_seed4,sparse,4,4a77b6e251,1174,225,-11.250000000000025,-11.150000000000023,0.09533568060810227,0.15,0,out_of_energy,0,0,1,0,110,9,0,0,0,47,0.0443036140346131,0.3293771663344702,0.0,0.0,0.99,8,exponential
q_learning,sparse_seed4,sparse,4,4a77b6e251,1175,225,-11.250000000000025,-11.150000000000023,0.09514500924688607,0.15,0,out_of_energy,0,0,1,0,102,15,0,0,0,46,0.04366309362917742,0.3037460066963693,0.0,0.0,0.99,8,exponential
q_learning,sparse_seed4,sparse,4,4a77b6e251,1176,225,-11.250000000000025,-11.150000000000023,0.0949547192283923,0.15,0,out_of_energy,0,0,1,0,109,34,0,0,0,42,0.04434857153382737,0.3485493696766323,0.0,0.0,0.99,8,exponential
q_learning,sparse_seed4,sparse,4,4a77b6e251,1177,225,-11.250000000000025,-11.150000000000023,0.09476480978993551,0.15,0,out_of_energy,0,0,1,0,100,17,1,0,0,42,0.04418582323699869,0.36592060272246507,0.0,0.0,0.99,8,exponential
q_learning,sparse_seed4,sparse,4,4a77b6e251,1178,225,-11.250000000000025,-11.150000000000023,0.09457528017035564,0.15,0,out_of_energy,0,0,1,0,105,22,1,0,0,40,0.04565244705032663,0.45625264322008013,0.0,0.0,0.99,8,exponential
q_learning,sparse_seed4,sparse,4,4a77b6e251,1179,225,-11.250000000000025,-11.150000000000023,0.09438612961001493,0.15,0,out_of_energy,0,0,1,0,97,16,1,0,0,49,0.04511398125694444,0.3489001710108656,0.0,0.0,0.99,8,exponential
q_learning,sparse_seed4,sparse,4,4a77b6e251,1180,225,-11.250000000000025,-11.150000000000023,0.0941973573507949,0.15,0,out_of_energy,0,0,1,0,105,34,0,0,0,41,0.04415417243866511,0.35423859848629996,0.0,0.0,0.99,8,exponential
q_learning,sparse_seed4,sparse,4,4a77b6e251,1181,225,-11.250000000000025,-11.150000000000023,0.09400896263609332,0.15,0,out_of_energy,0,0,1,0,102,23,0,0,0,40,0.043833169856316856,0.2650036649892541,0.0,0.0,0.99,8,exponential
q_learning,sparse_seed4,sparse,4,4a77b6e251,1182,225,-11.250000000000025,-11.150000000000023,0.09382094471082113,0.15,0,out_of_energy,0,0,1,0,92,0,0,0,0,39,0.044937307684366504,0.3461986454082457,0.0,0.0,0.99,8,exponential
q_learning,sparse_seed4,sparse,4,4a77b6e251,1183,225,-11.250000000000025,-11.150000000000023,0.09363330282139949,0.15,0,out_of_energy,0,0,1,0,84,17,0,0,0,45,0.04425721434833089,0.35648122762780865,0.0,0.0,0.99,8,exponential
q_learning,sparse_seed4,sparse,4,4a77b6e251,1184,225,-11.250000000000025,-11.150000000000023,0.09344603621575669,0.15,0,out_of_energy,0,0,1,0,108,30,0,0,0,52,0.04347792506965633,0.25450698065778404,0.0,0.0,0.99,8,exponential
q_learning,sparse_seed4,sparse,4,4a77b6e251,1185,225,-1.2499999999999818,-11.150000000000025,0.09325914414332517,0.15,0,out_of_energy,0,0,1,0,95,12,0,0,1,45,0.09868289162493707,6.761070444771399,0.0,0.0,0.99,8,exponential
q_learning,sparse_seed4,sparse,4,4a77b6e251,1186,225,-11.250000000000025,-11.150000000000025,0.09307262585503852,0.15,0,out_of_energy,0,0,1,0,81,11,0,0,0,37,0.043956304253300986,0.2989274250609544,0.0,0.0,0.99,8,exponential
q_learning,sparse_seed4,sparse,4,4a77b6e251,1187,225,-11.250000000000025,-11.150000000000025,0.09288648060332844,0.15,0,out_of_energy,0,0,1,0,91,7,0,0,0,43,0.043711276861824085,0.25038574401821956,0.0,0.0,0.99,8,exponential
q_learning,sparse_seed4,sparse,4,4a77b6e251,1188,225,-11.250000000000025,-11.150000000000025,0.09270070764212178,0.15,0,out_of_energy,0,0,1,0,87,15,0,0,0,46,0.04544402812411089,0.3682240209683144,0.0,0.0,0.99,8,exponential
q_learning,sparse_seed4,sparse,4,4a77b6e251,1189,225,-11.250000000000025,-11.150000000000023,0.09251530622683754,0.15,0,out_of_energy,0,0,1,0,117,25,0,0,0,36,0.04367080672269905,0.2594408250395471,0.0,0.0,0.99,8,exponential
q_learning,sparse_seed4,sparse,4,4a77b6e251,1190,225,-11.250000000000025,-11.150000000000023,0.09233027561438387,0.15,0,out_of_energy,0,0,1,0,99,31,0,0,0,44,0.04401153851571149,0.3537942937721573,0.0,0.0,0.99,8,exponential
q_learning,sparse_seed4,sparse,4,4a77b6e251,1191,225,-11.250000000000025,-11.150000000000023,0.09214561506315509,0.15,0,out_of_energy,0,0,1,0,91,4,0,0,0,42,0.045318518698217784,0.44920912859268175,0.0,0.0,0.99,8,exponential
q_learning,sparse_seed4,sparse,4,4a77b6e251,1192,225,-1.2499999999999984,-11.050000000000022,0.09196132383302878,0.15,0,out_of_energy,0,0,1,0,99,6,0,0,1,45,0.08305572525957458,2.745097683986386,0.0,0.0,0.99,8,exponential
q_learning,sparse_seed4,sparse,4,4a77b6e251,1193,225,-11.250000000000025,-11.050000000000022,0.09177740118536272,0.15,0,out_of_energy,0,0,1,0,93,13,0,0,0,59,0.04431930303676272,0.3426424215250578,0.0,0.0,0.99,8,exponential
q_learning,sparse_seed4,sparse,4,4a77b6e251,1194,225,-11.250000000000025,-11.050000000000022,0.09159384638299199,0.15,0,out_of_energy,0,0,1,0,87,28,0,0,0,41,0.04560292014901588,0.3434314556120284,0.0,0.0,0.99,8,exponential
q_learning,sparse_seed4,sparse,4,4a77b6e251,1195,225,-1.2499999999999822,-10.950000000000022,0.09141065869022601,0.15,0,out_of_energy,0,0,1,0,92,7,0,0,1,48,0.0934427477053489,7.22058795398265,0.0,0.0,0.99,8,exponential
q_learning,sparse_seed4,sparse,4,4a77b6e251,1196,225,-11.250000000000025,-10.950000000000022,0.09122783737284555,0.15,0,out_of_energy,0,0,1,0,103,15,0,0,0,42,0.04430344162003374,0.32826475432794516,0.0,0.0,0.99,8,exponential
q_learning,sparse_seed4,sparse,4,4a77b6e251,1197,225,-1.2499999999999822,-10.850000000000023,0.09104538169809986,0.15,0,out_of_energy,0,0,1,0,106,21,0,0,1,50,0.13430498397663193,6.27463959103857,0.0,0.0,0.99,8,exponential
q_learning,sparse_seed4,sparse,4,4a77b6e251,1198,225,-11.250000000000025,-10.850000000000023,0.09086329093470366,0.15,0,out_of_energy,0,0,1,0,114,1,0,0,0,53,0.04433570587963728,0.23551203006316268,0.0,0.0,0.99,8,exponential
q_learning,sparse_seed4,sparse,4,4a77b6e251,1199,225,-11.250000000000025,-10.850000000000023,0.09068156435283425,0.15,0,out_of_energy,0,0,1,0,98,8,0,0,0,42,0.04474513323690161,0.3112260121300546,0.0,0.0,0.99,8,exponential
q_learning,sparse_seed4,sparse,4,4a77b6e251,1200,225,-11.250000000000025,-10.850000000000023,0.09050020122412858,0.15,0,out_of_energy,0,0,1,0,94,9,0,0,0,52,0.04524507334893683,0.30910113102537334,0.0,0.0,0.99,8,exponential
q_learning,sparse_seed4,sparse,4,4a77b6e251,1201,225,-1.2499999999999822,-10.750000000000023,0.09031920082168032,0.15,0,out_of_energy,0,0,1,0,97,11,0,0,1,40,0.09201889136682596,4.498289538331017,0.0,0.0,0.99,8,exponential
q_learning,sparse_seed4,sparse,4,4a77b6e251,1202,225,-1.2499999999999822,-10.650000000000023,0.09013856242003697,0.15,0,out_of_energy,0,0,1,0,96,7,0,0,1,53,0.09254688352122058,3.9178813340987313,0.0,0.0,0.99,8,exponential
q_learning,sparse_seed4,sparse,4,4a77b6e251,1203,225,-11.250000000000025,-10.650000000000023,0.0899582852951969,0.15,0,out_of_energy,0,0,1,0,100,8,3,0,0,41,0.04540442468029771,0.3492657037077367,0.0,0.0,0.99,8,exponential
q_learning,sparse_seed4,sparse,4,4a77b6e251,1204,225,-11.250000000000025,-10.650000000000023,0.0897783687246065,0.15,0,out_of_energy,0,0,1,0,97,11,8,0,0,30,0.0457607232506138,0.3700034583125962,0.0,0.0,0.99,8,exponential
q_learning,sparse_seed4,sparse,4,4a77b6e251,1205,225,-11.250000000000025,-10.650000000000023,0.08959881198715729,0.15,0,out_of_energy,0,0,1,0,120,6,0,0,0,50,0.04466599904323658,0.31647969692642886,0.0,0.0,0.99,8,exponential
q_learning,sparse_seed4,sparse,4,4a77b6e251,1206,225,-1.2500000000000215,-10.550000000000022,0.08941961436318298,0.15,0,out_of_energy,0,0,1,0,112,4,0,0,1,55,0.08266465135784301,4.395079459837336,0.0,0.0,0.99,8,exponential
q_learning,sparse_seed4,sparse,4,4a77b6e251,1207,225,-1.2499999999999822,-10.450000000000022,0.0892407751344566,0.15,0,out_of_energy,0,0,1,0,102,7,0,0,1,48,0.08585790001130818,2.2107386443692523,0.0,0.0,0.99,8,exponential
q_learning,sparse_seed4,sparse,4,4a77b6e251,1208,225,-11.250000000000025,-10.450000000000022,0.0890622935841877,0.15,0,out_of_energy,0,0,1,0,83,12,0,0,0,44,0.044998261124483456,0.35539343151620717,0.0,0.0,0.99,8,exponential
q_learning,sparse_seed4,sparse,4,4a77b6e251,1209,225,-11.250000000000025,-10.450000000000022,0.08888416899701933,0.15,0,out_of_energy,0,0,1,0,88,13,0,0,0,51,0.043743201199595176,0.28327137136688607,0.0,0.0,0.99,8,exponential
q_learning,sparse_seed4,sparse,4,4a77b6e251,1210,225,-1.2499999999999951,-10.350000000000023,0.08870640065902528,0.15,0,out_of_energy,0,0,1,0,109,5,0,0,1,50,0.08394545204347977,2.5171269312696336,0.0,0.0,0.99,8,exponential
q_learning,sparse_seed4,sparse,4,4a77b6e251,1211,225,-1.2499999999999822,-10.250000000000023,0.08852898785770723,0.15,0,out_of_energy,0,0,1,0,99,4,0,0,1,46,0.08412506462336118,1.9332445823853313,0.0,0.0,0.99,8,exponential
q_learning,sparse_seed4,sparse,4,4a77b6e251,1212,225,-11.250000000000025,-10.250000000000023,0.08835192988199181,0.15,0,out_of_energy,0,0,1,0,83,19,0,0,0,41,0.04346916081694728,0.2931564412107848,0.0,0.0,0.99,8,exponential
q_learning,sparse_seed4,sparse,4,4a77b6e251,1213,225,-1.2499999999999822,-10.150000000000023,0.08817522602222783,0.15,0,out_of_energy,0,0,1,0,102,20,0,0,1,42,0.12879407641673915,5.4075238378238035,0.0,0.0,0.99,8,exponential
q_learning,sparse_seed4,sparse,4,4a77b6e251,1214,225,-1.2499999999999822,-10.050000000000022,0.08799887557018338,0.15,0,out_of_energy,0,0,1,0,107,9,0,0,1,54,0.10452108387822648,4.849143173067905,0.0,0.0,0.99,8,exponential
q_learning,sparse_seed4,sparse,4,4a77b6e251,1215,225,-1.2499999999999822,-9.950000000000022,0.08782287781904301,0.15,0,out_of_energy,0,0,1,0,94,3,0,0,1,40,0.0903158209694018,1.8080507257626954,0.0,0.0,0.99,8,exponential
q_learning,sparse_seed4,sparse,4,4a77b6e251,1216,225,-11.250000000000025,-9.950000000000022,0.08764723206340493,0.15,0,out_of_energy,0,0,1,0,104,0,0,0,0,43,0.044734374055089,0.31438752862286506,0.0,0.0,0.99,8,exponential
q_learning,sparse_seed4,sparse,4,4a77b6e251,1217,225,-11.250000000000025,-9.950000000000022,0.08747193759927811,0.15,0,out_of_energy,0,0,1,0,99,2,0,0,0,39,0.04399302676086275,0.3696450558941976,0.0,0.0,0.99,8,exponential
q_learning,sparse_seed4,sparse,4,4a77b6e251,1218,225,-11.250000000000025,-9.950000000000022,0.08729699372407955,0.15,0,out_of_energy,0,0,1,0,91,6,0,0,0,49,0.045143407981753744,0.35403475194597706,0.0,0.0,0.99,8,exponential
q_learning,sparse_seed4,sparse,4,4a77b6e251,1219,225,-11.250000000000025,-9.95000000000002,0.08712239973663138,0.15,0,out_of_energy,0,0,1,0,93,14,1,0,0,45,0.04608097399730799,0.459588341683746,0.0,0.0,0.99,8,exponential
q_learning,sparse_seed4,sparse,4,4a77b6e251,1220,225,-11.250000000000025,-9.95000000000002,0.08694815493715811,0.15,0,out_of_energy,0,0,1,0,101,4,0,0,0,51,0.04468525609422835,0.359022007549958,0.0,0.0,0.99,8,exponential
q_learning,sparse_seed4,sparse,4,4a77b6e251,1221,225,-11.250000000000025,-9.95000000000002,0.0867742586272838,0.15,0,out_of_energy,0,0,1,0,77,26,1,0,0,53,0.045140053736931696,0.31794203124358794,0.0,0.0,0.99,8,exponential
q_learning,sparse_seed4,sparse,4,4a77b6e251,1222,225,-11.250000000000025,-9.95000000000002,0.08660071011002923,0.15,0,out_of_energy,0,0,1,0,89,5,0,0,0,37,0.04406243445110006,0.35668536058332895,0.0,0.0,0.99,8,exponential
q_learning,sparse_seed4,sparse,4,4a77b6e251,1223,225,-11.250000000000025,-9.95000000000002,0.08642750868980917,0.15,0,out_of_energy,0,0,1,0,94,14,0,0,0,55,0.0440343563046522,0.31033106561471163,0.0,0.0,0.99,8,exponential
q_learning,sparse_seed4,sparse,4,4a77b6e251,1224,225,-11.250000000000025,-9.95000000000002,0.08625465367242954,0.15,0,out_of_energy,0,0,1,0,102,9,0,0,0,43,0.04348917999125931,0.3550566957528736,0.0,0.0,0.99,8,exponential
q_learning,sparse_seed4,sparse,4,4a77b6e251,1225,225,-11.250000000000025,-9.95000000000002,0.08608214436508468,0.15,0,out_of_energy,0,0,1,0,88,12,0,0,0,49,0.04535143403968563,0.41203437998856574,0.0,0.0,0.99,8,exponential
q_learning,sparse_seed4,sparse,4,4a77b6e251,1226,225,-11.250000000000025,-9.95000000000002,0.08590998007635452,0.15,0,out_of_energy,0,0,1,0,103,36,1,0,0,50,0.043385554922274104,0.347621763241427,0.0,0.0,0.99,8,exponential
q_learning,sparse_seed4,sparse,4,4a77b6e251,1227,225,-11.250000000000025,-9.95000000000002,0.0857381601162018,0.15,0,out_of_energy,0,0,1,0,97,23,0,0,0,48,0.04563728296214444,0.360059321431166,0.0,0.0,0.99,8,exponential
q_learning,sparse_seed4,sparse,4,4a77b6e251,1228,225,-11.250000000000025,-9.95000000000002,0.0855666837959694,0.15,0,out_of_energy,0,0,1,0,85,5,0,0,0,45,0.043830758684987176,0.3693254591294087,0.0,0.0,0.99,8,exponential
q_learning,sparse_seed4,sparse,4,4a77b6e251,1229,225,-11.250000000000025,-9.95000000000002,0.08539555042837747,0.15,0,out_of_energy,0,0,1,0,95,16,0,0,0,40,0.045109576501970686,0.39303884411540224,0.0,0.0,0.99,8,exponential
q_learning,sparse_seed4,sparse,4,4a77b6e251,1230,225,-11.250000000000025,-9.95000000000002,0.08522475932752072,0.15,0,out_of_energy,0,0,1,0,93,8,0,0,0,41,0.044269466914438546,0.37461600593291894,0.0,0.0,0.99,8,exponential
q_learning,sparse_seed4,sparse,4,4a77b6e251,1231,225,-11.250000000000025,-9.95000000000002,0.08505430980886568,0.15,0,out_of_energy,0,0,1,0,95,3,0,0,0,58,0.045268824873225345,0.33187893637556504,0.0,0.0,0.99,8,exponential
q_learning,sparse_seed4,sparse,4,4a77b6e251,1232,225,-11.250000000000025,-9.95000000000002,0.08488420118924794,0.15,0,out_of_energy,0,0,1,0,80,25,0,0,0,37,0.044797445328976615,0.31153332364499636,0.0,0.0,0.99,8,exponential
q_learning,sparse_seed4,sparse,4,4a77b6e251,1233,225,-11.250000000000025,-9.95000000000002,0.08471443278686945,0.15,0,out_of_energy,0,0,1,0,93,8,0,0,0,44,0.04822549360453795,0.478875897672549,0.0,0.0,0.99,8,exponential
q_learning,sparse_seed4,sparse,4,4a77b6e251,1234,225,-11.250000000000025,-9.95000000000002,0.08454500392129571,0.15,0,out_of_energy,0,0,1,0,92,25,0,0,0,36,0.0457575766122328,0.4343861133629382,0.0,0.0,0.99,8,exponential
q_learning,sparse_seed4,sparse,4,4a77b6e251,1235,225,-11.250000000000025,-9.95000000000002,0.08437591391345312,0.15,0,out_of_energy,0,0,1,0,92,20,0,0,0,36,0.04449772528577334,0.3415972490599183,0.0,0.0,0.99,8,exponential
q_learning,sparse_seed4,sparse,4,4a77b6e251,1236,225,-11.250000000000025,-9.95000000000002,0.0842071620856262,0.15,0,out_of_energy,0,0,1,0,109,4,0,0,0,50,0.0455615675420764,0.3490777729772857,0.0,0.0,0.99,8,exponential
q_learning,sparse_seed4,sparse,4,4a77b6e251,1237,225,-11.250000000000025,-9.95000000000002,0.08403874776145495,0.15,0,out_of_energy,0,0,1,0,98,8,0,0,0,40,0.04284231347404918,0.19729567519138136,0.0,0.0,0.99,8,exponential
q_learning,sparse_seed4,sparse,4,4a77b6e251,1238,225,-11.250000000000025,-9.95000000000002,0.08387067026593203,0.15,0,out_of_energy,0,0,1,0,104,30,0,0,0,42,0.045587096146245475,0.4043740051556023,0.0,0.0,0.99,8,exponential
q_learning,sparse_seed4,sparse,4,4a77b6e251,1239,225,-11.250000000000025,-9.95000000000002,0.08370292892540017,0.15,0,out_of_energy,0,0,1,0,85,14,4,0,0,43,0.04659987799140697,0.3962308058749435,0.0,0.0,0.99,8,exponential
q_learning,sparse_seed4,sparse,4,4a77b6e251,1240,225,-11.250000000000025,-9.95000000000002,0.08353552306754937,0.15,0,out_of_energy,0,0,1,0,108,19,0,0,0,48,0.043479012899488634,0.3148213047995008,0.0,0.0,0.99,8,exponential
q_learning,sparse_seed4,sparse,4,4a77b6e251,1241,225,-11.250000000000025,-9.95000000000002,0.08336845202141427,0.15,0,out_of_energy,0,0,1,0,96,1,0,0,0,37,0.04527402005283472,0.37286595675827705,0.0,0.0,0.99,8,exponential
q_learning,sparse_seed4,sparse,4,4a77b6e251,1242,225,-11.250000000000025,-9.95000000000002,0.08320171511737144,0.15,0,out_of_energy,0,0,1,0,106,35,0,0,0,38,0.04515901135540295,0.4420114731351305,0.0,0.0,0.99,8,exponential
q_learning,sparse_seed4,sparse,4,4a77b6e251,1243,225,-11.250000000000025,-9.95000000000002,0.0830353116871367,0.15,0,out_of_energy,0,0,1,0,108,30,0,0,0,46,0.04348289895891371,0.3308913947577196,0.0,0.0,0.99,8,exponential
q_learning,sparse_seed4,sparse,4,4a77b6e251,1244,225,-11.250000000000025,-9.95000000000002,0.08286924106376242,0.15,0,out_of_energy,0,0,1,0,91,9,4,0,0,45,0.044950920406529794,0.42229289012170057,0.0,0.0,0.99,8,exponential
q_learning,sparse_seed4,sparse,4,4a77b6e251,1245,225,-11.250000000000025,-9.95000000000002,0.08270350258163489,0.15,0,out_of_energy,0,0,1,0,97,6,0,0,0,42,0.045704996226555106,0.33732112445424506,0.0,0.0,0.99,8,exponential
q_learning,sparse_seed4,sparse,4,4a77b6e251,1246,225,-11.250000000000025,-9.95000000000002,0.08253809557647163,0.15,0,out_of_energy,0,0,1,0,94,25,5,0,0,53,0.04604533343711179,0.4705810115804599,0.0,0.0,0.99,8,exponential
q_learning,sparse_seed4,sparse,4,4a77b6e251,1247,225,-11.250000000000025,-9.95000000000002,0.08237301938531869,0.15,0,out_of_energy,0,0,1,0,99,9,0,0,0,42,0.04404628127682145,0.3571194658411272,0.0,0.0,0.99,8,exponential
q_learning,sparse_seed4,sparse,4,4a77b6e251,1248,225,-11.250000000000025,-9.95000000000002,0.08220827334654805,0.15,0,out_of_energy,0,0,1,0,98,41,0,0,0,42,0.04515732425008837,0.34936558667969697,0.0,0.0,0.99,8,exponential
q_learning,sparse_seed4,sparse,4,4a77b6e251,1249,225,-11.250000000000025,-9.95000000000002,0.08204385679985496,0.15,0,out_of_energy,0,0,1,0,87,11,0,0,0,39,0.044146753512508526,0.3648291273910362,0.0,0.0,0.99,8,exponential
q_learning,sparse_seed4,sparse,4,4a77b6e251,1250,225,-11.250000000000025,-9.95000000000002,0.08187976908625524,0.15,0,out_of_energy,0,0,1,0,105,15,0,0,0,50,0.0445311051503529,0.3726063127379357,0.0,0.0,0.99,8,exponential
q_learning,sparse_seed4,sparse,4,4a77b6e251,1251,225,-11.250000000000025,-9.95000000000002,0.08171600954808274,0.15,0,out_of_energy,0,0,1,0,101,26,0,0,0,39,0.04529688642157505,0.36801439655379076,0.0,0.0,0.99,8,exponential
q_learning,sparse_seed4,sparse,4,4a77b6e251,1252,225,-11.250000000000025,-9.95000000000002,0.08155257752898658,0.15,0,out_of_energy,0,0,1,0,89,12,0,0,0,45,0.04466508026540339,0.4022886044826394,0.0,0.0,0.99,8,exponential
q_learning,sparse_seed4,sparse,4,4a77b6e251,1253,225,-11.250000000000025,-9.95000000000002,0.0813894723739286,0.15,0,out_of_energy,0,0,1,0,84,2,3,0,0,46,0.04381727418286023,0.2852995084173963,0.0,0.0,0.99,8,exponential
q_learning,sparse_seed4,sparse,4,4a77b6e251,1254,225,-1.2499999999999822,-9.850000000000021,0.08122669342918075,0.15,0,out_of_energy,0,0,1,0,99,26,0,0,1,41,0.08897638703896005,4.189801659765621,0.0,0.0,0.99,8,exponential
q_learning,sparse_seed4,sparse,4,4a77b6e251,1255,225,-11.250000000000025,-9.850000000000021,0.08106424004232239,0.15,0,out_of_energy,0,0,1,0,91,18,0,0,0,41,0.04551429213501695,0.3319787175159217,0.0,0.0,0.99,8,exponential
q_learning,sparse_seed4,sparse,4,4a77b6e251,1256,225,-11.250000000000025,-9.850000000000021,0.08090211156223774,0.15,0,out_of_energy,0,0,1,0,88,3,2,0,0,45,0.047664387061981554,0.4195705358323658,0.0,0.0,0.99,8,exponential
q_learning,sparse_seed4,sparse,4,4a77b6e251,1257,225,-11.250000000000025,-9.850000000000021,0.08074030733911326,0.15,0,out_of_energy,0,0,1,0,94,3,0,0,0,50,0.04410319381420477,0.3642229268069728,0.0,0.0,0.99,8,exponential
q_learning,sparse_seed4,sparse,4,4a77b6e251,1258,225,-11.250000000000025,-9.850000000000021,0.08057882672443503,0.15,0,out_of_energy,0,0,1,0,88,12,4,0,0,50,0.044151199432784234,0.4245048414147392,0.0,0.0,0.99,8,exponential
q_learning,sparse_seed4,sparse,4,4a77b6e251,1259,225,-11.250000000000025,-9.850000000000021,0.08041766907098616,0.15,0,out_of_energy,0,0,1,0,84,18,0,0,0,45,0.04410159150327968,0.2437346722039589,0.0,0.0,0.99,8,exponential
q_learning,sparse_seed4,sparse,4,4a77b6e251,1260,225,-11.250000000000025,-9.850000000000021,0.08025683373284419,0.15,0,out_of_energy,0,0,1,0,102,18,0,0,0,49,0.044020024362441415,0.2428623396568219,0.0,0.0,0.99,8,exponential
q_learning,sparse_seed4,sparse,4,4a77b6e251,1261,225,-11.250000000000025,-9.850000000000021,0.08009632006537849,0.15,0,out_of_energy,0,0,1,0,87,13,0,0,0,43,0.04420967896790137,0.3824839574812643,0.0,0.0,0.99,8,exponential
q_learning,sparse_seed4,sparse,4,4a77b6e251,1262,225,-11.250000000000025,-9.850000000000021,0.07993612742524774,0.15,0,out_of_energy,0,0,1,0,94,24,0,0,0,48,0.04497141338745856,0.37367758577312044,0.0,0.0,0.99,8,exponential
q_learning,sparse_seed4,sparse,4,4a77b6e251,1263,225,-1.2499999999999822,-9.750000000000021,0.07977625517039724,0.15,0,out_of_energy,0,0,1,0,100,12,0,0,1,32,0.09105561348683015,3.954848836277679,0.0,0.0,0.99,8,exponential
q_learning,sparse_seed4,sparse,4,4a77b6e251,1264,225,-11.250000000000025,-9.750000000000021,0.07961670266005645,0.15,0,out_of_energy,0,0,1,0,97,8,0,0,0,38,0.044631888624044935,0.3461748344973152,0.0,0.0,0.99,8,exponential
q_learning,sparse_seed4,sparse,4,4a77b6e251,1265,225,-11.250000000000025,-9.750000000000021,0.07945746925473633,0.15,0,out_of_energy,0,0,1,0,106,12,0,0,0,37,0.043899080695769005,0.36574847639433633,0.0,0.0,0.99,8,exponential
q_learning,sparse_seed4,sparse,4,4a77b6e251,1266,225,-11.250000000000025,-9.750000000000021,0.07929855431622686,0.15,0,out_of_energy,0,0,1,0,82,9,0,0,0,55,0.04394305316288588,0.28832407304420693,0.0,0.0,0.99,8,exponential
q_learning,sparse_seed4,sparse,4,4a77b6e251,1267,225,-1.2499999999999822,-9.65000000000002,0.0791399572075944,0.15,0,out_of_energy,0,0,1,0,93,5,0,0,1,40,0.09582364038382601,5.636882093676863,0.0,0.0,0.99,8,exponential
q_learning,sparse_seed4,sparse,4,4a77b6e251,1268,225,-11.250000000000025,-9.65000000000002,0.0789816772931792,0.15,0,out_of_energy,0,0,1,0,92,3,0,0,0,42,0.0452972001217013,0.34937020558816195,0.0,0.0,0.99,8,exponential
q_learning,sparse_seed4,sparse,4,4a77b6e251,1269,225,-1.2499999999999822,-9.55000000000002,0.07882371393859285,0.15,0,out_of_energy,0,0,1,0,102,11,0,0,1,55,0.0840537223617984,2.8117639879221974,0.0,0.0,0.99,8,exponential
q_learning,sparse_seed4,sparse,4,4a77b6e251,1270,225,-11.250000000000025,-9.55000000000002,0.07866606651071566,0.15,0,out_of_energy,0,0,1,0,105,4,0,0,0,43,0.04299772696492785,0.2622949069922409,0.0,0.0,0.99,8,exponential
q_learning,sparse_seed4,sparse,4,4a77b6e251,1271,225,-1.2499999999999822,-9.45000000000002,0.07850873437769422,0.15,0,out_of_energy,0,0,1,0,100,23,0,0,1,51,0.08465875210551523,3.8319517618552945,0.0,0.0,0.99,8,exponential
q_learning,sparse_seed4,sparse,4,4a77b6e251,1272,225,-1.2499999999999822,-9.350000000000021,0.07835171690893883,0.15,0,out_of_energy,0,0,1,0,101,21,0,0,1,41,0.11234344823607424,4.367924082678702,0.0,0.0,0.99,8,exponential
q_learning,sparse_seed4,sparse,4,4a77b6e251,1273,225,-11.250000000000025,-9.35000000000002,0.07819501347512095,0.15,0,out_of_energy,0,0,1,0,105,4,0,0,0,51,0.0436931084615625,0.15808939150230733,0.0,0.0,0.99,8,exponential
q_learning,sparse_seed4,sparse,4,4a77b6e251,1274,225,-11.250000000000025,-9.35000000000002,0.07803862344817071,0.15,0,out_of_energy,0,0,1,0,88,13,0,0,0,42,0.044542863338248945,0.3460834224651177,0.0,0.0,0.99,8,exponential
q_learning,sparse_seed4,sparse,4,4a77b6e251,1275,225,-11.250000000000025,-9.35000000000002,0.07788254620127437,0.15,0,out_of_energy,0,0,1,0,100,6,0,0,0,46,0.043953997152436225,0.37071797399205264,0.0,0.0,0.99,8,exponential
q_learning,sparse_seed4,sparse,4,4a77b6e251,1276,225,-11.250000000000025,-9.350000000000017,0.07772678110887182,0.15,0,out_of_energy,0,0,1,0,100,14,0,0,0,42,0.043764428667374136,0.3915500530627195,0.0,0.0,0.99,8,exponential
q_learning,sparse_seed4,sparse,4,4a77b6e251,1277,225,-11.250000000000025,-9.350000000000017,0.07757132754665408,0.15,0,out_of_energy,0,0,1,0,94,4,5,0,0,40,0.04392568659246592,0.3715859497718419,0.0,0.0,0.99,8,exponential
q_learning,sparse_seed4,sparse,4,4a77b6e251,1278,225,-11.250000000000025,-9.350000000000017,0.07741618489156077,0.15,0,out_of_energy,0,0,1,0,89,16,0,0,0,43,0.04276443848432711,0.22804046159605756,0.0,0.0,0.99,8,exponential
q_learning,sparse_seed4,sparse,4,4a77b6e251,1279,225,-11.250000000000025,-9.350000000000017,0.07726135252177764,0.15,0,out_of_energy,0,0,1,0,94,26,6,0,0,40,0.043786821491239795,0.3933912652317386,0.0,0.0,0.99,8,exponential
q_learning,sparse_seed4,sparse,4,4a77b6e251,1280,225,-11.250000000000025,-9.350000000000017,0.07710682981673408,0.15,0,out_of_energy,0,0,1,0,101,6,0,0,0,42,0.04455978427516833,0.3338538776303521,0.0,0.0,0.99,8,exponential
q_learning,sparse_seed4,sparse,4,4a77b6e251,1281,225,-11.250000000000025,-9.350000000000017,0.07695261615710061,0.15,0,out_of_energy,0,0,1,0,90,12,0,0,0,54,0.04398030820601362,0.3740584716415376,0.0,0.0,0.99,8,exponential
q_learning,sparse_seed4,sparse,4,4a77b6e251,1282,225,-11.250000000000025,-9.350000000000017,0.0767987109247864,0.15,0,out_of_energy,0,0,1,0,91,18,3,0,0,42,0.04499699712717004,0.3990296344061399,0.0,0.0,0.99,8,exponential
q_learning,sparse_seed4,sparse,4,4a77b6e251,1283,225,-11.250000000000025,-9.350000000000017,0.07664511350293683,0.15,0,out_of_energy,0,0,1,0,108,14,0,0,0,45,0.04503495619075722,0.3429850595377783,0.0,0.0,0.99,8,exponential
q_learning,sparse_seed4,sparse,4,4a77b6e251,1284,225,-11.250000000000025,-9.350000000000017,0.07649182327593096,0.15,0,out_of_energy,0,0,1,0,96,31,0,0,0,39,0.04430759745221026,0.3825871405500044,0.0,0.0,0.99,8,exponential
q_learning,sparse_seed4,sparse,4,4a77b6e251,1285,225,-11.250000000000025,-9.450000000000019,0.0763388396293791,0.15,0,out_of_energy,0,0,1,0,99,21,0,0,0,36,0.04481586033614459,0.3208829305657452,0.0,0.0,0.99,8,exponential
q_learning,sparse_seed4,sparse,4,4a77b6e251,1286,225,-11.250000000000025,-9.450000000000019,0.07618616195012033,0.15,0,out_of_energy,0,0,1,0,92,15,0,0,0,53,0.04553157848944827,0.37576107337571124,0.0,0.0,0.99,8,exponential
q_learning,sparse_seed4,sparse,4,4a77b6e251,1287,225,-11.250000000000025,-9.450000000000019,0.0760337896262201,0.15,0,out_of_energy,0,0,1,0,98,15,0,0,0,52,0.04457712337630115,0.4057879177411266,0.0,0.0,0.99,8,exponential
q_learning,sparse_seed4,sparse,4,4a77b6e251,1288,225,-11.250000000000025,-9.450000000000019,0.07588172204696765,0.15,0,out_of_energy,0,0,1,0,95,8,9,0,0,44,0.044315247052999544,0.34896068626420246,0.0,0.0,0.99,8,exponential
q_learning,sparse_seed4,sparse,4,4a77b6e251,1289,225,-11.250000000000025,-9.450000000000019,0.07572995860287371,0.15,0,out_of_energy,0,0,1,0,85,4,0,0,0,49,0.04435967966354358,0.3204787286284738,0.0,0.0,0.99,8,exponential
q_learning,sparse_seed4,sparse,4,4a77b6e251,1290,225,-1.2499999999999822,-9.350000000000017,0.07557849868566796,0.15,0,out_of_energy,0,0,1,0,104,11,0,0,1,46,0.09294495994756817,4.040127340706112,0.0,0.0,0.99,8,exponential
q_learning,sparse_seed4,sparse,4,4a77b6e251,1291,225,-11.250000000000025,-9.35000000000002,0.07542734168829662,0.15,0,out_of_energy,0,0,1,0,86,13,0,0,0,43,0.04430664387588517,0.3553483918091591,0.0,0.0,0.99,8,exponential
q_learning,sparse_seed4,sparse,4,4a77b6e251,1292,225,-11.250000000000025,-9.450000000000019,0.07527648700492003,0.15,0,out_of_energy,0,0,1,0,102,20,0,0,0,55,0.04546265321391439,0.47070984686024364,0.0,0.0,0.99,8,exponential
q_learning,sparse_seed4,sparse,4,4a77b6e251,1293,225,-11.250000000000025,-9.450000000000019,0.07512593403091018,0.15,0,out_of_energy,0,0,1,0,108,19,0,0,0,43,0.04416152111401966,0.3817964831233768,0.0,0.0,0.99,8,exponential
q_learning,sparse_seed4,sparse,4,4a77b6e251,1294,225,-11.250000000000025,-9.450000000000019,0.07497568216284836,0.15,0,out_of_energy,0,0,1,0,103,14,0,0,0,46,0.044857894662654316,0.34819183917084945,0.0,0.0,0.99,8,exponential
q_learning,sparse_seed4,sparse,4,4a77b6e251,1295,225,-11.250000000000025,-9.550000000000018,0.07482573079852267,0.15,0,out_of_energy,0,0,1,0,83,23,0,0,0,55,0.04550737073767777,0.3750774809051588,0.0,0.0,0.99,8,exponential
q_learning,sparse_seed4,sparse,4,4a77b6e251,1296,225,-11.250000000000025,-9.55000000000002,0.07467607933692563,0.15,0,out_of_energy,0,0,1,0,107,13,0,0,0,51,0.04263416195920336,0.24819852571406248,0.0,0.0,0.99,8,exponential
q_learning,sparse_seed4,sparse,4,4a77b6e251,1297,225,-11.250000000000025,-9.65000000000002,0.07452672717825178,0.15,0,out_of_energy,0,0,1,0,103,2,0,0,0,48,0.04385248838558928,0.3811826220639367,0.0,0.0,0.99,8,exponential
q_learning,sparse_seed4,sparse,4,4a77b6e251,1298,225,-11.250000000000025,-9.65000000000002,0.07437767372389527,0.15,0,out_of_energy,0,0,1,0,86,5,0,0,0,51,0.04375305761670161,0.3685846111545863,0.0,0.0,0.99,8,exponential
q_learning,sparse_seed4,sparse,4,4a77b6e251,1299,225,-11.250000000000025,-9.65000000000002,0.07422891837644748,0.15,0,out_of_energy,0,0,1,0,100,20,0,0,0,36,0.04397068028411637,0.3600242936266796,0.0,0.0,0.99,8,exponential
q_learning,sparse_seed4,sparse,4,4a77b6e251,1300,225,-11.250000000000025,-9.65000000000002,0.07408046053969458,0.15,0,out_of_energy,0,0,1,0,90,11,0,0,0,35,0.044715634153896025,0.3561653158758094,0.0,0.0,0.99,8,exponential
q_learning,sparse_seed4,sparse,4,4a77b6e251,1301,225,-11.250000000000025,-9.750000000000021,0.0739322996186152,0.15,0,out_of_energy,0,0,1,0,100,9,0,0,0,45,0.04565610332013553,0.34195111506485093,0.0,0.0,0.99,8,exponential
q_learning,sparse_seed4,sparse,4,4a77b6e251,1302,225,-11.250000000000025,-9.850000000000021,0.07378443501937797,0.15,0,out_of_energy,0,0,1,0,96,16,0,0,0,47,0.04407238000020472,0.36038157955647965,0.0,0.0,0.99,8,exponential
q_learning,sparse_seed4,sparse,4,4a77b6e251,1303,225,-11.250000000000025,-9.850000000000021,0.07363686614933922,0.15,0,out_of_energy,0,0,1,0,98,54,0,0,0,49,0.042567750062876934,0.378111163909885,0.0,0.0,0.99,8,exponential
q_learning,sparse_seed4,sparse,4,4a77b6e251,1304,225,-11.250000000000025,-9.850000000000021,0.07348959241704053,0.15,0,out_of_energy,0,0,1,0,94,17,2,0,0,39,0.044149638740594264,0.33914474042737525,0.0,0.0,0.99,8,exponential
q_learning,sparse_seed4,sparse,4,4a77b6e251,1305,225,-11.250000000000025,-9.850000000000021,0.07334261323220645,0.15,0,out_of_energy,0,0,1,0,91,28,0,0,0,43,0.04471345574153449,0.34521038386834435,0.0,0.0,0.99,8,exponential
q_learning,sparse_seed4,sparse,4,4a77b6e251,1306,225,-11.250000000000025,-9.95000000000002,0.07319592800574204,0.15,0,out_of_energy,0,0,1,0,86,10,0,0,0,44,0.04456772805126105,0.39942455414617123,0.0,0.0,0.99,8,exponential
q_learning,sparse_seed4,sparse,4,4a77b6e251,1307,225,-11.250000000000025,-10.05000000000002,0.07304953614973056,0.15,0,out_of_energy,0,0,1,0,82,12,0,0,0,46,0.04551187082672235,0.378451132030741,0.0,0.0,0.99,8,exponential
q_learning,sparse_seed4,sparse,4,4a77b6e251,1308,225,-11.250000000000025,-10.05000000000002,0.0729034370774311,0.15,0,out_of_energy,0,0,1,0,100,10,0,0,0,44,0.04354536517702043,0.3639248375089532,0.0,0.0,0.99,8,exponential
q_learning,sparse_seed4,sparse,4,4a77b6e251,1309,225,-11.250000000000025,-10.05000000000002,0.07275763020327625,0.15,0,out_of_energy,0,0,1,0,94,5,0,0,0,52,0.043713232603710066,0.36363513686996995,0.0,0.0,0.99,8,exponential
q_learning,sparse_seed4,sparse,4,4a77b6e251,1310,225,-11.250000000000025,-10.15000000000002,0.07261211494286969,0.15,0,out_of_energy,0,0,1,0,108,4,0,0,0,47,0.04556510413016962,0.3795456037610624,0.0,0.0,0.99,8,exponential
q_learning,sparse_seed4,sparse,4,4a77b6e251,1311,225,-11.250000000000025,-10.250000000000023,0.07246689071298396,0.15,0,out_of_energy,0,0,1,0,87,16,0,0,0,53,0.044940904555850876,0.38593598122351597,0.0,0.0,0.99,8,exponential
q_learning,sparse_seed4,sparse,4,4a77b6e251,1312,225,-11.250000000000025,-10.250000000000021,0.07232195693155799,0.15,0,out_of_energy,0,0,1,0,101,9,0,0,0,44,0.044037893284104936,0.3348825242247467,0.0,0.0,0.99,8,exponential
q_learning,sparse_seed4,sparse,4,4a77b6e251,1313,225,-11.250000000000025,-10.350000000000023,0.07217731301769488,0.15,0,out_of_energy,0,0,1,0,96,47,0,0,0,47,0.045918709375949836,0.4765862670895024,0.0,0.0,0.99,8,exponential
q_learning,sparse_seed4,sparse,4,4a77b6e251,1314,225,-11.250000000000025,-10.450000000000022,0.07203295839165949,0.15,0,out_of_energy,0,0,1,0,97,7,0,0,0,40,0.04412014972731924,0.37966632425144053,0.0,0.0,0.99,8,exponential
q_learning,sparse_seed4,sparse,4,4a77b6e251,1315,225,-11.250000000000025,-10.550000000000022,0.07188889247487618,0.15,0,out_of_energy,0,0,1,0,106,13,0,0,0,44,0.04410606873479922,0.2645365334129448,0.0,0.0,0.99,8,exponential
q_learning,sparse_seed4,sparse,4,4a77b6e251,1316,225,-11.250000000000025,-10.550000000000022,0.07174511468992642,0.15,0,out_of_energy,0,0,1,0,92,30,0,0,0,50,0.04485060710501192,0.3667148978674488,0.0,0.0,0.99,8,exponential
q_learning,sparse_seed4,sparse,4,4a77b6e251,1317,225,-11.250000000000025,-10.550000000000022,0.07160162446054656,0.15,0,out_of_energy,0,0,1,0,90,21,5,0,0,41,0.048299049183703514,0.3924550186691381,0.0,0.0,0.99,8,exponential
q_learning,sparse_seed4,sparse,4,4a77b6e251,1318,225,-11.250000000000025,-10.550000000000022,0.07145842121162548,0.15,0,out_of_energy,0,0,1,0,101,3,0,0,0,45,0.043597597151850534,0.3920594155787825,0.0,0.0,0.99,8,exponential
q_learning,sparse_seed4,sparse,4,4a77b6e251,1319,225,-11.250000000000025,-10.550000000000022,0.07131550436920223,0.15,0,out_of_energy,0,0,1,0,95,16,0,0,0,42,0.04416708637057591,0.302346489851762,0.0,0.0,0.99,8,exponential
q_learning,sparse_seed4,sparse,4,4a77b6e251,1320,225,-11.250000000000025,-10.550000000000022,0.07117287336046382,0.15,0,out_of_energy,0,0,1,0,94,10,0,0,0,35,0.043881322481661204,0.3906967086429072,0.0,0.0,0.99,8,exponential
q_learning,sparse_seed4,sparse,4,4a77b6e251,1321,225,-11.250000000000025,-10.550000000000022,0.0710305276137429,0.15,0,out_of_energy,0,0,1,0,93,30,2,0,0,34,0.04837415249926373,0.5105763218582291,0.0,0.0,0.99,8,exponential
q_learning,sparse_seed4,sparse,4,4a77b6e251,1322,225,-11.250000000000025,-10.550000000000022,0.07088846655851541,0.15,0,out_of_energy,0,0,1,0,93,15,2,0,0,41,0.047350102934102176,0.4659896379637627,0.0,0.0,0.99,8,exponential
q_learning,sparse_seed4,sparse,4,4a77b6e251,1323,225,-11.250000000000025,-10.550000000000022,0.07074668962539839,0.15,0,out_of_energy,0,0,1,0,98,9,0,0,0,39,0.04366240922644274,0.38281617989417377,0.0,0.0,0.99,8,exponential
q_learning,sparse_seed4,sparse,4,4a77b6e251,1324,225,-11.250000000000025,-10.550000000000022,0.0706051962461476,0.15,0,out_of_energy,0,0,1,0,110,31,0,0,0,51,0.04332685838724206,0.4171027694667134,0.0,0.0,0.99,8,exponential
q_learning,sparse_seed4,sparse,4,4a77b6e251,1325,225,-11.250000000000025,-10.550000000000022,0.0704639858536553,0.15,0,out_of_energy,0,0,1,0,108,21,0,0,0,51,0.04387150562261331,0.4990601217270674,0.0,0.0,0.99,8,exponential
q_learning,sparse_seed4,sparse,4,4a77b6e251,1326,225,-11.250000000000025,-10.550000000000022,0.070323057881948,0.15,0,out_of_energy,0,0,1,0,97,25,0,0,0,48,0.04491188436543774,0.4463011358100841,0.0,0.0,0.99,8,exponential
q_learning,sparse_seed4,sparse,4,4a77b6e251,1327,225,-11.250000000000025,-10.550000000000022,0.0701824117661841,0.15,0,out_of_energy,0,0,1,0,85,12,0,0,0,50,0.044734537964992264,0.4985764905535569,0.0,0.0,0.99,8,exponential
q_learning,sparse_seed4,sparse,4,4a77b6e251,1328,225,-11.250000000000025,-10.550000000000022,0.07004204694265173,0.15,0,out_of_energy,0,0,1,0,98,9,0,0,0,48,0.04359242601270624,0.34579402628441697,0.0,0.0,0.99,8,exponential
q_learning,sparse_seed4,sparse,4,4a77b6e251,1329,225,-11.250000000000025,-10.550000000000022,0.06990196284876643,0.15,0,out_of_energy,0,0,1,0,117,1,0,0,0,39,0.044521825267158,0.354607602074732,0.0,0.0,0.99,8,exponential
q_learning,sparse_seed4,sparse,4,4a77b6e251,1330,225,-11.250000000000025,-10.550000000000022,0.0697621589230689,0.15,0,out_of_energy,0,0,1,0,86,23,0,0,0,39,0.044085800999739196,0.37929059811119725,0.0,0.0,0.99,8,exponential
q_learning,sparse_seed4,sparse,4,4a77b6e251,1331,225,-11.250000000000025,-10.550000000000022,0.06962263460522276,0.15,0,out_of_energy,0,0,1,0,85,2,0,0,0,30,0.045536393930828735,0.3910699873970724,0.0,0.0,0.99,8,exponential
q_learning,sparse_seed4,sparse,4,4a77b6e251,1332,225,-11.250000000000025,-10.550000000000022,0.06948338933601232,0.15,0,out_of_energy,0,0,1,0,103,12,0,0,0,49,0.04463695057125576,0.3799068042393463,0.0,0.0,0.99,8,exponential
q_learning,sparse_seed4,sparse,4,4a77b6e251,1333,225,-11.250000000000025,-10.550000000000022,0.0693444225573403,0.15,0,out_of_energy,0,0,1,0,91,7,0,0,0,44,0.043579166139973986,0.37109689030082077,0.0,0.0,0.99,8,exponential
q_learning,sparse_seed4,sparse,4,4a77b6e251,1334,225,-11.250000000000025,-10.550000000000022,0.06920573371222562,0.15,0,out_of_energy,0,0,1,0,108,3,0,0,0,46,0.0438412606559931,0.3556688307906833,0.0,0.0,0.99,8,exponential
q_learning,sparse_seed4,sparse,4,4a77b6e251,1335,225,-1.2499999999999822,-10.450000000000022,0.06906732224480117,0.15,0,out_of_energy,0,0,1,0,112,22,0,0,1,49,0.10998857424945295,6.599622076666574,0.0,0.0,0.99,8,exponential
q_learning,sparse_seed4,sparse,4,4a77b6e251,1336,225,-1.2499999999999822,-10.350000000000023,0.06892918760031157,0.15,0,out_of_energy,0,0,1,0,113,15,0,0,1,37,0.09323382628684357,5.851835509490315,0.0,0.0,0.99,8,exponential
q_learning,sparse_seed4,sparse,4,4a77b6e251,1337,225,-11.250000000000025,-10.350000000000023,0.06879132922511094,0.15,0,out_of_energy,0,0,1,0,107,1,0,0,0,50,0.04385772513393917,0.3009090349582418,0.0,0.0,0.99,8,exponential
q_learning,sparse_seed4,sparse,4,4a77b6e251,1338,225,-1.2499999999999822,-10.250000000000023,0.06865374656666072,0.15,0,out_of_energy,0,0,1,0,101,19,0,0,1,44,0.11338506140454023,4.542585021214912,0.0,0.0,0.99,8,exponential
q_learning,sparse_seed4,sparse,4,4a77b6e251,1339,225,-1.2499999999999822,-10.150000000000022,0.0685164390735274,0.15,0,out_of_energy,0,0,1,0,97,17,0,0,1,41,0.09080056108581522,4.212908029219264,0.0,0.0,0.99,8,exponential
q_learning,sparse_seed4,sparse,4,4a77b6e251,1340,225,-11.250000000000025,-10.150000000000022,0.06837940619538035,0.15,0,out_of_energy,0,0,1,0,105,55,0,0,0,51,0.044766588244681244,0.3280975962119207,0.0,0.0,0.99,8,exponential
q_learning,sparse_seed4,sparse,4,4a77b6e251,1341,225,-1.2499999999999822,-10.050000000000022,0.06824264738298959,0.15,0,out_of_energy,0,0,1,0,100,7,0,0,1,36,0.08689753653620898,2.6373299061995024,0.0,0.0,0.99,8,exponential
q_learning,sparse_seed4,sparse,4,4a77b6e251,1342,225,-1.2499999999999822,-9.950000000000022,0.0681061620882236,0.15,0,out_of_energy,0,0,1,0,97,8,0,0,1,41,0.1264416775684224,7.672044463131029,0.0,0.0,0.99,8,exponential
q_learning,sparse_seed4,sparse,4,4a77b6e251,1343,225,-1.2499999999999871,-9.850000000000021,0.06796994976404716,0.15,0,out_of_energy,0,0,1,0,91,9,0,0,1,48,0.08440149268153126,3.620323952734882,0.0,0.0,0.99,8,exponential
q_learning,sparse_seed4,sparse,4,4a77b6e251,1344,225,-1.2499999999999822,-9.750000000000021,0.06783400986451907,0.15,0,out_of_energy,0,0,1,0,87,18,0,0,1,40,0.08356828612568282,4.1987630097567,0.0,0.0,0.99,8,exponential
q_learning,sparse_seed4,sparse,4,4a77b6e251,1345,225,-11.250000000000025,-9.750000000000021,0.06769834184479002,0.15,0,out_of_energy,0,0,1,0,98,10,0,0,0,40,0.045549246228173454,0.3857337127160618,0.0,0.0,0.99,8,exponential
q_learning,sparse_seed4,sparse,4,4a77b6e251,1346,225,-11.250000000000025,-9.750000000000021,0.06756294516110044,0.15,0,out_of_energy,0,0,1,0,108,2,0,0,0,53,0.044103762365449106,0.2703409633191859,0.0,0.0,0.99,8,exponential
q_learning,sparse_seed4,sparse,4,4a77b6e251,1347,225,-11.250000000000025,-9.750000000000021,0.06742781927077823,0.15,0,out_of_energy,0,0,1,0,104,15,0,0,0,40,0.04360804828069982,0.25174865491900356,0.0,0.0,0.99,8,exponential
q_learning,sparse_seed4,sparse,4,4a77b6e251,1348,225,-1.2499999999999822,-9.65000000000002,0.06729296363223668,0.15,0,out_of_energy,0,0,1,0,103,11,0,0,1,49,0.10089561433261238,4.390280757468371,0.0,0.0,0.99,8,exponential
q_learning,sparse_seed4,sparse,4,4a77b6e251,1349,225,-1.2499999999999822,-9.550000000000018,0.0671583777049722,0.15,0,out_of_energy,0,0,1,0,116,11,0,0,1,56,0.08525585100210972,2.587648367700747,0.0,0.0,0.99,8,exponential
q_learning,sparse_seed4,sparse,4,4a77b6e251,1350,225,-11.250000000000025,-9.550000000000018,0.06702406094956226,0.15,0,out_of_energy,0,0,1,0,104,17,0,0,0,54,0.044546603643033096,0.20651475895508037,0.0,0.0,0.99,8,exponential
q_learning,sparse_seed4,sparse,4,4a77b6e251,1351,225,-1.2500000000000127,-9.45000000000002,0.06689001282766313,0.15,0,out_of_energy,0,0,1,0,104,14,0,0,1,45,0.0847391746378583,4.002035621769459,0.0,0.0,0.99,8,exponential
q_learning,sparse_seed4,sparse,4,4a77b6e251,1352,225,-11.250000000000025,-9.450000000000019,0.0667562328020078,0.15,0,out_of_energy,0,0,1,0,111,14,0,0,0,50,0.04372380364242613,0.36754947504009944,0.0,0.0,0.99,8,exponential
q_learning,sparse_seed4,sparse,4,4a77b6e251,1353,225,-1.2499999999999822,-9.350000000000017,0.06662272033640379,0.15,0,out_of_energy,0,0,1,0,87,11,0,0,1,43,0.10182993612855658,5.284542446833724,0.0,0.0,0.99,8,exponential
q_learning,sparse_seed4,sparse,4,4a77b6e251,1354,225,-1.2499999999999822,-9.35000000000002,0.06648947489573098,0.15,0,out_of_energy,0,0,1,0,101,14,0,0,1,43,0.15693295095387136,8.29371023831708,0.0,0.0,0.99,8,exponential
q_learning,sparse_seed4,sparse,4,4a77b6e251,1355,225,-11.250000000000025,-9.35000000000002,0.06635649594593952,0.15,0,out_of_energy,0,0,1,0,89,31,0,0,0,40,0.04431107654159312,0.38202974290505526,0.0,0.0,0.99,8,exponential
q_learning,sparse_seed4,sparse,4,4a77b6e251,1356,225,-11.250000000000025,-9.350000000000017,0.06622378295404764,0.15,0,out_of_energy,0,0,1,0,93,4,0,0,0,40,0.046753452991932926,0.5361464940068119,0.0,0.0,0.99,8,exponential
q_learning,sparse_seed4,sparse,4,4a77b6e251,1357,225,-11.250000000000025,-9.350000000000017,0.06609133538813955,0.15,0,out_of_energy,0,0,1,0,116,15,0,0,0,55,0.04406864021428142,0.39363309304361305,0.0,0.0,0.99,8,exponential
q_learning,sparse_seed4,sparse,4,4a77b6e251,1358,225,-11.250000000000025,-9.350000000000017,0.06595915271736327,0.15,0,out_of_energy,0,0,1,0,88,11,0,0,0,36,0.04438437632808137,0.36281769371738,0.0,0.0,0.99,8,exponential
q_learning,sparse_seed4,sparse,4,4a77b6e251,1359,225,-11.250000000000025,-9.350000000000017,0.06582723441192855,0.15,0,out_of_energy,0,0,1,0,93,10,4,0,0,45,0.044829652137478325,0.3923222617108664,0.0,0.0,0.99,8,exponential
q_learning,sparse_seed4,sparse,4,4a77b6e251,1360,225,-11.250000000000025,-9.350000000000017,0.06569557994310468,0.15,0,out_of_energy,0,0,1,0,99,6,0,0,0,40,0.04425110582453213,0.3223842082205641,0.0,0.0,0.99,8,exponential
q_learning,sparse_seed4,sparse,4,4a77b6e251,1361,225,-1.2499999999999845,-9.250000000000018,0.06556418878321847,0.15,0,out_of_energy,0,0,1,0,106,17,0,0,1,42,0.13954686640353556,5.6975631734889856,0.0,0.0,0.99,8,exponential
q_learning,sparse_seed4,sparse,4,4a77b6e251,1362,225,-11.250000000000025,-9.250000000000018,0.06543306040565204,0.15,0,out_of_energy,0,0,1,0,98,16,0,0,0,36,0.0433012259863278,0.308395039659773,0.0,0.0,0.99,8,exponential
q_learning,sparse_seed4,sparse,4,4a77b6e251,1363,225,-11.250000000000025,-9.350000000000017,0.06530219428484074,0.15,0,out_of_energy,0,0,1,0,107,28,0,0,0,43,0.04383611564848389,0.2774130588796383,0.0,0.0,0.99,8,exponential
q_learning,sparse_seed4,sparse,4,4a77b6e251,1364,225,-11.250000000000025,-9.35000000000002,0.06517158989627106,0.15,0,out_of_energy,0,0,1,0,93,5,2,0,0,44,0.0441527642427215,0.3802106444967231,0.0,0.0,0.99,8,exponential
q_learning,sparse_seed4,sparse,4,4a77b6e251,1365,225,-11.250000000000025,-9.350000000000017,0.06504124671647851,0.15,0,out_of_energy,0,0,1,0,102,5,0,0,0,49,0.0447862516772603,0.37003219564378986,0.0,0.0,0.99,8,exponential
q_learning,sparse_seed4,sparse,4,4a77b6e251,1366,225,-11.250000000000025,-9.350000000000017,0.06491116422304556,0.15,0,out_of_energy,0,0,1,0,92,4,0,0,0,47,0.04353964534643854,0.25402395237333336,0.0,0.0,0.99,8,exponential
q_learning,sparse_seed4,sparse,4,4a77b6e251,1367,225,-11.250000000000025,-9.450000000000019,0.06478134189459947,0.15,0,out_of_energy,0,0,1,0,82,21,0,0,0,34,0.046032965639272054,0.3926365691542712,0.0,0.0,0.99,8,exponential
q_learning,sparse_seed4,sparse,4,4a77b6e251,1368,225,-11.250000000000025,-9.450000000000019,0.06465177921081026,0.15,0,out_of_energy,0,0,1,0,96,8,0,0,0,43,0.04748687641613528,0.4784845516275589,0.0,0.0,0.99,8,exponential
q_learning,sparse_seed4,sparse,4,4a77b6e251,1369,225,-11.250000000000025,-9.550000000000018,0.06452247565238864,0.15,0,out_of_energy,0,0,1,0,94,4,0,0,0,45,0.04294287738000209,0.2839085812632236,0.0,0.0,0.99,8,exponential
q_learning,sparse_seed4,sparse,4,4a77b6e251,1370,225,-11.250000000000025,-9.550000000000018,0.06439343070108386,0.15,0,out_of_energy,0,0,1,0,113,3,0,0,0,51,0.04451098043919817,0.25252389487682114,0.0,0.0,0.99,8,exponential
q_learning,sparse_seed4,sparse,4,4a77b6e251,1371,225,-11.250000000000025,-9.65000000000002,0.0642646438396817,0.15,0,out_of_energy,0,0,1,0,80,4,0,0,0,48,0.044894548495155194,0.38114231601585047,0.0,0.0,0.99,8,exponential
q_learning,sparse_seed4,sparse,4,4a77b6e251,1372,225,-11.250000000000025,-9.750000000000021,0.06413611455200233,0.15,0,out_of_energy,0,0,1,0,90,16,1,0,0,46,0.04550897861357716,0.5159091061423615,0.0,0.0,0.99,8,exponential
q_learning,sparse_seed4,sparse,4,4a77b6e251,1373,225,-11.250000000000025,-9.750000000000021,0.06400784232289833,0.15,0,out_of_energy,0,0,1,0,95,26,1,0,0,47,0.045722971870610994,0.4314900372015794,0.0,0.0,0.99,8,exponential
q_learning,sparse_seed4,sparse,4,4a77b6e251,1374,225,-11.250000000000025,-9.750000000000021,0.06387982663825253,0.15,0,out_of_energy,0,0,1,0,74,14,0,0,0,39,0.04501933136785259,0.37785047270510325,0.0,0.0,0.99,8,exponential
q_learning,sparse_seed4,sparse,4,4a77b6e251,1375,225,-11.250000000000025,-9.750000000000021,0.06375206698497603,0.15,0,out_of_energy,0,0,1,0,97,14,0,0,0,37,0.044657242160096575,0.380974686635172,0.0,0.0,0.99,8,exponential
q_learning,sparse_seed4,sparse,4,4a77b6e251,1376,225,-11.250000000000025,-9.750000000000021,0.06362456285100608,0.15,0,out_of_energy,0,0,1,0,81,10,0,0,0,44,0.045999284238218884,0.5167931573740276,0.0,0.0,0.99,8,exponential
q_learning,sparse_seed4,sparse,4,4a77b6e251,1377,225,-11.250000000000025,-9.750000000000021,0.06349731372530407,0.15,0,out_of_energy,0,0,1,0,94,39,0,0,0,46,0.046394475032357295,0.5058131112453847,0.0,0.0,0.99,8,exponential
q_learning,sparse_seed4,sparse,4,4a77b6e251,1378,225,-11.250000000000025,-9.750000000000021,0.06337031909785346,0.15,0,out_of_energy,0,0,1,0,97,18,0,0,0,44,0.04541201799560037,0.39830629090982683,0.0,0.0,0.99,8,exponential
q_learning,sparse_seed4,sparse,4,4a77b6e251,1379,225,-1.2499999999999822,-9.65000000000002,0.06324357845965775,0.15,0,out_of_energy,0,0,1,0,104,28,0,0,1,42,0.0923806482690734,3.9743545664518733,0.0,0.0,0.99,8,exponential
q_learning,sparse_seed4,sparse,4,4a77b6e251,1380,225,-1.2499999999999822,-9.55000000000002,0.06311709130273843,0.15,0,out_of_energy,0,0,1,0,111,14,0,0,1,52,0.11751042205579958,4.484447217308666,0.0,0.0,0.99,8,exponential
q_learning,sparse_seed4,sparse,4,4a77b6e251,1381,225,-1.2499999999999822,-9.45000000000002,0.06299085712013296,0.15,0,out_of_energy,0,0,1,0,101,10,0,0,1,50,0.15422833435049974,8.098967156356178,0.0,0.0,0.99,8,exponential
q_learning,sparse_seed4,sparse,4,4a77b6e251,1382,225,-1.2499999999999822,-9.350000000000021,0.0628648754058927,0.15,0,out_of_energy,0,0,1,0,107,28,0,0,1,39,0.1123462666428496,6.290048688612149,0.0,0.0,0.99,8,exponential
q_learning,sparse_seed4,sparse,4,4a77b6e251,1383,225,-11.250000000000025,-9.35000000000002,0.06273914565508092,0.15,0,out_of_energy,0,0,1,0,101,7,0,0,0,40,0.045183664785771196,0.5207485469080647,0.0,0.0,0.99,8,exponential
q_learning,sparse_seed4,sparse,4,4a77b6e251,1384,225,-11.250000000000025,-9.350000000000017,0.06261366736377075,0.15,0,out_of_energy,0,0,1,0,104,13,0,0,0,56,0.04756862196286649,0.43086081829955847,0.0,0.0,0.99,8,exponential
q_learning,sparse_seed4,sparse,4,4a77b6e251,1385,225,-11.250000000000025,-9.35000000000002,0.062488440029043205,0.15,0,out_of_energy,0,0,1,0,82,20,2,0,0,38,0.04585714995001373,0.42366262400809096,0.0,0.0,0.99,8,exponential
q_learning,sparse_seed4,sparse,4,4a77b6e251,1386,225,-11.250000000000025,-9.350000000000017,0.06236346314898512,0.15,0,out_of_energy,0,0,1,0,95,11,0,0,0,47,0.044614471079124376,0.36418046404739296,0.0,0.0,0.99,8,exponential
q_learning,sparse_seed4,sparse,4,4a77b6e251,1387,225,-11.250000000000025,-9.350000000000017,0.06223873622268715,0.15,0,out_of_energy,0,0,1,0,95,13,0,0,0,41,0.044047973283128594,0.35623587853679717,0.0,0.0,0.99,8,exponential
q_learning,sparse_seed4,sparse,4,4a77b6e251,1388,225,-11.250000000000025,-9.350000000000017,0.06211425875024178,0.15,0,out_of_energy,0,0,1,0,89,16,1,0,0,39,0.0458028832845641,0.4383033267702222,0.0,0.0,0.99,8,exponential
q_learning,sparse_seed4,sparse,4,4a77b6e251,1389,225,-11.250000000000025,-9.350000000000017,0.06199003023274129,0.15,0,out_of_energy,0,0,1,0,101,17,3,0,0,40,0.044901267086799396,0.40990350358146077,0.0,0.0,0.99,8,exponential
q_learning,sparse_seed4,sparse,4,4a77b6e251,1390,225,-11.250000000000025,-9.450000000000019,0.06186605017227581,0.15,0,out_of_energy,0,0,1,0,103,30,2,0,0,35,0.04456066761354608,0.45096930937709656,0.0,0.0,0.99,8,exponential
q_learning,sparse_seed4,sparse,4,4a77b6e251,1391,225,-11.250000000000025,-9.450000000000019,0.06174231807193126,0.15,0,out_of_energy,0,0,1,0,96,6,0,0,0,44,0.044180823922163534,0.40798752460950377,0.0,0.0,0.99,8,exponential
q_learning,sparse_seed4,sparse,4,4a77b6e251,1392,225,-1.2499999999999878,-9.350000000000017,0.0616188334357874,0.15,0,out_of_energy,0,0,1,0,112,13,0,0,1,48,0.08565474561369728,2.9375379058866375,0.0,0.0,0.99,8,exponential
q_learning,sparse_seed4,sparse,4,4a77b6e251,1393,225,-1.2499999999999944,-9.250000000000018,0.06149559576891582,0.15,0,out_of_energy,0,0,1,0,113,13,0,0,1,43,0.0996516351893232,3.752148454889904,0.0,0.0,0.99,8,exponential
q_learning,sparse_seed4,sparse,4,4a77b6e251,1394,225,-1.2499999999999822,-9.150000000000018,0.06137260457737799,0.15,0,out_of_energy,0,0,1,0,90,6,0,0,1,38,0.14980486098122797,6.019647192759758,0.0,0.0,0.99,8,exponential
q_learning,sparse_seed4,sparse,4,4a77b6e251,1395,225,-11.250000000000025,-9.150000000000018,0.06124985936822323,0.15,0,out_of_energy,0,0,1,0,109,15,0,0,0,43,0.04478186195230776,0.3836704812053227,0.0,0.0,0.99,8,exponential
q_learning,sparse_seed4,sparse,4,4a77b6e251,1396,225,-11.250000000000025,-9.150000000000018,0.06112735964948679,0.15,0,out_of_energy,0,0,1,0,106,9,0,0,0,51,0.04356365882226356,0.26365075931740717,0.0,0.0,0.99,8,exponential
q_learning,sparse_seed4,sparse,4,4a77b6e251,1397,225,-11.250000000000025,-9.150000000000018,0.06100510493018781,0.15,0,out_of_energy,0,0,1,0,94,12,0,0,0,41,0.0428000274802634,0.2930103047220321,0.0,0.0,0.99,8,exponential
q_learning,sparse_seed4,sparse,4,4a77b6e251,1398,225,-11.250000000000025,-9.150000000000016,0.060883094720327435,0.15,0,out_of_energy,0,0,1,0,94,14,1,0,0,46,0.04442024807635783,0.39055847965209417,0.0,0.0,0.99,8,exponential
q_learning,sparse_seed4,sparse,4,4a77b6e251,1399,225,-11.250000000000025,-9.150000000000018,0.06076132853088678,0.15,0,out_of_energy,0,0,1,0,103,40,2,0,0,41,0.043423385803455145,0.250554201685803,0.0,0.0,0.99,8,exponential
q_learning,sparse_seed4,sparse,4,4a77b6e251,1400,225,-11.250000000000025,-9.150000000000018,0.06063980587382501,0.15,0,out_of_energy,0,0,1,0,83,11,3,0,0,47,0.04510664798136372,0.4245286876944419,0.0,0.0,0.99,8,exponential
q_learning,sparse_seed4,sparse,4,4a77b6e251,1401,225,-11.250000000000025,-9.150000000000018,0.06051852626207736,0.15,0,out_of_energy,0,0,1,0,110,3,0,0,0,50,0.04477263658503157,0.3759676654884648,0.0,0.0,0.99,8,exponential
q_learning,sparse_seed4,sparse,4,4a77b6e251,1402,225,-11.250000000000025,-9.150000000000016,0.06039748920955321,0.15,0,out_of_energy,0,0,1,0,105,1,0,0,0,35,0.04429476930267916,0.31081625198931173,0.0,0.0,0.99,8,exponential
q_learning,sparse_seed4,sparse,4,4a77b6e251,1403,225,-11.250000000000025,-9.150000000000018,0.060276694231134104,0.15,0,out_of_energy,0,0,1,0,104,16,0,0,0,45,0.04452152700936129,0.2871628500709651,0.0,0.0,0.99,8,exponential
q_learning,sparse_seed4,sparse,4,4a77b6e251,1404,225,-11.250000000000025,-9.150000000000018,0.06015614084267183,0.15,0,out_of_energy,0,0,1,0,96,8,0,0,0,37,0.04503335339253588,0.3700406134513826,0.0,0.0,0.99,8,exponential
q_learning,sparse_seed4,sparse,4,4a77b6e251,1405,225,-11.250000000000025,-9.150000000000018,0.060035828560986486,0.15,0,out_of_energy,0,0,1,0,102,23,0,0,0,45,0.04360899677650371,0.3885131598998489,0.0,0.0,0.99,8,exponential
q_learning,sparse_seed4,sparse,4,4a77b6e251,1406,225,-11.250000000000025,-9.150000000000016,0.05991575690386451,0.15,0,out_of_energy,0,0,1,0,100,20,0,0,0,41,0.043247219730599015,0.35177470699732666,0.0,0.0,0.99,8,exponential
q_learning,sparse_seed4,sparse,4,4a77b6e251,1407,225,-11.250000000000025,-9.150000000000018,0.059795925390056785,0.15,0,out_of_energy,0,0,1,0,102,2,0,0,0,51,0.04451228871950267,0.4187821605146883,0.0,0.0,0.99,8,exponential
q_learning,sparse_seed4,sparse,4,4a77b6e251,1408,225,-11.250000000000025,-9.150000000000018,0.05967633353927667,0.15,0,out_of_energy,0,0,1,0,96,7,0,0,0,47,0.05215471180699729,1.3956300555087087,0.0,0.0,0.99,8,exponential
q_learning,sparse_seed4,sparse,4,4a77b6e251,1409,225,-11.250000000000025,-9.150000000000018,0.059556980872198115,0.15,0,out_of_energy,0,0,1,0,95,8,0,0,0,35,0.045047540801628025,0.3685448073236965,0.0,0.0,0.99,8,exponential
q_learning,sparse_seed4,sparse,4,4a77b6e251,1410,225,-11.250000000000025,-9.150000000000016,0.05943786691045372,0.15,0,out_of_energy,0,0,1,0,108,10,0,0,0,44,0.04328938948907712,0.2774738974650078,0.0,0.0,0.99,8,exponential
q_learning,sparse_seed4,sparse,4,4a77b6e251,1411,225,-11.250000000000025,-9.150000000000018,0.059318991176632814,0.15,0,out_of_energy,0,0,1,0,79,32,0,0,0,33,0.046322579127177806,0.4757320183845102,0.0,0.0,0.99,8,exponential
q_learning,sparse_seed4,sparse,4,4a77b6e251,1412,225,-11.250000000000025,-9.150000000000018,0.05920035319427955,0.15,0,out_of_energy,0,0,1,0,110,27,1,0,0,53,0.04680173881426324,0.4642149631696389,0.0,0.0,0.99,8,exponential
q_learning,sparse_seed4,sparse,4,4a77b6e251,1413,225,-11.250000000000025,-9.150000000000018,0.05908195248789099,0.15,0,out_of_energy,0,0,1,0,93,33,0,0,0,41,0.043551795574672904,0.4051628461732557,0.0,0.0,0.99,8,exponential
q_learning,sparse_seed4,sparse,4,4a77b6e251,1414,225,-11.250000000000025,-9.150000000000016,0.05896378858291521,0.15,0,out_of_energy,0,0,1,0,97,34,0,0,0,42,0.043518605066610865,0.3678069603746458,0.0,0.0,0.99,8,exponential
q_learning,sparse_seed4,sparse,4,4a77b6e251,1415,225,-11.250000000000025,-9.150000000000018,0.05884586100574938,0.15,0,out_of_energy,0,0,1,0,94,13,0,0,0,43,0.04558758962153432,0.4710554182464056,0.0,0.0,0.99,8,exponential
q_learning,sparse_seed4,sparse,4,4a77b6e251,1416,225,-11.250000000000025,-9.150000000000018,0.05872816928373788,0.15,0,out_of_energy,0,0,1,0,103,12,0,0,0,44,0.042901207620022745,0.32347523493376595,0.0,0.0,0.99,8,exponential
q_learning,sparse_seed4,sparse,4,4a77b6e251,1417,225,-11.250000000000025,-9.150000000000018,0.0586107129451704,0.15,0,out_of_energy,0,0,1,0,91,1,0,0,0,44,0.044156601012382966,0.3938549607476081,0.0,0.0,0.99,8,exponential
q_learning,sparse_seed4,sparse,4,4a77b6e251,1418,225,-11.250000000000025,-9.150000000000016,0.058493491519280065,0.15,0,out_of_energy,0,0,1,0,96,9,0,0,0,43,0.0439212346458088,0.3598666951282021,0.0,0.0,0.99,8,exponential
q_learning,sparse_seed4,sparse,4,4a77b6e251,1419,225,-11.250000000000025,-9.150000000000018,0.058376504536241505,0.15,0,out_of_energy,0,0,1,0,106,25,0,0,0,43,0.04512782484633825,0.3552090390137839,0.0,0.0,0.99,8,exponential
q_learning,sparse_seed4,sparse,4,4a77b6e251,1420,225,-11.250000000000025,-9.150000000000018,0.05825975152716902,0.15,0,out_of_energy,0,0,1,0,89,10,0,0,0,41,0.04555655494802131,0.40123978448224185,0.0,0.0,0.99,8,exponential
q_learning,sparse_seed4,sparse,4,4a77b6e251,1421,225,-11.250000000000025,-9.150000000000018,0.058143232024114685,0.15,0,out_of_energy,0,0,1,0,89,25,0,0,0,46,0.04413129507710882,0.39140632817179516,0.0,0.0,0.99,8,exponential
q_learning,sparse_seed4,sparse,4,4a77b6e251,1422,225,-11.250000000000025,-9.150000000000016,0.058026945560066455,0.15,0,out_of_energy,0,0,1,0,97,16,0,0,0,41,0.04449616652262105,0.5299492590827484,0.0,0.0,0.99,8,exponential
q_learning,sparse_seed4,sparse,4,4a77b6e251,1423,225,-11.250000000000025,-9.150000000000018,0.05791089166894632,0.15,0,out_of_energy,0,0,1,0,100,16,0,0,0,48,0.042976255228421426,0.40072928784969025,0.0,0.0,0.99,8,exponential
q_learning,sparse_seed4,sparse,4,4a77b6e251,1424,225,-1.2499999999999822,-9.050000000000018,0.05779506988560843,0.15,0,out_of_energy,0,0,1,0,96,11,0,0,1,48,0.09190377643574073,4.102554041281416,0.0,0.0,0.99,8,exponential
q_learning,sparse_seed4,sparse,4,4a77b6e251,1425,225,-11.250000000000025,-9.050000000000018,0.05767947974583722,0.15,0,out_of_energy,0,0,1,0,81,29,1,0,0,38,0.04384170297514248,0.4359686333164747,0.0,0.0,0.99,8,exponential
q_learning,sparse_seed4,sparse,4,4a77b6e251,1426,225,-11.250000000000025,-9.050000000000017,0.05756412078634554,0.15,0,out_of_energy,0,0,1,0,112,16,0,0,0,40,0.04354633791627668,0.3382087787318919,0.0,0.0,0.99,8,exponential
q_learning,sparse_seed4,sparse,4,4a77b6e251,1427,225,-11.250000000000025,-9.050000000000018,0.05744899254477285,0.15,0,out_of_energy,0,0,1,0,109,10,0,0,0,49,0.04435102728661134,0.26626996780518636,0.0,0.0,0.99,8,exponential
q_learning,sparse_seed4,sparse,4,4a77b6e251,1428,225,-11.250000000000025,-9.050000000000018,0.0573340945596833,0.15,0,out_of_energy,0,0,1,0,115,28,0,0,0,40,0.045160492453550305,0.4843242024877256,0.0,0.0,0.99,8,exponential
q_learning,sparse_seed4,sparse,4,4a77b6e251,1429,225,-11.250000000000025,-9.050000000000017,0.05721942637056394,0.15,0,out_of_energy,0,0,1,0,88,23,0,0,0,43,0.04597800850572234,0.4503488690952851,0.0,0.0,0.99,8,exponential
q_learning,sparse_seed4,sparse,4,4a77b6e251,1430,225,-11.250000000000025,-9.050000000000017,0.05710498751782281,0.15,0,out_of_energy,0,0,1,0,112,6,0,0,0,44,0.044119636119401964,0.3653638369370057,0.0,0.0,0.99,8,exponential
q_learning,sparse_seed4,sparse,4,4a77b6e251,1431,225,-11.250000000000025,-9.050000000000017,0.05699077754278716,0.15,0,out_of_energy,0,0,1,0,97,19,0,0,0,34,0.044359632697043294,0.4156363465193292,0.0,0.0,0.99,8,exponential
q_learning,sparse_seed4,sparse,4,4a77b6e251,1432,225,-11.250000000000025,-9.050000000000018,0.05687679598770159,0.15,0,out_of_energy,0,0,1,0,110,6,0,0,0,40,0.043353052139696834,0.16521131363483466,0.0,0.0,0.99,8,exponential
q_learning,sparse_seed4,sparse,4,4a77b6e251,1433,225,-11.250000000000025,-9.050000000000017,0.05676304239572619,0.15,0,out_of_energy,0,0,1,0,83,14,1,0,0,48,0.04695873426434158,0.48501468070854487,0.0,0.0,0.99,8,exponential
q_learning,sparse_seed4,sparse,4,4a77b6e251,1434,225,-1.2499999999999822,-8.950000000000017,0.05664951631093473,0.15,0,out_of_energy,0,0,1,0,118,8,0,0,1,47,0.08344295820893456,2.5637980906790467,0.0,0.0,0.99,8,exponential
q_learning,sparse_seed4,sparse,4,4a77b6e251,1435,225,-11.250000000000025,-9.050000000000018,0.056536217278312866,0.15,0,out_of_energy,0,0,1,0,95,1,0,0,0,44,0.04478883147068388,0.3410538168099056,0.0,0.0,0.99,8,exponential
q_learning,sparse_seed4,sparse,4,4a77b6e251,1436,225,-1.2499999999999822,-9.050000000000018,0.05642314484375624,0.15,0,out_of_energy,0,0,1,0,93,4,0,0,1,57,0.0931972748465905,4.673874452725421,0.0,0.0,0.99,8,exponential
q_learning,sparse_seed4,sparse,4,4a77b6e251,1437,225,-11.250000000000025,-9.050000000000018,0.05631029855406873,0.15,0,out_of_energy,0,0,1,0,84,3,2,0,0,53,0.045615177272792566,0.40530989400727485,0.0,0.0,0.99,8,exponential
q_learning,sparse_seed4,sparse,4,4a77b6e251,1438,225,-11.250000000000025,-9.150000000000018,0.056197677956960596,0.15,0,out_of_energy,0,0,1,0,90,10,0,0,0,40,0.043653830472579466,0.37503032700169653,0.0,0.0,0.99,8,exponential
q_learning,sparse_seed4,sparse,4,4a77b6e251,1439,225,-11.250000000000025,-9.250000000000018,0.05608528260104667,0.15,0,out_of_energy,0,0,1,0,100,21,0,0,0,43,0.04465938886992325,0.39049992123110283,0.0,0.0,0.99,8,exponential
q_learning,sparse_seed4,sparse,4,4a77b6e251,1440,225,-11.250000000000025,-9.250000000000018,0.055973112035844576,0.15,0,out_of_energy,0,0,1,0,84,7,0,0,0,40,0.04498200642271169,0.3890021152855663,0.0,0.0,0.99,8,exponential
q_learning,sparse_seed4,sparse,4,4a77b6e251,1441,225,-11.250000000000025,-9.350000000000017,0.05586116581177289,0.15,0,out_of_energy,0,0,1,0,98,3,0,0,0,42,0.044613481889706666,0.41342324414503717,0.0,0.0,0.99,8,exponential
q_learning,sparse_seed4,sparse,4,4a77b6e251,1442,225,-11.250000000000025,-9.450000000000019,0.05574944348014935,0.15,0,out_of_energy,0,0,1,0,106,10,0,0,0,43,0.044361984316140496,0.378224222367198,0.0,0.0,0.99,8,exponential
q_learning,sparse_seed4,sparse,4,4a77b6e251,1443,225,-11.250000000000025,-9.550000000000018,0.05563794459318905,0.15,0,out_of_energy,0,0,1,0,115,14,0,0,0,41,0.04405516013209821,0.40045920988535727,0.0,0.0,0.99,8,exponential
q_learning,sparse_seed4,sparse,4,4a77b6e251,1444,225,-1.2500000000000209,-9.55000000000002,0.05552666870400267,0.15,0,out_of_energy,0,0,1,0,93,15,0,0,1,44,0.0828712656564969,3.6082529882845833,0.0,0.0,0.99,8,exponential
q_learning,sparse_seed4,sparse,4,4a77b6e251,1445,225,-11.250000000000025,-9.550000000000018,0.055415615366594666,0.15,0,out_of_energy,0,0,1,0,106,4,0,0,0,45,0.044518623022474106,0.40159750189882315,0.0,0.0,0.99,8,exponential
q_learning,sparse_seed4,sparse,4,4a77b6e251,1446,225,-11.250000000000025,-9.55000000000002,0.05530478413586148,0.15,0,out_of_energy,0,0,1,0,100,6,0,0,0,39,0.04398430190859925,0.38283145029636584,0.0,0.0,0.99,8,exponential
q_learning,sparse_seed4,sparse,4,4a77b6e251,1447,225,-11.250000000000025,-9.550000000000018,0.05519417456758975,0.15,0,out_of_energy,0,0,1,0,93,21,2,0,0,51,0.04523040096277898,0.4483543398581309,0.0,0.0,0.99,8,exponential
q_learning,sparse_seed4,sparse,4,4a77b6e251,1448,225,-11.250000000000025,-9.65000000000002,0.05508378621845457,0.15,0,out_of_energy,0,0,1,0,103,1,0,0,0,50,0.04477927488747195,0.4463481085456916,0.0,0.0,0.99,8,exponential
q_learning,sparse_seed4,sparse,4,4a77b6e251,1449,225,-1.2500000000000235,-9.65000000000002,0.05497361864601766,0.15,0,out_of_energy,0,0,1,0,100,12,0,0,1,43,0.08153184656246472,3.2550304910911043,0.0,0.0,0.99,8,exponential
q_learning,sparse_seed4,sparse,4,4a77b6e251,1450,225,-11.250000000000025,-9.65000000000002,0.054863671408725626,0.15,0,out_of_energy,0,0,1,0,106,9,0,0,0,43,0.04237023980084689,0.2962659470555696,0.0,0.0,0.99,8,exponential
q_learning,sparse_seed4,sparse,4,4a77b6e251,1451,225,-11.250000000000025,-9.750000000000021,0.054753944065908174,0.15,0,out_of_energy,0,0,1,0,94,8,0,0,0,48,0.04725250804881065,0.5173687805914693,0.0,0.0,0.99,8,exponential
q_learning,sparse_seed4,sparse,4,4a77b6e251,1452,225,-11.250000000000025,-9.750000000000021,0.054644436177776354,0.15,0,out_of_energy,0,0,1,0,100,11,0,0,0,48,0.043951300836973684,0.4184326414816938,0.0,0.0,0.99,8,exponential
q_learning,sparse_seed4,sparse,4,4a77b6e251,1453,225,-11.250000000000025,-9.850000000000021,0.0545351473054208,0.15,0,out_of_energy,0,0,1,0,99,13,0,0,0,43,0.04461957694590708,0.40423354814184287,0.0,0.0,0.99,8,exponential
q_learning,sparse_seed4,sparse,4,4a77b6e251,1454,225,-11.250000000000025,-9.95000000000002,0.05442607701080996,0.15,0,out_of_energy,0,0,1,0,91,9,5,0,0,47,0.04664275473616272,0.4914910561777104,0.0,0.0,0.99,8,exponential
q_learning,sparse_seed4,sparse,4,4a77b6e251,1455,225,-11.250000000000025,-9.95000000000002,0.05431722485678834,0.15,0,out_of_energy,0,0,1,0,102,6,0,0,0,45,0.04336972051558669,0.40027353291254075,0.0,0.0,0.99,8,exponential
q_learning,sparse_seed4,sparse,4,4a77b6e251,1456,225,-11.250000000000025,-9.950000000000022,0.054208590407074764,0.15,0,out_of_energy,0,0,1,0,99,30,0,0,0,42,0.04737808048079796,0.512401189925046,0.0,0.0,0.99,8,exponential
q_learning,sparse_seed4,sparse,4,4a77b6e251,1457,225,-11.250000000000025,-9.95000000000002,0.054100173226260616,0.15,0,out_of_energy,0,0,1,0,91,13,0,0,0,64,0.043371205613840426,0.39422624572388254,0.0,0.0,0.99,8,exponential
q_learning,sparse_seed4,sparse,4,4a77b6e251,1458,225,-11.250000000000025,-9.95000000000002,0.053991972879808094,0.15,0,out_of_energy,0,0,1,0,106,0,0,0,0,38,0.04457105400698309,0.3990487532495938,0.0,0.0,0.99,8,exponential
q_learning,sparse_seed4,sparse,4,4a77b6e251,1459,225,-11.250000000000025,-9.95000000000002,0.05388398893404848,0.15,0,out_of_energy,0,0,1,0,103,1,0,0,0,51,0.04396779006714675,0.4118094106536516,0.0,0.0,0.99,8,exponential
q_learning,sparse_seed4,sparse,4,4a77b6e251,1460,225,-11.250000000000025,-9.950000000000022,0.053776220956180384,0.15,0,out_of_energy,0,0,1,0,98,19,0,0,0,42,0.043800822404813394,0.42053861891569927,0.0,0.0,0.99,8,exponential
q_learning,sparse_seed4,sparse,4,4a77b6e251,1461,225,-11.250000000000025,-10.05000000000002,0.05366866851426803,0.15,0,out_of_energy,0,0,1,0,89,7,0,0,0,46,0.04790753682760735,0.4315724110850225,0.0,0.0,0.99,8,exponential
q_learning,sparse_seed4,sparse,4,4a77b6e251,1462,225,-11.250000000000025,-10.050000000000022,0.05356133117723949,0.15,0,out_of_energy,0,0,1,0,95,25,0,0,0,46,0.04371906930285519,0.39827359203840934,0.0,0.0,0.99,8,exponential
q_learning,sparse_seed4,sparse,4,4a77b6e251,1463,225,-11.250000000000025,-10.05000000000002,0.05345420851488501,0.15,0,out_of_energy,0,0,1,0,94,18,0,0,0,38,0.04606347722532094,0.5526496504418164,0.0,0.0,0.99,8,exponential
q_learning,sparse_seed4,sparse,4,4a77b6e251,1464,225,-11.250000000000025,-10.050000000000022,0.053347300097855245,0.15,0,out_of_energy,0,0,1,0,100,8,0,0,0,51,0.044594819370650164,0.4214022654322727,0.0,0.0,0.99,8,exponential
q_learning,sparse_seed4,sparse,4,4a77b6e251,1465,225,-11.250000000000025,-10.05000000000002,0.053240605497659535,0.15,0,out_of_energy,0,0,1,0,85,20,0,0,0,49,0.045474694760191295,0.42412755976920263,0.0,0.0,0.99,8,exponential
q_learning,sparse_seed4,sparse,4,4a77b6e251,1466,225,-11.250000000000025,-10.050000000000022,0.05313412428666422,0.15,0,out_of_energy,0,0,1,0,102,5,0,0,0,46,0.04218135357247051,0.31010827804044794,0.0,0.0,0.99,8,exponential
q_learning,sparse_seed4,sparse,4,4a77b6e251,1467,225,-11.250000000000025,-10.05000000000002,0.05302785603809089,0.15,0,out_of_energy,0,0,1,0,84,7,0,0,0,37,0.04558786961664119,0.39950547687894444,0.0,0.0,0.99,8,exponential
q_learning,sparse_seed4,sparse,4,4a77b6e251,1468,225,-11.250000000000025,-10.050000000000022,0.052921800326014706,0.15,0,out_of_energy,0,0,1,0,99,10,0,0,0,47,0.043315503595015424,0.40285877244319535,0.0,0.0,0.99,8,exponential
q_learning,sparse_seed4,sparse,4,4a77b6e251,1469,225,-11.250000000000025,-10.050000000000022,0.05281595672536268,0.15,0,out_of_energy,0,0,1,0,83,17,0,0,0,40,0.04589480087335793,0.3958638345414571,0.0,0.0,0.99,8,exponential
q_learning,sparse_seed4,sparse,4,4a77b6e251,1470,225,-11.250000000000025,-10.050000000000022,0.05271032481191195,0.15,0,out_of_energy,0,0,1,0,86,18,0,0,0,37,0.04550319652124786,0.3995790058108212,0.0,0.0,0.99,8,exponential
q_learning,sparse_seed4,sparse,4,4a77b6e251,1471,225,-11.250000000000025,-10.05000000000002,0.05260490416228813,0.15,0,out_of_energy,0,0,1,0,99,17,1,0,0,49,0.0452924931116401,0.4046120069092938,0.0,0.0,0.99,8,exponential
q_learning,sparse_seed4,sparse,4,4a77b6e251,1472,225,-11.250000000000025,-10.050000000000022,0.05249969435396355,0.15,0,out_of_energy,0,0,1,0,97,26,1,0,0,51,0.046369539736273016,0.46247248334654256,0.0,0.0,0.99,8,exponential
q_learning,sparse_seed4,sparse,4,4a77b6e251,1473,225,-11.250000000000025,-10.050000000000022,0.052394694965255624,0.15,0,out_of_energy,0,0,1,0,86,7,2,0,0,46,0.04761693605129713,0.5415762184615079,0.0,0.0,0.99,8,exponential
q_learning,sparse_seed4,sparse,4,4a77b6e251,1474,225,-11.250000000000025,-10.050000000000022,0.05228990557532511,0.15,0,out_of_energy,0,0,1,0,98,29,0,0,0,43,0.046151789448227905,0.47514985743112714,0.0,0.0,0.99,8,exponential
q_learning,sparse_seed4,sparse,4,4a77b6e251,1475,225,-11.250000000000025,-10.05000000000002,0.052185325764174464,0.15,0,out_of_energy,0,0,1,0,91,7,0,0,0,43,0.04506895810114873,0.44031418562734664,0.0,0.0,0.99,8,exponential
q_learning,sparse_seed4,sparse,4,4a77b6e251,1476,225,-11.250000000000025,-10.050000000000022,0.05208095511264611,0.15,0,out_of_energy,0,0,1,0,105,36,0,0,0,46,0.04530176521999116,0.42350720633968864,0.0,0.0,0.99,8,exponential
q_learning,sparse_seed4,sparse,4,4a77b6e251,1477,225,-11.250000000000025,-10.050000000000022,0.05197679320242082,0.15,0,out_of_energy,0,0,1,0,101,7,0,0,0,49,0.0441390897627493,0.36389477432987916,0.0,0.0,0.99,8,exponential
q_learning,sparse_seed4,sparse,4,4a77b6e251,1478,225,-1.2499999999999822,-9.950000000000022,0.05187283961601598,0.15,0,out_of_energy,0,0,1,0,102,16,0,0,1,38,0.11220452027071112,5.669710353528114,0.0,0.0,0.99,8,exponential
q_learning,sparse_seed4,sparse,4,4a77b6e251,1479,225,-11.250000000000025,-10.050000000000022,0.051769093936783944,0.15,0,out_of_energy,0,0,1,0,95,17,0,0,0,48,0.04477397714537263,0.40902236142319404,0.0,0.0,0.99,8,exponential
q_learning,sparse_seed4,sparse,4,4a77b6e251,1480,225,-1.2499999999999871,-10.050000000000022,0.05166555574891037,0.15,0,out_of_energy,0,0,1,0,113,10,0,0,1,33,0.09548520773891378,2.775414690490077,0.0,0.0,0.99,8,exponential
q_learning,sparse_seed4,sparse,4,4a77b6e251,1481,225,-11.250000000000025,-10.150000000000023,0.05156222463741255,0.15,0,out_of_energy,0,0,1,0,104,6,0,0,0,51,0.04301055654437863,0.2626684566058016,0.0,0.0,0.99,8,exponential
q_learning,sparse_seed4,sparse,4,4a77b6e251,1482,225,-1.2500000000000202,-10.150000000000023,0.05145910018813773,0.15,0,out_of_energy,0,0,1,0,111,2,0,0,1,51,0.1232182577411382,5.646295922170966,0.0,0.0,0.99,8,exponential
q_learning,sparse_seed4,sparse,4,4a77b6e251,1483,225,-11.250000000000025,-10.150000000000023,0.05135618198776145,0.15,0,out_of_energy,0,0,1,0,100,28,0,0,0,43,0.04457757394493145,0.40720321633406487,0.0,0.0,0.99,8,exponential
q_learning,sparse_seed4,sparse,4,4a77b6e251,1484,225,-1.2499999999999822,-10.050000000000022,0.05125346962378593,0.15,0,out_of_energy,0,0,1,0,105,5,0,0,1,47,0.09614683821940688,4.118170131330692,0.0,0.0,0.99,8,exponential
q_learning,sparse_seed4,sparse,4,4a77b6e251,1485,225,-1.2500000000000084,-9.950000000000022,0.05115096268453836,0.15,0,out_of_energy,0,0,1,0,103,8,0,0,1,40,0.08258754799189837,2.909192399543605,0.0,0.0,0.99,8,exponential
q_learning,sparse_seed4,sparse,4,4a77b6e251,1486,225,-1.2499999999999822,-9.850000000000021,0.05104866075916928,0.15,0,out_of_energy,0,0,1,0,104,10,0,0,1,53,0.13235445538649593,9.42703337190669,0.0,0.0,0.99,8,exponential
q_learning,sparse_seed4,sparse,4,4a77b6e251,1487,225,-11.250000000000025,-9.850000000000021,0.05094656343765094,0.15,0,out_of_energy,0,0,1,0,94,17,0,0,0,44,0.04230832678645397,0.3325804555639771,0.0,0.0,0.99,8,exponential
q_learning,sparse_seed4,sparse,4,4a77b6e251,1488,225,-1.2499999999999971,-9.750000000000021,0.050844670310775636,0.15,0,out_of_energy,0,0,1,0,103,11,0,0,1,40,0.08173999991125128,2.496394868759241,0.0,0.0,0.99,8,exponential
q_learning,sparse_seed4,sparse,4,4a77b6e251,1489,225,-1.2499999999999858,-9.650000000000022,0.05074298097015408,0.15,0,out_of_energy,0,0,1,0,102,13,0,0,1,50,0.08705320858342676,3.096426794703995,0.0,0.0,0.99,8,exponential
q_learning,sparse_seed4,sparse,4,4a77b6e251,1490,225,-1.2499999999999822,-9.550000000000022,0.05064149500821377,0.15,0,out_of_energy,0,0,1,0,102,15,0,0,1,44,0.13397378866992246,6.9402648456682785,0.0,0.0,0.99,8,exponential
q_learning,sparse_seed4,sparse,4,4a77b6e251,1491,225,-11.250000000000025,-9.550000000000022,0.05054021201819734,0.15,0,out_of_energy,0,0,1,0,96,6,0,0,0,49,0.043384891535867325,0.3299696425953293,0.0,0.0,0.99,8,exponential
q_learning,sparse_seed4,sparse,4,4a77b6e251,1492,225,-1.2499999999999822,-9.55000000000002,0.05043913159416095,0.15,0,out_of_energy,0,0,1,0,94,13,0,0,1,39,0.11367282327714863,5.470477796523314,0.0,0.0,0.99,8,exponential
q_learning,sparse_seed4,sparse,4,4a77b6e251,1493,225,-1.2499999999999822,-9.550000000000022,0.050338253330972624,0.15,0,out_of_energy,0,0,1,0,101,3,0,0,1,43,0.09942937350676904,3.6608620707181156,0.0,0.0,0.99,8,exponential
q_learning,sparse_seed4,sparse,4,4a77b6e251,1494,225,-11.250000000000025,-9.650000000000022,0.05023757682431068,0.15,0,out_of_energy,0,0,1,0,118,2,0,0,0,43,0.04299774048519517,0.3662711126469956,0.0,0.0,0.99,8,exponential
q_learning,sparse_seed4,sparse,4,4a77b6e251,1495,225,-11.250000000000025,-9.650000000000022,0.05013710167066206,0.15,0,out_of_energy,0,0,1,0,86,11,0,0,0,46,0.04380624670231359,0.4235369503870164,0.0,0.0,0.99,8,exponential
q_learning,sparse_seed4,sparse,4,4a77b6e251,1496,225,-11.250000000000025,-9.65000000000002,0.05003682746732073,0.15,0,out_of_energy,0,0,1,0,88,25,0,0,0,38,0.04577901580854801,0.5432767105445323,0.0,0.0,0.99,8,exponential
q_learning,sparse_seed4,sparse,4,4a77b6e251,1497,225,-1.2499999999999822,-9.55000000000002,0.05,0.15,0,out_of_energy,0,0,1,0,115,9,0,0,1,50,0.08203387019765665,2.5201688513116367,0.0,0.0,0.99,8,exponential
q_learning,sparse_seed4,sparse,4,4a77b6e251,1498,225,-11.250000000000025,-9.55000000000002,0.05,0.15,0,out_of_energy,0,0,1,0,116,14,0,0,0,49,0.043191528154351636,0.30931055818039727,0.0,0.0,0.99,8,exponential
q_learning,sparse_seed4,sparse,4,4a77b6e251,1499,225,-1.250000000000012,-9.45000000000002,0.05,0.15,0,out_of_energy,0,0,1,0,105,3,0,0,1,38,0.08542942058700238,2.8071402975220683,0.0,0.0,0.99,8,exponential
q_learning,sparse_seed4,sparse,4,4a77b6e251,1500,225,-11.250000000000025,-9.45000000000002,0.05,0.15,0,out_of_energy,0,0,1,0,95,13,0,0,0,47,0.04454341797645016,0.39992819059938184,0.0,0.0,0.99,8,exponential
q_learning,sparse_seed4,sparse,4,4a77b6e251,1501,225,-11.250000000000025,-9.45000000000002,0.05,0.15,0,out_of_energy,0,0,1,0,106,13,0,0,0,40,0.043824750071636394,0.39009202923458847,0.0,0.0,0.99,8,exponential
q_learning,sparse_seed4,sparse,4,4a77b6e251,1502,225,-1.2499999999999971,-9.350000000000021,0.05,0.15,0,out_of_energy,0,0,1,0,108,7,0,0,1,48,0.0816585261594754,2.4527131560253252,0.0,0.0,0.99,8,exponential
q_learning,sparse_seed4,sparse,4,4a77b6e251,1503,225,-1.2499999999999822,-9.250000000000021,0.05,0.15,0,out_of_energy,0,0,1,0,112,25,0,0,1,40,0.10669535739475597,3.8465892414495,0.0,0.0,0.99,8,exponential
q_learning,sparse_seed4,sparse,4,4a77b6e251,1504,225,-11.250000000000025,-9.250000000000021,0.05,0.15,0,out_of_energy,0,0,1,0,96,12,0,0,0,51,0.0438590923345153,0.42877460529537564,0.0,0.0,0.99,8,exponential
q_learning,sparse_seed4,sparse,4,4a77b6e251,1505,225,-1.2499999999999822,-9.15000000000002,0.05,0.15,0,out_of_energy,0,0,1,0,106,7,0,0,1,46,0.1394853096482766,5.9588830462052735,0.0,0.0,0.99,8,exponential
q_learning,sparse_seed4,sparse,4,4a77b6e251,1506,225,-1.2499999999999822,-9.05000000000002,0.05,0.15,0,out_of_energy,0,0,1,0,92,6,0,0,1,47,0.09908222096626026,3.374456842771666,0.0,0.0,0.99,8,exponential
q_learning,sparse_seed4,sparse,4,4a77b6e251,1507,225,-11.250000000000025,-9.05000000000002,0.05,0.15,0,out_of_energy,0,0,1,0,86,8,0,0,0,54,0.043713252890598485,0.3084283754454014,0.0,0.0,0.99,8,exponential
q_learning,sparse_seed4,sparse,4,4a77b6e251,1508,225,-11.250000000000025,-9.05000000000002,0.05,0.15,0,out_of_energy,0,0,1,0,99,15,0,0,0,36,0.04388532859251705,0.4181987813792423,0.0,0.0,0.99,8,exponential
q_learning,sparse_seed4,sparse,4,4a77b6e251,1509,225,-1.2499999999999822,-8.950000000000019,0.05,0.15,0,out_of_energy,0,0,1,0,111,34,0,0,1,37,0.1058176640799456,4.107283070430758,0.0,0.0,0.99,8,exponential
q_learning,sparse_seed4,sparse,4,4a77b6e251,1510,225,-11.250000000000025,-8.950000000000019,0.05,0.15,0,out_of_energy,0,0,1,0,92,7,0,0,0,43,0.04303702462544935,0.36989491704936484,0.0,0.0,0.99,8,exponential
q_learning,sparse_seed4,sparse,4,4a77b6e251,1511,225,-1.2499999999999822,-8.850000000000017,0.05,0.15,0,out_of_energy,0,0,1,0,98,17,0,0,1,44,0.10634117934837596,4.125505251172229,0.0,0.0,0.99,8,exponential
q_learning,sparse_seed4,sparse,4,4a77b6e251,1512,225,-1.2499999999999822,-8.75000000000002,0.05,0.15,0,out_of_energy,0,0,1,0,97,21,0,0,1,45,0.14208472289937837,6.886968425243808,0.0,0.0,0.99,8,exponential
q_learning,sparse_seed4,sparse,4,4a77b6e251,1513,225,-1.2499999999999822,-8.650000000000018,0.05,0.15,0,out_of_energy,0,0,1,0,113,7,0,0,1,50,0.08946324482127858,3.2282409575471385,0.0,0.0,0.99,8,exponential
q_learning,sparse_seed4,sparse,4,4a77b6e251,1514,225,-11.250000000000025,-8.650000000000018,0.05,0.15,0,out_of_energy,0,0,1,0,90,38,0,0,0,41,0.04350654785005133,0.41304043305372473,0.0,0.0,0.99,8,exponential
q_learning,sparse_seed4,sparse,4,4a77b6e251,1515,225,-1.2499999999999822,-8.550000000000018,0.05,0.15,0,out_of_energy,0,0,1,0,104,24,0,0,1,49,0.10643842167074068,3.9728434511120403,0.0,0.0,0.99,8,exponential
q_learning,sparse_seed4,sparse,4,4a77b6e251,1516,225,-1.2499999999999822,-8.450000000000019,0.05,0.15,0,out_of_energy,0,0,1,0,101,25,0,0,1,44,0.0974943604905789,4.352090076867209,0.0,0.0,0.99,8,exponential
q_learning,sparse_seed4,sparse,4,4a77b6e251,1517,225,-11.250000000000025,-8.450000000000017,0.05,0.15,0,out_of_energy,0,0,1,0,98,21,0,0,0,46,0.044220203669086924,0.35042813416458074,0.0,0.0,0.99,8,exponential
q_learning,sparse_seed4,sparse,4,4a77b6e251,1518,225,-1.2499999999999822,-8.350000000000017,0.05,0.15,0,out_of_energy,0,0,1,0,96,15,0,0,1,41,0.09728160541458196,3.292144440718536,0.0,0.0,0.99,8,exponential
q_learning,sparse_seed4,sparse,4,4a77b6e251,1519,225,-11.250000000000025,-8.350000000000016,0.05,0.15,0,out_of_energy,0,0,1,0,79,4,4,0,0,43,0.044839625733376146,0.4607152741199559,0.0,0.0,0.99,8,exponential
q_learning,sparse_seed4,sparse,4,4a77b6e251,1520,225,-11.250000000000025,-8.350000000000016,0.05,0.15,0,out_of_energy,0,0,1,0,109,10,0,0,0,48,0.044971277050881185,0.4230723871858506,0.0,0.0,0.99,8,exponential
q_learning,sparse_seed4,sparse,4,4a77b6e251,1521,225,-11.250000000000025,-8.350000000000016,0.05,0.15,0,out_of_energy,0,0,1,0,80,10,6,0,0,36,0.0443887028772798,0.4314004979761359,0.0,0.0,0.99,8,exponential
q_learning,sparse_seed4,sparse,4,4a77b6e251,1522,225,-11.250000000000025,-8.350000000000016,0.05,0.15,0,out_of_energy,0,0,1,0,91,35,0,0,0,45,0.046393064230968784,0.5220934449642771,0.0,0.0,0.99,8,exponential
q_learning,sparse_seed4,sparse,4,4a77b6e251,1523,225,-11.250000000000025,-8.350000000000016,0.05,0.15,0,out_of_energy,0,0,1,0,96,5,0,0,0,43,0.04225507146199064,0.21060262905264893,0.0,0.0,0.99,8,exponential
q_learning,sparse_seed4,sparse,4,4a77b6e251,1524,225,-11.250000000000025,-8.450000000000015,0.05,0.15,0,out_of_energy,0,0,1,0,86,42,0,0,0,37,0.04435357122741125,0.4159635961181856,0.0,0.0,0.99,8,exponential
q_learning,sparse_seed4,sparse,4,4a77b6e251,1525,225,-11.250000000000025,-8.450000000000015,0.05,0.15,0,out_of_energy,0,0,1,0,100,4,0,0,0,40,0.04594144816556345,0.42851106103890746,0.0,0.0,0.99,8,exponential
q_learning,sparse_seed4,sparse,4,4a77b6e251,1526,225,-11.250000000000025,-8.450000000000015,0.05,0.15,0,out_of_energy,0,0,1,0,104,21,0,0,0,45,0.0445779816677122,0.39609380357509266,0.0,0.0,0.99,8,exponential
q_learning,sparse_seed4,sparse,4,4a77b6e251,1527,225,-11.250000000000025,-8.450000000000015,0.05,0.15,0,out_of_energy,0,0,1,0,103,4,0,0,0,47,0.05620250176172486,1.797728246235094,0.0,0.0,0.99,8,exponential
q_learning,sparse_seed4,sparse,4,4a77b6e251,1528,225,-11.250000000000025,-8.450000000000015,0.05,0.15,0,out_of_energy,0,0,1,0,78,13,0,0,0,39,0.044314135877425366,0.5533961871067332,0.0,0.0,0.99,8,exponential
q_learning,sparse_seed4,sparse,4,4a77b6e251,1529,225,-11.250000000000025,-8.450000000000015,0.05,0.15,0,out_of_energy,0,0,1,0,84,1,0,0,0,42,0.04467232305566513,0.4197469826724161,0.0,0.0,0.99,8,exponential
q_learning,sparse_seed4,sparse,4,4a77b6e251,1530,225,-11.250000000000025,-8.450000000000015,0.05,0.15,0,out_of_energy,0,0,1,0,82,20,0,0,0,48,0.04489702479478862,0.4785650468376967,0.0,0.0,0.99,8,exponential
q_learning,sparse_seed4,sparse,4,4a77b6e251,1531,225,-11.250000000000025,-8.450000000000015,0.05,0.15,0,out_of_energy,0,0,1,0,87,8,0,0,0,55,0.04466198555560748,0.3950983942579501,0.0,0.0,0.99,8,exponential
q_learning,sparse_seed4,sparse,4,4a77b6e251,1532,225,-11.250000000000025,-8.450000000000015,0.05,0.15,0,out_of_energy,0,0,1,0,109,0,0,0,0,42,0.044238158397217904,0.40051280794911986,0.0,0.0,0.99,8,exponential
q_learning,sparse_seed4,sparse,4,4a77b6e251,1533,225,-11.250000000000025,-8.450000000000015,0.05,0.15,0,out_of_energy,0,0,1,0,80,4,0,0,0,42,0.04405799518586763,0.42981674138116205,0.0,0.0,0.99,8,exponential
q_learning,sparse_seed4,sparse,4,4a77b6e251,1534,225,-11.250000000000025,-8.550000000000017,0.05,0.15,0,out_of_energy,0,0,1,0,79,6,0,0,0,37,0.045583319910212784,0.4205904416283397,0.0,0.0,0.99,8,exponential
q_learning,sparse_seed4,sparse,4,4a77b6e251,1535,225,-11.250000000000025,-8.550000000000017,0.05,0.15,0,out_of_energy,0,0,1,0,88,4,3,0,0,43,0.04583818846453413,0.4236821390811857,0.0,0.0,0.99,8,exponential
q_learning,sparse_seed4,sparse,4,4a77b6e251,1536,225,-11.250000000000025,-8.650000000000016,0.05,0.15,0,out_of_energy,0,0,1,0,85,36,1,0,0,46,0.04594262179421588,0.4601001363215714,0.0,0.0,0.99,8,exponential
q_learning,sparse_seed4,sparse,4,4a77b6e251,1537,225,-11.250000000000025,-8.650000000000016,0.05,0.15,0,out_of_energy,0,0,1,0,96,17,0,0,0,34,0.04664540616293536,0.4929550740432683,0.0,0.0,0.99,8,exponential
q_learning,sparse_seed4,sparse,4,4a77b6e251,1538,225,-11.250000000000025,-8.650000000000016,0.05,0.15,0,out_of_energy,0,0,1,0,91,19,0,0,0,43,0.045485533773217825,0.4255106915835382,0.0,0.0,0.99,8,exponential
q_learning,sparse_seed4,sparse,4,4a77b6e251,1539,225,-11.250000000000025,-8.650000000000016,0.05,0.15,0,out_of_energy,0,0,1,0,106,1,0,0,0,62,0.046014761794474605,0.4245395502467138,0.0,0.0,0.99,8,exponential
q_learning,sparse_seed4,sparse,4,4a77b6e251,1540,225,-11.250000000000025,-8.650000000000016,0.05,0.15,0,out_of_energy,0,0,1,0,102,8,0,0,0,54,0.04428382837640386,0.3801044621035653,0.0,0.0,0.99,8,exponential
q_learning,sparse_seed4,sparse,4,4a77b6e251,1541,225,-11.250000000000025,-8.650000000000016,0.05,0.15,0,out_of_energy,0,0,1,0,97,18,0,0,0,46,0.043642266426538394,0.3730181678845362,0.0,0.0,0.99,8,exponential
q_learning,sparse_seed4,sparse,4,4a77b6e251,1542,225,-11.250000000000025,-8.650000000000016,0.05,0.15,0,out_of_energy,0,0,1,0,107,5,0,0,0,45,0.04412786729723237,0.42742238272419275,0.0,0.0,0.99,8,exponential
q_learning,sparse_seed4,sparse,4,4a77b6e251,1543,225,-11.250000000000025,-8.650000000000016,0.05,0.15,0,out_of_energy,0,0,1,0,110,7,0,0,0,42,0.042650419759407414,0.2827290511099036,0.0,0.0,0.99,8,exponential
q_learning,sparse_seed4,sparse,4,4a77b6e251,1544,225,-11.250000000000025,-8.750000000000018,0.05,0.15,0,out_of_energy,0,0,1,0,95,10,0,0,0,47,0.044327699642666404,0.415714013826035,0.0,0.0,0.99,8,exponential
q_learning,sparse_seed4,sparse,4,4a77b6e251,1545,225,-11.250000000000025,-8.750000000000018,0.05,0.15,0,out_of_energy,0,0,1,0,104,42,0,0,0,41,0.04324658111580082,0.41167607657745214,0.0,0.0,0.99,8,exponential
q_learning,sparse_seed4,sparse,4,4a77b6e251,1546,225,-11.250000000000025,-8.750000000000018,0.05,0.15,0,out_of_energy,0,0,1,0,111,18,0,0,0,50,0.04510417772321452,0.41033215076966084,0.0,0.0,0.99,8,exponential
q_learning,sparse_seed4,sparse,4,4a77b6e251,1547,225,-11.250000000000025,-8.750000000000018,0.05,0.15,0,out_of_energy,0,0,1,0,83,20,0,0,0,46,0.044642698166009624,0.44587802651244995,0.0,0.0,0.99,8,exponential
q_learning,sparse_seed4,sparse,4,4a77b6e251,1548,225,-11.250000000000025,-8.750000000000018,0.05,0.15,0,out_of_energy,0,0,1,0,92,18,0,0,0,39,0.04518662638661247,0.46383305202544883,0.0,0.0,0.99,8,exponential
q_learning,sparse_seed4,sparse,4,4a77b6e251,1549,225,-1.2499999999999998,-8.750000000000018,0.05,0.15,0,out_of_energy,0,0,1,0,88,10,0,0,1,48,0.08098928806554113,2.3742305365174614,0.0,0.0,0.99,8,exponential
q_learning,sparse_seed4,sparse,4,4a77b6e251,1550,225,-11.250000000000025,-8.750000000000018,0.05,0.15,0,out_of_energy,0,0,1,0,106,8,0,0,0,49,0.04529628072722621,0.40325865173686964,0.0,0.0,0.99,8,exponential
q_learning,sparse_seed4,sparse,4,4a77b6e251,1551,225,-11.250000000000025,-8.750000000000018,0.05,0.15,0,out_of_energy,0,0,1,0,101,11,0,0,0,34,0.04209145213556701,0.3485398338895667,0.0,0.0,0.99,8,exponential
q_learning,sparse_seed4,sparse,4,4a77b6e251,1552,225,-1.2500000000000249,-8.650000000000016,0.05,0.15,0,out_of_energy,0,0,1,0,107,10,0,0,1,50,0.08260176437452697,2.743862626152689,0.0,0.0,0.99,8,exponential
q_learning,sparse_seed4,sparse,4,4a77b6e251,1553,225,-11.250000000000025,-8.650000000000016,0.05,0.15,0,out_of_energy,0,0,1,0,86,16,0,0,0,37,0.044044028293608366,0.4093592935579382,0.0,0.0,0.99,8,exponential
q_learning,sparse_seed4,sparse,4,4a77b6e251,1554,225,-11.250000000000025,-8.650000000000016,0.05,0.15,0,out_of_energy,0,0,1,0,90,2,0,0,0,42,0.044281605395510876,0.4051360013448857,0.0,0.0,0.99,8,exponential
q_learning,sparse_seed4,sparse,4,4a77b6e251,1555,225,-11.250000000000025,-8.650000000000016,0.05,0.15,0,out_of_energy,0,0,1,0,98,14,0,0,0,45,0.043446100843648,0.39208646768899114,0.0,0.0,0.99,8,exponential
q_learning,sparse_seed4,sparse,4,4a77b6e251,1556,225,-11.250000000000025,-8.650000000000016,0.05,0.15,0,out_of_energy,0,0,1,0,84,3,0,0,0,52,0.044693448542723314,0.41094383323142075,0.0,0.0,0.99,8,exponential
q_learning,sparse_seed4,sparse,4,4a77b6e251,1557,225,-11.250000000000025,-8.650000000000016,0.05,0.15,0,out_of_energy,0,0,1,0,99,18,0,0,0,45,0.044091991856098446,0.3695098352338983,0.0,0.0,0.99,8,exponential
q_learning,sparse_seed4,sparse,4,4a77b6e251,1558,225,-11.250000000000025,-8.650000000000016,0.05,0.15,0,out_of_energy,0,0,1,0,84,14,0,0,0,40,0.043511476395729644,0.4334517977203127,0.0,0.0,0.99,8,exponential
q_learning,sparse_seed4,sparse,4,4a77b6e251,1559,225,-11.250000000000025,-8.650000000000016,0.05,0.15,0,out_of_energy,0,0,1,0,96,12,0,0,0,50,0.043722361294388855,0.37712753869301646,0.0,0.0,0.99,8,exponential
q_learning,sparse_seed4,sparse,4,4a77b6e251,1560,225,-11.250000000000025,-8.650000000000016,0.05,0.15,0,out_of_energy,0,0,1,0,101,18,0,0,0,48,0.04439714213350469,0.351885633367972,0.0,0.0,0.99,8,exponential
q_learning,sparse_seed4,sparse,4,4a77b6e251,1561,225,-11.250000000000025,-8.650000000000016,0.05,0.15,0,out_of_energy,0,0,1,0,98,13,0,0,0,49,0.04385121494297574,0.38716688953763606,0.0,0.0,0.99,8,exponential
q_learning,sparse_seed4,sparse,4,4a77b6e251,1562,225,-11.250000000000025,-8.650000000000016,0.05,0.15,0,out_of_energy,0,0,1,0,102,10,0,0,0,34,0.04379735455857568,0.4398238421942003,0.0,0.0,0.99,8,exponential
q_learning,sparse_seed4,sparse,4,4a77b6e251,1563,225,-11.250000000000025,-8.650000000000016,0.05,0.15,0,out_of_energy,0,0,1,0,91,4,0,0,0,52,0.04573736280527513,0.4224912217853702,0.0,0.0,0.99,8,exponential
q_learning,sparse_seed4,sparse,4,4a77b6e251,1564,225,-11.250000000000025,-8.650000000000016,0.05,0.15,0,out_of_energy,0,0,1,0,88,29,0,0,0,38,0.04394706789289032,0.4069630215181229,0.0,0.0,0.99,8,exponential
q_learning,sparse_seed4,sparse,4,4a77b6e251,1565,225,-11.250000000000025,-8.650000000000016,0.05,0.15,0,out_of_energy,0,0,1,0,87,16,1,0,0,40,0.04736135792787391,0.509631457641214,0.0,0.0,0.99,8,exponential
q_learning,sparse_seed4,sparse,4,4a77b6e251,1566,225,-11.250000000000025,-8.650000000000016,0.05,0.15,0,out_of_energy,0,0,1,0,87,26,0,0,0,44,0.04668937677744449,0.5100428331808519,0.0,0.0,0.99,8,exponential
q_learning,sparse_seed4,sparse,4,4a77b6e251,1567,225,-11.250000000000025,-8.650000000000016,0.05,0.15,0,out_of_energy,0,0,1,0,86,15,1,0,0,60,0.04575610488619295,0.5728296979518607,0.0,0.0,0.99,8,exponential
q_learning,sparse_seed4,sparse,4,4a77b6e251,1568,225,-11.250000000000025,-8.650000000000016,0.05,0.15,0,out_of_energy,0,0,1,0,79,5,5,0,0,45,0.047058646170934824,0.546036624289546,0.0,0.0,0.99,8,exponential
q_learning,sparse_seed4,sparse,4,4a77b6e251,1569,225,-11.250000000000025,-8.650000000000016,0.05,0.15,0,out_of_energy,0,0,1,0,94,28,0,0,0,44,0.04291954447922275,0.38710337343863366,0.0,0.0,0.99,8,exponential
q_learning,sparse_seed4,sparse,4,4a77b6e251,1570,225,-11.250000000000025,-8.650000000000016,0.05,0.15,0,out_of_energy,0,0,1,0,93,6,0,0,0,48,0.046059332043354356,0.4537887892310429,0.0,0.0,0.99,8,exponential
q_learning,sparse_seed4,sparse,4,4a77b6e251,1571,225,-11.250000000000025,-8.650000000000016,0.05,0.15,0,out_of_energy,0,0,1,0,90,28,0,0,0,45,0.04589182190242489,0.44006696179860316,0.0,0.0,0.99,8,exponential
q_learning,sparse_seed4,sparse,4,4a77b6e251,1572,225,-11.250000000000025,-8.650000000000016,0.05,0.15,0,out_of_energy,0,0,1,0,88,21,2,0,0,36,0.045340954709051855,0.4333871487134928,0.0,0.0,0.99,8,exponential
q_learning,sparse_seed4,sparse,4,4a77b6e251,1573,225,-11.250000000000025,-8.650000000000016,0.05,0.15,0,out_of_energy,0,0,1,0,78,20,1,0,0,40,0.04499807342967104,0.4274066079683612,0.0,0.0,0.99,8,exponential
q_learning,sparse_seed4,sparse,4,4a77b6e251,1574,225,-11.250000000000025,-8.650000000000016,0.05,0.15,0,out_of_energy,0,0,1,0,95,27,4,0,0,39,0.04420350868957045,0.4145347008619386,0.0,0.0,0.99,8,exponential
q_learning,sparse_seed4,sparse,4,4a77b6e251,1575,225,-11.250000000000025,-8.650000000000016,0.05,0.15,0,out_of_energy,0,0,1,0,100,16,0,0,0,46,0.04489685302716121,0.39004507009119727,0.0,0.0,0.99,8,exponential
q_learning,sparse_seed4,sparse,4,4a77b6e251,1576,225,-11.250000000000025,-8.650000000000016,0.05,0.15,0,out_of_energy,0,0,1,0,88,1,0,0,0,50,0.04636111720101147,0.533026185161848,0.0,0.0,0.99,8,exponential
q_learning,sparse_seed4,sparse,4,4a77b6e251,1577,225,-11.250000000000025,-8.650000000000016,0.05,0.15,0,out_of_energy,0,0,1,0,100,24,0,0,0,51,0.04518806620898348,0.3624515051342779,0.0,0.0,0.99,8,exponential
q_learning,sparse_seed4,sparse,4,4a77b6e251,1578,225,-11.250000000000025,-8.750000000000016,0.05,0.15,0,out_of_energy,0,0,1,0,91,8,0,0,0,38,0.04519687890488285,0.4188416395650014,0.0,0.0,0.99,8,exponential
q_learning,sparse_seed4,sparse,4,4a77b6e251,1579,225,-11.250000000000025,-8.750000000000016,0.05,0.15,0,out_of_energy,0,0,1,0,96,8,0,0,0,47,0.04546714525945593,0.42156015490116155,0.0,0.0,0.99,8,exponential
q_learning,sparse_seed4,sparse,4,4a77b6e251,1580,225,-11.250000000000025,-8.850000000000017,0.05,0.15,0,out_of_energy,0,0,1,0,103,11,0,0,0,47,0.04636167675396678,0.5280873262267112,0.0,0.0,0.99,8,exponential
q_learning,sparse_seed4,sparse,4,4a77b6e251,1581,225,-11.250000000000025,-8.850000000000017,0.05,0.15,0,out_of_energy,0,0,1,0,95,3,0,0,0,45,0.04536727803777952,0.4493417193596703,0.0,0.0,0.99,8,exponential
q_learning,sparse_seed4,sparse,4,4a77b6e251,1582,225,-11.250000000000025,-8.950000000000019,0.05,0.15,0,out_of_energy,0,0,1,0,95,13,0,0,0,56,0.04457701807933417,0.4137764064153217,0.0,0.0,0.99,8,exponential
q_learning,sparse_seed4,sparse,4,4a77b6e251,1583,225,-11.250000000000025,-8.950000000000017,0.05,0.15,0,out_of_energy,0,0,1,0,87,6,0,0,0,39,0.043930354888772456,0.4122616450864101,0.0,0.0,0.99,8,exponential
q_learning,sparse_seed4,sparse,4,4a77b6e251,1584,225,-11.250000000000025,-9.050000000000018,0.05,0.15,0,out_of_energy,0,0,1,0,108,22,0,0,0,39,0.044051787256361725,0.46267361068085305,0.0,0.0,0.99,8,exponential
q_learning,sparse_seed4,sparse,4,4a77b6e251,1585,225,-11.250000000000025,-9.150000000000018,0.05,0.15,0,out_of_energy,0,0,1,0,92,16,0,0,0,50,0.046893274085401296,0.5360425581250408,0.0,0.0,0.99,8,exponential
q_learning,sparse_seed4,sparse,4,4a77b6e251,1586,225,-11.250000000000025,-9.250000000000018,0.05,0.15,0,out_of_energy,0,0,1,0,105,6,0,0,0,49,0.04378331831791548,0.4127755650560389,0.0,0.0,0.99,8,exponential
q_learning,sparse_seed4,sparse,4,4a77b6e251,1587,225,-11.250000000000025,-9.250000000000018,0.05,0.15,0,out_of_energy,0,0,1,0,96,1,0,0,0,42,0.04425446226925945,0.3932725690787251,0.0,0.0,0.99,8,exponential
q_learning,sparse_seed4,sparse,4,4a77b6e251,1588,225,-11.250000000000025,-9.350000000000017,0.05,0.15,0,out_of_energy,0,0,1,0,85,18,3,0,0,46,0.04578657533457993,0.4498959003186441,0.0,0.0,0.99,8,exponential
q_learning,sparse_seed4,sparse,4,4a77b6e251,1589,225,-11.250000000000025,-9.450000000000019,0.05,0.15,0,out_of_energy,0,0,1,0,97,1,0,0,0,47,0.04406039322720682,0.3862823950143889,0.0,0.0,0.99,8,exponential
q_learning,sparse_seed4,sparse,4,4a77b6e251,1590,225,-1.2500000000000098,-9.450000000000019,0.05,0.15,0,out_of_energy,0,0,1,0,101,9,0,0,1,45,0.0826451629876567,2.7254789895596625,0.0,0.0,0.99,8,exponential
q_learning,sparse_seed4,sparse,4,4a77b6e251,1591,225,-11.250000000000025,-9.45000000000002,0.05,0.15,0,out_of_energy,0,0,1,0,97,2,0,0,0,49,0.04349537183086148,0.43804710576573236,0.0,0.0,0.99,8,exponential
q_learning,sparse_seed4,sparse,4,4a77b6e251,1592,225,-11.250000000000025,-9.55000000000002,0.05,0.15,0,out_of_energy,0,0,1,0,101,12,0,0,0,48,0.04371275254002663,0.40457514323555893,0.0,0.0,0.99,8,exponential
q_learning,sparse_seed4,sparse,4,4a77b6e251,1593,225,-11.250000000000025,-9.65000000000002,0.05,0.15,0,out_of_energy,0,0,1,0,89,5,0,0,0,44,0.04428065032922603,0.41531815084914275,0.0,0.0,0.99,8,exponential
q_learning,sparse_seed4,sparse,4,4a77b6e251,1594,225,-11.250000000000025,-9.65000000000002,0.05,0.15,0,out_of_energy,0,0,1,0,81,19,1,0,0,42,0.04382191203619052,0.39987413411967576,0.0,0.0,0.99,8,exponential
q_learning,sparse_seed4,sparse,4,4a77b6e251,1595,225,-11.250000000000025,-9.65000000000002,0.05,0.15,0,out_of_energy,0,0,1,0,102,2,0,0,0,43,0.044674620898386176,0.44179214178907295,0.0,0.0,0.99,8,exponential
q_learning,sparse_seed4,sparse,4,4a77b6e251,1596,225,-11.250000000000025,-9.65000000000002,0.05,0.15,0,out_of_energy,0,0,1,0,84,22,0,0,0,39,0.04379957703778451,0.4353161858164355,0.0,0.0,0.99,8,exponential
q_learning,sparse_seed4,sparse,4,4a77b6e251,1597,225,-11.250000000000025,-9.750000000000021,0.05,0.15,0,out_of_energy,0,0,1,0,93,4,0,0,0,54,0.043969672157278115,0.4479911489005443,0.0,0.0,0.99,8,exponential
q_learning,sparse_seed4,sparse,4,4a77b6e251,1598,225,-11.250000000000025,-9.750000000000021,0.05,0.15,0,out_of_energy,0,0,1,0,118,19,0,0,0,42,0.04357677033233537,0.416541899882364,0.0,0.0,0.99,8,exponential
q_learning,sparse_seed4,sparse,4,4a77b6e251,1599,225,-11.250000000000025,-9.850000000000021,0.05,0.15,0,out_of_energy,0,0,1,0,89,20,1,0,0,46,0.0445289267809207,0.4004795357499489,0.0,0.0,0.99,8,exponential
q_learning,sparse_seed4,sparse,4,4a77b6e251,1600,225,-11.250000000000025,-9.850000000000021,0.05,0.15,0,out_of_energy,0,0,1,0,91,7,0,0,0,56,0.0447221216281496,0.45239198996467395,0.0,0.0,0.99,8,exponential
q_learning,sparse_seed4,sparse,4,4a77b6e251,1601,225,-11.250000000000025,-9.850000000000021,0.05,0.15,0,out_of_energy,0,0,1,0,102,25,0,0,0,45,0.04583765177551784,0.5395306420652743,0.0,0.0,0.99,8,exponential
q_learning,sparse_seed4,sparse,4,4a77b6e251,1602,225,-11.250000000000025,-9.95000000000002,0.05,0.15,0,out_of_energy,0,0,1,0,101,27,1,0,0,46,0.0467217927262092,0.5129836867794757,0.0,0.0,0.99,8,exponential
q_learning,sparse_seed4,sparse,4,4a77b6e251,1603,225,-11.250000000000025,-10.050000000000022,0.05,0.15,0,out_of_energy,0,0,1,0,105,20,6,0,0,58,0.04689608404986456,0.5421542284730503,0.0,0.0,0.99,8,exponential
q_learning,sparse_seed4,sparse,4,4a77b6e251,1604,225,-11.250000000000025,-10.050000000000022,0.05,0.15,0,out_of_energy,0,0,1,0,88,7,2,0,0,55,0.04427393249607666,0.4501615561294553,0.0,0.0,0.99,8,exponential
q_learning,sparse_seed4,sparse,4,4a77b6e251,1605,225,-11.250000000000025,-10.150000000000023,0.05,0.15,0,out_of_energy,0,0,1,0,97,23,0,0,0,47,0.04315582395731144,0.4394557529959883,0.0,0.0,0.99,8,exponential
q_learning,sparse_seed4,sparse,4,4a77b6e251,1606,225,-11.250000000000025,-10.250000000000023,0.05,0.15,0,out_of_energy,0,0,1,0,101,4,2,0,0,43,0.04549243706988089,0.4592381561810241,0.0,0.0,0.99,8,exponential
q_learning,sparse_seed4,sparse,4,4a77b6e251,1607,225,-11.250000000000025,-10.250000000000023,0.05,0.15,0,out_of_energy,0,0,1,0,76,19,4,0,0,40,0.04682227754342077,0.5377967170003881,0.0,0.0,0.99,8,exponential
q_learning,sparse_seed4,sparse,4,4a77b6e251,1608,225,-11.250000000000025,-10.250000000000023,0.05,0.15,0,out_of_energy,0,0,1,0,92,11,0,0,0,48,0.04371155319216012,0.41718218722268136,0.0,0.0,0.99,8,exponential
q_learning,sparse_seed4,sparse,4,4a77b6e251,1609,225,-11.250000000000025,-10.350000000000023,0.05,0.15,0,out_of_energy,0,0,1,0,105,12,0,0,0,47,0.04401364331359674,0.40389331646338966,0.0,0.0,0.99,8,exponential
q_learning,sparse_seed4,sparse,4,4a77b6e251,1610,225,-11.250000000000025,-10.350000000000023,0.05,0.15,0,out_of_energy,0,0,1,0,110,15,0,0,0,49,0.04398160701519626,0.4543264142989219,0.0,0.0,0.99,8,exponential
q_learning,sparse_seed4,sparse,4,4a77b6e251,1611,225,-11.250000000000025,-10.450000000000022,0.05,0.15,0,out_of_energy,0,0,1,0,93,8,0,0,0,54,0.04620583025969592,0.43916869416788773,0.0,0.0,0.99,8,exponential
q_learning,sparse_seed4,sparse,4,4a77b6e251,1612,225,-11.250000000000025,-10.550000000000022,0.05,0.15,0,out_of_energy,0,0,1,0,98,24,0,0,0,40,0.04648297278317072,0.5227978826333333,0.0,0.0,0.99,8,exponential
q_learning,sparse_seed4,sparse,4,4a77b6e251,1613,225,-11.250000000000025,-10.650000000000023,0.05,0.15,0,out_of_energy,0,0,1,0,95,30,1,0,0,49,0.046562711740757566,0.49607043756320723,0.0,0.0,0.99,8,exponential
q_learning,sparse_seed4,sparse,4,4a77b6e251,1614,225,-11.250000000000025,-10.650000000000025,0.05,0.15,0,out_of_energy,0,0,1,0,87,3,0,0,0,50,0.04673657125554611,0.46505889063920014,0.0,0.0,0.99,8,exponential
q_learning,sparse_seed4,sparse,4,4a77b6e251,1615,225,-11.250000000000025,-10.750000000000023,0.05,0.15,0,out_of_energy,0,0,1,0,82,5,0,0,0,45,0.043407699240763827,0.43210513945415086,0.0,0.0,0.99,8,exponential
q_learning,sparse_seed4,sparse,4,4a77b6e251,1616,225,-11.250000000000025,-10.850000000000025,0.05,0.15,0,out_of_energy,0,0,1,0,102,13,0,0,0,56,0.04392390024822518,0.42800924036501997,0.0,0.0,0.99,8,exponential
q_learning,sparse_seed4,sparse,4,4a77b6e251,1617,225,-11.250000000000025,-10.850000000000025,0.05,0.15,0,out_of_energy,0,0,1,0,86,18,8,0,0,42,0.04611116666634703,0.44247608502833974,0.0,0.0,0.99,8,exponential
q_learning,sparse_seed4,sparse,4,4a77b6e251,1618,225,-11.250000000000025,-10.950000000000024,0.05,0.15,0,out_of_energy,0,0,1,0,106,27,0,0,0,43,0.04247538761482346,0.34682797738374244,0.0,0.0,0.99,8,exponential
q_learning,sparse_seed4,sparse,4,4a77b6e251,1619,225,-11.250000000000025,-10.950000000000024,0.05,0.15,0,out_of_energy,0,0,1,0,90,11,1,0,0,40,0.04370753363863015,0.4233828660724328,0.0,0.0,0.99,8,exponential
q_learning,sparse_seed4,sparse,4,4a77b6e251,1620,225,-11.250000000000025,-10.950000000000024,0.05,0.15,0,out_of_energy,0,0,1,0,88,12,0,0,0,42,0.04389661910558061,0.44040063280664754,0.0,0.0,0.99,8,exponential
q_learning,sparse_seed4,sparse,4,4a77b6e251,1621,225,-11.250000000000025,-10.950000000000024,0.05,0.15,0,out_of_energy,0,0,1,0,89,26,2,0,0,50,0.04492123792741187,0.43902862847441104,0.0,0.0,0.99,8,exponential
q_learning,sparse_seed4,sparse,4,4a77b6e251,1622,225,-11.250000000000025,-10.950000000000024,0.05,0.15,0,out_of_energy,0,0,1,0,88,15,0,0,0,47,0.043230796614980777,0.39083821671740976,0.0,0.0,0.99,8,exponential
q_learning,sparse_seed4,sparse,4,4a77b6e251,1623,225,-1.2499999999999898,-10.850000000000025,0.05,0.15,0,out_of_energy,0,0,1,0,96,12,0,0,1,45,0.11025322536944253,5.224884184329559,0.0,0.0,0.99,8,exponential
q_learning,sparse_seed4,sparse,4,4a77b6e251,1624,225,-11.250000000000025,-10.850000000000025,0.05,0.15,0,out_of_energy,0,0,1,0,96,20,0,0,0,38,0.04640166724408505,0.5447096850422511,0.0,0.0,0.99,8,exponential
q_learning,sparse_seed4,sparse,4,4a77b6e251,1625,225,-11.250000000000025,-10.850000000000025,0.05,0.15,0,out_of_energy,0,0,1,0,90,31,0,0,0,41,0.04603184425430663,0.4835250808806656,0.0,0.0,0.99,8,exponential
q_learning,sparse_seed4,sparse,4,4a77b6e251,1626,225,-11.250000000000025,-10.850000000000025,0.05,0.15,0,out_of_energy,0,0,1,0,83,8,3,0,0,44,0.04437570172451727,0.4322239711461331,0.0,0.0,0.99,8,exponential
q_learning,sparse_seed4,sparse,4,4a77b6e251,1627,225,-1.2500000000000078,-10.750000000000025,0.05,0.15,0,out_of_energy,0,0,1,0,104,13,0,0,1,44,0.08078805642597638,2.3990182278081837,0.0,0.0,0.99,8,exponential
q_learning,sparse_seed4,sparse,4,4a77b6e251,1628,225,-11.250000000000025,-10.750000000000025,0.05,0.15,0,out_of_energy,0,0,1,0,97,12,0,0,0,39,0.04244329731398841,0.24972549791433668,0.0,0.0,0.99,8,exponential
q_learning,sparse_seed4,sparse,4,4a77b6e251,1629,225,-11.250000000000025,-10.750000000000025,0.05,0.15,0,out_of_energy,0,0,1,0,94,22,1,0,0,39,0.04731114280179773,0.4942929598354821,0.0,0.0,0.99,8,exponential
q_learning,sparse_seed4,sparse,4,4a77b6e251,1630,225,-11.250000000000025,-10.750000000000025,0.05,0.15,0,out_of_energy,0,0,1,0,95,19,0,0,0,35,0.04210273146632981,0.3869270305467471,0.0,0.0,0.99,8,exponential
q_learning,sparse_seed4,sparse,4,4a77b6e251,1631,225,-11.250000000000025,-10.750000000000025,0.05,0.15,0,out_of_energy,0,0,1,0,83,25,3,0,0,39,0.046738143973545414,0.5604678130248385,0.0,0.0,0.99,8,exponential
q_learning,sparse_seed4,sparse,4,4a77b6e251,1632,225,-11.250000000000025,-10.750000000000025,0.05,0.15,0,out_of_energy,0,0,1,0,106,16,0,0,0,37,0.04328082626386932,0.4366902378094797,0.0,0.0,0.99,8,exponential
q_learning,sparse_seed4,sparse,4,4a77b6e251,1633,225,-11.250000000000025,-10.750000000000025,0.05,0.15,0,out_of_energy,0,0,1,0,100,1,0,0,0,49,0.044976589423312216,0.4515897361197901,0.0,0.0,0.99,8,exponential
q_learning,sparse_seed4,sparse,4,4a77b6e251,1634,225,-11.250000000000025,-10.750000000000025,0.05,0.15,0,out_of_energy,0,0,1,0,94,2,0,0,0,39,0.04408390443844731,0.4565109144617661,0.0,0.0,0.99,8,exponential
q_learning,sparse_seed4,sparse,4,4a77b6e251,1635,225,-11.250000000000025,-10.750000000000025,0.05,0.15,0,out_of_energy,0,0,1,0,94,9,0,0,0,40,0.04414130839113677,0.4523375062198482,0.0,0.0,0.99,8,exponential
q_learning,sparse_seed4,sparse,4,4a77b6e251,1636,225,-11.250000000000025,-10.750000000000025,0.05,0.15,0,out_of_energy,0,0,1,0,86,4,3,0,0,44,0.045276572621087856,0.4431252791305273,0.0,0.0,0.99,8,exponential
q_learning,sparse_seed4,sparse,4,4a77b6e251,1637,225,-11.250000000000025,-10.750000000000025,0.05,0.15,0,out_of_energy,0,0,1,0,109,21,0,0,0,39,0.04549641152921509,0.5725992581308533,0.0,0.0,0.99,8,exponential
q_learning,sparse_seed4,sparse,4,4a77b6e251,1638,225,-11.250000000000025,-10.750000000000025,0.05,0.15,0,out_of_energy,0,0,1,0,85,8,0,0,0,50,0.04492332853961211,0.458560324041215,0.0,0.0,0.99,8,exponential
q_learning,sparse_seed4,sparse,4,4a77b6e251,1639,225,-11.250000000000025,-10.750000000000025,0.05,0.15,0,out_of_energy,0,0,1,0,105,1,0,0,0,48,0.04494298376681766,0.4486498173979424,0.0,0.0,0.99,8,exponential
q_learning,sparse_seed4,sparse,4,4a77b6e251,1640,225,-11.250000000000025,-10.750000000000025,0.05,0.15,0,out_of_energy,0,0,1,0,85,11,7,0,0,59,0.045010084692265355,0.4532689254603531,0.0,0.0,0.99,8,exponential
q_learning,sparse_seed4,sparse,4,4a77b6e251,1641,225,-11.250000000000025,-10.750000000000025,0.05,0.15,0,out_of_energy,0,0,1,0,107,15,0,0,0,41,0.044688560004323315,0.41851730268788634,0.0,0.0,0.99,8,exponential
q_learning,sparse_seed4,sparse,4,4a77b6e251,1642,225,-11.250000000000025,-10.750000000000025,0.05,0.15,0,out_of_energy,0,0,1,0,88,22,3,0,0,45,0.0444566456578181,0.45419910910493816,0.0,0.0,0.99,8,exponential
q_learning,sparse_seed4,sparse,4,4a77b6e251,1643,225,-11.250000000000025,-10.750000000000025,0.05,0.15,0,out_of_energy,0,0,1,0,95,15,0,0,0,43,0.043275169444907884,0.39909349307436826,0.0,0.0,0.99,8,exponential
q_learning,sparse_seed4,sparse,4,4a77b6e251,1644,225,-1.2500000000000229,-10.650000000000025,0.05,0.15,0,out_of_energy,0,0,1,0,82,10,0,0,1,44,0.0830503660462534,3.0492549277272056,0.0,0.0,0.99,8,exponential
q_learning,sparse_seed4,sparse,4,4a77b6e251,1645,225,-11.250000000000025,-10.650000000000025,0.05,0.15,0,out_of_energy,0,0,1,0,89,3,5,0,0,47,0.045721549715978214,0.5672244857561126,0.0,0.0,0.99,8,exponential
q_learning,sparse_seed4,sparse,4,4a77b6e251,1646,225,-11.250000000000025,-10.650000000000025,0.05,0.15,0,out_of_energy,0,0,1,0,99,3,1,0,0,51,0.044052621995071456,0.42398444264409335,0.0,0.0,0.99,8,exponential
q_learning,sparse_seed4,sparse,4,4a77b6e251,1647,225,-11.250000000000025,-10.650000000000025,0.05,0.15,0,out_of_energy,0,0,1,0,97,6,0,0,0,45,0.04184675659705877,0.29787280827881724,0.0,0.0,0.99,8,exponential
q_learning,sparse_seed4,sparse,4,4a77b6e251,1648,225,-11.250000000000025,-10.650000000000025,0.05,0.15,0,out_of_energy,0,0,1,0,103,19,0,0,0,42,0.0436349335842262,0.4550331967976547,0.0,0.0,0.99,8,exponential
q_learning,sparse_seed4,sparse,4,4a77b6e251,1649,225,-11.250000000000025,-10.750000000000025,0.05,0.15,0,out_of_energy,0,0,1,0,100,16,0,0,0,48,0.053471906567971024,0.6250275293156108,0.0,0.0,0.99,8,exponential
q_learning,sparse_seed4,sparse,4,4a77b6e251,1650,225,-11.250000000000025,-10.750000000000025,0.05,0.15,0,out_of_energy,0,0,1,0,98,9,0,0,0,46,0.044131923645823155,0.4329040956690978,0.0,0.0,0.99,8,exponential
q_learning,sparse_seed4,sparse,4,4a77b6e251,1651,225,-11.250000000000025,-10.750000000000025,0.05,0.15,0,out_of_energy,0,0,1,0,98,24,0,0,0,49,0.043823550550497935,0.4365153154413909,0.0,0.0,0.99,8,exponential
q_learning,sparse_seed4,sparse,4,4a77b6e251,1652,225,-11.250000000000025,-10.850000000000023,0.05,0.15,0,out_of_energy,0,0,1,0,106,8,0,0,0,47,0.0434652580246734,0.27927566022023165,0.0,0.0,0.99,8,exponential
q_learning,sparse_seed4,sparse,4,4a77b6e251,1653,225,-11.250000000000025,-10.850000000000023,0.05,0.15,0,out_of_energy,0,0,1,0,87,4,0,0,0,55,0.0436843424602468,0.4518261697745663,0.0,0.0,0.99,8,exponential
q_learning,sparse_seed4,sparse,4,4a77b6e251,1654,225,-11.250000000000025,-10.850000000000023,0.05,0.15,0,out_of_energy,0,0,1,0,106,17,0,0,0,54,0.043106355769545114,0.40898491130763903,0.0,0.0,0.99,8,exponential
q_learning,sparse_seed4,sparse,4,4a77b6e251,1655,225,-11.250000000000025,-10.850000000000025,0.05,0.15,0,out_of_energy,0,0,1,0,95,27,1,0,0,50,0.04394810375648521,0.44491750500282146,0.0,0.0,0.99,8,exponential
q_learning,sparse_seed4,sparse,4,4a77b6e251,1656,225,-11.250000000000025,-10.850000000000023,0.05,0.15,0,out_of_energy,0,0,1,0,102,17,0,0,0,40,0.04487679221730224,0.4455295289670519,0.0,0.0,0.99,8,exponential
q_learning,sparse_seed4,sparse,4,4a77b6e251,1657,225,-11.250000000000025,-10.850000000000023,0.05,0.15,0,out_of_energy,0,0,1,0,101,14,0,0,0,47,0.04277613085502487,0.38441071023385637,0.0,0.0,0.99,8,exponential
q_learning,sparse_seed4,sparse,4,4a77b6e251,1658,225,-11.250000000000025,-10.850000000000023,0.05,0.15,0,out_of_energy,0,0,1,0,90,23,0,0,0,40,0.04274280288108422,0.4525430982598801,0.0,0.0,0.99,8,exponential
q_learning,sparse_seed4,sparse,4,4a77b6e251,1659,225,-11.250000000000025,-10.850000000000025,0.05,0.15,0,out_of_energy,0,0,1,0,108,8,0,0,0,40,0.042765042156289165,0.37641072386379654,0.0,0.0,0.99,8,exponential
q_learning,sparse_seed4,sparse,4,4a77b6e251,1660,225,-11.250000000000025,-10.850000000000023,0.05,0.15,0,out_of_energy,0,0,1,0,92,21,0,0,0,47,0.04415731993778872,0.4571266448287821,0.0,0.0,0.99,8,exponential
q_learning,sparse_seed4,sparse,4,4a77b6e251,1661,225,-11.250000000000025,-10.850000000000023,0.05,0.15,0,out_of_energy,0,0,1,0,108,17,0,0,0,44,0.044419743148915725,0.4515376272340215,0.0,0.0,0.99,8,exponential
q_learning,sparse_seed4,sparse,4,4a77b6e251,1662,225,-11.250000000000025,-10.850000000000023,0.05,0.15,0,out_of_energy,0,0,1,0,115,14,0,0,0,47,0.045717121046216565,0.5225667227574541,0.0,0.0,0.99,8,exponential
q_learning,sparse_seed4,sparse,4,4a77b6e251,1663,225,-11.250000000000025,-10.850000000000025,0.05,0.15,0,out_of_energy,0,0,1,0,84,5,0,0,0,49,0.043689546445097704,0.4421003094738388,0.0,0.0,0.99,8,exponential
q_learning,sparse_seed4,sparse,4,4a77b6e251,1664,225,-11.250000000000025,-10.850000000000023,0.05,0.15,0,out_of_energy,0,0,1,0,98,8,0,0,0,46,0.04248647503721757,0.3020094601290321,0.0,0.0,0.99,8,exponential
q_learning,sparse_seed4,sparse,4,4a77b6e251,1665,225,-11.250000000000025,-10.850000000000023,0.05,0.15,0,out_of_energy,0,0,1,0,110,13,0,0,0,50,0.044669852240954516,0.39749528826518365,0.0,0.0,0.99,8,exponential
q_learning,sparse_seed4,sparse,4,4a77b6e251,1666,225,-11.250000000000025,-10.850000000000023,0.05,0.15,0,out_of_energy,0,0,1,0,107,11,0,0,0,39,0.043236204194722495,0.44659610597655824,0.0,0.0,0.99,8,exponential
q_learning,sparse_seed4,sparse,4,4a77b6e251,1667,225,-11.250000000000025,-10.850000000000025,0.05,0.15,0,out_of_energy,0,0,1,0,114,13,0,0,0,47,0.043114943146479144,0.43707769013909953,0.0,0.0,0.99,8,exponential
q_learning,sparse_seed4,sparse,4,4a77b6e251,1668,225,-11.250000000000025,-10.850000000000023,0.05,0.15,0,out_of_energy,0,0,1,0,84,6,0,0,0,38,0.046190234505752735,0.546835724965167,0.0,0.0,0.99,8,exponential
q_learning,sparse_seed4,sparse,4,4a77b6e251,1669,225,-1.2499999999999822,-10.750000000000025,0.05,0.15,0,out_of_energy,0,0,1,0,106,25,0,0,1,52,0.12474206677506612,4.938455376152698,0.0,0.0,0.99,8,exponential
q_learning,sparse_seed4,sparse,4,4a77b6e251,1670,225,-11.250000000000025,-10.750000000000023,0.05,0.15,0,out_of_energy,0,0,1,0,96,7,0,0,0,50,0.04523854941704327,0.4705310472284974,0.0,0.0,0.99,8,exponential
q_learning,sparse_seed4,sparse,4,4a77b6e251,1671,225,-1.2500000000000162,-10.650000000000025,0.05,0.15,0,out_of_energy,0,0,1,0,107,5,0,0,1,47,0.08274694997115375,2.9382837748134505,0.0,0.0,0.99,8,exponential
q_learning,sparse_seed4,sparse,4,4a77b6e251,1672,225,-11.250000000000025,-10.650000000000023,0.05,0.15,0,out_of_energy,0,0,1,0,94,12,0,0,0,44,0.04586533635706156,0.42504262726326664,0.0,0.0,0.99,8,exponential
q_learning,sparse_seed4,sparse,4,4a77b6e251,1673,225,-11.250000000000025,-10.650000000000025,0.05,0.15,0,out_of_energy,0,0,1,0,87,16,0,0,0,48,0.045975954691243964,0.4347750080348537,0.0,0.0,0.99,8,exponential
q_learning,sparse_seed4,sparse,4,4a77b6e251,1674,225,-11.250000000000025,-10.650000000000023,0.05,0.15,0,out_of_energy,0,0,1,0,100,4,0,0,0,46,0.046393769031557355,0.5140085819439909,0.0,0.0,0.99,8,exponential
q_learning,sparse_seed4,sparse,4,4a77b6e251,1675,225,-11.250000000000025,-10.650000000000025,0.05,0.15,0,out_of_energy,0,0,1,0,108,4,0,0,0,55,0.04418329809186595,0.4097828013760591,0.0,0.0,0.99,8,exponential
q_learning,sparse_seed4,sparse,4,4a77b6e251,1676,225,-11.250000000000025,-10.650000000000025,0.05,0.15,0,out_of_energy,0,0,1,0,85,16,0,0,0,49,0.045615257922604575,0.575116847634091,0.0,0.0,0.99,8,exponential
q_learning,sparse_seed4,sparse,4,4a77b6e251,1677,225,-11.250000000000025,-10.650000000000025,0.05,0.15,0,out_of_energy,0,0,1,0,102,9,0,0,0,44,0.04370219179617028,0.45332501176375234,0.0,0.0,0.99,8,exponential
q_learning,sparse_seed4,sparse,4,4a77b6e251,1678,225,-11.250000000000025,-10.650000000000025,0.05,0.15,0,out_of_energy,0,0,1,0,71,5,2,0,0,41,0.04548522890916742,0.5784055524431958,0.0,0.0,0.99,8,exponential
q_learning,sparse_seed4,sparse,4,4a77b6e251,1679,225,-11.250000000000025,-10.650000000000025,0.05,0.15,0,out_of_energy,0,0,1,0,79,35,0,0,0,37,0.04607898118003687,0.42727768753859763,0.0,0.0,0.99,8,exponential
q_learning,sparse_seed4,sparse,4,4a77b6e251,1680,225,-11.250000000000025,-10.650000000000025,0.05,0.15,0,out_of_energy,0,0,1,0,88,24,1,0,0,42,0.0449539360540549,0.4360893265925341,0.0,0.0,0.99,8,exponential
q_learning,sparse_seed4,sparse,4,4a77b6e251,1681,225,-11.250000000000025,-10.650000000000025,0.05,0.15,0,out_of_energy,0,0,1,0,113,1,0,0,0,45,0.04291039616539126,0.26139826313001346,0.0,0.0,0.99,8,exponential
q_learning,sparse_seed4,sparse,4,4a77b6e251,1682,225,-11.250000000000025,-10.650000000000025,0.05,0.15,0,out_of_energy,0,0,1,0,108,4,0,0,0,38,0.04376690059219314,0.4041734263757139,0.0,0.0,0.99,8,exponential
q_learning,sparse_seed4,sparse,4,4a77b6e251,1683,225,-11.250000000000025,-10.650000000000025,0.05,0.15,0,out_of_energy,0,0,1,0,106,18,0,0,0,41,0.04280630478220648,0.43370798987749903,0.0,0.0,0.99,8,exponential
q_learning,sparse_seed4,sparse,4,4a77b6e251,1684,225,-11.250000000000025,-10.650000000000025,0.05,0.15,0,out_of_energy,0,0,1,0,86,28,1,0,0,36,0.04353560077183872,0.451974581331619,0.0,0.0,0.99,8,exponential
q_learning,sparse_seed4,sparse,4,4a77b6e251,1685,225,-11.250000000000025,-10.650000000000025,0.05,0.15,0,out_of_energy,0,0,1,0,102,9,0,0,0,42,0.04495278095822532,0.4301301989014017,0.0,0.0,0.99,8,exponential
q_learning,sparse_seed4,sparse,4,4a77b6e251,1686,225,-11.250000000000025,-10.650000000000025,0.05,0.15,0,out_of_energy,0,0,1,0,86,30,0,0,0,39,0.045286804451550804,0.4359736299018145,0.0,0.0,0.99,8,exponential
q_learning,sparse_seed4,sparse,4,4a77b6e251,1687,225,-11.250000000000025,-10.650000000000025,0.05,0.15,0,out_of_energy,0,0,1,0,80,13,7,0,0,40,0.046368505264033785,0.5137373068335778,0.0,0.0,0.99,8,exponential
q_learning,sparse_seed4,sparse,4,4a77b6e251,1688,225,-11.250000000000025,-10.650000000000025,0.05,0.15,0,out_of_energy,0,0,1,0,111,10,0,0,0,44,0.04417988125214259,0.4538850536615345,0.0,0.0,0.99,8,exponential
q_learning,sparse_seed4,sparse,4,4a77b6e251,1689,225,-11.250000000000025,-10.650000000000025,0.05,0.15,0,out_of_energy,0,0,1,0,93,15,3,0,0,57,0.04611219885297967,0.532806174408754,0.0,0.0,0.99,8,exponential
q_learning,sparse_seed4,sparse,4,4a77b6e251,1690,225,-11.250000000000025,-10.750000000000023,0.05,0.15,0,out_of_energy,0,0,1,0,88,12,0,0,0,43,0.04550642765182161,0.4356155459364586,0.0,0.0,0.99,8,exponential
q_learning,sparse_seed4,sparse,4,4a77b6e251,1691,225,-11.250000000000025,-10.750000000000025,0.05,0.15,0,out_of_energy,0,0,1,0,96,26,0,0,0,44,0.04493412207417345,0.3930047438942735,0.0,0.0,0.99,8,exponential
q_learning,sparse_seed4,sparse,4,4a77b6e251,1692,225,-11.250000000000025,-10.750000000000023,0.05,0.15,0,out_of_energy,0,0,1,0,95,20,0,0,0,32,0.04648056248935987,0.5563528818744304,0.0,0.0,0.99,8,exponential
q_learning,sparse_seed4,sparse,4,4a77b6e251,1693,225,-11.250000000000025,-10.750000000000023,0.05,0.15,0,out_of_energy,0,0,1,0,106,4,2,0,0,40,0.04616855721983768,0.47392325298952026,0.0,0.0,0.99,8,exponential
q_learning,sparse_seed4,sparse,4,4a77b6e251,1694,225,-11.250000000000025,-10.750000000000023,0.05,0.15,0,out_of_energy,0,0,1,0,87,21,4,0,0,42,0.046764346013970164,0.5811469279933352,0.0,0.0,0.99,8,exponential
q_learning,sparse_seed4,sparse,4,4a77b6e251,1695,225,-11.250000000000025,-10.750000000000025,0.05,0.15,0,out_of_energy,0,0,1,0,97,45,0,0,0,50,0.045309795225566864,0.5058375576802163,0.0,0.0,0.99,8,exponential
q_learning,sparse_seed4,sparse,4,4a77b6e251,1696,225,-11.250000000000025,-10.750000000000023,0.05,0.15,0,out_of_energy,0,0,1,0,89,7,0,0,0,41,0.04566598355914836,0.46997249449721085,0.0,0.0,0.99,8,exponential
q_learning,sparse_seed4,sparse,4,4a77b6e251,1697,225,-11.250000000000025,-10.750000000000023,0.05,0.15,0,out_of_energy,0,0,1,0,95,5,1,0,0,39,0.04607426453730199,0.4954390123567309,0.0,0.0,0.99,8,exponential
q_learning,sparse_seed4,sparse,4,4a77b6e251,1698,225,-11.250000000000025,-10.750000000000023,0.05,0.15,0,out_of_energy,0,0,1,0,96,9,0,0,0,53,0.043516492966241445,0.45049764602109327,0.0,0.0,0.99,8,exponential
q_learning,sparse_seed4,sparse,4,4a77b6e251,1699,225,-11.250000000000025,-10.750000000000023,0.05,0.15,0,out_of_energy,0,0,1,0,96,19,1,0,0,47,0.045585805756320215,0.5149919764871789,0.0,0.0,0.99,8,exponential
q_learning,sparse_seed4,sparse,4,4a77b6e251,1700,225,-1.2499999999999822,-10.650000000000023,0.05,0.15,0,out_of_energy,0,0,1,0,105,19,0,0,1,47,0.1102532736927427,4.199440993153489,0.0,0.0,0.99,8,exponential
q_learning,sparse_seed4,sparse,4,4a77b6e251,1701,225,-1.2500000000000195,-10.550000000000022,0.05,0.15,0,out_of_energy,0,0,1,0,97,27,0,0,1,56,0.08134057177290793,2.796992543073241,0.0,0.0,0.99,8,exponential
q_learning,sparse_seed4,sparse,4,4a77b6e251,1702,225,-1.2499999999999822,-10.450000000000022,0.05,0.15,0,out_of_energy,0,0,1,0,95,16,0,0,1,52,0.08703358741645838,3.3883163200234137,0.0,0.0,0.99,8,exponential
q_learning,sparse_seed4,sparse,4,4a77b6e251,1703,225,-1.2499999999999822,-10.350000000000023,0.05,0.15,0,out_of_energy,0,0,1,0,95,27,0,0,1,47,0.11514668740752435,4.149851257336512,0.0,0.0,0.99,8,exponential
q_learning,sparse_seed4,sparse,4,4a77b6e251,1704,225,-11.250000000000025,-10.350000000000023,0.05,0.15,0,out_of_energy,0,0,1,0,96,13,0,0,0,55,0.04474231301973412,0.4821684425939775,0.0,0.0,0.99,8,exponential
q_learning,sparse_seed4,sparse,4,4a77b6e251,1705,225,-11.250000000000025,-10.350000000000023,0.05,0.15,0,out_of_energy,0,0,1,0,95,9,0,0,0,36,0.04355416615497905,0.42947709027884334,0.0,0.0,0.99,8,exponential
q_learning,sparse_seed4,sparse,4,4a77b6e251,1706,225,-1.2499999999999822,-10.250000000000023,0.05,0.15,0,out_of_energy,0,0,1,0,97,35,0,0,1,52,0.09732273191726984,3.317991709892377,0.0,0.0,0.99,8,exponential
q_learning,sparse_seed4,sparse,4,4a77b6e251,1707,225,-11.250000000000025,-10.250000000000023,0.05,0.15,0,out_of_energy,0,0,1,0,97,1,0,0,0,39,0.0437243384851494,0.4462210911683302,0.0,0.0,0.99,8,exponential
q_learning,sparse_seed4,sparse,4,4a77b6e251,1708,225,-11.250000000000025,-10.250000000000023,0.05,0.15,0,out_of_energy,0,0,1,0,97,36,0,0,0,53,0.043117115770222376,0.4616993270667042,0.0,0.0,0.99,8,exponential
q_learning,sparse_seed4,sparse,4,4a77b6e251,1709,225,-11.250000000000025,-10.250000000000023,0.05,0.15,0,out_of_energy,0,0,1,0,96,10,0,0,0,49,0.0446809144648247,0.4427816570343243,0.0,0.0,0.99,8,exponential
q_learning,sparse_seed4,sparse,4,4a77b6e251,1710,225,-11.250000000000025,-10.250000000000023,0.05,0.15,0,out_of_energy,0,0,1,0,92,16,0,0,0,44,0.04347452927708772,0.4647795109028114,0.0,0.0,0.99,8,exponential
q_learning,sparse_seed4,sparse,4,4a77b6e251,1711,225,-1.2499999999999822,-10.150000000000023,0.05,0.15,0,out_of_energy,0,0,1,0,107,5,0,0,1,40,0.11558147884519024,4.377212067379109,0.0,0.0,0.99,8,exponential
q_learning,sparse_seed4,sparse,4,4a77b6e251,1712,225,-1.2499999999999822,-10.050000000000022,0.05,0.15,0,out_of_energy,0,0,1,0,101,24,0,0,1,45,0.12041328923247194,4.087598415666768,0.0,0.0,0.99,8,exponential
q_learning,sparse_seed4,sparse,4,4a77b6e251,1713,225,-1.2500000000000149,-9.950000000000022,0.05,0.15,0,out_of_energy,0,0,1,0,98,6,0,0,1,53,0.08174853697456096,2.67085253821123,0.0,0.0,0.99,8,exponential
q_learning,sparse_seed4,sparse,4,4a77b6e251,1714,225,-1.2499999999999822,-9.850000000000023,0.05,0.15,0,out_of_energy,0,0,1,0,110,31,0,0,1,51,0.12916525387124317,4.364090710491102,0.0,0.0,0.99,8,exponential
q_learning,sparse_seed4,sparse,4,4a77b6e251,1715,225,-11.250000000000025,-9.850000000000023,0.05,0.15,0,out_of_energy,0,0,1,0,95,10,2,0,0,54,0.045435742352969606,0.452648659593978,0.0,0.0,0.99,8,exponential
q_learning,sparse_seed4,sparse,4,4a77b6e251,1716,225,-11.250000000000025,-9.850000000000021,0.05,0.15,0,out_of_energy,0,0,1,0,114,3,0,0,0,48,0.04357121218852938,0.4477648130099591,0.0,0.0,0.99,8,exponential
q_learning,sparse_seed4,sparse,4,4a77b6e251,1717,225,-1.2499999999999822,-9.750000000000021,0.05,0.15,0,out_of_energy,0,0,1,0,93,8,0,0,1,50,0.12237970146522714,4.4586007174182996,0.0,0.0,0.99,8,exponential
q_learning,sparse_seed4,sparse,4,4a77b6e251,1718,225,-11.250000000000025,-9.750000000000021,0.05,0.15,0,out_of_energy,0,0,1,0,108,8,0,0,0,55,0.0446053211708269,0.48053429458777724,0.0,0.0,0.99,8,exponential
q_learning,sparse_seed4,sparse,4,4a77b6e251,1719,225,-11.250000000000025,-9.750000000000021,0.05,0.15,0,out_of_energy,0,0,1,0,101,8,4,0,0,52,0.04397188472946061,0.4052641795113329,0.0,0.0,0.99,8,exponential
q_learning,sparse_seed4,sparse,4,4a77b6e251,1720,225,-1.2499999999999822,-9.650000000000022,0.05,0.15,0,out_of_energy,0,0,1,0,100,12,0,0,1,49,0.1308283919517891,4.7247523522075205,0.0,0.0,0.99,8,exponential
q_learning,sparse_seed4,sparse,4,4a77b6e251,1721,225,-1.2499999999999822,-9.55000000000002,0.05,0.15,0,out_of_energy,0,0,1,0,104,15,0,0,1,48,0.08163844730560009,2.955374946287737,0.0,0.0,0.99,8,exponential
q_learning,sparse_seed4,sparse,4,4a77b6e251,1722,225,-11.250000000000025,-9.550000000000022,0.05,0.15,0,out_of_energy,0,0,1,0,91,6,0,0,0,44,0.04457377973995207,0.45026615904589434,0.0,0.0,0.99,8,exponential
q_learning,sparse_seed4,sparse,4,4a77b6e251,1723,225,-11.250000000000025,-9.650000000000022,0.05,0.15,0,out_of_energy,0,0,1,0,93,22,1,0,0,54,0.04439387280157123,0.42264501302347435,0.0,0.0,0.99,8,exponential
q_learning,sparse_seed4,sparse,4,4a77b6e251,1724,225,-11.250000000000025,-9.65000000000002,0.05,0.15,0,out_of_energy,0,0,1,0,96,22,0,0,0,43,0.043749122467837555,0.44673933555150525,0.0,0.0,0.99,8,exponential
q_learning,sparse_seed4,sparse,4,4a77b6e251,1725,225,-11.250000000000025,-9.65000000000002,0.05,0.15,0,out_of_energy,0,0,1,0,85,8,0,0,0,42,0.045130191928444814,0.4628242371166375,0.0,0.0,0.99,8,exponential
q_learning,sparse_seed4,sparse,4,4a77b6e251,1726,225,-1.2499999999999822,-9.55000000000002,0.05,0.15,0,out_of_energy,0,0,1,0,96,23,0,0,1,35,0.11469089292914386,4.073959719404544,0.0,0.0,0.99,8,exponential
q_learning,sparse_seed4,sparse,4,4a77b6e251,1727,225,-11.250000000000025,-9.65000000000002,0.05,0.15,0,out_of_energy,0,0,1,0,90,8,0,0,0,46,0.043377675045252535,0.37873871090233485,0.0,0.0,0.99,8,exponential
q_learning,sparse_seed4,sparse,4,4a77b6e251,1728,225,-11.250000000000025,-9.65000000000002,0.05,0.15,0,out_of_energy,0,0,1,0,88,11,0,0,0,47,0.045540870384829686,0.38370062925038034,0.0,0.0,0.99,8,exponential
q_learning,sparse_seed4,sparse,4,4a77b6e251,1729,225,-11.250000000000025,-9.65000000000002,0.05,0.15,0,out_of_energy,0,0,1,0,102,8,0,0,0,47,0.046317143430669824,0.4445657415782708,0.0,0.0,0.99,8,exponential
q_learning,sparse_seed4,sparse,4,4a77b6e251,1730,225,-11.250000000000025,-9.65000000000002,0.05,0.15,0,out_of_energy,0,0,1,0,100,9,0,0,0,39,0.0439891105514283,0.4468901505188087,0.0,0.0,0.99,8,exponential
q_learning,sparse_seed4,sparse,4,4a77b6e251,1731,225,-11.250000000000025,-9.65000000000002,0.05,0.15,0,out_of_energy,0,0,1,0,87,10,0,0,0,47,0.04430223728190974,0.4711517844024599,0.0,0.0,0.99,8,exponential
q_learning,sparse_seed4,sparse,4,4a77b6e251,1732,225,-11.250000000000025,-9.65000000000002,0.05,0.15,0,out_of_energy,0,0,1,0,94,28,0,0,0,45,0.04380811751576265,0.38473905902101785,0.0,0.0,0.99,8,exponential
q_learning,sparse_seed4,sparse,4,4a77b6e251,1733,225,-11.250000000000025,-9.65000000000002,0.05,0.15,0,out_of_energy,0,0,1,0,101,6,0,0,0,40,0.0452321289209016,0.47682873242170914,0.0,0.0,0.99,8,exponential
q_learning,sparse_seed4,sparse,4,4a77b6e251,1734,225,-11.250000000000025,-9.65000000000002,0.05,0.15,0,out_of_energy,0,0,1,0,100,26,2,0,0,42,0.0443151584565937,0.4979748098041174,0.0,0.0,0.99,8,exponential
q_learning,sparse_seed4,sparse,4,4a77b6e251,1735,225,-1.2499999999999822,-9.55000000000002,0.05,0.15,0,out_of_energy,0,0,1,0,101,26,0,0,1,51,0.08909106325876096,2.820283983655872,0.0,0.0,0.99,8,exponential
q_learning,sparse_seed4,sparse,4,4a77b6e251,1736,225,-11.250000000000025,-9.55000000000002,0.05,0.15,0,out_of_energy,0,0,1,0,99,9,0,0,0,53,0.04461850283348677,0.5023090624670808,0.0,0.0,0.99,8,exponential
q_learning,sparse_seed4,sparse,4,4a77b6e251,1737,225,-11.250000000000025,-9.55000000000002,0.05,0.15,0,out_of_energy,0,0,1,0,93,34,1,0,0,46,0.04573435219359821,0.4675398386056671,0.0,0.0,0.99,8,exponential
q_learning,sparse_seed4,sparse,4,4a77b6e251,1738,225,-11.250000000000025,-9.55000000000002,0.05,0.15,0,out_of_energy,0,0,1,0,107,17,0,0,0,42,0.04494545699105005,0.40156968580203073,0.0,0.0,0.99,8,exponential
q_learning,sparse_seed4,sparse,4,4a77b6e251,1739,225,-11.250000000000025,-9.55000000000002,0.05,0.15,0,out_of_energy,0,0,1,0,83,20,0,0,0,35,0.04378329508763058,0.42526365865042076,0.0,0.0,0.99,8,exponential
q_learning,sparse_seed4,sparse,4,4a77b6e251,1740,225,-1.2499999999999822,-9.45000000000002,0.05,0.15,0,out_of_energy,0,0,1,0,103,19,0,0,1,44,0.15145752442349186,7.9236392354077125,0.0,0.0,0.99,8,exponential
q_learning,sparse_seed4,sparse,4,4a77b6e251,1741,225,-11.250000000000025,-9.45000000000002,0.05,0.15,0,out_of_energy,0,0,1,0,97,6,0,0,0,53,0.044236425217858505,0.4292616330343153,0.0,0.0,0.99,8,exponential
q_learning,sparse_seed4,sparse,4,4a77b6e251,1742,225,-11.250000000000025,-9.450000000000019,0.05,0.15,0,out_of_energy,0,0,1,0,115,21,0,0,0,42,0.044556825874654246,0.45064509999201957,0.0,0.0,0.99,8,exponential
q_learning,sparse_seed4,sparse,4,4a77b6e251,1743,225,-11.250000000000025,-9.45000000000002,0.05,0.15,0,out_of_energy,0,0,1,0,106,13,0,0,0,46,0.04271498967886871,0.42961095705311825,0.0,0.0,0.99,8,exponential
q_learning,sparse_seed4,sparse,4,4a77b6e251,1744,225,-11.250000000000025,-9.55000000000002,0.05,0.15,0,out_of_energy,0,0,1,0,101,5,0,0,0,38,0.043235452814213815,0.4567730518598944,0.0,0.0,0.99,8,exponential
q_learning,sparse_seed4,sparse,4,4a77b6e251,1745,225,-11.250000000000025,-9.550000000000018,0.05,0.15,0,out_of_energy,0,0,1,0,95,22,0,0,0,40,0.043475851464101885,0.483610812628856,0.0,0.0,0.99,8,exponential
q_learning,sparse_seed4,sparse,4,4a77b6e251,1746,225,-1.2499999999999822,-9.450000000000019,0.05,0.15,0,out_of_energy,0,0,1,0,112,10,0,0,1,51,0.09608470779484048,3.256279900817866,0.0,0.0,0.99,8,exponential
q_learning,sparse_seed4,sparse,4,4a77b6e251,1747,225,-11.250000000000025,-9.45000000000002,0.05,0.15,0,out_of_energy,0,0,1,0,100,9,0,0,0,55,0.04477324616845509,0.4517689305412152,0.0,0.0,0.99,8,exponential
q_learning,sparse_seed4,sparse,4,4a77b6e251,1748,225,-11.250000000000025,-9.45000000000002,0.05,0.15,0,out_of_energy,0,0,1,0,96,5,0,0,0,39,0.04322544121811136,0.38400359096003295,0.0,0.0,0.99,8,exponential
q_learning,sparse_seed4,sparse,4,4a77b6e251,1749,225,-1.2499999999999822,-9.35000000000002,0.05,0.15,0,out_of_energy,0,0,1,0,99,16,0,0,1,43,0.11059684124530895,3.458160830093992,0.0,0.0,0.99,8,exponential
q_learning,sparse_seed4,sparse,4,4a77b6e251,1750,225,-11.250000000000025,-9.35000000000002,0.05,0.15,0,out_of_energy,0,0,1,0,86,22,0,0,0,46,0.04635562026365256,0.5329345998396525,0.0,0.0,0.99,8,exponential
q_learning,sparse_seed4,sparse,4,4a77b6e251,1751,225,-11.250000000000025,-9.35000000000002,0.05,0.15,0,out_of_energy,0,0,1,0,124,25,0,0,0,46,0.04638261035915744,0.48293903885005135,0.0,0.0,0.99,8,exponential
q_learning,sparse_seed4,sparse,4,4a77b6e251,1752,225,-11.250000000000025,-9.35000000000002,0.05,0.15,0,out_of_energy,0,0,1,0,96,6,0,0,0,34,0.04495600678603889,0.4456305212792093,0.0,0.0,0.99,8,exponential
q_learning,sparse_seed4,sparse,4,4a77b6e251,1753,225,-11.250000000000025,-9.350000000000017,0.05,0.15,0,out_of_energy,0,0,1,0,96,6,0,0,0,48,0.04360893898908081,0.4635512141820081,0.0,0.0,0.99,8,exponential
q_learning,sparse_seed4,sparse,4,4a77b6e251,1754,225,-11.250000000000025,-9.35000000000002,0.05,0.15,0,out_of_energy,0,0,1,0,107,11,0,0,0,51,0.042646140741719844,0.46386660940100816,0.0,0.0,0.99,8,exponential
q_learning,sparse_seed4,sparse,4,4a77b6e251,1755,225,-11.250000000000025,-9.350000000000017,0.05,0.15,0,out_of_energy,0,0,1,0,95,1,0,0,0,44,0.04426346105806314,0.46136640209693064,0.0,0.0,0.99,8,exponential
q_learning,sparse_seed4,sparse,4,4a77b6e251,1756,225,-11.250000000000025,-9.350000000000017,0.05,0.15,0,out_of_energy,0,0,1,0,100,17,0,0,0,48,0.04590521122343386,0.462199514278876,0.0,0.0,0.99,8,exponential
q_learning,sparse_seed4,sparse,4,4a77b6e251,1757,225,-11.250000000000025,-9.350000000000017,0.05,0.15,0,out_of_energy,0,0,1,0,95,20,0,0,0,49,0.045949974915893664,0.5002628520709361,0.0,0.0,0.99,8,exponential
q_learning,sparse_seed4,sparse,4,4a77b6e251,1758,225,-11.250000000000025,-9.35000000000002,0.05,0.15,0,out_of_energy,0,0,1,0,80,47,0,0,0,43,0.04603127209939135,0.5412365428201591,0.0,0.0,0.99,8,exponential
q_learning,sparse_seed4,sparse,4,4a77b6e251,1759,225,-11.250000000000025,-9.350000000000017,0.05,0.15,0,out_of_energy,0,0,1,0,89,0,3,0,0,43,0.0456069838898927,0.5037464564000816,0.0,0.0,0.99,8,exponential
q_learning,sparse_seed4,sparse,4,4a77b6e251,1760,225,-11.250000000000025,-9.350000000000017,0.05,0.15,0,out_of_energy,0,0,1,0,96,3,0,0,0,42,0.044695874395668356,0.47004890228738466,0.0,0.0,0.99,8,exponential
q_learning,sparse_seed4,sparse,4,4a77b6e251,1761,225,-11.250000000000025,-9.350000000000017,0.05,0.15,0,out_of_energy,0,0,1,0,101,5,0,0,0,34,0.04299600189640533,0.4698426648668747,0.0,0.0,0.99,8,exponential
q_learning,sparse_seed4,sparse,4,4a77b6e251,1762,225,-11.250000000000025,-9.35000000000002,0.05,0.15,0,out_of_energy,0,0,1,0,89,10,0,0,0,50,0.044015117512883915,0.45701530026494547,0.0,0.0,0.99,8,exponential
q_learning,sparse_seed4,sparse,4,4a77b6e251,1763,225,-11.250000000000025,-9.350000000000017,0.05,0.15,0,out_of_energy,0,0,1,0,97,13,0,0,0,51,0.04207566460356524,0.36977683106402287,0.0,0.0,0.99,8,exponential
q_learning,sparse_seed4,sparse,4,4a77b6e251,1764,225,-11.250000000000025,-9.350000000000017,0.05,0.15,0,out_of_energy,0,0,1,0,104,18,0,0,0,42,0.043555653613725945,0.4640270483115216,0.0,0.0,0.99,8,exponential
q_learning,sparse_seed4,sparse,4,4a77b6e251,1765,225,-11.250000000000025,-9.350000000000017,0.05,0.15,0,out_of_energy,0,0,1,0,80,18,18,0,0,46,0.04746296050895108,0.5721260270690534,0.0,0.0,0.99,8,exponential
q_learning,sparse_seed4,sparse,4,4a77b6e251,1766,225,-11.250000000000025,-9.35000000000002,0.05,0.15,0,out_of_energy,0,0,1,0,98,4,0,0,0,33,0.04372166876473045,0.4459095465225312,0.0,0.0,0.99,8,exponential
q_learning,sparse_seed4,sparse,4,4a77b6e251,1767,225,-11.250000000000025,-9.350000000000017,0.05,0.15,0,out_of_energy,0,0,1,0,77,24,0,0,0,43,0.043536378618182235,0.46637469688560756,0.0,0.0,0.99,8,exponential
q_learning,sparse_seed4,sparse,4,4a77b6e251,1768,225,-11.250000000000025,-9.350000000000017,0.05,0.15,0,out_of_energy,0,0,1,0,100,25,0,0,0,49,0.042658029432357344,0.4480071130251859,0.0,0.0,0.99,8,exponential
q_learning,sparse_seed4,sparse,4,4a77b6e251,1769,225,-11.250000000000025,-9.450000000000019,0.05,0.15,0,out_of_energy,0,0,1,0,87,6,0,0,0,45,0.04586192691988884,0.5338116540774264,0.0,0.0,0.99,8,exponential
q_learning,sparse_seed4,sparse,4,4a77b6e251,1770,225,-11.250000000000025,-9.450000000000019,0.05,0.15,0,out_of_energy,0,0,1,0,106,7,0,0,0,33,0.04623226097873797,0.5151931625220155,0.0,0.0,0.99,8,exponential
q_learning,sparse_seed4,sparse,4,4a77b6e251,1771,225,-1.250000000000012,-9.450000000000019,0.05,0.15,0,out_of_energy,0,0,1,0,101,9,0,0,1,45,0.07979573591575931,2.5421491452313676,0.0,0.0,0.99,8,exponential
q_learning,sparse_seed4,sparse,4,4a77b6e251,1772,225,-11.250000000000025,-9.450000000000019,0.05,0.15,0,out_of_energy,0,0,1,0,105,6,0,0,0,39,0.04579160294345648,0.4995080204818829,0.0,0.0,0.99,8,exponential
q_learning,sparse_seed4,sparse,4,4a77b6e251,1773,225,-11.250000000000025,-9.450000000000019,0.05,0.15,0,out_of_energy,0,0,1,0,106,12,0,0,0,43,0.04272510521843723,0.27002835236849787,0.0,0.0,0.99,8,exponential
q_learning,sparse_seed4,sparse,4,4a77b6e251,1774,225,-11.250000000000025,-9.450000000000019,0.05,0.15,0,out_of_energy,0,0,1,0,94,9,0,0,0,50,0.04339756465495379,0.40583134146946426,0.0,0.0,0.99,8,exponential
q_learning,sparse_seed4,sparse,4,4a77b6e251,1775,225,-11.250000000000025,-9.450000000000019,0.05,0.15,0,out_of_energy,0,0,1,0,96,17,4,0,0,35,0.04686063634152095,0.5779528751297579,0.0,0.0,0.99,8,exponential
q_learning,sparse_seed4,sparse,4,4a77b6e251,1776,225,-11.250000000000025,-9.450000000000019,0.05,0.15,0,out_of_energy,0,0,1,0,83,12,0,0,0,33,0.0431537880764008,0.484992791159292,0.0,0.0,0.99,8,exponential
q_learning,sparse_seed4,sparse,4,4a77b6e251,1777,225,-11.250000000000025,-9.45000000000002,0.05,0.15,0,out_of_energy,0,0,1,0,86,47,0,0,0,41,0.0446191851053752,0.49090229626992715,0.0,0.0,0.99,8,exponential
q_learning,sparse_seed4,sparse,4,4a77b6e251,1778,225,-1.2499999999999958,-9.35000000000002,0.05,0.15,0,out_of_energy,0,0,1,0,110,10,0,0,1,49,0.1291002900659218,8.509775716976748,0.0,0.0,0.99,8,exponential
q_learning,sparse_seed4,sparse,4,4a77b6e251,1779,225,-11.250000000000025,-9.35000000000002,0.05,0.15,0,out_of_energy,0,0,1,0,85,5,3,0,0,37,0.0480743572785056,0.6535676947847816,0.0,0.0,0.99,8,exponential
q_learning,sparse_seed4,sparse,4,4a77b6e251,1780,225,-11.250000000000025,-9.35000000000002,0.05,0.15,0,out_of_energy,0,0,1,0,98,22,1,0,0,43,0.04487260857197282,0.5069595718433423,0.0,0.0,0.99,8,exponential
q_learning,sparse_seed4,sparse,4,4a77b6e251,1781,225,-11.250000000000025,-9.350000000000021,0.05,0.15,0,out_of_energy,0,0,1,0,93,27,1,0,0,42,0.0449032641320114,0.46606765272629763,0.0,0.0,0.99,8,exponential
q_learning,sparse_seed4,sparse,4,4a77b6e251,1782,225,-11.250000000000025,-9.35000000000002,0.05,0.15,0,out_of_energy,0,0,1,0,97,26,0,0,0,46,0.04620690112901891,0.4786420237577322,0.0,0.0,0.99,8,exponential
q_learning,sparse_seed4,sparse,4,4a77b6e251,1783,225,-11.250000000000025,-9.35000000000002,0.05,0.15,0,out_of_energy,0,0,1,0,101,7,0,0,0,42,0.04286238131150129,0.47066322446994074,0.0,0.0,0.99,8,exponential
q_learning,sparse_seed4,sparse,4,4a77b6e251,1784,225,-11.250000000000025,-9.35000000000002,0.05,0.15,0,out_of_energy,0,0,1,0,77,11,1,0,0,45,0.04624982891334322,0.47073169781338076,0.0,0.0,0.99,8,exponential
q_learning,sparse_seed4,sparse,4,4a77b6e251,1785,225,-11.250000000000025,-9.350000000000017,0.05,0.15,0,out_of_energy,0,0,1,0,92,6,1,0,0,42,0.04496810083327962,0.4786189926800197,0.0,0.0,0.99,8,exponential
q_learning,sparse_seed4,sparse,4,4a77b6e251,1786,225,-11.250000000000025,-9.35000000000002,0.05,0.15,0,out_of_energy,0,0,1,0,87,11,0,0,0,44,0.04466209196886549,0.48340152291547417,0.0,0.0,0.99,8,exponential
q_learning,sparse_seed4,sparse,4,4a77b6e251,1787,225,-11.250000000000025,-9.35000000000002,0.05,0.15,0,out_of_energy,0,0,1,0,100,21,0,0,0,44,0.04491861176030439,0.48007333524651064,0.0,0.0,0.99,8,exponential
q_learning,sparse_seed4,sparse,4,4a77b6e251,1788,225,-11.250000000000025,-9.35000000000002,0.05,0.15,0,out_of_energy,0,0,1,0,90,7,0,0,0,45,0.046386984635538954,0.4918849033590885,0.0,0.0,0.99,8,exponential
q_learning,sparse_seed4,sparse,4,4a77b6e251,1789,225,-11.250000000000025,-9.350000000000017,0.05,0.15,0,out_of_energy,0,0,1,0,122,11,0,0,0,42,0.04647589451322841,0.6262625629503004,0.0,0.0,0.99,8,exponential
q_learning,sparse_seed4,sparse,4,4a77b6e251,1790,225,-11.250000000000025,-9.35000000000002,0.05,0.15,0,out_of_energy,0,0,1,0,90,14,0,0,0,37,0.04548049549753891,0.5980569554823747,0.0,0.0,0.99,8,exponential
q_learning,sparse_seed4,sparse,4,4a77b6e251,1791,225,-11.250000000000025,-9.35000000000002,0.05,0.15,0,out_of_energy,0,0,1,0,117,21,0,0,0,35,0.046611987638062964,0.6351286700029662,0.0,0.0,0.99,8,exponential
q_learning,sparse_seed4,sparse,4,4a77b6e251,1792,225,-11.250000000000025,-9.35000000000002,0.05,0.15,0,out_of_energy,0,0,1,0,82,16,0,0,0,48,0.04592424025112182,0.4527846883415456,0.0,0.0,0.99,8,exponential
q_learning,sparse_seed4,sparse,4,4a77b6e251,1793,225,-11.250000000000025,-9.350000000000017,0.05,0.15,0,out_of_energy,0,0,1,0,93,13,0,0,0,46,0.04213095161731259,0.22375017355735133,0.0,0.0,0.99,8,exponential
q_learning,sparse_seed4,sparse,4,4a77b6e251,1794,225,-11.250000000000025,-9.35000000000002,0.05,0.15,0,out_of_energy,0,0,1,0,98,31,0,0,0,45,0.046410972056810336,0.5468870832855464,0.0,0.0,0.99,8,exponential
q_learning,sparse_seed4,sparse,4,4a77b6e251,1795,225,-11.250000000000025,-9.35000000000002,0.05,0.15,0,out_of_energy,0,0,1,0,108,8,0,0,0,45,0.046200629948800885,0.5063070033859447,0.0,0.0,0.99,8,exponential
q_learning,sparse_seed4,sparse,4,4a77b6e251,1796,225,-11.250000000000025,-9.35000000000002,0.05,0.15,0,out_of_energy,0,0,1,0,83,6,0,0,0,38,0.04516947511402597,0.5473438015712087,0.0,0.0,0.99,8,exponential
q_learning,sparse_seed4,sparse,4,4a77b6e251,1797,225,-1.2500000000000084,-9.250000000000018,0.05,0.15,0,out_of_energy,0,0,1,0,90,18,0,0,1,32,0.11521402235217712,7.1535854765299725,0.0,0.0,0.99,8,exponential
q_learning,sparse_seed4,sparse,4,4a77b6e251,1798,225,-11.250000000000025,-9.25000000000002,0.05,0.15,0,out_of_energy,0,0,1,0,97,14,1,0,0,50,0.04523033711864496,0.5939221020897827,0.0,0.0,0.99,8,exponential
q_learning,sparse_seed4,sparse,4,4a77b6e251,1799,225,-11.250000000000025,-9.25000000000002,0.05,0.15,0,out_of_energy,0,0,1,0,95,24,2,0,0,51,0.046059804877689785,0.6002935341281652,0.0,0.0,0.99,8,exponential
q_learning,sparse_seed4,sparse,4,4a77b6e251,1800,225,-11.250000000000025,-9.35000000000002,0.05,0.15,0,out_of_energy,0,0,1,0,94,8,0,0,0,48,0.046541878654657406,0.5045047500140545,0.0,0.0,0.99,8,exponential
q_learning,sparse_seed4,sparse,4,4a77b6e251,1801,225,-11.250000000000025,-9.450000000000019,0.05,0.15,0,out_of_energy,0,0,1,0,105,22,0,0,0,29,0.04443616674063662,0.6057376072359515,0.0,0.0,0.99,8,exponential
q_learning,sparse_seed4,sparse,4,4a77b6e251,1802,225,-11.250000000000025,-9.55000000000002,0.05,0.15,0,out_of_energy,0,0,1,0,111,2,0,0,0,41,0.04454170145658847,0.42568043475478784,0.0,0.0,0.99,8,exponential
q_learning,sparse_seed4,sparse,4,4a77b6e251,1803,225,-11.250000000000025,-9.65000000000002,0.05,0.15,0,out_of_energy,0,0,1,0,103,22,0,0,0,46,0.044915339124059615,0.4870023417335549,0.0,0.0,0.99,8,exponential
q_learning,sparse_seed4,sparse,4,4a77b6e251,1804,225,-11.250000000000025,-9.65000000000002,0.05,0.15,0,out_of_energy,0,0,1,0,101,5,0,0,0,54,0.04648842600636371,0.5556170171550949,0.0,0.0,0.99,8,exponential
q_learning,sparse_seed4,sparse,4,4a77b6e251,1805,225,-11.250000000000025,-9.65000000000002,0.05,0.15,0,out_of_energy,0,0,1,0,82,17,0,0,0,45,0.04689922080452133,0.5915054794303919,0.0,0.0,0.99,8,exponential
q_learning,sparse_seed4,sparse,4,4a77b6e251,1806,225,-11.250000000000025,-9.750000000000021,0.05,0.15,0,out_of_energy,0,0,1,0,92,18,0,0,0,52,0.045516912011451145,0.4295783575316731,0.0,0.0,0.99,8,exponential
q_learning,sparse_seed4,sparse,4,4a77b6e251,1807,225,-11.250000000000025,-9.750000000000021,0.05,0.15,0,out_of_energy,0,0,1,0,98,40,0,0,0,43,0.046797828817416134,0.47370548763230463,0.0,0.0,0.99,8,exponential
q_learning,sparse_seed4,sparse,4,4a77b6e251,1808,225,-11.250000000000025,-9.750000000000021,0.05,0.15,0,out_of_energy,0,0,1,0,90,3,0,0,0,32,0.04509537444040259,0.539229241786606,0.0,0.0,0.99,8,exponential
q_learning,sparse_seed4,sparse,4,4a77b6e251,1809,225,-11.250000000000025,-9.750000000000021,0.05,0.15,0,out_of_energy,0,0,1,0,85,29,2,0,0,44,0.0472840395894913,0.5305799685874432,0.0,0.0,0.99,8,exponential
q_learning,sparse_seed4,sparse,4,4a77b6e251,1810,225,-11.250000000000025,-9.750000000000021,0.05,0.15,0,out_of_energy,0,0,1,0,84,25,2,0,0,52,0.045905698102254644,0.5912394716489289,0.0,0.0,0.99,8,exponential
q_learning,sparse_seed4,sparse,4,4a77b6e251,1811,225,-11.250000000000025,-9.850000000000021,0.05,0.15,0,out_of_energy,0,0,1,0,109,27,0,0,0,44,0.04685631944400864,0.4834937337625534,0.0,0.0,0.99,8,exponential
q_learning,sparse_seed4,sparse,4,4a77b6e251,1812,225,-11.250000000000025,-9.950000000000022,0.05,0.15,0,out_of_energy,0,0,1,0,98,45,0,0,0,45,0.04441843384683744,0.42773277794058207,0.0,0.0,0.99,8,exponential
q_learning,sparse_seed4,sparse,4,4a77b6e251,1813,225,-11.250000000000025,-10.050000000000022,0.05,0.15,0,out_of_energy,0,0,1,0,83,9,0,0,0,46,0.044972865648293565,0.5603452749412734,0.0,0.0,0.99,8,exponential
q_learning,sparse_seed4,sparse,4,4a77b6e251,1814,225,-11.250000000000025,-10.150000000000023,0.05,0.15,0,out_of_energy,0,0,1,0,87,25,0,0,0,47,0.047387328243662374,0.5664888988454484,0.0,0.0,0.99,8,exponential
q_learning,sparse_seed4,sparse,4,4a77b6e251,1815,225,-11.250000000000025,-10.150000000000023,0.05,0.15,0,out_of_energy,0,0,1,0,104,9,0,0,0,44,0.045272188363579845,0.48616613906256184,0.0,0.0,0.99,8,exponential
q_learning,sparse_seed4,sparse,4,4a77b6e251,1816,225,-11.250000000000025,-10.150000000000023,0.05,0.15,0,out_of_energy,0,0,1,0,95,6,1,0,0,47,0.043269206179819046,0.49197490939574756,0.0,0.0,0.99,8,exponential
q_learning,sparse_seed4,sparse,4,4a77b6e251,1817,225,-11.250000000000025,-10.250000000000023,0.05,0.15,0,out_of_energy,0,0,1,0,89,15,1,0,0,42,0.04360034951618956,0.45861652726770835,0.0,0.0,0.99,8,exponential
q_learning,sparse_seed4,sparse,4,4a77b6e251,1818,225,-11.250000000000025,-10.250000000000023,0.05,0.15,0,out_of_energy,0,0,1,0,84,12,0,0,0,42,0.0438608117789044,0.45657920615495856,0.0,0.0,0.99,8,exponential
q_learning,sparse_seed4,sparse,4,4a77b6e251,1819,225,-11.250000000000025,-10.250000000000023,0.05,0.15,0,out_of_energy,0,0,1,0,92,34,0,0,0,49,0.04627437694698317,0.6567967062159926,0.0,0.0,0.99,8,exponential
q_learning,sparse_seed4,sparse,4,4a77b6e251,1820,225,-11.250000000000025,-10.350000000000023,0.05,0.15,0,out_of_energy,0,0,1,0,78,20,0,0,0,43,0.04739388052899399,0.6578846869319513,0.0,0.0,0.99,8,exponential
q_learning,sparse_seed4,sparse,4,4a77b6e251,1821,225,-11.250000000000025,-10.450000000000022,0.05,0.15,0,out_of_energy,0,0,1,0,89,33,0,0,0,42,0.047853627775558655,0.6924678927110854,0.0,0.0,0.99,8,exponential
q_learning,sparse_seed4,sparse,4,4a77b6e251,1822,225,-11.250000000000025,-10.450000000000022,0.05,0.15,0,out_of_energy,0,0,1,0,89,4,0,0,0,43,0.045015792689452085,0.521358402763817,0.0,0.0,0.99,8,exponential
q_learning,sparse_seed4,sparse,4,4a77b6e251,1823,225,-11.250000000000025,-10.450000000000022,0.05,0.15,0,out_of_energy,0,0,1,0,85,5,0,0,0,45,0.045849417315418556,0.7147834575432747,0.0,0.0,0.99,8,exponential
q_learning,sparse_seed4,sparse,4,4a77b6e251,1824,225,-11.250000000000025,-10.450000000000022,0.05,0.15,0,out_of_energy,0,0,1,0,86,15,0,0,0,52,0.04658659694219324,0.685626209748922,0.0,0.0,0.99,8,exponential
q_learning,sparse_seed4,sparse,4,4a77b6e251,1825,225,-11.250000000000025,-10.450000000000022,0.05,0.15,0,out_of_energy,0,0,1,0,80,11,10,0,0,46,0.048263631704673175,0.7134351959821431,0.0,0.0,0.99,8,exponential
q_learning,sparse_seed4,sparse,4,4a77b6e251,1826,225,-11.250000000000025,-10.550000000000022,0.05,0.15,0,out_of_energy,0,0,1,0,87,2,0,0,0,41,0.04622842856876241,0.5993763948819286,0.0,0.0,0.99,8,exponential
q_learning,sparse_seed4,sparse,4,4a77b6e251,1827,225,-11.250000000000025,-10.550000000000022,0.05,0.15,0,out_of_energy,0,0,1,0,93,15,8,0,0,39,0.04437065668542966,0.6130199526338694,0.0,0.0,0.99,8,exponential
q_learning,sparse_seed4,sparse,4,4a77b6e251,1828,225,-11.250000000000025,-10.550000000000022,0.05,0.15,0,out_of_energy,0,0,1,0,102,24,0,0,0,50,0.046075029267284705,0.676980074608201,0.0,0.0,0.99,8,exponential
q_learning,sparse_seed4,sparse,4,4a77b6e251,1829,225,-11.250000000000025,-10.550000000000022,0.05,0.15,0,out_of_energy,0,0,1,0,98,12,4,0,0,46,0.04625004032622938,0.5436602256580898,0.0,0.0,0.99,8,exponential
q_learning,sparse_seed4,sparse,4,4a77b6e251,1830,225,-11.250000000000025,-10.550000000000022,0.05,0.15,0,out_of_energy,0,0,1,0,98,13,0,0,0,46,0.04505119648833468,0.5116348668938793,0.0,0.0,0.99,8,exponential
q_learning,sparse_seed4,sparse,4,4a77b6e251,1831,225,-11.250000000000025,-10.550000000000022,0.05,0.15,0,out_of_energy,0,0,1,0,95,22,0,0,0,44,0.045469690216639234,0.6745518858297141,0.0,0.0,0.99,8,exponential
q_learning,sparse_seed4,sparse,4,4a77b6e251,1832,225,-11.250000000000025,-10.550000000000022,0.05,0.15,0,out_of_energy,0,0,1,0,81,17,3,0,0,42,0.046249063596810094,0.6712844206915684,0.0,0.0,0.99,8,exponential
q_learning,sparse_seed4,sparse,4,4a77b6e251,1833,225,-11.250000000000025,-10.550000000000022,0.05,0.15,0,out_of_energy,0,0,1,0,86,3,2,0,0,38,0.04533347670124295,0.6219588641156315,0.0,0.0,0.99,8,exponential
q_learning,sparse_seed4,sparse,4,4a77b6e251,1834,225,-11.250000000000025,-10.550000000000022,0.05,0.15,0,out_of_energy,0,0,1,0,99,3,0,0,0,58,0.04579169284029845,0.5719598810547527,0.0,0.0,0.99,8,exponential
q_learning,sparse_seed4,sparse,4,4a77b6e251,1835,225,-1.2499999999999822,-10.550000000000026,0.05,0.15,0,out_of_energy,0,0,1,0,91,24,0,0,1,48,0.11604876509292049,4.428567922803903,0.0,0.0,0.99,8,exponential
q_learning,sparse_seed4,sparse,4,4a77b6e251,1836,225,-11.250000000000025,-10.550000000000022,0.05,0.15,0,out_of_energy,0,0,1,0,84,3,1,0,0,50,0.04573149461799649,0.6868942100876988,0.0,0.0,0.99,8,exponential
q_learning,sparse_seed4,sparse,4,4a77b6e251,1837,225,-11.250000000000025,-10.550000000000026,0.05,0.15,0,out_of_energy,0,0,1,0,94,17,1,0,0,46,0.04546387456118129,0.6691516199188077,0.0,0.0,0.99,8,exponential
q_learning,sparse_seed4,sparse,4,4a77b6e251,1838,225,-11.250000000000025,-10.550000000000022,0.05,0.15,0,out_of_energy,0,0,1,0,79,4,2,0,0,46,0.045187019786363046,0.6031768347249824,0.0,0.0,0.99,8,exponential
q_learning,sparse_seed4,sparse,4,4a77b6e251,1839,225,-11.250000000000025,-10.550000000000022,0.05,0.15,0,out_of_energy,0,0,1,0,82,21,0,0,0,46,0.04465252591286328,0.5878702521546155,0.0,0.0,0.99,8,exponential
q_learning,sparse_seed4,sparse,4,4a77b6e251,1840,225,-11.250000000000025,-10.650000000000023,0.05,0.15,0,out_of_energy,0,0,1,0,91,21,0,0,0,45,0.04438235058549397,0.5545629666256184,0.0,0.0,0.99,8,exponential
q_learning,sparse_seed4,sparse,4,4a77b6e251,1841,225,-11.250000000000025,-10.650000000000023,0.05,0.15,0,out_of_energy,0,0,1,0,82,5,11,0,0,33,0.04375583537645157,0.4852199161323906,0.0,0.0,0.99,8,exponential
q_learning,sparse_seed4,sparse,4,4a77b6e251,1842,225,-11.250000000000025,-10.650000000000023,0.05,0.15,0,out_of_energy,0,0,1,0,86,10,0,0,0,37,0.044263648506756806,0.5156344791519467,0.0,0.0,0.99,8,exponential
q_learning,sparse_seed4,sparse,4,4a77b6e251,1843,225,-11.250000000000025,-10.650000000000023,0.05,0.15,0,out_of_energy,0,0,1,0,83,22,0,0,0,47,0.045888032536433705,0.6155238217188441,0.0,0.0,0.99,8,exponential
q_learning,sparse_seed4,sparse,4,4a77b6e251,1844,225,-11.250000000000025,-10.650000000000023,0.05,0.15,0,out_of_energy,0,0,1,0,101,36,9,0,0,39,0.04345687809336793,0.48871384435350335,0.0,0.0,0.99,8,exponential
q_learning,sparse_seed4,sparse,4,4a77b6e251,1845,225,-11.250000000000025,-10.650000000000023,0.05,0.15,0,out_of_energy,0,0,1,0,97,14,0,0,0,41,0.045061270394108434,0.5222705133277102,0.0,0.0,0.99,8,exponential
q_learning,sparse_seed4,sparse,4,4a77b6e251,1846,225,-11.250000000000025,-10.750000000000023,0.05,0.15,0,out_of_energy,0,0,1,0,97,5,0,0,0,46,0.04371667568599003,0.3864424044401481,0.0,0.0,0.99,8,exponential
q_learning,sparse_seed4,sparse,4,4a77b6e251,1847,225,-11.250000000000025,-10.750000000000023,0.05,0.15,0,out_of_energy,0,0,1,0,89,12,0,0,0,40,0.046104023081577246,0.4942278521446207,0.0,0.0,0.99,8,exponential
q_learning,sparse_seed4,sparse,4,4a77b6e251,1848,225,-11.250000000000025,-10.750000000000023,0.05,0.15,0,out_of_energy,0,0,1,0,96,18,0,0,0,44,0.04521998293932011,0.4993421062572126,0.0,0.0,0.99,8,exponential
q_learning,sparse_seed4,sparse,4,4a77b6e251,1849,225,-11.250000000000025,-10.850000000000025,0.05,0.15,0,out_of_energy,0,0,1,0,84,29,0,0,0,49,0.04438164098668899,0.46691431784782816,0.0,0.0,0.99,8,exponential
q_learning,sparse_seed4,sparse,4,4a77b6e251,1850,225,-11.250000000000025,-10.850000000000023,0.05,0.15,0,out_of_energy,0,0,1,0,103,11,0,0,0,42,0.04456303513934282,0.5206791673455973,0.0,0.0,0.99,8,exponential
q_learning,sparse_seed4,sparse,4,4a77b6e251,1851,225,-11.250000000000025,-10.850000000000025,0.05,0.15,0,out_of_energy,0,0,1,0,79,11,0,0,0,44,0.04439353059935966,0.48989912953532605,0.0,0.0,0.99,8,exponential
q_learning,sparse_seed4,sparse,4,4a77b6e251,1852,225,-11.250000000000025,-10.850000000000023,0.05,0.15,0,out_of_energy,0,0,1,0,98,11,0,0,0,35,0.0426171450026039,0.24831526878285143,0.0,0.0,0.99,8,exponential
q_learning,sparse_seed4,sparse,4,4a77b6e251,1853,225,-11.250000000000025,-10.850000000000025,0.05,0.15,0,out_of_energy,0,0,1,0,92,20,0,0,0,38,0.04286284644855813,0.40615232359913184,0.0,0.0,0.99,8,exponential
q_learning,sparse_seed4,sparse,4,4a77b6e251,1854,225,-1.2499999999999871,-10.750000000000025,0.05,0.15,0,out_of_energy,0,0,1,0,94,19,0,0,1,39,0.0810620573454137,2.3895909063412653,0.0,0.0,0.99,8,exponential
q_learning,sparse_seed4,sparse,4,4a77b6e251,1855,225,-1.2499999999999822,-10.650000000000025,0.05,0.15,0,out_of_energy,0,0,1,0,98,7,0,0,1,47,0.08251828142502338,2.456512919419595,0.0,0.0,0.99,8,exponential
q_learning,sparse_seed4,sparse,4,4a77b6e251,1856,225,-11.250000000000025,-10.650000000000025,0.05,0.15,0,out_of_energy,0,0,1,0,99,1,0,0,0,52,0.041620968485759136,0.21106797846542374,0.0,0.0,0.99,8,exponential
q_learning,sparse_seed4,sparse,4,4a77b6e251,1857,225,-1.2499999999999822,-10.550000000000026,0.05,0.15,0,out_of_energy,0,0,1,0,103,32,0,0,1,57,0.1346151500048242,4.224383108291695,0.0,0.0,0.99,8,exponential
q_learning,sparse_seed4,sparse,4,4a77b6e251,1858,225,-1.2499999999999822,-10.450000000000022,0.05,0.15,0,out_of_energy,0,0,1,0,92,21,0,0,1,51,0.12550683556182957,5.198628138281201,0.0,0.0,0.99,8,exponential
q_learning,sparse_seed4,sparse,4,4a77b6e251,1859,225,-1.2499999999999822,-10.350000000000025,0.05,0.15,0,out_of_energy,0,0,1,0,97,18,0,0,1,40,0.11418273241405849,4.073782146845512,0.0,0.0,0.99,8,exponential
q_learning,sparse_seed4,sparse,4,4a77b6e251,1860,225,-11.250000000000025,-10.350000000000023,0.05,0.15,0,out_of_energy,0,0,1,0,88,12,0,0,0,51,0.043531334267707944,0.5140522771262609,0.0,0.0,0.99,8,exponential
q_learning,sparse_seed4,sparse,4,4a77b6e251,1861,225,-11.250000000000025,-10.350000000000023,0.05,0.15,0,out_of_energy,0,0,1,0,108,19,0,0,0,42,0.04283037813650828,0.4563009332497225,0.0,0.0,0.99,8,exponential
q_learning,sparse_seed4,sparse,4,4a77b6e251,1862,225,-1.2499999999999822,-10.250000000000023,0.05,0.15,0,out_of_energy,0,0,1,0,90,12,0,0,1,39,0.12435754165490759,3.5530337328625725,0.0,0.0,0.99,8,exponential
q_learning,sparse_seed4,sparse,4,4a77b6e251,1863,225,-1.2499999999999822,-10.150000000000023,0.05,0.15,0,out_of_energy,0,0,1,0,106,27,0,0,1,34,0.17285070758819804,7.00626238414192,0.0,0.0,0.99,8,exponential
q_learning,sparse_seed4,sparse,4,4a77b6e251,1864,225,-11.250000000000025,-10.150000000000023,0.05,0.15,0,out_of_energy,0,0,1,0,100,11,0,0,0,49,0.0426722184719947,0.48180920758644546,0.0,0.0,0.99,8,exponential
q_learning,sparse_seed4,sparse,4,4a77b6e251,1865,225,-11.250000000000025,-10.150000000000023,0.05,0.15,0,out_of_energy,0,0,1,0,102,3,0,0,0,46,0.04464345225540391,0.47465306369112176,0.0,0.0,0.99,8,exponential
q_learning,sparse_seed4,sparse,4,4a77b6e251,1866,225,-11.250000000000025,-10.150000000000023,0.05,0.15,0,out_of_energy,0,0,1,0,105,3,0,0,0,48,0.043483149058844726,0.4198477557451478,0.0,0.0,0.99,8,exponential
q_learning,sparse_seed4,sparse,4,4a77b6e251,1867,225,-11.250000000000025,-10.150000000000022,0.05,0.15,0,out_of_energy,0,0,1,0,92,22,0,0,0,44,0.04344470658150264,0.4083036140432098,0.0,0.0,0.99,8,exponential
q_learning,sparse_seed4,sparse,4,4a77b6e251,1868,225,-11.250000000000025,-10.150000000000023,0.05,0.15,0,out_of_energy,0,0,1,0,99,25,0,0,0,44,0.043958550705982605,0.5137832344929392,0.0,0.0,0.99,8,exponential
q_learning,sparse_seed4,sparse,4,4a77b6e251,1869,225,-11.250000000000025,-10.150000000000022,0.05,0.15,0,out_of_energy,0,0,1,0,107,5,0,0,0,42,0.04337155663201895,0.5137562758078592,0.0,0.0,0.99,8,exponential
q_learning,sparse_seed4,sparse,4,4a77b6e251,1870,225,-11.250000000000025,-10.150000000000023,0.05,0.15,0,out_of_energy,0,0,1,0,115,2,0,0,0,52,0.04339879946580551,0.3894162707473599,0.0,0.0,0.99,8,exponential
q_learning,sparse_seed4,sparse,4,4a77b6e251,1871,225,-1.2499999999999822,-10.150000000000023,0.05,0.15,0,out_of_energy,0,0,1,0,105,18,0,0,1,47,0.10197978025307101,3.2245575588449418,0.0,0.0,0.99,8,exponential
q_learning,sparse_seed4,sparse,4,4a77b6e251,1872,225,-11.250000000000025,-10.150000000000023,0.05,0.15,0,out_of_energy,0,0,1,0,118,6,0,0,0,38,0.0440598557469851,0.48907295127942246,0.0,0.0,0.99,8,exponential
q_learning,sparse_seed4,sparse,4,4a77b6e251,1873,225,-11.250000000000025,-10.150000000000022,0.05,0.15,0,out_of_energy,0,0,1,0,117,50,0,0,0,41,0.04285770688996258,0.44353043606026704,0.0,0.0,0.99,8,exponential
q_learning,sparse_seed4,sparse,4,4a77b6e251,1874,225,-11.250000000000025,-10.150000000000023,0.05,0.15,0,out_of_energy,0,0,1,0,118,29,0,0,0,46,0.045348641218947404,0.47445746048831566,0.0,0.0,0.99,8,exponential
q_learning,sparse_seed4,sparse,4,4a77b6e251,1875,225,-11.250000000000025,-10.150000000000022,0.05,0.15,0,out_of_energy,0,0,1,0,91,3,0,0,0,49,0.043660153064066176,0.48389251360302826,0.0,0.0,0.99,8,exponential
q_learning,sparse_seed4,sparse,4,4a77b6e251,1876,225,-11.250000000000025,-10.150000000000023,0.05,0.15,0,out_of_energy,0,0,1,0,75,12,0,0,0,42,0.04404183850352605,0.463670948364538,0.0,0.0,0.99,8,exponential
q_learning,sparse_seed4,sparse,4,4a77b6e251,1877,225,-11.250000000000025,-10.150000000000022,0.05,0.15,0,out_of_energy,0,0,1,0,82,14,4,0,0,31,0.04529199965719431,0.6051068420942165,0.0,0.0,0.99,8,exponential
q_learning,sparse_seed4,sparse,4,4a77b6e251,1878,225,-11.250000000000025,-10.250000000000023,0.05,0.15,0,out_of_energy,0,0,1,0,87,25,0,0,0,38,0.04600568373176139,0.5282534675921876,0.0,0.0,0.99,8,exponential
q_learning,sparse_seed4,sparse,4,4a77b6e251,1879,225,-11.250000000000025,-10.250000000000023,0.05,0.15,0,out_of_energy,0,0,1,0,101,9,0,0,0,40,0.04493944797830444,0.5061707628841353,0.0,0.0,0.99,8,exponential
q_learning,sparse_seed4,sparse,4,4a77b6e251,1880,225,-11.250000000000025,-10.250000000000023,0.05,0.15,0,out_of_energy,0,0,1,0,88,2,0,0,0,45,0.04621155373985673,0.6307404397795311,0.0,0.0,0.99,8,exponential
q_learning,sparse_seed4,sparse,4,4a77b6e251,1881,225,-11.250000000000025,-10.250000000000023,0.05,0.15,0,out_of_energy,0,0,1,0,86,2,0,0,0,41,0.04467701008032703,0.6404095420066366,0.0,0.0,0.99,8,exponential
q_learning,sparse_seed4,sparse,4,4a77b6e251,1882,225,-11.250000000000025,-10.250000000000023,0.05,0.15,0,out_of_energy,0,0,1,0,88,9,0,0,0,54,0.04491115176502769,0.4702612713915478,0.0,0.0,0.99,8,exponential
q_learning,sparse_seed4,sparse,4,4a77b6e251,1883,225,-11.250000000000025,-10.250000000000023,0.05,0.15,0,out_of_energy,0,0,1,0,81,15,0,0,0,37,0.04537874971670465,0.7267061214345741,0.0,0.0,0.99,8,exponential
q_learning,sparse_seed4,sparse,4,4a77b6e251,1884,225,-11.250000000000025,-10.250000000000023,0.05,0.15,0,out_of_energy,0,0,1,0,86,13,0,0,0,38,0.04746899889256331,0.7365797237659085,0.0,0.0,0.99,8,exponential
q_learning,sparse_seed4,sparse,4,4a77b6e251,1885,225,-11.250000000000025,-10.250000000000023,0.05,0.15,0,out_of_energy,0,0,1,0,97,23,0,0,0,47,0.04623109847563071,0.6930538358926689,0.0,0.0,0.99,8,exponential
q_learning,sparse_seed4,sparse,4,4a77b6e251,1886,225,-11.250000000000025,-10.250000000000023,0.05,0.15,0,out_of_energy,0,0,1,0,80,6,0,0,0,45,0.04441526546432173,0.5017176445989788,0.0,0.0,0.99,8,exponential
q_learning,sparse_seed4,sparse,4,4a77b6e251,1887,225,-11.250000000000025,-10.250000000000023,0.05,0.15,0,out_of_energy,0,0,1,0,99,0,0,0,0,53,0.04428481241717595,0.5064746768734241,0.0,0.0,0.99,8,exponential
q_learning,sparse_seed4,sparse,4,4a77b6e251,1888,225,-11.250000000000025,-10.250000000000023,0.05,0.15,0,out_of_energy,0,0,1,0,96,37,4,0,0,53,0.04525725775083072,0.5032714347084078,0.0,0.0,0.99,8,exponential
q_learning,sparse_seed4,sparse,4,4a77b6e251,1889,225,-11.250000000000025,-10.250000000000023,0.05,0.15,0,out_of_energy,0,0,1,0,101,8,4,0,0,57,0.04553068610837693,0.503803508158439,0.0,0.0,0.99,8,exponential
q_learning,sparse_seed4,sparse,4,4a77b6e251,1890,225,-11.250000000000025,-10.250000000000023,0.05,0.15,0,out_of_energy,0,0,1,0,85,7,0,0,0,39,0.044461676676788894,0.5055689334430425,0.0,0.0,0.99,8,exponential
q_learning,sparse_seed4,sparse,4,4a77b6e251,1891,225,-11.250000000000025,-10.250000000000023,0.05,0.15,0,out_of_energy,0,0,1,0,98,12,2,0,0,46,0.04382388892989839,0.45688851406111314,0.0,0.0,0.99,8,exponential
q_learning,sparse_seed4,sparse,4,4a77b6e251,1892,225,-11.250000000000025,-10.250000000000023,0.05,0.15,0,out_of_energy,0,0,1,0,99,36,0,0,0,43,0.04551858891710233,0.6076230185951887,0.0,0.0,0.99,8,exponential
q_learning,sparse_seed4,sparse,4,4a77b6e251,1893,225,-11.250000000000025,-10.250000000000023,0.05,0.15,0,out_of_energy,0,0,1,0,89,20,0,0,0,43,0.04526544324567267,0.48541395152094186,0.0,0.0,0.99,8,exponential
q_learning,sparse_seed4,sparse,4,4a77b6e251,1894,225,-11.250000000000025,-10.250000000000023,0.05,0.15,0,out_of_energy,0,0,1,0,101,9,0,0,0,46,0.043007145902330624,0.43446626096401686,0.0,0.0,0.99,8,exponential
q_learning,sparse_seed4,sparse,4,4a77b6e251,1895,225,-11.250000000000025,-10.250000000000023,0.05,0.15,0,out_of_energy,0,0,1,0,93,15,0,0,0,45,0.04357121038864073,0.48076728991307266,0.0,0.0,0.99,8,exponential
q_learning,sparse_seed4,sparse,4,4a77b6e251,1896,225,-11.250000000000025,-10.250000000000023,0.05,0.15,0,out_of_energy,0,0,1,0,93,35,0,0,0,45,0.04505710888990802,0.4883535334381331,0.0,0.0,0.99,8,exponential
q_learning,sparse_seed4,sparse,4,4a77b6e251,1897,225,-11.250000000000025,-10.350000000000023,0.05,0.15,0,out_of_energy,0,0,1,0,109,22,0,0,0,53,0.046644487476542214,0.6319094412670488,0.0,0.0,0.99,8,exponential
q_learning,sparse_seed4,sparse,4,4a77b6e251,1898,225,-11.250000000000025,-10.350000000000023,0.05,0.15,0,out_of_energy,0,0,1,0,119,7,0,0,0,41,0.04587276557414112,0.6073820580608492,0.0,0.0,0.99,8,exponential
q_learning,sparse_seed4,sparse,4,4a77b6e251,1899,225,-11.250000000000025,-10.350000000000023,0.05,0.15,0,out_of_energy,0,0,1,0,101,18,0,0,0,43,0.04542697799970901,0.5304236891242851,0.0,0.0,0.99,8,exponential
q_learning,sparse_seed4,sparse,4,4a77b6e251,1900,225,-11.250000000000025,-10.350000000000023,0.05,0.15,0,out_of_energy,0,0,1,0,105,7,0,0,0,43,0.04558338503973312,0.5130205255851361,0.0,0.0,0.99,8,exponential
q_learning,sparse_seed4,sparse,4,4a77b6e251,1901,225,-11.250000000000025,-10.350000000000023,0.05,0.15,0,out_of_energy,0,0,1,0,94,16,0,0,0,44,0.0439947915955001,0.40773765887979396,0.0,0.0,0.99,8,exponential
q_learning,sparse_seed4,sparse,4,4a77b6e251,1902,225,-11.250000000000025,-10.350000000000023,0.05,0.15,0,out_of_energy,0,0,1,0,97,8,0,0,0,44,0.04274512046554117,0.39455471539074455,0.0,0.0,0.99,8,exponential
q_learning,sparse_seed4,sparse,4,4a77b6e251,1903,225,-11.250000000000025,-10.350000000000023,0.05,0.15,0,out_of_energy,0,0,1,0,99,21,0,0,0,42,0.04464454777379142,0.4940173024585814,0.0,0.0,0.99,8,exponential
q_learning,sparse_seed4,sparse,4,4a77b6e251,1904,225,-11.250000000000025,-10.350000000000023,0.05,0.15,0,out_of_energy,0,0,1,0,109,25,0,0,0,59,0.044278911388014756,0.4451374126570847,0.0,0.0,0.99,8,exponential
q_learning,sparse_seed4,sparse,4,4a77b6e251,1905,225,-11.250000000000025,-10.350000000000023,0.05,0.15,0,out_of_energy,0,0,1,0,85,19,0,0,0,41,0.04452940016579808,0.4483868720089743,0.0,0.0,0.99,8,exponential
q_learning,sparse_seed4,sparse,4,4a77b6e251,1906,225,-11.250000000000025,-10.350000000000023,0.05,0.15,0,out_of_energy,0,0,1,0,101,21,0,0,0,39,0.043213579109472655,0.42028049561982656,0.0,0.0,0.99,8,exponential
q_learning,sparse_seed4,sparse,4,4a77b6e251,1907,225,-11.250000000000025,-10.350000000000023,0.05,0.15,0,out_of_energy,0,0,1,0,98,15,0,0,0,44,0.04491308188279444,0.447016044702564,0.0,0.0,0.99,8,exponential
q_learning,sparse_seed4,sparse,4,4a77b6e251,1908,225,-1.2500000000000027,-10.250000000000023,0.05,0.15,0,out_of_energy,0,0,1,0,86,16,0,0,1,40,0.11080919879372095,5.348031585980144,0.0,0.0,0.99,8,exponential
q_learning,sparse_seed4,sparse,4,4a77b6e251,1909,225,-1.2499999999999951,-10.150000000000022,0.05,0.15,0,out_of_energy,0,0,1,0,93,17,0,0,1,46,0.0843863982746223,1.8992050512153522,0.0,0.0,0.99,8,exponential
q_learning,sparse_seed4,sparse,4,4a77b6e251,1910,225,-11.250000000000025,-10.150000000000023,0.05,0.15,0,out_of_energy,0,0,1,0,107,8,0,0,0,44,0.04341798702280435,0.4268494756113937,0.0,0.0,0.99,8,exponential
q_learning,sparse_seed4,sparse,4,4a77b6e251,1911,225,-11.250000000000025,-10.150000000000022,0.05,0.15,0,out_of_energy,0,0,1,0,100,35,1,0,0,44,0.0447538002646915,0.4826934892808095,0.0,0.0,0.99,8,exponential
q_learning,sparse_seed4,sparse,4,4a77b6e251,1912,225,-11.250000000000025,-10.150000000000023,0.05,0.15,0,out_of_energy,0,0,1,0,103,14,0,0,0,37,0.04672346847517718,0.5049468390061068,0.0,0.0,0.99,8,exponential
q_learning,sparse_seed4,sparse,4,4a77b6e251,1913,225,-11.250000000000025,-10.150000000000022,0.05,0.15,0,out_of_energy,0,0,1,0,95,18,0,0,0,49,0.04547838161960846,0.5298037645411676,0.0,0.0,0.99,8,exponential
q_learning,sparse_seed4,sparse,4,4a77b6e251,1914,225,-11.250000000000025,-10.150000000000022,0.05,0.15,0,out_of_energy,0,0,1,0,129,20,0,0,0,40,0.043863708791266845,0.4928548530618166,0.0,0.0,0.99,8,exponential
q_learning,sparse_seed4,sparse,4,4a77b6e251,1915,225,-11.250000000000025,-10.15000000000002,0.05,0.15,0,out_of_energy,0,0,1,0,104,24,0,0,0,53,0.0435300625666361,0.4545863943725829,0.0,0.0,0.99,8,exponential
q_learning,sparse_seed4,sparse,4,4a77b6e251,1916,225,-11.250000000000025,-10.150000000000022,0.05,0.15,0,out_of_energy,0,0,1,0,89,22,0,0,0,51,0.04581394707367691,0.4931309747812677,0.0,0.0,0.99,8,exponential
q_learning,sparse_seed4,sparse,4,4a77b6e251,1917,225,-11.250000000000025,-10.150000000000022,0.05,0.15,0,out_of_energy,0,0,1,0,88,11,0,0,0,48,0.04399255685705973,0.49599272266075817,0.0,0.0,0.99,8,exponential
q_learning,sparse_seed4,sparse,4,4a77b6e251,1918,225,-11.250000000000025,-10.150000000000022,0.05,0.15,0,out_of_energy,0,0,1,0,93,8,0,0,0,43,0.043394228086067826,0.4968758880836905,0.0,0.0,0.99,8,exponential
q_learning,sparse_seed4,sparse,4,4a77b6e251,1919,225,-11.250000000000025,-10.15000000000002,0.05,0.15,0,out_of_energy,0,0,1,0,82,9,0,0,0,45,0.04390811852695595,0.4856458371493875,0.0,0.0,0.99,8,exponential
q_learning,sparse_seed4,sparse,4,4a77b6e251,1920,225,-11.250000000000025,-10.150000000000022,0.05,0.15,0,out_of_energy,0,0,1,0,93,6,0,0,0,44,0.043884937748643056,0.46760965435029694,0.0,0.0,0.99,8,exponential
q_learning,sparse_seed4,sparse,4,4a77b6e251,1921,225,-11.250000000000025,-10.150000000000022,0.05,0.15,0,out_of_energy,0,0,1,0,84,17,0,0,0,44,0.044467563244003465,0.5141968583946875,0.0,0.0,0.99,8,exponential
q_learning,sparse_seed4,sparse,4,4a77b6e251,1922,225,-11.250000000000025,-10.150000000000022,0.05,0.15,0,out_of_energy,0,0,1,0,102,4,0,0,0,38,0.04396278867814854,0.4658624807240735,0.0,0.0,0.99,8,exponential
q_learning,sparse_seed4,sparse,4,4a77b6e251,1923,225,-11.250000000000025,-10.15000000000002,0.05,0.15,0,out_of_energy,0,0,1,0,102,1,0,0,0,47,0.04418189418659007,0.476924888309673,0.0,0.0,0.99,8,exponential
q_learning,sparse_seed4,sparse,4,4a77b6e251,1924,225,-11.250000000000025,-10.150000000000022,0.05,0.15,0,out_of_energy,0,0,1,0,83,13,0,0,0,48,0.04428837800478041,0.4755705600992512,0.0,0.0,0.99,8,exponential
q_learning,sparse_seed4,sparse,4,4a77b6e251,1925,225,-11.250000000000025,-10.150000000000022,0.05,0.15,0,out_of_energy,0,0,1,0,93,18,0,0,0,45,0.0442273917923856,0.5020046662233183,0.0,0.0,0.99,8,exponential
q_learning,sparse_seed4,sparse,4,4a77b6e251,1926,225,-11.250000000000025,-10.150000000000022,0.05,0.15,0,out_of_energy,0,0,1,0,103,35,0,0,0,50,0.04428076151079322,0.5173290651154953,0.0,0.0,0.99,8,exponential
q_learning,sparse_seed4,sparse,4,4a77b6e251,1927,225,-11.250000000000025,-10.15000000000002,0.05,0.15,0,out_of_energy,0,0,1,0,81,27,5,0,0,38,0.04650472148774959,0.7120790750020276,0.0,0.0,0.99,8,exponential
q_learning,sparse_seed4,sparse,4,4a77b6e251,1928,225,-11.250000000000025,-10.150000000000022,0.05,0.15,0,out_of_energy,0,0,1,0,108,16,0,0,0,43,0.041849018735733656,0.41163495116693694,0.0,0.0,0.99,8,exponential
q_learning,sparse_seed4,sparse,4,4a77b6e251,1929,225,-11.250000000000025,-10.150000000000022,0.05,0.15,0,out_of_energy,0,0,1,0,105,29,0,0,0,47,0.04385201804408628,0.45995683162640094,0.0,0.0,0.99,8,exponential
q_learning,sparse_seed4,sparse,4,4a77b6e251,1930,225,-11.250000000000025,-10.150000000000022,0.05,0.15,0,out_of_energy,0,0,1,0,87,18,0,0,0,48,0.04360624295896061,0.464833234064089,0.0,0.0,0.99,8,exponential
q_learning,sparse_seed4,sparse,4,4a77b6e251,1931,225,-11.250000000000025,-10.15000000000002,0.05,0.15,0,out_of_energy,0,0,1,0,106,22,0,0,0,41,0.043797925552211785,0.5215571228829963,0.0,0.0,0.99,8,exponential
q_learning,sparse_seed4,sparse,4,4a77b6e251,1932,225,-11.250000000000025,-10.150000000000022,0.05,0.15,0,out_of_energy,0,0,1,0,100,7,1,0,0,38,0.043325554419694545,0.5233502148870398,0.0,0.0,0.99,8,exponential
q_learning,sparse_seed4,sparse,4,4a77b6e251,1933,225,-11.250000000000025,-10.150000000000022,0.05,0.15,0,out_of_energy,0,0,1,0,88,16,1,0,0,35,0.044765412316147384,0.5019764196735454,0.0,0.0,0.99,8,exponential
q_learning,sparse_seed4,sparse,4,4a77b6e251,1934,225,-11.250000000000025,-10.150000000000022,0.05,0.15,0,out_of_energy,0,0,1,0,86,9,0,0,0,45,0.043293283905768615,0.49550584153771643,0.0,0.0,0.99,8,exponential
q_learning,sparse_seed4,sparse,4,4a77b6e251,1935,225,-11.250000000000025,-10.250000000000023,0.05,0.15,0,out_of_energy,0,0,1,0,89,6,0,0,0,48,0.042438560880285414,0.43470145126424126,0.0,0.0,0.99,8,exponential
q_learning,sparse_seed4,sparse,4,4a77b6e251,1936,225,-11.250000000000025,-10.250000000000023,0.05,0.15,0,out_of_energy,0,0,1,0,94,15,0,0,0,42,0.04376389250454637,0.5203093009802406,0.0,0.0,0.99,8,exponential
q_learning,sparse_seed4,sparse,4,4a77b6e251,1937,225,-11.250000000000025,-10.250000000000023,0.05,0.15,0,out_of_energy,0,0,1,0,93,8,0,0,0,35,0.04429495627732406,0.5206914104772585,0.0,0.0,0.99,8,exponential
q_learning,sparse_seed4,sparse,4,4a77b6e251,1938,225,-11.250000000000025,-10.250000000000023,0.05,0.15,0,out_of_energy,0,0,1,0,101,8,0,0,0,38,0.0428709566602507,0.4441700309738344,0.0,0.0,0.99,8,exponential
q_learning,sparse_seed4,sparse,4,4a77b6e251,1939,225,-11.250000000000025,-10.250000000000023,0.05,0.15,0,out_of_energy,0,0,1,0,94,6,0,0,0,54,0.043583236694398376,0.48539394299676325,0.0,0.0,0.99,8,exponential
q_learning,sparse_seed4,sparse,4,4a77b6e251,1940,225,-11.250000000000025,-10.250000000000023,0.05,0.15,0,out_of_energy,0,0,1,0,95,16,0,0,0,53,0.04313219331819182,0.5156352868002361,0.0,0.0,0.99,8,exponential
q_learning,sparse_seed4,sparse,4,4a77b6e251,1941,225,-11.250000000000025,-10.250000000000023,0.05,0.15,0,out_of_energy,0,0,1,0,92,18,0,0,0,44,0.04261062004232986,0.42814577444523066,0.0,0.0,0.99,8,exponential
q_learning,sparse_seed4,sparse,4,4a77b6e251,1942,225,-11.250000000000025,-10.250000000000023,0.05,0.15,0,out_of_energy,0,0,1,0,94,26,0,0,0,50,0.04406803022619397,0.5264037415913869,0.0,0.0,0.99,8,exponential
q_learning,sparse_seed4,sparse,4,4a77b6e251,1943,225,-1.2499999999999938,-10.150000000000022,0.05,0.15,0,out_of_energy,0,0,1,0,94,9,0,0,1,52,0.08581321167584817,1.8461065024022654,0.0,0.0,0.99,8,exponential
q_learning,sparse_seed4,sparse,4,4a77b6e251,1944,225,-11.250000000000025,-10.150000000000022,0.05,0.15,0,out_of_energy,0,0,1,0,86,6,0,0,0,46,0.04420941365175472,0.48024837940543624,0.0,0.0,0.99,8,exponential
q_learning,sparse_seed4,sparse,4,4a77b6e251,1945,225,-11.250000000000025,-10.150000000000022,0.05,0.15,0,out_of_energy,0,0,1,0,109,10,0,0,0,66,0.04497268500713082,0.4899832416586701,0.0,0.0,0.99,8,exponential
q_learning,sparse_seed4,sparse,4,4a77b6e251,1946,225,-11.250000000000025,-10.150000000000023,0.05,0.15,0,out_of_energy,0,0,1,0,90,10,4,0,0,47,0.04603386015087436,0.5883386592717174,0.0,0.0,0.99,8,exponential
q_learning,sparse_seed4,sparse,4,4a77b6e251,1947,225,-1.2500000000000169,-10.050000000000022,0.05,0.15,0,out_of_energy,0,0,1,0,86,9,0,0,1,46,0.081115833722792,2.642270760398313,0.0,0.0,0.99,8,exponential
q_learning,sparse_seed4,sparse,4,4a77b6e251,1948,225,-11.250000000000025,-10.050000000000022,0.05,0.15,0,out_of_energy,0,0,1,0,105,17,0,0,0,57,0.04574991396398573,0.4850157571098404,0.0,0.0,0.99,8,exponential
q_learning,sparse_seed4,sparse,4,4a77b6e251,1949,225,-11.250000000000025,-10.05000000000002,0.05,0.15,0,out_of_energy,0,0,1,0,77,26,0,0,0,45,0.04515575262456664,0.5092742868829637,0.0,0.0,0.99,8,exponential
q_learning,sparse_seed4,sparse,4,4a77b6e251,1950,225,-11.250000000000025,-10.050000000000022,0.05,0.15,0,out_of_energy,0,0,1,0,81,21,7,0,0,38,0.04619013190490296,0.5008375849783901,0.0,0.0,0.99,8,exponential
q_learning,sparse_seed4,sparse,4,4a77b6e251,1951,225,-1.2500000000000069,-9.950000000000022,0.05,0.15,0,out_of_energy,0,0,1,0,107,12,0,0,1,35,0.10758499914698105,6.215429251504561,0.0,0.0,0.99,8,exponential
q_learning,sparse_seed4,sparse,4,4a77b6e251,1952,225,-11.250000000000025,-9.950000000000022,0.05,0.15,0,out_of_energy,0,0,1,0,93,20,0,0,0,53,0.04357610475148084,0.5264070822729615,0.0,0.0,0.99,8,exponential
q_learning,sparse_seed4,sparse,4,4a77b6e251,1953,225,-11.250000000000025,-9.95000000000002,0.05,0.15,0,out_of_energy,0,0,1,0,94,9,0,0,0,44,0.04459685977074701,0.48027077117855693,0.0,0.0,0.99,8,exponential
q_learning,sparse_seed4,sparse,4,4a77b6e251,1954,225,-11.250000000000025,-10.050000000000022,0.05,0.15,0,out_of_energy,0,0,1,0,93,0,0,0,0,52,0.043895534862772964,0.40775605494224637,0.0,0.0,0.99,8,exponential
q_learning,sparse_seed4,sparse,4,4a77b6e251,1955,225,-11.250000000000025,-10.150000000000022,0.05,0.15,0,out_of_energy,0,0,1,0,88,10,0,0,0,40,0.0435774235735395,0.4958643201814144,0.0,0.0,0.99,8,exponential
q_learning,sparse_seed4,sparse,4,4a77b6e251,1956,225,-1.2500000000000042,-10.050000000000022,0.05,0.15,0,out_of_energy,0,0,1,0,98,2,0,0,1,40,0.08609385919492031,1.8140905635489069,0.0,0.0,0.99,8,exponential
q_learning,sparse_seed4,sparse,4,4a77b6e251,1957,225,-11.250000000000025,-10.150000000000023,0.05,0.15,0,out_of_energy,0,0,1,0,95,4,0,0,0,49,0.04447839366593395,0.4881469774726093,0.0,0.0,0.99,8,exponential
q_learning,sparse_seed4,sparse,4,4a77b6e251,1958,225,-11.250000000000025,-10.250000000000023,0.05,0.15,0,out_of_energy,0,0,1,0,88,11,0,0,0,45,0.04106603529501761,0.2908833732958176,0.0,0.0,0.99,8,exponential
q_learning,sparse_seed4,sparse,4,4a77b6e251,1959,225,-11.250000000000025,-10.350000000000023,0.05,0.15,0,out_of_energy,0,0,1,0,88,26,0,0,0,37,0.04471606176665847,0.5272997228030621,0.0,0.0,0.99,8,exponential
q_learning,sparse_seed4,sparse,4,4a77b6e251,1960,225,-11.250000000000025,-10.350000000000023,0.05,0.15,0,out_of_energy,0,0,1,0,95,16,3,0,0,52,0.043934424147526976,0.4989572179225104,0.0,0.0,0.99,8,exponential
q_learning,sparse_seed4,sparse,4,4a77b6e251,1961,225,-11.250000000000025,-10.350000000000023,0.05,0.15,0,out_of_energy,0,0,1,0,95,3,0,0,0,41,0.043488187129610424,0.46187293940582025,0.0,0.0,0.99,8,exponential
q_learning,sparse_seed4,sparse,4,4a77b6e251,1962,225,-11.250000000000025,-10.450000000000022,0.05,0.15,0,out_of_energy,0,0,1,0,94,14,0,0,0,53,0.0436382063912758,0.5318110209574137,0.0,0.0,0.99,8,exponential
q_learning,sparse_seed4,sparse,4,4a77b6e251,1963,225,-1.2500000000000195,-10.450000000000024,0.05,0.15,0,out_of_energy,0,0,1,0,95,21,0,0,1,39,0.07910314103364584,2.4413031183290643,0.0,0.0,0.99,8,exponential
q_learning,sparse_seed4,sparse,4,4a77b6e251,1964,225,-11.250000000000025,-10.450000000000022,0.05,0.15,0,out_of_energy,0,0,1,0,86,17,0,0,0,62,0.04330076690362635,0.4768723067876885,0.0,0.0,0.99,8,exponential
q_learning,sparse_seed4,sparse,4,4a77b6e251,1965,225,-11.250000000000025,-10.450000000000022,0.05,0.15,0,out_of_energy,0,0,1,0,106,10,0,0,0,52,0.0444118092594804,0.4406833023562169,0.0,0.0,0.99,8,exponential
q_learning,sparse_seed4,sparse,4,4a77b6e251,1966,225,-11.250000000000025,-10.450000000000022,0.05,0.15,0,out_of_energy,0,0,1,0,91,16,0,0,0,49,0.04322222551273644,0.5054994729956892,0.0,0.0,0.99,8,exponential
q_learning,sparse_seed4,sparse,4,4a77b6e251,1967,225,-11.250000000000025,-10.450000000000024,0.05,0.15,0,out_of_energy,0,0,1,0,112,8,0,0,0,42,0.04375538906489551,0.5008314505371021,0.0,0.0,0.99,8,exponential
q_learning,sparse_seed4,sparse,4,4a77b6e251,1968,225,-1.2499999999999871,-10.350000000000023,0.05,0.15,0,out_of_energy,0,0,1,0,95,18,0,0,1,38,0.0821240709397546,2.0738671995938027,0.0,0.0,0.99,8,exponential
q_learning,sparse_seed4,sparse,4,4a77b6e251,1969,225,-11.250000000000025,-10.350000000000023,0.05,0.15,0,out_of_energy,0,0,1,0,104,7,0,0,0,48,0.040528210073911025,0.19144759094161523,0.0,0.0,0.99,8,exponential
q_learning,sparse_seed4,sparse,4,4a77b6e251,1970,225,-11.250000000000025,-10.350000000000023,0.05,0.15,0,out_of_energy,0,0,1,0,87,4,0,0,0,49,0.043634044611534466,0.5207475604979481,0.0,0.0,0.99,8,exponential
q_learning,sparse_seed4,sparse,4,4a77b6e251,1971,225,-11.250000000000025,-10.450000000000024,0.05,0.15,0,out_of_energy,0,0,1,0,94,8,0,0,0,41,0.044680555580841406,0.49240306318989474,0.0,0.0,0.99,8,exponential
q_learning,sparse_seed4,sparse,4,4a77b6e251,1972,225,-1.2500000000000042,-10.350000000000023,0.05,0.15,0,out_of_energy,0,0,1,0,109,6,0,0,1,53,0.10888306311871424,7.287335485710106,0.0,0.0,0.99,8,exponential
q_learning,sparse_seed4,sparse,4,4a77b6e251,1973,225,-11.250000000000025,-10.350000000000023,0.05,0.15,0,out_of_energy,0,0,1,0,84,8,0,0,0,35,0.04381731555288332,0.48937902645925674,0.0,0.0,0.99,8,exponential
q_learning,sparse_seed4,sparse,4,4a77b6e251,1974,225,-11.250000000000025,-10.350000000000023,0.05,0.15,0,out_of_energy,0,0,1,0,95,34,0,0,0,50,0.041747604972118726,0.4345176021725233,0.0,0.0,0.99,8,exponential
q_learning,sparse_seed4,sparse,4,4a77b6e251,1975,225,-11.250000000000025,-10.350000000000023,0.05,0.15,0,out_of_energy,0,0,1,0,89,5,0,0,0,59,0.04283307075164425,0.4249673901718189,0.0,0.0,0.99,8,exponential
q_learning,sparse_seed4,sparse,4,4a77b6e251,1976,225,-11.250000000000025,-10.350000000000023,0.05,0.15,0,out_of_energy,0,0,1,0,101,1,0,0,0,43,0.04336121999292167,0.5234241255652531,0.0,0.0,0.99,8,exponential
q_learning,sparse_seed4,sparse,4,4a77b6e251,1977,225,-11.250000000000025,-10.350000000000023,0.05,0.15,0,out_of_energy,0,0,1,0,104,4,0,0,0,41,0.04095766848327912,0.290743949522436,0.0,0.0,0.99,8,exponential
q_learning,sparse_seed4,sparse,4,4a77b6e251,1978,225,-11.250000000000025,-10.350000000000023,0.05,0.15,0,out_of_energy,0,0,1,0,102,11,0,0,0,54,0.04318885701848607,0.4996538018260506,0.0,0.0,0.99,8,exponential
q_learning,sparse_seed4,sparse,4,4a77b6e251,1979,225,-1.2499999999999978,-10.250000000000023,0.05,0.15,0,out_of_energy,0,0,1,0,98,8,0,0,1,44,0.10993009871223737,7.166664260396669,0.0,0.0,0.99,8,exponential
q_learning,sparse_seed4,sparse,4,4a77b6e251,1980,225,-11.250000000000025,-10.250000000000023,0.05,0.15,0,out_of_energy,0,0,1,0,88,17,0,0,0,49,0.04361893675213644,0.4660502858093159,0.0,0.0,0.99,8,exponential
q_learning,sparse_seed4,sparse,4,4a77b6e251,1981,225,-11.250000000000025,-10.250000000000023,0.05,0.15,0,out_of_energy,0,0,1,0,96,20,0,0,0,56,0.043140439339194675,0.4921973260708454,0.0,0.0,0.99,8,exponential
q_learning,sparse_seed4,sparse,4,4a77b6e251,1982,225,-11.250000000000025,-10.250000000000023,0.05,0.15,0,out_of_energy,0,0,1,0,79,9,0,0,0,48,0.043786356664981256,0.47043869668777877,0.0,0.0,0.99,8,exponential
q_learning,sparse_seed4,sparse,4,4a77b6e251,1983,225,-11.250000000000025,-10.250000000000023,0.05,0.15,0,out_of_energy,0,0,1,0,95,17,0,0,0,42,0.04369759261033783,0.442635426423256,0.0,0.0,0.99,8,exponential
q_learning,sparse_seed4,sparse,4,4a77b6e251,1984,225,-11.250000000000025,-10.250000000000023,0.05,0.15,0,out_of_energy,0,0,1,0,102,53,0,0,0,53,0.04546151967631774,0.5063686872323148,0.0,0.0,0.99,8,exponential
q_learning,sparse_seed4,sparse,4,4a77b6e251,1985,225,-11.250000000000025,-10.250000000000023,0.05,0.15,0,out_of_energy,0,0,1,0,96,7,0,0,0,49,0.044104957764003846,0.5222211787581986,0.0,0.0,0.99,8,exponential
q_learning,sparse_seed4,sparse,4,4a77b6e251,1986,225,-1.2499999999999822,-10.150000000000023,0.05,0.15,0,out_of_energy,0,0,1,0,94,11,0,0,1,57,0.1122662762484042,2.953608747080686,0.0,0.0,0.99,8,exponential
q_learning,sparse_seed4,sparse,4,4a77b6e251,1987,225,-1.2499999999999822,-10.050000000000022,0.05,0.15,0,out_of_energy,0,0,1,0,85,28,0,0,1,48,0.1302743031772042,4.898029496741551,0.0,0.0,0.99,8,exponential
q_learning,sparse_seed4,sparse,4,4a77b6e251,1988,225,-11.250000000000025,-10.050000000000022,0.05,0.15,0,out_of_energy,0,0,1,0,92,18,0,0,0,40,0.04392095906499405,0.4121584485783809,0.0,0.0,0.99,8,exponential
q_learning,sparse_seed4,sparse,4,4a77b6e251,1989,225,-11.250000000000025,-10.050000000000022,0.05,0.15,0,out_of_energy,0,0,1,0,110,12,0,0,0,44,0.04234823542988697,0.33310693743927416,0.0,0.0,0.99,8,exponential
q_learning,sparse_seed4,sparse,4,4a77b6e251,1990,225,-11.250000000000025,-10.050000000000022,0.05,0.15,0,out_of_energy,0,0,1,0,93,22,0,0,0,46,0.04388916892555119,0.4981465896532445,0.0,0.0,0.99,8,exponential
q_learning,sparse_seed4,sparse,4,4a77b6e251,1991,225,-11.250000000000025,-10.050000000000022,0.05,0.15,0,out_of_energy,0,0,1,0,92,29,0,0,0,49,0.044080174582326916,0.49140752782716385,0.0,0.0,0.99,8,exponential
q_learning,sparse_seed4,sparse,4,4a77b6e251,1992,225,-1.2500000000000098,-9.950000000000022,0.05,0.15,0,out_of_energy,0,0,1,0,94,19,0,0,1,47,0.07870718728822435,2.2815271007059117,0.0,0.0,0.99,8,exponential
q_learning,sparse_seed4,sparse,4,4a77b6e251,1993,225,-1.2499999999999822,-9.850000000000021,0.05,0.15,0,out_of_energy,0,0,1,0,82,18,0,0,1,53,0.1407894929436584,4.271044711834873,0.0,0.0,0.99,8,exponential
q_learning,sparse_seed4,sparse,4,4a77b6e251,1994,225,-11.250000000000025,-9.850000000000023,0.05,0.15,0,out_of_energy,0,0,1,0,97,23,0,0,0,42,0.043617923414046064,0.47330295407555706,0.0,0.0,0.99,8,exponential
q_learning,sparse_seed4,sparse,4,4a77b6e251,1995,225,-11.250000000000025,-9.850000000000023,0.05,0.15,0,out_of_energy,0,0,1,0,102,15,0,0,0,49,0.04142886666720789,0.30691103744112136,0.0,0.0,0.99,8,exponential
q_learning,sparse_seed4,sparse,4,4a77b6e251,1996,225,-1.2499999999999978,-9.750000000000021,0.05,0.15,0,out_of_energy,0,0,1,0,93,11,0,0,1,33,0.0793635979340597,1.7571127755160845,0.0,0.0,0.99,8,exponential
q_learning,sparse_seed4,sparse,4,4a77b6e251,1997,225,-1.2499999999999822,-9.650000000000022,0.05,0.15,0,out_of_energy,0,0,1,0,105,21,0,0,1,54,0.1009166275066429,3.0354034038088766,0.0,0.0,0.99,8,exponential
q_learning,sparse_seed4,sparse,4,4a77b6e251,1998,225,-1.2499999999999822,-9.550000000000022,0.05,0.15,0,out_of_energy,0,0,1,0,95,30,0,0,1,43,0.11718362527339474,6.124570717481562,0.0,0.0,0.99,8,exponential
q_learning,sparse_seed4,sparse,4,4a77b6e251,1999,225,-1.2499999999999871,-9.450000000000022,0.05,0.15,0,out_of_energy,0,0,1,0,102,3,0,0,1,46,0.14305454048375035,6.350792056590837,0.0,0.0,0.99,8,exponential
q_learning,sparse_seed4,sparse,4,4a77b6e251,2000,225,-1.2499999999999885,-9.350000000000021,0.05,0.15,0,out_of_energy,0,0,1,0,99,7,0,0,1,46,0.07742975903691529,2.1064515982923693,0.0,0.0,0.99,8,exponential
q_learning,sparse_seed4,sparse,4,4a77b6e251,2001,225,-1.2499999999999984,-9.250000000000021,0.05,0.15,0,out_of_energy,0,0,1,0,112,5,0,0,1,47,0.07919334430364168,1.7116204192532631,0.0,0.0,0.99,8,exponential
q_learning,sparse_seed4,sparse,4,4a77b6e251,2002,225,-11.250000000000025,-9.250000000000021,0.05,0.15,0,out_of_energy,0,0,1,0,109,4,0,0,0,51,0.04344919543000775,0.5070187452402329,0.0,0.0,0.99,8,exponential
q_learning,sparse_seed4,sparse,4,4a77b6e251,2003,225,-11.250000000000025,-9.250000000000021,0.05,0.15,0,out_of_energy,0,0,1,0,90,9,0,0,0,48,0.04214192979017582,0.44218352016760915,0.0,0.0,0.99,8,exponential
q_learning,sparse_seed4,sparse,4,4a77b6e251,2004,225,-1.2499999999999822,-9.15000000000002,0.05,0.15,0,out_of_energy,0,0,1,0,97,14,0,0,1,43,0.15039213872592233,5.2956732108372355,0.0,0.0,0.99,8,exponential
q_learning,sparse_seed4,sparse,4,4a77b6e251,2005,225,-11.250000000000025,-9.15000000000002,0.05,0.15,0,out_of_energy,0,0,1,0,82,1,0,0,0,48,0.04490926346387648,0.5076831149465201,0.0,0.0,0.99,8,exponential
q_learning,sparse_seed4,sparse,4,4a77b6e251,2006,225,-11.250000000000025,-9.15000000000002,0.05,0.15,0,out_of_energy,0,0,1,0,98,8,0,0,0,38,0.04144930487787634,0.3080401054328393,0.0,0.0,0.99,8,exponential
q_learning,sparse_seed4,sparse,4,4a77b6e251,2007,225,-11.250000000000025,-9.15000000000002,0.05,0.15,0,out_of_energy,0,0,1,0,106,35,0,0,0,44,0.041809081708958175,0.43166698733321146,0.0,0.0,0.99,8,exponential
q_learning,sparse_seed4,sparse,4,4a77b6e251,2008,225,-1.2499999999999951,-9.15000000000002,0.05,0.15,0,out_of_energy,0,0,1,0,89,14,0,0,1,46,0.07700089804040727,1.6947639879700311,0.0,0.0,0.99,8,exponential
q_learning,sparse_seed4,sparse,4,4a77b6e251,2009,225,-1.2500000000000182,-9.15000000000002,0.05,0.15,0,out_of_energy,0,0,1,0,91,30,0,0,1,40,0.11645370249379107,7.328101709561089,0.0,0.0,0.99,8,exponential
q_learning,sparse_seed4,sparse,4,4a77b6e251,2010,225,-1.2500000000000078,-9.05000000000002,0.05,0.15,0,out_of_energy,0,0,1,0,90,2,0,0,1,45,0.08925467058507791,1.871380246001416,0.0,0.0,0.99,8,exponential
q_learning,sparse_seed4,sparse,4,4a77b6e251,2011,225,-11.250000000000025,-9.05000000000002,0.05,0.15,0,out_of_energy,0,0,1,0,96,37,0,0,0,56,0.04639923877529854,0.49234739681000256,0.0,0.0,0.99,8,exponential
q_learning,sparse_seed4,sparse,4,4a77b6e251,2012,225,-11.250000000000025,-9.05000000000002,0.05,0.15,0,out_of_energy,0,0,1,0,98,5,0,0,0,60,0.04481948283330343,0.4304133841474676,0.0,0.0,0.99,8,exponential
q_learning,sparse_seed4,sparse,4,4a77b6e251,2013,225,-11.250000000000025,-9.05000000000002,0.05,0.15,0,out_of_energy,0,0,1,0,89,10,0,0,0,54,0.045394257385951584,0.5084373890763274,0.0,0.0,0.99,8,exponential
q_learning,sparse_seed4,sparse,4,4a77b6e251,2014,225,-11.250000000000025,-9.050000000000018,0.05,0.15,0,out_of_energy,0,0,1,0,86,9,0,0,0,44,0.04467805863494947,0.4969815059183616,0.0,0.0,0.99,8,exponential
q_learning,sparse_seed4,sparse,4,4a77b6e251,2015,225,-11.250000000000025,-9.05000000000002,0.05,0.15,0,out_of_energy,0,0,1,0,77,26,0,0,0,43,0.04455179441189,0.500865999150507,0.0,0.0,0.99,8,exponential
q_learning,sparse_seed4,sparse,4,4a77b6e251,2016,225,-1.2499999999999964,-8.950000000000019,0.05,0.15,0,out_of_energy,0,0,1,0,95,11,0,0,1,48,0.07995319396352069,1.8317807034547906,0.0,0.0,0.99,8,exponential
q_learning,sparse_seed4,sparse,4,4a77b6e251,2017,225,-1.2499999999999822,-8.850000000000021,0.05,0.15,0,out_of_energy,0,0,1,0,98,15,0,0,1,48,0.13411676104565404,5.1516050198675,0.0,0.0,0.99,8,exponential
q_learning,sparse_seed4,sparse,4,4a77b6e251,2018,225,-1.249999999999982,-8.75000000000002,0.05,0.15,0,out_of_energy,0,0,1,0,105,5,0,0,1,53,0.10071592169634433,2.1445132169744126,0.0,0.0,0.99,8,exponential
q_learning,sparse_seed4,sparse,4,4a77b6e251,2019,225,-1.249999999999982,-8.65000000000002,0.05,0.15,0,out_of_energy,0,0,1,0,98,10,0,0,1,59,0.11700684521989713,5.790986496299707,0.0,0.0,0.99,8,exponential
q_learning,sparse_seed4,sparse,4,4a77b6e251,2020,225,-1.2499999999999822,-8.550000000000018,0.05,0.15,0,out_of_energy,0,0,1,0,96,31,0,0,1,35,0.12170187153799174,3.5766889009749603,0.0,0.0,0.99,8,exponential
q_learning,sparse_seed4,sparse,4,4a77b6e251,2021,225,-1.2500000000000049,-8.450000000000019,0.05,0.15,0,out_of_energy,0,0,1,0,94,9,0,0,1,41,0.07915257988167457,1.7999860784932253,0.0,0.0,0.99,8,exponential
q_learning,sparse_seed4,sparse,4,4a77b6e251,2022,225,-1.2500000000000209,-8.350000000000017,0.05,0.15,0,out_of_energy,0,0,1,0,94,8,0,0,1,43,0.07771264130906869,2.238225926982321,0.0,0.0,0.99,8,exponential
q_learning,sparse_seed4,sparse,4,4a77b6e251,2023,225,-11.250000000000025,-8.350000000000017,0.05,0.15,0,out_of_energy,0,0,1,0,107,1,0,0,0,40,0.04362795486720673,0.5090422389204303,0.0,0.0,0.99,8,exponential
q_learning,sparse_seed4,sparse,4,4a77b6e251,2024,225,-11.250000000000025,-8.350000000000017,0.05,0.15,0,out_of_energy,0,0,1,0,90,6,0,0,0,49,0.04399291833931651,0.4666955433607978,0.0,0.0,0.99,8,exponential
q_learning,sparse_seed4,sparse,4,4a77b6e251,2025,225,-11.250000000000025,-8.350000000000017,0.05,0.15,0,out_of_energy,0,0,1,0,111,8,0,0,0,42,0.04298966817499367,0.46644933874945566,0.0,0.0,0.99,8,exponential
q_learning,sparse_seed4,sparse,4,4a77b6e251,2026,225,-1.2499999999999822,-8.250000000000016,0.05,0.15,0,out_of_energy,0,0,1,0,95,22,0,0,1,44,0.08780961670675946,2.7521386728432766,0.0,0.0,0.99,8,exponential
q_learning,sparse_seed4,sparse,4,4a77b6e251,2027,225,-1.2499999999999822,-8.150000000000016,0.05,0.15,0,out_of_energy,0,0,1,0,111,37,0,0,1,45,0.12642731029030796,5.745399391221392,0.0,0.0,0.99,8,exponential
q_learning,sparse_seed4,sparse,4,4a77b6e251,2028,225,-11.250000000000025,-8.150000000000016,0.05,0.15,0,out_of_energy,0,0,1,0,90,4,0,0,0,51,0.042191948135830104,0.43666485390555126,0.0,0.0,0.99,8,exponential
q_learning,sparse_seed4,sparse,4,4a77b6e251,2029,225,-11.250000000000025,-8.150000000000016,0.05,0.15,0,out_of_energy,0,0,1,0,90,3,0,0,0,49,0.0437481744625381,0.5078005095806282,0.0,0.0,0.99,8,exponential
q_learning,sparse_seed4,sparse,4,4a77b6e251,2030,225,-11.250000000000025,-8.150000000000016,0.05,0.15,0,out_of_energy,0,0,1,0,110,1,0,0,0,51,0.043446186699987704,0.4971043620164846,0.0,0.0,0.99,8,exponential
q_learning,sparse_seed4,sparse,4,4a77b6e251,2031,225,-11.250000000000025,-8.150000000000016,0.05,0.15,0,out_of_energy,0,0,1,0,91,22,0,0,0,49,0.04314042141615375,0.4326859030823658,0.0,0.0,0.99,8,exponential
q_learning,sparse_seed4,sparse,4,4a77b6e251,2032,225,-11.250000000000025,-8.150000000000016,0.05,0.15,0,out_of_energy,0,0,1,0,80,8,3,0,0,45,0.045835177194676995,0.49619692307354596,0.0,0.0,0.99,8,exponential
q_learning,sparse_seed4,sparse,4,4a77b6e251,2033,225,-11.250000000000025,-8.150000000000016,0.05,0.15,0,out_of_energy,0,0,1,0,100,15,0,0,0,37,0.043094849541294264,0.48446630827688214,0.0,0.0,0.99,8,exponential
q_learning,sparse_seed4,sparse,4,4a77b6e251,2034,225,-11.250000000000025,-8.150000000000016,0.05,0.15,0,out_of_energy,0,0,1,0,94,1,7,0,0,46,0.04371045505506496,0.4326525938651866,0.0,0.0,0.99,8,exponential
q_learning,sparse_seed4,sparse,4,4a77b6e251,2035,225,-11.250000000000025,-8.150000000000016,0.05,0.15,0,out_of_energy,0,0,1,0,100,18,0,0,0,43,0.04315481441446584,0.5033580831656517,0.0,0.0,0.99,8,exponential
q_learning,sparse_seed4,sparse,4,4a77b6e251,2036,225,-11.250000000000025,-8.150000000000016,0.05,0.15,0,out_of_energy,0,0,1,0,86,15,0,0,0,39,0.04295131763114014,0.5178952729060288,0.0,0.0,0.99,8,exponential
q_learning,sparse_seed4,sparse,4,4a77b6e251,2037,225,-11.250000000000025,-8.150000000000016,0.05,0.15,0,out_of_energy,0,0,1,0,102,6,0,0,0,37,0.04415540719406363,0.505256472607191,0.0,0.0,0.99,8,exponential
q_learning,sparse_seed4,sparse,4,4a77b6e251,2038,225,-11.250000000000025,-8.150000000000016,0.05,0.15,0,out_of_energy,0,0,1,0,108,18,0,0,0,43,0.04180229717538828,0.512176548892566,0.0,0.0,0.99,8,exponential
q_learning,sparse_seed4,sparse,4,4a77b6e251,2039,225,-11.250000000000025,-8.150000000000016,0.05,0.15,0,out_of_energy,0,0,1,0,82,4,0,0,0,52,0.04463881001213952,0.5000446070032508,0.0,0.0,0.99,8,exponential
q_learning,sparse_seed4,sparse,4,4a77b6e251,2040,225,-11.250000000000025,-8.150000000000016,0.05,0.15,0,out_of_energy,0,0,1,0,103,6,0,0,0,38,0.043419901665171165,0.4981025610370064,0.0,0.0,0.99,8,exponential
q_learning,sparse_seed4,sparse,4,4a77b6e251,2041,225,-11.250000000000025,-8.150000000000016,0.05,0.15,0,out_of_energy,0,0,1,0,98,15,0,0,0,44,0.04460469857611696,0.45885018107465386,0.0,0.0,0.99,8,exponential
q_learning,sparse_seed4,sparse,4,4a77b6e251,2042,225,-1.2500000000000235,-8.050000000000017,0.05,0.15,0,out_of_energy,0,0,1,0,90,8,0,0,1,50,0.07850115459196229,2.1996612009575736,0.0,0.0,0.99,8,exponential
q_learning,sparse_seed4,sparse,4,4a77b6e251,2043,225,-11.250000000000025,-8.150000000000016,0.05,0.15,0,out_of_energy,0,0,1,0,94,18,0,0,0,41,0.045523123373755636,0.536112456850036,0.0,0.0,0.99,8,exponential
q_learning,sparse_seed4,sparse,4,4a77b6e251,2044,225,-11.250000000000025,-8.150000000000016,0.05,0.15,0,out_of_energy,0,0,1,0,82,5,0,0,0,49,0.04358074629106621,0.512715348566968,0.0,0.0,0.99,8,exponential
q_learning,sparse_seed4,sparse,4,4a77b6e251,2045,225,-1.2500000000000229,-8.050000000000017,0.05,0.15,0,out_of_energy,0,0,1,0,88,7,0,0,1,45,0.09000706201326458,2.182918195257905,0.0,0.0,0.99,8,exponential
q_learning,sparse_seed4,sparse,4,4a77b6e251,2046,225,-1.2499999999999822,-7.950000000000016,0.05,0.15,0,out_of_energy,0,0,1,0,106,33,0,0,1,43,0.1158132406180308,4.261143527397098,0.0,0.0,0.99,8,exponential
q_learning,sparse_seed4,sparse,4,4a77b6e251,2047,225,-1.2499999999999822,-7.950000000000016,0.05,0.15,0,out_of_energy,0,0,1,0,99,17,0,0,1,40,0.09241015416100573,4.057117056937176,0.0,0.0,0.99,8,exponential
q_learning,sparse_seed4,sparse,4,4a77b6e251,2048,225,-1.2499999999999822,-7.850000000000016,0.05,0.15,0,out_of_energy,0,0,1,0,94,15,0,0,1,40,0.10563833361686628,3.9295706994518325,0.0,0.0,0.99,8,exponential
q_learning,sparse_seed4,sparse,4,4a77b6e251,2049,225,-1.2499999999999822,-7.750000000000017,0.05,0.15,0,out_of_energy,0,0,1,0,88,11,0,0,1,44,0.07802641058811174,2.276570128929368,0.0,0.0,0.99,8,exponential
q_learning,sparse_seed4,sparse,4,4a77b6e251,2050,225,-1.2499999999999822,-7.650000000000016,0.05,0.15,0,out_of_energy,0,0,1,0,103,5,0,0,1,45,0.10982931999013021,3.5697211990928617,0.0,0.0,0.99,8,exponential
q_learning,sparse_seed4,sparse,4,4a77b6e251,2051,225,-1.2499999999999822,-7.650000000000016,0.05,0.15,0,out_of_energy,0,0,1,0,109,11,0,0,1,49,0.07948460191983399,1.5942953571414078,0.0,0.0,0.99,8,exponential
q_learning,sparse_seed4,sparse,4,4a77b6e251,2052,225,-1.2499999999999822,-7.550000000000015,0.05,0.15,0,out_of_energy,0,0,1,0,100,16,0,0,1,51,0.1054932554006817,3.176976451771679,0.0,0.0,0.99,8,exponential
q_learning,sparse_seed4,sparse,4,4a77b6e251,2053,225,-1.2499999999999822,-7.450000000000016,0.05,0.15,0,out_of_energy,0,0,1,0,89,14,0,0,1,45,0.10361576442534752,2.759090195973939,0.0,0.0,0.99,8,exponential
q_learning,sparse_seed4,sparse,4,4a77b6e251,2054,225,-11.250000000000025,-7.4500000000000135,0.05,0.15,0,out_of_energy,0,0,1,0,99,9,0,0,0,47,0.04410567065555113,0.4835746082955212,0.0,0.0,0.99,8,exponential
q_learning,sparse_seed4,sparse,4,4a77b6e251,2055,225,-1.2499999999999822,-7.350000000000014,0.05,0.15,0,out_of_energy,0,0,1,0,109,6,0,0,1,43,0.11785016895847207,4.15847157167365,0.0,0.0,0.99,8,exponential
q_learning,sparse_seed4,sparse,4,4a77b6e251,2056,225,-11.250000000000025,-7.4500000000000135,0.05,0.15,0,out_of_energy,0,0,1,0,91,16,0,0,0,39,0.04382775622524836,0.5170076425173811,0.0,0.0,0.99,8,exponential
q_learning,sparse_seed4,sparse,4,4a77b6e251,2057,225,-1.2499999999999822,-7.350000000000014,0.05,0.15,0,out_of_energy,0,0,1,0,101,20,0,0,1,40,0.1129679144812646,3.182799238372289,0.0,0.0,0.99,8,exponential
q_learning,sparse_seed4,sparse,4,4a77b6e251,2058,225,-1.2499999999999822,-7.250000000000013,0.05,0.15,0,out_of_energy,0,0,1,0,106,24,0,0,1,44,0.10143299179148046,2.8459088348100234,0.0,0.0,0.99,8,exponential
q_learning,sparse_seed4,sparse,4,4a77b6e251,2059,225,-11.250000000000025,-7.250000000000013,0.05,0.15,0,out_of_energy,0,0,1,0,97,4,0,0,0,49,0.04228748554695683,0.5140162407154756,0.0,0.0,0.99,8,exponential
q_learning,sparse_seed4,sparse,4,4a77b6e251,2060,225,-1.2499999999999822,-7.150000000000014,0.05,0.15,0,out_of_energy,0,0,1,0,93,27,0,0,1,43,0.14875799503738235,4.48530502044291,0.0,0.0,0.99,8,exponential
q_learning,sparse_seed4,sparse,4,4a77b6e251,2061,225,-11.250000000000025,-7.150000000000013,0.05,0.15,0,out_of_energy,0,0,1,0,100,15,1,0,0,43,0.042779660331277475,0.5118929050588056,0.0,0.0,0.99,8,exponential
q_learning,sparse_seed4,sparse,4,4a77b6e251,2062,225,-11.250000000000025,-7.150000000000011,0.05,0.15,0,out_of_energy,0,0,1,0,108,13,0,0,0,56,0.04247776506810136,0.5027088433066874,0.0,0.0,0.99,8,exponential
q_learning,sparse_seed4,sparse,4,4a77b6e251,2063,225,-11.250000000000025,-7.2500000000000115,0.05,0.15,0,out_of_energy,0,0,1,0,97,23,0,0,0,50,0.04375848159791123,0.5240962527075735,0.0,0.0,0.99,8,exponential
q_learning,sparse_seed4,sparse,4,4a77b6e251,2064,225,-11.250000000000025,-7.2500000000000115,0.05,0.15,0,out_of_energy,0,0,1,0,89,11,0,0,0,41,0.04338088750000532,0.5317411527635592,0.0,0.0,0.99,8,exponential
q_learning,sparse_seed4,sparse,4,4a77b6e251,2065,225,-11.250000000000025,-7.2500000000000115,0.05,0.15,0,out_of_energy,0,0,1,0,79,13,0,0,0,54,0.043046527978594755,0.5100131255555282,0.0,0.0,0.99,8,exponential
q_learning,sparse_seed4,sparse,4,4a77b6e251,2066,225,-11.250000000000025,-7.2500000000000115,0.05,0.15,0,out_of_energy,0,0,1,0,86,27,0,0,0,39,0.044916346655950734,0.4914598659205714,0.0,0.0,0.99,8,exponential
q_learning,sparse_seed4,sparse,4,4a77b6e251,2067,225,-1.2500000000000215,-7.150000000000011,0.05,0.15,0,out_of_energy,0,0,1,0,86,15,0,0,1,41,0.07996823230275274,2.110882165772387,0.0,0.0,0.99,8,exponential
q_learning,sparse_seed4,sparse,4,4a77b6e251,2068,225,-11.250000000000025,-7.2500000000000115,0.05,0.15,0,out_of_energy,0,0,1,0,95,12,0,0,0,46,0.04265601191634903,0.4460938626779829,0.0,0.0,0.99,8,exponential
q_learning,sparse_seed4,sparse,4,4a77b6e251,2069,225,-1.2499999999999822,-7.150000000000011,0.05,0.15,0,out_of_energy,0,0,1,0,92,27,0,0,1,44,0.11432953822620745,3.51202891936829,0.0,0.0,0.99,8,exponential
q_learning,sparse_seed4,sparse,4,4a77b6e251,2070,225,-11.250000000000025,-7.150000000000013,0.05,0.15,0,out_of_energy,0,0,1,0,89,45,0,0,0,51,0.0430266310576167,0.5138957183478015,0.0,0.0,0.99,8,exponential
q_learning,sparse_seed4,sparse,4,4a77b6e251,2071,225,-11.250000000000025,-7.150000000000011,0.05,0.15,0,out_of_energy,0,0,1,0,84,13,0,0,0,36,0.043227480730471925,0.4611167664206591,0.0,0.0,0.99,8,exponential
q_learning,sparse_seed4,sparse,4,4a77b6e251,2072,225,-11.250000000000025,-7.2500000000000115,0.05,0.15,0,out_of_energy,0,0,1,0,96,21,0,0,0,52,0.04411947787103464,0.4944597304971298,0.0,0.0,0.99,8,exponential
q_learning,sparse_seed4,sparse,4,4a77b6e251,2073,225,-1.2499999999999822,-7.150000000000011,0.05,0.15,0,out_of_energy,0,0,1,0,84,18,0,0,1,49,0.15314835404605398,8.281259538369241,0.0,0.0,0.99,8,exponential
q_learning,sparse_seed4,sparse,4,4a77b6e251,2074,225,-11.250000000000025,-7.150000000000011,0.05,0.15,0,out_of_energy,0,0,1,0,79,17,0,0,0,40,0.04439805113255648,0.5209333861336454,0.0,0.0,0.99,8,exponential
q_learning,sparse_seed4,sparse,4,4a77b6e251,2075,225,-11.250000000000025,-7.150000000000011,0.05,0.15,0,out_of_energy,0,0,1,0,99,26,0,0,0,37,0.047883783404328355,0.756687995042343,0.0,0.0,0.99,8,exponential
q_learning,sparse_seed4,sparse,4,4a77b6e251,2076,225,-11.250000000000025,-7.150000000000011,0.05,0.15,0,out_of_energy,0,0,1,0,100,11,0,0,0,37,0.043585271625946984,0.5219903111735252,0.0,0.0,0.99,8,exponential
q_learning,sparse_seed4,sparse,4,4a77b6e251,2077,225,-11.250000000000025,-7.150000000000011,0.05,0.15,0,out_of_energy,0,0,1,0,85,8,0,0,0,50,0.043820139582207714,0.501925821377868,0.0,0.0,0.99,8,exponential
q_learning,sparse_seed4,sparse,4,4a77b6e251,2078,225,-11.250000000000025,-7.150000000000011,0.05,0.15,0,out_of_energy,0,0,1,0,93,11,0,0,0,53,0.04383468156547129,0.5258684303896104,0.0,0.0,0.99,8,exponential
q_learning,sparse_seed4,sparse,4,4a77b6e251,2079,225,-11.250000000000025,-7.2500000000000115,0.05,0.15,0,out_of_energy,0,0,1,0,105,16,0,0,0,40,0.04451092931669039,0.4501366961061682,0.0,0.0,0.99,8,exponential
q_learning,sparse_seed4,sparse,4,4a77b6e251,2080,225,-11.250000000000025,-7.2500000000000115,0.05,0.15,0,out_of_energy,0,0,1,0,97,8,0,0,0,48,0.04382345244521049,0.5461966861107548,0.0,0.0,0.99,8,exponential
q_learning,sparse_seed4,sparse,4,4a77b6e251,2081,225,-11.250000000000025,-7.2500000000000115,0.05,0.15,0,out_of_energy,0,0,1,0,83,10,2,0,0,46,0.04381530620576012,0.5167720305703255,0.0,0.0,0.99,8,exponential
q_learning,sparse_seed4,sparse,4,4a77b6e251,2082,225,-11.250000000000025,-7.2500000000000115,0.05,0.15,0,out_of_energy,0,0,1,0,91,17,0,0,0,39,0.04340799797852834,0.5357621739490592,0.0,0.0,0.99,8,exponential
q_learning,sparse_seed4,sparse,4,4a77b6e251,2083,225,-11.250000000000025,-7.2500000000000115,0.05,0.15,0,out_of_energy,0,0,1,0,92,13,0,0,0,48,0.044397683346338215,0.531844992329341,0.0,0.0,0.99,8,exponential
q_learning,sparse_seed4,sparse,4,4a77b6e251,2084,225,-11.250000000000025,-7.2500000000000115,0.05,0.15,0,out_of_energy,0,0,1,0,99,27,0,0,0,47,0.04290634863957321,0.49219431185813217,0.0,0.0,0.99,8,exponential
q_learning,sparse_seed4,sparse,4,4a77b6e251,2085,225,-11.250000000000025,-7.2500000000000115,0.05,0.15,0,out_of_energy,0,0,1,0,96,14,0,0,0,40,0.042701567929276395,0.49077881175553023,0.0,0.0,0.99,8,exponential
q_learning,sparse_seed4,sparse,4,4a77b6e251,2086,225,-1.2500000000000013,-7.2500000000000115,0.05,0.15,0,out_of_energy,0,0,1,0,95,20,0,0,1,48,0.08216745060937193,1.7508369516927456,0.0,0.0,0.99,8,exponential
q_learning,sparse_seed4,sparse,4,4a77b6e251,2087,225,-11.250000000000025,-7.350000000000011,0.05,0.15,0,out_of_energy,0,0,1,0,93,34,5,0,0,43,0.045499460087659475,0.515636737028571,0.0,0.0,0.99,8,exponential
q_learning,sparse_seed4,sparse,4,4a77b6e251,2088,225,-11.250000000000025,-7.350000000000011,0.05,0.15,0,out_of_energy,0,0,1,0,96,7,0,0,0,47,0.043036210988775504,0.5096407070295689,0.0,0.0,0.99,8,exponential
q_learning,sparse_seed4,sparse,4,4a77b6e251,2089,225,-11.250000000000025,-7.350000000000012,0.05,0.15,0,out_of_energy,0,0,1,0,81,0,0,0,0,45,0.04466794097477954,0.522863470166846,0.0,0.0,0.99,8,exponential
q_learning,sparse_seed4,sparse,4,4a77b6e251,2090,225,-11.250000000000025,-7.350000000000011,0.05,0.15,0,out_of_energy,0,0,1,0,93,14,0,0,0,42,0.04273744157130066,0.4555610784591347,0.0,0.0,0.99,8,exponential
q_learning,sparse_seed4,sparse,4,4a77b6e251,2091,225,-1.2499999999999822,-7.2500000000000115,0.05,0.15,0,out_of_energy,0,0,1,0,97,16,0,0,1,45,0.07925986696908459,1.4044389502685748,0.0,0.0,0.99,8,exponential
q_learning,sparse_seed4,sparse,4,4a77b6e251,2092,225,-11.250000000000025,-7.350000000000011,0.05,0.15,0,out_of_energy,0,0,1,0,101,1,0,0,0,43,0.04319622118494552,0.47606047380605004,0.0,0.0,0.99,8,exponential
q_learning,sparse_seed4,sparse,4,4a77b6e251,2093,225,-11.250000000000025,-7.450000000000013,0.05,0.15,0,out_of_energy,0,0,1,0,98,13,0,0,0,45,0.0436308628918261,0.496778550275432,0.0,0.0,0.99,8,exponential
q_learning,sparse_seed4,sparse,4,4a77b6e251,2094,225,-11.250000000000025,-7.4500000000000135,0.05,0.15,0,out_of_energy,0,0,1,0,92,16,0,0,0,42,0.04398455874186288,0.4792740790294104,0.0,0.0,0.99,8,exponential
q_learning,sparse_seed4,sparse,4,4a77b6e251,2095,225,-11.250000000000025,-7.450000000000013,0.05,0.15,0,out_of_energy,0,0,1,0,86,28,0,0,0,49,0.04295663278311564,0.5343908543343014,0.0,0.0,0.99,8,exponential
q_learning,sparse_seed4,sparse,4,4a77b6e251,2096,225,-11.250000000000025,-7.550000000000012,0.05,0.15,0,out_of_energy,0,0,1,0,112,3,0,0,0,40,0.04286904250378107,0.5682454167497116,0.0,0.0,0.99,8,exponential
q_learning,sparse_seed4,sparse,4,4a77b6e251,2097,225,-11.250000000000025,-7.650000000000013,0.05,0.15,0,out_of_energy,0,0,1,0,96,6,0,0,0,41,0.04265285952813595,0.5230302355227795,0.0,0.0,0.99,8,exponential
q_learning,sparse_seed4,sparse,4,4a77b6e251,2098,225,-11.250000000000025,-7.750000000000013,0.05,0.15,0,out_of_energy,0,0,1,0,99,31,0,0,0,45,0.042079763070829175,0.4522506173855341,0.0,0.0,0.99,8,exponential
q_learning,sparse_seed4,sparse,4,4a77b6e251,2099,225,-1.2500000000000104,-7.750000000000013,0.05,0.15,0,out_of_energy,0,0,1,0,85,19,0,0,1,48,0.07943834624683972,1.6862301684393826,0.0,0.0,0.99,8,exponential
q_learning,sparse_seed4,sparse,4,4a77b6e251,2100,225,-1.2499999999999838,-7.750000000000013,0.05,0.15,0,out_of_energy,0,0,1,0,91,12,0,0,1,32,0.10287132935502837,4.739006403625192,0.0,0.0,0.99,8,exponential
q_learning,sparse_seed4,sparse,4,4a77b6e251,2101,225,-11.250000000000025,-7.850000000000015,0.05,0.15,0,out_of_energy,0,0,1,0,89,12,0,0,0,46,0.043632068649731265,0.5231005977907573,0.0,0.0,0.99,8,exponential
q_learning,sparse_seed4,sparse,4,4a77b6e251,2102,225,-11.250000000000025,-7.850000000000014,0.05,0.15,0,out_of_energy,0,0,1,0,121,1,0,0,0,48,0.04170751432635026,0.393546576448203,0.0,0.0,0.99,8,exponential
q_learning,sparse_seed4,sparse,4,4a77b6e251,2103,225,-11.250000000000025,-7.850000000000014,0.05,0.15,0,out_of_energy,0,0,1,0,95,1,0,0,0,43,0.04206366856478668,0.384413024777704,0.0,0.0,0.99,8,exponential
q_learning,sparse_seed4,sparse,4,4a77b6e251,2104,225,-11.250000000000025,-7.950000000000014,0.05,0.15,0,out_of_energy,0,0,1,0,102,0,0,0,0,46,0.044638944378286805,0.5101216625256313,0.0,0.0,0.99,8,exponential
q_learning,sparse_seed4,sparse,4,4a77b6e251,2105,225,-11.250000000000025,-7.950000000000014,0.05,0.15,0,out_of_energy,0,0,1,0,86,10,0,0,0,52,0.04269214053234158,0.4502759250152581,0.0,0.0,0.99,8,exponential
q_learning,sparse_seed4,sparse,4,4a77b6e251,2106,225,-11.250000000000025,-7.9500000000000135,0.05,0.15,0,out_of_energy,0,0,1,0,100,6,0,0,0,40,0.04320680100844345,0.5143522798068346,0.0,0.0,0.99,8,exponential
q_learning,sparse_seed4,sparse,4,4a77b6e251,2107,225,-1.2499999999999822,-7.850000000000015,0.05,0.15,0,out_of_energy,0,0,1,0,99,20,0,0,1,42,0.11292489233858531,3.04100543134244,0.0,0.0,0.99,8,exponential
q_learning,sparse_seed4,sparse,4,4a77b6e251,2108,225,-11.250000000000025,-7.950000000000016,0.05,0.15,0,out_of_energy,0,0,1,0,94,6,0,0,0,51,0.04395168319382195,0.5675673707843445,0.0,0.0,0.99,8,exponential
q_learning,sparse_seed4,sparse,4,4a77b6e251,2109,225,-11.250000000000025,-8.050000000000015,0.05,0.15,0,out_of_energy,0,0,1,0,78,25,0,0,0,49,0.04402381536069451,0.5177252604545529,0.0,0.0,0.99,8,exponential
q_learning,sparse_seed4,sparse,4,4a77b6e251,2110,225,-11.250000000000025,-8.150000000000016,0.05,0.15,0,out_of_energy,0,0,1,0,109,0,0,0,0,32,0.042720245553118874,0.5370184633951489,0.0,0.0,0.99,8,exponential
q_learning,sparse_seed4,sparse,4,4a77b6e251,2111,225,-1.2499999999999898,-8.050000000000017,0.05,0.15,0,out_of_energy,0,0,1,0,80,10,0,0,1,42,0.10989634236883208,6.987811278264144,0.0,0.0,0.99,8,exponential
q_learning,sparse_seed4,sparse,4,4a77b6e251,2112,225,-11.250000000000025,-8.050000000000015,0.05,0.15,0,out_of_energy,0,0,1,0,92,0,0,0,0,41,0.044399837526879746,0.5033706271828391,0.0,0.0,0.99,8,exponential
q_learning,sparse_seed4,sparse,4,4a77b6e251,2113,225,-11.250000000000025,-8.050000000000015,0.05,0.15,0,out_of_energy,0,0,1,0,87,20,0,0,0,36,0.04687392984863114,0.792504992102344,0.0,0.0,0.99,8,exponential
q_learning,sparse_seed4,sparse,4,4a77b6e251,2114,225,-11.250000000000025,-8.050000000000015,0.05,0.15,0,out_of_energy,0,0,1,0,111,8,0,0,0,39,0.04403227199419017,0.5602186024916637,0.0,0.0,0.99,8,exponential
q_learning,sparse_seed4,sparse,4,4a77b6e251,2115,225,-11.250000000000025,-8.050000000000013,0.05,0.15,0,out_of_energy,0,0,1,0,84,2,0,0,0,45,0.04568942215220597,0.5402950014743007,0.0,0.0,0.99,8,exponential
q_learning,sparse_seed4,sparse,4,4a77b6e251,2116,225,-11.250000000000025,-8.150000000000013,0.05,0.15,0,out_of_energy,0,0,1,0,77,12,5,0,0,53,0.0454447209779068,0.5242799643537702,0.0,0.0,0.99,8,exponential
q_learning,sparse_seed4,sparse,4,4a77b6e251,2117,225,-1.2500000000000049,-8.150000000000015,0.05,0.15,0,out_of_energy,0,0,1,0,86,15,0,0,1,42,0.09536106117411189,1.9311771380259697,0.0,0.0,0.99,8,exponential
q_learning,sparse_seed4,sparse,4,4a77b6e251,2118,225,-11.250000000000025,-8.250000000000016,0.05,0.15,0,out_of_energy,0,0,1,0,113,8,0,0,0,56,0.04373766438301391,0.5258988560997154,0.0,0.0,0.99,8,exponential
q_learning,sparse_seed4,sparse,4,4a77b6e251,2119,225,-1.2499999999999822,-8.250000000000016,0.05,0.15,0,out_of_energy,0,0,1,0,95,3,0,0,1,51,0.10042484378255688,3.2254247523744084,0.0,0.0,0.99,8,exponential
q_learning,sparse_seed4,sparse,4,4a77b6e251,2120,225,-11.250000000000025,-8.350000000000016,0.05,0.15,0,out_of_energy,0,0,1,0,80,6,0,0,0,42,0.04850510006626266,0.8080755641139775,0.0,0.0,0.99,8,exponential
q_learning,sparse_seed4,sparse,4,4a77b6e251,2121,225,-1.2499999999999822,-8.350000000000016,0.05,0.15,0,out_of_energy,0,0,1,0,86,15,0,0,1,42,0.11026287158867369,4.789114248466884,0.0,0.0,0.99,8,exponential
q_learning,sparse_seed4,sparse,4,4a77b6e251,2122,225,-11.250000000000025,-8.450000000000017,0.05,0.15,0,out_of_energy,0,0,1,0,104,24,0,0,0,41,0.044046545600677424,0.4928652376261438,0.0,0.0,0.99,8,exponential
q_learning,sparse_seed4,sparse,4,4a77b6e251,2123,225,-1.2499999999999822,-8.350000000000016,0.05,0.15,0,out_of_energy,0,0,1,0,108,18,0,0,1,40,0.1321812511181237,3.442002552951533,0.0,0.0,0.99,8,exponential
q_learning,sparse_seed4,sparse,4,4a77b6e251,2124,225,-1.2499999999999822,-8.250000000000016,0.05,0.15,0,out_of_energy,0,0,1,0,107,28,0,0,1,38,0.09789232652416421,2.87224852017441,0.0,0.0,0.99,8,exponential
q_learning,sparse_seed4,sparse,4,4a77b6e251,2125,225,-1.2499999999999822,-8.150000000000016,0.05,0.15,0,out_of_energy,0,0,1,0,98,14,0,0,1,51,0.08303220928457775,2.4819605949556305,0.0,0.0,0.99,8,exponential
q_learning,sparse_seed4,sparse,4,4a77b6e251,2126,225,-11.250000000000025,-8.250000000000016,0.05,0.15,0,out_of_energy,0,0,1,0,92,30,0,0,0,38,0.047207336093860686,0.7100803247093936,0.0,0.0,0.99,8,exponential
q_learning,sparse_seed4,sparse,4,4a77b6e251,2127,225,-1.2500000000000229,-8.250000000000016,0.05,0.15,0,out_of_energy,0,0,1,0,102,16,0,0,1,43,0.07996036146088308,2.228753747505216,0.0,0.0,0.99,8,exponential
q_learning,sparse_seed4,sparse,4,4a77b6e251,2128,225,-1.2499999999999822,-8.150000000000016,0.05,0.15,0,out_of_energy,0,0,1,0,74,17,0,0,1,41,0.11074748724804385,2.695013848139129,0.0,0.0,0.99,8,exponential
q_learning,sparse_seed4,sparse,4,4a77b6e251,2129,225,-11.250000000000025,-8.150000000000016,0.05,0.15,0,out_of_energy,0,0,1,0,93,5,0,0,0,45,0.04406443320031321,0.5612568731226524,0.0,0.0,0.99,8,exponential
q_learning,sparse_seed4,sparse,4,4a77b6e251,2130,225,-1.2499999999999822,-8.050000000000017,0.05,0.15,0,out_of_energy,0,0,1,0,97,29,0,0,1,35,0.12048157152350972,3.175805970967482,0.0,0.0,0.99,8,exponential
q_learning,sparse_seed4,sparse,4,4a77b6e251,2131,225,-1.2499999999999822,-7.950000000000014,0.05,0.15,0,out_of_energy,0,0,1,0,97,24,0,0,1,38,0.09363802127651676,3.7949608400012425,0.0,0.0,0.99,8,exponential
q_learning,sparse_seed4,sparse,4,4a77b6e251,2132,225,-1.2499999999999822,-7.850000000000015,0.05,0.15,0,out_of_energy,0,0,1,0,84,15,0,0,1,41,0.1314702392387468,4.680958332906284,0.0,0.0,0.99,8,exponential
q_learning,sparse_seed4,sparse,4,4a77b6e251,2133,225,-11.250000000000025,-7.850000000000015,0.05,0.15,0,out_of_energy,0,0,1,0,98,7,4,0,0,44,0.04469235625755883,0.5449389893329688,0.0,0.0,0.99,8,exponential
q_learning,sparse_seed4,sparse,4,4a77b6e251,2134,225,-11.250000000000025,-7.850000000000014,0.05,0.15,0,out_of_energy,0,0,1,0,99,9,0,0,0,48,0.045752397342099696,0.6828671969695275,0.0,0.0,0.99,8,exponential
q_learning,sparse_seed4,sparse,4,4a77b6e251,2135,225,-11.250000000000025,-7.850000000000014,0.05,0.15,0,out_of_energy,0,0,1,0,103,19,0,0,0,46,0.045259389048595784,0.6652299650558163,0.0,0.0,0.99,8,exponential
q_learning,sparse_seed4,sparse,4,4a77b6e251,2136,225,-11.250000000000025,-7.850000000000014,0.05,0.15,0,out_of_energy,0,0,1,0,88,20,0,0,0,38,0.04716261021213201,0.7490237091207133,0.0,0.0,0.99,8,exponential
q_learning,sparse_seed4,sparse,4,4a77b6e251,2137,225,-11.250000000000025,-7.850000000000014,0.05,0.15,0,out_of_energy,0,0,1,0,101,36,3,0,0,39,0.04607711531204821,0.7423066443195177,0.0,0.0,0.99,8,exponential
q_learning,sparse_seed4,sparse,4,4a77b6e251,2138,225,-1.2499999999999822,-7.750000000000013,0.05,0.15,0,out_of_energy,0,0,1,0,92,24,0,0,1,47,0.105941476653784,2.7470458142719845,0.0,0.0,0.99,8,exponential
q_learning,sparse_seed4,sparse,4,4a77b6e251,2139,225,-1.2499999999999851,-7.650000000000014,0.05,0.15,0,out_of_energy,0,0,1,0,107,15,0,0,1,45,0.09680367723314819,3.187099599542086,0.0,0.0,0.99,8,exponential
q_learning,sparse_seed4,sparse,4,4a77b6e251,2140,225,-1.2499999999999822,-7.550000000000014,0.05,0.15,0,out_of_energy,0,0,1,0,94,17,0,0,1,44,0.14505512567759377,6.068092896962618,0.0,0.0,0.99,8,exponential
q_learning,sparse_seed4,sparse,4,4a77b6e251,2141,225,-11.250000000000025,-7.550000000000014,0.05,0.15,0,out_of_energy,0,0,1,0,87,12,0,0,0,36,0.04217291415605577,0.4914171457310272,0.0,0.0,0.99,8,exponential
q_learning,sparse_seed4,sparse,4,4a77b6e251,2142,225,-11.250000000000025,-7.650000000000013,0.05,0.15,0,out_of_energy,0,0,1,0,96,4,0,0,0,41,0.042644339143408636,0.4474645991601853,0.0,0.0,0.99,8,exponential
q_learning,sparse_seed4,sparse,4,4a77b6e251,2143,225,-11.250000000000025,-7.650000000000013,0.05,0.15,0,out_of_energy,0,0,1,0,93,11,0,0,0,37,0.04357173423069017,0.5590507021070769,0.0,0.0,0.99,8,exponential
q_learning,sparse_seed4,sparse,4,4a77b6e251,2144,225,-1.2500000000000062,-7.550000000000011,0.05,0.15,0,out_of_energy,0,0,1,0,94,3,0,0,1,47,0.07968159719355777,1.843478757415152,0.0,0.0,0.99,8,exponential
q_learning,sparse_seed4,sparse,4,4a77b6e251,2145,225,-1.2499999999999905,-7.550000000000011,0.05,0.15,0,out_of_energy,0,0,1,0,91,17,0,0,1,38,0.08560700660747443,1.8414640126342974,0.0,0.0,0.99,8,exponential
q_learning,sparse_seed4,sparse,4,4a77b6e251,2146,225,-1.2499999999999822,-7.550000000000012,0.05,0.15,0,out_of_energy,0,0,1,0,99,32,0,0,1,38,0.14261252793045698,7.5070383326662,0.0,0.0,0.99,8,exponential
q_learning,sparse_seed4,sparse,4,4a77b6e251,2147,225,-11.250000000000025,-7.650000000000014,0.05,0.15,0,out_of_energy,0,0,1,0,79,20,0,0,0,45,0.04405828478772394,0.5585426612597535,0.0,0.0,0.99,8,exponential
q_learning,sparse_seed4,sparse,4,4a77b6e251,2148,225,-1.2499999999999822,-7.650000000000014,0.05,0.15,0,out_of_energy,0,0,1,0,83,20,0,0,1,43,0.09145859968613085,2.7351481865887894,0.0,0.0,0.99,8,exponential
q_learning,sparse_seed4,sparse,4,4a77b6e251,2149,225,-11.250000000000025,-7.750000000000013,0.05,0.15,0,out_of_energy,0,0,1,0,89,27,8,0,0,38,0.04741219766451847,0.8122434394728971,0.0,0.0,0.99,8,exponential
q_learning,sparse_seed4,sparse,4,4a77b6e251,2150,225,-11.250000000000025,-7.850000000000014,0.05,0.15,0,out_of_energy,0,0,1,0,103,11,0,0,0,46,0.042564195551262805,0.45936372918980056,0.0,0.0,0.99,8,exponential
q_learning,sparse_seed4,sparse,4,4a77b6e251,2151,225,-1.2499999999999822,-7.850000000000014,0.05,0.15,0,out_of_energy,0,0,1,0,97,23,0,0,1,45,0.10351760592646546,2.7466165702317613,0.0,0.0,0.99,8,exponential
q_learning,sparse_seed4,sparse,4,4a77b6e251,2152,225,-1.2499999999999822,-7.850000000000014,0.05,0.15,0,out_of_energy,0,0,1,0,94,13,0,0,1,46,0.12151242064185845,4.403453347893432,0.0,0.0,0.99,8,exponential
q_learning,sparse_seed4,sparse,4,4a77b6e251,2153,225,-11.250000000000025,-7.9500000000000135,0.05,0.15,0,out_of_energy,0,0,1,0,105,24,0,0,0,48,0.04201644759640745,0.44190591116386596,0.0,0.0,0.99,8,exponential
q_learning,sparse_seed4,sparse,4,4a77b6e251,2154,225,-1.2499999999999822,-7.850000000000015,0.05,0.15,0,out_of_energy,0,0,1,0,99,13,0,0,1,47,0.12837631792371587,5.174373683727199,0.0,0.0,0.99,8,exponential
q_learning,sparse_seed4,sparse,4,4a77b6e251,2155,225,-1.2499999999999822,-7.850000000000014,0.05,0.15,0,out_of_energy,0,0,1,0,86,5,0,0,1,42,0.13770565253603007,7.672099076984702,0.0,0.0,0.99,8,exponential
q_learning,sparse_seed4,sparse,4,4a77b6e251,2156,225,-11.250000000000025,-7.850000000000014,0.05,0.15,0,out_of_energy,0,0,1,0,83,1,0,0,0,53,0.04441086838090002,0.5007836853559178,0.0,0.0,0.99,8,exponential
q_learning,sparse_seed4,sparse,4,4a77b6e251,2157,225,-11.250000000000025,-7.9500000000000135,0.05,0.15,0,out_of_energy,0,0,1,0,88,32,0,0,0,46,0.04692521237838944,0.7291285918696655,0.0,0.0,0.99,8,exponential
q_learning,sparse_seed4,sparse,4,4a77b6e251,2158,225,-11.250000000000025,-8.050000000000013,0.05,0.15,0,out_of_energy,0,0,1,0,95,19,0,0,0,42,0.04330829237198212,0.5605475499546133,0.0,0.0,0.99,8,exponential
q_learning,sparse_seed4,sparse,4,4a77b6e251,2159,225,-11.250000000000025,-8.050000000000013,0.05,0.15,0,out_of_energy,0,0,1,0,85,3,0,0,0,43,0.043609613370728176,0.41983160859583235,0.0,0.0,0.99,8,exponential
q_learning,sparse_seed4,sparse,4,4a77b6e251,2160,225,-11.250000000000025,-8.150000000000013,0.05,0.15,0,out_of_energy,0,0,1,0,98,9,0,0,0,40,0.04408984967829583,0.452910116560794,0.0,0.0,0.99,8,exponential
q_learning,sparse_seed4,sparse,4,4a77b6e251,2161,225,-11.250000000000025,-8.150000000000015,0.05,0.15,0,out_of_energy,0,0,1,0,99,14,0,0,0,48,0.04466697132275499,0.5162571117484023,0.0,0.0,0.99,8,exponential
q_learning,sparse_seed4,sparse,4,4a77b6e251,2162,225,-11.250000000000025,-8.150000000000013,0.05,0.15,0,out_of_energy,0,0,1,0,88,11,0,0,0,48,0.04435876995859864,0.5299817121748378,0.0,0.0,0.99,8,exponential
q_learning,sparse_seed4,sparse,4,4a77b6e251,2163,225,-11.250000000000025,-8.150000000000013,0.05,0.15,0,out_of_energy,0,0,1,0,99,5,0,0,0,46,0.04459691544627486,0.5784960620369843,0.0,0.0,0.99,8,exponential
q_learning,sparse_seed4,sparse,4,4a77b6e251,2164,225,-11.250000000000025,-8.150000000000013,0.05,0.15,0,out_of_energy,0,0,1,0,103,3,0,0,0,38,0.04337469386345848,0.5112885669503969,0.0,0.0,0.99,8,exponential
q_learning,sparse_seed4,sparse,4,4a77b6e251,2165,225,-11.250000000000025,-8.150000000000015,0.05,0.15,0,out_of_energy,0,0,1,0,101,19,1,0,0,51,0.042909705374494754,0.5279664683919917,0.0,0.0,0.99,8,exponential
q_learning,sparse_seed4,sparse,4,4a77b6e251,2166,225,-1.2499999999999822,-8.050000000000013,0.05,0.15,0,out_of_energy,0,0,1,0,98,14,0,0,1,35,0.14203808738974405,5.898735606081485,0.0,0.0,0.99,8,exponential
q_learning,sparse_seed4,sparse,4,4a77b6e251,2167,225,-11.250000000000025,-8.150000000000013,0.05,0.15,0,out_of_energy,0,0,1,0,90,8,0,0,0,44,0.04258896328233615,0.48863002767977776,0.0,0.0,0.99,8,exponential
q_learning,sparse_seed4,sparse,4,4a77b6e251,2168,225,-11.250000000000025,-8.150000000000013,0.05,0.15,0,out_of_energy,0,0,1,0,84,14,0,0,0,40,0.04345484245449645,0.5495098781316828,0.0,0.0,0.99,8,exponential
q_learning,sparse_seed4,sparse,4,4a77b6e251,2169,225,-11.250000000000025,-8.250000000000014,0.05,0.15,0,out_of_energy,0,0,1,0,92,19,0,0,0,44,0.04651475832827175,0.6843994083233652,0.0,0.0,0.99,8,exponential
q_learning,sparse_seed4,sparse,4,4a77b6e251,2170,225,-11.250000000000025,-8.250000000000014,0.05,0.15,0,out_of_energy,0,0,1,0,85,14,4,0,0,33,0.044904541639330046,0.5274341441688243,0.0,0.0,0.99,8,exponential
q_learning,sparse_seed4,sparse,4,4a77b6e251,2171,225,-11.250000000000025,-8.250000000000014,0.05,0.15,0,out_of_energy,0,0,1,0,85,26,2,0,0,39,0.046931683420577866,0.7068443243715355,0.0,0.0,0.99,8,exponential
q_learning,sparse_seed4,sparse,4,4a77b6e251,2172,225,-11.250000000000025,-8.250000000000014,0.05,0.15,0,out_of_energy,0,0,1,0,86,21,0,0,0,28,0.04649999723396436,0.6865116854069905,0.0,0.0,0.99,8,exponential
q_learning,sparse_seed4,sparse,4,4a77b6e251,2173,225,-11.250000000000025,-8.350000000000016,0.05,0.15,0,out_of_energy,0,0,1,0,86,31,8,0,0,52,0.047826516528398,0.5597689141375315,0.0,0.0,0.99,8,exponential
q_learning,sparse_seed4,sparse,4,4a77b6e251,2174,225,-1.2499999999999822,-8.250000000000014,0.05,0.15,0,out_of_energy,0,0,1,0,86,32,0,0,1,38,0.13675335778018113,4.879741790413082,0.0,0.0,0.99,8,exponential
q_learning,sparse_seed4,sparse,4,4a77b6e251,2175,225,-11.250000000000025,-8.250000000000014,0.05,0.15,0,out_of_energy,0,0,1,0,89,13,0,0,0,52,0.04374762023295154,0.5269347607190566,0.0,0.0,0.99,8,exponential
q_learning,sparse_seed4,sparse,4,4a77b6e251,2176,225,-11.250000000000025,-8.250000000000014,0.05,0.15,0,out_of_energy,0,0,1,0,97,1,0,0,0,41,0.0427754185792918,0.5258503522377133,0.0,0.0,0.99,8,exponential
q_learning,sparse_seed4,sparse,4,4a77b6e251,2177,225,-11.250000000000025,-8.250000000000014,0.05,0.15,0,out_of_energy,0,0,1,0,80,19,0,0,0,37,0.04420821461507872,0.5486303704648923,0.0,0.0,0.99,8,exponential
q_learning,sparse_seed4,sparse,4,4a77b6e251,2178,225,-11.250000000000025,-8.250000000000014,0.05,0.15,0,out_of_energy,0,0,1,0,100,1,0,0,0,45,0.04461758652428021,0.541649758640991,0.0,0.0,0.99,8,exponential
q_learning,sparse_seed4,sparse,4,4a77b6e251,2179,225,-1.2499999999999822,-8.150000000000015,0.05,0.15,0,out_of_energy,0,0,1,0,87,13,0,0,1,44,0.11822699786826875,3.2824986534407565,0.0,0.0,0.99,8,exponential
q_learning,sparse_seed4,sparse,4,4a77b6e251,2180,225,-1.2499999999999822,-8.050000000000013,0.05,0.15,0,out_of_energy,0,0,1,0,90,21,0,0,1,47,0.1469957519337616,7.830455932499045,0.0,0.0,0.99,8,exponential
q_learning,sparse_seed4,sparse,4,4a77b6e251,2181,225,-1.2499999999999822,-7.9500000000000135,0.05,0.15,0,out_of_energy,0,0,1,0,91,5,0,0,1,55,0.1160030276045515,3.5337674283618137,0.0,0.0,0.99,8,exponential
q_learning,sparse_seed4,sparse,4,4a77b6e251,2182,225,-11.250000000000025,-7.9500000000000135,0.05,0.15,0,out_of_energy,0,0,1,0,90,5,0,0,0,44,0.04602092867292536,0.6587322307530177,0.0,0.0,0.99,8,exponential
q_learning,sparse_seed4,sparse,4,4a77b6e251,2183,225,-11.250000000000025,-7.9500000000000135,0.05,0.15,0,out_of_energy,0,0,1,0,101,10,0,0,0,45,0.04424758376746267,0.5424832896590844,0.0,0.0,0.99,8,exponential
q_learning,sparse_seed4,sparse,4,4a77b6e251,2184,225,-1.2499999999999822,-7.850000000000014,0.05,0.15,0,out_of_energy,0,0,1,0,98,42,0,0,1,45,0.1377354736355911,3.9040852235175727,0.0,0.0,0.99,8,exponential
q_learning,sparse_seed4,sparse,4,4a77b6e251,2185,225,-1.2499999999999822,-7.750000000000013,0.05,0.15,0,out_of_energy,0,0,1,0,94,9,0,0,1,50,0.15787834622067737,5.387833830154163,0.0,0.0,0.99,8,exponential
q_learning,sparse_seed4,sparse,4,4a77b6e251,2186,225,-1.2499999999999822,-7.750000000000013,0.05,0.15,0,out_of_energy,0,0,1,0,89,19,0,0,1,52,0.11054456855674147,2.8043857265693446,0.0,0.0,0.99,8,exponential
q_learning,sparse_seed4,sparse,4,4a77b6e251,2187,225,-11.250000000000025,-7.750000000000013,0.05,0.15,0,out_of_energy,0,0,1,0,86,26,0,0,0,46,0.04625181585537062,0.7276660531727249,0.0,0.0,0.99,8,exponential
q_learning,sparse_seed4,sparse,4,4a77b6e251,2188,225,-1.2499999999999822,-7.650000000000013,0.05,0.15,0,out_of_energy,0,0,1,0,92,6,0,0,1,44,0.15691237070617045,6.829511559312948,0.0,0.0,0.99,8,exponential
q_learning,sparse_seed4,sparse,4,4a77b6e251,2189,225,-11.250000000000025,-7.650000000000013,0.05,0.15,0,out_of_energy,0,0,1,0,98,23,0,0,0,48,0.04432058505623841,0.6030334444068333,0.0,0.0,0.99,8,exponential
q_learning,sparse_seed4,sparse,4,4a77b6e251,2190,225,-11.250000000000025,-7.650000000000011,0.05,0.15,0,out_of_energy,0,0,1,0,82,9,0,0,0,43,0.046512513098940084,0.7031865189555623,0.0,0.0,0.99,8,exponential
q_learning,sparse_seed4,sparse,4,4a77b6e251,2191,225,-11.250000000000025,-7.750000000000013,0.05,0.15,0,out_of_energy,0,0,1,0,94,12,0,0,0,55,0.041887316060905275,0.5085737084441802,0.0,0.0,0.99,8,exponential
q_learning,sparse_seed4,sparse,4,4a77b6e251,2192,225,-11.250000000000025,-7.7500000000000115,0.05,0.15,0,out_of_energy,0,0,1,0,90,23,0,0,0,48,0.04584187218678504,0.5514619175662621,0.0,0.0,0.99,8,exponential
q_learning,sparse_seed4,sparse,4,4a77b6e251,2193,225,-1.2499999999999822,-7.650000000000011,0.05,0.15,0,out_of_energy,0,0,1,0,90,16,0,0,1,41,0.1365854909159181,7.769859546104719,0.0,0.0,0.99,8,exponential
q_learning,sparse_seed4,sparse,4,4a77b6e251,2194,225,-11.250000000000025,-7.650000000000011,0.05,0.15,0,out_of_energy,0,0,1,0,99,16,1,0,0,42,0.0448379556270718,0.5029343015142376,0.0,0.0,0.99,8,exponential
q_learning,sparse_seed4,sparse,4,4a77b6e251,2195,225,-1.2499999999999822,-7.550000000000012,0.05,0.15,0,out_of_energy,0,0,1,0,90,17,0,0,1,42,0.11779993744788306,2.5727842534797443,0.0,0.0,0.99,8,exponential
q_learning,sparse_seed4,sparse,4,4a77b6e251,2196,225,-1.2499999999999822,-7.450000000000012,0.05,0.15,0,out_of_energy,0,0,1,0,99,38,0,0,1,46,0.11728239871722784,2.8002042630578203,0.0,0.0,0.99,8,exponential
q_learning,sparse_seed4,sparse,4,4a77b6e251,2197,225,-11.250000000000025,-7.450000000000012,0.05,0.15,0,out_of_energy,0,0,1,0,111,16,0,0,0,48,0.04346065114546505,0.4860434320167693,0.0,0.0,0.99,8,exponential
q_learning,sparse_seed4,sparse,4,4a77b6e251,2198,225,-11.250000000000025,-7.450000000000012,0.05,0.15,0,out_of_energy,0,0,1,0,84,16,1,0,0,38,0.04401049294963599,0.45887267969147144,0.0,0.0,0.99,8,exponential
q_learning,sparse_seed4,sparse,4,4a77b6e251,2199,225,-11.250000000000025,-7.550000000000011,0.05,0.15,0,out_of_energy,0,0,1,0,80,18,0,0,0,45,0.04420955488752115,0.711735389302081,0.0,0.0,0.99,8,exponential
q_learning,sparse_seed4,sparse,4,4a77b6e251,2200,225,-11.250000000000025,-7.650000000000011,0.05,0.15,0,out_of_energy,0,0,1,0,84,14,0,0,0,38,0.04431953773968317,0.5427897049364419,0.0,0.0,0.99,8,exponential
q_learning,sparse_seed4,sparse,4,4a77b6e251,2201,225,-11.250000000000025,-7.650000000000011,0.05,0.15,0,out_of_energy,0,0,1,0,91,29,0,0,0,45,0.0467198984854126,0.6419040933092913,0.0,0.0,0.99,8,exponential
q_learning,sparse_seed4,sparse,4,4a77b6e251,2202,225,-11.250000000000025,-7.650000000000011,0.05,0.15,0,out_of_energy,0,0,1,0,114,3,0,0,0,60,0.044350846417185716,0.47527923266361477,0.0,0.0,0.99,8,exponential
q_learning,sparse_seed4,sparse,4,4a77b6e251,2203,225,-11.250000000000025,-7.650000000000011,0.05,0.15,0,out_of_energy,0,0,1,0,88,11,1,0,0,48,0.04471523160402613,0.4923853488740135,0.0,0.0,0.99,8,exponential
q_learning,sparse_seed4,sparse,4,4a77b6e251,2204,225,-1.2500000000000027,-7.550000000000011,0.05,0.15,0,out_of_energy,0,0,1,0,90,7,0,0,1,38,0.07663026219536512,1.9232019247773113,0.0,0.0,0.99,8,exponential
q_learning,sparse_seed4,sparse,4,4a77b6e251,2205,225,-11.250000000000025,-7.550000000000011,0.05,0.15,0,out_of_energy,0,0,1,0,92,1,0,0,0,41,0.04337144842384731,0.541462952227727,0.0,0.0,0.99,8,exponential
q_learning,sparse_seed4,sparse,4,4a77b6e251,2206,225,-11.250000000000025,-7.5500000000000105,0.05,0.15,0,out_of_energy,0,0,1,0,103,12,0,0,0,40,0.047140691976398585,0.6567199869055035,0.0,0.0,0.99,8,exponential
q_learning,sparse_seed4,sparse,4,4a77b6e251,2207,225,-11.250000000000025,-7.650000000000011,0.05,0.15,0,out_of_energy,0,0,1,0,80,18,0,0,0,31,0.04322678479126517,0.5173570200458386,0.0,0.0,0.99,8,exponential
q_learning,sparse_seed4,sparse,4,4a77b6e251,2208,225,-11.250000000000025,-7.650000000000011,0.05,0.15,0,out_of_energy,0,0,1,0,100,30,0,0,0,44,0.044134693171303946,0.506548977332624,0.0,0.0,0.99,8,exponential
q_learning,sparse_seed4,sparse,4,4a77b6e251,2209,225,-11.250000000000025,-7.650000000000011,0.05,0.15,0,out_of_energy,0,0,1,0,104,12,0,0,0,43,0.04583461270033278,0.5377075237580661,0.0,0.0,0.99,8,exponential
q_learning,sparse_seed4,sparse,4,4a77b6e251,2210,225,-11.250000000000025,-7.650000000000011,0.05,0.15,0,out_of_energy,0,0,1,0,68,3,2,0,0,47,0.04464454373734202,0.5150231165655753,0.0,0.0,0.99,8,exponential
q_learning,sparse_seed4,sparse,4,4a77b6e251,2211,225,-11.250000000000025,-7.7500000000000115,0.05,0.15,0,out_of_energy,0,0,1,0,90,5,0,0,0,52,0.04423101393917556,0.532726259673585,0.0,0.0,0.99,8,exponential
q_learning,sparse_seed4,sparse,4,4a77b6e251,2212,225,-11.250000000000025,-7.7500000000000115,0.05,0.15,0,out_of_energy,0,0,1,0,87,5,0,0,0,46,0.0436307251215658,0.5560566806782407,0.0,0.0,0.99,8,exponential
q_learning,sparse_seed4,sparse,4,4a77b6e251,2213,225,-11.250000000000025,-7.7500000000000115,0.05,0.15,0,out_of_energy,0,0,1,0,113,14,0,0,0,55,0.045442575382236755,0.6760168016013619,0.0,0.0,0.99,8,exponential
q_learning,sparse_seed4,sparse,4,4a77b6e251,2214,225,-11.250000000000025,-7.7500000000000115,0.05,0.15,0,out_of_energy,0,0,1,0,76,15,1,0,0,40,0.04627218931019232,0.5834680521075497,0.0,0.0,0.99,8,exponential
q_learning,sparse_seed4,sparse,4,4a77b6e251,2215,225,-1.2499999999999822,-7.650000000000011,0.05,0.15,0,out_of_energy,0,0,1,0,104,27,0,0,1,46,0.13002033808296032,4.35674948807504,0.0,0.0,0.99,8,exponential
q_learning,sparse_seed4,sparse,4,4a77b6e251,2216,225,-11.250000000000025,-7.650000000000011,0.05,0.15,0,out_of_energy,0,0,1,0,84,28,0,0,0,44,0.04297864376503467,0.5001948103988277,0.0,0.0,0.99,8,exponential
q_learning,sparse_seed4,sparse,4,4a77b6e251,2217,225,-11.250000000000025,-7.7500000000000115,0.05,0.15,0,out_of_energy,0,0,1,0,91,22,0,0,0,42,0.04395625038071552,0.5257689031553202,0.0,0.0,0.99,8,exponential
q_learning,sparse_seed4,sparse,4,4a77b6e251,2218,225,-11.250000000000025,-7.750000000000012,0.05,0.15,0,out_of_energy,0,0,1,0,95,44,0,0,0,48,0.0448475348277714,0.6600337264468561,0.0,0.0,0.99,8,exponential
q_learning,sparse_seed4,sparse,4,4a77b6e251,2219,225,-11.250000000000025,-7.850000000000011,0.05,0.15,0,out_of_energy,0,0,1,0,103,11,0,0,0,52,0.04061673462093993,0.3034606373309769,0.0,0.0,0.99,8,exponential
q_learning,sparse_seed4,sparse,4,4a77b6e251,2220,225,-11.250000000000025,-7.850000000000012,0.05,0.15,0,out_of_energy,0,0,1,0,83,9,1,0,0,49,0.04678842436360057,0.628605723755666,0.0,0.0,0.99,8,exponential
q_learning,sparse_seed4,sparse,4,4a77b6e251,2221,225,-11.250000000000025,-7.950000000000012,0.05,0.15,0,out_of_energy,0,0,1,0,89,3,0,0,0,39,0.04469360988964081,0.6059066731321556,0.0,0.0,0.99,8,exponential
q_learning,sparse_seed4,sparse,4,4a77b6e251,2222,225,-11.250000000000025,-7.950000000000013,0.05,0.15,0,out_of_energy,0,0,1,0,87,27,0,0,0,33,0.044769228897903274,0.558766343365042,0.0,0.0,0.99,8,exponential
q_learning,sparse_seed4,sparse,4,4a77b6e251,2223,225,-11.250000000000025,-8.050000000000013,0.05,0.15,0,out_of_energy,0,0,1,0,78,16,0,0,0,39,0.04221066223262262,0.515271908883585,0.0,0.0,0.99,8,exponential
q_learning,sparse_seed4,sparse,4,4a77b6e251,2224,225,-11.250000000000025,-8.150000000000013,0.05,0.15,0,out_of_energy,0,0,1,0,96,19,0,0,0,35,0.043487968333627815,0.5705741879558769,0.0,0.0,0.99,8,exponential
q_learning,sparse_seed4,sparse,4,4a77b6e251,2225,225,-11.250000000000025,-8.250000000000014,0.05,0.15,0,out_of_energy,0,0,1,0,98,10,2,0,0,41,0.043341929246617006,0.5712906531051423,0.0,0.0,0.99,8,exponential
q_learning,sparse_seed4,sparse,4,4a77b6e251,2226,225,-11.250000000000025,-8.250000000000014,0.05,0.15,0,out_of_energy,0,0,1,0,99,17,0,0,0,42,0.043810690025059336,0.5350273789676011,0.0,0.0,0.99,8,exponential
q_learning,sparse_seed4,sparse,4,4a77b6e251,2227,225,-11.250000000000025,-8.350000000000014,0.05,0.15,0,out_of_energy,0,0,1,0,85,9,1,0,0,50,0.04433214933601882,0.5428023935480025,0.0,0.0,0.99,8,exponential
q_learning,sparse_seed4,sparse,4,4a77b6e251,2228,225,-11.250000000000025,-8.450000000000014,0.05,0.15,0,out_of_energy,0,0,1,0,86,2,3,0,0,35,0.04552584415772079,0.5407208541204503,0.0,0.0,0.99,8,exponential
q_learning,sparse_seed4,sparse,4,4a77b6e251,2229,225,-11.250000000000025,-8.450000000000015,0.05,0.15,0,out_of_energy,0,0,1,0,100,14,0,0,0,48,0.043137536024092905,0.49683687111246616,0.0,0.0,0.99,8,exponential
q_learning,sparse_seed4,sparse,4,4a77b6e251,2230,225,-11.250000000000025,-8.550000000000015,0.05,0.15,0,out_of_energy,0,0,1,0,97,11,0,0,0,41,0.04501382100753904,0.5689633172711804,0.0,0.0,0.99,8,exponential
q_learning,sparse_seed4,sparse,4,4a77b6e251,2231,225,-11.250000000000025,-8.650000000000015,0.05,0.15,0,out_of_energy,0,0,1,0,91,13,0,0,0,43,0.04060139138962169,0.2579415417313304,0.0,0.0,0.99,8,exponential
q_learning,sparse_seed4,sparse,4,4a77b6e251,2232,225,-11.250000000000025,-8.750000000000016,0.05,0.15,0,out_of_energy,0,0,1,0,109,11,0,0,0,53,0.042106064517304725,0.49621056166507166,0.0,0.0,0.99,8,exponential
q_learning,sparse_seed4,sparse,4,4a77b6e251,2233,225,-11.250000000000025,-8.750000000000016,0.05,0.15,0,out_of_energy,0,0,1,0,105,2,0,0,0,44,0.04261398344371711,0.5005692954210574,0.0,0.0,0.99,8,exponential
q_learning,sparse_seed4,sparse,4,4a77b6e251,2234,225,-11.250000000000025,-8.750000000000016,0.05,0.15,0,out_of_energy,0,0,1,0,102,16,0,0,0,50,0.04308437495996606,0.5165765660690572,0.0,0.0,0.99,8,exponential
q_learning,sparse_seed4,sparse,4,4a77b6e251,2235,225,-11.250000000000025,-8.750000000000016,0.05,0.15,0,out_of_energy,0,0,1,0,106,7,0,0,0,46,0.04365362825923962,0.5690907529063868,0.0,0.0,0.99,8,exponential
q_learning,sparse_seed4,sparse,4,4a77b6e251,2236,225,-11.250000000000025,-8.750000000000016,0.05,0.15,0,out_of_energy,0,0,1,0,91,47,0,0,0,38,0.04200786846081398,0.5109082021006369,0.0,0.0,0.99,8,exponential
q_learning,sparse_seed4,sparse,4,4a77b6e251,2237,225,-11.250000000000025,-8.750000000000016,0.05,0.15,0,out_of_energy,0,0,1,0,84,15,0,0,0,39,0.044700971320414756,0.558210477373845,0.0,0.0,0.99,8,exponential
q_learning,sparse_seed4,sparse,4,4a77b6e251,2238,225,-11.250000000000025,-8.850000000000016,0.05,0.15,0,out_of_energy,0,0,1,0,84,15,1,0,0,42,0.04468027098227593,0.5310048312280543,0.0,0.0,0.99,8,exponential
q_learning,sparse_seed4,sparse,4,4a77b6e251,2239,225,-11.250000000000025,-8.950000000000015,0.05,0.15,0,out_of_energy,0,0,1,0,82,4,0,0,0,36,0.04370114316986942,0.5095427743056915,0.0,0.0,0.99,8,exponential
q_learning,sparse_seed4,sparse,4,4a77b6e251,2240,225,-11.250000000000025,-9.050000000000017,0.05,0.15,0,out_of_energy,0,0,1,0,96,24,1,0,0,53,0.04431436434461347,0.5912529267066486,0.0,0.0,0.99,8,exponential
q_learning,sparse_seed4,sparse,4,4a77b6e251,2241,225,-1.2499999999999822,-8.950000000000017,0.05,0.15,0,out_of_energy,0,0,1,0,109,19,0,0,1,43,0.13838416768280024,5.537405434457015,0.0,0.0,0.99,8,exponential
q_learning,sparse_seed4,sparse,4,4a77b6e251,2242,225,-11.250000000000025,-8.950000000000017,0.05,0.15,0,out_of_energy,0,0,1,0,107,23,2,0,0,52,0.042363914693839176,0.5576899239951365,0.0,0.0,0.99,8,exponential
q_learning,sparse_seed4,sparse,4,4a77b6e251,2243,225,-11.250000000000025,-8.950000000000017,0.05,0.15,0,out_of_energy,0,0,1,0,99,18,0,0,0,48,0.0433230485570902,0.5818321643087391,0.0,0.0,0.99,8,exponential
q_learning,sparse_seed4,sparse,4,4a77b6e251,2244,225,-11.250000000000025,-9.050000000000018,0.05,0.15,0,out_of_energy,0,0,1,0,94,24,0,0,0,49,0.04017605628533368,0.3487882985996371,0.0,0.0,0.99,8,exponential
q_learning,sparse_seed4,sparse,4,4a77b6e251,2245,225,-11.250000000000025,-9.150000000000016,0.05,0.15,0,out_of_energy,0,0,1,0,102,10,0,0,0,40,0.04348835166709413,0.525836737818739,0.0,0.0,0.99,8,exponential
q_learning,sparse_seed4,sparse,4,4a77b6e251,2246,225,-11.250000000000025,-9.250000000000018,0.05,0.15,0,out_of_energy,0,0,1,0,97,24,0,0,0,40,0.04306656170027613,0.4800386134482615,0.0,0.0,0.99,8,exponential
q_learning,sparse_seed4,sparse,4,4a77b6e251,2247,225,-11.250000000000025,-9.250000000000018,0.05,0.15,0,out_of_energy,0,0,1,0,97,10,1,0,0,40,0.04247194838866955,0.5413187977892877,0.0,0.0,0.99,8,exponential
q_learning,sparse_seed4,sparse,4,4a77b6e251,2248,225,-11.250000000000025,-9.350000000000017,0.05,0.15,0,out_of_energy,0,0,1,0,87,20,2,0,0,45,0.0465361523901962,0.5505212922332127,0.0,0.0,0.99,8,exponential
q_learning,sparse_seed4,sparse,4,4a77b6e251,2249,225,-11.250000000000025,-9.350000000000017,0.05,0.15,0,out_of_energy,0,0,1,0,81,1,0,0,0,50,0.044819623963697874,0.5166521429736887,0.0,0.0,0.99,8,exponential
q_learning,sparse_seed4,sparse,4,4a77b6e251,2250,225,-11.250000000000025,-9.350000000000017,0.05,0.15,0,out_of_energy,0,0,1,0,90,9,0,0,0,39,0.042376840157500796,0.5176844876690937,0.0,0.0,0.99,8,exponential
q_learning,sparse_seed4,sparse,4,4a77b6e251,2251,225,-1.2499999999999822,-9.350000000000017,0.05,0.15,0,out_of_energy,0,0,1,0,100,4,0,0,1,44,0.1167507097649773,6.703479081171609,0.0,0.0,0.99,8,exponential
q_learning,sparse_seed4,sparse,4,4a77b6e251,2252,225,-1.2499999999999871,-9.350000000000017,0.05,0.15,0,out_of_energy,0,0,1,0,95,15,0,0,1,37,0.07556927995501252,1.6504207258324781,0.0,0.0,0.99,8,exponential
q_learning,sparse_seed4,sparse,4,4a77b6e251,2253,225,-11.250000000000025,-9.35000000000002,0.05,0.15,0,out_of_energy,0,0,1,0,103,27,1,0,0,47,0.04525296413811184,0.5837062445849657,0.0,0.0,0.99,8,exponential
q_learning,sparse_seed4,sparse,4,4a77b6e251,2254,225,-11.250000000000025,-9.450000000000019,0.05,0.15,0,out_of_energy,0,0,1,0,88,11,0,0,0,43,0.04390219503421676,0.5360832373462048,0.0,0.0,0.99,8,exponential
q_learning,sparse_seed4,sparse,4,4a77b6e251,2255,225,-11.250000000000025,-9.550000000000018,0.05,0.15,0,out_of_energy,0,0,1,0,94,6,0,0,0,33,0.0431151484147277,0.5383023691078173,0.0,0.0,0.99,8,exponential
q_learning,sparse_seed4,sparse,4,4a77b6e251,2256,225,-11.250000000000025,-9.550000000000018,0.05,0.15,0,out_of_energy,0,0,1,0,97,17,0,0,0,51,0.04376932911711175,0.49987496365822076,0.0,0.0,0.99,8,exponential
q_learning,sparse_seed4,sparse,4,4a77b6e251,2257,225,-11.250000000000025,-9.550000000000018,0.05,0.15,0,out_of_energy,0,0,1,0,91,11,0,0,0,39,0.04164429713658464,0.5072842361460499,0.0,0.0,0.99,8,exponential
q_learning,sparse_seed4,sparse,4,4a77b6e251,2258,225,-1.2499999999999822,-9.450000000000019,0.05,0.15,0,out_of_energy,0,0,1,0,89,6,0,0,1,39,0.10655989922880467,3.9647752686973163,0.0,0.0,0.99,8,exponential
q_learning,sparse_seed4,sparse,4,4a77b6e251,2259,225,-11.250000000000025,-9.450000000000019,0.05,0.15,0,out_of_energy,0,0,1,0,98,15,0,0,0,50,0.04348293655394368,0.5269721232594877,0.0,0.0,0.99,8,exponential
q_learning,sparse_seed4,sparse,4,4a77b6e251,2260,225,-1.2499999999999822,-9.350000000000017,0.05,0.15,0,out_of_energy,0,0,1,0,101,34,0,0,1,46,0.10124796650091895,2.3351708617208504,0.0,0.0,0.99,8,exponential
q_learning,sparse_seed4,sparse,4,4a77b6e251,2261,225,-1.2499999999999944,-9.25000000000002,0.05,0.15,0,out_of_energy,0,0,1,0,91,10,0,0,1,51,0.07566553873480904,1.8206448816142276,0.0,0.0,0.99,8,exponential
q_learning,sparse_seed4,sparse,4,4a77b6e251,2262,225,-11.250000000000025,-9.250000000000018,0.05,0.15,0,out_of_energy,0,0,1,0,80,2,0,0,0,42,0.04349863860404543,0.5518036350454015,0.0,0.0,0.99,8,exponential
q_learning,sparse_seed4,sparse,4,4a77b6e251,2263,225,-11.250000000000025,-9.250000000000018,0.05,0.15,0,out_of_energy,0,0,1,0,97,15,3,0,0,35,0.042219963853408086,0.46385007375114357,0.0,0.0,0.99,8,exponential
q_learning,sparse_seed4,sparse,4,4a77b6e251,2264,225,-11.250000000000025,-9.250000000000018,0.05,0.15,0,out_of_energy,0,0,1,0,101,34,0,0,0,45,0.04286117111637897,0.5211858975488938,0.0,0.0,0.99,8,exponential
q_learning,sparse_seed4,sparse,4,4a77b6e251,2265,225,-11.250000000000025,-9.250000000000018,0.05,0.15,0,out_of_energy,0,0,1,0,81,15,0,0,0,58,0.04356801912093587,0.5477039990898215,0.0,0.0,0.99,8,exponential
q_learning,sparse_seed4,sparse,4,4a77b6e251,2266,225,-1.2499999999999822,-9.250000000000018,0.05,0.15,0,out_of_energy,0,0,1,0,98,19,0,0,1,44,0.12321310102681843,5.6196732071008,0.0,0.0,0.99,8,exponential
q_learning,sparse_seed4,sparse,4,4a77b6e251,2267,225,-11.250000000000025,-9.250000000000018,0.05,0.15,0,out_of_energy,0,0,1,0,86,6,0,0,0,43,0.043179182851111476,0.5384879426527066,0.0,0.0,0.99,8,exponential
q_learning,sparse_seed4,sparse,4,4a77b6e251,2268,225,-1.2499999999999822,-9.150000000000018,0.05,0.15,0,out_of_energy,0,0,1,0,77,31,0,0,1,47,0.13133338670316444,2.3441118889631856,0.0,0.0,0.99,8,exponential
q_learning,sparse_seed4,sparse,4,4a77b6e251,2269,225,-11.250000000000025,-9.150000000000018,0.05,0.15,0,out_of_energy,0,0,1,0,104,38,1,0,0,46,0.04585707816037304,0.5744427583465923,0.0,0.0,0.99,8,exponential
q_learning,sparse_seed4,sparse,4,4a77b6e251,2270,225,-1.2500000000000084,-9.050000000000018,0.05,0.15,0,out_of_energy,0,0,1,0,109,10,0,0,1,53,0.11659822416433334,8.546310122480875,0.0,0.0,0.99,8,exponential
q_learning,sparse_seed4,sparse,4,4a77b6e251,2271,225,-11.250000000000025,-9.050000000000018,0.05,0.15,0,out_of_energy,0,0,1,0,107,17,0,0,0,45,0.04164690414045864,0.5127851270034983,0.0,0.0,0.99,8,exponential
q_learning,sparse_seed4,sparse,4,4a77b6e251,2272,225,-11.250000000000025,-9.050000000000018,0.05,0.15,0,out_of_energy,0,0,1,0,97,5,0,0,0,41,0.04243050932384891,0.5529936623095613,0.0,0.0,0.99,8,exponential
q_learning,sparse_seed4,sparse,4,4a77b6e251,2273,225,-11.250000000000025,-9.050000000000017,0.05,0.15,0,out_of_energy,0,0,1,0,100,18,0,0,0,33,0.041342563014157827,0.5120564353257966,0.0,0.0,0.99,8,exponential
q_learning,sparse_seed4,sparse,4,4a77b6e251,2274,225,-11.250000000000025,-9.150000000000018,0.05,0.15,0,out_of_energy,0,0,1,0,103,10,0,0,0,47,0.04186589281534678,0.5504682392444672,0.0,0.0,0.99,8,exponential
q_learning,sparse_seed4,sparse,4,4a77b6e251,2275,225,-11.250000000000025,-9.150000000000018,0.05,0.15,0,out_of_energy,0,0,1,0,81,20,0,0,0,49,0.04369006349538397,0.537733139923473,0.0,0.0,0.99,8,exponential
q_learning,sparse_seed4,sparse,4,4a77b6e251,2276,225,-11.250000000000025,-9.150000000000018,0.05,0.15,0,out_of_energy,0,0,1,0,92,16,0,0,0,36,0.0450786297099659,0.5578641210821327,0.0,0.0,0.99,8,exponential
q_learning,sparse_seed4,sparse,4,4a77b6e251,2277,225,-11.250000000000025,-9.150000000000018,0.05,0.15,0,out_of_energy,0,0,1,0,81,25,0,0,0,33,0.04327154542760492,0.5514977443584931,0.0,0.0,0.99,8,exponential
q_learning,sparse_seed4,sparse,4,4a77b6e251,2278,225,-11.250000000000025,-9.150000000000018,0.05,0.15,0,out_of_energy,0,0,1,0,100,17,0,0,0,52,0.041985440071946385,0.5536898767860656,0.0,0.0,0.99,8,exponential
q_learning,sparse_seed4,sparse,4,4a77b6e251,2279,225,-11.250000000000025,-9.250000000000018,0.05,0.15,0,out_of_energy,0,0,1,0,92,26,0,0,0,50,0.04390711754007144,0.5461021902765699,0.0,0.0,0.99,8,exponential
q_learning,sparse_seed4,sparse,4,4a77b6e251,2280,225,-1.2499999999999822,-9.250000000000018,0.05,0.15,0,out_of_energy,0,0,1,0,89,13,0,0,1,51,0.11154294246722352,4.8992198426323545,0.0,0.0,0.99,8,exponential
q_learning,sparse_seed4,sparse,4,4a77b6e251,2281,225,-1.2499999999999822,-9.25000000000002,0.05,0.15,0,out_of_energy,0,0,1,0,93,11,0,0,1,47,0.11405397768529683,3.7198881587866905,0.0,0.0,0.99,8,exponential
q_learning,sparse_seed4,sparse,4,4a77b6e251,2282,225,-1.2499999999999822,-9.15000000000002,0.05,0.15,0,out_of_energy,0,0,1,0,110,26,0,0,1,43,0.09740452500257141,2.9554863025504923,0.0,0.0,0.99,8,exponential
q_learning,sparse_seed4,sparse,4,4a77b6e251,2283,225,-1.2499999999999822,-9.050000000000018,0.05,0.15,0,out_of_energy,0,0,1,0,99,11,0,0,1,50,0.1389686396969746,3.644978462797424,0.0,0.0,0.99,8,exponential
q_learning,sparse_seed4,sparse,4,4a77b6e251,2284,225,-1.2499999999999822,-9.050000000000018,0.05,0.15,0,out_of_energy,0,0,1,0,110,15,0,0,1,49,0.11868238966471448,4.76894673574086,0.0,0.0,0.99,8,exponential
q_learning,sparse_seed4,sparse,4,4a77b6e251,2285,225,-1.2499999999999822,-9.050000000000018,0.05,0.15,0,out_of_energy,0,0,1,0,92,17,0,0,1,39,0.13233768638987256,4.289777589759629,0.0,0.0,0.99,8,exponential
q_learning,sparse_seed4,sparse,4,4a77b6e251,2286,225,-1.2499999999999822,-9.050000000000018,0.05,0.15,0,out_of_energy,0,0,1,0,86,24,0,0,1,35,0.09337101438806637,1.5393774996730842,0.0,0.0,0.99,8,exponential
q_learning,sparse_seed4,sparse,4,4a77b6e251,2287,225,-11.250000000000025,-9.050000000000018,0.05,0.15,0,out_of_energy,0,0,1,0,95,1,0,0,0,38,0.04108311298158681,0.47998984046417464,0.0,0.0,0.99,8,exponential
q_learning,sparse_seed4,sparse,4,4a77b6e251,2288,225,-1.2499999999999822,-9.050000000000018,0.05,0.15,0,out_of_energy,0,0,1,0,96,27,0,0,1,40,0.12509617310512924,3.8679563355460687,0.0,0.0,0.99,8,exponential
q_learning,sparse_seed4,sparse,4,4a77b6e251,2289,225,-1.2499999999999822,-8.950000000000019,0.05,0.15,0,out_of_energy,0,0,1,0,101,24,0,0,1,29,0.11956671586206084,6.580653103923942,0.0,0.0,0.99,8,exponential
q_learning,sparse_seed4,sparse,4,4a77b6e251,2290,225,-1.2499999999999822,-8.850000000000017,0.05,0.15,0,out_of_energy,0,0,1,0,88,33,0,0,1,44,0.10320911498389479,2.3485917871809496,0.0,0.0,0.99,8,exponential
q_learning,sparse_seed4,sparse,4,4a77b6e251,2291,225,-1.2499999999999822,-8.750000000000018,0.05,0.15,0,out_of_energy,0,0,1,0,93,17,0,0,1,38,0.11481925469098887,2.351490591593394,0.0,0.0,0.99,8,exponential
q_learning,sparse_seed4,sparse,4,4a77b6e251,2292,225,-1.2499999999999822,-8.650000000000016,0.05,0.15,0,out_of_energy,0,0,1,0,88,15,0,0,1,47,0.14612699661867357,4.836833853082893,0.0,0.0,0.99,8,exponential
q_learning,sparse_seed4,sparse,4,4a77b6e251,2293,225,-1.2499999999999822,-8.650000000000018,0.05,0.15,0,out_of_energy,0,0,1,0,87,11,0,0,1,52,0.11812663656737794,2.202331617799349,0.0,0.0,0.99,8,exponential
q_learning,sparse_seed4,sparse,4,4a77b6e251,2294,225,-11.250000000000025,-8.650000000000016,0.05,0.15,0,out_of_energy,0,0,1,0,96,19,6,0,0,61,0.04521494679844265,0.5731486448167512,0.0,0.0,0.99,8,exponential
q_learning,sparse_seed4,sparse,4,4a77b6e251,2295,225,-1.2499999999999822,-8.650000000000016,0.05,0.15,0,out_of_energy,0,0,1,0,94,17,0,0,1,57,0.11143833116861342,3.1460066880524193,0.0,0.0,0.99,8,exponential
q_learning,sparse_seed4,sparse,4,4a77b6e251,2296,225,-1.2499999999999822,-8.650000000000016,0.05,0.15,0,out_of_energy,0,0,1,0,90,17,0,0,1,49,0.12630973080009195,4.5110595116324745,0.0,0.0,0.99,8,exponential
q_learning,sparse_seed4,sparse,4,4a77b6e251,2297,225,-1.2499999999999822,-8.550000000000017,0.05,0.15,0,out_of_energy,0,0,1,0,101,18,0,0,1,52,0.10366213542748559,1.7743423460003442,0.0,0.0,0.99,8,exponential
q_learning,sparse_seed4,sparse,4,4a77b6e251,2298,225,-1.2499999999999822,-8.450000000000015,0.05,0.15,0,out_of_energy,0,0,1,0,93,24,0,0,1,48,0.1357101338546657,6.997776556384288,0.0,0.0,0.99,8,exponential
q_learning,sparse_seed4,sparse,4,4a77b6e251,2299,225,-1.2499999999999822,-8.350000000000016,0.05,0.15,0,out_of_energy,0,0,1,0,111,17,0,0,1,51,0.15568837556157247,7.846260847682734,0.0,0.0,0.99,8,exponential
q_learning,sparse_seed4,sparse,4,4a77b6e251,2300,225,-1.2499999999999822,-8.250000000000016,0.05,0.15,0,out_of_energy,0,0,1,0,103,24,0,0,1,44,0.13701634091804782,6.655080561447427,0.0,0.0,0.99,8,exponential
q_learning,sparse_seed4,sparse,4,4a77b6e251,2301,225,-1.2499999999999822,-8.150000000000015,0.05,0.15,0,out_of_energy,0,0,1,0,97,17,0,0,1,55,0.11047225748426506,3.738331627694075,0.0,0.0,0.99,8,exponential
q_learning,sparse_seed4,sparse,4,4a77b6e251,2302,225,-11.250000000000025,-8.150000000000016,0.05,0.15,0,out_of_energy,0,0,1,0,81,11,0,0,0,48,0.04308486076698056,0.5466865380881533,0.0,0.0,0.99,8,exponential
q_learning,sparse_seed4,sparse,4,4a77b6e251,2303,225,-11.250000000000025,-8.150000000000013,0.05,0.15,0,out_of_energy,0,0,1,0,86,16,0,0,0,47,0.0440015019307258,0.5699366755888196,0.0,0.0,0.99,8,exponential
q_learning,sparse_seed4,sparse,4,4a77b6e251,2304,225,-1.2499999999999822,-8.150000000000013,0.05,0.15,0,out_of_energy,0,0,1,0,81,19,0,0,1,52,0.0918657347890114,1.6544905762303355,0.0,0.0,0.99,8,exponential
q_learning,sparse_seed4,sparse,4,4a77b6e251,2305,225,-1.2499999999999822,-8.050000000000013,0.05,0.15,0,out_of_energy,0,0,1,0,95,21,0,0,1,34,0.10653228463419027,2.5516707016446203,0.0,0.0,0.99,8,exponential
q_learning,sparse_seed4,sparse,4,4a77b6e251,2306,225,-1.2499999999999822,-7.9500000000000135,0.05,0.15,0,out_of_energy,0,0,1,0,96,16,0,0,1,48,0.08553075055325743,1.6145504765759058,0.0,0.0,0.99,8,exponential
q_learning,sparse_seed4,sparse,4,4a77b6e251,2307,225,-11.250000000000025,-7.9500000000000135,0.05,0.15,0,out_of_energy,0,0,1,0,80,15,0,0,0,47,0.0433703020709521,0.5098373302266388,0.0,0.0,0.99,8,exponential
q_learning,sparse_seed4,sparse,4,4a77b6e251,2308,225,-1.2499999999999822,-7.850000000000014,0.05,0.15,0,out_of_energy,0,0,1,0,97,21,0,0,1,49,0.1124804902023649,2.7637805864632696,0.0,0.0,0.99,8,exponential
q_learning,sparse_seed4,sparse,4,4a77b6e251,2309,225,-1.2499999999999822,-7.750000000000013,0.05,0.15,0,out_of_energy,0,0,1,0,106,39,0,0,1,54,0.10868408164296364,2.2236431284539373,0.0,0.0,0.99,8,exponential
q_learning,sparse_seed4,sparse,4,4a77b6e251,2310,225,-1.2499999999999822,-7.650000000000013,0.05,0.15,0,out_of_energy,0,0,1,0,88,23,0,0,1,51,0.09495651184864749,2.129373762769695,0.0,0.0,0.99,8,exponential
q_learning,sparse_seed4,sparse,4,4a77b6e251,2311,225,-1.2499999999999822,-7.550000000000012,0.05,0.15,0,out_of_energy,0,0,1,0,88,20,0,0,1,41,0.13136084479792998,2.563026615203664,0.0,0.0,0.99,8,exponential
q_learning,sparse_seed4,sparse,4,4a77b6e251,2312,225,-11.250000000000025,-7.550000000000011,0.05,0.15,0,out_of_energy,0,0,1,0,100,1,0,0,0,46,0.04357858439315851,0.553170643658414,0.0,0.0,0.99,8,exponential
q_learning,sparse_seed4,sparse,4,4a77b6e251,2313,225,-1.2499999999999822,-7.450000000000012,0.05,0.15,0,out_of_energy,0,0,1,0,98,42,0,0,1,49,0.15066279408083835,8.191712828956131,0.0,0.0,0.99,8,exponential
q_learning,sparse_seed4,sparse,4,4a77b6e251,2314,225,-1.2499999999999822,-7.350000000000011,0.05,0.15,0,out_of_energy,0,0,1,0,85,20,0,0,1,42,0.19288238239876992,7.097962383103913,0.0,0.0,0.99,8,exponential
q_learning,sparse_seed4,sparse,4,4a77b6e251,2315,225,-1.2499999999999822,-7.350000000000011,0.05,0.15,0,out_of_energy,0,0,1,0,86,5,0,0,1,36,0.12020459264009202,3.8304752549627916,0.0,0.0,0.99,8,exponential
q_learning,sparse_seed4,sparse,4,4a77b6e251,2316,225,-1.2499999999999822,-7.2500000000000115,0.05,0.15,0,out_of_energy,0,0,1,0,106,11,0,0,1,52,0.14048177508988255,5.114948104343044,0.0,0.0,0.99,8,exponential
q_learning,sparse_seed4,sparse,4,4a77b6e251,2317,225,-1.2499999999999822,-7.15000000000001,0.05,0.15,0,out_of_energy,0,0,1,0,101,22,0,0,1,62,0.09933903697185895,1.550106963357412,0.0,0.0,0.99,8,exponential
q_learning,sparse_seed4,sparse,4,4a77b6e251,2318,225,-1.2499999999999822,-7.0500000000000105,0.05,0.15,0,out_of_energy,0,0,1,0,96,35,0,0,1,46,0.16407972285068953,6.969984370909378,0.0,0.0,0.99,8,exponential
q_learning,sparse_seed4,sparse,4,4a77b6e251,2319,225,-1.2499999999999822,-6.950000000000009,0.05,0.15,0,out_of_energy,0,0,1,0,94,24,0,0,1,47,0.11125696766563503,3.57157023444055,0.0,0.0,0.99,8,exponential
q_learning,sparse_seed4,sparse,4,4a77b6e251,2320,225,-1.2499999999999822,-6.850000000000009,0.05,0.15,0,out_of_energy,0,0,1,0,94,26,0,0,1,40,0.10211977291460868,2.200971675323839,0.0,0.0,0.99,8,exponential
q_learning,sparse_seed4,sparse,4,4a77b6e251,2321,225,-1.2499999999999822,-6.750000000000009,0.05,0.15,0,out_of_energy,0,0,1,0,103,10,0,0,1,60,0.11520265275528778,3.2866172661291833,0.0,0.0,0.99,8,exponential
q_learning,sparse_seed4,sparse,4,4a77b6e251,2322,225,-1.2499999999999822,-6.650000000000009,0.05,0.15,0,out_of_energy,0,0,1,0,86,10,0,0,1,42,0.0858305169564554,1.6401948817414942,0.0,0.0,0.99,8,exponential
q_learning,sparse_seed4,sparse,4,4a77b6e251,2323,225,-1.2499999999999822,-6.550000000000008,0.05,0.15,0,out_of_energy,0,0,1,0,103,25,0,0,1,45,0.17184988022458225,5.122730591785122,0.0,0.0,0.99,8,exponential
q_learning,sparse_seed4,sparse,4,4a77b6e251,2324,225,-1.2499999999999822,-6.450000000000008,0.05,0.15,0,out_of_energy,0,0,1,0,90,16,0,0,1,34,0.09663898868393277,1.8636033046515266,0.0,0.0,0.99,8,exponential
q_learning,sparse_seed4,sparse,4,4a77b6e251,2325,225,-1.2499999999999822,-6.350000000000007,0.05,0.15,0,out_of_energy,0,0,1,0,101,38,0,0,1,50,0.14605910113570247,3.243104435488548,0.0,0.0,0.99,8,exponential
q_learning,sparse_seed4,sparse,4,4a77b6e251,2326,225,-1.2499999999999822,-6.250000000000007,0.05,0.15,0,out_of_energy,0,0,1,0,102,40,0,0,1,37,0.11891494832296903,3.6281452144054374,0.0,0.0,0.99,8,exponential
q_learning,sparse_seed4,sparse,4,4a77b6e251,2327,225,-11.250000000000025,-6.250000000000007,0.05,0.15,0,out_of_energy,0,0,1,0,101,5,0,0,0,47,0.04276413534263709,0.5197593635586398,0.0,0.0,0.99,8,exponential
q_learning,sparse_seed4,sparse,4,4a77b6e251,2328,225,-1.2499999999999822,-6.150000000000006,0.05,0.15,0,out_of_energy,0,0,1,0,87,16,0,0,1,40,0.09284544148723863,1.8966057206625697,0.0,0.0,0.99,8,exponential
q_learning,sparse_seed4,sparse,4,4a77b6e251,2329,225,-1.2499999999999822,-6.050000000000006,0.05,0.15,0,out_of_energy,0,0,1,0,114,14,0,0,1,52,0.10019708268733506,2.1026751117867692,0.0,0.0,0.99,8,exponential
q_learning,sparse_seed4,sparse,4,4a77b6e251,2330,225,-1.2499999999999822,-5.950000000000005,0.05,0.15,0,out_of_energy,0,0,1,0,83,21,0,0,1,37,0.10233482357628215,1.9705549609739366,0.0,0.0,0.99,8,exponential
q_learning,sparse_seed4,sparse,4,4a77b6e251,2331,225,-1.2499999999999822,-5.850000000000006,0.05,0.15,0,out_of_energy,0,0,1,0,96,15,0,0,1,34,0.08898372120021274,1.3616255593768658,0.0,0.0,0.99,8,exponential
q_learning,sparse_seed4,sparse,4,4a77b6e251,2332,225,-1.2499999999999822,-5.750000000000004,0.05,0.15,0,out_of_energy,0,0,1,0,84,6,0,0,1,39,0.12861572361937193,2.992284276627079,0.0,0.0,0.99,8,exponential
q_learning,sparse_seed4,sparse,4,4a77b6e251,2333,225,-11.250000000000025,-5.750000000000004,0.05,0.15,0,out_of_energy,0,0,1,0,97,4,0,0,0,58,0.042786741037592814,0.49500216610870246,0.0,0.0,0.99,8,exponential
q_learning,sparse_seed4,sparse,4,4a77b6e251,2334,225,-1.2499999999999822,-5.650000000000005,0.05,0.15,0,out_of_energy,0,0,1,0,93,17,0,0,1,47,0.12250393222134959,2.125536538629073,0.0,0.0,0.99,8,exponential
q_learning,sparse_seed4,sparse,4,4a77b6e251,2335,225,-1.2499999999999822,-5.550000000000003,0.05,0.15,0,out_of_energy,0,0,1,0,98,7,0,0,1,51,0.11286706855478915,5.550436111758244,0.0,0.0,0.99,8,exponential
q_learning,sparse_seed4,sparse,4,4a77b6e251,2336,225,-1.2499999999999822,-5.450000000000002,0.05,0.15,0,out_of_energy,0,0,1,0,82,11,0,0,1,45,0.09564203992360044,2.048125727867263,0.0,0.0,0.99,8,exponential
q_learning,sparse_seed4,sparse,4,4a77b6e251,2337,225,-1.2499999999999822,-5.350000000000002,0.05,0.15,0,out_of_energy,0,0,1,0,78,7,0,0,1,47,0.10528194511539543,1.9926529898208503,0.0,0.0,0.99,8,exponential
q_learning,sparse_seed4,sparse,4,4a77b6e251,2338,225,-1.2499999999999822,-5.250000000000003,0.05,0.15,0,out_of_energy,0,0,1,0,94,6,0,0,1,45,0.11955832622685716,5.112068808588791,0.0,0.0,0.99,8,exponential
q_learning,sparse_seed4,sparse,4,4a77b6e251,2339,225,-1.2499999999999822,-5.150000000000002,0.05,0.15,0,out_of_energy,0,0,1,0,101,14,0,0,1,53,0.15010052285664702,5.859305935567774,0.0,0.0,0.99,8,exponential
q_learning,sparse_seed4,sparse,4,4a77b6e251,2340,225,-1.2499999999999822,-5.050000000000001,0.05,0.15,0,out_of_energy,0,0,1,0,92,12,0,0,1,51,0.13508171545229294,6.571887921773373,0.0,0.0,0.99,8,exponential
q_learning,sparse_seed4,sparse,4,4a77b6e251,2341,225,-1.2499999999999822,-5.050000000000001,0.05,0.15,0,out_of_energy,0,0,1,0,91,9,0,0,1,56,0.11807773208673278,2.693111709707888,0.0,0.0,0.99,8,exponential
q_learning,sparse_seed4,sparse,4,4a77b6e251,2342,225,-1.2499999999999822,-4.95,0.05,0.15,0,out_of_energy,0,0,1,0,100,4,0,0,1,45,0.1418522302146399,4.297501819805806,0.0,0.0,0.99,8,exponential
q_learning,sparse_seed4,sparse,4,4a77b6e251,2343,225,-1.2499999999999822,-4.8500000000000005,0.05,0.15,0,out_of_energy,0,0,1,0,101,6,0,0,1,48,0.11182815353791194,3.2128129158430636,0.0,0.0,0.99,8,exponential
q_learning,sparse_seed4,sparse,4,4a77b6e251,2344,225,-1.2499999999999822,-4.749999999999999,0.05,0.15,0,out_of_energy,0,0,1,0,90,10,0,0,1,46,0.12221472862721847,4.298555627329177,0.0,0.0,0.99,8,exponential
q_learning,sparse_seed4,sparse,4,4a77b6e251,2345,225,-1.2499999999999822,-4.649999999999999,0.05,0.15,0,out_of_energy,0,0,1,0,83,17,0,0,1,44,0.13129139135622728,4.000331410808113,0.0,0.0,0.99,8,exponential
q_learning,sparse_seed4,sparse,4,4a77b6e251,2346,225,-1.2499999999999822,-4.549999999999999,0.05,0.15,0,out_of_energy,0,0,1,0,82,13,0,0,1,58,0.12788353018942286,5.136310166402413,0.0,0.0,0.99,8,exponential
q_learning,sparse_seed4,sparse,4,4a77b6e251,2347,225,-1.2499999999999822,-4.449999999999999,0.05,0.15,0,out_of_energy,0,0,1,0,94,6,0,0,1,37,0.14536260319222763,5.965499759045727,0.0,0.0,0.99,8,exponential
q_learning,sparse_seed4,sparse,4,4a77b6e251,2348,225,-1.2499999999999822,-4.349999999999998,0.05,0.15,0,out_of_energy,0,0,1,0,87,5,0,0,1,39,0.13319754761773278,5.448584461132331,0.0,0.0,0.99,8,exponential
q_learning,sparse_seed4,sparse,4,4a77b6e251,2349,225,-1.2499999999999822,-4.249999999999997,0.05,0.15,0,out_of_energy,0,0,1,0,110,11,0,0,1,40,0.10647750233217311,1.9473814871638178,0.0,0.0,0.99,8,exponential
q_learning,sparse_seed4,sparse,4,4a77b6e251,2350,225,-1.2499999999999822,-4.149999999999998,0.05,0.15,0,out_of_energy,0,0,1,0,110,18,0,0,1,54,0.11669116186325422,2.1438904216792927,0.0,0.0,0.99,8,exponential
q_learning,sparse_seed4,sparse,4,4a77b6e251,2351,225,-1.2499999999999822,-4.149999999999998,0.05,0.15,0,out_of_energy,0,0,1,0,78,10,0,0,1,43,0.1021634664597164,2.0602698324653215,0.0,0.0,0.99,8,exponential
q_learning,sparse_seed4,sparse,4,4a77b6e251,2352,225,-1.2499999999999822,-4.149999999999998,0.05,0.15,0,out_of_energy,0,0,1,0,83,16,0,0,1,41,0.10354209102684221,3.7013409597903393,0.0,0.0,0.99,8,exponential
q_learning,sparse_seed4,sparse,4,4a77b6e251,2353,225,-1.2499999999999822,-4.049999999999996,0.05,0.15,0,out_of_energy,0,0,1,0,96,13,0,0,1,45,0.10043754672656459,2.247028378642314,0.0,0.0,0.99,8,exponential
q_learning,sparse_seed4,sparse,4,4a77b6e251,2354,225,-1.2499999999999822,-3.9499999999999966,0.05,0.15,0,out_of_energy,0,0,1,0,97,6,0,0,1,45,0.09229265571368317,2.1464273857228546,0.0,0.0,0.99,8,exponential
q_learning,sparse_seed4,sparse,4,4a77b6e251,2355,225,-1.2499999999999822,-3.8499999999999956,0.05,0.15,0,out_of_energy,0,0,1,0,86,7,0,0,1,43,0.1058833454008088,1.611879811253158,0.0,0.0,0.99,8,exponential
q_learning,sparse_seed4,sparse,4,4a77b6e251,2356,225,-1.2499999999999822,-3.7499999999999956,0.05,0.15,0,out_of_energy,0,0,1,0,94,17,0,0,1,32,0.10161516672372155,2.1670434053266314,0.0,0.0,0.99,8,exponential
q_learning,sparse_seed4,sparse,4,4a77b6e251,2357,225,-1.2499999999999822,-3.649999999999994,0.05,0.15,0,out_of_energy,0,0,1,0,86,10,0,0,1,32,0.11050101641839545,1.8141844780959107,0.0,0.0,0.99,8,exponential
q_learning,sparse_seed4,sparse,4,4a77b6e251,2358,225,-1.2499999999999822,-3.649999999999994,0.05,0.15,0,out_of_energy,0,0,1,0,92,8,0,0,1,64,0.11072940990124812,1.7050202190375767,0.0,0.0,0.99,8,exponential
q_learning,sparse_seed4,sparse,4,4a77b6e251,2359,225,-1.2499999999999822,-3.5499999999999936,0.05,0.15,0,out_of_energy,0,0,1,0,77,9,0,0,1,49,0.09589278677375666,1.9582040775404987,0.0,0.0,0.99,8,exponential
q_learning,sparse_seed4,sparse,4,4a77b6e251,2360,225,-11.250000000000025,-3.649999999999994,0.05,0.15,0,out_of_energy,0,0,1,0,99,9,0,0,0,42,0.041224272451090734,0.440878721269699,0.0,0.0,0.99,8,exponential
q_learning,sparse_seed4,sparse,4,4a77b6e251,2361,225,-1.2499999999999822,-3.6499999999999937,0.05,0.15,0,out_of_energy,0,0,1,0,76,7,0,0,1,44,0.11277883896543711,3.6125071356123715,0.0,0.0,0.99,8,exponential
q_learning,sparse_seed4,sparse,4,4a77b6e251,2362,225,-1.2499999999999822,-3.5499999999999936,0.05,0.15,0,out_of_energy,0,0,1,0,89,7,0,0,1,38,0.09479607676127766,1.8740032180472177,0.0,0.0,0.99,8,exponential
q_learning,sparse_seed4,sparse,4,4a77b6e251,2363,225,-1.2499999999999822,-3.449999999999993,0.05,0.15,0,out_of_energy,0,0,1,0,88,6,0,0,1,47,0.11639251380324153,5.313339030090059,0.0,0.0,0.99,8,exponential
q_learning,sparse_seed4,sparse,4,4a77b6e251,2364,225,-1.2499999999999822,-3.349999999999993,0.05,0.15,0,out_of_energy,0,0,1,0,84,18,0,0,1,43,0.12873571727167457,3.511086609485869,0.0,0.0,0.99,8,exponential
q_learning,sparse_seed4,sparse,4,4a77b6e251,2365,225,-1.2499999999999822,-3.2499999999999925,0.05,0.15,0,out_of_energy,0,0,1,0,85,9,0,0,1,36,0.12099544415072283,2.783618475496339,0.0,0.0,0.99,8,exponential
q_learning,sparse_seed4,sparse,4,4a77b6e251,2366,225,-1.2499999999999822,-3.2499999999999925,0.05,0.15,0,out_of_energy,0,0,1,0,98,12,0,0,1,45,0.10892788693511438,1.766024822982799,0.0,0.0,0.99,8,exponential
q_learning,sparse_seed4,sparse,4,4a77b6e251,2367,225,-1.2499999999999822,-3.149999999999992,0.05,0.15,0,out_of_energy,0,0,1,0,92,15,0,0,1,43,0.1569392804432362,6.501026269252517,0.0,0.0,0.99,8,exponential
q_learning,sparse_seed4,sparse,4,4a77b6e251,2368,225,-1.2499999999999822,-3.149999999999992,0.05,0.15,0,out_of_energy,0,0,1,0,84,10,0,0,1,42,0.11896641794079466,5.49610578657801,0.0,0.0,0.99,8,exponential
q_learning,sparse_seed4,sparse,4,4a77b6e251,2369,225,-11.250000000000025,-3.1499999999999915,0.05,0.15,0,out_of_energy,0,0,1,0,105,6,0,0,0,47,0.044500551937467776,0.5745152488203573,0.0,0.0,0.99,8,exponential
q_learning,sparse_seed4,sparse,4,4a77b6e251,2370,225,-1.2499999999999822,-3.149999999999991,0.05,0.15,0,out_of_energy,0,0,1,0,94,4,0,0,1,39,0.11717362292940982,3.7644117737365734,0.0,0.0,0.99,8,exponential
q_learning,sparse_seed4,sparse,4,4a77b6e251,2371,225,-1.2499999999999822,-3.049999999999991,0.05,0.15,0,out_of_energy,0,0,1,0,80,15,0,0,1,42,0.12066663591330185,3.0939387716547673,0.0,0.0,0.99,8,exponential
q_learning,sparse_seed4,sparse,4,4a77b6e251,2372,225,-1.2499999999999822,-2.9499999999999904,0.05,0.15,0,out_of_energy,0,0,1,0,85,10,0,0,1,41,0.1422013969319001,6.37753363730559,0.0,0.0,0.99,8,exponential
q_learning,sparse_seed4,sparse,4,4a77b6e251,2373,225,-1.2499999999999822,-2.8499999999999903,0.05,0.15,0,out_of_energy,0,0,1,0,94,5,0,0,1,47,0.13537083683624662,4.994657917797335,0.0,0.0,0.99,8,exponential
q_learning,sparse_seed4,sparse,4,4a77b6e251,2374,225,-1.2499999999999822,-2.74999999999999,0.05,0.15,0,out_of_energy,0,0,1,0,95,15,0,0,1,41,0.10042795648956573,2.3956713828468037,0.0,0.0,0.99,8,exponential
q_learning,sparse_seed4,sparse,4,4a77b6e251,2375,225,-1.250000000000009,-2.6499999999999897,0.05,0.15,0,out_of_energy,0,0,1,0,87,11,0,0,1,49,0.07945700758865037,1.5988448910180466,0.0,0.0,0.99,8,exponential
q_learning,sparse_seed4,sparse,4,4a77b6e251,2376,225,-1.2499999999999822,-2.5499999999999883,0.05,0.15,0,out_of_energy,0,0,1,0,91,5,0,0,1,52,0.13875288499999663,3.7633660067703643,0.0,0.0,0.99,8,exponential
q_learning,sparse_seed4,sparse,4,4a77b6e251,2377,225,-1.2499999999999822,-2.4499999999999877,0.05,0.15,0,out_of_energy,0,0,1,0,95,5,0,0,1,44,0.0995341397222319,1.5546388337729473,0.0,0.0,0.99,8,exponential
q_learning,sparse_seed4,sparse,4,4a77b6e251,2378,225,-1.2499999999999822,-2.349999999999987,0.05,0.15,0,out_of_energy,0,0,1,0,103,9,0,0,1,54,0.10489863557958083,2.131443551711179,0.0,0.0,0.99,8,exponential
q_learning,sparse_seed4,sparse,4,4a77b6e251,2379,225,-1.2499999999999822,-2.2499999999999862,0.05,0.15,0,out_of_energy,0,0,1,0,82,6,0,0,1,46,0.11340939656048833,1.595394129251778,0.0,0.0,0.99,8,exponential
q_learning,sparse_seed4,sparse,4,4a77b6e251,2380,225,-1.2499999999999822,-2.2499999999999867,0.05,0.15,0,out_of_energy,0,0,1,0,103,5,0,0,1,46,0.11991981131606876,2.563152368310719,0.0,0.0,0.99,8,exponential
q_learning,sparse_seed4,sparse,4,4a77b6e251,2381,225,-1.2499999999999822,-2.2499999999999867,0.05,0.15,0,out_of_energy,0,0,1,0,89,3,0,0,1,46,0.12645486636628023,3.382974299599476,0.0,0.0,0.99,8,exponential
q_learning,sparse_seed4,sparse,4,4a77b6e251,2382,225,-1.2499999999999822,-2.2499999999999862,0.05,0.15,0,out_of_energy,0,0,1,0,99,7,0,0,1,42,0.11223842983302255,3.0125933102389255,0.0,0.0,0.99,8,exponential
q_learning,sparse_seed4,sparse,4,4a77b6e251,2383,225,-1.2499999999999822,-2.2499999999999862,0.05,0.15,0,out_of_energy,0,0,1,0,97,15,0,0,1,45,0.11393634197088179,3.2670282414982146,0.0,0.0,0.99,8,exponential
q_learning,sparse_seed4,sparse,4,4a77b6e251,2384,225,-1.2499999999999822,-2.2499999999999867,0.05,0.15,0,out_of_energy,0,0,1,0,97,5,0,0,1,39,0.10297938641073755,2.578158107646315,0.0,0.0,0.99,8,exponential
q_learning,sparse_seed4,sparse,4,4a77b6e251,2385,225,-1.2499999999999822,-2.2499999999999867,0.05,0.15,0,out_of_energy,0,0,1,0,94,35,0,0,1,46,0.13744807634871462,3.1407279262163215,0.0,0.0,0.99,8,exponential
q_learning,sparse_seed4,sparse,4,4a77b6e251,2386,225,-1.2499999999999822,-2.2499999999999862,0.05,0.15,0,out_of_energy,0,0,1,0,81,7,0,0,1,41,0.12240289975093373,5.204682427123193,0.0,0.0,0.99,8,exponential
q_learning,sparse_seed4,sparse,4,4a77b6e251,2387,225,-1.2499999999999822,-2.1499999999999857,0.05,0.15,0,out_of_energy,0,0,1,0,82,17,0,0,1,40,0.10963507952115348,3.6822871639752,0.0,0.0,0.99,8,exponential
q_learning,sparse_seed4,sparse,4,4a77b6e251,2388,225,-1.2499999999999822,-2.149999999999986,0.05,0.15,0,out_of_energy,0,0,1,0,79,9,0,0,1,41,0.11921403910434338,2.3496515271799,0.0,0.0,0.99,8,exponential
q_learning,sparse_seed4,sparse,4,4a77b6e251,2389,225,-11.250000000000025,-2.2499999999999867,0.05,0.15,0,out_of_energy,0,0,1,0,98,14,0,0,0,47,0.044281321397398425,0.5235165496277302,0.0,0.0,0.99,8,exponential
q_learning,sparse_seed4,sparse,4,4a77b6e251,2390,225,-1.2499999999999822,-2.2499999999999862,0.05,0.15,0,out_of_energy,0,0,1,0,82,3,0,0,1,49,0.13478009661877594,2.503887820219746,0.0,0.0,0.99,8,exponential
q_learning,sparse_seed4,sparse,4,4a77b6e251,2391,225,-1.2499999999999822,-2.2499999999999862,0.05,0.15,0,out_of_energy,0,0,1,0,92,22,0,0,1,36,0.11578446111561566,2.810714186071947,0.0,0.0,0.99,8,exponential
q_learning,sparse_seed4,sparse,4,4a77b6e251,2392,225,-1.2499999999999822,-2.2499999999999867,0.05,0.15,0,out_of_energy,0,0,1,0,89,3,0,0,1,55,0.14803374318508639,3.9671520405379113,0.0,0.0,0.99,8,exponential
q_learning,sparse_seed4,sparse,4,4a77b6e251,2393,225,-11.250000000000025,-2.3499999999999868,0.05,0.15,0,out_of_energy,0,0,1,0,100,29,0,0,0,59,0.04401171999058292,0.5404871148884925,0.0,0.0,0.99,8,exponential
q_learning,sparse_seed4,sparse,4,4a77b6e251,2394,225,-1.2499999999999822,-2.2499999999999862,0.05,0.15,0,out_of_energy,0,0,1,0,98,12,0,0,1,37,0.11235573260959948,2.179580958519761,0.0,0.0,0.99,8,exponential
q_learning,sparse_seed4,sparse,4,4a77b6e251,2395,225,-1.2499999999999822,-2.2499999999999862,0.05,0.15,0,out_of_energy,0,0,1,0,75,13,0,0,1,46,0.11594715488227575,4.498679172345843,0.0,0.0,0.99,8,exponential
q_learning,sparse_seed4,sparse,4,4a77b6e251,2396,225,-1.2499999999999822,-2.2499999999999867,0.05,0.15,0,out_of_energy,0,0,1,0,101,8,0,0,1,45,0.09919812354011612,1.92479817031285,0.0,0.0,0.99,8,exponential
q_learning,sparse_seed4,sparse,4,4a77b6e251,2397,225,-1.2499999999999822,-2.2499999999999862,0.05,0.15,0,out_of_energy,0,0,1,0,88,7,0,0,1,53,0.1143823493541957,3.073012192240113,0.0,0.0,0.99,8,exponential
q_learning,sparse_seed4,sparse,4,4a77b6e251,2398,225,-1.2499999999999822,-2.2499999999999862,0.05,0.15,0,out_of_energy,0,0,1,0,92,33,0,0,1,52,0.16188112107762875,5.459050396800079,0.0,0.0,0.99,8,exponential
q_learning,sparse_seed4,sparse,4,4a77b6e251,2399,225,-1.2499999999999822,-2.2499999999999862,0.05,0.15,0,out_of_energy,0,0,1,0,89,9,0,0,1,44,0.09836749144418035,2.0870457368475313,0.0,0.0,0.99,8,exponential
q_learning,sparse_seed4,sparse,4,4a77b6e251,2400,225,-11.250000000000025,-2.3499999999999868,0.05,0.15,0,out_of_energy,0,0,1,0,108,9,0,0,0,41,0.0434952586890858,0.52929829827648,0.0,0.0,0.99,8,exponential
q_learning,sparse_seed4,sparse,4,4a77b6e251,2401,225,-1.2499999999999822,-2.3499999999999868,0.05,0.15,0,out_of_energy,0,0,1,0,87,24,0,0,1,44,0.12144298431576729,3.689984122562905,0.0,0.0,0.99,8,exponential
q_learning,sparse_seed4,sparse,4,4a77b6e251,2402,225,-1.2499999999999822,-2.2499999999999862,0.05,0.15,0,out_of_energy,0,0,1,0,76,13,0,0,1,39,0.10108929448598852,2.223504997628561,0.0,0.0,0.99,8,exponential
q_learning,sparse_seed4,sparse,4,4a77b6e251,2403,225,-1.2499999999999822,-2.149999999999986,0.05,0.15,0,out_of_energy,0,0,1,0,88,7,0,0,1,44,0.12470552079092331,2.835631819774291,0.0,0.0,0.99,8,exponential
q_learning,sparse_seed4,sparse,4,4a77b6e251,2404,225,-11.250000000000025,-2.2499999999999862,0.05,0.15,0,out_of_energy,0,0,1,0,92,16,0,0,0,38,0.04392389834454477,0.5449297973032017,0.0,0.0,0.99,8,exponential
q_learning,sparse_seed4,sparse,4,4a77b6e251,2405,225,-1.2499999999999822,-2.2499999999999862,0.05,0.15,0,out_of_energy,0,0,1,0,73,9,0,0,1,38,0.0950075287178851,1.8065458715766551,0.0,0.0,0.99,8,exponential
q_learning,sparse_seed4,sparse,4,4a77b6e251,2406,225,-1.2499999999999822,-2.2499999999999862,0.05,0.15,0,out_of_energy,0,0,1,0,92,6,0,0,1,48,0.10795264016042225,3.6394875881902258,0.0,0.0,0.99,8,exponential
q_learning,sparse_seed4,sparse,4,4a77b6e251,2407,225,-1.2499999999999822,-2.149999999999986,0.05,0.15,0,out_of_energy,0,0,1,0,94,5,0,0,1,48,0.08858335106612718,1.5137356088672647,0.0,0.0,0.99,8,exponential
q_learning,sparse_seed4,sparse,4,4a77b6e251,2408,225,-1.2499999999999822,-2.1499999999999857,0.05,0.15,0,out_of_energy,0,0,1,0,82,7,0,0,1,49,0.09613325680694788,1.5824935571089545,0.0,0.0,0.99,8,exponential
q_learning,sparse_seed4,sparse,4,4a77b6e251,2409,225,-1.2499999999999822,-2.1499999999999857,0.05,0.15,0,out_of_energy,0,0,1,0,88,16,0,0,1,37,0.09895748347487983,2.0044286490421888,0.0,0.0,0.99,8,exponential
q_learning,sparse_seed4,sparse,4,4a77b6e251,2410,225,-1.2499999999999822,-2.1499999999999857,0.05,0.15,0,out_of_energy,0,0,1,0,111,10,0,0,1,37,0.1048479220034963,1.9179943457856679,0.0,0.0,0.99,8,exponential
q_learning,sparse_seed4,sparse,4,4a77b6e251,2411,225,-1.2499999999999822,-2.1499999999999857,0.05,0.15,0,out_of_energy,0,0,1,0,90,7,0,0,1,43,0.08820621362429695,1.5068241717675326,0.0,0.0,0.99,8,exponential
q_learning,sparse_seed4,sparse,4,4a77b6e251,2412,225,-1.2499999999999822,-2.0499999999999856,0.05,0.15,0,out_of_energy,0,0,1,0,85,9,0,0,1,44,0.11533045020243335,2.419044149812854,0.0,0.0,0.99,8,exponential
q_learning,sparse_seed4,sparse,4,4a77b6e251,2413,225,-1.2499999999999822,-2.0499999999999856,0.05,0.15,0,out_of_energy,0,0,1,0,92,5,0,0,1,48,0.10912702265431809,2.9997291691006995,0.0,0.0,0.99,8,exponential
q_learning,sparse_seed4,sparse,4,4a77b6e251,2414,225,-1.2499999999999822,-2.0499999999999856,0.05,0.15,0,out_of_energy,0,0,1,0,81,15,0,0,1,35,0.10023194520471382,1.757349754232318,0.0,0.0,0.99,8,exponential
q_learning,sparse_seed4,sparse,4,4a77b6e251,2415,225,-1.2499999999999822,-2.0499999999999856,0.05,0.15,0,out_of_energy,0,0,1,0,74,16,0,0,1,41,0.12187698730164089,2.9094097364892604,0.0,0.0,0.99,8,exponential
q_learning,sparse_seed4,sparse,4,4a77b6e251,2416,225,-1.2499999999999822,-2.0499999999999856,0.05,0.15,0,out_of_energy,0,0,1,0,77,6,0,0,1,41,0.10043988898845606,2.8459470496447645,0.0,0.0,0.99,8,exponential
q_learning,sparse_seed4,sparse,4,4a77b6e251,2417,225,-1.2499999999999822,-2.0499999999999856,0.05,0.15,0,out_of_energy,0,0,1,0,101,6,0,0,1,51,0.11009882950626693,2.6345979951762146,0.0,0.0,0.99,8,exponential
q_learning,sparse_seed4,sparse,4,4a77b6e251,2418,225,-1.2499999999999822,-2.0499999999999856,0.05,0.15,0,out_of_energy,0,0,1,0,88,9,0,0,1,43,0.12075620413431719,5.496750937438985,0.0,0.0,0.99,8,exponential
q_learning,sparse_seed4,sparse,4,4a77b6e251,2419,225,-11.250000000000025,-2.149999999999986,0.05,0.15,0,out_of_energy,0,0,1,0,94,5,0,0,0,45,0.045397740712871205,0.5469286898514877,0.0,0.0,0.99,8,exponential
q_learning,sparse_seed4,sparse,4,4a77b6e251,2420,225,-1.2499999999999822,-2.149999999999986,0.05,0.15,0,out_of_energy,0,0,1,0,87,8,0,0,1,44,0.1070017477656334,1.9949021534938955,0.0,0.0,0.99,8,exponential
q_learning,sparse_seed4,sparse,4,4a77b6e251,2421,225,-1.2499999999999822,-2.149999999999986,0.05,0.15,0,out_of_energy,0,0,1,0,76,12,0,0,1,45,0.10596966043439551,2.552210514795478,0.0,0.0,0.99,8,exponential
q_learning,sparse_seed4,sparse,4,4a77b6e251,2422,225,-1.2499999999999822,-2.149999999999986,0.05,0.15,0,out_of_energy,0,0,1,0,84,15,0,0,1,43,0.11132292530937696,2.6577401462614896,0.0,0.0,0.99,8,exponential
q_learning,sparse_seed4,sparse,4,4a77b6e251,2423,225,-1.2499999999999822,-2.1499999999999857,0.05,0.15,0,out_of_energy,0,0,1,0,84,15,0,0,1,51,0.11556135400989087,2.7714284663189823,0.0,0.0,0.99,8,exponential
q_learning,sparse_seed4,sparse,4,4a77b6e251,2424,225,-1.2499999999999822,-2.1499999999999857,0.05,0.15,0,out_of_energy,0,0,1,0,73,12,0,0,1,53,0.1614311258213232,6.998328742778936,0.0,0.0,0.99,8,exponential
q_learning,sparse_seed4,sparse,4,4a77b6e251,2425,225,-1.2499999999999822,-2.1499999999999857,0.05,0.15,0,out_of_energy,0,0,1,0,98,12,0,0,1,49,0.10189414778333339,3.6412921009527675,0.0,0.0,0.99,8,exponential
q_learning,sparse_seed4,sparse,4,4a77b6e251,2426,225,-1.2499999999999822,-2.1499999999999857,0.05,0.15,0,out_of_energy,0,0,1,0,79,8,0,0,1,45,0.13914604141209713,3.7939335287097125,0.0,0.0,0.99,8,exponential
q_learning,sparse_seed4,sparse,4,4a77b6e251,2427,225,-1.2499999999999822,-2.0499999999999856,0.05,0.15,0,out_of_energy,0,0,1,0,100,19,0,0,1,50,0.1379033801624373,4.790580829874078,0.0,0.0,0.99,8,exponential
q_learning,sparse_seed4,sparse,4,4a77b6e251,2428,225,-1.2499999999999822,-2.0499999999999856,0.05,0.15,0,out_of_energy,0,0,1,0,73,15,0,0,1,38,0.11785333428824402,3.2529794447964973,0.0,0.0,0.99,8,exponential
q_learning,sparse_seed4,sparse,4,4a77b6e251,2429,225,-1.2499999999999822,-2.0499999999999856,0.05,0.15,0,out_of_energy,0,0,1,0,112,14,0,0,1,48,0.11319264853585996,2.333988519981662,0.0,0.0,0.99,8,exponential
q_learning,sparse_seed4,sparse,4,4a77b6e251,2430,225,-1.2499999999999822,-2.0499999999999856,0.05,0.15,0,out_of_energy,0,0,1,0,82,5,0,0,1,45,0.10097183037494659,3.5047041859621397,0.0,0.0,0.99,8,exponential
q_learning,sparse_seed4,sparse,4,4a77b6e251,2431,225,-1.2499999999999822,-2.0499999999999856,0.05,0.15,0,out_of_energy,0,0,1,0,73,5,0,0,1,41,0.11005447675256518,1.9477491828441627,0.0,0.0,0.99,8,exponential
q_learning,sparse_seed4,sparse,4,4a77b6e251,2432,225,-1.2499999999999822,-2.0499999999999856,0.05,0.15,0,out_of_energy,0,0,1,0,94,11,0,0,1,49,0.13708248985520718,5.796924961570679,0.0,0.0,0.99,8,exponential
q_learning,sparse_seed4,sparse,4,4a77b6e251,2433,225,-1.2499999999999822,-1.9499999999999853,0.05,0.15,0,out_of_energy,0,0,1,0,95,7,0,0,1,46,0.10104629643881258,4.245401662508916,0.0,0.0,0.99,8,exponential
q_learning,sparse_seed4,sparse,4,4a77b6e251,2434,225,-1.2499999999999822,-1.9499999999999853,0.05,0.15,0,out_of_energy,0,0,1,0,104,26,0,0,1,53,0.15102750811263757,3.958732747382414,0.0,0.0,0.99,8,exponential
q_learning,sparse_seed4,sparse,4,4a77b6e251,2435,225,-11.250000000000025,-2.0499999999999856,0.05,0.15,0,out_of_energy,0,0,1,0,82,1,0,0,0,50,0.04777281545727751,0.7670946892423971,0.0,0.0,0.99,8,exponential
q_learning,sparse_seed4,sparse,4,4a77b6e251,2436,225,-11.250000000000025,-2.149999999999986,0.05,0.15,0,out_of_energy,0,0,1,0,94,21,0,0,0,43,0.045946625369503405,0.6510318224293772,0.0,0.0,0.99,8,exponential
q_learning,sparse_seed4,sparse,4,4a77b6e251,2437,225,-1.2499999999999822,-2.149999999999986,0.05,0.15,0,out_of_energy,0,0,1,0,108,16,0,0,1,41,0.10646842970943074,2.1053820336942666,0.0,0.0,0.99,8,exponential
q_learning,sparse_seed4,sparse,4,4a77b6e251,2438,225,-1.2499999999999822,-2.149999999999986,0.05,0.15,0,out_of_energy,0,0,1,0,76,20,0,0,1,38,0.09806755338437179,1.754133630891661,0.0,0.0,0.99,8,exponential
q_learning,sparse_seed4,sparse,4,4a77b6e251,2439,225,-1.2499999999999822,-2.149999999999986,0.05,0.15,0,out_of_energy,0,0,1,0,94,9,0,0,1,56,0.09169260628872873,2.1050633473062947,0.0,0.0,0.99,8,exponential
q_learning,sparse_seed4,sparse,4,4a77b6e251,2440,225,-1.2499999999999822,-2.1499999999999857,0.05,0.15,0,out_of_energy,0,0,1,0,78,12,0,0,1,42,0.08966868567131643,1.7127598210564514,0.0,0.0,0.99,8,exponential
q_learning,sparse_seed4,sparse,4,4a77b6e251,2441,225,-1.2499999999999822,-2.1499999999999857,0.05,0.15,0,out_of_energy,0,0,1,0,78,11,0,0,1,43,0.12323700028230349,2.0428018393804317,0.0,0.0,0.99,8,exponential
q_learning,sparse_seed4,sparse,4,4a77b6e251,2442,225,-1.2499999999999822,-2.1499999999999857,0.05,0.15,0,out_of_energy,0,0,1,0,81,12,0,0,1,41,0.13992903859682934,3.3924795738390117,0.0,0.0,0.99,8,exponential
q_learning,sparse_seed4,sparse,4,4a77b6e251,2443,225,-1.2499999999999822,-2.1499999999999857,0.05,0.15,0,out_of_energy,0,0,1,0,79,16,0,0,1,42,0.1330121449068019,2.450626117065242,0.0,0.0,0.99,8,exponential
q_learning,sparse_seed4,sparse,4,4a77b6e251,2444,225,-1.2499999999999822,-2.1499999999999857,0.05,0.15,0,out_of_energy,0,0,1,0,69,17,0,0,1,31,0.09681628181923282,2.297697234200453,0.0,0.0,0.99,8,exponential
q_learning,sparse_seed4,sparse,4,4a77b6e251,2445,225,-1.2499999999999822,-2.1499999999999857,0.05,0.15,0,out_of_energy,0,0,1,0,80,24,0,0,1,43,0.1318318224310853,5.093103673199324,0.0,0.0,0.99,8,exponential
q_learning,sparse_seed4,sparse,4,4a77b6e251,2446,225,-1.2499999999999822,-2.1499999999999857,0.05,0.15,0,out_of_energy,0,0,1,0,92,10,0,0,1,37,0.11400303913142229,4.440030007732391,0.0,0.0,0.99,8,exponential
q_learning,sparse_seed4,sparse,4,4a77b6e251,2447,225,-1.2499999999999822,-2.1499999999999857,0.05,0.15,0,out_of_energy,0,0,1,0,105,37,0,0,1,47,0.15335734621135988,3.8930949648413913,0.0,0.0,0.99,8,exponential
q_learning,sparse_seed4,sparse,4,4a77b6e251,2448,225,-1.2499999999999822,-2.1499999999999857,0.05,0.15,0,out_of_energy,0,0,1,0,77,9,0,0,1,54,0.11003114799669035,2.9810845767066536,0.0,0.0,0.99,8,exponential
q_learning,sparse_seed4,sparse,4,4a77b6e251,2449,225,-1.2499999999999822,-2.1499999999999857,0.05,0.15,0,out_of_energy,0,0,1,0,108,22,0,0,1,40,0.1503737163481236,3.987759745589015,0.0,0.0,0.99,8,exponential
q_learning,sparse_seed4,sparse,4,4a77b6e251,2450,225,-1.2499999999999822,-2.1499999999999857,0.05,0.15,0,out_of_energy,0,0,1,0,100,6,0,0,1,41,0.10133358544585969,4.405569180192596,0.0,0.0,0.99,8,exponential
q_learning,sparse_seed4,sparse,4,4a77b6e251,2451,225,-1.2499999999999822,-2.1499999999999857,0.05,0.15,0,out_of_energy,0,0,1,0,89,5,0,0,1,51,0.08978715315652532,1.571878089896682,0.0,0.0,0.99,8,exponential
q_learning,sparse_seed4,sparse,4,4a77b6e251,2452,225,-11.250000000000025,-2.2499999999999862,0.05,0.15,0,out_of_energy,0,0,1,0,89,8,0,0,0,50,0.05124847093902385,1.0949781401861747,0.0,0.0,0.99,8,exponential
q_learning,sparse_seed4,sparse,4,4a77b6e251,2453,225,-1.2499999999999822,-2.2499999999999862,0.05,0.15,0,out_of_energy,0,0,1,0,88,8,0,0,1,43,0.09329300838112897,1.8921461902606094,0.0,0.0,0.99,8,exponential
q_learning,sparse_seed4,sparse,4,4a77b6e251,2454,225,-1.2499999999999822,-2.2499999999999862,0.05,0.15,0,out_of_energy,0,0,1,0,93,9,0,0,1,45,0.10825019350859505,3.3316060703944093,0.0,0.0,0.99,8,exponential
q_learning,sparse_seed4,sparse,4,4a77b6e251,2455,225,-1.2499999999999822,-2.2499999999999862,0.05,0.15,0,out_of_energy,0,0,1,0,88,10,0,0,1,55,0.09882075822931104,2.185561123131855,0.0,0.0,0.99,8,exponential
q_learning,sparse_seed4,sparse,4,4a77b6e251,2456,225,-1.2499999999999822,-2.2499999999999862,0.05,0.15,0,out_of_energy,0,0,1,0,109,17,0,0,1,37,0.1367522382957785,3.053114675719124,0.0,0.0,0.99,8,exponential
q_learning,sparse_seed4,sparse,4,4a77b6e251,2457,225,-1.2499999999999822,-2.2499999999999862,0.05,0.15,0,out_of_energy,0,0,1,0,110,11,0,0,1,52,0.11298298317524119,4.2334383263832205,0.0,0.0,0.99,8,exponential
q_learning,sparse_seed4,sparse,4,4a77b6e251,2458,225,-1.2499999999999822,-2.2499999999999862,0.05,0.15,0,out_of_energy,0,0,1,0,92,13,0,0,1,42,0.14864264537532693,6.7578352225508524,0.0,0.0,0.99,8,exponential
q_learning,sparse_seed4,sparse,4,4a77b6e251,2459,225,-1.2499999999999822,-2.2499999999999862,0.05,0.15,0,out_of_energy,0,0,1,0,80,10,0,0,1,43,0.08754060679656639,1.6185992284494573,0.0,0.0,0.99,8,exponential
q_learning,sparse_seed4,sparse,4,4a77b6e251,2460,225,-1.2499999999999822,-2.1499999999999857,0.05,0.15,0,out_of_energy,0,0,1,0,101,15,0,0,1,50,0.11735621120045654,3.863332827167674,0.0,0.0,0.99,8,exponential
q_learning,sparse_seed4,sparse,4,4a77b6e251,2461,225,-1.2499999999999822,-2.1499999999999857,0.05,0.15,0,out_of_energy,0,0,1,0,92,10,0,0,1,49,0.13412510524097254,6.078891182688597,0.0,0.0,0.99,8,exponential
q_learning,sparse_seed4,sparse,4,4a77b6e251,2462,225,-1.2499999999999822,-2.1499999999999857,0.05,0.15,0,out_of_energy,0,0,1,0,79,17,0,0,1,38,0.0884460521323154,2.3400997428152963,0.0,0.0,0.99,8,exponential
q_learning,sparse_seed4,sparse,4,4a77b6e251,2463,225,-11.250000000000025,-2.2499999999999862,0.05,0.15,0,out_of_energy,0,0,1,0,82,31,0,0,0,33,0.0512952512306142,1.2452478095993393,0.0,0.0,0.99,8,exponential
q_learning,sparse_seed4,sparse,4,4a77b6e251,2464,225,-11.250000000000025,-2.3499999999999868,0.05,0.15,0,out_of_energy,0,0,1,0,92,21,0,0,0,45,0.04790911503056728,1.0591566489071178,0.0,0.0,0.99,8,exponential
q_learning,sparse_seed4,sparse,4,4a77b6e251,2465,225,-1.2499999999999822,-2.3499999999999868,0.05,0.15,0,out_of_energy,0,0,1,0,83,8,0,0,1,39,0.1058873596830411,2.745970712711043,0.0,0.0,0.99,8,exponential
q_learning,sparse_seed4,sparse,4,4a77b6e251,2466,225,-1.2499999999999822,-2.3499999999999868,0.05,0.15,0,out_of_energy,0,0,1,0,84,11,0,0,1,39,0.1029641949758262,2.2960025658392627,0.0,0.0,0.99,8,exponential
q_learning,sparse_seed4,sparse,4,4a77b6e251,2467,225,-1.2499999999999822,-2.3499999999999868,0.05,0.15,0,out_of_energy,0,0,1,0,88,21,0,0,1,44,0.11798793721103738,3.0335480393034313,0.0,0.0,0.99,8,exponential
q_learning,sparse_seed4,sparse,4,4a77b6e251,2468,225,-1.2499999999999822,-2.3499999999999868,0.05,0.15,0,out_of_energy,0,0,1,0,96,10,0,0,1,41,0.09192101113460965,1.677170092721627,0.0,0.0,0.99,8,exponential
q_learning,sparse_seed4,sparse,4,4a77b6e251,2469,225,-1.2499999999999822,-2.2499999999999862,0.05,0.15,0,out_of_energy,0,0,1,0,95,17,0,0,1,40,0.14154234894316947,5.8670302683039175,0.0,0.0,0.99,8,exponential
q_learning,sparse_seed4,sparse,4,4a77b6e251,2470,225,-1.2499999999999822,-2.2499999999999862,0.05,0.15,0,out_of_energy,0,0,1,0,90,12,0,0,1,40,0.07816009554971129,1.6916025807196293,0.0,0.0,0.99,8,exponential
q_learning,sparse_seed4,sparse,4,4a77b6e251,2471,225,-1.2499999999999822,-2.2499999999999862,0.05,0.15,0,out_of_energy,0,0,1,0,87,4,0,0,1,30,0.07832014860423452,1.0938047830440567,0.0,0.0,0.99,8,exponential
q_learning,sparse_seed4,sparse,4,4a77b6e251,2472,225,-1.2499999999999822,-2.2499999999999862,0.05,0.15,0,out_of_energy,0,0,1,0,89,10,0,0,1,40,0.13863267385651715,2.8272127631572284,0.0,0.0,0.99,8,exponential
q_learning,sparse_seed4,sparse,4,4a77b6e251,2473,225,-1.2499999999999822,-2.2499999999999862,0.05,0.15,0,out_of_energy,0,0,1,0,90,13,0,0,1,55,0.08078055458687958,1.7410995160413432,0.0,0.0,0.99,8,exponential
q_learning,sparse_seed4,sparse,4,4a77b6e251,2474,225,-1.2499999999999822,-2.2499999999999862,0.05,0.15,0,out_of_energy,0,0,1,0,76,9,0,0,1,45,0.12155466872022959,5.481953557735483,0.0,0.0,0.99,8,exponential
q_learning,sparse_seed4,sparse,4,4a77b6e251,2475,225,-1.2499999999999822,-2.2499999999999862,0.05,0.15,0,out_of_energy,0,0,1,0,91,3,0,0,1,49,0.0868337308467704,2.3668927361992176,0.0,0.0,0.99,8,exponential
q_learning,sparse_seed4,sparse,4,4a77b6e251,2476,225,-1.2499999999999822,-2.2499999999999862,0.05,0.15,0,out_of_energy,0,0,1,0,93,7,0,0,1,48,0.0992664557472591,2.7647863556452217,0.0,0.0,0.99,8,exponential
q_learning,sparse_seed4,sparse,4,4a77b6e251,2477,225,-1.2499999999999822,-2.2499999999999862,0.05,0.15,0,out_of_energy,0,0,1,0,86,3,0,0,1,43,0.08734432793377568,2.01893205459898,0.0,0.0,0.99,8,exponential
q_learning,sparse_seed4,sparse,4,4a77b6e251,2478,225,-1.2499999999999822,-2.2499999999999862,0.05,0.15,0,out_of_energy,0,0,1,0,95,3,0,0,1,46,0.12420905132692724,6.124180875418087,0.0,0.0,0.99,8,exponential
q_learning,sparse_seed4,sparse,4,4a77b6e251,2479,225,-1.2499999999999822,-2.2499999999999862,0.05,0.15,0,out_of_energy,0,0,1,0,90,3,0,0,1,51,0.10521208712553345,2.0124788797309616,0.0,0.0,0.99,8,exponential
q_learning,sparse_seed4,sparse,4,4a77b6e251,2480,225,-1.2499999999999822,-2.2499999999999862,0.05,0.15,0,out_of_energy,0,0,1,0,77,6,0,2,1,43,0.12741299030241193,5.9176362603420944,0.0,0.0,0.99,8,exponential
q_learning,sparse_seed4,sparse,4,4a77b6e251,2481,225,-1.2499999999999822,-2.2499999999999862,0.05,0.15,0,out_of_energy,0,0,1,0,96,5,0,0,1,50,0.08387290913535259,2.0607157030512884,0.0,0.0,0.99,8,exponential
q_learning,sparse_seed4,sparse,4,4a77b6e251,2482,225,-1.2499999999999822,-2.2499999999999862,0.05,0.15,0,out_of_energy,0,0,1,0,86,12,0,0,1,39,0.11654517224782251,3.034255212679588,0.0,0.0,0.99,8,exponential
q_learning,sparse_seed4,sparse,4,4a77b6e251,2483,225,-1.2499999999999822,-2.2499999999999862,0.05,0.15,0,out_of_energy,0,0,1,0,101,3,0,0,1,50,0.09791237131548435,3.0926928605339783,0.0,0.0,0.99,8,exponential
q_learning,sparse_seed4,sparse,4,4a77b6e251,2484,225,-1.2499999999999822,-2.2499999999999862,0.05,0.15,0,out_of_energy,0,0,1,0,89,11,0,0,1,49,0.14781715541780588,3.2233107705039568,0.0,0.0,0.99,8,exponential
q_learning,sparse_seed4,sparse,4,4a77b6e251,2485,225,-1.2499999999999822,-2.2499999999999862,0.05,0.15,0,out_of_energy,0,0,1,0,80,9,0,0,1,43,0.10449858342355049,2.0411202531729673,0.0,0.0,0.99,8,exponential
q_learning,sparse_seed4,sparse,4,4a77b6e251,2486,225,-1.2499999999999822,-2.2499999999999862,0.05,0.15,0,out_of_energy,0,0,1,0,81,12,0,0,1,49,0.1640041162944401,5.7233794887274145,0.0,0.0,0.99,8,exponential
q_learning,sparse_seed4,sparse,4,4a77b6e251,2487,225,-1.2499999999999822,-2.2499999999999862,0.05,0.15,0,out_of_energy,0,0,1,0,86,25,0,0,1,36,0.17631025505016268,6.03476924262419,0.0,0.0,0.99,8,exponential
q_learning,sparse_seed4,sparse,4,4a77b6e251,2488,225,-1.2499999999999822,-2.2499999999999862,0.05,0.15,0,out_of_energy,0,0,1,0,90,13,0,0,1,46,0.09358237739908185,2.218096805621732,0.0,0.0,0.99,8,exponential
q_learning,sparse_seed4,sparse,4,4a77b6e251,2489,225,-1.2499999999999822,-2.1499999999999857,0.05,0.15,0,out_of_energy,0,0,1,0,90,16,0,0,1,44,0.1380594380331239,2.889356302054917,0.0,0.0,0.99,8,exponential
q_learning,sparse_seed4,sparse,4,4a77b6e251,2490,225,-1.2499999999999822,-2.1499999999999857,0.05,0.15,0,out_of_energy,0,0,1,0,73,13,0,0,1,41,0.10203062335949688,2.9341271687757877,0.0,0.0,0.99,8,exponential
q_learning,sparse_seed4,sparse,4,4a77b6e251,2491,225,-1.2499999999999822,-2.1499999999999857,0.05,0.15,0,out_of_energy,0,0,1,0,78,7,0,0,1,51,0.10261926109866878,5.126095708672624,0.0,0.0,0.99,8,exponential
q_learning,sparse_seed4,sparse,4,4a77b6e251,2492,225,-1.2499999999999822,-2.1499999999999857,0.05,0.15,0,out_of_energy,0,0,1,0,82,13,0,0,1,43,0.1139088681175159,5.406853096326347,0.0,0.0,0.99,8,exponential
q_learning,sparse_seed4,sparse,4,4a77b6e251,2493,225,-1.2499999999999822,-2.049999999999985,0.05,0.15,0,out_of_energy,0,0,1,0,97,4,0,0,1,44,0.16399352016220006,5.09166316093052,0.0,0.0,0.99,8,exponential
q_learning,sparse_seed4,sparse,4,4a77b6e251,2494,225,-1.2499999999999822,-2.049999999999985,0.05,0.15,0,out_of_energy,0,0,1,0,72,11,0,0,1,46,0.09433856655889153,2.9243525521712463,0.0,0.0,0.99,8,exponential
q_learning,sparse_seed4,sparse,4,4a77b6e251,2495,225,-1.2499999999999822,-2.049999999999985,0.05,0.15,0,out_of_energy,0,0,1,0,89,7,0,0,1,41,0.1097701233359931,2.4820718086235622,0.0,0.0,0.99,8,exponential
q_learning,sparse_seed4,sparse,4,4a77b6e251,2496,225,-1.2499999999999822,-2.049999999999985,0.05,0.15,0,out_of_energy,0,0,1,0,90,6,0,0,1,53,0.09830286032875857,2.868012799523866,0.0,0.0,0.99,8,exponential
q_learning,sparse_seed4,sparse,4,4a77b6e251,2497,225,-11.250000000000025,-2.1499999999999857,0.05,0.15,0,out_of_energy,0,0,1,0,90,4,0,0,0,52,0.05168589060523917,1.8165169458565702,0.0,0.0,0.99,8,exponential
q_learning,sparse_seed4,sparse,4,4a77b6e251,2498,225,-1.2499999999999822,-2.1499999999999857,0.05,0.15,0,out_of_energy,0,0,1,0,82,11,0,0,1,35,0.10602704753061035,4.148219320185604,0.0,0.0,0.99,8,exponential
q_learning,sparse_seed4,sparse,4,4a77b6e251,2499,225,-1.2499999999999822,-2.1499999999999857,0.05,0.15,0,out_of_energy,0,0,1,0,95,23,0,0,1,48,0.08053488733616648,2.003831124939488,0.0,0.0,0.99,8,exponential
q_learning,sparse_seed4,sparse,4,4a77b6e251,2500,225,-1.2499999999999822,-2.0499999999999856,0.05,0.15,0,out_of_energy,0,0,1,0,84,15,0,0,1,48,0.09218888424279283,2.6087964599498368,0.0,0.0,0.99,8,exponential
q_learning,sparse_seed4,sparse,4,4a77b6e251,2501,225,-1.2499999999999822,-2.049999999999985,0.05,0.15,0,out_of_energy,0,0,1,0,84,16,0,0,1,48,0.15003451413599672,9.009530058573086,0.0,0.0,0.99,8,exponential
q_learning,sparse_seed4,sparse,4,4a77b6e251,2502,225,-11.250000000000025,-2.1499999999999857,0.05,0.15,0,out_of_energy,0,0,1,0,89,12,1,0,0,47,0.05126499597144854,1.7520375415798444,0.0,0.0,0.99,8,exponential
q_learning,sparse_seed4,sparse,4,4a77b6e251,2503,225,-1.2499999999999822,-2.1499999999999857,0.05,0.15,0,out_of_energy,0,0,1,0,88,9,0,0,1,49,0.10587115720989437,4.326992984173726,0.0,0.0,0.99,8,exponential
q_learning,sparse_seed4,sparse,4,4a77b6e251,2504,225,-1.2499999999999822,-2.049999999999985,0.05,0.15,0,out_of_energy,0,0,1,0,90,9,0,0,1,49,0.08621604756697991,1.7299181613724812,0.0,0.0,0.99,8,exponential
q_learning,sparse_seed4,sparse,4,4a77b6e251,2505,225,-11.250000000000025,-2.1499999999999857,0.05,0.15,0,out_of_energy,0,0,1,0,93,25,4,0,0,44,0.0502080256280921,1.6369724340427747,0.0,0.0,0.99,8,exponential
q_learning,sparse_seed4,sparse,4,4a77b6e251,2506,225,-1.2499999999999822,-2.1499999999999857,0.05,0.15,0,out_of_energy,0,0,1,0,78,19,0,0,1,47,0.1313632985070776,5.555173205760131,0.0,0.0,0.99,8,exponential
q_learning,sparse_seed4,sparse,4,4a77b6e251,2507,225,-1.2499999999999822,-2.1499999999999857,0.05,0.15,0,out_of_energy,0,0,1,0,88,20,0,0,1,51,0.10353343120669195,3.6146080705783628,0.0,0.0,0.99,8,exponential
q_learning,sparse_seed4,sparse,4,4a77b6e251,2508,225,-11.250000000000025,-2.2499999999999862,0.05,0.15,0,out_of_energy,0,0,1,0,89,13,0,0,0,37,0.044231293952997075,0.5764025761189966,0.0,0.0,0.99,8,exponential
q_learning,sparse_seed4,sparse,4,4a77b6e251,2509,225,-1.2499999999999822,-2.2499999999999862,0.05,0.15,0,out_of_energy,0,0,1,0,88,5,0,0,1,39,0.09307108597188102,2.377390559137954,0.0,0.0,0.99,8,exponential
q_learning,sparse_seed4,sparse,4,4a77b6e251,2510,225,-1.2499999999999822,-2.2499999999999862,0.05,0.15,0,out_of_energy,0,0,1,0,89,5,0,0,1,46,0.12423844252702966,3.041607459498846,0.0,0.0,0.99,8,exponential
q_learning,sparse_seed4,sparse,4,4a77b6e251,2511,225,-1.2499999999999822,-2.2499999999999862,0.05,0.15,0,out_of_energy,0,0,1,0,87,9,0,0,1,45,0.13315730458683286,5.40643497849488,0.0,0.0,0.99,8,exponential
q_learning,sparse_seed4,sparse,4,4a77b6e251,2512,225,-1.2499999999999822,-2.249999999999986,0.05,0.15,0,out_of_energy,0,0,1,0,71,7,0,0,1,53,0.12130907174457208,4.895479722496083,0.0,0.0,0.99,8,exponential
q_learning,sparse_seed4,sparse,4,4a77b6e251,2513,225,-1.2499999999999822,-2.2499999999999862,0.05,0.15,0,out_of_energy,0,0,1,0,89,7,0,0,1,44,0.11683955659990543,5.5067436384136315,0.0,0.0,0.99,8,exponential
q_learning,sparse_seed4,sparse,4,4a77b6e251,2514,225,-1.2499999999999822,-2.2499999999999862,0.05,0.15,0,out_of_energy,0,0,1,0,75,9,0,0,1,44,0.14127052524204048,4.689278935108119,0.0,0.0,0.99,8,exponential
q_learning,sparse_seed4,sparse,4,4a77b6e251,2515,225,-1.2499999999999822,-2.2499999999999862,0.05,0.15,0,out_of_energy,0,0,1,0,75,14,0,0,1,41,0.0786547086154277,2.3854001137850513,0.0,0.0,0.99,8,exponential
q_learning,sparse_seed4,sparse,4,4a77b6e251,2516,225,-1.2499999999999822,-2.249999999999986,0.05,0.15,0,out_of_energy,0,0,1,0,86,11,0,0,1,52,0.11084930468331515,2.947433281024126,0.0,0.0,0.99,8,exponential
q_learning,sparse_seed4,sparse,4,4a77b6e251,2517,225,-1.2499999999999822,-2.2499999999999862,0.05,0.15,0,out_of_energy,0,0,1,0,89,12,0,0,1,47,0.11432426474893996,4.103209845625879,0.0,0.0,0.99,8,exponential
q_learning,sparse_seed4,sparse,4,4a77b6e251,2518,225,-1.2499999999999822,-2.2499999999999862,0.05,0.15,0,out_of_energy,0,0,1,0,104,12,0,0,1,59,0.1501774453061472,4.19550590644526,0.0,0.0,0.99,8,exponential
q_learning,sparse_seed4,sparse,4,4a77b6e251,2519,225,-1.2499999999999822,-2.1499999999999857,0.05,0.15,0,out_of_energy,0,0,1,0,92,14,0,0,1,40,0.133060360668376,4.783097445462434,0.0,0.0,0.99,8,exponential
q_learning,sparse_seed4,sparse,4,4a77b6e251,2520,225,-1.2499999999999822,-2.1499999999999857,0.05,0.15,0,out_of_energy,0,0,1,0,93,14,0,0,1,42,0.11234245410066822,2.8362920320270497,0.0,0.0,0.99,8,exponential
q_learning,sparse_seed4,sparse,4,4a77b6e251,2521,225,-1.2499999999999822,-2.1499999999999857,0.05,0.15,0,out_of_energy,0,0,1,0,100,9,0,0,1,36,0.11284038652838253,4.224714469068328,0.0,0.0,0.99,8,exponential
q_learning,sparse_seed4,sparse,4,4a77b6e251,2522,225,-1.2499999999999822,-2.1499999999999857,0.05,0.15,0,out_of_energy,0,0,1,0,93,17,0,0,1,41,0.11720852198640926,8.178926248877664,0.0,0.0,0.99,8,exponential
q_learning,sparse_seed4,sparse,4,4a77b6e251,2523,225,-1.2499999999999822,-2.1499999999999857,0.05,0.15,0,out_of_energy,0,0,1,0,94,18,0,0,1,54,0.1245107650758947,3.4660556914564857,0.0,0.0,0.99,8,exponential
q_learning,sparse_seed4,sparse,4,4a77b6e251,2524,225,-11.250000000000025,-2.2499999999999862,0.05,0.15,0,out_of_energy,0,0,1,0,92,21,0,0,0,34,0.053740653951027534,2.122073861129741,0.0,0.0,0.99,8,exponential
q_learning,sparse_seed4,sparse,4,4a77b6e251,2525,225,-1.2499999999999822,-2.2499999999999862,0.05,0.15,0,out_of_energy,0,0,1,0,84,21,0,0,1,44,0.10406481090970841,3.59557047704239,0.0,0.0,0.99,8,exponential
q_learning,sparse_seed4,sparse,4,4a77b6e251,2526,225,-1.2499999999999822,-2.2499999999999862,0.05,0.15,0,out_of_energy,0,0,1,0,94,12,0,0,1,52,0.09577752335408056,3.4667670648439763,0.0,0.0,0.99,8,exponential
q_learning,sparse_seed4,sparse,4,4a77b6e251,2527,225,-1.2499999999999822,-2.2499999999999862,0.05,0.15,0,out_of_energy,0,0,1,0,94,10,0,0,1,48,0.13828883513076523,5.6056464033749105,0.0,0.0,0.99,8,exponential
q_learning,sparse_seed4,sparse,4,4a77b6e251,2528,225,-1.2499999999999822,-2.249999999999986,0.05,0.15,0,out_of_energy,0,0,1,0,81,9,0,0,1,44,0.1155736866965158,3.844620604281379,0.0,0.0,0.99,8,exponential
q_learning,sparse_seed4,sparse,4,4a77b6e251,2529,225,-1.2499999999999822,-2.2499999999999862,0.05,0.15,0,out_of_energy,0,0,1,0,82,18,0,0,1,47,0.09978048689718903,2.517844811668188,0.0,0.0,0.99,8,exponential
q_learning,sparse_seed4,sparse,4,4a77b6e251,2530,225,-1.2499999999999822,-2.2499999999999862,0.05,0.15,0,out_of_energy,0,0,1,0,95,20,0,0,1,46,0.08648784968599313,2.9553558199215484,0.0,0.0,0.99,8,exponential
q_learning,sparse_seed4,sparse,4,4a77b6e251,2531,225,-1.2499999999999822,-2.2499999999999862,0.05,0.15,0,out_of_energy,0,0,1,0,95,9,0,0,1,37,0.10935111267441827,4.327395776924478,0.0,0.0,0.99,8,exponential
q_learning,sparse_seed4,sparse,4,4a77b6e251,2532,225,-1.2499999999999822,-2.249999999999986,0.05,0.15,0,out_of_energy,0,0,1,0,90,13,0,0,1,44,0.09277661389308486,5.646637613989629,0.0,0.0,0.99,8,exponential
q_learning,sparse_seed4,sparse,4,4a77b6e251,2533,225,-1.2499999999999822,-2.2499999999999862,0.05,0.15,0,out_of_energy,0,0,1,0,87,6,0,0,1,42,0.16277104758253724,6.455770096502462,0.0,0.0,0.99,8,exponential
q_learning,sparse_seed4,sparse,4,4a77b6e251,2534,225,-1.2499999999999822,-2.2499999999999862,0.05,0.15,0,out_of_energy,0,0,1,0,97,19,0,0,1,51,0.08750221764348969,2.327636312915997,0.0,0.0,0.99,8,exponential
q_learning,sparse_seed4,sparse,4,4a77b6e251,2535,225,-1.2499999999999822,-2.1499999999999857,0.05,0.15,0,out_of_energy,0,0,1,0,96,7,0,0,1,46,0.11868761313287024,4.055137349943302,0.0,0.0,0.99,8,exponential
q_learning,sparse_seed4,sparse,4,4a77b6e251,2536,225,-1.2499999999999822,-2.049999999999985,0.05,0.15,0,out_of_energy,0,0,1,0,96,3,0,0,1,37,0.14338377809961605,3.1471029331933322,0.0,0.0,0.99,8,exponential
q_learning,sparse_seed4,sparse,4,4a77b6e251,2537,225,-1.2499999999999822,-2.049999999999985,0.05,0.15,0,out_of_energy,0,0,1,0,108,13,0,0,1,54,0.1291811852764297,4.895056305194633,0.0,0.0,0.99,8,exponential
q_learning,sparse_seed4,sparse,4,4a77b6e251,2538,225,-1.2499999999999822,-2.049999999999985,0.05,0.15,0,out_of_energy,0,0,1,0,111,25,0,0,1,49,0.1028567876706694,3.72950185276695,0.0,0.0,0.99,8,exponential
q_learning,sparse_seed4,sparse,4,4a77b6e251,2539,225,-1.2499999999999822,-2.049999999999985,0.05,0.15,0,out_of_energy,0,0,1,0,99,16,0,0,1,35,0.09312872358408734,3.2082357370578283,0.0,0.0,0.99,8,exponential
q_learning,sparse_seed4,sparse,4,4a77b6e251,2540,225,-1.2499999999999822,-2.049999999999985,0.05,0.15,0,out_of_energy,0,0,1,0,97,9,0,0,1,50,0.09591957446000404,2.1648270956606988,0.0,0.0,0.99,8,exponential
q_learning,sparse_seed4,sparse,4,4a77b6e251,2541,225,-1.2499999999999822,-2.049999999999985,0.05,0.15,0,out_of_energy,0,0,1,0,87,13,0,0,1,41,0.09256228619453707,2.0868792738234654,0.0,0.0,0.99,8,exponential
q_learning,sparse_seed4,sparse,4,4a77b6e251,2542,225,-1.2499999999999822,-2.049999999999985,0.05,0.15,0,out_of_energy,0,0,1,0,69,5,0,0,1,33,0.07743617773539695,2.414429359620563,0.0,0.0,0.99,8,exponential
q_learning,sparse_seed4,sparse,4,4a77b6e251,2543,225,-1.2499999999999911,-2.0499999999999856,0.05,0.15,0,out_of_energy,0,0,1,0,89,11,0,0,1,48,0.1887934839722159,8.354036363422251,0.0,0.0,0.99,8,exponential
q_learning,sparse_seed4,sparse,4,4a77b6e251,2544,225,-1.2499999999999822,-2.0499999999999856,0.05,0.15,0,out_of_energy,0,0,1,0,92,7,0,0,1,44,0.11714456420725161,3.4598466640292833,0.0,0.0,0.99,8,exponential
q_learning,sparse_seed4,sparse,4,4a77b6e251,2545,225,-1.2499999999999822,-2.0499999999999856,0.05,0.15,0,out_of_energy,0,0,1,0,87,17,0,0,1,46,0.11592309929929662,2.716990470257549,0.0,0.0,0.99,8,exponential
q_learning,sparse_seed4,sparse,4,4a77b6e251,2546,225,-1.2499999999999822,-2.0499999999999856,0.05,0.15,0,out_of_energy,0,0,1,0,79,3,0,0,1,52,0.0996671020330899,3.7376975955368996,0.0,0.0,0.99,8,exponential
q_learning,sparse_seed4,sparse,4,4a77b6e251,2547,225,-1.2499999999999822,-2.049999999999985,0.05,0.15,0,out_of_energy,0,0,1,0,93,15,0,0,1,53,0.11813636404430036,3.526365332089215,0.0,0.0,0.99,8,exponential
q_learning,sparse_seed4,sparse,4,4a77b6e251,2548,225,-1.2499999999999822,-2.049999999999985,0.05,0.15,0,out_of_energy,0,0,1,0,83,11,0,0,1,44,0.08786406796329749,1.9775780910015848,0.0,0.0,0.99,8,exponential
q_learning,sparse_seed4,sparse,4,4a77b6e251,2549,225,-1.2499999999999822,-2.049999999999985,0.05,0.15,0,out_of_energy,0,0,1,0,82,10,0,0,1,51,0.13628481481378912,5.072903229976816,0.0,0.0,0.99,8,exponential
q_learning,sparse_seed4,sparse,4,4a77b6e251,2550,225,-1.2499999999999822,-2.049999999999985,0.05,0.15,0,out_of_energy,0,0,1,0,80,7,0,0,1,50,0.07643500641769438,1.7264073266598983,0.0,0.0,0.99,8,exponential
q_learning,sparse_seed4,sparse,4,4a77b6e251,2551,225,-1.2499999999999822,-2.049999999999985,0.05,0.15,0,out_of_energy,0,0,1,0,93,3,0,0,1,37,0.08998665068001964,2.03888031238066,0.0,0.0,0.99,8,exponential
q_learning,sparse_seed4,sparse,4,4a77b6e251,2552,225,-1.2499999999999822,-1.9499999999999849,0.05,0.15,0,out_of_energy,0,0,1,0,103,6,0,0,1,40,0.11252026895492198,3.6337375027248147,0.0,0.0,0.99,8,exponential
q_learning,sparse_seed4,sparse,4,4a77b6e251,2553,225,-1.2499999999999822,-1.9499999999999849,0.05,0.15,0,out_of_energy,0,0,1,0,86,9,0,0,1,41,0.08641977271852129,3.2993694848232127,0.0,0.0,0.99,8,exponential
q_learning,sparse_seed4,sparse,4,4a77b6e251,2554,225,-1.2499999999999822,-1.9499999999999846,0.05,0.15,0,out_of_energy,0,0,1,0,73,8,0,0,1,41,0.10435249352804465,3.4594653762040863,0.0,0.0,0.99,8,exponential
q_learning,sparse_seed4,sparse,4,4a77b6e251,2555,225,-1.2499999999999822,-1.9499999999999849,0.05,0.15,0,out_of_energy,0,0,1,0,87,16,0,0,1,42,0.0853641421614861,2.9048585596109993,0.0,0.0,0.99,8,exponential
q_learning,sparse_seed4,sparse,4,4a77b6e251,2556,225,-1.2499999999999822,-1.9499999999999849,0.05,0.15,0,out_of_energy,0,0,1,0,74,6,0,0,1,40,0.11285761316079836,2.7331939113312096,0.0,0.0,0.99,8,exponential
q_learning,sparse_seed4,sparse,4,4a77b6e251,2557,225,-1.2499999999999822,-1.9499999999999849,0.05,0.15,0,out_of_energy,0,0,1,0,75,4,0,0,1,40,0.09260249245072916,2.6731530285732177,0.0,0.0,0.99,8,exponential
q_learning,sparse_seed4,sparse,4,4a77b6e251,2558,225,-1.2499999999999822,-1.9499999999999849,0.05,0.15,0,out_of_energy,0,0,1,0,75,6,0,0,1,39,0.10254851064820095,3.2202032270180814,0.0,0.0,0.99,8,exponential
q_learning,sparse_seed4,sparse,4,4a77b6e251,2559,225,-1.2499999999999822,-1.9499999999999849,0.05,0.15,0,out_of_energy,0,0,1,0,75,17,0,0,1,49,0.09485159971451392,1.9866033642608576,0.0,0.0,0.99,8,exponential
q_learning,sparse_seed4,sparse,4,4a77b6e251,2560,225,-1.2499999999999822,-1.9499999999999849,0.05,0.15,0,out_of_energy,0,0,1,0,70,10,0,0,1,35,0.10436577110162987,5.893179158724461,0.0,0.0,0.99,8,exponential
q_learning,sparse_seed4,sparse,4,4a77b6e251,2561,225,-1.2499999999999822,-1.9499999999999849,0.05,0.15,0,out_of_energy,0,0,1,0,72,5,0,0,1,48,0.09630077042676591,3.2393165940177586,0.0,0.0,0.99,8,exponential
q_learning,sparse_seed4,sparse,4,4a77b6e251,2562,225,-1.2499999999999822,-1.9499999999999849,0.05,0.15,0,out_of_energy,0,0,1,0,80,6,0,0,1,40,0.0713393740038265,1.9778832178274763,0.0,0.0,0.99,8,exponential
q_learning,sparse_seed4,sparse,4,4a77b6e251,2563,225,-1.2499999999999822,-1.8499999999999845,0.05,0.15,0,out_of_energy,0,0,1,0,78,3,0,0,1,40,0.10025479874852955,3.8472245146057187,0.0,0.0,0.99,8,exponential
q_learning,sparse_seed4,sparse,4,4a77b6e251,2564,225,-1.2499999999999822,-1.749999999999984,0.05,0.15,0,out_of_energy,0,0,1,0,73,13,0,0,1,38,0.07919040774504202,1.8248939004796076,0.0,0.0,0.99,8,exponential
q_learning,sparse_seed4,sparse,4,4a77b6e251,2565,225,-11.250000000000025,-1.8499999999999845,0.05,0.15,0,out_of_energy,0,0,1,0,81,1,0,0,0,41,0.05550543095802776,2.4758606013417945,0.0,0.0,0.99,8,exponential
q_learning,sparse_seed4,sparse,4,4a77b6e251,2566,225,-1.2499999999999822,-1.8499999999999845,0.05,0.15,0,out_of_energy,0,0,1,0,67,9,0,0,1,45,0.09142643806851644,3.090474017894613,0.0,0.0,0.99,8,exponential
q_learning,sparse_seed4,sparse,4,4a77b6e251,2567,225,-1.2499999999999822,-1.8499999999999845,0.05,0.15,0,out_of_energy,0,0,1,0,87,14,0,0,1,43,0.0824369256753369,2.1090720658340927,0.0,0.0,0.99,8,exponential
q_learning,sparse_seed4,sparse,4,4a77b6e251,2568,225,-1.2499999999999822,-1.8499999999999845,0.05,0.15,0,out_of_energy,0,0,1,0,70,23,0,0,1,37,0.11699429964084129,2.913960719644222,0.0,0.0,0.99,8,exponential
q_learning,sparse_seed4,sparse,4,4a77b6e251,2569,225,-1.2499999999999822,-1.8499999999999845,0.05,0.15,0,out_of_energy,0,0,1,0,84,14,0,0,1,46,0.07432603933790653,1.9828837941158284,0.0,0.0,0.99,8,exponential
q_learning,sparse_seed4,sparse,4,4a77b6e251,2570,225,-1.2499999999999822,-1.8499999999999843,0.05,0.15,0,out_of_energy,0,0,1,0,83,3,0,0,1,44,0.07247053695667396,1.815702266413874,0.0,0.0,0.99,8,exponential
q_learning,sparse_seed4,sparse,4,4a77b6e251,2571,225,-1.2499999999999822,-1.8499999999999843,0.05,0.15,0,out_of_energy,0,0,1,0,103,13,0,0,1,60,0.1177435450507164,3.0300866768326022,0.0,0.0,0.99,8,exponential
q_learning,sparse_seed4,sparse,4,4a77b6e251,2572,225,-1.2499999999999822,-1.8499999999999843,0.05,0.15,0,out_of_energy,0,0,1,0,74,8,0,0,1,32,0.11382949288561188,2.9484293062418416,0.0,0.0,0.99,8,exponential
q_learning,sparse_seed4,sparse,4,4a77b6e251,2573,225,-1.2499999999999822,-1.8499999999999845,0.05,0.15,0,out_of_energy,0,0,1,0,84,9,0,0,1,48,0.17041285633634384,4.438775147335372,0.0,0.0,0.99,8,exponential
q_learning,sparse_seed4,sparse,4,4a77b6e251,2574,225,-1.2499999999999822,-1.8499999999999843,0.05,0.15,0,out_of_energy,0,0,1,0,77,16,0,0,1,56,0.08439843030282394,2.248956754202279,0.0,0.0,0.99,8,exponential
q_learning,sparse_seed4,sparse,4,4a77b6e251,2575,225,-1.2499999999999822,-1.8499999999999843,0.05,0.15,0,out_of_energy,0,0,1,0,81,5,0,0,1,45,0.0844679158214286,3.0404449119124064,0.0,0.0,0.99,8,exponential
q_learning,sparse_seed4,sparse,4,4a77b6e251,2576,225,-1.2499999999999822,-1.8499999999999843,0.05,0.15,0,out_of_energy,0,0,1,0,78,10,0,0,1,43,0.10062895974698235,2.6380524114790687,0.0,0.0,0.99,8,exponential
q_learning,sparse_seed4,sparse,4,4a77b6e251,2577,225,-1.2499999999999822,-1.8499999999999845,0.05,0.15,0,out_of_energy,0,0,1,0,76,5,0,0,1,48,0.15314876518188322,5.125465326666175,0.0,0.0,0.99,8,exponential
q_learning,sparse_seed4,sparse,4,4a77b6e251,2578,225,-1.2499999999999822,-1.8499999999999843,0.05,0.15,0,out_of_energy,0,0,1,0,82,5,0,0,1,36,0.10727928662824071,3.914379420231919,0.0,0.0,0.99,8,exponential
q_learning,sparse_seed4,sparse,4,4a77b6e251,2579,225,-1.2499999999999822,-1.8499999999999843,0.05,0.15,0,out_of_energy,0,0,1,0,75,8,0,0,1,44,0.10142345882774126,2.8011131070267004,0.0,0.0,0.99,8,exponential
q_learning,sparse_seed4,sparse,4,4a77b6e251,2580,225,-1.2499999999999822,-1.8499999999999843,0.05,0.15,0,out_of_energy,0,0,1,0,77,9,0,0,1,34,0.09680829264294963,2.255753493540154,0.0,0.0,0.99,8,exponential
q_learning,sparse_seed4,sparse,4,4a77b6e251,2581,225,-1.2499999999999822,-1.8499999999999845,0.05,0.15,0,out_of_energy,0,0,1,0,104,10,0,0,1,49,0.12058028554815384,4.786710850191003,0.0,0.0,0.99,8,exponential
q_learning,sparse_seed4,sparse,4,4a77b6e251,2582,225,-1.2499999999999822,-1.8499999999999843,0.05,0.15,0,out_of_energy,0,0,1,0,91,3,0,0,1,40,0.10482560195994915,2.938172694392873,0.0,0.0,0.99,8,exponential
q_learning,sparse_seed4,sparse,4,4a77b6e251,2583,225,-1.2499999999999822,-1.8499999999999843,0.05,0.15,0,out_of_energy,0,0,1,0,75,11,0,0,1,38,0.09369477779169061,4.025304255413691,0.0,0.0,0.99,8,exponential
q_learning,sparse_seed4,sparse,4,4a77b6e251,2584,225,-1.2499999999999822,-1.8499999999999843,0.05,0.15,0,out_of_energy,0,0,1,0,95,22,0,0,1,47,0.13892825535789746,4.238803682983004,0.0,0.0,0.99,8,exponential
q_learning,sparse_seed4,sparse,4,4a77b6e251,2585,225,-1.2499999999999822,-1.8499999999999845,0.05,0.15,0,out_of_energy,0,0,1,0,69,10,0,0,1,38,0.1691528109310169,4.8399775949170145,0.0,0.0,0.99,8,exponential
q_learning,sparse_seed4,sparse,4,4a77b6e251,2586,225,-1.2499999999999822,-1.8499999999999843,0.05,0.15,0,out_of_energy,0,0,1,0,96,4,0,0,1,54,0.09030767419176686,2.701723075893543,0.0,0.0,0.99,8,exponential
q_learning,sparse_seed4,sparse,4,4a77b6e251,2587,225,-1.2499999999999822,-1.8499999999999843,0.05,0.15,0,out_of_energy,0,0,1,0,75,9,0,0,1,42,0.10197847876989767,2.7352451217871017,0.0,0.0,0.99,8,exponential
q_learning,sparse_seed4,sparse,4,4a77b6e251,2588,225,-1.2499999999999822,-1.8499999999999843,0.05,0.15,0,out_of_energy,0,0,1,0,82,3,0,0,1,46,0.08414169521802237,1.8685799029666113,0.0,0.0,0.99,8,exponential
q_learning,sparse_seed4,sparse,4,4a77b6e251,2589,225,-1.2499999999999822,-1.8499999999999845,0.05,0.15,0,out_of_energy,0,0,1,0,82,11,0,0,1,42,0.09582380739681766,3.317266441053251,0.0,0.0,0.99,8,exponential
q_learning,sparse_seed4,sparse,4,4a77b6e251,2590,225,-1.2499999999999822,-1.8499999999999843,0.05,0.15,0,out_of_energy,0,0,1,0,88,6,0,0,1,45,0.10695376645340658,2.342492721096672,0.0,0.0,0.99,8,exponential
q_learning,sparse_seed4,sparse,4,4a77b6e251,2591,225,-1.2499999999999822,-1.8499999999999843,0.05,0.15,0,out_of_energy,0,0,1,0,78,3,0,0,1,40,0.09362117450970488,4.590431014754173,0.0,0.0,0.99,8,exponential
q_learning,sparse_seed4,sparse,4,4a77b6e251,2592,225,-1.2499999999999822,-1.8499999999999843,0.05,0.15,0,out_of_energy,0,0,1,0,76,24,0,0,1,43,0.09702557034047163,2.571453789396704,0.0,0.0,0.99,8,exponential
q_learning,sparse_seed4,sparse,4,4a77b6e251,2593,225,-1.2499999999999822,-1.8499999999999845,0.05,0.15,0,out_of_energy,0,0,1,0,81,3,0,0,1,50,0.14956731350862273,7.64418841594543,0.0,0.0,0.99,8,exponential
q_learning,sparse_seed4,sparse,4,4a77b6e251,2594,225,-1.2499999999999822,-1.8499999999999843,0.05,0.15,0,out_of_energy,0,0,1,0,77,7,0,0,1,39,0.09898563352794061,3.3915428506905605,0.0,0.0,0.99,8,exponential
q_learning,sparse_seed4,sparse,4,4a77b6e251,2595,225,-1.2499999999999822,-1.8499999999999843,0.05,0.15,0,out_of_energy,0,0,1,0,77,25,0,0,1,47,0.09465395685174197,2.9442848747303305,0.0,0.0,0.99,8,exponential
q_learning,sparse_seed4,sparse,4,4a77b6e251,2596,225,-1.2499999999999822,-1.8499999999999843,0.05,0.15,0,out_of_energy,0,0,1,0,72,9,0,0,1,36,0.08214409318494487,2.3160735810915076,0.0,0.0,0.99,8,exponential
q_learning,sparse_seed4,sparse,4,4a77b6e251,2597,225,-1.2499999999999822,-1.749999999999984,0.05,0.15,0,out_of_energy,0,0,1,0,87,8,0,0,1,50,0.10483906139519088,3.257261033352249,0.0,0.0,0.99,8,exponential
q_learning,sparse_seed4,sparse,4,4a77b6e251,2598,225,-1.2499999999999822,-1.749999999999984,0.05,0.15,0,out_of_energy,0,0,1,0,82,14,0,0,1,40,0.07477077474315615,1.8685685790168067,0.0,0.0,0.99,8,exponential
q_learning,sparse_seed4,sparse,4,4a77b6e251,2599,225,-1.2499999999999822,-1.749999999999984,0.05,0.15,0,out_of_energy,0,0,1,0,84,18,0,0,1,39,0.10219456955557765,3.45056375498912,0.0,0.0,0.99,8,exponential
q_learning,sparse_seed4,sparse,4,4a77b6e251,2600,225,-1.2499999999999822,-1.749999999999984,0.05,0.15,0,out_of_energy,0,0,1,0,83,10,0,0,1,45,0.14862715552090586,7.2095966785336465,0.0,0.0,0.99,8,exponential
q_learning,sparse_seed4,sparse,4,4a77b6e251,2601,225,-1.2499999999999822,-1.749999999999984,0.05,0.15,0,out_of_energy,0,0,1,0,73,22,0,0,1,34,0.07749524610292344,1.8554569333116273,0.0,0.0,0.99,8,exponential
q_learning,sparse_seed4,sparse,4,4a77b6e251,2602,225,-1.2499999999999822,-1.6499999999999835,0.05,0.15,0,out_of_energy,0,0,1,0,100,6,0,0,1,47,0.09654879014742528,2.9750386742957247,0.0,0.0,0.99,8,exponential
q_learning,sparse_seed4,sparse,4,4a77b6e251,2603,225,-1.2499999999999822,-1.6499999999999835,0.05,0.15,0,out_of_energy,0,0,1,0,88,6,0,0,1,36,0.06846540532553856,1.7065112232398008,0.0,0.0,0.99,8,exponential
q_learning,sparse_seed4,sparse,4,4a77b6e251,2604,225,-1.2499999999999822,-1.6499999999999835,0.05,0.15,0,out_of_energy,0,0,1,0,78,15,0,0,1,42,0.13500328506380313,4.037512155433387,0.0,0.0,0.99,8,exponential
q_learning,sparse_seed4,sparse,4,4a77b6e251,2605,225,-1.2499999999999822,-1.5499999999999832,0.05,0.15,0,out_of_energy,0,0,1,0,85,5,0,0,1,47,0.11994780066373893,4.019566816609338,0.0,0.0,0.99,8,exponential
q_learning,sparse_seed4,sparse,4,4a77b6e251,2606,225,-1.2499999999999822,-1.5499999999999832,0.05,0.15,0,out_of_energy,0,0,1,0,97,16,0,0,1,42,0.10788088646600331,3.580237152821017,0.0,0.0,0.99,8,exponential
q_learning,sparse_seed4,sparse,4,4a77b6e251,2607,225,-1.2499999999999822,-1.5499999999999832,0.05,0.15,0,out_of_energy,0,0,1,0,80,6,0,0,1,45,0.0713805506349759,1.8700178747025777,0.0,0.0,0.99,8,exponential
q_learning,sparse_seed4,sparse,4,4a77b6e251,2608,225,-1.2499999999999822,-1.4499999999999829,0.05,0.15,0,out_of_energy,0,0,1,0,74,19,0,0,1,39,0.10124018212601742,3.0418555414375597,0.0,0.0,0.99,8,exponential
q_learning,sparse_seed4,sparse,4,4a77b6e251,2609,225,-1.2499999999999822,-1.4499999999999826,0.05,0.15,0,out_of_energy,0,0,1,0,91,14,0,0,1,41,0.079582760255567,2.777330587516571,0.0,0.0,0.99,8,exponential
q_learning,sparse_seed4,sparse,4,4a77b6e251,2610,225,-1.2499999999999822,-1.4499999999999826,0.05,0.15,0,out_of_energy,0,0,1,0,102,19,0,0,1,48,0.09384708905720837,2.407155212911619,0.0,0.0,0.99,8,exponential
q_learning,sparse_seed4,sparse,4,4a77b6e251,2611,225,-1.2499999999999822,-1.4499999999999826,0.05,0.15,0,out_of_energy,0,0,1,0,91,16,0,0,1,40,0.1188366569669863,3.37054530244288,0.0,0.0,0.99,8,exponential
q_learning,sparse_seed4,sparse,4,4a77b6e251,2612,225,-1.2499999999999822,-1.4499999999999829,0.05,0.15,0,out_of_energy,0,0,1,0,81,6,0,0,1,46,0.06867528694941234,1.9660136276967028,0.0,0.0,0.99,8,exponential
q_learning,sparse_seed4,sparse,4,4a77b6e251,2613,225,-1.2499999999999822,-1.4499999999999826,0.05,0.15,0,out_of_energy,0,0,1,0,95,6,0,0,1,44,0.1480778126231353,3.4393363496314975,0.0,0.0,0.99,8,exponential
q_learning,sparse_seed4,sparse,4,4a77b6e251,2614,225,-1.2499999999999822,-1.4499999999999826,0.05,0.15,0,out_of_energy,0,0,1,0,99,5,0,0,1,48,0.09831431106414297,2.6230824570116757,0.0,0.0,0.99,8,exponential
q_learning,sparse_seed4,sparse,4,4a77b6e251,2615,225,-1.2499999999999822,-1.4499999999999826,0.05,0.15,0,out_of_energy,0,0,1,0,105,12,0,0,1,51,0.07858229194409397,2.389490726127102,0.0,0.0,0.99,8,exponential
q_learning,sparse_seed4,sparse,4,4a77b6e251,2616,225,-1.2499999999999822,-1.4499999999999829,0.05,0.15,0,out_of_energy,0,0,1,0,95,6,0,0,1,43,0.09100600682658588,1.8580845062716422,0.0,0.0,0.99,8,exponential
q_learning,sparse_seed4,sparse,4,4a77b6e251,2617,225,-1.2499999999999822,-1.4499999999999826,0.05,0.15,0,out_of_energy,0,0,1,0,68,8,0,0,1,33,0.09566268293312959,2.69055119521292,0.0,0.0,0.99,8,exponential
q_learning,sparse_seed4,sparse,4,4a77b6e251,2618,225,-1.2499999999999822,-1.4499999999999826,0.05,0.15,0,out_of_energy,0,0,1,0,95,4,0,0,1,44,0.10764309276124957,3.5933485450751412,0.0,0.0,0.99,8,exponential
q_learning,sparse_seed4,sparse,4,4a77b6e251,2619,225,-1.2499999999999822,-1.4499999999999826,0.05,0.15,0,out_of_energy,0,0,1,0,87,17,0,0,1,37,0.09502085223611563,2.8620197060557127,0.0,0.0,0.99,8,exponential
q_learning,sparse_seed4,sparse,4,4a77b6e251,2620,225,-1.2499999999999822,-1.4499999999999829,0.05,0.15,0,out_of_energy,0,0,1,0,75,26,0,1,1,46,0.07328516678710163,2.6202061914363757,0.0,0.0,0.99,8,exponential
q_learning,sparse_seed4,sparse,4,4a77b6e251,2621,225,-1.2499999999999822,-1.4499999999999826,0.05,0.15,0,out_of_energy,0,0,1,0,94,47,0,0,1,44,0.09280946284372678,2.4787179245764634,0.0,0.0,0.99,8,exponential
q_learning,sparse_seed4,sparse,4,4a77b6e251,2622,225,-1.2499999999999822,-1.4499999999999826,0.05,0.15,0,out_of_energy,0,0,1,0,99,7,0,0,1,48,0.10225609510158713,2.0223275812512576,0.0,0.0,0.99,8,exponential
q_learning,sparse_seed4,sparse,4,4a77b6e251,2623,225,-1.2499999999999822,-1.4499999999999826,0.05,0.15,0,out_of_energy,0,0,1,0,80,15,0,0,1,37,0.12180857660580335,4.798769739687071,0.0,0.0,0.99,8,exponential
q_learning,sparse_seed4,sparse,4,4a77b6e251,2624,225,-1.2499999999999822,-1.3499999999999823,0.05,0.15,0,out_of_energy,0,0,1,0,90,24,0,0,1,40,0.08776913562626275,3.775716145020824,0.0,0.0,0.99,8,exponential
q_learning,sparse_seed4,sparse,4,4a77b6e251,2625,225,-1.2499999999999822,-1.3499999999999823,0.05,0.15,0,out_of_energy,0,0,1,0,97,16,0,0,1,50,0.07781015415085385,2.1500381904015073,0.0,0.0,0.99,8,exponential
q_learning,sparse_seed4,sparse,4,4a77b6e251,2626,225,-1.2499999999999822,-1.3499999999999823,0.05,0.15,0,out_of_energy,0,0,1,0,85,5,0,0,1,51,0.08140243210803318,2.660800837224059,0.0,0.0,0.99,8,exponential
q_learning,sparse_seed4,sparse,4,4a77b6e251,2627,225,-1.2499999999999822,-1.3499999999999823,0.05,0.15,0,out_of_energy,0,0,1,0,85,11,0,1,1,39,0.09082738225855762,2.744590443652591,0.0,0.0,0.99,8,exponential
q_learning,sparse_seed4,sparse,4,4a77b6e251,2628,225,-1.2499999999999822,-1.3499999999999823,0.05,0.15,0,out_of_energy,0,0,1,0,75,10,0,0,1,49,0.08214773254304415,3.2516795712850115,0.0,0.0,0.99,8,exponential
q_learning,sparse_seed4,sparse,4,4a77b6e251,2629,225,-1.2499999999999822,-1.3499999999999823,0.05,0.15,0,out_of_energy,0,0,1,0,84,24,0,1,1,49,0.12454706683358575,4.514292775449037,0.0,0.0,0.99,8,exponential
q_learning,sparse_seed4,sparse,4,4a77b6e251,2630,225,-1.2499999999999822,-1.3499999999999823,0.05,0.15,0,out_of_energy,0,0,1,0,94,7,0,0,1,43,0.09067327000546721,3.3445548352363677,0.0,0.0,0.99,8,exponential
q_learning,sparse_seed4,sparse,4,4a77b6e251,2631,225,-1.2499999999999822,-1.3499999999999823,0.05,0.15,0,out_of_energy,0,0,1,0,73,5,0,0,1,47,0.08322253111343683,3.581143013490524,0.0,0.0,0.99,8,exponential
q_learning,sparse_seed4,sparse,4,4a77b6e251,2632,225,-1.2499999999999822,-1.3499999999999823,0.05,0.15,0,out_of_energy,0,0,1,0,79,5,0,0,1,51,0.07389635753733567,2.262157214750344,0.0,0.0,0.99,8,exponential
q_learning,sparse_seed4,sparse,4,4a77b6e251,2633,225,-1.2499999999999822,-1.3499999999999823,0.05,0.15,0,out_of_energy,0,0,1,0,107,10,0,0,1,47,0.11226893722671454,3.1989407337220226,0.0,0.0,0.99,8,exponential
q_learning,sparse_seed4,sparse,4,4a77b6e251,2634,225,-1.2499999999999822,-1.3499999999999823,0.05,0.15,0,out_of_energy,0,0,1,0,90,10,0,0,1,53,0.08963411868736394,2.1325461919841264,0.0,0.0,0.99,8,exponential
q_learning,sparse_seed4,sparse,4,4a77b6e251,2635,225,-1.2499999999999822,-1.3499999999999823,0.05,0.15,0,out_of_energy,0,0,1,0,108,4,0,0,1,57,0.09816146050722434,2.5651949500228337,0.0,0.0,0.99,8,exponential
q_learning,sparse_seed4,sparse,4,4a77b6e251,2636,225,-1.2499999999999822,-1.3499999999999823,0.05,0.15,0,out_of_energy,0,0,1,0,89,4,0,0,1,44,0.1076224094182082,4.092383070520782,0.0,0.0,0.99,8,exponential
q_learning,sparse_seed4,sparse,4,4a77b6e251,2637,225,-1.2499999999999822,-1.3499999999999823,0.05,0.15,0,out_of_energy,0,0,1,0,98,26,0,0,1,35,0.1285695216161362,3.1861281821082463,0.0,0.0,0.99,8,exponential
q_learning,sparse_seed4,sparse,4,4a77b6e251,2638,225,-1.2499999999999822,-1.3499999999999823,0.05,0.15,0,out_of_energy,0,0,1,0,94,6,0,0,1,46,0.08359757670662005,1.8232678637987685,0.0,0.0,0.99,8,exponential
q_learning,sparse_seed4,sparse,4,4a77b6e251,2639,225,-1.2499999999999822,-1.3499999999999823,0.05,0.15,0,out_of_energy,0,0,1,0,105,15,0,0,1,46,0.10005154626531589,4.544447443526833,0.0,0.0,0.99,8,exponential
q_learning,sparse_seed4,sparse,4,4a77b6e251,2640,225,-1.2499999999999822,-1.3499999999999823,0.05,0.15,0,out_of_energy,0,0,1,0,101,19,0,0,1,50,0.06798156326518602,1.7766930014960014,0.0,0.0,0.99,8,exponential
q_learning,sparse_seed4,sparse,4,4a77b6e251,2641,225,-1.2499999999999822,-1.3499999999999823,0.05,0.15,0,out_of_energy,0,0,1,0,101,14,0,0,1,40,0.07601483433765804,1.6423618416191106,0.0,0.0,0.99,8,exponential
q_learning,sparse_seed4,sparse,4,4a77b6e251,2642,225,-1.2499999999999822,-1.3499999999999823,0.05,0.15,0,out_of_energy,0,0,1,0,83,32,0,0,1,47,0.08286942497333222,2.069958958942655,0.0,0.0,0.99,8,exponential
q_learning,sparse_seed4,sparse,4,4a77b6e251,2643,225,-1.2499999999999822,-1.3499999999999823,0.05,0.15,0,out_of_energy,0,0,1,0,88,22,0,0,1,34,0.08590419676631245,3.9514993537409953,0.0,0.0,0.99,8,exponential
q_learning,sparse_seed4,sparse,4,4a77b6e251,2644,225,-1.2499999999999822,-1.3499999999999823,0.05,0.15,0,out_of_energy,0,0,1,0,101,15,0,0,1,55,0.10645500611050202,4.918882569984387,0.0,0.0,0.99,8,exponential
q_learning,sparse_seed4,sparse,4,4a77b6e251,2645,225,-1.2499999999999822,-1.3499999999999823,0.05,0.15,0,out_of_energy,0,0,1,0,75,7,0,0,1,33,0.08013292087777779,2.632344172256266,0.0,0.0,0.99,8,exponential
q_learning,sparse_seed4,sparse,4,4a77b6e251,2646,225,-1.2499999999999822,-1.3499999999999823,0.05,0.15,0,out_of_energy,0,0,1,0,91,15,0,0,1,51,0.15362213028347807,3.206192512746436,0.0,0.0,0.99,8,exponential
q_learning,sparse_seed4,sparse,4,4a77b6e251,2647,225,-1.2499999999999822,-1.3499999999999823,0.05,0.15,0,out_of_energy,0,0,1,0,88,4,0,0,1,42,0.08225917048590584,2.797329528267089,0.0,0.0,0.99,8,exponential
q_learning,sparse_seed4,sparse,4,4a77b6e251,2648,225,-1.2499999999999822,-1.3499999999999823,0.05,0.15,0,out_of_energy,0,0,1,0,97,26,0,0,1,52,0.09710989318624405,2.7982069728690737,0.0,0.0,0.99,8,exponential
q_learning,sparse_seed4,sparse,4,4a77b6e251,2649,225,-1.2499999999999822,-1.3499999999999823,0.05,0.15,0,out_of_energy,0,0,1,0,96,11,0,0,1,42,0.09052546827993922,3.3626193559875306,0.0,0.0,0.99,8,exponential
q_learning,sparse_seed4,sparse,4,4a77b6e251,2650,225,-1.2499999999999822,-1.3499999999999823,0.05,0.15,0,out_of_energy,0,0,1,0,101,12,0,0,1,41,0.07549257262238132,1.7425495348215065,0.0,0.0,0.99,8,exponential
q_learning,sparse_seed4,sparse,4,4a77b6e251,2651,225,-1.2499999999999822,-1.3499999999999823,0.05,0.15,0,out_of_energy,0,0,1,0,86,9,0,0,1,51,0.06357701373798583,1.5656521174752394,0.0,0.0,0.99,8,exponential
q_learning,sparse_seed4,sparse,4,4a77b6e251,2652,225,-1.2499999999999822,-1.3499999999999823,0.05,0.15,0,out_of_energy,0,0,1,0,91,4,0,0,1,31,0.09012045203602914,3.016434531215695,0.0,0.0,0.99,8,exponential
q_learning,sparse_seed4,sparse,4,4a77b6e251,2653,225,-1.2499999999999822,-1.3499999999999823,0.05,0.15,0,out_of_energy,0,0,1,0,83,11,0,0,1,40,0.06927619210672352,1.8399807616517325,0.0,0.0,0.99,8,exponential
q_learning,sparse_seed4,sparse,4,4a77b6e251,2654,225,-1.2499999999999822,-1.3499999999999823,0.05,0.15,0,out_of_energy,0,0,1,0,79,16,0,0,1,48,0.09159106291091722,2.6562475739301936,0.0,0.0,0.99,8,exponential
q_learning,sparse_seed4,sparse,4,4a77b6e251,2655,225,-1.2499999999999822,-1.3499999999999823,0.05,0.15,0,out_of_energy,0,0,1,0,92,8,0,0,1,46,0.09523896416248634,4.118365779788586,0.0,0.0,0.99,8,exponential
q_learning,sparse_seed4,sparse,4,4a77b6e251,2656,225,-1.2499999999999822,-1.3499999999999823,0.05,0.15,0,out_of_energy,0,0,1,0,89,13,0,0,1,38,0.12400858463443193,4.541819440281042,0.0,0.0,0.99,8,exponential
q_learning,sparse_seed4,sparse,4,4a77b6e251,2657,225,-1.2499999999999822,-1.3499999999999823,0.05,0.15,0,out_of_energy,0,0,1,0,108,20,0,0,1,47,0.08262320966304756,2.6983780680758658,0.0,0.0,0.99,8,exponential
q_learning,sparse_seed4,sparse,4,4a77b6e251,2658,225,-1.2499999999999822,-1.3499999999999823,0.05,0.15,0,out_of_energy,0,0,1,0,99,13,0,0,1,53,0.19840814316093103,4.2707355971679855,0.0,0.0,0.99,8,exponential
q_learning,sparse_seed4,sparse,4,4a77b6e251,2659,225,-1.2499999999999822,-1.3499999999999823,0.05,0.15,0,out_of_energy,0,0,1,0,81,17,0,0,1,46,0.09802503838008776,4.0719664018440636,0.0,0.0,0.99,8,exponential
q_learning,sparse_seed4,sparse,4,4a77b6e251,2660,225,-1.2499999999999822,-1.3499999999999823,0.05,0.15,0,out_of_energy,0,0,1,0,84,19,0,0,1,42,0.10279533077434087,3.5541218472591307,0.0,0.0,0.99,8,exponential
q_learning,sparse_seed4,sparse,4,4a77b6e251,2661,225,-1.2499999999999822,-1.3499999999999823,0.05,0.15,0,out_of_energy,0,0,1,0,71,14,0,0,1,41,0.08862531245171736,1.837301552555032,0.0,0.0,0.99,8,exponential
q_learning,sparse_seed4,sparse,4,4a77b6e251,2662,225,-1.2499999999999822,-1.3499999999999823,0.05,0.15,0,out_of_energy,0,0,1,0,77,25,0,0,1,37,0.07489811596690371,1.7675936358161701,0.0,0.0,0.99,8,exponential
q_learning,sparse_seed4,sparse,4,4a77b6e251,2663,225,-1.2499999999999822,-1.3499999999999823,0.05,0.15,0,out_of_energy,0,0,1,0,102,10,0,0,1,46,0.10393719380626318,2.2457670297335914,0.0,0.0,0.99,8,exponential
q_learning,sparse_seed4,sparse,4,4a77b6e251,2664,225,-1.2499999999999822,-1.3499999999999823,0.05,0.15,0,out_of_energy,0,0,1,0,112,6,0,0,1,45,0.09633568568342772,2.757309140999923,0.0,0.0,0.99,8,exponential
q_learning,sparse_seed4,sparse,4,4a77b6e251,2665,225,-1.2499999999999822,-1.2499999999999825,0.05,0.15,0,out_of_energy,0,0,1,0,107,25,0,0,1,61,0.09848184146221829,2.3920779933758594,0.0,0.0,0.99,8,exponential
q_learning,sparse_seed4,sparse,4,4a77b6e251,2666,225,-1.2499999999999822,-1.2499999999999825,0.05,0.15,0,out_of_energy,0,0,1,0,80,7,0,0,1,42,0.0890091942707338,2.6175611822860123,0.0,0.0,0.99,8,exponential
q_learning,sparse_seed4,sparse,4,4a77b6e251,2667,225,-1.2499999999999822,-1.2499999999999825,0.05,0.15,0,out_of_energy,0,0,1,0,69,12,0,0,1,58,0.08745564882387928,2.714131883212198,0.0,0.0,0.99,8,exponential
q_learning,sparse_seed4,sparse,4,4a77b6e251,2668,225,-1.2499999999999822,-1.2499999999999825,0.05,0.15,0,out_of_energy,0,0,1,0,99,5,0,0,1,50,0.09507356264047255,2.2501009246752717,0.0,0.0,0.99,8,exponential
q_learning,sparse_seed4,sparse,4,4a77b6e251,2669,225,-1.2499999999999822,-1.2499999999999825,0.05,0.15,0,out_of_energy,0,0,1,0,80,13,0,0,1,44,0.06957815098156556,1.7621661505192625,0.0,0.0,0.99,8,exponential
q_learning,sparse_seed4,sparse,4,4a77b6e251,2670,225,-1.2499999999999822,-1.2499999999999825,0.05,0.15,0,out_of_energy,0,0,1,0,90,13,0,0,1,36,0.09985985355722711,2.8184943971554532,0.0,0.0,0.99,8,exponential
q_learning,sparse_seed4,sparse,4,4a77b6e251,2671,225,-1.2499999999999822,-1.2499999999999825,0.05,0.15,0,out_of_energy,0,0,1,0,66,5,0,0,1,38,0.10612061547645785,2.9837433966888716,0.0,0.0,0.99,8,exponential
q_learning,sparse_seed4,sparse,4,4a77b6e251,2672,225,-1.2499999999999822,-1.2499999999999825,0.05,0.15,0,out_of_energy,0,0,1,0,74,14,0,0,1,35,0.0849357340252052,3.4673974277434647,0.0,0.0,0.99,8,exponential
q_learning,sparse_seed4,sparse,4,4a77b6e251,2673,225,-1.2499999999999822,-1.2499999999999825,0.05,0.15,0,out_of_energy,0,0,1,0,77,7,0,0,1,45,0.11103347086605968,3.786147690552638,0.0,0.0,0.99,8,exponential
q_learning,sparse_seed4,sparse,4,4a77b6e251,2674,225,-1.2499999999999822,-1.2499999999999825,0.05,0.15,0,out_of_energy,0,0,1,0,90,19,0,0,1,51,0.08966858360514307,2.861338247023267,0.0,0.0,0.99,8,exponential
q_learning,sparse_seed4,sparse,4,4a77b6e251,2675,225,-1.2499999999999822,-1.2499999999999825,0.05,0.15,0,out_of_energy,0,0,1,0,80,8,0,0,1,46,0.08082313215719567,2.670395402890068,0.0,0.0,0.99,8,exponential
q_learning,sparse_seed4,sparse,4,4a77b6e251,2676,225,-1.2499999999999822,-1.2499999999999825,0.05,0.15,0,out_of_energy,0,0,1,0,68,4,0,0,1,45,0.07054134393611823,1.7200993414903278,0.0,0.0,0.99,8,exponential
q_learning,sparse_seed4,sparse,4,4a77b6e251,2677,225,-1.2499999999999822,-1.2499999999999825,0.05,0.15,0,out_of_energy,0,0,1,0,76,10,0,0,1,42,0.09272710731592827,2.3458152606036955,0.0,0.0,0.99,8,exponential
q_learning,sparse_seed4,sparse,4,4a77b6e251,2678,225,-1.2499999999999822,-1.2499999999999825,0.05,0.15,0,out_of_energy,0,0,1,0,78,7,0,0,1,41,0.08363539188599879,3.377000658753271,0.0,0.0,0.99,8,exponential
q_learning,sparse_seed4,sparse,4,4a77b6e251,2679,225,-1.2499999999999822,-1.2499999999999825,0.05,0.15,0,out_of_energy,0,0,1,0,89,18,0,0,1,56,0.13035502563784857,5.818426592816575,0.0,0.0,0.99,8,exponential
q_learning,sparse_seed4,sparse,4,4a77b6e251,2680,225,-1.2499999999999822,-1.2499999999999825,0.05,0.15,0,out_of_energy,0,0,1,0,90,27,0,0,1,52,0.10536391696077894,3.087146009807937,0.0,0.0,0.99,8,exponential
q_learning,sparse_seed4,sparse,4,4a77b6e251,2681,225,-1.2499999999999822,-1.2499999999999825,0.05,0.15,0,out_of_energy,0,0,1,0,84,16,0,0,1,37,0.10313488055182013,3.2847491947361864,0.0,0.0,0.99,8,exponential
q_learning,sparse_seed4,sparse,4,4a77b6e251,2682,225,-1.2499999999999822,-1.2499999999999825,0.05,0.15,0,out_of_energy,0,0,1,0,79,14,0,0,1,48,0.10140413013523152,3.2038411718668356,0.0,0.0,0.99,8,exponential
q_learning,sparse_seed4,sparse,4,4a77b6e251,2683,225,-1.2499999999999822,-1.2499999999999825,0.05,0.15,0,out_of_energy,0,0,1,0,95,19,0,0,1,45,0.09137206201121689,3.0055739496923426,0.0,0.0,0.99,8,exponential
q_learning,sparse_seed4,sparse,4,4a77b6e251,2684,225,-1.2499999999999822,-1.2499999999999825,0.05,0.15,0,out_of_energy,0,0,1,0,75,21,0,0,1,41,0.06437638974231141,1.5692429837641795,0.0,0.0,0.99,8,exponential
q_learning,sparse_seed4,sparse,4,4a77b6e251,2685,225,-1.2499999999999822,-1.2499999999999825,0.05,0.15,0,out_of_energy,0,0,1,0,70,11,0,0,1,41,0.08642822128244716,2.8807734437106425,0.0,0.0,0.99,8,exponential
q_learning,sparse_seed4,sparse,4,4a77b6e251,2686,225,-1.2499999999999822,-1.2499999999999825,0.05,0.15,0,out_of_energy,0,0,1,0,78,23,0,0,1,48,0.10541683486268857,3.7647312660896466,0.0,0.0,0.99,8,exponential
q_learning,sparse_seed4,sparse,4,4a77b6e251,2687,225,-1.2499999999999822,-1.2499999999999825,0.05,0.15,0,out_of_energy,0,0,1,0,94,37,0,0,1,56,0.06550377767090737,1.63056311883238,0.0,0.0,0.99,8,exponential
q_learning,sparse_seed4,sparse,4,4a77b6e251,2688,225,-1.2499999999999822,-1.2499999999999825,0.05,0.15,0,out_of_energy,0,0,1,0,88,21,0,0,1,47,0.09876251350858142,2.872468031217917,0.0,0.0,0.99,8,exponential
q_learning,sparse_seed4,sparse,4,4a77b6e251,2689,225,-1.2499999999999822,-1.2499999999999825,0.05,0.15,0,out_of_energy,0,0,1,0,80,17,0,0,1,42,0.07510050885580336,2.011906551589846,0.0,0.0,0.99,8,exponential
q_learning,sparse_seed4,sparse,4,4a77b6e251,2690,225,-1.2499999999999822,-1.2499999999999825,0.05,0.15,0,out_of_energy,0,0,1,0,63,5,0,0,1,43,0.07814919623739709,2.5079612164214,0.0,0.0,0.99,8,exponential
q_learning,sparse_seed4,sparse,4,4a77b6e251,2691,225,-1.2499999999999822,-1.2499999999999825,0.05,0.15,0,out_of_energy,0,0,1,0,69,10,0,0,1,39,0.06619601801992266,1.5981919371603253,0.0,0.0,0.99,8,exponential
q_learning,sparse_seed4,sparse,4,4a77b6e251,2692,225,-1.2499999999999822,-1.2499999999999825,0.05,0.15,0,out_of_energy,0,0,1,0,83,15,0,0,1,54,0.11000461062117843,6.091778073863238,0.0,0.0,0.99,8,exponential
q_learning,sparse_seed4,sparse,4,4a77b6e251,2693,225,-1.2499999999999822,-1.2499999999999825,0.05,0.15,0,out_of_energy,0,0,1,0,101,9,0,0,1,50,0.07042069504092292,1.744816643759684,0.0,0.0,0.99,8,exponential
q_learning,sparse_seed4,sparse,4,4a77b6e251,2694,225,-1.2499999999999822,-1.2499999999999825,0.05,0.15,0,out_of_energy,0,0,1,0,76,15,0,0,1,36,0.09725722953565785,3.0828063244107913,0.0,0.0,0.99,8,exponential
q_learning,sparse_seed4,sparse,4,4a77b6e251,2695,225,-1.2499999999999822,-1.2499999999999825,0.05,0.15,0,out_of_energy,0,0,1,0,75,11,0,0,1,48,0.09214687293502678,3.1175938885204126,0.0,0.0,0.99,8,exponential
q_learning,sparse_seed4,sparse,4,4a77b6e251,2696,225,-1.2499999999999822,-1.2499999999999825,0.05,0.15,0,out_of_energy,0,0,1,0,102,25,0,0,1,54,0.09206247878110217,2.795777437097346,0.0,0.0,0.99,8,exponential
q_learning,sparse_seed4,sparse,4,4a77b6e251,2697,225,-1.2499999999999822,-1.2499999999999825,0.05,0.15,0,out_of_energy,0,0,1,0,92,11,0,0,1,44,0.0670160119960562,1.6301202680900513,0.0,0.0,0.99,8,exponential
q_learning,sparse_seed4,sparse,4,4a77b6e251,2698,225,-1.2499999999999822,-1.2499999999999825,0.05,0.15,0,out_of_energy,0,0,1,0,100,20,0,0,1,43,0.09103560256572235,2.6392938171440163,0.0,0.0,0.99,8,exponential
q_learning,sparse_seed4,sparse,4,4a77b6e251,2699,225,-1.2499999999999822,-1.2499999999999825,0.05,0.15,0,out_of_energy,0,0,1,0,77,12,0,0,1,60,0.08149399747280149,2.5787058286887055,0.0,0.0,0.99,8,exponential
q_learning,sparse_seed4,sparse,4,4a77b6e251,2700,225,-1.2499999999999822,-1.2499999999999825,0.05,0.15,0,out_of_energy,0,0,1,0,100,27,0,0,1,48,0.0853488202248073,1.8383955357148078,0.0,0.0,0.99,8,exponential
q_learning,sparse_seed4,sparse,4,4a77b6e251,2701,225,-1.2499999999999822,-1.2499999999999825,0.05,0.15,0,out_of_energy,0,0,1,0,66,4,0,0,1,41,0.06317046611068965,1.6121453464518387,0.0,0.0,0.99,8,exponential
q_learning,sparse_seed4,sparse,4,4a77b6e251,2702,225,-1.2499999999999822,-1.2499999999999825,0.05,0.15,0,out_of_energy,0,0,1,0,80,13,0,0,1,49,0.09831482974526191,2.3447184185506815,0.0,0.0,0.99,8,exponential
q_learning,sparse_seed4,sparse,4,4a77b6e251,2703,225,-1.2499999999999822,-1.2499999999999825,0.05,0.15,0,out_of_energy,0,0,1,0,82,11,0,0,1,53,0.15980995590178224,5.21750433064358,0.0,0.0,0.99,8,exponential
q_learning,sparse_seed4,sparse,4,4a77b6e251,2704,225,-1.2499999999999822,-1.2499999999999825,0.05,0.15,0,out_of_energy,0,0,1,0,86,9,0,0,1,34,0.07958504571177323,1.9626330947353305,0.0,0.0,0.99,8,exponential
q_learning,sparse_seed4,sparse,4,4a77b6e251,2705,225,-1.2499999999999822,-1.2499999999999825,0.05,0.15,0,out_of_energy,0,0,1,0,98,25,0,0,1,49,0.0690267188736001,1.5236382903390613,0.0,0.0,0.99,8,exponential
q_learning,sparse_seed4,sparse,4,4a77b6e251,2706,225,-1.2499999999999822,-1.2499999999999825,0.05,0.15,0,out_of_energy,0,0,1,0,74,9,0,0,1,48,0.09944169425511616,3.312838239148579,0.0,0.0,0.99,8,exponential
q_learning,sparse_seed4,sparse,4,4a77b6e251,2707,225,-1.2499999999999822,-1.2499999999999825,0.05,0.15,0,out_of_energy,0,0,1,0,98,4,0,0,1,47,0.08503919229068496,3.571398019404564,0.0,0.0,0.99,8,exponential
q_learning,sparse_seed4,sparse,4,4a77b6e251,2708,225,-1.2499999999999822,-1.2499999999999825,0.05,0.15,0,out_of_energy,0,0,1,0,90,4,0,0,1,51,0.058591797293496034,1.5590785415076533,0.0,0.0,0.99,8,exponential
q_learning,sparse_seed4,sparse,4,4a77b6e251,2709,225,-1.2499999999999822,-1.2499999999999825,0.05,0.15,0,out_of_energy,0,0,1,0,89,7,0,0,1,52,0.13699740471209954,5.694500392780128,0.0,0.0,0.99,8,exponential
q_learning,sparse_seed4,sparse,4,4a77b6e251,2710,225,-1.2499999999999822,-1.2499999999999825,0.05,0.15,0,out_of_energy,0,0,1,0,80,9,0,0,1,45,0.08595331714372177,2.793780500765798,0.0,0.0,0.99,8,exponential
q_learning,sparse_seed4,sparse,4,4a77b6e251,2711,225,-1.2499999999999822,-1.2499999999999825,0.05,0.15,0,out_of_energy,0,0,1,0,98,15,0,0,1,42,0.07108742702985134,1.5949538055547325,0.0,0.0,0.99,8,exponential
q_learning,sparse_seed4,sparse,4,4a77b6e251,2712,225,-1.2499999999999822,-1.2499999999999825,0.05,0.15,0,out_of_energy,0,0,1,0,74,17,0,0,1,46,0.07633208908680583,1.795709407175564,0.0,0.0,0.99,8,exponential
q_learning,sparse_seed4,sparse,4,4a77b6e251,2713,225,-1.2499999999999822,-1.2499999999999825,0.05,0.15,0,out_of_energy,0,0,1,0,100,28,0,0,1,32,0.08221338320669075,2.6644230707053156,0.0,0.0,0.99,8,exponential
q_learning,sparse_seed4,sparse,4,4a77b6e251,2714,225,-1.2499999999999822,-1.2499999999999825,0.05,0.15,0,out_of_energy,0,0,1,0,89,22,0,0,1,44,0.07467711422244483,2.485877893401771,0.0,0.0,0.99,8,exponential
q_learning,sparse_seed4,sparse,4,4a77b6e251,2715,225,-1.2499999999999822,-1.2499999999999825,0.05,0.15,0,out_of_energy,0,0,1,0,95,6,0,0,1,46,0.09058706560818308,4.467255310911789,0.0,0.0,0.99,8,exponential
q_learning,sparse_seed4,sparse,4,4a77b6e251,2716,225,-1.2499999999999822,-1.2499999999999825,0.05,0.15,0,out_of_energy,0,0,1,0,104,11,0,0,1,48,0.06454177895878675,1.6731057649240002,0.0,0.0,0.99,8,exponential
q_learning,sparse_seed4,sparse,4,4a77b6e251,2717,225,-1.2499999999999822,-1.2499999999999825,0.05,0.15,0,out_of_energy,0,0,1,0,93,16,0,0,1,45,0.09183743198553442,2.4359684186723656,0.0,0.0,0.99,8,exponential
q_learning,sparse_seed4,sparse,4,4a77b6e251,2718,225,-1.2499999999999822,-1.2499999999999825,0.05,0.15,0,out_of_energy,0,0,1,0,86,13,0,0,1,44,0.08336921628631581,2.2610495853115786,0.0,0.0,0.99,8,exponential
q_learning,sparse_seed4,sparse,4,4a77b6e251,2719,225,-1.2499999999999822,-1.2499999999999825,0.05,0.15,0,out_of_energy,0,0,1,0,82,5,0,0,1,43,0.07068534393639825,1.951066397602093,0.0,0.0,0.99,8,exponential
q_learning,sparse_seed4,sparse,4,4a77b6e251,2720,225,-1.2499999999999822,-1.2499999999999825,0.05,0.15,0,out_of_energy,0,0,1,0,77,7,0,0,1,45,0.08102782406007397,2.5682418094688955,0.0,0.0,0.99,8,exponential
q_learning,sparse_seed4,sparse,4,4a77b6e251,2721,225,-1.2499999999999822,-1.2499999999999825,0.05,0.15,0,out_of_energy,0,0,1,0,87,6,0,0,1,38,0.09086121409156799,5.734208334828017,0.0,0.0,0.99,8,exponential
q_learning,sparse_seed4,sparse,4,4a77b6e251,2722,225,-1.2499999999999822,-1.2499999999999825,0.05,0.15,0,out_of_energy,0,0,1,0,113,17,0,0,1,44,0.09682426260328751,2.9759686775144845,0.0,0.0,0.99,8,exponential
q_learning,sparse_seed4,sparse,4,4a77b6e251,2723,225,-1.2499999999999822,-1.2499999999999825,0.05,0.15,0,out_of_energy,0,0,1,0,76,15,0,0,1,52,0.09003159271834418,2.655278843688359,0.0,0.0,0.99,8,exponential
q_learning,sparse_seed4,sparse,4,4a77b6e251,2724,225,-1.2499999999999822,-1.2499999999999825,0.05,0.15,0,out_of_energy,0,0,1,0,81,7,0,0,1,50,0.10359262398561289,4.06967480703761,0.0,0.0,0.99,8,exponential
q_learning,sparse_seed4,sparse,4,4a77b6e251,2725,225,-1.2499999999999822,-1.2499999999999825,0.05,0.15,0,out_of_energy,0,0,1,0,76,5,0,0,1,50,0.08852684449621516,2.5909115762065094,0.0,0.0,0.99,8,exponential
q_learning,sparse_seed4,sparse,4,4a77b6e251,2726,225,-1.2499999999999822,-1.2499999999999825,0.05,0.15,0,out_of_energy,0,0,1,0,77,7,0,0,1,41,0.09401852222245885,4.1361978563910355,0.0,0.0,0.99,8,exponential
q_learning,sparse_seed4,sparse,4,4a77b6e251,2727,225,-1.2499999999999822,-1.2499999999999825,0.05,0.15,0,out_of_energy,0,0,1,0,72,3,0,0,1,46,0.08752682413921263,2.967051181222483,0.0,0.0,0.99,8,exponential
q_learning,sparse_seed4,sparse,4,4a77b6e251,2728,225,-1.2499999999999822,-1.2499999999999825,0.05,0.15,0,out_of_energy,0,0,1,0,68,9,0,0,1,36,0.08882599732022133,2.9245004684577696,0.0,0.0,0.99,8,exponential
q_learning,sparse_seed4,sparse,4,4a77b6e251,2729,225,-1.2499999999999822,-1.2499999999999825,0.05,0.15,0,out_of_energy,0,0,1,0,70,9,0,0,1,50,0.08693237839159057,2.5992115624421386,0.0,0.0,0.99,8,exponential
q_learning,sparse_seed4,sparse,4,4a77b6e251,2730,225,-1.2499999999999822,-1.2499999999999825,0.05,0.15,0,out_of_energy,0,0,1,0,67,14,0,0,1,34,0.09079621892296932,2.77566224030278,0.0,0.0,0.99,8,exponential
q_learning,sparse_seed4,sparse,4,4a77b6e251,2731,225,-1.2499999999999822,-1.2499999999999825,0.05,0.15,0,out_of_energy,0,0,1,0,67,12,0,0,1,43,0.0943766128725792,3.131939367092765,0.0,0.0,0.99,8,exponential
q_learning,sparse_seed4,sparse,4,4a77b6e251,2732,225,-1.2499999999999822,-1.2499999999999825,0.05,0.15,0,out_of_energy,0,0,1,0,77,17,0,0,1,55,0.07887654380207186,2.3375513162714494,0.0,0.0,0.99,8,exponential
q_learning,sparse_seed4,sparse,4,4a77b6e251,2733,225,-1.2499999999999822,-1.2499999999999825,0.05,0.15,0,out_of_energy,0,0,1,0,76,14,0,0,1,41,0.07061653984900729,1.8673355215728051,0.0,0.0,0.99,8,exponential
q_learning,sparse_seed4,sparse,4,4a77b6e251,2734,225,-1.2499999999999822,-1.2499999999999825,0.05,0.15,0,out_of_energy,0,0,1,0,73,27,0,0,1,39,0.09528396407300382,2.6827524483629945,0.0,0.0,0.99,8,exponential
q_learning,sparse_seed4,sparse,4,4a77b6e251,2735,225,-1.2499999999999822,-1.2499999999999825,0.05,0.15,0,out_of_energy,0,0,1,0,87,7,0,0,1,46,0.091484133147849,4.947825729177772,0.0,0.0,0.99,8,exponential
q_learning,sparse_seed4,sparse,4,4a77b6e251,2736,225,-1.2499999999999822,-1.2499999999999825,0.05,0.15,0,out_of_energy,0,0,1,0,83,8,0,0,1,43,0.0783586000748519,2.1210602643628604,0.0,0.0,0.99,8,exponential
q_learning,sparse_seed4,sparse,4,4a77b6e251,2737,225,-1.2499999999999822,-1.2499999999999825,0.05,0.15,0,out_of_energy,0,0,1,0,80,4,0,0,1,45,0.08338532883265312,3.1476048712746634,0.0,0.0,0.99,8,exponential
q_learning,sparse_seed4,sparse,4,4a77b6e251,2738,225,-1.2499999999999822,-1.2499999999999825,0.05,0.15,0,out_of_energy,0,0,1,0,76,9,0,0,1,47,0.07179830094550224,2.2480854785986644,0.0,0.0,0.99,8,exponential
q_learning,sparse_seed4,sparse,4,4a77b6e251,2739,225,-1.2499999999999822,-1.2499999999999825,0.05,0.15,0,out_of_energy,0,0,1,0,80,14,0,0,1,41,0.10309304560545494,4.396612731686548,0.0,0.0,0.99,8,exponential
q_learning,sparse_seed4,sparse,4,4a77b6e251,2740,225,-1.2499999999999822,-1.2499999999999825,0.05,0.15,0,out_of_energy,0,0,1,0,68,17,0,0,1,49,0.07269535931990322,1.55575736918951,0.0,0.0,0.99,8,exponential
q_learning,sparse_seed4,sparse,4,4a77b6e251,2741,225,-1.2499999999999822,-1.2499999999999825,0.05,0.15,0,out_of_energy,0,0,1,0,77,8,0,0,1,43,0.0905967447587881,3.7245907177658086,0.0,0.0,0.99,8,exponential
q_learning,sparse_seed4,sparse,4,4a77b6e251,2742,225,-1.2499999999999822,-1.2499999999999825,0.05,0.15,0,out_of_energy,0,0,1,0,79,11,0,0,1,46,0.061143537798386945,1.476210242175945,0.0,0.0,0.99,8,exponential
q_learning,sparse_seed4,sparse,4,4a77b6e251,2743,225,-1.2499999999999822,-1.2499999999999825,0.05,0.15,0,out_of_energy,0,0,1,0,80,7,0,0,1,53,0.06121150471817223,1.440379192839952,0.0,0.0,0.99,8,exponential
q_learning,sparse_seed4,sparse,4,4a77b6e251,2744,225,-1.2499999999999822,-1.2499999999999825,0.05,0.15,0,out_of_energy,0,0,1,0,73,5,0,0,1,51,0.09926499151206979,4.066230199737665,0.0,0.0,0.99,8,exponential
q_learning,sparse_seed4,sparse,4,4a77b6e251,2745,225,-1.2499999999999822,-1.2499999999999825,0.05,0.15,0,out_of_energy,0,0,1,0,77,19,0,0,1,40,0.0636527278114215,1.5080708043891358,0.0,0.0,0.99,8,exponential
q_learning,sparse_seed4,sparse,4,4a77b6e251,2746,225,-1.2499999999999822,-1.2499999999999825,0.05,0.15,0,out_of_energy,0,0,1,0,95,9,0,0,1,60,0.09635739409896617,3.118434659939277,0.0,0.0,0.99,8,exponential
q_learning,sparse_seed4,sparse,4,4a77b6e251,2747,225,-1.2499999999999822,-1.2499999999999825,0.05,0.15,0,out_of_energy,0,0,1,0,84,6,0,0,1,46,0.07027513704638962,1.9763773180443414,0.0,0.0,0.99,8,exponential
q_learning,sparse_seed4,sparse,4,4a77b6e251,2748,225,-1.2499999999999822,-1.2499999999999825,0.05,0.15,0,out_of_energy,0,0,1,0,92,3,0,0,1,49,0.10641696153094789,4.5207172845624966,0.0,0.0,0.99,8,exponential
q_learning,sparse_seed4,sparse,4,4a77b6e251,2749,225,-1.2499999999999822,-1.2499999999999825,0.05,0.15,0,out_of_energy,0,0,1,0,85,6,0,0,1,46,0.06247248917664384,1.5434693278752034,0.0,0.0,0.99,8,exponential
q_learning,sparse_seed4,sparse,4,4a77b6e251,2750,225,-1.2499999999999822,-1.2499999999999825,0.05,0.15,0,out_of_energy,0,0,1,0,78,8,0,0,1,49,0.09024206412529236,2.070301932240881,0.0,0.0,0.99,8,exponential
q_learning,sparse_seed4,sparse,4,4a77b6e251,2751,225,-1.2499999999999822,-1.2499999999999825,0.05,0.15,0,out_of_energy,0,0,1,0,87,11,0,0,1,41,0.08421055187144898,3.838412827645887,0.0,0.0,0.99,8,exponential
q_learning,sparse_seed4,sparse,4,4a77b6e251,2752,225,-1.2499999999999822,-1.2499999999999825,0.05,0.15,0,out_of_energy,0,0,1,0,75,17,0,0,1,40,0.07392501729733664,1.7443238295709005,0.0,0.0,0.99,8,exponential
q_learning,sparse_seed4,sparse,4,4a77b6e251,2753,225,-1.2499999999999822,-1.2499999999999825,0.05,0.15,0,out_of_energy,0,0,1,0,76,35,0,0,1,47,0.07103464373182619,1.99852044211675,0.0,0.0,0.99,8,exponential
q_learning,sparse_seed4,sparse,4,4a77b6e251,2754,225,-1.2499999999999822,-1.2499999999999825,0.05,0.15,0,out_of_energy,0,0,1,0,75,8,0,0,1,40,0.10308711463134576,2.414407539500078,0.0,0.0,0.99,8,exponential
q_learning,sparse_seed4,sparse,4,4a77b6e251,2755,225,-1.2499999999999822,-1.2499999999999825,0.05,0.15,0,out_of_energy,0,0,1,0,76,12,0,0,1,47,0.1054834803840485,2.6562713069513,0.0,0.0,0.99,8,exponential
q_learning,sparse_seed4,sparse,4,4a77b6e251,2756,225,-1.2499999999999822,-1.2499999999999825,0.05,0.15,0,out_of_energy,0,0,1,0,77,13,0,0,1,39,0.08928425347092811,4.4786502870749505,0.0,0.0,0.99,8,exponential
q_learning,sparse_seed4,sparse,4,4a77b6e251,2757,225,-1.2499999999999822,-1.2499999999999825,0.05,0.15,0,out_of_energy,0,0,1,0,84,8,0,0,1,49,0.07959380212113487,3.0633925050120663,0.0,0.0,0.99,8,exponential
q_learning,sparse_seed4,sparse,4,4a77b6e251,2758,225,-1.2499999999999822,-1.2499999999999825,0.05,0.15,0,out_of_energy,0,0,1,0,82,20,0,0,1,48,0.06976416052598408,1.7705736179018938,0.0,0.0,0.99,8,exponential
q_learning,sparse_seed4,sparse,4,4a77b6e251,2759,225,-1.2499999999999822,-1.2499999999999825,0.05,0.15,0,out_of_energy,0,0,1,0,72,5,0,0,1,54,0.10699102293120143,3.4842997516899974,0.0,0.0,0.99,8,exponential
q_learning,sparse_seed4,sparse,4,4a77b6e251,2760,225,-1.2499999999999822,-1.2499999999999825,0.05,0.15,0,out_of_energy,0,0,1,0,74,8,0,0,1,35,0.08118357108081482,2.717231970466009,0.0,0.0,0.99,8,exponential
q_learning,sparse_seed4,sparse,4,4a77b6e251,2761,225,-1.2499999999999822,-1.2499999999999825,0.05,0.15,0,out_of_energy,0,0,1,0,104,20,0,0,1,43,0.06692404865009208,1.566520581678807,0.0,0.0,0.99,8,exponential
q_learning,sparse_seed4,sparse,4,4a77b6e251,2762,225,-1.2499999999999822,-1.2499999999999825,0.05,0.15,0,out_of_energy,0,0,1,0,87,14,0,0,1,47,0.07951026531634715,4.613146813104296,0.0,0.0,0.99,8,exponential
q_learning,sparse_seed4,sparse,4,4a77b6e251,2763,225,-1.2499999999999822,-1.2499999999999825,0.05,0.15,0,out_of_energy,0,0,1,0,81,6,0,0,1,40,0.08493469573803986,3.447022596355291,0.0,0.0,0.99,8,exponential
q_learning,sparse_seed4,sparse,4,4a77b6e251,2764,225,-1.2499999999999822,-1.2499999999999825,0.05,0.15,0,out_of_energy,0,0,1,0,95,7,0,0,1,43,0.07908759312672768,1.981135675512731,0.0,0.0,0.99,8,exponential
q_learning,sparse_seed4,sparse,4,4a77b6e251,2765,225,-1.2499999999999822,-1.2499999999999825,0.05,0.15,0,out_of_energy,0,0,1,0,67,18,0,0,1,40,0.07701892986453708,2.501869062939133,0.0,0.0,0.99,8,exponential
q_learning,sparse_seed4,sparse,4,4a77b6e251,2766,225,-1.2499999999999822,-1.2499999999999825,0.05,0.15,0,out_of_energy,0,0,1,0,85,8,0,0,1,43,0.06306977144395466,1.6698343537419778,0.0,0.0,0.99,8,exponential
q_learning,sparse_seed4,sparse,4,4a77b6e251,2767,225,-1.2499999999999822,-1.2499999999999825,0.05,0.15,0,out_of_energy,0,0,1,0,101,33,0,0,1,55,0.07399720706894629,1.7636351489213098,0.0,0.0,0.99,8,exponential
q_learning,sparse_seed4,sparse,4,4a77b6e251,2768,225,-1.2499999999999822,-1.2499999999999825,0.05,0.15,0,out_of_energy,0,0,1,0,101,15,0,0,1,47,0.07336878470807366,2.8986225125527483,0.0,0.0,0.99,8,exponential
q_learning,sparse_seed4,sparse,4,4a77b6e251,2769,225,-1.2499999999999822,-1.2499999999999825,0.05,0.15,0,out_of_energy,0,0,1,0,115,23,0,0,1,50,0.1117508057768459,2.6577800079102576,0.0,0.0,0.99,8,exponential
q_learning,sparse_seed4,sparse,4,4a77b6e251,2770,225,-1.2499999999999822,-1.2499999999999825,0.05,0.15,0,out_of_energy,0,0,1,0,100,5,0,0,1,48,0.0773614185796836,2.6509841257117146,0.0,0.0,0.99,8,exponential
q_learning,sparse_seed4,sparse,4,4a77b6e251,2771,225,-1.2499999999999822,-1.2499999999999825,0.05,0.15,0,out_of_energy,0,0,1,0,95,20,0,0,1,50,0.1013412358994708,3.8447392162124703,0.0,0.0,0.99,8,exponential
q_learning,sparse_seed4,sparse,4,4a77b6e251,2772,225,-1.2499999999999822,-1.2499999999999825,0.05,0.15,0,out_of_energy,0,0,1,0,93,7,0,0,1,42,0.09341196399782555,3.3094186809523274,0.0,0.0,0.99,8,exponential
q_learning,sparse_seed4,sparse,4,4a77b6e251,2773,225,-1.2499999999999822,-1.2499999999999825,0.05,0.15,0,out_of_energy,0,0,1,0,79,11,0,0,1,52,0.0837555123068096,3.6011401697995264,0.0,0.0,0.99,8,exponential
q_learning,sparse_seed4,sparse,4,4a77b6e251,2774,225,-1.2499999999999822,-1.2499999999999825,0.05,0.15,0,out_of_energy,0,0,1,0,82,9,0,0,1,53,0.08407809959780901,3.164701212629818,0.0,0.0,0.99,8,exponential
q_learning,sparse_seed4,sparse,4,4a77b6e251,2775,225,-1.2499999999999822,-1.2499999999999825,0.05,0.15,0,out_of_energy,0,0,1,0,77,7,0,0,1,46,0.09302045012427897,2.509130743860961,0.0,0.0,0.99,8,exponential
q_learning,sparse_seed4,sparse,4,4a77b6e251,2776,225,-1.2499999999999822,-1.2499999999999825,0.05,0.15,0,out_of_energy,0,0,1,0,82,10,0,1,1,54,0.07601303461022149,2.880964290621477,0.0,0.0,0.99,8,exponential
q_learning,sparse_seed4,sparse,4,4a77b6e251,2777,225,-1.2499999999999822,-1.2499999999999825,0.05,0.15,0,out_of_energy,0,0,1,0,110,7,0,0,1,51,0.08115405405260825,2.017531665211215,0.0,0.0,0.99,8,exponential
q_learning,sparse_seed4,sparse,4,4a77b6e251,2778,225,-1.2499999999999822,-1.2499999999999825,0.05,0.15,0,out_of_energy,0,0,1,0,66,16,0,0,1,45,0.06878009044023127,1.8741075589573946,0.0,0.0,0.99,8,exponential
q_learning,sparse_seed4,sparse,4,4a77b6e251,2779,225,-1.2499999999999822,-1.2499999999999825,0.05,0.15,0,out_of_energy,0,0,1,0,78,27,0,0,1,40,0.08024744606926296,1.9718941181566305,0.0,0.0,0.99,8,exponential
q_learning,sparse_seed4,sparse,4,4a77b6e251,2780,225,-1.2499999999999822,-1.2499999999999825,0.05,0.15,0,out_of_energy,0,0,1,0,70,12,0,0,1,38,0.07351458777281543,2.3937327429529596,0.0,0.0,0.99,8,exponential
q_learning,sparse_seed4,sparse,4,4a77b6e251,2781,225,-1.2499999999999822,-1.2499999999999825,0.05,0.15,0,out_of_energy,0,0,1,0,67,9,0,0,1,43,0.0630082759835443,1.6324619059199987,0.0,0.0,0.99,8,exponential
q_learning,sparse_seed4,sparse,4,4a77b6e251,2782,225,-1.2499999999999822,-1.2499999999999825,0.05,0.15,0,out_of_energy,0,0,1,0,75,10,0,0,1,35,0.12389216193128968,3.2602609188233376,0.0,0.0,0.99,8,exponential
q_learning,sparse_seed4,sparse,4,4a77b6e251,2783,225,-1.2499999999999822,-1.2499999999999825,0.05,0.15,0,out_of_energy,0,0,1,0,77,14,0,0,1,47,0.1370875419500015,4.689004970649677,0.0,0.0,0.99,8,exponential
q_learning,sparse_seed4,sparse,4,4a77b6e251,2784,225,-1.2499999999999822,-1.2499999999999825,0.05,0.15,0,out_of_energy,0,0,1,0,74,13,0,0,1,44,0.07592176998116579,2.1875557351108412,0.0,0.0,0.99,8,exponential
q_learning,sparse_seed4,sparse,4,4a77b6e251,2785,225,-1.2499999999999822,-1.2499999999999825,0.05,0.15,0,out_of_energy,0,0,1,0,59,7,0,0,1,44,0.0752278982220159,2.2988797159451875,0.0,0.0,0.99,8,exponential
q_learning,sparse_seed4,sparse,4,4a77b6e251,2786,225,-1.2499999999999822,-1.2499999999999825,0.05,0.15,0,out_of_energy,0,0,1,0,85,6,0,0,1,41,0.07228329328980673,1.4749801621335124,0.0,0.0,0.99,8,exponential
q_learning,sparse_seed4,sparse,4,4a77b6e251,2787,225,-1.2499999999999822,-1.2499999999999825,0.05,0.15,0,out_of_energy,0,0,1,0,89,8,0,0,1,55,0.05972794421210528,1.4168541825124485,0.0,0.0,0.99,8,exponential
q_learning,sparse_seed4,sparse,4,4a77b6e251,2788,225,-1.2499999999999822,-1.2499999999999825,0.05,0.15,0,out_of_energy,0,0,1,0,83,20,0,0,1,55,0.06456685074106808,1.6783811980512322,0.0,0.0,0.99,8,exponential
q_learning,sparse_seed4,sparse,4,4a77b6e251,2789,225,-1.2499999999999822,-1.2499999999999825,0.05,0.15,0,out_of_energy,0,0,1,0,79,9,0,0,1,48,0.0890278626568509,2.709547168868597,0.0,0.0,0.99,8,exponential
q_learning,sparse_seed4,sparse,4,4a77b6e251,2790,225,-1.2499999999999822,-1.2499999999999825,0.05,0.15,0,out_of_energy,0,0,1,0,77,15,0,0,1,42,0.07931182186932181,1.6805171885637078,0.0,0.0,0.99,8,exponential
q_learning,sparse_seed4,sparse,4,4a77b6e251,2791,225,-1.2499999999999822,-1.2499999999999825,0.05,0.15,0,out_of_energy,0,0,1,0,72,8,0,0,1,46,0.07761962705327165,1.667813178093847,0.0,0.0,0.99,8,exponential
q_learning,sparse_seed4,sparse,4,4a77b6e251,2792,225,-1.2499999999999822,-1.2499999999999825,0.05,0.15,0,out_of_energy,0,0,1,0,73,16,0,0,1,35,0.07573815053975334,1.68985228469207,0.0,0.0,0.99,8,exponential
q_learning,sparse_seed4,sparse,4,4a77b6e251,2793,225,-1.2499999999999822,-1.2499999999999825,0.05,0.15,0,out_of_energy,0,0,1,0,69,5,0,0,1,38,0.08407180474610904,2.7925925459628353,0.0,0.0,0.99,8,exponential
q_learning,sparse_seed4,sparse,4,4a77b6e251,2794,225,-1.2499999999999822,-1.2499999999999825,0.05,0.15,0,out_of_energy,0,0,1,0,73,5,0,0,1,31,0.08956751597345819,1.949654810892007,0.0,0.0,0.99,8,exponential
q_learning,sparse_seed4,sparse,4,4a77b6e251,2795,225,-1.2499999999999822,-1.2499999999999825,0.05,0.15,0,out_of_energy,0,0,1,0,80,11,0,0,1,44,0.08520298577498595,4.315516845664589,0.0,0.0,0.99,8,exponential
q_learning,sparse_seed4,sparse,4,4a77b6e251,2796,225,-1.2499999999999822,-1.2499999999999825,0.05,0.15,0,out_of_energy,0,0,1,0,85,6,0,0,1,44,0.08884523326800782,3.6851549468877876,0.0,0.0,0.99,8,exponential
q_learning,sparse_seed4,sparse,4,4a77b6e251,2797,225,-1.2499999999999822,-1.2499999999999825,0.05,0.15,0,out_of_energy,0,0,1,0,78,15,0,2,1,45,0.06332294220889513,1.4531846700270368,0.0,0.0,0.99,8,exponential
q_learning,sparse_seed4,sparse,4,4a77b6e251,2798,225,-1.2499999999999822,-1.2499999999999825,0.05,0.15,0,out_of_energy,0,0,1,0,77,16,0,0,1,43,0.1006147260402282,7.1770760349935685,0.0,0.0,0.99,8,exponential
q_learning,sparse_seed4,sparse,4,4a77b6e251,2799,225,-1.2499999999999911,-1.2499999999999825,0.05,0.15,0,out_of_energy,0,0,1,0,89,8,0,0,1,45,0.09391702934437746,2.7039672019438394,0.0,0.0,0.99,8,exponential
q_learning,sparse_seed4,sparse,4,4a77b6e251,2800,225,-1.2499999999999822,-1.2499999999999825,0.05,0.15,0,out_of_energy,0,0,1,0,72,10,0,0,1,41,0.06288090933384957,1.58264123314712,0.0,0.0,0.99,8,exponential
q_learning,sparse_seed4,sparse,4,4a77b6e251,2801,225,-1.2499999999999822,-1.2499999999999825,0.05,0.15,0,out_of_energy,0,0,1,0,81,7,0,0,1,40,0.07844267613583748,2.007285497624194,0.0,0.0,0.99,8,exponential
q_learning,sparse_seed4,sparse,4,4a77b6e251,2802,225,-1.2499999999999822,-1.2499999999999825,0.05,0.15,0,out_of_energy,0,0,1,0,77,4,0,0,1,48,0.08001053975783234,3.822895582250494,0.0,0.0,0.99,8,exponential
q_learning,sparse_seed4,sparse,4,4a77b6e251,2803,225,-1.2499999999999822,-1.2499999999999825,0.05,0.15,0,out_of_energy,0,0,1,0,63,17,0,0,1,48,0.0689428339488854,1.0790137034635743,0.0,0.0,0.99,8,exponential
q_learning,sparse_seed4,sparse,4,4a77b6e251,2804,225,-1.2499999999999822,-1.2499999999999825,0.05,0.15,0,out_of_energy,0,0,1,0,71,16,0,0,1,59,0.11759233674293104,6.6526514984164775,0.0,0.0,0.99,8,exponential
q_learning,sparse_seed4,sparse,4,4a77b6e251,2805,225,-1.2499999999999822,-1.2499999999999825,0.05,0.15,0,out_of_energy,0,0,1,0,65,8,0,0,1,46,0.07472685311177345,2.1201399212007814,0.0,0.0,0.99,8,exponential
q_learning,sparse_seed4,sparse,4,4a77b6e251,2806,225,-1.2499999999999822,-1.2499999999999825,0.05,0.15,0,out_of_energy,0,0,1,0,72,24,0,0,1,45,0.10781098180011313,4.892078118850582,0.0,0.0,0.99,8,exponential
q_learning,sparse_seed4,sparse,4,4a77b6e251,2807,225,-1.2499999999999822,-1.2499999999999825,0.05,0.15,0,out_of_energy,0,0,1,0,61,18,0,0,1,50,0.0859290437388927,2.5789547905671326,0.0,0.0,0.99,8,exponential
q_learning,sparse_seed4,sparse,4,4a77b6e251,2808,225,-1.2499999999999822,-1.2499999999999825,0.05,0.15,0,out_of_energy,0,0,1,0,81,14,0,0,1,51,0.06433360403824158,1.5947240728069731,0.0,0.0,0.99,8,exponential
q_learning,sparse_seed4,sparse,4,4a77b6e251,2809,225,-1.2499999999999822,-1.2499999999999825,0.05,0.15,0,out_of_energy,0,0,1,0,77,26,0,0,1,47,0.08479064598042031,3.7137976943982487,0.0,0.0,0.99,8,exponential
q_learning,sparse_seed4,sparse,4,4a77b6e251,2810,225,-1.2499999999999822,-1.2499999999999825,0.05,0.15,0,out_of_energy,0,0,1,0,70,15,0,0,1,53,0.07578832339847275,1.3530905961552575,0.0,0.0,0.99,8,exponential
q_learning,sparse_seed4,sparse,4,4a77b6e251,2811,225,-1.2499999999999822,-1.2499999999999825,0.05,0.15,0,out_of_energy,0,0,1,0,92,9,0,0,1,60,0.09555692490598447,3.149364264318966,0.0,0.0,0.99,8,exponential
q_learning,sparse_seed4,sparse,4,4a77b6e251,2812,225,-1.2499999999999822,-1.2499999999999825,0.05,0.15,0,out_of_energy,0,0,1,0,68,10,0,0,1,41,0.08523548175635245,2.255086231272657,0.0,0.0,0.99,8,exponential
q_learning,sparse_seed4,sparse,4,4a77b6e251,2813,225,-1.2499999999999822,-1.2499999999999825,0.05,0.15,0,out_of_energy,0,0,1,0,80,13,0,0,1,46,0.060792365713710037,1.478811532224241,0.0,0.0,0.99,8,exponential
q_learning,sparse_seed4,sparse,4,4a77b6e251,2814,225,-1.2499999999999822,-1.2499999999999825,0.05,0.15,0,out_of_energy,0,0,1,0,63,5,0,0,1,51,0.0798511659879934,2.064159319673859,0.0,0.0,0.99,8,exponential
q_learning,sparse_seed4,sparse,4,4a77b6e251,2815,225,-1.2499999999999822,-1.2499999999999825,0.05,0.15,0,out_of_energy,0,0,1,0,81,30,0,0,1,55,0.11894591979680753,2.919194849107908,0.0,0.0,0.99,8,exponential
q_learning,sparse_seed4,sparse,4,4a77b6e251,2816,225,-1.2499999999999822,-1.2499999999999825,0.05,0.15,0,out_of_energy,0,0,1,0,77,23,0,0,1,45,0.07080041062853652,1.500712648308066,0.0,0.0,0.99,8,exponential
q_learning,sparse_seed4,sparse,4,4a77b6e251,2817,225,-1.2499999999999822,-1.2499999999999825,0.05,0.15,0,out_of_energy,0,0,1,0,63,18,0,0,1,53,0.08291330993348504,2.7365321258602497,0.0,0.0,0.99,8,exponential
q_learning,sparse_seed4,sparse,4,4a77b6e251,2818,225,-1.2499999999999822,-1.2499999999999825,0.05,0.15,0,out_of_energy,0,0,1,0,80,14,0,0,1,48,0.06642672963341971,1.3492384284302217,0.0,0.0,0.99,8,exponential
q_learning,sparse_seed4,sparse,4,4a77b6e251,2819,225,-1.2499999999999822,-1.2499999999999825,0.05,0.15,0,out_of_energy,0,0,1,0,75,5,0,0,1,39,0.084783405239785,2.583178372008952,0.0,0.0,0.99,8,exponential
q_learning,sparse_seed4,sparse,4,4a77b6e251,2820,225,-1.2499999999999822,-1.2499999999999825,0.05,0.15,0,out_of_energy,0,0,1,0,76,4,0,0,1,40,0.08660942045395094,3.424790357777952,0.0,0.0,0.99,8,exponential
q_learning,sparse_seed4,sparse,4,4a77b6e251,2821,225,-1.2499999999999822,-1.2499999999999825,0.05,0.15,0,out_of_energy,0,0,1,0,81,8,0,0,1,39,0.0915929418874506,2.2769697423464956,0.0,0.0,0.99,8,exponential
q_learning,sparse_seed4,sparse,4,4a77b6e251,2822,225,-1.2499999999999822,-1.2499999999999825,0.05,0.15,0,out_of_energy,0,0,1,0,83,22,0,0,1,35,0.11304432025121877,4.044488558970109,0.0,0.0,0.99,8,exponential
q_learning,sparse_seed4,sparse,4,4a77b6e251,2823,225,-1.2499999999999822,-1.2499999999999825,0.05,0.15,0,out_of_energy,0,0,1,0,76,15,0,0,1,41,0.06361359097427834,0.7648047276290288,0.0,0.0,0.99,8,exponential
q_learning,sparse_seed4,sparse,4,4a77b6e251,2824,225,-1.2499999999999822,-1.2499999999999825,0.05,0.15,0,out_of_energy,0,0,1,0,90,14,0,0,1,50,0.07764963357941068,2.3311778647474544,0.0,0.0,0.99,8,exponential
q_learning,sparse_seed4,sparse,4,4a77b6e251,2825,225,-1.2499999999999822,-1.2499999999999825,0.05,0.15,0,out_of_energy,0,0,1,0,81,22,0,0,1,40,0.09102973420006895,3.3540366541965354,0.0,0.0,0.99,8,exponential
q_learning,sparse_seed4,sparse,4,4a77b6e251,2826,225,-1.2499999999999822,-1.2499999999999825,0.05,0.15,0,out_of_energy,0,0,1,0,84,6,0,0,1,46,0.06626466723281488,1.7835754713987306,0.0,0.0,0.99,8,exponential
q_learning,sparse_seed4,sparse,4,4a77b6e251,2827,225,-1.2499999999999822,-1.2499999999999825,0.05,0.15,0,out_of_energy,0,0,1,0,76,3,0,0,1,42,0.07184392872563829,1.4529746257423595,0.0,0.0,0.99,8,exponential
q_learning,sparse_seed4,sparse,4,4a77b6e251,2828,225,-1.2499999999999822,-1.2499999999999825,0.05,0.15,0,out_of_energy,0,0,1,0,71,14,0,0,1,44,0.10683466917804127,5.928796099939945,0.0,0.0,0.99,8,exponential
q_learning,sparse_seed4,sparse,4,4a77b6e251,2829,225,-1.2499999999999822,-1.2499999999999825,0.05,0.15,0,out_of_energy,0,0,1,0,73,21,0,0,1,44,0.06726401744654606,1.1123798137329715,0.0,0.0,0.99,8,exponential
q_learning,sparse_seed4,sparse,4,4a77b6e251,2830,225,-1.2499999999999822,-1.2499999999999825,0.05,0.15,0,out_of_energy,0,0,1,0,64,16,0,0,1,44,0.08011668972039085,2.7002582384755325,0.0,0.0,0.99,8,exponential
q_learning,sparse_seed4,sparse,4,4a77b6e251,2831,205,99.75000000000001,-0.23999999999998237,0.05,0.15,20,success,1,1,0,0,53,7,0,1,1,29,0.5685645694890684,99.95,0.0,0.0,0.99,8,exponential
q_learning,sparse_seed4,sparse,4,4a77b6e251,2832,225,-1.2499999999999822,-0.23999999999998234,0.05,0.15,0,out_of_energy,0,0,1,0,62,14,0,0,1,46,0.11507128901193092,4.578228716078479,0.0,0.0,0.99,8,exponential
q_learning,sparse_seed4,sparse,4,4a77b6e251,2833,225,-1.2499999999999822,-0.2399999999999823,0.05,0.15,0,out_of_energy,0,0,1,0,84,20,0,0,1,53,0.0704566911144097,1.6409047086203197,0.0,0.0,0.99,8,exponential
q_learning,sparse_seed4,sparse,4,4a77b6e251,2834,225,-1.2499999999999822,-0.23999999999998228,0.05,0.15,0,out_of_energy,0,0,1,0,84,8,0,0,1,39,0.08762979035464187,2.2487055443625272,0.0,0.0,0.99,8,exponential
q_learning,sparse_seed4,sparse,4,4a77b6e251,2835,225,-1.2499999999999822,-0.23999999999998237,0.05,0.15,0,out_of_energy,0,0,1,0,80,14,0,0,1,50,0.10049555293886152,6.115960534237875,0.0,0.0,0.99,8,exponential
q_learning,sparse_seed4,sparse,4,4a77b6e251,2836,225,-1.2499999999999822,-0.23999999999998237,0.05,0.15,0,out_of_energy,0,0,1,0,68,8,0,0,1,37,0.06512935769275312,1.6588212621375673,0.0,0.0,0.99,8,exponential
q_learning,sparse_seed4,sparse,4,4a77b6e251,2837,225,-1.2499999999999822,-0.23999999999998237,0.05,0.15,0,out_of_energy,0,0,1,0,80,11,0,0,1,49,0.07597007991923999,2.5279594598037085,0.0,0.0,0.99,8,exponential
q_learning,sparse_seed4,sparse,4,4a77b6e251,2838,225,-1.2499999999999822,-0.23999999999998237,0.05,0.15,0,out_of_energy,0,0,1,0,72,6,0,0,1,45,0.09081495618896897,2.510607131893211,0.0,0.0,0.99,8,exponential
q_learning,sparse_seed4,sparse,4,4a77b6e251,2839,225,-1.2499999999999822,-0.23999999999998237,0.05,0.15,0,out_of_energy,0,0,1,0,75,5,0,0,1,55,0.06310790578725475,1.559433955855801,0.0,0.0,0.99,8,exponential
q_learning,sparse_seed4,sparse,4,4a77b6e251,2840,225,-1.2499999999999822,-0.23999999999998237,0.05,0.15,0,out_of_energy,0,0,1,0,69,25,0,0,1,47,0.08246320148979437,1.801595411435831,0.0,0.0,0.99,8,exponential
q_learning,sparse_seed4,sparse,4,4a77b6e251,2841,225,-1.2499999999999822,-0.23999999999998237,0.05,0.15,0,out_of_energy,0,0,1,0,65,20,0,0,1,43,0.06291685888214406,1.0489439290237978,0.0,0.0,0.99,8,exponential
q_learning,sparse_seed4,sparse,4,4a77b6e251,2842,225,-1.2499999999999822,-0.23999999999998237,0.05,0.15,0,out_of_energy,0,0,1,0,71,9,0,0,1,49,0.06813086768810792,1.7870007834840163,0.0,0.0,0.99,8,exponential
q_learning,sparse_seed4,sparse,4,4a77b6e251,2843,225,-1.2499999999999822,-0.23999999999998237,0.05,0.15,0,out_of_energy,0,0,1,0,74,3,0,2,1,45,0.0714205178563198,1.4644810029338995,0.0,0.0,0.99,8,exponential
q_learning,sparse_seed4,sparse,4,4a77b6e251,2844,225,-1.2499999999999822,-0.23999999999998237,0.05,0.15,0,out_of_energy,0,0,1,0,56,17,0,0,1,47,0.13515381345533256,6.893130730951835,0.0,0.0,0.99,8,exponential
q_learning,sparse_seed4,sparse,4,4a77b6e251,2845,225,-1.2499999999999822,-0.23999999999998237,0.05,0.15,0,out_of_energy,0,0,1,0,82,24,0,0,1,52,0.10889441334148953,3.9390908832246576,0.0,0.0,0.99,8,exponential
q_learning,sparse_seed4,sparse,4,4a77b6e251,2846,225,-1.2499999999999822,-0.23999999999998237,0.05,0.15,0,out_of_energy,0,0,1,0,84,4,0,0,1,37,0.06925257179460816,1.1528557467129668,0.0,0.0,0.99,8,exponential
q_learning,sparse_seed4,sparse,4,4a77b6e251,2847,225,-1.2499999999999822,-0.23999999999998237,0.05,0.15,0,out_of_energy,0,0,1,0,88,7,0,0,1,35,0.06470329067048841,1.3226276206090972,0.0,0.0,0.99,8,exponential
q_learning,sparse_seed4,sparse,4,4a77b6e251,2848,225,-1.2499999999999822,-0.23999999999998237,0.05,0.15,0,out_of_energy,0,0,1,0,68,8,0,0,1,41,0.06603961438151616,0.96030496972939,0.0,0.0,0.99,8,exponential
q_learning,sparse_seed4,sparse,4,4a77b6e251,2849,225,-1.2499999999999822,-0.23999999999998237,0.05,0.15,0,out_of_energy,0,0,1,0,76,33,0,0,1,58,0.07103894132244236,1.5689394993511159,0.0,0.0,0.99,8,exponential
q_learning,sparse_seed4,sparse,4,4a77b6e251,2850,225,-1.2499999999999822,-0.23999999999998237,0.05,0.15,0,out_of_energy,0,0,1,0,79,8,0,0,1,51,0.09282448105393921,2.04113047150403,0.0,0.0,0.99,8,exponential
q_learning,sparse_seed4,sparse,4,4a77b6e251,2851,198,100.10000000000002,0.7735000000000177,0.05,0.15,27,success,1,1,0,0,46,10,0,2,1,33,0.5717395145880656,99.95,0.0,0.0,0.99,8,exponential
q_learning,sparse_seed4,sparse,4,4a77b6e251,2852,225,-1.2499999999999822,0.7735000000000177,0.05,0.15,0,out_of_energy,0,0,1,0,82,11,0,0,1,47,0.09037835194686468,4.972823630573055,0.0,0.0,0.99,8,exponential
q_learning,sparse_seed4,sparse,4,4a77b6e251,2853,225,-1.2499999999999822,0.7735000000000176,0.05,0.15,0,out_of_energy,0,0,1,0,64,10,0,0,1,42,0.10117445155107263,3.3411955301372984,0.0,0.0,0.99,8,exponential
q_learning,sparse_seed4,sparse,4,4a77b6e251,2854,225,-1.2499999999999822,0.7735000000000176,0.05,0.15,0,out_of_energy,0,0,1,0,76,7,0,0,1,42,0.06298934938509973,0.9009516834488673,0.0,0.0,0.99,8,exponential
q_learning,sparse_seed4,sparse,4,4a77b6e251,2855,214,99.30000000000003,1.7790000000000177,0.05,0.15,11,success,1,1,0,0,70,26,0,1,1,43,0.5689908882320195,84.95750000000001,0.0,0.0,0.99,8,exponential
q_learning,sparse_seed4,sparse,4,4a77b6e251,2856,225,-1.2499999999999822,1.7790000000000177,0.05,0.15,0,out_of_energy,0,0,1,0,82,6,0,0,1,51,0.12092650638955284,4.450218133688332,0.0,0.0,0.99,8,exponential
q_learning,sparse_seed4,sparse,4,4a77b6e251,2857,225,-1.2499999999999822,1.779000000000018,0.05,0.15,0,out_of_energy,0,0,1,0,65,15,0,0,1,42,0.07269005165491006,1.0923223956591759,0.0,0.0,0.99,8,exponential
q_learning,sparse_seed4,sparse,4,4a77b6e251,2858,213,99.35000000000002,2.7850000000000183,0.05,0.15,12,success,1,1,0,0,73,14,0,2,1,41,0.550811272786293,84.95750000000001,0.0,0.0,0.99,8,exponential
q_learning,sparse_seed4,sparse,4,4a77b6e251,2859,225,-1.2499999999999822,2.7850000000000175,0.05,0.15,0,out_of_energy,0,0,1,0,71,38,0,0,1,45,0.08551408001564872,2.0886424888372725,0.0,0.0,0.99,8,exponential
q_learning,sparse_seed4,sparse,4,4a77b6e251,2860,225,-1.2499999999999822,2.785000000000017,0.05,0.15,0,out_of_energy,0,0,1,0,78,10,0,0,1,41,0.07158792804052884,1.6202705608432053,0.0,0.0,0.99,8,exponential
q_learning,sparse_seed4,sparse,4,4a77b6e251,2861,225,-1.2499999999999822,2.785000000000017,0.05,0.15,0,out_of_energy,0,0,1,0,81,12,0,0,1,40,0.07372451853454774,0.9799187840849117,0.0,0.0,0.99,8,exponential
q_learning,sparse_seed4,sparse,4,4a77b6e251,2862,225,-1.2499999999999822,2.785000000000017,0.05,0.15,0,out_of_energy,0,0,1,0,74,5,0,0,1,40,0.07930914406130206,3.5710573714612903,0.0,0.0,0.99,8,exponential
q_learning,sparse_seed4,sparse,4,4a77b6e251,2863,225,-1.2499999999999822,2.785000000000017,0.05,0.15,0,out_of_energy,0,0,1,0,79,14,0,0,1,53,0.07626929910258122,2.387747110853963,0.0,0.0,0.99,8,exponential
q_learning,sparse_seed4,sparse,4,4a77b6e251,2864,225,-1.2499999999999822,2.785000000000017,0.05,0.15,0,out_of_energy,0,0,1,0,74,10,0,0,1,41,0.06860577051102916,1.4118357446589238,0.0,0.0,0.99,8,exponential
q_learning,sparse_seed4,sparse,4,4a77b6e251,2865,225,-1.2499999999999822,2.785000000000017,0.05,0.15,0,out_of_energy,0,0,1,0,67,8,0,0,1,45,0.06421462658117402,1.3409606494353348,0.0,0.0,0.99,8,exponential
q_learning,sparse_seed4,sparse,4,4a77b6e251,2866,225,-1.2499999999999822,2.785000000000017,0.05,0.15,0,out_of_energy,0,0,1,0,72,12,0,0,1,47,0.07639954525228503,1.2347121363837283,0.0,0.0,0.99,8,exponential
q_learning,sparse_seed4,sparse,4,4a77b6e251,2867,225,-1.2499999999999822,2.785000000000017,0.05,0.15,0,out_of_energy,0,0,1,0,67,17,0,0,1,49,0.09853061880741813,3.924930047230244,0.0,0.0,0.99,8,exponential
q_learning,sparse_seed4,sparse,4,4a77b6e251,2868,225,-1.2499999999999822,2.785000000000017,0.05,0.15,0,out_of_energy,0,0,1,0,75,25,0,0,1,48,0.06496315311601619,1.32653649430208,0.0,0.0,0.99,8,exponential
q_learning,sparse_seed4,sparse,4,4a77b6e251,2869,225,-1.2499999999999822,2.785000000000017,0.05,0.15,0,out_of_energy,0,0,1,0,71,10,0,0,1,49,0.07382972038982208,2.7456574069085455,0.0,0.0,0.99,8,exponential
q_learning,sparse_seed4,sparse,4,4a77b6e251,2870,225,-1.2499999999999822,2.785000000000017,0.05,0.15,0,out_of_energy,0,0,1,0,72,14,0,0,1,49,0.08944769050673113,3.3474514412396457,0.0,0.0,0.99,8,exponential
q_learning,sparse_seed4,sparse,4,4a77b6e251,2871,225,-1.2499999999999822,2.785000000000017,0.05,0.15,0,out_of_energy,0,0,1,0,85,16,0,0,1,48,0.060109127508025294,1.227230206000729,0.0,0.0,0.99,8,exponential
q_learning,sparse_seed4,sparse,4,4a77b6e251,2872,225,-1.2499999999999822,2.785000000000017,0.05,0.15,0,out_of_energy,0,0,1,0,70,7,0,0,1,48,0.06074553547900832,1.3577464144791218,0.0,0.0,0.99,8,exponential
q_learning,sparse_seed4,sparse,4,4a77b6e251,2873,225,-1.2499999999999822,2.785000000000017,0.05,0.15,0,out_of_energy,0,0,1,0,80,11,0,0,1,46,0.06504282651652778,1.5802404459225055,0.0,0.0,0.99,8,exponential
q_learning,sparse_seed4,sparse,4,4a77b6e251,2874,225,-1.2499999999999822,2.785000000000017,0.05,0.15,0,out_of_energy,0,0,1,0,99,6,0,0,1,49,0.07721883601897968,2.348251101436782,0.0,0.0,0.99,8,exponential
q_learning,sparse_seed4,sparse,4,4a77b6e251,2875,225,-1.2499999999999822,2.785000000000017,0.05,0.15,0,out_of_energy,0,0,1,0,90,8,0,0,1,57,0.09971866296855508,2.5152363423006645,0.0,0.0,0.99,8,exponential
q_learning,sparse_seed4,sparse,4,4a77b6e251,2876,225,-1.2499999999999822,2.785000000000017,0.05,0.15,0,out_of_energy,0,0,1,0,82,19,0,0,1,46,0.07353391414771122,2.28091377400737,0.0,0.0,0.99,8,exponential
q_learning,sparse_seed4,sparse,4,4a77b6e251,2877,225,-1.2499999999999822,2.785000000000017,0.05,0.15,0,out_of_energy,0,0,1,0,81,10,0,0,1,38,0.07975291302416947,1.9462099621116202,0.0,0.0,0.99,8,exponential
q_learning,sparse_seed4,sparse,4,4a77b6e251,2878,225,-1.2499999999999822,2.785000000000017,0.05,0.15,0,out_of_energy,0,0,1,0,76,16,0,0,1,47,0.06656771113114936,1.6608124925863086,0.0,0.0,0.99,8,exponential
q_learning,sparse_seed4,sparse,4,4a77b6e251,2879,225,-1.2499999999999822,2.785000000000017,0.05,0.15,0,out_of_energy,0,0,1,0,86,21,0,0,1,46,0.06297812670785168,1.378118537452564,0.0,0.0,0.99,8,exponential
q_learning,sparse_seed4,sparse,4,4a77b6e251,2880,225,-1.2499999999999822,2.785000000000017,0.05,0.15,0,out_of_energy,0,0,1,0,85,7,0,0,1,35,0.09663487343306797,3.9262781569598135,0.0,0.0,0.99,8,exponential
q_learning,sparse_seed4,sparse,4,4a77b6e251,2881,225,-1.2499999999999822,2.785000000000017,0.05,0.15,0,out_of_energy,0,0,1,0,78,12,0,0,1,37,0.06769279252857156,1.153739774962589,0.0,0.0,0.99,8,exponential
q_learning,sparse_seed4,sparse,4,4a77b6e251,2882,225,-1.2499999999999822,2.785000000000017,0.05,0.15,0,out_of_energy,0,0,1,0,80,10,0,0,1,46,0.07509057890504328,1.7211677482709673,0.0,0.0,0.99,8,exponential
q_learning,sparse_seed4,sparse,4,4a77b6e251,2883,225,-1.2499999999999822,2.785000000000017,0.05,0.15,0,out_of_energy,0,0,1,0,80,7,0,0,1,55,0.09275751597172484,2.248231479322648,0.0,0.0,0.99,8,exponential
q_learning,sparse_seed4,sparse,4,4a77b6e251,2884,225,-1.2499999999999822,2.785000000000017,0.05,0.15,0,out_of_energy,0,0,1,0,78,7,0,0,1,43,0.07506736822497312,2.044272130637319,0.0,0.0,0.99,8,exponential
q_learning,sparse_seed4,sparse,4,4a77b6e251,2885,225,-1.2499999999999822,2.785000000000017,0.05,0.15,0,out_of_energy,0,0,1,0,72,13,0,0,1,41,0.06079154798951536,1.5238641810403015,0.0,0.0,0.99,8,exponential
q_learning,sparse_seed4,sparse,4,4a77b6e251,2886,225,-1.2499999999999822,2.785000000000017,0.05,0.15,0,out_of_energy,0,0,1,0,77,8,0,0,1,40,0.0690693367736991,1.9013598321841811,0.0,0.0,0.99,8,exponential
q_learning,sparse_seed4,sparse,4,4a77b6e251,2887,225,-1.2499999999999822,2.785000000000017,0.05,0.15,0,out_of_energy,0,0,1,0,82,7,0,0,1,46,0.07703716206790565,1.9439739645522547,0.0,0.0,0.99,8,exponential
q_learning,sparse_seed4,sparse,4,4a77b6e251,2888,225,-1.2499999999999822,2.785000000000017,0.05,0.15,0,out_of_energy,0,0,1,0,76,7,0,0,1,48,0.08584845171964792,3.846700131041983,0.0,0.0,0.99,8,exponential
q_learning,sparse_seed4,sparse,4,4a77b6e251,2889,225,-1.2499999999999822,2.785000000000017,0.05,0.15,0,out_of_energy,0,0,1,0,62,15,0,0,1,51,0.07392934975005097,1.732959969560926,0.0,0.0,0.99,8,exponential
q_learning,sparse_seed4,sparse,4,4a77b6e251,2890,225,-1.2499999999999822,2.785000000000017,0.05,0.15,0,out_of_energy,0,0,1,0,70,10,0,0,1,52,0.06454116806511484,1.0460053867701966,0.0,0.0,0.99,8,exponential
q_learning,sparse_seed4,sparse,4,4a77b6e251,2891,225,-1.2499999999999822,2.785000000000017,0.05,0.15,0,out_of_energy,0,0,1,0,78,7,0,0,1,54,0.1052886359938041,3.45314071099516,0.0,0.0,0.99,8,exponential
q_learning,sparse_seed4,sparse,4,4a77b6e251,2892,225,-1.2499999999999822,2.785000000000017,0.05,0.15,0,out_of_energy,0,0,1,0,72,19,0,0,1,45,0.08330311630005917,3.1362507658022825,0.0,0.0,0.99,8,exponential
q_learning,sparse_seed4,sparse,4,4a77b6e251,2893,225,-1.2499999999999822,2.785000000000017,0.05,0.15,0,out_of_energy,0,0,1,0,81,5,0,0,1,48,0.057028637042445846,1.3734345466336242,0.0,0.0,0.99,8,exponential
q_learning,sparse_seed4,sparse,4,4a77b6e251,2894,225,-1.2499999999999822,2.785000000000017,0.05,0.15,0,out_of_energy,0,0,1,0,88,9,0,0,1,45,0.07270460701974171,2.2418923354249114,0.0,0.0,0.99,8,exponential
q_learning,sparse_seed4,sparse,4,4a77b6e251,2895,225,-1.2499999999999822,2.785000000000017,0.05,0.15,0,out_of_energy,0,0,1,0,73,9,0,0,1,46,0.07068536199859675,1.7321443543705415,0.0,0.0,0.99,8,exponential
q_learning,sparse_seed4,sparse,4,4a77b6e251,2896,225,-1.2499999999999822,2.785000000000017,0.05,0.15,0,out_of_energy,0,0,1,0,80,11,0,0,1,59,0.06570419154919592,1.8130978312214454,0.0,0.0,0.99,8,exponential
q_learning,sparse_seed4,sparse,4,4a77b6e251,2897,225,-1.2499999999999822,2.785000000000017,0.05,0.15,0,out_of_energy,0,0,1,0,74,24,0,0,1,35,0.06701288110126924,1.6063773924964622,0.0,0.0,0.99,8,exponential
q_learning,sparse_seed4,sparse,4,4a77b6e251,2898,225,-1.2499999999999822,2.785000000000017,0.05,0.15,0,out_of_energy,0,0,1,0,82,9,0,0,1,47,0.0788062513371684,1.8964383356047678,0.0,0.0,0.99,8,exponential
q_learning,sparse_seed4,sparse,4,4a77b6e251,2899,225,-1.2499999999999822,2.785000000000017,0.05,0.15,0,out_of_energy,0,0,1,0,70,16,0,0,1,36,0.05704932129132541,1.0539742817151243,0.0,0.0,0.99,8,exponential
q_learning,sparse_seed4,sparse,4,4a77b6e251,2900,225,-1.2499999999999822,2.785000000000017,0.05,0.15,0,out_of_energy,0,0,1,0,74,8,0,0,1,44,0.09248574049811656,5.213131074719883,0.0,0.0,0.99,8,exponential
q_learning,sparse_seed4,sparse,4,4a77b6e251,2901,225,-1.2499999999999822,2.785000000000017,0.05,0.15,0,out_of_energy,0,0,1,0,72,8,0,0,1,52,0.06360231560745556,1.5796226913607647,0.0,0.0,0.99,8,exponential
q_learning,sparse_seed4,sparse,4,4a77b6e251,2902,225,-1.2499999999999822,2.785000000000017,0.05,0.15,0,out_of_energy,0,0,1,0,69,12,0,0,1,51,0.0725393734177064,2.1330436482998483,0.0,0.0,0.99,8,exponential
q_learning,sparse_seed4,sparse,4,4a77b6e251,2903,225,-1.2499999999999822,2.785000000000017,0.05,0.15,0,out_of_energy,0,0,1,0,77,14,0,0,1,41,0.06897567114354063,2.068382869654007,0.0,0.0,0.99,8,exponential
q_learning,sparse_seed4,sparse,4,4a77b6e251,2904,225,-1.2499999999999822,2.785000000000017,0.05,0.15,0,out_of_energy,0,0,1,0,85,14,0,0,1,52,0.06428855976937307,1.2667913152117898,0.0,0.0,0.99,8,exponential
q_learning,sparse_seed4,sparse,4,4a77b6e251,2905,225,-1.2499999999999822,2.785000000000017,0.05,0.15,0,out_of_energy,0,0,1,0,70,22,0,0,1,44,0.06524949512245137,1.0351605738237177,0.0,0.0,0.99,8,exponential
q_learning,sparse_seed4,sparse,4,4a77b6e251,2906,225,-1.2499999999999822,2.785000000000017,0.05,0.15,0,out_of_energy,0,0,1,0,84,28,0,0,1,43,0.09697588493796562,3.914441657815278,0.0,0.0,0.99,8,exponential
q_learning,sparse_seed4,sparse,4,4a77b6e251,2907,225,-1.2499999999999822,2.7850000000000175,0.05,0.15,0,out_of_energy,0,0,1,0,85,11,0,0,1,43,0.06835734689326005,0.9081086446675375,0.0,0.0,0.99,8,exponential
q_learning,sparse_seed4,sparse,4,4a77b6e251,2908,225,-1.2499999999999822,2.7850000000000183,0.05,0.15,0,out_of_energy,0,0,1,0,90,9,0,0,1,38,0.08453369230894493,1.947746779031052,0.0,0.0,0.99,8,exponential
q_learning,sparse_seed4,sparse,4,4a77b6e251,2909,225,-1.2499999999999822,2.7850000000000175,0.05,0.15,0,out_of_energy,0,0,1,0,83,11,0,0,1,37,0.0796012062994991,3.2135844759184624,0.0,0.0,0.99,8,exponential
q_learning,sparse_seed4,sparse,4,4a77b6e251,2910,225,-1.2499999999999822,2.7850000000000175,0.05,0.15,0,out_of_energy,0,0,1,0,87,3,0,0,1,47,0.0634906527004785,1.5812599565453653,0.0,0.0,0.99,8,exponential
q_learning,sparse_seed4,sparse,4,4a77b6e251,2911,225,-1.2499999999999822,2.7850000000000175,0.05,0.15,0,out_of_energy,0,0,1,0,85,20,0,0,1,49,0.11996668249229546,4.47895962878363,0.0,0.0,0.99,8,exponential
q_learning,sparse_seed4,sparse,4,4a77b6e251,2912,225,-1.2499999999999822,2.7850000000000175,0.05,0.15,0,out_of_energy,0,0,1,0,96,22,0,0,1,42,0.0651986160009101,1.3943269643169005,0.0,0.0,0.99,8,exponential
q_learning,sparse_seed4,sparse,4,4a77b6e251,2913,225,-1.2499999999999822,2.7850000000000175,0.05,0.15,0,out_of_energy,0,0,1,0,99,11,0,0,1,44,0.06193668121768036,1.0301277668945046,0.0,0.0,0.99,8,exponential
q_learning,sparse_seed4,sparse,4,4a77b6e251,2914,225,-1.2499999999999822,2.7850000000000175,0.05,0.15,0,out_of_energy,0,0,1,0,81,4,0,0,1,40,0.1000651299177115,3.249175524912302,0.0,0.0,0.99,8,exponential
q_learning,sparse_seed4,sparse,4,4a77b6e251,2915,225,-1.2499999999999822,2.785000000000017,0.05,0.15,0,out_of_energy,0,0,1,0,89,3,0,0,1,37,0.07144491477419102,2.8028551188010096,0.0,0.0,0.99,8,exponential
q_learning,sparse_seed4,sparse,4,4a77b6e251,2916,225,-1.2499999999999822,2.785000000000017,0.05,0.15,0,out_of_energy,0,0,1,0,86,3,0,0,1,36,0.05928963937656693,1.5769773124821862,0.0,0.0,0.99,8,exponential
q_learning,sparse_seed4,sparse,4,4a77b6e251,2917,225,-1.2499999999999822,2.785000000000017,0.05,0.15,0,out_of_energy,0,0,1,0,79,7,0,0,1,38,0.07460551786637357,2.5917410213608023,0.0,0.0,0.99,8,exponential
q_learning,sparse_seed4,sparse,4,4a77b6e251,2918,225,-1.2499999999999822,2.785000000000017,0.05,0.15,0,out_of_energy,0,0,1,0,74,14,0,0,1,49,0.05583095224042457,0.9901058690113986,0.0,0.0,0.99,8,exponential
q_learning,sparse_seed4,sparse,4,4a77b6e251,2919,225,-1.2499999999999822,2.785000000000017,0.05,0.15,0,out_of_energy,0,0,1,0,80,6,0,0,1,41,0.055326227621152885,1.3848458971117426,0.0,0.0,0.99,8,exponential
q_learning,sparse_seed4,sparse,4,4a77b6e251,2920,225,-1.2499999999999822,2.785000000000017,0.05,0.15,0,out_of_energy,0,0,1,0,84,17,0,0,1,41,0.05702370315567963,1.2375106147483512,0.0,0.0,0.99,8,exponential
q_learning,sparse_seed4,sparse,4,4a77b6e251,2921,225,-1.2499999999999822,2.785000000000017,0.05,0.15,0,out_of_energy,0,0,1,0,76,11,0,2,1,47,0.06490035214606964,1.6201971880043216,0.0,0.0,0.99,8,exponential
q_learning,sparse_seed4,sparse,4,4a77b6e251,2922,207,99.65000000000002,3.7940000000000174,0.05,0.15,18,success,1,1,0,0,61,3,0,2,1,28,0.5581082778937355,72.213875,0.0,0.0,0.99,8,exponential
q_learning,sparse_seed4,sparse,4,4a77b6e251,2923,225,-1.2499999999999822,3.794000000000018,0.05,0.15,0,out_of_energy,0,0,1,0,76,7,0,0,1,44,0.09236486115251556,2.4989057403268378,0.0,0.0,0.99,8,exponential
q_learning,sparse_seed4,sparse,4,4a77b6e251,2924,225,-1.2499999999999822,3.794000000000018,0.05,0.15,0,out_of_energy,0,0,1,0,76,6,0,0,1,47,0.087152184752693,4.416079108987157,0.0,0.0,0.99,8,exponential
q_learning,sparse_seed4,sparse,4,4a77b6e251,2925,225,-1.2499999999999822,3.794000000000018,0.05,0.15,0,out_of_energy,0,0,1,0,86,30,0,0,1,46,0.06262194556741173,1.333536312565319,0.0,0.0,0.99,8,exponential
q_learning,sparse_seed4,sparse,4,4a77b6e251,2926,225,-1.2499999999999822,3.7940000000000174,0.05,0.15,0,out_of_energy,0,0,1,0,82,19,0,0,1,42,0.08728830136651101,4.989453960268911,0.0,0.0,0.99,8,exponential
q_learning,sparse_seed4,sparse,4,4a77b6e251,2927,225,-1.2499999999999822,3.7940000000000174,0.05,0.15,0,out_of_energy,0,0,1,0,70,12,0,0,1,49,0.07482016806713067,1.9464244036850102,0.0,0.0,0.99,8,exponential
q_learning,sparse_seed4,sparse,4,4a77b6e251,2928,225,-1.2499999999999822,3.7940000000000174,0.05,0.15,0,out_of_energy,0,0,1,0,75,13,0,0,1,50,0.06275648855765112,1.6165476936294265,0.0,0.0,0.99,8,exponential
q_learning,sparse_seed4,sparse,4,4a77b6e251,2929,225,-1.2499999999999822,3.7940000000000174,0.05,0.15,0,out_of_energy,0,0,1,0,90,8,0,0,1,49,0.06245211324216151,1.37184171155136,0.0,0.0,0.99,8,exponential
q_learning,sparse_seed4,sparse,4,4a77b6e251,2930,225,-1.2499999999999822,3.7940000000000174,0.05,0.15,0,out_of_energy,0,0,1,0,97,27,0,0,1,47,0.07525008949775955,3.8572431647139944,0.0,0.0,0.99,8,exponential
q_learning,sparse_seed4,sparse,4,4a77b6e251,2931,225,-1.2499999999999822,2.7840000000000162,0.05,0.15,0,out_of_energy,0,0,1,0,83,19,0,0,1,50,0.08190158189667307,1.8970255403352043,0.0,0.0,0.99,8,exponential
q_learning,sparse_seed4,sparse,4,4a77b6e251,2932,225,-1.2499999999999822,2.7840000000000162,0.05,0.15,0,out_of_energy,0,0,1,0,84,21,0,0,1,38,0.05914923965772955,0.9824850247009556,0.0,0.0,0.99,8,exponential
q_learning,sparse_seed4,sparse,4,4a77b6e251,2933,225,-1.2499999999999822,2.7840000000000162,0.05,0.15,0,out_of_energy,0,0,1,0,81,14,0,0,1,42,0.09309775665134329,3.27172848429038,0.0,0.0,0.99,8,exponential
q_learning,sparse_seed4,sparse,4,4a77b6e251,2934,225,-1.2499999999999822,2.7840000000000162,0.05,0.15,0,out_of_energy,0,0,1,0,83,21,0,0,1,41,0.06442654153428681,2.3666898820536444,0.0,0.0,0.99,8,exponential
q_learning,sparse_seed4,sparse,4,4a77b6e251,2935,225,-1.2499999999999822,2.7840000000000162,0.05,0.15,0,out_of_energy,0,0,1,0,88,7,0,0,1,39,0.07360915612559232,1.6809521004431724,0.0,0.0,0.99,8,exponential
q_learning,sparse_seed4,sparse,4,4a77b6e251,2936,225,-1.2499999999999822,2.7840000000000162,0.05,0.15,0,out_of_energy,0,0,1,0,70,5,0,0,1,38,0.05367648096030932,1.3497721643966551,0.0,0.0,0.99,8,exponential
q_learning,sparse_seed4,sparse,4,4a77b6e251,2937,225,-1.2499999999999822,2.7840000000000162,0.05,0.15,0,out_of_energy,0,0,1,0,84,10,0,0,1,50,0.0680863598830086,2.1792055292532355,0.0,0.0,0.99,8,exponential
q_learning,sparse_seed4,sparse,4,4a77b6e251,2938,225,-1.2499999999999822,2.7840000000000162,0.05,0.15,0,out_of_energy,0,0,1,0,91,11,0,0,1,44,0.09218421962338501,4.281343438623065,0.0,0.0,0.99,8,exponential
q_learning,sparse_seed4,sparse,4,4a77b6e251,2939,225,-1.2499999999999822,2.7840000000000162,0.05,0.15,0,out_of_energy,0,0,1,0,76,10,0,0,1,51,0.09241631531925981,2.27822588419016,0.0,0.0,0.99,8,exponential
q_learning,sparse_seed4,sparse,4,4a77b6e251,2940,225,-1.2499999999999822,2.7840000000000162,0.05,0.15,0,out_of_energy,0,0,1,0,84,33,0,0,1,42,0.08136630313729563,4.026064092699249,0.0,0.0,0.99,8,exponential
q_learning,sparse_seed4,sparse,4,4a77b6e251,2941,225,-1.2499999999999822,2.7840000000000162,0.05,0.15,0,out_of_energy,0,0,1,0,105,31,0,0,1,50,0.07358431978727646,1.6436127030158305,0.0,0.0,0.99,8,exponential
q_learning,sparse_seed4,sparse,4,4a77b6e251,2942,225,-1.2499999999999822,2.7840000000000167,0.05,0.15,0,out_of_energy,0,0,1,0,90,14,0,0,1,45,0.062084980638332454,1.1662360441213897,0.0,0.0,0.99,8,exponential
q_learning,sparse_seed4,sparse,4,4a77b6e251,2943,225,-1.2499999999999822,2.7840000000000167,0.05,0.15,0,out_of_energy,0,0,1,0,96,21,0,0,1,48,0.07539940093204081,1.6610796448225846,0.0,0.0,0.99,8,exponential
q_learning,sparse_seed4,sparse,4,4a77b6e251,2944,225,-1.2499999999999822,2.7840000000000167,0.05,0.15,0,out_of_energy,0,0,1,0,92,19,0,0,1,42,0.06370175479521374,1.2573337248084555,0.0,0.0,0.99,8,exponential
q_learning,sparse_seed4,sparse,4,4a77b6e251,2945,225,-1.2499999999999822,2.7840000000000167,0.05,0.15,0,out_of_energy,0,0,1,0,84,11,0,0,1,47,0.09935394340103794,3.220027545021737,0.0,0.0,0.99,8,exponential
q_learning,sparse_seed4,sparse,4,4a77b6e251,2946,225,-1.2499999999999822,2.7840000000000167,0.05,0.15,0,out_of_energy,0,0,1,0,101,9,0,0,1,53,0.07746339696573994,2.756797507324883,0.0,0.0,0.99,8,exponential
q_learning,sparse_seed4,sparse,4,4a77b6e251,2947,225,-1.2499999999999822,2.7840000000000167,0.05,0.15,0,out_of_energy,0,0,1,0,88,14,0,0,1,44,0.07183044525530284,1.7246466512501755,0.0,0.0,0.99,8,exponential
q_learning,sparse_seed4,sparse,4,4a77b6e251,2948,225,-1.2499999999999822,2.7840000000000167,0.05,0.15,0,out_of_energy,0,0,1,0,89,3,0,0,1,37,0.0954969311369832,3.0418227763399437,0.0,0.0,0.99,8,exponential
q_learning,sparse_seed4,sparse,4,4a77b6e251,2949,225,-1.2499999999999822,2.7840000000000167,0.05,0.15,0,out_of_energy,0,0,1,0,85,16,0,0,1,49,0.06518807930438697,1.5114427269234483,0.0,0.0,0.99,8,exponential
q_learning,sparse_seed4,sparse,4,4a77b6e251,2950,225,-1.2499999999999822,2.7840000000000167,0.05,0.15,0,out_of_energy,0,0,1,0,82,10,0,0,1,52,0.06730918357353309,2.1100857615852657,0.0,0.0,0.99,8,exponential
q_learning,sparse_seed4,sparse,4,4a77b6e251,2951,225,-1.2499999999999822,1.7705000000000184,0.05,0.15,0,out_of_energy,0,0,1,0,74,8,0,0,1,35,0.06351929873607866,1.4464405885685494,0.0,0.0,0.99,8,exponential
q_learning,sparse_seed4,sparse,4,4a77b6e251,2952,225,-1.2499999999999822,1.7705000000000184,0.05,0.15,0,out_of_energy,0,0,1,0,94,6,0,0,1,41,0.07372917025588192,2.200231411507869,0.0,0.0,0.99,8,exponential
q_learning,sparse_seed4,sparse,4,4a77b6e251,2953,225,-1.2499999999999822,1.7705000000000184,0.05,0.15,0,out_of_energy,0,0,1,0,103,16,0,0,1,47,0.1194521659349128,7.0088546382863175,0.0,0.0,0.99,8,exponential
q_learning,sparse_seed4,sparse,4,4a77b6e251,2954,225,-1.2499999999999822,1.7705000000000184,0.05,0.15,0,out_of_energy,0,0,1,0,96,13,0,0,1,54,0.055644332991072756,1.092651793079603,0.0,0.0,0.99,8,exponential
q_learning,sparse_seed4,sparse,4,4a77b6e251,2955,225,-1.2499999999999822,0.7650000000000179,0.05,0.15,0,out_of_energy,0,0,1,0,92,11,0,0,1,54,0.07100632869191557,3.242710868774261,0.0,0.0,0.99,8,exponential
q_learning,sparse_seed4,sparse,4,4a77b6e251,2956,225,-1.2499999999999822,0.7650000000000179,0.05,0.15,0,out_of_energy,0,0,1,0,90,23,0,0,1,50,0.07666381281597139,1.6510559153565985,0.0,0.0,0.99,8,exponential
q_learning,sparse_seed4,sparse,4,4a77b6e251,2957,225,-1.2499999999999822,0.7650000000000179,0.05,0.15,0,out_of_energy,0,0,1,0,78,6,0,0,1,56,0.09063372054790345,2.875711191917036,0.0,0.0,0.99,8,exponential
q_learning,sparse_seed4,sparse,4,4a77b6e251,2958,225,-1.2499999999999822,-0.2409999999999823,0.05,0.15,0,out_of_energy,0,0,1,0,70,28,0,0,1,41,0.07238687298689668,2.4972814523028317,0.0,0.0,0.99,8,exponential
q_learning,sparse_seed4,sparse,4,4a77b6e251,2959,225,-1.2499999999999822,-0.2409999999999823,0.05,0.15,0,out_of_energy,0,0,1,0,89,25,0,0,1,46,0.07028970153137126,3.215581788592283,0.0,0.0,0.99,8,exponential
q_learning,sparse_seed4,sparse,4,4a77b6e251,2960,225,-1.2499999999999822,-0.2409999999999823,0.05,0.15,0,out_of_energy,0,0,1,0,91,15,0,0,1,48,0.08432744564630086,2.072335836809433,0.0,0.0,0.99,8,exponential
q_learning,sparse_seed4,sparse,4,4a77b6e251,2961,225,-1.2499999999999822,-0.2409999999999823,0.05,0.15,0,out_of_energy,0,0,1,0,98,9,0,0,1,52,0.07950386520238556,1.8693040990570013,0.0,0.0,0.99,8,exponential
q_learning,sparse_seed4,sparse,4,4a77b6e251,2962,225,-1.2499999999999822,-0.2409999999999823,0.05,0.15,0,out_of_energy,0,0,1,0,91,27,0,0,1,44,0.0675602638812067,1.901350728254386,0.0,0.0,0.99,8,exponential
q_learning,sparse_seed4,sparse,4,4a77b6e251,2963,225,-1.2499999999999822,-0.2409999999999823,0.05,0.15,0,out_of_energy,0,0,1,0,99,15,0,0,1,50,0.0635061672302193,0.8336598456763415,0.0,0.0,0.99,8,exponential
q_learning,sparse_seed4,sparse,4,4a77b6e251,2964,225,-1.2499999999999822,-0.2409999999999823,0.05,0.15,0,out_of_energy,0,0,1,0,90,6,0,0,1,43,0.06338423861503652,1.3631763913076202,0.0,0.0,0.99,8,exponential
q_learning,sparse_seed4,sparse,4,4a77b6e251,2965,225,-1.2499999999999822,-0.2409999999999823,0.05,0.15,0,out_of_energy,0,0,1,0,77,10,0,1,1,38,0.0580368273916518,1.4835836868430112,0.0,0.0,0.99,8,exponential
q_learning,sparse_seed4,sparse,4,4a77b6e251,2966,225,-1.2499999999999822,-0.24099999999998245,0.05,0.15,0,out_of_energy,0,0,1,0,97,5,0,0,1,45,0.06722408278401298,2.1284771894939247,0.0,0.0,0.99,8,exponential
q_learning,sparse_seed4,sparse,4,4a77b6e251,2967,225,-1.2499999999999822,-0.24099999999998245,0.05,0.15,0,out_of_energy,0,0,1,0,88,15,0,0,1,45,0.062110191201225164,1.4897268291732049,0.0,0.0,0.99,8,exponential
q_learning,sparse_seed4,sparse,4,4a77b6e251,2968,225,-1.2499999999999822,-0.24099999999998245,0.05,0.15,0,out_of_energy,0,0,1,0,78,9,0,0,1,38,0.057763190771997285,1.578192047300849,0.0,0.0,0.99,8,exponential
q_learning,sparse_seed4,sparse,4,4a77b6e251,2969,225,-1.2499999999999822,-0.24099999999998245,0.05,0.15,0,out_of_energy,0,0,1,0,79,6,0,0,1,38,0.05866250674300717,1.5909589776296187,0.0,0.0,0.99,8,exponential
q_learning,sparse_seed4,sparse,4,4a77b6e251,2970,225,-1.2499999999999822,-0.24099999999998245,0.05,0.15,0,out_of_energy,0,0,1,0,90,24,0,0,1,49,0.07071727348858219,1.463274330708063,0.0,0.0,0.99,8,exponential
q_learning,sparse_seed4,sparse,4,4a77b6e251,2971,225,-1.2499999999999822,-0.24099999999998245,0.05,0.15,0,out_of_energy,0,0,1,0,91,14,0,0,1,46,0.12197573768641164,7.12124900457365,0.0,0.0,0.99,8,exponential
q_learning,sparse_seed4,sparse,4,4a77b6e251,2972,225,-1.2499999999999822,-0.24099999999998245,0.05,0.15,0,out_of_energy,0,0,1,0,82,18,0,0,1,50,0.07218178521684394,1.6379350298603033,0.0,0.0,0.99,8,exponential
q_learning,sparse_seed4,sparse,4,4a77b6e251,2973,225,-1.2499999999999822,-0.24099999999998245,0.05,0.15,0,out_of_energy,0,0,1,0,83,14,0,0,1,31,0.0654558419273593,2.297127501701948,0.0,0.0,0.99,8,exponential
q_learning,sparse_seed4,sparse,4,4a77b6e251,2974,225,-1.2499999999999822,-0.24099999999998245,0.05,0.15,0,out_of_energy,0,0,1,0,99,3,0,0,1,45,0.05332990277919868,1.2383061595564655,0.0,0.0,0.99,8,exponential
q_learning,sparse_seed4,sparse,4,4a77b6e251,2975,225,-1.2499999999999822,-0.24099999999998245,0.05,0.15,0,out_of_energy,0,0,1,0,95,8,0,0,1,57,0.06520024030404818,1.5834160471442047,0.0,0.0,0.99,8,exponential
q_learning,sparse_seed4,sparse,4,4a77b6e251,2976,225,-1.2499999999999822,-0.24099999999998245,0.05,0.15,0,out_of_energy,0,0,1,0,103,5,0,0,1,58,0.071721661204612,1.769679231704722,0.0,0.0,0.99,8,exponential
q_learning,sparse_seed4,sparse,4,4a77b6e251,2977,225,-1.2499999999999822,-0.24099999999998245,0.05,0.15,0,out_of_energy,0,0,1,0,76,17,0,0,1,43,0.07762514822019644,2.089524009849488,0.0,0.0,0.99,8,exponential
q_learning,sparse_seed4,sparse,4,4a77b6e251,2978,225,-1.2499999999999822,-0.24099999999998245,0.05,0.15,0,out_of_energy,0,0,1,0,88,4,0,0,1,53,0.0728852543448251,1.4627266070715277,0.0,0.0,0.99,8,exponential
q_learning,sparse_seed4,sparse,4,4a77b6e251,2979,225,-1.2499999999999822,-0.24099999999998245,0.05,0.15,0,out_of_energy,0,0,1,0,99,13,0,0,1,51,0.10521405188771071,3.3720842461607567,0.0,0.0,0.99,8,exponential
q_learning,sparse_seed4,sparse,4,4a77b6e251,2980,225,-1.2499999999999822,-0.24099999999998245,0.05,0.15,0,out_of_energy,0,0,1,0,83,26,0,0,1,45,0.07402764600880136,2.9957821240773406,0.0,0.0,0.99,8,exponential
q_learning,sparse_seed4,sparse,4,4a77b6e251,2981,225,-1.2499999999999822,-0.24099999999998245,0.05,0.15,0,out_of_energy,0,0,1,0,76,13,0,0,1,45,0.06160298584635361,1.3199613442842235,0.0,0.0,0.99,8,exponential
q_learning,sparse_seed4,sparse,4,4a77b6e251,2982,225,-1.2499999999999822,-0.24099999999998245,0.05,0.15,0,out_of_energy,0,0,1,0,95,24,0,0,1,44,0.05798764787035394,1.4086149184900316,0.0,0.0,0.99,8,exponential
q_learning,sparse_seed4,sparse,4,4a77b6e251,2983,225,-1.2499999999999822,-0.24099999999998245,0.05,0.15,0,out_of_energy,0,0,1,0,84,8,0,0,1,45,0.06808705649178619,1.5501193317366275,0.0,0.0,0.99,8,exponential
q_learning,sparse_seed4,sparse,4,4a77b6e251,2984,225,-1.2499999999999822,-0.24099999999998245,0.05,0.15,0,out_of_energy,0,0,1,0,72,10,0,0,1,45,0.06360953838470713,1.3358649395786797,0.0,0.0,0.99,8,exponential
q_learning,sparse_seed4,sparse,4,4a77b6e251,2985,225,-1.2499999999999822,-0.24099999999998245,0.05,0.15,0,out_of_energy,0,0,1,0,81,12,0,0,1,47,0.07292928925929447,2.1544154570616127,0.0,0.0,0.99,8,exponential
q_learning,sparse_seed4,sparse,4,4a77b6e251,2986,225,-1.2499999999999822,-0.24099999999998245,0.05,0.15,0,out_of_energy,0,0,1,0,85,12,0,0,1,44,0.06593693569800735,1.9453057135844436,0.0,0.0,0.99,8,exponential
q_learning,sparse_seed4,sparse,4,4a77b6e251,2987,225,-1.2499999999999822,-0.24099999999998245,0.05,0.15,0,out_of_energy,0,0,1,0,73,14,0,0,1,37,0.06658087007296265,1.473080741671133,0.0,0.0,0.99,8,exponential
q_learning,sparse_seed4,sparse,4,4a77b6e251,2988,225,-1.2499999999999822,-0.24099999999998245,0.05,0.15,0,out_of_energy,0,0,1,0,98,37,0,0,1,44,0.05955450106684032,0.8166465167085848,0.0,0.0,0.99,8,exponential
q_learning,sparse_seed4,sparse,4,4a77b6e251,2989,225,-1.2499999999999822,-0.24099999999998245,0.05,0.15,0,out_of_energy,0,0,1,0,69,22,0,0,1,44,0.07538038855906704,3.156594929929561,0.0,0.0,0.99,8,exponential
q_learning,sparse_seed4,sparse,4,4a77b6e251,2990,225,-1.2499999999999822,-0.24099999999998245,0.05,0.15,0,out_of_energy,0,0,1,0,70,8,0,0,1,39,0.06822578986953484,1.3914011076633326,0.0,0.0,0.99,8,exponential
q_learning,sparse_seed4,sparse,4,4a77b6e251,2991,225,-1.2499999999999822,-0.24099999999998245,0.05,0.15,0,out_of_energy,0,0,1,0,78,4,0,0,1,37,0.0564073191020225,1.2750458800631002,0.0,0.0,0.99,8,exponential
q_learning,sparse_seed4,sparse,4,4a77b6e251,2992,225,-1.2499999999999822,-0.24099999999998245,0.05,0.15,0,out_of_energy,0,0,1,0,76,12,0,0,1,47,0.07024300900190263,1.2775813522603834,0.0,0.0,0.99,8,exponential
q_learning,sparse_seed4,sparse,4,4a77b6e251,2993,225,-1.2499999999999822,-0.24099999999998245,0.05,0.15,0,out_of_energy,0,0,1,0,62,5,0,0,1,23,0.0633794458350704,0.7234220646849527,0.0,0.0,0.99,8,exponential
q_learning,sparse_seed4,sparse,4,4a77b6e251,2994,225,-1.2499999999999822,-0.24099999999998245,0.05,0.15,0,out_of_energy,0,0,1,0,93,6,0,0,1,41,0.0595190104780369,1.5047901407468567,0.0,0.0,0.99,8,exponential
q_learning,sparse_seed4,sparse,4,4a77b6e251,2995,225,-1.2499999999999822,-0.24099999999998245,0.05,0.15,0,out_of_energy,0,0,1,0,67,6,0,0,1,34,0.05927332770605411,1.315416384685956,0.0,0.0,0.99,8,exponential
q_learning,sparse_seed4,sparse,4,4a77b6e251,2996,225,-1.2499999999999822,-0.24099999999998245,0.05,0.15,0,out_of_energy,0,0,1,0,73,13,0,0,1,53,0.09621210544488361,2.797477347469867,0.0,0.0,0.99,8,exponential
q_learning,sparse_seed4,sparse,4,4a77b6e251,2997,225,-1.2499999999999822,-0.24099999999998245,0.05,0.15,0,out_of_energy,0,0,1,0,100,9,0,0,1,51,0.07409489577300023,2.730402667754955,0.0,0.0,0.99,8,exponential
q_learning,sparse_seed4,sparse,4,4a77b6e251,2998,225,-1.2499999999999822,-0.24099999999998245,0.05,0.15,0,out_of_energy,0,0,1,0,68,9,0,0,1,43,0.05541687218389514,0.5957954986826497,0.0,0.0,0.99,8,exponential
q_learning,sparse_seed4,sparse,4,4a77b6e251,2999,225,-1.2499999999999822,-0.24099999999998245,0.05,0.15,0,out_of_energy,0,0,1,0,84,11,0,0,1,56,0.09000924173711776,1.784066918929502,0.0,0.0,0.99,8,exponential
q_learning,sparse_seed4,sparse,4,4a77b6e251,3000,225,-1.2499999999999822,-0.24099999999998245,0.05,0.15,0,out_of_energy,0,0,1,0,76,12,0,0,1,48,0.06925884600641855,1.4334467793589516,0.0,0.0,0.99,8,exponential
