algorithm,run_label,reward_mode,seed,config_hash,episode,steps,reward,mean_return_100,epsilon,alpha,energy_left,outcome,success,goal_success,energy_exhausted,max_steps_reached,wall_collisions,penalty_entries,door_blocked,door_crossings,key_pickups,slips,mean_abs_td_error,max_abs_td_error,mean_active_traces,max_active_traces,cfg_gamma,cfg_energy_bins,cfg_epsilon_schedule
q_learning,shaped_eps-exponential_seed3,shaped,3,4a77b6e251,1,225,-212.25000000000045,-212.25000000000045,0.998,0.15,0,out_of_energy,0,0,1,0,111,14,0,0,0,52,1.0895407439861111,21.05,0.0,0.0,0.99,8,exponential
q_learning,shaped_eps-exponential_seed3,shaped,3,4a77b6e251,2,225,-148.74999999999955,-180.5,0.996004,0.15,0,out_of_energy,0,0,1,0,100,5,0,0,0,40,0.8057443327177558,20.408887276875,0.0,0.0,0.99,8,exponential
q_learning,shaped_eps-exponential_seed3,shaped,3,4a77b6e251,3,225,-142.7499999999996,-167.91666666666654,0.994011992,0.15,0,out_of_energy,0,0,1,0,100,2,0,0,0,42,0.7693195152238826,26.05,0.0,0.0,0.99,8,exponential
q_learning,shaped_eps-exponential_seed3,shaped,3,4a77b6e251,4,225,-216.2500000000009,-180.0000000000001,0.992023968016,0.15,0,out_of_energy,0,0,1,0,115,14,0,0,0,51,1.0136966255233066,18.47733125,0.0,0.0,0.99,8,exponential
q_learning,shaped_eps-exponential_seed3,shaped,3,4a77b6e251,5,225,-161.25000000000003,-176.25000000000009,0.990039920079968,0.15,0,out_of_energy,0,0,1,0,105,6,0,0,0,45,0.7682340718563938,19.45989875,0.0,0.0,0.99,8,exponential
q_learning,shaped_eps-exponential_seed3,shaped,3,4a77b6e251,6,225,-283.750000000001,-194.16666666666688,0.9880598402398081,0.15,0,out_of_energy,0,0,1,0,104,30,0,0,0,40,1.1847304576301192,19.524875,0.0,0.0,0.99,8,exponential
q_learning,shaped_eps-exponential_seed3,shaped,3,4a77b6e251,7,225,-265.7500000000004,-204.3928571428574,0.9860837205593285,0.15,0,out_of_energy,0,0,1,0,120,23,0,0,0,46,1.1904693768493937,20.576322237409297,0.0,0.0,0.99,8,exponential
q_learning,shaped_eps-exponential_seed3,shaped,3,4a77b6e251,8,225,-143.74999999999955,-196.81250000000017,0.9841115531182099,0.15,0,out_of_energy,0,0,1,0,110,0,0,0,0,49,0.7350289556584716,21.05,0.0,0.0,0.99,8,exponential
q_learning,shaped_eps-exponential_seed3,shaped,3,4a77b6e251,9,225,-309.75000000000136,-209.36111111111143,0.9821433300119734,0.15,0,out_of_energy,0,0,1,0,104,35,0,0,0,35,1.2738851716923758,20.343265432032318,0.0,0.0,0.99,8,exponential
q_learning,shaped_eps-exponential_seed3,shaped,3,4a77b6e251,10,225,-193.75000000000063,-207.80000000000032,0.9801790433519495,0.15,0,out_of_energy,0,0,1,0,124,8,0,0,0,53,0.7797684061019332,20.4159189375,0.0,0.0,0.99,8,exponential
q_learning,shaped_eps-exponential_seed3,shaped,3,4a77b6e251,11,225,-230.75000000000082,-209.886363636364,0.9782186852652456,0.15,0,out_of_energy,0,0,1,0,96,20,0,0,0,38,1.0273848634965623,20.55,0.0,0.0,0.99,8,exponential
q_learning,shaped_eps-exponential_seed3,shaped,3,4a77b6e251,12,225,-202.25000000000009,-209.25000000000034,0.976262247894715,0.15,0,out_of_energy,0,0,1,0,107,13,0,0,0,37,0.9529432538068084,19.755804962132522,0.0,0.0,0.99,8,exponential
q_learning,shaped_eps-exponential_seed3,shaped,3,4a77b6e251,13,225,-195.75000000000034,-208.21153846153882,0.9743097233989256,0.15,0,out_of_energy,0,0,1,0,90,15,0,0,0,54,0.9674166171934157,19.392500000000002,0.0,0.0,0.99,8,exponential
q_learning,shaped_eps-exponential_seed3,shaped,3,4a77b6e251,14,225,-256.25000000000085,-211.64285714285754,0.9723611039521278,0.15,0,out_of_energy,0,0,1,0,117,23,0,0,0,41,1.1080483192774657,21.05,0.0,0.0,0.99,8,exponential
q_learning,shaped_eps-exponential_seed3,shaped,3,4a77b6e251,15,225,-137.74999999999957,-206.716666666667,0.9704163817442236,0.15,0,out_of_energy,0,0,1,0,90,4,0,0,0,45,0.6287506844416637,25.55,0.0,0.0,0.99,8,exponential
q_learning,shaped_eps-exponential_seed3,shaped,3,4a77b6e251,16,225,-179.2499999999998,-205.0000000000003,0.9684755489807352,0.15,0,out_of_energy,0,0,1,0,105,8,0,0,0,46,0.8743843348042439,19.55,0.0,0.0,0.99,8,exponential
q_learning,shaped_eps-exponential_seed3,shaped,3,4a77b6e251,17,225,-128.7499999999996,-200.5147058823532,0.9665385978827737,0.15,0,out_of_energy,0,0,1,0,88,2,0,0,0,42,0.5867352216164354,20.303575932079113,0.0,0.0,0.99,8,exponential
q_learning,shaped_eps-exponential_seed3,shaped,3,4a77b6e251,18,225,-149.7499999999996,-197.69444444444468,0.9646055206870082,0.15,0,out_of_energy,0,0,1,0,108,3,0,0,0,47,0.6886890510479692,20.892500000000002,0.0,0.0,0.99,8,exponential
q_learning,shaped_eps-exponential_seed3,shaped,3,4a77b6e251,19,225,-231.2500000000013,-199.46052631578976,0.9626763096456342,0.15,0,out_of_energy,0,0,1,0,103,21,0,0,0,55,1.026553903869403,20.69727390786536,0.0,0.0,0.99,8,exponential
q_learning,shaped_eps-exponential_seed3,shaped,3,4a77b6e251,20,225,-272.2500000000007,-203.1000000000003,0.9607509570263429,0.15,0,out_of_energy,0,0,1,0,97,29,0,0,0,38,1.0575554583393139,20.55,0.0,0.0,0.99,8,exponential
q_learning,shaped_eps-exponential_seed3,shaped,3,4a77b6e251,21,225,-138.74999999999952,-200.03571428571453,0.9588294551122902,0.15,0,out_of_energy,0,0,1,0,108,0,0,0,0,51,0.6390471974956258,19.6175,0.0,0.0,0.99,8,exponential
q_learning,shaped_eps-exponential_seed3,shaped,3,4a77b6e251,22,225,-157.74999999999986,-198.1136363636366,0.9569117962020657,0.15,0,out_of_energy,0,0,1,0,102,5,0,0,0,52,0.7008922739590076,20.392500000000002,0.0,0.0,0.99,8,exponential
q_learning,shaped_eps-exponential_seed3,shaped,3,4a77b6e251,23,225,-151.24999999999963,-196.07608695652198,0.9549979726096616,0.15,0,out_of_energy,0,0,1,0,95,4,0,0,0,38,0.6575864442906937,19.776499915181155,0.0,0.0,0.99,8,exponential
q_learning,shaped_eps-exponential_seed3,shaped,3,4a77b6e251,24,225,-276.2500000000011,-199.41666666666694,0.9530879766644422,0.15,0,out_of_energy,0,0,1,0,109,29,0,0,0,50,0.9614807679841233,20.435625685956886,0.0,0.0,0.99,8,exponential
q_learning,shaped_eps-exponential_seed3,shaped,3,4a77b6e251,25,225,-186.75000000000077,-198.91000000000028,0.9511818007111134,0.15,0,out_of_energy,0,0,1,0,100,11,0,0,0,46,0.8703036563410708,20.479012276875,0.0,0.0,0.99,8,exponential
q_learning,shaped_eps-exponential_seed3,shaped,3,4a77b6e251,26,225,-204.75000000000045,-199.13461538461567,0.9492794371096911,0.15,0,out_of_energy,0,0,1,0,104,16,0,0,0,39,0.8653959374217488,19.55,0.0,0.0,0.99,8,exponential
q_learning,shaped_eps-exponential_seed3,shaped,3,4a77b6e251,27,225,-139.24999999999957,-196.91666666666694,0.9473808782354717,0.15,0,out_of_energy,0,0,1,0,101,2,0,0,0,47,0.6237287233423495,20.226458765156252,0.0,0.0,0.99,8,exponential
q_learning,shaped_eps-exponential_seed3,shaped,3,4a77b6e251,28,225,-173.25000000000026,-196.07142857142884,0.9454861164790007,0.15,0,out_of_energy,0,0,1,0,111,5,0,0,0,38,0.6325997202227962,25.55,0.0,0.0,0.99,8,exponential
q_learning,shaped_eps-exponential_seed3,shaped,3,4a77b6e251,29,225,-204.74999999999997,-196.37068965517267,0.9435951442460427,0.15,0,out_of_energy,0,0,1,0,102,15,0,0,0,39,0.7792998566212922,25.242525314035714,0.0,0.0,0.99,8,exponential
q_learning,shaped_eps-exponential_seed3,shaped,3,4a77b6e251,30,225,-134.74999999999957,-194.31666666666692,0.9417079539575507,0.15,0,out_of_energy,0,0,1,0,108,1,0,0,0,39,0.6365282765651995,19.4860439375,0.0,0.0,0.99,8,exponential
q_learning,shaped_eps-exponential_seed3,shaped,3,4a77b6e251,31,225,-137.74999999999957,-192.4919354838712,0.9398245380496356,0.15,0,out_of_energy,0,0,1,0,110,1,0,0,0,52,0.6513170483479541,20.402589627838637,0.0,0.0,0.99,8,exponential
q_learning,shaped_eps-exponential_seed3,shaped,3,4a77b6e251,32,225,-203.75000000000085,-192.84375000000023,0.9379448889735363,0.15,0,out_of_energy,0,0,1,0,96,16,0,0,0,37,0.7187814796731913,20.925406845839863,0.0,0.0,0.99,8,exponential
q_learning,shaped_eps-exponential_seed3,shaped,3,4a77b6e251,33,225,-199.7500000000008,-193.05303030303054,0.9360689991955893,0.15,0,out_of_energy,0,0,1,0,120,10,0,0,0,54,0.6603055250590318,20.56305543072936,0.0,0.0,0.99,8,exponential
q_learning,shaped_eps-exponential_seed3,shaped,3,4a77b6e251,34,225,-147.74999999999946,-191.72058823529434,0.9341968611971981,0.15,0,out_of_energy,0,0,1,0,108,4,0,0,0,46,0.8116251787246218,19.55,0.0,0.0,0.99,8,exponential
q_learning,shaped_eps-exponential_seed3,shaped,3,4a77b6e251,35,225,-212.2500000000011,-192.30714285714308,0.9323284674748037,0.15,0,out_of_energy,0,0,1,0,111,14,0,0,0,45,0.7463991952654652,20.861855157218752,0.0,0.0,0.99,8,exponential
q_learning,shaped_eps-exponential_seed3,shaped,3,4a77b6e251,36,225,-240.75000000000082,-193.65277777777803,0.930463810539854,0.15,0,out_of_energy,0,0,1,0,100,22,0,0,0,38,0.8695346573246153,20.73282113991164,0.0,0.0,0.99,8,exponential
q_learning,shaped_eps-exponential_seed3,shaped,3,4a77b6e251,37,225,-172.25000000000045,-193.07432432432458,0.9286028829187744,0.15,0,out_of_energy,0,0,1,0,93,10,0,0,0,36,0.7085875665571727,20.10924329846046,0.0,0.0,0.99,8,exponential
q_learning,shaped_eps-exponential_seed3,shaped,3,4a77b6e251,38,225,-203.75000000000085,-193.355263157895,0.9267456771529368,0.15,0,out_of_energy,0,0,1,0,100,14,0,0,0,45,0.8183137573711005,20.4675,0.0,0.0,0.99,8,exponential
q_learning,shaped_eps-exponential_seed3,shaped,3,4a77b6e251,39,225,-199.7500000000006,-193.51923076923106,0.9248921857986309,0.15,0,out_of_energy,0,0,1,0,106,13,0,0,0,42,0.8774671944316522,18.323089716433614,0.0,0.0,0.99,8,exponential
q_learning,shaped_eps-exponential_seed3,shaped,3,4a77b6e251,40,225,-204.75000000000057,-193.80000000000032,0.9230424014270336,0.15,0,out_of_energy,0,0,1,0,104,14,0,0,0,44,0.7990155446968241,18.9039691422246,0.0,0.0,0.99,8,exponential
q_learning,shaped_eps-exponential_seed3,shaped,3,4a77b6e251,41,225,-249.75000000000162,-195.16463414634183,0.9211963166241796,0.15,0,out_of_energy,0,0,1,0,110,21,0,0,0,42,0.9723231574379002,19.674875,0.0,0.0,0.99,8,exponential
q_learning,shaped_eps-exponential_seed3,shaped,3,4a77b6e251,42,225,-133.2499999999996,-193.69047619047655,0.9193539239909312,0.15,0,out_of_energy,0,0,1,0,95,2,0,0,0,50,0.5600766228695635,19.736455778474724,0.0,0.0,0.99,8,exponential
q_learning,shaped_eps-exponential_seed3,shaped,3,4a77b6e251,43,225,-161.2499999999999,-192.93604651162823,0.9175152161429493,0.15,0,out_of_energy,0,0,1,0,115,3,0,0,0,41,0.5778420220449978,20.396981049711904,0.0,0.0,0.99,8,exponential
q_learning,shaped_eps-exponential_seed3,shaped,3,4a77b6e251,44,225,-143.74999999999957,-191.81818181818215,0.9156801857106633,0.15,0,out_of_energy,0,0,1,0,98,3,0,0,0,37,0.594466710000404,20.54778250813156,0.0,0.0,0.99,8,exponential
q_learning,shaped_eps-exponential_seed3,shaped,3,4a77b6e251,45,225,-187.25000000000009,-191.71666666666698,0.913848825339242,0.15,0,out_of_energy,0,0,1,0,89,15,0,0,0,46,0.7739002567476571,20.47576761408495,0.0,0.0,0.99,8,exponential
q_learning,shaped_eps-exponential_seed3,shaped,3,4a77b6e251,46,225,-148.74999999999955,-190.7826086956525,0.9120211276885636,0.15,0,out_of_energy,0,0,1,0,104,4,0,0,0,42,0.613148210317481,20.47886058031239,0.0,0.0,0.99,8,exponential
q_learning,shaped_eps-exponential_seed3,shaped,3,4a77b6e251,47,225,-222.75000000000142,-191.46276595744715,0.9101970854331864,0.15,0,out_of_energy,0,0,1,0,92,22,0,0,0,56,1.0526915196906024,21.174875,0.0,0.0,0.99,8,exponential
q_learning,shaped_eps-exponential_seed3,shaped,3,4a77b6e251,48,225,-132.24999999999957,-190.22916666666694,0.9083766912623201,0.15,0,out_of_energy,0,0,1,0,79,5,0,0,0,46,0.582419645854307,19.22668870783584,0.0,0.0,0.99,8,exponential
q_learning,shaped_eps-exponential_seed3,shaped,3,4a77b6e251,49,225,-141.24999999999955,-189.22959183673495,0.9065599378797955,0.15,0,out_of_energy,0,0,1,0,101,2,0,0,0,49,0.5873788104019441,20.235334538471673,0.0,0.0,0.99,8,exponential
q_learning,shaped_eps-exponential_seed3,shaped,3,4a77b6e251,50,225,-165.24999999999986,-188.75000000000026,0.9047468180040359,0.15,0,out_of_energy,0,0,1,0,85,10,0,0,0,40,0.6268138581664867,19.485972582660207,0.0,0.0,0.99,8,exponential
q_learning,shaped_eps-exponential_seed3,shaped,3,4a77b6e251,51,225,-196.75000000000026,-188.9068627450983,0.9029373243680279,0.15,0,out_of_energy,0,0,1,0,84,16,0,0,0,45,0.7860609813408563,20.7141095470683,0.0,0.0,0.99,8,exponential
q_learning,shaped_eps-exponential_seed3,shaped,3,4a77b6e251,52,225,-142.24999999999957,-188.00961538461564,0.9011314497192918,0.15,0,out_of_energy,0,0,1,0,117,1,0,0,0,39,0.688247650701579,17.422049737735612,0.0,0.0,0.99,8,exponential
q_learning,shaped_eps-exponential_seed3,shaped,3,4a77b6e251,53,225,-170.7499999999997,-187.68396226415118,0.8993291868198532,0.15,0,out_of_energy,0,0,1,0,102,7,0,0,0,52,0.6783016012105815,21.05,0.0,0.0,0.99,8,exponential
q_learning,shaped_eps-exponential_seed3,shaped,3,4a77b6e251,54,225,-265.25000000000114,-189.12037037037064,0.8975305284462135,0.15,0,out_of_energy,0,0,1,0,103,25,0,0,0,44,1.0162858607725755,19.6175,0.0,0.0,0.99,8,exponential
q_learning,shaped_eps-exponential_seed3,shaped,3,4a77b6e251,55,225,-142.24999999999957,-188.2681818181821,0.8957354673893211,0.15,0,out_of_energy,0,0,1,0,103,4,0,0,0,47,0.6482945761761918,20.8308951875,0.0,0.0,0.99,8,exponential
q_learning,shaped_eps-exponential_seed3,shaped,3,4a77b6e251,56,225,-129.74999999999955,-187.22321428571448,0.8939439964545425,0.15,0,out_of_energy,0,0,1,0,94,1,0,0,0,51,0.576332928828431,19.43694035358067,0.0,0.0,0.99,8,exponential
q_learning,shaped_eps-exponential_seed3,shaped,3,4a77b6e251,57,225,-119.24999999999963,-186.03070175438614,0.8921561084616334,0.15,0,out_of_energy,0,0,1,0,95,1,0,0,0,47,0.6364587792438591,19.222598771619012,0.0,0.0,0.99,8,exponential
q_learning,shaped_eps-exponential_seed3,shaped,3,4a77b6e251,58,225,-204.75000000000063,-186.35344827586226,0.8903717962447101,0.15,0,out_of_energy,0,0,1,0,98,16,0,0,0,44,0.7515959304319088,20.22503645226427,0.0,0.0,0.99,8,exponential
q_learning,shaped_eps-exponential_seed3,shaped,3,4a77b6e251,59,225,-149.7499999999996,-185.7330508474578,0.8885910526522206,0.15,0,out_of_energy,0,0,1,0,102,5,0,0,0,53,0.6758191341245094,19.59925420520258,0.0,0.0,0.99,8,exponential
q_learning,shaped_eps-exponential_seed3,shaped,3,4a77b6e251,60,225,-207.24999999999994,-186.09166666666684,0.8868138705469162,0.15,0,out_of_energy,0,0,1,0,119,12,0,0,0,38,0.7026064842278856,17.371214862107088,0.0,0.0,0.99,8,exponential
q_learning,shaped_eps-exponential_seed3,shaped,3,4a77b6e251,61,225,-161.74999999999997,-185.69262295081984,0.8850402428058224,0.15,0,out_of_energy,0,0,1,0,100,8,0,0,0,62,0.7018842784778598,20.704764295585992,0.0,0.0,0.99,8,exponential
q_learning,shaped_eps-exponential_seed3,shaped,3,4a77b6e251,62,225,-219.75000000000017,-186.24193548387115,0.8832701623202107,0.15,0,out_of_energy,0,0,1,0,92,19,0,0,0,42,0.943382319965292,26.20101297222386,0.0,0.0,0.99,8,exponential
q_learning,shaped_eps-exponential_seed3,shaped,3,4a77b6e251,63,225,-143.74999999999955,-185.5674603174605,0.8815036219955703,0.15,0,out_of_energy,0,0,1,0,83,5,3,0,0,36,0.7933617233067625,19.700255000000002,0.0,0.0,0.99,8,exponential
q_learning,shaped_eps-exponential_seed3,shaped,3,4a77b6e251,64,225,-158.74999999999983,-185.14843750000017,0.8797406147515792,0.15,0,out_of_energy,0,0,1,0,96,8,0,0,0,33,0.5950134755906331,20.210058006642576,0.0,0.0,0.99,8,exponential
q_learning,shaped_eps-exponential_seed3,shaped,3,4a77b6e251,65,225,-134.74999999999957,-184.3730769230771,0.877981133522076,0.15,0,out_of_energy,0,0,1,0,92,2,0,0,0,42,0.7045481856524188,19.42438123784375,0.0,0.0,0.99,8,exponential
q_learning,shaped_eps-exponential_seed3,shaped,3,4a77b6e251,66,225,-172.75000000000014,-184.19696969696986,0.8762251712550319,0.15,0,out_of_energy,0,0,1,0,102,8,0,0,0,39,0.6776758765485796,20.406298005355193,0.0,0.0,0.99,8,exponential
q_learning,shaped_eps-exponential_seed3,shaped,3,4a77b6e251,67,225,-118.74999999999964,-183.2201492537315,0.8744727209125218,0.15,0,out_of_energy,0,0,1,0,90,2,0,0,0,41,0.6808003205814458,19.348590302593674,0.0,0.0,0.99,8,exponential
q_learning,shaped_eps-exponential_seed3,shaped,3,4a77b6e251,68,225,-169.25000000000023,-183.0147058823531,0.8727237754706968,0.15,0,out_of_energy,0,0,1,0,91,11,0,0,0,49,0.6343351841965488,19.712940569239258,0.0,0.0,0.99,8,exponential
q_learning,shaped_eps-exponential_seed3,shaped,3,4a77b6e251,69,225,-162.2499999999996,-182.71376811594217,0.8709783279197554,0.15,0,out_of_energy,0,0,1,0,107,8,0,0,0,41,0.7682423347740648,25.196125000000002,0.0,0.0,0.99,8,exponential
q_learning,shaped_eps-exponential_seed3,shaped,3,4a77b6e251,70,225,-210.25000000000054,-183.107142857143,0.8692363712639158,0.15,0,out_of_energy,0,0,1,0,97,17,0,0,0,45,0.6636967431675961,17.081777490287926,0.0,0.0,0.99,8,exponential
q_learning,shaped_eps-exponential_seed3,shaped,3,4a77b6e251,71,225,-196.25000000000094,-183.29225352112695,0.867497898521388,0.15,0,out_of_energy,0,0,1,0,85,16,0,0,0,52,0.9417824335011796,20.7771689375,0.0,0.0,0.99,8,exponential
q_learning,shaped_eps-exponential_seed3,shaped,3,4a77b6e251,72,225,-121.24999999999962,-182.43055555555574,0.8657629027243453,0.15,0,out_of_energy,0,0,1,0,89,1,0,0,0,43,0.5371259443382013,18.01627383912042,0.0,0.0,0.99,8,exponential
q_learning,shaped_eps-exponential_seed3,shaped,3,4a77b6e251,73,225,-126.24999999999962,-181.66095890410978,0.8640313769188966,0.15,0,out_of_energy,0,0,1,0,97,2,0,0,0,48,0.6869057964101933,20.052471548470827,0.0,0.0,0.99,8,exponential
q_learning,shaped_eps-exponential_seed3,shaped,3,4a77b6e251,74,225,-187.74999999999972,-181.74324324324343,0.8623033141650589,0.15,0,out_of_energy,0,0,1,0,100,12,0,0,0,47,0.7414660817979196,23.058881562692676,0.0,0.0,0.99,8,exponential
q_learning,shaped_eps-exponential_seed3,shaped,3,4a77b6e251,75,225,-119.24999999999962,-180.91000000000017,0.8605787075367288,0.15,0,out_of_energy,0,0,1,0,93,1,0,0,0,40,0.531886231496267,20.33679661544096,0.0,0.0,0.99,8,exponential
q_learning,shaped_eps-exponential_seed3,shaped,3,4a77b6e251,76,225,-218.75000000000003,-181.40789473684228,0.8588575501216553,0.15,0,out_of_energy,0,0,1,0,102,20,0,0,0,41,0.9831638287287078,20.77005663127461,0.0,0.0,0.99,8,exponential
q_learning,shaped_eps-exponential_seed3,shaped,3,4a77b6e251,77,225,-153.2499999999996,-181.04220779220796,0.857139835021412,0.15,0,out_of_energy,0,0,1,0,107,4,0,0,0,39,0.4854293535657316,21.05,0.0,0.0,0.99,8,exponential
q_learning,shaped_eps-exponential_seed3,shaped,3,4a77b6e251,78,225,-170.25000000000009,-180.90384615384633,0.8554255553513692,0.15,0,out_of_energy,0,0,1,0,83,12,0,0,0,48,0.6944484907916317,20.206124959324864,0.0,0.0,0.99,8,exponential
q_learning,shaped_eps-exponential_seed3,shaped,3,4a77b6e251,79,225,-102.74999999999963,-179.91455696202547,0.8537147042406664,0.15,0,out_of_energy,0,0,1,0,86,0,0,0,0,51,0.5975985120363915,19.254778927290737,0.0,0.0,0.99,8,exponential
q_learning,shaped_eps-exponential_seed3,shaped,3,4a77b6e251,80,225,-139.7499999999996,-179.4125000000001,0.8520072748321851,0.15,0,out_of_energy,0,0,1,0,94,3,0,0,0,37,0.49033790773303654,20.302201933990375,0.0,0.0,0.99,8,exponential
q_learning,shaped_eps-exponential_seed3,shaped,3,4a77b6e251,81,225,-123.74999999999952,-178.72530864197543,0.8503032602825207,0.15,0,out_of_energy,0,0,1,0,102,0,0,0,0,59,0.5579686694574321,19.17709690152801,0.0,0.0,0.99,8,exponential
q_learning,shaped_eps-exponential_seed3,shaped,3,4a77b6e251,82,225,-173.25,-178.65853658536597,0.8486026537619556,0.15,0,out_of_energy,0,0,1,0,99,12,0,0,0,46,0.7541719446306889,20.8237683125,0.0,0.0,0.99,8,exponential
q_learning,shaped_eps-exponential_seed3,shaped,3,4a77b6e251,83,225,-118.74999999999955,-177.93674698795192,0.8469054484544317,0.15,0,out_of_energy,0,0,1,0,84,1,0,0,0,39,0.717193309645164,20.396369605365546,0.0,0.0,0.99,8,exponential
q_learning,shaped_eps-exponential_seed3,shaped,3,4a77b6e251,84,225,-224.7500000000013,-178.49404761904776,0.8452116375575228,0.15,0,out_of_energy,0,0,1,0,93,18,5,0,0,46,0.9512163040381044,21.05,0.0,0.0,0.99,8,exponential
q_learning,shaped_eps-exponential_seed3,shaped,3,4a77b6e251,85,225,-169.74999999999991,-178.39117647058836,0.8435212142824078,0.15,0,out_of_energy,0,0,1,0,112,8,0,0,0,35,0.6293375868293533,20.626596378125,0.0,0.0,0.99,8,exponential
q_learning,shaped_eps-exponential_seed3,shaped,3,4a77b6e251,86,225,-162.74999999999952,-178.20930232558152,0.841834171853843,0.15,0,out_of_energy,0,0,1,0,111,10,0,0,1,45,0.840467303272225,26.05,0.0,0.0,0.99,8,exponential
q_learning,shaped_eps-exponential_seed3,shaped,3,4a77b6e251,87,225,-207.25000000000006,-178.54310344827599,0.8401505035101353,0.15,0,out_of_energy,0,0,1,0,101,15,0,0,0,46,0.7419457292919719,17.861182809738505,0.0,0.0,0.99,8,exponential
q_learning,shaped_eps-exponential_seed3,shaped,3,4a77b6e251,88,225,-122.74999999999964,-177.909090909091,0.838470202503115,0.15,0,out_of_energy,0,0,1,0,86,3,0,0,0,38,0.5871303331643821,20.628352316501328,0.0,0.0,0.99,8,exponential
q_learning,shaped_eps-exponential_seed3,shaped,3,4a77b6e251,89,225,-143.2499999999997,-177.51966292134838,0.8367932620981088,0.15,0,out_of_energy,0,0,1,0,98,9,0,0,1,43,0.8243658134433116,19.55,0.0,0.0,0.99,8,exponential
q_learning,shaped_eps-exponential_seed3,shaped,3,4a77b6e251,90,225,-254.75000000000034,-178.37777777777785,0.8351196755739125,0.15,0,out_of_energy,0,0,1,0,109,29,0,0,1,40,0.9713187147449833,19.674875,0.0,0.0,0.99,8,exponential
q_learning,shaped_eps-exponential_seed3,shaped,3,4a77b6e251,91,225,-200.75000000000068,-178.62362637362645,0.8334494362227647,0.15,0,out_of_energy,0,0,1,0,104,14,0,0,0,43,0.805700145358688,19.23569755102256,0.0,0.0,0.99,8,exponential
q_learning,shaped_eps-exponential_seed3,shaped,3,4a77b6e251,92,225,-133.7499999999996,-178.13586956521746,0.8317825373503192,0.15,0,out_of_energy,0,0,1,0,108,1,0,0,0,39,0.5382025298636491,19.771680982493663,0.0,0.0,0.99,8,exponential
q_learning,shaped_eps-exponential_seed3,shaped,3,4a77b6e251,93,225,-178.7499999999997,-178.14247311827964,0.8301189722756185,0.15,0,out_of_energy,0,0,1,0,97,16,0,0,1,39,0.7666895501926927,20.817620560387297,0.0,0.0,0.99,8,exponential
q_learning,shaped_eps-exponential_seed3,shaped,3,4a77b6e251,94,225,-131.24999999999963,-177.64361702127667,0.8284587343310672,0.15,0,out_of_energy,0,0,1,0,77,6,0,0,0,48,0.579719424807497,19.477916762325567,0.0,0.0,0.99,8,exponential
q_learning,shaped_eps-exponential_seed3,shaped,3,4a77b6e251,95,225,-183.24999999999991,-177.70263157894743,0.8268018168624051,0.15,0,out_of_energy,0,0,1,0,91,13,0,0,0,47,0.725956872023879,19.3473479235636,0.0,0.0,0.99,8,exponential
q_learning,shaped_eps-exponential_seed3,shaped,3,4a77b6e251,96,225,-135.2499999999996,-177.26041666666674,0.8251482132286803,0.15,0,out_of_energy,0,0,1,0,101,3,0,0,0,49,0.5839898469238142,19.975545717746115,0.0,0.0,0.99,8,exponential
q_learning,shaped_eps-exponential_seed3,shaped,3,4a77b6e251,97,225,-117.74999999999962,-176.64690721649492,0.823497916802223,0.15,0,out_of_energy,0,0,1,0,86,1,0,0,0,43,0.48729814452632303,19.720643833235574,0.0,0.0,0.99,8,exponential
q_learning,shaped_eps-exponential_seed3,shaped,3,4a77b6e251,98,225,-164.7500000000001,-176.5255102040817,0.8218509209686186,0.15,0,out_of_energy,0,0,1,0,101,12,0,0,1,48,0.734157737979622,20.216640417709474,0.0,0.0,0.99,8,exponential
q_learning,shaped_eps-exponential_seed3,shaped,3,4a77b6e251,99,225,-144.2499999999996,-176.19949494949503,0.8202072191266814,0.15,0,out_of_energy,0,0,1,0,93,6,0,0,0,53,0.6248618330444953,20.551324133034836,0.0,0.0,0.99,8,exponential
q_learning,shaped_eps-exponential_seed3,shaped,3,4a77b6e251,100,225,-118.24999999999967,-175.62000000000006,0.818566804688428,0.15,0,out_of_energy,0,0,1,0,79,2,0,0,0,49,0.4859314329076237,20.388238569508257,0.0,0.0,0.99,8,exponential
q_learning,shaped_eps-exponential_seed3,shaped,3,4a77b6e251,101,225,-140.74999999999966,-174.9050000000001,0.8169296710790511,0.15,0,out_of_energy,0,0,1,0,76,7,0,0,0,50,0.6008972575648818,20.174297948472383,0.0,0.0,0.99,8,exponential
q_learning,shaped_eps-exponential_seed3,shaped,3,4a77b6e251,102,225,-126.24999999999959,-174.68000000000006,0.815295811736893,0.15,0,out_of_energy,0,0,1,0,87,3,0,0,0,46,0.5415245194733892,20.02622582508902,0.0,0.0,0.99,8,exponential
q_learning,shaped_eps-exponential_seed3,shaped,3,4a77b6e251,103,225,-106.74999999999973,-174.32000000000008,0.8136652201134192,0.15,0,out_of_energy,0,0,1,0,89,3,0,0,1,33,0.5956202144286378,20.002973917562716,0.0,0.0,0.99,8,exponential
q_learning,shaped_eps-exponential_seed3,shaped,3,4a77b6e251,104,225,-131.24999999999963,-173.47000000000008,0.8120378896731923,0.15,0,out_of_energy,0,0,1,0,91,3,0,0,0,47,0.5172510270830295,19.967527311036235,0.0,0.0,0.99,8,exponential
q_learning,shaped_eps-exponential_seed3,shaped,3,4a77b6e251,105,225,-119.7499999999996,-173.05500000000006,0.8104138138938459,0.15,0,out_of_energy,0,0,1,0,97,4,0,0,1,51,0.6707282408986925,20.689578259114704,0.0,0.0,0.99,8,exponential
q_learning,shaped_eps-exponential_seed3,shaped,3,4a77b6e251,106,225,-159.74999999999997,-171.81500000000008,0.8087929862660582,0.15,0,out_of_energy,0,0,1,0,94,9,0,0,0,40,0.6380526661514521,19.40749253773063,0.0,0.0,0.99,8,exponential
q_learning,shaped_eps-exponential_seed3,shaped,3,4a77b6e251,107,225,-191.7499999999998,-171.07500000000005,0.8071754002935261,0.15,0,out_of_energy,0,0,1,0,95,19,0,0,1,49,0.878155341272533,22.195485259780646,0.0,0.0,0.99,8,exponential
q_learning,shaped_eps-exponential_seed3,shaped,3,4a77b6e251,108,225,-184.75000000000014,-171.48500000000004,0.805561049492939,0.15,0,out_of_energy,0,0,1,0,92,12,0,0,0,44,0.6546764983163752,19.590274054128127,0.0,0.0,0.99,8,exponential
q_learning,shaped_eps-exponential_seed3,shaped,3,4a77b6e251,109,225,-153.74999999999977,-169.925,0.8039499273939532,0.15,0,out_of_energy,0,0,1,0,92,9,0,0,0,47,0.6251150787977203,20.293355178716823,0.0,0.0,0.99,8,exponential
q_learning,shaped_eps-exponential_seed3,shaped,3,4a77b6e251,110,225,-132.74999999999966,-169.315,0.8023420275391653,0.15,0,out_of_energy,0,0,1,0,84,4,0,0,0,42,0.45890022230886074,18.837555631837954,0.0,0.0,0.99,8,exponential
q_learning,shaped_eps-exponential_seed3,shaped,3,4a77b6e251,111,225,-117.74999999999962,-168.185,0.800737343484087,0.15,0,out_of_energy,0,0,1,0,88,0,0,0,0,43,0.4651451994162034,19.86120349073172,0.0,0.0,0.99,8,exponential
q_learning,shaped_eps-exponential_seed3,shaped,3,4a77b6e251,112,225,-124.74999999999964,-167.41,0.7991358687971188,0.15,0,out_of_energy,0,0,1,0,72,5,0,0,0,44,0.5116245104506357,18.542591080709492,0.0,0.0,0.99,8,exponential
q_learning,shaped_eps-exponential_seed3,shaped,3,4a77b6e251,113,225,-148.74999999999957,-166.94,0.7975375970595246,0.15,0,out_of_energy,0,0,1,0,102,5,0,0,0,31,0.5781461464195665,18.48412214313385,0.0,0.0,0.99,8,exponential
q_learning,shaped_eps-exponential_seed3,shaped,3,4a77b6e251,114,225,-169.75,-166.07499999999996,0.7959425218654056,0.15,0,out_of_energy,0,0,1,0,96,8,0,0,0,48,0.6659698464883934,20.23352166755233,0.0,0.0,0.99,8,exponential
q_learning,shaped_eps-exponential_seed3,shaped,3,4a77b6e251,115,225,-222.2500000000016,-166.92,0.7943506368216747,0.15,0,out_of_energy,0,0,1,0,101,20,0,0,0,45,0.7455906251516243,17.468625513079612,0.0,0.0,0.99,8,exponential
q_learning,shaped_eps-exponential_seed3,shaped,3,4a77b6e251,116,225,-149.74999999999963,-166.62499999999997,0.7927619355480314,0.15,0,out_of_energy,0,0,1,0,107,8,0,0,1,38,0.6574733262937077,17.897644813621515,0.0,0.0,0.99,8,exponential
q_learning,shaped_eps-exponential_seed3,shaped,3,4a77b6e251,117,225,-128.74999999999963,-166.625,0.7911764116769353,0.15,0,out_of_energy,0,0,1,0,98,3,0,0,0,51,0.6063021523373231,19.565191673258788,0.0,0.0,0.99,8,exponential
q_learning,shaped_eps-exponential_seed3,shaped,3,4a77b6e251,118,225,-121.7499999999997,-166.345,0.7895940588535815,0.15,0,out_of_energy,0,0,1,0,72,4,0,0,0,39,0.48934106737491184,17.72775746006595,0.0,0.0,0.99,8,exponential
q_learning,shaped_eps-exponential_seed3,shaped,3,4a77b6e251,119,225,-194.7500000000006,-165.98,0.7880148707358743,0.15,0,out_of_energy,0,0,1,0,96,14,0,0,0,41,0.6026516484961622,17.432113217026917,0.0,0.0,0.99,8,exponential
q_learning,shaped_eps-exponential_seed3,shaped,3,4a77b6e251,120,225,-163.2499999999996,-164.88999999999996,0.7864388409944025,0.15,0,out_of_energy,0,0,1,0,83,13,0,0,0,44,0.6714782266057394,22.762010101823,0.0,0.0,0.99,8,exponential
q_learning,shaped_eps-exponential_seed3,shaped,3,4a77b6e251,121,225,-118.24999999999962,-164.68499999999997,0.7848659633124138,0.15,0,out_of_energy,0,0,1,0,89,0,0,0,0,41,0.5172284980549227,18.779602072287926,0.0,0.0,0.99,8,exponential
q_learning,shaped_eps-exponential_seed3,shaped,3,4a77b6e251,122,225,-107.24999999999959,-164.17999999999995,0.783296231385789,0.15,0,out_of_energy,0,0,1,0,77,0,0,0,0,47,0.5023609048442444,19.64932769976873,0.0,0.0,0.99,8,exponential
q_learning,shaped_eps-exponential_seed3,shaped,3,4a77b6e251,123,225,-189.25000000000034,-164.56,0.7817296389230174,0.15,0,out_of_energy,0,0,1,0,91,14,0,0,0,50,0.6681249115390558,18.28308040668727,0.0,0.0,0.99,8,exponential
q_learning,shaped_eps-exponential_seed3,shaped,3,4a77b6e251,124,225,-148.24999999999966,-163.27999999999997,0.7801661796451713,0.15,0,out_of_energy,0,0,1,0,91,7,0,0,0,43,0.66325070703883,19.86845999183922,0.0,0.0,0.99,8,exponential
q_learning,shaped_eps-exponential_seed3,shaped,3,4a77b6e251,125,225,-134.7499999999996,-162.75999999999996,0.778605847285881,0.15,0,out_of_energy,0,0,1,0,96,5,0,0,0,40,0.5557413767248048,20.892500000000002,0.0,0.0,0.99,8,exponential
q_learning,shaped_eps-exponential_seed3,shaped,3,4a77b6e251,126,225,-122.24999999999964,-161.93499999999997,0.7770486355913092,0.15,0,out_of_energy,0,0,1,0,79,3,0,0,0,45,0.5212851670234515,17.607566881516224,0.0,0.0,0.99,8,exponential
q_learning,shaped_eps-exponential_seed3,shaped,3,4a77b6e251,127,225,-172.25,-162.26499999999996,0.7754945383201266,0.15,0,out_of_energy,0,0,1,0,91,11,0,0,0,40,0.6091754776718328,17.482330832537794,0.0,0.0,0.99,8,exponential
q_learning,shaped_eps-exponential_seed3,shaped,3,4a77b6e251,128,225,-126.24999999999957,-161.79499999999996,0.7739435492434863,0.15,0,out_of_energy,0,0,1,0,99,1,0,0,0,45,0.5127979948193134,19.66434750694444,0.0,0.0,0.99,8,exponential
q_learning,shaped_eps-exponential_seed3,shaped,3,4a77b6e251,129,225,-158.74999999999966,-161.33499999999995,0.7723956621449993,0.15,0,out_of_energy,0,0,1,0,92,10,0,0,0,58,0.6524836450592888,20.47870652246664,0.0,0.0,0.99,8,exponential
q_learning,shaped_eps-exponential_seed3,shaped,3,4a77b6e251,130,225,-129.7499999999997,-161.28499999999997,0.7708508708207094,0.15,0,out_of_energy,0,0,1,0,76,6,0,0,0,51,0.5629067069761178,19.47618744496747,0.0,0.0,0.99,8,exponential
q_learning,shaped_eps-exponential_seed3,shaped,3,4a77b6e251,131,225,-207.25000000000028,-161.97999999999996,0.769309169079068,0.15,0,out_of_energy,0,0,1,0,104,21,0,0,1,48,0.9871366335424,19.55,0.0,0.0,0.99,8,exponential
q_learning,shaped_eps-exponential_seed3,shaped,3,4a77b6e251,132,225,-132.7499999999996,-161.26999999999995,0.7677705507409098,0.15,0,out_of_energy,0,0,1,0,82,4,0,0,0,44,0.5143959479218253,18.169592721963603,0.0,0.0,0.99,8,exponential
q_learning,shaped_eps-exponential_seed3,shaped,3,4a77b6e251,133,225,-121.74999999999959,-160.48999999999995,0.766235009639428,0.15,0,out_of_energy,0,0,1,0,90,2,0,0,0,44,0.5975388496307141,18.154471293504162,0.0,0.0,0.99,8,exponential
q_learning,shaped_eps-exponential_seed3,shaped,3,4a77b6e251,134,225,-159.2499999999998,-160.60499999999993,0.7647025396201492,0.15,0,out_of_energy,0,0,1,0,83,12,0,0,0,47,0.6390638618689958,19.967508329842538,0.0,0.0,0.99,8,exponential
q_learning,shaped_eps-exponential_seed3,shaped,3,4a77b6e251,135,225,-183.25000000000017,-160.31499999999994,0.763173134540909,0.15,0,out_of_energy,0,0,1,0,97,14,0,0,0,44,0.795126773421054,19.556921773240276,0.0,0.0,0.99,8,exponential
q_learning,shaped_eps-exponential_seed3,shaped,3,4a77b6e251,136,225,-153.24999999999977,-159.43999999999994,0.7616467882718272,0.15,0,out_of_energy,0,0,1,0,97,6,0,0,0,47,0.6334555052386703,20.24626694348877,0.0,0.0,0.99,8,exponential
q_learning,shaped_eps-exponential_seed3,shaped,3,4a77b6e251,137,225,-155.7499999999997,-159.27499999999992,0.7601234946952835,0.15,0,out_of_energy,0,0,1,0,94,7,0,0,0,43,0.641292618033191,19.635310920199405,0.0,0.0,0.99,8,exponential
q_learning,shaped_eps-exponential_seed3,shaped,3,4a77b6e251,138,225,-225.25000000000017,-159.4899999999999,0.7586032477058929,0.15,0,out_of_energy,0,0,1,0,92,26,0,0,1,42,0.9985127872651628,20.355075467966362,0.0,0.0,0.99,8,exponential
q_learning,shaped_eps-exponential_seed3,shaped,3,4a77b6e251,139,225,-148.2499999999996,-158.9749999999999,0.7570860412104812,0.15,0,out_of_energy,0,0,1,0,122,5,0,0,1,42,0.6289633807363951,19.55936666267479,0.0,0.0,0.99,8,exponential
q_learning,shaped_eps-exponential_seed3,shaped,3,4a77b6e251,140,225,-184.74999999999983,-158.7749999999999,0.7555718691280602,0.15,0,out_of_energy,0,0,1,0,93,18,0,0,1,41,0.7919870883422975,24.461026499563957,0.0,0.0,0.99,8,exponential
q_learning,shaped_eps-exponential_seed3,shaped,3,4a77b6e251,141,225,-120.74999999999966,-157.48499999999987,0.7540607253898041,0.15,0,out_of_energy,0,0,1,0,92,3,0,0,0,56,0.6422981857933986,22.623095724301425,0.0,0.0,0.99,8,exponential
q_learning,shaped_eps-exponential_seed3,shaped,3,4a77b6e251,142,225,-163.75000000000009,-157.78999999999988,0.7525526039390245,0.15,0,out_of_energy,0,0,1,0,94,8,0,0,0,50,0.535310107816649,19.024236174996286,0.0,0.0,0.99,8,exponential
q_learning,shaped_eps-exponential_seed3,shaped,3,4a77b6e251,143,225,-149.24999999999957,-157.6699999999999,0.7510474987311464,0.15,0,out_of_energy,0,0,1,0,95,5,0,0,0,37,0.5007568556888964,20.14260047705353,0.0,0.0,0.99,8,exponential
q_learning,shaped_eps-exponential_seed3,shaped,3,4a77b6e251,144,225,-126.74999999999962,-157.4999999999999,0.7495454037336841,0.15,0,out_of_energy,0,0,1,0,84,4,0,0,0,40,0.4959705896737558,18.212006621555634,0.0,0.0,0.99,8,exponential
q_learning,shaped_eps-exponential_seed3,shaped,3,4a77b6e251,145,225,-147.24999999999952,-157.09999999999988,0.7480463129262167,0.15,0,out_of_energy,0,0,1,0,105,5,0,0,0,45,0.5701249896942241,19.42108465333645,0.0,0.0,0.99,8,exponential
q_learning,shaped_eps-exponential_seed3,shaped,3,4a77b6e251,146,225,-106.24999999999967,-156.6749999999999,0.7465502203003642,0.15,0,out_of_energy,0,0,1,0,75,0,0,0,0,35,0.3831298485348579,19.54572768335604,0.0,0.0,0.99,8,exponential
q_learning,shaped_eps-exponential_seed3,shaped,3,4a77b6e251,147,225,-130.74999999999957,-155.75499999999985,0.7450571198597635,0.15,0,out_of_energy,0,0,1,0,102,1,0,0,0,47,0.5220337257599932,18.482581755442837,0.0,0.0,0.99,8,exponential
q_learning,shaped_eps-exponential_seed3,shaped,3,4a77b6e251,148,225,-124.74999999999959,-155.67999999999986,0.743567005620044,0.15,0,out_of_energy,0,0,1,0,101,4,0,0,1,48,0.6242350127925228,20.678715410434574,0.0,0.0,0.99,8,exponential
q_learning,shaped_eps-exponential_seed3,shaped,3,4a77b6e251,149,225,-112.74999999999966,-155.39499999999987,0.7420798716088038,0.15,0,out_of_energy,0,0,1,0,74,3,0,0,0,47,0.4730174453602924,19.449157152163796,0.0,0.0,0.99,8,exponential
q_learning,shaped_eps-exponential_seed3,shaped,3,4a77b6e251,150,225,-160.74999999999977,-155.34999999999985,0.7405957118655863,0.15,0,out_of_energy,0,0,1,0,90,9,0,0,0,43,0.5750129615229345,18.891901471746888,0.0,0.0,0.99,8,exponential
q_learning,shaped_eps-exponential_seed3,shaped,3,4a77b6e251,151,225,-113.74999999999964,-154.51999999999987,0.7391145204418551,0.15,0,out_of_energy,0,0,1,0,84,0,0,0,0,44,0.4356668151410518,18.47271295043603,0.0,0.0,0.99,8,exponential
q_learning,shaped_eps-exponential_seed3,shaped,3,4a77b6e251,152,225,-118.24999999999959,-154.27999999999986,0.7376362914009714,0.15,0,out_of_energy,0,0,1,0,106,2,0,0,1,55,0.5879915629562207,19.534778634883008,0.0,0.0,0.99,8,exponential
q_learning,shaped_eps-exponential_seed3,shaped,3,4a77b6e251,153,225,-142.74999999999966,-153.99999999999986,0.7361610188181695,0.15,0,out_of_energy,0,0,1,0,94,5,0,0,0,37,0.577265638386229,17.5868557267318,0.0,0.0,0.99,8,exponential
q_learning,shaped_eps-exponential_seed3,shaped,3,4a77b6e251,154,225,-207.7500000000003,-153.42499999999984,0.7346886967805332,0.15,0,out_of_energy,0,0,1,0,99,21,0,0,1,43,0.9484120554688752,20.250944168540784,0.0,0.0,0.99,8,exponential
q_learning,shaped_eps-exponential_seed3,shaped,3,4a77b6e251,155,225,-117.74999999999959,-153.17999999999984,0.733219319386972,0.15,0,out_of_energy,0,0,1,0,88,0,0,0,0,29,0.43833595166815104,19.580353206644777,0.0,0.0,0.99,8,exponential
q_learning,shaped_eps-exponential_seed3,shaped,3,4a77b6e251,156,225,-189.7500000000003,-153.77999999999983,0.7317528807481981,0.15,0,out_of_energy,0,0,1,0,84,15,0,0,0,40,0.5846287197328359,19.294696601639927,0.0,0.0,0.99,8,exponential
q_learning,shaped_eps-exponential_seed3,shaped,3,4a77b6e251,157,225,-151.7499999999996,-154.10499999999985,0.7302893749867018,0.15,0,out_of_energy,0,0,1,0,96,5,0,0,0,42,0.5724201647177838,19.25777886084064,0.0,0.0,0.99,8,exponential
q_learning,shaped_eps-exponential_seed3,shaped,3,4a77b6e251,158,225,-121.2499999999996,-153.26999999999984,0.7288287962367284,0.15,0,out_of_energy,0,0,1,0,83,3,0,0,0,44,0.5245490171259831,18.699614995869698,0.0,0.0,0.99,8,exponential
q_learning,shaped_eps-exponential_seed3,shaped,3,4a77b6e251,159,225,-123.7499999999995,-153.00999999999985,0.727371138644255,0.15,0,out_of_energy,0,0,1,0,74,4,0,0,0,43,0.4526112373953827,18.821808943859068,0.0,0.0,0.99,8,exponential
q_learning,shaped_eps-exponential_seed3,shaped,3,4a77b6e251,160,225,-178.25000000000009,-152.71999999999983,0.7259163963669665,0.15,0,out_of_energy,0,0,1,0,75,14,0,0,0,45,0.6088880108293722,19.884032363258235,0.0,0.0,0.99,8,exponential
q_learning,shaped_eps-exponential_seed3,shaped,3,4a77b6e251,161,225,-124.74999999999967,-152.34999999999982,0.7244645635742325,0.15,0,out_of_energy,0,0,1,0,78,5,0,0,0,48,0.6108388148337078,19.176232402416435,0.0,0.0,0.99,8,exponential
q_learning,shaped_eps-exponential_seed3,shaped,3,4a77b6e251,162,225,-122.74999999999956,-151.37999999999982,0.723015634447084,0.15,0,out_of_energy,0,0,1,0,86,3,0,0,0,48,0.5278648375292215,16.299797542053973,0.0,0.0,0.99,8,exponential
q_learning,shaped_eps-exponential_seed3,shaped,3,4a77b6e251,163,225,-139.24999999999963,-151.3349999999998,0.7215696031781899,0.15,0,out_of_energy,0,0,1,0,83,5,0,0,0,44,0.5173133413825562,19.80677357592977,0.0,0.0,0.99,8,exponential
q_learning,shaped_eps-exponential_seed3,shaped,3,4a77b6e251,164,225,-129.74999999999957,-151.04499999999982,0.7201264639718334,0.15,0,out_of_energy,0,0,1,0,84,3,0,0,0,40,0.5730361604451724,18.69711757839631,0.0,0.0,0.99,8,exponential
q_learning,shaped_eps-exponential_seed3,shaped,3,4a77b6e251,165,225,-149.2499999999996,-151.18999999999983,0.7186862110438897,0.15,0,out_of_energy,0,0,1,0,89,6,0,0,0,53,0.6038544617576093,19.077360197057153,0.0,0.0,0.99,8,exponential
q_learning,shaped_eps-exponential_seed3,shaped,3,4a77b6e251,166,225,-132.24999999999957,-150.78499999999983,0.717248838621802,0.15,0,out_of_energy,0,0,1,0,101,0,0,0,0,43,0.4873381141427769,19.98655117320531,0.0,0.0,0.99,8,exponential
q_learning,shaped_eps-exponential_seed3,shaped,3,4a77b6e251,167,225,-195.7500000000009,-151.5549999999998,0.7158143409445584,0.15,0,out_of_energy,0,0,1,0,98,16,0,0,0,33,0.5628148218522195,20.38040038654221,0.0,0.0,0.99,8,exponential
q_learning,shaped_eps-exponential_seed3,shaped,3,4a77b6e251,168,225,-124.74999999999962,-151.10999999999981,0.7143827122626694,0.15,0,out_of_energy,0,0,1,0,94,0,0,0,0,46,0.49120199952967436,19.784063471906734,0.0,0.0,0.99,8,exponential
q_learning,shaped_eps-exponential_seed3,shaped,3,4a77b6e251,169,225,-120.74999999999969,-150.69499999999982,0.7129539468381441,0.15,0,out_of_energy,0,0,1,0,77,8,0,0,1,40,0.7102710268028279,17.213302543259665,0.0,0.0,0.99,8,exponential
q_learning,shaped_eps-exponential_seed3,shaped,3,4a77b6e251,170,225,-108.24999999999969,-149.6749999999998,0.7115280389444678,0.15,0,out_of_energy,0,0,1,0,73,1,0,0,0,43,0.4766685083517184,19.60482180392646,0.0,0.0,0.99,8,exponential
q_learning,shaped_eps-exponential_seed3,shaped,3,4a77b6e251,171,225,-131.24999999999946,-149.0249999999998,0.7101049828665789,0.15,0,out_of_energy,0,0,1,0,75,5,0,0,0,38,0.49035581452124977,18.68765758922716,0.0,0.0,0.99,8,exponential
q_learning,shaped_eps-exponential_seed3,shaped,3,4a77b6e251,172,225,-116.2499999999996,-148.9749999999998,0.7086847729008457,0.15,0,out_of_energy,0,0,1,0,85,0,0,0,0,56,0.48912976791548046,19.71621164633421,0.0,0.0,0.99,8,exponential
q_learning,shaped_eps-exponential_seed3,shaped,3,4a77b6e251,173,225,-140.24999999999955,-149.1149999999998,0.707267403355044,0.15,0,out_of_energy,0,0,1,0,77,7,0,0,0,47,0.512067676378007,20.627380242666916,0.0,0.0,0.99,8,exponential
q_learning,shaped_eps-exponential_seed3,shaped,3,4a77b6e251,174,225,-131.74999999999966,-148.5549999999998,0.705852868548334,0.15,0,out_of_energy,0,0,1,0,84,6,0,0,0,44,0.5029563354854283,18.007921955335984,0.0,0.0,0.99,8,exponential
q_learning,shaped_eps-exponential_seed3,shaped,3,4a77b6e251,175,225,-156.24999999999974,-148.9249999999998,0.7044411628112373,0.15,0,out_of_energy,0,0,1,0,95,6,0,0,0,47,0.5437889132488187,19.975880369524567,0.0,0.0,0.99,8,exponential
q_learning,shaped_eps-exponential_seed3,shaped,3,4a77b6e251,176,225,-128.7499999999996,-148.0249999999998,0.7030322804856147,0.15,0,out_of_energy,0,0,1,0,98,0,0,0,0,43,0.4653698732466991,19.388152332949833,0.0,0.0,0.99,8,exponential
q_learning,shaped_eps-exponential_seed3,shaped,3,4a77b6e251,177,225,-112.74999999999957,-147.6199999999998,0.7016262159246435,0.15,0,out_of_energy,0,0,1,0,76,1,0,0,0,53,0.49352871629423484,20.50234966395707,0.0,0.0,0.99,8,exponential
q_learning,shaped_eps-exponential_seed3,shaped,3,4a77b6e251,178,225,-106.24999999999963,-146.9799999999998,0.7002229634927942,0.15,0,out_of_energy,0,0,1,0,77,2,0,0,0,42,0.47645347249525594,20.030105599011808,0.0,0.0,0.99,8,exponential
q_learning,shaped_eps-exponential_seed3,shaped,3,4a77b6e251,179,225,-131.2499999999996,-147.2649999999998,0.6988225175658086,0.15,0,out_of_energy,0,0,1,0,100,6,0,0,1,50,0.6831901334147257,18.512331998475464,0.0,0.0,0.99,8,exponential
q_learning,shaped_eps-exponential_seed3,shaped,3,4a77b6e251,180,225,-109.24999999999966,-146.9599999999998,0.697424872530677,0.15,0,out_of_energy,0,0,1,0,79,0,0,0,0,45,0.440639270608626,18.556019261869263,0.0,0.0,0.99,8,exponential
q_learning,shaped_eps-exponential_seed3,shaped,3,4a77b6e251,181,225,-120.24999999999962,-146.9249999999998,0.6960300227856157,0.15,0,out_of_energy,0,0,1,0,89,2,0,0,0,40,0.526077482254536,18.63871007086466,0.0,0.0,0.99,8,exponential
q_learning,shaped_eps-exponential_seed3,shaped,3,4a77b6e251,182,225,-106.74999999999962,-146.2599999999998,0.6946379627400444,0.15,0,out_of_energy,0,0,1,0,76,0,0,0,0,41,0.4208360277753442,19.210773287160162,0.0,0.0,0.99,8,exponential
q_learning,shaped_eps-exponential_seed3,shaped,3,4a77b6e251,183,225,-119.74999999999957,-146.26999999999978,0.6932486868145643,0.15,0,out_of_energy,0,0,1,0,96,1,0,0,0,43,0.5398185931236972,19.981960365137443,0.0,0.0,0.99,8,exponential
q_learning,shaped_eps-exponential_seed3,shaped,3,4a77b6e251,184,225,-161.74999999999997,-145.6399999999998,0.6918621894409351,0.15,0,out_of_energy,0,0,1,0,100,8,0,0,0,58,0.6773556869966376,14.654830432915102,0.0,0.0,0.99,8,exponential
q_learning,shaped_eps-exponential_seed3,shaped,3,4a77b6e251,185,225,-113.24999999999962,-145.0749999999998,0.6904784650620532,0.15,0,out_of_energy,0,0,1,0,83,0,0,0,0,47,0.4740411291115517,18.39556769303668,0.0,0.0,0.99,8,exponential
q_learning,shaped_eps-exponential_seed3,shaped,3,4a77b6e251,186,225,-141.2499999999995,-144.85999999999976,0.6890975081319292,0.15,0,out_of_energy,0,0,1,0,81,6,0,0,0,45,0.5894021888690923,18.62765331003251,0.0,0.0,0.99,8,exponential
q_learning,shaped_eps-exponential_seed3,shaped,3,4a77b6e251,187,225,-174.25000000000082,-144.52999999999977,0.6877193131156653,0.15,0,out_of_energy,0,0,1,0,91,13,0,0,0,54,0.8394534924229318,19.15676613686561,0.0,0.0,0.99,8,exponential
q_learning,shaped_eps-exponential_seed3,shaped,3,4a77b6e251,188,225,-143.7499999999995,-144.73999999999978,0.6863438744894339,0.15,0,out_of_energy,0,0,1,0,95,9,0,0,1,40,0.8086555246805993,18.698323832051685,0.0,0.0,0.99,8,exponential
q_learning,shaped_eps-exponential_seed3,shaped,3,4a77b6e251,189,225,-181.2500000000007,-145.11999999999978,0.684971186740455,0.15,0,out_of_energy,0,0,1,0,95,14,0,0,0,47,0.6882898434589612,18.828241292113297,0.0,0.0,0.99,8,exponential
q_learning,shaped_eps-exponential_seed3,shaped,3,4a77b6e251,190,225,-118.74999999999955,-143.75999999999976,0.6836012443669741,0.15,0,out_of_energy,0,0,1,0,85,6,0,0,1,45,0.6551006309779565,19.39700267965156,0.0,0.0,0.99,8,exponential
q_learning,shaped_eps-exponential_seed3,shaped,3,4a77b6e251,191,225,-124.24999999999962,-142.99499999999978,0.6822340418782402,0.15,0,out_of_energy,0,0,1,0,83,4,0,0,0,52,0.5526720419272788,15.805643417054714,0.0,0.0,0.99,8,exponential
q_learning,shaped_eps-exponential_seed3,shaped,3,4a77b6e251,192,225,-108.24999999999963,-142.73999999999975,0.6808695737944838,0.15,0,out_of_energy,0,0,1,0,79,0,0,0,0,40,0.4529133215928816,17.64642271603643,0.0,0.0,0.99,8,exponential
q_learning,shaped_eps-exponential_seed3,shaped,3,4a77b6e251,193,225,-117.74999999999963,-142.12999999999977,0.6795078346468948,0.15,0,out_of_energy,0,0,1,0,84,3,0,0,0,40,0.4951834528163714,19.807080036466537,0.0,0.0,0.99,8,exponential
q_learning,shaped_eps-exponential_seed3,shaped,3,4a77b6e251,194,225,-138.2499999999997,-142.1999999999998,0.678148818977601,0.15,0,out_of_energy,0,0,1,0,75,6,0,0,0,46,0.48202675042979837,19.900640117335314,0.0,0.0,0.99,8,exponential
q_learning,shaped_eps-exponential_seed3,shaped,3,4a77b6e251,195,225,-117.2499999999996,-141.53999999999976,0.6767925213396458,0.15,0,out_of_energy,0,0,1,0,83,3,0,0,0,35,0.6182726113550309,20.166452690753097,0.0,0.0,0.99,8,exponential
q_learning,shaped_eps-exponential_seed3,shaped,3,4a77b6e251,196,225,-119.7499999999996,-141.3849999999998,0.6754389362969666,0.15,0,out_of_energy,0,0,1,0,88,3,0,0,0,34,0.5455446045422533,19.061711928981378,0.0,0.0,0.99,8,exponential
q_learning,shaped_eps-exponential_seed3,shaped,3,4a77b6e251,197,225,-135.24999999999963,-141.55999999999977,0.6740880584243727,0.15,0,out_of_energy,0,0,1,0,87,5,0,0,0,44,0.47659253301194593,18.06284568875531,0.0,0.0,0.99,8,exponential
q_learning,shaped_eps-exponential_seed3,shaped,3,4a77b6e251,198,225,-102.74999999999963,-140.93999999999977,0.6727398823075239,0.15,0,out_of_energy,0,0,1,0,68,1,0,0,0,45,0.4173050755701681,16.439153952566723,0.0,0.0,0.99,8,exponential
q_learning,shaped_eps-exponential_seed3,shaped,3,4a77b6e251,199,225,-132.24999999999966,-140.81999999999977,0.6713944025429088,0.15,0,out_of_energy,0,0,1,0,87,6,0,0,0,45,0.5745944069753183,25.75461229364548,0.0,0.0,0.99,8,exponential
q_learning,shaped_eps-exponential_seed3,shaped,3,4a77b6e251,200,225,-128.7499999999995,-140.92499999999976,0.670051613737823,0.15,0,out_of_energy,0,0,1,0,78,4,0,0,0,46,0.49708542399738576,19.151950018792633,0.0,0.0,0.99,8,exponential
q_learning,shaped_eps-exponential_seed3,shaped,3,4a77b6e251,201,225,-123.7499999999995,-140.75499999999977,0.6687115105103473,0.15,0,out_of_energy,0,0,1,0,66,8,0,0,0,41,0.5468154752019536,19.286630509817982,0.0,0.0,0.99,8,exponential
q_learning,shaped_eps-exponential_seed3,shaped,3,4a77b6e251,202,225,-141.74999999999943,-140.90999999999977,0.6673740874893266,0.15,0,out_of_energy,0,0,1,0,86,5,0,0,0,45,0.5881261349877552,17.870717730669146,0.0,0.0,0.99,8,exponential
q_learning,shaped_eps-exponential_seed3,shaped,3,4a77b6e251,203,225,-147.24999999999952,-141.31499999999977,0.6660393393143479,0.15,0,out_of_energy,0,0,1,0,104,8,0,0,1,38,0.7205215044080885,18.253609544364668,0.0,0.0,0.99,8,exponential
q_learning,shaped_eps-exponential_seed3,shaped,3,4a77b6e251,204,225,-233.75000000000068,-142.33999999999978,0.6647072606357192,0.15,0,out_of_energy,0,0,1,0,91,28,0,0,1,38,1.2431009483888278,18.706388991995734,0.0,0.0,0.99,8,exponential
q_learning,shaped_eps-exponential_seed3,shaped,3,4a77b6e251,205,225,-139.7499999999995,-142.53999999999976,0.6633778461144477,0.15,0,out_of_energy,0,0,1,0,103,8,0,0,1,45,0.7792975437257224,20.2487683125,0.0,0.0,0.99,8,exponential
q_learning,shaped_eps-exponential_seed3,shaped,3,4a77b6e251,206,225,-120.74999999999955,-142.14999999999975,0.6620510904222189,0.15,0,out_of_energy,0,0,1,0,82,4,0,0,0,43,0.5672434666127564,18.33009292786752,0.0,0.0,0.99,8,exponential
q_learning,shaped_eps-exponential_seed3,shaped,3,4a77b6e251,207,225,-116.24999999999955,-141.39499999999975,0.6607269882413744,0.15,0,out_of_energy,0,0,1,0,91,0,0,0,0,46,0.5097229912921823,20.42082982790611,0.0,0.0,0.99,8,exponential
q_learning,shaped_eps-exponential_seed3,shaped,3,4a77b6e251,208,225,-106.74999999999964,-140.61499999999975,0.6594055342648917,0.15,0,out_of_energy,0,0,1,0,80,2,0,0,0,36,0.49139870462604796,18.443358544364074,0.0,0.0,0.99,8,exponential
q_learning,shaped_eps-exponential_seed3,shaped,3,4a77b6e251,209,225,-92.74999999999966,-140.00499999999977,0.6580867231963619,0.15,0,out_of_energy,0,0,1,0,79,2,0,0,1,46,0.5025355510863038,15.80616135894645,0.0,0.0,0.99,8,exponential
q_learning,shaped_eps-exponential_seed3,shaped,3,4a77b6e251,210,225,-107.74999999999974,-139.75499999999974,0.6567705497499692,0.15,0,out_of_energy,0,0,1,0,82,2,0,0,0,47,0.4444367290036408,15.977232380695526,0.0,0.0,0.99,8,exponential
q_learning,shaped_eps-exponential_seed3,shaped,3,4a77b6e251,211,225,-142.24999999999955,-139.99999999999974,0.6554570086504692,0.15,0,out_of_energy,0,0,1,0,92,10,0,0,1,50,0.808913846326958,21.05,0.0,0.0,0.99,8,exponential
q_learning,shaped_eps-exponential_seed3,shaped,3,4a77b6e251,212,225,-160.74999999999991,-140.35999999999976,0.6541460946331682,0.15,0,out_of_energy,0,0,1,0,76,11,0,0,0,41,0.6078217906046568,18.540552485481776,0.0,0.0,0.99,8,exponential
q_learning,shaped_eps-exponential_seed3,shaped,3,4a77b6e251,213,225,-96.24999999999969,-139.83499999999975,0.6528378024439019,0.15,0,out_of_energy,0,0,1,0,71,1,0,0,0,46,0.5709382732561061,19.545090450235307,0.0,0.0,0.99,8,exponential
q_learning,shaped_eps-exponential_seed3,shaped,3,4a77b6e251,214,225,-132.74999999999957,-139.46499999999975,0.6515321268390141,0.15,0,out_of_energy,0,0,1,0,105,5,0,0,1,53,0.7286286478711096,17.854919118267663,0.0,0.0,0.99,8,exponential
q_learning,shaped_eps-exponential_seed3,shaped,3,4a77b6e251,215,225,-104.74999999999966,-138.28999999999974,0.6502290625853361,0.15,0,out_of_energy,0,0,1,0,76,2,0,0,0,59,0.5722115770147951,19.024072363363537,0.0,0.0,0.99,8,exponential
q_learning,shaped_eps-exponential_seed3,shaped,3,4a77b6e251,216,225,-110.74999999999966,-137.89999999999975,0.6489286044601654,0.15,0,out_of_energy,0,0,1,0,92,0,0,0,0,60,0.6436212546118522,18.48904332859543,0.0,0.0,0.99,8,exponential
q_learning,shaped_eps-exponential_seed3,shaped,3,4a77b6e251,217,225,-83.24999999999972,-137.44499999999974,0.6476307472512451,0.15,0,out_of_energy,0,0,1,0,76,1,0,0,1,51,0.6223076805039495,17.614567833219354,0.0,0.0,0.99,8,exponential
q_learning,shaped_eps-exponential_seed3,shaped,3,4a77b6e251,218,225,-111.74999999999963,-137.34499999999974,0.6463354857567426,0.15,0,out_of_energy,0,0,1,0,82,0,0,0,0,47,0.5030914018969415,17.69703854535056,0.0,0.0,0.99,8,exponential
q_learning,shaped_eps-exponential_seed3,shaped,3,4a77b6e251,219,225,-132.2499999999995,-136.71999999999971,0.6450428147852291,0.15,0,out_of_energy,0,0,1,0,79,6,0,0,0,42,0.4511299288247548,15.353418835442012,0.0,0.0,0.99,8,exponential
q_learning,shaped_eps-exponential_seed3,shaped,3,4a77b6e251,220,225,-192.75000000000037,-137.01499999999973,0.6437527291556586,0.15,0,out_of_energy,0,0,1,0,92,14,0,0,0,46,0.7300922341272101,17.384213388330735,0.0,0.0,0.99,8,exponential
q_learning,shaped_eps-exponential_seed3,shaped,3,4a77b6e251,221,225,-131.24999999999963,-137.14499999999973,0.6424652236973473,0.15,0,out_of_energy,0,0,1,0,90,8,0,0,1,54,0.9060826923475208,20.455231534855898,0.0,0.0,0.99,8,exponential
q_learning,shaped_eps-exponential_seed3,shaped,3,4a77b6e251,222,225,-93.7499999999997,-137.00999999999974,0.6411802932499525,0.15,0,out_of_energy,0,0,1,0,64,0,0,0,0,46,0.4606932790309893,15.759469612659508,0.0,0.0,0.99,8,exponential
q_learning,shaped_eps-exponential_seed3,shaped,3,4a77b6e251,223,225,-103.74999999999959,-136.15499999999972,0.6398979326634526,0.15,0,out_of_energy,0,0,1,0,74,0,0,0,0,52,0.48944250544327006,19.6644410261428,0.0,0.0,0.99,8,exponential
q_learning,shaped_eps-exponential_seed3,shaped,3,4a77b6e251,224,225,-110.74999999999953,-135.77999999999972,0.6386181367981257,0.15,0,out_of_energy,0,0,1,0,73,7,0,0,1,37,0.6590294348699128,18.227368903666296,0.0,0.0,0.99,8,exponential
q_learning,shaped_eps-exponential_seed3,shaped,3,4a77b6e251,225,225,-121.7499999999996,-135.64999999999975,0.6373409005245295,0.15,0,out_of_energy,0,0,1,0,89,6,0,0,1,37,0.6302642511275384,15.493263568116351,0.0,0.0,0.99,8,exponential
q_learning,shaped_eps-exponential_seed3,shaped,3,4a77b6e251,226,225,-96.74999999999964,-135.39499999999973,0.6360662187234805,0.15,0,out_of_energy,0,0,1,0,68,0,0,0,0,37,0.4208068708825418,17.846965790500924,0.0,0.0,0.99,8,exponential
q_learning,shaped_eps-exponential_seed3,shaped,3,4a77b6e251,227,225,-125.74999999999955,-134.92999999999975,0.6347940862860335,0.15,0,out_of_energy,0,0,1,0,76,4,0,0,0,50,0.537766549660281,17.414115696612996,0.0,0.0,0.99,8,exponential
q_learning,shaped_eps-exponential_seed3,shaped,3,4a77b6e251,228,225,-105.74999999999964,-134.72499999999974,0.6335244981134615,0.15,0,out_of_energy,0,0,1,0,76,0,0,0,0,53,0.47083788435025187,15.933607251645592,0.0,0.0,0.99,8,exponential
q_learning,shaped_eps-exponential_seed3,shaped,3,4a77b6e251,229,225,-107.24999999999969,-134.20999999999975,0.6322574491172346,0.15,0,out_of_energy,0,0,1,0,77,1,0,0,0,44,0.4663036967214481,17.357705353720192,0.0,0.0,0.99,8,exponential
q_learning,shaped_eps-exponential_seed3,shaped,3,4a77b6e251,230,225,-146.7499999999996,-134.37999999999974,0.6309929342190002,0.15,0,out_of_energy,0,0,1,0,85,12,0,0,1,43,0.7509962777742933,19.900843685678083,0.0,0.0,0.99,8,exponential
q_learning,shaped_eps-exponential_seed3,shaped,3,4a77b6e251,231,225,-112.74999999999959,-133.43499999999972,0.6297309483505622,0.15,0,out_of_energy,0,0,1,0,81,7,0,0,1,54,0.7690553423290379,21.107643312500002,0.0,0.0,0.99,8,exponential
q_learning,shaped_eps-exponential_seed3,shaped,3,4a77b6e251,232,225,-113.24999999999964,-133.23999999999975,0.6284714864538611,0.15,0,out_of_energy,0,0,1,0,86,5,0,0,1,55,0.5726716979466228,17.560406429674067,0.0,0.0,0.99,8,exponential
q_learning,shaped_eps-exponential_seed3,shaped,3,4a77b6e251,233,225,-131.74999999999966,-133.33999999999972,0.6272145434809534,0.15,0,out_of_energy,0,0,1,0,72,7,0,0,0,40,0.5710964256774039,19.14899076567165,0.0,0.0,0.99,8,exponential
q_learning,shaped_eps-exponential_seed3,shaped,3,4a77b6e251,234,225,-116.24999999999967,-132.90999999999974,0.6259601143939915,0.15,0,out_of_energy,0,0,1,0,85,0,0,0,0,50,0.4993181238326971,19.556399337892202,0.0,0.0,0.99,8,exponential
q_learning,shaped_eps-exponential_seed3,shaped,3,4a77b6e251,235,225,-165.2499999999997,-132.7299999999997,0.6247081941652035,0.15,0,out_of_energy,0,0,1,0,83,10,0,0,0,40,0.6182041800036844,21.641286190580438,0.0,0.0,0.99,8,exponential
q_learning,shaped_eps-exponential_seed3,shaped,3,4a77b6e251,236,225,-102.2499999999997,-132.21999999999971,0.6234587777768731,0.15,0,out_of_energy,0,0,1,0,67,2,0,0,0,40,0.45832159441376386,16.293002770928876,0.0,0.0,0.99,8,exponential
q_learning,shaped_eps-exponential_seed3,shaped,3,4a77b6e251,237,225,-128.7499999999995,-131.9499999999997,0.6222118602213194,0.15,0,out_of_energy,0,0,1,0,91,7,0,0,1,53,0.6467698338632124,17.65360239123386,0.0,0.0,0.99,8,exponential
q_learning,shaped_eps-exponential_seed3,shaped,3,4a77b6e251,238,225,-111.74999999999959,-130.8149999999997,0.6209674365008767,0.15,0,out_of_energy,0,0,1,0,72,2,0,0,0,40,0.4253192536343013,17.98238996573811,0.0,0.0,0.99,8,exponential
q_learning,shaped_eps-exponential_seed3,shaped,3,4a77b6e251,239,225,-115.24999999999959,-130.4849999999997,0.619725501627875,0.15,0,out_of_energy,0,0,1,0,92,4,0,0,1,44,0.6026177410818266,17.327862635085474,0.0,0.0,0.99,8,exponential
q_learning,shaped_eps-exponential_seed3,shaped,3,4a77b6e251,240,225,-99.74999999999969,-129.6349999999997,0.6184860506246193,0.15,0,out_of_energy,0,0,1,0,64,2,0,0,0,45,0.4273767116986054,20.26975457539566,0.0,0.0,0.99,8,exponential
q_learning,shaped_eps-exponential_seed3,shaped,3,4a77b6e251,241,225,-127.24999999999967,-129.6999999999997,0.61724907852337,0.15,0,out_of_energy,0,0,1,0,69,6,0,0,0,44,0.49359960733893615,16.595242940564862,0.0,0.0,0.99,8,exponential
q_learning,shaped_eps-exponential_seed3,shaped,3,4a77b6e251,242,225,-104.24999999999967,-129.1049999999997,0.6160145803663232,0.15,0,out_of_energy,0,0,1,0,81,1,0,0,0,49,0.5745621583902896,18.648316650446603,0.0,0.0,0.99,8,exponential
q_learning,shaped_eps-exponential_seed3,shaped,3,4a77b6e251,243,225,-106.7499999999996,-128.67999999999972,0.6147825512055906,0.15,0,out_of_energy,0,0,1,0,72,1,0,0,0,45,0.482073217547645,18.92359529802629,0.0,0.0,0.99,8,exponential
q_learning,shaped_eps-exponential_seed3,shaped,3,4a77b6e251,244,225,-140.74999999999957,-128.8199999999997,0.6135529861031793,0.15,0,out_of_energy,0,0,1,0,100,2,0,0,0,52,0.5109345697204835,18.397760072928772,0.0,0.0,0.99,8,exponential
q_learning,shaped_eps-exponential_seed3,shaped,3,4a77b6e251,245,225,-162.74999999999974,-128.9749999999997,0.612325880130973,0.15,0,out_of_energy,0,0,1,0,87,15,0,0,1,45,0.7522008900801782,18.034661596151658,0.0,0.0,0.99,8,exponential
q_learning,shaped_eps-exponential_seed3,shaped,3,4a77b6e251,246,225,-166.7499999999997,-129.5799999999997,0.611101228370711,0.15,0,out_of_energy,0,0,1,0,74,13,0,0,0,47,0.6213238732275769,17.768803351851474,0.0,0.0,0.99,8,exponential
q_learning,shaped_eps-exponential_seed3,shaped,3,4a77b6e251,247,225,-123.74999999999963,-129.5099999999997,0.6098790259139696,0.15,0,out_of_energy,0,0,1,0,88,2,0,0,0,52,0.5384895826780712,17.22929138908631,0.0,0.0,0.99,8,exponential
q_learning,shaped_eps-exponential_seed3,shaped,3,4a77b6e251,248,225,-117.7499999999997,-129.4399999999997,0.6086592678621416,0.15,0,out_of_energy,0,0,1,0,87,7,0,0,1,38,0.789934678451839,21.05,0.0,0.0,0.99,8,exponential
q_learning,shaped_eps-exponential_seed3,shaped,3,4a77b6e251,249,225,-113.74999999999963,-129.4499999999997,0.6074419493264174,0.15,0,out_of_energy,0,0,1,0,80,1,0,0,0,44,0.46061487617359664,16.653026022438556,0.0,0.0,0.99,8,exponential
q_learning,shaped_eps-exponential_seed3,shaped,3,4a77b6e251,250,225,-104.7499999999996,-128.8899999999997,0.6062270654277645,0.15,0,out_of_energy,0,0,1,0,87,3,0,0,1,37,0.5848109140604622,17.61244210214479,0.0,0.0,0.99,8,exponential
q_learning,shaped_eps-exponential_seed3,shaped,3,4a77b6e251,251,225,-131.24999999999972,-129.0649999999997,0.6050146112969089,0.15,0,out_of_energy,0,0,1,0,82,12,0,0,1,44,0.9224780778517124,21.05,0.0,0.0,0.99,8,exponential
q_learning,shaped_eps-exponential_seed3,shaped,3,4a77b6e251,252,225,-135.74999999999972,-129.2399999999997,0.6038045820743151,0.15,0,out_of_energy,0,0,1,0,91,9,0,0,1,46,0.8190451526480347,20.482799421409986,0.0,0.0,0.99,8,exponential
q_learning,shaped_eps-exponential_seed3,shaped,3,4a77b6e251,253,225,-121.24999999999955,-129.02499999999972,0.6025969729101665,0.15,0,out_of_energy,0,0,1,0,89,3,0,0,0,39,0.5293396052447149,18.234372234206738,0.0,0.0,0.99,8,exponential
q_learning,shaped_eps-exponential_seed3,shaped,3,4a77b6e251,254,225,-122.74999999999973,-128.1749999999997,0.6013917789643461,0.15,0,out_of_energy,0,0,1,0,93,7,0,0,1,40,0.8271842873194847,19.6175,0.0,0.0,0.99,8,exponential
q_learning,shaped_eps-exponential_seed3,shaped,3,4a77b6e251,255,225,-151.7499999999996,-128.5149999999997,0.6001889954064175,0.15,0,out_of_energy,0,0,1,0,89,14,0,0,1,45,0.8672645952833954,19.55,0.0,0.0,0.99,8,exponential
q_learning,shaped_eps-exponential_seed3,shaped,3,4a77b6e251,256,225,-93.24999999999964,-127.54999999999971,0.5989886174156046,0.15,0,out_of_energy,0,0,1,0,77,0,0,0,0,36,0.5086726006130948,16.876651749082743,0.0,0.0,0.99,8,exponential
q_learning,shaped_eps-exponential_seed3,shaped,3,4a77b6e251,257,225,-109.74999999999963,-127.1299999999997,0.5977906401807734,0.15,0,out_of_energy,0,0,1,0,80,0,0,0,0,48,0.4759293708978262,17.556080069804107,0.0,0.0,0.99,8,exponential
q_learning,shaped_eps-exponential_seed3,shaped,3,4a77b6e251,258,225,-117.74999999999953,-127.09499999999969,0.5965950589004119,0.15,0,out_of_energy,0,0,1,0,78,2,0,0,0,55,0.5465061479538152,16.998452322769563,0.0,0.0,0.99,8,exponential
q_learning,shaped_eps-exponential_seed3,shaped,3,4a77b6e251,259,225,-145.24999999999943,-127.30999999999969,0.595401868782611,0.15,0,out_of_energy,0,0,1,0,75,8,0,0,0,44,0.55083980336589,18.56806733137915,0.0,0.0,0.99,8,exponential
q_learning,shaped_eps-exponential_seed3,shaped,3,4a77b6e251,260,225,-134.74999999999957,-126.87499999999972,0.5942110650450458,0.15,0,out_of_energy,0,0,1,0,80,4,0,0,0,44,0.5673347191990897,21.05,0.0,0.0,0.99,8,exponential
q_learning,shaped_eps-exponential_seed3,shaped,3,4a77b6e251,261,225,-128.74999999999966,-126.9149999999997,0.5930226429149558,0.15,0,out_of_energy,0,0,1,0,92,1,0,0,0,45,0.49302189124052576,18.979896561948326,0.0,0.0,0.99,8,exponential
q_learning,shaped_eps-exponential_seed3,shaped,3,4a77b6e251,262,225,-123.74999999999959,-126.92499999999968,0.5918365976291259,0.15,0,out_of_energy,0,0,1,0,85,8,0,0,1,46,0.6176167118441575,20.833135461172784,0.0,0.0,0.99,8,exponential
q_learning,shaped_eps-exponential_seed3,shaped,3,4a77b6e251,263,225,-120.24999999999964,-126.73499999999969,0.5906529244338676,0.15,0,out_of_energy,0,0,1,0,71,5,0,0,0,46,0.5531748066617675,18.991532817582925,0.0,0.0,0.99,8,exponential
q_learning,shaped_eps-exponential_seed3,shaped,3,4a77b6e251,264,225,-150.7499999999998,-126.9449999999997,0.5894716185849999,0.15,0,out_of_energy,0,0,1,0,74,12,0,0,0,39,0.6346911073651126,18.204499726830246,0.0,0.0,0.99,8,exponential
q_learning,shaped_eps-exponential_seed3,shaped,3,4a77b6e251,265,225,-170.7499999999996,-127.15999999999971,0.5882926753478298,0.15,0,out_of_energy,0,0,1,0,64,15,0,0,0,37,0.5437730468124077,18.152276207968544,0.0,0.0,0.99,8,exponential
q_learning,shaped_eps-exponential_seed3,shaped,3,4a77b6e251,266,225,-121.74999999999959,-127.0549999999997,0.5871160899971342,0.15,0,out_of_energy,0,0,1,0,94,2,0,0,0,44,0.5514259599896955,17.607833367126766,0.0,0.0,0.99,8,exponential
q_learning,shaped_eps-exponential_seed3,shaped,3,4a77b6e251,267,225,-110.24999999999957,-126.19999999999969,0.5859418578171399,0.15,0,out_of_energy,0,0,1,0,96,3,0,0,1,51,0.6426091711558344,20.09443291704391,0.0,0.0,0.99,8,exponential
q_learning,shaped_eps-exponential_seed3,shaped,3,4a77b6e251,268,225,-107.74999999999957,-126.02999999999967,0.5847699741015057,0.15,0,out_of_energy,0,0,1,0,85,4,0,0,1,51,0.600596532544704,17.104507411816414,0.0,0.0,0.99,8,exponential
q_learning,shaped_eps-exponential_seed3,shaped,3,4a77b6e251,269,225,-115.24999999999963,-125.97499999999967,0.5836004341533026,0.15,0,out_of_energy,0,0,1,0,89,2,0,0,0,42,0.49378774362100986,17.24274447471258,0.0,0.0,0.99,8,exponential
q_learning,shaped_eps-exponential_seed3,shaped,3,4a77b6e251,270,225,-109.24999999999966,-125.98499999999967,0.5824332332849961,0.15,0,out_of_energy,0,0,1,0,67,5,0,0,0,43,0.4972267736571227,17.557043215299153,0.0,0.0,0.99,8,exponential
q_learning,shaped_eps-exponential_seed3,shaped,3,4a77b6e251,271,225,-112.24999999999969,-125.79499999999967,0.5812683668184261,0.15,0,out_of_energy,0,0,1,0,77,1,0,0,0,53,0.46934818967018804,17.192814407400093,0.0,0.0,0.99,8,exponential
q_learning,shaped_eps-exponential_seed3,shaped,3,4a77b6e251,272,225,-168.74999999999986,-126.31999999999967,0.5801058300847892,0.15,0,out_of_energy,0,0,1,0,64,14,0,0,0,48,0.6272887007304175,20.4675,0.0,0.0,0.99,8,exponential
q_learning,shaped_eps-exponential_seed3,shaped,3,4a77b6e251,273,225,-114.74999999999962,-126.06499999999967,0.5789456184246197,0.15,0,out_of_energy,0,0,1,0,90,1,0,0,0,47,0.5301857314611645,18.200508430058886,0.0,0.0,0.99,8,exponential
q_learning,shaped_eps-exponential_seed3,shaped,3,4a77b6e251,274,225,-114.74999999999956,-125.89499999999967,0.5777877271877704,0.15,0,out_of_energy,0,0,1,0,84,0,0,0,0,45,0.5198773007119644,17.91383380243186,0.0,0.0,0.99,8,exponential
q_learning,shaped_eps-exponential_seed3,shaped,3,4a77b6e251,275,225,-108.74999999999969,-125.41999999999967,0.5766321517333949,0.15,0,out_of_energy,0,0,1,0,68,2,0,0,0,37,0.4446122206114583,15.452707613022136,0.0,0.0,0.99,8,exponential
q_learning,shaped_eps-exponential_seed3,shaped,3,4a77b6e251,276,225,-89.24999999999987,-125.02499999999968,0.5754788874299281,0.15,0,out_of_energy,0,0,1,0,62,5,0,0,1,43,0.5452852932307068,15.024619125349151,0.0,0.0,0.99,8,exponential
q_learning,shaped_eps-exponential_seed3,shaped,3,4a77b6e251,277,225,-141.7499999999997,-125.31499999999967,0.5743279296550683,0.15,0,out_of_energy,0,0,1,0,80,6,0,0,0,46,0.5578132923427078,19.573128401227095,0.0,0.0,0.99,8,exponential
q_learning,shaped_eps-exponential_seed3,shaped,3,4a77b6e251,278,225,-130.24999999999966,-125.55499999999967,0.5731792737957582,0.15,0,out_of_energy,0,0,1,0,87,4,0,0,0,35,0.5496464122725641,17.771931808020415,0.0,0.0,0.99,8,exponential
q_learning,shaped_eps-exponential_seed3,shaped,3,4a77b6e251,279,225,-112.24999999999956,-125.36499999999967,0.5720329152481667,0.15,0,out_of_energy,0,0,1,0,65,3,0,0,0,50,0.525022034744593,20.315345633989985,0.0,0.0,0.99,8,exponential
q_learning,shaped_eps-exponential_seed3,shaped,3,4a77b6e251,280,225,-126.24999999999976,-125.53499999999967,0.5708888494176704,0.15,0,out_of_energy,0,0,1,0,63,7,0,0,0,50,0.5252632290023419,19.739690181247504,0.0,0.0,0.99,8,exponential
q_learning,shaped_eps-exponential_seed3,shaped,3,4a77b6e251,281,225,-92.74999999999959,-125.25999999999968,0.569747071718835,0.15,0,out_of_energy,0,0,1,0,83,3,0,0,1,47,0.7044194368409944,17.601872689191186,0.0,0.0,0.99,8,exponential
q_learning,shaped_eps-exponential_seed3,shaped,3,4a77b6e251,282,225,-95.24999999999969,-125.14499999999967,0.5686075775753973,0.15,0,out_of_energy,0,0,1,0,65,0,0,0,0,45,0.46085077064741214,18.130633399905804,0.0,0.0,0.99,8,exponential
q_learning,shaped_eps-exponential_seed3,shaped,3,4a77b6e251,283,225,-123.74999999999952,-125.18499999999968,0.5674703624202465,0.15,0,out_of_energy,0,0,1,0,85,9,0,0,1,42,0.8557381550288461,19.6539831875,0.0,0.0,0.99,8,exponential
q_learning,shaped_eps-exponential_seed3,shaped,3,4a77b6e251,284,225,-95.2499999999998,-124.51999999999967,0.5663354216954061,0.15,0,out_of_energy,0,0,1,0,77,0,0,0,0,31,0.4836710788721502,17.7344663204531,0.0,0.0,0.99,8,exponential
q_learning,shaped_eps-exponential_seed3,shaped,3,4a77b6e251,285,225,-135.24999999999972,-124.73999999999967,0.5652027508520152,0.15,0,out_of_energy,0,0,1,0,65,7,0,0,0,38,0.5627061231055224,20.4675,0.0,0.0,0.99,8,exponential
q_learning,shaped_eps-exponential_seed3,shaped,3,4a77b6e251,286,225,-105.74999999999976,-124.38499999999968,0.5640723453503111,0.15,0,out_of_energy,0,0,1,0,70,1,0,0,0,53,0.4550908605482744,17.76137689452571,0.0,0.0,0.99,8,exponential
q_learning,shaped_eps-exponential_seed3,shaped,3,4a77b6e251,287,225,-102.24999999999963,-123.66499999999965,0.5629442006596105,0.15,0,out_of_energy,0,0,1,0,79,1,0,0,0,47,0.5863405288591073,17.353920487130914,0.0,0.0,0.99,8,exponential
q_learning,shaped_eps-exponential_seed3,shaped,3,4a77b6e251,288,225,-138.74999999999957,-123.61499999999967,0.5618183122582913,0.15,0,out_of_energy,0,0,1,0,75,14,0,0,1,55,0.8048578539569392,20.7771689375,0.0,0.0,0.99,8,exponential
q_learning,shaped_eps-exponential_seed3,shaped,3,4a77b6e251,289,225,-108.24999999999962,-122.88499999999968,0.5606946756337747,0.15,0,out_of_energy,0,0,1,0,77,0,0,0,0,44,0.46024419553399465,18.797604574656944,0.0,0.0,0.99,8,exponential
q_learning,shaped_eps-exponential_seed3,shaped,3,4a77b6e251,290,225,-143.7499999999996,-123.13499999999965,0.5595732862825071,0.15,0,out_of_energy,0,0,1,0,76,7,0,0,0,50,0.5825698461058937,17.098222554725066,0.0,0.0,0.99,8,exponential
q_learning,shaped_eps-exponential_seed3,shaped,3,4a77b6e251,291,225,-110.24999999999959,-122.99499999999968,0.5584541397099421,0.15,0,out_of_energy,0,0,1,0,79,0,0,0,0,47,0.41056523902338504,16.972257616566385,0.0,0.0,0.99,8,exponential
q_learning,shaped_eps-exponential_seed3,shaped,3,4a77b6e251,292,225,-132.74999999999957,-123.23999999999965,0.5573372314305222,0.15,0,out_of_energy,0,0,1,0,88,5,0,0,0,43,0.5950308447051409,15.470432165550054,0.0,0.0,0.99,8,exponential
q_learning,shaped_eps-exponential_seed3,shaped,3,4a77b6e251,293,225,-105.2499999999996,-123.11499999999967,0.5562225569676611,0.15,0,out_of_energy,0,0,1,0,75,2,0,0,0,36,0.5583117204616613,18.893287340720534,0.0,0.0,0.99,8,exponential
q_learning,shaped_eps-exponential_seed3,shaped,3,4a77b6e251,294,225,-106.24999999999967,-122.79499999999966,0.5551101118537257,0.15,0,out_of_energy,0,0,1,0,73,0,0,0,0,43,0.47746434324750264,20.4675,0.0,0.0,0.99,8,exponential
q_learning,shaped_eps-exponential_seed3,shaped,3,4a77b6e251,295,225,-136.24999999999946,-122.98499999999967,0.5539998916300183,0.15,0,out_of_energy,0,0,1,0,88,11,0,0,1,53,0.7576604249063245,20.82863987159375,0.0,0.0,0.99,8,exponential
q_learning,shaped_eps-exponential_seed3,shaped,3,4a77b6e251,296,225,-117.74999999999962,-122.96499999999965,0.5528918918467582,0.15,0,out_of_energy,0,0,1,0,89,5,0,0,1,44,0.6356581355999775,15.790131743794698,0.0,0.0,0.99,8,exponential
q_learning,shaped_eps-exponential_seed3,shaped,3,4a77b6e251,297,225,-129.74999999999957,-122.90999999999967,0.5517861080630647,0.15,0,out_of_energy,0,0,1,0,87,8,0,0,1,52,0.6832100021758583,16.210098730802194,0.0,0.0,0.99,8,exponential
q_learning,shaped_eps-exponential_seed3,shaped,3,4a77b6e251,298,225,-98.2499999999997,-122.86499999999967,0.5506825358469386,0.15,0,out_of_energy,0,0,1,0,73,1,0,0,0,35,0.514292505680216,17.04718153941005,0.0,0.0,0.99,8,exponential
q_learning,shaped_eps-exponential_seed3,shaped,3,4a77b6e251,299,225,-107.74999999999959,-122.61999999999968,0.5495811707752447,0.15,0,out_of_energy,0,0,1,0,88,0,0,0,0,48,0.5824612524463451,19.34715618536006,0.0,0.0,0.99,8,exponential
q_learning,shaped_eps-exponential_seed3,shaped,3,4a77b6e251,300,225,-101.24999999999969,-122.34499999999967,0.5484820084336942,0.15,0,out_of_energy,0,0,1,0,71,0,0,0,0,34,0.4249359164519537,16.54497003069783,0.0,0.0,0.99,8,exponential
q_learning,shaped_eps-exponential_seed3,shaped,3,4a77b6e251,301,225,-109.74999999999964,-122.20499999999967,0.5473850444168268,0.15,0,out_of_energy,0,0,1,0,74,1,0,0,0,44,0.47262515994787535,18.870787349235606,0.0,0.0,0.99,8,exponential
q_learning,shaped_eps-exponential_seed3,shaped,3,4a77b6e251,302,225,-109.74999999999976,-121.88499999999968,0.5462902743279932,0.15,0,out_of_energy,0,0,1,0,78,3,0,0,0,48,0.556919992276591,16.554770154395925,0.0,0.0,0.99,8,exponential
q_learning,shaped_eps-exponential_seed3,shaped,3,4a77b6e251,303,225,-118.2499999999995,-121.59499999999967,0.5451976937793371,0.15,0,out_of_energy,0,0,1,0,88,7,0,0,1,38,0.6879185207219971,19.771230171033583,0.0,0.0,0.99,8,exponential
q_learning,shaped_eps-exponential_seed3,shaped,3,4a77b6e251,304,225,-137.24999999999957,-120.62999999999965,0.5441072983917784,0.15,0,out_of_energy,0,0,1,0,70,13,0,0,1,46,0.6651893424713079,12.278583921181864,0.0,0.0,0.99,8,exponential
q_learning,shaped_eps-exponential_seed3,shaped,3,4a77b6e251,305,225,-105.74999999999966,-120.28999999999965,0.5430190837949949,0.15,0,out_of_energy,0,0,1,0,74,3,0,0,0,50,0.5037462091108295,16.690954664659508,0.0,0.0,0.99,8,exponential
q_learning,shaped_eps-exponential_seed3,shaped,3,4a77b6e251,306,225,-124.74999999999966,-120.32999999999966,0.5419330456274049,0.15,0,out_of_energy,0,0,1,0,80,4,0,0,0,46,0.5246148839863618,18.62436455433609,0.0,0.0,0.99,8,exponential
q_learning,shaped_eps-exponential_seed3,shaped,3,4a77b6e251,307,225,-88.74999999999974,-120.05499999999965,0.5408491795361501,0.15,0,out_of_energy,0,0,1,0,58,0,0,0,0,46,0.41868323048419254,18.05909026397578,0.0,0.0,0.99,8,exponential
q_learning,shaped_eps-exponential_seed3,shaped,3,4a77b6e251,308,225,-100.74999999999956,-119.99499999999965,0.5397674811770777,0.15,0,out_of_energy,0,0,1,0,87,2,0,0,1,52,0.6899770587247168,17.119276323016305,0.0,0.0,0.99,8,exponential
q_learning,shaped_eps-exponential_seed3,shaped,3,4a77b6e251,309,225,-128.74999999999963,-120.35499999999968,0.5386879462147236,0.15,0,out_of_energy,0,0,1,0,52,9,0,0,0,42,0.5352980616992873,15.712360875578627,0.0,0.0,0.99,8,exponential
q_learning,shaped_eps-exponential_seed3,shaped,3,4a77b6e251,310,225,-93.74999999999972,-120.21499999999965,0.5376105703222942,0.15,0,out_of_energy,0,0,1,0,70,2,0,0,0,50,0.6425983609999286,25.175804594509806,0.0,0.0,0.99,8,exponential
q_learning,shaped_eps-exponential_seed3,shaped,3,4a77b6e251,311,225,-107.74999999999963,-119.86999999999965,0.5365353491816496,0.15,0,out_of_energy,0,0,1,0,78,2,0,0,0,38,0.5093317432899592,19.42228863335838,0.0,0.0,0.99,8,exponential
q_learning,shaped_eps-exponential_seed3,shaped,3,4a77b6e251,312,225,-93.24999999999964,-119.19499999999965,0.5354622784832863,0.15,0,out_of_energy,0,0,1,0,71,0,0,0,0,43,0.570575534863548,19.1950193960349,0.0,0.0,0.99,8,exponential
q_learning,shaped_eps-exponential_seed3,shaped,3,4a77b6e251,313,225,-82.74999999999974,-119.05999999999968,0.5343913539263198,0.15,0,out_of_energy,0,0,1,0,75,1,0,0,1,37,0.5568600017741951,15.597768189135259,0.0,0.0,0.99,8,exponential
q_learning,shaped_eps-exponential_seed3,shaped,3,4a77b6e251,314,225,-124.24999999999959,-118.97499999999965,0.5333225712184672,0.15,0,out_of_energy,0,0,1,0,75,7,0,0,0,46,0.57107701130977,23.399756744168123,0.0,0.0,0.99,8,exponential
q_learning,shaped_eps-exponential_seed3,shaped,3,4a77b6e251,315,225,-84.74999999999974,-118.77499999999965,0.5322559260760302,0.15,0,out_of_energy,0,0,1,0,64,1,0,0,0,38,0.5112353004162188,16.701172645995626,0.0,0.0,0.99,8,exponential
q_learning,shaped_eps-exponential_seed3,shaped,3,4a77b6e251,316,225,-137.24999999999974,-119.03999999999965,0.5311914142238782,0.15,0,out_of_energy,0,0,1,0,61,9,0,0,0,34,0.6500095210010778,19.10410869983899,0.0,0.0,0.99,8,exponential
q_learning,shaped_eps-exponential_seed3,shaped,3,4a77b6e251,317,225,-118.74999999999964,-119.39499999999967,0.5301290313954304,0.15,0,out_of_energy,0,0,1,0,70,3,0,0,0,47,0.5531213829260228,19.745587073015756,0.0,0.0,0.99,8,exponential
q_learning,shaped_eps-exponential_seed3,shaped,3,4a77b6e251,318,225,-151.74999999999974,-119.79499999999966,0.5290687733326396,0.15,0,out_of_energy,0,0,1,0,83,13,0,0,1,43,0.8008367756930681,16.14968753202293,0.0,0.0,0.99,8,exponential
q_learning,shaped_eps-exponential_seed3,shaped,3,4a77b6e251,319,225,-91.7499999999997,-119.38999999999967,0.5280106357859743,0.15,0,out_of_energy,0,0,1,0,70,1,0,0,0,48,0.4834798047980544,14.498532517410755,0.0,0.0,0.99,8,exponential
q_learning,shaped_eps-exponential_seed3,shaped,3,4a77b6e251,320,225,-101.74999999999962,-118.47999999999965,0.5269546145144024,0.15,0,out_of_energy,0,0,1,0,77,5,0,0,1,47,0.6300071149341185,19.544997852842243,0.0,0.0,0.99,8,exponential
q_learning,shaped_eps-exponential_seed3,shaped,3,4a77b6e251,321,225,-112.24999999999956,-118.28999999999965,0.5259007052853736,0.15,0,out_of_energy,0,0,1,0,77,1,0,0,0,56,0.4752869441913607,19.417245653139954,0.0,0.0,0.99,8,exponential
q_learning,shaped_eps-exponential_seed3,shaped,3,4a77b6e251,322,225,-105.74999999999952,-118.40999999999966,0.5248489038748029,0.15,0,out_of_energy,0,0,1,0,70,3,0,0,0,44,0.4947813322615544,18.02384254627161,0.0,0.0,0.99,8,exponential
q_learning,shaped_eps-exponential_seed3,shaped,3,4a77b6e251,323,225,-144.7499999999997,-118.81999999999967,0.5237992060670532,0.15,0,out_of_energy,0,0,1,0,74,11,0,0,0,40,0.775728857561026,15.38645309701137,0.0,0.0,0.99,8,exponential
q_learning,shaped_eps-exponential_seed3,shaped,3,4a77b6e251,324,225,-124.2499999999995,-118.95499999999966,0.5227516076549191,0.15,0,out_of_energy,0,0,1,0,88,8,0,0,1,45,0.6815931350456051,19.807263736919516,0.0,0.0,0.99,8,exponential
q_learning,shaped_eps-exponential_seed3,shaped,3,4a77b6e251,325,225,-105.24999999999974,-118.78999999999965,0.5217061044396093,0.15,0,out_of_energy,0,0,1,0,78,6,0,0,1,45,0.6964114436012625,20.277729219763817,0.0,0.0,0.99,8,exponential
q_learning,shaped_eps-exponential_seed3,shaped,3,4a77b6e251,326,225,-113.74999999999969,-118.95999999999965,0.52066269223073,0.15,0,out_of_energy,0,0,1,0,90,1,0,0,0,49,0.5170706292255457,17.294594700476992,0.0,0.0,0.99,8,exponential
q_learning,shaped_eps-exponential_seed3,shaped,3,4a77b6e251,327,225,-96.74999999999976,-118.66999999999967,0.5196213668462686,0.15,0,out_of_energy,0,0,1,0,79,3,0,0,1,47,0.6565658724252847,14.451929287826415,0.0,0.0,0.99,8,exponential
q_learning,shaped_eps-exponential_seed3,shaped,3,4a77b6e251,328,225,-135.7499999999996,-118.96999999999966,0.5185821241125761,0.15,0,out_of_energy,0,0,1,0,97,7,0,0,1,52,0.7400760539503901,16.323647743694,0.0,0.0,0.99,8,exponential
q_learning,shaped_eps-exponential_seed3,shaped,3,4a77b6e251,329,225,-184.74999999999986,-119.74499999999965,0.5175449598643509,0.15,0,out_of_energy,0,0,1,0,76,15,0,0,0,57,0.7712570375656207,19.553539154622385,0.0,0.0,0.99,8,exponential
q_learning,shaped_eps-exponential_seed3,shaped,3,4a77b6e251,330,225,-106.74999999999969,-119.34499999999966,0.5165098699446222,0.15,0,out_of_energy,0,0,1,0,80,1,0,0,0,47,0.5478094436203237,18.546558086062806,0.0,0.0,0.99,8,exponential
q_learning,shaped_eps-exponential_seed3,shaped,3,4a77b6e251,331,225,-98.24999999999976,-119.19999999999968,0.515476850204733,0.15,0,out_of_energy,0,0,1,0,77,1,0,0,0,54,0.5228090493565192,15.796196639346553,0.0,0.0,0.99,8,exponential
q_learning,shaped_eps-exponential_seed3,shaped,3,4a77b6e251,332,225,-101.74999999999966,-119.08499999999967,0.5144458965043235,0.15,0,out_of_energy,0,0,1,0,78,1,0,0,0,50,0.49212158912746123,17.34939784462589,0.0,0.0,0.99,8,exponential
q_learning,shaped_eps-exponential_seed3,shaped,3,4a77b6e251,333,225,-104.24999999999962,-118.80999999999966,0.5134170047113148,0.15,0,out_of_energy,0,0,1,0,73,1,0,0,0,47,0.48133435942864783,19.610419061601668,0.0,0.0,0.99,8,exponential
q_learning,shaped_eps-exponential_seed3,shaped,3,4a77b6e251,334,225,-106.24999999999969,-118.70999999999967,0.5123901707018922,0.15,0,out_of_energy,0,0,1,0,77,2,0,0,0,52,0.5044304111384319,18.666560177684637,0.0,0.0,0.99,8,exponential
q_learning,shaped_eps-exponential_seed3,shaped,3,4a77b6e251,335,225,-93.24999999999969,-117.98999999999967,0.5113653903604884,0.15,0,out_of_energy,0,0,1,0,63,1,0,0,0,37,0.4561782167656746,20.186833222251128,0.0,0.0,0.99,8,exponential
q_learning,shaped_eps-exponential_seed3,shaped,3,4a77b6e251,336,225,-140.24999999999955,-118.36999999999968,0.5103426595797674,0.15,0,out_of_energy,0,0,1,0,69,8,0,0,0,51,0.5639253875880854,19.892658019005626,0.0,0.0,0.99,8,exponential
q_learning,shaped_eps-exponential_seed3,shaped,3,4a77b6e251,337,225,-106.74999999999969,-118.14999999999968,0.5093219742606079,0.15,0,out_of_energy,0,0,1,0,83,4,0,0,1,50,0.5901729900987966,16.56512722782174,0.0,0.0,0.99,8,exponential
q_learning,shaped_eps-exponential_seed3,shaped,3,4a77b6e251,338,225,-118.74999999999964,-118.21999999999967,0.5083033303120866,0.15,0,out_of_energy,0,0,1,0,70,6,0,0,0,44,0.49230813875606416,15.701368205539325,0.0,0.0,0.99,8,exponential
q_learning,shaped_eps-exponential_seed3,shaped,3,4a77b6e251,339,225,-96.74999999999969,-118.03499999999967,0.5072867236514624,0.15,0,out_of_energy,0,0,1,0,81,4,0,0,1,45,0.7329470909171952,20.083995098075928,0.0,0.0,0.99,8,exponential
q_learning,shaped_eps-exponential_seed3,shaped,3,4a77b6e251,340,225,-101.7499999999995,-118.05499999999967,0.5062721502041595,0.15,0,out_of_energy,0,0,1,0,69,6,0,0,1,43,0.6365722619178149,12.725648446168059,0.0,0.0,0.99,8,exponential
q_learning,shaped_eps-exponential_seed3,shaped,3,4a77b6e251,341,225,-102.74999999999976,-117.80999999999968,0.5052596059037512,0.15,0,out_of_energy,0,0,1,0,79,6,0,0,1,37,0.7702680443618762,18.020603094091946,0.0,0.0,0.99,8,exponential
q_learning,shaped_eps-exponential_seed3,shaped,3,4a77b6e251,342,225,-110.74999999999966,-117.87499999999966,0.5042490866919437,0.15,0,out_of_energy,0,0,1,0,80,0,0,0,0,49,0.46075218389143513,18.4675986298214,0.0,0.0,0.99,8,exponential
q_learning,shaped_eps-exponential_seed3,shaped,3,4a77b6e251,343,225,-100.74999999999973,-117.81499999999966,0.5032405885185598,0.15,0,out_of_energy,0,0,1,0,83,4,0,0,1,46,0.6598621821786307,20.344513274499867,0.0,0.0,0.99,8,exponential
q_learning,shaped_eps-exponential_seed3,shaped,3,4a77b6e251,344,225,-129.24999999999957,-117.69999999999968,0.5022341073415226,0.15,0,out_of_energy,0,0,1,0,96,6,0,0,1,48,0.7463972728357049,14.401063768850491,0.0,0.0,0.99,8,exponential
q_learning,shaped_eps-exponential_seed3,shaped,3,4a77b6e251,345,225,-122.74999999999949,-117.29999999999967,0.5012296391268396,0.15,0,out_of_energy,0,0,1,0,85,7,0,0,1,51,0.7227666441356524,13.425733217041909,0.0,0.0,0.99,8,exponential
q_learning,shaped_eps-exponential_seed3,shaped,3,4a77b6e251,346,225,-104.24999999999967,-116.67499999999966,0.5002271798485859,0.15,0,out_of_energy,0,0,1,0,74,7,0,0,1,39,0.7479078494404884,18.189776340037348,0.0,0.0,0.99,8,exponential
q_learning,shaped_eps-exponential_seed3,shaped,3,4a77b6e251,347,225,-128.7499999999996,-116.72499999999965,0.4992267254888887,0.15,0,out_of_energy,0,0,1,0,75,10,0,0,1,36,0.768313145076332,15.096262875440225,0.0,0.0,0.99,8,exponential
q_learning,shaped_eps-exponential_seed3,shaped,3,4a77b6e251,348,225,-102.24999999999976,-116.56999999999967,0.4982282720379109,0.15,0,out_of_energy,0,0,1,0,74,5,0,0,1,40,0.6622277004732513,13.028752947114546,0.0,0.0,0.99,8,exponential
q_learning,shaped_eps-exponential_seed3,shaped,3,4a77b6e251,349,225,-89.74999999999959,-116.32999999999967,0.4972318154938351,0.15,0,out_of_energy,0,0,1,0,69,5,0,0,1,40,0.5604064376590189,19.781252481309405,0.0,0.0,0.99,8,exponential
q_learning,shaped_eps-exponential_seed3,shaped,3,4a77b6e251,350,225,-128.24999999999957,-116.56499999999967,0.49623735186284745,0.15,0,out_of_energy,0,0,1,0,74,12,0,0,1,45,0.8616392325237489,20.3169722830431,0.0,0.0,0.99,8,exponential
q_learning,shaped_eps-exponential_seed3,shaped,3,4a77b6e251,351,225,-111.74999999999955,-116.36999999999965,0.49524487715912174,0.15,0,out_of_energy,0,0,1,0,77,8,0,0,1,46,0.7521242912369092,19.664676573496852,0.0,0.0,0.99,8,exponential
q_learning,shaped_eps-exponential_seed3,shaped,3,4a77b6e251,352,225,-98.74999999999974,-115.99999999999967,0.4942543874048035,0.15,0,out_of_energy,0,0,1,0,75,4,0,0,1,51,0.6770482940312089,13.155995353735687,0.0,0.0,0.99,8,exponential
q_learning,shaped_eps-exponential_seed3,shaped,3,4a77b6e251,353,225,-103.24999999999964,-115.81999999999967,0.4932658786299939,0.15,0,out_of_energy,0,0,1,0,75,0,0,0,0,42,0.43896348752218767,15.609040043854897,0.0,0.0,0.99,8,exponential
q_learning,shaped_eps-exponential_seed3,shaped,3,4a77b6e251,354,225,-126.74999999999969,-115.85999999999967,0.4922793468727339,0.15,0,out_of_energy,0,0,1,0,79,9,0,0,1,46,0.7312168904251343,13.946632047041119,0.0,0.0,0.99,8,exponential
q_learning,shaped_eps-exponential_seed3,shaped,3,4a77b6e251,355,225,-82.74999999999977,-115.16999999999966,0.4912947881789884,0.15,0,out_of_energy,0,0,1,0,65,3,0,0,1,40,0.5780911429574657,14.668782924001512,0.0,0.0,0.99,8,exponential
q_learning,shaped_eps-exponential_seed3,shaped,3,4a77b6e251,356,225,-111.74999999999952,-115.35499999999968,0.4903121986026304,0.15,0,out_of_energy,0,0,1,0,73,7,0,0,1,56,0.788628682516586,12.92416494515576,0.0,0.0,0.99,8,exponential
q_learning,shaped_eps-exponential_seed3,shaped,3,4a77b6e251,357,225,-80.74999999999979,-115.06499999999967,0.48933157420542517,0.15,0,out_of_energy,0,0,1,0,67,2,0,0,1,38,0.6504832567782969,11.500972698280401,0.0,0.0,0.99,8,exponential
q_learning,shaped_eps-exponential_seed3,shaped,3,4a77b6e251,358,225,-128.24999999999974,-115.16999999999967,0.48835291105701434,0.15,0,out_of_energy,0,0,1,0,76,10,0,0,1,41,0.6989134775795954,12.66814766327364,0.0,0.0,0.99,8,exponential
q_learning,shaped_eps-exponential_seed3,shaped,3,4a77b6e251,359,225,-107.7499999999998,-114.79499999999967,0.48737620523490033,0.15,0,out_of_energy,0,0,1,0,71,8,0,0,1,43,0.7147616945477007,19.296777299112165,0.0,0.0,0.99,8,exponential
q_learning,shaped_eps-exponential_seed3,shaped,3,4a77b6e251,360,225,-103.74999999999976,-114.48499999999967,0.48640145282443054,0.15,0,out_of_energy,0,0,1,0,81,4,0,0,1,51,0.6767033338238118,13.800007896377815,0.0,0.0,0.99,8,exponential
q_learning,shaped_eps-exponential_seed3,shaped,3,4a77b6e251,361,225,-110.24999999999952,-114.29999999999967,0.48542864991878165,0.15,0,out_of_energy,0,0,1,0,82,5,0,0,1,52,0.6169257033640351,12.904855053769982,0.0,0.0,0.99,8,exponential
q_learning,shaped_eps-exponential_seed3,shaped,3,4a77b6e251,362,225,-118.74999999999962,-114.24999999999967,0.48445779261894406,0.15,0,out_of_energy,0,0,1,0,59,12,0,0,1,41,0.746461258799522,19.698805331064836,0.0,0.0,0.99,8,exponential
q_learning,shaped_eps-exponential_seed3,shaped,3,4a77b6e251,363,225,-119.24999999999949,-114.23999999999967,0.4834888770337062,0.15,0,out_of_energy,0,0,1,0,76,10,0,0,1,52,0.710352063949059,19.301855622921572,0.0,0.0,0.99,8,exponential
q_learning,shaped_eps-exponential_seed3,shaped,3,4a77b6e251,364,225,-100.74999999999974,-113.73999999999967,0.4825218992796388,0.15,0,out_of_energy,0,0,1,0,81,6,0,0,1,42,0.7091688696492479,19.6175,0.0,0.0,0.99,8,exponential
q_learning,shaped_eps-exponential_seed3,shaped,3,4a77b6e251,365,225,-69.74999999999987,-112.72999999999968,0.4815568554810795,0.15,0,out_of_energy,0,0,1,0,63,2,0,0,1,39,0.5860158744427456,18.952134553636675,0.0,0.0,0.99,8,exponential
q_learning,shaped_eps-exponential_seed3,shaped,3,4a77b6e251,366,225,-100.24999999999976,-112.51499999999967,0.4805937417701174,0.15,0,out_of_energy,0,0,1,0,70,6,0,0,1,48,0.6811853110454732,18.468235137160143,0.0,0.0,0.99,8,exponential
q_learning,shaped_eps-exponential_seed3,shaped,3,4a77b6e251,367,225,-110.24999999999969,-112.51499999999967,0.47963255428657714,0.15,0,out_of_energy,0,0,1,0,94,4,0,0,1,45,0.7766015413460354,18.91863875137187,0.0,0.0,0.99,8,exponential
q_learning,shaped_eps-exponential_seed3,shaped,3,4a77b6e251,368,225,-138.74999999999946,-112.82499999999968,0.478673289178004,0.15,0,out_of_energy,0,0,1,0,83,13,0,0,1,49,0.7174063867602397,20.8259376875,0.0,0.0,0.99,8,exponential
q_learning,shaped_eps-exponential_seed3,shaped,3,4a77b6e251,369,225,-125.24999999999966,-112.92499999999967,0.477715942599648,0.15,0,out_of_energy,0,0,1,0,84,9,0,0,1,44,0.8162918137709155,18.679913377317675,0.0,0.0,0.99,8,exponential
q_learning,shaped_eps-exponential_seed3,shaped,3,4a77b6e251,370,225,-110.24999999999972,-112.93499999999968,0.4767605107144487,0.15,0,out_of_energy,0,0,1,0,84,6,0,0,1,40,0.7452925132620698,18.361295027419104,0.0,0.0,0.99,8,exponential
q_learning,shaped_eps-exponential_seed3,shaped,3,4a77b6e251,371,225,-91.74999999999991,-112.72999999999968,0.4758069896930198,0.15,0,out_of_energy,0,0,1,0,73,5,0,0,1,48,0.7230288661819845,19.57984599893637,0.0,0.0,0.99,8,exponential
q_learning,shaped_eps-exponential_seed3,shaped,3,4a77b6e251,372,225,-90.24999999999957,-111.94499999999967,0.4748553757136338,0.15,0,out_of_energy,0,0,1,0,72,5,0,0,1,48,0.7923644901184539,19.824195829503335,0.0,0.0,0.99,8,exponential
q_learning,shaped_eps-exponential_seed3,shaped,3,4a77b6e251,373,225,-96.24999999999974,-111.75999999999968,0.47390566496220654,0.15,0,out_of_energy,0,0,1,0,76,4,0,0,1,46,0.6860085670796722,18.664482191385993,0.0,0.0,0.99,8,exponential
q_learning,shaped_eps-exponential_seed3,shaped,3,4a77b6e251,374,225,-98.74999999999964,-111.59999999999967,0.47295785363228215,0.15,0,out_of_energy,0,0,1,0,87,4,0,0,1,46,0.7132122855509966,19.760416907581376,0.0,0.0,0.99,8,exponential
q_learning,shaped_eps-exponential_seed3,shaped,3,4a77b6e251,375,225,-122.74999999999946,-111.73999999999967,0.4720119379250176,0.15,0,out_of_energy,0,0,1,0,81,9,0,0,1,52,0.7208669859841643,19.232218028165992,0.0,0.0,0.99,8,exponential
q_learning,shaped_eps-exponential_seed3,shaped,3,4a77b6e251,376,225,-87.74999999999976,-111.72499999999967,0.4710679140491676,0.15,0,out_of_energy,0,0,1,0,77,2,0,0,1,41,0.6080165686628447,18.984184394902325,0.0,0.0,0.99,8,exponential
q_learning,shaped_eps-exponential_seed3,shaped,3,4a77b6e251,377,225,-138.24999999999991,-111.68999999999967,0.47012577822106927,0.15,0,out_of_energy,0,0,1,0,66,14,0,0,1,44,0.808218793048092,13.106419530506248,0.0,0.0,0.99,8,exponential
q_learning,shaped_eps-exponential_seed3,shaped,3,4a77b6e251,378,225,-88.7499999999997,-111.27499999999968,0.46918552666462715,0.15,0,out_of_energy,0,0,1,0,71,4,0,0,1,41,0.7696938922189123,19.855550818644808,0.0,0.0,0.99,8,exponential
q_learning,shaped_eps-exponential_seed3,shaped,3,4a77b6e251,379,225,-145.74999999999986,-111.60999999999967,0.46824715561129787,0.15,0,out_of_energy,0,0,1,0,75,14,0,0,1,38,0.9908515186140449,18.719461486576307,0.0,0.0,0.99,8,exponential
q_learning,shaped_eps-exponential_seed3,shaped,3,4a77b6e251,380,225,-105.24999999999959,-111.39999999999968,0.46731066130007526,0.15,0,out_of_energy,0,0,1,0,75,0,0,0,0,46,0.45124663811308846,16.67078844159028,0.0,0.0,0.99,8,exponential
q_learning,shaped_eps-exponential_seed3,shaped,3,4a77b6e251,381,225,-141.24999999999972,-111.88499999999968,0.4663760399774751,0.15,0,out_of_energy,0,0,1,0,84,11,0,0,1,51,0.8599117800423128,11.475057745218205,0.0,0.0,0.99,8,exponential
q_learning,shaped_eps-exponential_seed3,shaped,3,4a77b6e251,382,225,-112.24999999999976,-112.05499999999967,0.46544328789752015,0.15,0,out_of_energy,0,0,1,0,104,1,0,0,1,43,0.7319536095738969,11.982954016793837,0.0,0.0,0.99,8,exponential
q_learning,shaped_eps-exponential_seed3,shaped,3,4a77b6e251,383,225,-108.74999999999964,-111.90499999999967,0.4645124013217251,0.15,0,out_of_energy,0,0,1,0,65,9,0,0,1,49,0.7782707794738493,19.727459133754003,0.0,0.0,0.99,8,exponential
q_learning,shaped_eps-exponential_seed3,shaped,3,4a77b6e251,384,225,-108.24999999999962,-112.03499999999967,0.46358337651908166,0.15,0,out_of_energy,0,0,1,0,75,1,0,0,0,54,0.5551027367915318,18.957522271403484,0.0,0.0,0.99,8,exponential
q_learning,shaped_eps-exponential_seed3,shaped,3,4a77b6e251,385,225,-76.24999999999989,-111.44499999999967,0.4626562097660435,0.15,0,out_of_energy,0,0,1,0,64,4,0,0,1,40,0.6058188551914109,20.60137075685398,0.0,0.0,0.99,8,exponential
q_learning,shaped_eps-exponential_seed3,shaped,3,4a77b6e251,386,225,-99.24999999999966,-111.37999999999967,0.4617308973465114,0.15,0,out_of_energy,0,0,1,0,76,4,0,0,1,38,0.7116446179206409,13.40141080651383,0.0,0.0,0.99,8,exponential
q_learning,shaped_eps-exponential_seed3,shaped,3,4a77b6e251,387,225,-84.74999999999989,-111.20499999999967,0.46080743555181836,0.15,0,out_of_energy,0,0,1,0,75,2,0,0,1,48,0.6718976986274499,19.84544461682494,0.0,0.0,0.99,8,exponential
q_learning,shaped_eps-exponential_seed3,shaped,3,4a77b6e251,388,225,-126.24999999999967,-111.07999999999967,0.4598858206807147,0.15,0,out_of_energy,0,0,1,0,76,12,0,0,1,44,0.8660370395987257,26.1175,0.0,0.0,0.99,8,exponential
q_learning,shaped_eps-exponential_seed3,shaped,3,4a77b6e251,389,225,-86.24999999999987,-110.85999999999967,0.4589660490393533,0.15,0,out_of_energy,0,0,1,0,66,6,0,0,1,42,0.6155610291444891,18.90562296940247,0.0,0.0,0.99,8,exponential
q_learning,shaped_eps-exponential_seed3,shaped,3,4a77b6e251,390,225,-94.74999999999969,-110.36999999999968,0.45804811694127456,0.15,0,out_of_energy,0,0,1,0,69,5,0,0,1,37,0.6837219298725143,17.489346656634286,0.0,0.0,0.99,8,exponential
q_learning,shaped_eps-exponential_seed3,shaped,3,4a77b6e251,391,225,-106.24999999999967,-110.32999999999967,0.457132020707392,0.15,0,out_of_energy,0,0,1,0,82,6,0,0,1,40,0.6823357321129487,18.770509484412717,0.0,0.0,0.99,8,exponential
q_learning,shaped_eps-exponential_seed3,shaped,3,4a77b6e251,392,225,-87.74999999999974,-109.8799999999997,0.45621775666597725,0.15,0,out_of_energy,0,0,1,0,69,4,0,0,1,46,0.6552422351365577,20.779074305249114,0.0,0.0,0.99,8,exponential
q_learning,shaped_eps-exponential_seed3,shaped,3,4a77b6e251,393,225,-146.24999999999963,-110.2899999999997,0.45530532115264527,0.15,0,out_of_energy,0,0,1,0,80,15,0,0,1,54,0.9340268508320098,20.09042860540049,0.0,0.0,0.99,8,exponential
q_learning,shaped_eps-exponential_seed3,shaped,3,4a77b6e251,394,225,-99.24999999999979,-110.21999999999969,0.45439471051033997,0.15,0,out_of_energy,0,0,1,0,86,3,0,0,1,40,0.7008726422614824,17.861364723209185,0.0,0.0,0.99,8,exponential
q_learning,shaped_eps-exponential_seed3,shaped,3,4a77b6e251,395,225,-141.74999999999946,-110.2749999999997,0.4534859210893193,0.15,0,out_of_energy,0,0,1,0,73,14,0,0,1,42,0.9172561216906874,19.38774325711027,0.0,0.0,0.99,8,exponential
q_learning,shaped_eps-exponential_seed3,shaped,3,4a77b6e251,396,225,-90.74999999999982,-110.00499999999971,0.45257894924714065,0.15,0,out_of_energy,0,0,1,0,79,5,0,0,1,48,0.6779341088958702,20.892500000000002,0.0,0.0,0.99,8,exponential
q_learning,shaped_eps-exponential_seed3,shaped,3,4a77b6e251,397,225,-103.24999999999973,-109.7399999999997,0.4516737913486464,0.15,0,out_of_energy,0,0,1,0,68,8,0,0,1,38,0.7718706036387416,18.068055041047835,0.0,0.0,0.99,8,exponential
q_learning,shaped_eps-exponential_seed3,shaped,3,4a77b6e251,398,225,-108.74999999999976,-109.84499999999971,0.4507704437659491,0.15,0,out_of_energy,0,0,1,0,81,5,0,0,1,47,0.6532084317305125,11.3046221378028,0.0,0.0,0.99,8,exponential
q_learning,shaped_eps-exponential_seed3,shaped,3,4a77b6e251,399,225,-98.24999999999974,-109.74999999999969,0.4498689028784172,0.15,0,out_of_energy,0,0,1,0,78,6,0,0,1,61,0.8532071654324493,19.984338590504343,0.0,0.0,0.99,8,exponential
q_learning,shaped_eps-exponential_seed3,shaped,3,4a77b6e251,400,225,-104.74999999999969,-109.78499999999971,0.4489691650726603,0.15,0,out_of_energy,0,0,1,0,81,5,0,0,1,41,0.6725159558053266,18.222932198087417,0.0,0.0,0.99,8,exponential
q_learning,shaped_eps-exponential_seed3,shaped,3,4a77b6e251,401,225,-128.74999999999952,-109.9749999999997,0.448071226742515,0.15,0,out_of_energy,0,0,1,0,89,8,0,0,1,34,0.7510016310080881,17.29139258225108,0.0,0.0,0.99,8,exponential
q_learning,shaped_eps-exponential_seed3,shaped,3,4a77b6e251,402,225,-80.74999999999979,-109.6849999999997,0.44717508428902997,0.15,0,out_of_energy,0,0,1,0,65,5,0,0,1,42,0.6694166385092402,19.1603877829443,0.0,0.0,0.99,8,exponential
q_learning,shaped_eps-exponential_seed3,shaped,3,4a77b6e251,403,225,-112.74999999999957,-109.62999999999971,0.4462807341204519,0.15,0,out_of_energy,0,0,1,0,79,9,0,0,1,42,0.7824012052059738,20.55,0.0,0.0,0.99,8,exponential
q_learning,shaped_eps-exponential_seed3,shaped,3,4a77b6e251,404,225,-117.7499999999997,-109.4349999999997,0.445388172652211,0.15,0,out_of_energy,0,0,1,0,73,11,0,0,1,49,0.7268769895550556,19.599770707613956,0.0,0.0,0.99,8,exponential
q_learning,shaped_eps-exponential_seed3,shaped,3,4a77b6e251,405,225,-89.74999999999987,-109.27499999999971,0.44449739630690654,0.15,0,out_of_energy,0,0,1,0,75,3,0,0,1,45,0.6287770197085097,20.22057749325458,0.0,0.0,0.99,8,exponential
q_learning,shaped_eps-exponential_seed3,shaped,3,4a77b6e251,406,225,-99.24999999999973,-109.0199999999997,0.4436084015142927,0.15,0,out_of_energy,0,0,1,0,54,12,0,0,1,48,0.7817721204470781,24.7175,0.0,0.0,0.99,8,exponential
q_learning,shaped_eps-exponential_seed3,shaped,3,4a77b6e251,407,225,-76.74999999999994,-108.8999999999997,0.4427211847112641,0.15,0,out_of_energy,0,0,1,0,77,3,0,0,1,48,0.6377036485462344,20.4860439375,0.0,0.0,0.99,8,exponential
q_learning,shaped_eps-exponential_seed3,shaped,3,4a77b6e251,408,225,-139.24999999999952,-109.28499999999971,0.4418357423418416,0.15,0,out_of_energy,0,0,1,0,84,12,0,0,1,37,0.7188196311645152,18.905120285821596,0.0,0.0,0.99,8,exponential
q_learning,shaped_eps-exponential_seed3,shaped,3,4a77b6e251,409,225,-73.2499999999998,-108.7299999999997,0.44095207085715793,0.15,0,out_of_energy,0,0,1,0,58,5,0,0,1,42,0.5962859419817788,19.478836957520137,0.0,0.0,0.99,8,exponential
q_learning,shaped_eps-exponential_seed3,shaped,3,4a77b6e251,410,225,-109.7499999999997,-108.88999999999969,0.44007016671544363,0.15,0,out_of_energy,0,0,1,0,83,5,0,0,1,50,0.6179516849777287,21.280877708879796,0.0,0.0,0.99,8,exponential
q_learning,shaped_eps-exponential_seed3,shaped,3,4a77b6e251,411,225,-96.74999999999972,-108.77999999999969,0.43919002638201277,0.15,0,out_of_energy,0,0,1,0,71,7,0,0,1,41,0.6809314078055861,18.986755134168185,0.0,0.0,0.99,8,exponential
q_learning,shaped_eps-exponential_seed3,shaped,3,4a77b6e251,412,225,-79.74999999999979,-108.64499999999971,0.43831164632924874,0.15,0,out_of_energy,0,0,1,0,67,4,0,0,1,39,0.6379677411598726,18.16237021059759,0.0,0.0,0.99,8,exponential
q_learning,shaped_eps-exponential_seed3,shaped,3,4a77b6e251,413,225,-98.7499999999997,-108.80499999999971,0.43743502303659026,0.15,0,out_of_energy,0,0,1,0,73,6,0,0,1,47,0.6860795560248072,18.22905183442429,0.0,0.0,0.99,8,exponential
q_learning,shaped_eps-exponential_seed3,shaped,3,4a77b6e251,414,225,-93.24999999999976,-108.49499999999969,0.4365601529905171,0.15,0,out_of_energy,0,0,1,0,62,6,0,0,1,44,0.5121191660387118,11.588746052547826,0.0,0.0,0.99,8,exponential
q_learning,shaped_eps-exponential_seed3,shaped,3,4a77b6e251,415,225,-84.24999999999979,-108.48999999999971,0.43568703268453607,0.15,0,out_of_energy,0,0,1,0,78,4,0,0,1,46,0.6663648133196792,20.55,0.0,0.0,0.99,8,exponential
q_learning,shaped_eps-exponential_seed3,shaped,3,4a77b6e251,416,225,-89.24999999999977,-108.0099999999997,0.434815658619167,0.15,0,out_of_energy,0,0,1,0,76,4,0,0,1,45,0.705731054330589,17.131479167185034,0.0,0.0,0.99,8,exponential
q_learning,shaped_eps-exponential_seed3,shaped,3,4a77b6e251,417,225,-138.74999999999955,-108.20999999999971,0.43394602730192866,0.15,0,out_of_energy,0,0,1,0,75,12,0,0,1,39,0.6968234036097045,12.385872322085518,0.0,0.0,0.99,8,exponential
q_learning,shaped_eps-exponential_seed3,shaped,3,4a77b6e251,418,225,-112.74999999999969,-107.8199999999997,0.4330781352473248,0.15,0,out_of_energy,0,0,1,0,69,11,0,0,1,47,0.8402756839252882,19.693418937500002,0.0,0.0,0.99,8,exponential
q_learning,shaped_eps-exponential_seed3,shaped,3,4a77b6e251,419,225,-122.74999999999949,-108.12999999999971,0.43221197897683017,0.15,0,out_of_energy,0,0,1,0,89,8,0,0,1,49,0.7787098649667016,17.58901845487329,0.0,0.0,0.99,8,exponential
q_learning,shaped_eps-exponential_seed3,shaped,3,4a77b6e251,420,225,-117.74999999999974,-108.28999999999971,0.4313475550188765,0.15,0,out_of_energy,0,0,1,0,73,11,0,0,1,42,0.9921328822972741,20.392500000000002,0.0,0.0,0.99,8,exponential
q_learning,shaped_eps-exponential_seed3,shaped,3,4a77b6e251,421,225,-119.24999999999974,-108.35999999999972,0.4304848599088387,0.15,0,out_of_energy,0,0,1,0,74,9,0,0,1,44,0.8722429635796027,18.469894026825628,0.0,0.0,0.99,8,exponential
q_learning,shaped_eps-exponential_seed3,shaped,3,4a77b6e251,422,225,-76.74999999999991,-108.06999999999971,0.42962389018902103,0.15,0,out_of_energy,0,0,1,0,73,2,0,0,1,53,0.7097355413309908,17.99809468411601,0.0,0.0,0.99,8,exponential
q_learning,shaped_eps-exponential_seed3,shaped,3,4a77b6e251,423,225,-111.7499999999997,-107.73999999999971,0.428764642408643,0.15,0,out_of_energy,0,0,1,0,93,5,0,0,1,50,0.7364116188683015,17.77380059048856,0.0,0.0,0.99,8,exponential
q_learning,shaped_eps-exponential_seed3,shaped,3,4a77b6e251,424,225,-98.24999999999963,-107.4799999999997,0.4279071131238257,0.15,0,out_of_energy,0,0,1,0,72,8,0,0,1,53,0.7040232051058105,19.55,0.0,0.0,0.99,8,exponential
q_learning,shaped_eps-exponential_seed3,shaped,3,4a77b6e251,425,225,-75.24999999999994,-107.17999999999971,0.42705129889757804,0.15,0,out_of_energy,0,0,1,0,56,5,0,0,1,33,0.6915663549417367,18.407373463130615,0.0,0.0,0.99,8,exponential
q_learning,shaped_eps-exponential_seed3,shaped,3,4a77b6e251,426,225,-95.74999999999979,-106.99999999999972,0.42619719629978287,0.15,0,out_of_energy,0,0,1,0,81,5,0,0,1,45,0.6581501316365835,19.221061658867743,0.0,0.0,0.99,8,exponential
q_learning,shaped_eps-exponential_seed3,shaped,3,4a77b6e251,427,225,-102.74999999999953,-107.0599999999997,0.4253448019071833,0.15,0,out_of_energy,0,0,1,0,75,5,0,0,1,47,0.7899314824098403,10.354132540419593,0.0,0.0,0.99,8,exponential
q_learning,shaped_eps-exponential_seed3,shaped,3,4a77b6e251,428,225,-76.74999999999979,-106.46999999999971,0.424494112303369,0.15,0,out_of_energy,0,0,1,0,65,5,0,0,1,44,0.8053926014702898,20.596935318838657,0.0,0.0,0.99,8,exponential
q_learning,shaped_eps-exponential_seed3,shaped,3,4a77b6e251,429,225,-65.24999999999984,-105.27499999999971,0.42364512407876226,0.15,0,out_of_energy,0,0,1,0,68,3,0,0,1,33,0.6848661992655697,19.6175,0.0,0.0,0.99,8,exponential
q_learning,shaped_eps-exponential_seed3,shaped,3,4a77b6e251,430,225,-103.24999999999977,-105.23999999999971,0.4227978338306047,0.15,0,out_of_energy,0,0,1,0,72,9,0,0,1,42,0.7453742865430152,19.55,0.0,0.0,0.99,8,exponential
q_learning,shaped_eps-exponential_seed3,shaped,3,4a77b6e251,431,225,-65.25000000000003,-104.90999999999971,0.42195223816294347,0.15,0,out_of_energy,0,0,1,0,60,4,0,0,1,48,0.780445255736203,20.4675,0.0,0.0,0.99,8,exponential
q_learning,shaped_eps-exponential_seed3,shaped,3,4a77b6e251,432,225,-83.2499999999998,-104.72499999999971,0.4211083336866176,0.15,0,out_of_energy,0,0,1,0,70,3,0,0,1,46,0.6832067901856742,18.295733301096373,0.0,0.0,0.99,8,exponential
q_learning,shaped_eps-exponential_seed3,shaped,3,4a77b6e251,433,225,-94.74999999999974,-104.62999999999971,0.4202661170192444,0.15,0,out_of_energy,0,0,1,0,65,9,0,0,1,38,0.7070821994660834,19.6175,0.0,0.0,0.99,8,exponential
q_learning,shaped_eps-exponential_seed3,shaped,3,4a77b6e251,434,225,-82.24999999999974,-104.3899999999997,0.41942558478520586,0.15,0,out_of_energy,0,0,1,0,62,4,0,0,1,49,0.7082024019580687,20.00590265185612,0.0,0.0,0.99,8,exponential
q_learning,shaped_eps-exponential_seed3,shaped,3,4a77b6e251,435,225,-103.74999999999962,-104.4949999999997,0.4185867336156355,0.15,0,out_of_energy,0,0,1,0,83,4,0,0,1,50,0.6971733315269957,18.574040199423827,0.0,0.0,0.99,8,exponential
q_learning,shaped_eps-exponential_seed3,shaped,3,4a77b6e251,436,225,-97.24999999999976,-104.06499999999971,0.4177495601484042,0.15,0,out_of_energy,0,0,1,0,72,8,0,0,1,45,0.7302417582050745,20.44027419621118,0.0,0.0,0.99,8,exponential
q_learning,shaped_eps-exponential_seed3,shaped,3,4a77b6e251,437,225,-82.24999999999979,-103.81999999999971,0.4169140610281074,0.15,0,out_of_energy,0,0,1,0,74,1,0,0,1,53,0.6141891960072953,11.153692492480033,0.0,0.0,0.99,8,exponential
q_learning,shaped_eps-exponential_seed3,shaped,3,4a77b6e251,438,225,-52.25000000000007,-103.1549999999997,0.4160802329060512,0.15,0,out_of_energy,0,0,1,0,56,2,0,0,1,53,0.6977389755430824,21.127553341749245,0.0,0.0,0.99,8,exponential
q_learning,shaped_eps-exponential_seed3,shaped,3,4a77b6e251,439,225,-75.74999999999979,-102.94499999999972,0.4152480724402391,0.15,0,out_of_energy,0,0,1,0,73,3,0,0,1,41,0.7173068894070748,20.701649789065282,0.0,0.0,0.99,8,exponential
q_learning,shaped_eps-exponential_seed3,shaped,3,4a77b6e251,440,225,-95.2499999999998,-102.87999999999971,0.41441757629535864,0.15,0,out_of_energy,0,0,1,0,80,4,0,0,1,45,0.7417006594051527,16.712577878432302,0.0,0.0,0.99,8,exponential
q_learning,shaped_eps-exponential_seed3,shaped,3,4a77b6e251,441,225,-85.24999999999989,-102.70499999999973,0.4135887411427679,0.15,0,out_of_energy,0,0,1,0,72,5,0,0,1,51,0.714453462807029,19.59494146221875,0.0,0.0,0.99,8,exponential
q_learning,shaped_eps-exponential_seed3,shaped,3,4a77b6e251,442,225,-81.74999999999979,-102.41499999999972,0.41276156366048233,0.15,0,out_of_energy,0,0,1,0,57,6,0,0,1,41,0.6946466549424418,19.52339320693884,0.0,0.0,0.99,8,exponential
q_learning,shaped_eps-exponential_seed3,shaped,3,4a77b6e251,443,225,-76.74999999999983,-102.17499999999973,0.41193604053316135,0.15,0,out_of_energy,0,0,1,0,69,5,0,0,1,43,0.6588638335917661,21.05,0.0,0.0,0.99,8,exponential
q_learning,shaped_eps-exponential_seed3,shaped,3,4a77b6e251,444,225,-78.24999999999991,-101.66499999999972,0.41111216845209503,0.15,0,out_of_energy,0,0,1,0,70,3,0,0,1,42,0.6859531642207902,17.616789190189184,0.0,0.0,0.99,8,exponential
q_learning,shaped_eps-exponential_seed3,shaped,3,4a77b6e251,445,225,-118.74999999999977,-101.62499999999974,0.4102899441151908,0.15,0,out_of_energy,0,0,1,0,89,7,0,0,1,48,0.7701548864808582,17.476588833494134,0.0,0.0,0.99,8,exponential
q_learning,shaped_eps-exponential_seed3,shaped,3,4a77b6e251,446,225,-79.74999999999976,-101.37999999999974,0.40946936422696045,0.15,0,out_of_energy,0,0,1,0,73,3,0,0,1,53,0.7121399304333744,18.817799279526632,0.0,0.0,0.99,8,exponential
q_learning,shaped_eps-exponential_seed3,shaped,3,4a77b6e251,447,225,-77.74999999999976,-100.86999999999972,0.40865042549850655,0.15,0,out_of_energy,0,0,1,0,67,2,0,0,1,44,0.5650759074369464,16.428068606355918,0.0,0.0,0.99,8,exponential
q_learning,shaped_eps-exponential_seed3,shaped,3,4a77b6e251,448,225,-71.74999999999984,-100.56499999999974,0.40783312464750954,0.15,0,out_of_energy,0,0,1,0,67,2,0,0,1,44,0.6084114960763697,14.855100508470013,0.0,0.0,0.99,8,exponential
q_learning,shaped_eps-exponential_seed3,shaped,3,4a77b6e251,449,225,-98.24999999999967,-100.64999999999975,0.4070174583982145,0.15,0,out_of_energy,0,0,1,0,80,5,0,0,1,50,0.658791466228212,16.38212207995997,0.0,0.0,0.99,8,exponential
q_learning,shaped_eps-exponential_seed3,shaped,3,4a77b6e251,450,225,-108.74999999999974,-100.45499999999974,0.4062034234814181,0.15,0,out_of_energy,0,0,1,0,71,7,0,0,1,45,0.7144108365564259,10.21905071670281,0.0,0.0,0.99,8,exponential
q_learning,shaped_eps-exponential_seed3,shaped,3,4a77b6e251,451,225,-74.2499999999999,-100.07999999999974,0.40539101663445526,0.15,0,out_of_energy,0,0,1,0,70,2,0,0,1,39,0.6971274425256226,17.934138574592513,0.0,0.0,0.99,8,exponential
q_learning,shaped_eps-exponential_seed3,shaped,3,4a77b6e251,452,225,-86.74999999999993,-99.95999999999975,0.40458023460118636,0.15,0,out_of_energy,0,0,1,0,63,6,0,0,1,48,0.7115681566083624,14.764540045871252,0.0,0.0,0.99,8,exponential
q_learning,shaped_eps-exponential_seed3,shaped,3,4a77b6e251,453,225,-116.24999999999983,-100.08999999999975,0.403771074131984,0.15,0,out_of_energy,0,0,1,0,70,9,0,0,1,42,0.6967013851673773,16.253758452635978,0.0,0.0,0.99,8,exponential
q_learning,shaped_eps-exponential_seed3,shaped,3,4a77b6e251,454,225,-125.74999999999964,-100.07999999999974,0.40296353198372004,0.15,0,out_of_energy,0,0,1,0,81,12,0,0,1,40,0.8474358832218134,19.633809786053174,0.0,0.0,0.99,8,exponential
q_learning,shaped_eps-exponential_seed3,shaped,3,4a77b6e251,455,225,-117.74999999999953,-100.42999999999977,0.4021576049197526,0.15,0,out_of_energy,0,0,1,0,77,9,0,0,1,44,0.6737332797727102,18.10660189188839,0.0,0.0,0.99,8,exponential
q_learning,shaped_eps-exponential_seed3,shaped,3,4a77b6e251,456,225,-93.74999999999977,-100.24999999999976,0.40135328970991313,0.15,0,out_of_energy,0,0,1,0,75,5,0,0,1,41,0.697486119279768,16.145772818495328,0.0,0.0,0.99,8,exponential
q_learning,shaped_eps-exponential_seed3,shaped,3,4a77b6e251,457,225,-168.2499999999997,-101.12499999999974,0.4005505831304933,0.15,0,out_of_energy,0,0,1,0,98,16,0,0,1,59,0.9524611975218561,17.62213749205145,0.0,0.0,0.99,8,exponential
q_learning,shaped_eps-exponential_seed3,shaped,3,4a77b6e251,458,225,-105.7499999999995,-100.89999999999975,0.3997494819642323,0.15,0,out_of_energy,0,0,1,0,65,11,0,0,1,50,0.7564788536428902,17.01445561262907,0.0,0.0,0.99,8,exponential
q_learning,shaped_eps-exponential_seed3,shaped,3,4a77b6e251,459,225,-93.24999999999972,-100.75499999999974,0.3989499830003039,0.15,0,out_of_energy,0,0,1,0,76,4,0,0,1,44,0.6704470405008897,16.99366744878782,0.0,0.0,0.99,8,exponential
q_learning,shaped_eps-exponential_seed3,shaped,3,4a77b6e251,460,225,-73.74999999999972,-100.45499999999974,0.3981520830343033,0.15,0,out_of_energy,0,0,1,0,63,5,0,0,1,43,0.6424627788546844,20.020058150627722,0.0,0.0,0.99,8,exponential
q_learning,shaped_eps-exponential_seed3,shaped,3,4a77b6e251,461,225,-95.74999999999966,-100.30999999999975,0.39735577886823464,0.15,0,out_of_energy,0,0,1,0,70,1,0,0,0,41,0.5079080520906532,16.235223688848244,0.0,0.0,0.99,8,exponential
q_learning,shaped_eps-exponential_seed3,shaped,3,4a77b6e251,462,225,-95.74999999999952,-100.07999999999974,0.39656106731049817,0.15,0,out_of_energy,0,0,1,0,79,6,0,0,1,62,0.8155154556037084,19.960351169821937,0.0,0.0,0.99,8,exponential
q_learning,shaped_eps-exponential_seed3,shaped,3,4a77b6e251,463,225,-95.24999999999977,-99.83999999999975,0.39576794517587716,0.15,0,out_of_energy,0,0,1,0,78,5,0,0,1,46,0.7341267641937596,19.084637397684293,0.0,0.0,0.99,8,exponential
q_learning,shaped_eps-exponential_seed3,shaped,3,4a77b6e251,464,225,-129.74999999999952,-100.12999999999974,0.3949764092855254,0.15,0,out_of_energy,0,0,1,0,75,12,0,0,1,45,0.701702637963406,17.249764106270206,0.0,0.0,0.99,8,exponential
q_learning,shaped_eps-exponential_seed3,shaped,3,4a77b6e251,465,225,-89.24999999999969,-100.32499999999975,0.3941864564669544,0.15,0,out_of_energy,0,0,1,0,48,9,0,0,1,40,0.5400065726922332,17.323301110515672,0.0,0.0,0.99,8,exponential
q_learning,shaped_eps-exponential_seed3,shaped,3,4a77b6e251,466,225,-99.74999999999973,-100.31999999999975,0.39339808355402045,0.15,0,out_of_energy,0,0,1,0,81,6,0,0,1,47,0.6541151125469522,20.46027639202602,0.0,0.0,0.99,8,exponential
q_learning,shaped_eps-exponential_seed3,shaped,3,4a77b6e251,467,225,-102.24999999999973,-100.23999999999974,0.3926112873869124,0.15,0,out_of_energy,0,0,1,0,68,7,0,0,1,40,0.7220846538576183,17.30290444687294,0.0,0.0,0.99,8,exponential
q_learning,shaped_eps-exponential_seed3,shaped,3,4a77b6e251,468,225,-108.74999999999957,-99.93999999999974,0.3918260648121386,0.15,0,out_of_energy,0,0,1,0,77,7,0,0,1,48,0.7956949763933826,17.12712257728031,0.0,0.0,0.99,8,exponential
q_learning,shaped_eps-exponential_seed3,shaped,3,4a77b6e251,469,225,-75.24999999999982,-99.43999999999974,0.39104241268251433,0.15,0,out_of_energy,0,0,1,0,70,4,0,0,1,52,0.7069114100602073,18.844892749999822,0.0,0.0,0.99,8,exponential
q_learning,shaped_eps-exponential_seed3,shaped,3,4a77b6e251,470,225,-92.24999999999976,-99.25999999999975,0.3902603278571493,0.15,0,out_of_energy,0,0,1,0,68,7,0,0,1,40,0.7938979638806609,20.25962824520427,0.0,0.0,0.99,8,exponential
q_learning,shaped_eps-exponential_seed3,shaped,3,4a77b6e251,471,225,-102.74999999999979,-99.36999999999975,0.389479807201435,0.15,0,out_of_energy,0,0,1,0,71,7,0,0,1,54,0.8410822255644138,17.434974250121915,0.0,0.0,0.99,8,exponential
q_learning,shaped_eps-exponential_seed3,shaped,3,4a77b6e251,472,225,-107.74999999999962,-99.54499999999975,0.3887008475870321,0.15,0,out_of_energy,0,0,1,0,73,7,0,0,1,47,0.7065117315921112,18.9108496630066,0.0,0.0,0.99,8,exponential
q_learning,shaped_eps-exponential_seed3,shaped,3,4a77b6e251,473,225,-99.74999999999976,-99.57999999999974,0.38792344589185807,0.15,0,out_of_energy,0,0,1,0,81,6,0,0,1,48,0.7922821028976937,17.22849518234375,0.0,0.0,0.99,8,exponential
q_learning,shaped_eps-exponential_seed3,shaped,3,4a77b6e251,474,225,-121.74999999999962,-99.80999999999975,0.38714759900007434,0.15,0,out_of_energy,0,0,1,0,83,10,0,0,1,34,0.8885552334068594,19.60524875,0.0,0.0,0.99,8,exponential
q_learning,shaped_eps-exponential_seed3,shaped,3,4a77b6e251,475,225,-92.7499999999997,-99.50999999999976,0.3863733038020742,0.15,0,out_of_energy,0,0,1,0,75,6,0,0,1,53,0.670261166098798,19.730781702568457,0.0,0.0,0.99,8,exponential
q_learning,shaped_eps-exponential_seed3,shaped,3,4a77b6e251,476,225,-98.24999999999977,-99.61499999999974,0.38560055719447006,0.15,0,out_of_energy,0,0,1,0,70,6,0,0,1,40,0.7066590670237325,19.59125155090715,0.0,0.0,0.99,8,exponential
q_learning,shaped_eps-exponential_seed3,shaped,3,4a77b6e251,477,225,-96.74999999999986,-99.19999999999975,0.3848293560800811,0.15,0,out_of_energy,0,0,1,0,77,4,0,0,1,42,0.6889721530396739,17.40710015075425,0.0,0.0,0.99,8,exponential
q_learning,shaped_eps-exponential_seed3,shaped,3,4a77b6e251,478,225,-101.24999999999984,-99.32499999999975,0.38405969736792095,0.15,0,out_of_energy,0,0,1,0,68,8,0,0,1,45,0.6220913901422124,15.94117585752612,0.0,0.0,0.99,8,exponential
q_learning,shaped_eps-exponential_seed3,shaped,3,4a77b6e251,479,225,-73.24999999999994,-98.59999999999974,0.3832915779731851,0.15,0,out_of_energy,0,0,1,0,76,2,0,0,1,39,0.6233794440185192,18.941371547799722,0.0,0.0,0.99,8,exponential
q_learning,shaped_eps-exponential_seed3,shaped,3,4a77b6e251,480,225,-75.74999999999984,-98.30499999999975,0.38252499481723873,0.15,0,out_of_energy,0,0,1,0,71,2,0,0,1,40,0.6445796249328779,16.11844437328854,0.0,0.0,0.99,8,exponential
q_learning,shaped_eps-exponential_seed3,shaped,3,4a77b6e251,481,225,-119.74999999999969,-98.08999999999975,0.3817599448276042,0.15,0,out_of_energy,0,0,1,0,75,12,0,0,1,35,0.9944204189954058,26.05,0.0,0.0,0.99,8,exponential
q_learning,shaped_eps-exponential_seed3,shaped,3,4a77b6e251,482,225,-82.24999999999983,-97.78999999999975,0.380996424937949,0.15,0,out_of_energy,0,0,1,0,74,4,0,0,1,33,0.6481546679055031,19.328302532040023,0.0,0.0,0.99,8,exponential
q_learning,shaped_eps-exponential_seed3,shaped,3,4a77b6e251,483,225,-80.74999999999977,-97.50999999999975,0.3802344320880731,0.15,0,out_of_energy,0,0,1,0,69,5,0,0,1,45,0.8785274061692576,19.869599900716338,0.0,0.0,0.99,8,exponential
q_learning,shaped_eps-exponential_seed3,shaped,3,4a77b6e251,484,225,-68.75000000000003,-97.11499999999977,0.379473963223897,0.15,0,out_of_energy,0,0,1,0,71,3,0,0,1,40,0.7038099146747403,19.509793989045818,0.0,0.0,0.99,8,exponential
q_learning,shaped_eps-exponential_seed3,shaped,3,4a77b6e251,485,225,-81.7499999999997,-97.16999999999975,0.37871501529744916,0.15,0,out_of_energy,0,0,1,0,65,6,0,0,1,42,0.6728050632432128,16.889159915608886,0.0,0.0,0.99,8,exponential
q_learning,shaped_eps-exponential_seed3,shaped,3,4a77b6e251,486,225,-86.24999999999979,-97.03999999999975,0.37795758526685425,0.15,0,out_of_energy,0,0,1,0,78,4,0,0,1,40,0.7699054306178574,17.214510522306718,0.0,0.0,0.99,8,exponential
q_learning,shaped_eps-exponential_seed3,shaped,3,4a77b6e251,487,225,-84.25,-97.03499999999974,0.37720167009632055,0.15,0,out_of_energy,0,0,1,0,72,5,0,0,1,37,0.741529247488905,21.05,0.0,0.0,0.99,8,exponential
q_learning,shaped_eps-exponential_seed3,shaped,3,4a77b6e251,488,225,-133.2499999999996,-97.10499999999976,0.3764472667561279,0.15,0,out_of_energy,0,0,1,0,77,5,0,0,0,55,0.6847020801425523,16.395882286802674,0.0,0.0,0.99,8,exponential
q_learning,shaped_eps-exponential_seed3,shaped,3,4a77b6e251,489,225,-126.24999999999964,-97.50499999999974,0.37569437222261565,0.15,0,out_of_energy,0,0,1,0,59,7,0,0,0,35,0.5627684805057198,17.45776120289012,0.0,0.0,0.99,8,exponential
q_learning,shaped_eps-exponential_seed3,shaped,3,4a77b6e251,490,225,-83.74999999999997,-97.39499999999977,0.3749429834781704,0.15,0,out_of_energy,0,0,1,0,63,7,0,0,1,33,0.7131542361138203,19.632221159375,0.0,0.0,0.99,8,exponential
q_learning,shaped_eps-exponential_seed3,shaped,3,4a77b6e251,491,225,-62.25000000000007,-96.95499999999976,0.37419309751121405,0.15,0,out_of_energy,0,0,1,0,66,2,0,0,1,53,0.7409685756698334,19.961663144474823,0.0,0.0,0.99,8,exponential
q_learning,shaped_eps-exponential_seed3,shaped,3,4a77b6e251,492,225,-97.74999999999977,-97.05499999999977,0.3734447113161916,0.15,0,out_of_energy,0,0,1,0,73,5,0,0,1,47,0.5990870739439209,17.463247168653417,0.0,0.0,0.99,8,exponential
q_learning,shaped_eps-exponential_seed3,shaped,3,4a77b6e251,493,225,-60.74999999999987,-96.19999999999975,0.3726978218935592,0.15,0,out_of_energy,0,0,1,0,69,2,0,0,1,50,0.6968783637088549,20.4159189375,0.0,0.0,0.99,8,exponential
q_learning,shaped_eps-exponential_seed3,shaped,3,4a77b6e251,494,225,-129.74999999999977,-96.50499999999977,0.3719524262497721,0.15,0,out_of_energy,0,0,1,0,79,13,0,0,1,34,0.9070336150707947,19.713333949620218,0.0,0.0,0.99,8,exponential
q_learning,shaped_eps-exponential_seed3,shaped,3,4a77b6e251,495,225,-75.24999999999996,-95.83999999999978,0.37120852139727256,0.15,0,out_of_energy,0,0,1,0,64,6,0,0,1,40,0.8034692880246309,19.65496396221875,0.0,0.0,0.99,8,exponential
q_learning,shaped_eps-exponential_seed3,shaped,3,4a77b6e251,496,225,-105.74999999999969,-95.98999999999977,0.370466104354478,0.15,0,out_of_energy,0,0,1,0,67,11,0,0,1,49,0.8524215330487994,20.286864509925,0.0,0.0,0.99,8,exponential
q_learning,shaped_eps-exponential_seed3,shaped,3,4a77b6e251,497,225,-143.74999999999974,-96.39499999999977,0.36972517214576905,0.15,0,out_of_energy,0,0,1,0,75,16,0,0,1,53,0.9289093726318307,18.39715308106097,0.0,0.0,0.99,8,exponential
q_learning,shaped_eps-exponential_seed3,shaped,3,4a77b6e251,498,225,-55.25000000000003,-95.85999999999974,0.36898572180147754,0.15,0,out_of_energy,0,0,1,0,58,3,0,0,1,35,0.6239386724805468,19.694135756135275,0.0,0.0,0.99,8,exponential
q_learning,shaped_eps-exponential_seed3,shaped,3,4a77b6e251,499,225,-108.24999999999979,-95.95999999999977,0.3682477503578746,0.15,0,out_of_energy,0,0,1,0,64,10,0,0,1,50,0.8194512248041247,15.851090694516913,0.0,0.0,0.99,8,exponential
q_learning,shaped_eps-exponential_seed3,shaped,3,4a77b6e251,500,225,-72.74999999999974,-95.63999999999976,0.36751125485715885,0.15,0,out_of_energy,0,0,1,0,71,4,0,0,1,46,0.7093074058952814,20.63879906075921,0.0,0.0,0.99,8,exponential
q_learning,shaped_eps-exponential_seed3,shaped,3,4a77b6e251,501,225,-113.74999999999982,-95.48999999999978,0.36677623234744455,0.15,0,out_of_energy,0,0,1,0,71,11,0,0,1,45,0.7795426443033082,17.491808794904387,0.0,0.0,0.99,8,exponential
q_learning,shaped_eps-exponential_seed3,shaped,3,4a77b6e251,502,225,-133.7499999999997,-96.01999999999978,0.3660426798827497,0.15,0,out_of_energy,0,0,1,0,69,15,0,0,1,37,0.9177068324936072,20.55,0.0,0.0,0.99,8,exponential
q_learning,shaped_eps-exponential_seed3,shaped,3,4a77b6e251,503,225,-68.74999999999983,-95.57999999999979,0.3653105945229842,0.15,0,out_of_energy,0,0,1,0,63,4,0,0,1,44,0.8038625107565082,19.392500000000002,0.0,0.0,0.99,8,exponential
q_learning,shaped_eps-exponential_seed3,shaped,3,4a77b6e251,504,225,-77.24999999999974,-95.17499999999978,0.3645799733339382,0.15,0,out_of_energy,0,0,1,0,64,6,0,0,1,39,0.7842729308498838,20.892500000000002,0.0,0.0,0.99,8,exponential
q_learning,shaped_eps-exponential_seed3,shaped,3,4a77b6e251,505,225,-140.24999999999972,-95.67999999999978,0.3638508133872703,0.15,0,out_of_energy,0,0,1,0,74,16,0,0,1,41,0.9921814393146589,18.381151593155085,0.0,0.0,0.99,8,exponential
q_learning,shaped_eps-exponential_seed3,shaped,3,4a77b6e251,506,225,-97.24999999999973,-95.65999999999978,0.3631231117604958,0.15,0,out_of_energy,0,0,1,0,72,8,0,0,1,45,0.842270259834502,23.921416083031563,0.0,0.0,0.99,8,exponential
q_learning,shaped_eps-exponential_seed3,shaped,3,4a77b6e251,507,225,-67.74999999999997,-95.56999999999978,0.3623968655369748,0.15,0,out_of_energy,0,0,1,0,65,3,0,0,1,47,0.6751246000519118,21.05,0.0,0.0,0.99,8,exponential
q_learning,shaped_eps-exponential_seed3,shaped,3,4a77b6e251,508,225,-69.24999999999997,-94.86999999999978,0.3616720718059009,0.15,0,out_of_energy,0,0,1,0,66,4,0,0,1,51,0.7136554776342768,19.665169955520263,0.0,0.0,0.99,8,exponential
q_learning,shaped_eps-exponential_seed3,shaped,3,4a77b6e251,509,225,-71.24999999999983,-94.84999999999978,0.3609487276622891,0.15,0,out_of_energy,0,0,1,0,72,2,0,0,1,37,0.6482165295366404,20.35028245390279,0.0,0.0,0.99,8,exponential
q_learning,shaped_eps-exponential_seed3,shaped,3,4a77b6e251,510,225,-68.24999999999999,-94.43499999999977,0.3602268302069645,0.15,0,out_of_energy,0,0,1,0,70,2,0,0,1,46,0.666041352709228,19.364162097867606,0.0,0.0,0.99,8,exponential
q_learning,shaped_eps-exponential_seed3,shaped,3,4a77b6e251,511,225,-76.24999999999982,-94.22999999999978,0.35950637654655054,0.15,0,out_of_energy,0,0,1,0,72,3,0,0,1,55,0.7140739076966495,19.23523625,0.0,0.0,0.99,8,exponential
q_learning,shaped_eps-exponential_seed3,shaped,3,4a77b6e251,512,225,-87.74999999999986,-94.30999999999977,0.35878736379345744,0.15,0,out_of_energy,0,0,1,0,73,5,0,0,1,49,0.7086344528297334,17.60043061818961,0.0,0.0,0.99,8,exponential
q_learning,shaped_eps-exponential_seed3,shaped,3,4a77b6e251,513,225,-68.24999999999996,-94.00499999999978,0.3580697890658705,0.15,0,out_of_energy,0,0,1,0,66,3,0,0,1,48,0.7575417410462827,21.117629816681923,0.0,0.0,0.99,8,exponential
q_learning,shaped_eps-exponential_seed3,shaped,3,4a77b6e251,514,225,-60.24999999999996,-93.67499999999978,0.35735364948773873,0.15,0,out_of_energy,0,0,1,0,64,2,0,0,1,37,0.6199230703211355,20.421416083031563,0.0,0.0,0.99,8,exponential
q_learning,shaped_eps-exponential_seed3,shaped,3,4a77b6e251,515,225,-82.24999999999973,-93.65499999999979,0.35663894218876324,0.15,0,out_of_energy,0,0,1,0,76,4,0,0,1,46,0.7696067954397731,17.859584842167187,0.0,0.0,0.99,8,exponential
q_learning,shaped_eps-exponential_seed3,shaped,3,4a77b6e251,516,225,-64.75000000000009,-93.40999999999978,0.3559256643043857,0.15,0,out_of_energy,0,0,1,0,49,6,0,0,1,48,0.8217927414725457,19.55,0.0,0.0,0.99,8,exponential
q_learning,shaped_eps-exponential_seed3,shaped,3,4a77b6e251,517,225,-72.24999999999983,-92.74499999999978,0.3552138129757769,0.15,0,out_of_energy,0,0,1,0,70,3,0,0,1,43,0.6935169453000963,19.589629019050918,0.0,0.0,0.99,8,exponential
q_learning,shaped_eps-exponential_seed3,shaped,3,4a77b6e251,518,225,-74.25,-92.35999999999979,0.35450338534982534,0.15,0,out_of_energy,0,0,1,0,72,4,0,0,1,36,0.7691237577524781,19.300281847531252,0.0,0.0,0.99,8,exponential
q_learning,shaped_eps-exponential_seed3,shaped,3,4a77b6e251,519,225,-70.24999999999976,-91.83499999999978,0.3537943785791257,0.15,0,out_of_energy,0,0,1,0,62,5,0,0,1,45,0.7607316749590435,20.4159189375,0.0,0.0,0.99,8,exponential
q_learning,shaped_eps-exponential_seed3,shaped,3,4a77b6e251,520,225,-85.2499999999998,-91.5099999999998,0.35308678982196745,0.15,0,out_of_energy,0,0,1,0,76,4,0,0,1,45,0.7206147827133591,19.71977524054677,0.0,0.0,0.99,8,exponential
q_learning,shaped_eps-exponential_seed3,shaped,3,4a77b6e251,521,225,-92.2499999999999,-91.23999999999978,0.35238061624232353,0.15,0,out_of_energy,0,0,1,0,76,7,0,0,1,46,0.7825380880276581,19.547375000000002,0.0,0.0,0.99,8,exponential
q_learning,shaped_eps-exponential_seed3,shaped,3,4a77b6e251,522,225,-73.2499999999998,-91.2049999999998,0.3516758550098389,0.15,0,out_of_energy,0,0,1,0,72,3,0,0,1,55,0.6845098123729673,19.30769921650544,0.0,0.0,0.99,8,exponential
q_learning,shaped_eps-exponential_seed3,shaped,3,4a77b6e251,523,225,-80.24999999999984,-90.88999999999979,0.3509725032998192,0.15,0,out_of_energy,0,0,1,0,68,5,0,0,1,46,0.8413313241467113,18.150551340430134,0.0,0.0,0.99,8,exponential
q_learning,shaped_eps-exponential_seed3,shaped,3,4a77b6e251,524,225,-88.24999999999983,-90.7899999999998,0.35027055829321957,0.15,0,out_of_energy,0,0,1,0,78,3,0,0,1,59,0.7938516682004413,17.75893886837795,0.0,0.0,0.99,8,exponential
q_learning,shaped_eps-exponential_seed3,shaped,3,4a77b6e251,525,225,-61.25,-90.6499999999998,0.3495700171766331,0.15,0,out_of_energy,0,0,1,0,62,3,0,0,1,50,0.6674543735237133,20.55,0.0,0.0,0.99,8,exponential
q_learning,shaped_eps-exponential_seed3,shaped,3,4a77b6e251,526,225,-98.24999999999976,-90.6749999999998,0.3488708771422798,0.15,0,out_of_energy,0,0,1,0,70,9,0,0,1,44,0.8413724613022666,20.193146857030758,0.0,0.0,0.99,8,exponential
q_learning,shaped_eps-exponential_seed3,shaped,3,4a77b6e251,527,225,-114.24999999999974,-90.78999999999982,0.34817313538799527,0.15,0,out_of_energy,0,0,1,0,74,12,0,0,1,40,0.8933621213399268,19.55,0.0,0.0,0.99,8,exponential
q_learning,shaped_eps-exponential_seed3,shaped,3,4a77b6e251,528,225,-71.25000000000001,-90.73499999999981,0.3474767891172193,0.15,0,out_of_energy,0,0,1,0,58,5,0,0,1,41,0.8030423510617942,21.143856227725713,0.0,0.0,0.99,8,exponential
q_learning,shaped_eps-exponential_seed3,shaped,3,4a77b6e251,529,225,-69.74999999999976,-90.77999999999982,0.34678183553898484,0.15,0,out_of_energy,0,0,1,0,69,4,0,0,1,47,0.6839706073546234,19.293701191807813,0.0,0.0,0.99,8,exponential
q_learning,shaped_eps-exponential_seed3,shaped,3,4a77b6e251,530,225,-75.24999999999976,-90.4999999999998,0.34608827186790686,0.15,0,out_of_energy,0,0,1,0,68,5,0,0,1,44,0.6896074762214247,16.740015392714984,0.0,0.0,0.99,8,exponential
q_learning,shaped_eps-exponential_seed3,shaped,3,4a77b6e251,531,225,-149.7499999999998,-91.34499999999981,0.34539609532417104,0.15,0,out_of_energy,0,0,1,0,77,18,0,0,1,44,1.026990394160159,18.946563027394156,0.0,0.0,0.99,8,exponential
q_learning,shaped_eps-exponential_seed3,shaped,3,4a77b6e251,532,225,-77.74999999999977,-91.28999999999982,0.3447053031335227,0.15,0,out_of_energy,0,0,1,0,63,5,0,0,1,44,0.7230010096157833,20.684035345427574,0.0,0.0,0.99,8,exponential
q_learning,shaped_eps-exponential_seed3,shaped,3,4a77b6e251,533,225,-93.24999999999987,-91.27499999999982,0.3440158925272557,0.15,0,out_of_energy,0,0,1,0,66,9,0,0,1,53,0.8061962623104629,20.10572079911675,0.0,0.0,0.99,8,exponential
q_learning,shaped_eps-exponential_seed3,shaped,3,4a77b6e251,534,225,-105.74999999999989,-91.5099999999998,0.3433278607422012,0.15,0,out_of_energy,0,0,1,0,71,9,0,0,1,37,0.7872510887936989,20.077974553685358,0.0,0.0,0.99,8,exponential
q_learning,shaped_eps-exponential_seed3,shaped,3,4a77b6e251,535,225,-64.25000000000004,-91.11499999999982,0.34264120502071677,0.15,0,out_of_energy,0,0,1,0,66,2,0,0,1,37,0.6973516373030588,19.058727646749524,0.0,0.0,0.99,8,exponential
q_learning,shaped_eps-exponential_seed3,shaped,3,4a77b6e251,536,225,-61.24999999999997,-90.75499999999982,0.3419559226106753,0.15,0,out_of_energy,0,0,1,0,68,2,0,0,1,47,0.6196662957798705,20.75312448636586,0.0,0.0,0.99,8,exponential
q_learning,shaped_eps-exponential_seed3,shaped,3,4a77b6e251,537,225,-117.24999999999962,-91.10499999999982,0.34127201076545394,0.15,0,out_of_energy,0,0,1,0,90,7,0,0,1,50,0.7817993459369262,18.034441119685724,0.0,0.0,0.99,8,exponential
q_learning,shaped_eps-exponential_seed3,shaped,3,4a77b6e251,538,225,-74.75,-91.3299999999998,0.34058946674392304,0.15,0,out_of_energy,0,0,1,0,57,7,0,0,1,43,0.8531661588319647,19.539782226575742,0.0,0.0,0.99,8,exponential
q_learning,shaped_eps-exponential_seed3,shaped,3,4a77b6e251,539,225,-54.250000000000114,-91.11499999999982,0.3399082878104352,0.15,0,out_of_energy,0,0,1,0,56,3,0,0,1,39,0.6617849030038357,17.110933267207106,0.0,0.0,0.99,8,exponential
q_learning,shaped_eps-exponential_seed3,shaped,3,4a77b6e251,540,225,-96.24999999999959,-91.12499999999982,0.3392284712348143,0.15,0,out_of_energy,0,0,1,0,62,9,0,0,1,45,0.705380750907715,17.199918499737095,0.0,0.0,0.99,8,exponential
q_learning,shaped_eps-exponential_seed3,shaped,3,4a77b6e251,541,225,-94.24999999999993,-91.21499999999982,0.33855001429234466,0.15,0,out_of_energy,0,0,1,0,66,9,0,0,1,43,0.8027591720474206,19.361780159210845,0.0,0.0,0.99,8,exponential
q_learning,shaped_eps-exponential_seed3,shaped,3,4a77b6e251,542,225,-64.2499999999998,-91.03999999999982,0.33787291426376,0.15,0,out_of_energy,0,0,1,0,60,4,0,0,1,39,0.6328262583866411,20.32647856868171,0.0,0.0,0.99,8,exponential
q_learning,shaped_eps-exponential_seed3,shaped,3,4a77b6e251,543,225,-76.24999999999973,-91.03499999999981,0.33719716843523245,0.15,0,out_of_energy,0,0,1,0,72,4,0,0,1,48,0.7203118591057887,20.17933824800099,0.0,0.0,0.99,8,exponential
q_learning,shaped_eps-exponential_seed3,shaped,3,4a77b6e251,544,225,-62.25000000000007,-90.87499999999982,0.336522774098362,0.15,0,out_of_energy,0,0,1,0,62,2,0,0,1,41,0.7156099180661004,20.148062319770617,0.0,0.0,0.99,8,exponential
q_learning,shaped_eps-exponential_seed3,shaped,3,4a77b6e251,545,225,-70.75000000000001,-90.39499999999981,0.33584972855016526,0.15,0,out_of_energy,0,0,1,0,61,5,0,0,1,45,0.7423890509629413,19.30311784817828,0.0,0.0,0.99,8,exponential
q_learning,shaped_eps-exponential_seed3,shaped,3,4a77b6e251,546,225,-84.24999999999969,-90.43999999999981,0.33517802909306493,0.15,0,out_of_energy,0,0,1,0,60,7,0,0,1,47,0.7639738871567622,18.963770296969262,0.0,0.0,0.99,8,exponential
q_learning,shaped_eps-exponential_seed3,shaped,3,4a77b6e251,547,225,-84.74999999999991,-90.50999999999982,0.3345076730348788,0.15,0,out_of_energy,0,0,1,0,61,7,0,0,1,42,0.7577638775174341,19.59095531830425,0.0,0.0,0.99,8,exponential
q_learning,shaped_eps-exponential_seed3,shaped,3,4a77b6e251,548,225,-51.25000000000013,-90.30499999999982,0.33383865768880905,0.15,0,out_of_energy,0,0,1,0,58,2,0,0,1,40,0.6546355431382119,18.064331112361693,0.0,0.0,0.99,8,exponential
q_learning,shaped_eps-exponential_seed3,shaped,3,4a77b6e251,549,225,-90.24999999999993,-90.22499999999982,0.3331709803734314,0.15,0,out_of_energy,0,0,1,0,64,8,0,0,1,45,0.8761578977611482,18.397383875026406,0.0,0.0,0.99,8,exponential
q_learning,shaped_eps-exponential_seed3,shaped,3,4a77b6e251,550,225,-59.7500000000001,-89.73499999999981,0.3325046384126845,0.15,0,out_of_energy,0,0,1,0,55,4,0,0,1,56,0.7552117584214069,23.31742267784375,0.0,0.0,0.99,8,exponential
q_learning,shaped_eps-exponential_seed3,shaped,3,4a77b6e251,551,225,-61.25000000000003,-89.60499999999982,0.3318396291358591,0.15,0,out_of_energy,0,0,1,0,52,4,0,0,1,36,0.6628202695868539,18.808036072864706,0.0,0.0,0.99,8,exponential
q_learning,shaped_eps-exponential_seed3,shaped,3,4a77b6e251,552,225,-56.750000000000085,-89.30499999999982,0.3311759498775874,0.15,0,out_of_energy,0,0,1,0,59,3,0,0,1,41,0.6775360131061378,19.95089105450814,0.0,0.0,0.99,8,exponential
q_learning,shaped_eps-exponential_seed3,shaped,3,4a77b6e251,553,225,-112.24999999999966,-89.26499999999982,0.33051359797783225,0.15,0,out_of_energy,0,0,1,0,74,10,0,0,1,43,0.8064256354105689,17.163392460422816,0.0,0.0,0.99,8,exponential
q_learning,shaped_eps-exponential_seed3,shaped,3,4a77b6e251,554,225,-67.25000000000003,-88.67999999999984,0.3298525707818766,0.15,0,out_of_energy,0,0,1,0,64,3,0,0,1,45,0.7916310872572477,19.02845161991111,0.0,0.0,0.99,8,exponential
q_learning,shaped_eps-exponential_seed3,shaped,3,4a77b6e251,555,225,-70.24999999999987,-88.20499999999984,0.3291928656403128,0.15,0,out_of_energy,0,0,1,0,58,5,0,0,1,39,0.60512771890048,17.733768779936298,0.0,0.0,0.99,8,exponential
q_learning,shaped_eps-exponential_seed3,shaped,3,4a77b6e251,556,225,-67.24999999999994,-87.93999999999984,0.3285344799090322,0.15,0,out_of_energy,0,0,1,0,70,3,0,0,1,45,0.7515578008699333,20.006875015398293,0.0,0.0,0.99,8,exponential
q_learning,shaped_eps-exponential_seed3,shaped,3,4a77b6e251,557,225,-85.25,-87.10999999999984,0.32787741094921413,0.15,0,out_of_energy,0,0,1,0,68,6,0,0,1,45,0.7035957228306442,18.574424284652427,0.0,0.0,0.99,8,exponential
q_learning,shaped_eps-exponential_seed3,shaped,3,4a77b6e251,558,225,-82.24999999999979,-86.87499999999986,0.3272216561273157,0.15,0,out_of_energy,0,0,1,0,56,8,0,0,1,42,0.758680664876694,20.44134354166925,0.0,0.0,0.99,8,exponential
q_learning,shaped_eps-exponential_seed3,shaped,3,4a77b6e251,559,225,-88.24999999999973,-86.82499999999986,0.32656721281506107,0.15,0,out_of_energy,0,0,1,0,72,6,0,0,1,55,0.7958109098038876,18.515111160107377,0.0,0.0,0.99,8,exponential
q_learning,shaped_eps-exponential_seed3,shaped,3,4a77b6e251,560,225,-69.24999999999993,-86.77999999999986,0.32591407838943093,0.15,0,out_of_energy,0,0,1,0,58,5,0,0,1,39,0.7338733264440535,17.983280881634688,0.0,0.0,0.99,8,exponential
q_learning,shaped_eps-exponential_seed3,shaped,3,4a77b6e251,561,225,-96.24999999999983,-86.78499999999985,0.32526225023265204,0.15,0,out_of_energy,0,0,1,0,70,9,0,0,1,36,0.8617642824486954,18.84986577396223,0.0,0.0,0.99,8,exponential
q_learning,shaped_eps-exponential_seed3,shaped,3,4a77b6e251,562,225,-87.24999999999989,-86.69999999999986,0.3246117257321867,0.15,0,out_of_energy,0,0,1,0,72,6,0,0,1,57,0.764656440471456,19.17314115140467,0.0,0.0,0.99,8,exponential
q_learning,shaped_eps-exponential_seed3,shaped,3,4a77b6e251,563,225,-121.74999999999973,-86.96499999999986,0.3239625022807223,0.15,0,out_of_energy,0,0,1,0,77,12,0,0,1,45,0.7416155998013403,19.709436860225644,0.0,0.0,0.99,8,exponential
q_learning,shaped_eps-exponential_seed3,shaped,3,4a77b6e251,564,225,-65.2500000000001,-86.31999999999985,0.32331457727616086,0.15,0,out_of_energy,0,0,1,0,56,5,0,0,1,42,0.67694447584729,18.897502188642857,0.0,0.0,0.99,8,exponential
q_learning,shaped_eps-exponential_seed3,shaped,3,4a77b6e251,565,225,-88.24999999999983,-86.30999999999986,0.32266794812160854,0.15,0,out_of_energy,0,0,1,0,58,9,0,0,1,49,0.7189496868741568,19.665418294882407,0.0,0.0,0.99,8,exponential
q_learning,shaped_eps-exponential_seed3,shaped,3,4a77b6e251,566,225,-64.24999999999987,-85.95499999999986,0.3220226122253653,0.15,0,out_of_energy,0,0,1,0,62,4,0,0,1,45,0.7214314332639261,17.74908798711206,0.0,0.0,0.99,8,exponential
q_learning,shaped_eps-exponential_seed3,shaped,3,4a77b6e251,567,225,-75.74999999999994,-85.68999999999986,0.3213785670009146,0.15,0,out_of_energy,0,0,1,0,67,5,0,0,1,38,0.7531963482639434,20.23523625,0.0,0.0,0.99,8,exponential
q_learning,shaped_eps-exponential_seed3,shaped,3,4a77b6e251,568,225,-77.24999999999974,-85.37499999999986,0.3207358098669128,0.15,0,out_of_energy,0,0,1,0,64,6,0,0,1,44,0.7282285694343904,20.630419587506907,0.0,0.0,0.99,8,exponential
q_learning,shaped_eps-exponential_seed3,shaped,3,4a77b6e251,569,225,-61.75,-85.23999999999985,0.320094338247179,0.15,0,out_of_energy,0,0,1,0,63,4,0,2,1,48,0.7015503003898367,19.6175,0.0,0.0,0.99,8,exponential
q_learning,shaped_eps-exponential_seed3,shaped,3,4a77b6e251,570,225,-51.75000000000009,-84.83499999999985,0.31945414957068463,0.15,0,out_of_energy,0,0,1,0,59,2,0,0,1,43,0.6633330477551681,20.01586065752018,0.0,0.0,0.99,8,exponential
q_learning,shaped_eps-exponential_seed3,shaped,3,4a77b6e251,571,225,-105.74999999999974,-84.86499999999987,0.31881524127154326,0.15,0,out_of_energy,0,0,1,0,73,9,0,0,1,58,0.9375429601977038,18.555931309987514,0.0,0.0,0.99,8,exponential
q_learning,shaped_eps-exponential_seed3,shaped,3,4a77b6e251,572,225,-70.25000000000003,-84.48999999999985,0.3181776107890002,0.15,0,out_of_energy,0,0,1,0,68,3,0,0,1,43,0.6727087508062736,20.17243625389539,0.0,0.0,0.99,8,exponential
q_learning,shaped_eps-exponential_seed3,shaped,3,4a77b6e251,573,225,-88.24999999999977,-84.37499999999986,0.3175412555674222,0.15,0,out_of_energy,0,0,1,0,64,8,0,0,1,52,0.8493247792984476,18.228628315051388,0.0,0.0,0.99,8,exponential
q_learning,shaped_eps-exponential_seed3,shaped,3,4a77b6e251,574,225,-84.74999999999991,-84.00499999999987,0.3169061730562873,0.15,0,out_of_energy,0,0,1,0,63,8,0,0,1,51,0.7885359498363579,18.03731276530807,0.0,0.0,0.99,8,exponential
q_learning,shaped_eps-exponential_seed3,shaped,3,4a77b6e251,575,225,-66.74999999999994,-83.74499999999988,0.3162723607101747,0.15,0,out_of_energy,0,0,1,0,69,2,0,0,1,47,0.669499641415085,18.935800549440586,0.0,0.0,0.99,8,exponential
q_learning,shaped_eps-exponential_seed3,shaped,3,4a77b6e251,576,225,-62.750000000000085,-83.38999999999987,0.3156398159887544,0.15,0,out_of_energy,0,0,1,0,67,3,0,0,1,39,0.7062998778100233,17.621795220704197,0.0,0.0,0.99,8,exponential
q_learning,shaped_eps-exponential_seed3,shaped,3,4a77b6e251,577,225,-66.75000000000003,-83.08999999999988,0.3150085363567769,0.15,0,out_of_energy,0,0,1,0,61,4,0,0,1,48,0.8542800628565546,22.47104133699272,0.0,0.0,0.99,8,exponential
q_learning,shaped_eps-exponential_seed3,shaped,3,4a77b6e251,578,225,-61.24999999999996,-82.68999999999987,0.31437851928406335,0.15,0,out_of_energy,0,0,1,0,54,5,0,0,1,45,0.6745739141346131,18.674387092931212,0.0,0.0,0.99,8,exponential
q_learning,shaped_eps-exponential_seed3,shaped,3,4a77b6e251,579,225,-113.74999999999972,-83.09499999999987,0.3137497622454952,0.15,0,out_of_energy,0,0,1,0,75,11,0,0,1,51,0.8262029920084443,18.607722243773704,0.0,0.0,0.99,8,exponential
q_learning,shaped_eps-exponential_seed3,shaped,3,4a77b6e251,580,225,-72.24999999999972,-83.05999999999987,0.31312226272100424,0.15,0,out_of_energy,0,0,1,0,64,5,0,0,1,47,0.7123292704970648,18.45242168277235,0.0,0.0,0.99,8,exponential
q_learning,shaped_eps-exponential_seed3,shaped,3,4a77b6e251,581,225,-73.74999999999993,-82.59999999999987,0.3124960181955622,0.15,0,out_of_energy,0,0,1,0,57,6,0,0,1,39,0.7496986773135192,19.55,0.0,0.0,0.99,8,exponential
q_learning,shaped_eps-exponential_seed3,shaped,3,4a77b6e251,582,225,-67.24999999999994,-82.44999999999987,0.3118710261591711,0.15,0,out_of_energy,0,0,1,0,64,4,0,0,1,46,0.7308394456438358,18.042124709249826,0.0,0.0,0.99,8,exponential
q_learning,shaped_eps-exponential_seed3,shaped,3,4a77b6e251,583,225,-86.24999999999991,-82.50499999999987,0.31124728410685276,0.15,0,out_of_energy,0,0,1,0,66,7,0,0,1,44,0.7491356363948689,17.15383833974755,0.0,0.0,0.99,8,exponential
q_learning,shaped_eps-exponential_seed3,shaped,3,4a77b6e251,584,225,-54.75000000000006,-82.36499999999987,0.31062478953863903,0.15,0,out_of_energy,0,0,1,0,51,4,0,0,1,47,0.6494739376503581,20.16382104293427,0.0,0.0,0.99,8,exponential
q_learning,shaped_eps-exponential_seed3,shaped,3,4a77b6e251,585,225,-78.74999999999989,-82.33499999999987,0.31000353995956176,0.15,0,out_of_energy,0,0,1,0,63,6,0,0,1,45,0.7449822156716869,17.877582588710396,0.0,0.0,0.99,8,exponential
q_learning,shaped_eps-exponential_seed3,shaped,3,4a77b6e251,586,225,-81.74999999999991,-82.28999999999988,0.30938353287964265,0.15,0,out_of_energy,0,0,1,0,59,7,0,0,1,39,0.7650615705401701,20.55,0.0,0.0,0.99,8,exponential
q_learning,shaped_eps-exponential_seed3,shaped,3,4a77b6e251,587,225,-72.24999999999979,-82.16999999999987,0.30876476581388335,0.15,0,out_of_energy,0,0,1,0,70,3,0,0,1,32,0.609602603513989,16.926144112589753,0.0,0.0,0.99,8,exponential
q_learning,shaped_eps-exponential_seed3,shaped,3,4a77b6e251,588,225,-96.24999999999966,-81.79999999999988,0.3081472362822556,0.15,0,out_of_energy,0,0,1,0,70,9,0,0,1,45,0.8220843093440965,17.31811312797076,0.0,0.0,0.99,8,exponential
q_learning,shaped_eps-exponential_seed3,shaped,3,4a77b6e251,589,225,-103.2499999999997,-81.5699999999999,0.3075309418096911,0.15,0,out_of_energy,0,0,1,0,66,10,0,0,1,52,0.7871402774275644,18.682580358847094,0.0,0.0,0.99,8,exponential
q_learning,shaped_eps-exponential_seed3,shaped,3,4a77b6e251,590,225,-68.25000000000003,-81.41499999999988,0.3069158799260717,0.15,0,out_of_energy,0,0,1,0,54,5,0,0,1,50,0.7159709347162035,18.58679655262273,0.0,0.0,0.99,8,exponential
q_learning,shaped_eps-exponential_seed3,shaped,3,4a77b6e251,591,225,-69.2499999999998,-81.48499999999989,0.3063020481662196,0.15,0,out_of_energy,0,0,1,0,64,3,0,0,1,39,0.7072997440741339,18.518860190422213,0.0,0.0,0.99,8,exponential
q_learning,shaped_eps-exponential_seed3,shaped,3,4a77b6e251,592,225,-42.750000000000085,-80.93499999999989,0.30568944406988713,0.15,0,out_of_energy,0,0,1,0,55,2,0,4,1,34,0.6089060488283299,19.55,0.0,0.0,0.99,8,exponential
q_learning,shaped_eps-exponential_seed3,shaped,3,4a77b6e251,593,225,-84.74999999999979,-81.17499999999987,0.30507806518174735,0.15,0,out_of_energy,0,0,1,0,73,5,0,0,1,53,0.7246466380414531,18.40953242139594,0.0,0.0,0.99,8,exponential
q_learning,shaped_eps-exponential_seed3,shaped,3,4a77b6e251,594,225,-84.74999999999982,-80.72499999999988,0.3044679090513839,0.15,0,out_of_energy,0,0,1,0,77,3,0,0,1,50,0.7126740526782034,19.037225074151127,0.0,0.0,0.99,8,exponential
q_learning,shaped_eps-exponential_seed3,shaped,3,4a77b6e251,595,225,-72.74999999999977,-80.69999999999987,0.3038589732332811,0.15,0,out_of_energy,0,0,1,0,79,2,0,0,1,46,0.726403598869273,17.663141341677576,0.0,0.0,0.99,8,exponential
q_learning,shaped_eps-exponential_seed3,shaped,3,4a77b6e251,596,200,74.49999999999989,-78.89749999999988,0.3032512552868145,0.15,25,success,1,1,0,0,50,4,0,1,1,33,1.084718300054694,100.45,0.0,0.0,0.99,8,exponential
q_learning,shaped_eps-exponential_seed3,shaped,3,4a77b6e251,597,225,-70.25000000000007,-78.16249999999988,0.30264475277624087,0.15,0,out_of_energy,0,0,1,0,54,6,0,0,1,34,0.6638997962729708,20.578208395625,0.0,0.0,0.99,8,exponential
q_learning,shaped_eps-exponential_seed3,shaped,3,4a77b6e251,598,225,-87.74999999999983,-78.48749999999988,0.30203946327068837,0.15,0,out_of_energy,0,0,1,0,69,6,0,0,1,55,0.7733709152002307,23.8675,0.0,0.0,0.99,8,exponential
q_learning,shaped_eps-exponential_seed3,shaped,3,4a77b6e251,599,225,-87.74999999999976,-78.28249999999989,0.301435384344147,0.15,0,out_of_energy,0,0,1,0,71,6,0,0,1,48,0.7269103304480374,17.549960238594633,0.0,0.0,0.99,8,exponential
q_learning,shaped_eps-exponential_seed3,shaped,3,4a77b6e251,600,221,69.4499999999999,-76.86049999999989,0.3008325135754587,0.15,4,success,1,1,0,0,59,3,0,1,1,44,1.17467285597755,100.45,0.0,0.0,0.99,8,exponential
q_learning,shaped_eps-exponential_seed3,shaped,3,4a77b6e251,601,225,-104.24999999999976,-76.76549999999989,0.3002308485483078,0.15,0,out_of_energy,0,0,1,0,64,11,0,0,1,55,0.8845890715059972,14.58076258878542,0.0,0.0,0.99,8,exponential
q_learning,shaped_eps-exponential_seed3,shaped,3,4a77b6e251,602,225,-45.250000000000085,-75.8804999999999,0.2996303868512112,0.15,0,out_of_energy,0,0,1,0,56,2,0,6,1,37,0.605163908968038,19.51774118157085,0.0,0.0,0.99,8,exponential
q_learning,shaped_eps-exponential_seed3,shaped,3,4a77b6e251,603,225,-58.25000000000006,-75.7754999999999,0.29903112607750876,0.15,0,out_of_energy,0,0,1,0,50,5,0,0,1,35,0.7297339643712331,20.578208395625,0.0,0.0,0.99,8,exponential
q_learning,shaped_eps-exponential_seed3,shaped,3,4a77b6e251,604,225,-98.7499999999997,-75.9904999999999,0.29843306382535373,0.15,0,out_of_energy,0,0,1,0,75,7,0,0,1,46,0.734689988584907,18.628131291651837,0.0,0.0,0.99,8,exponential
q_learning,shaped_eps-exponential_seed3,shaped,3,4a77b6e251,605,225,-61.24999999999979,-75.2004999999999,0.29783619769770303,0.15,0,out_of_energy,0,0,1,0,46,6,0,0,1,38,0.6410285773044374,19.39210175572459,0.0,0.0,0.99,8,exponential
q_learning,shaped_eps-exponential_seed3,shaped,3,4a77b6e251,606,225,-65.24999999999997,-74.8804999999999,0.2972405253023076,0.15,0,out_of_energy,0,0,1,0,60,4,0,0,1,45,0.6641772330483001,19.334770805013747,0.0,0.0,0.99,8,exponential
q_learning,shaped_eps-exponential_seed3,shaped,3,4a77b6e251,607,225,-55.750000000000085,-74.76049999999991,0.296646044251703,0.15,0,out_of_energy,0,0,1,0,63,2,0,0,1,41,0.6149969318857229,17.454270427498276,0.0,0.0,0.99,8,exponential
q_learning,shaped_eps-exponential_seed3,shaped,3,4a77b6e251,608,225,-63.24999999999996,-74.70049999999989,0.2960527521631996,0.15,0,out_of_energy,0,0,1,0,56,5,0,0,1,43,0.6324325793327168,18.47210668184948,0.0,0.0,0.99,8,exponential
q_learning,shaped_eps-exponential_seed3,shaped,3,4a77b6e251,609,225,-79.24999999999979,-74.7804999999999,0.29546064665887317,0.15,0,out_of_energy,0,0,1,0,74,5,0,0,1,48,0.8265631538957232,20.892500000000002,0.0,0.0,0.99,8,exponential
q_learning,shaped_eps-exponential_seed3,shaped,3,4a77b6e251,610,225,-79.25000000000006,-74.89049999999989,0.29486972536555545,0.15,0,out_of_energy,0,0,1,0,68,6,0,0,1,51,0.7592357708786304,21.0171876875,0.0,0.0,0.99,8,exponential
q_learning,shaped_eps-exponential_seed3,shaped,3,4a77b6e251,611,225,-55.75000000000006,-74.6854999999999,0.29427998591482435,0.15,0,out_of_energy,0,0,1,0,51,5,0,3,1,42,0.6612864386135988,19.676914831233262,0.0,0.0,0.99,8,exponential
q_learning,shaped_eps-exponential_seed3,shaped,3,4a77b6e251,612,225,-57.25000000000013,-74.3804999999999,0.2936914259429947,0.15,0,out_of_energy,0,0,1,0,62,3,0,0,1,54,0.7914694611258143,20.059866255747828,0.0,0.0,0.99,8,exponential
q_learning,shaped_eps-exponential_seed3,shaped,3,4a77b6e251,613,225,-78.24999999999991,-74.4804999999999,0.2931040430911087,0.15,0,out_of_energy,0,0,1,0,72,4,0,0,1,51,0.7261947373062433,18.035999225907574,0.0,0.0,0.99,8,exponential
q_learning,shaped_eps-exponential_seed3,shaped,3,4a77b6e251,614,225,-70.24999999999979,-74.5804999999999,0.2925178350049265,0.15,0,out_of_energy,0,0,1,0,70,3,0,0,1,52,0.6758418720611447,18.464606177410516,0.0,0.0,0.99,8,exponential
q_learning,shaped_eps-exponential_seed3,shaped,3,4a77b6e251,615,211,69.94999999999987,-73.05849999999991,0.29193279933491667,0.15,14,success,1,1,0,0,59,3,0,2,1,38,0.9845007084148175,85.56260125,0.0,0.0,0.99,8,exponential
q_learning,shaped_eps-exponential_seed3,shaped,3,4a77b6e251,616,225,-62.249999999999915,-73.0334999999999,0.2913489337362468,0.15,0,out_of_energy,0,0,1,0,68,2,0,0,1,55,0.6780144438441614,17.343851522413452,0.0,0.0,0.99,8,exponential
q_learning,shaped_eps-exponential_seed3,shaped,3,4a77b6e251,617,225,-68.7499999999999,-72.99849999999991,0.2907662358687743,0.15,0,out_of_energy,0,0,1,0,63,4,0,0,1,41,0.7269355918094428,16.056782290936937,0.0,0.0,0.99,8,exponential
q_learning,shaped_eps-exponential_seed3,shaped,3,4a77b6e251,618,225,-65.24999999999996,-72.9084999999999,0.2901847033970368,0.15,0,out_of_energy,0,0,1,0,54,5,0,0,1,42,0.6335548573784089,18.94345525253784,0.0,0.0,0.99,8,exponential
q_learning,shaped_eps-exponential_seed3,shaped,3,4a77b6e251,619,225,-61.249999999999986,-72.8184999999999,0.2896043339902427,0.15,0,out_of_energy,0,0,1,0,66,3,0,0,1,54,0.7073718846307153,18.12868902957072,0.0,0.0,0.99,8,exponential
q_learning,shaped_eps-exponential_seed3,shaped,3,4a77b6e251,620,225,-80.24999999999973,-72.7684999999999,0.2890251253222622,0.15,0,out_of_energy,0,0,1,0,64,6,0,0,1,46,0.7279848623176162,15.637776293772443,0.0,0.0,0.99,8,exponential
q_learning,shaped_eps-exponential_seed3,shaped,3,4a77b6e251,621,225,-64.24999999999999,-72.48849999999989,0.2884470750716177,0.15,0,out_of_energy,0,0,1,0,62,4,0,0,1,51,0.6837939203817825,18.297847171331757,0.0,0.0,0.99,8,exponential
q_learning,shaped_eps-exponential_seed3,shaped,3,4a77b6e251,622,225,-56.25000000000006,-72.31849999999991,0.2878701809214745,0.15,0,out_of_energy,0,0,1,0,62,3,0,1,1,52,0.651013057393493,20.39699012734527,0.0,0.0,0.99,8,exponential
q_learning,shaped_eps-exponential_seed3,shaped,3,4a77b6e251,623,212,71.89999999999986,-70.79699999999991,0.28729444055963155,0.15,13,success,1,1,0,0,52,4,0,1,1,41,1.1971768729352956,72.72821106250001,0.0,0.0,0.99,8,exponential
q_learning,shaped_eps-exponential_seed3,shaped,3,4a77b6e251,624,225,-43.74999999999999,-70.3519999999999,0.28671985167851227,0.15,0,out_of_energy,0,0,1,0,53,2,0,0,1,45,0.6723589919727992,17.36932751227914,0.0,0.0,0.99,8,exponential
q_learning,shaped_eps-exponential_seed3,shaped,3,4a77b6e251,625,205,87.24999999999994,-68.8669999999999,0.2861464119751552,0.15,20,success,1,1,0,0,47,2,0,1,1,28,1.1790711577968946,62.03442593402031,0.0,0.0,0.99,8,exponential
q_learning,shaped_eps-exponential_seed3,shaped,3,4a77b6e251,626,225,-65.24999999999993,-68.53699999999992,0.2855741191512049,0.15,0,out_of_energy,0,0,1,0,68,3,0,0,1,44,0.5957961985164394,19.119449308946297,0.0,0.0,0.99,8,exponential
q_learning,shaped_eps-exponential_seed3,shaped,3,4a77b6e251,627,225,-96.74999999999972,-68.36199999999991,0.2850029709129025,0.15,0,out_of_energy,0,0,1,0,61,11,0,0,1,52,0.7862042238803438,17.210870875365863,0.0,0.0,0.99,8,exponential
q_learning,shaped_eps-exponential_seed3,shaped,3,4a77b6e251,628,225,-75.24999999999969,-68.4019999999999,0.2844329649710767,0.15,0,out_of_energy,0,0,1,0,62,6,0,0,1,52,0.7397321365975256,19.067463401667915,0.0,0.0,0.99,8,exponential
q_learning,shaped_eps-exponential_seed3,shaped,3,4a77b6e251,629,191,86.94999999999993,-66.83499999999992,0.2838640990411345,0.15,34,success,1,1,0,0,43,3,0,1,1,29,1.0264529520231795,100.45,0.0,0.0,0.99,8,exponential
q_learning,shaped_eps-exponential_seed3,shaped,3,4a77b6e251,630,198,70.6,-65.37649999999991,0.28329637084305226,0.15,27,success,1,1,0,0,54,4,0,1,1,36,1.0935005555560446,86.59598296350819,0.0,0.0,0.99,8,exponential
q_learning,shaped_eps-exponential_seed3,shaped,3,4a77b6e251,631,225,-70.7499999999999,-64.58649999999992,0.2827297781013662,0.15,0,out_of_energy,0,0,1,0,65,5,0,1,1,46,0.725483269698641,17.94573593298142,0.0,0.0,0.99,8,exponential
q_learning,shaped_eps-exponential_seed3,shaped,3,4a77b6e251,632,201,99.45000000000002,-62.81449999999992,0.28216431854516344,0.15,24,success,1,1,0,0,35,2,0,1,1,28,1.3710601842258978,73.60658551898197,0.0,0.0,0.99,8,exponential
q_learning,shaped_eps-exponential_seed3,shaped,3,4a77b6e251,633,225,-75.2499999999997,-62.63449999999991,0.2815999899080731,0.15,0,out_of_energy,0,0,1,0,64,6,0,4,1,44,0.6593401730206611,20.892500000000002,0.0,0.0,0.99,8,exponential
q_learning,shaped_eps-exponential_seed3,shaped,3,4a77b6e251,634,195,79.74999999999997,-60.77949999999993,0.281036789928257,0.15,30,success,1,1,0,0,45,4,0,1,1,35,1.1145580819533427,85.74280347008097,0.0,0.0,0.99,8,exponential
q_learning,shaped_eps-exponential_seed3,shaped,3,4a77b6e251,635,225,-60.75000000000006,-60.744499999999924,0.2804747163484005,0.15,0,out_of_energy,0,0,1,0,67,2,0,0,1,50,0.6950841294586237,20.745244964375,0.0,0.0,0.99,8,exponential
q_learning,shaped_eps-exponential_seed3,shaped,3,4a77b6e251,636,194,69.79999999999998,-59.43399999999991,0.2799137669157037,0.15,31,success,1,1,0,0,40,7,0,1,1,25,1.1144469440281943,72.88138294956883,0.0,0.0,0.99,8,exponential
q_learning,shaped_eps-exponential_seed3,shaped,3,4a77b6e251,637,225,-79.74999999999987,-59.05899999999991,0.2793539393818723,0.15,0,out_of_energy,0,0,1,0,69,5,0,0,1,54,0.736632694894634,18.793393736379237,0.0,0.0,0.99,8,exponential
q_learning,shaped_eps-exponential_seed3,shaped,3,4a77b6e251,638,208,87.09999999999994,-57.44049999999991,0.2787952315031086,0.15,17,success,1,1,0,0,42,3,0,1,1,34,1.134737002247579,56.86272685942584,0.0,0.0,0.99,8,exponential
q_learning,shaped_eps-exponential_seed3,shaped,3,4a77b6e251,639,225,-68.24999999999982,-57.58049999999991,0.27823764104010235,0.15,0,out_of_energy,0,0,1,0,62,4,0,0,1,49,0.7480652554937405,18.562852069561025,0.0,0.0,0.99,8,exponential
q_learning,shaped_eps-exponential_seed3,shaped,3,4a77b6e251,640,202,63.40000000000004,-55.983999999999924,0.27768116575802215,0.15,23,success,1,1,0,0,56,5,0,2,1,44,1.0687985492799257,62.56559769113467,0.0,0.0,0.99,8,exponential
q_learning,shaped_eps-exponential_seed3,shaped,3,4a77b6e251,641,193,89.84999999999998,-54.14299999999991,0.2771258034265061,0.15,32,success,1,1,0,0,45,2,0,2,1,32,1.0320231118350298,62.1644267438728,0.0,0.0,0.99,8,exponential
q_learning,shaped_eps-exponential_seed3,shaped,3,4a77b6e251,642,225,-76.2499999999999,-54.26299999999992,0.2765715518196531,0.15,0,out_of_energy,0,0,1,0,48,9,0,0,1,38,0.71247763031721,19.216292207114464,0.0,0.0,0.99,8,exponential
q_learning,shaped_eps-exponential_seed3,shaped,3,4a77b6e251,643,225,-61.24999999999983,-54.11299999999992,0.2760184087160138,0.15,0,out_of_energy,0,0,1,0,56,5,0,0,1,43,0.6389768067153662,19.226466669446438,0.0,0.0,0.99,8,exponential
q_learning,shaped_eps-exponential_seed3,shaped,3,4a77b6e251,644,225,-89.74999999999972,-54.38799999999992,0.27546637189858175,0.15,0,out_of_energy,0,0,1,0,67,8,0,0,1,56,0.8767481577785571,20.470028973688116,0.0,0.0,0.99,8,exponential
q_learning,shaped_eps-exponential_seed3,shaped,3,4a77b6e251,645,225,-79.24999999999993,-54.47299999999992,0.2749154391547846,0.15,0,out_of_energy,0,0,1,0,52,8,0,0,1,37,0.7078094435533689,20.900974373595606,0.0,0.0,0.99,8,exponential
q_learning,shaped_eps-exponential_seed3,shaped,3,4a77b6e251,646,225,-86.24999999999993,-54.49299999999992,0.27436560827647505,0.15,0,out_of_energy,0,0,1,0,70,7,0,0,1,46,0.7534925050137975,17.083219303248786,0.0,0.0,0.99,8,exponential
q_learning,shaped_eps-exponential_seed3,shaped,3,4a77b6e251,647,225,-113.74999999999977,-54.78299999999992,0.2738168770599221,0.15,0,out_of_energy,0,0,1,0,73,11,0,0,1,48,0.8196966858288401,17.561557661464388,0.0,0.0,0.99,8,exponential
q_learning,shaped_eps-exponential_seed3,shaped,3,4a77b6e251,648,225,-87.24999999999974,-55.14299999999992,0.2732692433058022,0.15,0,out_of_energy,0,0,1,0,72,5,0,0,1,47,0.6864272311588042,23.827554799562265,0.0,0.0,0.99,8,exponential
q_learning,shaped_eps-exponential_seed3,shaped,3,4a77b6e251,649,225,-89.24999999999993,-55.13299999999992,0.2727227048191906,0.15,0,out_of_energy,0,0,1,0,68,7,0,0,1,45,0.7684126874205283,18.61574901968394,0.0,0.0,0.99,8,exponential
q_learning,shaped_eps-exponential_seed3,shaped,3,4a77b6e251,650,225,-67.75000000000006,-55.21299999999992,0.27217725940955223,0.15,0,out_of_energy,0,0,1,0,51,6,0,0,1,49,0.7810054669106203,17.489520895625,0.0,0.0,0.99,8,exponential
q_learning,shaped_eps-exponential_seed3,shaped,3,4a77b6e251,651,225,-94.75,-55.54799999999991,0.2716329048907331,0.15,0,out_of_energy,0,0,1,0,73,7,0,0,1,50,0.7711352644619112,18.75911512322905,0.0,0.0,0.99,8,exponential
q_learning,shaped_eps-exponential_seed3,shaped,3,4a77b6e251,652,225,-54.750000000000085,-55.5279999999999,0.2710896390809516,0.15,0,out_of_energy,0,0,1,0,57,3,0,0,1,41,0.6755920599101408,19.223836116800996,0.0,0.0,0.99,8,exponential
q_learning,shaped_eps-exponential_seed3,shaped,3,4a77b6e251,653,225,-52.750000000000085,-54.93299999999991,0.2705474598027897,0.15,0,out_of_energy,0,0,1,0,55,3,0,0,1,41,0.6630715146960295,17.91339139844413,0.0,0.0,0.99,8,exponential
q_learning,shaped_eps-exponential_seed3,shaped,3,4a77b6e251,654,225,-95.74999999999993,-55.21799999999992,0.27000636488318414,0.15,0,out_of_energy,0,0,1,0,55,10,0,0,1,45,0.8708058704337979,20.237915498299238,0.0,0.0,0.99,8,exponential
q_learning,shaped_eps-exponential_seed3,shaped,3,4a77b6e251,655,225,-63.750000000000085,-55.15299999999991,0.26946635215341774,0.15,0,out_of_energy,0,0,1,0,57,4,0,0,1,37,0.6311077748652535,18.558152513970512,0.0,0.0,0.99,8,exponential
q_learning,shaped_eps-exponential_seed3,shaped,3,4a77b6e251,656,225,-68.74999999999987,-55.16799999999992,0.2689274194491109,0.15,0,out_of_energy,0,0,1,0,59,5,0,0,1,47,0.6262944328920973,16.076673880414088,0.0,0.0,0.99,8,exponential
q_learning,shaped_eps-exponential_seed3,shaped,3,4a77b6e251,657,225,-59.249999999999986,-54.90799999999992,0.2683895646102127,0.15,0,out_of_energy,0,0,1,0,66,2,0,0,1,44,0.6828987561789942,18.36589168537212,0.0,0.0,0.99,8,exponential
q_learning,shaped_eps-exponential_seed3,shaped,3,4a77b6e251,658,225,-82.74999999999983,-54.91299999999992,0.2678527854809923,0.15,0,out_of_energy,0,0,1,0,54,0,0,0,0,45,0.4632625141118791,19.626117798626087,0.0,0.0,0.99,8,exponential
q_learning,shaped_eps-exponential_seed3,shaped,3,4a77b6e251,659,225,-62.75000000000006,-54.65799999999992,0.2673170799100303,0.15,0,out_of_energy,0,0,1,0,63,3,0,0,1,53,0.744825233443959,15.380882334684765,0.0,0.0,0.99,8,exponential
q_learning,shaped_eps-exponential_seed3,shaped,3,4a77b6e251,660,225,-104.24999999999999,-55.00799999999992,0.2667824457502102,0.15,0,out_of_energy,0,0,1,0,62,11,0,0,1,50,0.8269268301630707,20.654208022210426,0.0,0.0,0.99,8,exponential
q_learning,shaped_eps-exponential_seed3,shaped,3,4a77b6e251,661,225,-64.24999999999993,-54.68799999999992,0.2662488808587098,0.15,0,out_of_energy,0,0,1,0,56,5,0,0,1,37,0.6731061633307137,17.985355236438,0.0,0.0,0.99,8,exponential
q_learning,shaped_eps-exponential_seed3,shaped,3,4a77b6e251,662,225,-102.7499999999997,-54.84299999999992,0.26571638309699236,0.15,0,out_of_energy,0,0,1,0,55,12,0,0,1,46,0.7737669756540744,20.026178461627552,0.0,0.0,0.99,8,exponential
q_learning,shaped_eps-exponential_seed3,shaped,3,4a77b6e251,663,225,-62.7500000000001,-54.25299999999993,0.26518495033079836,0.15,0,out_of_energy,0,0,1,0,59,3,0,0,1,42,0.5913010366354463,20.55,0.0,0.0,0.99,8,exponential
q_learning,shaped_eps-exponential_seed3,shaped,3,4a77b6e251,664,201,69.44999999999993,-52.90599999999993,0.2646545804301368,0.15,24,success,1,1,0,0,55,4,0,1,1,39,1.081691297494056,48.333317830511966,0.0,0.0,0.99,8,exponential
q_learning,shaped_eps-exponential_seed3,shaped,3,4a77b6e251,665,225,-75.24999999999989,-52.77599999999993,0.26412527126927654,0.15,0,out_of_energy,0,0,1,0,72,4,0,0,1,53,0.7165567306727136,18.002517181245313,0.0,0.0,0.99,8,exponential
q_learning,shaped_eps-exponential_seed3,shaped,3,4a77b6e251,666,225,-85.2499999999998,-52.98599999999992,0.26359702072673796,0.15,0,out_of_energy,0,0,1,0,72,5,0,0,1,48,0.729844004757282,20.95989875,0.0,0.0,0.99,8,exponential
q_learning,shaped_eps-exponential_seed3,shaped,3,4a77b6e251,667,225,-46.2500000000001,-52.69099999999993,0.2630698266852845,0.15,0,out_of_energy,0,0,1,0,54,2,0,0,1,43,0.6900185365316184,18.819260497429802,0.0,0.0,0.99,8,exponential
q_learning,shaped_eps-exponential_seed3,shaped,3,4a77b6e251,668,225,-73.74999999999977,-52.65599999999993,0.26254368703191394,0.15,0,out_of_energy,0,0,1,0,65,5,0,0,1,43,0.6843768816780555,19.905807017353656,0.0,0.0,0.99,8,exponential
q_learning,shaped_eps-exponential_seed3,shaped,3,4a77b6e251,669,225,-73.74999999999987,-52.77599999999993,0.2620185996578501,0.15,0,out_of_energy,0,0,1,0,55,7,0,0,1,38,0.7211906809091133,17.975537566243688,0.0,0.0,0.99,8,exponential
q_learning,shaped_eps-exponential_seed3,shaped,3,4a77b6e251,670,225,-69.74999999999994,-52.95599999999993,0.2614945624585344,0.15,0,out_of_energy,0,0,1,0,61,5,0,0,1,48,0.6809095027447093,15.279206931307137,0.0,0.0,0.99,8,exponential
q_learning,shaped_eps-exponential_seed3,shaped,3,4a77b6e251,671,225,-53.25000000000003,-52.43099999999993,0.26097157333361737,0.15,0,out_of_energy,0,0,1,0,56,2,0,0,1,32,0.570819726540808,19.7112753146631,0.0,0.0,0.99,8,exponential
q_learning,shaped_eps-exponential_seed3,shaped,3,4a77b6e251,672,225,-76.2499999999999,-52.49099999999993,0.2604496301869501,0.15,0,out_of_energy,0,0,1,0,64,6,0,0,1,44,0.7313825024094623,18.650615677921877,0.0,0.0,0.99,8,exponential
q_learning,shaped_eps-exponential_seed3,shaped,3,4a77b6e251,673,225,-68.24999999999997,-52.29099999999993,0.2599287309265762,0.15,0,out_of_energy,0,0,1,0,46,7,0,0,1,41,0.6368424958001275,16.36609276128125,0.0,0.0,0.99,8,exponential
q_learning,shaped_eps-exponential_seed3,shaped,3,4a77b6e251,674,225,-66.74999999999996,-52.11099999999993,0.259408873464723,0.15,0,out_of_energy,0,0,1,0,59,4,0,0,1,46,0.6846491434476724,19.40147879473274,0.0,0.0,0.99,8,exponential
q_learning,shaped_eps-exponential_seed3,shaped,3,4a77b6e251,675,225,-112.24999999999977,-52.56599999999993,0.25889005571779355,0.15,0,out_of_energy,0,0,1,0,64,12,0,0,1,48,0.8225914547121048,20.135368933492042,0.0,0.0,0.99,8,exponential
q_learning,shaped_eps-exponential_seed3,shaped,3,4a77b6e251,676,225,-73.25000000000001,-52.67099999999993,0.25837227560635795,0.15,0,out_of_energy,0,0,1,0,62,6,0,0,1,47,0.7560014499550908,16.61526875,0.0,0.0,0.99,8,exponential
q_learning,shaped_eps-exponential_seed3,shaped,3,4a77b6e251,677,225,-95.24999999999993,-52.95599999999993,0.25785553105514525,0.15,0,out_of_energy,0,0,1,0,62,9,0,0,1,45,0.7880090487162382,19.55,0.0,0.0,0.99,8,exponential
q_learning,shaped_eps-exponential_seed3,shaped,3,4a77b6e251,678,225,-88.24999999999972,-53.22599999999993,0.25733981999303496,0.15,0,out_of_energy,0,0,1,0,70,7,0,0,1,48,0.7296721501100256,17.809959339706943,0.0,0.0,0.99,8,exponential
q_learning,shaped_eps-exponential_seed3,shaped,3,4a77b6e251,679,225,-71.24999999999996,-52.80099999999993,0.2568251403530489,0.15,0,out_of_energy,0,0,1,0,70,4,0,0,1,50,0.7096144859521021,16.787180060315087,0.0,0.0,0.99,8,exponential
q_learning,shaped_eps-exponential_seed3,shaped,3,4a77b6e251,680,225,-72.7499999999999,-52.80599999999993,0.2563114900723428,0.15,0,out_of_energy,0,0,1,0,73,3,0,0,1,50,0.6827420914600875,20.08479573906259,0.0,0.0,0.99,8,exponential
q_learning,shaped_eps-exponential_seed3,shaped,3,4a77b6e251,681,225,-59.75000000000004,-52.66599999999993,0.25579886709219807,0.15,0,out_of_energy,0,0,1,0,69,2,0,0,1,49,0.7122718870440818,17.234466853500706,0.0,0.0,0.99,8,exponential
q_learning,shaped_eps-exponential_seed3,shaped,3,4a77b6e251,682,225,-59.25000000000003,-52.58599999999993,0.25528726935801366,0.15,0,out_of_energy,0,0,1,0,56,3,0,0,1,37,0.6743815093377796,19.94696230982747,0.0,0.0,0.99,8,exponential
q_learning,shaped_eps-exponential_seed3,shaped,3,4a77b6e251,683,225,-91.24999999999987,-52.63599999999993,0.25477669481929766,0.15,0,out_of_energy,0,0,1,0,64,9,0,0,1,47,0.7269919428061226,18.08546124108313,0.0,0.0,0.99,8,exponential
q_learning,shaped_eps-exponential_seed3,shaped,3,4a77b6e251,684,225,-99.24999999999953,-53.080999999999925,0.25426714142965906,0.15,0,out_of_energy,0,0,1,0,78,8,0,0,1,54,0.7032650087403598,14.809703620362683,0.0,0.0,0.99,8,exponential
q_learning,shaped_eps-exponential_seed3,shaped,3,4a77b6e251,685,225,-94.24999999999989,-53.23599999999992,0.25375860714679976,0.15,0,out_of_energy,0,0,1,0,66,9,0,0,1,47,0.8163839900324364,17.86394779515476,0.0,0.0,0.99,8,exponential
q_learning,shaped_eps-exponential_seed3,shaped,3,4a77b6e251,686,225,-69.25000000000007,-53.11099999999992,0.25325108993250617,0.15,0,out_of_energy,0,0,1,0,56,5,0,0,1,45,0.7276032087345312,19.704197191443907,0.0,0.0,0.99,8,exponential
q_learning,shaped_eps-exponential_seed3,shaped,3,4a77b6e251,687,225,-59.75000000000007,-52.98599999999992,0.25274458775264114,0.15,0,out_of_energy,0,0,1,0,63,3,0,0,1,42,0.6060229430554717,17.15433224956915,0.0,0.0,0.99,8,exponential
q_learning,shaped_eps-exponential_seed3,shaped,3,4a77b6e251,688,225,-54.2500000000001,-52.56599999999993,0.25223909857713583,0.15,0,out_of_energy,0,0,1,0,58,3,0,0,1,37,0.5746153693702581,15.676191172109586,0.0,0.0,0.99,8,exponential
q_learning,shaped_eps-exponential_seed3,shaped,3,4a77b6e251,689,225,-82.24999999999969,-52.35599999999993,0.25173462037998157,0.15,0,out_of_energy,0,0,1,0,64,6,0,0,1,52,0.698779709244054,16.953514222731187,0.0,0.0,0.99,8,exponential
q_learning,shaped_eps-exponential_seed3,shaped,3,4a77b6e251,690,225,-51.75000000000014,-52.19099999999994,0.2512311511392216,0.15,0,out_of_energy,0,0,1,0,59,2,0,0,1,43,0.6081811432724443,18.185470200084122,0.0,0.0,0.99,8,exponential
q_learning,shaped_eps-exponential_seed3,shaped,3,4a77b6e251,691,225,-78.24999999999976,-52.28099999999993,0.25072868883694316,0.15,0,out_of_energy,0,0,1,0,60,6,0,0,1,45,0.7091019704689496,20.68872391929237,0.0,0.0,0.99,8,exponential
q_learning,shaped_eps-exponential_seed3,shaped,3,4a77b6e251,692,225,-79.24999999999977,-52.64599999999993,0.2502272314592693,0.15,0,out_of_energy,0,0,1,0,63,0,0,0,0,47,0.6158997505682874,14.47489013615397,0.0,0.0,0.99,8,exponential
q_learning,shaped_eps-exponential_seed3,shaped,3,4a77b6e251,693,225,-53.25000000000007,-52.33099999999993,0.24972677699635074,0.15,0,out_of_energy,0,0,1,0,56,3,0,0,1,48,0.6154916427450373,17.33578437371394,0.0,0.0,0.99,8,exponential
q_learning,shaped_eps-exponential_seed3,shaped,3,4a77b6e251,694,225,-87.74999999999967,-52.36099999999995,0.24922732344235804,0.15,0,out_of_energy,0,0,1,0,61,8,0,0,1,46,0.7223317230534525,19.56222695122413,0.0,0.0,0.99,8,exponential
q_learning,shaped_eps-exponential_seed3,shaped,3,4a77b6e251,695,225,-84.75000000000004,-52.48099999999994,0.24872886879547332,0.15,0,out_of_energy,0,0,1,0,63,8,0,0,1,43,0.7525696088246598,16.93180394610733,0.0,0.0,0.99,8,exponential
q_learning,shaped_eps-exponential_seed3,shaped,3,4a77b6e251,696,225,-64.25000000000006,-53.86849999999994,0.24823141105788238,0.15,0,out_of_energy,0,0,1,0,72,2,0,0,1,57,0.6447172529605647,17.3044002583111,0.0,0.0,0.99,8,exponential
q_learning,shaped_eps-exponential_seed3,shaped,3,4a77b6e251,697,225,-74.74999999999991,-53.91349999999994,0.2477349482357666,0.15,0,out_of_energy,0,0,1,0,77,3,0,0,1,63,0.6976075832210402,14.208740219564438,0.0,0.0,0.99,8,exponential
q_learning,shaped_eps-exponential_seed3,shaped,3,4a77b6e251,698,225,-107.24999999999967,-54.10849999999993,0.24723947833929508,0.15,0,out_of_energy,0,0,1,0,82,7,0,0,1,58,0.802000875703025,17.635468184629147,0.0,0.0,0.99,8,exponential
q_learning,shaped_eps-exponential_seed3,shaped,3,4a77b6e251,699,225,-54.25000000000013,-53.77349999999994,0.2467449993826165,0.15,0,out_of_energy,0,0,1,0,62,2,0,0,1,48,0.6427703420464673,17.04229409314727,0.0,0.0,0.99,8,exponential
q_learning,shaped_eps-exponential_seed3,shaped,3,4a77b6e251,700,225,-45.250000000000114,-54.92049999999994,0.24625150938385126,0.15,0,out_of_energy,0,0,1,0,48,3,0,0,1,45,0.6856294354757602,16.550559915044445,0.0,0.0,0.99,8,exponential
q_learning,shaped_eps-exponential_seed3,shaped,3,4a77b6e251,701,225,-100.74999999999957,-54.88549999999994,0.24575900636508355,0.15,0,out_of_energy,0,0,1,0,63,10,0,0,1,47,0.82064125504062,19.343278636725437,0.0,0.0,0.99,8,exponential
q_learning,shaped_eps-exponential_seed3,shaped,3,4a77b6e251,702,225,-147.74999999999983,-55.910499999999935,0.24526748835235337,0.15,0,out_of_energy,0,0,1,0,61,21,0,0,1,35,1.0674347486380218,19.998868189186418,0.0,0.0,0.99,8,exponential
q_learning,shaped_eps-exponential_seed3,shaped,3,4a77b6e251,703,190,86.9999999999999,-54.45799999999994,0.24477695337564867,0.15,35,success,1,1,0,0,38,4,0,1,1,30,0.9977188026333929,53.068678088193444,0.0,0.0,0.99,8,exponential
q_learning,shaped_eps-exponential_seed3,shaped,3,4a77b6e251,704,183,76.34999999999988,-52.706999999999944,0.24428739946889738,0.15,42,success,1,1,0,0,49,4,0,1,1,40,1.510180296709777,50.1970695962042,0.0,0.0,0.99,8,exponential
q_learning,shaped_eps-exponential_seed3,shaped,3,4a77b6e251,705,225,-89.2499999999999,-52.986999999999945,0.24379882466995959,0.15,0,out_of_energy,0,0,1,0,56,9,0,0,1,44,0.743401954921576,20.454119964375,0.0,0.0,0.99,8,exponential
q_learning,shaped_eps-exponential_seed3,shaped,3,4a77b6e251,706,225,-62.25000000000004,-52.956999999999944,0.24331122702061966,0.15,0,out_of_energy,0,0,1,0,64,3,0,0,1,51,0.6232904915994841,17.643972221170657,0.0,0.0,0.99,8,exponential
q_learning,shaped_eps-exponential_seed3,shaped,3,4a77b6e251,707,188,70.1000000000002,-51.69849999999994,0.24282460456657842,0.15,37,success,1,1,0,0,50,5,0,1,1,48,1.1138362062521976,42.66750915677357,0.0,0.0,0.99,8,exponential
q_learning,shaped_eps-exponential_seed3,shaped,3,4a77b6e251,708,225,-84.24999999999964,-51.90849999999993,0.24233895535744526,0.15,0,out_of_energy,0,0,1,0,52,10,0,0,1,51,0.6533846269215533,16.670042647490636,0.0,0.0,0.99,8,exponential
q_learning,shaped_eps-exponential_seed3,shaped,3,4a77b6e251,709,195,77.74999999999994,-50.33849999999993,0.24185427744673038,0.15,30,success,1,1,0,0,47,4,0,1,1,30,1.074199657352234,36.26738278325753,0.0,0.0,0.99,8,exponential
q_learning,shaped_eps-exponential_seed3,shaped,3,4a77b6e251,710,225,-68.24999999999997,-50.22849999999994,0.24137056889183692,0.15,0,out_of_energy,0,0,1,0,52,6,0,0,1,38,0.5720772341090951,17.942051872237236,0.0,0.0,0.99,8,exponential
q_learning,shaped_eps-exponential_seed3,shaped,3,4a77b6e251,711,225,-76.24999999999964,-50.43349999999993,0.24088782775405324,0.15,0,out_of_energy,0,0,1,0,58,7,0,0,1,42,0.6190118723411843,17.495713437129726,0.0,0.0,0.99,8,exponential
q_learning,shaped_eps-exponential_seed3,shaped,3,4a77b6e251,712,225,-47.75000000000014,-50.33849999999993,0.24040605209854513,0.15,0,out_of_energy,0,0,1,0,57,2,0,0,1,45,0.634826097046766,19.880592626837746,0.0,0.0,0.99,8,exponential
q_learning,shaped_eps-exponential_seed3,shaped,3,4a77b6e251,713,225,-91.24999999999982,-50.46849999999993,0.23992523999434803,0.15,0,out_of_energy,0,0,1,0,64,9,0,0,1,51,0.7976289216488626,14.860795483666,0.0,0.0,0.99,8,exponential
q_learning,shaped_eps-exponential_seed3,shaped,3,4a77b6e251,714,225,-48.750000000000085,-50.25349999999993,0.23944538951435934,0.15,0,out_of_energy,0,0,1,0,45,4,0,0,1,37,0.5647461071224664,17.43474238924633,0.0,0.0,0.99,8,exponential
q_learning,shaped_eps-exponential_seed3,shaped,3,4a77b6e251,715,225,-55.74999999999994,-51.51049999999992,0.23896649873533063,0.15,0,out_of_energy,0,0,1,0,59,3,0,0,1,44,0.5671635088479381,14.72324276140876,0.0,0.0,0.99,8,exponential
q_learning,shaped_eps-exponential_seed3,shaped,3,4a77b6e251,716,225,-68.74999999999996,-51.57549999999993,0.23848856573785998,0.15,0,out_of_energy,0,0,1,0,61,5,0,0,1,46,0.7218177310793958,16.221096917709072,0.0,0.0,0.99,8,exponential
q_learning,shaped_eps-exponential_seed3,shaped,3,4a77b6e251,717,225,-56.75,-51.45549999999993,0.23801158860638427,0.15,0,out_of_energy,0,0,1,0,67,2,0,0,1,52,0.6808492722695946,18.727270114901316,0.0,0.0,0.99,8,exponential
q_learning,shaped_eps-exponential_seed3,shaped,3,4a77b6e251,718,225,-70.24999999999989,-51.50549999999993,0.2375355654291715,0.15,0,out_of_energy,0,0,1,0,62,5,0,0,1,45,0.6460358081282119,16.929291533732,0.0,0.0,0.99,8,exponential
q_learning,shaped_eps-exponential_seed3,shaped,3,4a77b6e251,719,225,-66.75,-51.56049999999993,0.23706049429831316,0.15,0,out_of_energy,0,0,1,0,61,5,0,0,1,42,0.7195547893603006,17.707711316107233,0.0,0.0,0.99,8,exponential
q_learning,shaped_eps-exponential_seed3,shaped,3,4a77b6e251,720,225,-65.75000000000001,-51.41549999999994,0.23658637330971655,0.15,0,out_of_energy,0,0,1,0,55,6,0,0,1,37,0.7402898857809763,17.427612779853582,0.0,0.0,0.99,8,exponential
q_learning,shaped_eps-exponential_seed3,shaped,3,4a77b6e251,721,195,87.74999999999989,-49.89549999999994,0.23611320056309712,0.15,30,success,1,1,0,0,37,4,0,1,1,39,1.3666603559529567,38.66044973756744,0.0,0.0,0.99,8,exponential
q_learning,shaped_eps-exponential_seed3,shaped,3,4a77b6e251,722,225,-64.25000000000001,-49.97549999999994,0.2356409741619709,0.15,0,out_of_energy,0,0,1,0,66,3,0,0,1,44,0.6692683274477744,16.000256275360094,0.0,0.0,0.99,8,exponential
q_learning,shaped_eps-exponential_seed3,shaped,3,4a77b6e251,723,225,-78.74999999999972,-51.481999999999935,0.23516969221364697,0.15,0,out_of_energy,0,0,1,0,67,6,0,0,1,56,0.7448853289487267,17.258625000000002,0.0,0.0,0.99,8,exponential
q_learning,shaped_eps-exponential_seed3,shaped,3,4a77b6e251,724,201,85.4499999999999,-50.189999999999934,0.2346993528292197,0.15,24,success,1,1,0,0,39,4,0,1,1,41,3.5344445511545075,65.39041116242603,0.0,0.0,0.99,8,exponential
q_learning,shaped_eps-exponential_seed3,shaped,3,4a77b6e251,725,225,48.250000000000306,-50.579999999999934,0.23422995412356126,0.15,0,success,1,1,0,0,55,8,0,5,1,48,1.1850792203568323,35.10275355625101,0.0,0.0,0.99,8,exponential
q_learning,shaped_eps-exponential_seed3,shaped,3,4a77b6e251,726,195,86.74999999999993,-49.05999999999994,0.23376149421531414,0.15,30,success,1,1,0,0,43,3,0,2,1,34,1.461733721900138,44.133490963549015,0.0,0.0,0.99,8,exponential
q_learning,shaped_eps-exponential_seed3,shaped,3,4a77b6e251,727,203,88.35,-47.20899999999993,0.2332939712268835,0.15,22,success,1,1,0,0,41,3,0,1,1,47,1.2009358074433827,53.18075803746447,0.0,0.0,0.99,8,exponential
q_learning,shaped_eps-exponential_seed3,shaped,3,4a77b6e251,728,225,-66.74999999999987,-47.12399999999993,0.23282738328442973,0.15,0,out_of_energy,0,0,1,0,59,6,0,1,1,41,0.8283024188276037,24.169350060318195,0.0,0.0,0.99,8,exponential
q_learning,shaped_eps-exponential_seed3,shaped,3,4a77b6e251,729,201,65.45000000000002,-47.338999999999935,0.23236172851786085,0.15,24,success,1,1,0,0,59,4,0,1,1,48,1.4899335687231026,60.48505121861985,0.0,0.0,0.99,8,exponential
q_learning,shaped_eps-exponential_seed3,shaped,3,4a77b6e251,730,198,86.59999999999998,-47.17899999999993,0.23189700506082514,0.15,27,success,1,1,0,0,38,4,0,1,1,29,1.5915568695343851,34.10322558607924,0.0,0.0,0.99,8,exponential
q_learning,shaped_eps-exponential_seed3,shaped,3,4a77b6e251,731,196,63.70000000000018,-45.834499999999935,0.2314332110507035,0.15,29,success,1,1,0,0,46,7,0,1,1,45,1.1853907653992735,42.15958124299896,0.0,0.0,0.99,8,exponential
q_learning,shaped_eps-exponential_seed3,shaped,3,4a77b6e251,732,199,75.54999999999991,-46.07349999999994,0.23097034462860208,0.15,26,success,1,1,0,0,49,4,0,1,1,30,1.7499761977657693,53.643892111473654,0.0,0.0,0.99,8,exponential
q_learning,shaped_eps-exponential_seed3,shaped,3,4a77b6e251,733,186,99.2,-44.32899999999993,0.23050840393934488,0.15,39,success,1,1,0,0,36,2,0,1,1,32,2.031113761328535,57.8224641008473,0.0,0.0,0.99,8,exponential
q_learning,shaped_eps-exponential_seed3,shaped,3,4a77b6e251,734,196,87.69999999999993,-44.249499999999934,0.2300473871314662,0.15,29,success,1,1,0,0,42,3,0,1,1,35,1.1398048923369466,36.295233654041645,0.0,0.0,0.99,8,exponential
q_learning,shaped_eps-exponential_seed3,shaped,3,4a77b6e251,735,179,91.54999999999993,-42.726499999999945,0.22958729235720327,0.15,46,success,1,1,0,0,39,3,0,1,1,28,1.0285170319765917,34.283109632771726,0.0,0.0,0.99,8,exponential
q_learning,shaped_eps-exponential_seed3,shaped,3,4a77b6e251,736,225,-47.250000000000085,-43.89699999999994,0.22912811777248887,0.15,0,out_of_energy,0,0,1,0,54,2,0,0,1,45,0.6237872367657431,18.139416290134303,0.0,0.0,0.99,8,exponential
q_learning,shaped_eps-exponential_seed3,shaped,3,4a77b6e251,737,197,78.65,-42.31299999999994,0.22866986153694388,0.15,28,success,1,1,0,0,41,5,0,1,1,33,1.7569867530777505,56.836681912582925,0.0,0.0,0.99,8,exponential
q_learning,shaped_eps-exponential_seed3,shaped,3,4a77b6e251,738,190,54.99999999999999,-42.63399999999993,0.22821252181387,0.15,35,success,1,1,0,0,50,8,0,1,1,43,1.3138112156148072,30.966486321094806,0.0,0.0,0.99,8,exponential
q_learning,shaped_eps-exponential_seed3,shaped,3,4a77b6e251,739,195,63.75000000000005,-41.31399999999994,0.22775609677024225,0.15,30,success,1,1,0,0,61,4,0,1,1,34,1.2494311909359572,68.43060995468988,0.0,0.0,0.99,8,exponential
q_learning,shaped_eps-exponential_seed3,shaped,3,4a77b6e251,740,188,93.09999999999992,-41.01699999999993,0.22730058457670177,0.15,37,success,1,1,0,0,42,2,0,1,1,37,1.2637821722867446,71.3801119051604,0.0,0.0,0.99,8,exponential
q_learning,shaped_eps-exponential_seed3,shaped,3,4a77b6e251,741,225,-88.74999999999967,-42.80299999999994,0.22684598340754836,0.15,0,out_of_energy,0,0,1,0,61,9,0,0,1,44,0.7038766321003007,15.877885498573628,0.0,0.0,0.99,8,exponential
q_learning,shaped_eps-exponential_seed3,shaped,3,4a77b6e251,742,185,96.25000000000001,-41.07799999999994,0.22639229144073325,0.15,40,success,1,1,0,0,39,2,0,1,1,30,1.9497146997919876,44.659753871279875,0.0,0.0,0.99,8,exponential
q_learning,shaped_eps-exponential_seed3,shaped,3,4a77b6e251,743,202,83.39999999999998,-39.63149999999994,0.22593950685785177,0.15,23,success,1,1,0,0,46,3,0,1,1,45,1.1373867351175169,38.42309768206808,0.0,0.0,0.99,8,exponential
q_learning,shaped_eps-exponential_seed3,shaped,3,4a77b6e251,744,225,-46.7500000000001,-39.20149999999994,0.22548762784413606,0.15,0,out_of_energy,0,0,1,0,53,2,0,0,1,46,0.5873481020371375,17.41370145967749,0.0,0.0,0.99,8,exponential
q_learning,shaped_eps-exponential_seed3,shaped,3,4a77b6e251,745,194,78.7999999999999,-37.620999999999945,0.2250366525884478,0.15,31,success,1,1,0,0,46,4,0,1,1,45,1.1240583881968826,20.037334917107188,0.0,0.0,0.99,8,exponential
q_learning,shaped_eps-exponential_seed3,shaped,3,4a77b6e251,746,225,-89.74999999999983,-37.65599999999994,0.2245865792832709,0.15,0,out_of_energy,0,0,1,0,65,8,0,0,1,51,0.7097446063207483,25.142500000000002,0.0,0.0,0.99,8,exponential
q_learning,shaped_eps-exponential_seed3,shaped,3,4a77b6e251,747,225,-49.750000000000064,-37.01599999999995,0.22413740612470434,0.15,0,out_of_energy,0,0,1,0,47,4,0,0,1,47,0.5998803237200592,16.540654597328807,0.0,0.0,0.99,8,exponential
q_learning,shaped_eps-exponential_seed3,shaped,3,4a77b6e251,748,201,73.44999999999989,-35.408999999999956,0.22368913131245494,0.15,24,success,1,1,0,0,51,4,0,1,1,47,1.4009822686903755,39.22214888148736,0.0,0.0,0.99,8,exponential
q_learning,shaped_eps-exponential_seed3,shaped,3,4a77b6e251,749,225,-65.74999999999996,-35.17399999999995,0.22324175304983002,0.15,0,out_of_energy,0,0,1,0,73,2,0,0,1,60,0.6228558114676245,14.563073099496954,0.0,0.0,0.99,8,exponential
q_learning,shaped_eps-exponential_seed3,shaped,3,4a77b6e251,750,225,-74.7499999999997,-35.24399999999994,0.22279526954373036,0.15,0,out_of_energy,0,0,1,0,61,6,0,0,1,45,0.6943135272221164,17.74465831918689,0.0,0.0,0.99,8,exponential
q_learning,shaped_eps-exponential_seed3,shaped,3,4a77b6e251,751,225,-89.24999999999966,-35.18899999999994,0.2223496790046429,0.15,0,out_of_energy,0,0,1,0,66,8,0,0,1,48,0.7514194652700983,15.895887290322122,0.0,0.0,0.99,8,exponential
q_learning,shaped_eps-exponential_seed3,shaped,3,4a77b6e251,752,197,75.64999999999995,-33.88499999999994,0.2219049796466336,0.15,28,success,1,1,0,0,59,2,0,1,1,53,1.31361827748724,43.06324400928899,0.0,0.0,0.99,8,exponential
q_learning,shaped_eps-exponential_seed3,shaped,3,4a77b6e251,753,225,-66.74999999999999,-34.02499999999994,0.22146116968734034,0.15,0,out_of_energy,0,0,1,0,59,4,0,0,1,47,0.6540098913746606,20.55,0.0,0.0,0.99,8,exponential
q_learning,shaped_eps-exponential_seed3,shaped,3,4a77b6e251,754,198,76.5999999999999,-32.30149999999994,0.22101824734796566,0.15,27,success,1,1,0,0,48,4,0,2,1,41,2.223226349693744,74.20830465677797,0.0,0.0,0.99,8,exponential
q_learning,shaped_eps-exponential_seed3,shaped,3,4a77b6e251,755,205,74.24999999999993,-30.92149999999994,0.22057621085326973,0.15,20,success,1,1,0,0,45,5,0,1,1,46,1.1804938172491302,61.32002890099831,0.0,0.0,0.99,8,exponential
q_learning,shaped_eps-exponential_seed3,shaped,3,4a77b6e251,756,225,-113.74999999999976,-31.371499999999937,0.2201350584315632,0.15,0,out_of_energy,0,0,1,0,77,10,0,0,1,48,0.8077435519722063,19.471173381878234,0.0,0.0,0.99,8,exponential
q_learning,shaped_eps-exponential_seed3,shaped,3,4a77b6e251,757,225,-86.24999999999964,-31.641499999999937,0.21969478831470007,0.15,0,out_of_energy,0,0,1,0,58,9,0,0,1,51,0.7394179913580134,17.970679293890854,0.0,0.0,0.99,8,exponential
q_learning,shaped_eps-exponential_seed3,shaped,3,4a77b6e251,758,195,90.74999999999997,-29.906499999999937,0.21925539873807068,0.15,30,success,1,1,0,0,39,3,0,3,1,41,1.3860229226703324,26.348621041541104,0.0,0.0,0.99,8,exponential
q_learning,shaped_eps-exponential_seed3,shaped,3,4a77b6e251,759,225,-106.7499999999998,-30.34649999999994,0.21881688794059453,0.15,0,out_of_energy,0,0,1,0,59,13,0,0,1,36,0.776242233046629,17.842765409009328,0.0,0.0,0.99,8,exponential
q_learning,shaped_eps-exponential_seed3,shaped,3,4a77b6e251,760,192,90.9,-28.394999999999936,0.21837925416471335,0.15,33,success,1,1,0,0,34,4,0,1,1,34,1.1436928547756835,36.574294060438774,0.0,0.0,0.99,8,exponential
q_learning,shaped_eps-exponential_seed3,shaped,3,4a77b6e251,761,206,52.2000000000001,-27.23049999999994,0.21794249565638393,0.15,19,success,1,1,0,0,42,10,0,1,1,39,2.1639698999316965,65.45855660625642,0.0,0.0,0.99,8,exponential
q_learning,shaped_eps-exponential_seed3,shaped,3,4a77b6e251,762,209,81.04999999999993,-25.392499999999945,0.21750661066507115,0.15,16,success,1,1,0,0,43,4,0,1,1,50,1.5230952166631462,48.90560350720337,0.0,0.0,0.99,8,exponential
q_learning,shaped_eps-exponential_seed3,shaped,3,4a77b6e251,763,225,-73.74999999999991,-25.50249999999994,0.21707159744374102,0.15,0,out_of_energy,0,0,1,0,53,6,0,0,1,45,0.7457352153885626,18.047149255057764,0.0,0.0,0.99,8,exponential
q_learning,shaped_eps-exponential_seed3,shaped,3,4a77b6e251,764,225,-58.7499999999999,-26.784499999999944,0.21663745424885353,0.15,0,out_of_energy,0,0,1,0,41,7,0,0,1,40,0.7027439753624024,12.378612134572412,0.0,0.0,0.99,8,exponential
q_learning,shaped_eps-exponential_seed3,shaped,3,4a77b6e251,765,225,-96.24999999999987,-26.99449999999995,0.21620417934035582,0.15,0,out_of_energy,0,0,1,0,44,14,0,0,1,41,0.7478757877090346,16.26629021422635,0.0,0.0,0.99,8,exponential
q_learning,shaped_eps-exponential_seed3,shaped,3,4a77b6e251,766,191,76.94999999999989,-25.372499999999945,0.2157717709816751,0.15,34,success,1,1,0,0,53,3,0,1,1,42,1.494560334285975,38.14041617070547,0.0,0.0,0.99,8,exponential
q_learning,shaped_eps-exponential_seed3,shaped,3,4a77b6e251,767,192,87.89999999999993,-24.030999999999946,0.21534022743971176,0.15,33,success,1,1,0,0,42,3,0,2,1,36,2.840156571613939,92.54273393699789,0.0,0.0,0.99,8,exponential
q_learning,shaped_eps-exponential_seed3,shaped,3,4a77b6e251,768,203,93.34999999999995,-22.359999999999946,0.21490954698483233,0.15,22,success,1,1,0,0,41,2,0,1,1,45,1.8326657591136388,46.48592878241583,0.0,0.0,0.99,8,exponential
q_learning,shaped_eps-exponential_seed3,shaped,3,4a77b6e251,769,225,-76.24999999999977,-22.384999999999945,0.21447972789086267,0.15,0,out_of_energy,0,0,1,0,60,5,0,0,1,47,0.7274469568371276,18.524765868604018,0.0,0.0,0.99,8,exponential
q_learning,shaped_eps-exponential_seed3,shaped,3,4a77b6e251,770,225,-55.25,-22.239999999999945,0.21405076843508095,0.15,0,out_of_energy,0,0,1,0,50,5,0,0,1,33,0.6649941250469615,19.780693340278173,0.0,0.0,0.99,8,exponential
q_learning,shaped_eps-exponential_seed3,shaped,3,4a77b6e251,771,195,80.74999999999994,-20.899999999999945,0.21362266689821077,0.15,30,success,1,1,0,0,49,3,0,1,1,44,1.4263409964849827,66.64951553207987,0.0,0.0,0.99,8,exponential
q_learning,shaped_eps-exponential_seed3,shaped,3,4a77b6e251,772,225,-55.750000000000014,-20.694999999999947,0.21319542156441434,0.15,0,out_of_energy,0,0,1,0,59,3,0,0,1,51,0.5964889453429542,14.948367501971601,0.0,0.0,0.99,8,exponential
q_learning,shaped_eps-exponential_seed3,shaped,3,4a77b6e251,773,225,-48.250000000000085,-20.494999999999944,0.21276903072128553,0.15,0,out_of_energy,0,0,1,0,50,4,0,1,1,43,0.7122473052972009,29.428251607532488,0.0,0.0,0.99,8,exponential
q_learning,shaped_eps-exponential_seed3,shaped,3,4a77b6e251,774,225,-80.24999999999994,-20.629999999999946,0.21234349265984295,0.15,0,out_of_energy,0,0,1,0,68,5,0,0,1,40,0.658290271053057,18.5159632849972,0.0,0.0,0.99,8,exponential
q_learning,shaped_eps-exponential_seed3,shaped,3,4a77b6e251,775,225,-68.25000000000004,-20.18999999999995,0.21191880567452326,0.15,0,out_of_energy,0,0,1,0,62,3,0,0,1,45,0.6289923118922475,17.881461438632087,0.0,0.0,0.99,8,exponential
q_learning,shaped_eps-exponential_seed3,shaped,3,4a77b6e251,776,225,-71.75000000000003,-20.174999999999947,0.21149496806317422,0.15,0,out_of_energy,0,0,1,0,69,2,0,0,1,58,0.6762325124436781,16.713593312440416,0.0,0.0,0.99,8,exponential
q_learning,shaped_eps-exponential_seed3,shaped,3,4a77b6e251,777,176,103.7,-18.185499999999948,0.21107197812704787,0.15,49,success,1,1,0,0,32,2,0,1,1,24,1.0308138846502546,24.85611056555237,0.0,0.0,0.99,8,exponential
q_learning,shaped_eps-exponential_seed3,shaped,3,4a77b6e251,778,225,-44.25000000000003,-17.745499999999954,0.21064983417079378,0.15,0,out_of_energy,0,0,1,0,48,3,0,0,1,37,0.7452734760803823,15.399800236280683,0.0,0.0,0.99,8,exponential
q_learning,shaped_eps-exponential_seed3,shaped,3,4a77b6e251,779,225,-73.74999999999982,-17.77049999999995,0.21022853450245219,0.15,0,out_of_energy,0,0,1,0,63,4,0,0,1,52,0.7112636893774625,17.913318522896834,0.0,0.0,0.99,8,exponential
q_learning,shaped_eps-exponential_seed3,shaped,3,4a77b6e251,780,225,-57.750000000000014,-17.62049999999995,0.2098080774334473,0.15,0,out_of_energy,0,0,1,0,55,2,0,0,1,38,0.5520889729922482,16.392486227979564,0.0,0.0,0.99,8,exponential
q_learning,shaped_eps-exponential_seed3,shaped,3,4a77b6e251,781,193,88.84999999999991,-16.13449999999995,0.20938846127858038,0.15,32,success,1,1,0,0,41,3,0,1,1,41,1.8538429076065752,91.36836596393005,0.0,0.0,0.99,8,exponential
q_learning,shaped_eps-exponential_seed3,shaped,3,4a77b6e251,782,203,79.34999999999998,-14.748499999999956,0.20896968435602323,0.15,22,success,1,1,0,0,45,4,0,2,1,36,2.2774209585026335,70.10238414608376,0.0,0.0,0.99,8,exponential
q_learning,shaped_eps-exponential_seed3,shaped,3,4a77b6e251,783,204,67.30000000000025,-13.162999999999952,0.2085517449873112,0.15,21,success,1,1,0,0,42,7,0,1,1,40,1.5017831953755938,39.26510518811821,0.0,0.0,0.99,8,exponential
q_learning,shaped_eps-exponential_seed3,shaped,3,4a77b6e251,784,225,-58.25000000000006,-12.752999999999956,0.20813464149733657,0.15,0,out_of_energy,0,0,1,0,56,2,0,0,1,50,0.6031531059699707,18.231663036543022,0.0,0.0,0.99,8,exponential
q_learning,shaped_eps-exponential_seed3,shaped,3,4a77b6e251,785,225,-65.74999999999987,-12.46799999999996,0.2077183722143419,0.15,0,out_of_energy,0,0,1,0,55,4,0,0,1,36,0.5582858606757048,17.09477022776494,0.0,0.0,0.99,8,exponential
q_learning,shaped_eps-exponential_seed3,shaped,3,4a77b6e251,786,214,75.79999999999993,-11.017499999999954,0.2073029354699132,0.15,11,success,1,1,0,0,58,2,0,1,1,45,1.3202396246882657,41.68144944099379,0.0,0.0,0.99,8,exponential
q_learning,shaped_eps-exponential_seed3,shaped,3,4a77b6e251,787,225,-59.75000000000003,-11.017499999999954,0.20688832959897338,0.15,0,out_of_energy,0,0,1,0,53,5,0,0,1,44,0.6287978829956931,15.852109621163148,0.0,0.0,0.99,8,exponential
q_learning,shaped_eps-exponential_seed3,shaped,3,4a77b6e251,788,183,80.34999999999994,-9.671499999999956,0.20647455293977543,0.15,42,success,1,1,0,0,45,4,0,1,1,35,1.427142866082843,35.913843437351396,0.0,0.0,0.99,8,exponential
q_learning,shaped_eps-exponential_seed3,shaped,3,4a77b6e251,789,225,-55.75000000000006,-9.40649999999996,0.20606160383389588,0.15,0,out_of_energy,0,0,1,0,57,4,0,1,1,45,0.7518926554433288,26.23877174791698,0.0,0.0,0.99,8,exponential
q_learning,shaped_eps-exponential_seed3,shaped,3,4a77b6e251,790,225,-69.24999999999989,-9.581499999999956,0.2056494806262281,0.15,0,out_of_energy,0,0,1,0,62,5,0,0,1,48,0.7355721565410617,17.14168849154899,0.0,0.0,0.99,8,exponential
q_learning,shaped_eps-exponential_seed3,shaped,3,4a77b6e251,791,194,92.79999999999993,-7.87099999999996,0.20523818166497565,0.15,31,success,1,1,0,0,42,2,0,1,1,40,1.39383842437811,63.014463561699074,0.0,0.0,0.99,8,exponential
q_learning,shaped_eps-exponential_seed3,shaped,3,4a77b6e251,792,197,83.64999999999989,-6.241999999999963,0.2048277053016457,0.15,28,success,1,1,0,0,51,2,0,1,1,49,1.5892591293223177,58.8224161135213,0.0,0.0,0.99,8,exponential
q_learning,shaped_eps-exponential_seed3,shaped,3,4a77b6e251,793,203,95.35000000000001,-4.755999999999963,0.20441804989104242,0.15,22,success,1,1,0,0,39,2,0,2,1,43,2.234005456978305,76.69238098463995,0.0,0.0,0.99,8,exponential
q_learning,shaped_eps-exponential_seed3,shaped,3,4a77b6e251,794,193,101.85000000000001,-2.8599999999999657,0.20400921379126033,0.15,32,success,1,1,0,0,33,2,0,2,1,32,1.6519103955009444,38.17781929908366,0.0,0.0,0.99,8,exponential
q_learning,shaped_eps-exponential_seed3,shaped,3,4a77b6e251,795,198,84.59999999999994,-1.1664999999999666,0.20360119536367782,0.15,27,success,1,1,0,0,50,2,0,2,1,34,1.1278551391020684,23.643047607593665,0.0,0.0,0.99,8,exponential
q_learning,shaped_eps-exponential_seed3,shaped,3,4a77b6e251,796,225,-57.250000000000085,-1.0964999999999667,0.20319399297295046,0.15,0,out_of_energy,0,0,1,0,56,2,0,0,1,43,0.5975037779564379,16.795673998238854,0.0,0.0,0.99,8,exponential
q_learning,shaped_eps-exponential_seed3,shaped,3,4a77b6e251,797,210,74.9999999999999,0.4010000000000315,0.20278760498700457,0.15,15,success,1,1,0,0,54,3,0,4,1,46,1.813231431455001,37.61747417891834,0.0,0.0,0.99,8,exponential
q_learning,shaped_eps-exponential_seed3,shaped,3,4a77b6e251,798,214,64.79999999999998,2.1215000000000277,0.20238202977703057,0.15,11,success,1,1,0,0,54,5,0,1,1,37,2.0041502169274934,40.93600745872878,0.0,0.0,0.99,8,exponential
q_learning,shaped_eps-exponential_seed3,shaped,3,4a77b6e251,799,202,96.39999999999992,3.6280000000000285,0.2019772657174765,0.15,23,success,1,1,0,0,38,2,0,1,1,36,2.308336556793498,49.052244908259226,0.0,0.0,0.99,8,exponential
q_learning,shaped_eps-exponential_seed3,shaped,3,4a77b6e251,800,225,-64.24999999999986,3.4380000000000313,0.20157331118604155,0.15,0,out_of_energy,0,0,1,0,46,7,0,0,1,44,0.7588846606983787,17.330619696948904,0.0,0.0,0.99,8,exponential
q_learning,shaped_eps-exponential_seed3,shaped,3,4a77b6e251,801,203,69.35000000000001,5.139000000000028,0.20117016456366946,0.15,22,success,1,1,0,0,45,6,0,1,1,42,1.7370142455720923,59.618336576247316,0.0,0.0,0.99,8,exponential
q_learning,shaped_eps-exponential_seed3,shaped,3,4a77b6e251,802,185,94.25,7.559000000000026,0.20076782423454212,0.15,40,success,1,1,0,0,41,2,0,1,1,37,2.7510557946154246,100.45,0.0,0.0,0.99,8,exponential
q_learning,shaped_eps-exponential_seed3,shaped,3,4a77b6e251,803,202,76.3999999999999,7.453000000000024,0.20036628858607303,0.15,23,success,1,1,0,0,58,2,0,1,1,44,1.8217576187849724,64.08243287302224,0.0,0.0,0.99,8,exponential
q_learning,shaped_eps-exponential_seed3,shaped,3,4a77b6e251,804,206,42.20000000000022,7.111500000000028,0.19996555600890087,0.15,19,success,1,1,0,0,62,8,0,1,1,51,2.3193446425846025,58.18893452542895,0.0,0.0,0.99,8,exponential
q_learning,shaped_eps-exponential_seed3,shaped,3,4a77b6e251,805,198,102.60000000000001,9.030000000000026,0.19956562489688306,0.15,27,success,1,1,0,0,32,2,0,2,1,29,2.271156005001467,77.75077717667588,0.0,0.0,0.99,8,exponential
q_learning,shaped_eps-exponential_seed3,shaped,3,4a77b6e251,806,200,82.49999999999991,10.477500000000028,0.1991664936470893,0.15,25,success,1,1,0,0,42,4,0,1,1,35,1.4945499026199247,39.54849276875334,0.0,0.0,0.99,8,exponential
q_learning,shaped_eps-exponential_seed3,shaped,3,4a77b6e251,807,200,56.5000000000001,10.341500000000027,0.1987681606597951,0.15,25,success,1,1,0,0,48,8,0,1,1,37,1.684401133375025,58.293452581844285,0.0,0.0,0.99,8,exponential
q_learning,shaped_eps-exponential_seed3,shaped,3,4a77b6e251,808,202,67.4,11.858000000000022,0.19837062433847552,0.15,23,success,1,1,0,0,52,5,0,1,1,46,2.1796290375991236,52.956100886221634,0.0,0.0,0.99,8,exponential
q_learning,shaped_eps-exponential_seed3,shaped,3,4a77b6e251,809,207,80.14999999999989,11.882000000000021,0.19797388308979857,0.15,18,success,1,1,0,0,49,3,0,1,1,44,1.603830220875579,42.4586135300563,0.0,0.0,0.99,8,exponential
q_learning,shaped_eps-exponential_seed3,shaped,3,4a77b6e251,810,190,92.99999999999996,13.494500000000022,0.19757793532361898,0.15,35,success,1,1,0,0,42,2,0,1,1,35,2.218248348156324,60.84685258673481,0.0,0.0,0.99,8,exponential
q_learning,shaped_eps-exponential_seed3,shaped,3,4a77b6e251,811,182,88.39999999999995,15.141000000000018,0.19718277945297175,0.15,43,success,1,1,0,0,32,5,0,1,1,30,1.6314466778708951,45.6248447275832,0.0,0.0,0.99,8,exponential
q_learning,shaped_eps-exponential_seed3,shaped,3,4a77b6e251,812,195,72.74999999999991,16.346000000000018,0.1967884138940658,0.15,30,success,1,1,0,0,37,7,0,1,1,39,1.427547646798664,18.04570555254847,0.0,0.0,0.99,8,exponential
q_learning,shaped_eps-exponential_seed3,shaped,3,4a77b6e251,813,182,77.39999999999996,18.032500000000017,0.19639483706627767,0.15,43,success,1,1,0,0,38,6,0,1,1,33,1.5568373718610393,32.97992010220511,0.0,0.0,0.99,8,exponential
q_learning,shaped_eps-exponential_seed3,shaped,3,4a77b6e251,814,190,65.00000000000018,19.17000000000002,0.1960020473921451,0.15,35,success,1,1,0,0,50,6,0,1,1,39,1.364472340427575,26.230197463864588,0.0,0.0,0.99,8,exponential
q_learning,shaped_eps-exponential_seed3,shaped,3,4a77b6e251,815,208,87.09999999999992,20.598500000000023,0.1956100432973608,0.15,17,success,1,1,0,0,42,3,0,1,1,42,3.3429921801398175,70.0031542011615,0.0,0.0,0.99,8,exponential
q_learning,shaped_eps-exponential_seed3,shaped,3,4a77b6e251,816,197,52.65000000000007,21.812500000000018,0.19521882321076608,0.15,28,success,1,1,0,0,57,7,0,1,1,48,2.062388513220279,38.8219922707995,0.0,0.0,0.99,8,exponential
q_learning,shaped_eps-exponential_seed3,shaped,3,4a77b6e251,817,199,72.5499999999999,23.105500000000017,0.19482838556434456,0.15,26,success,1,1,0,0,57,3,0,2,1,53,2.007397965282368,75.3135320400686,0.0,0.0,0.99,8,exponential
q_learning,shaped_eps-exponential_seed3,shaped,3,4a77b6e251,818,193,83.84999999999994,24.646500000000014,0.1944387287932159,0.15,32,success,1,1,0,0,41,4,0,1,1,32,1.2847187287757371,40.10528291712693,0.0,0.0,0.99,8,exponential
q_learning,shaped_eps-exponential_seed3,shaped,3,4a77b6e251,819,199,85.54999999999995,26.169500000000017,0.19404985133562946,0.15,26,success,1,1,0,0,49,2,0,2,1,40,1.993261424031895,39.22875510140512,0.0,0.0,0.99,8,exponential
q_learning,shaped_eps-exponential_seed3,shaped,3,4a77b6e251,820,191,69.95000000000005,27.526500000000013,0.1936617516329582,0.15,34,success,1,1,0,0,45,6,0,1,1,34,1.272111698444429,16.996982749330094,0.0,0.0,0.99,8,exponential
q_learning,shaped_eps-exponential_seed3,shaped,3,4a77b6e251,821,225,-59.750000000000085,26.051500000000015,0.19327442812969228,0.15,0,out_of_energy,0,0,1,0,55,4,0,0,1,52,0.8529583636117215,17.101241608237935,0.0,0.0,0.99,8,exponential
q_learning,shaped_eps-exponential_seed3,shaped,3,4a77b6e251,822,225,-62.749999999999986,26.066500000000016,0.1928878792734329,0.15,0,out_of_energy,0,0,1,0,61,2,0,0,1,46,0.6273816572994044,17.099333500735522,0.0,0.0,0.99,8,exponential
q_learning,shaped_eps-exponential_seed3,shaped,3,4a77b6e251,823,188,90.09999999999994,27.755000000000013,0.19250210351488603,0.15,37,success,1,1,0,0,40,3,0,1,1,38,1.5493826039303058,63.92385747667309,0.0,0.0,0.99,8,exponential
q_learning,shaped_eps-exponential_seed3,shaped,3,4a77b6e251,824,182,97.40000000000002,27.874500000000015,0.19211709930785625,0.15,43,success,1,1,0,0,38,2,0,1,1,40,1.2204719712586265,34.34233288567905,0.0,0.0,0.99,8,exponential
q_learning,shaped_eps-exponential_seed3,shaped,3,4a77b6e251,825,205,69.24999999999991,28.084500000000006,0.19173286510924054,0.15,20,success,1,1,0,0,55,4,0,1,1,52,2.037477324337089,42.366888713418916,0.0,0.0,0.99,8,exponential
q_learning,shaped_eps-exponential_seed3,shaped,3,4a77b6e251,826,181,84.44999999999995,28.06150000000001,0.19134939937902207,0.15,44,success,1,1,0,0,41,4,0,1,1,35,1.4374665823878345,30.889884527585547,0.0,0.0,0.99,8,exponential
q_learning,shaped_eps-exponential_seed3,shaped,3,4a77b6e251,827,202,92.4,28.102000000000007,0.19096670058026402,0.15,23,success,1,1,0,0,42,2,0,1,1,45,1.8747153924843392,49.11050000508937,0.0,0.0,0.99,8,exponential
q_learning,shaped_eps-exponential_seed3,shaped,3,4a77b6e251,828,194,72.79999999999994,29.49750000000001,0.1905847671791035,0.15,31,success,1,1,0,0,52,4,0,1,1,41,1.5421464515551515,31.713439091749304,0.0,0.0,0.99,8,exponential
q_learning,shaped_eps-exponential_seed3,shaped,3,4a77b6e251,829,205,77.24999999999994,29.6155,0.1902035976447453,0.15,20,success,1,1,0,0,47,4,0,1,1,44,1.9430168324450934,48.96812779434184,0.0,0.0,0.99,8,exponential
q_learning,shaped_eps-exponential_seed3,shaped,3,4a77b6e251,830,201,87.4499999999999,29.624000000000006,0.1898231904494558,0.15,24,success,1,1,0,0,47,2,0,1,1,42,1.510603707227763,35.541028842191785,0.0,0.0,0.99,8,exponential
q_learning,shaped_eps-exponential_seed3,shaped,3,4a77b6e251,831,225,-72.24999999999974,28.2645,0.1894435440685569,0.15,0,out_of_energy,0,0,1,0,70,4,0,0,1,58,1.1977525296784906,19.75930918192325,0.0,0.0,0.99,8,exponential
q_learning,shaped_eps-exponential_seed3,shaped,3,4a77b6e251,832,214,81.79999999999997,28.327000000000012,0.1890646569804198,0.15,11,success,1,1,0,0,52,2,0,1,1,35,1.5222326814222091,81.50424911557316,0.0,0.0,0.99,8,exponential
q_learning,shaped_eps-exponential_seed3,shaped,3,4a77b6e251,833,195,76.74999999999989,28.102500000000006,0.18868652766645896,0.15,30,success,1,1,0,0,43,5,0,1,1,39,1.297136381523508,40.04782164804443,0.0,0.0,0.99,8,exponential
q_learning,shaped_eps-exponential_seed3,shaped,3,4a77b6e251,834,205,66.2500000000002,27.888000000000012,0.18830915461112605,0.15,20,success,1,1,0,0,53,5,0,1,1,50,1.7964166790876268,50.74992529811071,0.0,0.0,0.99,8,exponential
q_learning,shaped_eps-exponential_seed3,shaped,3,4a77b6e251,835,186,85.19999999999992,27.824500000000008,0.1879325363019038,0.15,39,success,1,1,0,0,40,4,0,1,1,40,1.9010492745031244,67.15972678657087,0.0,0.0,0.99,8,exponential
q_learning,shaped_eps-exponential_seed3,shaped,3,4a77b6e251,836,212,69.89999999999995,28.99600000000001,0.18755667122929998,0.15,13,success,1,1,0,0,54,4,0,2,1,41,1.7686383850640706,37.10868375951114,0.0,0.0,0.99,8,exponential
q_learning,shaped_eps-exponential_seed3,shaped,3,4a77b6e251,837,202,86.39999999999992,29.073500000000003,0.18718155788684138,0.15,23,success,1,1,0,0,38,4,0,1,1,37,2.0634541525564067,51.20954280645957,0.0,0.0,0.99,8,exponential
q_learning,shaped_eps-exponential_seed3,shaped,3,4a77b6e251,838,197,81.64999999999996,29.34000000000001,0.1868071947710677,0.15,28,success,1,1,0,0,43,4,0,1,1,25,1.280918949749156,33.789330283551735,0.0,0.0,0.99,8,exponential
q_learning,shaped_eps-exponential_seed3,shaped,3,4a77b6e251,839,198,82.59999999999992,29.52850000000001,0.18643358038152555,0.15,27,success,1,1,0,0,42,4,0,1,1,39,1.7042145999270666,90.67782841103156,0.0,0.0,0.99,8,exponential
q_learning,shaped_eps-exponential_seed3,shaped,3,4a77b6e251,840,195,91.74999999999996,29.515000000000008,0.1860607132207625,0.15,30,success,1,1,0,0,43,2,0,1,1,43,1.9491605733143373,51.58414802310317,0.0,0.0,0.99,8,exponential
q_learning,shaped_eps-exponential_seed3,shaped,3,4a77b6e251,841,225,-62.25000000000007,29.780000000000005,0.18568859179432098,0.15,0,out_of_energy,0,0,1,0,62,4,0,0,1,44,1.4223940015182994,51.16277296607134,0.0,0.0,0.99,8,exponential
q_learning,shaped_eps-exponential_seed3,shaped,3,4a77b6e251,842,194,81.79999999999993,29.6355,0.18531721461073233,0.15,31,success,1,1,0,0,38,5,0,1,1,40,2.1789563895307547,76.39596952171657,0.0,0.0,0.99,8,exponential
q_learning,shaped_eps-exponential_seed3,shaped,3,4a77b6e251,843,194,84.79999999999994,29.6495,0.18494658018151086,0.15,31,success,1,1,0,0,40,4,0,1,1,37,1.5328926603016884,33.92162746053726,0.0,0.0,0.99,8,exponential
q_learning,shaped_eps-exponential_seed3,shaped,3,4a77b6e251,844,203,84.34999999999994,30.960499999999996,0.18457668702114785,0.15,22,success,1,1,0,0,35,5,0,1,1,23,1.6705190445787572,47.27256444956758,0.0,0.0,0.99,8,exponential
q_learning,shaped_eps-exponential_seed3,shaped,3,4a77b6e251,845,196,77.69999999999993,30.949499999999997,0.18420753364710554,0.15,29,success,1,1,0,0,42,5,0,1,1,38,2.0154620403030514,35.63333125858938,0.0,0.0,0.99,8,exponential
q_learning,shaped_eps-exponential_seed3,shaped,3,4a77b6e251,846,182,96.39999999999999,32.811,0.18383911857981133,0.15,43,success,1,1,0,0,34,3,0,1,1,22,1.0896815599114276,16.331706349485287,0.0,0.0,0.99,8,exponential
q_learning,shaped_eps-exponential_seed3,shaped,3,4a77b6e251,847,193,87.84999999999991,34.187000000000005,0.1834714403426517,0.15,32,success,1,1,0,0,47,2,0,1,1,36,1.6327936274177932,88.12566119648491,0.0,0.0,0.99,8,exponential
q_learning,shaped_eps-exponential_seed3,shaped,3,4a77b6e251,848,207,82.14999999999996,34.27400000000001,0.1831044974619664,0.15,18,success,1,1,0,0,37,5,0,2,1,41,2.424058612236046,81.840265383244,0.0,0.0,0.99,8,exponential
q_learning,shaped_eps-exponential_seed3,shaped,3,4a77b6e251,849,198,72.59999999999991,35.657500000000006,0.18273828846704246,0.15,27,success,1,1,0,0,42,6,0,1,1,32,1.4764203199494137,38.54040499794502,0.0,0.0,0.99,8,exponential
q_learning,shaped_eps-exponential_seed3,shaped,3,4a77b6e251,850,196,78.69999999999987,37.192,0.18237281189010837,0.15,29,success,1,1,0,0,46,4,0,1,1,36,1.4439917488839087,31.246139081781195,0.0,0.0,0.99,8,exponential
q_learning,shaped_eps-exponential_seed3,shaped,3,4a77b6e251,851,197,72.64999999999993,38.81099999999999,0.18200806626632815,0.15,28,success,1,1,0,0,47,5,0,1,1,43,1.3197964962001594,17.099712775687482,0.0,0.0,0.99,8,exponential
q_learning,shaped_eps-exponential_seed3,shaped,3,4a77b6e251,852,225,-96.74999999999972,37.086999999999996,0.1816440501337955,0.15,0,out_of_energy,0,0,1,0,61,10,0,0,1,38,0.8480137444795471,21.05,0.0,0.0,0.99,8,exponential
q_learning,shaped_eps-exponential_seed3,shaped,3,4a77b6e251,853,208,70.10000000000002,38.4555,0.18128076203352791,0.15,17,success,1,1,0,0,44,6,0,2,1,37,2.1346010092620613,54.21953636081989,0.0,0.0,0.99,8,exponential
q_learning,shaped_eps-exponential_seed3,shaped,3,4a77b6e251,854,225,-83.74999999999984,36.852,0.18091820050946086,0.15,0,out_of_energy,0,0,1,0,71,4,0,0,1,55,0.6823560945617368,14.993220527562633,0.0,0.0,0.99,8,exponential
q_learning,shaped_eps-exponential_seed3,shaped,3,4a77b6e251,855,179,94.54999999999993,37.05499999999999,0.18055636410844195,0.15,46,success,1,1,0,0,41,2,0,2,1,39,2.290824315332175,81.14895441947692,0.0,0.0,0.99,8,exponential
q_learning,shaped_eps-exponential_seed3,shaped,3,4a77b6e251,856,225,-39.250000000000036,37.79999999999999,0.18019525138022507,0.15,0,out_of_energy,0,0,1,0,52,2,0,1,1,42,1.9556311986284565,108.21743018866466,0.0,0.0,0.99,8,exponential
q_learning,shaped_eps-exponential_seed3,shaped,3,4a77b6e251,857,203,83.34999999999991,39.49599999999999,0.17983486087746461,0.15,22,success,1,1,0,0,41,4,0,1,1,43,1.740756689795237,41.56717639386401,0.0,0.0,0.99,8,exponential
q_learning,shaped_eps-exponential_seed3,shaped,3,4a77b6e251,858,225,-79.2499999999999,37.795999999999985,0.17947519115570967,0.15,0,out_of_energy,0,0,1,0,68,5,0,0,1,42,0.7895421048832837,18.950489525428885,0.0,0.0,0.99,8,exponential
q_learning,shaped_eps-exponential_seed3,shaped,3,4a77b6e251,859,225,-90.24999999999984,37.96099999999999,0.17911624077339824,0.15,0,out_of_energy,0,0,1,0,60,8,0,0,1,50,0.7591375909723828,18.85686118544226,0.0,0.0,0.99,8,exponential
q_learning,shaped_eps-exponential_seed3,shaped,3,4a77b6e251,860,210,86.99999999999997,37.92199999999999,0.17875800829185146,0.15,15,success,1,1,0,0,42,3,0,2,1,37,2.3369040095092584,59.81615258078694,0.0,0.0,0.99,8,exponential
q_learning,shaped_eps-exponential_seed3,shaped,3,4a77b6e251,861,201,89.45,38.29449999999999,0.17840049227526775,0.15,24,success,1,1,0,0,35,4,0,1,1,45,2.3689263118743877,71.06371979382205,0.0,0.0,0.99,8,exponential
q_learning,shaped_eps-exponential_seed3,shaped,3,4a77b6e251,862,180,103.5,38.518999999999984,0.1780436912907172,0.15,45,success,1,1,0,0,32,2,0,2,1,34,1.4519778387092739,36.77238381119806,0.0,0.0,0.99,8,exponential
q_learning,shaped_eps-exponential_seed3,shaped,3,4a77b6e251,863,182,89.39999999999995,40.15049999999999,0.17768760390813576,0.15,43,success,1,1,0,0,36,4,0,1,1,43,2.508027526097343,100.45,0.0,0.0,0.99,8,exponential
q_learning,shaped_eps-exponential_seed3,shaped,3,4a77b6e251,864,190,97.00000000000001,41.70799999999999,0.17733222870031948,0.15,35,success,1,1,0,0,38,2,0,1,1,33,3.1450636889365753,84.76508651798588,0.0,0.0,0.99,8,exponential
q_learning,shaped_eps-exponential_seed3,shaped,3,4a77b6e251,865,195,95.75000000000001,43.627999999999986,0.17697756424291883,0.15,30,success,1,1,0,0,39,2,0,1,1,35,2.589962195036544,72.05463442334192,0.0,0.0,0.99,8,exponential
q_learning,shaped_eps-exponential_seed3,shaped,3,4a77b6e251,866,187,96.15000000000002,43.81999999999998,0.17662360911443298,0.15,38,success,1,1,0,0,39,2,0,2,1,35,2.0547597296303697,57.54195412883062,0.0,0.0,0.99,8,exponential
q_learning,shaped_eps-exponential_seed3,shaped,3,4a77b6e251,867,225,-67.25000000000003,42.26849999999999,0.17627036189620413,0.15,0,out_of_energy,0,0,1,0,60,3,0,0,1,51,0.6770735004289938,16.655344476553516,0.0,0.0,0.99,8,exponential
q_learning,shaped_eps-exponential_seed3,shaped,3,4a77b6e251,868,212,65.90000000000009,41.99399999999998,0.17591782117241173,0.15,13,success,1,1,0,0,48,6,0,2,1,47,2.0140641977809572,55.98031272208662,0.0,0.0,0.99,8,exponential
q_learning,shaped_eps-exponential_seed3,shaped,3,4a77b6e251,869,209,65.05000000000007,43.40699999999998,0.17556598553006691,0.15,16,success,1,1,0,0,49,6,0,1,1,43,1.7956148952764481,46.702336153908135,0.0,0.0,0.99,8,exponential
q_learning,shaped_eps-exponential_seed3,shaped,3,4a77b6e251,870,225,-50.250000000000064,43.45699999999998,0.1752148535590068,0.15,0,out_of_energy,0,0,1,0,52,3,0,0,1,40,1.1546094763930983,48.222909418100194,0.0,0.0,0.99,8,exponential
q_learning,shaped_eps-exponential_seed3,shaped,3,4a77b6e251,871,225,-79.2499999999999,41.857,0.17486442385188877,0.15,0,out_of_energy,0,0,1,0,54,8,0,0,1,50,0.9615753443661756,18.029397703508046,0.0,0.0,0.99,8,exponential
q_learning,shaped_eps-exponential_seed3,shaped,3,4a77b6e251,872,180,103.50000000000001,43.449499999999986,0.17451469500418498,0.15,45,success,1,1,0,0,32,2,0,1,1,30,1.8201457737941635,57.997539097732954,0.0,0.0,0.99,8,exponential
q_learning,shaped_eps-exponential_seed3,shaped,3,4a77b6e251,873,179,83.54999999999991,44.76749999999999,0.17416566561417662,0.15,46,success,1,1,0,0,37,5,0,1,1,34,2.014150803011483,62.47185619830054,0.0,0.0,0.99,8,exponential
q_learning,shaped_eps-exponential_seed3,shaped,3,4a77b6e251,874,178,73.59999999999992,46.306,0.17381733428294827,0.15,47,success,1,1,0,0,42,6,0,2,1,30,1.3373478314456604,40.01530165910877,0.0,0.0,0.99,8,exponential
q_learning,shaped_eps-exponential_seed3,shaped,3,4a77b6e251,875,208,71.09999999999998,47.6995,0.17346969961438236,0.15,17,success,1,1,0,0,48,5,0,1,1,36,1.6707601752603576,52.17253398445279,0.0,0.0,0.99,8,exponential
q_learning,shaped_eps-exponential_seed3,shaped,3,4a77b6e251,876,210,68.00000000000001,49.097,0.1731227602151536,0.15,15,success,1,1,0,0,56,4,0,1,1,50,1.8804792236592822,39.07902585109474,0.0,0.0,0.99,8,exponential
q_learning,shaped_eps-exponential_seed3,shaped,3,4a77b6e251,877,195,76.74999999999996,48.8275,0.1727765146947233,0.15,30,success,1,1,0,0,43,5,0,1,1,37,1.807421023888813,34.11367610445443,0.0,0.0,0.99,8,exponential
q_learning,shaped_eps-exponential_seed3,shaped,3,4a77b6e251,878,200,91.49999999999999,50.185,0.17243096166533387,0.15,25,success,1,1,0,0,38,3,0,1,1,33,1.578582135974827,49.34609646699167,0.0,0.0,0.99,8,exponential
q_learning,shaped_eps-exponential_seed3,shaped,3,4a77b6e251,879,202,87.39999999999989,51.79649999999999,0.1720860997420032,0.15,23,success,1,1,0,0,42,3,0,1,1,47,1.9523116271819139,63.681288675651224,0.0,0.0,0.99,8,exponential
q_learning,shaped_eps-exponential_seed3,shaped,3,4a77b6e251,880,191,93.94999999999996,53.31349999999998,0.17174192754251918,0.15,34,success,1,1,0,0,41,2,0,1,1,31,1.3535234989952518,31.146187299649934,0.0,0.0,0.99,8,exponential
q_learning,shaped_eps-exponential_seed3,shaped,3,4a77b6e251,881,180,107.50000000000001,53.49999999999999,0.17139844368743415,0.15,45,success,1,1,0,0,28,2,0,1,1,28,2.661376532544786,79.94582773798082,0.0,0.0,0.99,8,exponential
q_learning,shaped_eps-exponential_seed3,shaped,3,4a77b6e251,882,182,89.39999999999995,53.60049999999998,0.17105564680005927,0.15,43,success,1,1,0,0,36,4,0,1,1,39,1.4706712559558024,54.66446206364095,0.0,0.0,0.99,8,exponential
q_learning,shaped_eps-exponential_seed3,shaped,3,4a77b6e251,883,206,66.20000000000005,53.58949999999998,0.17071353550645915,0.15,19,success,1,1,0,0,48,6,0,1,1,50,1.8408289334161922,50.28022497195808,0.0,0.0,0.99,8,exponential
q_learning,shaped_eps-exponential_seed3,shaped,3,4a77b6e251,884,225,-70.25000000000004,53.46949999999998,0.17037210843544623,0.15,0,out_of_energy,0,0,1,0,68,2,0,0,1,50,0.6854419044498123,16.058681846868964,0.0,0.0,0.99,8,exponential
q_learning,shaped_eps-exponential_seed3,shaped,3,4a77b6e251,885,182,103.4,55.16099999999997,0.17003136421857534,0.15,43,success,1,1,0,0,32,2,0,1,1,30,1.33012783806923,49.15058083010821,0.0,0.0,0.99,8,exponential
q_learning,shaped_eps-exponential_seed3,shaped,3,4a77b6e251,886,187,82.14999999999998,55.22449999999998,0.1696913014901382,0.15,38,success,1,1,0,0,43,4,0,1,1,40,1.4870210610889851,75.83946350703985,0.0,0.0,0.99,8,exponential
q_learning,shaped_eps-exponential_seed3,shaped,3,4a77b6e251,887,194,66.80000000000015,56.489999999999974,0.16935191888715792,0.15,31,success,1,1,0,0,58,4,0,1,1,54,1.6597419147330903,36.55152865099865,0.0,0.0,0.99,8,exponential
q_learning,shaped_eps-exponential_seed3,shaped,3,4a77b6e251,888,177,100.65000000000002,56.692999999999984,0.1690132150493836,0.15,48,success,1,1,0,0,35,2,0,1,1,24,1.3052435508092572,39.09868273491614,0.0,0.0,0.99,8,exponential
q_learning,shaped_eps-exponential_seed3,shaped,3,4a77b6e251,889,180,101.50000000000001,58.26549999999998,0.16867518861928482,0.15,45,success,1,1,0,0,34,2,0,1,1,38,1.6669622682089669,59.01521633046825,0.0,0.0,0.99,8,exponential
q_learning,shaped_eps-exponential_seed3,shaped,3,4a77b6e251,890,176,105.7,60.01499999999998,0.16833783824204626,0.15,49,success,1,1,0,0,30,2,0,1,1,26,1.441613098929807,51.72855110764246,0.0,0.0,0.99,8,exponential
q_learning,shaped_eps-exponential_seed3,shaped,3,4a77b6e251,891,225,-56.74999999999997,58.51949999999998,0.16800116256556216,0.15,0,out_of_energy,0,0,1,0,59,3,0,0,1,44,0.6877521568926611,19.392500000000002,0.0,0.0,0.99,8,exponential
q_learning,shaped_eps-exponential_seed3,shaped,3,4a77b6e251,892,199,78.5499999999999,58.46849999999999,0.16766516024043104,0.15,26,success,1,1,0,0,51,3,0,1,1,36,1.9214160739966808,86.92454429912334,0.0,0.0,0.99,8,exponential
q_learning,shaped_eps-exponential_seed3,shaped,3,4a77b6e251,893,184,88.2999999999999,58.39799999999998,0.16732982991995018,0.15,41,success,1,1,0,0,42,3,0,1,1,32,2.5658116810043174,63.3253675971461,0.0,0.0,0.99,8,exponential
q_learning,shaped_eps-exponential_seed3,shaped,3,4a77b6e251,894,180,95.49999999999993,58.3345,0.1669951702601103,0.15,45,success,1,1,0,0,40,2,0,1,1,37,1.5995823967119722,57.970949801079726,0.0,0.0,0.99,8,exponential
q_learning,shaped_eps-exponential_seed3,shaped,3,4a77b6e251,895,185,86.24999999999994,58.35099999999999,0.16666117991959006,0.15,40,success,1,1,0,0,49,2,0,1,1,44,1.4976437994871095,32.558849208308565,0.0,0.0,0.99,8,exponential
q_learning,shaped_eps-exponential_seed3,shaped,3,4a77b6e251,896,193,97.85000000000002,59.902,0.16632785755975088,0.15,32,success,1,1,0,0,37,2,0,1,1,33,1.7961759845146346,37.23343257289693,0.0,0.0,0.99,8,exponential
q_learning,shaped_eps-exponential_seed3,shaped,3,4a77b6e251,897,186,81.19999999999995,59.963999999999984,0.16599520184463137,0.15,39,success,1,1,0,0,34,6,0,1,1,32,1.5911534439540542,43.92677837443646,0.0,0.0,0.99,8,exponential
q_learning,shaped_eps-exponential_seed3,shaped,3,4a77b6e251,898,181,81.44999999999993,60.13049999999999,0.16566321144094212,0.15,44,success,1,1,0,0,39,5,0,1,1,36,2.095844717056968,58.018949171513015,0.0,0.0,0.99,8,exponential
q_learning,shaped_eps-exponential_seed3,shaped,3,4a77b6e251,899,179,94.55000000000001,60.11199999999999,0.16533188501806023,0.15,46,success,1,1,0,0,41,2,0,1,1,35,2.2571007762961237,62.95078223530426,0.0,0.0,0.99,8,exponential
q_learning,shaped_eps-exponential_seed3,shaped,3,4a77b6e251,900,199,58.55000000000018,61.33999999999999,0.1650012212480241,0.15,26,success,1,1,0,0,51,7,0,1,1,40,1.8960373458724153,28.603538006266724,0.0,0.0,0.99,8,exponential
q_learning,shaped_eps-exponential_seed3,shaped,3,4a77b6e251,901,176,93.70000000000002,61.58349999999999,0.16467121880552807,0.15,49,success,1,1,0,0,42,2,0,1,1,34,1.817998257094908,61.61036485372669,0.0,0.0,0.99,8,exponential
q_learning,shaped_eps-exponential_seed3,shaped,3,4a77b6e251,902,225,-81.74999999999989,59.82349999999999,0.164341876367917,0.15,0,out_of_energy,0,0,1,0,65,6,0,0,1,49,0.7565264152224022,19.52727879502556,0.0,0.0,0.99,8,exponential
q_learning,shaped_eps-exponential_seed3,shaped,3,4a77b6e251,903,225,-60.75000000000006,58.45199999999999,0.16401319261518116,0.15,0,out_of_energy,0,0,1,0,59,2,0,0,1,48,0.6349858621704024,16.146186997691146,0.0,0.0,0.99,8,exponential
q_learning,shaped_eps-exponential_seed3,shaped,3,4a77b6e251,904,177,99.65000000000002,59.026499999999984,0.1636851662299508,0.15,48,success,1,1,0,0,31,3,0,1,1,31,1.7053239974615246,58.162143279810095,0.0,0.0,0.99,8,exponential
q_learning,shaped_eps-exponential_seed3,shaped,3,4a77b6e251,905,188,76.0999999999999,58.76149999999997,0.1633577958974909,0.15,37,success,1,1,0,0,44,5,0,1,1,37,2.122954718198511,77.82841406431457,0.0,0.0,0.99,8,exponential
q_learning,shaped_eps-exponential_seed3,shaped,3,4a77b6e251,906,194,93.79999999999997,58.87449999999997,0.1630310803056959,0.15,31,success,1,1,0,0,36,3,0,1,1,38,1.7879840081563905,43.60226406981822,0.0,0.0,0.99,8,exponential
q_learning,shaped_eps-exponential_seed3,shaped,3,4a77b6e251,907,178,101.59999999999998,59.325499999999984,0.1627050181450845,0.15,47,success,1,1,0,0,34,2,0,2,1,33,1.7801201756827305,30.56779619148145,0.0,0.0,0.99,8,exponential
q_learning,shaped_eps-exponential_seed3,shaped,3,4a77b6e251,908,178,95.60000000000002,59.60749999999998,0.16237960810879434,0.15,47,success,1,1,0,0,40,2,0,1,1,41,1.7840896724777722,56.66119404591139,0.0,0.0,0.99,8,exponential
q_learning,shaped_eps-exponential_seed3,shaped,3,4a77b6e251,909,225,-69.24999999999993,58.113499999999995,0.16205484889257676,0.15,0,out_of_energy,0,0,1,0,68,2,0,0,1,53,0.619129932169908,16.850241180211064,0.0,0.0,0.99,8,exponential
q_learning,shaped_eps-exponential_seed3,shaped,3,4a77b6e251,910,178,105.60000000000002,58.23949999999999,0.1617307391947916,0.15,47,success,1,1,0,0,30,2,0,1,1,27,1.5518870404661187,55.6168404957,0.0,0.0,0.99,8,exponential
q_learning,shaped_eps-exponential_seed3,shaped,3,4a77b6e251,911,182,77.39999999999993,58.129499999999986,0.16140727771640204,0.15,43,success,1,1,0,0,38,6,0,1,1,39,1.3549356128302608,44.43423275509929,0.0,0.0,0.99,8,exponential
q_learning,shaped_eps-exponential_seed3,shaped,3,4a77b6e251,912,192,84.89999999999992,58.25099999999998,0.16108446316096922,0.15,33,success,1,1,0,0,40,4,0,1,1,37,1.3529646635338732,21.36054220367965,0.0,0.0,0.99,8,exponential
q_learning,shaped_eps-exponential_seed3,shaped,3,4a77b6e251,913,177,85.64999999999992,58.33349999999999,0.16076229423464727,0.15,48,success,1,1,0,0,35,5,0,1,1,32,1.5856455903735827,70.79593209936051,0.0,0.0,0.99,8,exponential
q_learning,shaped_eps-exponential_seed3,shaped,3,4a77b6e251,914,225,-72.24999999999991,56.96099999999998,0.16044076964617798,0.15,0,out_of_energy,0,0,1,0,56,6,0,0,1,45,0.7800335122763256,19.645463,0.0,0.0,0.99,8,exponential
q_learning,shaped_eps-exponential_seed3,shaped,3,4a77b6e251,915,206,83.19999999999987,56.92199999999998,0.16011988810688563,0.15,19,success,1,1,0,0,46,3,0,1,1,38,2.398108181832782,66.23076213673215,0.0,0.0,0.99,8,exponential
q_learning,shaped_eps-exponential_seed3,shaped,3,4a77b6e251,916,176,90.69999999999996,57.30249999999998,0.15979964833067187,0.15,49,success,1,1,0,0,40,3,0,1,1,36,1.5075116123351036,67.82909747610776,0.0,0.0,0.99,8,exponential
q_learning,shaped_eps-exponential_seed3,shaped,3,4a77b6e251,917,202,80.39999999999999,57.38099999999998,0.15948004903401053,0.15,23,success,1,1,0,0,44,4,0,1,1,38,1.7865527859035895,31.65852252986055,0.0,0.0,0.99,8,exponential
q_learning,shaped_eps-exponential_seed3,shaped,3,4a77b6e251,918,214,99.80000000000001,57.54049999999998,0.1591610889359425,0.15,11,success,1,1,0,0,34,2,0,1,1,37,3.094388493821601,64.60659287946247,0.0,0.0,0.99,8,exponential
q_learning,shaped_eps-exponential_seed3,shaped,3,4a77b6e251,919,180,96.49999999999994,57.649999999999984,0.1588427667580706,0.15,45,success,1,1,0,0,34,3,0,2,1,26,2.043159734284254,64.31835573920623,0.0,0.0,0.99,8,exponential
q_learning,shaped_eps-exponential_seed3,shaped,3,4a77b6e251,920,191,84.94999999999993,57.79999999999998,0.15852508122455447,0.15,34,success,1,1,0,0,45,3,0,1,1,36,2.996484871072299,82.45671573919716,0.0,0.0,0.99,8,exponential
q_learning,shaped_eps-exponential_seed3,shaped,3,4a77b6e251,921,198,67.60000000000005,59.07349999999999,0.15820803106210535,0.15,27,success,1,1,0,0,52,5,0,2,1,50,2.3579582880611065,51.05464536432353,0.0,0.0,0.99,8,exponential
q_learning,shaped_eps-exponential_seed3,shaped,3,4a77b6e251,922,207,62.14999999999999,60.322499999999984,0.15789161499998114,0.15,18,success,1,1,0,0,47,7,0,1,1,49,2.2940275485908774,58.00925480399412,0.0,0.0,0.99,8,exponential
q_learning,shaped_eps-exponential_seed3,shaped,3,4a77b6e251,923,188,98.10000000000002,60.40249999999998,0.1575758317699812,0.15,37,success,1,1,0,0,32,3,0,1,1,39,1.6929359912643875,40.87173926655733,0.0,0.0,0.99,8,exponential
q_learning,shaped_eps-exponential_seed3,shaped,3,4a77b6e251,924,178,92.6,60.35449999999999,0.15726068010644123,0.15,47,success,1,1,0,0,38,3,0,1,1,35,1.9655366018727376,53.942316785728465,0.0,0.0,0.99,8,exponential
q_learning,shaped_eps-exponential_seed3,shaped,3,4a77b6e251,925,182,93.39999999999996,60.59599999999998,0.15694615874622836,0.15,43,success,1,1,0,0,42,2,0,1,1,39,1.5350039389462826,61.57062718352492,0.0,0.0,0.99,8,exponential
q_learning,shaped_eps-exponential_seed3,shaped,3,4a77b6e251,926,179,100.55000000000001,60.75699999999999,0.1566322664287359,0.15,46,success,1,1,0,0,35,2,0,1,1,34,1.4238656078036078,50.18882486738702,0.0,0.0,0.99,8,exponential
q_learning,shaped_eps-exponential_seed3,shaped,3,4a77b6e251,927,172,104.9,60.88199999999998,0.15631900189587844,0.15,53,success,1,1,0,0,26,3,0,1,1,27,1.9807455864999661,90.40401716024418,0.0,0.0,0.99,8,exponential
q_learning,shaped_eps-exponential_seed3,shaped,3,4a77b6e251,928,199,82.55,60.97949999999999,0.1560063638920867,0.15,26,success,1,1,0,0,37,5,0,1,1,46,1.907625858313355,55.72074288807018,0.0,0.0,0.99,8,exponential
q_learning,shaped_eps-exponential_seed3,shaped,3,4a77b6e251,929,182,105.4,61.26099999999999,0.15569435116430252,0.15,43,success,1,1,0,0,30,2,0,2,1,41,2.1886518653802614,49.77331622030336,0.0,0.0,0.99,8,exponential
q_learning,shaped_eps-exponential_seed3,shaped,3,4a77b6e251,930,183,78.34999999999994,61.16999999999999,0.15538296246197392,0.15,42,success,1,1,0,0,37,6,0,1,1,38,2.2893379099639506,47.60037921361449,0.0,0.0,0.99,8,exponential
q_learning,shaped_eps-exponential_seed3,shaped,3,4a77b6e251,931,176,91.69999999999999,62.809499999999986,0.15507219653704996,0.15,49,success,1,1,0,0,44,2,0,2,1,39,1.831722557109685,36.973680561279,0.0,0.0,0.99,8,exponential
q_learning,shaped_eps-exponential_seed3,shaped,3,4a77b6e251,932,184,97.3,62.96449999999999,0.15476205214397584,0.15,41,success,1,1,0,0,38,2,0,1,1,33,1.6803009561367965,40.75426683199895,0.0,0.0,0.99,8,exponential
q_learning,shaped_eps-exponential_seed3,shaped,3,4a77b6e251,933,196,88.69999999999993,63.08399999999999,0.1544525280396879,0.15,29,success,1,1,0,0,46,2,0,1,1,40,1.540882923234024,42.830893033084365,0.0,0.0,0.99,8,exponential
q_learning,shaped_eps-exponential_seed3,shaped,3,4a77b6e251,934,182,101.4,63.43549999999998,0.1541436229836085,0.15,43,success,1,1,0,0,34,2,0,1,1,34,2.018710326502314,59.79287715882167,0.0,0.0,0.99,8,exponential
q_learning,shaped_eps-exponential_seed3,shaped,3,4a77b6e251,935,200,81.4999999999999,63.398499999999984,0.1538353357376413,0.15,25,success,1,1,0,0,48,3,0,2,1,48,1.8410566292912482,51.140747908650006,0.0,0.0,0.99,8,exponential
q_learning,shaped_eps-exponential_seed3,shaped,3,4a77b6e251,936,207,82.14999999999995,63.52099999999998,0.15352766506616602,0.15,18,success,1,1,0,0,47,3,0,1,1,46,2.513741545123044,94.9960531740726,0.0,0.0,0.99,8,exponential
q_learning,shaped_eps-exponential_seed3,shaped,3,4a77b6e251,937,204,67.30000000000007,63.32999999999997,0.15322060973603369,0.15,21,success,1,1,0,0,52,5,0,1,1,45,2.4521454470880886,60.31572824001337,0.0,0.0,0.99,8,exponential
q_learning,shaped_eps-exponential_seed3,shaped,3,4a77b6e251,938,185,80.24999999999996,63.31599999999999,0.15291416851656162,0.15,40,success,1,1,0,0,35,6,0,1,1,31,1.6589036793049254,43.99731585124213,0.0,0.0,0.99,8,exponential
q_learning,shaped_eps-exponential_seed3,shaped,3,4a77b6e251,939,182,91.39999999999995,63.403999999999975,0.15260834017952848,0.15,43,success,1,1,0,0,34,4,0,1,1,31,1.2074560517209652,19.38183198209221,0.0,0.0,0.99,8,exponential
q_learning,shaped_eps-exponential_seed3,shaped,3,4a77b6e251,940,197,83.64999999999992,63.322999999999986,0.15230312349916944,0.15,28,success,1,1,0,0,41,4,0,1,1,43,1.670779371744872,35.96548668341846,0.0,0.0,0.99,8,exponential
q_learning,shaped_eps-exponential_seed3,shaped,3,4a77b6e251,941,185,71.24999999999993,64.65799999999997,0.1519985172521711,0.15,40,success,1,1,0,0,49,5,0,1,1,40,1.775913144371733,41.50251351207423,0.0,0.0,0.99,8,exponential
q_learning,shaped_eps-exponential_seed3,shaped,3,4a77b6e251,942,179,98.55000000000001,64.82549999999998,0.15169452021766675,0.15,46,success,1,1,0,0,37,2,0,2,1,33,1.8491897917890185,60.78933020553548,0.0,0.0,0.99,8,exponential
q_learning,shaped_eps-exponential_seed3,shaped,3,4a77b6e251,943,199,83.54999999999995,64.81299999999999,0.1513911311772314,0.15,26,success,1,1,0,0,41,4,0,1,1,34,1.676798478385094,66.19494478076602,0.0,0.0,0.99,8,exponential
q_learning,shaped_eps-exponential_seed3,shaped,3,4a77b6e251,944,178,93.59999999999997,64.90549999999999,0.15108834891487694,0.15,47,success,1,1,0,0,42,2,0,1,1,32,1.630436353803115,43.063195087553375,0.0,0.0,0.99,8,exponential
q_learning,shaped_eps-exponential_seed3,shaped,3,4a77b6e251,945,181,90.44999999999997,65.03299999999999,0.15078617221704718,0.15,44,success,1,1,0,0,45,2,0,1,1,44,1.3938716492849303,41.550332397955444,0.0,0.0,0.99,8,exponential
q_learning,shaped_eps-exponential_seed3,shaped,3,4a77b6e251,946,184,83.29999999999991,64.902,0.1504845998726131,0.15,41,success,1,1,0,0,42,4,0,1,1,37,1.6384106426067748,57.42275443211473,0.0,0.0,0.99,8,exponential
q_learning,shaped_eps-exponential_seed3,shaped,3,4a77b6e251,947,183,98.35000000000002,65.00699999999999,0.15018363067286786,0.15,42,success,1,1,0,0,37,2,0,1,1,34,1.698421456703786,52.020174354296906,0.0,0.0,0.99,8,exponential
q_learning,shaped_eps-exponential_seed3,shaped,3,4a77b6e251,948,178,90.59999999999991,65.0915,0.1498832634115221,0.15,47,success,1,1,0,0,40,3,0,2,1,32,1.7785093137104602,42.697274918971644,0.0,0.0,0.99,8,exponential
q_learning,shaped_eps-exponential_seed3,shaped,3,4a77b6e251,949,201,73.44999999999996,65.1,0.14958349688469907,0.15,24,success,1,1,0,0,51,4,0,1,1,45,1.5460368135174885,36.2129873488948,0.0,0.0,0.99,8,exponential
q_learning,shaped_eps-exponential_seed3,shaped,3,4a77b6e251,950,205,97.24999999999999,65.2855,0.14928432989092968,0.15,20,success,1,1,0,0,37,2,0,1,1,44,3.0954575909905087,83.35297794456208,0.0,0.0,0.99,8,exponential
q_learning,shaped_eps-exponential_seed3,shaped,3,4a77b6e251,951,189,83.04999999999993,65.38949999999998,0.14898576123114782,0.15,36,success,1,1,0,0,47,3,0,1,1,36,1.4363536361517062,25.18648328799593,0.0,0.0,0.99,8,exponential
q_learning,shaped_eps-exponential_seed3,shaped,3,4a77b6e251,952,180,97.50000000000003,67.332,0.1486877897086855,0.15,45,success,1,1,0,0,38,2,0,1,1,30,1.4815398656265242,38.45612593001244,0.0,0.0,0.99,8,exponential
q_learning,shaped_eps-exponential_seed3,shaped,3,4a77b6e251,953,183,104.35000000000001,67.6745,0.14839041412926815,0.15,42,success,1,1,0,0,31,2,0,2,1,37,1.931066210418406,38.52807495869021,0.0,0.0,0.99,8,exponential
q_learning,shaped_eps-exponential_seed3,shaped,3,4a77b6e251,954,178,88.59999999999992,69.398,0.1480936333010096,0.15,47,success,1,1,0,0,42,3,0,1,1,41,1.5970584305863549,36.0731448376482,0.0,0.0,0.99,8,exponential
q_learning,shaped_eps-exponential_seed3,shaped,3,4a77b6e251,955,187,90.14999999999993,69.354,0.1477974460344076,0.15,38,success,1,1,0,0,45,2,0,1,1,41,2.077338422326175,37.220337947540905,0.0,0.0,0.99,8,exponential
q_learning,shaped_eps-exponential_seed3,shaped,3,4a77b6e251,956,200,75.49999999999991,70.5015,0.14750185114233877,0.15,25,success,1,1,0,0,54,3,0,1,1,51,2.429506011306845,58.440669621408105,0.0,0.0,0.99,8,exponential
q_learning,shaped_eps-exponential_seed3,shaped,3,4a77b6e251,957,175,110.75,70.7755,0.14720684744005408,0.15,50,success,1,1,0,0,25,2,0,1,1,28,1.1551909168062262,39.22543719306656,0.0,0.0,0.99,8,exponential
q_learning,shaped_eps-exponential_seed3,shaped,3,4a77b6e251,958,182,87.39999999999998,72.44199999999996,0.14691243374517396,0.15,43,success,1,1,0,0,38,4,0,1,1,36,1.4519028634882476,34.87113283325293,0.0,0.0,0.99,8,exponential
q_learning,shaped_eps-exponential_seed3,shaped,3,4a77b6e251,959,178,84.59999999999995,74.19049999999999,0.1466186088776836,0.15,47,success,1,1,0,0,36,5,0,1,1,34,1.3802494096710356,35.370665228683244,0.0,0.0,0.99,8,exponential
q_learning,shaped_eps-exponential_seed3,shaped,3,4a77b6e251,960,177,91.64999999999993,74.23699999999997,0.14632537165992823,0.15,48,success,1,1,0,0,39,3,0,1,1,36,1.6158561089005434,42.334379779813425,0.0,0.0,0.99,8,exponential
q_learning,shaped_eps-exponential_seed3,shaped,3,4a77b6e251,961,181,88.4499999999999,74.22699999999998,0.14603272091660838,0.15,44,success,1,1,0,0,37,4,0,1,1,36,1.8832231865873625,85.93443753780433,0.0,0.0,0.99,8,exponential
q_learning,shaped_eps-exponential_seed3,shaped,3,4a77b6e251,962,225,-90.24999999999987,72.28949999999998,0.14574065547477516,0.15,0,out_of_energy,0,0,1,0,49,2,0,0,0,43,0.5097455472412105,13.936499943782273,0.0,0.0,0.99,8,exponential
q_learning,shaped_eps-exponential_seed3,shaped,3,4a77b6e251,963,181,105.45,72.44999999999997,0.1454491741638256,0.15,44,success,1,1,0,0,25,3,0,1,1,29,1.3119093862397977,43.69372473027956,0.0,0.0,0.99,8,exponential
q_learning,shaped_eps-exponential_seed3,shaped,3,4a77b6e251,964,178,113.59999999999998,72.61599999999997,0.14515827581549795,0.15,47,success,1,1,0,0,22,2,0,2,1,31,2.879377012755242,52.98884194136446,0.0,0.0,0.99,8,exponential
q_learning,shaped_eps-exponential_seed3,shaped,3,4a77b6e251,965,188,85.09999999999991,72.50949999999997,0.14486795926386695,0.15,37,success,1,1,0,0,40,4,0,1,1,36,1.7600827354253987,26.64225815114917,0.0,0.0,0.99,8,exponential
q_learning,shaped_eps-exponential_seed3,shaped,3,4a77b6e251,966,183,83.3499999999999,72.38149999999997,0.1445782233453392,0.15,42,success,1,1,0,0,37,5,0,1,1,37,2.234543642024577,75.06447225488947,0.0,0.0,0.99,8,exponential
q_learning,shaped_eps-exponential_seed3,shaped,3,4a77b6e251,967,177,88.64999999999996,73.94049999999999,0.14428906689864854,0.15,48,success,1,1,0,0,47,2,0,1,1,33,1.9492034896616868,46.802038173122696,0.0,0.0,0.99,8,exponential
q_learning,shaped_eps-exponential_seed3,shaped,3,4a77b6e251,968,189,98.04999999999994,74.26199999999997,0.14400048876485125,0.15,36,success,1,1,0,0,37,2,0,1,1,39,1.265396491852056,13.101461042918817,0.0,0.0,0.99,8,exponential
q_learning,shaped_eps-exponential_seed3,shaped,3,4a77b6e251,969,185,89.24999999999997,74.50399999999998,0.14371248778732154,0.15,40,success,1,1,0,0,41,3,0,1,1,43,1.6788769519285285,39.6417801512286,0.0,0.0,0.99,8,exponential
q_learning,shaped_eps-exponential_seed3,shaped,3,4a77b6e251,970,176,86.69999999999999,75.87349999999998,0.14342506281174688,0.15,49,success,1,1,0,0,34,5,0,1,1,34,2.0185045691793544,56.16587587300048,0.0,0.0,0.99,8,exponential
q_learning,shaped_eps-exponential_seed3,shaped,3,4a77b6e251,971,177,84.64999999999995,77.51249999999999,0.1431382126861234,0.15,48,success,1,1,0,0,41,4,0,1,1,30,1.9235320943117786,63.845543797983396,0.0,0.0,0.99,8,exponential
q_learning,shaped_eps-exponential_seed3,shaped,3,4a77b6e251,972,196,91.69999999999997,77.39449999999997,0.14285193626075116,0.15,29,success,1,1,0,0,38,3,0,1,1,30,1.3780090876120359,30.1821446169715,0.0,0.0,0.99,8,exponential
q_learning,shaped_eps-exponential_seed3,shaped,3,4a77b6e251,973,181,81.44999999999993,77.37349999999998,0.14256623238822966,0.15,44,success,1,1,0,0,39,5,0,1,1,38,1.927627913501098,54.58321412625444,0.0,0.0,0.99,8,exponential
q_learning,shaped_eps-exponential_seed3,shaped,3,4a77b6e251,974,183,96.35000000000001,77.60099999999997,0.1422810999234532,0.15,42,success,1,1,0,0,29,4,0,1,1,32,2.0625082943608626,37.70451116670312,0.0,0.0,0.99,8,exponential
q_learning,shaped_eps-exponential_seed3,shaped,3,4a77b6e251,975,202,66.40000000000018,77.55399999999999,0.1419965377236063,0.15,23,success,1,1,0,0,58,4,0,1,1,48,1.9070274217426073,32.68652403891612,0.0,0.0,0.99,8,exponential
q_learning,shaped_eps-exponential_seed3,shaped,3,4a77b6e251,976,197,71.64999999999998,77.59049999999998,0.14171254464815908,0.15,28,success,1,1,0,0,43,6,0,1,1,47,2.2830773157335575,52.34983124628085,0.0,0.0,0.99,8,exponential
q_learning,shaped_eps-exponential_seed3,shaped,3,4a77b6e251,977,182,72.39999999999998,77.54699999999998,0.14142911955886275,0.15,43,success,1,1,0,0,48,5,0,1,1,43,1.2035786544979186,24.720669117689503,0.0,0.0,0.99,8,exponential
q_learning,shaped_eps-exponential_seed3,shaped,3,4a77b6e251,978,194,98.8,77.61999999999998,0.14114626131974503,0.15,31,success,1,1,0,0,36,2,0,1,1,31,2.4707616555654965,65.42350125185914,0.0,0.0,0.99,8,exponential
q_learning,shaped_eps-exponential_seed3,shaped,3,4a77b6e251,979,186,95.19999999999992,77.69799999999998,0.14086396879710555,0.15,39,success,1,1,0,0,40,2,0,1,1,37,2.116229425819566,39.90120651353073,0.0,0.0,0.99,8,exponential
q_learning,shaped_eps-exponential_seed3,shaped,3,4a77b6e251,980,176,103.70000000000002,77.79549999999999,0.14058224085951135,0.15,49,success,1,1,0,0,32,2,0,2,1,33,2.639591403389326,49.1288404455155,0.0,0.0,0.99,8,exponential
q_learning,shaped_eps-exponential_seed3,shaped,3,4a77b6e251,981,178,92.59999999999992,77.64649999999999,0.14030107637779232,0.15,47,success,1,1,0,0,38,3,0,1,1,35,1.6760852694342614,34.26880786366791,0.0,0.0,0.99,8,exponential
q_learning,shaped_eps-exponential_seed3,shaped,3,4a77b6e251,982,195,57.75000000000026,77.32999999999998,0.14002047422503675,0.15,30,success,1,1,0,0,37,10,0,1,1,39,2.5071993011341593,73.34723836657463,0.0,0.0,0.99,8,exponential
q_learning,shaped_eps-exponential_seed3,shaped,3,4a77b6e251,983,199,74.54999999999988,77.41349999999998,0.13974043327658667,0.15,26,success,1,1,0,0,45,5,0,1,1,43,1.7680382461502437,29.79761630247573,0.0,0.0,0.99,8,exponential
q_learning,shaped_eps-exponential_seed3,shaped,3,4a77b6e251,984,191,83.9499999999999,78.95549999999999,0.1394609524100335,0.15,34,success,1,1,0,0,41,4,0,1,1,37,1.3527460913207285,45.10462064941795,0.0,0.0,0.99,8,exponential
q_learning,shaped_eps-exponential_seed3,shaped,3,4a77b6e251,985,183,78.35,78.70499999999998,0.13918203050521344,0.15,42,success,1,1,0,0,37,6,0,1,1,39,1.4468778357895677,30.191518733055965,0.0,0.0,0.99,8,exponential
q_learning,shaped_eps-exponential_seed3,shaped,3,4a77b6e251,986,188,95.09999999999994,78.83449999999999,0.13890366644420302,0.15,37,success,1,1,0,0,40,2,0,1,1,40,1.7486227614148144,63.27858509341175,0.0,0.0,0.99,8,exponential
q_learning,shaped_eps-exponential_seed3,shaped,3,4a77b6e251,987,184,100.30000000000001,79.16949999999999,0.13862585911131461,0.15,41,success,1,1,0,0,30,3,0,1,1,36,2.3071790423917684,41.76777334868033,0.0,0.0,0.99,8,exponential
q_learning,shaped_eps-exponential_seed3,shaped,3,4a77b6e251,988,179,77.54999999999993,78.93849999999999,0.138348607393092,0.15,46,success,1,1,0,0,43,5,0,1,1,41,1.6850340151712035,36.25487671365444,0.0,0.0,0.99,8,exponential
q_learning,shaped_eps-exponential_seed3,shaped,3,4a77b6e251,989,179,71.5500000000001,78.63899999999998,0.1380719101783058,0.15,46,success,1,1,0,0,39,7,0,1,1,32,1.851680977179528,56.16811349019051,0.0,0.0,0.99,8,exponential
q_learning,shaped_eps-exponential_seed3,shaped,3,4a77b6e251,990,176,92.7,78.50899999999997,0.13779576635794918,0.15,49,success,1,1,0,0,38,3,0,1,1,32,1.7537390302297668,42.75033286899903,0.0,0.0,0.99,8,exponential
q_learning,shaped_eps-exponential_seed3,shaped,3,4a77b6e251,991,180,83.49999999999994,79.91149999999998,0.1375201748252333,0.15,45,success,1,1,0,0,42,4,0,1,1,37,3.0426419692736753,81.61049295168424,0.0,0.0,0.99,8,exponential
q_learning,shaped_eps-exponential_seed3,shaped,3,4a77b6e251,992,178,79.59999999999995,79.92199999999998,0.13724513447558281,0.15,47,success,1,1,0,0,46,4,0,1,1,37,1.856336869860929,67.37834749169052,0.0,0.0,0.99,8,exponential
q_learning,shaped_eps-exponential_seed3,shaped,3,4a77b6e251,993,198,71.59999999999992,79.75499999999998,0.13697064420663166,0.15,27,success,1,1,0,0,38,7,0,1,1,40,2.9223330109997425,61.99915264431789,0.0,0.0,0.99,8,exponential
q_learning,shaped_eps-exponential_seed3,shaped,3,4a77b6e251,994,180,101.50000000000001,79.81499999999998,0.1366967029182184,0.15,45,success,1,1,0,0,34,2,0,1,1,35,2.6081164189234416,57.00048916228694,0.0,0.0,0.99,8,exponential
q_learning,shaped_eps-exponential_seed3,shaped,3,4a77b6e251,995,197,90.64999999999996,79.85899999999998,0.13642330951238196,0.15,28,success,1,1,0,0,39,3,0,1,1,34,2.2963242105828194,52.81165409671168,0.0,0.0,0.99,8,exponential
q_learning,shaped_eps-exponential_seed3,shaped,3,4a77b6e251,996,202,72.3999999999999,79.60449999999997,0.1361504628933572,0.15,23,success,1,1,0,0,42,6,0,1,1,49,3.3333192570344146,78.35877928193,0.0,0.0,0.99,8,exponential
q_learning,shaped_eps-exponential_seed3,shaped,3,4a77b6e251,997,186,95.19999999999999,79.74449999999996,0.13587816196757047,0.15,39,success,1,1,0,0,30,4,0,1,1,32,1.575597027399589,35.54434825044364,0.0,0.0,0.99,8,exponential
q_learning,shaped_eps-exponential_seed3,shaped,3,4a77b6e251,998,190,90.99999999999994,79.83999999999997,0.13560640564363532,0.15,35,success,1,1,0,0,44,2,0,1,1,39,1.7726972250426518,48.41214705506833,0.0,0.0,0.99,8,exponential
q_learning,shaped_eps-exponential_seed3,shaped,3,4a77b6e251,999,206,77.19999999999989,79.66649999999997,0.13533519283234804,0.15,19,success,1,1,0,0,52,3,0,1,1,50,2.477158158780623,65.35113320999795,0.0,0.0,0.99,8,exponential
q_learning,shaped_eps-exponential_seed3,shaped,3,4a77b6e251,1000,207,79.1499999999999,79.87249999999996,0.13506452244668335,0.15,18,success,1,1,0,0,45,4,0,1,1,40,2.665024251557276,82.29467913653788,0.0,0.0,0.99,8,exponential
q_learning,shaped_eps-exponential_seed3,shaped,3,4a77b6e251,1001,196,96.70000000000002,79.90249999999996,0.13479439340178997,0.15,29,success,1,1,0,0,38,2,0,1,1,28,1.975530369495056,45.75505385641751,0.0,0.0,0.99,8,exponential
q_learning,shaped_eps-exponential_seed3,shaped,3,4a77b6e251,1002,179,97.55,81.69549999999997,0.1345248046149864,0.15,46,success,1,1,0,0,33,3,0,1,1,29,1.6666782234334403,37.64613714372149,0.0,0.0,0.99,8,exponential
q_learning,shaped_eps-exponential_seed3,shaped,3,4a77b6e251,1003,190,92.99999999999994,83.23299999999998,0.13425575500575643,0.15,35,success,1,1,0,0,42,2,0,1,1,47,1.886390505676308,25.657096312014595,0.0,0.0,0.99,8,exponential
q_learning,shaped_eps-exponential_seed3,shaped,3,4a77b6e251,1004,172,97.9,83.21549999999998,0.13398724349574492,0.15,53,success,1,1,0,0,38,2,0,1,1,37,2.470051948500835,80.66570585976183,0.0,0.0,0.99,8,exponential
q_learning,shaped_eps-exponential_seed3,shaped,3,4a77b6e251,1005,175,93.74999999999999,83.39199999999997,0.13371926900875344,0.15,50,success,1,1,0,0,37,3,0,1,1,30,1.4727860287056047,36.07857304634651,0.0,0.0,0.99,8,exponential
q_learning,shaped_eps-exponential_seed3,shaped,3,4a77b6e251,1006,176,93.69999999999995,83.39099999999999,0.13345183047073594,0.15,49,success,1,1,0,0,32,4,0,1,1,32,1.7801033484464441,70.99764611068332,0.0,0.0,0.99,8,exponential
q_learning,shaped_eps-exponential_seed3,shaped,3,4a77b6e251,1007,178,103.60000000000001,83.41099999999999,0.13318492680979446,0.15,47,success,1,1,0,0,32,2,0,1,1,32,1.3889106561009166,35.6230713737202,0.0,0.0,0.99,8,exponential
q_learning,shaped_eps-exponential_seed3,shaped,3,4a77b6e251,1008,180,91.49999999999991,83.36999999999998,0.13291855695617488,0.15,45,success,1,1,0,0,44,2,0,2,1,40,2.2813293754214707,61.45049006452519,0.0,0.0,0.99,8,exponential
q_learning,shaped_eps-exponential_seed3,shaped,3,4a77b6e251,1009,173,83.84999999999994,84.90099999999998,0.13265271984226254,0.15,52,success,1,1,0,0,37,5,0,1,1,38,2.622113563449214,96.45017957550363,0.0,0.0,0.99,8,exponential
q_learning,shaped_eps-exponential_seed3,shaped,3,4a77b6e251,1010,184,95.30000000000003,84.79799999999997,0.132387414402578,0.15,41,success,1,1,0,0,40,2,0,1,1,42,2.5589373196642664,91.39916238238045,0.0,0.0,0.99,8,exponential
q_learning,shaped_eps-exponential_seed3,shaped,3,4a77b6e251,1011,176,84.69999999999996,84.87099999999997,0.13212263957377285,0.15,49,success,1,1,0,0,36,5,0,1,1,33,1.3291800081397172,35.09931541903069,0.0,0.0,0.99,8,exponential
q_learning,shaped_eps-exponential_seed3,shaped,3,4a77b6e251,1012,202,90.39999999999999,84.92599999999999,0.13185839429462531,0.15,23,success,1,1,0,0,34,4,0,1,1,41,2.743332585907995,88.92062026065247,0.0,0.0,0.99,8,exponential
q_learning,shaped_eps-exponential_seed3,shaped,3,4a77b6e251,1013,190,83.99999999999999,84.90949999999997,0.13159467750603607,0.15,35,success,1,1,0,0,36,5,0,1,1,34,1.5765546091309648,42.240103515892905,0.0,0.0,0.99,8,exponential
q_learning,shaped_eps-exponential_seed3,shaped,3,4a77b6e251,1014,197,72.64999999999989,86.35849999999999,0.131331488151024,0.15,28,success,1,1,0,0,47,5,0,1,1,56,2.0002369754021267,36.58441207983782,0.0,0.0,0.99,8,exponential
q_learning,shaped_eps-exponential_seed3,shaped,3,4a77b6e251,1015,180,94.50000000000001,86.47149999999998,0.13106882517472196,0.15,45,success,1,1,0,0,36,3,0,2,1,32,1.9562218265534528,39.35050330471824,0.0,0.0,0.99,8,exponential
q_learning,shaped_eps-exponential_seed3,shaped,3,4a77b6e251,1016,177,97.65,86.54099999999997,0.13080668752437252,0.15,48,success,1,1,0,0,23,5,0,2,1,27,2.0764794109780667,61.847044088564644,0.0,0.0,0.99,8,exponential
q_learning,shaped_eps-exponential_seed3,shaped,3,4a77b6e251,1017,177,96.65,86.70349999999996,0.1305450741493238,0.15,48,success,1,1,0,0,39,2,0,2,1,41,2.191837112943585,42.17448628081354,0.0,0.0,0.99,8,exponential
q_learning,shaped_eps-exponential_seed3,shaped,3,4a77b6e251,1018,176,103.7,86.74249999999998,0.13028398400102514,0.15,49,success,1,1,0,0,32,2,0,1,1,39,2.2793134454021144,38.05554031832838,0.0,0.0,0.99,8,exponential
q_learning,shaped_eps-exponential_seed3,shaped,3,4a77b6e251,1019,182,93.39999999999995,86.71149999999997,0.1300234160330231,0.15,43,success,1,1,0,0,42,2,0,1,1,42,2.221673459254832,57.523881877389776,0.0,0.0,0.99,8,exponential
q_learning,shaped_eps-exponential_seed3,shaped,3,4a77b6e251,1020,207,55.15000000000007,86.41349999999997,0.12976336920095705,0.15,18,success,1,1,0,0,59,6,0,1,1,45,2.7285919747301466,76.70706247767524,0.0,0.0,0.99,8,exponential
q_learning,shaped_eps-exponential_seed3,shaped,3,4a77b6e251,1021,181,101.45,86.75199999999997,0.12950384246255514,0.15,44,success,1,1,0,0,29,3,0,3,1,33,2.2901422474657074,31.74352091287779,0.0,0.0,0.99,8,exponential
q_learning,shaped_eps-exponential_seed3,shaped,3,4a77b6e251,1022,196,82.69999999999993,86.95749999999998,0.12924483477763002,0.15,29,success,1,1,0,0,42,4,0,1,1,40,2.0627675361205835,47.72292510755028,0.0,0.0,0.99,8,exponential
q_learning,shaped_eps-exponential_seed3,shaped,3,4a77b6e251,1023,179,91.54999999999998,86.892,0.12898634510807475,0.15,46,success,1,1,0,0,39,3,0,1,1,37,2.36729151682934,49.9168023611027,0.0,0.0,0.99,8,exponential
q_learning,shaped_eps-exponential_seed3,shaped,3,4a77b6e251,1024,198,89.6,86.862,0.1287283724178586,0.15,27,success,1,1,0,0,40,3,0,1,1,37,2.1621640385089926,44.70912569487368,0.0,0.0,0.99,8,exponential
q_learning,shaped_eps-exponential_seed3,shaped,3,4a77b6e251,1025,184,97.30000000000003,86.90099999999997,0.12847091567302288,0.15,41,success,1,1,0,0,38,2,0,1,1,39,2.5834255839814695,56.712231808467806,0.0,0.0,0.99,8,exponential
q_learning,shaped_eps-exponential_seed3,shaped,3,4a77b6e251,1026,208,82.09999999999997,86.71649999999998,0.12821397384167682,0.15,17,success,1,1,0,0,42,4,0,1,1,43,3.223668512242447,71.37641881209926,0.0,0.0,0.99,8,exponential
q_learning,shaped_eps-exponential_seed3,shaped,3,4a77b6e251,1027,177,91.65,86.58399999999996,0.12795754589399347,0.15,48,success,1,1,0,0,39,3,0,2,1,37,1.7267740916850376,52.789105356169294,0.0,0.0,0.99,8,exponential
q_learning,shaped_eps-exponential_seed3,shaped,3,4a77b6e251,1028,198,82.59999999999998,86.58449999999998,0.12770163080220548,0.15,27,success,1,1,0,0,42,4,0,1,1,36,2.781353455065304,60.6266441517227,0.0,0.0,0.99,8,exponential
q_learning,shaped_eps-exponential_seed3,shaped,3,4a77b6e251,1029,177,94.65000000000002,86.47699999999998,0.12744622754060106,0.15,48,success,1,1,0,0,41,2,0,1,1,37,1.4931470878984148,34.9139868500549,0.0,0.0,0.99,8,exponential
q_learning,shaped_eps-exponential_seed3,shaped,3,4a77b6e251,1030,177,89.64999999999996,86.58999999999996,0.12719133508551986,0.15,48,success,1,1,0,0,41,3,0,1,1,42,1.7817039683248899,45.73391745108684,0.0,0.0,0.99,8,exponential
q_learning,shaped_eps-exponential_seed3,shaped,3,4a77b6e251,1031,186,83.19999999999999,86.50499999999998,0.12693695241534883,0.15,39,success,1,1,0,0,42,4,0,1,1,36,2.75655050436721,54.80466268702834,0.0,0.0,0.99,8,exponential
q_learning,shaped_eps-exponential_seed3,shaped,3,4a77b6e251,1032,177,100.65,86.53849999999997,0.12668307851051813,0.15,48,success,1,1,0,0,35,2,0,1,1,33,2.122125891851402,34.71001809799488,0.0,0.0,0.99,8,exponential
q_learning,shaped_eps-exponential_seed3,shaped,3,4a77b6e251,1033,177,100.65,86.65799999999997,0.1264297123534971,0.15,48,success,1,1,0,0,35,2,0,1,1,29,2.6096355093230326,51.3570456492334,0.0,0.0,0.99,8,exponential
q_learning,shaped_eps-exponential_seed3,shaped,3,4a77b6e251,1034,177,102.65000000000002,86.67049999999998,0.1261768529287901,0.15,48,success,1,1,0,0,33,2,0,1,1,29,2.7403657267935313,48.15921931677296,0.0,0.0,0.99,8,exponential
q_learning,shaped_eps-exponential_seed3,shaped,3,4a77b6e251,1035,180,88.49999999999999,86.74049999999995,0.12592449922293253,0.15,45,success,1,1,0,0,42,3,0,1,1,35,1.9466085603469847,76.87240045229093,0.0,0.0,0.99,8,exponential
q_learning,shaped_eps-exponential_seed3,shaped,3,4a77b6e251,1036,176,92.69999999999999,86.84599999999999,0.12567265022448668,0.15,49,success,1,1,0,0,38,3,0,2,1,35,1.8656625492546235,57.88467298917697,0.0,0.0,0.99,8,exponential
q_learning,shaped_eps-exponential_seed3,shaped,3,4a77b6e251,1037,183,87.34999999999997,87.04649999999998,0.1254213049240377,0.15,42,success,1,1,0,0,43,3,0,1,1,35,1.9087883562985666,44.26728993235936,0.0,0.0,0.99,8,exponential
q_learning,shaped_eps-exponential_seed3,shaped,3,4a77b6e251,1038,204,87.29999999999997,87.11699999999999,0.12517046231418963,0.15,21,success,1,1,0,0,42,3,0,1,1,40,2.563742783930285,59.348978515089435,0.0,0.0,0.99,8,exponential
q_learning,shaped_eps-exponential_seed3,shaped,3,4a77b6e251,1039,177,102.65,87.22949999999997,0.12492012138956125,0.15,48,success,1,1,0,0,33,2,0,3,1,37,1.9147331402850902,50.58262582799577,0.0,0.0,0.99,8,exponential
q_learning,shaped_eps-exponential_seed3,shaped,3,4a77b6e251,1040,180,80.49999999999994,87.19799999999995,0.12467028114678214,0.15,45,success,1,1,0,0,40,5,0,3,1,43,1.8390007046896506,38.75562390266985,0.0,0.0,0.99,8,exponential
q_learning,shaped_eps-exponential_seed3,shaped,3,4a77b6e251,1041,181,91.44999999999999,87.39999999999998,0.12442094058448858,0.15,44,success,1,1,0,0,39,3,0,2,1,31,2.194569997419797,32.72581079890112,0.0,0.0,0.99,8,exponential
q_learning,shaped_eps-exponential_seed3,shaped,3,4a77b6e251,1042,210,73.99999999999989,87.15449999999998,0.1241720987033196,0.15,15,success,1,1,0,0,50,4,0,1,1,48,3.62422679398648,71.510060806443,0.0,0.0,0.99,8,exponential
q_learning,shaped_eps-exponential_seed3,shaped,3,4a77b6e251,1043,178,94.60000000000002,87.26499999999999,0.12392375450591296,0.15,47,success,1,1,0,0,36,3,0,1,1,33,1.823591642154232,40.49412737215523,0.0,0.0,0.99,8,exponential
q_learning,shaped_eps-exponential_seed3,shaped,3,4a77b6e251,1044,176,92.7,87.25599999999999,0.12367590699690113,0.15,49,success,1,1,0,0,38,3,0,1,1,37,1.866281055645234,34.586054498389785,0.0,0.0,0.99,8,exponential
q_learning,shaped_eps-exponential_seed3,shaped,3,4a77b6e251,1045,178,98.60000000000001,87.3375,0.12342855518290734,0.15,47,success,1,1,0,0,32,3,0,2,1,31,2.5546833096669483,55.84283834481229,0.0,0.0,0.99,8,exponential
q_learning,shaped_eps-exponential_seed3,shaped,3,4a77b6e251,1046,181,98.45,87.48899999999999,0.12318169807254152,0.15,44,success,1,1,0,0,37,2,0,1,1,38,1.5676066769584023,23.56272562883518,0.0,0.0,0.99,8,exponential
q_learning,shaped_eps-exponential_seed3,shaped,3,4a77b6e251,1047,178,90.60000000000001,87.41149999999999,0.12293533467639643,0.15,47,success,1,1,0,0,40,3,0,1,1,38,1.8398942252610866,39.40629076022947,0.0,0.0,0.99,8,exponential
q_learning,shaped_eps-exponential_seed3,shaped,3,4a77b6e251,1048,187,96.15000000000002,87.46699999999998,0.12268946400704364,0.15,38,success,1,1,0,0,39,2,0,3,1,37,2.3984412481134356,49.38651155466746,0.0,0.0,0.99,8,exponential
q_learning,shaped_eps-exponential_seed3,shaped,3,4a77b6e251,1049,182,98.40000000000002,87.71649999999998,0.12244408507902955,0.15,43,success,1,1,0,0,32,3,0,1,1,37,1.9311108177159013,39.823887983162265,0.0,0.0,0.99,8,exponential
q_learning,shaped_eps-exponential_seed3,shaped,3,4a77b6e251,1050,177,96.64999999999998,87.71049999999997,0.1221991969088715,0.15,48,success,1,1,0,0,39,2,0,2,1,38,2.064304163180555,22.329857326318248,0.0,0.0,0.99,8,exponential
q_learning,shaped_eps-exponential_seed3,shaped,3,4a77b6e251,1051,175,87.74999999999991,87.75749999999995,0.12195479851505375,0.15,50,success,1,1,0,0,43,3,0,1,1,41,1.5424983500487965,27.35764964195208,0.0,0.0,0.99,8,exponential
q_learning,shaped_eps-exponential_seed3,shaped,3,4a77b6e251,1052,179,97.55000000000001,87.75799999999998,0.12171088891802365,0.15,46,success,1,1,0,0,33,3,0,1,1,31,2.197303564283274,55.41456224349365,0.0,0.0,0.99,8,exponential
q_learning,shaped_eps-exponential_seed3,shaped,3,4a77b6e251,1053,189,84.04999999999995,87.55499999999995,0.1214674671401876,0.15,36,success,1,1,0,0,41,4,0,1,1,45,3.406040866775439,49.64164797349227,0.0,0.0,0.99,8,exponential
q_learning,shaped_eps-exponential_seed3,shaped,3,4a77b6e251,1054,198,80.59999999999994,87.47499999999998,0.12122453220590722,0.15,27,success,1,1,0,0,44,4,0,1,1,41,1.6791879337622408,48.39377207618681,0.0,0.0,0.99,8,exponential
q_learning,shaped_eps-exponential_seed3,shaped,3,4a77b6e251,1055,200,102.50000000000001,87.59849999999997,0.1209820831414954,0.15,25,success,1,1,0,0,32,2,0,2,1,31,1.795423726100223,41.18114360744926,0.0,0.0,0.99,8,exponential
q_learning,shaped_eps-exponential_seed3,shaped,3,4a77b6e251,1056,186,72.19999999999996,87.56549999999999,0.12074011897521242,0.15,39,success,1,1,0,0,38,7,0,1,1,40,3.1620340391007122,76.7745798729353,0.0,0.0,0.99,8,exponential
q_learning,shaped_eps-exponential_seed3,shaped,3,4a77b6e251,1057,180,68.49999999999997,87.14299999999999,0.12049863873726199,0.15,45,success,1,1,0,0,42,7,0,1,1,43,1.764709395970329,30.601167759202724,0.0,0.0,0.99,8,exponential
q_learning,shaped_eps-exponential_seed3,shaped,3,4a77b6e251,1058,185,85.24999999999994,87.12149999999998,0.12025764145978747,0.15,40,success,1,1,0,0,35,5,0,2,1,34,2.0929943212174074,33.068638314856145,0.0,0.0,0.99,8,exponential
q_learning,shaped_eps-exponential_seed3,shaped,3,4a77b6e251,1059,178,93.59999999999995,87.2115,0.1200171261768679,0.15,47,success,1,1,0,0,32,4,0,2,1,35,2.6392515859570014,42.15216333151688,0.0,0.0,0.99,8,exponential
q_learning,shaped_eps-exponential_seed3,shaped,3,4a77b6e251,1060,174,93.8,87.23299999999998,0.11977709192451416,0.15,51,success,1,1,0,0,32,4,0,1,1,30,2.4503520848834754,52.71459805542063,0.0,0.0,0.99,8,exponential
q_learning,shaped_eps-exponential_seed3,shaped,3,4a77b6e251,1061,183,102.35000000000002,87.37199999999997,0.11953753774066514,0.15,42,success,1,1,0,0,33,2,0,2,1,36,2.8788117444871046,57.82989738376055,0.0,0.0,0.99,8,exponential
q_learning,shaped_eps-exponential_seed3,shaped,3,4a77b6e251,1062,180,91.5,89.18949999999997,0.1192984626651838,0.15,45,success,1,1,0,0,34,4,0,2,1,37,2.577672343627553,69.76388599264769,0.0,0.0,0.99,8,exponential
q_learning,shaped_eps-exponential_seed3,shaped,3,4a77b6e251,1063,177,94.65000000000002,89.08149999999998,0.11905986573985344,0.15,48,success,1,1,0,0,41,2,0,1,1,44,2.1288476695787253,33.718931562985134,0.0,0.0,0.99,8,exponential
q_learning,shaped_eps-exponential_seed3,shaped,3,4a77b6e251,1064,178,96.60000000000002,88.91149999999998,0.11882174600837374,0.15,47,success,1,1,0,0,34,3,0,1,1,37,1.9031519192496238,31.359819455594142,0.0,0.0,0.99,8,exponential
q_learning,shaped_eps-exponential_seed3,shaped,3,4a77b6e251,1065,178,65.60000000000022,88.71649999999998,0.118584102516357,0.15,47,success,1,1,0,0,30,10,0,1,1,26,2.1548347685043767,44.319919061322196,0.0,0.0,0.99,8,exponential
q_learning,shaped_eps-exponential_seed3,shaped,3,4a77b6e251,1066,178,99.6,88.87899999999999,0.11834693431132429,0.15,47,success,1,1,0,0,36,2,0,1,1,37,1.7552623386139388,20.139918748484433,0.0,0.0,0.99,8,exponential
q_learning,shaped_eps-exponential_seed3,shaped,3,4a77b6e251,1067,177,94.65000000000002,88.93899999999998,0.11811024044270164,0.15,48,success,1,1,0,0,41,2,0,1,1,36,2.3305857520957365,46.28169051470688,0.0,0.0,0.99,8,exponential
q_learning,shaped_eps-exponential_seed3,shaped,3,4a77b6e251,1068,207,91.14999999999996,88.86999999999998,0.11787401996181623,0.15,18,success,1,1,0,0,43,2,0,1,1,43,2.490523255201127,58.641918165853866,0.0,0.0,0.99,8,exponential
q_learning,shaped_eps-exponential_seed3,shaped,3,4a77b6e251,1069,179,98.55,88.96299999999998,0.1176382719218926,0.15,46,success,1,1,0,0,37,2,0,1,1,30,1.0864377816510264,12.916108868619375,0.0,0.0,0.99,8,exponential
q_learning,shaped_eps-exponential_seed3,shaped,3,4a77b6e251,1070,180,99.50000000000001,89.09099999999998,0.11740299537804882,0.15,45,success,1,1,0,0,36,2,0,2,1,36,2.2688065630236403,42.21452206397125,0.0,0.0,0.99,8,exponential
q_learning,shaped_eps-exponential_seed3,shaped,3,4a77b6e251,1071,197,86.64999999999996,89.11099999999996,0.11716818938729273,0.15,28,success,1,1,0,0,43,3,0,1,1,42,2.2805287016242524,56.93767174724309,0.0,0.0,0.99,8,exponential
q_learning,shaped_eps-exponential_seed3,shaped,3,4a77b6e251,1072,174,101.80000000000001,89.21199999999995,0.11693385300851815,0.15,51,success,1,1,0,0,34,2,0,1,1,29,1.8975458528084332,41.85688323449414,0.0,0.0,0.99,8,exponential
q_learning,shaped_eps-exponential_seed3,shaped,3,4a77b6e251,1073,180,95.50000000000001,89.35249999999998,0.11669998530250111,0.15,45,success,1,1,0,0,40,2,0,1,1,40,1.7521301691416578,41.48579379012445,0.0,0.0,0.99,8,exponential
q_learning,shaped_eps-exponential_seed3,shaped,3,4a77b6e251,1074,181,106.45000000000002,89.45349999999996,0.1164665853318961,0.15,44,success,1,1,0,0,29,2,0,4,1,36,1.7663335864473046,16.911076887795385,0.0,0.0,0.99,8,exponential
q_learning,shaped_eps-exponential_seed3,shaped,3,4a77b6e251,1075,178,97.60000000000001,89.76549999999997,0.11623365216123231,0.15,47,success,1,1,0,0,38,2,0,2,1,36,1.9684683987570948,39.61907418365941,0.0,0.0,0.99,8,exponential
q_learning,shaped_eps-exponential_seed3,shaped,3,4a77b6e251,1076,182,97.4,90.023,0.11600118485690984,0.15,43,success,1,1,0,0,28,4,0,1,1,32,2.172776770654877,54.10289059522108,0.0,0.0,0.99,8,exponential
q_learning,shaped_eps-exponential_seed3,shaped,3,4a77b6e251,1077,209,72.05,90.01949999999997,0.11576918248719602,0.15,16,success,1,1,0,0,47,5,0,1,1,51,4.106574546749124,77.51844781329922,0.0,0.0,0.99,8,exponential
q_learning,shaped_eps-exponential_seed3,shaped,3,4a77b6e251,1078,201,85.44999999999995,89.88599999999998,0.11553764412222163,0.15,24,success,1,1,0,0,49,2,0,1,1,40,2.1345583782807687,41.901753773908325,0.0,0.0,0.99,8,exponential
q_learning,shaped_eps-exponential_seed3,shaped,3,4a77b6e251,1079,193,79.84999999999998,89.73249999999999,0.11530656883397719,0.15,32,success,1,1,0,0,35,6,0,1,1,36,2.1898696798090773,55.208966708200165,0.0,0.0,0.99,8,exponential
q_learning,shaped_eps-exponential_seed3,shaped,3,4a77b6e251,1080,187,82.14999999999993,89.51699999999997,0.11507595569630924,0.15,38,success,1,1,0,0,53,2,0,1,1,48,1.6917975350912973,55.29208291922882,0.0,0.0,0.99,8,exponential
q_learning,shaped_eps-exponential_seed3,shaped,3,4a77b6e251,1081,191,94.95000000000002,89.5405,0.11484580378491663,0.15,34,success,1,1,0,0,35,3,0,3,1,34,3.1440363596217153,71.0569493019809,0.0,0.0,0.99,8,exponential
q_learning,shaped_eps-exponential_seed3,shaped,3,4a77b6e251,1082,177,89.64999999999995,89.85949999999998,0.1146161121773468,0.15,48,success,1,1,0,0,41,3,0,1,1,38,2.726431200900615,43.72926150424766,0.0,0.0,0.99,8,exponential
q_learning,shaped_eps-exponential_seed3,shaped,3,4a77b6e251,1083,179,92.55000000000001,90.03949999999998,0.1143868799529921,0.15,46,success,1,1,0,0,43,2,0,1,1,37,2.8170382450560023,46.34631434907324,0.0,0.0,0.99,8,exponential
q_learning,shaped_eps-exponential_seed3,shaped,3,4a77b6e251,1084,178,85.59999999999991,90.05599999999997,0.11415810619308611,0.15,47,success,1,1,0,0,40,4,0,3,1,40,2.1969732587894786,34.999046143435315,0.0,0.0,0.99,8,exponential
q_learning,shaped_eps-exponential_seed3,shaped,3,4a77b6e251,1085,180,85.49999999999994,90.12749999999997,0.11392978998069994,0.15,45,success,1,1,0,0,40,4,0,3,1,44,2.032003971220939,66.77804658605557,0.0,0.0,0.99,8,exponential
q_learning,shaped_eps-exponential_seed3,shaped,3,4a77b6e251,1086,179,97.55000000000001,90.15199999999997,0.11370193040073855,0.15,46,success,1,1,0,0,33,3,0,2,1,33,1.438140270488979,23.904163789249672,0.0,0.0,0.99,8,exponential
q_learning,shaped_eps-exponential_seed3,shaped,3,4a77b6e251,1087,187,86.14999999999995,90.01049999999995,0.11347452653993707,0.15,38,success,1,1,0,0,39,4,0,2,1,38,2.8092140958465035,89.28737413144458,0.0,0.0,0.99,8,exponential
q_learning,shaped_eps-exponential_seed3,shaped,3,4a77b6e251,1088,179,82.54999999999994,90.06049999999996,0.1132475774868572,0.15,46,success,1,1,0,0,43,4,0,1,1,42,2.313398612430847,44.698163602913894,0.0,0.0,0.99,8,exponential
q_learning,shaped_eps-exponential_seed3,shaped,3,4a77b6e251,1089,176,104.70000000000002,90.39199999999995,0.11302108233188347,0.15,49,success,1,1,0,0,26,3,0,1,1,29,2.006165688152723,52.779121332385465,0.0,0.0,0.99,8,exponential
q_learning,shaped_eps-exponential_seed3,shaped,3,4a77b6e251,1090,202,49.40000000000024,89.95899999999997,0.11279504016721971,0.15,23,success,1,1,0,0,50,9,0,1,1,52,2.7557105186131325,52.49702594894812,0.0,0.0,0.99,8,exponential
q_learning,shaped_eps-exponential_seed3,shaped,3,4a77b6e251,1091,176,72.69999999999996,89.85099999999998,0.11256945008688526,0.15,49,success,1,1,0,0,48,5,0,2,1,47,1.758644118766017,24.747503334777512,0.0,0.0,0.99,8,exponential
q_learning,shaped_eps-exponential_seed3,shaped,3,4a77b6e251,1092,177,96.65000000000002,90.02149999999997,0.1123443111867115,0.15,48,success,1,1,0,0,29,4,0,1,1,26,2.22866850450777,42.64212033362273,0.0,0.0,0.99,8,exponential
q_learning,shaped_eps-exponential_seed3,shaped,3,4a77b6e251,1093,182,92.4,90.22949999999999,0.11211962256433808,0.15,43,success,1,1,0,0,38,3,0,2,1,36,1.95723170803641,75.95553833088763,0.0,0.0,0.99,8,exponential
q_learning,shaped_eps-exponential_seed3,shaped,3,4a77b6e251,1094,176,89.69999999999995,90.11149999999998,0.1118953833192094,0.15,49,success,1,1,0,0,46,2,0,1,1,38,2.007105028125381,50.82173296218763,0.0,0.0,0.99,8,exponential
q_learning,shaped_eps-exponential_seed3,shaped,3,4a77b6e251,1095,178,90.59999999999994,90.111,0.11167159255257098,0.15,47,success,1,1,0,0,40,3,0,1,1,41,1.8356587203750887,32.84556253743294,0.0,0.0,0.99,8,exponential
q_learning,shaped_eps-exponential_seed3,shaped,3,4a77b6e251,1096,183,98.35000000000002,90.3705,0.11144824936746583,0.15,42,success,1,1,0,0,37,2,0,3,1,37,2.0521232709357786,57.840342303290555,0.0,0.0,0.99,8,exponential
q_learning,shaped_eps-exponential_seed3,shaped,3,4a77b6e251,1097,181,79.44999999999993,90.21300000000001,0.1112253528687309,0.15,44,success,1,1,0,0,41,5,0,1,1,34,1.797141818291612,29.084851546553946,0.0,0.0,0.99,8,exponential
q_learning,shaped_eps-exponential_seed3,shaped,3,4a77b6e251,1098,179,88.54999999999993,90.18849999999999,0.11100290216299344,0.15,46,success,1,1,0,0,37,4,0,1,1,33,1.7693142077490873,17.883292925921694,0.0,0.0,0.99,8,exponential
q_learning,shaped_eps-exponential_seed3,shaped,3,4a77b6e251,1099,182,98.4,90.4005,0.11078089635866745,0.15,43,success,1,1,0,0,32,3,0,1,1,39,2.595860548320092,50.43932952621991,0.0,0.0,0.99,8,exponential
q_learning,shaped_eps-exponential_seed3,shaped,3,4a77b6e251,1100,177,92.65,90.5355,0.11055933456595012,0.15,48,success,1,1,0,0,43,2,0,1,1,39,2.199464483573217,34.52090050961163,0.0,0.0,0.99,8,exponential
q_learning,shaped_eps-exponential_seed3,shaped,3,4a77b6e251,1101,182,77.3999999999999,90.34249999999996,0.11033821589681822,0.15,43,success,1,1,0,0,48,4,0,2,1,39,2.4527627453612433,45.42388156482876,0.0,0.0,0.99,8,exponential
q_learning,shaped_eps-exponential_seed3,shaped,3,4a77b6e251,1102,179,88.55000000000001,90.25249999999998,0.11011753946502459,0.15,46,success,1,1,0,0,47,2,0,1,1,39,1.6837150028557186,30.248785109869374,0.0,0.0,0.99,8,exponential
q_learning,shaped_eps-exponential_seed3,shaped,3,4a77b6e251,1103,177,97.65000000000002,90.29899999999996,0.10989730438609453,0.15,48,success,1,1,0,0,33,3,0,1,1,32,2.218049895103618,56.38146584034711,0.0,0.0,0.99,8,exponential
q_learning,shaped_eps-exponential_seed3,shaped,3,4a77b6e251,1104,177,100.65,90.32649999999998,0.10967750977732234,0.15,48,success,1,1,0,0,35,2,0,1,1,32,2.015391745076691,37.1004528274986,0.0,0.0,0.99,8,exponential
q_learning,shaped_eps-exponential_seed3,shaped,3,4a77b6e251,1105,175,102.75,90.41649999999998,0.1094581547577677,0.15,50,success,1,1,0,0,33,2,0,1,1,31,2.015931132787368,37.131661724715315,0.0,0.0,0.99,8,exponential
q_learning,shaped_eps-exponential_seed3,shaped,3,4a77b6e251,1106,182,97.4,90.45349999999999,0.10923923844825216,0.15,43,success,1,1,0,0,38,2,0,1,1,30,2.4310223919333644,60.513196135509034,0.0,0.0,0.99,8,exponential
q_learning,shaped_eps-exponential_seed3,shaped,3,4a77b6e251,1107,177,101.65,90.43399999999998,0.10902075997135566,0.15,48,success,1,1,0,0,29,3,0,1,1,31,1.7216783140334602,32.53803779092249,0.0,0.0,0.99,8,exponential
q_learning,shaped_eps-exponential_seed3,shaped,3,4a77b6e251,1108,177,105.65,90.57549999999998,0.10880271845141294,0.15,48,success,1,1,0,0,25,3,0,2,1,32,2.13395495050813,39.862716699375,0.0,0.0,0.99,8,exponential
q_learning,shaped_eps-exponential_seed3,shaped,3,4a77b6e251,1109,178,102.60000000000001,90.76299999999999,0.10858511301451011,0.15,47,success,1,1,0,0,28,3,0,3,1,30,1.564953183130165,30.675659026246507,0.0,0.0,0.99,8,exponential
q_learning,shaped_eps-exponential_seed3,shaped,3,4a77b6e251,1110,179,84.54999999999994,90.65549999999998,0.1083679427884811,0.15,46,success,1,1,0,0,41,4,0,2,1,39,2.707754125744402,95.5901931680876,0.0,0.0,0.99,8,exponential
q_learning,shaped_eps-exponential_seed3,shaped,3,4a77b6e251,1111,179,104.55000000000001,90.85399999999998,0.10815120690290413,0.15,46,success,1,1,0,0,31,2,0,2,1,25,1.533831709223526,28.38697613476662,0.0,0.0,0.99,8,exponential
q_learning,shaped_eps-exponential_seed3,shaped,3,4a77b6e251,1112,181,87.44999999999992,90.82449999999999,0.10793490448909832,0.15,44,success,1,1,0,0,33,5,0,2,1,34,2.051124129774138,33.62350074731902,0.0,0.0,0.99,8,exponential
q_learning,shaped_eps-exponential_seed3,shaped,3,4a77b6e251,1113,177,87.64999999999999,90.86099999999999,0.10771903468012012,0.15,48,success,1,1,0,0,43,3,0,1,1,30,1.8836961858938037,42.359382596992305,0.0,0.0,0.99,8,exponential
q_learning,shaped_eps-exponential_seed3,shaped,3,4a77b6e251,1114,180,109.49999999999997,91.22949999999999,0.10750359661075988,0.15,45,success,1,1,0,0,26,2,0,1,1,33,2.0623536035963927,57.99864153977937,0.0,0.0,0.99,8,exponential
q_learning,shaped_eps-exponential_seed3,shaped,3,4a77b6e251,1115,176,81.69999999999993,91.1015,0.10728858941753835,0.15,49,success,1,1,0,0,34,6,0,2,1,31,1.8321369459773356,24.5168644746649,0.0,0.0,0.99,8,exponential
q_learning,shaped_eps-exponential_seed3,shaped,3,4a77b6e251,1116,183,100.35000000000001,91.1285,0.10707401223870328,0.15,42,success,1,1,0,0,35,2,0,1,1,37,1.9532578212425364,36.88761129641532,0.0,0.0,0.99,8,exponential
q_learning,shaped_eps-exponential_seed3,shaped,3,4a77b6e251,1117,178,101.60000000000001,91.17800000000001,0.10685986421422587,0.15,47,success,1,1,0,0,34,2,0,1,1,42,2.012833678126418,26.5173454068938,0.0,0.0,0.99,8,exponential
q_learning,shaped_eps-exponential_seed3,shaped,3,4a77b6e251,1118,177,95.64999999999998,91.09750000000003,0.10664614448579741,0.15,48,success,1,1,0,0,35,3,0,1,1,41,2.6736347676884495,48.5498801723955,0.0,0.0,0.99,8,exponential
q_learning,shaped_eps-exponential_seed3,shaped,3,4a77b6e251,1119,197,101.65,91.18,0.10643285219682581,0.15,28,success,1,1,0,0,23,4,0,1,1,27,2.418655356021602,62.42517338852997,0.0,0.0,0.99,8,exponential
q_learning,shaped_eps-exponential_seed3,shaped,3,4a77b6e251,1120,179,95.55000000000003,91.584,0.10621998649243217,0.15,46,success,1,1,0,0,35,3,0,1,1,32,2.0105044402888077,32.830650808182845,0.0,0.0,0.99,8,exponential
q_learning,shaped_eps-exponential_seed3,shaped,3,4a77b6e251,1121,179,102.55000000000001,91.59499999999997,0.1060075465194473,0.15,46,success,1,1,0,0,33,2,0,3,1,39,1.4994257223588483,21.131920871495183,0.0,0.0,0.99,8,exponential
q_learning,shaped_eps-exponential_seed3,shaped,3,4a77b6e251,1122,179,101.55000000000001,91.78349999999996,0.1057955314264084,0.15,46,success,1,1,0,0,29,3,0,1,1,30,1.9741822221805754,31.387209528462765,0.0,0.0,0.99,8,exponential
q_learning,shaped_eps-exponential_seed3,shaped,3,4a77b6e251,1123,180,93.50000000000001,91.80299999999995,0.10558394036355559,0.15,45,success,1,1,0,0,42,2,0,2,1,36,2.5914680956933807,53.54705449720187,0.0,0.0,0.99,8,exponential
q_learning,shaped_eps-exponential_seed3,shaped,3,4a77b6e251,1124,199,84.54999999999997,91.75249999999997,0.10537277248282848,0.15,26,success,1,1,0,0,35,5,0,1,1,34,3.5450250539387174,57.9203710099618,0.0,0.0,0.99,8,exponential
q_learning,shaped_eps-exponential_seed3,shaped,3,4a77b6e251,1125,177,92.64999999999998,91.70599999999996,0.10516202693786282,0.15,48,success,1,1,0,0,33,4,0,2,1,34,1.9451308471645492,49.60739544551333,0.0,0.0,0.99,8,exponential
q_learning,shaped_eps-exponential_seed3,shaped,3,4a77b6e251,1126,175,104.75000000000001,91.93249999999998,0.1049517028839871,0.15,50,success,1,1,0,0,31,2,0,1,1,29,1.6738831022632374,21.125011751080862,0.0,0.0,0.99,8,exponential
q_learning,shaped_eps-exponential_seed3,shaped,3,4a77b6e251,1127,178,75.59999999999994,91.77199999999999,0.10474179947821913,0.15,47,success,1,1,0,0,40,6,0,1,1,41,1.689275465773787,33.88684975092278,0.0,0.0,0.99,8,exponential
q_learning,shaped_eps-exponential_seed3,shaped,3,4a77b6e251,1128,198,65.6000000000001,91.60199999999999,0.10453231587926269,0.15,27,success,1,1,0,0,44,7,0,1,1,48,2.745518386940869,54.515378665479304,0.0,0.0,0.99,8,exponential
q_learning,shaped_eps-exponential_seed3,shaped,3,4a77b6e251,1129,184,94.3,91.59849999999999,0.10432325124750416,0.15,41,success,1,1,0,0,36,3,0,2,1,38,1.9054260476320832,34.74252738478144,0.0,0.0,0.99,8,exponential
q_learning,shaped_eps-exponential_seed3,shaped,3,4a77b6e251,1130,176,86.69999999999993,91.56900000000002,0.10411460474500915,0.15,49,success,1,1,0,0,34,5,0,2,1,38,1.8068748084973698,19.349392566199818,0.0,0.0,0.99,8,exponential
q_learning,shaped_eps-exponential_seed3,shaped,3,4a77b6e251,1131,177,102.65,91.76349999999998,0.10390637553551914,0.15,48,success,1,1,0,0,33,2,0,1,1,38,1.498210288468703,22.399412994867802,0.0,0.0,0.99,8,exponential
q_learning,shaped_eps-exponential_seed3,shaped,3,4a77b6e251,1132,180,87.49999999999997,91.63199999999999,0.1036985627844481,0.15,45,success,1,1,0,0,28,6,0,2,1,37,1.9796476144559145,53.92736105102791,0.0,0.0,0.99,8,exponential
q_learning,shaped_eps-exponential_seed3,shaped,3,4a77b6e251,1133,183,98.35000000000001,91.609,0.1034911656588792,0.15,42,success,1,1,0,0,37,2,0,1,1,35,2.19672783998684,51.5453996467279,0.0,0.0,0.99,8,exponential
q_learning,shaped_eps-exponential_seed3,shaped,3,4a77b6e251,1134,179,85.54999999999994,91.43799999999999,0.10328418332756144,0.15,46,success,1,1,0,0,35,5,0,1,1,31,1.7742907487207105,48.728221621684256,0.0,0.0,0.99,8,exponential
q_learning,shaped_eps-exponential_seed3,shaped,3,4a77b6e251,1135,187,89.14999999999999,91.44449999999998,0.10307761496090631,0.15,38,success,1,1,0,0,41,3,0,2,1,38,2.6061166205190647,71.72153313808035,0.0,0.0,0.99,8,exponential
q_learning,shaped_eps-exponential_seed3,shaped,3,4a77b6e251,1136,182,82.39999999999993,91.34149999999998,0.1028714597309845,0.15,43,success,1,1,0,0,28,7,0,1,1,29,2.2337787111638576,86.60913611634264,0.0,0.0,0.99,8,exponential
q_learning,shaped_eps-exponential_seed3,shaped,3,4a77b6e251,1137,184,88.29999999999997,91.35099999999997,0.10266571681152252,0.15,41,success,1,1,0,0,32,5,0,1,1,40,2.8778645073665405,58.68510629033213,0.0,0.0,0.99,8,exponential
q_learning,shaped_eps-exponential_seed3,shaped,3,4a77b6e251,1138,178,97.60000000000002,91.45399999999998,0.10246038537789948,0.15,47,success,1,1,0,0,28,4,0,2,1,35,1.6680958108162312,44.82673364117366,0.0,0.0,0.99,8,exponential
q_learning,shaped_eps-exponential_seed3,shaped,3,4a77b6e251,1139,176,102.70000000000002,91.4545,0.10225546460714367,0.15,49,success,1,1,0,0,28,3,0,3,1,30,1.3784322808778917,17.751843282264858,0.0,0.0,0.99,8,exponential
q_learning,shaped_eps-exponential_seed3,shaped,3,4a77b6e251,1140,181,74.44999999999993,91.39399999999999,0.10205095367792938,0.15,44,success,1,1,0,0,41,6,0,1,1,34,2.542079884043473,40.08980546962365,0.0,0.0,0.99,8,exponential
q_learning,shaped_eps-exponential_seed3,shaped,3,4a77b6e251,1141,194,96.80000000000003,91.4475,0.10184685177057352,0.15,31,success,1,1,0,0,38,2,0,2,1,34,1.5211602907404937,20.95501141743297,0.0,0.0,0.99,8,exponential
q_learning,shaped_eps-exponential_seed3,shaped,3,4a77b6e251,1142,192,61.900000000000055,91.3265,0.10164315806703238,0.15,33,success,1,1,0,0,38,9,0,1,1,32,2.556243427898962,66.29880408514187,0.0,0.0,0.99,8,exponential
q_learning,shaped_eps-exponential_seed3,shaped,3,4a77b6e251,1143,176,111.69999999999997,91.4975,0.10143987175089832,0.15,49,success,1,1,0,0,24,2,0,2,1,28,1.6716347788523434,32.818035195998256,0.0,0.0,0.99,8,exponential
q_learning,shaped_eps-exponential_seed3,shaped,3,4a77b6e251,1144,174,106.80000000000001,91.63849999999996,0.10123699200739653,0.15,51,success,1,1,0,0,24,3,0,3,1,25,1.8982714077837533,28.02704069723146,0.0,0.0,0.99,8,exponential
q_learning,shaped_eps-exponential_seed3,shaped,3,4a77b6e251,1145,176,96.7,91.61949999999999,0.10103451802338173,0.15,49,success,1,1,0,0,34,3,0,1,1,31,2.5315175916997443,49.24117643569204,0.0,0.0,0.99,8,exponential
q_learning,shaped_eps-exponential_seed3,shaped,3,4a77b6e251,1146,176,96.7,91.602,0.10083244898733497,0.15,49,success,1,1,0,0,34,3,0,1,1,34,2.0491826710198953,39.37250799415431,0.0,0.0,0.99,8,exponential
q_learning,shaped_eps-exponential_seed3,shaped,3,4a77b6e251,1147,190,63.000000000000185,91.32600000000001,0.1006307840893603,0.15,35,success,1,1,0,0,52,6,0,1,1,48,2.144112378528357,44.66189504009925,0.0,0.0,0.99,8,exponential
q_learning,shaped_eps-exponential_seed3,shaped,3,4a77b6e251,1148,178,97.60000000000001,91.3405,0.10042952252118158,0.15,47,success,1,1,0,0,38,2,0,1,1,38,1.8710222275508785,33.983854337878114,0.0,0.0,0.99,8,exponential
q_learning,shaped_eps-exponential_seed3,shaped,3,4a77b6e251,1149,182,101.40000000000002,91.37049999999999,0.10022866347613922,0.15,43,success,1,1,0,0,34,2,0,3,1,32,1.3666084965345637,21.66143458962503,0.0,0.0,0.99,8,exponential
q_learning,shaped_eps-exponential_seed3,shaped,3,4a77b6e251,1150,177,92.64999999999998,91.33049999999999,0.10002820614918695,0.15,48,success,1,1,0,0,33,4,0,2,1,36,1.3599238873444393,29.374543458638236,0.0,0.0,0.99,8,exponential
q_learning,shaped_eps-exponential_seed3,shaped,3,4a77b6e251,1151,175,104.75000000000001,91.50049999999999,0.09982814973688857,0.15,50,success,1,1,0,0,31,2,0,2,1,28,1.571963407736028,35.195052669840216,0.0,0.0,0.99,8,exponential
q_learning,shaped_eps-exponential_seed3,shaped,3,4a77b6e251,1152,177,91.65,91.44149999999999,0.0996284934374148,0.15,48,success,1,1,0,0,39,3,0,1,1,33,2.024837665704818,28.17878000878813,0.0,0.0,0.99,8,exponential
q_learning,shaped_eps-exponential_seed3,shaped,3,4a77b6e251,1153,179,96.55000000000001,91.56649999999998,0.09942923645053997,0.15,46,success,1,1,0,0,39,2,0,1,1,32,2.159955467198769,81.85110483542371,0.0,0.0,0.99,8,exponential
q_learning,shaped_eps-exponential_seed3,shaped,3,4a77b6e251,1154,179,89.54999999999998,91.65599999999999,0.0992303779776389,0.15,46,success,1,1,0,0,41,3,0,1,1,37,1.941406882136936,34.903733728862775,0.0,0.0,0.99,8,exponential
q_learning,shaped_eps-exponential_seed3,shaped,3,4a77b6e251,1155,177,104.65000000000002,91.67749999999998,0.09903191722168361,0.15,48,success,1,1,0,0,31,2,0,1,1,29,1.9630331852455427,85.38250000000001,0.0,0.0,0.99,8,exponential
q_learning,shaped_eps-exponential_seed3,shaped,3,4a77b6e251,1156,187,99.15,91.94699999999997,0.09883385338724024,0.15,38,success,1,1,0,0,31,3,0,2,1,34,2.166473905978849,55.66058149192851,0.0,0.0,0.99,8,exponential
q_learning,shaped_eps-exponential_seed3,shaped,3,4a77b6e251,1157,178,87.59999999999998,92.13799999999998,0.09863618568046575,0.15,47,success,1,1,0,0,48,2,0,1,1,39,2.0048776234939423,75.63822269487896,0.0,0.0,0.99,8,exponential
q_learning,shaped_eps-exponential_seed3,shaped,3,4a77b6e251,1158,181,93.45000000000002,92.22000000000001,0.09843891330910483,0.15,44,success,1,1,0,0,37,3,0,1,1,33,3.365379892416002,54.78581518487701,0.0,0.0,0.99,8,exponential
q_learning,shaped_eps-exponential_seed3,shaped,3,4a77b6e251,1159,178,103.60000000000002,92.32000000000002,0.09824203548248661,0.15,47,success,1,1,0,0,32,2,0,1,1,32,2.0125976909382355,38.141340690571944,0.0,0.0,0.99,8,exponential
q_learning,shaped_eps-exponential_seed3,shaped,3,4a77b6e251,1160,183,94.35000000000002,92.3255,0.09804555141152164,0.15,42,success,1,1,0,0,41,2,0,1,1,36,2.264397201707608,68.07429048940972,0.0,0.0,0.99,8,exponential
q_learning,shaped_eps-exponential_seed3,shaped,3,4a77b6e251,1161,181,104.45000000000002,92.34650000000002,0.09784946030869861,0.15,44,success,1,1,0,0,31,2,0,2,1,37,1.3738529591218138,21.02502852368992,0.0,0.0,0.99,8,exponential
q_learning,shaped_eps-exponential_seed3,shaped,3,4a77b6e251,1162,181,90.44999999999996,92.33600000000003,0.09765376138808121,0.15,44,success,1,1,0,0,45,2,0,1,1,44,2.3508772418252435,57.894793801412455,0.0,0.0,0.99,8,exponential
q_learning,shaped_eps-exponential_seed3,shaped,3,4a77b6e251,1163,181,104.45,92.43400000000003,0.09745845386530505,0.15,44,success,1,1,0,0,31,2,0,2,1,30,1.8809412326870845,27.16790143948309,0.0,0.0,0.99,8,exponential
q_learning,shaped_eps-exponential_seed3,shaped,3,4a77b6e251,1164,179,99.55000000000001,92.46350000000002,0.09726353695757443,0.15,46,success,1,1,0,0,31,3,0,1,1,33,1.6073431114727923,30.907881171710315,0.0,0.0,0.99,8,exponential
q_learning,shaped_eps-exponential_seed3,shaped,3,4a77b6e251,1165,179,85.54999999999993,92.663,0.09706900988365928,0.15,46,success,1,1,0,0,35,5,0,1,1,36,1.8609077628567812,25.395006689146097,0.0,0.0,0.99,8,exponential
q_learning,shaped_eps-exponential_seed3,shaped,3,4a77b6e251,1166,176,93.69999999999997,92.604,0.09687487186389196,0.15,49,success,1,1,0,0,32,4,0,1,1,36,2.752106441366392,50.82233652809176,0.0,0.0,0.99,8,exponential
q_learning,shaped_eps-exponential_seed3,shaped,3,4a77b6e251,1167,179,96.55000000000001,92.62299999999998,0.09668112212016418,0.15,46,success,1,1,0,0,39,2,0,2,1,38,1.2933142468962884,19.079192079836105,0.0,0.0,0.99,8,exponential
q_learning,shaped_eps-exponential_seed3,shaped,3,4a77b6e251,1168,180,101.5,92.72649999999997,0.09648775987592385,0.15,45,success,1,1,0,0,34,2,0,1,1,37,1.7029004117719029,23.944503243853198,0.0,0.0,0.99,8,exponential
q_learning,shaped_eps-exponential_seed3,shaped,3,4a77b6e251,1169,181,87.44999999999993,92.6155,0.096294784356172,0.15,44,success,1,1,0,0,33,5,0,2,1,34,2.2679101304001636,53.849481299392394,0.0,0.0,0.99,8,exponential
q_learning,shaped_eps-exponential_seed3,shaped,3,4a77b6e251,1170,175,102.75000000000001,92.648,0.09610219478745965,0.15,50,success,1,1,0,0,33,2,0,1,1,30,1.6508997993239176,25.045426213322564,0.0,0.0,0.99,8,exponential
q_learning,shaped_eps-exponential_seed3,shaped,3,4a77b6e251,1171,185,60.25000000000006,92.38400000000001,0.09590999039788474,0.15,40,success,1,1,0,0,35,10,0,1,1,46,3.0275197555171993,48.73737250387384,0.0,0.0,0.99,8,exponential
q_learning,shaped_eps-exponential_seed3,shaped,3,4a77b6e251,1172,177,88.64999999999995,92.2525,0.09571817041708897,0.15,48,success,1,1,0,0,37,4,0,1,1,38,2.157172041821676,30.41135589455928,0.0,0.0,0.99,8,exponential
q_learning,shaped_eps-exponential_seed3,shaped,3,4a77b6e251,1173,177,102.65,92.32399999999998,0.09552673407625478,0.15,48,success,1,1,0,0,33,2,0,3,1,34,2.149821153466396,58.71219649997734,0.0,0.0,0.99,8,exponential
q_learning,shaped_eps-exponential_seed3,shaped,3,4a77b6e251,1174,179,101.55,92.27499999999998,0.09533568060810227,0.15,46,success,1,1,0,0,29,3,0,2,1,29,2.0899101208292454,52.306181981428765,0.0,0.0,0.99,8,exponential
q_learning,shaped_eps-exponential_seed3,shaped,3,4a77b6e251,1175,181,106.45000000000002,92.36349999999999,0.09514500924688607,0.15,44,success,1,1,0,0,29,2,0,1,1,32,1.4402850690214948,22.724469478240856,0.0,0.0,0.99,8,exponential
q_learning,shaped_eps-exponential_seed3,shaped,3,4a77b6e251,1176,176,97.7,92.3665,0.0949547192283923,0.15,49,success,1,1,0,0,28,4,0,2,1,29,1.7720817608296329,43.72776131016375,0.0,0.0,0.99,8,exponential
q_learning,shaped_eps-exponential_seed3,shaped,3,4a77b6e251,1177,175,93.74999999999999,92.5835,0.09476480978993551,0.15,50,success,1,1,0,0,37,3,0,2,1,38,1.8047353516587938,33.86722274512792,0.0,0.0,0.99,8,exponential
q_learning,shaped_eps-exponential_seed3,shaped,3,4a77b6e251,1178,176,88.69999999999993,92.61600000000003,0.09457528017035564,0.15,49,success,1,1,0,0,42,3,0,2,1,41,1.8120162493928795,35.54108785147052,0.0,0.0,0.99,8,exponential
q_learning,shaped_eps-exponential_seed3,shaped,3,4a77b6e251,1179,174,100.80000000000001,92.82549999999999,0.09438612961001493,0.15,51,success,1,1,0,0,30,3,0,1,1,38,2.016607999103257,29.44555856486346,0.0,0.0,0.99,8,exponential
q_learning,shaped_eps-exponential_seed3,shaped,3,4a77b6e251,1180,176,105.7,93.061,0.0941973573507949,0.15,49,success,1,1,0,0,30,2,0,1,1,28,1.6043942396808502,28.02050434352799,0.0,0.0,0.99,8,exponential
q_learning,shaped_eps-exponential_seed3,shaped,3,4a77b6e251,1181,184,87.29999999999995,92.98450000000001,0.09400896263609332,0.15,41,success,1,1,0,0,38,4,0,2,1,50,2.4795041531952298,78.36128673026333,0.0,0.0,0.99,8,exponential
q_learning,shaped_eps-exponential_seed3,shaped,3,4a77b6e251,1182,175,95.74999999999997,93.04549999999999,0.09382094471082113,0.15,50,success,1,1,0,0,35,3,0,1,1,39,2.069617678940902,55.53952359959088,0.0,0.0,0.99,8,exponential
q_learning,shaped_eps-exponential_seed3,shaped,3,4a77b6e251,1183,180,99.50000000000001,93.115,0.09363330282139949,0.15,45,success,1,1,0,0,36,2,0,1,1,40,1.3975683553993554,27.783021867265482,0.0,0.0,0.99,8,exponential
q_learning,shaped_eps-exponential_seed3,shaped,3,4a77b6e251,1184,186,72.1999999999999,92.98100000000001,0.09344603621575669,0.15,39,success,1,1,0,0,48,5,0,1,1,56,1.8138617278820506,39.840066354355784,0.0,0.0,0.99,8,exponential
q_learning,shaped_eps-exponential_seed3,shaped,3,4a77b6e251,1185,177,97.65000000000002,93.1025,0.09325914414332517,0.15,48,success,1,1,0,0,33,3,0,2,1,31,1.9291276523564753,26.011698968046225,0.0,0.0,0.99,8,exponential
q_learning,shaped_eps-exponential_seed3,shaped,3,4a77b6e251,1186,183,96.35000000000002,93.09049999999999,0.09307262585503852,0.15,42,success,1,1,0,0,39,2,0,1,1,40,1.9027877858282085,59.01613139312079,0.0,0.0,0.99,8,exponential
q_learning,shaped_eps-exponential_seed3,shaped,3,4a77b6e251,1187,176,103.7,93.26600000000002,0.09288648060332844,0.15,49,success,1,1,0,0,32,2,0,1,1,34,1.850683522558723,43.71731632541256,0.0,0.0,0.99,8,exponential
q_learning,shaped_eps-exponential_seed3,shaped,3,4a77b6e251,1188,183,98.35000000000001,93.42400000000002,0.09270070764212178,0.15,42,success,1,1,0,0,37,2,0,1,1,38,1.980618675374937,27.258653130228197,0.0,0.0,0.99,8,exponential
q_learning,shaped_eps-exponential_seed3,shaped,3,4a77b6e251,1189,175,76.74999999999991,93.14450000000001,0.09251530622683754,0.15,50,success,1,1,0,0,39,6,0,2,1,45,1.9045411212835675,24.330683335975046,0.0,0.0,0.99,8,exponential
q_learning,shaped_eps-exponential_seed3,shaped,3,4a77b6e251,1190,179,97.55000000000001,93.626,0.09233027561438387,0.15,46,success,1,1,0,0,33,3,0,2,1,35,1.5648897460334472,22.68426863434389,0.0,0.0,0.99,8,exponential
q_learning,shaped_eps-exponential_seed3,shaped,3,4a77b6e251,1191,177,92.64999999999995,93.82549999999999,0.09214561506315509,0.15,48,success,1,1,0,0,33,4,0,3,1,38,1.7045309436901432,30.49197492524447,0.0,0.0,0.99,8,exponential
q_learning,shaped_eps-exponential_seed3,shaped,3,4a77b6e251,1192,177,110.65,93.96549999999998,0.09196132383302878,0.15,48,success,1,1,0,0,25,2,0,1,1,30,1.5195308613941465,48.88125850147247,0.0,0.0,0.99,8,exponential
q_learning,shaped_eps-exponential_seed3,shaped,3,4a77b6e251,1193,177,98.65,94.02799999999998,0.09177740118536272,0.15,48,success,1,1,0,0,37,2,0,3,1,43,1.9305627236367924,69.8653885676118,0.0,0.0,0.99,8,exponential
q_learning,shaped_eps-exponential_seed3,shaped,3,4a77b6e251,1194,178,106.60000000000001,94.19699999999999,0.09159384638299199,0.15,47,success,1,1,0,0,24,3,0,1,1,26,2.9080940623990594,99.42540513259948,0.0,0.0,0.99,8,exponential
q_learning,shaped_eps-exponential_seed3,shaped,3,4a77b6e251,1195,175,80.7499999999999,94.09849999999999,0.09141065869022601,0.15,50,success,1,1,0,0,35,6,0,3,1,37,1.962211275180062,33.8504991650521,0.0,0.0,0.99,8,exponential
q_learning,shaped_eps-exponential_seed3,shaped,3,4a77b6e251,1196,183,94.35000000000001,94.05849999999998,0.09122783737284555,0.15,42,success,1,1,0,0,41,2,0,2,1,37,2.782372801222493,67.13922842941685,0.0,0.0,0.99,8,exponential
q_learning,shaped_eps-exponential_seed3,shaped,3,4a77b6e251,1197,175,95.75000000000001,94.22149999999999,0.09104538169809986,0.15,50,success,1,1,0,0,35,3,0,2,1,38,1.389177458577807,27.126771087134628,0.0,0.0,0.99,8,exponential
q_learning,shaped_eps-exponential_seed3,shaped,3,4a77b6e251,1198,174,88.79999999999995,94.22399999999999,0.09086329093470366,0.15,51,success,1,1,0,0,32,5,0,1,1,32,1.806718594527924,54.623047781588134,0.0,0.0,0.99,8,exponential
q_learning,shaped_eps-exponential_seed3,shaped,3,4a77b6e251,1199,181,101.45,94.2545,0.09068156435283425,0.15,44,success,1,1,0,0,29,3,0,1,1,29,1.5937665906059713,30.384968534332153,0.0,0.0,0.99,8,exponential
q_learning,shaped_eps-exponential_seed3,shaped,3,4a77b6e251,1200,178,88.6,94.214,0.09050020122412858,0.15,47,success,1,1,0,0,42,3,0,1,1,34,2.4829685222651925,44.9220772366322,0.0,0.0,0.99,8,exponential
q_learning,shaped_eps-exponential_seed3,shaped,3,4a77b6e251,1201,176,105.70000000000002,94.49700000000001,0.09031920082168032,0.15,49,success,1,1,0,0,30,2,0,1,1,35,2.0350399467344107,50.422618352759066,0.0,0.0,0.99,8,exponential
q_learning,shaped_eps-exponential_seed3,shaped,3,4a77b6e251,1202,175,100.75000000000001,94.61900000000001,0.09013856242003697,0.15,50,success,1,1,0,0,35,2,0,1,1,37,2.191894632052647,51.28715045653464,0.0,0.0,0.99,8,exponential
q_learning,shaped_eps-exponential_seed3,shaped,3,4a77b6e251,1203,175,103.75000000000001,94.68,0.0899582852951969,0.15,50,success,1,1,0,0,27,3,0,3,1,31,1.627914861209424,48.23174230248746,0.0,0.0,0.99,8,exponential
q_learning,shaped_eps-exponential_seed3,shaped,3,4a77b6e251,1204,177,98.65000000000002,94.66,0.0897783687246065,0.15,48,success,1,1,0,0,37,2,0,3,1,37,1.8754615262880496,58.578659944208766,0.0,0.0,0.99,8,exponential
q_learning,shaped_eps-exponential_seed3,shaped,3,4a77b6e251,1205,177,94.65000000000002,94.57899999999998,0.08959881198715729,0.15,48,success,1,1,0,0,31,4,0,2,1,36,2.292106936946261,41.84295894837091,0.0,0.0,0.99,8,exponential
q_learning,shaped_eps-exponential_seed3,shaped,3,4a77b6e251,1206,175,87.74999999999994,94.48249999999999,0.08941961436318298,0.15,50,success,1,1,0,0,33,5,0,1,1,35,1.3906514342134417,24.754316079000624,0.0,0.0,0.99,8,exponential
q_learning,shaped_eps-exponential_seed3,shaped,3,4a77b6e251,1207,178,101.60000000000001,94.48199999999999,0.0892407751344566,0.15,47,success,1,1,0,0,34,2,0,1,1,30,3.0535796815007394,63.48073469866991,0.0,0.0,0.99,8,exponential
q_learning,shaped_eps-exponential_seed3,shaped,3,4a77b6e251,1208,176,101.7,94.4425,0.0890622935841877,0.15,49,success,1,1,0,0,34,2,0,1,1,28,1.3933467806949644,23.51879431530252,0.0,0.0,0.99,8,exponential
q_learning,shaped_eps-exponential_seed3,shaped,3,4a77b6e251,1209,176,93.7,94.3535,0.08888416899701933,0.15,49,success,1,1,0,0,42,2,0,1,1,38,1.7811874194029877,24.359471587462167,0.0,0.0,0.99,8,exponential
q_learning,shaped_eps-exponential_seed3,shaped,3,4a77b6e251,1210,177,87.64999999999995,94.3845,0.08870640065902528,0.15,48,success,1,1,0,0,43,3,0,1,1,43,1.6303764834240304,17.417575884684737,0.0,0.0,0.99,8,exponential
q_learning,shaped_eps-exponential_seed3,shaped,3,4a77b6e251,1211,176,90.69999999999992,94.24600000000001,0.08852898785770723,0.15,49,success,1,1,0,0,30,5,0,1,1,32,1.391065158155074,28.93770547482054,0.0,0.0,0.99,8,exponential
q_learning,shaped_eps-exponential_seed3,shaped,3,4a77b6e251,1212,185,106.25,94.434,0.08835192988199181,0.15,40,success,1,1,0,0,29,2,0,1,1,36,2.7603570834473348,64.57626764697093,0.0,0.0,0.99,8,exponential
q_learning,shaped_eps-exponential_seed3,shaped,3,4a77b6e251,1213,176,81.69999999999995,94.37450000000001,0.08817522602222783,0.15,49,success,1,1,0,0,34,6,0,2,1,41,2.068615240777895,30.82018476694801,0.0,0.0,0.99,8,exponential
q_learning,shaped_eps-exponential_seed3,shaped,3,4a77b6e251,1214,177,100.65000000000002,94.286,0.08799887557018338,0.15,48,success,1,1,0,0,35,2,0,1,1,31,1.4433107427611795,22.264602547666755,0.0,0.0,0.99,8,exponential
q_learning,shaped_eps-exponential_seed3,shaped,3,4a77b6e251,1215,178,76.59999999999991,94.235,0.08782287781904301,0.15,47,success,1,1,0,0,44,5,0,1,1,47,2.3011558284175355,47.68500407402388,0.0,0.0,0.99,8,exponential
q_learning,shaped_eps-exponential_seed3,shaped,3,4a77b6e251,1216,185,91.24999999999994,94.14399999999999,0.08764723206340493,0.15,40,success,1,1,0,0,39,3,0,3,1,35,2.2728636223348992,40.316490790879755,0.0,0.0,0.99,8,exponential
q_learning,shaped_eps-exponential_seed3,shaped,3,4a77b6e251,1217,177,94.64999999999998,94.07449999999999,0.08747193759927811,0.15,48,success,1,1,0,0,31,4,0,1,1,36,1.9136630166221396,25.29845366635532,0.0,0.0,0.99,8,exponential
q_learning,shaped_eps-exponential_seed3,shaped,3,4a77b6e251,1218,179,102.55000000000001,94.14349999999999,0.08729699372407955,0.15,46,success,1,1,0,0,33,2,0,3,1,29,1.560025799638834,28.728421079543537,0.0,0.0,0.99,8,exponential
q_learning,shaped_eps-exponential_seed3,shaped,3,4a77b6e251,1219,180,62.50000000000007,93.752,0.08712239973663138,0.15,45,success,1,1,0,0,48,7,0,1,1,42,2.707921899641745,41.776618039909835,0.0,0.0,0.99,8,exponential
q_learning,shaped_eps-exponential_seed3,shaped,3,4a77b6e251,1220,174,107.80000000000001,93.87449999999998,0.08694815493715811,0.15,51,success,1,1,0,0,18,4,0,2,1,19,2.185413532479021,50.64883395375745,0.0,0.0,0.99,8,exponential
q_learning,shaped_eps-exponential_seed3,shaped,3,4a77b6e251,1221,180,87.49999999999989,93.72399999999998,0.0867742586272838,0.15,45,success,1,1,0,0,38,4,0,6,1,34,2.1783261832235956,86.36998835354977,0.0,0.0,0.99,8,exponential
q_learning,shaped_eps-exponential_seed3,shaped,3,4a77b6e251,1222,180,103.50000000000001,93.74349999999998,0.08660071011002923,0.15,45,success,1,1,0,0,32,2,0,3,1,43,1.8678043266693338,36.14765157250859,0.0,0.0,0.99,8,exponential
q_learning,shaped_eps-exponential_seed3,shaped,3,4a77b6e251,1223,174,96.80000000000001,93.77649999999998,0.08642750868980917,0.15,51,success,1,1,0,0,34,3,0,3,1,33,1.7078723124219426,43.40659209162863,0.0,0.0,0.99,8,exponential
q_learning,shaped_eps-exponential_seed3,shaped,3,4a77b6e251,1224,177,92.65,93.85749999999999,0.08625465367242954,0.15,48,success,1,1,0,0,33,4,0,1,1,32,2.336904023135726,31.143108160640374,0.0,0.0,0.99,8,exponential
q_learning,shaped_eps-exponential_seed3,shaped,3,4a77b6e251,1225,183,99.35000000000001,93.92449999999997,0.08608214436508468,0.15,42,success,1,1,0,0,31,3,0,1,1,33,2.6267038608316455,43.79368857279969,0.0,0.0,0.99,8,exponential
q_learning,shaped_eps-exponential_seed3,shaped,3,4a77b6e251,1226,174,82.79999999999995,93.70499999999997,0.08590998007635452,0.15,51,success,1,1,0,0,48,3,0,2,1,46,1.6166120795641417,27.124418848982963,0.0,0.0,0.99,8,exponential
q_learning,shaped_eps-exponential_seed3,shaped,3,4a77b6e251,1227,179,93.55000000000003,93.88449999999997,0.0857381601162018,0.15,46,success,1,1,0,0,37,3,0,5,1,30,2.1901160591440667,26.012424690962156,0.0,0.0,0.99,8,exponential
q_learning,shaped_eps-exponential_seed3,shaped,3,4a77b6e251,1228,177,110.64999999999999,94.33499999999997,0.0855666837959694,0.15,48,success,1,1,0,0,25,2,0,6,1,26,1.4206058633155711,16.089126302175742,0.0,0.0,0.99,8,exponential
q_learning,shaped_eps-exponential_seed3,shaped,3,4a77b6e251,1229,180,101.50000000000001,94.40699999999997,0.08539555042837747,0.15,45,success,1,1,0,0,34,2,0,6,1,35,1.6210452456623468,41.63268311281195,0.0,0.0,0.99,8,exponential
q_learning,shaped_eps-exponential_seed3,shaped,3,4a77b6e251,1230,180,73.49999999999994,94.27499999999998,0.08522475932752072,0.15,45,success,1,1,0,0,42,6,0,4,1,40,1.935636440500791,28.042037655451296,0.0,0.0,0.99,8,exponential
q_learning,shaped_eps-exponential_seed3,shaped,3,4a77b6e251,1231,176,99.70000000000002,94.24549999999999,0.08505430980886568,0.15,49,success,1,1,0,0,36,2,0,4,1,39,1.720352072403832,42.04210473650237,0.0,0.0,0.99,8,exponential
q_learning,shaped_eps-exponential_seed3,shaped,3,4a77b6e251,1232,174,92.79999999999997,94.29849999999999,0.08488420118924794,0.15,51,success,1,1,0,0,28,5,0,3,1,32,1.6073043905743365,36.58678564869149,0.0,0.0,0.99,8,exponential
q_learning,shaped_eps-exponential_seed3,shaped,3,4a77b6e251,1233,186,85.19999999999993,94.167,0.08471443278686945,0.15,39,success,1,1,0,0,40,4,0,5,1,44,1.5800558870516648,20.4164235382649,0.0,0.0,0.99,8,exponential
q_learning,shaped_eps-exponential_seed3,shaped,3,4a77b6e251,1234,174,86.79999999999998,94.1795,0.08454500392129571,0.15,51,success,1,1,0,0,34,5,0,2,1,40,2.130343343597299,25.491553947101323,0.0,0.0,0.99,8,exponential
q_learning,shaped_eps-exponential_seed3,shaped,3,4a77b6e251,1235,178,92.60000000000001,94.214,0.08437591391345312,0.15,47,success,1,1,0,0,38,3,0,3,1,39,1.4497174249473792,32.14057154034779,0.0,0.0,0.99,8,exponential
q_learning,shaped_eps-exponential_seed3,shaped,3,4a77b6e251,1236,175,110.74999999999999,94.4975,0.0842071620856262,0.15,50,success,1,1,0,0,25,2,0,6,1,31,1.129898715006662,12.425212736699038,0.0,0.0,0.99,8,exponential
q_learning,shaped_eps-exponential_seed3,shaped,3,4a77b6e251,1237,172,65.90000000000006,94.27349999999998,0.08403874776145495,0.15,53,success,1,1,0,0,40,8,0,1,1,37,2.786386273670165,97.16394212785991,0.0,0.0,0.99,8,exponential
q_learning,shaped_eps-exponential_seed3,shaped,3,4a77b6e251,1238,183,91.35000000000001,94.211,0.08387067026593203,0.15,42,success,1,1,0,0,39,3,0,8,1,34,2.4009399177645405,43.250867588156076,0.0,0.0,0.99,8,exponential
q_learning,shaped_eps-exponential_seed3,shaped,3,4a77b6e251,1239,175,92.74999999999997,94.11149999999999,0.08370292892540017,0.15,50,success,1,1,0,0,33,4,0,6,1,35,1.7841504485566981,29.197798423050916,0.0,0.0,0.99,8,exponential
q_learning,shaped_eps-exponential_seed3,shaped,3,4a77b6e251,1240,175,89.74999999999993,94.26450000000001,0.08353552306754937,0.15,50,success,1,1,0,0,31,5,0,8,1,32,1.4959339263001052,27.750578903483806,0.0,0.0,0.99,8,exponential
q_learning,shaped_eps-exponential_seed3,shaped,3,4a77b6e251,1241,175,92.75,94.22399999999999,0.08336845202141427,0.15,50,success,1,1,0,0,43,2,0,4,1,44,1.2114329594316766,15.046766981623328,0.0,0.0,0.99,8,exponential
q_learning,shaped_eps-exponential_seed3,shaped,3,4a77b6e251,1242,177,86.6499999999999,94.47149999999999,0.08320171511737144,0.15,48,success,1,1,0,0,49,2,0,4,1,50,1.405688209756347,14.64582252351508,0.0,0.0,0.99,8,exponential
q_learning,shaped_eps-exponential_seed3,shaped,3,4a77b6e251,1243,181,97.45,94.329,0.0830353116871367,0.15,44,success,1,1,0,0,33,3,0,6,1,38,2.649841171492731,84.03440521448988,0.0,0.0,0.99,8,exponential
q_learning,shaped_eps-exponential_seed3,shaped,3,4a77b6e251,1244,178,97.60000000000001,94.23700000000001,0.08286924106376242,0.15,47,success,1,1,0,0,38,2,0,2,1,40,1.548525957903978,21.70670799411412,0.0,0.0,0.99,8,exponential
q_learning,shaped_eps-exponential_seed3,shaped,3,4a77b6e251,1245,174,97.80000000000001,94.24799999999999,0.08270350258163489,0.15,51,success,1,1,0,0,28,4,0,1,1,28,1.8146249292007832,44.942520101038994,0.0,0.0,0.99,8,exponential
q_learning,shaped_eps-exponential_seed3,shaped,3,4a77b6e251,1246,175,96.75000000000001,94.2485,0.08253809557647163,0.15,50,success,1,1,0,0,39,2,0,4,1,33,2.2115101130458847,27.572114481883702,0.0,0.0,0.99,8,exponential
q_learning,shaped_eps-exponential_seed3,shaped,3,4a77b6e251,1247,179,98.55000000000001,94.60399999999998,0.08237301938531869,0.15,46,success,1,1,0,0,27,4,0,6,1,31,1.3759235342500782,19.490725438324574,0.0,0.0,0.99,8,exponential
q_learning,shaped_eps-exponential_seed3,shaped,3,4a77b6e251,1248,176,103.70000000000002,94.66499999999996,0.08220827334654805,0.15,49,success,1,1,0,0,32,2,0,3,1,33,2.0940194265204353,44.16730175961923,0.0,0.0,0.99,8,exponential
q_learning,shaped_eps-exponential_seed3,shaped,3,4a77b6e251,1249,177,108.65,94.73749999999998,0.08204385679985496,0.15,48,success,1,1,0,0,27,2,0,4,1,30,1.4720898758197278,20.702179634541494,0.0,0.0,0.99,8,exponential
q_learning,shaped_eps-exponential_seed3,shaped,3,4a77b6e251,1250,178,99.60000000000002,94.80699999999999,0.08187976908625524,0.15,47,success,1,1,0,0,36,2,0,7,1,41,2.0272754061939993,37.52498381778325,0.0,0.0,0.99,8,exponential
q_learning,shaped_eps-exponential_seed3,shaped,3,4a77b6e251,1251,177,99.65,94.756,0.08171600954808274,0.15,48,success,1,1,0,0,31,3,0,4,1,37,2.1346571978119124,34.96811752922043,0.0,0.0,0.99,8,exponential
q_learning,shaped_eps-exponential_seed3,shaped,3,4a77b6e251,1252,174,106.80000000000003,94.90749999999998,0.08155257752898658,0.15,51,success,1,1,0,0,24,3,0,4,1,37,1.8121263510664753,35.38804086917488,0.0,0.0,0.99,8,exponential
q_learning,shaped_eps-exponential_seed3,shaped,3,4a77b6e251,1253,174,107.80000000000001,95.01999999999997,0.0813894723739286,0.15,51,success,1,1,0,0,28,2,0,1,1,30,1.5315124159522,29.832169728921322,0.0,0.0,0.99,8,exponential
q_learning,shaped_eps-exponential_seed3,shaped,3,4a77b6e251,1254,174,93.79999999999997,95.06249999999996,0.08122669342918075,0.15,51,success,1,1,0,0,32,4,0,5,1,34,1.677154653412746,31.719840239689468,0.0,0.0,0.99,8,exponential
q_learning,shaped_eps-exponential_seed3,shaped,3,4a77b6e251,1255,176,107.70000000000002,95.09299999999998,0.08106424004232239,0.15,49,success,1,1,0,0,28,2,0,5,1,30,1.165394074655477,15.547961629207862,0.0,0.0,0.99,8,exponential
q_learning,shaped_eps-exponential_seed3,shaped,3,4a77b6e251,1256,197,105.64999999999999,95.15799999999997,0.08090211156223774,0.15,28,success,1,1,0,0,29,2,0,1,1,39,1.9439008334808405,42.46790962439981,0.0,0.0,0.99,8,exponential
q_learning,shaped_eps-exponential_seed3,shaped,3,4a77b6e251,1257,176,89.69999999999993,95.179,0.08074030733911326,0.15,49,success,1,1,0,0,36,4,0,6,1,33,1.8589949541318214,36.25687455270604,0.0,0.0,0.99,8,exponential
q_learning,shaped_eps-exponential_seed3,shaped,3,4a77b6e251,1258,175,98.75000000000001,95.23200000000001,0.08057882672443503,0.15,50,success,1,1,0,0,27,4,0,4,1,25,1.4743789941003482,22.745483616649715,0.0,0.0,0.99,8,exponential
q_learning,shaped_eps-exponential_seed3,shaped,3,4a77b6e251,1259,174,100.80000000000001,95.204,0.08041766907098616,0.15,51,success,1,1,0,0,30,3,0,4,1,33,2.209700699344943,39.54948694833994,0.0,0.0,0.99,8,exponential
q_learning,shaped_eps-exponential_seed3,shaped,3,4a77b6e251,1260,179,112.54999999999997,95.38599999999998,0.08025683373284419,0.15,46,success,1,1,0,0,23,2,0,5,1,30,1.28573440169812,14.732252461878353,0.0,0.0,0.99,8,exponential
q_learning,shaped_eps-exponential_seed3,shaped,3,4a77b6e251,1261,175,86.74999999999999,95.20899999999997,0.08009632006537849,0.15,50,success,1,1,0,0,39,4,0,3,1,35,2.170940138040373,43.149094788832514,0.0,0.0,0.99,8,exponential
q_learning,shaped_eps-exponential_seed3,shaped,3,4a77b6e251,1262,174,93.80000000000001,95.24249999999996,0.07993612742524774,0.15,51,success,1,1,0,0,42,2,0,5,1,47,1.5878999885248863,72.575125,0.0,0.0,0.99,8,exponential
q_learning,shaped_eps-exponential_seed3,shaped,3,4a77b6e251,1263,178,90.59999999999997,95.10399999999998,0.07977625517039724,0.15,47,success,1,1,0,0,40,3,0,4,1,42,2.0047263362278063,34.30046029845096,0.0,0.0,0.99,8,exponential
q_learning,shaped_eps-exponential_seed3,shaped,3,4a77b6e251,1264,172,109.89999999999996,95.20749999999998,0.07961670266005645,0.15,53,success,1,1,0,0,26,2,0,1,1,26,2.839830480426698,95.94111401520577,0.0,0.0,0.99,8,exponential
q_learning,shaped_eps-exponential_seed3,shaped,3,4a77b6e251,1265,176,92.69999999999999,95.27899999999998,0.07945746925473633,0.15,49,success,1,1,0,0,38,3,0,4,1,42,1.326236666191055,20.954565016931582,0.0,0.0,0.99,8,exponential
q_learning,shaped_eps-exponential_seed3,shaped,3,4a77b6e251,1266,178,88.59999999999997,95.22800000000001,0.07929855431622686,0.15,47,success,1,1,0,0,42,3,0,1,1,44,1.5137080826118667,19.458944131955022,0.0,0.0,0.99,8,exponential
q_learning,shaped_eps-exponential_seed3,shaped,3,4a77b6e251,1267,174,109.79999999999995,95.36049999999999,0.0791399572075944,0.15,51,success,1,1,0,0,26,2,0,4,1,28,1.6532429684679122,39.13558400253637,0.0,0.0,0.99,8,exponential
q_learning,shaped_eps-exponential_seed3,shaped,3,4a77b6e251,1268,175,101.75000000000001,95.363,0.0789816772931792,0.15,50,success,1,1,0,0,29,3,0,3,1,31,1.7434453370888527,44.763596680734686,0.0,0.0,0.99,8,exponential
q_learning,shaped_eps-exponential_seed3,shaped,3,4a77b6e251,1269,175,89.75,95.38599999999997,0.07882371393859285,0.15,50,success,1,1,0,0,41,3,0,1,1,48,1.8275911610645987,35.46977161206143,0.0,0.0,0.99,8,exponential
q_learning,shaped_eps-exponential_seed3,shaped,3,4a77b6e251,1270,174,76.79999999999994,95.12649999999998,0.07866606651071566,0.15,51,success,1,1,0,0,34,7,0,6,1,33,1.7919434099690954,38.845522888706476,0.0,0.0,0.99,8,exponential
q_learning,shaped_eps-exponential_seed3,shaped,3,4a77b6e251,1271,175,96.75000000000003,95.49149999999997,0.07850873437769422,0.15,50,success,1,1,0,0,39,2,0,5,1,37,1.3863599023803326,19.47842595214916,0.0,0.0,0.99,8,exponential
q_learning,shaped_eps-exponential_seed3,shaped,3,4a77b6e251,1272,179,95.55000000000001,95.56049999999998,0.07835171690893883,0.15,46,success,1,1,0,0,35,3,0,1,1,35,1.7964936411132024,33.45502923849473,0.0,0.0,0.99,8,exponential
q_learning,shaped_eps-exponential_seed3,shaped,3,4a77b6e251,1273,174,99.80000000000001,95.53199999999995,0.07819501347512095,0.15,51,success,1,1,0,0,36,2,0,3,1,40,1.3757017700268426,19.925644172644652,0.0,0.0,0.99,8,exponential
q_learning,shaped_eps-exponential_seed3,shaped,3,4a77b6e251,1274,175,110.74999999999997,95.62399999999998,0.07803862344817071,0.15,50,success,1,1,0,0,25,2,0,5,1,28,1.5030751437930394,19.891707800426715,0.0,0.0,0.99,8,exponential
q_learning,shaped_eps-exponential_seed3,shaped,3,4a77b6e251,1275,177,84.64999999999998,95.40599999999996,0.07788254620127437,0.15,48,success,1,1,0,0,41,4,0,3,1,40,1.5993653943809205,31.186321519647226,0.0,0.0,0.99,8,exponential
q_learning,shaped_eps-exponential_seed3,shaped,3,4a77b6e251,1276,172,100.90000000000002,95.43799999999997,0.07772678110887182,0.15,53,success,1,1,0,0,30,3,0,1,1,25,2.479649155971708,86.59009872626226,0.0,0.0,0.99,8,exponential
q_learning,shaped_eps-exponential_seed3,shaped,3,4a77b6e251,1277,178,103.60000000000001,95.53649999999998,0.07757132754665408,0.15,47,success,1,1,0,0,32,2,0,3,1,36,1.4516565886282957,23.047567100268292,0.0,0.0,0.99,8,exponential
q_learning,shaped_eps-exponential_seed3,shaped,3,4a77b6e251,1278,177,97.65,95.62599999999999,0.07741618489156077,0.15,48,success,1,1,0,0,33,3,0,3,1,31,1.7748647068093217,34.1092158754223,0.0,0.0,0.99,8,exponential
q_learning,shaped_eps-exponential_seed3,shaped,3,4a77b6e251,1279,166,83.19999999999993,95.45,0.07726135252177764,0.15,59,success,1,1,0,0,38,5,0,1,1,37,2.1795533003227563,86.59528766224665,0.0,0.0,0.99,8,exponential
q_learning,shaped_eps-exponential_seed3,shaped,3,4a77b6e251,1280,177,102.65,95.41949999999999,0.07710682981673408,0.15,48,success,1,1,0,0,33,2,0,3,1,36,1.713075461900985,41.41414958641022,0.0,0.0,0.99,8,exponential
q_learning,shaped_eps-exponential_seed3,shaped,3,4a77b6e251,1281,176,111.69999999999997,95.6635,0.07695261615710061,0.15,49,success,1,1,0,0,24,2,0,4,1,26,1.4871357524248494,25.538306486105427,0.0,0.0,0.99,8,exponential
q_learning,shaped_eps-exponential_seed3,shaped,3,4a77b6e251,1282,177,93.64999999999999,95.6425,0.0767987109247864,0.15,48,success,1,1,0,0,27,5,0,4,1,34,2.0302424412690487,40.68569195285676,0.0,0.0,0.99,8,exponential
q_learning,shaped_eps-exponential_seed3,shaped,3,4a77b6e251,1283,179,102.55000000000001,95.67299999999999,0.07664511350293683,0.15,46,success,1,1,0,0,33,2,0,6,1,32,1.5444344762789768,27.318108035114204,0.0,0.0,0.99,8,exponential
q_learning,shaped_eps-exponential_seed3,shaped,3,4a77b6e251,1284,184,75.29999999999993,95.70399999999998,0.07649182327593096,0.15,41,success,1,1,0,0,40,6,0,3,1,40,1.9942642374050157,26.680120756582703,0.0,0.0,0.99,8,exponential
q_learning,shaped_eps-exponential_seed3,shaped,3,4a77b6e251,1285,175,93.75000000000003,95.66499999999998,0.0763388396293791,0.15,50,success,1,1,0,0,37,3,0,4,1,37,2.6135208155329814,83.40846245505803,0.0,0.0,0.99,8,exponential
q_learning,shaped_eps-exponential_seed3,shaped,3,4a77b6e251,1286,176,86.6999999999999,95.56849999999999,0.07618616195012033,0.15,49,success,1,1,0,0,44,3,0,4,1,37,2.566719033812068,40.26213218877346,0.0,0.0,0.99,8,exponential
q_learning,shaped_eps-exponential_seed3,shaped,3,4a77b6e251,1287,178,107.60000000000002,95.6075,0.0760337896262201,0.15,47,success,1,1,0,0,28,2,0,5,1,29,1.3372393024529061,22.440838370346935,0.0,0.0,0.99,8,exponential
q_learning,shaped_eps-exponential_seed3,shaped,3,4a77b6e251,1288,176,107.70000000000002,95.70100000000001,0.07588172204696765,0.15,49,success,1,1,0,0,28,2,0,5,1,26,1.5152872848032501,29.789334929211215,0.0,0.0,0.99,8,exponential
q_learning,shaped_eps-exponential_seed3,shaped,3,4a77b6e251,1289,180,85.49999999999994,95.7885,0.07572995860287371,0.15,45,success,1,1,0,0,40,4,0,4,1,38,1.6582672929437652,31.979418585979793,0.0,0.0,0.99,8,exponential
q_learning,shaped_eps-exponential_seed3,shaped,3,4a77b6e251,1290,174,92.8,95.741,0.07557849868566796,0.15,51,success,1,1,0,0,38,3,0,3,1,37,1.904567867335453,38.50400564608552,0.0,0.0,0.99,8,exponential
q_learning,shaped_eps-exponential_seed3,shaped,3,4a77b6e251,1291,170,105.0,95.86449999999999,0.07542734168829662,0.15,55,success,1,1,0,0,26,3,0,1,1,26,2.2905686352979004,69.40053503447578,0.0,0.0,0.99,8,exponential
q_learning,shaped_eps-exponential_seed3,shaped,3,4a77b6e251,1292,179,82.54999999999995,95.58349999999999,0.07527648700492003,0.15,46,success,1,1,0,0,33,6,0,2,1,40,1.6961580279703912,29.600946953588533,0.0,0.0,0.99,8,exponential
q_learning,shaped_eps-exponential_seed3,shaped,3,4a77b6e251,1293,180,96.50000000000001,95.56199999999997,0.07512593403091018,0.15,45,success,1,1,0,0,34,3,0,5,1,34,1.4145879590683146,16.04370327706439,0.0,0.0,0.99,8,exponential
q_learning,shaped_eps-exponential_seed3,shaped,3,4a77b6e251,1294,178,95.60000000000002,95.45199999999998,0.07497568216284836,0.15,47,success,1,1,0,0,30,4,0,3,1,31,2.06694990892814,55.07676311696297,0.0,0.0,0.99,8,exponential
q_learning,shaped_eps-exponential_seed3,shaped,3,4a77b6e251,1295,177,82.64999999999992,95.47099999999999,0.07482573079852267,0.15,48,success,1,1,0,0,33,6,0,4,1,38,1.723363212610109,35.77485148078625,0.0,0.0,0.99,8,exponential
q_learning,shaped_eps-exponential_seed3,shaped,3,4a77b6e251,1296,171,99.95000000000002,95.527,0.07467607933692563,0.15,54,success,1,1,0,0,31,3,0,2,1,36,2.042433594965778,83.88035296394123,0.0,0.0,0.99,8,exponential
q_learning,shaped_eps-exponential_seed3,shaped,3,4a77b6e251,1297,178,80.59999999999991,95.37550000000002,0.07452672717825178,0.15,47,success,1,1,0,0,40,5,0,2,1,44,2.5128799837357305,37.2390861158332,0.0,0.0,0.99,8,exponential
q_learning,shaped_eps-exponential_seed3,shaped,3,4a77b6e251,1298,174,106.80000000000001,95.5555,0.07437767372389527,0.15,51,success,1,1,0,0,24,3,0,5,1,25,2.141198143231643,49.19290985462523,0.0,0.0,0.99,8,exponential
q_learning,shaped_eps-exponential_seed3,shaped,3,4a77b6e251,1299,174,70.79999999999995,95.249,0.07422891837644748,0.15,51,success,1,1,0,0,40,7,0,5,1,38,2.447942783705536,55.29810336221065,0.0,0.0,0.99,8,exponential
q_learning,shaped_eps-exponential_seed3,shaped,3,4a77b6e251,1300,174,86.79999999999991,95.23099999999997,0.07408046053969458,0.15,51,success,1,1,0,0,34,5,0,3,1,38,2.4047407398032634,76.52411661497912,0.0,0.0,0.99,8,exponential
q_learning,shaped_eps-exponential_seed3,shaped,3,4a77b6e251,1301,175,110.75,95.28149999999998,0.0739322996186152,0.15,50,success,1,1,0,0,25,2,0,6,1,25,1.3983207949016976,21.791854223604695,0.0,0.0,0.99,8,exponential
q_learning,shaped_eps-exponential_seed3,shaped,3,4a77b6e251,1302,179,101.55000000000001,95.28949999999998,0.07378443501937797,0.15,46,success,1,1,0,0,29,3,0,5,1,32,1.252427055668783,9.126262486035344,0.0,0.0,0.99,8,exponential
q_learning,shaped_eps-exponential_seed3,shaped,3,4a77b6e251,1303,177,99.65000000000002,95.24849999999996,0.07363686614933922,0.15,48,success,1,1,0,0,31,3,0,2,1,36,2.4476469591135204,80.09636536590669,0.0,0.0,0.99,8,exponential
q_learning,shaped_eps-exponential_seed3,shaped,3,4a77b6e251,1304,174,93.79999999999998,95.19999999999996,0.07348959241704053,0.15,51,success,1,1,0,0,32,4,0,4,1,35,1.999960958869605,31.010135575807453,0.0,0.0,0.99,8,exponential
q_learning,shaped_eps-exponential_seed3,shaped,3,4a77b6e251,1305,180,101.50000000000003,95.26849999999996,0.07334261323220645,0.15,45,success,1,1,0,0,34,2,0,5,1,34,1.7698112136326338,38.732936926343235,0.0,0.0,0.99,8,exponential
q_learning,shaped_eps-exponential_seed3,shaped,3,4a77b6e251,1306,176,94.70000000000002,95.33799999999998,0.07319592800574204,0.15,49,success,1,1,0,0,36,3,0,5,1,36,1.6460550757612447,39.12872542756514,0.0,0.0,0.99,8,exponential
q_learning,shaped_eps-exponential_seed3,shaped,3,4a77b6e251,1307,172,93.89999999999996,95.26099999999998,0.07304953614973056,0.15,53,success,1,1,0,0,32,4,0,2,1,33,2.527442902098862,76.061501597112,0.0,0.0,0.99,8,exponential
q_learning,shaped_eps-exponential_seed3,shaped,3,4a77b6e251,1308,177,84.6499999999999,95.09049999999999,0.0729034370774311,0.15,48,success,1,1,0,0,41,4,0,3,1,50,2.0501831743440255,30.800068207916762,0.0,0.0,0.99,8,exponential
q_learning,shaped_eps-exponential_seed3,shaped,3,4a77b6e251,1309,172,111.89999999999999,95.27249999999998,0.07275763020327625,0.15,53,success,1,1,0,0,24,2,0,4,1,24,1.968846238085537,65.6086663564421,0.0,0.0,0.99,8,exponential
q_learning,shaped_eps-exponential_seed3,shaped,3,4a77b6e251,1310,182,97.4,95.36999999999996,0.07261211494286969,0.15,43,success,1,1,0,0,38,2,0,4,1,39,1.9357450658440312,55.95955134751108,0.0,0.0,0.99,8,exponential
q_learning,shaped_eps-exponential_seed3,shaped,3,4a77b6e251,1311,175,96.74999999999999,95.43049999999998,0.07246689071298396,0.15,50,success,1,1,0,0,39,2,0,2,1,39,1.8469239717961574,53.95758796556616,0.0,0.0,0.99,8,exponential
q_learning,shaped_eps-exponential_seed3,shaped,3,4a77b6e251,1312,175,93.74999999999999,95.30549999999998,0.07232195693155799,0.15,50,success,1,1,0,0,37,3,0,5,1,37,2.0308625096024095,32.665952770160885,0.0,0.0,0.99,8,exponential
q_learning,shaped_eps-exponential_seed3,shaped,3,4a77b6e251,1313,183,88.35,95.37199999999997,0.07217731301769488,0.15,42,success,1,1,0,0,47,2,0,1,1,43,2.150167538593924,81.49597394993658,0.0,0.0,0.99,8,exponential
q_learning,shaped_eps-exponential_seed3,shaped,3,4a77b6e251,1314,177,99.65,95.36199999999997,0.07203295839165949,0.15,48,success,1,1,0,0,31,3,0,2,1,39,1.6737743814962118,19.33738196005656,0.0,0.0,0.99,8,exponential
q_learning,shaped_eps-exponential_seed3,shaped,3,4a77b6e251,1315,179,96.55000000000001,95.56149999999998,0.07188889247487618,0.15,46,success,1,1,0,0,39,2,0,3,1,34,2.340157890144533,37.58049550253939,0.0,0.0,0.99,8,exponential
q_learning,shaped_eps-exponential_seed3,shaped,3,4a77b6e251,1316,188,90.1,95.54999999999998,0.07174511468992642,0.15,37,success,1,1,0,0,40,3,0,3,1,46,2.0105517674772675,39.23194989095303,0.0,0.0,0.99,8,exponential
q_learning,shaped_eps-exponential_seed3,shaped,3,4a77b6e251,1317,175,99.75000000000001,95.60099999999998,0.07160162446054656,0.15,50,success,1,1,0,0,31,3,0,5,1,32,1.5757437588294625,28.193283456085098,0.0,0.0,0.99,8,exponential
q_learning,shaped_eps-exponential_seed3,shaped,3,4a77b6e251,1318,178,109.6,95.67149999999998,0.07145842121162548,0.15,47,success,1,1,0,0,26,2,0,3,1,32,1.396424598001149,24.827962450624106,0.0,0.0,0.99,8,exponential
q_learning,shaped_eps-exponential_seed3,shaped,3,4a77b6e251,1319,178,90.59999999999994,95.95249999999999,0.07131550436920223,0.15,47,success,1,1,0,0,40,3,0,5,1,41,1.6732313559409366,36.69269653310582,0.0,0.0,0.99,8,exponential
q_learning,shaped_eps-exponential_seed3,shaped,3,4a77b6e251,1320,178,109.6,95.97050000000002,0.07117287336046382,0.15,47,success,1,1,0,0,26,2,0,5,1,36,1.348993880162238,21.81770170234909,0.0,0.0,0.99,8,exponential
q_learning,shaped_eps-exponential_seed3,shaped,3,4a77b6e251,1321,175,116.74999999999994,96.26299999999999,0.0710305276137429,0.15,50,success,1,1,0,0,19,2,0,6,1,25,1.6103972147696826,45.29958555405868,0.0,0.0,0.99,8,exponential
q_learning,shaped_eps-exponential_seed3,shaped,3,4a77b6e251,1322,175,98.75000000000001,96.21549999999999,0.07088846655851541,0.15,50,success,1,1,0,0,37,2,0,7,1,40,1.3544154091527159,42.580113066793444,0.0,0.0,0.99,8,exponential
q_learning,shaped_eps-exponential_seed3,shaped,3,4a77b6e251,1323,177,96.65,96.21399999999998,0.07074668962539839,0.15,48,success,1,1,0,0,39,2,0,5,1,40,1.4077178267201673,28.216871695265247,0.0,0.0,0.99,8,exponential
q_learning,shaped_eps-exponential_seed3,shaped,3,4a77b6e251,1324,176,107.70000000000003,96.36449999999999,0.0706051962461476,0.15,49,success,1,1,0,0,28,2,0,7,1,29,1.297894626732167,26.0088529736376,0.0,0.0,0.99,8,exponential
q_learning,shaped_eps-exponential_seed3,shaped,3,4a77b6e251,1325,181,77.44999999999995,96.14549999999997,0.0704639858536553,0.15,44,success,1,1,0,0,33,7,0,2,1,32,2.2487348380631387,41.97138685709184,0.0,0.0,0.99,8,exponential
q_learning,shaped_eps-exponential_seed3,shaped,3,4a77b6e251,1326,179,108.55000000000001,96.40299999999998,0.070323057881948,0.15,46,success,1,1,0,0,27,2,0,6,1,30,1.446976486111607,34.75157981580871,0.0,0.0,0.99,8,exponential
q_learning,shaped_eps-exponential_seed3,shaped,3,4a77b6e251,1327,177,71.64999999999996,96.184,0.0701824117661841,0.15,48,success,1,1,0,0,39,7,0,3,1,45,2.265619684148102,42.910317558232606,0.0,0.0,0.99,8,exponential
q_learning,shaped_eps-exponential_seed3,shaped,3,4a77b6e251,1328,179,97.55000000000001,96.05299999999997,0.07004204694265173,0.15,46,success,1,1,0,0,33,3,0,6,1,35,1.472094688349408,29.893271260951014,0.0,0.0,0.99,8,exponential
q_learning,shaped_eps-exponential_seed3,shaped,3,4a77b6e251,1329,175,104.75000000000003,96.08549999999997,0.06990196284876643,0.15,50,success,1,1,0,0,31,2,0,7,1,28,2.2124371145001125,79.82494283306549,0.0,0.0,0.99,8,exponential
q_learning,shaped_eps-exponential_seed3,shaped,3,4a77b6e251,1330,181,94.45000000000002,96.29499999999999,0.0697621589230689,0.15,44,success,1,1,0,0,41,2,0,4,1,41,1.9324122602378984,31.353557027741303,0.0,0.0,0.99,8,exponential
q_learning,shaped_eps-exponential_seed3,shaped,3,4a77b6e251,1331,175,94.74999999999999,96.24549999999999,0.06962263460522276,0.15,50,success,1,1,0,0,31,4,0,6,1,36,1.6320273884773309,59.11725644344343,0.0,0.0,0.99,8,exponential
q_learning,shaped_eps-exponential_seed3,shaped,3,4a77b6e251,1332,180,84.49999999999991,96.1625,0.06948338933601232,0.15,45,success,1,1,0,0,46,3,0,3,1,46,1.7135543222945828,36.63369124586485,0.0,0.0,0.99,8,exponential
q_learning,shaped_eps-exponential_seed3,shaped,3,4a77b6e251,1333,174,104.8,96.35849999999999,0.0693444225573403,0.15,51,success,1,1,0,0,26,3,0,3,1,32,1.8960427145385823,43.538142607401845,0.0,0.0,0.99,8,exponential
q_learning,shaped_eps-exponential_seed3,shaped,3,4a77b6e251,1334,175,89.74999999999993,96.38799999999999,0.06920573371222562,0.15,50,success,1,1,0,0,41,3,0,6,1,41,1.5395964083255422,22.198388840980112,0.0,0.0,0.99,8,exponential
q_learning,shaped_eps-exponential_seed3,shaped,3,4a77b6e251,1335,178,111.59999999999994,96.57799999999997,0.06906732224480117,0.15,47,success,1,1,0,0,24,2,0,4,1,24,1.6713795260481223,35.495930946875085,0.0,0.0,0.99,8,exponential
q_learning,shaped_eps-exponential_seed3,shaped,3,4a77b6e251,1336,178,85.59999999999994,96.3265,0.06892918760031157,0.15,47,success,1,1,0,0,40,4,0,4,1,39,1.6832412944660982,34.854562595496475,0.0,0.0,0.99,8,exponential
q_learning,shaped_eps-exponential_seed3,shaped,3,4a77b6e251,1337,177,92.64999999999996,96.594,0.06879132922511094,0.15,48,success,1,1,0,0,43,2,0,5,1,38,2.2520645129749877,34.99306093362847,0.0,0.0,0.99,8,exponential
q_learning,shaped_eps-exponential_seed3,shaped,3,4a77b6e251,1338,176,96.70000000000002,96.6475,0.06865374656666072,0.15,49,success,1,1,0,0,34,3,0,4,1,39,1.3873072545185363,39.12546854700553,0.0,0.0,0.99,8,exponential
q_learning,shaped_eps-exponential_seed3,shaped,3,4a77b6e251,1339,178,102.60000000000001,96.74600000000001,0.0685164390735274,0.15,47,success,1,1,0,0,28,3,0,3,1,35,2.2726940324786375,31.913361582611586,0.0,0.0,0.99,8,exponential
q_learning,shaped_eps-exponential_seed3,shaped,3,4a77b6e251,1340,170,88.99999999999996,96.7385,0.06837940619538035,0.15,55,success,1,1,0,0,42,3,0,2,1,34,2.1034726791321106,58.79608175002161,0.0,0.0,0.99,8,exponential
q_learning,shaped_eps-exponential_seed3,shaped,3,4a77b6e251,1341,174,109.79999999999997,96.90899999999999,0.06824264738298959,0.15,51,success,1,1,0,0,26,2,0,1,1,30,2.4016802936486403,64.3594767118467,0.0,0.0,0.99,8,exponential
q_learning,shaped_eps-exponential_seed3,shaped,3,4a77b6e251,1342,178,67.60000000000011,96.71849999999999,0.0681061620882236,0.15,47,success,1,1,0,0,38,8,0,1,1,41,2.36517480552652,40.584207633354175,0.0,0.0,0.99,8,exponential
q_learning,shaped_eps-exponential_seed3,shaped,3,4a77b6e251,1343,183,105.35000000000001,96.79749999999999,0.06796994976404716,0.15,42,success,1,1,0,0,25,3,0,1,1,34,2.692837369526227,53.874918751099685,0.0,0.0,0.99,8,exponential
q_learning,shaped_eps-exponential_seed3,shaped,3,4a77b6e251,1344,178,99.60000000000002,96.81749999999998,0.06783400986451907,0.15,47,success,1,1,0,0,36,2,0,2,1,37,1.787363424738643,25.283055118157307,0.0,0.0,0.99,8,exponential
q_learning,shaped_eps-exponential_seed3,shaped,3,4a77b6e251,1345,174,92.80000000000001,96.76749999999998,0.06769834184479002,0.15,51,success,1,1,0,0,28,5,0,4,1,31,2.0909908148531127,31.67977216768726,0.0,0.0,0.99,8,exponential
q_learning,shaped_eps-exponential_seed3,shaped,3,4a77b6e251,1346,176,93.7,96.737,0.06756294516110044,0.15,49,success,1,1,0,0,32,4,0,4,1,42,1.84617412471991,35.150034738961104,0.0,0.0,0.99,8,exponential
q_learning,shaped_eps-exponential_seed3,shaped,3,4a77b6e251,1347,176,79.69999999999995,96.5485,0.06742781927077823,0.15,49,success,1,1,0,0,36,6,0,2,1,37,2.8406006639397208,68.36706862029467,0.0,0.0,0.99,8,exponential
q_learning,shaped_eps-exponential_seed3,shaped,3,4a77b6e251,1348,180,70.50000000000004,96.21649999999998,0.06729296363223668,0.15,45,success,1,1,0,0,40,7,0,6,1,41,1.7537512258141488,35.789559383845095,0.0,0.0,0.99,8,exponential
q_learning,shaped_eps-exponential_seed3,shaped,3,4a77b6e251,1349,177,89.64999999999995,96.0265,0.0671583777049722,0.15,48,success,1,1,0,0,41,3,0,2,1,44,1.8885471223053543,27.891611492119722,0.0,0.0,0.99,8,exponential
q_learning,shaped_eps-exponential_seed3,shaped,3,4a77b6e251,1350,175,99.75000000000001,96.02799999999998,0.06702406094956226,0.15,50,success,1,1,0,0,31,3,0,5,1,31,1.9242400341117296,54.23770953558656,0.0,0.0,0.99,8,exponential
q_learning,shaped_eps-exponential_seed3,shaped,3,4a77b6e251,1351,175,94.75000000000001,95.979,0.06689001282766313,0.15,50,success,1,1,0,0,31,4,0,2,1,37,2.0105765927893464,57.23519032483295,0.0,0.0,0.99,8,exponential
q_learning,shaped_eps-exponential_seed3,shaped,3,4a77b6e251,1352,176,106.70000000000002,95.978,0.0667562328020078,0.15,49,success,1,1,0,0,24,3,0,7,1,36,1.236803136328072,14.079933782548864,0.0,0.0,0.99,8,exponential
q_learning,shaped_eps-exponential_seed3,shaped,3,4a77b6e251,1353,181,102.45,95.92450000000001,0.06662272033640379,0.15,44,success,1,1,0,0,33,2,0,5,1,39,1.8610989758161995,26.30697701816962,0.0,0.0,0.99,8,exponential
q_learning,shaped_eps-exponential_seed3,shaped,3,4a77b6e251,1354,176,105.70000000000002,96.04350000000002,0.06648947489573098,0.15,49,success,1,1,0,0,30,2,0,6,1,30,2.1229034420201938,44.056187894597215,0.0,0.0,0.99,8,exponential
q_learning,shaped_eps-exponential_seed3,shaped,3,4a77b6e251,1355,181,93.45000000000002,95.90100000000002,0.06635649594593952,0.15,44,success,1,1,0,0,37,3,0,4,1,39,2.45687989435217,34.71830420492995,0.0,0.0,0.99,8,exponential
q_learning,shaped_eps-exponential_seed3,shaped,3,4a77b6e251,1356,185,92.24999999999999,95.76700000000001,0.06622378295404764,0.15,40,success,1,1,0,0,33,4,0,4,1,39,1.609144040888116,24.62015508138515,0.0,0.0,0.99,8,exponential
q_learning,shaped_eps-exponential_seed3,shaped,3,4a77b6e251,1357,174,92.79999999999994,95.79799999999999,0.06609133538813955,0.15,51,success,1,1,0,0,38,3,0,6,1,42,1.7124970441552565,27.166456881322958,0.0,0.0,0.99,8,exponential
q_learning,shaped_eps-exponential_seed3,shaped,3,4a77b6e251,1358,179,96.55000000000003,95.77599999999998,0.06595915271736327,0.15,46,success,1,1,0,0,39,2,0,2,1,43,2.299839770079887,36.46554734391778,0.0,0.0,0.99,8,exponential
q_learning,shaped_eps-exponential_seed3,shaped,3,4a77b6e251,1359,188,109.09999999999997,95.85899999999998,0.06582723441192855,0.15,37,success,1,1,0,0,26,2,0,6,1,31,1.895455506124948,58.18167221487603,0.0,0.0,0.99,8,exponential
q_learning,shaped_eps-exponential_seed3,shaped,3,4a77b6e251,1360,192,96.9,95.70249999999999,0.06569557994310468,0.15,33,success,1,1,0,0,38,2,0,6,1,46,1.351111055003858,22.718511673318332,0.0,0.0,0.99,8,exponential
q_learning,shaped_eps-exponential_seed3,shaped,3,4a77b6e251,1361,184,100.30000000000001,95.83799999999995,0.06556418878321847,0.15,41,success,1,1,0,0,30,3,0,4,1,37,1.351811936836984,18.187107224767942,0.0,0.0,0.99,8,exponential
q_learning,shaped_eps-exponential_seed3,shaped,3,4a77b6e251,1362,176,105.70000000000002,95.95700000000001,0.06543306040565204,0.15,49,success,1,1,0,0,30,2,0,7,1,33,1.8182233125828666,34.251800684984374,0.0,0.0,0.99,8,exponential
q_learning,shaped_eps-exponential_seed3,shaped,3,4a77b6e251,1363,175,99.75,96.04849999999996,0.06530219428484074,0.15,50,success,1,1,0,0,31,3,0,3,1,32,1.5152162353389218,21.130059195412436,0.0,0.0,0.99,8,exponential
q_learning,shaped_eps-exponential_seed3,shaped,3,4a77b6e251,1364,175,112.74999999999999,96.07700000000001,0.06517158989627106,0.15,50,success,1,1,0,0,23,2,0,6,1,29,1.1761861634326352,17.95146099125847,0.0,0.0,0.99,8,exponential
q_learning,shaped_eps-exponential_seed3,shaped,3,4a77b6e251,1365,175,95.75000000000001,96.1075,0.06504124671647851,0.15,50,success,1,1,0,0,35,3,0,5,1,33,1.6294613075681124,33.14018206620429,0.0,0.0,0.99,8,exponential
q_learning,shaped_eps-exponential_seed3,shaped,3,4a77b6e251,1366,178,86.59999999999997,96.0875,0.06491116422304556,0.15,47,success,1,1,0,0,44,3,0,1,1,44,1.750031750633248,24.20939408050765,0.0,0.0,0.99,8,exponential
q_learning,shaped_eps-exponential_seed3,shaped,3,4a77b6e251,1367,177,93.65,95.92599999999999,0.06478134189459947,0.15,48,success,1,1,0,0,37,3,0,1,1,42,2.118596211383168,46.16654546767729,0.0,0.0,0.99,8,exponential
q_learning,shaped_eps-exponential_seed3,shaped,3,4a77b6e251,1368,178,107.60000000000002,95.98449999999998,0.06465177921081026,0.15,47,success,1,1,0,0,28,2,0,3,1,33,1.4528382600420964,30.638903006979547,0.0,0.0,0.99,8,exponential
q_learning,shaped_eps-exponential_seed3,shaped,3,4a77b6e251,1369,180,88.49999999999997,95.972,0.06452247565238864,0.15,45,success,1,1,0,0,32,5,0,5,1,41,1.6769070480173023,31.932498744995463,0.0,0.0,0.99,8,exponential
q_learning,shaped_eps-exponential_seed3,shaped,3,4a77b6e251,1370,175,98.75000000000001,96.19149999999999,0.06439343070108386,0.15,50,success,1,1,0,0,27,4,0,5,1,32,1.8900887745022656,31.227476278313777,0.0,0.0,0.99,8,exponential
q_learning,shaped_eps-exponential_seed3,shaped,3,4a77b6e251,1371,176,95.70000000000002,96.181,0.0642646438396817,0.15,49,success,1,1,0,0,40,2,0,5,1,44,1.398335375861089,19.349933410230808,0.0,0.0,0.99,8,exponential
q_learning,shaped_eps-exponential_seed3,shaped,3,4a77b6e251,1372,177,90.65,96.13199999999999,0.06413611455200233,0.15,48,success,1,1,0,0,45,2,0,2,1,41,1.5261196594398951,26.130465078092904,0.0,0.0,0.99,8,exponential
q_learning,shaped_eps-exponential_seed3,shaped,3,4a77b6e251,1373,178,96.60000000000001,96.1,0.06400784232289833,0.15,47,success,1,1,0,0,34,3,0,5,1,34,2.0643878819315167,91.31641245263157,0.0,0.0,0.99,8,exponential
q_learning,shaped_eps-exponential_seed3,shaped,3,4a77b6e251,1374,175,102.75000000000001,96.02,0.06387982663825253,0.15,50,success,1,1,0,0,33,2,0,7,1,36,1.8824236031828527,38.71828990756545,0.0,0.0,0.99,8,exponential
q_learning,shaped_eps-exponential_seed3,shaped,3,4a77b6e251,1375,175,103.74999999999997,96.21099999999998,0.06375206698497603,0.15,50,success,1,1,0,0,27,3,0,3,1,28,1.7220400111428633,28.86206332099224,0.0,0.0,0.99,8,exponential
q_learning,shaped_eps-exponential_seed3,shaped,3,4a77b6e251,1376,180,109.49999999999999,96.29699999999998,0.06362456285100608,0.15,45,success,1,1,0,0,26,2,0,6,1,28,1.5740457943660993,32.86882352530078,0.0,0.0,0.99,8,exponential
q_learning,shaped_eps-exponential_seed3,shaped,3,4a77b6e251,1377,176,76.69999999999999,96.02799999999999,0.06349731372530407,0.15,49,success,1,1,0,0,34,7,0,2,1,38,1.9731832270100058,68.5537257532011,0.0,0.0,0.99,8,exponential
q_learning,shaped_eps-exponential_seed3,shaped,3,4a77b6e251,1378,174,103.80000000000001,96.08949999999999,0.06337031909785346,0.15,51,success,1,1,0,0,32,2,0,5,1,33,1.8444637412862448,31.495741436859635,0.0,0.0,0.99,8,exponential
q_learning,shaped_eps-exponential_seed3,shaped,3,4a77b6e251,1379,178,103.60000000000002,96.29350000000001,0.06324357845965775,0.15,47,success,1,1,0,0,32,2,0,2,1,32,1.4745561338969355,33.3844364523501,0.0,0.0,0.99,8,exponential
q_learning,shaped_eps-exponential_seed3,shaped,3,4a77b6e251,1380,175,91.74999999999994,96.18449999999999,0.06311709130273843,0.15,50,success,1,1,0,0,39,3,0,7,1,44,2.136772685655863,34.328405241033224,0.0,0.0,0.99,8,exponential
q_learning,shaped_eps-exponential_seed3,shaped,3,4a77b6e251,1381,181,93.45000000000002,96.00200000000001,0.06299085712013296,0.15,44,success,1,1,0,0,37,3,0,5,1,42,2.0331341496180255,63.224412599796715,0.0,0.0,0.99,8,exponential
q_learning,shaped_eps-exponential_seed3,shaped,3,4a77b6e251,1382,174,109.8,96.1635,0.0628648754058927,0.15,51,success,1,1,0,0,26,2,0,4,1,26,1.394711282091667,24.733213924783435,0.0,0.0,0.99,8,exponential
q_learning,shaped_eps-exponential_seed3,shaped,3,4a77b6e251,1383,176,103.7,96.175,0.06273914565508092,0.15,49,success,1,1,0,0,32,2,0,4,1,35,1.5121395179744928,29.006088817728624,0.0,0.0,0.99,8,exponential
q_learning,shaped_eps-exponential_seed3,shaped,3,4a77b6e251,1384,174,89.79999999999995,96.32,0.06261366736377075,0.15,51,success,1,1,0,0,36,4,0,3,1,39,1.478572404197036,24.986744870459837,0.0,0.0,0.99,8,exponential
q_learning,shaped_eps-exponential_seed3,shaped,3,4a77b6e251,1385,177,98.65000000000002,96.369,0.062488440029043205,0.15,48,success,1,1,0,0,37,2,0,6,1,33,1.7249955216223891,39.80436711212934,0.0,0.0,0.99,8,exponential
q_learning,shaped_eps-exponential_seed3,shaped,3,4a77b6e251,1386,179,99.55000000000001,96.49749999999999,0.06236346314898512,0.15,46,success,1,1,0,0,31,3,0,3,1,31,1.6568793019032106,23.38320610246358,0.0,0.0,0.99,8,exponential
q_learning,shaped_eps-exponential_seed3,shaped,3,4a77b6e251,1387,179,84.54999999999994,96.26699999999995,0.06223873622268715,0.15,46,success,1,1,0,0,41,4,0,6,1,41,1.4517406738111533,19.030959281185503,0.0,0.0,0.99,8,exponential
q_learning,shaped_eps-exponential_seed3,shaped,3,4a77b6e251,1388,175,104.75000000000001,96.23749999999998,0.06211425875024178,0.15,50,success,1,1,0,0,31,2,0,5,1,32,1.639363875613449,28.58836184021546,0.0,0.0,0.99,8,exponential
q_learning,shaped_eps-exponential_seed3,shaped,3,4a77b6e251,1389,175,99.75000000000001,96.37999999999997,0.06199003023274129,0.15,50,success,1,1,0,0,31,3,0,2,1,33,2.0208904667629946,28.24960823768211,0.0,0.0,0.99,8,exponential
q_learning,shaped_eps-exponential_seed3,shaped,3,4a77b6e251,1390,174,109.80000000000001,96.54999999999997,0.06186605017227581,0.15,51,success,1,1,0,0,26,2,0,6,1,31,1.493974518958629,34.27703953063636,0.0,0.0,0.99,8,exponential
q_learning,shaped_eps-exponential_seed3,shaped,3,4a77b6e251,1391,176,102.7,96.527,0.06174231807193126,0.15,49,success,1,1,0,0,28,3,0,5,1,32,1.5804420566036377,29.860361892885372,0.0,0.0,0.99,8,exponential
q_learning,shaped_eps-exponential_seed3,shaped,3,4a77b6e251,1392,176,91.69999999999993,96.61849999999998,0.0616188334357874,0.15,49,success,1,1,0,0,34,4,0,5,1,38,1.5419142350533444,34.775019425088,0.0,0.0,0.99,8,exponential
q_learning,shaped_eps-exponential_seed3,shaped,3,4a77b6e251,1393,183,106.34999999999998,96.71699999999998,0.06149559576891582,0.15,42,success,1,1,0,0,29,2,0,8,1,36,1.6501095260050824,35.371561680475324,0.0,0.0,0.99,8,exponential
q_learning,shaped_eps-exponential_seed3,shaped,3,4a77b6e251,1394,178,94.60000000000001,96.70700000000001,0.06137260457737799,0.15,47,success,1,1,0,0,36,3,0,4,1,40,1.9549105287152857,46.84254412035968,0.0,0.0,0.99,8,exponential
q_learning,shaped_eps-exponential_seed3,shaped,3,4a77b6e251,1395,177,104.65,96.927,0.06124985936822323,0.15,48,success,1,1,0,0,31,2,0,1,1,38,1.4800201673426128,23.472004706453404,0.0,0.0,0.99,8,exponential
q_learning,shaped_eps-exponential_seed3,shaped,3,4a77b6e251,1396,174,101.80000000000001,96.94549999999998,0.06112735964948679,0.15,51,success,1,1,0,0,34,2,0,3,1,35,1.5474820047272588,30.90521935529654,0.0,0.0,0.99,8,exponential
q_learning,shaped_eps-exponential_seed3,shaped,3,4a77b6e251,1397,175,99.75000000000001,97.13699999999997,0.06100510493018781,0.15,50,success,1,1,0,0,31,3,0,4,1,36,1.517771946972331,29.960781856424347,0.0,0.0,0.99,8,exponential
q_learning,shaped_eps-exponential_seed3,shaped,3,4a77b6e251,1398,184,99.30000000000001,97.06199999999997,0.060883094720327435,0.15,41,success,1,1,0,0,36,2,0,5,1,38,1.6695513652403273,56.489490003569784,0.0,0.0,0.99,8,exponential
q_learning,shaped_eps-exponential_seed3,shaped,3,4a77b6e251,1399,185,93.25000000000001,97.28649999999998,0.06076132853088678,0.15,40,success,1,1,0,0,37,3,0,3,1,40,1.909955286159379,44.08739524104885,0.0,0.0,0.99,8,exponential
q_learning,shaped_eps-exponential_seed3,shaped,3,4a77b6e251,1400,181,110.44999999999996,97.523,0.06063980587382501,0.15,44,success,1,1,0,0,25,2,0,6,1,30,1.2576796650483582,26.61423341714129,0.0,0.0,0.99,8,exponential
q_learning,shaped_eps-exponential_seed3,shaped,3,4a77b6e251,1401,176,101.7,97.4325,0.06051852626207736,0.15,49,success,1,1,0,0,34,2,0,6,1,38,1.1483663371800936,13.560902005979635,0.0,0.0,0.99,8,exponential
q_learning,shaped_eps-exponential_seed3,shaped,3,4a77b6e251,1402,175,101.75,97.43450000000001,0.06039748920955321,0.15,50,success,1,1,0,0,29,3,0,6,1,33,1.3291365059633675,18.76015612514666,0.0,0.0,0.99,8,exponential
q_learning,shaped_eps-exponential_seed3,shaped,3,4a77b6e251,1403,177,108.64999999999998,97.5245,0.060276694231134104,0.15,48,success,1,1,0,0,27,2,0,4,1,31,1.3642485094430237,22.499209901329607,0.0,0.0,0.99,8,exponential
q_learning,shaped_eps-exponential_seed3,shaped,3,4a77b6e251,1404,180,93.5,97.5215,0.06015614084267183,0.15,45,success,1,1,0,0,32,4,0,4,1,36,1.9357178535665052,35.331256285245274,0.0,0.0,0.99,8,exponential
q_learning,shaped_eps-exponential_seed3,shaped,3,4a77b6e251,1405,179,101.55000000000001,97.52199999999999,0.060035828560986486,0.15,46,success,1,1,0,0,29,3,0,7,1,27,1.7234278549675328,74.46362317787079,0.0,0.0,0.99,8,exponential
q_learning,shaped_eps-exponential_seed3,shaped,3,4a77b6e251,1406,175,86.74999999999996,97.44249999999998,0.05991575690386451,0.15,50,success,1,1,0,0,39,4,0,4,1,41,1.4643899989130191,24.080503210276845,0.0,0.0,0.99,8,exponential
q_learning,shaped_eps-exponential_seed3,shaped,3,4a77b6e251,1407,175,96.75000000000001,97.47099999999999,0.059795925390056785,0.15,50,success,1,1,0,0,29,4,0,3,1,31,1.7418319928364174,37.77116342561429,0.0,0.0,0.99,8,exponential
q_learning,shaped_eps-exponential_seed3,shaped,3,4a77b6e251,1408,182,101.40000000000002,97.63849999999998,0.05967633353927667,0.15,43,success,1,1,0,0,34,2,0,4,1,43,1.5707622415820561,22.4986305259826,0.0,0.0,0.99,8,exponential
q_learning,shaped_eps-exponential_seed3,shaped,3,4a77b6e251,1409,174,97.8,97.49749999999999,0.059556980872198115,0.15,51,success,1,1,0,0,38,2,0,3,1,40,1.6486112687339967,39.7949305434753,0.0,0.0,0.99,8,exponential
q_learning,shaped_eps-exponential_seed3,shaped,3,4a77b6e251,1410,176,105.70000000000002,97.58049999999997,0.05943786691045372,0.15,49,success,1,1,0,0,30,2,0,3,1,30,1.8809214868534843,32.968052201126255,0.0,0.0,0.99,8,exponential
q_learning,shaped_eps-exponential_seed3,shaped,3,4a77b6e251,1411,179,93.55000000000001,97.54849999999996,0.059318991176632814,0.15,46,success,1,1,0,0,37,3,0,3,1,39,2.080728639669419,75.33371740720332,0.0,0.0,0.99,8,exponential
q_learning,shaped_eps-exponential_seed3,shaped,3,4a77b6e251,1412,175,98.75000000000001,97.59849999999999,0.05920035319427955,0.15,50,success,1,1,0,0,37,2,0,1,1,46,1.7570869814155743,51.20202026490502,0.0,0.0,0.99,8,exponential
q_learning,shaped_eps-exponential_seed3,shaped,3,4a77b6e251,1413,177,110.64999999999996,97.82149999999997,0.05908195248789099,0.15,48,success,1,1,0,0,25,2,0,6,1,31,1.3011148600483524,25.839954648816626,0.0,0.0,0.99,8,exponential
q_learning,shaped_eps-exponential_seed3,shaped,3,4a77b6e251,1414,176,96.70000000000002,97.79199999999999,0.05896378858291521,0.15,49,success,1,1,0,0,34,3,0,6,1,41,1.7654318344265543,34.25699728488345,0.0,0.0,0.99,8,exponential
q_learning,shaped_eps-exponential_seed3,shaped,3,4a77b6e251,1415,178,104.60000000000001,97.8725,0.05884586100574938,0.15,47,success,1,1,0,0,26,3,0,3,1,32,2.0933713150189055,32.873209577204165,0.0,0.0,0.99,8,exponential
q_learning,shaped_eps-exponential_seed3,shaped,3,4a77b6e251,1416,180,102.5,97.99650000000001,0.05872816928373788,0.15,45,success,1,1,0,0,28,3,0,5,1,39,1.4549314105156346,44.40253234725939,0.0,0.0,0.99,8,exponential
q_learning,shaped_eps-exponential_seed3,shaped,3,4a77b6e251,1417,171,108.95,98.08850000000001,0.0586107129451704,0.15,54,success,1,1,0,0,27,2,0,4,1,23,2.003795923597609,48.432598496947456,0.0,0.0,0.99,8,exponential
q_learning,shaped_eps-exponential_seed3,shaped,3,4a77b6e251,1418,174,92.79999999999998,97.9205,0.058493491519280065,0.15,51,success,1,1,0,0,28,5,0,4,1,31,1.4293406665011579,18.97165142481822,0.0,0.0,0.99,8,exponential
q_learning,shaped_eps-exponential_seed3,shaped,3,4a77b6e251,1419,174,101.80000000000001,98.03249999999998,0.058376504536241505,0.15,51,success,1,1,0,0,34,2,0,3,1,34,1.535075518934306,32.293547443966276,0.0,0.0,0.99,8,exponential
q_learning,shaped_eps-exponential_seed3,shaped,3,4a77b6e251,1420,178,76.59999999999995,97.70249999999999,0.05825975152716902,0.15,47,success,1,1,0,0,24,9,0,5,1,32,1.6975698282200384,50.679665128450566,0.0,0.0,0.99,8,exponential
q_learning,shaped_eps-exponential_seed3,shaped,3,4a77b6e251,1421,178,83.59999999999995,97.37099999999998,0.058143232024114685,0.15,47,success,1,1,0,0,32,6,0,4,1,36,1.5127933577134625,25.884408720959797,0.0,0.0,0.99,8,exponential
q_learning,shaped_eps-exponential_seed3,shaped,3,4a77b6e251,1422,176,98.70000000000002,97.37049999999999,0.058026945560066455,0.15,49,success,1,1,0,0,32,3,0,4,1,38,2.0108515122395345,59.250216738430936,0.0,0.0,0.99,8,exponential
q_learning,shaped_eps-exponential_seed3,shaped,3,4a77b6e251,1423,174,96.80000000000001,97.37200000000001,0.05791089166894632,0.15,51,success,1,1,0,0,34,3,0,2,1,36,1.714213551197113,26.287415836200218,0.0,0.0,0.99,8,exponential
q_learning,shaped_eps-exponential_seed3,shaped,3,4a77b6e251,1424,181,96.45000000000002,97.2595,0.05779506988560843,0.15,44,success,1,1,0,0,39,2,0,1,1,31,3.231121150814096,80.65937856755633,0.0,0.0,0.99,8,exponential
q_learning,shaped_eps-exponential_seed3,shaped,3,4a77b6e251,1425,175,99.75,97.4825,0.05767947974583722,0.15,50,success,1,1,0,0,31,3,0,4,1,32,2.117455691947868,29.93767844418846,0.0,0.0,0.99,8,exponential
q_learning,shaped_eps-exponential_seed3,shaped,3,4a77b6e251,1426,179,84.54999999999995,97.2425,0.05756412078634554,0.15,46,success,1,1,0,0,41,4,0,1,1,44,2.070979313844002,32.628349786534216,0.0,0.0,0.99,8,exponential
q_learning,shaped_eps-exponential_seed3,shaped,3,4a77b6e251,1427,174,103.80000000000001,97.56399999999998,0.05744899254477285,0.15,51,success,1,1,0,0,32,2,0,5,1,41,1.643711494627951,44.5112217135274,0.0,0.0,0.99,8,exponential
q_learning,shaped_eps-exponential_seed3,shaped,3,4a77b6e251,1428,181,97.45,97.56299999999999,0.0573340945596833,0.15,44,success,1,1,0,0,33,3,0,4,1,38,1.3796718864764443,20.448580868280978,0.0,0.0,0.99,8,exponential
q_learning,shaped_eps-exponential_seed3,shaped,3,4a77b6e251,1429,175,102.75000000000001,97.54299999999999,0.05721942637056394,0.15,50,success,1,1,0,0,33,2,0,5,1,31,1.8686416124699732,30.63920078770429,0.0,0.0,0.99,8,exponential
q_learning,shaped_eps-exponential_seed3,shaped,3,4a77b6e251,1430,180,86.49999999999999,97.46350000000001,0.05710498751782281,0.15,45,success,1,1,0,0,34,5,0,2,1,43,1.7909701753845253,46.58586101023014,0.0,0.0,0.99,8,exponential
q_learning,shaped_eps-exponential_seed3,shaped,3,4a77b6e251,1431,176,102.7,97.543,0.05699077754278716,0.15,49,success,1,1,0,0,28,3,0,6,1,30,1.2064884520036288,17.146530686717867,0.0,0.0,0.99,8,exponential
q_learning,shaped_eps-exponential_seed3,shaped,3,4a77b6e251,1432,177,95.65,97.65449999999998,0.05687679598770159,0.15,48,success,1,1,0,0,35,3,0,2,1,38,1.897158674328328,28.776241110787602,0.0,0.0,0.99,8,exponential
q_learning,shaped_eps-exponential_seed3,shaped,3,4a77b6e251,1433,175,104.75000000000001,97.654,0.05676304239572619,0.15,50,success,1,1,0,0,31,2,0,5,1,33,1.7829563413220895,37.760120994901044,0.0,0.0,0.99,8,exponential
q_learning,shaped_eps-exponential_seed3,shaped,3,4a77b6e251,1434,175,108.75,97.844,0.05664951631093473,0.15,50,success,1,1,0,0,27,2,0,7,1,29,1.4528975362704135,21.000747823464472,0.0,0.0,0.99,8,exponential
q_learning,shaped_eps-exponential_seed3,shaped,3,4a77b6e251,1435,179,73.54999999999993,97.46349999999998,0.056536217278312866,0.15,46,success,1,1,0,0,37,7,0,4,1,40,1.5636379267319211,26.989488902723977,0.0,0.0,0.99,8,exponential
q_learning,shaped_eps-exponential_seed3,shaped,3,4a77b6e251,1436,182,105.40000000000002,97.66149999999999,0.05642314484375624,0.15,43,success,1,1,0,0,30,2,0,3,1,38,3.1426717519010143,59.014632870603116,0.0,0.0,0.99,8,exponential
q_learning,shaped_eps-exponential_seed3,shaped,3,4a77b6e251,1437,176,77.69999999999993,97.51199999999999,0.05631029855406873,0.15,49,success,1,1,0,0,38,6,0,6,1,42,1.6947509379533863,26.41786921176893,0.0,0.0,0.99,8,exponential
q_learning,shaped_eps-exponential_seed3,shaped,3,4a77b6e251,1438,177,102.65,97.5715,0.056197677956960596,0.15,48,success,1,1,0,0,33,2,0,7,1,38,1.3561652425570816,29.048877038444722,0.0,0.0,0.99,8,exponential
q_learning,shaped_eps-exponential_seed3,shaped,3,4a77b6e251,1439,178,105.60000000000002,97.6015,0.05608528260104667,0.15,47,success,1,1,0,0,30,2,0,7,1,33,1.1589576609889964,11.140127865813131,0.0,0.0,0.99,8,exponential
q_learning,shaped_eps-exponential_seed3,shaped,3,4a77b6e251,1440,183,96.35000000000001,97.67500000000001,0.055973112035844576,0.15,42,success,1,1,0,0,39,2,0,5,1,44,1.9253929734208788,32.8166313148231,0.0,0.0,0.99,8,exponential
q_learning,shaped_eps-exponential_seed3,shaped,3,4a77b6e251,1441,172,97.9,97.556,0.05586116581177289,0.15,53,success,1,1,0,0,38,2,0,2,1,40,2.4791573793011095,53.90777591615954,0.0,0.0,0.99,8,exponential
q_learning,shaped_eps-exponential_seed3,shaped,3,4a77b6e251,1442,176,93.70000000000002,97.81700000000002,0.05574944348014935,0.15,49,success,1,1,0,0,42,2,0,6,1,42,1.3387777246846577,18.694517446543085,0.0,0.0,0.99,8,exponential
q_learning,shaped_eps-exponential_seed3,shaped,3,4a77b6e251,1443,174,105.80000000000001,97.8215,0.05563794459318905,0.15,51,success,1,1,0,0,30,2,0,5,1,32,1.523021566705529,35.06851410171349,0.0,0.0,0.99,8,exponential
q_learning,shaped_eps-exponential_seed3,shaped,3,4a77b6e251,1444,179,94.54999999999998,97.77099999999999,0.05552666870400267,0.15,46,success,1,1,0,0,41,2,0,3,1,43,2.323538478744452,70.70474358835044,0.0,0.0,0.99,8,exponential
q_learning,shaped_eps-exponential_seed3,shaped,3,4a77b6e251,1445,176,107.69999999999996,97.92,0.055415615366594666,0.15,49,success,1,1,0,0,18,4,0,3,1,23,1.572941467933051,32.59216688222158,0.0,0.0,0.99,8,exponential
q_learning,shaped_eps-exponential_seed3,shaped,3,4a77b6e251,1446,174,109.8,98.08099999999999,0.05530478413586148,0.15,51,success,1,1,0,0,26,2,0,2,1,24,1.7632067769573152,32.71768213488306,0.0,0.0,0.99,8,exponential
q_learning,shaped_eps-exponential_seed3,shaped,3,4a77b6e251,1447,177,99.65000000000002,98.28049999999999,0.05519417456758975,0.15,48,success,1,1,0,0,31,3,0,3,1,40,1.2228332367323362,18.145058352838653,0.0,0.0,0.99,8,exponential
q_learning,shaped_eps-exponential_seed3,shaped,3,4a77b6e251,1448,175,101.75000000000001,98.59300000000002,0.05508378621845457,0.15,50,success,1,1,0,0,29,3,0,4,1,29,1.4060860640358894,23.236360328124384,0.0,0.0,0.99,8,exponential
q_learning,shaped_eps-exponential_seed3,shaped,3,4a77b6e251,1449,173,114.84999999999995,98.845,0.05497361864601766,0.15,52,success,1,1,0,0,21,2,0,4,1,26,1.5074649237450495,43.89757576391948,0.0,0.0,0.99,8,exponential
q_learning,shaped_eps-exponential_seed3,shaped,3,4a77b6e251,1450,176,102.7,98.87450000000001,0.054863671408725626,0.15,49,success,1,1,0,0,28,3,0,5,1,32,1.6841953268700862,50.60872848172502,0.0,0.0,0.99,8,exponential
q_learning,shaped_eps-exponential_seed3,shaped,3,4a77b6e251,1451,177,99.65,98.9235,0.054753944065908174,0.15,48,success,1,1,0,0,31,3,0,4,1,37,1.6440166959911386,43.83664715823828,0.0,0.0,0.99,8,exponential
q_learning,shaped_eps-exponential_seed3,shaped,3,4a77b6e251,1452,175,98.75000000000001,98.84400000000001,0.054644436177776354,0.15,50,success,1,1,0,0,37,2,0,2,1,39,1.5159990158781524,25.776396091274012,0.0,0.0,0.99,8,exponential
q_learning,shaped_eps-exponential_seed3,shaped,3,4a77b6e251,1453,180,89.49999999999996,98.71449999999999,0.0545351473054208,0.15,45,success,1,1,0,0,46,2,0,1,1,46,2.918634205902268,44.00466888656657,0.0,0.0,0.99,8,exponential
q_learning,shaped_eps-exponential_seed3,shaped,3,4a77b6e251,1454,174,103.80000000000001,98.6955,0.05442607701080996,0.15,51,success,1,1,0,0,32,2,0,3,1,30,1.4691885073643853,30.965781100074835,0.0,0.0,0.99,8,exponential
q_learning,shaped_eps-exponential_seed3,shaped,3,4a77b6e251,1455,175,89.74999999999997,98.65849999999999,0.05431722485678834,0.15,50,success,1,1,0,0,41,3,0,5,1,38,1.4574654620460685,19.446292192916204,0.0,0.0,0.99,8,exponential
q_learning,shaped_eps-exponential_seed3,shaped,3,4a77b6e251,1456,174,102.80000000000001,98.76399999999998,0.054208590407074764,0.15,51,success,1,1,0,0,28,3,0,5,1,24,2.0106972015630786,46.789951122320645,0.0,0.0,0.99,8,exponential
q_learning,shaped_eps-exponential_seed3,shaped,3,4a77b6e251,1457,176,101.70000000000002,98.853,0.054100173226260616,0.15,49,success,1,1,0,0,34,2,0,5,1,40,1.3416827932780249,29.67246496154577,0.0,0.0,0.99,8,exponential
q_learning,shaped_eps-exponential_seed3,shaped,3,4a77b6e251,1458,175,94.75000000000001,98.835,0.053991972879808094,0.15,50,success,1,1,0,0,31,4,0,3,1,34,2.298442637546864,66.03887327534328,0.0,0.0,0.99,8,exponential
q_learning,shaped_eps-exponential_seed3,shaped,3,4a77b6e251,1459,175,104.75000000000001,98.7915,0.05388398893404848,0.15,50,success,1,1,0,0,31,2,0,7,1,31,1.629534716242361,31.094440925527767,0.0,0.0,0.99,8,exponential
q_learning,shaped_eps-exponential_seed3,shaped,3,4a77b6e251,1460,175,103.75,98.86,0.053776220956180384,0.15,50,success,1,1,0,0,27,3,0,4,1,33,1.3284694405741364,24.173733211416703,0.0,0.0,0.99,8,exponential
q_learning,shaped_eps-exponential_seed3,shaped,3,4a77b6e251,1461,176,89.69999999999995,98.75400000000002,0.05366866851426803,0.15,49,success,1,1,0,0,36,4,0,3,1,42,1.885954552436903,29.649509011076184,0.0,0.0,0.99,8,exponential
q_learning,shaped_eps-exponential_seed3,shaped,3,4a77b6e251,1462,179,94.54999999999998,98.6425,0.05356133117723949,0.15,46,success,1,1,0,0,31,4,0,6,1,35,2.1066243384418475,33.059525789926695,0.0,0.0,0.99,8,exponential
q_learning,shaped_eps-exponential_seed3,shaped,3,4a77b6e251,1463,175,94.74999999999997,98.5925,0.05345420851488501,0.15,50,success,1,1,0,0,31,4,0,4,1,34,1.4075801892050015,18.0320710287672,0.0,0.0,0.99,8,exponential
q_learning,shaped_eps-exponential_seed3,shaped,3,4a77b6e251,1464,177,93.65000000000002,98.4015,0.053347300097855245,0.15,48,success,1,1,0,0,37,3,0,3,1,36,1.4664422241186568,26.912063924700725,0.0,0.0,0.99,8,exponential
q_learning,shaped_eps-exponential_seed3,shaped,3,4a77b6e251,1465,176,105.70000000000002,98.501,0.053240605497659535,0.15,49,success,1,1,0,0,30,2,0,5,1,37,1.5548780674934806,27.949661607609233,0.0,0.0,0.99,8,exponential
q_learning,shaped_eps-exponential_seed3,shaped,3,4a77b6e251,1466,181,77.44999999999995,98.40950000000001,0.05313412428666422,0.15,44,success,1,1,0,0,43,5,0,5,1,39,1.8109627011037812,30.029907145729332,0.0,0.0,0.99,8,exponential
q_learning,shaped_eps-exponential_seed3,shaped,3,4a77b6e251,1467,181,98.45,98.45750000000002,0.05302785603809089,0.15,44,success,1,1,0,0,27,4,0,5,1,29,1.701020690043922,32.55420237722741,0.0,0.0,0.99,8,exponential
q_learning,shaped_eps-exponential_seed3,shaped,3,4a77b6e251,1468,177,106.65000000000002,98.44800000000001,0.052921800326014706,0.15,48,success,1,1,0,0,29,2,0,6,1,27,1.6491859022445057,45.2686251309258,0.0,0.0,0.99,8,exponential
q_learning,shaped_eps-exponential_seed3,shaped,3,4a77b6e251,1469,176,105.70000000000002,98.62000000000002,0.05281595672536268,0.15,49,success,1,1,0,0,30,2,0,6,1,26,1.6711973630744443,41.44503724281245,0.0,0.0,0.99,8,exponential
q_learning,shaped_eps-exponential_seed3,shaped,3,4a77b6e251,1470,175,105.75000000000001,98.69,0.05271032481191195,0.15,50,success,1,1,0,0,25,3,0,5,1,32,1.891281186666536,31.470603299913954,0.0,0.0,0.99,8,exponential
q_learning,shaped_eps-exponential_seed3,shaped,3,4a77b6e251,1471,179,102.55000000000001,98.7585,0.05260490416228813,0.15,46,success,1,1,0,0,33,2,0,4,1,33,2.2673479844981994,56.88719532166479,0.0,0.0,0.99,8,exponential
q_learning,shaped_eps-exponential_seed3,shaped,3,4a77b6e251,1472,176,101.7,98.869,0.05249969435396355,0.15,49,success,1,1,0,0,34,2,0,4,1,46,2.0323279429392187,41.365078767275975,0.0,0.0,0.99,8,exponential
q_learning,shaped_eps-exponential_seed3,shaped,3,4a77b6e251,1473,176,101.7,98.92,0.052394694965255624,0.15,49,success,1,1,0,0,34,2,0,5,1,39,1.7866848734058705,49.37068854528971,0.0,0.0,0.99,8,exponential
q_learning,shaped_eps-exponential_seed3,shaped,3,4a77b6e251,1474,175,99.75000000000001,98.89,0.05228990557532511,0.15,50,success,1,1,0,0,31,3,0,6,1,32,1.712995050918543,26.070108300445042,0.0,0.0,0.99,8,exponential
q_learning,shaped_eps-exponential_seed3,shaped,3,4a77b6e251,1475,176,106.70000000000002,98.91950000000003,0.052185325764174464,0.15,49,success,1,1,0,0,24,3,0,7,1,32,1.200204016549023,12.67987093315891,0.0,0.0,0.99,8,exponential
q_learning,shaped_eps-exponential_seed3,shaped,3,4a77b6e251,1476,176,97.70000000000002,98.80150000000002,0.05208095511264611,0.15,49,success,1,1,0,0,38,2,0,2,1,41,1.2375971344376104,11.436728352769727,0.0,0.0,0.99,8,exponential
q_learning,shaped_eps-exponential_seed3,shaped,3,4a77b6e251,1477,176,103.70000000000002,99.07150000000001,0.05197679320242082,0.15,49,success,1,1,0,0,32,2,0,3,1,37,1.3339222879645913,24.278261285245485,0.0,0.0,0.99,8,exponential
q_learning,shaped_eps-exponential_seed3,shaped,3,4a77b6e251,1478,174,100.80000000000001,99.04150000000001,0.05187283961601598,0.15,51,success,1,1,0,0,30,3,0,4,1,35,1.3289595568729045,27.342129503666015,0.0,0.0,0.99,8,exponential
q_learning,shaped_eps-exponential_seed3,shaped,3,4a77b6e251,1479,179,93.55,98.94099999999999,0.051769093936783944,0.15,46,success,1,1,0,0,37,3,0,6,1,41,1.815221310503948,42.52447829316185,0.0,0.0,0.99,8,exponential
q_learning,shaped_eps-exponential_seed3,shaped,3,4a77b6e251,1480,176,92.69999999999997,98.95049999999999,0.05166555574891037,0.15,49,success,1,1,0,0,28,5,0,5,1,36,1.2092835145098138,11.358106301518248,0.0,0.0,0.99,8,exponential
q_learning,shaped_eps-exponential_seed3,shaped,3,4a77b6e251,1481,185,97.25,98.98849999999999,0.05156222463741255,0.15,40,success,1,1,0,0,33,3,0,3,1,43,1.7191003075015978,22.642640894627455,0.0,0.0,0.99,8,exponential
q_learning,shaped_eps-exponential_seed3,shaped,3,4a77b6e251,1482,179,96.55000000000001,98.85599999999998,0.05145910018813773,0.15,46,success,1,1,0,0,29,4,0,5,1,34,1.273971249658335,22.108244506442304,0.0,0.0,0.99,8,exponential
q_learning,shaped_eps-exponential_seed3,shaped,3,4a77b6e251,1483,175,91.74999999999996,98.73649999999999,0.05135618198776145,0.15,50,success,1,1,0,0,39,3,0,7,1,45,1.5736839118965904,25.585847645159063,0.0,0.0,0.99,8,exponential
q_learning,shaped_eps-exponential_seed3,shaped,3,4a77b6e251,1484,174,96.80000000000001,98.80649999999997,0.05125346962378593,0.15,51,success,1,1,0,0,34,3,0,5,1,37,1.357442557608788,18.86260632311708,0.0,0.0,0.99,8,exponential
q_learning,shaped_eps-exponential_seed3,shaped,3,4a77b6e251,1485,176,105.7,98.877,0.05115096268453836,0.15,49,success,1,1,0,0,30,2,0,5,1,29,1.7456648423550811,27.948111050117646,0.0,0.0,0.99,8,exponential
q_learning,shaped_eps-exponential_seed3,shaped,3,4a77b6e251,1486,174,99.80000000000003,98.8795,0.05104866075916928,0.15,51,success,1,1,0,0,26,4,0,1,1,32,2.661407645696809,55.0188426182583,0.0,0.0,0.99,8,exponential
q_learning,shaped_eps-exponential_seed3,shaped,3,4a77b6e251,1487,177,104.65000000000002,99.08049999999997,0.05094656343765094,0.15,48,success,1,1,0,0,31,2,0,5,1,31,1.406900191223935,16.30515551593632,0.0,0.0,0.99,8,exponential
q_learning,shaped_eps-exponential_seed3,shaped,3,4a77b6e251,1488,175,89.74999999999994,98.9305,0.050844670310775636,0.15,50,success,1,1,0,0,31,5,0,5,1,31,1.8296853897487206,39.99958607074644,0.0,0.0,0.99,8,exponential
q_learning,shaped_eps-exponential_seed3,shaped,3,4a77b6e251,1489,179,96.55000000000001,98.89849999999997,0.05074298097015408,0.15,46,success,1,1,0,0,39,2,0,2,1,41,1.5381375019192092,32.87809911492356,0.0,0.0,0.99,8,exponential
q_learning,shaped_eps-exponential_seed3,shaped,3,4a77b6e251,1490,175,95.74999999999999,98.75799999999998,0.05064149500821377,0.15,50,success,1,1,0,0,35,3,0,6,1,35,1.5231393961372046,30.623668579062734,0.0,0.0,0.99,8,exponential
q_learning,shaped_eps-exponential_seed3,shaped,3,4a77b6e251,1491,178,78.6,98.517,0.05054021201819734,0.15,47,success,1,1,0,0,32,7,0,2,1,32,1.9379482714057668,30.81737319771062,0.0,0.0,0.99,8,exponential
q_learning,shaped_eps-exponential_seed3,shaped,3,4a77b6e251,1492,176,104.70000000000002,98.64699999999999,0.05043913159416095,0.15,49,success,1,1,0,0,26,3,0,4,1,30,1.3225980434472682,25.67725776536598,0.0,0.0,0.99,8,exponential
q_learning,shaped_eps-exponential_seed3,shaped,3,4a77b6e251,1493,176,105.7,98.64050000000002,0.050338253330972624,0.15,49,success,1,1,0,0,30,2,0,1,1,35,2.883552947210806,97.4205895868561,0.0,0.0,0.99,8,exponential
q_learning,shaped_eps-exponential_seed3,shaped,3,4a77b6e251,1494,179,91.54999999999998,98.61000000000001,0.05023757682431068,0.15,46,success,1,1,0,0,29,5,0,5,1,31,1.6239633813847951,29.94604722707847,0.0,0.0,0.99,8,exponential
q_learning,shaped_eps-exponential_seed3,shaped,3,4a77b6e251,1495,182,105.4,98.6175,0.05013710167066206,0.15,43,success,1,1,0,0,30,2,0,6,1,37,1.2163340651842414,18.952990558097447,0.0,0.0,0.99,8,exponential
q_learning,shaped_eps-exponential_seed3,shaped,3,4a77b6e251,1496,178,97.60000000000001,98.57549999999999,0.05003682746732073,0.15,47,success,1,1,0,0,28,4,0,2,1,37,1.2968759891745056,17.67577137913372,0.0,0.0,0.99,8,exponential
q_learning,shaped_eps-exponential_seed3,shaped,3,4a77b6e251,1497,175,97.75000000000001,98.5555,0.05,0.15,50,success,1,1,0,0,33,3,0,6,1,35,1.487608831797629,28.329447068964573,0.0,0.0,0.99,8,exponential
q_learning,shaped_eps-exponential_seed3,shaped,3,4a77b6e251,1498,174,100.80000000000001,98.5705,0.05,0.15,51,success,1,1,0,0,30,3,0,5,1,33,1.5743810420233193,24.92522248314375,0.0,0.0,0.99,8,exponential
q_learning,shaped_eps-exponential_seed3,shaped,3,4a77b6e251,1499,181,95.45000000000002,98.5925,0.05,0.15,44,success,1,1,0,0,35,3,0,5,1,41,1.4744872794934432,27.70160853841478,0.0,0.0,0.99,8,exponential
q_learning,shaped_eps-exponential_seed3,shaped,3,4a77b6e251,1500,177,102.65,98.51449999999998,0.05,0.15,48,success,1,1,0,0,33,2,0,4,1,37,1.531973502168622,19.465840593936317,0.0,0.0,0.99,8,exponential
q_learning,shaped_eps-exponential_seed3,shaped,3,4a77b6e251,1501,173,100.85000000000001,98.50599999999999,0.05,0.15,52,success,1,1,0,0,35,2,0,6,1,37,1.647870973293689,50.58503241266613,0.0,0.0,0.99,8,exponential
q_learning,shaped_eps-exponential_seed3,shaped,3,4a77b6e251,1502,176,96.70000000000002,98.45549999999999,0.05,0.15,49,success,1,1,0,0,34,3,0,5,1,33,1.5101814430221447,29.031860303878346,0.0,0.0,0.99,8,exponential
q_learning,shaped_eps-exponential_seed3,shaped,3,4a77b6e251,1503,176,95.69999999999999,98.32600000000002,0.05,0.15,49,success,1,1,0,0,30,4,0,3,1,40,1.641359558807852,43.39059940075082,0.0,0.0,0.99,8,exponential
q_learning,shaped_eps-exponential_seed3,shaped,3,4a77b6e251,1504,177,94.64999999999998,98.3375,0.05,0.15,48,success,1,1,0,0,31,4,0,6,1,38,1.3497565479638653,28.152634519181913,0.0,0.0,0.99,8,exponential
q_learning,shaped_eps-exponential_seed3,shaped,3,4a77b6e251,1505,178,102.60000000000001,98.34800000000001,0.05,0.15,47,success,1,1,0,0,28,3,0,5,1,36,2.37965667422432,60.1606841758399,0.0,0.0,0.99,8,exponential
q_learning,shaped_eps-exponential_seed3,shaped,3,4a77b6e251,1506,180,96.50000000000001,98.44550000000001,0.05,0.15,45,success,1,1,0,0,34,3,0,5,1,38,1.514889470470842,21.525622140838912,0.0,0.0,0.99,8,exponential
q_learning,shaped_eps-exponential_seed3,shaped,3,4a77b6e251,1507,174,97.8,98.45599999999999,0.05,0.15,51,success,1,1,0,0,38,2,0,4,1,37,1.4527861686174064,27.85248069522302,0.0,0.0,0.99,8,exponential
q_learning,shaped_eps-exponential_seed3,shaped,3,4a77b6e251,1508,177,91.65,98.35849999999999,0.05,0.15,48,success,1,1,0,0,39,3,0,4,1,39,1.698874385673407,25.436297432213024,0.0,0.0,0.99,8,exponential
q_learning,shaped_eps-exponential_seed3,shaped,3,4a77b6e251,1509,174,94.80000000000001,98.32849999999999,0.05,0.15,51,success,1,1,0,0,26,5,0,4,1,29,1.8019884538116002,44.6073837653982,0.0,0.0,0.99,8,exponential
q_learning,shaped_eps-exponential_seed3,shaped,3,4a77b6e251,1510,175,81.74999999999994,98.089,0.05,0.15,50,success,1,1,0,0,39,5,0,3,1,39,1.401602599394772,15.588782223128845,0.0,0.0,0.99,8,exponential
q_learning,shaped_eps-exponential_seed3,shaped,3,4a77b6e251,1511,178,91.59999999999998,98.06949999999999,0.05,0.15,47,success,1,1,0,0,34,4,0,3,1,39,2.09928848667985,44.461583895716814,0.0,0.0,0.99,8,exponential
q_learning,shaped_eps-exponential_seed3,shaped,3,4a77b6e251,1512,179,92.54999999999998,98.00749999999998,0.05,0.15,46,success,1,1,0,0,33,4,0,4,1,36,1.8847623944967526,44.9166554724162,0.0,0.0,0.99,8,exponential
q_learning,shaped_eps-exponential_seed3,shaped,3,4a77b6e251,1513,176,103.7,97.93800000000002,0.05,0.15,49,success,1,1,0,0,32,2,0,3,1,31,1.9227492765209169,64.15572005093463,0.0,0.0,0.99,8,exponential
q_learning,shaped_eps-exponential_seed3,shaped,3,4a77b6e251,1514,174,91.79999999999995,97.889,0.05,0.15,51,success,1,1,0,0,34,4,0,3,1,41,1.5459432670783289,20.165006316633793,0.0,0.0,0.99,8,exponential
q_learning,shaped_eps-exponential_seed3,shaped,3,4a77b6e251,1515,174,99.80000000000001,97.84099999999998,0.05,0.15,51,success,1,1,0,0,36,2,0,5,1,35,1.4946495964120456,23.733496782439445,0.0,0.0,0.99,8,exponential
q_learning,shaped_eps-exponential_seed3,shaped,3,4a77b6e251,1516,171,106.95000000000002,97.8855,0.05,0.15,54,success,1,1,0,0,29,2,0,2,1,34,1.8376819252488503,40.728985953300615,0.0,0.0,0.99,8,exponential
q_learning,shaped_eps-exponential_seed3,shaped,3,4a77b6e251,1517,177,94.65000000000002,97.7425,0.05,0.15,48,success,1,1,0,0,31,4,0,3,1,31,1.7416114615943643,41.146393681235494,0.0,0.0,0.99,8,exponential
q_learning,shaped_eps-exponential_seed3,shaped,3,4a77b6e251,1518,183,88.34999999999998,97.698,0.05,0.15,42,success,1,1,0,0,37,4,0,1,1,43,2.3259454006540032,38.75843797916063,0.0,0.0,0.99,8,exponential
q_learning,shaped_eps-exponential_seed3,shaped,3,4a77b6e251,1519,174,96.80000000000001,97.64800000000001,0.05,0.15,51,success,1,1,0,0,34,3,0,4,1,39,1.4824004476249741,21.061777050382922,0.0,0.0,0.99,8,exponential
q_learning,shaped_eps-exponential_seed3,shaped,3,4a77b6e251,1520,181,91.44999999999997,97.7965,0.05,0.15,44,success,1,1,0,0,39,3,0,6,1,42,1.976929793274909,53.83362234524346,0.0,0.0,0.99,8,exponential
q_learning,shaped_eps-exponential_seed3,shaped,3,4a77b6e251,1521,176,107.70000000000002,98.03750000000002,0.05,0.15,49,success,1,1,0,0,28,2,0,3,1,35,1.8113025964053362,32.344313466923204,0.0,0.0,0.99,8,exponential
q_learning,shaped_eps-exponential_seed3,shaped,3,4a77b6e251,1522,177,98.65000000000002,98.03699999999999,0.05,0.15,48,success,1,1,0,0,37,2,0,7,1,32,1.4245310852922062,21.06290508389339,0.0,0.0,0.99,8,exponential
q_learning,shaped_eps-exponential_seed3,shaped,3,4a77b6e251,1523,184,94.30000000000001,98.012,0.05,0.15,41,success,1,1,0,0,36,3,0,1,1,42,2.0595860165619024,67.62957989200932,0.0,0.0,0.99,8,exponential
q_learning,shaped_eps-exponential_seed3,shaped,3,4a77b6e251,1524,175,106.75000000000001,98.115,0.05,0.15,50,success,1,1,0,0,29,2,0,6,1,28,1.2497974099166793,13.308472901917632,0.0,0.0,0.99,8,exponential
q_learning,shaped_eps-exponential_seed3,shaped,3,4a77b6e251,1525,177,102.65,98.14399999999998,0.05,0.15,48,success,1,1,0,0,33,2,0,5,1,30,2.004519951549551,31.668363911660386,0.0,0.0,0.99,8,exponential
q_learning,shaped_eps-exponential_seed3,shaped,3,4a77b6e251,1526,177,110.65,98.405,0.05,0.15,48,success,1,1,0,0,25,2,0,5,1,30,1.1525742204815543,26.389952510103463,0.0,0.0,0.99,8,exponential
q_learning,shaped_eps-exponential_seed3,shaped,3,4a77b6e251,1527,177,95.64999999999999,98.32349999999998,0.05,0.15,48,success,1,1,0,0,35,3,0,7,1,39,1.3715092976242358,21.95240498551987,0.0,0.0,0.99,8,exponential
q_learning,shaped_eps-exponential_seed3,shaped,3,4a77b6e251,1528,174,88.79999999999995,98.237,0.05,0.15,51,success,1,1,0,0,42,3,0,1,1,48,1.3707129889707506,18.587020491786973,0.0,0.0,0.99,8,exponential
q_learning,shaped_eps-exponential_seed3,shaped,3,4a77b6e251,1529,177,102.65000000000002,98.23599999999999,0.05,0.15,48,success,1,1,0,0,33,2,0,6,1,38,1.3962089879021968,16.19052849441905,0.0,0.0,0.99,8,exponential
q_learning,shaped_eps-exponential_seed3,shaped,3,4a77b6e251,1530,175,82.74999999999991,98.19849999999998,0.05,0.15,50,success,1,1,0,0,43,4,0,2,1,44,2.1060323557589253,23.676314774128294,0.0,0.0,0.99,8,exponential
q_learning,shaped_eps-exponential_seed3,shaped,3,4a77b6e251,1531,175,110.74999999999996,98.279,0.05,0.15,50,success,1,1,0,0,25,2,0,5,1,26,1.4969031158341077,27.477019009716845,0.0,0.0,0.99,8,exponential
q_learning,shaped_eps-exponential_seed3,shaped,3,4a77b6e251,1532,176,88.69999999999997,98.2095,0.05,0.15,49,success,1,1,0,0,42,3,0,4,1,41,1.473716815381237,21.256175478070375,0.0,0.0,0.99,8,exponential
q_learning,shaped_eps-exponential_seed3,shaped,3,4a77b6e251,1533,175,98.75000000000001,98.1495,0.05,0.15,50,success,1,1,0,0,27,4,0,7,1,32,1.1874455531801464,18.697106177883867,0.0,0.0,0.99,8,exponential
q_learning,shaped_eps-exponential_seed3,shaped,3,4a77b6e251,1534,175,95.75000000000001,98.01950000000001,0.05,0.15,50,success,1,1,0,0,35,3,0,5,1,40,1.3184670802817926,12.241752661897486,0.0,0.0,0.99,8,exponential
q_learning,shaped_eps-exponential_seed3,shaped,3,4a77b6e251,1535,175,97.75,98.26150000000001,0.05,0.15,50,success,1,1,0,0,33,3,0,6,1,35,1.3377798464936113,17.162246785307033,0.0,0.0,0.99,8,exponential
q_learning,shaped_eps-exponential_seed3,shaped,3,4a77b6e251,1536,175,79.74999999999997,98.005,0.05,0.15,50,success,1,1,0,0,31,7,0,2,1,35,2.051475930616722,42.089093285894876,0.0,0.0,0.99,8,exponential
q_learning,shaped_eps-exponential_seed3,shaped,3,4a77b6e251,1537,175,96.75000000000001,98.1955,0.05,0.15,50,success,1,1,0,0,39,2,0,5,1,43,1.6344361731002732,32.75618441794735,0.0,0.0,0.99,8,exponential
q_learning,shaped_eps-exponential_seed3,shaped,3,4a77b6e251,1538,171,93.94999999999996,98.10850000000002,0.05,0.15,54,success,1,1,0,0,27,5,0,3,1,30,1.8967173541604794,36.60984892636853,0.0,0.0,0.99,8,exponential
q_learning,shaped_eps-exponential_seed3,shaped,3,4a77b6e251,1539,179,108.54999999999997,98.13799999999999,0.05,0.15,46,success,1,1,0,0,27,2,0,7,1,27,1.267675477730505,15.881847419612576,0.0,0.0,0.99,8,exponential
q_learning,shaped_eps-exponential_seed3,shaped,3,4a77b6e251,1540,186,100.2,98.17650000000002,0.05,0.15,39,success,1,1,0,0,30,3,0,7,1,34,2.0374281529374145,30.71657238373156,0.0,0.0,0.99,8,exponential
q_learning,shaped_eps-exponential_seed3,shaped,3,4a77b6e251,1541,174,92.8,98.12549999999999,0.05,0.15,51,success,1,1,0,0,38,3,0,3,1,39,1.584087132132247,48.791409836720376,0.0,0.0,0.99,8,exponential
q_learning,shaped_eps-exponential_seed3,shaped,3,4a77b6e251,1542,181,88.45,98.073,0.05,0.15,44,success,1,1,0,0,37,4,0,1,1,33,2.671837081878443,40.18504627809649,0.0,0.0,0.99,8,exponential
q_learning,shaped_eps-exponential_seed3,shaped,3,4a77b6e251,1543,175,85.74999999999994,97.8725,0.05,0.15,50,success,1,1,0,0,35,5,0,7,1,34,1.793604849641723,25.652380305458934,0.0,0.0,0.99,8,exponential
q_learning,shaped_eps-exponential_seed3,shaped,3,4a77b6e251,1544,180,101.5,97.94200000000001,0.05,0.15,45,success,1,1,0,0,34,2,0,2,1,30,1.9630200851607018,31.79215128909322,0.0,0.0,0.99,8,exponential
q_learning,shaped_eps-exponential_seed3,shaped,3,4a77b6e251,1545,180,96.5,97.83,0.05,0.15,45,success,1,1,0,0,24,5,0,3,1,29,1.9778120337943064,70.93099575008972,0.0,0.0,0.99,8,exponential
q_learning,shaped_eps-exponential_seed3,shaped,3,4a77b6e251,1546,176,92.69999999999997,97.65900000000002,0.05,0.15,49,success,1,1,0,0,38,3,0,7,1,38,1.764030264566057,33.511584533225204,0.0,0.0,0.99,8,exponential
q_learning,shaped_eps-exponential_seed3,shaped,3,4a77b6e251,1547,176,85.69999999999999,97.51950000000001,0.05,0.15,49,success,1,1,0,0,40,4,0,4,1,44,1.3705039619675392,16.717220432305602,0.0,0.0,0.99,8,exponential
q_learning,shaped_eps-exponential_seed3,shaped,3,4a77b6e251,1548,175,90.74999999999999,97.40950000000001,0.05,0.15,50,success,1,1,0,0,25,6,0,5,1,29,1.633719682363269,28.120981506611646,0.0,0.0,0.99,8,exponential
q_learning,shaped_eps-exponential_seed3,shaped,3,4a77b6e251,1549,176,102.7,97.28800000000003,0.05,0.15,49,success,1,1,0,0,28,3,0,6,1,34,1.2803211650853135,15.953355511370617,0.0,0.0,0.99,8,exponential
q_learning,shaped_eps-exponential_seed3,shaped,3,4a77b6e251,1550,180,107.5,97.33600000000003,0.05,0.15,45,success,1,1,0,0,28,2,0,6,1,38,1.196141561146995,17.828649151665093,0.0,0.0,0.99,8,exponential
q_learning,shaped_eps-exponential_seed3,shaped,3,4a77b6e251,1551,183,89.34999999999997,97.233,0.05,0.15,42,success,1,1,0,0,41,3,0,2,1,40,2.0587783290462958,26.32074174521569,0.0,0.0,0.99,8,exponential
q_learning,shaped_eps-exponential_seed3,shaped,3,4a77b6e251,1552,174,102.80000000000001,97.27349999999998,0.05,0.15,51,success,1,1,0,0,28,3,0,5,1,36,1.6229518205348163,28.01509295448311,0.0,0.0,0.99,8,exponential
q_learning,shaped_eps-exponential_seed3,shaped,3,4a77b6e251,1553,177,108.64999999999998,97.465,0.05,0.15,48,success,1,1,0,0,27,2,0,5,1,28,1.6974846812480961,34.161917000302694,0.0,0.0,0.99,8,exponential
q_learning,shaped_eps-exponential_seed3,shaped,3,4a77b6e251,1554,176,78.69999999999995,97.214,0.05,0.15,49,success,1,1,0,0,42,5,0,4,1,41,1.4241023245179514,13.08726215628694,0.0,0.0,0.99,8,exponential
q_learning,shaped_eps-exponential_seed3,shaped,3,4a77b6e251,1555,178,92.6,97.2425,0.05,0.15,47,success,1,1,0,0,38,3,0,3,1,45,1.2002115837073373,12.411558223114184,0.0,0.0,0.99,8,exponential
q_learning,shaped_eps-exponential_seed3,shaped,3,4a77b6e251,1556,181,89.45,97.10900000000001,0.05,0.15,44,success,1,1,0,0,41,3,0,4,1,39,1.9750513563862182,29.057827546742594,0.0,0.0,0.99,8,exponential
q_learning,shaped_eps-exponential_seed3,shaped,3,4a77b6e251,1557,174,98.80000000000001,97.08000000000001,0.05,0.15,51,success,1,1,0,0,32,3,0,4,1,37,1.4566452156688887,21.57569419090504,0.0,0.0,0.99,8,exponential
q_learning,shaped_eps-exponential_seed3,shaped,3,4a77b6e251,1558,180,97.50000000000001,97.1075,0.05,0.15,45,success,1,1,0,0,38,2,0,4,1,40,1.90994297532214,27.61199794284994,0.0,0.0,0.99,8,exponential
q_learning,shaped_eps-exponential_seed3,shaped,3,4a77b6e251,1559,174,107.80000000000001,97.13799999999998,0.05,0.15,51,success,1,1,0,0,28,2,0,4,1,32,1.4121917422346189,26.496664634995092,0.0,0.0,0.99,8,exponential
q_learning,shaped_eps-exponential_seed3,shaped,3,4a77b6e251,1560,176,102.70000000000002,97.1275,0.05,0.15,49,success,1,1,0,0,28,3,0,4,1,31,1.4691987788584653,15.570645897587148,0.0,0.0,0.99,8,exponential
q_learning,shaped_eps-exponential_seed3,shaped,3,4a77b6e251,1561,178,95.60000000000001,97.1865,0.05,0.15,47,success,1,1,0,0,40,2,0,4,1,40,1.5218858052943753,27.779895434148887,0.0,0.0,0.99,8,exponential
q_learning,shaped_eps-exponential_seed3,shaped,3,4a77b6e251,1562,176,105.70000000000002,97.29800000000002,0.05,0.15,49,success,1,1,0,0,30,2,0,6,1,36,1.7778581995200256,38.44758857888158,0.0,0.0,0.99,8,exponential
q_learning,shaped_eps-exponential_seed3,shaped,3,4a77b6e251,1563,176,101.70000000000002,97.36750000000002,0.05,0.15,49,success,1,1,0,0,34,2,0,5,1,36,1.3190780600862348,22.40350787294568,0.0,0.0,0.99,8,exponential
q_learning,shaped_eps-exponential_seed3,shaped,3,4a77b6e251,1564,175,108.75,97.5185,0.05,0.15,50,success,1,1,0,0,27,2,0,5,1,32,1.5188860859461946,31.35196977004908,0.0,0.0,0.99,8,exponential
q_learning,shaped_eps-exponential_seed3,shaped,3,4a77b6e251,1565,176,91.69999999999999,97.3785,0.05,0.15,49,success,1,1,0,0,34,4,0,2,1,42,1.7711159817180262,47.91231809530608,0.0,0.0,0.99,8,exponential
q_learning,shaped_eps-exponential_seed3,shaped,3,4a77b6e251,1566,175,110.74999999999999,97.71150000000002,0.05,0.15,50,success,1,1,0,0,25,2,0,7,1,30,1.0999926333775227,16.087120165683018,0.0,0.0,0.99,8,exponential
q_learning,shaped_eps-exponential_seed3,shaped,3,4a77b6e251,1567,175,98.75000000000001,97.7145,0.05,0.15,50,success,1,1,0,0,37,2,0,4,1,38,1.4833940880826983,25.83576317945964,0.0,0.0,0.99,8,exponential
q_learning,shaped_eps-exponential_seed3,shaped,3,4a77b6e251,1568,174,100.8,97.65599999999999,0.05,0.15,51,success,1,1,0,0,30,3,0,6,1,34,1.605742325806802,23.5371582812674,0.0,0.0,0.99,8,exponential
q_learning,shaped_eps-exponential_seed3,shaped,3,4a77b6e251,1569,175,89.74999999999994,97.49649999999998,0.05,0.15,50,success,1,1,0,0,41,3,0,4,1,41,1.856229922789715,52.85368769399527,0.0,0.0,0.99,8,exponential
q_learning,shaped_eps-exponential_seed3,shaped,3,4a77b6e251,1570,175,99.75000000000001,97.4365,0.05,0.15,50,success,1,1,0,0,31,3,0,3,1,35,1.669969981643085,24.872465936738585,0.0,0.0,0.99,8,exponential
q_learning,shaped_eps-exponential_seed3,shaped,3,4a77b6e251,1571,175,94.75000000000001,97.35849999999999,0.05,0.15,50,success,1,1,0,0,41,2,0,5,1,33,1.630579237834867,21.662139609605543,0.0,0.0,0.99,8,exponential
q_learning,shaped_eps-exponential_seed3,shaped,3,4a77b6e251,1572,178,97.60000000000002,97.3175,0.05,0.15,47,success,1,1,0,0,28,4,0,4,1,34,1.4468947822864078,26.160517849900128,0.0,0.0,0.99,8,exponential
q_learning,shaped_eps-exponential_seed3,shaped,3,4a77b6e251,1573,177,108.65000000000002,97.38699999999999,0.05,0.15,48,success,1,1,0,0,27,2,0,7,1,31,1.4699076320469315,24.10363068768057,0.0,0.0,0.99,8,exponential
q_learning,shaped_eps-exponential_seed3,shaped,3,4a77b6e251,1574,175,112.74999999999997,97.517,0.05,0.15,50,success,1,1,0,0,23,2,0,7,1,30,1.4331169355504412,17.914083849347428,0.0,0.0,0.99,8,exponential
q_learning,shaped_eps-exponential_seed3,shaped,3,4a77b6e251,1575,178,79.59999999999994,97.24600000000001,0.05,0.15,47,success,1,1,0,0,26,8,0,6,1,33,1.6165362626281878,21.474772306911674,0.0,0.0,0.99,8,exponential
q_learning,shaped_eps-exponential_seed3,shaped,3,4a77b6e251,1576,177,100.65000000000002,97.2755,0.05,0.15,48,success,1,1,0,0,35,2,0,4,1,36,1.255605836297817,17.561188230348094,0.0,0.0,0.99,8,exponential
q_learning,shaped_eps-exponential_seed3,shaped,3,4a77b6e251,1577,181,97.45000000000002,97.213,0.05,0.15,44,success,1,1,0,0,33,3,0,4,1,34,1.4333400261247817,24.75609161531279,0.0,0.0,0.99,8,exponential
q_learning,shaped_eps-exponential_seed3,shaped,3,4a77b6e251,1578,176,81.69999999999997,97.022,0.05,0.15,49,success,1,1,0,0,44,4,0,4,1,50,1.3783642380449486,17.480118615889623,0.0,0.0,0.99,8,exponential
q_learning,shaped_eps-exponential_seed3,shaped,3,4a77b6e251,1579,177,116.64999999999995,97.25299999999999,0.05,0.15,48,success,1,1,0,0,19,2,0,5,1,28,1.3332390877044753,19.73301259760803,0.0,0.0,0.99,8,exponential
q_learning,shaped_eps-exponential_seed3,shaped,3,4a77b6e251,1580,174,104.80000000000001,97.374,0.05,0.15,51,success,1,1,0,0,26,3,0,5,1,34,1.4192595341238947,28.401388925276496,0.0,0.0,0.99,8,exponential
q_learning,shaped_eps-exponential_seed3,shaped,3,4a77b6e251,1581,175,103.75000000000001,97.439,0.05,0.15,50,success,1,1,0,0,27,3,0,4,1,31,1.1228892139224969,12.463827155589819,0.0,0.0,0.99,8,exponential
q_learning,shaped_eps-exponential_seed3,shaped,3,4a77b6e251,1582,174,103.8,97.51149999999998,0.05,0.15,51,success,1,1,0,0,32,2,0,3,1,39,1.3999466535302452,29.713928058996675,0.0,0.0,0.99,8,exponential
q_learning,shaped_eps-exponential_seed3,shaped,3,4a77b6e251,1583,180,77.49999999999993,97.36899999999997,0.05,0.15,45,success,1,1,0,0,38,6,0,3,1,41,2.2239039505470513,51.49191561138725,0.0,0.0,0.99,8,exponential
q_learning,shaped_eps-exponential_seed3,shaped,3,4a77b6e251,1584,176,85.69999999999995,97.258,0.05,0.15,49,success,1,1,0,0,40,4,0,5,1,38,2.188026522461592,66.76828357581822,0.0,0.0,0.99,8,exponential
q_learning,shaped_eps-exponential_seed3,shaped,3,4a77b6e251,1585,174,103.80000000000001,97.23899999999998,0.05,0.15,51,success,1,1,0,0,32,2,0,4,1,31,1.427327176764329,13.574792696489578,0.0,0.0,0.99,8,exponential
q_learning,shaped_eps-exponential_seed3,shaped,3,4a77b6e251,1586,176,94.7,97.18799999999999,0.05,0.15,49,success,1,1,0,0,36,3,0,6,1,35,1.9737192446043368,43.95431987501039,0.0,0.0,0.99,8,exponential
q_learning,shaped_eps-exponential_seed3,shaped,3,4a77b6e251,1587,177,102.65,97.16799999999999,0.05,0.15,48,success,1,1,0,0,33,2,0,5,1,36,2.3949153515716146,61.701280561298326,0.0,0.0,0.99,8,exponential
q_learning,shaped_eps-exponential_seed3,shaped,3,4a77b6e251,1588,177,105.64999999999998,97.32699999999998,0.05,0.15,48,success,1,1,0,0,25,3,0,2,1,29,1.2216084694467158,20.470537100758126,0.0,0.0,0.99,8,exponential
q_learning,shaped_eps-exponential_seed3,shaped,3,4a77b6e251,1589,176,77.69999999999995,97.13850000000001,0.05,0.15,49,success,1,1,0,0,38,6,0,5,1,36,1.817244560567137,41.59186498101456,0.0,0.0,0.99,8,exponential
q_learning,shaped_eps-exponential_seed3,shaped,3,4a77b6e251,1590,175,87.75,97.05849999999998,0.05,0.15,50,success,1,1,0,0,33,5,0,3,1,41,1.8486195593374675,21.829085303380104,0.0,0.0,0.99,8,exponential
q_learning,shaped_eps-exponential_seed3,shaped,3,4a77b6e251,1591,174,107.8,97.3505,0.05,0.15,51,success,1,1,0,0,28,2,0,6,1,31,1.8608422222573686,76.69008105219848,0.0,0.0,0.99,8,exponential
q_learning,shaped_eps-exponential_seed3,shaped,3,4a77b6e251,1592,180,99.5,97.29849999999999,0.05,0.15,45,success,1,1,0,0,36,2,0,5,1,40,1.5876721187661063,26.038953379684784,0.0,0.0,0.99,8,exponential
q_learning,shaped_eps-exponential_seed3,shaped,3,4a77b6e251,1593,182,101.4,97.2555,0.05,0.15,43,success,1,1,0,0,24,4,0,6,1,29,1.5911690357482637,18.425831954734512,0.0,0.0,0.99,8,exponential
q_learning,shaped_eps-exponential_seed3,shaped,3,4a77b6e251,1594,177,93.65,97.27649999999998,0.05,0.15,48,success,1,1,0,0,37,3,0,5,1,45,1.2482843466156184,20.98021652621425,0.0,0.0,0.99,8,exponential
q_learning,shaped_eps-exponential_seed3,shaped,3,4a77b6e251,1595,176,94.69999999999997,97.16950000000001,0.05,0.15,49,success,1,1,0,0,36,3,0,5,1,47,2.02099875231986,32.58661892366031,0.0,0.0,0.99,8,exponential
q_learning,shaped_eps-exponential_seed3,shaped,3,4a77b6e251,1596,178,109.59999999999998,97.28949999999999,0.05,0.15,47,success,1,1,0,0,26,2,0,5,1,30,1.294476853666091,18.234164052511513,0.0,0.0,0.99,8,exponential
q_learning,shaped_eps-exponential_seed3,shaped,3,4a77b6e251,1597,180,96.50000000000001,97.277,0.05,0.15,45,success,1,1,0,0,34,3,0,3,1,39,1.6247784244220926,75.71072417600814,0.0,0.0,0.99,8,exponential
q_learning,shaped_eps-exponential_seed3,shaped,3,4a77b6e251,1598,175,85.74999999999993,97.12650000000002,0.05,0.15,50,success,1,1,0,0,35,5,0,6,1,36,1.637203159935195,21.89346465838051,0.0,0.0,0.99,8,exponential
q_learning,shaped_eps-exponential_seed3,shaped,3,4a77b6e251,1599,174,109.8,97.27,0.05,0.15,51,success,1,1,0,0,26,2,0,5,1,33,1.143461222047253,16.168038960164466,0.0,0.0,0.99,8,exponential
q_learning,shaped_eps-exponential_seed3,shaped,3,4a77b6e251,1600,174,90.79999999999995,97.15149999999998,0.05,0.15,51,success,1,1,0,0,30,5,0,6,1,33,1.3573750930805362,16.21570684738198,0.0,0.0,0.99,8,exponential
q_learning,shaped_eps-exponential_seed3,shaped,3,4a77b6e251,1601,187,101.15,97.15449999999998,0.05,0.15,38,success,1,1,0,0,29,3,0,5,1,36,1.8629795459868133,25.555322932391014,0.0,0.0,0.99,8,exponential
q_learning,shaped_eps-exponential_seed3,shaped,3,4a77b6e251,1602,181,86.44999999999997,97.05199999999999,0.05,0.15,44,success,1,1,0,0,29,6,0,6,1,30,2.080863499938356,66.38264411473014,0.0,0.0,0.99,8,exponential
q_learning,shaped_eps-exponential_seed3,shaped,3,4a77b6e251,1603,176,99.7,97.09199999999998,0.05,0.15,49,success,1,1,0,0,36,2,0,4,1,37,2.017592448757633,50.076543894341796,0.0,0.0,0.99,8,exponential
q_learning,shaped_eps-exponential_seed3,shaped,3,4a77b6e251,1604,175,100.75000000000001,97.153,0.05,0.15,50,success,1,1,0,0,25,4,0,5,1,28,1.4470368983852075,22.979135216770246,0.0,0.0,0.99,8,exponential
q_learning,shaped_eps-exponential_seed3,shaped,3,4a77b6e251,1605,178,111.59999999999997,97.24300000000001,0.05,0.15,47,success,1,1,0,0,24,2,0,4,1,29,1.5278587751491344,21.085159834065706,0.0,0.0,0.99,8,exponential
q_learning,shaped_eps-exponential_seed3,shaped,3,4a77b6e251,1606,175,78.74999999999994,97.06550000000001,0.05,0.15,50,success,1,1,0,0,37,6,0,6,1,43,1.484117237181877,17.23263158163654,0.0,0.0,0.99,8,exponential
q_learning,shaped_eps-exponential_seed3,shaped,3,4a77b6e251,1607,175,106.75000000000001,97.15499999999999,0.05,0.15,50,success,1,1,0,0,29,2,0,7,1,30,1.4773556107730201,61.52341938692532,0.0,0.0,0.99,8,exponential
q_learning,shaped_eps-exponential_seed3,shaped,3,4a77b6e251,1608,178,88.59999999999997,97.12450000000001,0.05,0.15,47,success,1,1,0,0,32,5,0,4,1,42,2.024460403632961,25.00367284474733,0.0,0.0,0.99,8,exponential
q_learning,shaped_eps-exponential_seed3,shaped,3,4a77b6e251,1609,181,106.45,97.241,0.05,0.15,44,success,1,1,0,0,29,2,0,4,1,39,1.536459352390037,33.2842453082866,0.0,0.0,0.99,8,exponential
q_learning,shaped_eps-exponential_seed3,shaped,3,4a77b6e251,1610,176,83.69999999999993,97.26050000000001,0.05,0.15,49,success,1,1,0,0,42,4,0,6,1,46,1.5936651111318276,33.79792589853153,0.0,0.0,0.99,8,exponential
q_learning,shaped_eps-exponential_seed3,shaped,3,4a77b6e251,1611,182,109.39999999999999,97.4385,0.05,0.15,43,success,1,1,0,0,26,2,0,6,1,37,2.2507505896197713,54.19159608775324,0.0,0.0,0.99,8,exponential
q_learning,shaped_eps-exponential_seed3,shaped,3,4a77b6e251,1612,176,87.69999999999995,97.39000000000001,0.05,0.15,49,success,1,1,0,0,38,4,0,6,1,41,1.8090393451033904,20.898875958150484,0.0,0.0,0.99,8,exponential
q_learning,shaped_eps-exponential_seed3,shaped,3,4a77b6e251,1613,176,103.7,97.39,0.05,0.15,49,success,1,1,0,0,22,4,0,6,1,24,1.4598275452691332,19.838895929982915,0.0,0.0,0.99,8,exponential
q_learning,shaped_eps-exponential_seed3,shaped,3,4a77b6e251,1614,176,92.69999999999999,97.399,0.05,0.15,49,success,1,1,0,0,38,3,0,6,1,40,1.4707846664058304,36.565539329176616,0.0,0.0,0.99,8,exponential
q_learning,shaped_eps-exponential_seed3,shaped,3,4a77b6e251,1615,180,95.50000000000001,97.35600000000002,0.05,0.15,45,success,1,1,0,0,40,2,0,2,1,47,1.627694178583619,19.822912858034485,0.0,0.0,0.99,8,exponential
q_learning,shaped_eps-exponential_seed3,shaped,3,4a77b6e251,1616,174,109.80000000000001,97.3845,0.05,0.15,51,success,1,1,0,0,26,2,0,2,1,33,1.5881121175959114,26.303370126863655,0.0,0.0,0.99,8,exponential
q_learning,shaped_eps-exponential_seed3,shaped,3,4a77b6e251,1617,175,93.75000000000001,97.37549999999999,0.05,0.15,50,success,1,1,0,0,37,3,0,2,1,45,1.4911633317357214,20.290363374383645,0.0,0.0,0.99,8,exponential
q_learning,shaped_eps-exponential_seed3,shaped,3,4a77b6e251,1618,177,104.65,97.53849999999997,0.05,0.15,48,success,1,1,0,0,31,2,0,4,1,33,1.4303487493446088,25.85793356764495,0.0,0.0,0.99,8,exponential
q_learning,shaped_eps-exponential_seed3,shaped,3,4a77b6e251,1619,177,90.64999999999995,97.47699999999998,0.05,0.15,48,success,1,1,0,0,35,4,0,3,1,45,1.2602909260209312,12.19000700002298,0.0,0.0,0.99,8,exponential
q_learning,shaped_eps-exponential_seed3,shaped,3,4a77b6e251,1620,176,83.69999999999996,97.39949999999999,0.05,0.15,49,success,1,1,0,0,42,4,0,3,1,38,2.1780500408314336,45.0714313251215,0.0,0.0,0.99,8,exponential
q_learning,shaped_eps-exponential_seed3,shaped,3,4a77b6e251,1621,174,103.80000000000001,97.36049999999999,0.05,0.15,51,success,1,1,0,0,32,2,0,6,1,30,1.8391515640953346,32.06364428921971,0.0,0.0,0.99,8,exponential
q_learning,shaped_eps-exponential_seed3,shaped,3,4a77b6e251,1622,174,76.79999999999995,97.14199999999997,0.05,0.15,51,success,1,1,0,0,34,7,0,6,1,36,1.7402164091627854,20.56294191429798,0.0,0.0,0.99,8,exponential
q_learning,shaped_eps-exponential_seed3,shaped,3,4a77b6e251,1623,177,100.65000000000002,97.20549999999997,0.05,0.15,48,success,1,1,0,0,35,2,0,3,1,42,2.331987411490902,36.99099868875515,0.0,0.0,0.99,8,exponential
q_learning,shaped_eps-exponential_seed3,shaped,3,4a77b6e251,1624,181,88.44999999999993,97.02249999999998,0.05,0.15,44,success,1,1,0,0,37,4,0,5,1,40,2.0149518589699706,40.17973914279974,0.0,0.0,0.99,8,exponential
q_learning,shaped_eps-exponential_seed3,shaped,3,4a77b6e251,1625,177,104.64999999999998,97.04249999999998,0.05,0.15,48,success,1,1,0,0,31,2,0,4,1,24,2.434082165839246,67.08049352135657,0.0,0.0,0.99,8,exponential
q_learning,shaped_eps-exponential_seed3,shaped,3,4a77b6e251,1626,176,109.69999999999999,97.03299999999999,0.05,0.15,49,success,1,1,0,0,26,2,0,6,1,35,1.6357787378707593,72.96628173725668,0.0,0.0,0.99,8,exponential
q_learning,shaped_eps-exponential_seed3,shaped,3,4a77b6e251,1627,176,96.70000000000002,97.04350000000001,0.05,0.15,49,success,1,1,0,0,34,3,0,5,1,38,1.834930479531728,44.973759946298124,0.0,0.0,0.99,8,exponential
q_learning,shaped_eps-exponential_seed3,shaped,3,4a77b6e251,1628,178,83.59999999999994,96.99150000000002,0.05,0.15,47,success,1,1,0,0,32,6,0,6,1,34,1.5359401819860838,17.64294148609096,0.0,0.0,0.99,8,exponential
q_learning,shaped_eps-exponential_seed3,shaped,3,4a77b6e251,1629,182,101.40000000000002,96.979,0.05,0.15,43,success,1,1,0,0,34,2,0,6,1,39,1.2343458253161885,21.433254122811384,0.0,0.0,0.99,8,exponential
q_learning,shaped_eps-exponential_seed3,shaped,3,4a77b6e251,1630,176,101.7,97.16850000000001,0.05,0.15,49,success,1,1,0,0,34,2,0,5,1,36,1.6746369669135532,45.01764817889157,0.0,0.0,0.99,8,exponential
q_learning,shaped_eps-exponential_seed3,shaped,3,4a77b6e251,1631,177,104.65000000000002,97.10749999999999,0.05,0.15,48,success,1,1,0,0,31,2,0,7,1,38,1.554160449761278,51.929567239426675,0.0,0.0,0.99,8,exponential
q_learning,shaped_eps-exponential_seed3,shaped,3,4a77b6e251,1632,176,92.70000000000002,97.1475,0.05,0.15,49,success,1,1,0,0,38,3,0,4,1,31,1.4636244518835313,24.635359978343097,0.0,0.0,0.99,8,exponential
q_learning,shaped_eps-exponential_seed3,shaped,3,4a77b6e251,1633,177,109.64999999999998,97.25649999999997,0.05,0.15,48,success,1,1,0,0,21,3,0,4,1,28,2.0405284625765296,46.34016136313212,0.0,0.0,0.99,8,exponential
q_learning,shaped_eps-exponential_seed3,shaped,3,4a77b6e251,1634,176,97.70000000000002,97.27599999999998,0.05,0.15,49,success,1,1,0,0,38,2,0,2,1,42,2.0639607401584112,31.01945014091507,0.0,0.0,0.99,8,exponential
q_learning,shaped_eps-exponential_seed3,shaped,3,4a77b6e251,1635,185,89.24999999999996,97.191,0.05,0.15,40,success,1,1,0,0,31,5,0,2,1,39,1.3010139595280608,21.874261956839078,0.0,0.0,0.99,8,exponential
q_learning,shaped_eps-exponential_seed3,shaped,3,4a77b6e251,1636,180,101.50000000000001,97.4085,0.05,0.15,45,success,1,1,0,0,34,2,0,7,1,40,1.359301952355451,22.640644900141147,0.0,0.0,0.99,8,exponential
q_learning,shaped_eps-exponential_seed3,shaped,3,4a77b6e251,1637,175,100.75000000000001,97.44849999999998,0.05,0.15,50,success,1,1,0,0,35,2,0,4,1,40,1.7381434787730687,38.668718875841506,0.0,0.0,0.99,8,exponential
q_learning,shaped_eps-exponential_seed3,shaped,3,4a77b6e251,1638,178,102.60000000000001,97.53499999999998,0.05,0.15,47,success,1,1,0,0,28,3,0,6,1,35,1.4679364277414677,25.920753572230275,0.0,0.0,0.99,8,exponential
q_learning,shaped_eps-exponential_seed3,shaped,3,4a77b6e251,1639,176,88.69999999999995,97.3365,0.05,0.15,49,success,1,1,0,0,42,3,0,3,1,45,1.3014900569693975,15.856405925207447,0.0,0.0,0.99,8,exponential
q_learning,shaped_eps-exponential_seed3,shaped,3,4a77b6e251,1640,174,88.79999999999994,97.22249999999998,0.05,0.15,51,success,1,1,0,0,32,5,0,5,1,32,1.4952962582900702,34.30501334442748,0.0,0.0,0.99,8,exponential
q_learning,shaped_eps-exponential_seed3,shaped,3,4a77b6e251,1641,185,98.24999999999997,97.27699999999999,0.05,0.15,40,success,1,1,0,0,37,2,0,5,1,48,2.2466258968231707,49.424152483660265,0.0,0.0,0.99,8,exponential
q_learning,shaped_eps-exponential_seed3,shaped,3,4a77b6e251,1642,184,100.29999999999998,97.39549999999997,0.05,0.15,41,success,1,1,0,0,30,3,0,5,1,35,1.5775537559379724,15.736690855872943,0.0,0.0,0.99,8,exponential
q_learning,shaped_eps-exponential_seed3,shaped,3,4a77b6e251,1643,176,111.69999999999993,97.65499999999999,0.05,0.15,49,success,1,1,0,0,24,2,0,1,1,23,1.14320341583426,12.442714928896265,0.0,0.0,0.99,8,exponential
q_learning,shaped_eps-exponential_seed3,shaped,3,4a77b6e251,1644,181,106.45000000000003,97.7045,0.05,0.15,44,success,1,1,0,0,29,2,0,1,1,30,1.302506307199397,16.179759810533305,0.0,0.0,0.99,8,exponential
q_learning,shaped_eps-exponential_seed3,shaped,3,4a77b6e251,1645,176,105.70000000000002,97.7965,0.05,0.15,49,success,1,1,0,0,30,2,0,1,1,34,1.2600016936269198,19.066590223381542,0.0,0.0,0.99,8,exponential
q_learning,shaped_eps-exponential_seed3,shaped,3,4a77b6e251,1646,177,104.65000000000002,97.916,0.05,0.15,48,success,1,1,0,0,31,2,0,1,1,33,1.369251330051724,19.963995232627976,0.0,0.0,0.99,8,exponential
q_learning,shaped_eps-exponential_seed3,shaped,3,4a77b6e251,1647,174,102.80000000000001,98.08699999999999,0.05,0.15,51,success,1,1,0,0,28,3,0,1,1,30,1.3685050594497703,19.76886104577506,0.0,0.0,0.99,8,exponential
q_learning,shaped_eps-exponential_seed3,shaped,3,4a77b6e251,1648,179,106.54999999999998,98.24499999999998,0.05,0.15,46,success,1,1,0,0,29,2,0,3,1,31,1.5367518910414493,22.93345901895411,0.0,0.0,0.99,8,exponential
q_learning,shaped_eps-exponential_seed3,shaped,3,4a77b6e251,1649,179,90.54999999999998,98.12349999999996,0.05,0.15,46,success,1,1,0,0,35,4,0,3,1,45,1.9982295549133642,30.500822166072627,0.0,0.0,0.99,8,exponential
q_learning,shaped_eps-exponential_seed3,shaped,3,4a77b6e251,1650,176,107.7,98.12549999999999,0.05,0.15,49,success,1,1,0,0,28,2,0,5,1,32,1.6720912188443933,20.057861583980618,0.0,0.0,0.99,8,exponential
q_learning,shaped_eps-exponential_seed3,shaped,3,4a77b6e251,1651,178,104.60000000000001,98.27799999999998,0.05,0.15,47,success,1,1,0,0,26,3,0,6,1,32,1.2719326467735046,14.456886667482177,0.0,0.0,0.99,8,exponential
q_learning,shaped_eps-exponential_seed3,shaped,3,4a77b6e251,1652,176,94.70000000000002,98.197,0.05,0.15,49,success,1,1,0,0,36,3,0,4,1,40,1.6880468924689538,25.497193941430606,0.0,0.0,0.99,8,exponential
q_learning,shaped_eps-exponential_seed3,shaped,3,4a77b6e251,1653,178,95.60000000000001,98.06650000000002,0.05,0.15,47,success,1,1,0,0,30,4,0,4,1,41,1.4661405759120358,27.323996010556016,0.0,0.0,0.99,8,exponential
q_learning,shaped_eps-exponential_seed3,shaped,3,4a77b6e251,1654,178,82.59999999999994,98.1055,0.05,0.15,47,success,1,1,0,0,38,5,0,4,1,42,1.3390006142933746,15.232833871005063,0.0,0.0,0.99,8,exponential
q_learning,shaped_eps-exponential_seed3,shaped,3,4a77b6e251,1655,177,82.64999999999995,98.006,0.05,0.15,48,success,1,1,0,0,43,4,0,2,1,49,1.8153633462395922,22.952178475400096,0.0,0.0,0.99,8,exponential
q_learning,shaped_eps-exponential_seed3,shaped,3,4a77b6e251,1656,174,94.8,98.05949999999999,0.05,0.15,51,success,1,1,0,0,36,3,0,5,1,38,1.2433149692944618,19.630880119479766,0.0,0.0,0.99,8,exponential
q_learning,shaped_eps-exponential_seed3,shaped,3,4a77b6e251,1657,174,107.80000000000001,98.14949999999997,0.05,0.15,51,success,1,1,0,0,28,2,0,4,1,35,1.757653130955632,64.33217389874639,0.0,0.0,0.99,8,exponential
q_learning,shaped_eps-exponential_seed3,shaped,3,4a77b6e251,1658,175,105.75000000000001,98.23199999999996,0.05,0.15,50,success,1,1,0,0,25,3,0,6,1,33,1.3668845576045419,20.30907507440388,0.0,0.0,0.99,8,exponential
q_learning,shaped_eps-exponential_seed3,shaped,3,4a77b6e251,1659,174,106.80000000000001,98.22199999999995,0.05,0.15,51,success,1,1,0,0,24,3,0,5,1,27,1.4120844924014,12.526588246165133,0.0,0.0,0.99,8,exponential
q_learning,shaped_eps-exponential_seed3,shaped,3,4a77b6e251,1660,176,102.70000000000002,98.22199999999997,0.05,0.15,49,success,1,1,0,0,28,3,0,7,1,30,1.2946774318579832,18.22499539262422,0.0,0.0,0.99,8,exponential
q_learning,shaped_eps-exponential_seed3,shaped,3,4a77b6e251,1661,174,92.79999999999997,98.19399999999997,0.05,0.15,51,success,1,1,0,0,38,3,0,4,1,42,1.7309273917015162,32.16214331339174,0.0,0.0,0.99,8,exponential
q_learning,shaped_eps-exponential_seed3,shaped,3,4a77b6e251,1662,177,110.64999999999996,98.24349999999997,0.05,0.15,48,success,1,1,0,0,25,2,0,5,1,26,1.119025165492061,12.508711825143678,0.0,0.0,0.99,8,exponential
q_learning,shaped_eps-exponential_seed3,shaped,3,4a77b6e251,1663,180,113.49999999999996,98.36149999999996,0.05,0.15,45,success,1,1,0,0,22,2,0,9,1,26,1.214014784068214,19.478572004304617,0.0,0.0,0.99,8,exponential
q_learning,shaped_eps-exponential_seed3,shaped,3,4a77b6e251,1664,176,105.70000000000002,98.33099999999996,0.05,0.15,49,success,1,1,0,0,30,2,0,7,1,35,1.6014223886203387,25.946405951954933,0.0,0.0,0.99,8,exponential
q_learning,shaped_eps-exponential_seed3,shaped,3,4a77b6e251,1665,174,91.79999999999998,98.332,0.05,0.15,51,success,1,1,0,0,34,4,0,4,1,39,1.523099940630107,28.569828666632688,0.0,0.0,0.99,8,exponential
q_learning,shaped_eps-exponential_seed3,shaped,3,4a77b6e251,1666,177,99.65,98.22099999999996,0.05,0.15,48,success,1,1,0,0,31,3,0,3,1,39,1.6415512141543103,38.40620857477171,0.0,0.0,0.99,8,exponential
q_learning,shaped_eps-exponential_seed3,shaped,3,4a77b6e251,1667,177,100.65,98.23999999999997,0.05,0.15,48,success,1,1,0,0,25,4,0,7,1,27,1.1475459620068278,12.893361992384172,0.0,0.0,0.99,8,exponential
q_learning,shaped_eps-exponential_seed3,shaped,3,4a77b6e251,1668,174,99.80000000000003,98.22999999999996,0.05,0.15,51,success,1,1,0,0,26,4,0,3,1,33,1.6325122152625795,24.575388925814792,0.0,0.0,0.99,8,exponential
q_learning,shaped_eps-exponential_seed3,shaped,3,4a77b6e251,1669,180,93.5,98.26749999999997,0.05,0.15,45,success,1,1,0,0,42,2,0,3,1,44,1.6184172961665024,29.644908861156175,0.0,0.0,0.99,8,exponential
q_learning,shaped_eps-exponential_seed3,shaped,3,4a77b6e251,1670,178,97.59999999999998,98.24599999999998,0.05,0.15,47,success,1,1,0,0,38,2,0,7,1,40,2.1607863933661458,35.66542311026834,0.0,0.0,0.99,8,exponential
q_learning,shaped_eps-exponential_seed3,shaped,3,4a77b6e251,1671,180,96.50000000000003,98.26349999999998,0.05,0.15,45,success,1,1,0,0,34,3,0,7,1,40,1.512376540090838,30.09214901359843,0.0,0.0,0.99,8,exponential
q_learning,shaped_eps-exponential_seed3,shaped,3,4a77b6e251,1672,180,95.50000000000001,98.2425,0.05,0.15,45,success,1,1,0,0,40,2,0,1,1,48,1.3791449939501357,33.188033476511066,0.0,0.0,0.99,8,exponential
q_learning,shaped_eps-exponential_seed3,shaped,3,4a77b6e251,1673,175,102.75000000000001,98.18350000000001,0.05,0.15,50,success,1,1,0,0,33,2,0,4,1,34,1.3111713405860477,19.73459153599413,0.0,0.0,0.99,8,exponential
q_learning,shaped_eps-exponential_seed3,shaped,3,4a77b6e251,1674,176,113.69999999999999,98.193,0.05,0.15,49,success,1,1,0,0,22,2,0,6,1,28,1.254619397431962,23.148297984383486,0.0,0.0,0.99,8,exponential
q_learning,shaped_eps-exponential_seed3,shaped,3,4a77b6e251,1675,178,103.60000000000001,98.433,0.05,0.15,47,success,1,1,0,0,32,2,0,2,1,36,1.662795396595638,45.63647264024965,0.0,0.0,0.99,8,exponential
q_learning,shaped_eps-exponential_seed3,shaped,3,4a77b6e251,1676,174,81.79999999999994,98.24449999999999,0.05,0.15,51,success,1,1,0,0,34,6,0,6,1,36,1.4987122914688797,27.028961203616376,0.0,0.0,0.99,8,exponential
q_learning,shaped_eps-exponential_seed3,shaped,3,4a77b6e251,1677,176,97.7,98.24700000000001,0.05,0.15,49,success,1,1,0,0,28,4,0,5,1,27,1.836034039086667,64.51809507965424,0.0,0.0,0.99,8,exponential
q_learning,shaped_eps-exponential_seed3,shaped,3,4a77b6e251,1678,176,96.70000000000002,98.39699999999999,0.05,0.15,49,success,1,1,0,0,34,3,0,3,1,27,1.4239709988167553,32.174716480808364,0.0,0.0,0.99,8,exponential
q_learning,shaped_eps-exponential_seed3,shaped,3,4a77b6e251,1679,177,100.65,98.237,0.05,0.15,48,success,1,1,0,0,35,2,0,1,1,29,1.6396239330867655,33.67312371332627,0.0,0.0,0.99,8,exponential
q_learning,shaped_eps-exponential_seed3,shaped,3,4a77b6e251,1680,180,101.50000000000001,98.204,0.05,0.15,45,success,1,1,0,0,34,2,0,4,1,38,1.4673170410525924,28.025858169884074,0.0,0.0,0.99,8,exponential
q_learning,shaped_eps-exponential_seed3,shaped,3,4a77b6e251,1681,177,89.64999999999995,98.06299999999999,0.05,0.15,48,success,1,1,0,0,31,5,0,5,1,31,2.0206152570685907,28.476900729652435,0.0,0.0,0.99,8,exponential
q_learning,shaped_eps-exponential_seed3,shaped,3,4a77b6e251,1682,183,85.34999999999994,97.87849999999999,0.05,0.15,42,success,1,1,0,0,35,5,0,6,1,36,1.8092972355302221,21.46151181095398,0.0,0.0,0.99,8,exponential
q_learning,shaped_eps-exponential_seed3,shaped,3,4a77b6e251,1683,180,79.49999999999997,97.89849999999998,0.05,0.15,45,success,1,1,0,0,36,6,0,2,1,32,2.856440657691579,47.79700063523289,0.0,0.0,0.99,8,exponential
q_learning,shaped_eps-exponential_seed3,shaped,3,4a77b6e251,1684,176,85.69999999999996,97.8985,0.05,0.15,49,success,1,1,0,0,40,4,0,2,1,42,1.7021900268676937,23.114961482881057,0.0,0.0,0.99,8,exponential
q_learning,shaped_eps-exponential_seed3,shaped,3,4a77b6e251,1685,175,92.74999999999996,97.78800000000001,0.05,0.15,50,success,1,1,0,0,33,4,0,6,1,34,1.262700987533164,16.48680191195975,0.0,0.0,0.99,8,exponential
q_learning,shaped_eps-exponential_seed3,shaped,3,4a77b6e251,1686,177,97.65,97.81749999999998,0.05,0.15,48,success,1,1,0,0,33,3,0,5,1,37,1.3353996109785495,24.853771260059723,0.0,0.0,0.99,8,exponential
q_learning,shaped_eps-exponential_seed3,shaped,3,4a77b6e251,1687,177,92.64999999999995,97.71749999999999,0.05,0.15,48,success,1,1,0,0,43,2,0,6,1,48,1.8882538460607348,26.075261145778487,0.0,0.0,0.99,8,exponential
q_learning,shaped_eps-exponential_seed3,shaped,3,4a77b6e251,1688,178,97.60000000000001,97.63699999999999,0.05,0.15,47,success,1,1,0,0,38,2,0,4,1,43,1.502339906649735,17.970002267655687,0.0,0.0,0.99,8,exponential
q_learning,shaped_eps-exponential_seed3,shaped,3,4a77b6e251,1689,176,102.7,97.88699999999999,0.05,0.15,49,success,1,1,0,0,28,3,0,5,1,34,1.4627062337962387,20.004331190384775,0.0,0.0,0.99,8,exponential
q_learning,shaped_eps-exponential_seed3,shaped,3,4a77b6e251,1690,179,108.54999999999995,98.095,0.05,0.15,46,success,1,1,0,0,27,2,0,5,1,30,1.3135461606393053,20.56893471117131,0.0,0.0,0.99,8,exponential
q_learning,shaped_eps-exponential_seed3,shaped,3,4a77b6e251,1691,176,98.7,98.00399999999999,0.05,0.15,49,success,1,1,0,0,32,3,0,6,1,37,1.4719987998227528,18.982167772363738,0.0,0.0,0.99,8,exponential
q_learning,shaped_eps-exponential_seed3,shaped,3,4a77b6e251,1692,177,111.64999999999992,98.12549999999999,0.05,0.15,48,success,1,1,0,0,19,3,0,6,1,22,1.4746022441174358,38.77961709657836,0.0,0.0,0.99,8,exponential
q_learning,shaped_eps-exponential_seed3,shaped,3,4a77b6e251,1693,178,108.6,98.1975,0.05,0.15,47,success,1,1,0,0,22,3,0,7,1,25,1.5224462660879383,25.358927287480157,0.0,0.0,0.99,8,exponential
q_learning,shaped_eps-exponential_seed3,shaped,3,4a77b6e251,1694,175,103.75000000000001,98.29849999999999,0.05,0.15,50,success,1,1,0,0,27,3,0,5,1,30,1.5371373758390383,21.694511407356952,0.0,0.0,0.99,8,exponential
q_learning,shaped_eps-exponential_seed3,shaped,3,4a77b6e251,1695,182,102.4,98.37549999999999,0.05,0.15,43,success,1,1,0,0,28,3,0,5,1,35,1.4055785289184897,25.421551867734955,0.0,0.0,0.99,8,exponential
q_learning,shaped_eps-exponential_seed3,shaped,3,4a77b6e251,1696,171,106.95000000000002,98.34899999999999,0.05,0.15,54,success,1,1,0,0,29,2,0,1,1,37,1.8646209577273942,32.374076674497616,0.0,0.0,0.99,8,exponential
q_learning,shaped_eps-exponential_seed3,shaped,3,4a77b6e251,1697,174,111.79999999999994,98.502,0.05,0.15,51,success,1,1,0,0,24,2,0,5,1,28,1.1808410727160354,12.957894111258327,0.0,0.0,0.99,8,exponential
q_learning,shaped_eps-exponential_seed3,shaped,3,4a77b6e251,1698,176,92.69999999999996,98.5715,0.05,0.15,49,success,1,1,0,0,38,3,0,6,1,41,1.7807640085002794,42.06874554005963,0.0,0.0,0.99,8,exponential
q_learning,shaped_eps-exponential_seed3,shaped,3,4a77b6e251,1699,177,98.65,98.46,0.05,0.15,48,success,1,1,0,0,37,2,0,5,1,38,1.5487540369675679,20.381616789678755,0.0,0.0,0.99,8,exponential
q_learning,shaped_eps-exponential_seed3,shaped,3,4a77b6e251,1700,176,107.70000000000002,98.62899999999999,0.05,0.15,49,success,1,1,0,0,28,2,0,5,1,30,1.2263878203307117,14.645419068298999,0.0,0.0,0.99,8,exponential
q_learning,shaped_eps-exponential_seed3,shaped,3,4a77b6e251,1701,177,93.65000000000002,98.554,0.05,0.15,48,success,1,1,0,0,37,3,0,5,1,42,1.1099043470347858,13.052236806228406,0.0,0.0,0.99,8,exponential
q_learning,shaped_eps-exponential_seed3,shaped,3,4a77b6e251,1702,175,89.74999999999997,98.58699999999999,0.05,0.15,50,success,1,1,0,0,31,5,0,7,1,30,1.442393093620407,30.097837599817726,0.0,0.0,0.99,8,exponential
q_learning,shaped_eps-exponential_seed3,shaped,3,4a77b6e251,1703,178,108.60000000000002,98.676,0.05,0.15,47,success,1,1,0,0,22,3,0,6,1,31,1.1686030244806551,12.844354336240826,0.0,0.0,0.99,8,exponential
q_learning,shaped_eps-exponential_seed3,shaped,3,4a77b6e251,1704,178,107.6,98.74449999999999,0.05,0.15,47,success,1,1,0,0,28,2,0,5,1,38,1.40153237519721,25.405217070575162,0.0,0.0,0.99,8,exponential
q_learning,shaped_eps-exponential_seed3,shaped,3,4a77b6e251,1705,179,108.55000000000003,98.71399999999998,0.05,0.15,46,success,1,1,0,0,27,2,0,4,1,31,1.406713381471103,15.914602984809903,0.0,0.0,0.99,8,exponential
q_learning,shaped_eps-exponential_seed3,shaped,3,4a77b6e251,1706,176,105.7,98.98349999999999,0.05,0.15,49,success,1,1,0,0,30,2,0,5,1,30,1.6266745085718846,24.27302247477944,0.0,0.0,0.99,8,exponential
q_learning,shaped_eps-exponential_seed3,shaped,3,4a77b6e251,1707,176,83.69999999999993,98.75300000000001,0.05,0.15,49,success,1,1,0,0,32,6,0,4,1,33,1.3803577652515922,14.263243290663603,0.0,0.0,0.99,8,exponential
q_learning,shaped_eps-exponential_seed3,shaped,3,4a77b6e251,1708,177,98.65000000000002,98.8535,0.05,0.15,48,success,1,1,0,0,27,4,0,5,1,30,1.130170864843165,20.087820376267125,0.0,0.0,0.99,8,exponential
q_learning,shaped_eps-exponential_seed3,shaped,3,4a77b6e251,1709,181,103.45000000000002,98.82350000000001,0.05,0.15,44,success,1,1,0,0,27,3,0,5,1,33,2.6151788959783477,94.53102672701111,0.0,0.0,0.99,8,exponential
q_learning,shaped_eps-exponential_seed3,shaped,3,4a77b6e251,1710,178,103.60000000000002,99.0225,0.05,0.15,47,success,1,1,0,0,32,2,0,6,1,36,1.4627514083938824,22.186319969465714,0.0,0.0,0.99,8,exponential
q_learning,shaped_eps-exponential_seed3,shaped,3,4a77b6e251,1711,176,101.70000000000002,98.94550000000001,0.05,0.15,49,success,1,1,0,0,34,2,0,4,1,38,1.750812056784561,30.853591544866273,0.0,0.0,0.99,8,exponential
q_learning,shaped_eps-exponential_seed3,shaped,3,4a77b6e251,1712,187,90.14999999999998,98.97,0.05,0.15,38,success,1,1,0,0,35,4,0,4,1,35,1.6672326897014433,48.11594959145895,0.0,0.0,0.99,8,exponential
q_learning,shaped_eps-exponential_seed3,shaped,3,4a77b6e251,1713,181,81.44999999999999,98.74750000000002,0.05,0.15,44,success,1,1,0,0,49,3,0,1,1,40,1.3301703439210044,30.173977345538624,0.0,0.0,0.99,8,exponential
q_learning,shaped_eps-exponential_seed3,shaped,3,4a77b6e251,1714,179,84.54999999999998,98.666,0.05,0.15,46,success,1,1,0,0,41,4,0,1,1,43,2.082444526436596,32.84500992977235,0.0,0.0,0.99,8,exponential
q_learning,shaped_eps-exponential_seed3,shaped,3,4a77b6e251,1715,185,100.25,98.71350000000001,0.05,0.15,40,success,1,1,0,0,35,2,0,3,1,39,1.8194959379772537,49.54255913809035,0.0,0.0,0.99,8,exponential
q_learning,shaped_eps-exponential_seed3,shaped,3,4a77b6e251,1716,172,97.9,98.59449999999998,0.05,0.15,53,success,1,1,0,0,28,4,0,1,1,30,1.919449064003912,50.06979005832196,0.0,0.0,0.99,8,exponential
q_learning,shaped_eps-exponential_seed3,shaped,3,4a77b6e251,1717,175,106.75000000000001,98.72449999999999,0.05,0.15,50,success,1,1,0,0,29,2,0,4,1,31,0.9592603352269833,11.372094652670555,0.0,0.0,0.99,8,exponential
q_learning,shaped_eps-exponential_seed3,shaped,3,4a77b6e251,1718,174,94.80000000000003,98.62599999999999,0.05,0.15,51,success,1,1,0,0,36,3,0,4,1,38,1.6713204168569853,44.33786132517179,0.0,0.0,0.99,8,exponential
q_learning,shaped_eps-exponential_seed3,shaped,3,4a77b6e251,1719,175,96.75000000000001,98.68699999999998,0.05,0.15,50,success,1,1,0,0,39,2,0,4,1,42,1.595632353659305,23.48841708306383,0.0,0.0,0.99,8,exponential
q_learning,shaped_eps-exponential_seed3,shaped,3,4a77b6e251,1720,174,107.80000000000001,98.928,0.05,0.15,51,success,1,1,0,0,28,2,0,4,1,25,1.5907048057714173,24.353146140219202,0.0,0.0,0.99,8,exponential
q_learning,shaped_eps-exponential_seed3,shaped,3,4a77b6e251,1721,177,78.64999999999993,98.67649999999998,0.05,0.15,48,success,1,1,0,0,37,6,0,3,1,41,1.7970995973307002,26.9616147134441,0.0,0.0,0.99,8,exponential
q_learning,shaped_eps-exponential_seed3,shaped,3,4a77b6e251,1722,176,93.69999999999997,98.84549999999999,0.05,0.15,49,success,1,1,0,0,32,4,0,5,1,39,1.3171216003081092,14.406303319898216,0.0,0.0,0.99,8,exponential
q_learning,shaped_eps-exponential_seed3,shaped,3,4a77b6e251,1723,177,91.65,98.7555,0.05,0.15,48,success,1,1,0,0,39,3,0,2,1,43,1.5442514451943175,25.73603663052907,0.0,0.0,0.99,8,exponential
q_learning,shaped_eps-exponential_seed3,shaped,3,4a77b6e251,1724,176,93.7,98.80799999999999,0.05,0.15,49,success,1,1,0,0,32,4,0,1,1,38,2.0783852295809,41.197361481627624,0.0,0.0,0.99,8,exponential
q_learning,shaped_eps-exponential_seed3,shaped,3,4a77b6e251,1725,182,96.40000000000002,98.72550000000001,0.05,0.15,43,success,1,1,0,0,34,3,0,1,1,44,1.4806887759483498,26.155944581380304,0.0,0.0,0.99,8,exponential
q_learning,shaped_eps-exponential_seed3,shaped,3,4a77b6e251,1726,180,96.50000000000001,98.59349999999999,0.05,0.15,45,success,1,1,0,0,34,3,0,5,1,42,1.9058841516325173,60.9894788363249,0.0,0.0,0.99,8,exponential
q_learning,shaped_eps-exponential_seed3,shaped,3,4a77b6e251,1727,178,109.60000000000001,98.7225,0.05,0.15,47,success,1,1,0,0,26,2,0,6,1,30,1.131653189974042,25.00733403921194,0.0,0.0,0.99,8,exponential
q_learning,shaped_eps-exponential_seed3,shaped,3,4a77b6e251,1728,177,96.65000000000002,98.853,0.05,0.15,48,success,1,1,0,0,39,2,0,3,1,43,1.1819582320524449,19.602026144944517,0.0,0.0,0.99,8,exponential
q_learning,shaped_eps-exponential_seed3,shaped,3,4a77b6e251,1729,180,87.49999999999996,98.71400000000001,0.05,0.15,45,success,1,1,0,0,28,6,0,2,1,43,1.3719910116859002,12.480030594491417,0.0,0.0,0.99,8,exponential
q_learning,shaped_eps-exponential_seed3,shaped,3,4a77b6e251,1730,174,104.80000000000001,98.745,0.05,0.15,51,success,1,1,0,0,26,3,0,4,1,32,1.379119288861952,31.21204392372,0.0,0.0,0.99,8,exponential
q_learning,shaped_eps-exponential_seed3,shaped,3,4a77b6e251,1731,177,108.64999999999999,98.78499999999998,0.05,0.15,48,success,1,1,0,0,27,2,0,5,1,34,1.4390366752656263,24.59326770909143,0.0,0.0,0.99,8,exponential
q_learning,shaped_eps-exponential_seed3,shaped,3,4a77b6e251,1732,180,107.5,98.93299999999999,0.05,0.15,45,success,1,1,0,0,28,2,0,8,1,31,1.4496923495018779,30.65283371686145,0.0,0.0,0.99,8,exponential
q_learning,shaped_eps-exponential_seed3,shaped,3,4a77b6e251,1733,177,94.64999999999999,98.78299999999999,0.05,0.15,48,success,1,1,0,0,31,4,0,2,1,38,1.4950866724938243,17.6789677191008,0.0,0.0,0.99,8,exponential
q_learning,shaped_eps-exponential_seed3,shaped,3,4a77b6e251,1734,177,99.65,98.80249999999998,0.05,0.15,48,success,1,1,0,0,31,3,0,5,1,38,1.128704478510107,9.708181529195052,0.0,0.0,0.99,8,exponential
q_learning,shaped_eps-exponential_seed3,shaped,3,4a77b6e251,1735,174,101.80000000000001,98.928,0.05,0.15,51,success,1,1,0,0,34,2,0,6,1,36,1.3123915852429782,16.736531171906336,0.0,0.0,0.99,8,exponential
q_learning,shaped_eps-exponential_seed3,shaped,3,4a77b6e251,1736,175,102.75000000000001,98.94049999999999,0.05,0.15,50,success,1,1,0,0,33,2,0,4,1,37,1.8148191497818549,25.351910025439047,0.0,0.0,0.99,8,exponential
q_learning,shaped_eps-exponential_seed3,shaped,3,4a77b6e251,1737,175,89.74999999999994,98.83049999999997,0.05,0.15,50,success,1,1,0,0,31,5,0,5,1,33,1.4443437021785166,15.717559983166826,0.0,0.0,0.99,8,exponential
q_learning,shaped_eps-exponential_seed3,shaped,3,4a77b6e251,1738,177,98.65,98.79099999999998,0.05,0.15,48,success,1,1,0,0,37,2,0,1,1,39,1.5797386624394167,53.187300244905835,0.0,0.0,0.99,8,exponential
q_learning,shaped_eps-exponential_seed3,shaped,3,4a77b6e251,1739,181,96.45000000000002,98.8685,0.05,0.15,44,success,1,1,0,0,29,4,0,8,1,36,1.3381496049978725,18.35642706868813,0.0,0.0,0.99,8,exponential
q_learning,shaped_eps-exponential_seed3,shaped,3,4a77b6e251,1740,176,115.69999999999996,99.13750000000002,0.05,0.15,49,success,1,1,0,0,20,2,0,4,1,27,1.4601425683225522,25.114462296447943,0.0,0.0,0.99,8,exponential
q_learning,shaped_eps-exponential_seed3,shaped,3,4a77b6e251,1741,174,107.80000000000001,99.233,0.05,0.15,51,success,1,1,0,0,28,2,0,7,1,28,1.5605104050918321,24.172651049896473,0.0,0.0,0.99,8,exponential
q_learning,shaped_eps-exponential_seed3,shaped,3,4a77b6e251,1742,183,95.35,99.18350000000001,0.05,0.15,42,success,1,1,0,0,35,3,0,5,1,43,1.3887413493132257,28.50347854738098,0.0,0.0,0.99,8,exponential
q_learning,shaped_eps-exponential_seed3,shaped,3,4a77b6e251,1743,175,82.74999999999994,98.89399999999999,0.05,0.15,50,success,1,1,0,0,33,6,0,5,1,35,1.4165968333411911,19.468628216582317,0.0,0.0,0.99,8,exponential
q_learning,shaped_eps-exponential_seed3,shaped,3,4a77b6e251,1744,181,94.45000000000002,98.774,0.05,0.15,44,success,1,1,0,0,41,2,0,5,1,43,1.5333611963467646,40.34343372719344,0.0,0.0,0.99,8,exponential
q_learning,shaped_eps-exponential_seed3,shaped,3,4a77b6e251,1745,174,96.80000000000001,98.685,0.05,0.15,51,success,1,1,0,0,34,3,0,2,1,34,1.3697235528966676,21.565683672813844,0.0,0.0,0.99,8,exponential
q_learning,shaped_eps-exponential_seed3,shaped,3,4a77b6e251,1746,175,98.75000000000001,98.62599999999999,0.05,0.15,50,success,1,1,0,0,27,4,0,7,1,28,1.5490310443957735,25.889317464418518,0.0,0.0,0.99,8,exponential
q_learning,shaped_eps-exponential_seed3,shaped,3,4a77b6e251,1747,179,75.54999999999994,98.35349999999998,0.05,0.15,46,success,1,1,0,0,35,7,0,5,1,34,1.6813342620717795,24.213942470380648,0.0,0.0,0.99,8,exponential
q_learning,shaped_eps-exponential_seed3,shaped,3,4a77b6e251,1748,175,106.75000000000001,98.35549999999999,0.05,0.15,50,success,1,1,0,0,29,2,0,6,1,31,1.5488222273260102,37.99265824008522,0.0,0.0,0.99,8,exponential
q_learning,shaped_eps-exponential_seed3,shaped,3,4a77b6e251,1749,174,94.79999999999993,98.39799999999997,0.05,0.15,51,success,1,1,0,0,36,3,0,5,1,39,1.427945072382108,33.70211250228409,0.0,0.0,0.99,8,exponential
q_learning,shaped_eps-exponential_seed3,shaped,3,4a77b6e251,1750,175,96.75000000000001,98.28849999999998,0.05,0.15,50,success,1,1,0,0,39,2,0,5,1,41,1.3115132853435354,13.119061198941672,0.0,0.0,0.99,8,exponential
q_learning,shaped_eps-exponential_seed3,shaped,3,4a77b6e251,1751,182,101.4,98.25649999999997,0.05,0.15,43,success,1,1,0,0,34,2,0,5,1,37,1.272578482212732,19.539718565864955,0.0,0.0,0.99,8,exponential
q_learning,shaped_eps-exponential_seed3,shaped,3,4a77b6e251,1752,177,79.64999999999995,98.10599999999998,0.05,0.15,48,success,1,1,0,0,41,5,0,2,1,45,1.477274953603575,21.703352817434972,0.0,0.0,0.99,8,exponential
q_learning,shaped_eps-exponential_seed3,shaped,3,4a77b6e251,1753,191,91.94999999999999,98.06949999999999,0.05,0.15,34,success,1,1,0,0,33,4,0,2,1,50,1.84617283447614,81.20049504612975,0.0,0.0,0.99,8,exponential
q_learning,shaped_eps-exponential_seed3,shaped,3,4a77b6e251,1754,174,100.80000000000001,98.25149999999998,0.05,0.15,51,success,1,1,0,0,30,3,0,6,1,32,1.6030879593521337,16.937021418129312,0.0,0.0,0.99,8,exponential
q_learning,shaped_eps-exponential_seed3,shaped,3,4a77b6e251,1755,177,92.65,98.35149999999997,0.05,0.15,48,success,1,1,0,0,33,4,0,2,1,35,1.5113954209886609,18.419053662059916,0.0,0.0,0.99,8,exponential
q_learning,shaped_eps-exponential_seed3,shaped,3,4a77b6e251,1756,182,82.39999999999995,98.2275,0.05,0.15,43,success,1,1,0,0,38,5,0,7,1,47,1.3635281906874162,26.96035494883583,0.0,0.0,0.99,8,exponential
q_learning,shaped_eps-exponential_seed3,shaped,3,4a77b6e251,1757,177,91.64999999999999,98.06599999999997,0.05,0.15,48,success,1,1,0,0,29,5,0,3,1,31,1.7392009217866382,29.73753329686727,0.0,0.0,0.99,8,exponential
q_learning,shaped_eps-exponential_seed3,shaped,3,4a77b6e251,1758,179,107.54999999999994,98.08399999999997,0.05,0.15,46,success,1,1,0,0,23,3,0,2,1,29,1.246316492118668,18.196831442100297,0.0,0.0,0.99,8,exponential
q_learning,shaped_eps-exponential_seed3,shaped,3,4a77b6e251,1759,174,103.80000000000001,98.05399999999997,0.05,0.15,51,success,1,1,0,0,32,2,0,5,1,34,1.6213822691933046,34.79381368080434,0.0,0.0,0.99,8,exponential
q_learning,shaped_eps-exponential_seed3,shaped,3,4a77b6e251,1760,176,84.69999999999993,97.874,0.05,0.15,49,success,1,1,0,0,36,5,0,7,1,43,1.2548342548288696,13.563789856355307,0.0,0.0,0.99,8,exponential
q_learning,shaped_eps-exponential_seed3,shaped,3,4a77b6e251,1761,183,78.34999999999997,97.72949999999999,0.05,0.15,42,success,1,1,0,0,27,8,0,5,1,32,1.310762979866966,18.838882950197764,0.0,0.0,0.99,8,exponential
q_learning,shaped_eps-exponential_seed3,shaped,3,4a77b6e251,1762,178,107.59999999999998,97.69900000000001,0.05,0.15,47,success,1,1,0,0,28,2,0,3,1,34,1.21097658156076,26.406219128151186,0.0,0.0,0.99,8,exponential
q_learning,shaped_eps-exponential_seed3,shaped,3,4a77b6e251,1763,185,101.25,97.57650000000001,0.05,0.15,40,success,1,1,0,0,29,3,0,5,1,35,1.6099169954934713,23.427303045306985,0.0,0.0,0.99,8,exponential
q_learning,shaped_eps-exponential_seed3,shaped,3,4a77b6e251,1764,181,91.45,97.43400000000001,0.05,0.15,44,success,1,1,0,0,39,3,0,1,1,36,1.5240950112268348,19.37505239160283,0.0,0.0,0.99,8,exponential
q_learning,shaped_eps-exponential_seed3,shaped,3,4a77b6e251,1765,181,100.45,97.52050000000001,0.05,0.15,44,success,1,1,0,0,35,2,0,4,1,38,1.0336868407523265,9.220473112558352,0.0,0.0,0.99,8,exponential
q_learning,shaped_eps-exponential_seed3,shaped,3,4a77b6e251,1766,175,104.75,97.57150000000001,0.05,0.15,50,success,1,1,0,0,31,2,0,2,1,37,1.562251554510762,25.515801447634548,0.0,0.0,0.99,8,exponential
q_learning,shaped_eps-exponential_seed3,shaped,3,4a77b6e251,1767,180,103.50000000000001,97.6,0.05,0.15,45,success,1,1,0,0,32,2,0,6,1,38,1.476853513508665,22.229755930430517,0.0,0.0,0.99,8,exponential
q_learning,shaped_eps-exponential_seed3,shaped,3,4a77b6e251,1768,179,89.54999999999998,97.4975,0.05,0.15,46,success,1,1,0,0,41,3,0,3,1,40,1.2019273138470856,16.973211021807003,0.0,0.0,0.99,8,exponential
q_learning,shaped_eps-exponential_seed3,shaped,3,4a77b6e251,1769,177,101.65,97.579,0.05,0.15,48,success,1,1,0,0,29,3,0,7,1,37,1.6162819798364503,49.5515483718833,0.0,0.0,0.99,8,exponential
q_learning,shaped_eps-exponential_seed3,shaped,3,4a77b6e251,1770,183,96.35000000000001,97.56649999999998,0.05,0.15,42,success,1,1,0,0,29,4,0,2,1,39,1.9920593257202057,46.432698446594614,0.0,0.0,0.99,8,exponential
q_learning,shaped_eps-exponential_seed3,shaped,3,4a77b6e251,1771,176,107.7,97.6785,0.05,0.15,49,success,1,1,0,0,28,2,0,5,1,33,1.3877379033566424,46.33971987211103,0.0,0.0,0.99,8,exponential
q_learning,shaped_eps-exponential_seed3,shaped,3,4a77b6e251,1772,176,95.69999999999997,97.6805,0.05,0.15,49,success,1,1,0,0,30,4,0,5,1,39,1.5588269140829083,21.60478831841764,0.0,0.0,0.99,8,exponential
q_learning,shaped_eps-exponential_seed3,shaped,3,4a77b6e251,1773,176,101.69999999999999,97.67000000000002,0.05,0.15,49,success,1,1,0,0,24,4,0,5,1,30,1.4350492201885616,16.534501029363227,0.0,0.0,0.99,8,exponential
q_learning,shaped_eps-exponential_seed3,shaped,3,4a77b6e251,1774,182,105.4,97.58700000000003,0.05,0.15,43,success,1,1,0,0,30,2,0,3,1,39,1.4235232649297163,36.99810716300286,0.0,0.0,0.99,8,exponential
q_learning,shaped_eps-exponential_seed3,shaped,3,4a77b6e251,1775,175,88.74999999999997,97.4385,0.05,0.15,50,success,1,1,0,0,27,6,0,5,1,40,1.8366465587366025,20.65187464488364,0.0,0.0,0.99,8,exponential
q_learning,shaped_eps-exponential_seed3,shaped,3,4a77b6e251,1776,177,99.64999999999999,97.61699999999999,0.05,0.15,48,success,1,1,0,0,31,3,0,4,1,35,1.519253910537803,18.79112491592645,0.0,0.0,0.99,8,exponential
q_learning,shaped_eps-exponential_seed3,shaped,3,4a77b6e251,1777,176,95.70000000000002,97.597,0.05,0.15,49,success,1,1,0,0,40,2,0,5,1,43,1.376939495823372,28.621413316536767,0.0,0.0,0.99,8,exponential
q_learning,shaped_eps-exponential_seed3,shaped,3,4a77b6e251,1778,175,108.75000000000003,97.7175,0.05,0.15,50,success,1,1,0,0,27,2,0,2,1,31,1.3450805080658244,15.665071212081969,0.0,0.0,0.99,8,exponential
q_learning,shaped_eps-exponential_seed3,shaped,3,4a77b6e251,1779,176,103.70000000000002,97.748,0.05,0.15,49,success,1,1,0,0,32,2,0,1,1,34,1.6482452211505616,40.20166164383845,0.0,0.0,0.99,8,exponential
q_learning,shaped_eps-exponential_seed3,shaped,3,4a77b6e251,1780,176,107.7,97.81,0.05,0.15,49,success,1,1,0,0,28,2,0,5,1,34,1.903549118623304,34.63398800588823,0.0,0.0,0.99,8,exponential
q_learning,shaped_eps-exponential_seed3,shaped,3,4a77b6e251,1781,175,88.74999999999996,97.801,0.05,0.15,50,success,1,1,0,0,37,4,0,5,1,43,2.0772508085983206,25.7044626762441,0.0,0.0,0.99,8,exponential
q_learning,shaped_eps-exponential_seed3,shaped,3,4a77b6e251,1782,175,90.74999999999993,97.855,0.05,0.15,50,success,1,1,0,0,35,4,0,3,1,39,1.3181037403824285,20.800317195788594,0.0,0.0,0.99,8,exponential
q_learning,shaped_eps-exponential_seed3,shaped,3,4a77b6e251,1783,177,112.64999999999996,98.1865,0.05,0.15,48,success,1,1,0,0,23,2,0,8,1,27,1.2947847757327255,24.51222173578341,0.0,0.0,0.99,8,exponential
q_learning,shaped_eps-exponential_seed3,shaped,3,4a77b6e251,1784,183,106.35000000000002,98.39299999999999,0.05,0.15,42,success,1,1,0,0,29,2,0,2,1,40,1.2674205124512863,19.631608289630787,0.0,0.0,0.99,8,exponential
q_learning,shaped_eps-exponential_seed3,shaped,3,4a77b6e251,1785,175,103.75000000000001,98.50299999999999,0.05,0.15,50,success,1,1,0,0,27,3,0,5,1,31,1.17385948413853,12.632965416193084,0.0,0.0,0.99,8,exponential
q_learning,shaped_eps-exponential_seed3,shaped,3,4a77b6e251,1786,180,91.49999999999996,98.44149999999999,0.05,0.15,45,success,1,1,0,0,34,4,0,5,1,37,1.7631755294324143,21.033453892874107,0.0,0.0,0.99,8,exponential
q_learning,shaped_eps-exponential_seed3,shaped,3,4a77b6e251,1787,177,110.65,98.6215,0.05,0.15,48,success,1,1,0,0,25,2,0,4,1,29,1.6388623115038905,30.452391601698167,0.0,0.0,0.99,8,exponential
q_learning,shaped_eps-exponential_seed3,shaped,3,4a77b6e251,1788,174,103.80000000000001,98.68349999999998,0.05,0.15,51,success,1,1,0,0,32,2,0,3,1,35,1.3036767675637078,19.456027415998378,0.0,0.0,0.99,8,exponential
q_learning,shaped_eps-exponential_seed3,shaped,3,4a77b6e251,1789,176,107.7,98.7335,0.05,0.15,49,success,1,1,0,0,28,2,0,6,1,27,1.0606119960889553,9.472862002928125,0.0,0.0,0.99,8,exponential
q_learning,shaped_eps-exponential_seed3,shaped,3,4a77b6e251,1790,174,91.79999999999993,98.56599999999999,0.05,0.15,51,success,1,1,0,0,34,4,0,6,1,35,1.3816120606814934,16.28225302024446,0.0,0.0,0.99,8,exponential
q_learning,shaped_eps-exponential_seed3,shaped,3,4a77b6e251,1791,176,101.70000000000002,98.59599999999999,0.05,0.15,49,success,1,1,0,0,34,2,0,3,1,37,1.1887598925190412,11.60073361445478,0.0,0.0,0.99,8,exponential
q_learning,shaped_eps-exponential_seed3,shaped,3,4a77b6e251,1792,175,95.75000000000001,98.43700000000001,0.05,0.15,50,success,1,1,0,0,35,3,0,1,1,38,2.0423099793091914,32.516394776921516,0.0,0.0,0.99,8,exponential
q_learning,shaped_eps-exponential_seed3,shaped,3,4a77b6e251,1793,178,79.59999999999994,98.14699999999999,0.05,0.15,47,success,1,1,0,0,36,6,0,8,1,35,1.8722021224508947,43.586828440474186,0.0,0.0,0.99,8,exponential
q_learning,shaped_eps-exponential_seed3,shaped,3,4a77b6e251,1794,176,98.70000000000002,98.09649999999999,0.05,0.15,49,success,1,1,0,0,32,3,0,7,1,37,1.486872427299093,17.698641768809242,0.0,0.0,0.99,8,exponential
q_learning,shaped_eps-exponential_seed3,shaped,3,4a77b6e251,1795,180,103.50000000000001,98.1075,0.05,0.15,45,success,1,1,0,0,32,2,0,2,1,37,2.206565849357691,74.42938937539498,0.0,0.0,0.99,8,exponential
q_learning,shaped_eps-exponential_seed3,shaped,3,4a77b6e251,1796,174,91.8,97.95599999999999,0.05,0.15,51,success,1,1,0,0,34,4,0,2,1,36,1.4700706419636114,15.829691843904456,0.0,0.0,0.99,8,exponential
q_learning,shaped_eps-exponential_seed3,shaped,3,4a77b6e251,1797,177,112.64999999999993,97.96449999999999,0.05,0.15,48,success,1,1,0,0,23,2,0,6,1,25,1.2812573369323041,18.905954710701373,0.0,0.0,0.99,8,exponential
q_learning,shaped_eps-exponential_seed3,shaped,3,4a77b6e251,1798,176,93.7,97.97449999999999,0.05,0.15,49,success,1,1,0,0,32,4,0,7,1,39,1.6615261122204403,53.15577695175028,0.0,0.0,0.99,8,exponential
q_learning,shaped_eps-exponential_seed3,shaped,3,4a77b6e251,1799,172,99.90000000000002,97.98699999999997,0.05,0.15,53,success,1,1,0,0,36,2,0,2,1,35,1.9848821557982002,43.64467140323057,0.0,0.0,0.99,8,exponential
q_learning,shaped_eps-exponential_seed3,shaped,3,4a77b6e251,1800,168,95.10000000000001,97.861,0.05,0.15,57,success,1,1,0,0,36,3,0,1,1,41,2.1757871414037178,49.49617765391126,0.0,0.0,0.99,8,exponential
q_learning,shaped_eps-exponential_seed3,shaped,3,4a77b6e251,1801,176,64.70000000000006,97.57150000000001,0.05,0.15,49,success,1,1,0,0,36,9,0,5,1,37,1.6178835992471576,19.30098302330955,0.0,0.0,0.99,8,exponential
q_learning,shaped_eps-exponential_seed3,shaped,3,4a77b6e251,1802,175,77.75,97.45150000000001,0.05,0.15,50,success,1,1,0,0,33,7,0,2,1,39,1.9583091582388878,66.01169153806391,0.0,0.0,0.99,8,exponential
q_learning,shaped_eps-exponential_seed3,shaped,3,4a77b6e251,1803,174,101.80000000000001,97.3835,0.05,0.15,51,success,1,1,0,0,34,2,0,5,1,39,1.3331412611980842,16.41148743874075,0.0,0.0,0.99,8,exponential
q_learning,shaped_eps-exponential_seed3,shaped,3,4a77b6e251,1804,176,94.69999999999999,97.25450000000001,0.05,0.15,49,success,1,1,0,0,36,3,0,5,1,41,2.2655936673339236,30.655638690033587,0.0,0.0,0.99,8,exponential
q_learning,shaped_eps-exponential_seed3,shaped,3,4a77b6e251,1805,174,105.80000000000001,97.22699999999999,0.05,0.15,51,success,1,1,0,0,30,2,0,5,1,30,1.6672244730847006,19.225738103104124,0.0,0.0,0.99,8,exponential
q_learning,shaped_eps-exponential_seed3,shaped,3,4a77b6e251,1806,176,103.70000000000002,97.20700000000001,0.05,0.15,49,success,1,1,0,0,32,2,0,7,1,29,1.764699189057191,18.421192790599584,0.0,0.0,0.99,8,exponential
q_learning,shaped_eps-exponential_seed3,shaped,3,4a77b6e251,1807,176,109.69999999999997,97.46700000000001,0.05,0.15,49,success,1,1,0,0,26,2,0,5,1,27,1.3984140048745801,15.656061271062244,0.0,0.0,0.99,8,exponential
q_learning,shaped_eps-exponential_seed3,shaped,3,4a77b6e251,1808,176,98.7,97.4675,0.05,0.15,49,success,1,1,0,0,32,3,0,4,1,36,1.272596178295926,14.28360210736469,0.0,0.0,0.99,8,exponential
q_learning,shaped_eps-exponential_seed3,shaped,3,4a77b6e251,1809,178,111.59999999999997,97.54900000000002,0.05,0.15,47,success,1,1,0,0,24,2,0,8,1,28,1.363712018394294,19.50071480149348,0.0,0.0,0.99,8,exponential
q_learning,shaped_eps-exponential_seed3,shaped,3,4a77b6e251,1810,174,97.80000000000001,97.491,0.05,0.15,51,success,1,1,0,0,38,2,0,4,1,38,1.5611469999904877,32.27216061795946,0.0,0.0,0.99,8,exponential
q_learning,shaped_eps-exponential_seed3,shaped,3,4a77b6e251,1811,178,103.60000000000001,97.51,0.05,0.15,47,success,1,1,0,0,32,2,0,4,1,32,1.4105211044431754,21.48503788576535,0.0,0.0,0.99,8,exponential
q_learning,shaped_eps-exponential_seed3,shaped,3,4a77b6e251,1812,176,99.7,97.60549999999999,0.05,0.15,49,success,1,1,0,0,36,2,0,3,1,41,1.2208596362943913,15.157638386067145,0.0,0.0,0.99,8,exponential
q_learning,shaped_eps-exponential_seed3,shaped,3,4a77b6e251,1813,175,80.74999999999993,97.5985,0.05,0.15,50,success,1,1,0,0,45,4,0,2,1,44,1.5704128141901623,24.895445572041943,0.0,0.0,0.99,8,exponential
q_learning,shaped_eps-exponential_seed3,shaped,3,4a77b6e251,1814,177,105.65,97.80949999999999,0.05,0.15,48,success,1,1,0,0,25,3,0,2,1,26,1.2624432793118732,17.309571397870045,0.0,0.0,0.99,8,exponential
q_learning,shaped_eps-exponential_seed3,shaped,3,4a77b6e251,1815,181,93.45,97.7415,0.05,0.15,44,success,1,1,0,0,37,3,0,4,1,38,1.3988282193055765,21.149808118237075,0.0,0.0,0.99,8,exponential
q_learning,shaped_eps-exponential_seed3,shaped,3,4a77b6e251,1816,174,102.80000000000001,97.79049999999998,0.05,0.15,51,success,1,1,0,0,28,3,0,5,1,30,1.9566088679471458,25.53211118363766,0.0,0.0,0.99,8,exponential
q_learning,shaped_eps-exponential_seed3,shaped,3,4a77b6e251,1817,174,103.80000000000001,97.76099999999997,0.05,0.15,51,success,1,1,0,0,32,2,0,4,1,32,1.9613332091953584,31.770221169502374,0.0,0.0,0.99,8,exponential
q_learning,shaped_eps-exponential_seed3,shaped,3,4a77b6e251,1818,196,108.70000000000002,97.9,0.05,0.15,29,success,1,1,0,0,26,2,0,1,1,36,2.780587658890934,70.46224143806974,0.0,0.0,0.99,8,exponential
q_learning,shaped_eps-exponential_seed3,shaped,3,4a77b6e251,1819,181,102.45,97.95700000000001,0.05,0.15,44,success,1,1,0,0,33,2,0,5,1,35,1.4039699099609897,22.20464998868183,0.0,0.0,0.99,8,exponential
q_learning,shaped_eps-exponential_seed3,shaped,3,4a77b6e251,1820,178,92.60000000000001,97.80500000000002,0.05,0.15,47,success,1,1,0,0,38,3,0,5,1,41,1.687214581541987,28.5508432438807,0.0,0.0,0.99,8,exponential
q_learning,shaped_eps-exponential_seed3,shaped,3,4a77b6e251,1821,177,102.65,98.045,0.05,0.15,48,success,1,1,0,0,33,2,0,5,1,36,1.5033966018155303,27.571505754729127,0.0,0.0,0.99,8,exponential
q_learning,shaped_eps-exponential_seed3,shaped,3,4a77b6e251,1822,177,91.64999999999996,98.0245,0.05,0.15,48,success,1,1,0,0,29,5,0,5,1,32,1.810191466662366,29.690599774567993,0.0,0.0,0.99,8,exponential
q_learning,shaped_eps-exponential_seed3,shaped,3,4a77b6e251,1823,174,107.80000000000003,98.186,0.05,0.15,51,success,1,1,0,0,28,2,0,7,1,37,1.1754939989411881,14.299293782895024,0.0,0.0,0.99,8,exponential
q_learning,shaped_eps-exponential_seed3,shaped,3,4a77b6e251,1824,179,99.55000000000001,98.24449999999997,0.05,0.15,46,success,1,1,0,0,31,3,0,5,1,36,1.3493590235105457,26.643312801748035,0.0,0.0,0.99,8,exponential
q_learning,shaped_eps-exponential_seed3,shaped,3,4a77b6e251,1825,176,85.69999999999995,98.13749999999999,0.05,0.15,49,success,1,1,0,0,30,6,0,5,1,35,1.266037349136354,13.210977841731847,0.0,0.0,0.99,8,exponential
q_learning,shaped_eps-exponential_seed3,shaped,3,4a77b6e251,1826,182,95.40000000000002,98.12649999999998,0.05,0.15,43,success,1,1,0,0,40,2,0,3,1,46,1.5102980524520955,23.243661242997874,0.0,0.0,0.99,8,exponential
q_learning,shaped_eps-exponential_seed3,shaped,3,4a77b6e251,1827,177,98.65000000000002,98.017,0.05,0.15,48,success,1,1,0,0,37,2,0,2,1,45,1.4211463269546438,19.038461260092113,0.0,0.0,0.99,8,exponential
q_learning,shaped_eps-exponential_seed3,shaped,3,4a77b6e251,1828,190,97.00000000000001,98.0205,0.05,0.15,35,success,1,1,0,0,38,2,0,5,1,42,1.6308713074087744,38.506564512597755,0.0,0.0,0.99,8,exponential
q_learning,shaped_eps-exponential_seed3,shaped,3,4a77b6e251,1829,181,104.45000000000002,98.19,0.05,0.15,44,success,1,1,0,0,31,2,0,3,1,37,1.2753835435150718,19.82289901673761,0.0,0.0,0.99,8,exponential
q_learning,shaped_eps-exponential_seed3,shaped,3,4a77b6e251,1830,172,82.89999999999996,97.97099999999999,0.05,0.15,53,success,1,1,0,0,38,5,0,2,1,42,2.054659709770927,40.45774480097398,0.0,0.0,0.99,8,exponential
q_learning,shaped_eps-exponential_seed3,shaped,3,4a77b6e251,1831,177,102.65000000000002,97.91099999999999,0.05,0.15,48,success,1,1,0,0,33,2,0,5,1,33,1.1626255397551934,18.80664576462229,0.0,0.0,0.99,8,exponential
q_learning,shaped_eps-exponential_seed3,shaped,3,4a77b6e251,1832,179,98.55000000000001,97.8215,0.05,0.15,46,success,1,1,0,0,37,2,0,3,1,41,1.556850895639049,20.34137407088039,0.0,0.0,0.99,8,exponential
q_learning,shaped_eps-exponential_seed3,shaped,3,4a77b6e251,1833,178,107.60000000000001,97.95099999999998,0.05,0.15,47,success,1,1,0,0,28,2,0,7,1,31,1.084813774075943,12.43792035607511,0.0,0.0,0.99,8,exponential
q_learning,shaped_eps-exponential_seed3,shaped,3,4a77b6e251,1834,175,91.75,97.87199999999999,0.05,0.15,50,success,1,1,0,0,39,3,0,3,1,39,1.4217852379532754,15.882982600271646,0.0,0.0,0.99,8,exponential
q_learning,shaped_eps-exponential_seed3,shaped,3,4a77b6e251,1835,175,94.75000000000001,97.80149999999999,0.05,0.15,50,success,1,1,0,0,31,4,0,6,1,36,1.350506537231295,18.530047568146188,0.0,0.0,0.99,8,exponential
q_learning,shaped_eps-exponential_seed3,shaped,3,4a77b6e251,1836,184,105.3,97.82699999999998,0.05,0.15,41,success,1,1,0,0,30,2,0,3,1,38,1.6458787224667049,20.322965465612384,0.0,0.0,0.99,8,exponential
q_learning,shaped_eps-exponential_seed3,shaped,3,4a77b6e251,1837,175,105.75000000000001,97.987,0.05,0.15,50,success,1,1,0,0,25,3,0,4,1,29,1.4748956093034995,33.866289213239696,0.0,0.0,0.99,8,exponential
q_learning,shaped_eps-exponential_seed3,shaped,3,4a77b6e251,1838,175,99.75000000000001,97.99799999999999,0.05,0.15,50,success,1,1,0,0,31,3,0,5,1,27,1.34275540052219,16.454032018574203,0.0,0.0,0.99,8,exponential
q_learning,shaped_eps-exponential_seed3,shaped,3,4a77b6e251,1839,175,106.75000000000001,98.10099999999998,0.05,0.15,50,success,1,1,0,0,29,2,0,2,1,31,1.703375936373147,28.82719566114131,0.0,0.0,0.99,8,exponential
q_learning,shaped_eps-exponential_seed3,shaped,3,4a77b6e251,1840,179,93.54999999999997,97.8795,0.05,0.15,46,success,1,1,0,0,27,5,0,5,1,35,1.7564395747618449,47.26200880699885,0.0,0.0,0.99,8,exponential
q_learning,shaped_eps-exponential_seed3,shaped,3,4a77b6e251,1841,174,68.80000000000001,97.48949999999999,0.05,0.15,51,success,1,1,0,0,42,7,0,2,1,51,1.7461109999062807,44.27943680834318,0.0,0.0,0.99,8,exponential
q_learning,shaped_eps-exponential_seed3,shaped,3,4a77b6e251,1842,172,103.9,97.57499999999999,0.05,0.15,53,success,1,1,0,0,32,2,0,5,1,32,1.894027816571742,36.33645219102441,0.0,0.0,0.99,8,exponential
q_learning,shaped_eps-exponential_seed3,shaped,3,4a77b6e251,1843,178,99.60000000000002,97.74349999999998,0.05,0.15,47,success,1,1,0,0,26,4,0,4,1,31,1.450499464043135,22.8231768177938,0.0,0.0,0.99,8,exponential
q_learning,shaped_eps-exponential_seed3,shaped,3,4a77b6e251,1844,173,103.85,97.8375,0.05,0.15,52,success,1,1,0,0,27,3,0,5,1,35,1.2371542595900826,28.523804531517925,0.0,0.0,0.99,8,exponential
q_learning,shaped_eps-exponential_seed3,shaped,3,4a77b6e251,1845,178,96.60000000000002,97.8355,0.05,0.15,47,success,1,1,0,0,34,3,0,7,1,38,1.359267135599425,17.96583658033571,0.0,0.0,0.99,8,exponential
q_learning,shaped_eps-exponential_seed3,shaped,3,4a77b6e251,1846,177,108.65,97.93450000000001,0.05,0.15,48,success,1,1,0,0,27,2,0,7,1,27,1.2524557695963525,12.844590518568843,0.0,0.0,0.99,8,exponential
q_learning,shaped_eps-exponential_seed3,shaped,3,4a77b6e251,1847,176,96.69999999999999,98.146,0.05,0.15,49,success,1,1,0,0,34,3,0,7,1,30,1.3323467907693054,16.151591107600183,0.0,0.0,0.99,8,exponential
q_learning,shaped_eps-exponential_seed3,shaped,3,4a77b6e251,1848,176,104.70000000000003,98.12550000000002,0.05,0.15,49,success,1,1,0,0,26,3,0,4,1,31,1.3330337917449944,31.724326788581067,0.0,0.0,0.99,8,exponential
q_learning,shaped_eps-exponential_seed3,shaped,3,4a77b6e251,1849,175,114.74999999999996,98.325,0.05,0.15,50,success,1,1,0,0,21,2,0,7,1,28,1.0567843034607614,17.585334086641694,0.0,0.0,0.99,8,exponential
q_learning,shaped_eps-exponential_seed3,shaped,3,4a77b6e251,1850,176,101.70000000000002,98.37450000000001,0.05,0.15,49,success,1,1,0,0,34,2,0,7,1,38,1.9264685115968836,41.77215390072534,0.0,0.0,0.99,8,exponential
q_learning,shaped_eps-exponential_seed3,shaped,3,4a77b6e251,1851,175,112.74999999999994,98.48800000000001,0.05,0.15,50,success,1,1,0,0,23,2,0,6,1,28,1.7885232117159606,37.16299371174238,0.0,0.0,0.99,8,exponential
q_learning,shaped_eps-exponential_seed3,shaped,3,4a77b6e251,1852,174,100.8,98.6995,0.05,0.15,51,success,1,1,0,0,30,3,0,5,1,32,1.5101566001613087,26.019251546669643,0.0,0.0,0.99,8,exponential
q_learning,shaped_eps-exponential_seed3,shaped,3,4a77b6e251,1853,185,93.25000000000003,98.7125,0.05,0.15,40,success,1,1,0,0,37,3,0,7,1,43,1.5592283701349934,19.682438905195383,0.0,0.0,0.99,8,exponential
q_learning,shaped_eps-exponential_seed3,shaped,3,4a77b6e251,1854,176,98.70000000000002,98.69149999999999,0.05,0.15,49,success,1,1,0,0,32,3,0,2,1,42,1.5448865212548482,65.24829471603452,0.0,0.0,0.99,8,exponential
q_learning,shaped_eps-exponential_seed3,shaped,3,4a77b6e251,1855,176,103.69999999999999,98.802,0.05,0.15,49,success,1,1,0,0,22,4,0,4,1,26,1.2555700924691278,13.778986926850715,0.0,0.0,0.99,8,exponential
q_learning,shaped_eps-exponential_seed3,shaped,3,4a77b6e251,1856,177,88.64999999999998,98.8645,0.05,0.15,48,success,1,1,0,0,37,4,0,3,1,38,1.6287762125410823,39.47881157468594,0.0,0.0,0.99,8,exponential
q_learning,shaped_eps-exponential_seed3,shaped,3,4a77b6e251,1857,174,102.80000000000001,98.976,0.05,0.15,51,success,1,1,0,0,28,3,0,6,1,27,1.531182794618899,19.965883884664194,0.0,0.0,0.99,8,exponential
q_learning,shaped_eps-exponential_seed3,shaped,3,4a77b6e251,1858,174,85.79999999999997,98.75849999999998,0.05,0.15,51,success,1,1,0,0,50,2,0,3,1,41,1.7996716835671724,24.139547721419703,0.0,0.0,0.99,8,exponential
q_learning,shaped_eps-exponential_seed3,shaped,3,4a77b6e251,1859,175,96.75000000000001,98.68799999999997,0.05,0.15,50,success,1,1,0,0,39,2,0,1,1,42,1.606750821907535,30.171969570534664,0.0,0.0,0.99,8,exponential
q_learning,shaped_eps-exponential_seed3,shaped,3,4a77b6e251,1860,176,88.69999999999999,98.728,0.05,0.15,49,success,1,1,0,0,32,5,0,1,1,28,1.7765333813058866,58.019609714442716,0.0,0.0,0.99,8,exponential
q_learning,shaped_eps-exponential_seed3,shaped,3,4a77b6e251,1861,172,101.9,98.96350000000001,0.05,0.15,53,success,1,1,0,0,34,2,0,1,1,42,1.438506470133211,35.84763930494804,0.0,0.0,0.99,8,exponential
q_learning,shaped_eps-exponential_seed3,shaped,3,4a77b6e251,1862,174,107.8,98.9655,0.05,0.15,51,success,1,1,0,0,28,2,0,5,1,31,1.3852247815928131,22.178463266006265,0.0,0.0,0.99,8,exponential
q_learning,shaped_eps-exponential_seed3,shaped,3,4a77b6e251,1863,178,100.60000000000001,98.959,0.05,0.15,47,success,1,1,0,0,30,3,0,8,1,38,1.727075087349741,21.882387374009205,0.0,0.0,0.99,8,exponential
q_learning,shaped_eps-exponential_seed3,shaped,3,4a77b6e251,1864,176,100.70000000000002,99.05150000000002,0.05,0.15,49,success,1,1,0,0,30,3,0,6,1,28,1.768800641038311,21.66818967739221,0.0,0.0,0.99,8,exponential
q_learning,shaped_eps-exponential_seed3,shaped,3,4a77b6e251,1865,179,87.55000000000001,98.9225,0.05,0.15,46,success,1,1,0,0,43,3,0,2,1,38,1.9217709339759177,23.060089568752616,0.0,0.0,0.99,8,exponential
q_learning,shaped_eps-exponential_seed3,shaped,3,4a77b6e251,1866,180,103.50000000000001,98.91000000000003,0.05,0.15,45,success,1,1,0,0,32,2,0,6,1,27,1.7766062568019279,24.997992823445735,0.0,0.0,0.99,8,exponential
q_learning,shaped_eps-exponential_seed3,shaped,3,4a77b6e251,1867,175,102.75,98.9025,0.05,0.15,50,success,1,1,0,0,33,2,0,6,1,34,1.2595481790484235,19.251799471741663,0.0,0.0,0.99,8,exponential
q_learning,shaped_eps-exponential_seed3,shaped,3,4a77b6e251,1868,176,105.70000000000002,99.064,0.05,0.15,49,success,1,1,0,0,30,2,0,3,1,30,1.4609970064494753,18.49087960745048,0.0,0.0,0.99,8,exponential
q_learning,shaped_eps-exponential_seed3,shaped,3,4a77b6e251,1869,174,113.79999999999995,99.18549999999999,0.05,0.15,51,success,1,1,0,0,22,2,0,7,1,31,1.1260730293396577,16.436163915820437,0.0,0.0,0.99,8,exponential
q_learning,shaped_eps-exponential_seed3,shaped,3,4a77b6e251,1870,175,98.75000000000001,99.2095,0.05,0.15,50,success,1,1,0,0,37,2,0,5,1,36,1.3796314660655533,16.625856402122317,0.0,0.0,0.99,8,exponential
q_learning,shaped_eps-exponential_seed3,shaped,3,4a77b6e251,1871,182,105.4,99.1865,0.05,0.15,43,success,1,1,0,0,30,2,0,3,1,37,1.3949350500957152,24.887958639318335,0.0,0.0,0.99,8,exponential
q_learning,shaped_eps-exponential_seed3,shaped,3,4a77b6e251,1872,174,97.80000000000003,99.20749999999998,0.05,0.15,51,success,1,1,0,0,28,4,0,2,1,36,1.4021607451149858,24.08553985929482,0.0,0.0,0.99,8,exponential
q_learning,shaped_eps-exponential_seed3,shaped,3,4a77b6e251,1873,182,105.4,99.24449999999997,0.05,0.15,43,success,1,1,0,0,30,2,0,2,1,36,1.7663262815748777,65.2163152048245,0.0,0.0,0.99,8,exponential
q_learning,shaped_eps-exponential_seed3,shaped,3,4a77b6e251,1874,175,94.75000000000001,99.13799999999998,0.05,0.15,50,success,1,1,0,0,41,2,0,6,1,40,1.3214564887288205,18.159494638346978,0.0,0.0,0.99,8,exponential
q_learning,shaped_eps-exponential_seed3,shaped,3,4a77b6e251,1875,175,106.75000000000001,99.31799999999997,0.05,0.15,50,success,1,1,0,0,29,2,0,2,1,29,1.274462125241799,13.884133555977378,0.0,0.0,0.99,8,exponential
q_learning,shaped_eps-exponential_seed3,shaped,3,4a77b6e251,1876,178,98.60000000000001,99.3075,0.05,0.15,47,success,1,1,0,0,32,3,0,6,1,33,1.1336542414758182,17.454486543540135,0.0,0.0,0.99,8,exponential
q_learning,shaped_eps-exponential_seed3,shaped,3,4a77b6e251,1877,180,107.5,99.4255,0.05,0.15,45,success,1,1,0,0,28,2,0,5,1,31,1.1192929076943134,16.260045150967855,0.0,0.0,0.99,8,exponential
q_learning,shaped_eps-exponential_seed3,shaped,3,4a77b6e251,1878,174,110.79999999999998,99.44599999999998,0.05,0.15,51,success,1,1,0,0,20,3,0,1,1,21,1.5079508514200994,34.41624621256599,0.0,0.0,0.99,8,exponential
q_learning,shaped_eps-exponential_seed3,shaped,3,4a77b6e251,1879,175,104.75000000000001,99.45649999999999,0.05,0.15,50,success,1,1,0,0,31,2,0,6,1,30,0.9865076188614601,10.677402566500334,0.0,0.0,0.99,8,exponential
q_learning,shaped_eps-exponential_seed3,shaped,3,4a77b6e251,1880,176,103.70000000000002,99.4165,0.05,0.15,49,success,1,1,0,0,32,2,0,4,1,35,1.39801795986712,13.1050400987085,0.0,0.0,0.99,8,exponential
q_learning,shaped_eps-exponential_seed3,shaped,3,4a77b6e251,1881,175,112.74999999999997,99.6565,0.05,0.15,50,success,1,1,0,0,23,2,0,4,1,29,1.1935957076361996,16.694905657958245,0.0,0.0,0.99,8,exponential
q_learning,shaped_eps-exponential_seed3,shaped,3,4a77b6e251,1882,175,96.75000000000001,99.71650000000001,0.05,0.15,50,success,1,1,0,0,29,4,0,2,1,37,1.4416057036590915,31.12589316684684,0.0,0.0,0.99,8,exponential
q_learning,shaped_eps-exponential_seed3,shaped,3,4a77b6e251,1883,182,107.4,99.664,0.05,0.15,43,success,1,1,0,0,28,2,0,6,1,36,1.6929591852186172,19.9109590028006,0.0,0.0,0.99,8,exponential
q_learning,shaped_eps-exponential_seed3,shaped,3,4a77b6e251,1884,175,94.75,99.54800000000002,0.05,0.15,50,success,1,1,0,0,31,4,0,3,1,39,1.2606292108020665,17.270049055433155,0.0,0.0,0.99,8,exponential
q_learning,shaped_eps-exponential_seed3,shaped,3,4a77b6e251,1885,175,108.75000000000001,99.59800000000001,0.05,0.15,50,success,1,1,0,0,27,2,0,3,1,29,1.4090709511010018,31.950984477221375,0.0,0.0,0.99,8,exponential
q_learning,shaped_eps-exponential_seed3,shaped,3,4a77b6e251,1886,177,98.64999999999998,99.66950000000001,0.05,0.15,48,success,1,1,0,0,37,2,0,4,1,44,1.5402136501115555,23.42388552611191,0.0,0.0,0.99,8,exponential
q_learning,shaped_eps-exponential_seed3,shaped,3,4a77b6e251,1887,177,114.64999999999993,99.70949999999999,0.05,0.15,48,success,1,1,0,0,21,2,0,2,1,30,1.3675413690521185,29.65346417389836,0.0,0.0,0.99,8,exponential
q_learning,shaped_eps-exponential_seed3,shaped,3,4a77b6e251,1888,178,103.60000000000002,99.7075,0.05,0.15,47,success,1,1,0,0,32,2,0,5,1,30,1.1497675107185226,12.952878355367133,0.0,0.0,0.99,8,exponential
q_learning,shaped_eps-exponential_seed3,shaped,3,4a77b6e251,1889,180,100.5,99.63550000000001,0.05,0.15,45,success,1,1,0,0,30,3,0,7,1,34,1.5461683287641832,17.175166227631053,0.0,0.0,0.99,8,exponential
q_learning,shaped_eps-exponential_seed3,shaped,3,4a77b6e251,1890,183,85.34999999999997,99.571,0.05,0.15,42,success,1,1,0,0,35,5,0,1,1,39,1.4820977603061234,19.94798153776331,0.0,0.0,0.99,8,exponential
q_learning,shaped_eps-exponential_seed3,shaped,3,4a77b6e251,1891,179,86.54999999999993,99.41950000000001,0.05,0.15,46,success,1,1,0,0,39,4,0,3,1,46,1.340607128949905,14.74113169741824,0.0,0.0,0.99,8,exponential
q_learning,shaped_eps-exponential_seed3,shaped,3,4a77b6e251,1892,179,100.55000000000001,99.46749999999999,0.05,0.15,46,success,1,1,0,0,35,2,0,4,1,32,1.6436203843784984,26.728399298498996,0.0,0.0,0.99,8,exponential
q_learning,shaped_eps-exponential_seed3,shaped,3,4a77b6e251,1893,174,103.80000000000001,99.70949999999999,0.05,0.15,51,success,1,1,0,0,32,2,0,3,1,37,1.3804538206172885,22.628835824873835,0.0,0.0,0.99,8,exponential
q_learning,shaped_eps-exponential_seed3,shaped,3,4a77b6e251,1894,176,97.70000000000002,99.69949999999997,0.05,0.15,49,success,1,1,0,0,38,2,0,4,1,43,1.5311396113568434,17.70178696801875,0.0,0.0,0.99,8,exponential
q_learning,shaped_eps-exponential_seed3,shaped,3,4a77b6e251,1895,173,98.85000000000001,99.653,0.05,0.15,52,success,1,1,0,0,37,2,0,4,1,38,1.822792847348942,51.77607829982937,0.0,0.0,0.99,8,exponential
q_learning,shaped_eps-exponential_seed3,shaped,3,4a77b6e251,1896,176,92.7,99.662,0.05,0.15,49,success,1,1,0,0,38,3,0,4,1,37,1.6256662244037683,27.27880189370321,0.0,0.0,0.99,8,exponential
q_learning,shaped_eps-exponential_seed3,shaped,3,4a77b6e251,1897,179,106.55,99.60100000000003,0.05,0.15,46,success,1,1,0,0,29,2,0,6,1,32,1.8668549929532556,69.05716814167121,0.0,0.0,0.99,8,exponential
q_learning,shaped_eps-exponential_seed3,shaped,3,4a77b6e251,1898,174,113.79999999999997,99.80199999999999,0.05,0.15,51,success,1,1,0,0,22,2,0,6,1,26,1.1344800233800052,16.098626014839667,0.0,0.0,0.99,8,exponential
q_learning,shaped_eps-exponential_seed3,shaped,3,4a77b6e251,1899,180,92.49999999999999,99.728,0.05,0.15,45,success,1,1,0,0,28,5,0,8,1,30,1.1762249732321497,10.855957512632248,0.0,0.0,0.99,8,exponential
q_learning,shaped_eps-exponential_seed3,shaped,3,4a77b6e251,1900,177,96.65000000000002,99.74349999999997,0.05,0.15,48,success,1,1,0,0,29,4,0,4,1,35,1.2369937905072448,17.847562144292816,0.0,0.0,0.99,8,exponential
q_learning,shaped_eps-exponential_seed3,shaped,3,4a77b6e251,1901,171,84.94999999999995,99.946,0.05,0.15,54,success,1,1,0,0,41,4,0,1,1,47,2.0494694074261135,27.448711805822512,0.0,0.0,0.99,8,exponential
q_learning,shaped_eps-exponential_seed3,shaped,3,4a77b6e251,1902,179,95.55000000000001,100.124,0.05,0.15,46,success,1,1,0,0,25,5,0,8,1,26,1.3568008612718823,14.445915467817052,0.0,0.0,0.99,8,exponential
q_learning,shaped_eps-exponential_seed3,shaped,3,4a77b6e251,1903,179,76.54999999999993,99.8715,0.05,0.15,46,success,1,1,0,0,39,6,0,1,1,46,1.3474507379863832,15.563122087991324,0.0,0.0,0.99,8,exponential
q_learning,shaped_eps-exponential_seed3,shaped,3,4a77b6e251,1904,184,99.3,99.9175,0.05,0.15,41,success,1,1,0,0,36,2,0,1,1,42,1.5594075984774094,21.06101699331979,0.0,0.0,0.99,8,exponential
q_learning,shaped_eps-exponential_seed3,shaped,3,4a77b6e251,1905,178,96.60000000000002,99.82549999999998,0.05,0.15,47,success,1,1,0,0,34,3,0,1,1,40,1.4791006920124226,49.76099318636176,0.0,0.0,0.99,8,exponential
q_learning,shaped_eps-exponential_seed3,shaped,3,4a77b6e251,1906,180,92.50000000000001,99.71349999999998,0.05,0.15,45,success,1,1,0,0,38,3,0,4,1,39,1.3725113489738183,14.661905285662975,0.0,0.0,0.99,8,exponential
q_learning,shaped_eps-exponential_seed3,shaped,3,4a77b6e251,1907,177,87.64999999999998,99.493,0.05,0.15,48,success,1,1,0,0,33,5,0,1,1,38,1.9077590650332734,67.88752182540803,0.0,0.0,0.99,8,exponential
q_learning,shaped_eps-exponential_seed3,shaped,3,4a77b6e251,1908,182,101.40000000000002,99.52,0.05,0.15,43,success,1,1,0,0,34,2,0,2,1,39,1.192224909575692,10.613569903443434,0.0,0.0,0.99,8,exponential
q_learning,shaped_eps-exponential_seed3,shaped,3,4a77b6e251,1909,182,91.4,99.318,0.05,0.15,43,success,1,1,0,0,34,4,0,1,1,38,1.6878342236979786,48.547322730320076,0.0,0.0,0.99,8,exponential
q_learning,shaped_eps-exponential_seed3,shaped,3,4a77b6e251,1910,178,89.59999999999994,99.23599999999999,0.05,0.15,47,success,1,1,0,0,26,6,0,1,1,31,1.4740723598251382,65.10953943714435,0.0,0.0,0.99,8,exponential
q_learning,shaped_eps-exponential_seed3,shaped,3,4a77b6e251,1911,185,85.24999999999999,99.0525,0.05,0.15,40,success,1,1,0,0,35,5,0,1,1,46,1.8951465491996764,55.37684199619386,0.0,0.0,0.99,8,exponential
q_learning,shaped_eps-exponential_seed3,shaped,3,4a77b6e251,1912,181,98.45,99.04,0.05,0.15,44,success,1,1,0,0,37,2,0,1,1,34,1.331583444399777,16.304590922921417,0.0,0.0,0.99,8,exponential
q_learning,shaped_eps-exponential_seed3,shaped,3,4a77b6e251,1913,178,82.59999999999992,99.05850000000002,0.05,0.15,47,success,1,1,0,0,38,5,0,1,1,43,2.1746406272799215,76.76399001899335,0.0,0.0,0.99,8,exponential
q_learning,shaped_eps-exponential_seed3,shaped,3,4a77b6e251,1914,187,91.14999999999998,98.9135,0.05,0.15,38,success,1,1,0,0,39,3,0,2,1,39,1.4613278941102328,15.11176969415353,0.0,0.0,0.99,8,exponential
q_learning,shaped_eps-exponential_seed3,shaped,3,4a77b6e251,1915,178,102.60000000000001,99.00500000000002,0.05,0.15,47,success,1,1,0,0,28,3,0,1,1,30,1.2334418674618823,19.501125196595034,0.0,0.0,0.99,8,exponential
q_learning,shaped_eps-exponential_seed3,shaped,3,4a77b6e251,1916,180,109.49999999999999,99.072,0.05,0.15,45,success,1,1,0,0,26,2,0,2,1,29,1.2044298371406719,38.46773917150274,0.0,0.0,0.99,8,exponential
q_learning,shaped_eps-exponential_seed3,shaped,3,4a77b6e251,1917,178,93.60000000000002,98.97000000000001,0.05,0.15,47,success,1,1,0,0,42,2,0,1,1,47,1.0834848068492602,10.331336482517354,0.0,0.0,0.99,8,exponential
q_learning,shaped_eps-exponential_seed3,shaped,3,4a77b6e251,1918,174,98.80000000000001,98.87100000000001,0.05,0.15,51,success,1,1,0,0,32,3,0,6,1,30,1.3219615367744169,21.08084665349565,0.0,0.0,0.99,8,exponential
q_learning,shaped_eps-exponential_seed3,shaped,3,4a77b6e251,1919,180,109.5,98.94149999999999,0.05,0.15,45,success,1,1,0,0,26,2,0,5,1,34,1.3470646669839788,18.675893412360658,0.0,0.0,0.99,8,exponential
q_learning,shaped_eps-exponential_seed3,shaped,3,4a77b6e251,1920,175,104.75000000000001,99.06300000000002,0.05,0.15,50,success,1,1,0,0,31,2,0,4,1,30,1.6805200378924354,45.06655186605873,0.0,0.0,0.99,8,exponential
q_learning,shaped_eps-exponential_seed3,shaped,3,4a77b6e251,1921,175,102.75,99.064,0.05,0.15,50,success,1,1,0,0,23,4,0,5,1,27,1.3282466895817948,16.219664463562584,0.0,0.0,0.99,8,exponential
q_learning,shaped_eps-exponential_seed3,shaped,3,4a77b6e251,1922,176,92.69999999999997,99.0745,0.05,0.15,49,success,1,1,0,0,38,3,0,5,1,37,1.1936969329897331,13.226939870452675,0.0,0.0,0.99,8,exponential
q_learning,shaped_eps-exponential_seed3,shaped,3,4a77b6e251,1923,180,85.49999999999997,98.85150000000002,0.05,0.15,45,success,1,1,0,0,40,4,0,2,1,40,1.4318767497933733,17.94400075825105,0.0,0.0,0.99,8,exponential
q_learning,shaped_eps-exponential_seed3,shaped,3,4a77b6e251,1924,175,98.75000000000001,98.8435,0.05,0.15,50,success,1,1,0,0,37,2,0,6,1,34,1.5608379565145358,17.639866710971926,0.0,0.0,0.99,8,exponential
q_learning,shaped_eps-exponential_seed3,shaped,3,4a77b6e251,1925,176,98.70000000000002,98.97350000000002,0.05,0.15,49,success,1,1,0,0,32,3,0,1,1,37,1.298223211007494,22.02090522415016,0.0,0.0,0.99,8,exponential
q_learning,shaped_eps-exponential_seed3,shaped,3,4a77b6e251,1926,181,114.44999999999995,99.16400000000002,0.05,0.15,44,success,1,1,0,0,21,2,0,7,1,26,1.3116565362007049,52.05188464635162,0.0,0.0,0.99,8,exponential
q_learning,shaped_eps-exponential_seed3,shaped,3,4a77b6e251,1927,179,92.54999999999998,99.103,0.05,0.15,46,success,1,1,0,0,33,4,0,6,1,41,1.266772772124914,16.6921928579902,0.0,0.0,0.99,8,exponential
q_learning,shaped_eps-exponential_seed3,shaped,3,4a77b6e251,1928,185,85.24999999999997,98.98549999999999,0.05,0.15,40,success,1,1,0,0,45,3,0,5,1,41,1.525173224539116,20.226786373543717,0.0,0.0,0.99,8,exponential
q_learning,shaped_eps-exponential_seed3,shaped,3,4a77b6e251,1929,176,102.70000000000002,98.96800000000002,0.05,0.15,49,success,1,1,0,0,28,3,0,5,1,34,1.6952150227947271,19.62565198039701,0.0,0.0,0.99,8,exponential
q_learning,shaped_eps-exponential_seed3,shaped,3,4a77b6e251,1930,177,100.65,99.1455,0.05,0.15,48,success,1,1,0,0,35,2,0,1,1,38,1.1983791604073653,11.735994413904997,0.0,0.0,0.99,8,exponential
q_learning,shaped_eps-exponential_seed3,shaped,3,4a77b6e251,1931,175,91.75,99.03649999999999,0.05,0.15,50,success,1,1,0,0,39,3,0,2,1,33,1.5603891398724434,19.564828475003363,0.0,0.0,0.99,8,exponential
q_learning,shaped_eps-exponential_seed3,shaped,3,4a77b6e251,1932,178,102.60000000000001,99.07700000000001,0.05,0.15,47,success,1,1,0,0,28,3,0,6,1,37,1.2374117883585012,17.721758569389184,0.0,0.0,0.99,8,exponential
q_learning,shaped_eps-exponential_seed3,shaped,3,4a77b6e251,1933,179,103.55000000000001,99.03649999999998,0.05,0.15,46,success,1,1,0,0,27,3,0,4,1,32,1.3816230848181825,22.26501750179675,0.0,0.0,0.99,8,exponential
q_learning,shaped_eps-exponential_seed3,shaped,3,4a77b6e251,1934,176,77.69999999999993,98.89599999999999,0.05,0.15,49,success,1,1,0,0,38,6,0,7,1,35,1.4008029738742207,16.612922651710463,0.0,0.0,0.99,8,exponential
q_learning,shaped_eps-exponential_seed3,shaped,3,4a77b6e251,1935,190,86.99999999999999,98.8185,0.05,0.15,35,success,1,1,0,0,38,4,0,1,1,38,2.570846036728279,55.33548114319084,0.0,0.0,0.99,8,exponential
q_learning,shaped_eps-exponential_seed3,shaped,3,4a77b6e251,1936,180,96.50000000000001,98.73049999999999,0.05,0.15,45,success,1,1,0,0,34,3,0,2,1,40,1.3507818489249492,18.24685824209663,0.0,0.0,0.99,8,exponential
q_learning,shaped_eps-exponential_seed3,shaped,3,4a77b6e251,1937,178,107.60000000000002,98.749,0.05,0.15,47,success,1,1,0,0,28,2,0,4,1,33,1.1943299888789765,13.924052668234587,0.0,0.0,0.99,8,exponential
q_learning,shaped_eps-exponential_seed3,shaped,3,4a77b6e251,1938,176,113.69999999999995,98.88850000000001,0.05,0.15,49,success,1,1,0,0,22,2,0,4,1,27,1.1721916545052786,25.216821135732232,0.0,0.0,0.99,8,exponential
q_learning,shaped_eps-exponential_seed3,shaped,3,4a77b6e251,1939,174,109.79999999999998,98.919,0.05,0.15,51,success,1,1,0,0,26,2,0,3,1,27,1.388208838939218,49.17138044416975,0.0,0.0,0.99,8,exponential
q_learning,shaped_eps-exponential_seed3,shaped,3,4a77b6e251,1940,181,87.44999999999995,98.858,0.05,0.15,44,success,1,1,0,0,33,5,0,6,1,38,1.2891040697408676,14.995082616409263,0.0,0.0,0.99,8,exponential
q_learning,shaped_eps-exponential_seed3,shaped,3,4a77b6e251,1941,179,108.55000000000001,99.2555,0.05,0.15,46,success,1,1,0,0,27,2,0,3,1,34,1.5928744865322095,63.33763115058832,0.0,0.0,0.99,8,exponential
q_learning,shaped_eps-exponential_seed3,shaped,3,4a77b6e251,1942,179,110.55,99.32199999999997,0.05,0.15,46,success,1,1,0,0,25,2,0,8,1,26,1.5341805485570248,39.730067105017156,0.0,0.0,0.99,8,exponential
q_learning,shaped_eps-exponential_seed3,shaped,3,4a77b6e251,1943,185,92.24999999999999,99.24849999999998,0.05,0.15,40,success,1,1,0,0,43,2,0,1,1,58,2.356991057162572,35.81991175449476,0.0,0.0,0.99,8,exponential
q_learning,shaped_eps-exponential_seed3,shaped,3,4a77b6e251,1944,176,111.69999999999997,99.32699999999998,0.05,0.15,49,success,1,1,0,0,24,2,0,5,1,29,1.1421356005527792,14.698549023925096,0.0,0.0,0.99,8,exponential
q_learning,shaped_eps-exponential_seed3,shaped,3,4a77b6e251,1945,185,87.24999999999999,99.23349999999999,0.05,0.15,40,success,1,1,0,0,33,5,0,7,1,36,1.790475285704181,57.94716458920428,0.0,0.0,0.99,8,exponential
q_learning,shaped_eps-exponential_seed3,shaped,3,4a77b6e251,1946,174,109.79999999999998,99.245,0.05,0.15,51,success,1,1,0,0,26,2,0,6,1,32,1.0524554441282192,12.941826720679316,0.0,0.0,0.99,8,exponential
q_learning,shaped_eps-exponential_seed3,shaped,3,4a77b6e251,1947,174,78.79999999999994,99.06599999999999,0.05,0.15,51,success,1,1,0,0,32,7,0,5,1,29,1.4566602973167713,12.15195904215415,0.0,0.0,0.99,8,exponential
q_learning,shaped_eps-exponential_seed3,shaped,3,4a77b6e251,1948,175,110.74999999999996,99.12649999999998,0.05,0.15,50,success,1,1,0,0,25,2,0,7,1,25,1.1075068095273823,11.354671671941517,0.0,0.0,0.99,8,exponential
q_learning,shaped_eps-exponential_seed3,shaped,3,4a77b6e251,1949,172,89.89999999999993,98.87799999999997,0.05,0.15,53,success,1,1,0,0,26,6,0,4,1,32,1.8412148061595226,31.62253624644923,0.0,0.0,0.99,8,exponential
q_learning,shaped_eps-exponential_seed3,shaped,3,4a77b6e251,1950,173,90.85,98.7695,0.05,0.15,52,success,1,1,0,0,35,4,0,3,1,40,1.5410257336512254,26.958938352938063,0.0,0.0,0.99,8,exponential
q_learning,shaped_eps-exponential_seed3,shaped,3,4a77b6e251,1951,182,101.40000000000002,98.65599999999999,0.05,0.15,43,success,1,1,0,0,34,2,0,5,1,43,1.4136352178879628,15.949629374457757,0.0,0.0,0.99,8,exponential
q_learning,shaped_eps-exponential_seed3,shaped,3,4a77b6e251,1952,175,99.75000000000001,98.6455,0.05,0.15,50,success,1,1,0,0,31,3,0,4,1,36,1.252644027343315,16.0377387026761,0.0,0.0,0.99,8,exponential
q_learning,shaped_eps-exponential_seed3,shaped,3,4a77b6e251,1953,178,72.59999999999997,98.439,0.05,0.15,47,success,1,1,0,0,48,5,0,2,1,50,3.27057145681259,56.60673875961569,0.0,0.0,0.99,8,exponential
q_learning,shaped_eps-exponential_seed3,shaped,3,4a77b6e251,1954,176,85.69999999999996,98.309,0.05,0.15,49,success,1,1,0,0,40,4,0,3,1,33,1.8343704041621074,19.415281238283367,0.0,0.0,0.99,8,exponential
q_learning,shaped_eps-exponential_seed3,shaped,3,4a77b6e251,1955,179,93.55000000000001,98.2075,0.05,0.15,46,success,1,1,0,0,37,3,0,6,1,43,1.2661801479868173,12.806500170759733,0.0,0.0,0.99,8,exponential
q_learning,shaped_eps-exponential_seed3,shaped,3,4a77b6e251,1956,177,99.65,98.3175,0.05,0.15,48,success,1,1,0,0,31,3,0,5,1,39,1.445802986333936,21.55082285581423,0.0,0.0,0.99,8,exponential
q_learning,shaped_eps-exponential_seed3,shaped,3,4a77b6e251,1957,176,100.7,98.2965,0.05,0.15,49,success,1,1,0,0,30,3,0,7,1,33,1.3886548531406862,16.349685706792137,0.0,0.0,0.99,8,exponential
q_learning,shaped_eps-exponential_seed3,shaped,3,4a77b6e251,1958,176,96.7,98.40549999999999,0.05,0.15,49,success,1,1,0,0,34,3,0,6,1,40,1.4794186761518233,52.83744138764854,0.0,0.0,0.99,8,exponential
q_learning,shaped_eps-exponential_seed3,shaped,3,4a77b6e251,1959,174,97.80000000000001,98.416,0.05,0.15,51,success,1,1,0,0,38,2,0,3,1,39,1.4070435690646634,23.702928940858563,0.0,0.0,0.99,8,exponential
q_learning,shaped_eps-exponential_seed3,shaped,3,4a77b6e251,1960,175,98.74999999999999,98.5165,0.05,0.15,50,success,1,1,0,0,27,4,0,4,1,29,1.637476378401028,22.468556487419693,0.0,0.0,0.99,8,exponential
q_learning,shaped_eps-exponential_seed3,shaped,3,4a77b6e251,1961,179,99.55000000000001,98.493,0.05,0.15,46,success,1,1,0,0,31,3,0,3,1,33,1.1306744071902728,19.277795791263507,0.0,0.0,0.99,8,exponential
q_learning,shaped_eps-exponential_seed3,shaped,3,4a77b6e251,1962,177,108.65,98.50149999999996,0.05,0.15,48,success,1,1,0,0,27,2,0,4,1,34,1.3314668428808203,33.2684199403502,0.0,0.0,0.99,8,exponential
q_learning,shaped_eps-exponential_seed3,shaped,3,4a77b6e251,1963,180,102.5,98.52049999999997,0.05,0.15,45,success,1,1,0,0,28,3,0,6,1,33,1.3355044022664415,27.040643997491294,0.0,0.0,0.99,8,exponential
q_learning,shaped_eps-exponential_seed3,shaped,3,4a77b6e251,1964,174,113.79999999999995,98.65149999999996,0.05,0.15,51,success,1,1,0,0,22,2,0,4,1,33,1.3465794985216144,20.410200132424805,0.0,0.0,0.99,8,exponential
q_learning,shaped_eps-exponential_seed3,shaped,3,4a77b6e251,1965,174,76.79999999999994,98.54399999999998,0.05,0.15,51,success,1,1,0,0,44,5,0,3,1,44,1.2313387480461568,13.13373643319638,0.0,0.0,0.99,8,exponential
q_learning,shaped_eps-exponential_seed3,shaped,3,4a77b6e251,1966,180,97.5,98.48399999999998,0.05,0.15,45,success,1,1,0,0,28,4,0,6,1,37,1.3481101848075856,13.963867357310193,0.0,0.0,0.99,8,exponential
q_learning,shaped_eps-exponential_seed3,shaped,3,4a77b6e251,1967,176,97.69999999999997,98.43349999999998,0.05,0.15,49,success,1,1,0,0,28,4,0,7,1,30,1.1982993867047478,22.20765668147653,0.0,0.0,0.99,8,exponential
q_learning,shaped_eps-exponential_seed3,shaped,3,4a77b6e251,1968,174,103.80000000000001,98.41449999999998,0.05,0.15,51,success,1,1,0,0,32,2,0,6,1,37,1.2013589133090945,12.475465792220522,0.0,0.0,0.99,8,exponential
q_learning,shaped_eps-exponential_seed3,shaped,3,4a77b6e251,1969,187,102.15,98.29799999999997,0.05,0.15,38,success,1,1,0,0,33,2,0,7,1,40,1.4087469904064647,23.857215380825995,0.0,0.0,0.99,8,exponential
q_learning,shaped_eps-exponential_seed3,shaped,3,4a77b6e251,1970,179,102.55000000000001,98.33599999999997,0.05,0.15,46,success,1,1,0,0,33,2,0,4,1,37,1.3627023891178978,38.73141897307095,0.0,0.0,0.99,8,exponential
q_learning,shaped_eps-exponential_seed3,shaped,3,4a77b6e251,1971,176,89.69999999999999,98.17899999999996,0.05,0.15,49,success,1,1,0,0,36,4,0,3,1,47,1.2907324516967549,12.324780610883764,0.0,0.0,0.99,8,exponential
q_learning,shaped_eps-exponential_seed3,shaped,3,4a77b6e251,1972,176,92.69999999999999,98.12799999999999,0.05,0.15,49,success,1,1,0,0,28,5,0,2,1,38,1.3337199268611406,16.83334591308147,0.0,0.0,0.99,8,exponential
q_learning,shaped_eps-exponential_seed3,shaped,3,4a77b6e251,1973,178,95.60000000000002,98.02999999999999,0.05,0.15,47,success,1,1,0,0,40,2,0,5,1,38,1.3397983809056797,21.738911978070828,0.0,0.0,0.99,8,exponential
q_learning,shaped_eps-exponential_seed3,shaped,3,4a77b6e251,1974,176,109.7,98.17950000000002,0.05,0.15,49,success,1,1,0,0,26,2,0,5,1,32,1.2885286045171673,16.426373085175932,0.0,0.0,0.99,8,exponential
q_learning,shaped_eps-exponential_seed3,shaped,3,4a77b6e251,1975,175,104.75000000000001,98.1595,0.05,0.15,50,success,1,1,0,0,31,2,0,1,1,39,1.2027998398030264,35.34030059058785,0.0,0.0,0.99,8,exponential
q_learning,shaped_eps-exponential_seed3,shaped,3,4a77b6e251,1976,176,97.70000000000002,98.15050000000001,0.05,0.15,49,success,1,1,0,0,28,4,0,6,1,31,1.1795723380122203,14.866218863513282,0.0,0.0,0.99,8,exponential
q_learning,shaped_eps-exponential_seed3,shaped,3,4a77b6e251,1977,178,117.59999999999994,98.2515,0.05,0.15,47,success,1,1,0,0,18,2,0,7,1,21,0.887486638524307,10.08795926987969,0.0,0.0,0.99,8,exponential
q_learning,shaped_eps-exponential_seed3,shaped,3,4a77b6e251,1978,180,113.49999999999996,98.27850000000001,0.05,0.15,45,success,1,1,0,0,22,2,0,1,1,32,1.5357503099852188,67.51989379055958,0.0,0.0,0.99,8,exponential
q_learning,shaped_eps-exponential_seed3,shaped,3,4a77b6e251,1979,175,80.74999999999994,98.03849999999998,0.05,0.15,50,success,1,1,0,0,35,6,0,3,1,39,1.3167185628462386,15.181369331667277,0.0,0.0,0.99,8,exponential
q_learning,shaped_eps-exponential_seed3,shaped,3,4a77b6e251,1980,179,74.54999999999994,97.74699999999999,0.05,0.15,46,success,1,1,0,0,41,6,0,2,1,45,1.42603674129503,15.360584818272223,0.0,0.0,0.99,8,exponential
q_learning,shaped_eps-exponential_seed3,shaped,3,4a77b6e251,1981,178,100.60000000000002,97.62549999999997,0.05,0.15,47,success,1,1,0,0,30,3,0,5,1,32,1.2899460079589145,23.30174307502274,0.0,0.0,0.99,8,exponential
q_learning,shaped_eps-exponential_seed3,shaped,3,4a77b6e251,1982,174,86.79999999999993,97.52599999999998,0.05,0.15,51,success,1,1,0,0,34,5,0,6,1,40,1.4175279291386316,20.01118796848895,0.0,0.0,0.99,8,exponential
q_learning,shaped_eps-exponential_seed3,shaped,3,4a77b6e251,1983,175,96.75,97.41949999999997,0.05,0.15,50,success,1,1,0,0,39,2,0,3,1,47,1.4898052532425319,27.389957734867338,0.0,0.0,0.99,8,exponential
q_learning,shaped_eps-exponential_seed3,shaped,3,4a77b6e251,1984,175,97.75000000000001,97.44949999999999,0.05,0.15,50,success,1,1,0,0,33,3,0,6,1,37,1.1470861422153484,13.160835331066188,0.0,0.0,0.99,8,exponential
q_learning,shaped_eps-exponential_seed3,shaped,3,4a77b6e251,1985,179,107.55000000000003,97.43749999999996,0.05,0.15,46,success,1,1,0,0,23,3,0,6,1,32,1.0939080683573774,13.019215659410113,0.0,0.0,0.99,8,exponential
q_learning,shaped_eps-exponential_seed3,shaped,3,4a77b6e251,1986,176,91.7,97.368,0.05,0.15,49,success,1,1,0,0,34,4,0,6,1,37,1.355236957368272,16.561400690421898,0.0,0.0,0.99,8,exponential
q_learning,shaped_eps-exponential_seed3,shaped,3,4a77b6e251,1987,176,87.69999999999997,97.0985,0.05,0.15,49,success,1,1,0,0,28,6,0,2,1,38,1.2791054711925853,39.03981064019026,0.0,0.0,0.99,8,exponential
q_learning,shaped_eps-exponential_seed3,shaped,3,4a77b6e251,1988,180,91.5,96.9775,0.05,0.15,45,success,1,1,0,0,34,4,0,4,1,44,1.1292379215017123,10.91539921015504,0.0,0.0,0.99,8,exponential
q_learning,shaped_eps-exponential_seed3,shaped,3,4a77b6e251,1989,176,97.7,96.9495,0.05,0.15,49,success,1,1,0,0,28,4,0,3,1,29,1.1639875966517554,14.642762570299766,0.0,0.0,0.99,8,exponential
q_learning,shaped_eps-exponential_seed3,shaped,3,4a77b6e251,1990,187,108.14999999999998,97.17750000000002,0.05,0.15,38,success,1,1,0,0,27,2,0,5,1,38,1.1459912485294923,23.900058444704648,0.0,0.0,0.99,8,exponential
q_learning,shaped_eps-exponential_seed3,shaped,3,4a77b6e251,1991,179,93.55,97.24749999999999,0.05,0.15,46,success,1,1,0,0,27,5,0,3,1,33,1.0718476274452557,14.102329729160665,0.0,0.0,0.99,8,exponential
q_learning,shaped_eps-exponential_seed3,shaped,3,4a77b6e251,1992,175,97.75,97.21949999999998,0.05,0.15,50,success,1,1,0,0,33,3,0,6,1,33,0.9815387993419491,13.371788969155098,0.0,0.0,0.99,8,exponential
q_learning,shaped_eps-exponential_seed3,shaped,3,4a77b6e251,1993,205,87.24999999999997,97.05399999999997,0.05,0.15,20,success,1,1,0,0,37,4,0,1,1,41,4.034800244795824,69.93647607665345,0.0,0.0,0.99,8,exponential
q_learning,shaped_eps-exponential_seed3,shaped,3,4a77b6e251,1994,179,104.55000000000001,97.12249999999999,0.05,0.15,46,success,1,1,0,0,31,2,0,3,1,41,1.32137077021606,22.057128570901227,0.0,0.0,0.99,8,exponential
q_learning,shaped_eps-exponential_seed3,shaped,3,4a77b6e251,1995,175,103.75000000000001,97.17149999999998,0.05,0.15,50,success,1,1,0,0,27,3,0,5,1,26,1.113428383760812,14.983179488619669,0.0,0.0,0.99,8,exponential
q_learning,shaped_eps-exponential_seed3,shaped,3,4a77b6e251,1996,174,109.80000000000001,97.34249999999999,0.05,0.15,51,success,1,1,0,0,26,2,0,5,1,31,1.1831508835463753,20.666453713989,0.0,0.0,0.99,8,exponential
q_learning,shaped_eps-exponential_seed3,shaped,3,4a77b6e251,1997,181,102.45,97.30149999999998,0.05,0.15,44,success,1,1,0,0,33,2,0,5,1,30,1.362642098011019,16.401989537511366,0.0,0.0,0.99,8,exponential
q_learning,shaped_eps-exponential_seed3,shaped,3,4a77b6e251,1998,185,100.25000000000001,97.16599999999998,0.05,0.15,40,success,1,1,0,0,35,2,0,2,1,43,1.430888262625935,21.40163392754925,0.0,0.0,0.99,8,exponential
q_learning,shaped_eps-exponential_seed3,shaped,3,4a77b6e251,1999,178,95.60000000000001,97.19699999999999,0.05,0.15,47,success,1,1,0,0,40,2,0,1,1,42,1.2013110466915988,13.13200210857671,0.0,0.0,0.99,8,exponential
q_learning,shaped_eps-exponential_seed3,shaped,3,4a77b6e251,2000,184,89.29999999999995,97.1235,0.05,0.15,41,success,1,1,0,0,36,4,0,4,1,44,1.5375347473411798,31.854082800389364,0.0,0.0,0.99,8,exponential
q_learning,shaped_eps-exponential_seed3,shaped,3,4a77b6e251,2001,175,94.75000000000001,97.22149999999999,0.05,0.15,50,success,1,1,0,0,31,4,0,3,1,36,1.4892336916474622,23.919926759424655,0.0,0.0,0.99,8,exponential
q_learning,shaped_eps-exponential_seed3,shaped,3,4a77b6e251,2002,178,97.60000000000001,97.242,0.05,0.15,47,success,1,1,0,0,28,4,0,6,1,29,1.1990758781273056,12.379961764248293,0.0,0.0,0.99,8,exponential
q_learning,shaped_eps-exponential_seed3,shaped,3,4a77b6e251,2003,180,94.50000000000001,97.4215,0.05,0.15,45,success,1,1,0,0,36,3,0,2,1,38,1.3233912246669388,16.437385645445453,0.0,0.0,0.99,8,exponential
q_learning,shaped_eps-exponential_seed3,shaped,3,4a77b6e251,2004,177,97.65,97.405,0.05,0.15,48,success,1,1,0,0,33,3,0,6,1,37,1.2086221815094766,13.534702862226629,0.0,0.0,0.99,8,exponential
q_learning,shaped_eps-exponential_seed3,shaped,3,4a77b6e251,2005,178,95.60000000000002,97.395,0.05,0.15,47,success,1,1,0,0,40,2,0,2,1,37,1.3481276194010423,17.010478706845547,0.0,0.0,0.99,8,exponential
q_learning,shaped_eps-exponential_seed3,shaped,3,4a77b6e251,2006,175,98.74999999999999,97.4575,0.05,0.15,50,success,1,1,0,0,27,4,0,6,1,32,1.254813306530916,16.190031985377942,0.0,0.0,0.99,8,exponential
q_learning,shaped_eps-exponential_seed3,shaped,3,4a77b6e251,2007,175,103.75000000000001,97.61849999999998,0.05,0.15,50,success,1,1,0,0,27,3,0,2,1,27,1.9690687403803873,25.076291695771147,0.0,0.0,0.99,8,exponential
q_learning,shaped_eps-exponential_seed3,shaped,3,4a77b6e251,2008,182,92.4,97.52849999999998,0.05,0.15,43,success,1,1,0,0,38,3,0,5,1,44,1.182547953412276,15.789672466981248,0.0,0.0,0.99,8,exponential
q_learning,shaped_eps-exponential_seed3,shaped,3,4a77b6e251,2009,176,97.70000000000002,97.5915,0.05,0.15,49,success,1,1,0,0,28,4,0,3,1,40,1.2836885143166255,17.771644576294538,0.0,0.0,0.99,8,exponential
q_learning,shaped_eps-exponential_seed3,shaped,3,4a77b6e251,2010,178,109.6,97.7915,0.05,0.15,47,success,1,1,0,0,26,2,0,1,1,32,1.2102286486046538,12.409921856399311,0.0,0.0,0.99,8,exponential
q_learning,shaped_eps-exponential_seed3,shaped,3,4a77b6e251,2011,177,110.64999999999996,98.0455,0.05,0.15,48,success,1,1,0,0,25,2,0,1,1,29,1.6965462494363466,36.928783847887374,0.0,0.0,0.99,8,exponential
q_learning,shaped_eps-exponential_seed3,shaped,3,4a77b6e251,2012,188,101.10000000000001,98.07199999999999,0.05,0.15,37,success,1,1,0,0,34,2,0,7,1,35,1.5625859448568868,49.962713058145226,0.0,0.0,0.99,8,exponential
q_learning,shaped_eps-exponential_seed3,shaped,3,4a77b6e251,2013,175,94.75,98.1935,0.05,0.15,50,success,1,1,0,0,31,4,0,4,1,38,1.1578827572100021,19.186104353489746,0.0,0.0,0.99,8,exponential
q_learning,shaped_eps-exponential_seed3,shaped,3,4a77b6e251,2014,174,107.79999999999997,98.35999999999999,0.05,0.15,51,success,1,1,0,0,28,2,0,4,1,29,1.0426422362855257,27.011977586862614,0.0,0.0,0.99,8,exponential
q_learning,shaped_eps-exponential_seed3,shaped,3,4a77b6e251,2015,175,100.75000000000001,98.3415,0.05,0.15,50,success,1,1,0,0,35,2,0,2,1,43,1.0694529760342522,12.192372145978553,0.0,0.0,0.99,8,exponential
q_learning,shaped_eps-exponential_seed3,shaped,3,4a77b6e251,2016,174,100.80000000000001,98.25449999999996,0.05,0.15,51,success,1,1,0,0,30,3,0,6,1,32,1.0959584695060514,13.027091870527983,0.0,0.0,0.99,8,exponential
q_learning,shaped_eps-exponential_seed3,shaped,3,4a77b6e251,2017,179,95.55,98.27399999999997,0.05,0.15,46,success,1,1,0,0,35,3,0,4,1,39,1.295286436781534,20.589605572032426,0.0,0.0,0.99,8,exponential
q_learning,shaped_eps-exponential_seed3,shaped,3,4a77b6e251,2018,179,100.55000000000001,98.29149999999996,0.05,0.15,46,success,1,1,0,0,35,2,0,3,1,40,0.9526374671890842,9.273326349500465,0.0,0.0,0.99,8,exponential
q_learning,shaped_eps-exponential_seed3,shaped,3,4a77b6e251,2019,180,96.49999999999994,98.16149999999998,0.05,0.15,45,success,1,1,0,0,24,5,0,1,1,32,2.3794463694289445,52.79242815417037,0.0,0.0,0.99,8,exponential
q_learning,shaped_eps-exponential_seed3,shaped,3,4a77b6e251,2020,182,66.40000000000003,97.77799999999998,0.05,0.15,43,success,1,1,0,0,44,7,0,2,1,41,1.4675779855739646,19.95266262198095,0.0,0.0,0.99,8,exponential
q_learning,shaped_eps-exponential_seed3,shaped,3,4a77b6e251,2021,174,101.80000000000001,97.76849999999996,0.05,0.15,51,success,1,1,0,0,34,2,0,4,1,26,1.117009712813089,13.803563796467614,0.0,0.0,0.99,8,exponential
q_learning,shaped_eps-exponential_seed3,shaped,3,4a77b6e251,2022,176,107.69999999999999,97.91849999999998,0.05,0.15,49,success,1,1,0,0,28,2,0,5,1,30,1.2977180161052528,21.445495932543817,0.0,0.0,0.99,8,exponential
q_learning,shaped_eps-exponential_seed3,shaped,3,4a77b6e251,2023,176,97.7,98.04049999999998,0.05,0.15,49,success,1,1,0,0,38,2,0,3,1,38,1.723777379043263,38.553840374172,0.0,0.0,0.99,8,exponential
q_learning,shaped_eps-exponential_seed3,shaped,3,4a77b6e251,2024,179,106.54999999999998,98.11849999999998,0.05,0.15,46,success,1,1,0,0,29,2,0,4,1,32,1.3253981512218849,38.00143857978705,0.0,0.0,0.99,8,exponential
q_learning,shaped_eps-exponential_seed3,shaped,3,4a77b6e251,2025,177,102.65,98.15799999999997,0.05,0.15,48,success,1,1,0,0,33,2,0,4,1,32,1.3427804621595194,23.092013526682084,0.0,0.0,0.99,8,exponential
q_learning,shaped_eps-exponential_seed3,shaped,3,4a77b6e251,2026,177,106.65,98.08,0.05,0.15,48,success,1,1,0,0,29,2,0,2,1,35,1.1579429633515672,14.04731508963306,0.0,0.0,0.99,8,exponential
q_learning,shaped_eps-exponential_seed3,shaped,3,4a77b6e251,2027,180,101.50000000000001,98.16949999999997,0.05,0.15,45,success,1,1,0,0,34,2,0,1,1,32,1.4872840124531344,25.02446104128075,0.0,0.0,0.99,8,exponential
q_learning,shaped_eps-exponential_seed3,shaped,3,4a77b6e251,2028,174,92.8,98.24499999999996,0.05,0.15,51,success,1,1,0,0,38,3,0,4,1,37,1.1753023200753767,12.944330118717858,0.0,0.0,0.99,8,exponential
q_learning,shaped_eps-exponential_seed3,shaped,3,4a77b6e251,2029,174,111.79999999999998,98.33599999999997,0.05,0.15,51,success,1,1,0,0,24,2,0,7,1,28,1.110648733116397,14.837591559089336,0.0,0.0,0.99,8,exponential
q_learning,shaped_eps-exponential_seed3,shaped,3,4a77b6e251,2030,177,110.64999999999998,98.43599999999996,0.05,0.15,48,success,1,1,0,0,25,2,0,4,1,29,1.051205583634348,13.33428229323232,0.0,0.0,0.99,8,exponential
q_learning,shaped_eps-exponential_seed3,shaped,3,4a77b6e251,2031,175,91.75,98.43599999999996,0.05,0.15,50,success,1,1,0,0,39,3,0,4,1,37,1.4413617372592107,53.94604144920894,0.0,0.0,0.99,8,exponential
q_learning,shaped_eps-exponential_seed3,shaped,3,4a77b6e251,2032,176,104.7,98.457,0.05,0.15,49,success,1,1,0,0,26,3,0,5,1,33,1.4515541288958689,15.65756685085909,0.0,0.0,0.99,8,exponential
q_learning,shaped_eps-exponential_seed3,shaped,3,4a77b6e251,2033,174,89.79999999999997,98.31949999999999,0.05,0.15,51,success,1,1,0,0,36,4,0,3,1,37,1.238675258431304,12.235593045913618,0.0,0.0,0.99,8,exponential
q_learning,shaped_eps-exponential_seed3,shaped,3,4a77b6e251,2034,181,97.45000000000002,98.51700000000001,0.05,0.15,44,success,1,1,0,0,33,3,0,8,1,37,1.2169258164682164,15.232504424888326,0.0,0.0,0.99,8,exponential
q_learning,shaped_eps-exponential_seed3,shaped,3,4a77b6e251,2035,177,87.64999999999998,98.5235,0.05,0.15,48,success,1,1,0,0,43,3,0,6,1,45,1.8837338759131044,58.22784778520363,0.0,0.0,0.99,8,exponential
q_learning,shaped_eps-exponential_seed3,shaped,3,4a77b6e251,2036,177,108.64999999999998,98.64499999999998,0.05,0.15,48,success,1,1,0,0,27,2,0,3,1,31,1.2352403468461126,29.199990624673656,0.0,0.0,0.99,8,exponential
q_learning,shaped_eps-exponential_seed3,shaped,3,4a77b6e251,2037,180,99.5,98.564,0.05,0.15,45,success,1,1,0,0,26,4,0,5,1,34,1.3252674773556623,14.974874019533495,0.0,0.0,0.99,8,exponential
q_learning,shaped_eps-exponential_seed3,shaped,3,4a77b6e251,2038,179,105.55000000000003,98.48249999999996,0.05,0.15,46,success,1,1,0,0,25,3,0,5,1,31,1.1271836741922339,15.25905469562923,0.0,0.0,0.99,8,exponential
q_learning,shaped_eps-exponential_seed3,shaped,3,4a77b6e251,2039,177,106.65,98.45099999999998,0.05,0.15,48,success,1,1,0,0,29,2,0,6,1,33,0.9884357746343813,12.992806175062299,0.0,0.0,0.99,8,exponential
q_learning,shaped_eps-exponential_seed3,shaped,3,4a77b6e251,2040,176,98.70000000000002,98.56349999999999,0.05,0.15,49,success,1,1,0,0,32,3,0,6,1,31,1.3370996891063156,15.434740524034053,0.0,0.0,0.99,8,exponential
q_learning,shaped_eps-exponential_seed3,shaped,3,4a77b6e251,2041,174,89.79999999999998,98.37599999999999,0.05,0.15,51,success,1,1,0,0,36,4,0,3,1,32,1.3295965709918958,14.834799116309533,0.0,0.0,0.99,8,exponential
q_learning,shaped_eps-exponential_seed3,shaped,3,4a77b6e251,2042,174,80.79999999999995,98.07849999999999,0.05,0.15,51,success,1,1,0,0,30,7,0,3,1,43,1.3937214761619994,17.03464445024913,0.0,0.0,0.99,8,exponential
q_learning,shaped_eps-exponential_seed3,shaped,3,4a77b6e251,2043,181,91.44999999999997,98.0705,0.05,0.15,44,success,1,1,0,0,39,3,0,3,1,42,1.3599783603570201,16.573729604066763,0.0,0.0,0.99,8,exponential
q_learning,shaped_eps-exponential_seed3,shaped,3,4a77b6e251,2044,177,96.65,97.91999999999999,0.05,0.15,48,success,1,1,0,0,39,2,0,2,1,47,1.381769986281692,32.941852822454244,0.0,0.0,0.99,8,exponential
q_learning,shaped_eps-exponential_seed3,shaped,3,4a77b6e251,2045,177,110.64999999999996,98.15399999999998,0.05,0.15,48,success,1,1,0,0,25,2,0,7,1,35,1.1560790875832592,16.046138358155428,0.0,0.0,0.99,8,exponential
q_learning,shaped_eps-exponential_seed3,shaped,3,4a77b6e251,2046,177,85.64999999999998,97.9125,0.05,0.15,48,success,1,1,0,0,35,5,0,5,1,46,1.1560670641484576,10.299807154286064,0.0,0.0,0.99,8,exponential
q_learning,shaped_eps-exponential_seed3,shaped,3,4a77b6e251,2047,184,105.30000000000001,98.17749999999998,0.05,0.15,41,success,1,1,0,0,30,2,0,6,1,34,1.1485513058521568,20.780662195094337,0.0,0.0,0.99,8,exponential
q_learning,shaped_eps-exponential_seed3,shaped,3,4a77b6e251,2048,175,91.75,97.98749999999998,0.05,0.15,50,success,1,1,0,0,29,5,0,5,1,34,1.5819323890571149,45.18241040898774,0.0,0.0,0.99,8,exponential
q_learning,shaped_eps-exponential_seed3,shaped,3,4a77b6e251,2049,176,101.7,98.10549999999999,0.05,0.15,49,success,1,1,0,0,34,2,0,3,1,41,1.1529561352732995,23.68937094737177,0.0,0.0,0.99,8,exponential
q_learning,shaped_eps-exponential_seed3,shaped,3,4a77b6e251,2050,176,100.7,98.20400000000001,0.05,0.15,49,success,1,1,0,0,30,3,0,6,1,31,1.0728151141673574,27.35264071040185,0.0,0.0,0.99,8,exponential
q_learning,shaped_eps-exponential_seed3,shaped,3,4a77b6e251,2051,178,99.60000000000001,98.186,0.05,0.15,47,success,1,1,0,0,36,2,0,4,1,35,1.1980217861262494,21.906393855228686,0.0,0.0,0.99,8,exponential
q_learning,shaped_eps-exponential_seed3,shaped,3,4a77b6e251,2052,175,97.75000000000001,98.166,0.05,0.15,50,success,1,1,0,0,33,3,0,1,1,26,1.1585420138116616,12.89156987604499,0.0,0.0,0.99,8,exponential
q_learning,shaped_eps-exponential_seed3,shaped,3,4a77b6e251,2053,180,119.49999999999994,98.63500000000002,0.05,0.15,45,success,1,1,0,0,16,2,0,7,1,22,1.1717308971987057,21.16595588705252,0.0,0.0,0.99,8,exponential
q_learning,shaped_eps-exponential_seed3,shaped,3,4a77b6e251,2054,178,79.59999999999994,98.57400000000001,0.05,0.15,47,success,1,1,0,0,36,6,0,4,1,39,1.4121778310951882,13.747518076278993,0.0,0.0,0.99,8,exponential
q_learning,shaped_eps-exponential_seed3,shaped,3,4a77b6e251,2055,179,91.55,98.554,0.05,0.15,46,success,1,1,0,0,39,3,0,3,1,51,2.0694605256185263,28.432517412128888,0.0,0.0,0.99,8,exponential
q_learning,shaped_eps-exponential_seed3,shaped,3,4a77b6e251,2056,174,102.8,98.58549999999997,0.05,0.15,51,success,1,1,0,0,28,3,0,6,1,29,1.166289762330679,14.041700755109773,0.0,0.0,0.99,8,exponential
q_learning,shaped_eps-exponential_seed3,shaped,3,4a77b6e251,2057,179,98.55000000000001,98.56399999999998,0.05,0.15,46,success,1,1,0,0,37,2,0,3,1,40,1.2276048924083351,18.45644801496097,0.0,0.0,0.99,8,exponential
q_learning,shaped_eps-exponential_seed3,shaped,3,4a77b6e251,2058,187,98.15000000000002,98.57849999999996,0.05,0.15,38,success,1,1,0,0,37,2,0,3,1,38,1.3778004066352196,32.07149039652848,0.0,0.0,0.99,8,exponential
q_learning,shaped_eps-exponential_seed3,shaped,3,4a77b6e251,2059,171,106.95000000000002,98.66999999999999,0.05,0.15,54,success,1,1,0,0,29,2,0,2,1,30,1.1727095126107725,24.00360402789731,0.0,0.0,0.99,8,exponential
q_learning,shaped_eps-exponential_seed3,shaped,3,4a77b6e251,2060,178,99.60000000000001,98.67849999999999,0.05,0.15,47,success,1,1,0,0,26,4,0,3,1,33,1.2835455311803907,14.177298726620634,0.0,0.0,0.99,8,exponential
q_learning,shaped_eps-exponential_seed3,shaped,3,4a77b6e251,2061,177,91.65,98.59949999999999,0.05,0.15,48,success,1,1,0,0,29,5,0,3,1,35,2.150248663128647,62.6303793496533,0.0,0.0,0.99,8,exponential
q_learning,shaped_eps-exponential_seed3,shaped,3,4a77b6e251,2062,177,81.64999999999995,98.3295,0.05,0.15,48,success,1,1,0,0,39,5,0,7,1,36,1.531886728744165,28.53794595061502,0.0,0.0,0.99,8,exponential
q_learning,shaped_eps-exponential_seed3,shaped,3,4a77b6e251,2063,176,96.70000000000002,98.2715,0.05,0.15,49,success,1,1,0,0,34,3,0,4,1,34,1.2608195062484564,13.782592955229507,0.0,0.0,0.99,8,exponential
q_learning,shaped_eps-exponential_seed3,shaped,3,4a77b6e251,2064,177,86.64999999999995,97.99999999999999,0.05,0.15,48,success,1,1,0,0,39,4,0,5,1,41,1.2846683020589456,13.301743657870546,0.0,0.0,0.99,8,exponential
q_learning,shaped_eps-exponential_seed3,shaped,3,4a77b6e251,2065,180,93.49999999999999,98.16699999999999,0.05,0.15,45,success,1,1,0,0,32,4,0,5,1,39,1.1941790076827652,12.428952747563969,0.0,0.0,0.99,8,exponential
q_learning,shaped_eps-exponential_seed3,shaped,3,4a77b6e251,2066,177,87.64999999999998,98.06849999999999,0.05,0.15,48,success,1,1,0,0,33,5,0,6,1,40,1.6046806234424615,19.177914256971285,0.0,0.0,0.99,8,exponential
q_learning,shaped_eps-exponential_seed3,shaped,3,4a77b6e251,2067,174,82.79999999999998,97.91949999999997,0.05,0.15,51,success,1,1,0,0,38,5,0,2,1,41,1.2246828472497213,12.342124422647998,0.0,0.0,0.99,8,exponential
q_learning,shaped_eps-exponential_seed3,shaped,3,4a77b6e251,2068,180,102.50000000000001,97.90649999999998,0.05,0.15,45,success,1,1,0,0,28,3,0,7,1,31,1.4191519287072283,32.3868924612536,0.0,0.0,0.99,8,exponential
q_learning,shaped_eps-exponential_seed3,shaped,3,4a77b6e251,2069,181,106.45000000000002,97.94949999999999,0.05,0.15,44,success,1,1,0,0,29,2,0,6,1,35,1.0504355394373277,17.47831231376019,0.0,0.0,0.99,8,exponential
q_learning,shaped_eps-exponential_seed3,shaped,3,4a77b6e251,2070,176,105.70000000000002,97.98100000000001,0.05,0.15,49,success,1,1,0,0,30,2,0,4,1,32,1.3087219903144314,24.478020487071824,0.0,0.0,0.99,8,exponential
q_learning,shaped_eps-exponential_seed3,shaped,3,4a77b6e251,2071,174,105.80000000000001,98.14200000000001,0.05,0.15,51,success,1,1,0,0,30,2,0,4,1,35,1.1907216691911775,29.953699828301804,0.0,0.0,0.99,8,exponential
q_learning,shaped_eps-exponential_seed3,shaped,3,4a77b6e251,2072,174,97.8,98.193,0.05,0.15,51,success,1,1,0,0,38,2,0,8,1,41,1.3181970221984642,24.952648236688752,0.0,0.0,0.99,8,exponential
q_learning,shaped_eps-exponential_seed3,shaped,3,4a77b6e251,2073,172,104.9,98.28599999999999,0.05,0.15,53,success,1,1,0,0,26,3,0,3,1,34,1.1917846947652504,25.769331493863504,0.0,0.0,0.99,8,exponential
q_learning,shaped_eps-exponential_seed3,shaped,3,4a77b6e251,2074,178,99.60000000000001,98.18499999999999,0.05,0.15,47,success,1,1,0,0,36,2,0,4,1,47,1.2748575275936294,39.91561052496598,0.0,0.0,0.99,8,exponential
q_learning,shaped_eps-exponential_seed3,shaped,3,4a77b6e251,2075,180,103.5,98.17249999999999,0.05,0.15,45,success,1,1,0,0,32,2,0,3,1,32,1.1438172868653984,18.118189937512355,0.0,0.0,0.99,8,exponential
q_learning,shaped_eps-exponential_seed3,shaped,3,4a77b6e251,2076,177,88.64999999999993,98.082,0.05,0.15,48,success,1,1,0,0,37,4,0,5,1,36,1.330118080243359,24.50087313244864,0.0,0.0,0.99,8,exponential
q_learning,shaped_eps-exponential_seed3,shaped,3,4a77b6e251,2077,178,105.6,97.96199999999999,0.05,0.15,47,success,1,1,0,0,30,2,0,5,1,28,1.1552360361284404,16.58991447885245,0.0,0.0,0.99,8,exponential
q_learning,shaped_eps-exponential_seed3,shaped,3,4a77b6e251,2078,181,108.45000000000002,97.91149999999999,0.05,0.15,44,success,1,1,0,0,27,2,0,6,1,43,1.9292078586704218,49.84000378965891,0.0,0.0,0.99,8,exponential
q_learning,shaped_eps-exponential_seed3,shaped,3,4a77b6e251,2079,177,98.65,98.09049999999999,0.05,0.15,48,success,1,1,0,0,27,4,0,4,1,32,1.6137087779811974,14.35528220413092,0.0,0.0,0.99,8,exponential
q_learning,shaped_eps-exponential_seed3,shaped,3,4a77b6e251,2080,174,99.80000000000001,98.34299999999999,0.05,0.15,51,success,1,1,0,0,26,4,0,5,1,32,1.2345451224764827,13.918665661805008,0.0,0.0,0.99,8,exponential
q_learning,shaped_eps-exponential_seed3,shaped,3,4a77b6e251,2081,175,78.74999999999997,98.12449999999998,0.05,0.15,50,success,1,1,0,0,37,6,0,4,1,41,1.4078750774368887,13.04072177736004,0.0,0.0,0.99,8,exponential
q_learning,shaped_eps-exponential_seed3,shaped,3,4a77b6e251,2082,174,98.80000000000003,98.24449999999999,0.05,0.15,51,success,1,1,0,0,32,3,0,4,1,33,1.1532315486855567,24.32784042595668,0.0,0.0,0.99,8,exponential
q_learning,shaped_eps-exponential_seed3,shaped,3,4a77b6e251,2083,176,107.69999999999999,98.35399999999998,0.05,0.15,49,success,1,1,0,0,28,2,0,4,1,31,1.1150624752567742,20.667441067370476,0.0,0.0,0.99,8,exponential
q_learning,shaped_eps-exponential_seed3,shaped,3,4a77b6e251,2084,178,88.59999999999997,98.2625,0.05,0.15,47,success,1,1,0,0,32,5,0,5,1,41,1.5709803379182437,50.99480646075592,0.0,0.0,0.99,8,exponential
q_learning,shaped_eps-exponential_seed3,shaped,3,4a77b6e251,2085,179,110.54999999999997,98.29249999999998,0.05,0.15,46,success,1,1,0,0,25,2,0,5,1,29,1.3899899061536305,26.791318680306155,0.0,0.0,0.99,8,exponential
q_learning,shaped_eps-exponential_seed3,shaped,3,4a77b6e251,2086,178,99.60000000000001,98.37150000000001,0.05,0.15,47,success,1,1,0,0,36,2,0,5,1,41,1.4724211232862805,58.91439525285642,0.0,0.0,0.99,8,exponential
q_learning,shaped_eps-exponential_seed3,shaped,3,4a77b6e251,2087,174,104.80000000000001,98.54249999999998,0.05,0.15,51,success,1,1,0,0,26,3,0,5,1,33,1.0557255115393842,12.895250940500347,0.0,0.0,0.99,8,exponential
q_learning,shaped_eps-exponential_seed3,shaped,3,4a77b6e251,2088,181,101.45,98.642,0.05,0.15,44,success,1,1,0,0,29,3,0,8,1,33,1.4975505971766137,41.70288384855876,0.0,0.0,0.99,8,exponential
q_learning,shaped_eps-exponential_seed3,shaped,3,4a77b6e251,2089,184,83.3,98.49799999999998,0.05,0.15,41,success,1,1,0,0,42,4,0,1,1,41,1.8931714432248108,49.73891823799367,0.0,0.0,0.99,8,exponential
q_learning,shaped_eps-exponential_seed3,shaped,3,4a77b6e251,2090,176,104.70000000000002,98.46349999999998,0.05,0.15,49,success,1,1,0,0,26,3,0,7,1,34,1.09749607685457,13.069921184664814,0.0,0.0,0.99,8,exponential
q_learning,shaped_eps-exponential_seed3,shaped,3,4a77b6e251,2091,168,114.09999999999997,98.669,0.05,0.15,57,success,1,1,0,0,22,2,0,2,1,25,1.740062158364192,55.91354999484837,0.0,0.0,0.99,8,exponential
q_learning,shaped_eps-exponential_seed3,shaped,3,4a77b6e251,2092,174,91.79999999999997,98.60949999999998,0.05,0.15,51,success,1,1,0,0,44,2,0,4,1,44,1.5132895350440914,38.405048847639584,0.0,0.0,0.99,8,exponential
q_learning,shaped_eps-exponential_seed3,shaped,3,4a77b6e251,2093,179,89.55,98.63249999999998,0.05,0.15,46,success,1,1,0,0,31,5,0,5,1,36,1.3041701738188163,17.199979034932554,0.0,0.0,0.99,8,exponential
q_learning,shaped_eps-exponential_seed3,shaped,3,4a77b6e251,2094,175,112.74999999999996,98.71449999999999,0.05,0.15,50,success,1,1,0,0,23,2,0,7,1,29,0.9813074786891222,11.954712550023899,0.0,0.0,0.99,8,exponential
q_learning,shaped_eps-exponential_seed3,shaped,3,4a77b6e251,2095,178,108.60000000000002,98.76299999999998,0.05,0.15,47,success,1,1,0,0,22,3,0,5,1,28,1.171496010777789,16.215837062604006,0.0,0.0,0.99,8,exponential
q_learning,shaped_eps-exponential_seed3,shaped,3,4a77b6e251,2096,177,91.65,98.58149999999998,0.05,0.15,48,success,1,1,0,0,39,3,0,2,1,42,1.1426168007278048,14.799915717485927,0.0,0.0,0.99,8,exponential
q_learning,shaped_eps-exponential_seed3,shaped,3,4a77b6e251,2097,174,84.79999999999998,98.40499999999996,0.05,0.15,51,success,1,1,0,0,26,7,0,5,1,27,1.1870800421812069,10.369393439159225,0.0,0.0,0.99,8,exponential
q_learning,shaped_eps-exponential_seed3,shaped,3,4a77b6e251,2098,176,84.69999999999993,98.24949999999998,0.05,0.15,49,success,1,1,0,0,26,7,0,8,1,30,1.081422832140101,10.298099295915051,0.0,0.0,0.99,8,exponential
q_learning,shaped_eps-exponential_seed3,shaped,3,4a77b6e251,2099,175,94.74999999999997,98.24099999999999,0.05,0.15,50,success,1,1,0,0,31,4,0,5,1,35,1.1196405210898697,12.401264355058814,0.0,0.0,0.99,8,exponential
q_learning,shaped_eps-exponential_seed3,shaped,3,4a77b6e251,2100,177,85.64999999999995,98.2045,0.05,0.15,48,success,1,1,0,0,35,5,0,5,1,45,1.2588394027881804,11.653714544342336,0.0,0.0,0.99,8,exponential
q_learning,shaped_eps-exponential_seed3,shaped,3,4a77b6e251,2101,175,104.75,98.30449999999999,0.05,0.15,50,success,1,1,0,0,31,2,0,3,1,32,1.3119591351155513,32.16868996185171,0.0,0.0,0.99,8,exponential
q_learning,shaped_eps-exponential_seed3,shaped,3,4a77b6e251,2102,179,91.54999999999994,98.24399999999997,0.05,0.15,46,success,1,1,0,0,29,5,0,5,1,30,1.454510524957195,30.83308235849783,0.0,0.0,0.99,8,exponential
q_learning,shaped_eps-exponential_seed3,shaped,3,4a77b6e251,2103,176,98.7,98.286,0.05,0.15,49,success,1,1,0,0,32,3,0,5,1,32,1.1204409037476517,10.550477541202973,0.0,0.0,0.99,8,exponential
q_learning,shaped_eps-exponential_seed3,shaped,3,4a77b6e251,2104,178,95.60000000000001,98.26550000000002,0.05,0.15,47,success,1,1,0,0,30,4,0,3,1,35,1.1808810511284717,13.360491548005491,0.0,0.0,0.99,8,exponential
q_learning,shaped_eps-exponential_seed3,shaped,3,4a77b6e251,2105,178,93.60000000000001,98.24549999999999,0.05,0.15,47,success,1,1,0,0,42,2,0,4,1,41,1.3250815599853447,23.96785028903679,0.0,0.0,0.99,8,exponential
q_learning,shaped_eps-exponential_seed3,shaped,3,4a77b6e251,2106,175,95.75,98.2155,0.05,0.15,50,success,1,1,0,0,35,3,0,3,1,41,1.2028724262353736,17.29633604858243,0.0,0.0,0.99,8,exponential
q_learning,shaped_eps-exponential_seed3,shaped,3,4a77b6e251,2107,178,95.60000000000002,98.134,0.05,0.15,47,success,1,1,0,0,40,2,0,3,1,43,1.525692631026722,28.52126536109384,0.0,0.0,0.99,8,exponential
q_learning,shaped_eps-exponential_seed3,shaped,3,4a77b6e251,2108,175,97.75000000000001,98.1875,0.05,0.15,50,success,1,1,0,0,33,3,0,7,1,36,1.281181295200728,11.547344417486322,0.0,0.0,0.99,8,exponential
q_learning,shaped_eps-exponential_seed3,shaped,3,4a77b6e251,2109,178,83.59999999999991,98.04650000000001,0.05,0.15,47,success,1,1,0,0,32,6,0,3,1,33,1.4287975807680149,25.436936165645083,0.0,0.0,0.99,8,exponential
q_learning,shaped_eps-exponential_seed3,shaped,3,4a77b6e251,2110,175,93.75000000000001,97.88799999999999,0.05,0.15,50,success,1,1,0,0,37,3,0,4,1,39,1.2619907451698757,14.49697312544508,0.0,0.0,0.99,8,exponential
q_learning,shaped_eps-exponential_seed3,shaped,3,4a77b6e251,2111,178,83.59999999999998,97.6175,0.05,0.15,47,success,1,1,0,0,32,6,0,4,1,38,2.4739902734400054,46.0776619420577,0.0,0.0,0.99,8,exponential
q_learning,shaped_eps-exponential_seed3,shaped,3,4a77b6e251,2112,179,104.55000000000001,97.65199999999999,0.05,0.15,46,success,1,1,0,0,31,2,0,7,1,35,1.194181683058299,18.85215124889795,0.0,0.0,0.99,8,exponential
q_learning,shaped_eps-exponential_seed3,shaped,3,4a77b6e251,2113,192,98.9,97.69349999999999,0.05,0.15,33,success,1,1,0,0,36,2,0,9,1,41,1.1660566359110824,19.644428578614146,0.0,0.0,0.99,8,exponential
q_learning,shaped_eps-exponential_seed3,shaped,3,4a77b6e251,2114,174,98.80000000000001,97.60349999999998,0.05,0.15,51,success,1,1,0,0,32,3,0,1,1,40,1.4545805571718182,17.791925009481723,0.0,0.0,0.99,8,exponential
q_learning,shaped_eps-exponential_seed3,shaped,3,4a77b6e251,2115,177,104.64999999999999,97.64249999999997,0.05,0.15,48,success,1,1,0,0,31,2,0,6,1,32,1.2414966889592134,12.346148824679533,0.0,0.0,0.99,8,exponential
q_learning,shaped_eps-exponential_seed3,shaped,3,4a77b6e251,2116,175,98.75,97.62199999999997,0.05,0.15,50,success,1,1,0,0,37,2,0,6,1,39,1.051015726401138,11.822514707400721,0.0,0.0,0.99,8,exponential
q_learning,shaped_eps-exponential_seed3,shaped,3,4a77b6e251,2117,174,98.80000000000001,97.65449999999997,0.05,0.15,51,success,1,1,0,0,32,3,0,6,1,35,1.2042356874000268,25.160857895323446,0.0,0.0,0.99,8,exponential
q_learning,shaped_eps-exponential_seed3,shaped,3,4a77b6e251,2118,179,108.54999999999998,97.73449999999998,0.05,0.15,46,success,1,1,0,0,27,2,0,4,1,29,1.178101713791737,17.798234465870543,0.0,0.0,0.99,8,exponential
q_learning,shaped_eps-exponential_seed3,shaped,3,4a77b6e251,2119,179,100.55,97.77499999999996,0.05,0.15,46,success,1,1,0,0,35,2,0,7,1,42,1.1924772033608186,21.783831717578607,0.0,0.0,0.99,8,exponential
q_learning,shaped_eps-exponential_seed3,shaped,3,4a77b6e251,2120,174,105.80000000000001,98.16899999999998,0.05,0.15,51,success,1,1,0,0,30,2,0,5,1,30,1.087672565738466,20.388210296499416,0.0,0.0,0.99,8,exponential
q_learning,shaped_eps-exponential_seed3,shaped,3,4a77b6e251,2121,178,95.60000000000001,98.10699999999999,0.05,0.15,47,success,1,1,0,0,40,2,0,1,1,39,1.922482891483331,41.61036625575252,0.0,0.0,0.99,8,exponential
q_learning,shaped_eps-exponential_seed3,shaped,3,4a77b6e251,2122,178,95.6,97.98599999999999,0.05,0.15,47,success,1,1,0,0,30,4,0,5,1,39,1.53335728006267,14.390835287673651,0.0,0.0,0.99,8,exponential
q_learning,shaped_eps-exponential_seed3,shaped,3,4a77b6e251,2123,177,108.64999999999999,98.09550000000002,0.05,0.15,48,success,1,1,0,0,27,2,0,3,1,28,1.3482054950438946,23.110703890418453,0.0,0.0,0.99,8,exponential
q_learning,shaped_eps-exponential_seed3,shaped,3,4a77b6e251,2124,175,86.74999999999994,97.8975,0.05,0.15,50,success,1,1,0,0,39,4,0,5,1,40,1.2626257916915962,13.001666765256891,0.0,0.0,0.99,8,exponential
q_learning,shaped_eps-exponential_seed3,shaped,3,4a77b6e251,2125,181,93.45000000000002,97.80550000000001,0.05,0.15,44,success,1,1,0,0,37,3,0,3,1,42,1.0418282994393138,10.972722592228891,0.0,0.0,0.99,8,exponential
q_learning,shaped_eps-exponential_seed3,shaped,3,4a77b6e251,2126,181,55.450000000000045,97.29350000000001,0.05,0.15,44,success,1,1,0,0,35,11,0,1,1,42,1.4715086376376505,12.333982675299524,0.0,0.0,0.99,8,exponential
q_learning,shaped_eps-exponential_seed3,shaped,3,4a77b6e251,2127,174,109.79999999999998,97.37650000000002,0.05,0.15,51,success,1,1,0,0,26,2,0,6,1,29,0.9884804188302233,13.549834078031381,0.0,0.0,0.99,8,exponential
q_learning,shaped_eps-exponential_seed3,shaped,3,4a77b6e251,2128,171,100.95,97.45800000000001,0.05,0.15,54,success,1,1,0,0,35,2,0,3,1,41,1.7680380229103891,57.57235705520354,0.0,0.0,0.99,8,exponential
q_learning,shaped_eps-exponential_seed3,shaped,3,4a77b6e251,2129,176,109.70000000000002,97.43700000000001,0.05,0.15,49,success,1,1,0,0,26,2,0,5,1,36,1.0929227798961294,22.644986734656072,0.0,0.0,0.99,8,exponential
q_learning,shaped_eps-exponential_seed3,shaped,3,4a77b6e251,2130,195,85.74999999999991,97.18799999999999,0.05,0.15,30,success,1,1,0,0,29,6,0,1,1,31,2.666460737719508,45.865925437926435,0.0,0.0,0.99,8,exponential
q_learning,shaped_eps-exponential_seed3,shaped,3,4a77b6e251,2131,175,103.75,97.30799999999999,0.05,0.15,50,success,1,1,0,0,27,3,0,3,1,31,1.104632446142822,12.682837961841017,0.0,0.0,0.99,8,exponential
q_learning,shaped_eps-exponential_seed3,shaped,3,4a77b6e251,2132,179,86.54999999999998,97.1265,0.05,0.15,46,success,1,1,0,0,39,4,0,4,1,39,1.777148325252985,74.8405093765939,0.0,0.0,0.99,8,exponential
q_learning,shaped_eps-exponential_seed3,shaped,3,4a77b6e251,2133,185,85.24999999999999,97.08099999999999,0.05,0.15,40,success,1,1,0,0,35,5,0,4,1,48,1.23559134927163,12.112408803357383,0.0,0.0,0.99,8,exponential
q_learning,shaped_eps-exponential_seed3,shaped,3,4a77b6e251,2134,187,98.14999999999999,97.08799999999998,0.05,0.15,38,success,1,1,0,0,27,4,0,1,1,30,1.8382638642762112,60.31494649818755,0.0,0.0,0.99,8,exponential
q_learning,shaped_eps-exponential_seed3,shaped,3,4a77b6e251,2135,179,106.55000000000003,97.27699999999999,0.05,0.15,46,success,1,1,0,0,29,2,0,6,1,35,1.100620437729828,11.779629925546256,0.0,0.0,0.99,8,exponential
q_learning,shaped_eps-exponential_seed3,shaped,3,4a77b6e251,2136,176,111.69999999999995,97.3075,0.05,0.15,49,success,1,1,0,0,24,2,0,4,1,27,0.8988965047307875,13.436958608407565,0.0,0.0,0.99,8,exponential
q_learning,shaped_eps-exponential_seed3,shaped,3,4a77b6e251,2137,174,95.80000000000003,97.27049999999997,0.05,0.15,51,success,1,1,0,0,30,4,0,4,1,36,1.2412341762416244,12.847922440270864,0.0,0.0,0.99,8,exponential
q_learning,shaped_eps-exponential_seed3,shaped,3,4a77b6e251,2138,176,99.7,97.21199999999999,0.05,0.15,49,success,1,1,0,0,36,2,0,4,1,38,1.0606107459144107,11.041424359244544,0.0,0.0,0.99,8,exponential
q_learning,shaped_eps-exponential_seed3,shaped,3,4a77b6e251,2139,176,105.70000000000002,97.20250000000001,0.05,0.15,49,success,1,1,0,0,30,2,0,4,1,38,0.979098100437492,12.69290335650615,0.0,0.0,0.99,8,exponential
q_learning,shaped_eps-exponential_seed3,shaped,3,4a77b6e251,2140,174,104.80000000000001,97.26350000000001,0.05,0.15,51,success,1,1,0,0,26,3,0,6,1,31,1.0552090843973558,12.675160942818032,0.0,0.0,0.99,8,exponential
q_learning,shaped_eps-exponential_seed3,shaped,3,4a77b6e251,2141,176,111.69999999999997,97.4825,0.05,0.15,49,success,1,1,0,0,24,2,0,6,1,28,0.9631038008925056,10.826179441770677,0.0,0.0,0.99,8,exponential
q_learning,shaped_eps-exponential_seed3,shaped,3,4a77b6e251,2142,177,100.65,97.681,0.05,0.15,48,success,1,1,0,0,35,2,0,6,1,38,1.1053976078583856,15.586284118663656,0.0,0.0,0.99,8,exponential
q_learning,shaped_eps-exponential_seed3,shaped,3,4a77b6e251,2143,179,93.55000000000001,97.70199999999998,0.05,0.15,46,success,1,1,0,0,37,3,0,4,1,49,1.152733450366821,14.166631712894329,0.0,0.0,0.99,8,exponential
q_learning,shaped_eps-exponential_seed3,shaped,3,4a77b6e251,2144,174,111.79999999999995,97.85349999999998,0.05,0.15,51,success,1,1,0,0,24,2,0,4,1,27,1.0741243866746655,15.52727574370305,0.0,0.0,0.99,8,exponential
q_learning,shaped_eps-exponential_seed3,shaped,3,4a77b6e251,2145,176,103.70000000000002,97.78399999999998,0.05,0.15,49,success,1,1,0,0,32,2,0,3,1,40,1.1287512842820335,29.66310103464357,0.0,0.0,0.99,8,exponential
q_learning,shaped_eps-exponential_seed3,shaped,3,4a77b6e251,2146,177,100.65,97.934,0.05,0.15,48,success,1,1,0,0,35,2,0,2,1,40,1.8578832294326193,54.36750415287439,0.0,0.0,0.99,8,exponential
q_learning,shaped_eps-exponential_seed3,shaped,3,4a77b6e251,2147,192,74.89999999999998,97.63,0.05,0.15,33,success,1,1,0,0,40,6,0,1,1,49,2.011220293724443,52.832706334875695,0.0,0.0,0.99,8,exponential
q_learning,shaped_eps-exponential_seed3,shaped,3,4a77b6e251,2148,182,97.4,97.6865,0.05,0.15,43,success,1,1,0,0,38,2,0,1,1,41,1.0932771664881846,8.542087074348899,0.0,0.0,0.99,8,exponential
q_learning,shaped_eps-exponential_seed3,shaped,3,4a77b6e251,2149,180,102.50000000000001,97.69449999999999,0.05,0.15,45,success,1,1,0,0,28,3,0,3,1,36,1.1789406020583848,17.25720638263854,0.0,0.0,0.99,8,exponential
q_learning,shaped_eps-exponential_seed3,shaped,3,4a77b6e251,2150,176,86.69999999999997,97.5545,0.05,0.15,49,success,1,1,0,0,34,5,0,2,1,42,1.399511423649355,22.611454076633215,0.0,0.0,0.99,8,exponential
q_learning,shaped_eps-exponential_seed3,shaped,3,4a77b6e251,2151,174,95.8,97.5165,0.05,0.15,51,success,1,1,0,0,40,2,0,3,1,40,1.1641177886596705,13.141485996489934,0.0,0.0,0.99,8,exponential
q_learning,shaped_eps-exponential_seed3,shaped,3,4a77b6e251,2152,175,83.74999999999994,97.3765,0.05,0.15,50,success,1,1,0,0,37,5,0,4,1,38,1.1233860080273763,13.016127848093413,0.0,0.0,0.99,8,exponential
q_learning,shaped_eps-exponential_seed3,shaped,3,4a77b6e251,2153,174,87.79999999999993,97.05949999999999,0.05,0.15,51,success,1,1,0,0,38,4,0,5,1,41,1.2691158769326971,15.926857460922896,0.0,0.0,0.99,8,exponential
q_learning,shaped_eps-exponential_seed3,shaped,3,4a77b6e251,2154,175,104.75000000000001,97.31099999999998,0.05,0.15,50,success,1,1,0,0,31,2,0,6,1,34,1.0520218920056068,11.129368114130315,0.0,0.0,0.99,8,exponential
q_learning,shaped_eps-exponential_seed3,shaped,3,4a77b6e251,2155,172,101.90000000000002,97.41449999999999,0.05,0.15,53,success,1,1,0,0,34,2,0,3,1,34,1.270530626046237,24.66975410880849,0.0,0.0,0.99,8,exponential
q_learning,shaped_eps-exponential_seed3,shaped,3,4a77b6e251,2156,178,94.60000000000002,97.33249999999998,0.05,0.15,47,success,1,1,0,0,36,3,0,6,1,35,1.1249345687904428,11.409283441643296,0.0,0.0,0.99,8,exponential
q_learning,shaped_eps-exponential_seed3,shaped,3,4a77b6e251,2157,177,99.65000000000002,97.3435,0.05,0.15,48,success,1,1,0,0,31,3,0,4,1,37,1.2199891046291738,23.14566576662442,0.0,0.0,0.99,8,exponential
q_learning,shaped_eps-exponential_seed3,shaped,3,4a77b6e251,2158,176,101.7,97.37899999999999,0.05,0.15,49,success,1,1,0,0,24,4,0,5,1,24,1.0321715062786823,11.734982406508053,0.0,0.0,0.99,8,exponential
q_learning,shaped_eps-exponential_seed3,shaped,3,4a77b6e251,2159,176,107.69999999999999,97.38650000000001,0.05,0.15,49,success,1,1,0,0,28,2,0,2,1,33,0.9972313419595111,10.692208976130473,0.0,0.0,0.99,8,exponential
q_learning,shaped_eps-exponential_seed3,shaped,3,4a77b6e251,2160,174,95.79999999999998,97.3485,0.05,0.15,51,success,1,1,0,0,40,2,0,7,1,39,1.1141941818684955,11.326847813867957,0.0,0.0,0.99,8,exponential
q_learning,shaped_eps-exponential_seed3,shaped,3,4a77b6e251,2161,175,102.75000000000001,97.4595,0.05,0.15,50,success,1,1,0,0,33,2,0,6,1,39,0.9536763295476476,11.346327141517875,0.0,0.0,0.99,8,exponential
q_learning,shaped_eps-exponential_seed3,shaped,3,4a77b6e251,2162,174,101.80000000000001,97.66099999999999,0.05,0.15,51,success,1,1,0,0,34,2,0,5,1,39,1.2145776091578657,13.895268089867326,0.0,0.0,0.99,8,exponential
q_learning,shaped_eps-exponential_seed3,shaped,3,4a77b6e251,2163,179,108.55000000000001,97.77949999999997,0.05,0.15,46,success,1,1,0,0,27,2,0,8,1,33,1.032543526282848,12.273387769885304,0.0,0.0,0.99,8,exponential
q_learning,shaped_eps-exponential_seed3,shaped,3,4a77b6e251,2164,178,103.60000000000002,97.949,0.05,0.15,47,success,1,1,0,0,32,2,0,3,1,34,1.1051875040402404,11.401252725617454,0.0,0.0,0.99,8,exponential
q_learning,shaped_eps-exponential_seed3,shaped,3,4a77b6e251,2165,171,102.95,98.04350000000001,0.05,0.15,54,success,1,1,0,0,33,2,0,3,1,37,1.69676576757439,29.875289122707144,0.0,0.0,0.99,8,exponential
q_learning,shaped_eps-exponential_seed3,shaped,3,4a77b6e251,2166,174,105.80000000000001,98.22499999999998,0.05,0.15,51,success,1,1,0,0,30,2,0,7,1,31,1.075823198441228,14.38687635215041,0.0,0.0,0.99,8,exponential
q_learning,shaped_eps-exponential_seed3,shaped,3,4a77b6e251,2167,175,102.75,98.42450000000001,0.05,0.15,50,success,1,1,0,0,33,2,0,5,1,37,1.206142916417613,19.90685198522599,0.0,0.0,0.99,8,exponential
q_learning,shaped_eps-exponential_seed3,shaped,3,4a77b6e251,2168,175,106.75000000000001,98.46700000000001,0.05,0.15,50,success,1,1,0,0,29,2,0,4,1,28,1.2125960802211433,14.855828336373435,0.0,0.0,0.99,8,exponential
q_learning,shaped_eps-exponential_seed3,shaped,3,4a77b6e251,2169,178,105.6,98.4585,0.05,0.15,47,success,1,1,0,0,30,2,0,5,1,33,1.1703332972714369,37.33705018514997,0.0,0.0,0.99,8,exponential
q_learning,shaped_eps-exponential_seed3,shaped,3,4a77b6e251,2170,176,115.69999999999996,98.55850000000001,0.05,0.15,49,success,1,1,0,0,20,2,0,6,1,22,1.0267762233228226,13.85858932185448,0.0,0.0,0.99,8,exponential
q_learning,shaped_eps-exponential_seed3,shaped,3,4a77b6e251,2171,174,109.8,98.5985,0.05,0.15,51,success,1,1,0,0,26,2,0,4,1,34,0.9903859375830446,11.97534791761801,0.0,0.0,0.99,8,exponential
q_learning,shaped_eps-exponential_seed3,shaped,3,4a77b6e251,2172,180,109.50000000000001,98.71549999999999,0.05,0.15,45,success,1,1,0,0,26,2,0,4,1,30,0.956511903747057,15.887828255151376,0.0,0.0,0.99,8,exponential
q_learning,shaped_eps-exponential_seed3,shaped,3,4a77b6e251,2173,178,80.59999999999997,98.47249999999998,0.05,0.15,47,success,1,1,0,0,40,5,0,5,1,41,1.4386558430059586,20.951853524517382,0.0,0.0,0.99,8,exponential
q_learning,shaped_eps-exponential_seed3,shaped,3,4a77b6e251,2174,172,95.9,98.43549999999999,0.05,0.15,53,success,1,1,0,0,30,4,0,3,1,32,1.257896275857445,23.73517284137924,0.0,0.0,0.99,8,exponential
q_learning,shaped_eps-exponential_seed3,shaped,3,4a77b6e251,2175,178,103.60000000000002,98.4365,0.05,0.15,47,success,1,1,0,0,32,2,0,1,1,38,1.3733266216591702,49.7685530753032,0.0,0.0,0.99,8,exponential
q_learning,shaped_eps-exponential_seed3,shaped,3,4a77b6e251,2176,174,99.80000000000001,98.54799999999997,0.05,0.15,51,success,1,1,0,0,36,2,0,3,1,38,1.360099178985732,30.940741263208135,0.0,0.0,0.99,8,exponential
q_learning,shaped_eps-exponential_seed3,shaped,3,4a77b6e251,2177,175,110.74999999999994,98.59949999999998,0.05,0.15,50,success,1,1,0,0,25,2,0,3,1,31,1.0402594235460805,11.44338774048299,0.0,0.0,0.99,8,exponential
q_learning,shaped_eps-exponential_seed3,shaped,3,4a77b6e251,2178,183,95.35000000000002,98.46849999999999,0.05,0.15,42,success,1,1,0,0,35,3,0,5,1,38,1.7237282882438336,41.774629814634324,0.0,0.0,0.99,8,exponential
q_learning,shaped_eps-exponential_seed3,shaped,3,4a77b6e251,2179,181,112.44999999999995,98.6065,0.05,0.15,44,success,1,1,0,0,23,2,0,4,1,32,1.1963527788924393,42.26817968770867,0.0,0.0,0.99,8,exponential
q_learning,shaped_eps-exponential_seed3,shaped,3,4a77b6e251,2180,178,91.60000000000001,98.5245,0.05,0.15,47,success,1,1,0,0,34,4,0,1,1,31,2.159067015135007,36.03491149586182,0.0,0.0,0.99,8,exponential
q_learning,shaped_eps-exponential_seed3,shaped,3,4a77b6e251,2181,175,89.74999999999997,98.6345,0.05,0.15,50,success,1,1,0,0,31,5,0,4,1,34,1.323384623484065,24.246295139824372,0.0,0.0,0.99,8,exponential
q_learning,shaped_eps-exponential_seed3,shaped,3,4a77b6e251,2182,177,93.65,98.583,0.05,0.15,48,success,1,1,0,0,37,3,0,1,1,35,1.1520379930379827,25.506613873164994,0.0,0.0,0.99,8,exponential
q_learning,shaped_eps-exponential_seed3,shaped,3,4a77b6e251,2183,176,96.70000000000002,98.47300000000001,0.05,0.15,49,success,1,1,0,0,34,3,0,3,1,41,1.2471913015368854,19.380785943939117,0.0,0.0,0.99,8,exponential
q_learning,shaped_eps-exponential_seed3,shaped,3,4a77b6e251,2184,176,109.7,98.68400000000001,0.05,0.15,49,success,1,1,0,0,26,2,0,8,1,29,1.220950712661253,13.250603450776332,0.0,0.0,0.99,8,exponential
q_learning,shaped_eps-exponential_seed3,shaped,3,4a77b6e251,2185,175,108.75,98.66600000000003,0.05,0.15,50,success,1,1,0,0,27,2,0,6,1,32,0.9642598520038389,13.481889118553184,0.0,0.0,0.99,8,exponential
q_learning,shaped_eps-exponential_seed3,shaped,3,4a77b6e251,2186,175,83.74999999999994,98.50750000000002,0.05,0.15,50,success,1,1,0,0,37,5,0,4,1,39,1.316537616510283,16.058325229156843,0.0,0.0,0.99,8,exponential
q_learning,shaped_eps-exponential_seed3,shaped,3,4a77b6e251,2187,176,100.7,98.46650000000004,0.05,0.15,49,success,1,1,0,0,30,3,0,7,1,36,1.3728041931935175,13.827826557721643,0.0,0.0,0.99,8,exponential
q_learning,shaped_eps-exponential_seed3,shaped,3,4a77b6e251,2188,175,100.75000000000001,98.4595,0.05,0.15,50,success,1,1,0,0,35,2,0,5,1,38,1.062258445646718,13.604071438758425,0.0,0.0,0.99,8,exponential
q_learning,shaped_eps-exponential_seed3,shaped,3,4a77b6e251,2189,175,108.74999999999994,98.71400000000001,0.05,0.15,50,success,1,1,0,0,27,2,0,3,1,34,1.0192624947147397,13.195392320660275,0.0,0.0,0.99,8,exponential
q_learning,shaped_eps-exponential_seed3,shaped,3,4a77b6e251,2190,176,103.70000000000002,98.70400000000001,0.05,0.15,49,success,1,1,0,0,32,2,0,3,1,32,1.1598768298702145,12.787212267489522,0.0,0.0,0.99,8,exponential
q_learning,shaped_eps-exponential_seed3,shaped,3,4a77b6e251,2191,176,89.69999999999996,98.46000000000002,0.05,0.15,49,success,1,1,0,0,36,4,0,6,1,41,1.3854201437117288,27.856608541283148,0.0,0.0,0.99,8,exponential
q_learning,shaped_eps-exponential_seed3,shaped,3,4a77b6e251,2192,174,102.80000000000001,98.57,0.05,0.15,51,success,1,1,0,0,28,3,0,6,1,36,1.9911562582485376,26.435127093584633,0.0,0.0,0.99,8,exponential
q_learning,shaped_eps-exponential_seed3,shaped,3,4a77b6e251,2193,175,98.75000000000001,98.662,0.05,0.15,50,success,1,1,0,0,27,4,0,8,1,35,2.0116717376088804,33.23442291205613,0.0,0.0,0.99,8,exponential
q_learning,shaped_eps-exponential_seed3,shaped,3,4a77b6e251,2194,177,95.65000000000002,98.49099999999999,0.05,0.15,48,success,1,1,0,0,35,3,0,4,1,40,1.7646572689255602,32.00838655697159,0.0,0.0,0.99,8,exponential
q_learning,shaped_eps-exponential_seed3,shaped,3,4a77b6e251,2195,179,100.55000000000001,98.41049999999997,0.05,0.15,46,success,1,1,0,0,35,2,0,8,1,30,1.5998920220727706,17.574787540442507,0.0,0.0,0.99,8,exponential
q_learning,shaped_eps-exponential_seed3,shaped,3,4a77b6e251,2196,174,92.79999999999995,98.42199999999997,0.05,0.15,51,success,1,1,0,0,38,3,0,5,1,39,1.8457019965675565,26.678755582409565,0.0,0.0,0.99,8,exponential
q_learning,shaped_eps-exponential_seed3,shaped,3,4a77b6e251,2197,174,102.80000000000001,98.60199999999998,0.05,0.15,51,success,1,1,0,0,28,3,0,6,1,28,2.087177394591485,34.459476520142786,0.0,0.0,0.99,8,exponential
q_learning,shaped_eps-exponential_seed3,shaped,3,4a77b6e251,2198,179,73.54999999999998,98.49049999999995,0.05,0.15,46,success,1,1,0,0,37,7,0,6,1,40,1.8515377785362532,35.80831253440305,0.0,0.0,0.99,8,exponential
q_learning,shaped_eps-exponential_seed3,shaped,3,4a77b6e251,2199,171,92.94999999999993,98.47249999999998,0.05,0.15,54,success,1,1,0,0,43,2,0,3,1,33,1.8559447122095487,35.696426884247124,0.0,0.0,0.99,8,exponential
q_learning,shaped_eps-exponential_seed3,shaped,3,4a77b6e251,2200,179,98.54999999999998,98.60149999999997,0.05,0.15,46,success,1,1,0,0,37,2,0,5,1,39,1.5075895767350296,18.99377876820111,0.0,0.0,0.99,8,exponential
q_learning,shaped_eps-exponential_seed3,shaped,3,4a77b6e251,2201,177,100.65000000000002,98.56049999999999,0.05,0.15,48,success,1,1,0,0,35,2,0,5,1,33,1.3943323713743967,15.832357959752276,0.0,0.0,0.99,8,exponential
q_learning,shaped_eps-exponential_seed3,shaped,3,4a77b6e251,2202,174,87.79999999999994,98.52299999999997,0.05,0.15,51,success,1,1,0,0,38,4,0,4,1,35,1.3979208265756609,14.069492218313723,0.0,0.0,0.99,8,exponential
q_learning,shaped_eps-exponential_seed3,shaped,3,4a77b6e251,2203,174,98.80000000000001,98.52399999999997,0.05,0.15,51,success,1,1,0,0,32,3,0,6,1,35,1.2500241563938848,12.328436047296847,0.0,0.0,0.99,8,exponential
q_learning,shaped_eps-exponential_seed3,shaped,3,4a77b6e251,2204,175,98.75,98.55549999999998,0.05,0.15,50,success,1,1,0,0,37,2,0,2,1,37,1.4059491385223175,19.889534895368556,0.0,0.0,0.99,8,exponential
q_learning,shaped_eps-exponential_seed3,shaped,3,4a77b6e251,2205,180,98.50000000000001,98.60449999999999,0.05,0.15,45,success,1,1,0,0,32,3,0,1,1,27,1.2271316633688043,21.782468764788348,0.0,0.0,0.99,8,exponential
q_learning,shaped_eps-exponential_seed3,shaped,3,4a77b6e251,2206,177,106.65,98.71349999999998,0.05,0.15,48,success,1,1,0,0,29,2,0,7,1,29,1.015952608521065,12.883096306111,0.0,0.0,0.99,8,exponential
q_learning,shaped_eps-exponential_seed3,shaped,3,4a77b6e251,2207,181,89.44999999999992,98.652,0.05,0.15,44,success,1,1,0,0,41,3,0,5,1,45,1.2987979559717346,12.27663846886685,0.0,0.0,0.99,8,exponential
q_learning,shaped_eps-exponential_seed3,shaped,3,4a77b6e251,2208,177,103.65000000000002,98.71099999999998,0.05,0.15,48,success,1,1,0,0,27,3,0,4,1,29,1.1078914019496249,19.92416667536544,0.0,0.0,0.99,8,exponential
q_learning,shaped_eps-exponential_seed3,shaped,3,4a77b6e251,2209,178,91.60000000000001,98.791,0.05,0.15,47,success,1,1,0,0,44,2,0,1,1,41,1.424606388894646,28.157780835269477,0.0,0.0,0.99,8,exponential
q_learning,shaped_eps-exponential_seed3,shaped,3,4a77b6e251,2210,176,84.69999999999995,98.7005,0.05,0.15,49,success,1,1,0,0,36,5,0,2,1,38,1.2556508180405983,14.106126026276584,0.0,0.0,0.99,8,exponential
q_learning,shaped_eps-exponential_seed3,shaped,3,4a77b6e251,2211,177,90.64999999999998,98.771,0.05,0.15,48,success,1,1,0,0,35,4,0,3,1,42,1.5307298762969068,32.64429152049365,0.0,0.0,0.99,8,exponential
q_learning,shaped_eps-exponential_seed3,shaped,3,4a77b6e251,2212,179,104.55000000000001,98.77099999999999,0.05,0.15,46,success,1,1,0,0,31,2,0,6,1,38,1.3166122368492128,17.036487907570432,0.0,0.0,0.99,8,exponential
q_learning,shaped_eps-exponential_seed3,shaped,3,4a77b6e251,2213,175,91.74999999999997,98.69949999999999,0.05,0.15,50,success,1,1,0,0,39,3,0,3,1,40,2.3167051143659068,96.17310892539001,0.0,0.0,0.99,8,exponential
q_learning,shaped_eps-exponential_seed3,shaped,3,4a77b6e251,2214,178,91.6,98.62749999999998,0.05,0.15,47,success,1,1,0,0,34,4,0,1,1,36,1.2621450042207087,14.918089122479742,0.0,0.0,0.99,8,exponential
q_learning,shaped_eps-exponential_seed3,shaped,3,4a77b6e251,2215,177,91.64999999999993,98.4975,0.05,0.15,48,success,1,1,0,0,29,5,0,6,1,34,1.2946780574598362,13.373315463711556,0.0,0.0,0.99,8,exponential
q_learning,shaped_eps-exponential_seed3,shaped,3,4a77b6e251,2216,177,93.65000000000002,98.4465,0.05,0.15,48,success,1,1,0,0,37,3,0,4,1,38,1.2768439534762281,14.430671671718544,0.0,0.0,0.99,8,exponential
q_learning,shaped_eps-exponential_seed3,shaped,3,4a77b6e251,2217,178,98.6,98.4445,0.05,0.15,47,success,1,1,0,0,32,3,0,6,1,37,1.232235225881502,13.37369717795421,0.0,0.0,0.99,8,exponential
q_learning,shaped_eps-exponential_seed3,shaped,3,4a77b6e251,2218,177,93.64999999999996,98.29549999999999,0.05,0.15,48,success,1,1,0,0,27,5,0,4,1,27,1.1548972375824043,12.137822943502002,0.0,0.0,0.99,8,exponential
q_learning,shaped_eps-exponential_seed3,shaped,3,4a77b6e251,2219,177,99.65,98.28649999999999,0.05,0.15,48,success,1,1,0,0,31,3,0,2,1,36,1.26523274455218,16.97491070100547,0.0,0.0,0.99,8,exponential
q_learning,shaped_eps-exponential_seed3,shaped,3,4a77b6e251,2220,175,104.75000000000001,98.27600000000001,0.05,0.15,50,success,1,1,0,0,31,2,0,7,1,26,1.2267939684881337,22.07267739177326,0.0,0.0,0.99,8,exponential
q_learning,shaped_eps-exponential_seed3,shaped,3,4a77b6e251,2221,177,87.64999999999998,98.19649999999997,0.05,0.15,48,success,1,1,0,0,33,5,0,5,1,31,1.1654908795745451,10.987053642768572,0.0,0.0,0.99,8,exponential
q_learning,shaped_eps-exponential_seed3,shaped,3,4a77b6e251,2222,179,89.54999999999998,98.13599999999998,0.05,0.15,46,success,1,1,0,0,41,3,0,6,1,37,1.086735636088259,11.034281890008458,0.0,0.0,0.99,8,exponential
q_learning,shaped_eps-exponential_seed3,shaped,3,4a77b6e251,2223,177,97.65000000000002,98.02599999999998,0.05,0.15,48,success,1,1,0,0,33,3,0,2,1,38,1.1875595268726586,9.4428005098506,0.0,0.0,0.99,8,exponential
q_learning,shaped_eps-exponential_seed3,shaped,3,4a77b6e251,2224,178,73.59999999999994,97.8945,0.05,0.15,47,success,1,1,0,0,42,6,0,5,1,46,1.3897354053531217,14.388807635392233,0.0,0.0,0.99,8,exponential
q_learning,shaped_eps-exponential_seed3,shaped,3,4a77b6e251,2225,177,80.64999999999995,97.76649999999998,0.05,0.15,48,success,1,1,0,0,45,4,0,6,1,45,1.2781645750313873,11.3173587677027,0.0,0.0,0.99,8,exponential
q_learning,shaped_eps-exponential_seed3,shaped,3,4a77b6e251,2226,177,102.65000000000002,98.23849999999999,0.05,0.15,48,success,1,1,0,0,33,2,0,4,1,40,1.2263767804937733,10.741720921271888,0.0,0.0,0.99,8,exponential
q_learning,shaped_eps-exponential_seed3,shaped,3,4a77b6e251,2227,180,100.5,98.1455,0.05,0.15,45,success,1,1,0,0,30,3,0,2,1,35,1.241121898660148,33.236220480316774,0.0,0.0,0.99,8,exponential
q_learning,shaped_eps-exponential_seed3,shaped,3,4a77b6e251,2228,186,100.19999999999997,98.13799999999999,0.05,0.15,39,success,1,1,0,0,30,3,0,4,1,36,1.2633708926278784,13.309924986040272,0.0,0.0,0.99,8,exponential
q_learning,shaped_eps-exponential_seed3,shaped,3,4a77b6e251,2229,179,87.54999999999998,97.9165,0.05,0.15,46,success,1,1,0,0,33,5,0,5,1,35,1.3884742513193102,39.01074609422945,0.0,0.0,0.99,8,exponential
q_learning,shaped_eps-exponential_seed3,shaped,3,4a77b6e251,2230,184,105.30000000000001,98.112,0.05,0.15,41,success,1,1,0,0,30,2,0,6,1,29,1.103181601102238,13.095542807134208,0.0,0.0,0.99,8,exponential
q_learning,shaped_eps-exponential_seed3,shaped,3,4a77b6e251,2231,176,103.70000000000002,98.11149999999999,0.05,0.15,49,success,1,1,0,0,32,2,0,6,1,34,1.4555146534339927,31.704750496964728,0.0,0.0,0.99,8,exponential
q_learning,shaped_eps-exponential_seed3,shaped,3,4a77b6e251,2232,177,86.64999999999998,98.11249999999998,0.05,0.15,48,success,1,1,0,0,39,4,0,4,1,43,1.2920015493114814,13.637454430826892,0.0,0.0,0.99,8,exponential
q_learning,shaped_eps-exponential_seed3,shaped,3,4a77b6e251,2233,176,103.70000000000002,98.29699999999998,0.05,0.15,49,success,1,1,0,0,32,2,0,6,1,33,1.1703254926729179,13.50899962156467,0.0,0.0,0.99,8,exponential
q_learning,shaped_eps-exponential_seed3,shaped,3,4a77b6e251,2234,174,109.8,98.4135,0.05,0.15,51,success,1,1,0,0,26,2,0,5,1,34,1.189563553529232,20.21914286619468,0.0,0.0,0.99,8,exponential
q_learning,shaped_eps-exponential_seed3,shaped,3,4a77b6e251,2235,178,103.60000000000002,98.384,0.05,0.15,47,success,1,1,0,0,32,2,0,4,1,32,1.1717308436398683,13.197528688582834,0.0,0.0,0.99,8,exponential
q_learning,shaped_eps-exponential_seed3,shaped,3,4a77b6e251,2236,184,82.29999999999994,98.08999999999997,0.05,0.15,41,success,1,1,0,0,38,5,0,5,1,41,1.4746573618798036,19.810538004034008,0.0,0.0,0.99,8,exponential
q_learning,shaped_eps-exponential_seed3,shaped,3,4a77b6e251,2237,183,99.35,98.12549999999999,0.05,0.15,42,success,1,1,0,0,31,3,0,6,1,34,1.111027590379704,13.900217693915383,0.0,0.0,0.99,8,exponential
q_learning,shaped_eps-exponential_seed3,shaped,3,4a77b6e251,2238,176,88.69999999999997,98.01549999999999,0.05,0.15,49,success,1,1,0,0,32,5,0,2,1,36,1.0549528595831739,12.245660983553265,0.0,0.0,0.99,8,exponential
q_learning,shaped_eps-exponential_seed3,shaped,3,4a77b6e251,2239,177,103.65000000000002,97.99499999999998,0.05,0.15,48,success,1,1,0,0,27,3,0,3,1,38,1.277397835317243,11.35693471696051,0.0,0.0,0.99,8,exponential
q_learning,shaped_eps-exponential_seed3,shaped,3,4a77b6e251,2240,179,106.55000000000001,98.01249999999999,0.05,0.15,46,success,1,1,0,0,29,2,0,1,1,31,1.141872273225587,19.33015047625949,0.0,0.0,0.99,8,exponential
q_learning,shaped_eps-exponential_seed3,shaped,3,4a77b6e251,2241,175,76.74999999999997,97.66299999999997,0.05,0.15,50,success,1,1,0,0,29,8,0,4,1,35,1.2509356969910541,11.300692461193648,0.0,0.0,0.99,8,exponential
q_learning,shaped_eps-exponential_seed3,shaped,3,4a77b6e251,2242,182,98.4,97.64049999999996,0.05,0.15,43,success,1,1,0,0,32,3,0,4,1,36,1.1740600012032818,19.389677287934088,0.0,0.0,0.99,8,exponential
q_learning,shaped_eps-exponential_seed3,shaped,3,4a77b6e251,2243,178,89.59999999999994,97.60099999999997,0.05,0.15,47,success,1,1,0,0,36,4,0,6,1,35,1.232695480421134,15.021678501788934,0.0,0.0,0.99,8,exponential
q_learning,shaped_eps-exponential_seed3,shaped,3,4a77b6e251,2244,191,96.95000000000002,97.4525,0.05,0.15,34,success,1,1,0,0,33,3,0,2,1,43,1.4790512564591407,56.44655888289725,0.0,0.0,0.99,8,exponential
q_learning,shaped_eps-exponential_seed3,shaped,3,4a77b6e251,2245,175,96.75,97.383,0.05,0.15,50,success,1,1,0,0,29,4,0,7,1,29,1.0620132881863105,11.706564391531316,0.0,0.0,0.99,8,exponential
q_learning,shaped_eps-exponential_seed3,shaped,3,4a77b6e251,2246,175,100.75000000000001,97.384,0.05,0.15,50,success,1,1,0,0,35,2,0,4,1,30,1.251967074635697,15.575718604112588,0.0,0.0,0.99,8,exponential
q_learning,shaped_eps-exponential_seed3,shaped,3,4a77b6e251,2247,174,90.79999999999998,97.54299999999999,0.05,0.15,51,success,1,1,0,0,30,5,0,3,1,33,1.1860985411384197,12.976097111746157,0.0,0.0,0.99,8,exponential
q_learning,shaped_eps-exponential_seed3,shaped,3,4a77b6e251,2248,174,90.79999999999995,97.47699999999998,0.05,0.15,51,success,1,1,0,0,40,3,0,5,1,38,1.028647578258218,12.396848806151652,0.0,0.0,0.99,8,exponential
q_learning,shaped_eps-exponential_seed3,shaped,3,4a77b6e251,2249,179,116.54999999999995,97.61749999999996,0.05,0.15,46,success,1,1,0,0,19,2,0,5,1,27,1.136108584072325,20.36952059407183,0.0,0.0,0.99,8,exponential
q_learning,shaped_eps-exponential_seed3,shaped,3,4a77b6e251,2250,177,103.64999999999999,97.78699999999998,0.05,0.15,48,success,1,1,0,0,27,3,0,4,1,31,1.0430247154216097,13.666216330206389,0.0,0.0,0.99,8,exponential
q_learning,shaped_eps-exponential_seed3,shaped,3,4a77b6e251,2251,176,96.70000000000002,97.79599999999996,0.05,0.15,49,success,1,1,0,0,34,3,0,5,1,39,1.1297934535555993,12.367504216209227,0.0,0.0,0.99,8,exponential
q_learning,shaped_eps-exponential_seed3,shaped,3,4a77b6e251,2252,178,101.60000000000002,97.97449999999999,0.05,0.15,47,success,1,1,0,0,34,2,0,6,1,42,1.3457612924355382,16.54555642322151,0.0,0.0,0.99,8,exponential
q_learning,shaped_eps-exponential_seed3,shaped,3,4a77b6e251,2253,177,102.65000000000002,98.12299999999999,0.05,0.15,48,success,1,1,0,0,33,2,0,5,1,35,1.1024552335218902,11.178553224360968,0.0,0.0,0.99,8,exponential
q_learning,shaped_eps-exponential_seed3,shaped,3,4a77b6e251,2254,174,100.80000000000001,98.08349999999999,0.05,0.15,51,success,1,1,0,0,30,3,0,5,1,32,1.076892305981276,13.102844270735147,0.0,0.0,0.99,8,exponential
q_learning,shaped_eps-exponential_seed3,shaped,3,4a77b6e251,2255,177,101.65000000000002,98.08099999999996,0.05,0.15,48,success,1,1,0,0,29,3,0,2,1,38,1.6077986450485988,33.99380341607917,0.0,0.0,0.99,8,exponential
q_learning,shaped_eps-exponential_seed3,shaped,3,4a77b6e251,2256,178,100.60000000000001,98.14099999999996,0.05,0.15,47,success,1,1,0,0,30,3,0,6,1,32,1.2736772245447119,20.333557033644652,0.0,0.0,0.99,8,exponential
q_learning,shaped_eps-exponential_seed3,shaped,3,4a77b6e251,2257,177,92.65000000000002,98.07099999999997,0.05,0.15,48,success,1,1,0,0,43,2,0,1,1,40,1.209020673305202,14.798099622407832,0.0,0.0,0.99,8,exponential
q_learning,shaped_eps-exponential_seed3,shaped,3,4a77b6e251,2258,173,106.85000000000002,98.1225,0.05,0.15,52,success,1,1,0,0,29,2,0,1,1,36,1.336224991978882,20.68772392033111,0.0,0.0,0.99,8,exponential
q_learning,shaped_eps-exponential_seed3,shaped,3,4a77b6e251,2259,175,95.75000000000001,98.00299999999999,0.05,0.15,50,success,1,1,0,0,35,3,0,2,1,39,1.6769032416541096,37.8187658561297,0.0,0.0,0.99,8,exponential
q_learning,shaped_eps-exponential_seed3,shaped,3,4a77b6e251,2260,173,104.85000000000001,98.0935,0.05,0.15,52,success,1,1,0,0,31,2,0,1,1,32,1.6011637190288697,63.12793470256564,0.0,0.0,0.99,8,exponential
q_learning,shaped_eps-exponential_seed3,shaped,3,4a77b6e251,2261,173,102.85000000000002,98.09449999999998,0.05,0.15,52,success,1,1,0,0,33,2,0,1,1,33,1.2278402292524104,21.0828846416443,0.0,0.0,0.99,8,exponential
q_learning,shaped_eps-exponential_seed3,shaped,3,4a77b6e251,2262,174,77.79999999999997,97.85449999999999,0.05,0.15,51,success,1,1,0,0,38,6,0,3,1,35,1.361182366288163,13.50218563545313,0.0,0.0,0.99,8,exponential
q_learning,shaped_eps-exponential_seed3,shaped,3,4a77b6e251,2263,177,107.65000000000002,97.84549999999997,0.05,0.15,48,success,1,1,0,0,23,3,0,1,1,22,1.3096530563253241,21.76853477474937,0.0,0.0,0.99,8,exponential
q_learning,shaped_eps-exponential_seed3,shaped,3,4a77b6e251,2264,173,88.84999999999998,97.69799999999998,0.05,0.15,52,success,1,1,0,0,37,4,0,1,1,34,1.5158633240745645,75.9211590379424,0.0,0.0,0.99,8,exponential
q_learning,shaped_eps-exponential_seed3,shaped,3,4a77b6e251,2265,188,84.09999999999995,97.50949999999999,0.05,0.15,37,success,1,1,0,0,46,3,0,1,1,53,1.974102891829028,57.17539390110092,0.0,0.0,0.99,8,exponential
q_learning,shaped_eps-exponential_seed3,shaped,3,4a77b6e251,2266,175,108.75000000000001,97.539,0.05,0.15,50,success,1,1,0,0,27,2,0,2,1,34,1.3220532373193643,24.86335072596346,0.0,0.0,0.99,8,exponential
q_learning,shaped_eps-exponential_seed3,shaped,3,4a77b6e251,2267,167,90.14999999999995,97.413,0.05,0.15,58,success,1,1,0,0,41,3,0,1,1,35,1.7419681914581808,43.41220702346615,0.0,0.0,0.99,8,exponential
q_learning,shaped_eps-exponential_seed3,shaped,3,4a77b6e251,2268,188,105.09999999999998,97.3965,0.05,0.15,37,success,1,1,0,0,30,2,0,2,1,37,1.291287980017428,23.737841128182097,0.0,0.0,0.99,8,exponential
q_learning,shaped_eps-exponential_seed3,shaped,3,4a77b6e251,2269,177,99.65,97.33699999999999,0.05,0.15,48,success,1,1,0,0,31,3,0,5,1,28,1.0432612074554009,12.415456304805389,0.0,0.0,0.99,8,exponential
q_learning,shaped_eps-exponential_seed3,shaped,3,4a77b6e251,2270,177,84.64999999999995,97.02649999999998,0.05,0.15,48,success,1,1,0,0,41,4,0,3,1,37,1.2271919423864737,13.341389497746661,0.0,0.0,0.99,8,exponential
q_learning,shaped_eps-exponential_seed3,shaped,3,4a77b6e251,2271,177,100.65,96.93499999999999,0.05,0.15,48,success,1,1,0,0,35,2,0,5,1,37,1.0737655617056079,12.803834003008333,0.0,0.0,0.99,8,exponential
q_learning,shaped_eps-exponential_seed3,shaped,3,4a77b6e251,2272,174,83.79999999999997,96.67799999999997,0.05,0.15,51,success,1,1,0,0,42,4,0,3,1,27,1.5320257366118115,21.168353024575154,0.0,0.0,0.99,8,exponential
q_learning,shaped_eps-exponential_seed3,shaped,3,4a77b6e251,2273,176,96.69999999999999,96.83899999999998,0.05,0.15,49,success,1,1,0,0,34,3,0,1,1,36,1.7968137949717635,44.46746940109358,0.0,0.0,0.99,8,exponential
q_learning,shaped_eps-exponential_seed3,shaped,3,4a77b6e251,2274,176,103.7,96.91699999999999,0.05,0.15,49,success,1,1,0,0,32,2,0,1,1,31,1.790961720225077,37.012494325593494,0.0,0.0,0.99,8,exponential
q_learning,shaped_eps-exponential_seed3,shaped,3,4a77b6e251,2275,179,98.55000000000001,96.86649999999997,0.05,0.15,46,success,1,1,0,0,37,2,0,2,1,37,2.1186326475199864,77.95769713229896,0.0,0.0,0.99,8,exponential
q_learning,shaped_eps-exponential_seed3,shaped,3,4a77b6e251,2276,177,98.65,96.85499999999998,0.05,0.15,48,success,1,1,0,0,37,2,0,2,1,37,1.952064397411863,39.25220020020596,0.0,0.0,0.99,8,exponential
q_learning,shaped_eps-exponential_seed3,shaped,3,4a77b6e251,2277,175,68.75000000000006,96.43499999999999,0.05,0.15,50,success,1,1,0,0,47,6,0,3,1,38,1.8331450686224817,21.18448573910552,0.0,0.0,0.99,8,exponential
q_learning,shaped_eps-exponential_seed3,shaped,3,4a77b6e251,2278,176,111.7,96.5985,0.05,0.15,49,success,1,1,0,0,24,2,0,6,1,28,1.0763029526074723,12.946698720167689,0.0,0.0,0.99,8,exponential
q_learning,shaped_eps-exponential_seed3,shaped,3,4a77b6e251,2279,177,102.65,96.50049999999999,0.05,0.15,48,success,1,1,0,0,33,2,0,5,1,36,1.0706113908439898,12.572949100455006,0.0,0.0,0.99,8,exponential
q_learning,shaped_eps-exponential_seed3,shaped,3,4a77b6e251,2280,174,97.80000000000001,96.56249999999999,0.05,0.15,51,success,1,1,0,0,38,2,0,5,1,36,1.2422540768705193,14.309975720228124,0.0,0.0,0.99,8,exponential
q_learning,shaped_eps-exponential_seed3,shaped,3,4a77b6e251,2281,176,85.69999999999996,96.52199999999999,0.05,0.15,49,success,1,1,0,0,40,4,0,5,1,40,1.2388626187417484,13.503644846694087,0.0,0.0,0.99,8,exponential
q_learning,shaped_eps-exponential_seed3,shaped,3,4a77b6e251,2282,175,105.74999999999997,96.64299999999999,0.05,0.15,50,success,1,1,0,0,25,3,0,3,1,25,2.2353768559320932,44.57054953940433,0.0,0.0,0.99,8,exponential
q_learning,shaped_eps-exponential_seed3,shaped,3,4a77b6e251,2283,178,95.60000000000001,96.63199999999999,0.05,0.15,47,success,1,1,0,0,30,4,0,7,1,36,1.1700453042249044,12.175067101450438,0.0,0.0,0.99,8,exponential
q_learning,shaped_eps-exponential_seed3,shaped,3,4a77b6e251,2284,178,103.60000000000002,96.57100000000003,0.05,0.15,47,success,1,1,0,0,32,2,0,6,1,37,1.3475928453426504,52.939371073397204,0.0,0.0,0.99,8,exponential
q_learning,shaped_eps-exponential_seed3,shaped,3,4a77b6e251,2285,179,92.55,96.40899999999998,0.05,0.15,46,success,1,1,0,0,43,2,0,5,1,47,1.3076523786222367,10.37436136937481,0.0,0.0,0.99,8,exponential
q_learning,shaped_eps-exponential_seed3,shaped,3,4a77b6e251,2286,176,100.70000000000002,96.5785,0.05,0.15,49,success,1,1,0,0,30,3,0,1,1,42,1.2713477668845454,24.21919224871224,0.0,0.0,0.99,8,exponential
q_learning,shaped_eps-exponential_seed3,shaped,3,4a77b6e251,2287,193,68.85000000000011,96.26,0.05,0.15,32,success,1,1,0,0,41,7,0,1,1,47,2.648505930708287,45.288292937276424,0.0,0.0,0.99,8,exponential
q_learning,shaped_eps-exponential_seed3,shaped,3,4a77b6e251,2288,174,92.79999999999997,96.1805,0.05,0.15,51,success,1,1,0,0,28,5,0,7,1,24,1.156983965967826,12.476896847939486,0.0,0.0,0.99,8,exponential
q_learning,shaped_eps-exponential_seed3,shaped,3,4a77b6e251,2289,174,91.8,96.01099999999998,0.05,0.15,51,success,1,1,0,0,34,4,0,3,1,34,1.5357307601909258,64.62995207353805,0.0,0.0,0.99,8,exponential
q_learning,shaped_eps-exponential_seed3,shaped,3,4a77b6e251,2290,177,84.64999999999998,95.8205,0.05,0.15,48,success,1,1,0,0,41,4,0,2,1,51,1.400228564599456,25.56235540432576,0.0,0.0,0.99,8,exponential
q_learning,shaped_eps-exponential_seed3,shaped,3,4a77b6e251,2291,177,101.64999999999999,95.93999999999997,0.05,0.15,48,success,1,1,0,0,29,3,0,1,1,28,1.286794416177772,12.972352915594927,0.0,0.0,0.99,8,exponential
q_learning,shaped_eps-exponential_seed3,shaped,3,4a77b6e251,2292,175,98.75000000000001,95.89949999999997,0.05,0.15,50,success,1,1,0,0,37,2,0,1,1,29,1.6504123822318515,39.73076066763477,0.0,0.0,0.99,8,exponential
q_learning,shaped_eps-exponential_seed3,shaped,3,4a77b6e251,2293,175,102.75000000000001,95.93949999999997,0.05,0.15,50,success,1,1,0,0,33,2,0,3,1,35,1.304829226209851,22.954078638145,0.0,0.0,0.99,8,exponential
q_learning,shaped_eps-exponential_seed3,shaped,3,4a77b6e251,2294,175,77.74999999999996,95.7605,0.05,0.15,50,success,1,1,0,0,43,5,0,3,1,39,1.1782506806547044,9.522203910897858,0.0,0.0,0.99,8,exponential
q_learning,shaped_eps-exponential_seed3,shaped,3,4a77b6e251,2295,180,99.50000000000001,95.74999999999999,0.05,0.15,45,success,1,1,0,0,36,2,0,7,1,38,1.0591233703786482,8.75190430683729,0.0,0.0,0.99,8,exponential
q_learning,shaped_eps-exponential_seed3,shaped,3,4a77b6e251,2296,186,76.19999999999992,95.584,0.05,0.15,39,success,1,1,0,0,44,5,0,1,1,43,2.998527675662503,42.89396900818885,0.0,0.0,0.99,8,exponential
q_learning,shaped_eps-exponential_seed3,shaped,3,4a77b6e251,2297,182,91.39999999999998,95.47,0.05,0.15,43,success,1,1,0,0,44,2,0,1,1,49,1.6246769968033985,44.793088466895945,0.0,0.0,0.99,8,exponential
q_learning,shaped_eps-exponential_seed3,shaped,3,4a77b6e251,2298,178,93.59999999999998,95.67049999999999,0.05,0.15,47,success,1,1,0,0,32,4,0,5,1,33,1.5913545923650405,37.25128878560903,0.0,0.0,0.99,8,exponential
q_learning,shaped_eps-exponential_seed3,shaped,3,4a77b6e251,2299,178,107.60000000000001,95.81700000000001,0.05,0.15,47,success,1,1,0,0,28,2,0,5,1,33,1.075653823951884,10.869468608542936,0.0,0.0,0.99,8,exponential
q_learning,shaped_eps-exponential_seed3,shaped,3,4a77b6e251,2300,171,97.95000000000002,95.811,0.05,0.15,54,success,1,1,0,0,33,3,0,4,1,34,1.3184979338422287,28.068958119160555,0.0,0.0,0.99,8,exponential
q_learning,shaped_eps-exponential_seed3,shaped,3,4a77b6e251,2301,177,92.64999999999998,95.73100000000001,0.05,0.15,48,success,1,1,0,0,33,4,0,5,1,33,1.2583333709525837,16.340938316449225,0.0,0.0,0.99,8,exponential
q_learning,shaped_eps-exponential_seed3,shaped,3,4a77b6e251,2302,176,93.69999999999999,95.79,0.05,0.15,49,success,1,1,0,0,32,4,0,1,1,40,1.2988422931617436,12.811665830203317,0.0,0.0,0.99,8,exponential
q_learning,shaped_eps-exponential_seed3,shaped,3,4a77b6e251,2303,177,91.64999999999996,95.7185,0.05,0.15,48,success,1,1,0,0,39,3,0,4,1,41,1.7553327778410248,44.950657621589215,0.0,0.0,0.99,8,exponential
q_learning,shaped_eps-exponential_seed3,shaped,3,4a77b6e251,2304,176,93.70000000000002,95.66799999999999,0.05,0.15,49,success,1,1,0,0,32,4,0,4,1,40,1.8188651931596886,46.90044105005618,0.0,0.0,0.99,8,exponential
q_learning,shaped_eps-exponential_seed3,shaped,3,4a77b6e251,2305,176,77.69999999999999,95.46000000000002,0.05,0.15,49,success,1,1,0,0,38,6,0,5,1,38,1.5253393369229193,31.85816696522896,0.0,0.0,0.99,8,exponential
q_learning,shaped_eps-exponential_seed3,shaped,3,4a77b6e251,2306,179,89.55000000000001,95.289,0.05,0.15,46,success,1,1,0,0,41,3,0,2,1,39,2.0363677177484965,59.77058675288171,0.0,0.0,0.99,8,exponential
q_learning,shaped_eps-exponential_seed3,shaped,3,4a77b6e251,2307,182,103.40000000000002,95.4285,0.05,0.15,43,success,1,1,0,0,32,2,0,3,1,38,1.0280056955714048,12.485907440895062,0.0,0.0,0.99,8,exponential
q_learning,shaped_eps-exponential_seed3,shaped,3,4a77b6e251,2308,179,82.54999999999997,95.21749999999999,0.05,0.15,46,success,1,1,0,0,33,6,0,6,1,37,1.1996291390966518,12.081683917817116,0.0,0.0,0.99,8,exponential
q_learning,shaped_eps-exponential_seed3,shaped,3,4a77b6e251,2309,184,92.3,95.22449999999998,0.05,0.15,41,success,1,1,0,0,38,3,0,8,1,38,1.0863733479207578,11.625170645740539,0.0,0.0,0.99,8,exponential
q_learning,shaped_eps-exponential_seed3,shaped,3,4a77b6e251,2310,176,97.7,95.35449999999999,0.05,0.15,49,success,1,1,0,0,28,4,0,5,1,31,1.1629494126186146,13.400392256938527,0.0,0.0,0.99,8,exponential
q_learning,shaped_eps-exponential_seed3,shaped,3,4a77b6e251,2311,182,91.39999999999999,95.362,0.05,0.15,43,success,1,1,0,0,34,4,0,7,1,36,1.2199978808346668,10.881746922632473,0.0,0.0,0.99,8,exponential
q_learning,shaped_eps-exponential_seed3,shaped,3,4a77b6e251,2312,178,97.60000000000001,95.2925,0.05,0.15,47,success,1,1,0,0,28,4,0,5,1,32,0.9703623043316888,10.330089812805994,0.0,0.0,0.99,8,exponential
q_learning,shaped_eps-exponential_seed3,shaped,3,4a77b6e251,2313,176,97.70000000000002,95.352,0.05,0.15,49,success,1,1,0,0,38,2,0,5,1,39,1.0687143563069255,10.050408725848328,0.0,0.0,0.99,8,exponential
q_learning,shaped_eps-exponential_seed3,shaped,3,4a77b6e251,2314,181,102.44999999999999,95.46050000000001,0.05,0.15,44,success,1,1,0,0,23,4,0,5,1,34,1.2531810768655625,11.847014154451841,0.0,0.0,0.99,8,exponential
q_learning,shaped_eps-exponential_seed3,shaped,3,4a77b6e251,2315,180,102.5,95.56900000000002,0.05,0.15,45,success,1,1,0,0,28,3,0,5,1,28,1.1066238235727923,10.421110086270545,0.0,0.0,0.99,8,exponential
q_learning,shaped_eps-exponential_seed3,shaped,3,4a77b6e251,2316,171,101.95,95.652,0.05,0.15,54,success,1,1,0,0,29,3,0,1,1,31,1.4364990919904501,51.617466511430955,0.0,0.0,0.99,8,exponential
q_learning,shaped_eps-exponential_seed3,shaped,3,4a77b6e251,2317,174,97.80000000000001,95.64400000000002,0.05,0.15,51,success,1,1,0,0,38,2,0,4,1,39,1.4931869907416313,32.75274016764366,0.0,0.0,0.99,8,exponential
q_learning,shaped_eps-exponential_seed3,shaped,3,4a77b6e251,2318,174,87.8,95.5855,0.05,0.15,51,success,1,1,0,0,28,6,0,5,1,38,1.2660445253272479,11.75545952917259,0.0,0.0,0.99,8,exponential
q_learning,shaped_eps-exponential_seed3,shaped,3,4a77b6e251,2319,185,104.25000000000003,95.6315,0.05,0.15,40,success,1,1,0,0,31,2,0,3,1,36,1.297975171748389,38.5693340342231,0.0,0.0,0.99,8,exponential
q_learning,shaped_eps-exponential_seed3,shaped,3,4a77b6e251,2320,176,101.7,95.60099999999998,0.05,0.15,49,success,1,1,0,0,34,2,0,6,1,37,1.4115615458536603,27.914956164253525,0.0,0.0,0.99,8,exponential
q_learning,shaped_eps-exponential_seed3,shaped,3,4a77b6e251,2321,179,104.55000000000001,95.77,0.05,0.15,46,success,1,1,0,0,31,2,0,6,1,34,1.3010560646278302,28.634152253536143,0.0,0.0,0.99,8,exponential
q_learning,shaped_eps-exponential_seed3,shaped,3,4a77b6e251,2322,176,95.69999999999997,95.83150000000002,0.05,0.15,49,success,1,1,0,0,30,4,0,4,1,37,1.2173402506989266,32.96321062544926,0.0,0.0,0.99,8,exponential
q_learning,shaped_eps-exponential_seed3,shaped,3,4a77b6e251,2323,180,107.50000000000003,95.93,0.05,0.15,45,success,1,1,0,0,28,2,0,5,1,35,1.0156107039492397,10.750645650041434,0.0,0.0,0.99,8,exponential
q_learning,shaped_eps-exponential_seed3,shaped,3,4a77b6e251,2324,176,105.70000000000002,96.251,0.05,0.15,49,success,1,1,0,0,30,2,0,5,1,35,1.055814554239616,21.202962002021046,0.0,0.0,0.99,8,exponential
q_learning,shaped_eps-exponential_seed3,shaped,3,4a77b6e251,2325,179,96.55000000000001,96.41,0.05,0.15,46,success,1,1,0,0,39,2,0,4,1,48,1.2147544417956964,23.985396489102484,0.0,0.0,0.99,8,exponential
q_learning,shaped_eps-exponential_seed3,shaped,3,4a77b6e251,2326,180,100.50000000000001,96.38849999999998,0.05,0.15,45,success,1,1,0,0,30,3,0,6,1,35,1.1798935785254543,11.96821964145229,0.0,0.0,0.99,8,exponential
q_learning,shaped_eps-exponential_seed3,shaped,3,4a77b6e251,2327,178,101.60000000000001,96.39949999999999,0.05,0.15,47,success,1,1,0,0,34,2,0,5,1,36,1.1362508777065954,19.882564278789033,0.0,0.0,0.99,8,exponential
q_learning,shaped_eps-exponential_seed3,shaped,3,4a77b6e251,2328,175,95.75000000000001,96.35499999999998,0.05,0.15,50,success,1,1,0,0,35,3,0,6,1,39,1.187168469925885,13.61978633203372,0.0,0.0,0.99,8,exponential
q_learning,shaped_eps-exponential_seed3,shaped,3,4a77b6e251,2329,175,94.75000000000001,96.42699999999999,0.05,0.15,50,success,1,1,0,0,31,4,0,5,1,38,1.5351393075920623,65.9225167697883,0.0,0.0,0.99,8,exponential
q_learning,shaped_eps-exponential_seed3,shaped,3,4a77b6e251,2330,182,97.40000000000002,96.348,0.05,0.15,43,success,1,1,0,0,38,2,0,3,1,45,1.3496410991221768,16.417844707260862,0.0,0.0,0.99,8,exponential
q_learning,shaped_eps-exponential_seed3,shaped,3,4a77b6e251,2331,179,108.55000000000001,96.3965,0.05,0.15,46,success,1,1,0,0,27,2,0,6,1,29,1.1109131287170484,16.033709930281958,0.0,0.0,0.99,8,exponential
q_learning,shaped_eps-exponential_seed3,shaped,3,4a77b6e251,2332,178,103.60000000000002,96.56599999999999,0.05,0.15,47,success,1,1,0,0,32,2,0,6,1,33,1.0504327231168389,10.778041302184391,0.0,0.0,0.99,8,exponential
q_learning,shaped_eps-exponential_seed3,shaped,3,4a77b6e251,2333,175,100.75000000000001,96.53649999999999,0.05,0.15,50,success,1,1,0,0,35,2,0,7,1,33,1.1153069484169154,13.082067891771432,0.0,0.0,0.99,8,exponential
q_learning,shaped_eps-exponential_seed3,shaped,3,4a77b6e251,2334,179,94.55000000000001,96.384,0.05,0.15,46,success,1,1,0,0,41,2,0,3,1,45,1.2628597845568859,23.515904825198525,0.0,0.0,0.99,8,exponential
q_learning,shaped_eps-exponential_seed3,shaped,3,4a77b6e251,2335,172,117.89999999999993,96.527,0.05,0.15,53,success,1,1,0,0,18,2,0,2,1,25,1.4758069622814924,38.08803551928204,0.0,0.0,0.99,8,exponential
q_learning,shaped_eps-exponential_seed3,shaped,3,4a77b6e251,2336,176,103.7,96.741,0.05,0.15,49,success,1,1,0,0,32,2,0,3,1,34,1.0033626089475591,9.879858090952169,0.0,0.0,0.99,8,exponential
q_learning,shaped_eps-exponential_seed3,shaped,3,4a77b6e251,2337,176,102.7,96.7745,0.05,0.15,49,success,1,1,0,0,28,3,0,4,1,33,1.3272776839222609,44.56706797621491,0.0,0.0,0.99,8,exponential
q_learning,shaped_eps-exponential_seed3,shaped,3,4a77b6e251,2338,178,77.59999999999994,96.66350000000003,0.05,0.15,47,success,1,1,0,0,38,6,0,4,1,43,1.2370572483267446,10.290416932333041,0.0,0.0,0.99,8,exponential
q_learning,shaped_eps-exponential_seed3,shaped,3,4a77b6e251,2339,177,95.65000000000002,96.58350000000002,0.05,0.15,48,success,1,1,0,0,35,3,0,6,1,38,1.0994239366120564,9.908460229387543,0.0,0.0,0.99,8,exponential
q_learning,shaped_eps-exponential_seed3,shaped,3,4a77b6e251,2340,177,101.65,96.53450000000001,0.05,0.15,48,success,1,1,0,0,29,3,0,6,1,33,1.1398560852726687,14.325341280622663,0.0,0.0,0.99,8,exponential
q_learning,shaped_eps-exponential_seed3,shaped,3,4a77b6e251,2341,177,98.65,96.75349999999999,0.05,0.15,48,success,1,1,0,0,37,2,0,6,1,40,0.9889563535886536,9.783178278700419,0.0,0.0,0.99,8,exponential
q_learning,shaped_eps-exponential_seed3,shaped,3,4a77b6e251,2342,176,98.7,96.7565,0.05,0.15,49,success,1,1,0,0,32,3,0,5,1,36,1.191064329407184,19.106773825507375,0.0,0.0,0.99,8,exponential
q_learning,shaped_eps-exponential_seed3,shaped,3,4a77b6e251,2343,176,89.69999999999995,96.7575,0.05,0.15,49,success,1,1,0,0,26,6,0,7,1,30,1.2045201868377904,11.415849481362102,0.0,0.0,0.99,8,exponential
q_learning,shaped_eps-exponential_seed3,shaped,3,4a77b6e251,2344,176,100.7,96.79500000000002,0.05,0.15,49,success,1,1,0,0,30,3,0,5,1,24,1.4070005197611708,48.729878777788,0.0,0.0,0.99,8,exponential
q_learning,shaped_eps-exponential_seed3,shaped,3,4a77b6e251,2345,177,113.64999999999998,96.96400000000001,0.05,0.15,48,success,1,1,0,0,17,3,0,5,1,27,1.0244382772853822,13.263800550397704,0.0,0.0,0.99,8,exponential
q_learning,shaped_eps-exponential_seed3,shaped,3,4a77b6e251,2346,174,90.8,96.86449999999999,0.05,0.15,51,success,1,1,0,0,40,3,0,5,1,38,1.1033384164296702,12.389936660504006,0.0,0.0,0.99,8,exponential
q_learning,shaped_eps-exponential_seed3,shaped,3,4a77b6e251,2347,177,84.64999999999995,96.803,0.05,0.15,48,success,1,1,0,0,41,4,0,4,1,46,1.4199035135662945,11.592539861467188,0.0,0.0,0.99,8,exponential
q_learning,shaped_eps-exponential_seed3,shaped,3,4a77b6e251,2348,179,106.55000000000003,96.96049999999997,0.05,0.15,46,success,1,1,0,0,29,2,0,5,1,34,1.9789887671229798,38.419169974026175,0.0,0.0,0.99,8,exponential
q_learning,shaped_eps-exponential_seed3,shaped,3,4a77b6e251,2349,180,105.50000000000001,96.84999999999998,0.05,0.15,45,success,1,1,0,0,30,2,0,5,1,35,1.0517375616241806,20.53546706850996,0.0,0.0,0.99,8,exponential
q_learning,shaped_eps-exponential_seed3,shaped,3,4a77b6e251,2350,174,94.80000000000001,96.7615,0.05,0.15,51,success,1,1,0,0,36,3,0,3,1,34,1.265215879515002,21.58266083459594,0.0,0.0,0.99,8,exponential
q_learning,shaped_eps-exponential_seed3,shaped,3,4a77b6e251,2351,177,89.64999999999999,96.69099999999999,0.05,0.15,48,success,1,1,0,0,41,3,0,5,1,37,1.1851239958154478,11.96078668216279,0.0,0.0,0.99,8,exponential
q_learning,shaped_eps-exponential_seed3,shaped,3,4a77b6e251,2352,178,69.59999999999992,96.37099999999998,0.05,0.15,47,success,1,1,0,0,46,6,0,5,1,37,1.5096152621548184,56.60948289288716,0.0,0.0,0.99,8,exponential
q_learning,shaped_eps-exponential_seed3,shaped,3,4a77b6e251,2353,174,94.80000000000001,96.2925,0.05,0.15,51,success,1,1,0,0,36,3,0,5,1,36,1.2369777981983066,29.44824376433362,0.0,0.0,0.99,8,exponential
q_learning,shaped_eps-exponential_seed3,shaped,3,4a77b6e251,2354,175,89.75,96.18199999999999,0.05,0.15,50,success,1,1,0,0,41,3,0,2,1,36,1.2566401313179212,17.23177220807073,0.0,0.0,0.99,8,exponential
q_learning,shaped_eps-exponential_seed3,shaped,3,4a77b6e251,2355,179,90.54999999999998,96.071,0.05,0.15,46,success,1,1,0,0,35,4,0,2,1,41,1.2814975540696762,12.146331104399067,0.0,0.0,0.99,8,exponential
q_learning,shaped_eps-exponential_seed3,shaped,3,4a77b6e251,2356,181,93.45,95.99949999999998,0.05,0.15,44,success,1,1,0,0,37,3,0,4,1,40,1.1638771708785411,11.338640143052402,0.0,0.0,0.99,8,exponential
q_learning,shaped_eps-exponential_seed3,shaped,3,4a77b6e251,2357,181,101.45,96.0875,0.05,0.15,44,success,1,1,0,0,29,3,0,8,1,36,1.0188614955242132,12.697518332165231,0.0,0.0,0.99,8,exponential
q_learning,shaped_eps-exponential_seed3,shaped,3,4a77b6e251,2358,174,93.79999999999998,95.957,0.05,0.15,51,success,1,1,0,0,32,4,0,4,1,41,1.1870947547126158,14.353843293184184,0.0,0.0,0.99,8,exponential
q_learning,shaped_eps-exponential_seed3,shaped,3,4a77b6e251,2359,175,110.74999999999997,96.10700000000001,0.05,0.15,50,success,1,1,0,0,25,2,0,5,1,24,1.1238916526673373,12.430444827296455,0.0,0.0,0.99,8,exponential
q_learning,shaped_eps-exponential_seed3,shaped,3,4a77b6e251,2360,177,106.65000000000002,96.125,0.05,0.15,48,success,1,1,0,0,29,2,0,6,1,29,1.0596773668028463,13.998679851763299,0.0,0.0,0.99,8,exponential
q_learning,shaped_eps-exponential_seed3,shaped,3,4a77b6e251,2361,175,106.75000000000001,96.164,0.05,0.15,50,success,1,1,0,0,29,2,0,6,1,33,1.0825516589242077,17.175305496797634,0.0,0.0,0.99,8,exponential
q_learning,shaped_eps-exponential_seed3,shaped,3,4a77b6e251,2362,185,108.25000000000001,96.4685,0.05,0.15,40,success,1,1,0,0,27,2,0,4,1,31,1.0085217957242414,11.27017586063026,0.0,0.0,0.99,8,exponential
q_learning,shaped_eps-exponential_seed3,shaped,3,4a77b6e251,2363,176,96.7,96.359,0.05,0.15,49,success,1,1,0,0,34,3,0,5,1,33,1.0363063416569425,12.109701638907879,0.0,0.0,0.99,8,exponential
q_learning,shaped_eps-exponential_seed3,shaped,3,4a77b6e251,2364,176,91.69999999999993,96.38750000000002,0.05,0.15,49,success,1,1,0,0,44,2,0,6,1,50,1.115728391382531,13.496045229327237,0.0,0.0,0.99,8,exponential
q_learning,shaped_eps-exponential_seed3,shaped,3,4a77b6e251,2365,179,97.55000000000001,96.522,0.05,0.15,46,success,1,1,0,0,33,3,0,4,1,38,1.096149068986953,28.940412014362956,0.0,0.0,0.99,8,exponential
q_learning,shaped_eps-exponential_seed3,shaped,3,4a77b6e251,2366,175,107.74999999999999,96.512,0.05,0.15,50,success,1,1,0,0,23,3,0,4,1,31,0.9942586469817398,12.448078452358644,0.0,0.0,0.99,8,exponential
q_learning,shaped_eps-exponential_seed3,shaped,3,4a77b6e251,2367,176,107.7,96.6875,0.05,0.15,49,success,1,1,0,0,28,2,0,7,1,28,1.2465312243332212,12.610679427144468,0.0,0.0,0.99,8,exponential
q_learning,shaped_eps-exponential_seed3,shaped,3,4a77b6e251,2368,174,101.80000000000001,96.65449999999998,0.05,0.15,51,success,1,1,0,0,34,2,0,5,1,39,1.0815750852898038,13.887548701902674,0.0,0.0,0.99,8,exponential
q_learning,shaped_eps-exponential_seed3,shaped,3,4a77b6e251,2369,171,114.94999999999995,96.8075,0.05,0.15,54,success,1,1,0,0,21,2,0,4,1,21,1.0631440717805756,27.86891038806918,0.0,0.0,0.99,8,exponential
q_learning,shaped_eps-exponential_seed3,shaped,3,4a77b6e251,2370,175,91.74999999999999,96.8785,0.05,0.15,50,success,1,1,0,0,39,3,0,3,1,42,1.5812659398284479,47.81597777130413,0.0,0.0,0.99,8,exponential
q_learning,shaped_eps-exponential_seed3,shaped,3,4a77b6e251,2371,176,92.7,96.79899999999999,0.05,0.15,49,success,1,1,0,0,38,3,0,5,1,39,1.2383269037814777,13.875214441165554,0.0,0.0,0.99,8,exponential
q_learning,shaped_eps-exponential_seed3,shaped,3,4a77b6e251,2372,174,95.80000000000003,96.919,0.05,0.15,51,success,1,1,0,0,40,2,0,4,1,40,1.2851117230804534,26.566544999367032,0.0,0.0,0.99,8,exponential
q_learning,shaped_eps-exponential_seed3,shaped,3,4a77b6e251,2373,179,110.54999999999998,97.0575,0.05,0.15,46,success,1,1,0,0,25,2,0,6,1,28,1.131626913398877,15.727551352727133,0.0,0.0,0.99,8,exponential
q_learning,shaped_eps-exponential_seed3,shaped,3,4a77b6e251,2374,169,94.05000000000001,96.96099999999998,0.05,0.15,56,success,1,1,0,0,37,3,0,1,1,37,1.2448175135152597,19.98761647085928,0.0,0.0,0.99,8,exponential
q_learning,shaped_eps-exponential_seed3,shaped,3,4a77b6e251,2375,176,107.7,97.05249999999998,0.05,0.15,49,success,1,1,0,0,28,2,0,5,1,35,0.9484848571723714,13.798892757146163,0.0,0.0,0.99,8,exponential
q_learning,shaped_eps-exponential_seed3,shaped,3,4a77b6e251,2376,183,94.35000000000001,97.00949999999999,0.05,0.15,42,success,1,1,0,0,41,2,0,4,1,42,1.1057559337185654,9.900232592452635,0.0,0.0,0.99,8,exponential
q_learning,shaped_eps-exponential_seed3,shaped,3,4a77b6e251,2377,180,107.5,97.397,0.05,0.15,45,success,1,1,0,0,28,2,0,7,1,29,1.0374131682711343,9.257704597842263,0.0,0.0,0.99,8,exponential
q_learning,shaped_eps-exponential_seed3,shaped,3,4a77b6e251,2378,175,106.75000000000003,97.3475,0.05,0.15,50,success,1,1,0,0,29,2,0,5,1,28,1.3731417423812189,40.899403002687734,0.0,0.0,0.99,8,exponential
q_learning,shaped_eps-exponential_seed3,shaped,3,4a77b6e251,2379,178,91.59999999999998,97.23700000000001,0.05,0.15,47,success,1,1,0,0,34,4,0,4,1,35,1.2872555510337,35.67886107758526,0.0,0.0,0.99,8,exponential
q_learning,shaped_eps-exponential_seed3,shaped,3,4a77b6e251,2380,175,98.75000000000001,97.2465,0.05,0.15,50,success,1,1,0,0,37,2,0,4,1,40,1.0382968316894738,11.901552212382242,0.0,0.0,0.99,8,exponential
q_learning,shaped_eps-exponential_seed3,shaped,3,4a77b6e251,2381,174,99.80000000000001,97.3875,0.05,0.15,51,success,1,1,0,0,36,2,0,6,1,36,0.9665314122070708,13.272935370665735,0.0,0.0,0.99,8,exponential
q_learning,shaped_eps-exponential_seed3,shaped,3,4a77b6e251,2382,175,97.75000000000003,97.30749999999998,0.05,0.15,50,success,1,1,0,0,33,3,0,2,1,36,1.2652388293235237,19.853469650400875,0.0,0.0,0.99,8,exponential
q_learning,shaped_eps-exponential_seed3,shaped,3,4a77b6e251,2383,182,67.4,97.0255,0.05,0.15,43,success,1,1,0,0,38,8,0,6,1,41,1.3131800173746242,11.608096941343547,0.0,0.0,0.99,8,exponential
q_learning,shaped_eps-exponential_seed3,shaped,3,4a77b6e251,2384,175,102.75000000000001,97.017,0.05,0.15,50,success,1,1,0,0,33,2,0,5,1,34,0.9927218931966323,13.20288852970782,0.0,0.0,0.99,8,exponential
q_learning,shaped_eps-exponential_seed3,shaped,3,4a77b6e251,2385,175,98.75000000000001,97.079,0.05,0.15,50,success,1,1,0,0,37,2,0,5,1,36,1.042189603151371,11.999057761299198,0.0,0.0,0.99,8,exponential
q_learning,shaped_eps-exponential_seed3,shaped,3,4a77b6e251,2386,178,103.60000000000002,97.10799999999999,0.05,0.15,47,success,1,1,0,0,32,2,0,6,1,33,1.044788347892485,15.11691168220186,0.0,0.0,0.99,8,exponential
q_learning,shaped_eps-exponential_seed3,shaped,3,4a77b6e251,2387,178,92.59999999999998,97.34550000000002,0.05,0.15,47,success,1,1,0,0,38,3,0,4,1,40,1.1202914007137743,12.828949483876116,0.0,0.0,0.99,8,exponential
q_learning,shaped_eps-exponential_seed3,shaped,3,4a77b6e251,2388,176,109.70000000000002,97.51450000000001,0.05,0.15,49,success,1,1,0,0,26,2,0,4,1,25,1.4054196613500722,47.97735944226697,0.0,0.0,0.99,8,exponential
q_learning,shaped_eps-exponential_seed3,shaped,3,4a77b6e251,2389,186,99.20000000000002,97.58850000000002,0.05,0.15,39,success,1,1,0,0,36,2,0,4,1,37,1.1546500081147684,17.727654996491367,0.0,0.0,0.99,8,exponential
q_learning,shaped_eps-exponential_seed3,shaped,3,4a77b6e251,2390,177,102.65,97.7685,0.05,0.15,48,success,1,1,0,0,33,2,0,6,1,31,1.086664775937239,28.644048169522932,0.0,0.0,0.99,8,exponential
q_learning,shaped_eps-exponential_seed3,shaped,3,4a77b6e251,2391,174,80.79999999999997,97.56,0.05,0.15,51,success,1,1,0,0,30,7,0,7,1,31,1.2522601025868172,13.131153721749286,0.0,0.0,0.99,8,exponential
q_learning,shaped_eps-exponential_seed3,shaped,3,4a77b6e251,2392,175,96.75000000000001,97.53999999999998,0.05,0.15,50,success,1,1,0,0,39,2,0,5,1,39,1.2149669295681969,20.325753254781432,0.0,0.0,0.99,8,exponential
q_learning,shaped_eps-exponential_seed3,shaped,3,4a77b6e251,2393,175,103.75000000000001,97.54999999999998,0.05,0.15,50,success,1,1,0,0,27,3,0,8,1,28,1.30504162023131,28.683164881693983,0.0,0.0,0.99,8,exponential
q_learning,shaped_eps-exponential_seed3,shaped,3,4a77b6e251,2394,175,92.75,97.7,0.05,0.15,50,success,1,1,0,0,33,4,0,3,1,36,1.1584857968309465,11.004363788506083,0.0,0.0,0.99,8,exponential
q_learning,shaped_eps-exponential_seed3,shaped,3,4a77b6e251,2395,174,111.79999999999998,97.823,0.05,0.15,51,success,1,1,0,0,24,2,0,6,1,27,1.0001352120117573,12.95962839692801,0.0,0.0,0.99,8,exponential
q_learning,shaped_eps-exponential_seed3,shaped,3,4a77b6e251,2396,181,91.44999999999996,97.9755,0.05,0.15,44,success,1,1,0,0,29,5,0,6,1,35,1.0632696183461725,10.861100902092204,0.0,0.0,0.99,8,exponential
q_learning,shaped_eps-exponential_seed3,shaped,3,4a77b6e251,2397,177,94.65000000000002,98.00800000000001,0.05,0.15,48,success,1,1,0,0,31,4,0,4,1,32,1.1198348525995259,15.132938984494515,0.0,0.0,0.99,8,exponential
q_learning,shaped_eps-exponential_seed3,shaped,3,4a77b6e251,2398,176,96.70000000000002,98.039,0.05,0.15,49,success,1,1,0,0,34,3,0,5,1,41,1.0136985859897953,13.963807659352668,0.0,0.0,0.99,8,exponential
q_learning,shaped_eps-exponential_seed3,shaped,3,4a77b6e251,2399,180,101.50000000000001,97.97800000000001,0.05,0.15,45,success,1,1,0,0,34,2,0,6,1,39,1.3183716332126831,37.66901761678429,0.0,0.0,0.99,8,exponential
q_learning,shaped_eps-exponential_seed3,shaped,3,4a77b6e251,2400,179,105.55000000000001,98.054,0.05,0.15,46,success,1,1,0,0,25,3,0,8,1,29,0.991099815496283,11.44234496451945,0.0,0.0,0.99,8,exponential
q_learning,shaped_eps-exponential_seed3,shaped,3,4a77b6e251,2401,176,94.7,98.0745,0.05,0.15,49,success,1,1,0,0,36,3,0,3,1,37,1.100895604309457,14.163275204594427,0.0,0.0,0.99,8,exponential
q_learning,shaped_eps-exponential_seed3,shaped,3,4a77b6e251,2402,175,98.75,98.125,0.05,0.15,50,success,1,1,0,0,37,2,0,5,1,38,1.0896101495836892,13.27243049745222,0.0,0.0,0.99,8,exponential
q_learning,shaped_eps-exponential_seed3,shaped,3,4a77b6e251,2403,183,105.35000000000002,98.262,0.05,0.15,42,success,1,1,0,0,25,3,0,6,1,32,1.0815260106937918,16.13850465925701,0.0,0.0,0.99,8,exponential
q_learning,shaped_eps-exponential_seed3,shaped,3,4a77b6e251,2404,177,100.65,98.33150000000002,0.05,0.15,48,success,1,1,0,0,35,2,0,6,1,40,1.0180439860078212,13.736885103048635,0.0,0.0,0.99,8,exponential
q_learning,shaped_eps-exponential_seed3,shaped,3,4a77b6e251,2405,176,106.69999999999999,98.62150000000001,0.05,0.15,49,success,1,1,0,0,24,3,0,4,1,30,1.1572741869807415,25.47133399066698,0.0,0.0,0.99,8,exponential
q_learning,shaped_eps-exponential_seed3,shaped,3,4a77b6e251,2406,174,100.8,98.73400000000001,0.05,0.15,51,success,1,1,0,0,30,3,0,5,1,33,1.230615487959342,14.460404521979711,0.0,0.0,0.99,8,exponential
q_learning,shaped_eps-exponential_seed3,shaped,3,4a77b6e251,2407,175,92.74999999999999,98.62750000000001,0.05,0.15,50,success,1,1,0,0,43,2,0,3,1,42,1.0770982788322385,12.1434023392559,0.0,0.0,0.99,8,exponential
q_learning,shaped_eps-exponential_seed3,shaped,3,4a77b6e251,2408,177,110.64999999999996,98.9085,0.05,0.15,48,success,1,1,0,0,25,2,0,6,1,30,0.9689761909095793,12.010052321931354,0.0,0.0,0.99,8,exponential
q_learning,shaped_eps-exponential_seed3,shaped,3,4a77b6e251,2409,176,101.7,99.00250000000001,0.05,0.15,49,success,1,1,0,0,34,2,0,2,1,40,1.066607239738765,12.449291477977923,0.0,0.0,0.99,8,exponential
q_learning,shaped_eps-exponential_seed3,shaped,3,4a77b6e251,2410,179,91.54999999999998,98.941,0.05,0.15,46,success,1,1,0,0,39,3,0,3,1,48,1.1293105581329883,11.082649420490057,0.0,0.0,0.99,8,exponential
q_learning,shaped_eps-exponential_seed3,shaped,3,4a77b6e251,2411,174,83.79999999999998,98.86499999999998,0.05,0.15,51,success,1,1,0,0,32,6,0,1,1,35,1.1443089942529756,20.12427571214687,0.0,0.0,0.99,8,exponential
q_learning,shaped_eps-exponential_seed3,shaped,3,4a77b6e251,2412,172,93.90000000000002,98.82799999999999,0.05,0.15,53,success,1,1,0,0,42,2,0,4,1,39,1.2135953937212058,16.831527932198128,0.0,0.0,0.99,8,exponential
q_learning,shaped_eps-exponential_seed3,shaped,3,4a77b6e251,2413,176,73.69999999999996,98.588,0.05,0.15,49,success,1,1,0,0,42,6,0,3,1,42,1.180535448208743,12.47348833503294,0.0,0.0,0.99,8,exponential
q_learning,shaped_eps-exponential_seed3,shaped,3,4a77b6e251,2414,180,101.50000000000001,98.5785,0.05,0.15,45,success,1,1,0,0,34,2,0,3,1,44,1.0636090040419233,13.760964027876213,0.0,0.0,0.99,8,exponential
q_learning,shaped_eps-exponential_seed3,shaped,3,4a77b6e251,2415,183,96.35000000000001,98.51700000000001,0.05,0.15,42,success,1,1,0,0,39,2,0,7,1,39,0.9861120474116142,10.906428067738176,0.0,0.0,0.99,8,exponential
q_learning,shaped_eps-exponential_seed3,shaped,3,4a77b6e251,2416,176,90.69999999999999,98.40450000000003,0.05,0.15,49,success,1,1,0,0,40,3,0,4,1,37,1.2557323570078547,17.973465933016016,0.0,0.0,0.99,8,exponential
q_learning,shaped_eps-exponential_seed3,shaped,3,4a77b6e251,2417,178,102.60000000000001,98.4525,0.05,0.15,47,success,1,1,0,0,28,3,0,7,1,32,0.9791638717129354,12.02933842419688,0.0,0.0,0.99,8,exponential
q_learning,shaped_eps-exponential_seed3,shaped,3,4a77b6e251,2418,174,100.8,98.5825,0.05,0.15,51,success,1,1,0,0,30,3,0,7,1,32,1.25332446647225,16.933880154901516,0.0,0.0,0.99,8,exponential
q_learning,shaped_eps-exponential_seed3,shaped,3,4a77b6e251,2419,176,95.70000000000002,98.49700000000001,0.05,0.15,49,success,1,1,0,0,30,4,0,3,1,37,1.2875253468313372,25.47886252437582,0.0,0.0,0.99,8,exponential
q_learning,shaped_eps-exponential_seed3,shaped,3,4a77b6e251,2420,176,111.69999999999997,98.59700000000002,0.05,0.15,49,success,1,1,0,0,24,2,0,4,1,35,1.2766437191873583,19.721610058452487,0.0,0.0,0.99,8,exponential
q_learning,shaped_eps-exponential_seed3,shaped,3,4a77b6e251,2421,165,109.25000000000001,98.64399999999999,0.05,0.15,60,success,1,1,0,0,27,2,0,1,1,32,1.505995449024799,37.62763770044717,0.0,0.0,0.99,8,exponential
q_learning,shaped_eps-exponential_seed3,shaped,3,4a77b6e251,2422,175,99.75,98.68450000000003,0.05,0.15,50,success,1,1,0,0,31,3,0,5,1,36,1.2424656475525004,34.744606909956154,0.0,0.0,0.99,8,exponential
q_learning,shaped_eps-exponential_seed3,shaped,3,4a77b6e251,2423,174,102.80000000000001,98.6375,0.05,0.15,51,success,1,1,0,0,28,3,0,7,1,28,1.0721719808080337,13.079758359945757,0.0,0.0,0.99,8,exponential
q_learning,shaped_eps-exponential_seed3,shaped,3,4a77b6e251,2424,173,110.85,98.689,0.05,0.15,52,success,1,1,0,0,25,2,0,5,1,31,1.2926815458014287,25.611982092604876,0.0,0.0,0.99,8,exponential
q_learning,shaped_eps-exponential_seed3,shaped,3,4a77b6e251,2425,182,87.39999999999995,98.5975,0.05,0.15,43,success,1,1,0,0,38,4,0,3,1,36,1.5239824071192152,29.295395759951134,0.0,0.0,0.99,8,exponential
q_learning,shaped_eps-exponential_seed3,shaped,3,4a77b6e251,2426,177,112.64999999999998,98.719,0.05,0.15,48,success,1,1,0,0,23,2,0,9,1,22,1.0188278147952137,14.238375055345868,0.0,0.0,0.99,8,exponential
q_learning,shaped_eps-exponential_seed3,shaped,3,4a77b6e251,2427,172,91.9,98.62200000000001,0.05,0.15,53,success,1,1,0,0,34,4,0,3,1,38,1.2341444890432143,22.89420834697509,0.0,0.0,0.99,8,exponential
q_learning,shaped_eps-exponential_seed3,shaped,3,4a77b6e251,2428,174,101.80000000000001,98.68249999999998,0.05,0.15,51,success,1,1,0,0,34,2,0,3,1,43,0.993046017129354,18.787193261382825,0.0,0.0,0.99,8,exponential
q_learning,shaped_eps-exponential_seed3,shaped,3,4a77b6e251,2429,176,90.69999999999999,98.642,0.05,0.15,49,success,1,1,0,0,40,3,0,1,1,41,1.1058431800856445,13.206412999270412,0.0,0.0,0.99,8,exponential
q_learning,shaped_eps-exponential_seed3,shaped,3,4a77b6e251,2430,174,101.80000000000001,98.68599999999998,0.05,0.15,51,success,1,1,0,0,34,2,0,2,1,39,1.1605773401829096,19.862402632350594,0.0,0.0,0.99,8,exponential
q_learning,shaped_eps-exponential_seed3,shaped,3,4a77b6e251,2431,178,93.60000000000001,98.53649999999999,0.05,0.15,47,success,1,1,0,0,32,4,0,3,1,35,1.148138652052371,14.88911231304435,0.0,0.0,0.99,8,exponential
q_learning,shaped_eps-exponential_seed3,shaped,3,4a77b6e251,2432,179,103.55000000000001,98.536,0.05,0.15,46,success,1,1,0,0,27,3,0,5,1,28,0.9666239363306661,14.303227538742249,0.0,0.0,0.99,8,exponential
q_learning,shaped_eps-exponential_seed3,shaped,3,4a77b6e251,2433,183,101.35000000000002,98.54199999999999,0.05,0.15,42,success,1,1,0,0,29,3,0,5,1,31,1.3444935707711507,40.331842126275426,0.0,0.0,0.99,8,exponential
q_learning,shaped_eps-exponential_seed3,shaped,3,4a77b6e251,2434,175,101.75,98.61399999999999,0.05,0.15,50,success,1,1,0,0,29,3,0,4,1,35,1.1727201041534265,13.356322423333083,0.0,0.0,0.99,8,exponential
q_learning,shaped_eps-exponential_seed3,shaped,3,4a77b6e251,2435,178,87.59999999999994,98.31099999999998,0.05,0.15,47,success,1,1,0,0,38,4,0,5,1,37,1.0066563771015375,11.688556616098737,0.0,0.0,0.99,8,exponential
q_learning,shaped_eps-exponential_seed3,shaped,3,4a77b6e251,2436,174,92.8,98.20200000000001,0.05,0.15,51,success,1,1,0,0,38,3,0,2,1,40,1.1209321938853092,14.316322879493626,0.0,0.0,0.99,8,exponential
q_learning,shaped_eps-exponential_seed3,shaped,3,4a77b6e251,2437,175,102.75,98.20249999999999,0.05,0.15,50,success,1,1,0,0,33,2,0,6,1,32,1.1729323189670815,20.97483643810643,0.0,0.0,0.99,8,exponential
q_learning,shaped_eps-exponential_seed3,shaped,3,4a77b6e251,2438,177,104.65000000000002,98.473,0.05,0.15,48,success,1,1,0,0,31,2,0,5,1,37,1.189205422960533,11.675298486581454,0.0,0.0,0.99,8,exponential
q_learning,shaped_eps-exponential_seed3,shaped,3,4a77b6e251,2439,183,94.35000000000001,98.46,0.05,0.15,42,success,1,1,0,0,31,4,0,3,1,39,1.185093204854066,10.131659229075566,0.0,0.0,0.99,8,exponential
q_learning,shaped_eps-exponential_seed3,shaped,3,4a77b6e251,2440,178,108.59999999999997,98.52949999999998,0.05,0.15,47,success,1,1,0,0,22,3,0,7,1,22,0.9940168608371741,12.835892362926785,0.0,0.0,0.99,8,exponential
q_learning,shaped_eps-exponential_seed3,shaped,3,4a77b6e251,2441,177,105.65,98.59949999999999,0.05,0.15,48,success,1,1,0,0,25,3,0,2,1,35,1.7449765694201662,55.032029118576666,0.0,0.0,0.99,8,exponential
q_learning,shaped_eps-exponential_seed3,shaped,3,4a77b6e251,2442,175,108.75,98.7,0.05,0.15,50,success,1,1,0,0,27,2,0,5,1,30,1.0166202011843428,12.124693969851506,0.0,0.0,0.99,8,exponential
q_learning,shaped_eps-exponential_seed3,shaped,3,4a77b6e251,2443,180,107.50000000000001,98.87799999999999,0.05,0.15,45,success,1,1,0,0,28,2,0,7,1,31,1.019341310725937,15.748754602622094,0.0,0.0,0.99,8,exponential
q_learning,shaped_eps-exponential_seed3,shaped,3,4a77b6e251,2444,174,101.80000000000001,98.88899999999998,0.05,0.15,51,success,1,1,0,0,34,2,0,3,1,37,1.1734116778737835,20.57961494043397,0.0,0.0,0.99,8,exponential
q_learning,shaped_eps-exponential_seed3,shaped,3,4a77b6e251,2445,175,96.75000000000001,98.71999999999998,0.05,0.15,50,success,1,1,0,0,39,2,0,2,1,44,1.1236585441994216,13.720010564800432,0.0,0.0,0.99,8,exponential
q_learning,shaped_eps-exponential_seed3,shaped,3,4a77b6e251,2446,174,98.80000000000001,98.79999999999998,0.05,0.15,51,success,1,1,0,0,32,3,0,4,1,36,1.2136278358291048,12.569804400485125,0.0,0.0,0.99,8,exponential
q_learning,shaped_eps-exponential_seed3,shaped,3,4a77b6e251,2447,172,103.9,98.99249999999996,0.05,0.15,53,success,1,1,0,0,32,2,0,1,1,39,1.121668461867805,16.690138621890583,0.0,0.0,0.99,8,exponential
q_learning,shaped_eps-exponential_seed3,shaped,3,4a77b6e251,2448,179,105.55,98.98249999999996,0.05,0.15,46,success,1,1,0,0,25,3,0,1,1,34,2.424537784119118,53.591885454602476,0.0,0.0,0.99,8,exponential
q_learning,shaped_eps-exponential_seed3,shaped,3,4a77b6e251,2449,176,102.7,98.95449999999997,0.05,0.15,49,success,1,1,0,0,28,3,0,5,1,25,1.049810114877329,13.924224440803627,0.0,0.0,0.99,8,exponential
q_learning,shaped_eps-exponential_seed3,shaped,3,4a77b6e251,2450,176,82.69999999999996,98.8335,0.05,0.15,49,success,1,1,0,0,38,5,0,3,1,37,1.1496821945246227,12.780692858951852,0.0,0.0,0.99,8,exponential
q_learning,shaped_eps-exponential_seed3,shaped,3,4a77b6e251,2451,176,94.69999999999997,98.88400000000001,0.05,0.15,49,success,1,1,0,0,36,3,0,6,1,36,1.1726636169760825,14.307322428885868,0.0,0.0,0.99,8,exponential
q_learning,shaped_eps-exponential_seed3,shaped,3,4a77b6e251,2452,179,106.55000000000001,99.2535,0.05,0.15,46,success,1,1,0,0,29,2,0,6,1,35,0.923242592903126,13.5138123461156,0.0,0.0,0.99,8,exponential
q_learning,shaped_eps-exponential_seed3,shaped,3,4a77b6e251,2453,176,111.69999999999999,99.4225,0.05,0.15,49,success,1,1,0,0,24,2,0,6,1,28,0.9237451822233814,11.958786831819637,0.0,0.0,0.99,8,exponential
q_learning,shaped_eps-exponential_seed3,shaped,3,4a77b6e251,2454,175,88.75000000000001,99.4125,0.05,0.15,50,success,1,1,0,0,47,2,0,2,1,38,1.1126370217001116,10.503461011934235,0.0,0.0,0.99,8,exponential
q_learning,shaped_eps-exponential_seed3,shaped,3,4a77b6e251,2455,175,104.75000000000001,99.5545,0.05,0.15,50,success,1,1,0,0,31,2,0,5,1,33,1.0843334123146267,12.645589326604252,0.0,0.0,0.99,8,exponential
q_learning,shaped_eps-exponential_seed3,shaped,3,4a77b6e251,2456,182,81.39999999999993,99.434,0.05,0.15,43,success,1,1,0,0,44,4,0,1,1,49,1.1631955193281456,10.044616039382063,0.0,0.0,0.99,8,exponential
q_learning,shaped_eps-exponential_seed3,shaped,3,4a77b6e251,2457,176,102.70000000000002,99.4465,0.05,0.15,49,success,1,1,0,0,28,3,0,4,1,30,1.338652150596743,25.558061041841576,0.0,0.0,0.99,8,exponential
q_learning,shaped_eps-exponential_seed3,shaped,3,4a77b6e251,2458,175,97.75000000000001,99.486,0.05,0.15,50,success,1,1,0,0,33,3,0,6,1,31,0.9779648414290458,9.825692956288165,0.0,0.0,0.99,8,exponential
q_learning,shaped_eps-exponential_seed3,shaped,3,4a77b6e251,2459,178,97.60000000000002,99.3545,0.05,0.15,47,success,1,1,0,0,38,2,0,3,1,39,1.5015893223080903,31.31334168838403,0.0,0.0,0.99,8,exponential
q_learning,shaped_eps-exponential_seed3,shaped,3,4a77b6e251,2460,175,104.75000000000001,99.33550000000001,0.05,0.15,50,success,1,1,0,0,31,2,0,5,1,33,0.9966747529763169,10.165976867185819,0.0,0.0,0.99,8,exponential
q_learning,shaped_eps-exponential_seed3,shaped,3,4a77b6e251,2461,187,104.15,99.30950000000001,0.05,0.15,38,success,1,1,0,0,31,2,0,3,1,40,1.1102631728869006,18.875595624882045,0.0,0.0,0.99,8,exponential
q_learning,shaped_eps-exponential_seed3,shaped,3,4a77b6e251,2462,175,106.75000000000001,99.29449999999999,0.05,0.15,50,success,1,1,0,0,29,2,0,5,1,35,0.9734456475793708,10.993688764140842,0.0,0.0,0.99,8,exponential
q_learning,shaped_eps-exponential_seed3,shaped,3,4a77b6e251,2463,181,86.44999999999993,99.192,0.05,0.15,44,success,1,1,0,0,39,4,0,7,1,46,1.5681326880334834,34.36744467021316,0.0,0.0,0.99,8,exponential
q_learning,shaped_eps-exponential_seed3,shaped,3,4a77b6e251,2464,175,101.75,99.29250000000002,0.05,0.15,50,success,1,1,0,0,29,3,0,4,1,36,1.343340455460782,31.750612263486474,0.0,0.0,0.99,8,exponential
q_learning,shaped_eps-exponential_seed3,shaped,3,4a77b6e251,2465,174,91.79999999999995,99.235,0.05,0.15,51,success,1,1,0,0,34,4,0,5,1,31,1.6625109796334632,36.17898930259527,0.0,0.0,0.99,8,exponential
q_learning,shaped_eps-exponential_seed3,shaped,3,4a77b6e251,2466,176,107.7,99.23450000000001,0.05,0.15,49,success,1,1,0,0,28,2,0,6,1,32,1.0468988020688554,12.298639247537594,0.0,0.0,0.99,8,exponential
q_learning,shaped_eps-exponential_seed3,shaped,3,4a77b6e251,2467,177,98.65,99.14399999999999,0.05,0.15,48,success,1,1,0,0,37,2,0,5,1,37,1.172514610260705,12.04423833804114,0.0,0.0,0.99,8,exponential
q_learning,shaped_eps-exponential_seed3,shaped,3,4a77b6e251,2468,174,103.80000000000001,99.164,0.05,0.15,51,success,1,1,0,0,32,2,0,7,1,22,1.5254175316145222,32.17400467731265,0.0,0.0,0.99,8,exponential
q_learning,shaped_eps-exponential_seed3,shaped,3,4a77b6e251,2469,174,89.79999999999994,98.91249999999998,0.05,0.15,51,success,1,1,0,0,36,4,0,3,1,39,1.0241221259819007,11.869901874045496,0.0,0.0,0.99,8,exponential
q_learning,shaped_eps-exponential_seed3,shaped,3,4a77b6e251,2470,173,92.84999999999998,98.92349999999999,0.05,0.15,52,success,1,1,0,0,33,4,0,2,1,47,1.3413751807104324,25.89295726626753,0.0,0.0,0.99,8,exponential
q_learning,shaped_eps-exponential_seed3,shaped,3,4a77b6e251,2471,175,96.75000000000001,98.964,0.05,0.15,50,success,1,1,0,0,39,2,0,2,1,34,1.292906273419276,12.918420064763449,0.0,0.0,0.99,8,exponential
q_learning,shaped_eps-exponential_seed3,shaped,3,4a77b6e251,2472,176,100.70000000000002,99.01299999999999,0.05,0.15,49,success,1,1,0,0,30,3,0,5,1,29,1.2142429456081496,13.04529057627225,0.0,0.0,0.99,8,exponential
q_learning,shaped_eps-exponential_seed3,shaped,3,4a77b6e251,2473,176,91.69999999999999,98.82450000000003,0.05,0.15,49,success,1,1,0,0,34,4,0,6,1,38,1.2808576595610583,25.21028228739989,0.0,0.0,0.99,8,exponential
q_learning,shaped_eps-exponential_seed3,shaped,3,4a77b6e251,2474,176,84.69999999999995,98.73100000000002,0.05,0.15,49,success,1,1,0,0,46,3,0,7,1,40,1.5335750856830985,32.361616917752,0.0,0.0,0.99,8,exponential
q_learning,shaped_eps-exponential_seed3,shaped,3,4a77b6e251,2475,178,93.60000000000002,98.59000000000003,0.05,0.15,47,success,1,1,0,0,42,2,0,3,1,41,1.139983569899747,12.160274124087184,0.0,0.0,0.99,8,exponential
q_learning,shaped_eps-exponential_seed3,shaped,3,4a77b6e251,2476,175,90.74999999999999,98.55400000000002,0.05,0.15,50,success,1,1,0,0,45,2,0,6,1,38,1.175471658944238,12.553756570070668,0.0,0.0,0.99,8,exponential
q_learning,shaped_eps-exponential_seed3,shaped,3,4a77b6e251,2477,181,98.45,98.46350000000002,0.05,0.15,44,success,1,1,0,0,37,2,0,6,1,47,1.0809846615984493,13.259373618206283,0.0,0.0,0.99,8,exponential
q_learning,shaped_eps-exponential_seed3,shaped,3,4a77b6e251,2478,180,91.5,98.311,0.05,0.15,45,success,1,1,0,0,44,2,0,1,1,48,1.0532622221483119,11.540183854885967,0.0,0.0,0.99,8,exponential
q_learning,shaped_eps-exponential_seed3,shaped,3,4a77b6e251,2479,176,101.70000000000002,98.412,0.05,0.15,49,success,1,1,0,0,34,2,0,6,1,26,1.21118260869861,26.9743653946276,0.0,0.0,0.99,8,exponential
q_learning,shaped_eps-exponential_seed3,shaped,3,4a77b6e251,2480,174,98.8,98.4125,0.05,0.15,51,success,1,1,0,0,32,3,0,6,1,38,1.1902698070724966,13.557557280006783,0.0,0.0,0.99,8,exponential
q_learning,shaped_eps-exponential_seed3,shaped,3,4a77b6e251,2481,178,102.60000000000002,98.44049999999999,0.05,0.15,47,success,1,1,0,0,28,3,0,6,1,32,1.070376778704911,10.734407205119162,0.0,0.0,0.99,8,exponential
q_learning,shaped_eps-exponential_seed3,shaped,3,4a77b6e251,2482,175,103.75000000000001,98.50050000000002,0.05,0.15,50,success,1,1,0,0,27,3,0,3,1,31,0.9600056490754008,10.220226452221588,0.0,0.0,0.99,8,exponential
q_learning,shaped_eps-exponential_seed3,shaped,3,4a77b6e251,2483,177,102.65000000000002,98.853,0.05,0.15,48,success,1,1,0,0,33,2,0,6,1,34,1.1745346227115603,19.954444067755418,0.0,0.0,0.99,8,exponential
q_learning,shaped_eps-exponential_seed3,shaped,3,4a77b6e251,2484,179,104.55000000000001,98.87099999999998,0.05,0.15,46,success,1,1,0,0,31,2,0,3,1,32,2.0642405769119243,60.239629975360494,0.0,0.0,0.99,8,exponential
q_learning,shaped_eps-exponential_seed3,shaped,3,4a77b6e251,2485,176,99.7,98.88049999999997,0.05,0.15,49,success,1,1,0,0,36,2,0,5,1,42,0.9878071541375969,11.076857508342215,0.0,0.0,0.99,8,exponential
q_learning,shaped_eps-exponential_seed3,shaped,3,4a77b6e251,2486,174,95.79999999999995,98.80249999999998,0.05,0.15,51,success,1,1,0,0,40,2,0,6,1,43,1.3494331213482276,28.213765091625028,0.0,0.0,0.99,8,exponential
q_learning,shaped_eps-exponential_seed3,shaped,3,4a77b6e251,2487,174,107.80000000000003,98.95449999999997,0.05,0.15,51,success,1,1,0,0,28,2,0,5,1,26,1.4994029892734508,45.58567069509307,0.0,0.0,0.99,8,exponential
q_learning,shaped_eps-exponential_seed3,shaped,3,4a77b6e251,2488,174,97.80000000000001,98.8355,0.05,0.15,51,success,1,1,0,0,28,4,0,6,1,31,1.063791328316894,13.92835599483628,0.0,0.0,0.99,8,exponential
q_learning,shaped_eps-exponential_seed3,shaped,3,4a77b6e251,2489,177,94.64999999999999,98.78999999999998,0.05,0.15,48,success,1,1,0,0,31,4,0,5,1,30,1.1751198173525585,13.72421054889133,0.0,0.0,0.99,8,exponential
q_learning,shaped_eps-exponential_seed3,shaped,3,4a77b6e251,2490,175,95.75000000000001,98.72099999999996,0.05,0.15,50,success,1,1,0,0,35,3,0,2,1,38,1.0148357343666257,11.006951224686901,0.0,0.0,0.99,8,exponential
q_learning,shaped_eps-exponential_seed3,shaped,3,4a77b6e251,2491,174,91.79999999999994,98.83099999999996,0.05,0.15,51,success,1,1,0,0,34,4,0,6,1,36,1.0411566581306357,13.252231001241967,0.0,0.0,0.99,8,exponential
q_learning,shaped_eps-exponential_seed3,shaped,3,4a77b6e251,2492,178,103.6,98.89949999999997,0.05,0.15,47,success,1,1,0,0,32,2,0,5,1,36,1.0795965893214552,13.032784294347522,0.0,0.0,0.99,8,exponential
q_learning,shaped_eps-exponential_seed3,shaped,3,4a77b6e251,2493,179,116.54999999999994,99.02749999999997,0.05,0.15,46,success,1,1,0,0,19,2,0,6,1,30,0.9672902396128189,11.734718187718855,0.0,0.0,0.99,8,exponential
q_learning,shaped_eps-exponential_seed3,shaped,3,4a77b6e251,2494,176,105.70000000000002,99.15699999999998,0.05,0.15,49,success,1,1,0,0,30,2,0,3,1,39,1.0338414115007089,14.658986676781566,0.0,0.0,0.99,8,exponential
q_learning,shaped_eps-exponential_seed3,shaped,3,4a77b6e251,2495,174,107.80000000000001,99.11699999999999,0.05,0.15,51,success,1,1,0,0,28,2,0,5,1,28,0.9985049712459272,12.960775403936864,0.0,0.0,0.99,8,exponential
q_learning,shaped_eps-exponential_seed3,shaped,3,4a77b6e251,2496,176,86.69999999999999,99.06949999999999,0.05,0.15,49,success,1,1,0,0,34,5,0,1,1,37,1.2282103599524863,34.88845998154207,0.0,0.0,0.99,8,exponential
q_learning,shaped_eps-exponential_seed3,shaped,3,4a77b6e251,2497,178,98.60000000000001,99.109,0.05,0.15,47,success,1,1,0,0,32,3,0,6,1,37,1.031505708522542,10.665327324228315,0.0,0.0,0.99,8,exponential
q_learning,shaped_eps-exponential_seed3,shaped,3,4a77b6e251,2498,175,82.74999999999993,98.96950000000001,0.05,0.15,50,success,1,1,0,0,33,6,0,4,1,40,1.137643529991817,11.810707706065543,0.0,0.0,0.99,8,exponential
q_learning,shaped_eps-exponential_seed3,shaped,3,4a77b6e251,2499,174,94.80000000000001,98.9025,0.05,0.15,51,success,1,1,0,0,36,3,0,3,1,40,1.1459752775924303,13.208624426357986,0.0,0.0,0.99,8,exponential
q_learning,shaped_eps-exponential_seed3,shaped,3,4a77b6e251,2500,178,89.59999999999997,98.743,0.05,0.15,47,success,1,1,0,0,36,4,0,4,1,41,1.0358773763880587,12.70584544844965,0.0,0.0,0.99,8,exponential
q_learning,shaped_eps-exponential_seed3,shaped,3,4a77b6e251,2501,175,116.74999999999994,98.96349999999998,0.05,0.15,50,success,1,1,0,0,19,2,0,5,1,18,0.9798128605078542,11.581487654730992,0.0,0.0,0.99,8,exponential
q_learning,shaped_eps-exponential_seed3,shaped,3,4a77b6e251,2502,174,102.80000000000001,99.00399999999999,0.05,0.15,51,success,1,1,0,0,28,3,0,2,1,33,1.2411099574115272,19.88718221062482,0.0,0.0,0.99,8,exponential
q_learning,shaped_eps-exponential_seed3,shaped,3,4a77b6e251,2503,177,92.65,98.877,0.05,0.15,48,success,1,1,0,0,43,2,0,3,1,45,1.0585852560624576,8.910212065361378,0.0,0.0,0.99,8,exponential
q_learning,shaped_eps-exponential_seed3,shaped,3,4a77b6e251,2504,175,99.75,98.86799999999998,0.05,0.15,50,success,1,1,0,0,31,3,0,8,1,35,0.9841901684106118,11.996048598197774,0.0,0.0,0.99,8,exponential
q_learning,shaped_eps-exponential_seed3,shaped,3,4a77b6e251,2505,183,93.35000000000001,98.73449999999997,0.05,0.15,42,success,1,1,0,0,37,3,0,7,1,38,1.3157543820064554,27.41377585139699,0.0,0.0,0.99,8,exponential
q_learning,shaped_eps-exponential_seed3,shaped,3,4a77b6e251,2506,174,97.80000000000001,98.7045,0.05,0.15,51,success,1,1,0,0,38,2,0,4,1,31,1.0586449232130182,12.685572475298784,0.0,0.0,0.99,8,exponential
q_learning,shaped_eps-exponential_seed3,shaped,3,4a77b6e251,2507,176,102.7,98.804,0.05,0.15,49,success,1,1,0,0,28,3,0,6,1,38,1.4822650547073366,20.342446952480152,0.0,0.0,0.99,8,exponential
q_learning,shaped_eps-exponential_seed3,shaped,3,4a77b6e251,2508,176,75.69999999999996,98.4545,0.05,0.15,49,success,1,1,0,0,40,6,0,5,1,46,1.4555472920149564,48.87727375929694,0.0,0.0,0.99,8,exponential
q_learning,shaped_eps-exponential_seed3,shaped,3,4a77b6e251,2509,180,94.50000000000001,98.3825,0.05,0.15,45,success,1,1,0,0,36,3,0,7,1,42,1.0352343924017167,11.930709835847281,0.0,0.0,0.99,8,exponential
q_learning,shaped_eps-exponential_seed3,shaped,3,4a77b6e251,2510,178,101.60000000000002,98.483,0.05,0.15,47,success,1,1,0,0,34,2,0,4,1,41,1.1821699589241788,12.873656919875643,0.0,0.0,0.99,8,exponential
q_learning,shaped_eps-exponential_seed3,shaped,3,4a77b6e251,2511,176,100.7,98.65200000000003,0.05,0.15,49,success,1,1,0,0,30,3,0,7,1,41,1.0477456125740516,13.032741474985102,0.0,0.0,0.99,8,exponential
q_learning,shaped_eps-exponential_seed3,shaped,3,4a77b6e251,2512,174,87.79999999999994,98.59100000000001,0.05,0.15,51,success,1,1,0,0,38,4,0,6,1,38,1.1337375821884361,12.806489720126606,0.0,0.0,0.99,8,exponential
q_learning,shaped_eps-exponential_seed3,shaped,3,4a77b6e251,2513,185,78.24999999999989,98.6365,0.05,0.15,40,success,1,1,0,0,37,6,0,7,1,43,1.2529049256815357,11.969685964294953,0.0,0.0,0.99,8,exponential
q_learning,shaped_eps-exponential_seed3,shaped,3,4a77b6e251,2514,181,95.45,98.57600000000002,0.05,0.15,44,success,1,1,0,0,35,3,0,6,1,35,1.2703365577823886,19.938330894813447,0.0,0.0,0.99,8,exponential
q_learning,shaped_eps-exponential_seed3,shaped,3,4a77b6e251,2515,175,45.750000000000064,98.07,0.05,0.15,50,success,1,1,0,0,45,11,0,3,1,35,1.5701303171018428,34.69880263596514,0.0,0.0,0.99,8,exponential
q_learning,shaped_eps-exponential_seed3,shaped,3,4a77b6e251,2516,176,73.69999999999999,97.90000000000002,0.05,0.15,49,success,1,1,0,0,32,8,0,1,1,38,1.4734694363183627,28.95920805945119,0.0,0.0,0.99,8,exponential
q_learning,shaped_eps-exponential_seed3,shaped,3,4a77b6e251,2517,174,98.80000000000001,97.86200000000001,0.05,0.15,51,success,1,1,0,0,32,3,0,4,1,36,1.279871762938992,11.45581103604151,0.0,0.0,0.99,8,exponential
q_learning,shaped_eps-exponential_seed3,shaped,3,4a77b6e251,2518,175,104.75000000000001,97.90150000000001,0.05,0.15,50,success,1,1,0,0,31,2,0,6,1,30,1.0167639622649112,10.674477749066696,0.0,0.0,0.99,8,exponential
q_learning,shaped_eps-exponential_seed3,shaped,3,4a77b6e251,2519,176,113.69999999999995,98.08150000000002,0.05,0.15,49,success,1,1,0,0,22,2,0,7,1,25,1.035997180986748,11.592905725332898,0.0,0.0,0.99,8,exponential
q_learning,shaped_eps-exponential_seed3,shaped,3,4a77b6e251,2520,177,87.64999999999995,97.84100000000001,0.05,0.15,48,success,1,1,0,0,43,3,0,1,1,49,1.0126880534476654,11.68964567580899,0.0,0.0,0.99,8,exponential
q_learning,shaped_eps-exponential_seed3,shaped,3,4a77b6e251,2521,174,102.8,97.7765,0.05,0.15,51,success,1,1,0,0,28,3,0,6,1,27,1.064292592317548,11.552265535030728,0.0,0.0,0.99,8,exponential
q_learning,shaped_eps-exponential_seed3,shaped,3,4a77b6e251,2522,174,113.79999999999998,97.91699999999999,0.05,0.15,51,success,1,1,0,0,22,2,0,6,1,27,1.523643942353203,58.219022492901594,0.0,0.0,0.99,8,exponential
q_learning,shaped_eps-exponential_seed3,shaped,3,4a77b6e251,2523,174,99.80000000000001,97.88699999999997,0.05,0.15,51,success,1,1,0,0,36,2,0,4,1,38,1.0391090306432722,11.30945381137461,0.0,0.0,0.99,8,exponential
q_learning,shaped_eps-exponential_seed3,shaped,3,4a77b6e251,2524,167,103.15,97.80999999999996,0.05,0.15,58,success,1,1,0,0,33,2,0,1,1,35,2.474196177313558,100.45,0.0,0.0,0.99,8,exponential
q_learning,shaped_eps-exponential_seed3,shaped,3,4a77b6e251,2525,176,101.7,97.95299999999999,0.05,0.15,49,success,1,1,0,0,24,4,0,6,1,32,1.2240181063160032,31.92394051621563,0.0,0.0,0.99,8,exponential
q_learning,shaped_eps-exponential_seed3,shaped,3,4a77b6e251,2526,175,97.75000000000003,97.804,0.05,0.15,50,success,1,1,0,0,33,3,0,3,1,35,1.1463914776019437,10.820002807599323,0.0,0.0,0.99,8,exponential
q_learning,shaped_eps-exponential_seed3,shaped,3,4a77b6e251,2527,181,95.45,97.8395,0.05,0.15,44,success,1,1,0,0,35,3,0,7,1,33,1.129431554074357,37.28101852131196,0.0,0.0,0.99,8,exponential
q_learning,shaped_eps-exponential_seed3,shaped,3,4a77b6e251,2528,174,102.80000000000001,97.8495,0.05,0.15,51,success,1,1,0,0,28,3,0,4,1,36,1.0738670405115993,10.59247076099463,0.0,0.0,0.99,8,exponential
q_learning,shaped_eps-exponential_seed3,shaped,3,4a77b6e251,2529,175,96.75000000000001,97.91,0.05,0.15,50,success,1,1,0,0,39,2,0,2,1,40,1.418145298230558,36.092975280849345,0.0,0.0,0.99,8,exponential
q_learning,shaped_eps-exponential_seed3,shaped,3,4a77b6e251,2530,184,105.30000000000001,97.945,0.05,0.15,41,success,1,1,0,0,30,2,0,4,1,32,0.9878045578034333,8.17770421285438,0.0,0.0,0.99,8,exponential
q_learning,shaped_eps-exponential_seed3,shaped,3,4a77b6e251,2531,179,98.55000000000001,97.99449999999997,0.05,0.15,46,success,1,1,0,0,37,2,0,3,1,37,0.9466799613003738,9.238836162983624,0.0,0.0,0.99,8,exponential
q_learning,shaped_eps-exponential_seed3,shaped,3,4a77b6e251,2532,178,83.59999999999998,97.79499999999999,0.05,0.15,47,success,1,1,0,0,42,4,0,5,1,27,1.400981068579796,25.241063226598875,0.0,0.0,0.99,8,exponential
q_learning,shaped_eps-exponential_seed3,shaped,3,4a77b6e251,2533,174,103.80000000000001,97.81949999999998,0.05,0.15,51,success,1,1,0,0,32,2,0,7,1,32,1.0920046351515926,18.70931458460492,0.0,0.0,0.99,8,exponential
q_learning,shaped_eps-exponential_seed3,shaped,3,4a77b6e251,2534,174,79.79999999999997,97.59999999999998,0.05,0.15,51,success,1,1,0,0,36,6,0,3,1,26,1.1337302322587992,10.46493686794122,0.0,0.0,0.99,8,exponential
q_learning,shaped_eps-exponential_seed3,shaped,3,4a77b6e251,2535,180,92.49999999999996,97.64899999999997,0.05,0.15,45,success,1,1,0,0,28,5,0,4,1,35,1.10325291785789,11.225421497939593,0.0,0.0,0.99,8,exponential
q_learning,shaped_eps-exponential_seed3,shaped,3,4a77b6e251,2536,178,93.59999999999997,97.65699999999998,0.05,0.15,47,success,1,1,0,0,32,4,0,7,1,29,1.0771273163961845,10.761991189430077,0.0,0.0,0.99,8,exponential
q_learning,shaped_eps-exponential_seed3,shaped,3,4a77b6e251,2537,173,89.85,97.52799999999999,0.05,0.15,52,success,1,1,0,0,31,5,0,3,1,39,1.1640996221050364,17.268203589698587,0.0,0.0,0.99,8,exponential
q_learning,shaped_eps-exponential_seed3,shaped,3,4a77b6e251,2538,175,92.74999999999999,97.40899999999999,0.05,0.15,50,success,1,1,0,0,33,4,0,1,1,41,1.1241871063274447,12.523044939384079,0.0,0.0,0.99,8,exponential
q_learning,shaped_eps-exponential_seed3,shaped,3,4a77b6e251,2539,181,90.44999999999996,97.37,0.05,0.15,44,success,1,1,0,0,45,2,0,4,1,50,1.1346376955612956,10.84143906466889,0.0,0.0,0.99,8,exponential
q_learning,shaped_eps-exponential_seed3,shaped,3,4a77b6e251,2540,174,102.80000000000001,97.31199999999998,0.05,0.15,51,success,1,1,0,0,28,3,0,2,1,29,2.001327869266412,67.25839513335768,0.0,0.0,0.99,8,exponential
q_learning,shaped_eps-exponential_seed3,shaped,3,4a77b6e251,2541,181,91.44999999999997,97.17,0.05,0.15,44,success,1,1,0,0,39,3,0,4,1,53,1.2476273480976356,11.286116423093333,0.0,0.0,0.99,8,exponential
q_learning,shaped_eps-exponential_seed3,shaped,3,4a77b6e251,2542,176,109.69999999999999,97.1795,0.05,0.15,49,success,1,1,0,0,16,4,0,4,1,29,1.100033905098327,13.167409147711766,0.0,0.0,0.99,8,exponential
q_learning,shaped_eps-exponential_seed3,shaped,3,4a77b6e251,2543,175,104.75000000000001,97.152,0.05,0.15,50,success,1,1,0,0,31,2,0,7,1,29,1.0680693158134325,10.717786958654472,0.0,0.0,0.99,8,exponential
q_learning,shaped_eps-exponential_seed3,shaped,3,4a77b6e251,2544,174,96.80000000000001,97.102,0.05,0.15,51,success,1,1,0,0,34,3,0,2,1,40,1.1138317530939548,10.743581427699773,0.0,0.0,0.99,8,exponential
q_learning,shaped_eps-exponential_seed3,shaped,3,4a77b6e251,2545,175,98.75000000000001,97.12199999999999,0.05,0.15,50,success,1,1,0,0,37,2,0,4,1,28,1.2984395476809798,28.034352829502396,0.0,0.0,0.99,8,exponential
q_learning,shaped_eps-exponential_seed3,shaped,3,4a77b6e251,2546,175,85.74999999999993,96.99149999999997,0.05,0.15,50,success,1,1,0,0,35,5,0,6,1,34,1.2125693025542998,27.148914140171584,0.0,0.0,0.99,8,exponential
q_learning,shaped_eps-exponential_seed3,shaped,3,4a77b6e251,2547,175,100.75000000000001,96.95999999999998,0.05,0.15,50,success,1,1,0,0,35,2,0,7,1,30,1.0305379379199284,10.344346567524255,0.0,0.0,0.99,8,exponential
q_learning,shaped_eps-exponential_seed3,shaped,3,4a77b6e251,2548,179,100.55000000000001,96.90999999999998,0.05,0.15,46,success,1,1,0,0,35,2,0,5,1,33,1.0894428437070895,11.07943940996886,0.0,0.0,0.99,8,exponential
q_learning,shaped_eps-exponential_seed3,shaped,3,4a77b6e251,2549,176,95.70000000000002,96.84,0.05,0.15,49,success,1,1,0,0,40,2,0,5,1,39,1.1509164626025017,39.84449253660361,0.0,0.0,0.99,8,exponential
q_learning,shaped_eps-exponential_seed3,shaped,3,4a77b6e251,2550,174,101.80000000000001,97.03099999999999,0.05,0.15,51,success,1,1,0,0,34,2,0,4,1,37,1.0750100164245873,12.281411118721493,0.0,0.0,0.99,8,exponential
q_learning,shaped_eps-exponential_seed3,shaped,3,4a77b6e251,2551,187,92.15,97.00549999999997,0.05,0.15,38,success,1,1,0,0,43,2,0,5,1,40,1.1781969416549285,11.65319953589784,0.0,0.0,0.99,8,exponential
q_learning,shaped_eps-exponential_seed3,shaped,3,4a77b6e251,2552,179,100.55000000000001,96.94549999999998,0.05,0.15,46,success,1,1,0,0,35,2,0,6,1,31,1.1378995520136395,12.377156812848412,0.0,0.0,0.99,8,exponential
q_learning,shaped_eps-exponential_seed3,shaped,3,4a77b6e251,2553,185,102.25000000000001,96.85099999999997,0.05,0.15,40,success,1,1,0,0,33,2,0,2,1,37,1.1641940402530675,13.203357815145353,0.0,0.0,0.99,8,exponential
q_learning,shaped_eps-exponential_seed3,shaped,3,4a77b6e251,2554,178,83.59999999999994,96.79949999999997,0.05,0.15,47,success,1,1,0,0,42,4,0,2,1,38,1.1825225374776844,13.530924649442099,0.0,0.0,0.99,8,exponential
q_learning,shaped_eps-exponential_seed3,shaped,3,4a77b6e251,2555,175,99.74999999999999,96.74949999999998,0.05,0.15,50,success,1,1,0,0,31,3,0,5,1,39,1.6048661912903903,41.23516638975005,0.0,0.0,0.99,8,exponential
q_learning,shaped_eps-exponential_seed3,shaped,3,4a77b6e251,2556,175,108.75,97.023,0.05,0.15,50,success,1,1,0,0,27,2,0,6,1,36,1.0452869400003428,10.775007091342047,0.0,0.0,0.99,8,exponential
q_learning,shaped_eps-exponential_seed3,shaped,3,4a77b6e251,2557,172,107.9,97.075,0.05,0.15,53,success,1,1,0,0,28,2,0,1,1,35,1.433802939714634,28.057657047074407,0.0,0.0,0.99,8,exponential
q_learning,shaped_eps-exponential_seed3,shaped,3,4a77b6e251,2558,176,90.69999999999997,97.0045,0.05,0.15,49,success,1,1,0,0,40,3,0,3,1,40,1.3414361542843352,44.27825782617956,0.0,0.0,0.99,8,exponential
q_learning,shaped_eps-exponential_seed3,shaped,3,4a77b6e251,2559,179,85.54999999999995,96.884,0.05,0.15,46,success,1,1,0,0,45,3,0,5,1,40,1.4259923018505913,42.16294412890139,0.0,0.0,0.99,8,exponential
q_learning,shaped_eps-exponential_seed3,shaped,3,4a77b6e251,2560,174,97.80000000000001,96.8145,0.05,0.15,51,success,1,1,0,0,38,2,0,6,1,39,1.0199319482485276,12.06675088589811,0.0,0.0,0.99,8,exponential
q_learning,shaped_eps-exponential_seed3,shaped,3,4a77b6e251,2561,183,104.35,96.81649999999999,0.05,0.15,42,success,1,1,0,0,31,2,0,7,1,32,1.392252971768551,31.406933201129775,0.0,0.0,0.99,8,exponential
q_learning,shaped_eps-exponential_seed3,shaped,3,4a77b6e251,2562,172,99.90000000000002,96.74799999999998,0.05,0.15,53,success,1,1,0,0,36,2,0,1,1,32,1.5254613600459208,25.580018367561735,0.0,0.0,0.99,8,exponential
q_learning,shaped_eps-exponential_seed3,shaped,3,4a77b6e251,2563,176,102.7,96.9105,0.05,0.15,49,success,1,1,0,0,28,3,0,6,1,36,1.0010694142203262,11.063864575245816,0.0,0.0,0.99,8,exponential
q_learning,shaped_eps-exponential_seed3,shaped,3,4a77b6e251,2564,176,105.70000000000003,96.95,0.05,0.15,49,success,1,1,0,0,30,2,0,5,1,35,1.3268302676908836,41.80072964969751,0.0,0.0,0.99,8,exponential
q_learning,shaped_eps-exponential_seed3,shaped,3,4a77b6e251,2565,174,76.79999999999995,96.8,0.05,0.15,51,success,1,1,0,0,44,5,0,6,1,40,1.4345011355062423,51.60179578058923,0.0,0.0,0.99,8,exponential
q_learning,shaped_eps-exponential_seed3,shaped,3,4a77b6e251,2566,176,99.70000000000002,96.72,0.05,0.15,49,success,1,1,0,0,36,2,0,4,1,40,1.2247779718403906,42.50906633509949,0.0,0.0,0.99,8,exponential
q_learning,shaped_eps-exponential_seed3,shaped,3,4a77b6e251,2567,182,98.40000000000002,96.7175,0.05,0.15,43,success,1,1,0,0,32,3,0,5,1,35,1.4609050596577648,36.22814155146098,0.0,0.0,0.99,8,exponential
q_learning,shaped_eps-exponential_seed3,shaped,3,4a77b6e251,2568,179,84.54999999999994,96.52499999999998,0.05,0.15,46,success,1,1,0,0,31,6,0,5,1,38,1.559628262955324,50.6761569528164,0.0,0.0,0.99,8,exponential
q_learning,shaped_eps-exponential_seed3,shaped,3,4a77b6e251,2569,187,95.15,96.57849999999999,0.05,0.15,38,success,1,1,0,0,35,3,0,5,1,36,1.0261462957795005,9.20656594146697,0.0,0.0,0.99,8,exponential
q_learning,shaped_eps-exponential_seed3,shaped,3,4a77b6e251,2570,177,78.64999999999995,96.43649999999998,0.05,0.15,48,success,1,1,0,0,37,6,0,7,1,32,1.3839475622567223,35.422505756810416,0.0,0.0,0.99,8,exponential
q_learning,shaped_eps-exponential_seed3,shaped,3,4a77b6e251,2571,180,103.50000000000003,96.50399999999998,0.05,0.15,45,success,1,1,0,0,32,2,0,5,1,32,1.5239160295206224,29.39648032567952,0.0,0.0,0.99,8,exponential
q_learning,shaped_eps-exponential_seed3,shaped,3,4a77b6e251,2572,175,102.75000000000001,96.52449999999999,0.05,0.15,50,success,1,1,0,0,33,2,0,3,1,35,1.2746460656995304,35.328471324297304,0.0,0.0,0.99,8,exponential
q_learning,shaped_eps-exponential_seed3,shaped,3,4a77b6e251,2573,175,95.75000000000001,96.56499999999998,0.05,0.15,50,success,1,1,0,0,35,3,0,6,1,37,1.2422633062720336,31.6805815003997,0.0,0.0,0.99,8,exponential
q_learning,shaped_eps-exponential_seed3,shaped,3,4a77b6e251,2574,179,99.55000000000001,96.71349999999998,0.05,0.15,46,success,1,1,0,0,31,3,0,6,1,32,1.115463175073737,13.42287301521445,0.0,0.0,0.99,8,exponential
q_learning,shaped_eps-exponential_seed3,shaped,3,4a77b6e251,2575,175,106.75000000000001,96.84499999999998,0.05,0.15,50,success,1,1,0,0,29,2,0,6,1,31,1.0526701615802547,11.88939762552343,0.0,0.0,0.99,8,exponential
q_learning,shaped_eps-exponential_seed3,shaped,3,4a77b6e251,2576,182,88.39999999999999,96.82149999999997,0.05,0.15,43,success,1,1,0,0,42,3,0,1,1,44,1.126725959932843,11.296171053782032,0.0,0.0,0.99,8,exponential
q_learning,shaped_eps-exponential_seed3,shaped,3,4a77b6e251,2577,178,103.60000000000001,96.87299999999999,0.05,0.15,47,success,1,1,0,0,32,2,0,1,1,29,0.9598585382948907,12.131665332580283,0.0,0.0,0.99,8,exponential
q_learning,shaped_eps-exponential_seed3,shaped,3,4a77b6e251,2578,176,96.70000000000002,96.925,0.05,0.15,49,success,1,1,0,0,34,3,0,1,1,38,1.1487592715209074,11.890083323877235,0.0,0.0,0.99,8,exponential
q_learning,shaped_eps-exponential_seed3,shaped,3,4a77b6e251,2579,179,97.55000000000001,96.88349999999998,0.05,0.15,46,success,1,1,0,0,33,3,0,1,1,38,1.0018087474692237,9.700426272759962,0.0,0.0,0.99,8,exponential
q_learning,shaped_eps-exponential_seed3,shaped,3,4a77b6e251,2580,174,103.80000000000003,96.93349999999997,0.05,0.15,51,success,1,1,0,0,32,2,0,1,1,35,1.0373241792325112,11.712900389820653,0.0,0.0,0.99,8,exponential
q_learning,shaped_eps-exponential_seed3,shaped,3,4a77b6e251,2581,177,58.650000000000034,96.49399999999997,0.05,0.15,48,success,1,1,0,0,37,10,0,1,1,42,1.6548814057496137,30.763289350152483,0.0,0.0,0.99,8,exponential
q_learning,shaped_eps-exponential_seed3,shaped,3,4a77b6e251,2582,175,93.75000000000001,96.39399999999996,0.05,0.15,50,success,1,1,0,0,37,3,0,2,1,35,1.4012409213522001,36.85212683932414,0.0,0.0,0.99,8,exponential
q_learning,shaped_eps-exponential_seed3,shaped,3,4a77b6e251,2583,179,97.55000000000001,96.34299999999998,0.05,0.15,46,success,1,1,0,0,33,3,0,7,1,33,1.0913318372890595,12.69497944003961,0.0,0.0,0.99,8,exponential
q_learning,shaped_eps-exponential_seed3,shaped,3,4a77b6e251,2584,177,98.65,96.28399999999998,0.05,0.15,48,success,1,1,0,0,37,2,0,3,1,38,1.3054669577929532,25.477625028655893,0.0,0.0,0.99,8,exponential
q_learning,shaped_eps-exponential_seed3,shaped,3,4a77b6e251,2585,180,76.49999999999994,96.05199999999999,0.05,0.15,45,success,1,1,0,0,44,5,0,1,1,54,1.1855644550084172,12.186841524710822,0.0,0.0,0.99,8,exponential
q_learning,shaped_eps-exponential_seed3,shaped,3,4a77b6e251,2586,178,87.6,95.96999999999998,0.05,0.15,47,success,1,1,0,0,38,4,0,3,1,37,1.0912814175608425,12.918545665707057,0.0,0.0,0.99,8,exponential
q_learning,shaped_eps-exponential_seed3,shaped,3,4a77b6e251,2587,176,93.7,95.829,0.05,0.15,49,success,1,1,0,0,42,2,0,5,1,33,1.0176667376837123,10.5981878717119,0.0,0.0,0.99,8,exponential
q_learning,shaped_eps-exponential_seed3,shaped,3,4a77b6e251,2588,176,91.69999999999999,95.76800000000001,0.05,0.15,49,success,1,1,0,0,34,4,0,4,1,29,1.0948733961827222,11.435199626782904,0.0,0.0,0.99,8,exponential
q_learning,shaped_eps-exponential_seed3,shaped,3,4a77b6e251,2589,176,101.70000000000002,95.83850000000001,0.05,0.15,49,success,1,1,0,0,24,4,0,6,1,28,1.0098515028043458,12.436793946230338,0.0,0.0,0.99,8,exponential
q_learning,shaped_eps-exponential_seed3,shaped,3,4a77b6e251,2590,178,84.59999999999991,95.72700000000003,0.05,0.15,47,success,1,1,0,0,46,3,0,2,1,49,1.7274012535841805,30.657754851234603,0.0,0.0,0.99,8,exponential
q_learning,shaped_eps-exponential_seed3,shaped,3,4a77b6e251,2591,176,91.69999999999996,95.726,0.05,0.15,49,success,1,1,0,0,34,4,0,6,1,40,1.086969645309531,11.252144565850486,0.0,0.0,0.99,8,exponential
q_learning,shaped_eps-exponential_seed3,shaped,3,4a77b6e251,2592,176,95.70000000000002,95.64700000000002,0.05,0.15,49,success,1,1,0,0,40,2,0,4,1,30,1.3194742462941123,27.992886092069885,0.0,0.0,0.99,8,exponential
q_learning,shaped_eps-exponential_seed3,shaped,3,4a77b6e251,2593,180,93.5,95.41650000000001,0.05,0.15,45,success,1,1,0,0,42,2,0,4,1,38,1.4294990187397778,37.720811943969295,0.0,0.0,0.99,8,exponential
q_learning,shaped_eps-exponential_seed3,shaped,3,4a77b6e251,2594,179,98.55000000000001,95.345,0.05,0.15,46,success,1,1,0,0,37,2,0,5,1,36,1.2197456007685483,24.13219202009551,0.0,0.0,0.99,8,exponential
q_learning,shaped_eps-exponential_seed3,shaped,3,4a77b6e251,2595,174,95.80000000000001,95.22499999999998,0.05,0.15,51,success,1,1,0,0,40,2,0,3,1,40,1.0388210818793138,12.05398774252268,0.0,0.0,0.99,8,exponential
q_learning,shaped_eps-exponential_seed3,shaped,3,4a77b6e251,2596,174,91.8,95.27599999999997,0.05,0.15,51,success,1,1,0,0,34,4,0,2,1,38,1.1957680792129033,10.83880916765979,0.0,0.0,0.99,8,exponential
q_learning,shaped_eps-exponential_seed3,shaped,3,4a77b6e251,2597,179,98.55,95.27549999999998,0.05,0.15,46,success,1,1,0,0,37,2,0,5,1,42,1.4630203514772142,42.01363166111684,0.0,0.0,0.99,8,exponential
q_learning,shaped_eps-exponential_seed3,shaped,3,4a77b6e251,2598,174,90.79999999999997,95.35599999999997,0.05,0.15,51,success,1,1,0,0,40,3,0,5,1,30,1.2096303647911413,22.6301158275896,0.0,0.0,0.99,8,exponential
q_learning,shaped_eps-exponential_seed3,shaped,3,4a77b6e251,2599,174,109.80000000000001,95.50599999999994,0.05,0.15,51,success,1,1,0,0,26,2,0,3,1,32,0.996894431494823,10.854052723677313,0.0,0.0,0.99,8,exponential
q_learning,shaped_eps-exponential_seed3,shaped,3,4a77b6e251,2600,175,99.75,95.60749999999996,0.05,0.15,50,success,1,1,0,0,31,3,0,9,1,32,1.105008512212543,9.960518487320272,0.0,0.0,0.99,8,exponential
q_learning,shaped_eps-exponential_seed3,shaped,3,4a77b6e251,2601,174,101.80000000000001,95.45799999999997,0.05,0.15,51,success,1,1,0,0,34,2,0,3,1,30,1.2354881947744505,27.51184528449714,0.0,0.0,0.99,8,exponential
q_learning,shaped_eps-exponential_seed3,shaped,3,4a77b6e251,2602,176,100.70000000000002,95.43699999999997,0.05,0.15,49,success,1,1,0,0,30,3,0,7,1,27,1.1127334519312833,18.82180663997344,0.0,0.0,0.99,8,exponential
q_learning,shaped_eps-exponential_seed3,shaped,3,4a77b6e251,2603,174,91.79999999999995,95.42849999999999,0.05,0.15,51,success,1,1,0,0,34,4,0,7,1,33,1.1158976972682766,12.33273414601635,0.0,0.0,0.99,8,exponential
q_learning,shaped_eps-exponential_seed3,shaped,3,4a77b6e251,2604,178,86.59999999999998,95.29699999999998,0.05,0.15,47,success,1,1,0,0,44,3,0,5,1,41,1.196886642528427,22.99677798758668,0.0,0.0,0.99,8,exponential
q_learning,shaped_eps-exponential_seed3,shaped,3,4a77b6e251,2605,179,95.55000000000001,95.31899999999997,0.05,0.15,46,success,1,1,0,0,35,3,0,6,1,40,1.2519647010155166,28.264044065965678,0.0,0.0,0.99,8,exponential
q_learning,shaped_eps-exponential_seed3,shaped,3,4a77b6e251,2606,176,102.70000000000002,95.36799999999998,0.05,0.15,49,success,1,1,0,0,28,3,0,6,1,33,1.0861425641587177,13.476542900041693,0.0,0.0,0.99,8,exponential
q_learning,shaped_eps-exponential_seed3,shaped,3,4a77b6e251,2607,177,101.65,95.3575,0.05,0.15,48,success,1,1,0,0,29,3,0,7,1,34,1.1788136544350796,23.477318765324746,0.0,0.0,0.99,8,exponential
q_learning,shaped_eps-exponential_seed3,shaped,3,4a77b6e251,2608,177,82.64999999999993,95.42699999999996,0.05,0.15,48,success,1,1,0,0,33,6,0,2,1,37,1.482087102541351,23.32091829006452,0.0,0.0,0.99,8,exponential
q_learning,shaped_eps-exponential_seed3,shaped,3,4a77b6e251,2609,178,73.6,95.21799999999999,0.05,0.15,47,success,1,1,0,0,42,6,0,1,1,43,1.1897523518054367,13.550289854063152,0.0,0.0,0.99,8,exponential
q_learning,shaped_eps-exponential_seed3,shaped,3,4a77b6e251,2610,167,88.14999999999998,95.08349999999999,0.05,0.15,58,success,1,1,0,0,33,5,0,1,1,30,1.506385216418743,19.882879706884836,0.0,0.0,0.99,8,exponential
q_learning,shaped_eps-exponential_seed3,shaped,3,4a77b6e251,2611,179,92.55000000000001,95.002,0.05,0.15,46,success,1,1,0,0,43,2,0,4,1,39,1.2886179011694188,30.29775032592363,0.0,0.0,0.99,8,exponential
q_learning,shaped_eps-exponential_seed3,shaped,3,4a77b6e251,2612,182,107.39999999999998,95.19799999999998,0.05,0.15,43,success,1,1,0,0,28,2,0,3,1,28,0.9467953937689512,9.920914465213812,0.0,0.0,0.99,8,exponential
q_learning,shaped_eps-exponential_seed3,shaped,3,4a77b6e251,2613,179,96.55,95.38099999999999,0.05,0.15,46,success,1,1,0,0,39,2,0,2,1,39,1.2096149496282884,20.68938850106239,0.0,0.0,0.99,8,exponential
q_learning,shaped_eps-exponential_seed3,shaped,3,4a77b6e251,2614,176,102.70000000000002,95.45349999999996,0.05,0.15,49,success,1,1,0,0,28,3,0,1,1,30,1.073588799800352,22.608233870059756,0.0,0.0,0.99,8,exponential
q_learning,shaped_eps-exponential_seed3,shaped,3,4a77b6e251,2615,175,98.75000000000001,95.9835,0.05,0.15,50,success,1,1,0,0,37,2,0,2,1,37,1.0029376267586643,13.10444471348012,0.0,0.0,0.99,8,exponential
q_learning,shaped_eps-exponential_seed3,shaped,3,4a77b6e251,2616,174,98.80000000000001,96.23449999999997,0.05,0.15,51,success,1,1,0,0,32,3,0,1,1,32,1.0584027349243992,14.38056800769327,0.0,0.0,0.99,8,exponential
q_learning,shaped_eps-exponential_seed3,shaped,3,4a77b6e251,2617,186,98.20000000000002,96.2285,0.05,0.15,39,success,1,1,0,0,32,3,0,10,1,40,1.432921412464928,30.066100184566515,0.0,0.0,0.99,8,exponential
q_learning,shaped_eps-exponential_seed3,shaped,3,4a77b6e251,2618,174,86.79999999999993,96.04899999999998,0.05,0.15,51,success,1,1,0,0,34,5,0,5,1,30,1.3101225040680398,20.598021798385698,0.0,0.0,0.99,8,exponential
q_learning,shaped_eps-exponential_seed3,shaped,3,4a77b6e251,2619,179,96.55000000000001,95.87749999999998,0.05,0.15,46,success,1,1,0,0,29,4,0,5,1,27,1.2487433719217924,32.62240623711118,0.0,0.0,0.99,8,exponential
q_learning,shaped_eps-exponential_seed3,shaped,3,4a77b6e251,2620,177,98.65,95.98749999999998,0.05,0.15,48,success,1,1,0,0,37,2,0,2,1,38,0.9823596527773809,14.173665035644902,0.0,0.0,0.99,8,exponential
q_learning,shaped_eps-exponential_seed3,shaped,3,4a77b6e251,2621,174,99.80000000000001,95.95749999999997,0.05,0.15,51,success,1,1,0,0,36,2,0,1,1,32,1.9462145822645207,50.760790407597455,0.0,0.0,0.99,8,exponential
q_learning,shaped_eps-exponential_seed3,shaped,3,4a77b6e251,2622,172,109.89999999999998,95.91849999999997,0.05,0.15,53,success,1,1,0,0,26,2,0,2,1,28,2.0643267583056786,37.24130348578553,0.0,0.0,0.99,8,exponential
q_learning,shaped_eps-exponential_seed3,shaped,3,4a77b6e251,2623,175,102.75000000000001,95.94799999999998,0.05,0.15,50,success,1,1,0,0,33,2,0,3,1,30,1.1890401813144387,28.159148911391945,0.0,0.0,0.99,8,exponential
q_learning,shaped_eps-exponential_seed3,shaped,3,4a77b6e251,2624,178,90.60000000000001,95.82249999999998,0.05,0.15,47,success,1,1,0,0,40,3,0,4,1,32,1.1080640619148092,15.278027545036515,0.0,0.0,0.99,8,exponential
q_learning,shaped_eps-exponential_seed3,shaped,3,4a77b6e251,2625,176,94.70000000000002,95.7525,0.05,0.15,49,success,1,1,0,0,36,3,0,6,1,42,1.1327496625500795,13.69519062501255,0.0,0.0,0.99,8,exponential
q_learning,shaped_eps-exponential_seed3,shaped,3,4a77b6e251,2626,174,99.80000000000001,95.773,0.05,0.15,51,success,1,1,0,0,36,2,0,3,1,38,1.082680648219251,18.00747751424428,0.0,0.0,0.99,8,exponential
q_learning,shaped_eps-exponential_seed3,shaped,3,4a77b6e251,2627,185,91.25,95.73100000000001,0.05,0.15,40,success,1,1,0,0,39,3,0,5,1,43,1.3342809626532086,40.787689642721816,0.0,0.0,0.99,8,exponential
q_learning,shaped_eps-exponential_seed3,shaped,3,4a77b6e251,2628,176,101.7,95.72,0.05,0.15,49,success,1,1,0,0,34,2,0,7,1,34,0.9863952887006416,14.785254643971555,0.0,0.0,0.99,8,exponential
q_learning,shaped_eps-exponential_seed3,shaped,3,4a77b6e251,2629,178,97.60000000000001,95.7285,0.05,0.15,47,success,1,1,0,0,28,4,0,5,1,29,1.2141726760367864,13.707524136339188,0.0,0.0,0.99,8,exponential
q_learning,shaped_eps-exponential_seed3,shaped,3,4a77b6e251,2630,175,97.75,95.653,0.05,0.15,50,success,1,1,0,0,33,3,0,3,1,38,1.3442455633811812,38.54100296550973,0.0,0.0,0.99,8,exponential
q_learning,shaped_eps-exponential_seed3,shaped,3,4a77b6e251,2631,172,109.9,95.76650000000001,0.05,0.15,53,success,1,1,0,0,26,2,0,4,1,25,1.1049061766203467,21.817816487939325,0.0,0.0,0.99,8,exponential
q_learning,shaped_eps-exponential_seed3,shaped,3,4a77b6e251,2632,177,110.64999999999998,96.03699999999999,0.05,0.15,48,success,1,1,0,0,25,2,0,8,1,30,1.005531530963679,13.718689457329099,0.0,0.0,0.99,8,exponential
q_learning,shaped_eps-exponential_seed3,shaped,3,4a77b6e251,2633,176,91.7,95.916,0.05,0.15,49,success,1,1,0,0,34,4,0,2,1,29,1.1312642669022959,21.168533666563352,0.0,0.0,0.99,8,exponential
q_learning,shaped_eps-exponential_seed3,shaped,3,4a77b6e251,2634,175,85.74999999999994,95.9755,0.05,0.15,50,success,1,1,0,0,35,5,0,7,1,39,1.2184538538217116,18.889749048494597,0.0,0.0,0.99,8,exponential
q_learning,shaped_eps-exponential_seed3,shaped,3,4a77b6e251,2635,181,97.45,96.02500000000002,0.05,0.15,44,success,1,1,0,0,33,3,0,5,1,34,1.5388927245631947,29.493743678253207,0.0,0.0,0.99,8,exponential
q_learning,shaped_eps-exponential_seed3,shaped,3,4a77b6e251,2636,176,93.7,96.02600000000002,0.05,0.15,49,success,1,1,0,0,42,2,0,4,1,38,1.149383200330867,27.409198685204192,0.0,0.0,0.99,8,exponential
q_learning,shaped_eps-exponential_seed3,shaped,3,4a77b6e251,2637,170,96.00000000000001,96.08750000000002,0.05,0.15,55,success,1,1,0,0,40,2,0,1,1,31,1.2936077936154668,13.371520669878194,0.0,0.0,0.99,8,exponential
q_learning,shaped_eps-exponential_seed3,shaped,3,4a77b6e251,2638,170,97.00000000000001,96.13000000000002,0.05,0.15,55,success,1,1,0,0,34,3,0,1,1,37,1.1903919476215725,13.029374149446049,0.0,0.0,0.99,8,exponential
q_learning,shaped_eps-exponential_seed3,shaped,3,4a77b6e251,2639,175,90.74999999999997,96.13300000000001,0.05,0.15,50,success,1,1,0,0,45,2,0,2,1,49,1.5713455913632532,41.240844650276564,0.0,0.0,0.99,8,exponential
q_learning,shaped_eps-exponential_seed3,shaped,3,4a77b6e251,2640,174,90.79999999999997,96.01299999999999,0.05,0.15,51,success,1,1,0,0,40,3,0,2,1,34,1.2710226256887422,17.49728838108669,0.0,0.0,0.99,8,exponential
q_learning,shaped_eps-exponential_seed3,shaped,3,4a77b6e251,2641,180,95.50000000000003,96.05349999999999,0.05,0.15,45,success,1,1,0,0,30,4,0,4,1,37,1.1706141629494113,14.215398215510817,0.0,0.0,0.99,8,exponential
q_learning,shaped_eps-exponential_seed3,shaped,3,4a77b6e251,2642,172,92.89999999999995,95.88549999999998,0.05,0.15,53,success,1,1,0,0,38,3,0,1,1,37,1.5223511777970216,81.98693079903597,0.0,0.0,0.99,8,exponential
q_learning,shaped_eps-exponential_seed3,shaped,3,4a77b6e251,2643,176,93.69999999999997,95.77499999999998,0.05,0.15,49,success,1,1,0,0,32,4,0,7,1,35,1.0481286615249923,13.711551049780255,0.0,0.0,0.99,8,exponential
q_learning,shaped_eps-exponential_seed3,shaped,3,4a77b6e251,2644,176,105.70000000000002,95.86399999999999,0.05,0.15,49,success,1,1,0,0,30,2,0,5,1,33,0.9226769192639265,11.831205695650624,0.0,0.0,0.99,8,exponential
q_learning,shaped_eps-exponential_seed3,shaped,3,4a77b6e251,2645,183,97.35000000000001,95.85,0.05,0.15,42,success,1,1,0,0,33,3,0,8,1,39,1.0705339742712052,13.766519084649971,0.0,0.0,0.99,8,exponential
q_learning,shaped_eps-exponential_seed3,shaped,3,4a77b6e251,2646,176,97.7,95.96950000000001,0.05,0.15,49,success,1,1,0,0,38,2,0,6,1,48,1.0554446445538481,12.696951537570143,0.0,0.0,0.99,8,exponential
q_learning,shaped_eps-exponential_seed3,shaped,3,4a77b6e251,2647,175,108.75,96.04950000000001,0.05,0.15,50,success,1,1,0,0,27,2,0,6,1,31,1.1313039242372893,21.141172654385425,0.0,0.0,0.99,8,exponential
q_learning,shaped_eps-exponential_seed3,shaped,3,4a77b6e251,2648,176,92.7,95.971,0.05,0.15,49,success,1,1,0,0,38,3,0,6,1,38,1.7635131167604534,46.37249361317806,0.0,0.0,0.99,8,exponential
q_learning,shaped_eps-exponential_seed3,shaped,3,4a77b6e251,2649,182,99.39999999999998,96.00800000000001,0.05,0.15,43,success,1,1,0,0,36,2,0,5,1,37,1.1385486352397254,15.140669207252174,0.0,0.0,0.99,8,exponential
q_learning,shaped_eps-exponential_seed3,shaped,3,4a77b6e251,2650,178,90.6,95.896,0.05,0.15,47,success,1,1,0,0,40,3,0,4,1,42,1.3329865550763067,54.72112539041528,0.0,0.0,0.99,8,exponential
q_learning,shaped_eps-exponential_seed3,shaped,3,4a77b6e251,2651,175,102.75000000000001,96.00200000000001,0.05,0.15,50,success,1,1,0,0,33,2,0,6,1,38,1.0351467099302614,12.370132830497639,0.0,0.0,0.99,8,exponential
q_learning,shaped_eps-exponential_seed3,shaped,3,4a77b6e251,2652,179,94.55000000000003,95.942,0.05,0.15,46,success,1,1,0,0,41,2,0,4,1,44,1.1085671150062173,13.135820664911705,0.0,0.0,0.99,8,exponential
q_learning,shaped_eps-exponential_seed3,shaped,3,4a77b6e251,2653,186,91.2,95.83149999999999,0.05,0.15,39,success,1,1,0,0,34,4,0,1,1,41,1.3240362607979603,46.26552983078949,0.0,0.0,0.99,8,exponential
q_learning,shaped_eps-exponential_seed3,shaped,3,4a77b6e251,2654,174,93.79999999999998,95.93349999999998,0.05,0.15,51,success,1,1,0,0,32,4,0,6,1,37,1.1039545668055415,11.888976671624548,0.0,0.0,0.99,8,exponential
q_learning,shaped_eps-exponential_seed3,shaped,3,4a77b6e251,2655,175,80.74999999999996,95.74349999999998,0.05,0.15,50,success,1,1,0,0,35,6,0,6,1,38,1.1266790191380436,12.99986938457566,0.0,0.0,0.99,8,exponential
q_learning,shaped_eps-exponential_seed3,shaped,3,4a77b6e251,2656,176,97.7,95.633,0.05,0.15,49,success,1,1,0,0,38,2,0,4,1,41,1.212247381457137,21.810778097811486,0.0,0.0,0.99,8,exponential
q_learning,shaped_eps-exponential_seed3,shaped,3,4a77b6e251,2657,175,97.75000000000001,95.53150000000001,0.05,0.15,50,success,1,1,0,0,33,3,0,5,1,27,0.9885463200750918,10.656583323228986,0.0,0.0,0.99,8,exponential
q_learning,shaped_eps-exponential_seed3,shaped,3,4a77b6e251,2658,176,96.70000000000002,95.59150000000001,0.05,0.15,49,success,1,1,0,0,34,3,0,4,1,35,1.6092366175392312,44.97204139914902,0.0,0.0,0.99,8,exponential
q_learning,shaped_eps-exponential_seed3,shaped,3,4a77b6e251,2659,175,96.74999999999999,95.70350000000002,0.05,0.15,50,success,1,1,0,0,39,2,0,5,1,39,1.016975534801223,12.413897965052701,0.0,0.0,0.99,8,exponential
q_learning,shaped_eps-exponential_seed3,shaped,3,4a77b6e251,2660,176,99.70000000000002,95.7225,0.05,0.15,49,success,1,1,0,0,36,2,0,3,1,40,0.9663845231889467,11.673103938658883,0.0,0.0,0.99,8,exponential
q_learning,shaped_eps-exponential_seed3,shaped,3,4a77b6e251,2661,179,83.54999999999994,95.51450000000001,0.05,0.15,46,success,1,1,0,0,47,3,0,3,1,49,1.5492649611605922,46.01893163729221,0.0,0.0,0.99,8,exponential
q_learning,shaped_eps-exponential_seed3,shaped,3,4a77b6e251,2662,176,79.69999999999993,95.3125,0.05,0.15,49,success,1,1,0,0,46,4,0,2,1,34,1.7695818491028386,45.527798347664444,0.0,0.0,0.99,8,exponential
q_learning,shaped_eps-exponential_seed3,shaped,3,4a77b6e251,2663,180,90.49999999999996,95.19050000000001,0.05,0.15,45,success,1,1,0,0,40,3,0,6,1,36,1.3217170694299663,18.299450570722954,0.0,0.0,0.99,8,exponential
q_learning,shaped_eps-exponential_seed3,shaped,3,4a77b6e251,2664,178,103.60000000000001,95.16950000000001,0.05,0.15,47,success,1,1,0,0,32,2,0,4,1,37,1.411360218966705,44.554399014145325,0.0,0.0,0.99,8,exponential
q_learning,shaped_eps-exponential_seed3,shaped,3,4a77b6e251,2665,175,100.75000000000001,95.40900000000002,0.05,0.15,50,success,1,1,0,0,35,2,0,2,1,37,1.2747102134194892,22.722115290133107,0.0,0.0,0.99,8,exponential
q_learning,shaped_eps-exponential_seed3,shaped,3,4a77b6e251,2666,186,91.2,95.32400000000001,0.05,0.15,39,success,1,1,0,0,44,2,0,1,1,41,1.1093523018123082,9.780659974887719,0.0,0.0,0.99,8,exponential
q_learning,shaped_eps-exponential_seed3,shaped,3,4a77b6e251,2667,190,81.99999999999994,95.16000000000003,0.05,0.15,35,success,1,1,0,0,48,3,0,1,1,39,2.8360359479509754,44.965716698902526,0.0,0.0,0.99,8,exponential
q_learning,shaped_eps-exponential_seed3,shaped,3,4a77b6e251,2668,191,97.95,95.29400000000001,0.05,0.15,34,success,1,1,0,0,37,2,0,1,1,28,1.6192187622190564,49.35620765703274,0.0,0.0,0.99,8,exponential
q_learning,shaped_eps-exponential_seed3,shaped,3,4a77b6e251,2669,187,77.14999999999993,95.11399999999999,0.05,0.15,38,success,1,1,0,0,53,3,0,1,1,38,1.6822633353192402,40.66361739997945,0.0,0.0,0.99,8,exponential
q_learning,shaped_eps-exponential_seed3,shaped,3,4a77b6e251,2670,183,80.34999999999995,95.131,0.05,0.15,42,success,1,1,0,0,45,4,0,1,1,32,1.4169695130682,38.07129341310722,0.0,0.0,0.99,8,exponential
q_learning,shaped_eps-exponential_seed3,shaped,3,4a77b6e251,2671,183,84.34999999999995,94.93950000000002,0.05,0.15,42,success,1,1,0,0,51,2,0,1,1,42,1.1196147703072719,9.99063603267259,0.0,0.0,0.99,8,exponential
q_learning,shaped_eps-exponential_seed3,shaped,3,4a77b6e251,2672,176,100.7,94.91900000000001,0.05,0.15,49,success,1,1,0,0,30,3,0,3,1,32,1.340113944618106,49.96945544063585,0.0,0.0,0.99,8,exponential
q_learning,shaped_eps-exponential_seed3,shaped,3,4a77b6e251,2673,178,93.6,94.89750000000002,0.05,0.15,47,success,1,1,0,0,42,2,0,4,1,32,1.5388572517469754,29.013095548972444,0.0,0.0,0.99,8,exponential
q_learning,shaped_eps-exponential_seed3,shaped,3,4a77b6e251,2674,179,87.54999999999994,94.7775,0.05,0.15,46,success,1,1,0,0,43,3,0,3,1,43,1.5909313626281887,37.605926508642845,0.0,0.0,0.99,8,exponential
q_learning,shaped_eps-exponential_seed3,shaped,3,4a77b6e251,2675,185,73.24999999999997,94.44250000000002,0.05,0.15,40,success,1,1,0,0,37,7,0,1,1,39,2.0306081341512874,35.427683580091056,0.0,0.0,0.99,8,exponential
q_learning,shaped_eps-exponential_seed3,shaped,3,4a77b6e251,2676,172,103.9,94.5975,0.05,0.15,53,success,1,1,0,0,32,2,0,4,1,41,2.1533654286028594,52.60376206853873,0.0,0.0,0.99,8,exponential
q_learning,shaped_eps-exponential_seed3,shaped,3,4a77b6e251,2677,186,87.19999999999995,94.43350000000001,0.05,0.15,39,success,1,1,0,0,38,4,0,1,1,35,2.3128591392429603,41.3342991725646,0.0,0.0,0.99,8,exponential
q_learning,shaped_eps-exponential_seed3,shaped,3,4a77b6e251,2678,177,97.65,94.443,0.05,0.15,48,success,1,1,0,0,33,3,0,3,1,29,2.012438099437744,44.9968316640861,0.0,0.0,0.99,8,exponential
q_learning,shaped_eps-exponential_seed3,shaped,3,4a77b6e251,2679,178,85.59999999999997,94.32350000000001,0.05,0.15,47,success,1,1,0,0,40,4,0,2,1,34,1.661123492096392,37.834153532738384,0.0,0.0,0.99,8,exponential
q_learning,shaped_eps-exponential_seed3,shaped,3,4a77b6e251,2680,175,92.74999999999997,94.21300000000001,0.05,0.15,50,success,1,1,0,0,43,2,0,5,1,25,1.7117041401302089,44.74703740287115,0.0,0.0,0.99,8,exponential
q_learning,shaped_eps-exponential_seed3,shaped,3,4a77b6e251,2681,178,97.60000000000001,94.6025,0.05,0.15,47,success,1,1,0,0,38,2,0,4,1,35,1.476423827450387,42.37558405281326,0.0,0.0,0.99,8,exponential
q_learning,shaped_eps-exponential_seed3,shaped,3,4a77b6e251,2682,177,84.64999999999996,94.5115,0.05,0.15,48,success,1,1,0,0,41,4,0,4,1,25,1.6085963676054482,30.64345897097106,0.0,0.0,0.99,8,exponential
q_learning,shaped_eps-exponential_seed3,shaped,3,4a77b6e251,2683,181,88.44999999999996,94.42049999999999,0.05,0.15,44,success,1,1,0,0,37,4,0,4,1,36,1.95506736843343,59.18864129860734,0.0,0.0,0.99,8,exponential
q_learning,shaped_eps-exponential_seed3,shaped,3,4a77b6e251,2684,174,93.79999999999995,94.37200000000001,0.05,0.15,51,success,1,1,0,0,32,4,0,4,1,31,1.782463149987393,50.7391210058924,0.0,0.0,0.99,8,exponential
q_learning,shaped_eps-exponential_seed3,shaped,3,4a77b6e251,2685,175,104.75000000000003,94.65449999999998,0.05,0.15,50,success,1,1,0,0,31,2,0,3,1,29,1.0892540293966906,9.038723343892713,0.0,0.0,0.99,8,exponential
q_learning,shaped_eps-exponential_seed3,shaped,3,4a77b6e251,2686,175,70.75000000000014,94.48599999999999,0.05,0.15,50,success,1,1,0,0,45,6,0,2,1,34,2.315023682379378,47.81626504094253,0.0,0.0,0.99,8,exponential
q_learning,shaped_eps-exponential_seed3,shaped,3,4a77b6e251,2687,178,81.59999999999995,94.36499999999998,0.05,0.15,47,success,1,1,0,0,44,4,0,5,1,36,1.760194785838476,51.5030734750367,0.0,0.0,0.99,8,exponential
q_learning,shaped_eps-exponential_seed3,shaped,3,4a77b6e251,2688,177,98.64999999999999,94.43450000000001,0.05,0.15,48,success,1,1,0,0,37,2,0,5,1,33,1.5367251440622915,38.22430603338864,0.0,0.0,0.99,8,exponential
q_learning,shaped_eps-exponential_seed3,shaped,3,4a77b6e251,2689,178,89.6,94.3135,0.05,0.15,47,success,1,1,0,0,46,2,0,3,1,36,1.3778980230498215,19.77357953498239,0.0,0.0,0.99,8,exponential
q_learning,shaped_eps-exponential_seed3,shaped,3,4a77b6e251,2690,178,109.60000000000001,94.5635,0.05,0.15,47,success,1,1,0,0,26,2,0,1,1,26,2.1281285481163605,40.19959639912991,0.0,0.0,0.99,8,exponential
q_learning,shaped_eps-exponential_seed3,shaped,3,4a77b6e251,2691,174,96.79999999999995,94.61449999999999,0.05,0.15,51,success,1,1,0,0,34,3,0,2,1,34,1.7042846977228527,38.824786402730055,0.0,0.0,0.99,8,exponential
q_learning,shaped_eps-exponential_seed3,shaped,3,4a77b6e251,2692,183,61.35000000000009,94.271,0.05,0.15,42,success,1,1,0,0,59,5,0,1,1,37,2.0751006588056287,44.03041549381731,0.0,0.0,0.99,8,exponential
q_learning,shaped_eps-exponential_seed3,shaped,3,4a77b6e251,2693,175,81.74999999999994,94.15349999999998,0.05,0.15,50,success,1,1,0,0,49,3,0,1,1,36,2.2870720330552086,40.1156442287279,0.0,0.0,0.99,8,exponential
q_learning,shaped_eps-exponential_seed3,shaped,3,4a77b6e251,2694,171,87.94999999999996,94.04750000000001,0.05,0.15,54,success,1,1,0,0,43,3,0,3,1,31,1.363296609764966,18.80189818168286,0.0,0.0,0.99,8,exponential
q_learning,shaped_eps-exponential_seed3,shaped,3,4a77b6e251,2695,175,89.74999999999996,93.98700000000001,0.05,0.15,50,success,1,1,0,0,41,3,0,2,1,24,1.41330685676632,17.570528351182105,0.0,0.0,0.99,8,exponential
q_learning,shaped_eps-exponential_seed3,shaped,3,4a77b6e251,2696,192,84.89999999999995,93.918,0.05,0.15,33,success,1,1,0,0,40,4,0,1,1,39,4.08459875465608,68.77402361603617,0.0,0.0,0.99,8,exponential
q_learning,shaped_eps-exponential_seed3,shaped,3,4a77b6e251,2697,175,75.74999999999993,93.69,0.05,0.15,50,success,1,1,0,0,45,5,0,4,1,37,1.2462971773292222,10.18187050332159,0.0,0.0,0.99,8,exponential
q_learning,shaped_eps-exponential_seed3,shaped,3,4a77b6e251,2698,176,89.69999999999997,93.67900000000002,0.05,0.15,49,success,1,1,0,0,46,2,0,6,1,41,1.2339985934433224,15.42665507863749,0.0,0.0,0.99,8,exponential
q_learning,shaped_eps-exponential_seed3,shaped,3,4a77b6e251,2699,184,93.29999999999997,93.514,0.05,0.15,41,success,1,1,0,0,42,2,0,1,1,37,2.286411451461559,61.256058119628534,0.0,0.0,0.99,8,exponential
q_learning,shaped_eps-exponential_seed3,shaped,3,4a77b6e251,2700,175,86.74999999999997,93.384,0.05,0.15,50,success,1,1,0,0,39,4,0,6,1,40,1.2799662556524454,8.756007826278626,0.0,0.0,0.99,8,exponential
q_learning,shaped_eps-exponential_seed3,shaped,3,4a77b6e251,2701,190,88.99999999999994,93.256,0.05,0.15,35,success,1,1,0,0,36,4,0,1,1,38,2.193086862015232,46.8323764373126,0.0,0.0,0.99,8,exponential
q_learning,shaped_eps-exponential_seed3,shaped,3,4a77b6e251,2702,196,80.69999999999993,93.056,0.05,0.15,29,success,1,1,0,0,44,4,0,1,1,43,2.9813808206489987,54.69091680105834,0.0,0.0,0.99,8,exponential
q_learning,shaped_eps-exponential_seed3,shaped,3,4a77b6e251,2703,186,89.19999999999995,93.03000000000002,0.05,0.15,39,success,1,1,0,0,46,2,0,1,1,46,3.0548862279792455,49.03371252474611,0.0,0.0,0.99,8,exponential
q_learning,shaped_eps-exponential_seed3,shaped,3,4a77b6e251,2704,179,96.54999999999997,93.12950000000001,0.05,0.15,46,success,1,1,0,0,39,2,0,2,1,32,2.1382165132162396,46.801596729219604,0.0,0.0,0.99,8,exponential
q_learning,shaped_eps-exponential_seed3,shaped,3,4a77b6e251,2705,181,96.44999999999997,93.13850000000002,0.05,0.15,44,success,1,1,0,0,39,2,0,1,1,35,2.6379435186074547,46.849295648898064,0.0,0.0,0.99,8,exponential
q_learning,shaped_eps-exponential_seed3,shaped,3,4a77b6e251,2706,182,89.39999999999995,93.0055,0.05,0.15,43,success,1,1,0,0,46,2,0,1,1,34,2.2516892988116006,43.44931669157843,0.0,0.0,0.99,8,exponential
q_learning,shaped_eps-exponential_seed3,shaped,3,4a77b6e251,2707,191,78.94999999999993,92.77850000000001,0.05,0.15,34,success,1,1,0,0,41,5,0,1,1,43,2.554002765798255,52.01268704047925,0.0,0.0,0.99,8,exponential
q_learning,shaped_eps-exponential_seed3,shaped,3,4a77b6e251,2708,184,93.29999999999995,92.885,0.05,0.15,41,success,1,1,0,0,42,2,0,1,1,35,1.9650615157257032,39.693541430053415,0.0,0.0,0.99,8,exponential
q_learning,shaped_eps-exponential_seed3,shaped,3,4a77b6e251,2709,177,69.65000000000018,92.84549999999999,0.05,0.15,48,success,1,1,0,0,41,7,0,1,1,35,2.5147349847971228,41.95639979554549,0.0,0.0,0.99,8,exponential
q_learning,shaped_eps-exponential_seed3,shaped,3,4a77b6e251,2710,200,73.49999999999994,92.69899999999998,0.05,0.15,25,success,1,1,0,0,46,5,0,1,1,50,3.723192613385215,78.56326145848931,0.0,0.0,0.99,8,exponential
q_learning,shaped_eps-exponential_seed3,shaped,3,4a77b6e251,2711,178,83.59999999999994,92.60949999999997,0.05,0.15,47,success,1,1,0,0,42,4,0,1,1,33,2.4235449113175997,60.21979350080866,0.0,0.0,0.99,8,exponential
q_learning,shaped_eps-exponential_seed3,shaped,3,4a77b6e251,2712,177,90.64999999999995,92.442,0.05,0.15,48,success,1,1,0,0,45,2,0,1,1,32,2.1670429689684663,33.54351905871029,0.0,0.0,0.99,8,exponential
q_learning,shaped_eps-exponential_seed3,shaped,3,4a77b6e251,2713,179,80.54999999999995,92.28199999999997,0.05,0.15,46,success,1,1,0,0,55,2,0,1,1,33,1.7680910456143206,29.701052812184642,0.0,0.0,0.99,8,exponential
q_learning,shaped_eps-exponential_seed3,shaped,3,4a77b6e251,2714,180,92.5,92.17999999999998,0.05,0.15,45,success,1,1,0,0,38,3,0,1,1,44,1.48448186889129,12.24585639047892,0.0,0.0,0.99,8,exponential
q_learning,shaped_eps-exponential_seed3,shaped,3,4a77b6e251,2715,177,87.64999999999995,92.06899999999997,0.05,0.15,48,success,1,1,0,0,43,3,0,6,1,33,1.482409818201832,14.323560610704149,0.0,0.0,0.99,8,exponential
q_learning,shaped_eps-exponential_seed3,shaped,3,4a77b6e251,2716,177,100.65,92.08749999999996,0.05,0.15,48,success,1,1,0,0,35,2,0,5,1,25,1.3288973787742029,24.57128886353165,0.0,0.0,0.99,8,exponential
q_learning,shaped_eps-exponential_seed3,shaped,3,4a77b6e251,2717,178,95.60000000000001,92.06149999999998,0.05,0.15,47,success,1,1,0,0,40,2,0,5,1,36,1.1778628782923026,8.714396039853412,0.0,0.0,0.99,8,exponential
q_learning,shaped_eps-exponential_seed3,shaped,3,4a77b6e251,2718,169,80.04999999999995,91.99399999999997,0.05,0.15,56,success,1,1,0,0,51,3,0,1,1,33,1.33568679266552,17.330437118062022,0.0,0.0,0.99,8,exponential
q_learning,shaped_eps-exponential_seed3,shaped,3,4a77b6e251,2719,174,98.80000000000001,92.01649999999998,0.05,0.15,51,success,1,1,0,0,32,3,0,6,1,32,1.3190208131865095,21.422649072268317,0.0,0.0,0.99,8,exponential
q_learning,shaped_eps-exponential_seed3,shaped,3,4a77b6e251,2720,187,99.15,92.02149999999997,0.05,0.15,38,success,1,1,0,0,31,3,0,5,1,37,1.313308533093072,9.366093457965697,0.0,0.0,0.99,8,exponential
q_learning,shaped_eps-exponential_seed3,shaped,3,4a77b6e251,2721,173,106.85000000000001,92.09199999999997,0.05,0.15,52,success,1,1,0,0,29,2,0,1,1,37,1.5131493281155175,17.302502574684127,0.0,0.0,0.99,8,exponential
q_learning,shaped_eps-exponential_seed3,shaped,3,4a77b6e251,2722,182,103.40000000000002,92.02699999999997,0.05,0.15,43,success,1,1,0,0,32,2,0,5,1,37,1.1742778052397904,9.104813483136468,0.0,0.0,0.99,8,exponential
q_learning,shaped_eps-exponential_seed3,shaped,3,4a77b6e251,2723,171,91.94999999999996,91.919,0.05,0.15,54,success,1,1,0,0,29,5,0,4,1,35,1.2722551952781693,14.921897302790171,0.0,0.0,0.99,8,exponential
q_learning,shaped_eps-exponential_seed3,shaped,3,4a77b6e251,2724,187,52.150000000000254,91.5345,0.05,0.15,38,success,1,1,0,0,33,12,0,1,1,29,2.3517665717803307,50.39141575890839,0.0,0.0,0.99,8,exponential
q_learning,shaped_eps-exponential_seed3,shaped,3,4a77b6e251,2725,175,92.74999999999999,91.51499999999999,0.05,0.15,50,success,1,1,0,0,33,4,0,4,1,34,1.2155620322397855,10.324406535664622,0.0,0.0,0.99,8,exponential
q_learning,shaped_eps-exponential_seed3,shaped,3,4a77b6e251,2726,177,98.64999999999999,91.50349999999999,0.05,0.15,48,success,1,1,0,0,27,4,0,6,1,27,1.1832795909450136,10.027861265913913,0.0,0.0,0.99,8,exponential
q_learning,shaped_eps-exponential_seed3,shaped,3,4a77b6e251,2727,175,98.75,91.57849999999999,0.05,0.15,50,success,1,1,0,0,27,4,0,7,1,23,1.2414504164009943,24.036655908444175,0.0,0.0,0.99,8,exponential
q_learning,shaped_eps-exponential_seed3,shaped,3,4a77b6e251,2728,175,88.74999999999994,91.449,0.05,0.15,50,success,1,1,0,0,37,4,0,5,1,34,1.2863055463643238,9.024901295756663,0.0,0.0,0.99,8,exponential
q_learning,shaped_eps-exponential_seed3,shaped,3,4a77b6e251,2729,175,88.74999999999999,91.36049999999997,0.05,0.15,50,success,1,1,0,0,37,4,0,2,1,39,1.2956952168961478,13.43141074440885,0.0,0.0,0.99,8,exponential
q_learning,shaped_eps-exponential_seed3,shaped,3,4a77b6e251,2730,176,83.69999999999993,91.22,0.05,0.15,49,success,1,1,0,0,42,4,0,6,1,36,1.2493474866091652,9.76047554532228,0.0,0.0,0.99,8,exponential
q_learning,shaped_eps-exponential_seed3,shaped,3,4a77b6e251,2731,177,93.65000000000002,91.0575,0.05,0.15,48,success,1,1,0,0,37,3,0,5,1,43,1.1757755769978941,11.52593500052376,0.0,0.0,0.99,8,exponential
q_learning,shaped_eps-exponential_seed3,shaped,3,4a77b6e251,2732,177,110.64999999999999,91.0575,0.05,0.15,48,success,1,1,0,0,25,2,0,9,1,25,1.054081621036923,10.283536120099555,0.0,0.0,0.99,8,exponential
q_learning,shaped_eps-exponential_seed3,shaped,3,4a77b6e251,2733,176,95.70000000000002,91.0975,0.05,0.15,49,success,1,1,0,0,40,2,0,4,1,36,1.1434273335922562,9.391385328917352,0.0,0.0,0.99,8,exponential
q_learning,shaped_eps-exponential_seed3,shaped,3,4a77b6e251,2734,175,75.74999999999994,90.99749999999999,0.05,0.15,50,success,1,1,0,0,35,7,0,2,1,37,1.2878763453545425,10.552624477844347,0.0,0.0,0.99,8,exponential
q_learning,shaped_eps-exponential_seed3,shaped,3,4a77b6e251,2735,175,75.74999999999994,90.78050000000002,0.05,0.15,50,success,1,1,0,0,35,7,0,4,1,35,1.3292273606829372,11.995690651963486,0.0,0.0,0.99,8,exponential
q_learning,shaped_eps-exponential_seed3,shaped,3,4a77b6e251,2736,177,102.65,90.86999999999998,0.05,0.15,48,success,1,1,0,0,33,2,0,6,1,30,1.112209273769986,10.052991698507341,0.0,0.0,0.99,8,exponential
q_learning,shaped_eps-exponential_seed3,shaped,3,4a77b6e251,2737,175,92.74999999999994,90.83749999999998,0.05,0.15,50,success,1,1,0,0,33,4,0,7,1,31,1.109752885332484,9.816450773503249,0.0,0.0,0.99,8,exponential
q_learning,shaped_eps-exponential_seed3,shaped,3,4a77b6e251,2738,185,76.24999999999994,90.62999999999998,0.05,0.15,40,success,1,1,0,0,39,6,0,3,1,41,1.3188129263504023,18.350832706630946,0.0,0.0,0.99,8,exponential
q_learning,shaped_eps-exponential_seed3,shaped,3,4a77b6e251,2739,174,94.80000000000001,90.67049999999998,0.05,0.15,51,success,1,1,0,0,36,3,0,3,1,31,1.0320586096029982,11.492699262051644,0.0,0.0,0.99,8,exponential
q_learning,shaped_eps-exponential_seed3,shaped,3,4a77b6e251,2740,175,63.75000000000013,90.39999999999996,0.05,0.15,50,success,1,1,0,0,37,9,0,7,1,31,1.631295833435929,12.195621876602623,0.0,0.0,0.99,8,exponential
q_learning,shaped_eps-exponential_seed3,shaped,3,4a77b6e251,2741,181,80.44999999999993,90.24949999999997,0.05,0.15,44,success,1,1,0,0,45,4,0,1,1,48,1.5549849084458849,12.690782793773167,0.0,0.0,0.99,8,exponential
q_learning,shaped_eps-exponential_seed3,shaped,3,4a77b6e251,2742,175,110.75,90.428,0.05,0.15,50,success,1,1,0,0,25,2,0,4,1,35,1.1601030611879497,11.182343954699,0.0,0.0,0.99,8,exponential
q_learning,shaped_eps-exponential_seed3,shaped,3,4a77b6e251,2743,179,104.55000000000001,90.53649999999998,0.05,0.15,46,success,1,1,0,0,31,2,0,1,1,32,1.4692088607293121,29.866036093586803,0.0,0.0,0.99,8,exponential
q_learning,shaped_eps-exponential_seed3,shaped,3,4a77b6e251,2744,175,91.74999999999996,90.39699999999999,0.05,0.15,50,success,1,1,0,0,39,3,0,3,1,37,1.6643911578740374,25.15030620539464,0.0,0.0,0.99,8,exponential
q_learning,shaped_eps-exponential_seed3,shaped,3,4a77b6e251,2745,181,86.44999999999996,90.28799999999997,0.05,0.15,44,success,1,1,0,0,49,2,0,1,1,39,1.7449097942600125,46.867498430022394,0.0,0.0,0.99,8,exponential
q_learning,shaped_eps-exponential_seed3,shaped,3,4a77b6e251,2746,176,91.69999999999993,90.228,0.05,0.15,49,success,1,1,0,0,34,4,0,6,1,33,1.401452414645862,10.873425222878016,0.0,0.0,0.99,8,exponential
q_learning,shaped_eps-exponential_seed3,shaped,3,4a77b6e251,2747,175,100.75000000000001,90.148,0.05,0.15,50,success,1,1,0,0,35,2,0,5,1,34,1.0366481717503147,9.538439961778025,0.0,0.0,0.99,8,exponential
q_learning,shaped_eps-exponential_seed3,shaped,3,4a77b6e251,2748,174,100.80000000000001,90.22899999999998,0.05,0.15,51,success,1,1,0,0,30,3,0,3,1,35,1.1671129652653034,18.607643822113374,0.0,0.0,0.99,8,exponential
q_learning,shaped_eps-exponential_seed3,shaped,3,4a77b6e251,2749,175,102.75000000000001,90.26249999999999,0.05,0.15,50,success,1,1,0,0,33,2,0,6,1,31,1.2490837534700774,18.31661448441121,0.0,0.0,0.99,8,exponential
q_learning,shaped_eps-exponential_seed3,shaped,3,4a77b6e251,2750,176,101.7,90.37349999999998,0.05,0.15,49,success,1,1,0,0,34,2,0,3,1,32,1.3230785321759415,14.17897735782375,0.0,0.0,0.99,8,exponential
q_learning,shaped_eps-exponential_seed3,shaped,3,4a77b6e251,2751,181,96.45,90.31049999999999,0.05,0.15,44,success,1,1,0,0,39,2,0,5,1,38,1.180301771903531,18.2854042009737,0.0,0.0,0.99,8,exponential
q_learning,shaped_eps-exponential_seed3,shaped,3,4a77b6e251,2752,175,101.75000000000001,90.3825,0.05,0.15,50,success,1,1,0,0,29,3,0,5,1,31,1.1042231833322895,10.234855948440185,0.0,0.0,0.99,8,exponential
q_learning,shaped_eps-exponential_seed3,shaped,3,4a77b6e251,2753,179,96.54999999999995,90.43599999999998,0.05,0.15,46,success,1,1,0,0,39,2,0,6,1,45,1.2583260454631016,14.070117790180761,0.0,0.0,0.99,8,exponential
q_learning,shaped_eps-exponential_seed3,shaped,3,4a77b6e251,2754,176,99.7,90.495,0.05,0.15,49,success,1,1,0,0,36,2,0,6,1,33,1.2434300787711146,21.712408300181252,0.0,0.0,0.99,8,exponential
q_learning,shaped_eps-exponential_seed3,shaped,3,4a77b6e251,2755,200,93.49999999999999,90.6225,0.05,0.15,25,success,1,1,0,0,36,3,0,1,1,43,2.34313304691272,47.640932510476425,0.0,0.0,0.99,8,exponential
q_learning,shaped_eps-exponential_seed3,shaped,3,4a77b6e251,2756,176,102.7,90.6725,0.05,0.15,49,success,1,1,0,0,28,3,0,6,1,31,1.9774139731271463,52.95084611885306,0.0,0.0,0.99,8,exponential
q_learning,shaped_eps-exponential_seed3,shaped,3,4a77b6e251,2757,175,92.74999999999996,90.6225,0.05,0.15,50,success,1,1,0,0,33,4,0,6,1,36,1.2332604619009024,13.966154145532855,0.0,0.0,0.99,8,exponential
q_learning,shaped_eps-exponential_seed3,shaped,3,4a77b6e251,2758,178,84.59999999999992,90.5015,0.05,0.15,47,success,1,1,0,0,36,5,0,6,1,36,1.2288052577663982,14.149656306608037,0.0,0.0,0.99,8,exponential
q_learning,shaped_eps-exponential_seed3,shaped,3,4a77b6e251,2759,176,96.70000000000002,90.501,0.05,0.15,49,success,1,1,0,0,34,3,0,7,1,35,1.1694354674789569,14.370204664339497,0.0,0.0,0.99,8,exponential
q_learning,shaped_eps-exponential_seed3,shaped,3,4a77b6e251,2760,176,82.69999999999995,90.331,0.05,0.15,49,success,1,1,0,0,38,5,0,3,1,35,1.4136583878783788,12.347624039948755,0.0,0.0,0.99,8,exponential
q_learning,shaped_eps-exponential_seed3,shaped,3,4a77b6e251,2761,174,102.80000000000001,90.5235,0.05,0.15,51,success,1,1,0,0,28,3,0,6,1,32,1.1046869328005606,13.637373743943371,0.0,0.0,0.99,8,exponential
q_learning,shaped_eps-exponential_seed3,shaped,3,4a77b6e251,2762,176,103.70000000000002,90.76349999999998,0.05,0.15,49,success,1,1,0,0,32,2,0,6,1,30,1.0900597728765908,13.650599186080512,0.0,0.0,0.99,8,exponential
q_learning,shaped_eps-exponential_seed3,shaped,3,4a77b6e251,2763,179,89.54999999999994,90.75399999999998,0.05,0.15,46,success,1,1,0,0,41,3,0,4,1,47,1.4033433692701178,41.45402445067742,0.0,0.0,0.99,8,exponential
q_learning,shaped_eps-exponential_seed3,shaped,3,4a77b6e251,2764,174,97.80000000000001,90.69599999999997,0.05,0.15,51,success,1,1,0,0,38,2,0,5,1,34,1.097154222700041,14.065284814617996,0.0,0.0,0.99,8,exponential
q_learning,shaped_eps-exponential_seed3,shaped,3,4a77b6e251,2765,175,108.75000000000001,90.77599999999998,0.05,0.15,50,success,1,1,0,0,27,2,0,7,1,28,1.0325257529991967,12.62521034588616,0.0,0.0,0.99,8,exponential
q_learning,shaped_eps-exponential_seed3,shaped,3,4a77b6e251,2766,176,104.70000000000002,90.91099999999999,0.05,0.15,49,success,1,1,0,0,26,3,0,6,1,27,1.1006953704458056,11.222970845729819,0.0,0.0,0.99,8,exponential
q_learning,shaped_eps-exponential_seed3,shaped,3,4a77b6e251,2767,174,89.79999999999994,90.98899999999998,0.05,0.15,51,success,1,1,0,0,36,4,0,4,1,37,1.1471250729764124,17.472547319961137,0.0,0.0,0.99,8,exponential
q_learning,shaped_eps-exponential_seed3,shaped,3,4a77b6e251,2768,177,88.64999999999996,90.89599999999997,0.05,0.15,48,success,1,1,0,0,37,4,0,4,1,33,1.3257941318545812,14.597776284511774,0.0,0.0,0.99,8,exponential
q_learning,shaped_eps-exponential_seed3,shaped,3,4a77b6e251,2769,174,95.80000000000001,91.08249999999998,0.05,0.15,51,success,1,1,0,0,40,2,0,7,1,32,1.1216918879233322,14.099049409269284,0.0,0.0,0.99,8,exponential
q_learning,shaped_eps-exponential_seed3,shaped,3,4a77b6e251,2770,180,101.50000000000001,91.29399999999995,0.05,0.15,45,success,1,1,0,0,34,2,0,5,1,30,1.1297973471175073,11.38960561323887,0.0,0.0,0.99,8,exponential
q_learning,shaped_eps-exponential_seed3,shaped,3,4a77b6e251,2771,175,95.74999999999999,91.40799999999997,0.05,0.15,50,success,1,1,0,0,35,3,0,6,1,38,1.1214079479171584,13.061768899590675,0.0,0.0,0.99,8,exponential
q_learning,shaped_eps-exponential_seed3,shaped,3,4a77b6e251,2772,182,113.39999999999998,91.53499999999998,0.05,0.15,43,success,1,1,0,0,22,2,0,4,1,24,1.2107224413628175,15.234212422360088,0.0,0.0,0.99,8,exponential
q_learning,shaped_eps-exponential_seed3,shaped,3,4a77b6e251,2773,173,91.84999999999997,91.51749999999998,0.05,0.15,52,success,1,1,0,0,39,3,0,1,1,39,1.311952762476166,16.75493700660462,0.0,0.0,0.99,8,exponential
q_learning,shaped_eps-exponential_seed3,shaped,3,4a77b6e251,2774,176,94.69999999999999,91.589,0.05,0.15,49,success,1,1,0,0,36,3,0,2,1,32,1.6115998703088765,69.21790080282041,0.0,0.0,0.99,8,exponential
q_learning,shaped_eps-exponential_seed3,shaped,3,4a77b6e251,2775,177,83.64999999999993,91.693,0.05,0.15,48,success,1,1,0,0,37,5,0,2,1,43,1.1154033939601289,14.750390773853383,0.0,0.0,0.99,8,exponential
q_learning,shaped_eps-exponential_seed3,shaped,3,4a77b6e251,2776,180,67.50000000000007,91.329,0.05,0.15,45,success,1,1,0,0,48,6,0,1,1,40,1.3409825480465802,21.32454829795737,0.0,0.0,0.99,8,exponential
q_learning,shaped_eps-exponential_seed3,shaped,3,4a77b6e251,2777,181,89.44999999999995,91.3515,0.05,0.15,44,success,1,1,0,0,41,3,0,2,1,37,1.378740319920615,45.95825828313411,0.0,0.0,0.99,8,exponential
q_learning,shaped_eps-exponential_seed3,shaped,3,4a77b6e251,2778,184,91.29999999999997,91.28799999999997,0.05,0.15,41,success,1,1,0,0,34,4,0,1,1,34,1.055280689688718,10.760996872250885,0.0,0.0,0.99,8,exponential
q_learning,shaped_eps-exponential_seed3,shaped,3,4a77b6e251,2779,178,101.60000000000001,91.448,0.05,0.15,47,success,1,1,0,0,34,2,0,1,1,29,0.9879984790528716,9.85727374824198,0.0,0.0,0.99,8,exponential
q_learning,shaped_eps-exponential_seed3,shaped,3,4a77b6e251,2780,178,91.60000000000001,91.4365,0.05,0.15,47,success,1,1,0,0,44,2,0,1,1,40,1.1807204201106103,13.665566314116191,0.0,0.0,0.99,8,exponential
q_learning,shaped_eps-exponential_seed3,shaped,3,4a77b6e251,2781,181,92.45,91.385,0.05,0.15,44,success,1,1,0,0,43,2,0,1,1,36,1.2411536254366133,28.68990785364555,0.0,0.0,0.99,8,exponential
q_learning,shaped_eps-exponential_seed3,shaped,3,4a77b6e251,2782,176,104.70000000000002,91.58550000000001,0.05,0.15,49,success,1,1,0,0,26,3,0,2,1,29,1.1606694776789388,15.914776430065004,0.0,0.0,0.99,8,exponential
q_learning,shaped_eps-exponential_seed3,shaped,3,4a77b6e251,2783,177,94.65,91.6475,0.05,0.15,48,success,1,1,0,0,41,2,0,5,1,41,1.0860184850739383,14.194884999859589,0.0,0.0,0.99,8,exponential
q_learning,shaped_eps-exponential_seed3,shaped,3,4a77b6e251,2784,174,103.80000000000001,91.74749999999999,0.05,0.15,51,success,1,1,0,0,32,2,0,6,1,27,1.016144189756236,13.99216928543865,0.0,0.0,0.99,8,exponential
q_learning,shaped_eps-exponential_seed3,shaped,3,4a77b6e251,2785,176,82.69999999999993,91.52699999999999,0.05,0.15,49,success,1,1,0,0,38,5,0,3,1,37,1.222670700131562,13.262449830350334,0.0,0.0,0.99,8,exponential
q_learning,shaped_eps-exponential_seed3,shaped,3,4a77b6e251,2786,177,94.64999999999998,91.76599999999999,0.05,0.15,48,success,1,1,0,0,41,2,0,2,1,47,1.15078707382078,12.182210848666713,0.0,0.0,0.99,8,exponential
q_learning,shaped_eps-exponential_seed3,shaped,3,4a77b6e251,2787,174,91.79999999999995,91.86799999999998,0.05,0.15,51,success,1,1,0,0,34,4,0,4,1,40,1.2081934878347511,18.912277154578028,0.0,0.0,0.99,8,exponential
q_learning,shaped_eps-exponential_seed3,shaped,3,4a77b6e251,2788,182,97.4,91.85549999999999,0.05,0.15,43,success,1,1,0,0,38,2,0,1,1,41,1.0603294655226005,10.191536331437703,0.0,0.0,0.99,8,exponential
q_learning,shaped_eps-exponential_seed3,shaped,3,4a77b6e251,2789,176,88.69999999999996,91.84649999999998,0.05,0.15,49,success,1,1,0,0,32,5,0,6,1,32,1.1124933315568775,12.650480244308156,0.0,0.0,0.99,8,exponential
q_learning,shaped_eps-exponential_seed3,shaped,3,4a77b6e251,2790,177,95.64999999999999,91.70699999999997,0.05,0.15,48,success,1,1,0,0,35,3,0,1,1,37,1.470714701338413,32.74867596619364,0.0,0.0,0.99,8,exponential
q_learning,shaped_eps-exponential_seed3,shaped,3,4a77b6e251,2791,177,98.65,91.7255,0.05,0.15,48,success,1,1,0,0,37,2,0,2,1,36,1.0464667065226627,12.049182257767953,0.0,0.0,0.99,8,exponential
q_learning,shaped_eps-exponential_seed3,shaped,3,4a77b6e251,2792,173,90.84999999999995,92.0205,0.05,0.15,52,success,1,1,0,0,45,2,0,3,1,45,1.7956727918485251,32.74446746247241,0.0,0.0,0.99,8,exponential
q_learning,shaped_eps-exponential_seed3,shaped,3,4a77b6e251,2793,172,97.9,92.18199999999999,0.05,0.15,53,success,1,1,0,0,38,2,0,1,1,47,1.3432041073735805,14.115939904052695,0.0,0.0,0.99,8,exponential
q_learning,shaped_eps-exponential_seed3,shaped,3,4a77b6e251,2794,175,83.74999999999994,92.13999999999999,0.05,0.15,50,success,1,1,0,0,47,3,0,1,1,45,1.3992891185182095,32.832188018996504,0.0,0.0,0.99,8,exponential
q_learning,shaped_eps-exponential_seed3,shaped,3,4a77b6e251,2795,174,101.80000000000001,92.2605,0.05,0.15,51,success,1,1,0,0,34,2,0,1,1,37,1.3539854157346227,42.602073215286154,0.0,0.0,0.99,8,exponential
q_learning,shaped_eps-exponential_seed3,shaped,3,4a77b6e251,2796,174,85.79999999999994,92.26949999999997,0.05,0.15,51,success,1,1,0,0,40,4,0,1,1,35,1.6112874991051649,70.99909427189642,0.0,0.0,0.99,8,exponential
q_learning,shaped_eps-exponential_seed3,shaped,3,4a77b6e251,2797,173,95.85000000000002,92.47049999999999,0.05,0.15,52,success,1,1,0,0,35,3,0,1,1,44,1.233185187431229,11.020855539722675,0.0,0.0,0.99,8,exponential
q_learning,shaped_eps-exponential_seed3,shaped,3,4a77b6e251,2798,174,90.79999999999998,92.48149999999995,0.05,0.15,51,success,1,1,0,0,40,3,0,1,1,36,1.089447756062333,14.455980878975893,0.0,0.0,0.99,8,exponential
q_learning,shaped_eps-exponential_seed3,shaped,3,4a77b6e251,2799,172,107.90000000000002,92.62749999999998,0.05,0.15,53,success,1,1,0,0,28,2,0,1,1,28,1.0417522173498497,12.12383128765073,0.0,0.0,0.99,8,exponential
q_learning,shaped_eps-exponential_seed3,shaped,3,4a77b6e251,2800,168,77.09999999999995,92.53099999999999,0.05,0.15,57,success,1,1,0,0,44,5,0,1,1,37,1.6814904411850735,79.92264472861845,0.0,0.0,0.99,8,exponential
q_learning,shaped_eps-exponential_seed3,shaped,3,4a77b6e251,2801,172,103.90000000000002,92.67999999999998,0.05,0.15,53,success,1,1,0,0,32,2,0,1,1,37,1.177402752876192,15.073119803229162,0.0,0.0,0.99,8,exponential
q_learning,shaped_eps-exponential_seed3,shaped,3,4a77b6e251,2802,176,87.69999999999993,92.74999999999999,0.05,0.15,49,success,1,1,0,0,38,4,0,1,1,39,1.5108754934065987,77.41522668105229,0.0,0.0,0.99,8,exponential
q_learning,shaped_eps-exponential_seed3,shaped,3,4a77b6e251,2803,172,82.8999999999999,92.68700000000001,0.05,0.15,53,success,1,1,0,0,48,3,0,1,1,42,1.106563622903994,11.682297975768929,0.0,0.0,0.99,8,exponential
q_learning,shaped_eps-exponential_seed3,shaped,3,4a77b6e251,2804,172,88.89999999999995,92.61049999999999,0.05,0.15,53,success,1,1,0,0,32,5,0,1,1,29,1.4227268840728078,20.919093200972227,0.0,0.0,0.99,8,exponential
q_learning,shaped_eps-exponential_seed3,shaped,3,4a77b6e251,2805,174,82.79999999999995,92.47399999999998,0.05,0.15,51,success,1,1,0,0,38,5,0,1,1,41,1.5318388801622889,52.40544172921496,0.0,0.0,0.99,8,exponential
q_learning,shaped_eps-exponential_seed3,shaped,3,4a77b6e251,2806,171,98.95000000000002,92.56949999999998,0.05,0.15,54,success,1,1,0,0,37,2,0,1,1,31,1.0759972148073886,14.180411104102333,0.0,0.0,0.99,8,exponential
q_learning,shaped_eps-exponential_seed3,shaped,3,4a77b6e251,2807,184,93.3,92.713,0.05,0.15,41,success,1,1,0,0,42,2,0,1,1,43,1.267543032544272,45.42975463168091,0.0,0.0,0.99,8,exponential
q_learning,shaped_eps-exponential_seed3,shaped,3,4a77b6e251,2808,172,96.9,92.749,0.05,0.15,53,success,1,1,0,0,34,3,0,1,1,30,1.6416179247597757,31.928680144925274,0.0,0.0,0.99,8,exponential
q_learning,shaped_eps-exponential_seed3,shaped,3,4a77b6e251,2809,174,96.80000000000001,93.02049999999997,0.05,0.15,51,success,1,1,0,0,34,3,0,1,1,30,1.0182716276680706,11.639329952548529,0.0,0.0,0.99,8,exponential
q_learning,shaped_eps-exponential_seed3,shaped,3,4a77b6e251,2810,164,104.30000000000001,93.32849999999996,0.05,0.15,61,success,1,1,0,0,32,2,0,1,1,36,1.117253773643895,13.43333921510451,0.0,0.0,0.99,8,exponential
q_learning,shaped_eps-exponential_seed3,shaped,3,4a77b6e251,2811,178,76.59999999999994,93.25849999999998,0.05,0.15,47,success,1,1,0,0,44,5,0,1,1,45,2.1225389633630956,46.532902289147394,0.0,0.0,0.99,8,exponential
q_learning,shaped_eps-exponential_seed3,shaped,3,4a77b6e251,2812,172,107.9,93.43099999999998,0.05,0.15,53,success,1,1,0,0,28,2,0,1,1,31,1.326991865920957,19.27107768680476,0.0,0.0,0.99,8,exponential
q_learning,shaped_eps-exponential_seed3,shaped,3,4a77b6e251,2813,172,99.9,93.62449999999997,0.05,0.15,53,success,1,1,0,0,36,2,0,1,1,33,1.0053672583606335,8.386488654341761,0.0,0.0,0.99,8,exponential
q_learning,shaped_eps-exponential_seed3,shaped,3,4a77b6e251,2814,175,97.75,93.67699999999999,0.05,0.15,50,success,1,1,0,0,33,3,0,1,1,33,1.3986243576416149,30.098081590855195,0.0,0.0,0.99,8,exponential
q_learning,shaped_eps-exponential_seed3,shaped,3,4a77b6e251,2815,172,79.89999999999996,93.59949999999999,0.05,0.15,53,success,1,1,0,0,46,4,0,1,1,36,1.9540764244662578,39.90168608720473,0.0,0.0,0.99,8,exponential
q_learning,shaped_eps-exponential_seed3,shaped,3,4a77b6e251,2816,179,93.54999999999995,93.52849999999998,0.05,0.15,46,success,1,1,0,0,37,3,0,1,1,44,1.8580039095451153,35.302955025634795,0.0,0.0,0.99,8,exponential
q_learning,shaped_eps-exponential_seed3,shaped,3,4a77b6e251,2817,174,66.80000000000021,93.2405,0.05,0.15,51,success,1,1,0,0,54,5,0,1,1,41,2.533735092655846,43.1436795955762,0.0,0.0,0.99,8,exponential
q_learning,shaped_eps-exponential_seed3,shaped,3,4a77b6e251,2818,166,96.2,93.402,0.05,0.15,59,success,1,1,0,0,30,4,0,1,1,28,2.247923184568629,100.45,0.0,0.0,0.99,8,exponential
q_learning,shaped_eps-exponential_seed3,shaped,3,4a77b6e251,2819,192,83.89999999999992,93.25299999999999,0.05,0.15,33,success,1,1,0,0,46,3,0,1,1,43,1.8401897609663578,41.33289298875678,0.0,0.0,0.99,8,exponential
q_learning,shaped_eps-exponential_seed3,shaped,3,4a77b6e251,2820,172,89.89999999999995,93.16050000000001,0.05,0.15,53,success,1,1,0,0,36,4,0,1,1,34,1.4433833284307784,27.54227662078789,0.0,0.0,0.99,8,exponential
q_learning,shaped_eps-exponential_seed3,shaped,3,4a77b6e251,2821,178,89.59999999999992,92.98799999999997,0.05,0.15,47,success,1,1,0,0,46,2,0,2,1,39,1.466416742803353,26.290666534994767,0.0,0.0,0.99,8,exponential
q_learning,shaped_eps-exponential_seed3,shaped,3,4a77b6e251,2822,174,78.79999999999997,92.74199999999998,0.05,0.15,51,success,1,1,0,0,32,7,0,1,1,38,2.2556196913615265,80.70778469121579,0.0,0.0,0.99,8,exponential
q_learning,shaped_eps-exponential_seed3,shaped,3,4a77b6e251,2823,177,79.64999999999993,92.61899999999996,0.05,0.15,48,success,1,1,0,0,41,5,0,1,1,39,1.438999418350142,26.46992616642038,0.0,0.0,0.99,8,exponential
q_learning,shaped_eps-exponential_seed3,shaped,3,4a77b6e251,2824,178,82.59999999999994,92.92349999999999,0.05,0.15,47,success,1,1,0,0,38,5,0,2,1,43,1.3647893689132309,16.095320825635845,0.0,0.0,0.99,8,exponential
q_learning,shaped_eps-exponential_seed3,shaped,3,4a77b6e251,2825,175,87.74999999999996,92.87349999999996,0.05,0.15,50,success,1,1,0,0,33,5,0,1,1,36,1.9466929618961695,27.979132071212184,0.0,0.0,0.99,8,exponential
q_learning,shaped_eps-exponential_seed3,shaped,3,4a77b6e251,2826,180,68.49999999999994,92.57199999999997,0.05,0.15,45,success,1,1,0,0,52,5,0,1,1,41,2.0825931792270604,50.293294126130455,0.0,0.0,0.99,8,exponential
q_learning,shaped_eps-exponential_seed3,shaped,3,4a77b6e251,2827,176,96.69999999999995,92.55149999999999,0.05,0.15,49,success,1,1,0,0,34,3,0,1,1,37,2.0597940170899536,37.77858112017591,0.0,0.0,0.99,8,exponential
q_learning,shaped_eps-exponential_seed3,shaped,3,4a77b6e251,2828,180,89.49999999999994,92.55899999999998,0.05,0.15,45,success,1,1,0,0,36,4,0,2,1,38,1.6784922948909589,27.645690991741276,0.0,0.0,0.99,8,exponential
q_learning,shaped_eps-exponential_seed3,shaped,3,4a77b6e251,2829,177,100.65,92.67799999999997,0.05,0.15,48,success,1,1,0,0,35,2,0,1,1,36,1.595017848006456,61.66540863751659,0.0,0.0,0.99,8,exponential
q_learning,shaped_eps-exponential_seed3,shaped,3,4a77b6e251,2830,174,95.80000000000001,92.79899999999998,0.05,0.15,51,success,1,1,0,0,40,2,0,1,1,28,1.7771874386889617,57.62715454589853,0.0,0.0,0.99,8,exponential
q_learning,shaped_eps-exponential_seed3,shaped,3,4a77b6e251,2831,172,99.9,92.86149999999998,0.05,0.15,53,success,1,1,0,0,36,2,0,1,1,37,1.1675162678916937,11.057584681126144,0.0,0.0,0.99,8,exponential
q_learning,shaped_eps-exponential_seed3,shaped,3,4a77b6e251,2832,172,99.9,92.75399999999996,0.05,0.15,53,success,1,1,0,0,36,2,0,1,1,35,1.0635358162493764,8.443315554266263,0.0,0.0,0.99,8,exponential
q_learning,shaped_eps-exponential_seed3,shaped,3,4a77b6e251,2833,172,92.89999999999998,92.72599999999997,0.05,0.15,53,success,1,1,0,0,38,3,0,1,1,38,1.652179639825147,38.98027757758267,0.0,0.0,0.99,8,exponential
q_learning,shaped_eps-exponential_seed3,shaped,3,4a77b6e251,2834,175,102.75,92.99599999999997,0.05,0.15,50,success,1,1,0,0,33,2,0,1,1,41,1.620693209229993,27.39824217591826,0.0,0.0,0.99,8,exponential
q_learning,shaped_eps-exponential_seed3,shaped,3,4a77b6e251,2835,172,101.9,93.25749999999998,0.05,0.15,53,success,1,1,0,0,34,2,0,1,1,38,1.6002797689313668,77.22261424478401,0.0,0.0,0.99,8,exponential
q_learning,shaped_eps-exponential_seed3,shaped,3,4a77b6e251,2836,171,99.95000000000002,93.23049999999999,0.05,0.15,54,success,1,1,0,0,31,3,0,1,1,34,1.2641688219611806,14.313191682336623,0.0,0.0,0.99,8,exponential
q_learning,shaped_eps-exponential_seed3,shaped,3,4a77b6e251,2837,178,95.60000000000002,93.259,0.05,0.15,47,success,1,1,0,0,40,2,0,1,1,38,1.2310901850255325,12.89351047791881,0.0,0.0,0.99,8,exponential
q_learning,shaped_eps-exponential_seed3,shaped,3,4a77b6e251,2838,174,93.80000000000001,93.43449999999997,0.05,0.15,51,success,1,1,0,0,42,2,0,1,1,31,1.8087101278484503,88.98196895979935,0.0,0.0,0.99,8,exponential
q_learning,shaped_eps-exponential_seed3,shaped,3,4a77b6e251,2839,168,102.10000000000001,93.5075,0.05,0.15,57,success,1,1,0,0,34,2,0,1,1,25,1.116395799366299,12.110163447826153,0.0,0.0,0.99,8,exponential
q_learning,shaped_eps-exponential_seed3,shaped,3,4a77b6e251,2840,170,99.0,93.85999999999999,0.05,0.15,55,success,1,1,0,0,32,3,0,1,1,37,1.5953539844412226,72.33532832358628,0.0,0.0,0.99,8,exponential
q_learning,shaped_eps-exponential_seed3,shaped,3,4a77b6e251,2841,174,96.80000000000001,94.02349999999997,0.05,0.15,51,success,1,1,0,0,34,3,0,1,1,38,1.9805007231560694,67.56440906058783,0.0,0.0,0.99,8,exponential
q_learning,shaped_eps-exponential_seed3,shaped,3,4a77b6e251,2842,174,95.80000000000001,93.87399999999997,0.05,0.15,51,success,1,1,0,0,30,4,0,1,1,37,1.1872454121613731,12.825830493103965,0.0,0.0,0.99,8,exponential
q_learning,shaped_eps-exponential_seed3,shaped,3,4a77b6e251,2843,172,99.9,93.82749999999994,0.05,0.15,53,success,1,1,0,0,36,2,0,2,1,34,1.4736671282530882,64.05536844928159,0.0,0.0,0.99,8,exponential
q_learning,shaped_eps-exponential_seed3,shaped,3,4a77b6e251,2844,168,90.09999999999995,93.81099999999996,0.05,0.15,57,success,1,1,0,0,36,4,0,1,1,27,1.2073228973381298,14.81406466439902,0.0,0.0,0.99,8,exponential
q_learning,shaped_eps-exponential_seed3,shaped,3,4a77b6e251,2845,180,101.50000000000001,93.96149999999997,0.05,0.15,45,success,1,1,0,0,34,2,0,1,1,37,1.337008233801849,22.92379896042675,0.0,0.0,0.99,8,exponential
q_learning,shaped_eps-exponential_seed3,shaped,3,4a77b6e251,2846,175,100.75000000000001,94.05199999999996,0.05,0.15,50,success,1,1,0,0,35,2,0,1,1,36,1.1116861961411912,14.935989917142443,0.0,0.0,0.99,8,exponential
q_learning,shaped_eps-exponential_seed3,shaped,3,4a77b6e251,2847,171,80.94999999999993,93.854,0.05,0.15,54,success,1,1,0,0,35,6,0,1,1,38,1.4387997691436536,17.650079104032486,0.0,0.0,0.99,8,exponential
q_learning,shaped_eps-exponential_seed3,shaped,3,4a77b6e251,2848,171,95.95000000000002,93.8055,0.05,0.15,54,success,1,1,0,0,35,3,0,1,1,33,1.1456006597344952,10.210442586291919,0.0,0.0,0.99,8,exponential
q_learning,shaped_eps-exponential_seed3,shaped,3,4a77b6e251,2849,172,81.89999999999993,93.597,0.05,0.15,53,success,1,1,0,0,44,4,0,1,1,41,1.0132402026098444,12.725236042215371,0.0,0.0,0.99,8,exponential
q_learning,shaped_eps-exponential_seed3,shaped,3,4a77b6e251,2850,174,100.80000000000001,93.58799999999998,0.05,0.15,51,success,1,1,0,0,30,3,0,1,1,31,1.2326152089892413,14.554171713260914,0.0,0.0,0.99,8,exponential
q_learning,shaped_eps-exponential_seed3,shaped,3,4a77b6e251,2851,173,100.85000000000001,93.63199999999998,0.05,0.15,52,success,1,1,0,0,35,2,0,1,1,29,1.1141620022082246,14.178159827476478,0.0,0.0,0.99,8,exponential
q_learning,shaped_eps-exponential_seed3,shaped,3,4a77b6e251,2852,173,104.85000000000001,93.66299999999997,0.05,0.15,52,success,1,1,0,0,31,2,0,2,1,39,1.558566087067009,28.18323972314782,0.0,0.0,0.99,8,exponential
q_learning,shaped_eps-exponential_seed3,shaped,3,4a77b6e251,2853,171,110.95,93.80699999999999,0.05,0.15,54,success,1,1,0,0,25,2,0,1,1,21,1.2483947084186533,23.383320648056568,0.0,0.0,0.99,8,exponential
q_learning,shaped_eps-exponential_seed3,shaped,3,4a77b6e251,2854,176,94.69999999999996,93.757,0.05,0.15,49,success,1,1,0,0,36,3,0,1,1,39,1.6268279568930195,30.643249653707986,0.0,0.0,0.99,8,exponential
q_learning,shaped_eps-exponential_seed3,shaped,3,4a77b6e251,2855,178,72.60000000000001,93.54799999999999,0.05,0.15,47,success,1,1,0,0,38,7,0,1,1,36,3.106280999097613,59.61635178815843,0.0,0.0,0.99,8,exponential
q_learning,shaped_eps-exponential_seed3,shaped,3,4a77b6e251,2856,175,93.74999999999997,93.4585,0.05,0.15,50,success,1,1,0,0,37,3,0,1,1,35,1.496584076514528,28.139595774494655,0.0,0.0,0.99,8,exponential
q_learning,shaped_eps-exponential_seed3,shaped,3,4a77b6e251,2857,162,96.39999999999996,93.495,0.05,0.15,63,success,1,1,0,0,40,2,0,1,1,26,1.9196844835237958,85.38250000000001,0.0,0.0,0.99,8,exponential
q_learning,shaped_eps-exponential_seed3,shaped,3,4a77b6e251,2858,174,96.8,93.61699999999998,0.05,0.15,51,success,1,1,0,0,34,3,0,1,1,39,2.0982387254112687,64.14839646666219,0.0,0.0,0.99,8,exponential
q_learning,shaped_eps-exponential_seed3,shaped,3,4a77b6e251,2859,169,101.05000000000001,93.66049999999997,0.05,0.15,56,success,1,1,0,0,35,2,0,1,1,34,2.0294142591066704,72.575125,0.0,0.0,0.99,8,exponential
q_learning,shaped_eps-exponential_seed3,shaped,3,4a77b6e251,2860,172,99.9,93.83249999999997,0.05,0.15,53,success,1,1,0,0,36,2,0,1,1,38,1.7286203097703263,45.313589740898315,0.0,0.0,0.99,8,exponential
q_learning,shaped_eps-exponential_seed3,shaped,3,4a77b6e251,2861,174,96.80000000000001,93.77249999999997,0.05,0.15,51,success,1,1,0,0,24,5,0,1,1,36,1.3800260771348356,13.717750573456215,0.0,0.0,0.99,8,exponential
q_learning,shaped_eps-exponential_seed3,shaped,3,4a77b6e251,2862,172,105.9,93.79449999999997,0.05,0.15,53,success,1,1,0,0,30,2,0,1,1,27,1.1176957858330976,25.939472225961566,0.0,0.0,0.99,8,exponential
q_learning,shaped_eps-exponential_seed3,shaped,3,4a77b6e251,2863,173,88.84999999999994,93.78749999999998,0.05,0.15,52,success,1,1,0,0,37,4,0,1,1,35,1.0212568206111392,13.308138212950553,0.0,0.0,0.99,8,exponential
q_learning,shaped_eps-exponential_seed3,shaped,3,4a77b6e251,2864,168,96.10000000000001,93.77049999999997,0.05,0.15,57,success,1,1,0,0,30,4,0,1,1,32,1.108145272887026,9.758556588263247,0.0,0.0,0.99,8,exponential
q_learning,shaped_eps-exponential_seed3,shaped,3,4a77b6e251,2865,172,91.9,93.60199999999998,0.05,0.15,53,success,1,1,0,0,44,2,0,1,1,39,1.360076093439189,52.88218357930249,0.0,0.0,0.99,8,exponential
q_learning,shaped_eps-exponential_seed3,shaped,3,4a77b6e251,2866,173,95.85000000000001,93.51349999999998,0.05,0.15,52,success,1,1,0,0,35,3,0,1,1,41,1.0057887400374883,10.381170521808016,0.0,0.0,0.99,8,exponential
q_learning,shaped_eps-exponential_seed3,shaped,3,4a77b6e251,2867,171,98.95000000000002,93.605,0.05,0.15,54,success,1,1,0,0,37,2,0,1,1,33,0.9840111117849801,12.535986687451185,0.0,0.0,0.99,8,exponential
q_learning,shaped_eps-exponential_seed3,shaped,3,4a77b6e251,2868,172,96.90000000000002,93.68749999999999,0.05,0.15,53,success,1,1,0,0,34,3,0,1,1,41,1.3506054390000106,13.537574770137581,0.0,0.0,0.99,8,exponential
q_learning,shaped_eps-exponential_seed3,shaped,3,4a77b6e251,2869,174,97.80000000000001,93.7075,0.05,0.15,51,success,1,1,0,0,38,2,0,1,1,35,0.9701965325046173,6.901089472871774,0.0,0.0,0.99,8,exponential
q_learning,shaped_eps-exponential_seed3,shaped,3,4a77b6e251,2870,174,78.79999999999993,93.48049999999998,0.05,0.15,51,success,1,1,0,0,42,5,0,1,1,38,1.0231830105584827,9.232656699756959,0.0,0.0,0.99,8,exponential
q_learning,shaped_eps-exponential_seed3,shaped,3,4a77b6e251,2871,171,106.95000000000002,93.59249999999999,0.05,0.15,54,success,1,1,0,0,29,2,0,1,1,33,1.7729333451149942,54.97135210828145,0.0,0.0,0.99,8,exponential
q_learning,shaped_eps-exponential_seed3,shaped,3,4a77b6e251,2872,172,90.90000000000002,93.36749999999998,0.05,0.15,53,success,1,1,0,0,40,3,0,2,1,32,1.169807154815211,25.108257170833717,0.0,0.0,0.99,8,exponential
q_learning,shaped_eps-exponential_seed3,shaped,3,4a77b6e251,2873,172,93.89999999999999,93.38799999999999,0.05,0.15,53,success,1,1,0,0,32,4,0,1,1,35,1.454671425205986,26.869281234328163,0.0,0.0,0.99,8,exponential
q_learning,shaped_eps-exponential_seed3,shaped,3,4a77b6e251,2874,174,80.79999999999995,93.24899999999998,0.05,0.15,51,success,1,1,0,0,40,5,0,1,1,33,1.2311366055244044,17.42971120353576,0.0,0.0,0.99,8,exponential
q_learning,shaped_eps-exponential_seed3,shaped,3,4a77b6e251,2875,172,95.90000000000002,93.37149999999995,0.05,0.15,53,success,1,1,0,0,40,2,0,1,1,30,1.4944751864748123,76.0828963630321,0.0,0.0,0.99,8,exponential
q_learning,shaped_eps-exponential_seed3,shaped,3,4a77b6e251,2876,178,83.59999999999994,93.53249999999998,0.05,0.15,47,success,1,1,0,0,42,4,0,1,1,47,1.1328738628978614,14.283705137827152,0.0,0.0,0.99,8,exponential
q_learning,shaped_eps-exponential_seed3,shaped,3,4a77b6e251,2877,163,111.35,93.7515,0.05,0.15,62,success,1,1,0,0,25,2,0,1,1,29,1.59968987512438,65.59993543332166,0.0,0.0,0.99,8,exponential
q_learning,shaped_eps-exponential_seed3,shaped,3,4a77b6e251,2878,174,98.80000000000001,93.8265,0.05,0.15,51,success,1,1,0,0,32,3,0,1,1,29,1.7292868123819416,73.35601054377328,0.0,0.0,0.99,8,exponential
q_learning,shaped_eps-exponential_seed3,shaped,3,4a77b6e251,2879,171,97.95000000000002,93.79,0.05,0.15,54,success,1,1,0,0,33,3,0,1,1,32,0.9932549859750084,10.643594706774238,0.0,0.0,0.99,8,exponential
q_learning,shaped_eps-exponential_seed3,shaped,3,4a77b6e251,2880,172,95.9,93.833,0.05,0.15,53,success,1,1,0,0,40,2,0,1,1,34,1.9753761132378704,67.19415029320578,0.0,0.0,0.99,8,exponential
q_learning,shaped_eps-exponential_seed3,shaped,3,4a77b6e251,2881,173,94.85000000000002,93.85700000000001,0.05,0.15,52,success,1,1,0,0,41,2,0,1,1,38,1.0084153850016995,10.538553348503186,0.0,0.0,0.99,8,exponential
q_learning,shaped_eps-exponential_seed3,shaped,3,4a77b6e251,2882,172,106.9,93.87899999999999,0.05,0.15,53,success,1,1,0,0,24,3,0,1,1,32,1.0354252242761646,10.213880125891244,0.0,0.0,0.99,8,exponential
q_learning,shaped_eps-exponential_seed3,shaped,3,4a77b6e251,2883,171,99.95000000000002,93.93199999999999,0.05,0.15,54,success,1,1,0,0,31,3,0,1,1,37,1.1643506262364953,13.647588757925547,0.0,0.0,0.99,8,exponential
q_learning,shaped_eps-exponential_seed3,shaped,3,4a77b6e251,2884,165,104.25000000000001,93.9365,0.05,0.15,60,success,1,1,0,0,27,3,0,1,1,24,1.5711626018532345,61.68885625,0.0,0.0,0.99,8,exponential
q_learning,shaped_eps-exponential_seed3,shaped,3,4a77b6e251,2885,174,83.79999999999991,93.94749999999998,0.05,0.15,51,success,1,1,0,0,42,4,0,1,1,43,1.2327989558413146,20.64415909731938,0.0,0.0,0.99,8,exponential
q_learning,shaped_eps-exponential_seed3,shaped,3,4a77b6e251,2886,178,102.60000000000001,94.02699999999999,0.05,0.15,47,success,1,1,0,0,28,3,0,1,1,33,0.9335831515367298,11.098943221843655,0.0,0.0,0.99,8,exponential
q_learning,shaped_eps-exponential_seed3,shaped,3,4a77b6e251,2887,171,99.95000000000002,94.1085,0.05,0.15,54,success,1,1,0,0,31,3,0,1,1,33,0.9792473307797379,11.220137117994959,0.0,0.0,0.99,8,exponential
q_learning,shaped_eps-exponential_seed3,shaped,3,4a77b6e251,2888,172,96.90000000000002,94.10349999999998,0.05,0.15,53,success,1,1,0,0,34,3,0,1,1,36,1.0724317941388437,12.132945579121525,0.0,0.0,0.99,8,exponential
q_learning,shaped_eps-exponential_seed3,shaped,3,4a77b6e251,2889,169,91.05000000000001,94.127,0.05,0.15,56,success,1,1,0,0,45,2,0,1,1,30,1.211504962152995,16.183518790295917,0.0,0.0,0.99,8,exponential
q_learning,shaped_eps-exponential_seed3,shaped,3,4a77b6e251,2890,175,100.75000000000001,94.17799999999997,0.05,0.15,50,success,1,1,0,0,35,2,0,1,1,34,1.1324252390297518,15.53957519318132,0.0,0.0,0.99,8,exponential
q_learning,shaped_eps-exponential_seed3,shaped,3,4a77b6e251,2891,173,95.85000000000001,94.14999999999998,0.05,0.15,52,success,1,1,0,0,35,3,0,1,1,33,1.403262621768208,20.410009695214296,0.0,0.0,0.99,8,exponential
q_learning,shaped_eps-exponential_seed3,shaped,3,4a77b6e251,2892,172,105.90000000000002,94.30049999999997,0.05,0.15,53,success,1,1,0,0,30,2,0,2,1,30,1.2546403088867608,30.5985294852618,0.0,0.0,0.99,8,exponential
q_learning,shaped_eps-exponential_seed3,shaped,3,4a77b6e251,2893,171,105.95000000000002,94.38099999999999,0.05,0.15,54,success,1,1,0,0,25,3,0,1,1,31,1.3153585017789096,17.869026041117614,0.0,0.0,0.99,8,exponential
q_learning,shaped_eps-exponential_seed3,shaped,3,4a77b6e251,2894,172,103.9,94.58249999999998,0.05,0.15,53,success,1,1,0,0,32,2,0,1,1,36,1.1332051451954253,10.111488968538225,0.0,0.0,0.99,8,exponential
q_learning,shaped_eps-exponential_seed3,shaped,3,4a77b6e251,2895,172,103.9,94.60349999999998,0.05,0.15,53,success,1,1,0,0,32,2,0,1,1,29,1.0068602923094503,14.866320681302646,0.0,0.0,0.99,8,exponential
q_learning,shaped_eps-exponential_seed3,shaped,3,4a77b6e251,2896,171,100.95,94.75499999999998,0.05,0.15,54,success,1,1,0,0,35,2,0,1,1,37,1.5099508213780721,40.56300020234442,0.0,0.0,0.99,8,exponential
q_learning,shaped_eps-exponential_seed3,shaped,3,4a77b6e251,2897,177,87.65,94.67299999999997,0.05,0.15,48,success,1,1,0,0,43,3,0,1,1,29,1.2925984391968146,28.438789893661898,0.0,0.0,0.99,8,exponential
q_learning,shaped_eps-exponential_seed3,shaped,3,4a77b6e251,2898,174,103.80000000000001,94.803,0.05,0.15,51,success,1,1,0,0,32,2,0,1,1,25,1.6149030168815084,75.91969149573112,0.0,0.0,0.99,8,exponential
q_learning,shaped_eps-exponential_seed3,shaped,3,4a77b6e251,2899,174,107.80000000000001,94.80199999999999,0.05,0.15,51,success,1,1,0,0,28,2,0,1,1,36,0.9462110246773302,11.150074407410884,0.0,0.0,0.99,8,exponential
q_learning,shaped_eps-exponential_seed3,shaped,3,4a77b6e251,2900,172,99.9,95.02999999999996,0.05,0.15,53,success,1,1,0,0,36,2,0,1,1,28,1.6201945024452766,92.7039583212798,0.0,0.0,0.99,8,exponential
q_learning,shaped_eps-exponential_seed3,shaped,3,4a77b6e251,2901,172,91.89999999999995,94.90999999999997,0.05,0.15,53,success,1,1,0,0,34,4,0,2,1,34,1.066728681032445,12.088071991151509,0.0,0.0,0.99,8,exponential
q_learning,shaped_eps-exponential_seed3,shaped,3,4a77b6e251,2902,175,101.75,95.0505,0.05,0.15,50,success,1,1,0,0,29,3,0,1,1,39,1.145026985347362,19.777798314370088,0.0,0.0,0.99,8,exponential
q_learning,shaped_eps-exponential_seed3,shaped,3,4a77b6e251,2903,174,94.80000000000001,95.16949999999997,0.05,0.15,51,success,1,1,0,0,36,3,0,1,1,39,0.9387978986126408,12.409993498233163,0.0,0.0,0.99,8,exponential
q_learning,shaped_eps-exponential_seed3,shaped,3,4a77b6e251,2904,174,98.80000000000001,95.26849999999996,0.05,0.15,51,success,1,1,0,0,32,3,0,1,1,41,0.9632137677063781,12.042733064646264,0.0,0.0,0.99,8,exponential
q_learning,shaped_eps-exponential_seed3,shaped,3,4a77b6e251,2905,171,99.95,95.44,0.05,0.15,54,success,1,1,0,0,31,3,0,1,1,40,1.1301793105697504,11.6200232340872,0.0,0.0,0.99,8,exponential
q_learning,shaped_eps-exponential_seed3,shaped,3,4a77b6e251,2906,177,100.64999999999996,95.457,0.05,0.15,48,success,1,1,0,0,35,2,0,1,1,36,2.5975777696086797,57.644815554574315,0.0,0.0,0.99,8,exponential
q_learning,shaped_eps-exponential_seed3,shaped,3,4a77b6e251,2907,176,81.69999999999993,95.34100000000001,0.05,0.15,49,success,1,1,0,0,44,4,0,1,1,36,1.9791802794254507,40.21877264883523,0.0,0.0,0.99,8,exponential
q_learning,shaped_eps-exponential_seed3,shaped,3,4a77b6e251,2908,171,96.94999999999995,95.3415,0.05,0.15,54,success,1,1,0,0,39,2,0,1,1,32,1.7692336699887519,46.029120824770445,0.0,0.0,0.99,8,exponential
q_learning,shaped_eps-exponential_seed3,shaped,3,4a77b6e251,2909,176,90.6999999999999,95.28050000000002,0.05,0.15,49,success,1,1,0,0,40,3,0,1,1,37,2.187563854524328,39.77948177938918,0.0,0.0,0.99,8,exponential
q_learning,shaped_eps-exponential_seed3,shaped,3,4a77b6e251,2910,176,95.69999999999993,95.19450000000002,0.05,0.15,49,success,1,1,0,0,40,2,0,1,1,33,2.6467056326857983,64.40249603501597,0.0,0.0,0.99,8,exponential
q_learning,shaped_eps-exponential_seed3,shaped,3,4a77b6e251,2911,171,94.94999999999993,95.37800000000001,0.05,0.15,54,success,1,1,0,0,41,2,0,1,1,37,1.7955668006084304,24.49554884751155,0.0,0.0,0.99,8,exponential
q_learning,shaped_eps-exponential_seed3,shaped,3,4a77b6e251,2912,172,95.89999999999993,95.25800000000001,0.05,0.15,53,success,1,1,0,0,40,2,0,1,1,28,2.160918662959947,53.6287767427006,0.0,0.0,0.99,8,exponential
q_learning,shaped_eps-exponential_seed3,shaped,3,4a77b6e251,2913,164,104.29999999999997,95.30199999999999,0.05,0.15,61,success,1,1,0,0,32,2,0,1,1,29,2.223569604570105,78.42459892070323,0.0,0.0,0.99,8,exponential
q_learning,shaped_eps-exponential_seed3,shaped,3,4a77b6e251,2914,174,84.7999999999999,95.17249999999999,0.05,0.15,51,success,1,1,0,0,46,3,0,1,1,36,2.0118787161082157,44.49045706259408,0.0,0.0,0.99,8,exponential
q_learning,shaped_eps-exponential_seed3,shaped,3,4a77b6e251,2915,178,81.59999999999992,95.18949999999997,0.05,0.15,47,success,1,1,0,0,44,4,0,1,1,37,3.3883962286491838,52.3750014551015,0.0,0.0,0.99,8,exponential
q_learning,shaped_eps-exponential_seed3,shaped,3,4a77b6e251,2916,174,85.79999999999994,95.11199999999997,0.05,0.15,51,success,1,1,0,0,40,4,0,1,1,33,1.8605738354593768,21.093807576758046,0.0,0.0,0.99,8,exponential
q_learning,shaped_eps-exponential_seed3,shaped,3,4a77b6e251,2917,174,85.79999999999993,95.30199999999995,0.05,0.15,51,success,1,1,0,0,40,4,0,1,1,42,2.7461867744555923,34.70115694128549,0.0,0.0,0.99,8,exponential
q_learning,shaped_eps-exponential_seed3,shaped,3,4a77b6e251,2918,172,101.89999999999995,95.35899999999998,0.05,0.15,53,success,1,1,0,0,34,2,0,1,1,31,2.2721519843781595,46.55795141990933,0.0,0.0,0.99,8,exponential
q_learning,shaped_eps-exponential_seed3,shaped,3,4a77b6e251,2919,178,89.59999999999992,95.41599999999998,0.05,0.15,47,success,1,1,0,0,46,2,0,1,1,40,2.8918112348086167,48.943265638805094,0.0,0.0,0.99,8,exponential
q_learning,shaped_eps-exponential_seed3,shaped,3,4a77b6e251,2920,175,89.74999999999991,95.41449999999998,0.05,0.15,50,success,1,1,0,0,41,3,0,1,1,35,2.3397291679855687,37.75022873989718,0.0,0.0,0.99,8,exponential
q_learning,shaped_eps-exponential_seed3,shaped,3,4a77b6e251,2921,174,99.79999999999995,95.51649999999998,0.05,0.15,51,success,1,1,0,0,36,2,0,1,1,30,2.4650655286116656,29.561327003614203,0.0,0.0,0.99,8,exponential
q_learning,shaped_eps-exponential_seed3,shaped,3,4a77b6e251,2922,188,79.09999999999992,95.51950000000001,0.05,0.15,37,success,1,1,0,0,46,4,0,1,1,43,3.615959863088696,53.210088963269605,0.0,0.0,0.99,8,exponential
q_learning,shaped_eps-exponential_seed3,shaped,3,4a77b6e251,2923,190,92.99999999999991,95.65299999999999,0.05,0.15,35,success,1,1,0,0,42,2,0,1,1,42,2.4008664849606176,21.487479176557805,0.0,0.0,0.99,8,exponential
q_learning,shaped_eps-exponential_seed3,shaped,3,4a77b6e251,2924,198,87.59999999999991,95.70299999999999,0.05,0.15,27,success,1,1,0,0,42,3,0,1,1,39,2.9492985394804427,51.71598804239087,0.0,0.0,0.99,8,exponential
q_learning,shaped_eps-exponential_seed3,shaped,3,4a77b6e251,2925,196,66.70000000000006,95.4925,0.05,0.15,29,success,1,1,0,0,48,6,0,1,1,50,3.5593515309720356,36.51790166665923,0.0,0.0,0.99,8,exponential
q_learning,shaped_eps-exponential_seed3,shaped,3,4a77b6e251,2926,193,89.84999999999995,95.70600000000002,0.05,0.15,32,success,1,1,0,0,35,4,0,1,1,34,3.0440162025810227,35.75576906622714,0.0,0.0,0.99,8,exponential
q_learning,shaped_eps-exponential_seed3,shaped,3,4a77b6e251,2927,189,85.04999999999993,95.5895,0.05,0.15,36,success,1,1,0,0,45,3,0,1,1,26,1.98961723022863,30.070039124356953,0.0,0.0,0.99,8,exponential
q_learning,shaped_eps-exponential_seed3,shaped,3,4a77b6e251,2928,191,77.94999999999992,95.47399999999999,0.05,0.15,34,success,1,1,0,0,57,2,0,1,1,49,2.058741652247187,58.5578986476266,0.0,0.0,0.99,8,exponential
q_learning,shaped_eps-exponential_seed3,shaped,3,4a77b6e251,2929,189,87.04999999999994,95.33799999999998,0.05,0.15,36,success,1,1,0,0,43,3,0,1,1,38,1.8554208539390236,42.80488649952267,0.0,0.0,0.99,8,exponential
q_learning,shaped_eps-exponential_seed3,shaped,3,4a77b6e251,2930,184,84.3,95.22299999999997,0.05,0.15,41,success,1,1,0,0,36,5,0,1,1,40,1.3905648192784852,10.713525297553787,0.0,0.0,0.99,8,exponential
q_learning,shaped_eps-exponential_seed3,shaped,3,4a77b6e251,2931,173,106.85,95.29249999999998,0.05,0.15,52,success,1,1,0,0,29,2,0,1,1,29,1.8414447837473773,24.9022872177838,0.0,0.0,0.99,8,exponential
q_learning,shaped_eps-exponential_seed3,shaped,3,4a77b6e251,2932,193,81.84999999999991,95.11199999999997,0.05,0.15,32,success,1,1,0,0,43,4,0,1,1,36,1.6026372443480872,39.10812013823428,0.0,0.0,0.99,8,exponential
q_learning,shaped_eps-exponential_seed3,shaped,3,4a77b6e251,2933,195,91.74999999999997,95.1005,0.05,0.15,30,success,1,1,0,0,43,2,0,2,1,39,1.6318183464962621,32.59152572893042,0.0,0.0,0.99,8,exponential
q_learning,shaped_eps-exponential_seed3,shaped,3,4a77b6e251,2934,182,97.39999999999999,95.04699999999998,0.05,0.15,43,success,1,1,0,0,38,2,0,1,1,34,1.877998484232232,46.21888603165666,0.0,0.0,0.99,8,exponential
q_learning,shaped_eps-exponential_seed3,shaped,3,4a77b6e251,2935,176,93.69999999999999,94.96499999999997,0.05,0.15,49,success,1,1,0,0,32,4,0,1,1,35,1.241381412425043,8.391791087155546,0.0,0.0,0.99,8,exponential
q_learning,shaped_eps-exponential_seed3,shaped,3,4a77b6e251,2936,172,96.9,94.93449999999997,0.05,0.15,53,success,1,1,0,0,34,3,0,1,1,36,1.7064940370283002,77.72840253730463,0.0,0.0,0.99,8,exponential
q_learning,shaped_eps-exponential_seed3,shaped,3,4a77b6e251,2937,177,92.64999999999995,94.90499999999999,0.05,0.15,48,success,1,1,0,0,43,2,0,2,1,48,1.4378799902227477,16.32467436408635,0.0,0.0,0.99,8,exponential
q_learning,shaped_eps-exponential_seed3,shaped,3,4a77b6e251,2938,174,106.80000000000001,95.03499999999998,0.05,0.15,51,success,1,1,0,0,24,3,0,1,1,26,1.2194631567214278,8.360925551132794,0.0,0.0,0.99,8,exponential
q_learning,shaped_eps-exponential_seed3,shaped,3,4a77b6e251,2939,181,86.44999999999993,94.87849999999999,0.05,0.15,44,success,1,1,0,0,39,4,0,2,1,45,1.525182709641377,38.667205284730485,0.0,0.0,0.99,8,exponential
q_learning,shaped_eps-exponential_seed3,shaped,3,4a77b6e251,2940,182,84.39999999999993,94.73249999999996,0.05,0.15,43,success,1,1,0,0,36,5,0,1,1,35,1.2956134318633565,22.509043656113533,0.0,0.0,0.99,8,exponential
q_learning,shaped_eps-exponential_seed3,shaped,3,4a77b6e251,2941,171,104.95000000000002,94.81399999999998,0.05,0.15,54,success,1,1,0,0,31,2,0,1,1,34,1.139265494331071,13.786760794874567,0.0,0.0,0.99,8,exponential
q_learning,shaped_eps-exponential_seed3,shaped,3,4a77b6e251,2942,174,88.79999999999994,94.74399999999997,0.05,0.15,51,success,1,1,0,0,32,5,0,1,1,28,1.5874526704028935,35.28268064634341,0.0,0.0,0.99,8,exponential
q_learning,shaped_eps-exponential_seed3,shaped,3,4a77b6e251,2943,174,101.8,94.76299999999998,0.05,0.15,51,success,1,1,0,0,34,2,0,1,1,34,1.2655047572074944,11.057808154131159,0.0,0.0,0.99,8,exponential
q_learning,shaped_eps-exponential_seed3,shaped,3,4a77b6e251,2944,172,87.89999999999995,94.74099999999997,0.05,0.15,53,success,1,1,0,0,38,4,0,1,1,37,1.1473813186159163,8.974367490151472,0.0,0.0,0.99,8,exponential
q_learning,shaped_eps-exponential_seed3,shaped,3,4a77b6e251,2945,171,100.95000000000002,94.73549999999997,0.05,0.15,54,success,1,1,0,0,35,2,0,1,1,29,1.1246216368753996,10.06765714071092,0.0,0.0,0.99,8,exponential
q_learning,shaped_eps-exponential_seed3,shaped,3,4a77b6e251,2946,172,81.89999999999993,94.54699999999997,0.05,0.15,53,success,1,1,0,0,44,4,0,1,1,34,1.0596225565113773,6.444777543932119,0.0,0.0,0.99,8,exponential
q_learning,shaped_eps-exponential_seed3,shaped,3,4a77b6e251,2947,173,97.85000000000001,94.71599999999998,0.05,0.15,52,success,1,1,0,0,33,3,0,1,1,30,1.195384916413121,34.13259249810501,0.0,0.0,0.99,8,exponential
q_learning,shaped_eps-exponential_seed3,shaped,3,4a77b6e251,2948,167,86.14999999999993,94.61799999999998,0.05,0.15,58,success,1,1,0,0,35,5,0,1,1,40,1.5543166059959728,24.765706637821648,0.0,0.0,0.99,8,exponential
q_learning,shaped_eps-exponential_seed3,shaped,3,4a77b6e251,2949,162,108.40000000000002,94.88299999999995,0.05,0.15,63,success,1,1,0,0,28,2,0,1,1,29,1.0129205790835472,7.467295775151953,0.0,0.0,0.99,8,exponential
q_learning,shaped_eps-exponential_seed3,shaped,3,4a77b6e251,2950,173,98.85000000000001,94.86349999999999,0.05,0.15,52,success,1,1,0,0,37,2,0,1,1,40,1.1466103062500859,9.591773350213103,0.0,0.0,0.99,8,exponential
q_learning,shaped_eps-exponential_seed3,shaped,3,4a77b6e251,2951,163,100.35000000000001,94.85849999999999,0.05,0.15,62,success,1,1,0,0,31,3,0,1,1,31,1.5851959520581598,37.33797965576499,0.0,0.0,0.99,8,exponential
q_learning,shaped_eps-exponential_seed3,shaped,3,4a77b6e251,2952,176,107.70000000000002,94.88699999999999,0.05,0.15,49,success,1,1,0,0,28,2,0,1,1,31,1.7604804890990222,87.64576232667235,0.0,0.0,0.99,8,exponential
q_learning,shaped_eps-exponential_seed3,shaped,3,4a77b6e251,2953,174,99.80000000000001,94.77549999999998,0.05,0.15,51,success,1,1,0,0,36,2,0,1,1,38,1.0906259521669515,8.821241299386429,0.0,0.0,0.99,8,exponential
q_learning,shaped_eps-exponential_seed3,shaped,3,4a77b6e251,2954,172,97.9,94.80749999999998,0.05,0.15,53,success,1,1,0,0,38,2,0,1,1,29,1.0075883725098433,7.105578985467176,0.0,0.0,0.99,8,exponential
q_learning,shaped_eps-exponential_seed3,shaped,3,4a77b6e251,2955,174,99.80000000000001,95.07949999999995,0.05,0.15,51,success,1,1,0,0,36,2,0,1,1,40,1.114979617508904,9.28377285568412,0.0,0.0,0.99,8,exponential
q_learning,shaped_eps-exponential_seed3,shaped,3,4a77b6e251,2956,175,92.74999999999999,95.06949999999995,0.05,0.15,50,success,1,1,0,0,43,2,0,1,1,39,1.1249673488903813,7.0752980714243705,0.0,0.0,0.99,8,exponential
q_learning,shaped_eps-exponential_seed3,shaped,3,4a77b6e251,2957,171,104.95000000000002,95.15499999999999,0.05,0.15,54,success,1,1,0,0,31,2,0,1,1,33,1.126573159644414,13.114320922127076,0.0,0.0,0.99,8,exponential
q_learning,shaped_eps-exponential_seed3,shaped,3,4a77b6e251,2958,164,92.30000000000001,95.10999999999999,0.05,0.15,61,success,1,1,0,0,44,2,0,1,1,40,1.1973786378830071,10.692428178324619,0.0,0.0,0.99,8,exponential
q_learning,shaped_eps-exponential_seed3,shaped,3,4a77b6e251,2959,172,98.90000000000002,95.08849999999997,0.05,0.15,53,success,1,1,0,0,32,3,0,1,1,29,1.4253064162875573,20.857536616521976,0.0,0.0,0.99,8,exponential
q_learning,shaped_eps-exponential_seed3,shaped,3,4a77b6e251,2960,168,100.10000000000001,95.09049999999999,0.05,0.15,57,success,1,1,0,0,36,2,0,1,1,37,1.0478729957344435,8.162662817320715,0.0,0.0,0.99,8,exponential
q_learning,shaped_eps-exponential_seed3,shaped,3,4a77b6e251,2961,172,99.9,95.12149999999995,0.05,0.15,53,success,1,1,0,0,36,2,0,1,1,32,1.1130284881942412,13.134905632312993,0.0,0.0,0.99,8,exponential
q_learning,shaped_eps-exponential_seed3,shaped,3,4a77b6e251,2962,172,87.89999999999999,94.94149999999998,0.05,0.15,53,success,1,1,0,0,38,4,0,1,1,45,1.1655336805051821,11.775284487531202,0.0,0.0,0.99,8,exponential
q_learning,shaped_eps-exponential_seed3,shaped,3,4a77b6e251,2963,178,91.6,94.96899999999998,0.05,0.15,47,success,1,1,0,0,34,4,0,1,1,28,1.9910162311549695,80.72042998773378,0.0,0.0,0.99,8,exponential
q_learning,shaped_eps-exponential_seed3,shaped,3,4a77b6e251,2964,168,100.10000000000001,95.00899999999997,0.05,0.15,57,success,1,1,0,0,36,2,0,1,1,30,1.4128802456524472,40.754559083893135,0.0,0.0,0.99,8,exponential
q_learning,shaped_eps-exponential_seed3,shaped,3,4a77b6e251,2965,179,80.54999999999997,94.89549999999997,0.05,0.15,46,success,1,1,0,0,45,4,0,1,1,43,1.3285465948050317,24.887607118095353,0.0,0.0,0.99,8,exponential
q_learning,shaped_eps-exponential_seed3,shaped,3,4a77b6e251,2966,174,90.80000000000001,94.84499999999997,0.05,0.15,51,success,1,1,0,0,40,3,0,1,1,30,1.5002039244356002,49.19330877083473,0.0,0.0,0.99,8,exponential
q_learning,shaped_eps-exponential_seed3,shaped,3,4a77b6e251,2967,169,91.04999999999995,94.76599999999996,0.05,0.15,56,success,1,1,0,0,35,4,0,1,1,31,1.5860562202707948,52.4355278125,0.0,0.0,0.99,8,exponential
q_learning,shaped_eps-exponential_seed3,shaped,3,4a77b6e251,2968,174,98.8,94.78499999999997,0.05,0.15,51,success,1,1,0,0,32,3,0,1,1,49,1.4749489191969614,60.29114593324594,0.0,0.0,0.99,8,exponential
q_learning,shaped_eps-exponential_seed3,shaped,3,4a77b6e251,2969,172,101.9,94.82599999999995,0.05,0.15,53,success,1,1,0,0,34,2,0,1,1,38,1.0280665038373769,12.705337090681066,0.0,0.0,0.99,8,exponential
q_learning,shaped_eps-exponential_seed3,shaped,3,4a77b6e251,2970,173,70.84999999999998,94.74649999999998,0.05,0.15,52,success,1,1,0,0,45,6,0,2,1,45,1.4112369163845702,42.36365359575539,0.0,0.0,0.99,8,exponential
q_learning,shaped_eps-exponential_seed3,shaped,3,4a77b6e251,2971,175,81.74999999999997,94.49449999999997,0.05,0.15,50,success,1,1,0,0,39,5,0,1,1,45,1.2635961162388154,9.01066590252941,0.0,0.0,0.99,8,exponential
q_learning,shaped_eps-exponential_seed3,shaped,3,4a77b6e251,2972,172,99.90000000000002,94.58449999999999,0.05,0.15,53,success,1,1,0,0,36,2,0,1,1,37,1.5666096273385473,44.868603259969326,0.0,0.0,0.99,8,exponential
q_learning,shaped_eps-exponential_seed3,shaped,3,4a77b6e251,2973,182,105.40000000000002,94.69949999999997,0.05,0.15,43,success,1,1,0,0,30,2,0,1,1,40,1.1234751776699972,14.80234674775161,0.0,0.0,0.99,8,exponential
q_learning,shaped_eps-exponential_seed3,shaped,3,4a77b6e251,2974,174,92.79999999999998,94.81949999999998,0.05,0.15,51,success,1,1,0,0,38,3,0,2,1,37,1.5396053670156524,47.19621531654415,0.0,0.0,0.99,8,exponential
q_learning,shaped_eps-exponential_seed3,shaped,3,4a77b6e251,2975,178,90.59999999999998,94.76649999999997,0.05,0.15,47,success,1,1,0,0,40,3,0,1,1,33,1.2011902665738838,21.57282324443982,0.0,0.0,0.99,8,exponential
q_learning,shaped_eps-exponential_seed3,shaped,3,4a77b6e251,2976,172,86.9,94.79949999999997,0.05,0.15,53,success,1,1,0,0,44,3,0,1,1,25,1.254421552067477,43.28244252086521,0.0,0.0,0.99,8,exponential
q_learning,shaped_eps-exponential_seed3,shaped,3,4a77b6e251,2977,168,87.1,94.55699999999999,0.05,0.15,57,success,1,1,0,0,44,3,0,1,1,33,1.3043525179870352,12.267249178455671,0.0,0.0,0.99,8,exponential
q_learning,shaped_eps-exponential_seed3,shaped,3,4a77b6e251,2978,168,94.1,94.50999999999998,0.05,0.15,57,success,1,1,0,0,42,2,0,1,1,25,1.1049300417803352,11.060472802627828,0.0,0.0,0.99,8,exponential
q_learning,shaped_eps-exponential_seed3,shaped,3,4a77b6e251,2979,172,63.90000000000009,94.16949999999997,0.05,0.15,53,success,1,1,0,0,42,8,0,1,1,37,1.5361147402756845,29.47306209223283,0.0,0.0,0.99,8,exponential
q_learning,shaped_eps-exponential_seed3,shaped,3,4a77b6e251,2980,172,78.89999999999993,93.99949999999997,0.05,0.15,53,success,1,1,0,0,42,5,0,1,1,31,1.074971995595576,11.217919636434473,0.0,0.0,0.99,8,exponential
q_learning,shaped_eps-exponential_seed3,shaped,3,4a77b6e251,2981,171,96.95000000000002,94.02049999999997,0.05,0.15,54,success,1,1,0,0,39,2,0,1,1,29,1.3652335707597267,23.18261519919947,0.0,0.0,0.99,8,exponential
q_learning,shaped_eps-exponential_seed3,shaped,3,4a77b6e251,2982,172,87.89999999999995,93.83049999999997,0.05,0.15,53,success,1,1,0,0,38,4,0,1,1,39,1.213179143039365,11.084957064083653,0.0,0.0,0.99,8,exponential
q_learning,shaped_eps-exponential_seed3,shaped,3,4a77b6e251,2983,171,98.95,93.8205,0.05,0.15,54,success,1,1,0,0,37,2,0,1,1,33,1.1230046464790484,11.986828678122947,0.0,0.0,0.99,8,exponential
q_learning,shaped_eps-exponential_seed3,shaped,3,4a77b6e251,2984,170,86.99999999999997,93.648,0.05,0.15,55,success,1,1,0,0,44,3,0,1,1,33,1.2682408031575942,25.390225639465047,0.0,0.0,0.99,8,exponential
q_learning,shaped_eps-exponential_seed3,shaped,3,4a77b6e251,2985,172,106.89999999999999,93.87899999999998,0.05,0.15,53,success,1,1,0,0,24,3,0,1,1,29,1.951942718287424,37.0966981386784,0.0,0.0,0.99,8,exponential
q_learning,shaped_eps-exponential_seed3,shaped,3,4a77b6e251,2986,172,98.9,93.84199999999998,0.05,0.15,53,success,1,1,0,0,32,3,0,1,1,32,1.5611806263008445,64.76964029458803,0.0,0.0,0.99,8,exponential
q_learning,shaped_eps-exponential_seed3,shaped,3,4a77b6e251,2987,175,84.74999999999993,93.68999999999998,0.05,0.15,50,success,1,1,0,0,31,6,0,1,1,35,1.4883138676519343,36.21849133204381,0.0,0.0,0.99,8,exponential
q_learning,shaped_eps-exponential_seed3,shaped,3,4a77b6e251,2988,174,98.80000000000001,93.70899999999997,0.05,0.15,51,success,1,1,0,0,32,3,0,1,1,30,1.1790262428590799,10.114986560278176,0.0,0.0,0.99,8,exponential
q_learning,shaped_eps-exponential_seed3,shaped,3,4a77b6e251,2989,172,99.90000000000002,93.79749999999996,0.05,0.15,53,success,1,1,0,0,26,4,0,1,1,32,1.1858118557022024,13.88241366000171,0.0,0.0,0.99,8,exponential
q_learning,shaped_eps-exponential_seed3,shaped,3,4a77b6e251,2990,169,103.05000000000001,93.82049999999998,0.05,0.15,56,success,1,1,0,0,33,2,0,1,1,30,1.0222382204493181,10.060295724193445,0.0,0.0,0.99,8,exponential
q_learning,shaped_eps-exponential_seed3,shaped,3,4a77b6e251,2991,174,103.80000000000001,93.89999999999995,0.05,0.15,51,success,1,1,0,0,32,2,0,1,1,35,0.9843976414271627,8.072915481854963,0.0,0.0,0.99,8,exponential
q_learning,shaped_eps-exponential_seed3,shaped,3,4a77b6e251,2992,174,107.79999999999998,93.91899999999995,0.05,0.15,51,success,1,1,0,0,28,2,0,1,1,31,1.227665697768432,34.26970291827146,0.0,0.0,0.99,8,exponential
q_learning,shaped_eps-exponential_seed3,shaped,3,4a77b6e251,2993,172,105.9,93.91849999999995,0.05,0.15,53,success,1,1,0,0,30,2,0,1,1,32,1.091168875164053,13.866942766929142,0.0,0.0,0.99,8,exponential
q_learning,shaped_eps-exponential_seed3,shaped,3,4a77b6e251,2994,171,77.94999999999999,93.65899999999996,0.05,0.15,54,success,1,1,0,0,43,5,0,1,1,43,1.516354575450212,14.670474460240776,0.0,0.0,0.99,8,exponential
q_learning,shaped_eps-exponential_seed3,shaped,3,4a77b6e251,2995,181,99.45000000000002,93.61449999999999,0.05,0.15,44,success,1,1,0,0,31,3,0,1,1,38,1.357814985836908,13.051015058340099,0.0,0.0,0.99,8,exponential
q_learning,shaped_eps-exponential_seed3,shaped,3,4a77b6e251,2996,164,95.30000000000001,93.55799999999998,0.05,0.15,61,success,1,1,0,0,36,3,0,1,1,30,1.0493047508092348,7.242437342529996,0.0,0.0,0.99,8,exponential
q_learning,shaped_eps-exponential_seed3,shaped,3,4a77b6e251,2997,174,98.80000000000001,93.66949999999997,0.05,0.15,51,success,1,1,0,0,32,3,0,1,1,31,1.619560854390969,90.01963371031377,0.0,0.0,0.99,8,exponential
q_learning,shaped_eps-exponential_seed3,shaped,3,4a77b6e251,2998,172,94.89999999999998,93.58049999999997,0.05,0.15,53,success,1,1,0,0,36,3,0,1,1,40,1.8830287948076965,72.13465801894924,0.0,0.0,0.99,8,exponential
q_learning,shaped_eps-exponential_seed3,shaped,3,4a77b6e251,2999,170,87.99999999999997,93.38249999999996,0.05,0.15,55,success,1,1,0,0,28,6,0,1,1,31,2.226307693589502,73.4791974916571,0.0,0.0,0.99,8,exponential
q_learning,shaped_eps-exponential_seed3,shaped,3,4a77b6e251,3000,171,95.95,93.34299999999998,0.05,0.15,54,success,1,1,0,0,35,3,0,1,1,36,1.012917138515974,8.885782603092622,0.0,0.0,0.99,8,exponential
