algorithm,run_label,reward_mode,seed,config_hash,episode,steps,reward,mean_return_100,epsilon,alpha,energy_left,outcome,success,goal_success,energy_exhausted,max_steps_reached,wall_collisions,penalty_entries,door_blocked,door_crossings,key_pickups,slips,mean_abs_td_error,max_abs_td_error,mean_active_traces,max_active_traces,cfg_gamma,cfg_energy_bins,cfg_epsilon_schedule
q_learning,sparse_seed2,sparse,2,4a77b6e251,1,225,-11.250000000000025,-11.250000000000025,0.998,0.15,0,out_of_energy,0,0,1,0,111,28,0,0,0,34,0.04572054979166667,0.057425000000000004,0.0,0.0,0.99,8,exponential
q_learning,sparse_seed2,sparse,2,4a77b6e251,2,225,-11.250000000000025,-11.250000000000025,0.996004,0.15,0,out_of_energy,0,0,1,0,118,3,0,0,0,47,0.04486096482497396,0.057425000000000004,0.0,0.0,0.99,8,exponential
q_learning,sparse_seed2,sparse,2,4a77b6e251,3,225,-11.250000000000025,-11.250000000000023,0.994011992,0.15,0,out_of_energy,0,0,1,0,112,9,0,0,0,43,0.043232391044011234,0.06373625000000001,0.0,0.0,0.99,8,exponential
q_learning,sparse_seed2,sparse,2,4a77b6e251,4,225,-11.250000000000025,-11.250000000000025,0.992023968016,0.15,0,out_of_energy,0,0,1,0,103,25,0,0,0,45,0.0449426011794057,0.057425000000000004,0.0,0.0,0.99,8,exponential
q_learning,sparse_seed2,sparse,2,4a77b6e251,5,225,-11.250000000000025,-11.250000000000025,0.990039920079968,0.15,0,out_of_energy,0,0,1,0,110,6,0,0,0,51,0.04427681676165563,0.06323953052779172,0.0,0.0,0.99,8,exponential
q_learning,sparse_seed2,sparse,2,4a77b6e251,6,225,-11.250000000000025,-11.250000000000027,0.9880598402398081,0.15,0,out_of_energy,0,0,1,0,102,0,0,0,0,44,0.0425343172862021,0.0787215131299992,0.0,0.0,0.99,8,exponential
q_learning,sparse_seed2,sparse,2,4a77b6e251,7,225,-11.250000000000025,-11.250000000000027,0.9860837205593285,0.15,0,out_of_energy,0,0,1,0,100,39,0,0,0,46,0.044671852279434,0.07637478270562213,0.0,0.0,0.99,8,exponential
q_learning,sparse_seed2,sparse,2,4a77b6e251,8,225,-11.250000000000025,-11.250000000000025,0.9841115531182099,0.15,0,out_of_energy,0,0,1,0,102,15,0,0,0,32,0.041743606093068736,0.08325549180382762,0.0,0.0,0.99,8,exponential
q_learning,sparse_seed2,sparse,2,4a77b6e251,9,225,-11.250000000000025,-11.250000000000025,0.9821433300119734,0.15,0,out_of_energy,0,0,1,0,110,2,0,0,0,45,0.04099019282809287,0.07568697873173418,0.0,0.0,0.99,8,exponential
q_learning,sparse_seed2,sparse,2,4a77b6e251,10,225,-11.250000000000025,-11.250000000000025,0.9801790433519495,0.15,0,out_of_energy,0,0,1,0,116,2,0,0,0,41,0.04247272860793619,0.06616069062499999,0.0,0.0,0.99,8,exponential
q_learning,sparse_seed2,sparse,2,4a77b6e251,11,225,-11.250000000000025,-11.250000000000027,0.9782186852652456,0.15,0,out_of_energy,0,0,1,0,97,22,0,0,0,47,0.04191494628078667,0.07663774437500001,0.0,0.0,0.99,8,exponential
q_learning,sparse_seed2,sparse,2,4a77b6e251,12,225,-11.250000000000025,-11.250000000000027,0.976262247894715,0.15,0,out_of_energy,0,0,1,0,99,12,0,0,0,50,0.04050166257195749,0.09426065232321981,0.0,0.0,0.99,8,exponential
q_learning,sparse_seed2,sparse,2,4a77b6e251,13,225,-11.250000000000025,-11.250000000000027,0.9743097233989256,0.15,0,out_of_energy,0,0,1,0,98,2,0,0,0,38,0.039017279971554915,0.08958638759973683,0.0,0.0,0.99,8,exponential
q_learning,sparse_seed2,sparse,2,4a77b6e251,14,225,-11.250000000000025,-11.250000000000027,0.9723611039521278,0.15,0,out_of_energy,0,0,1,0,91,32,0,0,0,40,0.0414281925612118,0.07234703768332877,0.0,0.0,0.99,8,exponential
q_learning,sparse_seed2,sparse,2,4a77b6e251,15,225,-11.250000000000025,-11.250000000000027,0.9704163817442236,0.15,0,out_of_energy,0,0,1,0,114,33,0,0,0,45,0.03927321998686738,0.06637198171710787,0.0,0.0,0.99,8,exponential
q_learning,sparse_seed2,sparse,2,4a77b6e251,16,225,-11.250000000000025,-11.250000000000025,0.9684755489807352,0.15,0,out_of_energy,0,0,1,0,109,10,0,0,0,46,0.0394134257330755,0.08927449030383881,0.0,0.0,0.99,8,exponential
q_learning,sparse_seed2,sparse,2,4a77b6e251,17,225,-11.250000000000025,-11.250000000000025,0.9665385978827737,0.15,0,out_of_energy,0,0,1,0,105,14,0,0,0,46,0.039670276207056133,0.07693534178171249,0.0,0.0,0.99,8,exponential
q_learning,sparse_seed2,sparse,2,4a77b6e251,18,225,-11.250000000000025,-11.250000000000025,0.9646055206870082,0.15,0,out_of_energy,0,0,1,0,99,8,0,0,0,51,0.04317979140153649,0.06373625000000001,0.0,0.0,0.99,8,exponential
q_learning,sparse_seed2,sparse,2,4a77b6e251,19,225,-11.250000000000025,-11.250000000000025,0.9626763096456342,0.15,0,out_of_energy,0,0,1,0,101,9,0,0,0,37,0.0427578707438169,0.06935604502540076,0.0,0.0,0.99,8,exponential
q_learning,sparse_seed2,sparse,2,4a77b6e251,20,225,-11.250000000000025,-11.250000000000025,0.9607509570263429,0.15,0,out_of_energy,0,0,1,0,96,9,0,0,0,33,0.039912619463621575,0.09732747065603425,0.0,0.0,0.99,8,exponential
q_learning,sparse_seed2,sparse,2,4a77b6e251,21,225,-11.250000000000025,-11.250000000000025,0.9588294551122902,0.15,0,out_of_energy,0,0,1,0,108,14,0,0,0,46,0.04178144777829815,0.071140645625,0.0,0.0,0.99,8,exponential
q_learning,sparse_seed2,sparse,2,4a77b6e251,22,225,-11.250000000000025,-11.250000000000027,0.9569117962020657,0.15,0,out_of_energy,0,0,1,0,133,0,0,0,0,48,0.035399570920787216,0.06994266965070314,0.0,0.0,0.99,8,exponential
q_learning,sparse_seed2,sparse,2,4a77b6e251,23,225,-11.250000000000025,-11.250000000000025,0.9549979726096616,0.15,0,out_of_energy,0,0,1,0,135,0,0,0,0,43,0.038251837770740024,0.06461392677019939,0.0,0.0,0.99,8,exponential
q_learning,sparse_seed2,sparse,2,4a77b6e251,24,225,-11.250000000000025,-11.250000000000023,0.9530879766644422,0.15,0,out_of_energy,0,0,1,0,106,4,0,0,0,43,0.041033540313774014,0.08814138073416733,0.0,0.0,0.99,8,exponential
q_learning,sparse_seed2,sparse,2,4a77b6e251,25,225,-11.250000000000025,-11.250000000000023,0.9511818007111134,0.15,0,out_of_energy,0,0,1,0,106,20,0,0,0,32,0.040673681683121195,0.09138782560961578,0.0,0.0,0.99,8,exponential
q_learning,sparse_seed2,sparse,2,4a77b6e251,26,225,-11.250000000000025,-11.250000000000021,0.9492794371096911,0.15,0,out_of_energy,0,0,1,0,105,24,0,0,0,59,0.03699786763320207,0.07171214773042447,0.0,0.0,0.99,8,exponential
q_learning,sparse_seed2,sparse,2,4a77b6e251,27,225,-11.250000000000025,-11.250000000000021,0.9473808782354717,0.15,0,out_of_energy,0,0,1,0,102,13,0,0,0,45,0.04124754454028447,0.07742572494712896,0.0,0.0,0.99,8,exponential
q_learning,sparse_seed2,sparse,2,4a77b6e251,28,225,-11.250000000000025,-11.25000000000002,0.9454861164790007,0.15,0,out_of_energy,0,0,1,0,108,11,0,0,0,43,0.03707341831464457,0.08221100780833411,0.0,0.0,0.99,8,exponential
q_learning,sparse_seed2,sparse,2,4a77b6e251,29,225,-11.250000000000025,-11.25000000000002,0.9435951442460427,0.15,0,out_of_energy,0,0,1,0,108,19,0,0,0,54,0.03794761739718653,0.08998292390901239,0.0,0.0,0.99,8,exponential
q_learning,sparse_seed2,sparse,2,4a77b6e251,30,225,-11.250000000000025,-11.25000000000002,0.9417079539575507,0.15,0,out_of_energy,0,0,1,0,104,21,0,0,0,36,0.04221660017643124,0.0906011875846902,0.0,0.0,0.99,8,exponential
q_learning,sparse_seed2,sparse,2,4a77b6e251,31,225,-11.250000000000025,-11.250000000000018,0.9398245380496356,0.15,0,out_of_energy,0,0,1,0,107,7,0,0,0,54,0.04139347688781478,0.07007989726659909,0.0,0.0,0.99,8,exponential
q_learning,sparse_seed2,sparse,2,4a77b6e251,32,225,-11.250000000000025,-11.250000000000025,0.9379448889735363,0.15,0,out_of_energy,0,0,1,0,97,4,0,0,0,46,0.03655117460190921,0.07816009962319895,0.0,0.0,0.99,8,exponential
q_learning,sparse_seed2,sparse,2,4a77b6e251,33,225,-11.250000000000025,-11.250000000000025,0.9360689991955893,0.15,0,out_of_energy,0,0,1,0,100,18,0,0,0,52,0.03633014216328754,0.08376879246815985,0.0,0.0,0.99,8,exponential
q_learning,sparse_seed2,sparse,2,4a77b6e251,34,225,-11.250000000000025,-11.250000000000023,0.9341968611971981,0.15,0,out_of_energy,0,0,1,0,116,11,0,0,0,48,0.03826825200580942,0.0786625988239589,0.0,0.0,0.99,8,exponential
q_learning,sparse_seed2,sparse,2,4a77b6e251,35,225,-11.250000000000025,-11.250000000000023,0.9323284674748037,0.15,0,out_of_energy,0,0,1,0,96,2,0,0,0,59,0.038870587482152205,0.08182673146465884,0.0,0.0,0.99,8,exponential
q_learning,sparse_seed2,sparse,2,4a77b6e251,36,225,-11.250000000000025,-11.250000000000021,0.930463810539854,0.15,0,out_of_energy,0,0,1,0,110,3,0,0,0,43,0.037634190282553985,0.08076301463989767,0.0,0.0,0.99,8,exponential
q_learning,sparse_seed2,sparse,2,4a77b6e251,37,225,-11.250000000000025,-11.250000000000021,0.9286028829187744,0.15,0,out_of_energy,0,0,1,0,111,4,0,0,0,44,0.0391196340979295,0.08196010685688007,0.0,0.0,0.99,8,exponential
q_learning,sparse_seed2,sparse,2,4a77b6e251,38,225,-11.250000000000025,-11.250000000000021,0.9267456771529368,0.15,0,out_of_energy,0,0,1,0,106,2,0,0,0,36,0.03986582804547606,0.07383897918350008,0.0,0.0,0.99,8,exponential
q_learning,sparse_seed2,sparse,2,4a77b6e251,39,225,-11.250000000000025,-11.25000000000002,0.9248921857986309,0.15,0,out_of_energy,0,0,1,0,107,5,0,0,0,56,0.03753975920366977,0.09117744109262761,0.0,0.0,0.99,8,exponential
q_learning,sparse_seed2,sparse,2,4a77b6e251,40,225,-11.250000000000025,-11.250000000000025,0.9230424014270336,0.15,0,out_of_energy,0,0,1,0,106,3,0,0,0,32,0.03763635494644697,0.07248563711188023,0.0,0.0,0.99,8,exponential
q_learning,sparse_seed2,sparse,2,4a77b6e251,41,225,-11.250000000000025,-11.250000000000025,0.9211963166241796,0.15,0,out_of_energy,0,0,1,0,99,23,0,0,0,46,0.03943026100559546,0.07287558431320916,0.0,0.0,0.99,8,exponential
q_learning,sparse_seed2,sparse,2,4a77b6e251,42,225,-11.250000000000025,-11.250000000000025,0.9193539239909312,0.15,0,out_of_energy,0,0,1,0,104,42,0,0,0,46,0.03629992110182421,0.08298486857213253,0.0,0.0,0.99,8,exponential
q_learning,sparse_seed2,sparse,2,4a77b6e251,43,225,-11.250000000000025,-11.250000000000023,0.9175152161429493,0.15,0,out_of_energy,0,0,1,0,116,17,0,0,0,41,0.03678778516679087,0.07717591772230487,0.0,0.0,0.99,8,exponential
q_learning,sparse_seed2,sparse,2,4a77b6e251,44,225,-11.250000000000025,-11.250000000000023,0.9156801857106633,0.15,0,out_of_energy,0,0,1,0,98,14,0,0,0,54,0.03938476125790467,0.08668645734410704,0.0,0.0,0.99,8,exponential
q_learning,sparse_seed2,sparse,2,4a77b6e251,45,225,-11.250000000000025,-11.250000000000023,0.913848825339242,0.15,0,out_of_energy,0,0,1,0,93,15,0,0,0,40,0.03874883964590096,0.0847729556604314,0.0,0.0,0.99,8,exponential
q_learning,sparse_seed2,sparse,2,4a77b6e251,46,225,-11.250000000000025,-11.250000000000023,0.9120211276885636,0.15,0,out_of_energy,0,0,1,0,98,6,0,0,0,51,0.03657380851115639,0.08869503468718055,0.0,0.0,0.99,8,exponential
q_learning,sparse_seed2,sparse,2,4a77b6e251,47,225,-11.250000000000025,-11.250000000000021,0.9101970854331864,0.15,0,out_of_energy,0,0,1,0,112,17,0,0,0,33,0.03834900407656769,0.09703135144090819,0.0,0.0,0.99,8,exponential
q_learning,sparse_seed2,sparse,2,4a77b6e251,48,225,-11.250000000000025,-11.250000000000027,0.9083766912623201,0.15,0,out_of_energy,0,0,1,0,105,8,0,0,0,36,0.037897297019260257,0.07625602491284092,0.0,0.0,0.99,8,exponential
q_learning,sparse_seed2,sparse,2,4a77b6e251,49,225,-11.250000000000025,-11.250000000000025,0.9065599378797955,0.15,0,out_of_energy,0,0,1,0,108,9,0,0,0,43,0.03951290207602686,0.06565899454744246,0.0,0.0,0.99,8,exponential
q_learning,sparse_seed2,sparse,2,4a77b6e251,50,225,-11.250000000000025,-11.250000000000025,0.9047468180040359,0.15,0,out_of_energy,0,0,1,0,106,9,0,0,0,48,0.040323735457055046,0.08915999516827691,0.0,0.0,0.99,8,exponential
q_learning,sparse_seed2,sparse,2,4a77b6e251,51,225,-11.250000000000025,-11.250000000000025,0.9029373243680279,0.15,0,out_of_energy,0,0,1,0,106,0,0,0,0,39,0.0379103186449665,0.0689734971565625,0.0,0.0,0.99,8,exponential
q_learning,sparse_seed2,sparse,2,4a77b6e251,52,225,-11.250000000000025,-11.250000000000025,0.9011314497192918,0.15,0,out_of_energy,0,0,1,0,109,24,0,0,0,38,0.039021231190534786,0.0749576232337301,0.0,0.0,0.99,8,exponential
q_learning,sparse_seed2,sparse,2,4a77b6e251,53,225,-11.250000000000025,-11.250000000000023,0.8993291868198532,0.15,0,out_of_energy,0,0,1,0,97,3,0,0,0,44,0.03681658023956826,0.07969964017715972,0.0,0.0,0.99,8,exponential
q_learning,sparse_seed2,sparse,2,4a77b6e251,54,225,-11.250000000000025,-11.250000000000023,0.8975305284462135,0.15,0,out_of_energy,0,0,1,0,112,6,0,0,0,40,0.039641001194224465,0.07930601149437501,0.0,0.0,0.99,8,exponential
q_learning,sparse_seed2,sparse,2,4a77b6e251,55,225,-11.250000000000025,-11.250000000000023,0.8957354673893211,0.15,0,out_of_energy,0,0,1,0,108,21,0,0,0,46,0.03786457384290385,0.10180558799798582,0.0,0.0,0.99,8,exponential
q_learning,sparse_seed2,sparse,2,4a77b6e251,56,225,-11.250000000000025,-11.250000000000027,0.8939439964545425,0.15,0,out_of_energy,0,0,1,0,102,13,0,0,0,61,0.041147079409838624,0.0803730576875,0.0,0.0,0.99,8,exponential
q_learning,sparse_seed2,sparse,2,4a77b6e251,57,225,-11.250000000000025,-11.250000000000027,0.8921561084616334,0.15,0,out_of_energy,0,0,1,0,104,13,0,0,0,52,0.03869966376581317,0.09136114560226094,0.0,0.0,0.99,8,exponential
q_learning,sparse_seed2,sparse,2,4a77b6e251,58,225,-11.250000000000025,-11.250000000000025,0.8903717962447101,0.15,0,out_of_energy,0,0,1,0,111,7,0,0,0,49,0.04054890502054088,0.14158138445610646,0.0,0.0,0.99,8,exponential
q_learning,sparse_seed2,sparse,2,4a77b6e251,59,225,-11.250000000000025,-11.250000000000025,0.8885910526522206,0.15,0,out_of_energy,0,0,1,0,102,11,0,0,0,50,0.036973442607929834,0.07621586802994954,0.0,0.0,0.99,8,exponential
q_learning,sparse_seed2,sparse,2,4a77b6e251,60,225,-11.250000000000025,-11.250000000000025,0.8868138705469162,0.15,0,out_of_energy,0,0,1,0,108,0,0,0,0,44,0.037951293673988855,0.08025917693858933,0.0,0.0,0.99,8,exponential
q_learning,sparse_seed2,sparse,2,4a77b6e251,61,225,-11.250000000000025,-11.250000000000025,0.8850402428058224,0.15,0,out_of_energy,0,0,1,0,106,9,0,0,0,50,0.04068443939682835,0.09209840943426253,0.0,0.0,0.99,8,exponential
q_learning,sparse_seed2,sparse,2,4a77b6e251,62,225,-11.250000000000025,-11.250000000000023,0.8832701623202107,0.15,0,out_of_energy,0,0,1,0,98,22,0,0,0,48,0.038030794674612435,0.07277879335073281,0.0,0.0,0.99,8,exponential
q_learning,sparse_seed2,sparse,2,4a77b6e251,63,225,-11.250000000000025,-11.250000000000023,0.8815036219955703,0.15,0,out_of_energy,0,0,1,0,87,5,0,0,0,46,0.04132375909849108,0.08515400926113595,0.0,0.0,0.99,8,exponential
q_learning,sparse_seed2,sparse,2,4a77b6e251,64,225,-11.250000000000025,-11.250000000000027,0.8797406147515792,0.15,0,out_of_energy,0,0,1,0,91,19,0,0,0,45,0.041763080978858266,0.07951473236065579,0.0,0.0,0.99,8,exponential
q_learning,sparse_seed2,sparse,2,4a77b6e251,65,225,-11.250000000000025,-11.250000000000027,0.877981133522076,0.15,0,out_of_energy,0,0,1,0,101,30,0,0,0,45,0.04091732653418783,0.0900968240352864,0.0,0.0,0.99,8,exponential
q_learning,sparse_seed2,sparse,2,4a77b6e251,66,225,-11.250000000000025,-11.250000000000027,0.8762251712550319,0.15,0,out_of_energy,0,0,1,0,101,13,0,0,0,50,0.0398404856195824,0.0834772779613854,0.0,0.0,0.99,8,exponential
q_learning,sparse_seed2,sparse,2,4a77b6e251,67,225,-11.250000000000025,-11.250000000000025,0.8744727209125218,0.15,0,out_of_energy,0,0,1,0,112,0,0,0,0,36,0.03842984646345434,0.09875646730346865,0.0,0.0,0.99,8,exponential
q_learning,sparse_seed2,sparse,2,4a77b6e251,68,225,-11.250000000000025,-11.250000000000025,0.8727237754706968,0.15,0,out_of_energy,0,0,1,0,103,2,0,0,0,43,0.038572886661020045,0.07113919953125,0.0,0.0,0.99,8,exponential
q_learning,sparse_seed2,sparse,2,4a77b6e251,69,225,-11.250000000000025,-11.250000000000025,0.8709783279197554,0.15,0,out_of_energy,0,0,1,0,97,16,0,0,0,43,0.03877402776449039,0.07896499731647771,0.0,0.0,0.99,8,exponential
q_learning,sparse_seed2,sparse,2,4a77b6e251,70,225,-11.250000000000025,-11.250000000000025,0.8692363712639158,0.15,0,out_of_energy,0,0,1,0,99,23,0,0,0,42,0.03921359785075096,0.11320224001112542,0.0,0.0,0.99,8,exponential
q_learning,sparse_seed2,sparse,2,4a77b6e251,71,225,-11.250000000000025,-11.250000000000025,0.867497898521388,0.15,0,out_of_energy,0,0,1,0,100,12,1,0,0,35,0.04011371913137754,0.08405614437118647,0.0,0.0,0.99,8,exponential
q_learning,sparse_seed2,sparse,2,4a77b6e251,72,225,-11.250000000000025,-11.250000000000027,0.8657629027243453,0.15,0,out_of_energy,0,0,1,0,123,12,0,0,0,50,0.03781438120720526,0.07351600647716457,0.0,0.0,0.99,8,exponential
q_learning,sparse_seed2,sparse,2,4a77b6e251,73,225,-11.250000000000025,-11.250000000000027,0.8640313769188966,0.15,0,out_of_energy,0,0,1,0,86,15,0,0,0,43,0.038413690809997424,0.13372716989056033,0.0,0.0,0.99,8,exponential
q_learning,sparse_seed2,sparse,2,4a77b6e251,74,225,-11.250000000000025,-11.250000000000027,0.8623033141650589,0.15,0,out_of_energy,0,0,1,0,108,18,0,0,0,44,0.0373392173628205,0.08932563097544305,0.0,0.0,0.99,8,exponential
q_learning,sparse_seed2,sparse,2,4a77b6e251,75,225,-11.250000000000025,-11.250000000000027,0.8605787075367288,0.15,0,out_of_energy,0,0,1,0,104,12,3,0,0,47,0.04189630673248855,0.1074702221244111,0.0,0.0,0.99,8,exponential
q_learning,sparse_seed2,sparse,2,4a77b6e251,76,225,-11.250000000000025,-11.250000000000025,0.8588575501216553,0.15,0,out_of_energy,0,0,1,0,102,0,0,0,0,45,0.03831885422444163,0.08800230650933435,0.0,0.0,0.99,8,exponential
q_learning,sparse_seed2,sparse,2,4a77b6e251,77,225,-11.250000000000025,-11.250000000000025,0.857139835021412,0.15,0,out_of_energy,0,0,1,0,91,9,0,0,0,53,0.03935677428024991,0.0988750740720265,0.0,0.0,0.99,8,exponential
q_learning,sparse_seed2,sparse,2,4a77b6e251,78,225,-11.250000000000025,-11.250000000000025,0.8554255553513692,0.15,0,out_of_energy,0,0,1,0,97,13,0,0,0,49,0.0385715437521099,0.0691008125,0.0,0.0,0.99,8,exponential
q_learning,sparse_seed2,sparse,2,4a77b6e251,79,225,-11.250000000000025,-11.250000000000025,0.8537147042406664,0.15,0,out_of_energy,0,0,1,0,103,15,0,0,0,46,0.03830153731387816,0.1023342468463227,0.0,0.0,0.99,8,exponential
q_learning,sparse_seed2,sparse,2,4a77b6e251,80,225,-11.250000000000025,-11.250000000000027,0.8520072748321851,0.15,0,out_of_energy,0,0,1,0,100,3,0,0,0,44,0.03792466842304085,0.07944292616946623,0.0,0.0,0.99,8,exponential
q_learning,sparse_seed2,sparse,2,4a77b6e251,81,225,-11.250000000000025,-11.250000000000027,0.8503032602825207,0.15,0,out_of_energy,0,0,1,0,119,2,0,0,0,44,0.038525787891406364,0.12163446321330636,0.0,0.0,0.99,8,exponential
q_learning,sparse_seed2,sparse,2,4a77b6e251,82,225,-11.250000000000025,-11.250000000000027,0.8486026537619556,0.15,0,out_of_energy,0,0,1,0,104,8,0,0,0,44,0.037965903123888145,0.07263589878466647,0.0,0.0,0.99,8,exponential
q_learning,sparse_seed2,sparse,2,4a77b6e251,83,225,-11.250000000000025,-11.250000000000027,0.8469054484544317,0.15,0,out_of_energy,0,0,1,0,119,11,0,0,0,42,0.03787214524066422,0.08994066325394026,0.0,0.0,0.99,8,exponential
q_learning,sparse_seed2,sparse,2,4a77b6e251,84,225,-11.250000000000025,-11.250000000000025,0.8452116375575228,0.15,0,out_of_energy,0,0,1,0,114,0,0,0,0,44,0.03601675547711602,0.11885629035439488,0.0,0.0,0.99,8,exponential
q_learning,sparse_seed2,sparse,2,4a77b6e251,85,225,-11.250000000000025,-11.250000000000025,0.8435212142824078,0.15,0,out_of_energy,0,0,1,0,88,8,0,0,0,45,0.04137373340466472,0.08330075062870226,0.0,0.0,0.99,8,exponential
q_learning,sparse_seed2,sparse,2,4a77b6e251,86,225,-11.250000000000025,-11.250000000000025,0.841834171853843,0.15,0,out_of_energy,0,0,1,0,111,2,0,0,0,49,0.038047860401700356,0.08319892035748884,0.0,0.0,0.99,8,exponential
q_learning,sparse_seed2,sparse,2,4a77b6e251,87,225,-11.250000000000025,-11.250000000000025,0.8401505035101353,0.15,0,out_of_energy,0,0,1,0,118,2,0,0,0,44,0.039211368424041,0.11821879669373558,0.0,0.0,0.99,8,exponential
q_learning,sparse_seed2,sparse,2,4a77b6e251,88,225,-11.250000000000025,-11.250000000000027,0.838470202503115,0.15,0,out_of_energy,0,0,1,0,105,1,0,0,0,48,0.038564470721644976,0.07292280429885292,0.0,0.0,0.99,8,exponential
q_learning,sparse_seed2,sparse,2,4a77b6e251,89,225,-11.250000000000025,-11.250000000000027,0.8367932620981088,0.15,0,out_of_energy,0,0,1,0,99,21,0,0,0,51,0.03880866112215551,0.13458944699108635,0.0,0.0,0.99,8,exponential
q_learning,sparse_seed2,sparse,2,4a77b6e251,90,225,-11.250000000000025,-11.250000000000027,0.8351196755739125,0.15,0,out_of_energy,0,0,1,0,99,5,0,0,0,46,0.03757771522097351,0.0916633882196395,0.0,0.0,0.99,8,exponential
q_learning,sparse_seed2,sparse,2,4a77b6e251,91,225,-11.250000000000025,-11.250000000000027,0.8334494362227647,0.15,0,out_of_energy,0,0,1,0,109,8,0,0,0,46,0.03773695711358783,0.10408667207790809,0.0,0.0,0.99,8,exponential
q_learning,sparse_seed2,sparse,2,4a77b6e251,92,225,-11.250000000000025,-11.250000000000027,0.8317825373503192,0.15,0,out_of_energy,0,0,1,0,113,3,0,0,0,41,0.037534916141460144,0.08674097062781486,0.0,0.0,0.99,8,exponential
q_learning,sparse_seed2,sparse,2,4a77b6e251,93,225,-11.250000000000025,-11.250000000000027,0.8301189722756185,0.15,0,out_of_energy,0,0,1,0,107,33,0,0,0,45,0.04097095427687641,0.08772056980923595,0.0,0.0,0.99,8,exponential
q_learning,sparse_seed2,sparse,2,4a77b6e251,94,225,-11.250000000000025,-11.250000000000027,0.8284587343310672,0.15,0,out_of_energy,0,0,1,0,98,5,0,0,0,61,0.03848723327587358,0.11386245099657907,0.0,0.0,0.99,8,exponential
q_learning,sparse_seed2,sparse,2,4a77b6e251,95,225,-11.250000000000025,-11.250000000000027,0.8268018168624051,0.15,0,out_of_energy,0,0,1,0,104,20,0,0,0,49,0.03997897896914727,0.09859809879135956,0.0,0.0,0.99,8,exponential
q_learning,sparse_seed2,sparse,2,4a77b6e251,96,225,-11.250000000000025,-11.250000000000027,0.8251482132286803,0.15,0,out_of_energy,0,0,1,0,99,6,0,0,0,48,0.03996386403191469,0.1271651026051307,0.0,0.0,0.99,8,exponential
q_learning,sparse_seed2,sparse,2,4a77b6e251,97,225,-11.250000000000025,-11.250000000000027,0.823497916802223,0.15,0,out_of_energy,0,0,1,0,92,16,0,0,0,50,0.04189856959016892,0.08844130058072594,0.0,0.0,0.99,8,exponential
q_learning,sparse_seed2,sparse,2,4a77b6e251,98,225,-11.250000000000025,-11.250000000000025,0.8218509209686186,0.15,0,out_of_energy,0,0,1,0,112,11,0,0,0,43,0.0377780192645251,0.13760094588644028,0.0,0.0,0.99,8,exponential
q_learning,sparse_seed2,sparse,2,4a77b6e251,99,225,-11.250000000000025,-11.250000000000025,0.8202072191266814,0.15,0,out_of_energy,0,0,1,0,84,10,0,0,0,49,0.04113583457269465,0.12032235072240999,0.0,0.0,0.99,8,exponential
q_learning,sparse_seed2,sparse,2,4a77b6e251,100,225,-11.250000000000025,-11.250000000000025,0.818566804688428,0.15,0,out_of_energy,0,0,1,0,102,11,0,0,0,48,0.04078051765162029,0.07238006286908863,0.0,0.0,0.99,8,exponential
q_learning,sparse_seed2,sparse,2,4a77b6e251,101,225,-11.250000000000025,-11.250000000000025,0.8169296710790511,0.15,0,out_of_energy,0,0,1,0,106,5,0,0,0,45,0.039395692648445155,0.153150947805423,0.0,0.0,0.99,8,exponential
q_learning,sparse_seed2,sparse,2,4a77b6e251,102,225,-11.250000000000025,-11.250000000000025,0.815295811736893,0.15,0,out_of_energy,0,0,1,0,89,11,4,0,0,47,0.039126879435812945,0.11296397016426665,0.0,0.0,0.99,8,exponential
q_learning,sparse_seed2,sparse,2,4a77b6e251,103,225,-11.250000000000025,-11.250000000000025,0.8136652201134192,0.15,0,out_of_energy,0,0,1,0,106,4,0,0,0,49,0.03844235170276929,0.10986350031965625,0.0,0.0,0.99,8,exponential
q_learning,sparse_seed2,sparse,2,4a77b6e251,104,225,-11.250000000000025,-11.250000000000025,0.8120378896731923,0.15,0,out_of_energy,0,0,1,0,85,8,0,0,0,43,0.03913839258344533,0.10954110602073422,0.0,0.0,0.99,8,exponential
q_learning,sparse_seed2,sparse,2,4a77b6e251,105,225,-11.250000000000025,-11.250000000000025,0.8104138138938459,0.15,0,out_of_energy,0,0,1,0,107,6,0,0,0,38,0.03900661850455213,0.09408045542385989,0.0,0.0,0.99,8,exponential
q_learning,sparse_seed2,sparse,2,4a77b6e251,106,225,-11.250000000000025,-11.250000000000025,0.8087929862660582,0.15,0,out_of_energy,0,0,1,0,109,38,3,0,0,41,0.03981565923647895,0.09832909547529042,0.0,0.0,0.99,8,exponential
q_learning,sparse_seed2,sparse,2,4a77b6e251,107,225,-11.250000000000025,-11.250000000000025,0.8071754002935261,0.15,0,out_of_energy,0,0,1,0,102,11,0,0,0,36,0.04041961618884206,0.09895816013616865,0.0,0.0,0.99,8,exponential
q_learning,sparse_seed2,sparse,2,4a77b6e251,108,225,-11.250000000000025,-11.250000000000025,0.805561049492939,0.15,0,out_of_energy,0,0,1,0,98,5,0,0,0,44,0.03709799573372916,0.07812080832268284,0.0,0.0,0.99,8,exponential
q_learning,sparse_seed2,sparse,2,4a77b6e251,109,225,-11.250000000000025,-11.250000000000025,0.8039499273939532,0.15,0,out_of_energy,0,0,1,0,92,0,0,0,0,42,0.03822807336188567,0.08098130599475548,0.0,0.0,0.99,8,exponential
q_learning,sparse_seed2,sparse,2,4a77b6e251,110,225,-11.250000000000025,-11.250000000000025,0.8023420275391653,0.15,0,out_of_energy,0,0,1,0,115,24,0,0,0,37,0.03863789542462539,0.08481716604370262,0.0,0.0,0.99,8,exponential
q_learning,sparse_seed2,sparse,2,4a77b6e251,111,225,-11.250000000000025,-11.250000000000025,0.800737343484087,0.15,0,out_of_energy,0,0,1,0,116,4,0,0,0,43,0.04069184035772365,0.09492867444935832,0.0,0.0,0.99,8,exponential
q_learning,sparse_seed2,sparse,2,4a77b6e251,112,225,-11.250000000000025,-11.250000000000025,0.7991358687971188,0.15,0,out_of_energy,0,0,1,0,91,35,0,0,0,39,0.04056988924557678,0.09710643471062244,0.0,0.0,0.99,8,exponential
q_learning,sparse_seed2,sparse,2,4a77b6e251,113,225,-11.250000000000025,-11.250000000000025,0.7975375970595246,0.15,0,out_of_energy,0,0,1,0,95,7,1,0,0,41,0.042018763494304244,0.12175177626277592,0.0,0.0,0.99,8,exponential
q_learning,sparse_seed2,sparse,2,4a77b6e251,114,225,-11.250000000000025,-11.250000000000025,0.7959425218654056,0.15,0,out_of_energy,0,0,1,0,84,10,2,0,0,41,0.04030924479785284,0.10135906624381386,0.0,0.0,0.99,8,exponential
q_learning,sparse_seed2,sparse,2,4a77b6e251,115,225,-11.250000000000025,-11.250000000000025,0.7943506368216747,0.15,0,out_of_energy,0,0,1,0,125,0,0,0,0,45,0.04057215531515966,0.1035440206368389,0.0,0.0,0.99,8,exponential
q_learning,sparse_seed2,sparse,2,4a77b6e251,116,225,-11.250000000000025,-11.250000000000025,0.7927619355480314,0.15,0,out_of_energy,0,0,1,0,122,10,0,0,0,49,0.037256368442968195,0.0778511645856046,0.0,0.0,0.99,8,exponential
q_learning,sparse_seed2,sparse,2,4a77b6e251,117,225,-11.250000000000025,-11.250000000000025,0.7911764116769353,0.15,0,out_of_energy,0,0,1,0,106,6,0,0,0,39,0.040869056993505494,0.10169355119077189,0.0,0.0,0.99,8,exponential
q_learning,sparse_seed2,sparse,2,4a77b6e251,118,225,-11.250000000000025,-11.250000000000025,0.7895940588535815,0.15,0,out_of_energy,0,0,1,0,97,26,0,0,0,45,0.03760057048180332,0.12197365879105977,0.0,0.0,0.99,8,exponential
q_learning,sparse_seed2,sparse,2,4a77b6e251,119,225,-11.250000000000025,-11.250000000000025,0.7880148707358743,0.15,0,out_of_energy,0,0,1,0,118,27,0,0,0,52,0.03829818033330689,0.10051668074787988,0.0,0.0,0.99,8,exponential
q_learning,sparse_seed2,sparse,2,4a77b6e251,120,225,-11.250000000000025,-11.250000000000025,0.7864388409944025,0.15,0,out_of_energy,0,0,1,0,111,14,0,0,0,36,0.03761384707732277,0.08199698496775042,0.0,0.0,0.99,8,exponential
q_learning,sparse_seed2,sparse,2,4a77b6e251,121,225,-11.250000000000025,-11.250000000000025,0.7848659633124138,0.15,0,out_of_energy,0,0,1,0,103,3,0,0,0,44,0.03862599803182601,0.08503032259076164,0.0,0.0,0.99,8,exponential
q_learning,sparse_seed2,sparse,2,4a77b6e251,122,225,-11.250000000000025,-11.250000000000025,0.783296231385789,0.15,0,out_of_energy,0,0,1,0,100,2,0,0,0,46,0.03708400913029471,0.07931373750227476,0.0,0.0,0.99,8,exponential
q_learning,sparse_seed2,sparse,2,4a77b6e251,123,225,-11.250000000000025,-11.250000000000025,0.7817296389230174,0.15,0,out_of_energy,0,0,1,0,102,13,0,0,0,46,0.04015789242233753,0.09613736850034951,0.0,0.0,0.99,8,exponential
q_learning,sparse_seed2,sparse,2,4a77b6e251,124,225,-11.250000000000025,-11.250000000000025,0.7801661796451713,0.15,0,out_of_energy,0,0,1,0,106,9,0,0,0,49,0.03851825279784888,0.1027396389081009,0.0,0.0,0.99,8,exponential
q_learning,sparse_seed2,sparse,2,4a77b6e251,125,225,-11.250000000000025,-11.250000000000025,0.778605847285881,0.15,0,out_of_energy,0,0,1,0,98,4,0,0,0,51,0.03951758508745161,0.12328615944509624,0.0,0.0,0.99,8,exponential
q_learning,sparse_seed2,sparse,2,4a77b6e251,126,225,-11.250000000000025,-11.250000000000025,0.7770486355913092,0.15,0,out_of_energy,0,0,1,0,107,12,0,0,0,32,0.04167215259881982,0.09254411636450746,0.0,0.0,0.99,8,exponential
q_learning,sparse_seed2,sparse,2,4a77b6e251,127,225,-11.250000000000025,-11.250000000000025,0.7754945383201266,0.15,0,out_of_energy,0,0,1,0,110,7,0,0,0,52,0.03993111585830446,0.15362135707277505,0.0,0.0,0.99,8,exponential
q_learning,sparse_seed2,sparse,2,4a77b6e251,128,225,-11.250000000000025,-11.250000000000025,0.7739435492434863,0.15,0,out_of_energy,0,0,1,0,100,7,0,0,0,51,0.04119128234036476,0.12988795960289296,0.0,0.0,0.99,8,exponential
q_learning,sparse_seed2,sparse,2,4a77b6e251,129,225,-11.250000000000025,-11.250000000000025,0.7723956621449993,0.15,0,out_of_energy,0,0,1,0,104,3,0,0,0,37,0.03878840164300456,0.06521077375595563,0.0,0.0,0.99,8,exponential
q_learning,sparse_seed2,sparse,2,4a77b6e251,130,225,-11.250000000000025,-11.250000000000025,0.7708508708207094,0.15,0,out_of_energy,0,0,1,0,97,8,0,0,0,52,0.03987956331106476,0.17789527595735355,0.0,0.0,0.99,8,exponential
q_learning,sparse_seed2,sparse,2,4a77b6e251,131,225,-11.250000000000025,-11.250000000000025,0.769309169079068,0.15,0,out_of_energy,0,0,1,0,89,5,0,0,0,35,0.041391475253373666,0.13379500386785323,0.0,0.0,0.99,8,exponential
q_learning,sparse_seed2,sparse,2,4a77b6e251,132,225,-11.250000000000025,-11.250000000000025,0.7677705507409098,0.15,0,out_of_energy,0,0,1,0,101,9,0,0,0,50,0.03860460014520176,0.08262625606289613,0.0,0.0,0.99,8,exponential
q_learning,sparse_seed2,sparse,2,4a77b6e251,133,225,-11.250000000000025,-11.250000000000025,0.766235009639428,0.15,0,out_of_energy,0,0,1,0,95,13,0,0,0,40,0.041901633324073956,0.10616167899796025,0.0,0.0,0.99,8,exponential
q_learning,sparse_seed2,sparse,2,4a77b6e251,134,225,-11.250000000000025,-11.250000000000025,0.7647025396201492,0.15,0,out_of_energy,0,0,1,0,104,24,0,0,0,57,0.03977628177108018,0.10275795950931962,0.0,0.0,0.99,8,exponential
q_learning,sparse_seed2,sparse,2,4a77b6e251,135,225,-11.250000000000025,-11.250000000000025,0.763173134540909,0.15,0,out_of_energy,0,0,1,0,114,8,0,0,0,42,0.04270509400456003,0.0870994794039613,0.0,0.0,0.99,8,exponential
q_learning,sparse_seed2,sparse,2,4a77b6e251,136,225,-11.250000000000025,-11.250000000000025,0.7616467882718272,0.15,0,out_of_energy,0,0,1,0,106,9,0,0,0,60,0.03964428894737662,0.08457452793014454,0.0,0.0,0.99,8,exponential
q_learning,sparse_seed2,sparse,2,4a77b6e251,137,225,-11.250000000000025,-11.250000000000025,0.7601234946952835,0.15,0,out_of_energy,0,0,1,0,84,5,0,0,0,48,0.03925055030611391,0.0947654889274468,0.0,0.0,0.99,8,exponential
q_learning,sparse_seed2,sparse,2,4a77b6e251,138,225,-11.250000000000025,-11.250000000000025,0.7586032477058929,0.15,0,out_of_energy,0,0,1,0,116,18,0,0,0,50,0.039867645006393816,0.11182975771316461,0.0,0.0,0.99,8,exponential
q_learning,sparse_seed2,sparse,2,4a77b6e251,139,225,-11.250000000000025,-11.250000000000025,0.7570860412104812,0.15,0,out_of_energy,0,0,1,0,90,18,0,0,0,43,0.03931029031255308,0.13888839118239502,0.0,0.0,0.99,8,exponential
q_learning,sparse_seed2,sparse,2,4a77b6e251,140,225,-11.250000000000025,-11.250000000000025,0.7555718691280602,0.15,0,out_of_energy,0,0,1,0,85,9,0,0,0,41,0.04042345032401297,0.10359749557224499,0.0,0.0,0.99,8,exponential
q_learning,sparse_seed2,sparse,2,4a77b6e251,141,225,-11.250000000000025,-11.250000000000025,0.7540607253898041,0.15,0,out_of_energy,0,0,1,0,104,4,0,0,0,44,0.04069788897062277,0.1703492744028661,0.0,0.0,0.99,8,exponential
q_learning,sparse_seed2,sparse,2,4a77b6e251,142,225,-11.250000000000025,-11.250000000000025,0.7525526039390245,0.15,0,out_of_energy,0,0,1,0,78,9,0,0,0,50,0.03908472467751892,0.11851171819735287,0.0,0.0,0.99,8,exponential
q_learning,sparse_seed2,sparse,2,4a77b6e251,143,225,-11.250000000000025,-11.250000000000025,0.7510474987311464,0.15,0,out_of_energy,0,0,1,0,112,11,0,0,0,53,0.03940393682225415,0.10303120989457018,0.0,0.0,0.99,8,exponential
q_learning,sparse_seed2,sparse,2,4a77b6e251,144,225,-11.250000000000025,-11.250000000000025,0.7495454037336841,0.15,0,out_of_energy,0,0,1,0,85,17,0,0,0,56,0.04167628301894209,0.16128323275632178,0.0,0.0,0.99,8,exponential
q_learning,sparse_seed2,sparse,2,4a77b6e251,145,225,-11.250000000000025,-11.250000000000025,0.7480463129262167,0.15,0,out_of_energy,0,0,1,0,107,4,0,0,0,54,0.04152928109699199,0.14968802615090843,0.0,0.0,0.99,8,exponential
q_learning,sparse_seed2,sparse,2,4a77b6e251,146,225,-11.250000000000025,-11.250000000000025,0.7465502203003642,0.15,0,out_of_energy,0,0,1,0,87,23,0,0,0,54,0.0411378668453663,0.1218690316483772,0.0,0.0,0.99,8,exponential
q_learning,sparse_seed2,sparse,2,4a77b6e251,147,225,-11.250000000000025,-11.250000000000025,0.7450571198597635,0.15,0,out_of_energy,0,0,1,0,99,21,0,0,0,44,0.041387525949379396,0.0926105916502381,0.0,0.0,0.99,8,exponential
q_learning,sparse_seed2,sparse,2,4a77b6e251,148,225,-11.250000000000025,-11.250000000000025,0.743567005620044,0.15,0,out_of_energy,0,0,1,0,110,2,0,0,0,53,0.039660742399936784,0.16045064925114383,0.0,0.0,0.99,8,exponential
q_learning,sparse_seed2,sparse,2,4a77b6e251,149,225,-11.250000000000025,-11.250000000000025,0.7420798716088038,0.15,0,out_of_energy,0,0,1,0,93,4,0,0,0,55,0.0395093805896296,0.12590526735293794,0.0,0.0,0.99,8,exponential
q_learning,sparse_seed2,sparse,2,4a77b6e251,150,225,-11.250000000000025,-11.250000000000025,0.7405957118655863,0.15,0,out_of_energy,0,0,1,0,95,24,0,0,0,38,0.04147849081678935,0.09358616988868818,0.0,0.0,0.99,8,exponential
q_learning,sparse_seed2,sparse,2,4a77b6e251,151,225,-11.250000000000025,-11.250000000000025,0.7391145204418551,0.15,0,out_of_energy,0,0,1,0,102,14,0,0,0,39,0.03956355633137193,0.11032555730236557,0.0,0.0,0.99,8,exponential
q_learning,sparse_seed2,sparse,2,4a77b6e251,152,225,-11.250000000000025,-11.250000000000025,0.7376362914009714,0.15,0,out_of_energy,0,0,1,0,97,3,0,0,0,45,0.04239165020357685,0.0955902259183975,0.0,0.0,0.99,8,exponential
q_learning,sparse_seed2,sparse,2,4a77b6e251,153,225,-11.250000000000025,-11.250000000000025,0.7361610188181695,0.15,0,out_of_energy,0,0,1,0,100,3,0,0,0,41,0.040509990720334725,0.12639525801713464,0.0,0.0,0.99,8,exponential
q_learning,sparse_seed2,sparse,2,4a77b6e251,154,225,-11.250000000000025,-11.250000000000025,0.7346886967805332,0.15,0,out_of_energy,0,0,1,0,113,5,0,0,0,48,0.04178773038319112,0.08678071507269686,0.0,0.0,0.99,8,exponential
q_learning,sparse_seed2,sparse,2,4a77b6e251,155,225,-11.250000000000025,-11.250000000000025,0.733219319386972,0.15,0,out_of_energy,0,0,1,0,85,5,0,0,0,45,0.039582245997740496,0.12043579220402961,0.0,0.0,0.99,8,exponential
q_learning,sparse_seed2,sparse,2,4a77b6e251,156,225,-11.250000000000025,-11.250000000000025,0.7317528807481981,0.15,0,out_of_energy,0,0,1,0,101,21,0,0,0,41,0.03911516947783384,0.0703077491689407,0.0,0.0,0.99,8,exponential
q_learning,sparse_seed2,sparse,2,4a77b6e251,157,225,-11.250000000000025,-11.250000000000025,0.7302893749867018,0.15,0,out_of_energy,0,0,1,0,115,6,0,0,0,46,0.040325003283890784,0.15526734714208318,0.0,0.0,0.99,8,exponential
q_learning,sparse_seed2,sparse,2,4a77b6e251,158,225,-11.250000000000025,-11.250000000000025,0.7288287962367284,0.15,0,out_of_energy,0,0,1,0,110,25,0,0,0,43,0.04197656323332889,0.08795650702750676,0.0,0.0,0.99,8,exponential
q_learning,sparse_seed2,sparse,2,4a77b6e251,159,225,-11.250000000000025,-11.250000000000025,0.727371138644255,0.15,0,out_of_energy,0,0,1,0,105,0,0,0,0,52,0.041238510863866054,0.10605365884421186,0.0,0.0,0.99,8,exponential
q_learning,sparse_seed2,sparse,2,4a77b6e251,160,225,-11.250000000000025,-11.250000000000025,0.7259163963669665,0.15,0,out_of_energy,0,0,1,0,96,2,0,0,0,51,0.04260915030690496,0.1383925690122898,0.0,0.0,0.99,8,exponential
q_learning,sparse_seed2,sparse,2,4a77b6e251,161,225,-11.250000000000025,-11.250000000000025,0.7244645635742325,0.15,0,out_of_energy,0,0,1,0,88,9,0,0,0,39,0.04304693645952,0.13121759323735377,0.0,0.0,0.99,8,exponential
q_learning,sparse_seed2,sparse,2,4a77b6e251,162,225,-11.250000000000025,-11.250000000000025,0.723015634447084,0.15,0,out_of_energy,0,0,1,0,114,11,0,0,0,38,0.040955545132159904,0.10520593878216458,0.0,0.0,0.99,8,exponential
q_learning,sparse_seed2,sparse,2,4a77b6e251,163,225,-11.250000000000025,-11.250000000000025,0.7215696031781899,0.15,0,out_of_energy,0,0,1,0,115,18,0,0,0,37,0.03846764995278524,0.08469806399786159,0.0,0.0,0.99,8,exponential
q_learning,sparse_seed2,sparse,2,4a77b6e251,164,225,-11.250000000000025,-11.250000000000025,0.7201264639718334,0.15,0,out_of_energy,0,0,1,0,95,4,0,0,0,40,0.03859530121046284,0.11292946695550199,0.0,0.0,0.99,8,exponential
q_learning,sparse_seed2,sparse,2,4a77b6e251,165,225,-11.250000000000025,-11.250000000000025,0.7186862110438897,0.15,0,out_of_energy,0,0,1,0,103,6,0,0,0,36,0.03937694164255482,0.08444477628835304,0.0,0.0,0.99,8,exponential
q_learning,sparse_seed2,sparse,2,4a77b6e251,166,225,-11.250000000000025,-11.250000000000025,0.717248838621802,0.15,0,out_of_energy,0,0,1,0,104,8,0,0,0,41,0.04172570201499279,0.10506565609998303,0.0,0.0,0.99,8,exponential
q_learning,sparse_seed2,sparse,2,4a77b6e251,167,225,-11.250000000000025,-11.250000000000025,0.7158143409445584,0.15,0,out_of_energy,0,0,1,0,108,7,0,0,0,41,0.04024387697538087,0.1012655393341318,0.0,0.0,0.99,8,exponential
q_learning,sparse_seed2,sparse,2,4a77b6e251,168,225,-11.250000000000025,-11.250000000000025,0.7143827122626694,0.15,0,out_of_energy,0,0,1,0,104,10,0,0,0,46,0.04219796424882172,0.17412489902525746,0.0,0.0,0.99,8,exponential
q_learning,sparse_seed2,sparse,2,4a77b6e251,169,225,-11.250000000000025,-11.250000000000025,0.7129539468381441,0.15,0,out_of_energy,0,0,1,0,106,49,0,0,0,49,0.040745448608715915,0.07695798615565624,0.0,0.0,0.99,8,exponential
q_learning,sparse_seed2,sparse,2,4a77b6e251,170,225,-11.250000000000025,-11.250000000000025,0.7115280389444678,0.15,0,out_of_energy,0,0,1,0,93,7,0,0,0,30,0.03864472266977853,0.08548927573309453,0.0,0.0,0.99,8,exponential
q_learning,sparse_seed2,sparse,2,4a77b6e251,171,225,-11.250000000000025,-11.250000000000025,0.7101049828665789,0.15,0,out_of_energy,0,0,1,0,103,2,0,0,0,41,0.038941146531706654,0.09634752923279188,0.0,0.0,0.99,8,exponential
q_learning,sparse_seed2,sparse,2,4a77b6e251,172,225,-11.250000000000025,-11.250000000000025,0.7086847729008457,0.15,0,out_of_energy,0,0,1,0,89,8,0,0,0,47,0.04116919050577208,0.10885348844317685,0.0,0.0,0.99,8,exponential
q_learning,sparse_seed2,sparse,2,4a77b6e251,173,225,-11.250000000000025,-11.250000000000025,0.707267403355044,0.15,0,out_of_energy,0,0,1,0,97,11,3,0,0,42,0.04067821979923687,0.10537612354974871,0.0,0.0,0.99,8,exponential
q_learning,sparse_seed2,sparse,2,4a77b6e251,174,225,-11.250000000000025,-11.250000000000025,0.705852868548334,0.15,0,out_of_energy,0,0,1,0,113,19,0,0,0,33,0.04172021978417027,0.10488767109154902,0.0,0.0,0.99,8,exponential
q_learning,sparse_seed2,sparse,2,4a77b6e251,175,225,-11.250000000000025,-11.250000000000025,0.7044411628112373,0.15,0,out_of_energy,0,0,1,0,100,12,0,0,0,41,0.04119621099620166,0.13951563158536098,0.0,0.0,0.99,8,exponential
q_learning,sparse_seed2,sparse,2,4a77b6e251,176,225,-11.250000000000025,-11.250000000000025,0.7030322804856147,0.15,0,out_of_energy,0,0,1,0,86,11,0,0,0,51,0.04076874606727843,0.09042293263661866,0.0,0.0,0.99,8,exponential
q_learning,sparse_seed2,sparse,2,4a77b6e251,177,225,-11.250000000000025,-11.250000000000025,0.7016262159246435,0.15,0,out_of_energy,0,0,1,0,94,14,0,0,0,48,0.0409373561312603,0.12274115857976972,0.0,0.0,0.99,8,exponential
q_learning,sparse_seed2,sparse,2,4a77b6e251,178,225,-11.250000000000025,-11.250000000000025,0.7002229634927942,0.15,0,out_of_energy,0,0,1,0,105,23,0,0,0,42,0.040844813090085884,0.08822190666640944,0.0,0.0,0.99,8,exponential
q_learning,sparse_seed2,sparse,2,4a77b6e251,179,225,-11.250000000000025,-11.250000000000025,0.6988225175658086,0.15,0,out_of_energy,0,0,1,0,94,12,0,0,0,44,0.04240578367410765,0.14349026478128868,0.0,0.0,0.99,8,exponential
q_learning,sparse_seed2,sparse,2,4a77b6e251,180,225,-11.250000000000025,-11.250000000000025,0.697424872530677,0.15,0,out_of_energy,0,0,1,0,87,8,1,0,0,43,0.03955321915610809,0.09338780305193645,0.0,0.0,0.99,8,exponential
q_learning,sparse_seed2,sparse,2,4a77b6e251,181,225,-11.250000000000025,-11.250000000000025,0.6960300227856157,0.15,0,out_of_energy,0,0,1,0,97,3,0,0,0,47,0.039140615134631206,0.07481735473601946,0.0,0.0,0.99,8,exponential
q_learning,sparse_seed2,sparse,2,4a77b6e251,182,225,-11.250000000000025,-11.250000000000025,0.6946379627400444,0.15,0,out_of_energy,0,0,1,0,95,23,0,0,0,50,0.041831996367369596,0.10132396412116745,0.0,0.0,0.99,8,exponential
q_learning,sparse_seed2,sparse,2,4a77b6e251,183,225,-11.250000000000025,-11.250000000000025,0.6932486868145643,0.15,0,out_of_energy,0,0,1,0,112,1,0,0,0,45,0.04128171910472612,0.12762659537385496,0.0,0.0,0.99,8,exponential
q_learning,sparse_seed2,sparse,2,4a77b6e251,184,225,-11.250000000000025,-11.250000000000025,0.6918621894409351,0.15,0,out_of_energy,0,0,1,0,91,12,0,0,0,36,0.04009340212976443,0.1468840547022785,0.0,0.0,0.99,8,exponential
q_learning,sparse_seed2,sparse,2,4a77b6e251,185,225,-11.250000000000025,-11.250000000000025,0.6904784650620532,0.15,0,out_of_energy,0,0,1,0,81,9,0,0,0,54,0.0404580003090829,0.10413460061040358,0.0,0.0,0.99,8,exponential
q_learning,sparse_seed2,sparse,2,4a77b6e251,186,225,-11.250000000000025,-11.250000000000025,0.6890975081319292,0.15,0,out_of_energy,0,0,1,0,97,16,2,0,0,41,0.04301976798426973,0.1298637431036144,0.0,0.0,0.99,8,exponential
q_learning,sparse_seed2,sparse,2,4a77b6e251,187,225,-11.250000000000025,-11.250000000000025,0.6877193131156653,0.15,0,out_of_energy,0,0,1,0,103,46,0,0,0,47,0.041494993147806206,0.146788715958814,0.0,0.0,0.99,8,exponential
q_learning,sparse_seed2,sparse,2,4a77b6e251,188,225,-11.250000000000025,-11.250000000000025,0.6863438744894339,0.15,0,out_of_energy,0,0,1,0,111,1,0,0,0,45,0.042821235992319406,0.09911900928212347,0.0,0.0,0.99,8,exponential
q_learning,sparse_seed2,sparse,2,4a77b6e251,189,225,-11.250000000000025,-11.250000000000025,0.684971186740455,0.15,0,out_of_energy,0,0,1,0,107,3,0,0,0,47,0.03988940971447002,0.08187139993173168,0.0,0.0,0.99,8,exponential
q_learning,sparse_seed2,sparse,2,4a77b6e251,190,225,-11.250000000000025,-11.250000000000025,0.6836012443669741,0.15,0,out_of_energy,0,0,1,0,104,11,0,0,0,53,0.04083607135961347,0.09886191714233367,0.0,0.0,0.99,8,exponential
q_learning,sparse_seed2,sparse,2,4a77b6e251,191,225,-11.250000000000025,-11.250000000000025,0.6822340418782402,0.15,0,out_of_energy,0,0,1,0,105,23,0,0,0,39,0.04208475980859345,0.10628057653652612,0.0,0.0,0.99,8,exponential
q_learning,sparse_seed2,sparse,2,4a77b6e251,192,225,-11.250000000000025,-11.250000000000025,0.6808695737944838,0.15,0,out_of_energy,0,0,1,0,106,14,0,0,0,36,0.04037615498471839,0.10596809231733584,0.0,0.0,0.99,8,exponential
q_learning,sparse_seed2,sparse,2,4a77b6e251,193,225,-11.250000000000025,-11.250000000000025,0.6795078346468948,0.15,0,out_of_energy,0,0,1,0,97,7,0,0,0,47,0.04145433360247925,0.12132714733910402,0.0,0.0,0.99,8,exponential
q_learning,sparse_seed2,sparse,2,4a77b6e251,194,225,-11.250000000000025,-11.250000000000025,0.678148818977601,0.15,0,out_of_energy,0,0,1,0,94,8,3,0,0,40,0.041811481195903596,0.21388713968065276,0.0,0.0,0.99,8,exponential
q_learning,sparse_seed2,sparse,2,4a77b6e251,195,225,-11.250000000000025,-11.250000000000025,0.6767925213396458,0.15,0,out_of_energy,0,0,1,0,88,1,0,0,0,50,0.039289168821764704,0.09436559067542444,0.0,0.0,0.99,8,exponential
q_learning,sparse_seed2,sparse,2,4a77b6e251,196,225,-11.250000000000025,-11.250000000000025,0.6754389362969666,0.15,0,out_of_energy,0,0,1,0,91,28,0,0,0,42,0.04138202565253656,0.11202586430469036,0.0,0.0,0.99,8,exponential
q_learning,sparse_seed2,sparse,2,4a77b6e251,197,225,-11.250000000000025,-11.250000000000025,0.6740880584243727,0.15,0,out_of_energy,0,0,1,0,115,32,0,0,0,40,0.040995973804700235,0.07274350330964167,0.0,0.0,0.99,8,exponential
q_learning,sparse_seed2,sparse,2,4a77b6e251,198,225,-11.250000000000025,-11.250000000000025,0.6727398823075239,0.15,0,out_of_energy,0,0,1,0,95,32,0,0,0,39,0.039452402963188214,0.11890690035682555,0.0,0.0,0.99,8,exponential
q_learning,sparse_seed2,sparse,2,4a77b6e251,199,225,-11.250000000000025,-11.250000000000025,0.6713944025429088,0.15,0,out_of_energy,0,0,1,0,110,29,0,0,0,43,0.042572643027684744,0.10788831626991277,0.0,0.0,0.99,8,exponential
q_learning,sparse_seed2,sparse,2,4a77b6e251,200,225,-11.250000000000025,-11.250000000000025,0.670051613737823,0.15,0,out_of_energy,0,0,1,0,107,5,0,0,0,56,0.042071065294116874,0.10744903970355418,0.0,0.0,0.99,8,exponential
q_learning,sparse_seed2,sparse,2,4a77b6e251,201,225,-11.250000000000025,-11.250000000000025,0.6687115105103473,0.15,0,out_of_energy,0,0,1,0,97,39,0,0,0,48,0.04197224479957028,0.1283085030540103,0.0,0.0,0.99,8,exponential
q_learning,sparse_seed2,sparse,2,4a77b6e251,202,225,-11.250000000000025,-11.250000000000025,0.6673740874893266,0.15,0,out_of_energy,0,0,1,0,94,13,1,0,0,47,0.041968143460473596,0.17459976571606256,0.0,0.0,0.99,8,exponential
q_learning,sparse_seed2,sparse,2,4a77b6e251,203,225,-11.250000000000025,-11.250000000000025,0.6660393393143479,0.15,0,out_of_energy,0,0,1,0,90,8,0,0,0,36,0.040477542951681794,0.10739323899371567,0.0,0.0,0.99,8,exponential
q_learning,sparse_seed2,sparse,2,4a77b6e251,204,225,-11.250000000000025,-11.250000000000025,0.6647072606357192,0.15,0,out_of_energy,0,0,1,0,99,30,0,0,0,48,0.04255551491343424,0.14947680394898355,0.0,0.0,0.99,8,exponential
q_learning,sparse_seed2,sparse,2,4a77b6e251,205,225,-11.250000000000025,-11.250000000000025,0.6633778461144477,0.15,0,out_of_energy,0,0,1,0,117,11,0,0,0,46,0.040585444840890716,0.15339051285848487,0.0,0.0,0.99,8,exponential
q_learning,sparse_seed2,sparse,2,4a77b6e251,206,225,-11.250000000000025,-11.250000000000025,0.6620510904222189,0.15,0,out_of_energy,0,0,1,0,102,15,0,0,0,48,0.04322819080782131,0.11483699563174116,0.0,0.0,0.99,8,exponential
q_learning,sparse_seed2,sparse,2,4a77b6e251,207,225,-11.250000000000025,-11.250000000000025,0.6607269882413744,0.15,0,out_of_energy,0,0,1,0,99,18,0,0,0,48,0.042173245145599086,0.16191632244074883,0.0,0.0,0.99,8,exponential
q_learning,sparse_seed2,sparse,2,4a77b6e251,208,225,-11.250000000000025,-11.250000000000025,0.6594055342648917,0.15,0,out_of_energy,0,0,1,0,87,14,0,0,0,41,0.04115677422699101,0.20041571899076527,0.0,0.0,0.99,8,exponential
q_learning,sparse_seed2,sparse,2,4a77b6e251,209,225,-11.250000000000025,-11.250000000000025,0.6580867231963619,0.15,0,out_of_energy,0,0,1,0,106,8,0,0,0,50,0.04154773991748348,0.10322371877668923,0.0,0.0,0.99,8,exponential
q_learning,sparse_seed2,sparse,2,4a77b6e251,210,225,-11.250000000000025,-11.250000000000025,0.6567705497499692,0.15,0,out_of_energy,0,0,1,0,93,0,0,0,0,40,0.04226436489272748,0.15658470643803543,0.0,0.0,0.99,8,exponential
q_learning,sparse_seed2,sparse,2,4a77b6e251,211,225,-11.250000000000025,-11.250000000000025,0.6554570086504692,0.15,0,out_of_energy,0,0,1,0,97,3,5,0,0,52,0.041369425444140975,0.12315948500326465,0.0,0.0,0.99,8,exponential
q_learning,sparse_seed2,sparse,2,4a77b6e251,212,225,-11.250000000000025,-11.250000000000025,0.6541460946331682,0.15,0,out_of_energy,0,0,1,0,114,20,0,0,0,34,0.04187720760982526,0.17093401909639483,0.0,0.0,0.99,8,exponential
q_learning,sparse_seed2,sparse,2,4a77b6e251,213,225,-11.250000000000025,-11.250000000000025,0.6528378024439019,0.15,0,out_of_energy,0,0,1,0,90,14,0,0,0,38,0.03954316231102906,0.08299129952319251,0.0,0.0,0.99,8,exponential
q_learning,sparse_seed2,sparse,2,4a77b6e251,214,225,-11.250000000000025,-11.250000000000025,0.6515321268390141,0.15,0,out_of_energy,0,0,1,0,108,2,0,0,0,44,0.041403502749728364,0.11596891016798871,0.0,0.0,0.99,8,exponential
q_learning,sparse_seed2,sparse,2,4a77b6e251,215,225,-11.250000000000025,-11.250000000000025,0.6502290625853361,0.15,0,out_of_energy,0,0,1,0,105,14,0,0,0,38,0.04303425944377835,0.10367465641166955,0.0,0.0,0.99,8,exponential
q_learning,sparse_seed2,sparse,2,4a77b6e251,216,225,-11.250000000000025,-11.250000000000025,0.6489286044601654,0.15,0,out_of_energy,0,0,1,0,107,4,0,0,0,44,0.04213817736946786,0.10258594117560815,0.0,0.0,0.99,8,exponential
q_learning,sparse_seed2,sparse,2,4a77b6e251,217,225,-11.250000000000025,-11.250000000000025,0.6476307472512451,0.15,0,out_of_energy,0,0,1,0,103,1,0,0,0,44,0.04188964594195826,0.10463880378089442,0.0,0.0,0.99,8,exponential
q_learning,sparse_seed2,sparse,2,4a77b6e251,218,225,-11.250000000000025,-11.250000000000025,0.6463354857567426,0.15,0,out_of_energy,0,0,1,0,112,26,0,0,0,46,0.04275350045639499,0.11394311789512451,0.0,0.0,0.99,8,exponential
q_learning,sparse_seed2,sparse,2,4a77b6e251,219,225,-11.250000000000025,-11.250000000000025,0.6450428147852291,0.15,0,out_of_energy,0,0,1,0,85,19,6,0,0,52,0.042093415443474,0.14251311972966194,0.0,0.0,0.99,8,exponential
q_learning,sparse_seed2,sparse,2,4a77b6e251,220,225,-11.250000000000025,-11.250000000000025,0.6437527291556586,0.15,0,out_of_energy,0,0,1,0,96,22,0,0,0,44,0.0429607989747634,0.1068783406242379,0.0,0.0,0.99,8,exponential
q_learning,sparse_seed2,sparse,2,4a77b6e251,221,225,-11.250000000000025,-11.250000000000025,0.6424652236973473,0.15,0,out_of_energy,0,0,1,0,100,20,0,0,0,49,0.042691464030905575,0.10306883132516867,0.0,0.0,0.99,8,exponential
q_learning,sparse_seed2,sparse,2,4a77b6e251,222,225,-11.250000000000025,-11.250000000000025,0.6411802932499525,0.15,0,out_of_energy,0,0,1,0,90,4,0,0,0,39,0.04318416928650694,0.0790349431940412,0.0,0.0,0.99,8,exponential
q_learning,sparse_seed2,sparse,2,4a77b6e251,223,225,-11.250000000000025,-11.250000000000025,0.6398979326634526,0.15,0,out_of_energy,0,0,1,0,108,10,0,0,0,41,0.04200978084902929,0.09730908114320408,0.0,0.0,0.99,8,exponential
q_learning,sparse_seed2,sparse,2,4a77b6e251,224,225,-11.250000000000025,-11.250000000000025,0.6386181367981257,0.15,0,out_of_energy,0,0,1,0,93,21,0,0,0,46,0.04173243174746744,0.11977328505251689,0.0,0.0,0.99,8,exponential
q_learning,sparse_seed2,sparse,2,4a77b6e251,225,225,-11.250000000000025,-11.250000000000025,0.6373409005245295,0.15,0,out_of_energy,0,0,1,0,98,14,0,0,0,48,0.04150375675506856,0.10113120675549118,0.0,0.0,0.99,8,exponential
q_learning,sparse_seed2,sparse,2,4a77b6e251,226,225,-11.250000000000025,-11.250000000000025,0.6360662187234805,0.15,0,out_of_energy,0,0,1,0,86,19,0,0,0,40,0.04116070699763033,0.13356599462567692,0.0,0.0,0.99,8,exponential
q_learning,sparse_seed2,sparse,2,4a77b6e251,227,225,-11.250000000000025,-11.250000000000025,0.6347940862860335,0.15,0,out_of_energy,0,0,1,0,102,0,0,0,0,47,0.04168739719496902,0.19487050015409738,0.0,0.0,0.99,8,exponential
q_learning,sparse_seed2,sparse,2,4a77b6e251,228,225,-11.250000000000025,-11.250000000000025,0.6335244981134615,0.15,0,out_of_energy,0,0,1,0,90,12,0,0,0,49,0.04130499734180388,0.09275461069578272,0.0,0.0,0.99,8,exponential
q_learning,sparse_seed2,sparse,2,4a77b6e251,229,225,-11.250000000000025,-11.250000000000025,0.6322574491172346,0.15,0,out_of_energy,0,0,1,0,102,16,0,0,0,36,0.04206973574908578,0.19495356768407052,0.0,0.0,0.99,8,exponential
q_learning,sparse_seed2,sparse,2,4a77b6e251,230,225,-11.250000000000025,-11.250000000000025,0.6309929342190002,0.15,0,out_of_energy,0,0,1,0,98,23,0,0,0,56,0.04340754543207199,0.15947156488040015,0.0,0.0,0.99,8,exponential
q_learning,sparse_seed2,sparse,2,4a77b6e251,231,225,-11.250000000000025,-11.250000000000025,0.6297309483505622,0.15,0,out_of_energy,0,0,1,0,97,2,0,0,0,43,0.041636356267744284,0.08520018039504865,0.0,0.0,0.99,8,exponential
q_learning,sparse_seed2,sparse,2,4a77b6e251,232,225,-11.250000000000025,-11.250000000000025,0.6284714864538611,0.15,0,out_of_energy,0,0,1,0,106,13,4,0,0,40,0.042486429404167476,0.1396554796740596,0.0,0.0,0.99,8,exponential
q_learning,sparse_seed2,sparse,2,4a77b6e251,233,225,-11.250000000000025,-11.250000000000025,0.6272145434809534,0.15,0,out_of_energy,0,0,1,0,112,13,0,0,0,43,0.041290752759348175,0.13225547429148754,0.0,0.0,0.99,8,exponential
q_learning,sparse_seed2,sparse,2,4a77b6e251,234,225,-11.250000000000025,-11.250000000000025,0.6259601143939915,0.15,0,out_of_energy,0,0,1,0,97,14,0,0,0,42,0.04229287924072592,0.12670678863660645,0.0,0.0,0.99,8,exponential
q_learning,sparse_seed2,sparse,2,4a77b6e251,235,225,-11.250000000000025,-11.250000000000025,0.6247081941652035,0.15,0,out_of_energy,0,0,1,0,106,2,0,0,0,34,0.04452132331213903,0.08615100985064274,0.0,0.0,0.99,8,exponential
q_learning,sparse_seed2,sparse,2,4a77b6e251,236,225,-11.250000000000025,-11.250000000000025,0.6234587777768731,0.15,0,out_of_energy,0,0,1,0,95,38,0,0,0,46,0.0432543202757686,0.11047296871816042,0.0,0.0,0.99,8,exponential
q_learning,sparse_seed2,sparse,2,4a77b6e251,237,225,-11.250000000000025,-11.250000000000025,0.6222118602213194,0.15,0,out_of_energy,0,0,1,0,96,2,6,0,0,40,0.042709295777239205,0.17199971459584548,0.0,0.0,0.99,8,exponential
q_learning,sparse_seed2,sparse,2,4a77b6e251,238,225,-11.250000000000025,-11.250000000000025,0.6209674365008767,0.15,0,out_of_energy,0,0,1,0,87,2,2,0,0,36,0.04368818304234209,0.13632406862755556,0.0,0.0,0.99,8,exponential
q_learning,sparse_seed2,sparse,2,4a77b6e251,239,225,-11.250000000000025,-11.250000000000025,0.619725501627875,0.15,0,out_of_energy,0,0,1,0,105,3,0,0,0,29,0.04270342174569357,0.07918410017587514,0.0,0.0,0.99,8,exponential
q_learning,sparse_seed2,sparse,2,4a77b6e251,240,225,-11.250000000000025,-11.250000000000025,0.6184860506246193,0.15,0,out_of_energy,0,0,1,0,108,20,0,0,0,40,0.04318955124218685,0.13116770654655618,0.0,0.0,0.99,8,exponential
q_learning,sparse_seed2,sparse,2,4a77b6e251,241,225,-11.250000000000025,-11.250000000000025,0.61724907852337,0.15,0,out_of_energy,0,0,1,0,94,19,1,0,0,37,0.0442429293749478,0.11418231005830778,0.0,0.0,0.99,8,exponential
q_learning,sparse_seed2,sparse,2,4a77b6e251,242,225,-11.250000000000025,-11.250000000000025,0.6160145803663232,0.15,0,out_of_energy,0,0,1,0,90,21,0,0,0,44,0.04226336476545156,0.17541793582297335,0.0,0.0,0.99,8,exponential
q_learning,sparse_seed2,sparse,2,4a77b6e251,243,225,-11.250000000000025,-11.250000000000025,0.6147825512055906,0.15,0,out_of_energy,0,0,1,0,104,4,0,0,0,49,0.04280509181639315,0.11464931721420418,0.0,0.0,0.99,8,exponential
q_learning,sparse_seed2,sparse,2,4a77b6e251,244,225,-11.250000000000025,-11.250000000000025,0.6135529861031793,0.15,0,out_of_energy,0,0,1,0,95,29,0,0,0,41,0.04076795036624877,0.07684723264172655,0.0,0.0,0.99,8,exponential
q_learning,sparse_seed2,sparse,2,4a77b6e251,245,225,-11.250000000000025,-11.250000000000025,0.612325880130973,0.15,0,out_of_energy,0,0,1,0,125,19,0,0,0,38,0.042143279344554495,0.1223974548279833,0.0,0.0,0.99,8,exponential
q_learning,sparse_seed2,sparse,2,4a77b6e251,246,225,-11.250000000000025,-11.250000000000025,0.611101228370711,0.15,0,out_of_energy,0,0,1,0,98,4,2,0,0,45,0.042503708364398485,0.11399573052077255,0.0,0.0,0.99,8,exponential
q_learning,sparse_seed2,sparse,2,4a77b6e251,247,225,-11.250000000000025,-11.250000000000025,0.6098790259139696,0.15,0,out_of_energy,0,0,1,0,94,12,0,0,0,44,0.04411508932273187,0.10133322430538289,0.0,0.0,0.99,8,exponential
q_learning,sparse_seed2,sparse,2,4a77b6e251,248,225,-11.250000000000025,-11.250000000000025,0.6086592678621416,0.15,0,out_of_energy,0,0,1,0,88,40,0,0,0,45,0.04191193893172218,0.13031320244809058,0.0,0.0,0.99,8,exponential
q_learning,sparse_seed2,sparse,2,4a77b6e251,249,225,-11.250000000000025,-11.250000000000025,0.6074419493264174,0.15,0,out_of_energy,0,0,1,0,97,19,0,0,0,45,0.043270582213992825,0.16661544748995666,0.0,0.0,0.99,8,exponential
q_learning,sparse_seed2,sparse,2,4a77b6e251,250,225,-11.250000000000025,-11.250000000000025,0.6062270654277645,0.15,0,out_of_energy,0,0,1,0,103,3,0,0,0,47,0.04261496913285931,0.17515838386070676,0.0,0.0,0.99,8,exponential
q_learning,sparse_seed2,sparse,2,4a77b6e251,251,225,-11.250000000000025,-11.250000000000025,0.6050146112969089,0.15,0,out_of_energy,0,0,1,0,95,15,0,0,0,37,0.04291464053785538,0.1181825093180838,0.0,0.0,0.99,8,exponential
q_learning,sparse_seed2,sparse,2,4a77b6e251,252,225,-11.250000000000025,-11.250000000000025,0.6038045820743151,0.15,0,out_of_energy,0,0,1,0,93,10,5,0,0,43,0.04305208260211463,0.08794560822864189,0.0,0.0,0.99,8,exponential
q_learning,sparse_seed2,sparse,2,4a77b6e251,253,225,-11.250000000000025,-11.250000000000025,0.6025969729101665,0.15,0,out_of_energy,0,0,1,0,103,3,0,0,0,45,0.04307356590163784,0.11213336434511093,0.0,0.0,0.99,8,exponential
q_learning,sparse_seed2,sparse,2,4a77b6e251,254,225,-11.250000000000025,-11.250000000000025,0.6013917789643461,0.15,0,out_of_energy,0,0,1,0,88,14,0,0,0,38,0.042710413600072154,0.14977514140122428,0.0,0.0,0.99,8,exponential
q_learning,sparse_seed2,sparse,2,4a77b6e251,255,225,-11.250000000000025,-11.250000000000025,0.6001889954064175,0.15,0,out_of_energy,0,0,1,0,117,9,0,0,0,43,0.04291610413716233,0.15256583698247006,0.0,0.0,0.99,8,exponential
q_learning,sparse_seed2,sparse,2,4a77b6e251,256,225,-11.250000000000025,-11.250000000000025,0.5989886174156046,0.15,0,out_of_energy,0,0,1,0,95,3,1,0,0,50,0.04395924956266424,0.11475427384161294,0.0,0.0,0.99,8,exponential
q_learning,sparse_seed2,sparse,2,4a77b6e251,257,225,-11.250000000000025,-11.250000000000025,0.5977906401807734,0.15,0,out_of_energy,0,0,1,0,101,18,0,0,0,47,0.0397636098191857,0.12683132405512593,0.0,0.0,0.99,8,exponential
q_learning,sparse_seed2,sparse,2,4a77b6e251,258,225,-11.250000000000025,-11.250000000000025,0.5965950589004119,0.15,0,out_of_energy,0,0,1,0,84,17,0,0,0,49,0.04263783315494032,0.120523972229641,0.0,0.0,0.99,8,exponential
q_learning,sparse_seed2,sparse,2,4a77b6e251,259,225,-11.250000000000025,-11.250000000000025,0.595401868782611,0.15,0,out_of_energy,0,0,1,0,90,14,0,0,0,43,0.04284031273454191,0.12875429360477486,0.0,0.0,0.99,8,exponential
q_learning,sparse_seed2,sparse,2,4a77b6e251,260,225,-11.250000000000025,-11.250000000000025,0.5942110650450458,0.15,0,out_of_energy,0,0,1,0,95,21,0,0,0,44,0.042907243193193535,0.19655402983313766,0.0,0.0,0.99,8,exponential
q_learning,sparse_seed2,sparse,2,4a77b6e251,261,225,-11.250000000000025,-11.250000000000025,0.5930226429149558,0.15,0,out_of_energy,0,0,1,0,99,18,0,0,0,51,0.04271971785174517,0.08869503203954088,0.0,0.0,0.99,8,exponential
q_learning,sparse_seed2,sparse,2,4a77b6e251,262,225,-11.250000000000025,-11.250000000000025,0.5918365976291259,0.15,0,out_of_energy,0,0,1,0,87,31,0,0,0,42,0.041923933105605125,0.09279718225401534,0.0,0.0,0.99,8,exponential
q_learning,sparse_seed2,sparse,2,4a77b6e251,263,225,-11.250000000000025,-11.250000000000025,0.5906529244338676,0.15,0,out_of_energy,0,0,1,0,102,13,0,0,0,41,0.04452164241279797,0.18448568839562868,0.0,0.0,0.99,8,exponential
q_learning,sparse_seed2,sparse,2,4a77b6e251,264,225,-11.250000000000025,-11.250000000000025,0.5894716185849999,0.15,0,out_of_energy,0,0,1,0,95,16,0,0,0,46,0.04286472127627336,0.14725269993845275,0.0,0.0,0.99,8,exponential
q_learning,sparse_seed2,sparse,2,4a77b6e251,265,225,-11.250000000000025,-11.250000000000025,0.5882926753478298,0.15,0,out_of_energy,0,0,1,0,93,31,0,0,0,43,0.043582209834223895,0.1295068243256634,0.0,0.0,0.99,8,exponential
q_learning,sparse_seed2,sparse,2,4a77b6e251,266,225,-11.250000000000025,-11.250000000000025,0.5871160899971342,0.15,0,out_of_energy,0,0,1,0,99,10,0,0,0,42,0.042687518608285784,0.12588704978487136,0.0,0.0,0.99,8,exponential
q_learning,sparse_seed2,sparse,2,4a77b6e251,267,225,-11.250000000000025,-11.250000000000025,0.5859418578171399,0.15,0,out_of_energy,0,0,1,0,104,31,0,0,0,44,0.04145929148153171,0.07695540829553449,0.0,0.0,0.99,8,exponential
q_learning,sparse_seed2,sparse,2,4a77b6e251,268,225,-11.250000000000025,-11.250000000000025,0.5847699741015057,0.15,0,out_of_energy,0,0,1,0,92,11,0,0,0,48,0.04262158940998189,0.09667225633768489,0.0,0.0,0.99,8,exponential
q_learning,sparse_seed2,sparse,2,4a77b6e251,269,225,-11.250000000000025,-11.250000000000025,0.5836004341533026,0.15,0,out_of_energy,0,0,1,0,108,9,0,0,0,52,0.04254154346335212,0.1652079087586572,0.0,0.0,0.99,8,exponential
q_learning,sparse_seed2,sparse,2,4a77b6e251,270,225,-11.250000000000025,-11.250000000000025,0.5824332332849961,0.15,0,out_of_energy,0,0,1,0,96,29,0,0,0,39,0.0420403735151661,0.10225948378524286,0.0,0.0,0.99,8,exponential
q_learning,sparse_seed2,sparse,2,4a77b6e251,271,225,-11.250000000000025,-11.250000000000025,0.5812683668184261,0.15,0,out_of_energy,0,0,1,0,101,19,0,0,0,45,0.043955408645222495,0.12477901035963286,0.0,0.0,0.99,8,exponential
q_learning,sparse_seed2,sparse,2,4a77b6e251,272,225,-11.250000000000025,-11.250000000000025,0.5801058300847892,0.15,0,out_of_energy,0,0,1,0,85,25,0,0,0,46,0.04341969654584814,0.10028992553769278,0.0,0.0,0.99,8,exponential
q_learning,sparse_seed2,sparse,2,4a77b6e251,273,225,-11.250000000000025,-11.250000000000025,0.5789456184246197,0.15,0,out_of_energy,0,0,1,0,119,14,0,0,0,43,0.04327330229360167,0.1441616492620555,0.0,0.0,0.99,8,exponential
q_learning,sparse_seed2,sparse,2,4a77b6e251,274,225,-11.250000000000025,-11.250000000000025,0.5777877271877704,0.15,0,out_of_energy,0,0,1,0,107,26,0,0,0,32,0.04254015799830541,0.13530460396670516,0.0,0.0,0.99,8,exponential
q_learning,sparse_seed2,sparse,2,4a77b6e251,275,225,-11.250000000000025,-11.250000000000025,0.5766321517333949,0.15,0,out_of_energy,0,0,1,0,87,19,1,0,0,54,0.0437614116191638,0.15629796825275943,0.0,0.0,0.99,8,exponential
q_learning,sparse_seed2,sparse,2,4a77b6e251,276,225,-11.250000000000025,-11.250000000000025,0.5754788874299281,0.15,0,out_of_energy,0,0,1,0,98,7,0,0,0,46,0.04355078557001121,0.17613503217645857,0.0,0.0,0.99,8,exponential
q_learning,sparse_seed2,sparse,2,4a77b6e251,277,225,-11.250000000000025,-11.250000000000025,0.5743279296550683,0.15,0,out_of_energy,0,0,1,0,101,11,0,0,0,40,0.04256672813044489,0.23432437959493724,0.0,0.0,0.99,8,exponential
q_learning,sparse_seed2,sparse,2,4a77b6e251,278,225,-11.250000000000025,-11.250000000000025,0.5731792737957582,0.15,0,out_of_energy,0,0,1,0,99,8,0,0,0,50,0.041906332367845495,0.12045704091098224,0.0,0.0,0.99,8,exponential
q_learning,sparse_seed2,sparse,2,4a77b6e251,279,225,-11.250000000000025,-11.250000000000025,0.5720329152481667,0.15,0,out_of_energy,0,0,1,0,110,1,0,0,0,44,0.04285520136090676,0.16060703299749937,0.0,0.0,0.99,8,exponential
q_learning,sparse_seed2,sparse,2,4a77b6e251,280,225,-11.250000000000025,-11.250000000000025,0.5708888494176704,0.15,0,out_of_energy,0,0,1,0,97,4,0,0,0,57,0.04176580642722754,0.11595895515516778,0.0,0.0,0.99,8,exponential
q_learning,sparse_seed2,sparse,2,4a77b6e251,281,225,-11.250000000000025,-11.250000000000025,0.569747071718835,0.15,0,out_of_energy,0,0,1,0,110,7,0,0,0,48,0.04100568921875799,0.07382325981926526,0.0,0.0,0.99,8,exponential
q_learning,sparse_seed2,sparse,2,4a77b6e251,282,225,-11.250000000000025,-11.250000000000025,0.5686075775753973,0.15,0,out_of_energy,0,0,1,0,103,8,0,0,0,44,0.04231024098364855,0.12905788085883393,0.0,0.0,0.99,8,exponential
q_learning,sparse_seed2,sparse,2,4a77b6e251,283,225,-11.250000000000025,-11.250000000000025,0.5674703624202465,0.15,0,out_of_energy,0,0,1,0,91,2,0,0,0,38,0.04301063076162245,0.13380378064096904,0.0,0.0,0.99,8,exponential
q_learning,sparse_seed2,sparse,2,4a77b6e251,284,225,-11.250000000000025,-11.250000000000025,0.5663354216954061,0.15,0,out_of_energy,0,0,1,0,106,24,0,0,0,49,0.040743599045767964,0.07688759348199543,0.0,0.0,0.99,8,exponential
q_learning,sparse_seed2,sparse,2,4a77b6e251,285,225,-11.250000000000025,-11.250000000000025,0.5652027508520152,0.15,0,out_of_energy,0,0,1,0,107,31,0,0,0,36,0.04335883135941924,0.11998394197345306,0.0,0.0,0.99,8,exponential
q_learning,sparse_seed2,sparse,2,4a77b6e251,286,225,-11.250000000000025,-11.250000000000025,0.5640723453503111,0.15,0,out_of_energy,0,0,1,0,84,22,0,0,0,42,0.04157633232560576,0.07399860064025793,0.0,0.0,0.99,8,exponential
q_learning,sparse_seed2,sparse,2,4a77b6e251,287,225,-11.250000000000025,-11.250000000000025,0.5629442006596105,0.15,0,out_of_energy,0,0,1,0,102,15,0,0,0,48,0.04275345613101791,0.16269395487033392,0.0,0.0,0.99,8,exponential
q_learning,sparse_seed2,sparse,2,4a77b6e251,288,225,-11.250000000000025,-11.250000000000025,0.5618183122582913,0.15,0,out_of_energy,0,0,1,0,83,22,2,0,0,40,0.043532855218719996,0.08665218204204206,0.0,0.0,0.99,8,exponential
q_learning,sparse_seed2,sparse,2,4a77b6e251,289,225,-11.250000000000025,-11.250000000000025,0.5606946756337747,0.15,0,out_of_energy,0,0,1,0,97,11,1,0,0,59,0.042061116904955294,0.11734384539625868,0.0,0.0,0.99,8,exponential
q_learning,sparse_seed2,sparse,2,4a77b6e251,290,225,-11.250000000000025,-11.250000000000025,0.5595732862825071,0.15,0,out_of_energy,0,0,1,0,99,7,0,0,0,42,0.04329244636583987,0.15532839629482006,0.0,0.0,0.99,8,exponential
q_learning,sparse_seed2,sparse,2,4a77b6e251,291,225,-11.250000000000025,-11.250000000000025,0.5584541397099421,0.15,0,out_of_energy,0,0,1,0,107,15,0,0,0,42,0.04168251510642521,0.13552642114227179,0.0,0.0,0.99,8,exponential
q_learning,sparse_seed2,sparse,2,4a77b6e251,292,225,-11.250000000000025,-11.250000000000025,0.5573372314305222,0.15,0,out_of_energy,0,0,1,0,99,23,0,0,0,47,0.042446129623171076,0.09952613958913112,0.0,0.0,0.99,8,exponential
q_learning,sparse_seed2,sparse,2,4a77b6e251,293,225,-11.250000000000025,-11.250000000000025,0.5562225569676611,0.15,0,out_of_energy,0,0,1,0,115,1,0,0,0,41,0.043567040428449104,0.16122878258295514,0.0,0.0,0.99,8,exponential
q_learning,sparse_seed2,sparse,2,4a77b6e251,294,225,-11.250000000000025,-11.250000000000025,0.5551101118537257,0.15,0,out_of_energy,0,0,1,0,102,17,0,0,0,36,0.04253333703970318,0.2175521582934848,0.0,0.0,0.99,8,exponential
q_learning,sparse_seed2,sparse,2,4a77b6e251,295,225,-11.250000000000025,-11.250000000000025,0.5539998916300183,0.15,0,out_of_energy,0,0,1,0,104,31,0,0,0,42,0.04201310037122651,0.13432160841640106,0.0,0.0,0.99,8,exponential
q_learning,sparse_seed2,sparse,2,4a77b6e251,296,225,-11.250000000000025,-11.250000000000025,0.5528918918467582,0.15,0,out_of_energy,0,0,1,0,106,1,0,0,0,40,0.043733131785081966,0.1697717294405315,0.0,0.0,0.99,8,exponential
q_learning,sparse_seed2,sparse,2,4a77b6e251,297,225,-11.250000000000025,-11.250000000000025,0.5517861080630647,0.15,0,out_of_energy,0,0,1,0,97,15,0,0,0,56,0.04334078229173503,0.19031192272395597,0.0,0.0,0.99,8,exponential
q_learning,sparse_seed2,sparse,2,4a77b6e251,298,225,-11.250000000000025,-11.250000000000025,0.5506825358469386,0.15,0,out_of_energy,0,0,1,0,106,19,0,0,0,42,0.04229206520496782,0.17663474583838978,0.0,0.0,0.99,8,exponential
q_learning,sparse_seed2,sparse,2,4a77b6e251,299,225,-11.250000000000025,-11.250000000000025,0.5495811707752447,0.15,0,out_of_energy,0,0,1,0,82,10,4,0,0,46,0.04287138138557845,0.19741729463950602,0.0,0.0,0.99,8,exponential
q_learning,sparse_seed2,sparse,2,4a77b6e251,300,225,-11.250000000000025,-11.250000000000025,0.5484820084336942,0.15,0,out_of_energy,0,0,1,0,107,5,0,0,0,47,0.04387788638976709,0.13202798260384244,0.0,0.0,0.99,8,exponential
q_learning,sparse_seed2,sparse,2,4a77b6e251,301,225,-11.250000000000025,-11.250000000000025,0.5473850444168268,0.15,0,out_of_energy,0,0,1,0,103,0,0,0,0,44,0.04345738869559947,0.18226171247731762,0.0,0.0,0.99,8,exponential
q_learning,sparse_seed2,sparse,2,4a77b6e251,302,225,-11.250000000000025,-11.250000000000025,0.5462902743279932,0.15,0,out_of_energy,0,0,1,0,82,3,0,0,0,40,0.0420192003825127,0.15740622486930286,0.0,0.0,0.99,8,exponential
q_learning,sparse_seed2,sparse,2,4a77b6e251,303,225,-11.250000000000025,-11.250000000000025,0.5451976937793371,0.15,0,out_of_energy,0,0,1,0,84,22,3,0,0,48,0.04410246555390713,0.16167537270065074,0.0,0.0,0.99,8,exponential
q_learning,sparse_seed2,sparse,2,4a77b6e251,304,225,-11.250000000000025,-11.250000000000025,0.5441072983917784,0.15,0,out_of_energy,0,0,1,0,89,6,0,0,0,43,0.04134506640971427,0.13566185433970862,0.0,0.0,0.99,8,exponential
q_learning,sparse_seed2,sparse,2,4a77b6e251,305,225,-11.250000000000025,-11.250000000000025,0.5430190837949949,0.15,0,out_of_energy,0,0,1,0,112,5,0,0,0,44,0.04216585332082908,0.15973501786913213,0.0,0.0,0.99,8,exponential
q_learning,sparse_seed2,sparse,2,4a77b6e251,306,225,-11.250000000000025,-11.250000000000025,0.5419330456274049,0.15,0,out_of_energy,0,0,1,0,102,22,0,0,0,36,0.043582160314911536,0.15875948433987597,0.0,0.0,0.99,8,exponential
q_learning,sparse_seed2,sparse,2,4a77b6e251,307,225,-11.250000000000025,-11.250000000000025,0.5408491795361501,0.15,0,out_of_energy,0,0,1,0,99,14,0,0,0,42,0.04266216644599254,0.15173447312600868,0.0,0.0,0.99,8,exponential
q_learning,sparse_seed2,sparse,2,4a77b6e251,308,225,-11.250000000000025,-11.250000000000025,0.5397674811770777,0.15,0,out_of_energy,0,0,1,0,106,18,0,0,0,49,0.04215956725081099,0.08281752957626215,0.0,0.0,0.99,8,exponential
q_learning,sparse_seed2,sparse,2,4a77b6e251,309,225,-11.250000000000025,-11.250000000000025,0.5386879462147236,0.15,0,out_of_energy,0,0,1,0,102,17,0,0,0,48,0.043955715922079926,0.16226437336264907,0.0,0.0,0.99,8,exponential
q_learning,sparse_seed2,sparse,2,4a77b6e251,310,225,-11.250000000000025,-11.250000000000025,0.5376105703222942,0.15,0,out_of_energy,0,0,1,0,116,7,0,0,0,36,0.04500543804544365,0.12808063934753977,0.0,0.0,0.99,8,exponential
q_learning,sparse_seed2,sparse,2,4a77b6e251,311,225,-11.250000000000025,-11.250000000000025,0.5365353491816496,0.15,0,out_of_energy,0,0,1,0,91,14,0,0,0,48,0.04197672990066711,0.07631989968938346,0.0,0.0,0.99,8,exponential
q_learning,sparse_seed2,sparse,2,4a77b6e251,312,225,-11.250000000000025,-11.250000000000025,0.5354622784832863,0.15,0,out_of_energy,0,0,1,0,95,36,0,0,0,49,0.043769071073525664,0.20476368143745247,0.0,0.0,0.99,8,exponential
q_learning,sparse_seed2,sparse,2,4a77b6e251,313,225,-11.250000000000025,-11.250000000000025,0.5343913539263198,0.15,0,out_of_energy,0,0,1,0,93,15,3,0,0,51,0.043443305434319054,0.13602062214524263,0.0,0.0,0.99,8,exponential
q_learning,sparse_seed2,sparse,2,4a77b6e251,314,225,-11.250000000000025,-11.250000000000025,0.5333225712184672,0.15,0,out_of_energy,0,0,1,0,96,14,0,0,0,35,0.04299323825542463,0.12010028730751621,0.0,0.0,0.99,8,exponential
q_learning,sparse_seed2,sparse,2,4a77b6e251,315,225,-11.250000000000025,-11.250000000000025,0.5322559260760302,0.15,0,out_of_energy,0,0,1,0,91,28,0,0,0,55,0.043336066073310246,0.13636760453466226,0.0,0.0,0.99,8,exponential
q_learning,sparse_seed2,sparse,2,4a77b6e251,316,225,-11.250000000000025,-11.250000000000025,0.5311914142238782,0.15,0,out_of_energy,0,0,1,0,105,22,0,0,0,49,0.042860116417993276,0.11935454653867605,0.0,0.0,0.99,8,exponential
q_learning,sparse_seed2,sparse,2,4a77b6e251,317,225,-11.250000000000025,-11.250000000000025,0.5301290313954304,0.15,0,out_of_energy,0,0,1,0,93,18,4,0,0,47,0.043094790304682454,0.14241090404940515,0.0,0.0,0.99,8,exponential
q_learning,sparse_seed2,sparse,2,4a77b6e251,318,225,-11.250000000000025,-11.250000000000025,0.5290687733326396,0.15,0,out_of_energy,0,0,1,0,104,38,0,0,0,44,0.04394659539580028,0.12696833608170097,0.0,0.0,0.99,8,exponential
q_learning,sparse_seed2,sparse,2,4a77b6e251,319,225,-11.250000000000025,-11.250000000000025,0.5280106357859743,0.15,0,out_of_energy,0,0,1,0,93,17,0,0,0,49,0.04215816129506336,0.09402567960675295,0.0,0.0,0.99,8,exponential
q_learning,sparse_seed2,sparse,2,4a77b6e251,320,225,-11.250000000000025,-11.250000000000025,0.5269546145144024,0.15,0,out_of_energy,0,0,1,0,100,30,1,0,0,45,0.0429705564721539,0.13348110932854762,0.0,0.0,0.99,8,exponential
q_learning,sparse_seed2,sparse,2,4a77b6e251,321,225,-11.250000000000025,-11.250000000000025,0.5259007052853736,0.15,0,out_of_energy,0,0,1,0,96,29,6,0,0,48,0.04422863235177235,0.12805081478800645,0.0,0.0,0.99,8,exponential
q_learning,sparse_seed2,sparse,2,4a77b6e251,322,225,-11.250000000000025,-11.250000000000025,0.5248489038748029,0.15,0,out_of_energy,0,0,1,0,100,5,0,0,0,44,0.042702480825988536,0.14692745118114264,0.0,0.0,0.99,8,exponential
q_learning,sparse_seed2,sparse,2,4a77b6e251,323,225,-11.250000000000025,-11.250000000000025,0.5237992060670532,0.15,0,out_of_energy,0,0,1,0,92,5,0,0,0,46,0.043480836991055795,0.21076506375582774,0.0,0.0,0.99,8,exponential
q_learning,sparse_seed2,sparse,2,4a77b6e251,324,225,-11.250000000000025,-11.250000000000025,0.5227516076549191,0.15,0,out_of_energy,0,0,1,0,87,34,2,0,0,50,0.042605421370672227,0.12993296316554231,0.0,0.0,0.99,8,exponential
q_learning,sparse_seed2,sparse,2,4a77b6e251,325,225,-11.250000000000025,-11.250000000000025,0.5217061044396093,0.15,0,out_of_energy,0,0,1,0,112,13,0,0,0,38,0.04299757418063374,0.13336839096793243,0.0,0.0,0.99,8,exponential
q_learning,sparse_seed2,sparse,2,4a77b6e251,326,225,-11.250000000000025,-11.250000000000025,0.52066269223073,0.15,0,out_of_energy,0,0,1,0,97,5,0,0,0,48,0.0432851733442419,0.07316092655681256,0.0,0.0,0.99,8,exponential
q_learning,sparse_seed2,sparse,2,4a77b6e251,327,225,-11.250000000000025,-11.250000000000025,0.5196213668462686,0.15,0,out_of_energy,0,0,1,0,105,3,0,0,0,52,0.04316050427533639,0.12860861416737754,0.0,0.0,0.99,8,exponential
q_learning,sparse_seed2,sparse,2,4a77b6e251,328,225,-11.250000000000025,-11.250000000000025,0.5185821241125761,0.15,0,out_of_energy,0,0,1,0,110,5,0,0,0,50,0.043714914404480366,0.1779639258661697,0.0,0.0,0.99,8,exponential
q_learning,sparse_seed2,sparse,2,4a77b6e251,329,225,-11.250000000000025,-11.250000000000025,0.5175449598643509,0.15,0,out_of_energy,0,0,1,0,111,12,0,0,0,45,0.044161184723467355,0.14304903930445081,0.0,0.0,0.99,8,exponential
q_learning,sparse_seed2,sparse,2,4a77b6e251,330,225,-11.250000000000025,-11.250000000000025,0.5165098699446222,0.15,0,out_of_energy,0,0,1,0,98,2,0,0,0,38,0.04287596837719257,0.21929327560366657,0.0,0.0,0.99,8,exponential
q_learning,sparse_seed2,sparse,2,4a77b6e251,331,225,-11.250000000000025,-11.250000000000025,0.515476850204733,0.15,0,out_of_energy,0,0,1,0,99,3,0,0,0,35,0.042890460119869626,0.23469981444394744,0.0,0.0,0.99,8,exponential
q_learning,sparse_seed2,sparse,2,4a77b6e251,332,225,-11.250000000000025,-11.250000000000025,0.5144458965043235,0.15,0,out_of_energy,0,0,1,0,97,7,0,0,0,38,0.04239139681516866,0.10584467765537459,0.0,0.0,0.99,8,exponential
q_learning,sparse_seed2,sparse,2,4a77b6e251,333,225,-11.250000000000025,-11.250000000000025,0.5134170047113148,0.15,0,out_of_energy,0,0,1,0,95,1,2,0,0,40,0.04371332335629494,0.1404046386390908,0.0,0.0,0.99,8,exponential
q_learning,sparse_seed2,sparse,2,4a77b6e251,334,225,-11.250000000000025,-11.250000000000025,0.5123901707018922,0.15,0,out_of_energy,0,0,1,0,116,4,0,0,0,47,0.04224078756876864,0.11272712165813659,0.0,0.0,0.99,8,exponential
q_learning,sparse_seed2,sparse,2,4a77b6e251,335,225,-11.250000000000025,-11.250000000000025,0.5113653903604884,0.15,0,out_of_energy,0,0,1,0,111,1,0,0,0,58,0.043259309569072396,0.1512019199647385,0.0,0.0,0.99,8,exponential
q_learning,sparse_seed2,sparse,2,4a77b6e251,336,225,-11.250000000000025,-11.250000000000025,0.5103426595797674,0.15,0,out_of_energy,0,0,1,0,106,11,0,0,0,52,0.04280431584134945,0.236560653224372,0.0,0.0,0.99,8,exponential
q_learning,sparse_seed2,sparse,2,4a77b6e251,337,225,-11.250000000000025,-11.250000000000025,0.5093219742606079,0.15,0,out_of_energy,0,0,1,0,96,21,0,0,0,52,0.04388849799601387,0.1659707504972463,0.0,0.0,0.99,8,exponential
q_learning,sparse_seed2,sparse,2,4a77b6e251,338,225,-11.250000000000025,-11.250000000000025,0.5083033303120866,0.15,0,out_of_energy,0,0,1,0,97,11,0,0,0,42,0.04320604891262524,0.1980236439676221,0.0,0.0,0.99,8,exponential
q_learning,sparse_seed2,sparse,2,4a77b6e251,339,225,-11.250000000000025,-11.250000000000025,0.5072867236514624,0.15,0,out_of_energy,0,0,1,0,92,1,0,0,0,41,0.043325195796613813,0.1481470847101904,0.0,0.0,0.99,8,exponential
q_learning,sparse_seed2,sparse,2,4a77b6e251,340,225,-11.250000000000025,-11.250000000000025,0.5062721502041595,0.15,0,out_of_energy,0,0,1,0,100,12,0,0,0,52,0.04304502774254824,0.09609217257609176,0.0,0.0,0.99,8,exponential
q_learning,sparse_seed2,sparse,2,4a77b6e251,341,225,-11.250000000000025,-11.250000000000025,0.5052596059037512,0.15,0,out_of_energy,0,0,1,0,87,10,0,0,0,46,0.04252110930330024,0.10233046279997957,0.0,0.0,0.99,8,exponential
q_learning,sparse_seed2,sparse,2,4a77b6e251,342,225,-11.250000000000025,-11.250000000000025,0.5042490866919437,0.15,0,out_of_energy,0,0,1,0,96,44,0,0,0,43,0.0428414207288185,0.1291613512799513,0.0,0.0,0.99,8,exponential
q_learning,sparse_seed2,sparse,2,4a77b6e251,343,225,-11.250000000000025,-11.250000000000025,0.5032405885185598,0.15,0,out_of_energy,0,0,1,0,115,21,0,0,0,52,0.04195150190132251,0.09617433390934238,0.0,0.0,0.99,8,exponential
q_learning,sparse_seed2,sparse,2,4a77b6e251,344,225,-11.250000000000025,-11.250000000000025,0.5022341073415226,0.15,0,out_of_energy,0,0,1,0,92,10,0,0,0,46,0.04394831646205902,0.1771826751361741,0.0,0.0,0.99,8,exponential
q_learning,sparse_seed2,sparse,2,4a77b6e251,345,225,-11.250000000000025,-11.250000000000025,0.5012296391268396,0.15,0,out_of_energy,0,0,1,0,111,2,0,0,0,49,0.04334198446781917,0.1857277809311069,0.0,0.0,0.99,8,exponential
q_learning,sparse_seed2,sparse,2,4a77b6e251,346,225,-11.250000000000025,-11.250000000000025,0.5002271798485859,0.15,0,out_of_energy,0,0,1,0,100,5,0,0,0,47,0.042933541545604,0.09155961181738376,0.0,0.0,0.99,8,exponential
q_learning,sparse_seed2,sparse,2,4a77b6e251,347,225,-11.250000000000025,-11.250000000000025,0.4992267254888887,0.15,0,out_of_energy,0,0,1,0,98,6,0,0,0,58,0.04247056084625011,0.19317459887150903,0.0,0.0,0.99,8,exponential
q_learning,sparse_seed2,sparse,2,4a77b6e251,348,225,-11.250000000000025,-11.250000000000025,0.4982282720379109,0.15,0,out_of_energy,0,0,1,0,98,32,0,0,0,43,0.04387201944257259,0.19714957742521483,0.0,0.0,0.99,8,exponential
q_learning,sparse_seed2,sparse,2,4a77b6e251,349,225,-11.250000000000025,-11.250000000000025,0.4972318154938351,0.15,0,out_of_energy,0,0,1,0,93,5,0,0,0,39,0.04227950459078438,0.09548163086354089,0.0,0.0,0.99,8,exponential
q_learning,sparse_seed2,sparse,2,4a77b6e251,350,225,-11.250000000000025,-11.250000000000025,0.49623735186284745,0.15,0,out_of_energy,0,0,1,0,103,4,0,0,0,31,0.043727604820536385,0.17777839065531517,0.0,0.0,0.99,8,exponential
q_learning,sparse_seed2,sparse,2,4a77b6e251,351,225,-11.250000000000025,-11.250000000000025,0.49524487715912174,0.15,0,out_of_energy,0,0,1,0,88,8,0,0,0,40,0.041110745610296956,0.11206879317918314,0.0,0.0,0.99,8,exponential
q_learning,sparse_seed2,sparse,2,4a77b6e251,352,225,-11.250000000000025,-11.250000000000025,0.4942543874048035,0.15,0,out_of_energy,0,0,1,0,108,5,0,0,0,55,0.04412704152735422,0.1399909492572435,0.0,0.0,0.99,8,exponential
q_learning,sparse_seed2,sparse,2,4a77b6e251,353,225,-11.250000000000025,-11.250000000000025,0.4932658786299939,0.15,0,out_of_energy,0,0,1,0,102,14,0,0,0,48,0.04383089461683511,0.17027758522631886,0.0,0.0,0.99,8,exponential
q_learning,sparse_seed2,sparse,2,4a77b6e251,354,225,-11.250000000000025,-11.250000000000025,0.4922793468727339,0.15,0,out_of_energy,0,0,1,0,73,17,0,0,0,44,0.042887273353954355,0.12988046399415148,0.0,0.0,0.99,8,exponential
q_learning,sparse_seed2,sparse,2,4a77b6e251,355,225,-11.250000000000025,-11.250000000000025,0.4912947881789884,0.15,0,out_of_energy,0,0,1,0,100,30,0,0,0,42,0.04391292229800055,0.11611940120766326,0.0,0.0,0.99,8,exponential
q_learning,sparse_seed2,sparse,2,4a77b6e251,356,225,-11.250000000000025,-11.250000000000025,0.4903121986026304,0.15,0,out_of_energy,0,0,1,0,102,3,0,0,0,35,0.04197444098427048,0.09311852014940414,0.0,0.0,0.99,8,exponential
q_learning,sparse_seed2,sparse,2,4a77b6e251,357,225,-11.250000000000025,-11.250000000000025,0.48933157420542517,0.15,0,out_of_energy,0,0,1,0,93,11,0,0,0,40,0.040669284310032784,0.0978879069821077,0.0,0.0,0.99,8,exponential
q_learning,sparse_seed2,sparse,2,4a77b6e251,358,225,-11.250000000000025,-11.250000000000025,0.48835291105701434,0.15,0,out_of_energy,0,0,1,0,90,4,0,0,0,49,0.044221010448039284,0.18607728117096306,0.0,0.0,0.99,8,exponential
q_learning,sparse_seed2,sparse,2,4a77b6e251,359,225,-11.250000000000025,-11.250000000000025,0.48737620523490033,0.15,0,out_of_energy,0,0,1,0,86,18,0,0,0,43,0.04475127663555729,0.1446834806697408,0.0,0.0,0.99,8,exponential
q_learning,sparse_seed2,sparse,2,4a77b6e251,360,225,-11.250000000000025,-11.250000000000025,0.48640145282443054,0.15,0,out_of_energy,0,0,1,0,73,5,0,0,0,49,0.04472695879411491,0.18779960481407998,0.0,0.0,0.99,8,exponential
q_learning,sparse_seed2,sparse,2,4a77b6e251,361,225,-11.250000000000025,-11.250000000000025,0.48542864991878165,0.15,0,out_of_energy,0,0,1,0,95,16,0,0,0,46,0.04374403447701043,0.13439777049976592,0.0,0.0,0.99,8,exponential
q_learning,sparse_seed2,sparse,2,4a77b6e251,362,225,-11.250000000000025,-11.250000000000025,0.48445779261894406,0.15,0,out_of_energy,0,0,1,0,106,7,0,0,0,42,0.04287464677838945,0.10367875533909283,0.0,0.0,0.99,8,exponential
q_learning,sparse_seed2,sparse,2,4a77b6e251,363,225,-11.250000000000025,-11.250000000000025,0.4834888770337062,0.15,0,out_of_energy,0,0,1,0,106,17,0,0,0,44,0.043634878118229165,0.23886741952941523,0.0,0.0,0.99,8,exponential
q_learning,sparse_seed2,sparse,2,4a77b6e251,364,225,-11.250000000000025,-11.250000000000025,0.4825218992796388,0.15,0,out_of_energy,0,0,1,0,110,22,0,0,0,47,0.04355929055468374,0.1127822060332729,0.0,0.0,0.99,8,exponential
q_learning,sparse_seed2,sparse,2,4a77b6e251,365,225,-1.2499999999999822,-11.150000000000025,0.4815568554810795,0.15,0,out_of_energy,0,0,1,0,105,14,0,0,1,52,0.08718115349830206,9.95,0.0,0.0,0.99,8,exponential
q_learning,sparse_seed2,sparse,2,4a77b6e251,366,225,-11.250000000000025,-11.150000000000025,0.4805937417701174,0.15,0,out_of_energy,0,0,1,0,101,9,0,0,0,47,0.04280770006973878,0.11607477240706465,0.0,0.0,0.99,8,exponential
q_learning,sparse_seed2,sparse,2,4a77b6e251,367,225,-11.250000000000025,-11.150000000000025,0.47963255428657714,0.15,0,out_of_energy,0,0,1,0,99,13,0,0,0,50,0.04320095805885317,0.20947319052389535,0.0,0.0,0.99,8,exponential
q_learning,sparse_seed2,sparse,2,4a77b6e251,368,225,-11.250000000000025,-11.150000000000025,0.478673289178004,0.15,0,out_of_energy,0,0,1,0,117,2,0,0,0,31,0.04369301667832128,0.17620898902828258,0.0,0.0,0.99,8,exponential
q_learning,sparse_seed2,sparse,2,4a77b6e251,369,225,-11.250000000000025,-11.150000000000023,0.477715942599648,0.15,0,out_of_energy,0,0,1,0,95,9,0,0,0,50,0.043308677741391424,0.15889437751408153,0.0,0.0,0.99,8,exponential
q_learning,sparse_seed2,sparse,2,4a77b6e251,370,225,-11.250000000000025,-11.150000000000023,0.4767605107144487,0.15,0,out_of_energy,0,0,1,0,109,14,2,0,0,43,0.044390697929639615,0.15194709205449125,0.0,0.0,0.99,8,exponential
q_learning,sparse_seed2,sparse,2,4a77b6e251,371,225,-11.250000000000025,-11.150000000000023,0.4758069896930198,0.15,0,out_of_energy,0,0,1,0,108,6,0,0,0,50,0.04382871255321959,0.0801493819709663,0.0,0.0,0.99,8,exponential
q_learning,sparse_seed2,sparse,2,4a77b6e251,372,225,-11.250000000000025,-11.150000000000023,0.4748553757136338,0.15,0,out_of_energy,0,0,1,0,103,3,0,0,0,44,0.043206499002799305,0.25878196114755003,0.0,0.0,0.99,8,exponential
q_learning,sparse_seed2,sparse,2,4a77b6e251,373,225,-11.250000000000025,-11.150000000000023,0.47390566496220654,0.15,0,out_of_energy,0,0,1,0,114,27,0,0,0,45,0.04364727102183206,0.22332873235731002,0.0,0.0,0.99,8,exponential
q_learning,sparse_seed2,sparse,2,4a77b6e251,374,225,-11.250000000000025,-11.150000000000023,0.47295785363228215,0.15,0,out_of_energy,0,0,1,0,90,16,1,0,0,37,0.043757104417113314,0.26433599156671567,0.0,0.0,0.99,8,exponential
q_learning,sparse_seed2,sparse,2,4a77b6e251,375,225,-11.250000000000025,-11.150000000000023,0.4720119379250176,0.15,0,out_of_energy,0,0,1,0,100,14,0,0,0,41,0.04386579891200588,0.1289327898443287,0.0,0.0,0.99,8,exponential
q_learning,sparse_seed2,sparse,2,4a77b6e251,376,225,-11.250000000000025,-11.150000000000023,0.4710679140491676,0.15,0,out_of_energy,0,0,1,0,97,10,0,0,0,51,0.043953928094230425,0.1040112825403649,0.0,0.0,0.99,8,exponential
q_learning,sparse_seed2,sparse,2,4a77b6e251,377,225,-11.250000000000025,-11.150000000000023,0.47012577822106927,0.15,0,out_of_energy,0,0,1,0,101,23,0,0,0,49,0.04376946926868815,0.14737298048082856,0.0,0.0,0.99,8,exponential
q_learning,sparse_seed2,sparse,2,4a77b6e251,378,225,-11.250000000000025,-11.150000000000023,0.46918552666462715,0.15,0,out_of_energy,0,0,1,0,89,3,0,0,0,40,0.043588476515016704,0.21193507879787304,0.0,0.0,0.99,8,exponential
q_learning,sparse_seed2,sparse,2,4a77b6e251,379,225,-11.250000000000025,-11.150000000000023,0.46824715561129787,0.15,0,out_of_energy,0,0,1,0,103,14,0,0,0,44,0.04420677867651319,0.16294501080543908,0.0,0.0,0.99,8,exponential
q_learning,sparse_seed2,sparse,2,4a77b6e251,380,225,-11.250000000000025,-11.150000000000023,0.46731066130007526,0.15,0,out_of_energy,0,0,1,0,101,5,0,0,0,44,0.04453454205279381,0.19907498102152735,0.0,0.0,0.99,8,exponential
q_learning,sparse_seed2,sparse,2,4a77b6e251,381,225,-11.250000000000025,-11.150000000000023,0.4663760399774751,0.15,0,out_of_energy,0,0,1,0,94,14,0,0,0,44,0.043345234577125885,0.16637096739792656,0.0,0.0,0.99,8,exponential
q_learning,sparse_seed2,sparse,2,4a77b6e251,382,225,-11.250000000000025,-11.150000000000023,0.46544328789752015,0.15,0,out_of_energy,0,0,1,0,97,1,0,0,0,58,0.044601384394045,0.18590407440007173,0.0,0.0,0.99,8,exponential
q_learning,sparse_seed2,sparse,2,4a77b6e251,383,225,-11.250000000000025,-11.150000000000023,0.4645124013217251,0.15,0,out_of_energy,0,0,1,0,102,18,0,0,0,40,0.04380732160417343,0.23671946473388888,0.0,0.0,0.99,8,exponential
q_learning,sparse_seed2,sparse,2,4a77b6e251,384,225,-11.250000000000025,-11.150000000000023,0.46358337651908166,0.15,0,out_of_energy,0,0,1,0,102,2,0,0,0,51,0.04436770790380452,0.23013626945995558,0.0,0.0,0.99,8,exponential
q_learning,sparse_seed2,sparse,2,4a77b6e251,385,225,-1.2500000000000155,-11.050000000000022,0.4626562097660435,0.15,0,out_of_energy,0,0,1,0,99,7,0,0,1,44,0.08827017129119269,9.96498875,0.0,0.0,0.99,8,exponential
q_learning,sparse_seed2,sparse,2,4a77b6e251,386,225,-1.249999999999982,-10.950000000000022,0.4617308973465114,0.15,0,out_of_energy,0,0,1,0,95,15,0,0,1,48,0.08904379480764517,8.46723875,0.0,0.0,0.99,8,exponential
q_learning,sparse_seed2,sparse,2,4a77b6e251,387,225,-11.250000000000025,-10.950000000000022,0.46080743555181836,0.15,0,out_of_energy,0,0,1,0,96,23,0,0,0,42,0.042321556904718956,0.15349476566903666,0.0,0.0,0.99,8,exponential
q_learning,sparse_seed2,sparse,2,4a77b6e251,388,225,-11.250000000000025,-10.950000000000022,0.4598858206807147,0.15,0,out_of_energy,0,0,1,0,105,16,0,0,0,48,0.04331465518713872,0.23810684506547192,0.0,0.0,0.99,8,exponential
q_learning,sparse_seed2,sparse,2,4a77b6e251,389,225,-11.250000000000025,-10.950000000000022,0.4589660490393533,0.15,0,out_of_energy,0,0,1,0,112,10,0,0,0,51,0.04280621927256771,0.12530760470775537,0.0,0.0,0.99,8,exponential
q_learning,sparse_seed2,sparse,2,4a77b6e251,390,225,-11.250000000000025,-10.950000000000022,0.45804811694127456,0.15,0,out_of_energy,0,0,1,0,98,28,0,0,0,49,0.044147550884839765,0.12144624161920858,0.0,0.0,0.99,8,exponential
q_learning,sparse_seed2,sparse,2,4a77b6e251,391,225,-11.250000000000025,-10.950000000000022,0.457132020707392,0.15,0,out_of_energy,0,0,1,0,106,11,0,0,0,48,0.04502447694384619,0.13671721255986657,0.0,0.0,0.99,8,exponential
q_learning,sparse_seed2,sparse,2,4a77b6e251,392,225,-11.250000000000025,-10.950000000000022,0.45621775666597725,0.15,0,out_of_energy,0,0,1,0,90,17,0,0,0,48,0.04335275407102513,0.25797830760000495,0.0,0.0,0.99,8,exponential
q_learning,sparse_seed2,sparse,2,4a77b6e251,393,225,-11.250000000000025,-10.950000000000022,0.45530532115264527,0.15,0,out_of_energy,0,0,1,0,104,9,0,0,0,57,0.04227444655565269,0.1445450364628656,0.0,0.0,0.99,8,exponential
q_learning,sparse_seed2,sparse,2,4a77b6e251,394,225,-11.250000000000025,-10.950000000000022,0.45439471051033997,0.15,0,out_of_energy,0,0,1,0,88,38,2,0,0,46,0.044973964615829184,0.13316600789739608,0.0,0.0,0.99,8,exponential
q_learning,sparse_seed2,sparse,2,4a77b6e251,395,225,-11.250000000000025,-10.950000000000022,0.4534859210893193,0.15,0,out_of_energy,0,0,1,0,91,15,5,0,0,36,0.043100546732482634,0.14083482773021172,0.0,0.0,0.99,8,exponential
q_learning,sparse_seed2,sparse,2,4a77b6e251,396,225,-11.250000000000025,-10.950000000000022,0.45257894924714065,0.15,0,out_of_energy,0,0,1,0,101,3,0,0,0,46,0.04295140808560752,0.18757839986669686,0.0,0.0,0.99,8,exponential
q_learning,sparse_seed2,sparse,2,4a77b6e251,397,225,-11.250000000000025,-10.950000000000022,0.4516737913486464,0.15,0,out_of_energy,0,0,1,0,99,43,0,0,0,40,0.0442596091905704,0.2616201344514244,0.0,0.0,0.99,8,exponential
q_learning,sparse_seed2,sparse,2,4a77b6e251,398,225,-11.250000000000025,-10.950000000000022,0.4507704437659491,0.15,0,out_of_energy,0,0,1,0,102,4,0,0,0,40,0.04317486772448346,0.20671768046890837,0.0,0.0,0.99,8,exponential
q_learning,sparse_seed2,sparse,2,4a77b6e251,399,225,-11.250000000000025,-10.950000000000022,0.4498689028784172,0.15,0,out_of_energy,0,0,1,0,115,8,0,0,0,47,0.04433962569690016,0.21224723374914595,0.0,0.0,0.99,8,exponential
q_learning,sparse_seed2,sparse,2,4a77b6e251,400,225,-11.250000000000025,-10.950000000000022,0.4489691650726603,0.15,0,out_of_energy,0,0,1,0,107,20,0,0,0,48,0.04404002678160146,0.1908358843538309,0.0,0.0,0.99,8,exponential
q_learning,sparse_seed2,sparse,2,4a77b6e251,401,225,-11.250000000000025,-10.950000000000022,0.448071226742515,0.15,0,out_of_energy,0,0,1,0,105,16,0,0,0,42,0.042347388734185185,0.10929051649527416,0.0,0.0,0.99,8,exponential
q_learning,sparse_seed2,sparse,2,4a77b6e251,402,225,-11.250000000000025,-10.950000000000022,0.44717508428902997,0.15,0,out_of_energy,0,0,1,0,92,6,0,0,0,48,0.04413090335857558,0.15763023657746716,0.0,0.0,0.99,8,exponential
q_learning,sparse_seed2,sparse,2,4a77b6e251,403,225,-1.2499999999999822,-10.850000000000023,0.4462807341204519,0.15,0,out_of_energy,0,0,1,0,107,20,0,0,1,41,0.08722924935820346,9.95,0.0,0.0,0.99,8,exponential
q_learning,sparse_seed2,sparse,2,4a77b6e251,404,225,-11.250000000000025,-10.850000000000023,0.445388172652211,0.15,0,out_of_energy,0,0,1,0,112,11,0,0,0,51,0.04350204042237318,0.2519039627411851,0.0,0.0,0.99,8,exponential
q_learning,sparse_seed2,sparse,2,4a77b6e251,405,225,-11.250000000000025,-10.850000000000023,0.44449739630690654,0.15,0,out_of_energy,0,0,1,0,99,17,0,0,0,60,0.044180308297544726,0.23774706950777943,0.0,0.0,0.99,8,exponential
q_learning,sparse_seed2,sparse,2,4a77b6e251,406,225,-11.250000000000025,-10.850000000000023,0.4436084015142927,0.15,0,out_of_energy,0,0,1,0,90,2,0,0,0,49,0.04418639415043119,0.1892346657235298,0.0,0.0,0.99,8,exponential
q_learning,sparse_seed2,sparse,2,4a77b6e251,407,225,-11.250000000000025,-10.850000000000023,0.4427211847112641,0.15,0,out_of_energy,0,0,1,0,94,16,0,0,0,37,0.04456003384396257,0.22739776938577133,0.0,0.0,0.99,8,exponential
q_learning,sparse_seed2,sparse,2,4a77b6e251,408,225,-11.250000000000025,-10.850000000000023,0.4418357423418416,0.15,0,out_of_energy,0,0,1,0,94,13,0,0,0,37,0.04420685949742362,0.17811153999217272,0.0,0.0,0.99,8,exponential
q_learning,sparse_seed2,sparse,2,4a77b6e251,409,225,-11.250000000000025,-10.850000000000023,0.44095207085715793,0.15,0,out_of_energy,0,0,1,0,95,2,0,0,0,35,0.04422871138179616,0.22847726161592014,0.0,0.0,0.99,8,exponential
q_learning,sparse_seed2,sparse,2,4a77b6e251,410,225,-11.250000000000025,-10.850000000000023,0.44007016671544363,0.15,0,out_of_energy,0,0,1,0,94,14,0,0,0,40,0.04323529843205291,0.26492695973791935,0.0,0.0,0.99,8,exponential
q_learning,sparse_seed2,sparse,2,4a77b6e251,411,225,-11.250000000000025,-10.850000000000023,0.43919002638201277,0.15,0,out_of_energy,0,0,1,0,110,20,0,0,0,41,0.04252494107711262,0.10079393595015755,0.0,0.0,0.99,8,exponential
q_learning,sparse_seed2,sparse,2,4a77b6e251,412,225,-11.250000000000025,-10.850000000000023,0.43831164632924874,0.15,0,out_of_energy,0,0,1,0,91,14,0,0,0,51,0.04417522380602143,0.2644380498911073,0.0,0.0,0.99,8,exponential
q_learning,sparse_seed2,sparse,2,4a77b6e251,413,225,-11.250000000000025,-10.850000000000023,0.43743502303659026,0.15,0,out_of_energy,0,0,1,0,106,14,0,0,0,52,0.04418319073687009,0.2450068977882215,0.0,0.0,0.99,8,exponential
q_learning,sparse_seed2,sparse,2,4a77b6e251,414,225,-11.250000000000025,-10.850000000000023,0.4365601529905171,0.15,0,out_of_energy,0,0,1,0,95,22,0,0,0,52,0.044543035449753,0.1206540023564042,0.0,0.0,0.99,8,exponential
q_learning,sparse_seed2,sparse,2,4a77b6e251,415,225,-11.250000000000025,-10.850000000000023,0.43568703268453607,0.15,0,out_of_energy,0,0,1,0,92,33,0,0,0,27,0.044650267121857955,0.2415592530320384,0.0,0.0,0.99,8,exponential
q_learning,sparse_seed2,sparse,2,4a77b6e251,416,225,-11.250000000000025,-10.850000000000023,0.434815658619167,0.15,0,out_of_energy,0,0,1,0,111,3,0,0,0,52,0.04351019729971458,0.23651397617338327,0.0,0.0,0.99,8,exponential
q_learning,sparse_seed2,sparse,2,4a77b6e251,417,225,-11.250000000000025,-10.850000000000023,0.43394602730192866,0.15,0,out_of_energy,0,0,1,0,107,36,0,0,0,52,0.04435041885274616,0.24982039959927543,0.0,0.0,0.99,8,exponential
q_learning,sparse_seed2,sparse,2,4a77b6e251,418,225,-11.250000000000025,-10.850000000000023,0.4330781352473248,0.15,0,out_of_energy,0,0,1,0,92,1,0,0,0,42,0.04410219459146292,0.11764532694741306,0.0,0.0,0.99,8,exponential
q_learning,sparse_seed2,sparse,2,4a77b6e251,419,225,-11.250000000000025,-10.850000000000023,0.43221197897683017,0.15,0,out_of_energy,0,0,1,0,103,1,0,0,0,54,0.04322769315127166,0.12276531998907686,0.0,0.0,0.99,8,exponential
q_learning,sparse_seed2,sparse,2,4a77b6e251,420,225,-11.250000000000025,-10.850000000000023,0.4313475550188765,0.15,0,out_of_energy,0,0,1,0,92,3,0,0,0,51,0.0427230013773522,0.2643985984746895,0.0,0.0,0.99,8,exponential
q_learning,sparse_seed2,sparse,2,4a77b6e251,421,225,-11.250000000000025,-10.850000000000023,0.4304848599088387,0.15,0,out_of_energy,0,0,1,0,100,38,2,0,0,46,0.04327132656416516,0.2504239611609731,0.0,0.0,0.99,8,exponential
q_learning,sparse_seed2,sparse,2,4a77b6e251,422,225,-11.250000000000025,-10.850000000000023,0.42962389018902103,0.15,0,out_of_energy,0,0,1,0,106,23,4,0,0,35,0.04395069683548166,0.15981439355077354,0.0,0.0,0.99,8,exponential
q_learning,sparse_seed2,sparse,2,4a77b6e251,423,225,-11.250000000000025,-10.850000000000023,0.428764642408643,0.15,0,out_of_energy,0,0,1,0,98,20,0,0,0,46,0.04361614493262583,0.2725807185479493,0.0,0.0,0.99,8,exponential
q_learning,sparse_seed2,sparse,2,4a77b6e251,424,225,-11.250000000000025,-10.850000000000023,0.4279071131238257,0.15,0,out_of_energy,0,0,1,0,91,29,0,0,0,43,0.04512886700082826,0.14058376162478387,0.0,0.0,0.99,8,exponential
q_learning,sparse_seed2,sparse,2,4a77b6e251,425,225,-11.250000000000025,-10.850000000000023,0.42705129889757804,0.15,0,out_of_energy,0,0,1,0,86,3,5,0,0,44,0.04467557749794892,0.10409172000791243,0.0,0.0,0.99,8,exponential
q_learning,sparse_seed2,sparse,2,4a77b6e251,426,225,-11.250000000000025,-10.850000000000023,0.42619719629978287,0.15,0,out_of_energy,0,0,1,0,111,3,0,0,0,45,0.04278400285731569,0.1138183399901862,0.0,0.0,0.99,8,exponential
q_learning,sparse_seed2,sparse,2,4a77b6e251,427,225,-11.250000000000025,-10.850000000000023,0.4253448019071833,0.15,0,out_of_energy,0,0,1,0,115,3,0,0,0,42,0.04431851262315746,0.17579973475838134,0.0,0.0,0.99,8,exponential
q_learning,sparse_seed2,sparse,2,4a77b6e251,428,225,-11.250000000000025,-10.850000000000023,0.424494112303369,0.15,0,out_of_energy,0,0,1,0,97,23,0,0,0,50,0.04408375429998526,0.22389896070531284,0.0,0.0,0.99,8,exponential
q_learning,sparse_seed2,sparse,2,4a77b6e251,429,225,-11.250000000000025,-10.850000000000023,0.42364512407876226,0.15,0,out_of_energy,0,0,1,0,88,28,0,0,0,48,0.04384756002269384,0.17707998971134764,0.0,0.0,0.99,8,exponential
q_learning,sparse_seed2,sparse,2,4a77b6e251,430,225,-11.250000000000025,-10.850000000000023,0.4227978338306047,0.15,0,out_of_energy,0,0,1,0,101,54,0,0,0,49,0.044459123432749,0.23987591722284013,0.0,0.0,0.99,8,exponential
q_learning,sparse_seed2,sparse,2,4a77b6e251,431,225,-11.250000000000025,-10.850000000000023,0.42195223816294347,0.15,0,out_of_energy,0,0,1,0,106,21,0,0,0,51,0.042924160726971965,0.0765364575605747,0.0,0.0,0.99,8,exponential
q_learning,sparse_seed2,sparse,2,4a77b6e251,432,225,-11.250000000000025,-10.850000000000023,0.4211083336866176,0.15,0,out_of_energy,0,0,1,0,101,6,0,0,0,36,0.044191398956359165,0.08730816527338532,0.0,0.0,0.99,8,exponential
q_learning,sparse_seed2,sparse,2,4a77b6e251,433,225,-11.250000000000025,-10.850000000000023,0.4202661170192444,0.15,0,out_of_energy,0,0,1,0,115,59,0,0,0,46,0.04485282417268978,0.2678794481380679,0.0,0.0,0.99,8,exponential
q_learning,sparse_seed2,sparse,2,4a77b6e251,434,225,-11.250000000000025,-10.850000000000023,0.41942558478520586,0.15,0,out_of_energy,0,0,1,0,107,5,0,0,0,48,0.044073804407660636,0.12400339120770235,0.0,0.0,0.99,8,exponential
q_learning,sparse_seed2,sparse,2,4a77b6e251,435,225,-1.2500000000000209,-10.750000000000023,0.4185867336156355,0.15,0,out_of_energy,0,0,1,0,101,5,0,0,1,40,0.09402120768481388,8.455401575,0.0,0.0,0.99,8,exponential
q_learning,sparse_seed2,sparse,2,4a77b6e251,436,225,-11.250000000000025,-10.750000000000023,0.4177495601484042,0.15,0,out_of_energy,0,0,1,0,109,14,0,0,0,47,0.04468064080211433,0.2596009295876027,0.0,0.0,0.99,8,exponential
q_learning,sparse_seed2,sparse,2,4a77b6e251,437,225,-11.250000000000025,-10.750000000000023,0.4169140610281074,0.15,0,out_of_energy,0,0,1,0,105,13,0,0,0,43,0.04410130724355726,0.15641463950909745,0.0,0.0,0.99,8,exponential
q_learning,sparse_seed2,sparse,2,4a77b6e251,438,225,-11.250000000000025,-10.750000000000023,0.4160802329060512,0.15,0,out_of_energy,0,0,1,0,95,39,0,0,0,60,0.04436648053266634,0.22692083071921051,0.0,0.0,0.99,8,exponential
q_learning,sparse_seed2,sparse,2,4a77b6e251,439,225,-1.2499999999999984,-10.650000000000023,0.4152480724402391,0.15,0,out_of_energy,0,0,1,0,110,5,0,0,1,42,0.08753468779818742,9.9224018801375,0.0,0.0,0.99,8,exponential
q_learning,sparse_seed2,sparse,2,4a77b6e251,440,225,-11.250000000000025,-10.650000000000023,0.41441757629535864,0.15,0,out_of_energy,0,0,1,0,93,26,0,0,0,46,0.04329256802082885,0.12246917095071835,0.0,0.0,0.99,8,exponential
q_learning,sparse_seed2,sparse,2,4a77b6e251,441,225,-11.250000000000025,-10.650000000000023,0.4135887411427679,0.15,0,out_of_energy,0,0,1,0,93,10,0,0,0,48,0.04376820745489543,0.20045407733780557,0.0,0.0,0.99,8,exponential
q_learning,sparse_seed2,sparse,2,4a77b6e251,442,225,-11.250000000000025,-10.650000000000023,0.41276156366048233,0.15,0,out_of_energy,0,0,1,0,100,1,0,0,0,45,0.04446012275484471,0.2350298920823777,0.0,0.0,0.99,8,exponential
q_learning,sparse_seed2,sparse,2,4a77b6e251,443,225,-11.250000000000025,-10.650000000000023,0.41193604053316135,0.15,0,out_of_energy,0,0,1,0,111,2,0,0,0,43,0.04369066374826026,0.16397452738692336,0.0,0.0,0.99,8,exponential
q_learning,sparse_seed2,sparse,2,4a77b6e251,444,225,-11.250000000000025,-10.650000000000023,0.41111216845209503,0.15,0,out_of_energy,0,0,1,0,94,22,0,0,0,45,0.04466019481409075,0.2849443189862895,0.0,0.0,0.99,8,exponential
q_learning,sparse_seed2,sparse,2,4a77b6e251,445,225,-11.250000000000025,-10.650000000000025,0.4102899441151908,0.15,0,out_of_energy,0,0,1,0,101,19,0,0,0,56,0.044411424346660185,0.23358735588858837,0.0,0.0,0.99,8,exponential
q_learning,sparse_seed2,sparse,2,4a77b6e251,446,225,-11.250000000000025,-10.650000000000023,0.40946936422696045,0.15,0,out_of_energy,0,0,1,0,91,18,0,0,0,50,0.04521127983160115,0.27983957293300366,0.0,0.0,0.99,8,exponential
q_learning,sparse_seed2,sparse,2,4a77b6e251,447,225,-11.250000000000025,-10.650000000000023,0.40865042549850655,0.15,0,out_of_energy,0,0,1,0,81,49,0,0,0,48,0.043862623872780546,0.24997908868986896,0.0,0.0,0.99,8,exponential
q_learning,sparse_seed2,sparse,2,4a77b6e251,448,225,-11.250000000000025,-10.650000000000023,0.40783312464750954,0.15,0,out_of_energy,0,0,1,0,97,11,0,0,0,38,0.04407430099972171,0.2200202960638148,0.0,0.0,0.99,8,exponential
q_learning,sparse_seed2,sparse,2,4a77b6e251,449,225,-11.250000000000025,-10.650000000000025,0.4070174583982145,0.15,0,out_of_energy,0,0,1,0,91,16,0,0,0,37,0.04312531309768228,0.26612152346661117,0.0,0.0,0.99,8,exponential
q_learning,sparse_seed2,sparse,2,4a77b6e251,450,225,-11.250000000000025,-10.650000000000023,0.4062034234814181,0.15,0,out_of_energy,0,0,1,0,96,17,0,0,0,54,0.043449599229895206,0.1978502059164259,0.0,0.0,0.99,8,exponential
q_learning,sparse_seed2,sparse,2,4a77b6e251,451,225,-11.250000000000025,-10.650000000000023,0.40539101663445526,0.15,0,out_of_energy,0,0,1,0,97,14,1,0,0,42,0.04506409342770011,0.2603802739004168,0.0,0.0,0.99,8,exponential
q_learning,sparse_seed2,sparse,2,4a77b6e251,452,225,-11.250000000000025,-10.650000000000023,0.40458023460118636,0.15,0,out_of_energy,0,0,1,0,83,3,0,0,0,44,0.04454165102691387,0.2363441150047405,0.0,0.0,0.99,8,exponential
q_learning,sparse_seed2,sparse,2,4a77b6e251,453,225,-11.250000000000025,-10.650000000000025,0.403771074131984,0.15,0,out_of_energy,0,0,1,0,113,19,0,0,0,54,0.044788781557033024,0.1748321179293842,0.0,0.0,0.99,8,exponential
q_learning,sparse_seed2,sparse,2,4a77b6e251,454,225,-11.250000000000025,-10.650000000000023,0.40296353198372004,0.15,0,out_of_energy,0,0,1,0,93,25,0,0,0,46,0.04455873828396418,0.13245166278926906,0.0,0.0,0.99,8,exponential
q_learning,sparse_seed2,sparse,2,4a77b6e251,455,225,-11.250000000000025,-10.650000000000023,0.4021576049197526,0.15,0,out_of_energy,0,0,1,0,93,6,0,0,0,33,0.044721952601734526,0.21556832460737785,0.0,0.0,0.99,8,exponential
q_learning,sparse_seed2,sparse,2,4a77b6e251,456,225,-11.250000000000025,-10.650000000000023,0.40135328970991313,0.15,0,out_of_energy,0,0,1,0,107,7,0,0,0,43,0.0443221167646236,0.15116470441882912,0.0,0.0,0.99,8,exponential
q_learning,sparse_seed2,sparse,2,4a77b6e251,457,225,-11.250000000000025,-10.650000000000025,0.4005505831304933,0.15,0,out_of_energy,0,0,1,0,107,19,3,0,0,53,0.04366561134363525,0.200165100181659,0.0,0.0,0.99,8,exponential
q_learning,sparse_seed2,sparse,2,4a77b6e251,458,225,-11.250000000000025,-10.650000000000023,0.3997494819642323,0.15,0,out_of_energy,0,0,1,0,88,32,0,0,0,48,0.04399704148758228,0.2145577371736704,0.0,0.0,0.99,8,exponential
q_learning,sparse_seed2,sparse,2,4a77b6e251,459,225,-11.250000000000025,-10.650000000000023,0.3989499830003039,0.15,0,out_of_energy,0,0,1,0,104,20,2,0,0,44,0.043687715810642166,0.1774885117164008,0.0,0.0,0.99,8,exponential
q_learning,sparse_seed2,sparse,2,4a77b6e251,460,225,-11.250000000000025,-10.650000000000023,0.3981520830343033,0.15,0,out_of_energy,0,0,1,0,99,30,0,0,0,60,0.04254680919706258,0.10533290395844408,0.0,0.0,0.99,8,exponential
q_learning,sparse_seed2,sparse,2,4a77b6e251,461,225,-11.250000000000025,-10.650000000000025,0.39735577886823464,0.15,0,out_of_energy,0,0,1,0,113,5,0,0,0,50,0.04363494002768033,0.2106088307295427,0.0,0.0,0.99,8,exponential
q_learning,sparse_seed2,sparse,2,4a77b6e251,462,225,-11.250000000000025,-10.650000000000025,0.39656106731049817,0.15,0,out_of_energy,0,0,1,0,92,4,0,0,0,45,0.04402359821714653,0.22281189826545755,0.0,0.0,0.99,8,exponential
q_learning,sparse_seed2,sparse,2,4a77b6e251,463,225,-11.250000000000025,-10.650000000000023,0.39576794517587716,0.15,0,out_of_energy,0,0,1,0,99,16,0,0,0,49,0.043856038059193844,0.10278844389964555,0.0,0.0,0.99,8,exponential
q_learning,sparse_seed2,sparse,2,4a77b6e251,464,225,-11.250000000000025,-10.650000000000023,0.3949764092855254,0.15,0,out_of_energy,0,0,1,0,92,29,3,0,0,47,0.044864565343206056,0.27538625081883206,0.0,0.0,0.99,8,exponential
q_learning,sparse_seed2,sparse,2,4a77b6e251,465,225,-11.250000000000025,-10.750000000000025,0.3941864564669544,0.15,0,out_of_energy,0,0,1,0,102,32,0,0,0,62,0.04453166248447608,0.12923614272179407,0.0,0.0,0.99,8,exponential
q_learning,sparse_seed2,sparse,2,4a77b6e251,466,225,-11.250000000000025,-10.750000000000023,0.39339808355402045,0.15,0,out_of_energy,0,0,1,0,91,17,0,0,0,36,0.04358275044970178,0.20994907326960172,0.0,0.0,0.99,8,exponential
q_learning,sparse_seed2,sparse,2,4a77b6e251,467,225,-11.250000000000025,-10.750000000000025,0.3926112873869124,0.15,0,out_of_energy,0,0,1,0,101,21,0,0,0,49,0.044494673812211324,0.16171573765263403,0.0,0.0,0.99,8,exponential
q_learning,sparse_seed2,sparse,2,4a77b6e251,468,225,-11.250000000000025,-10.750000000000023,0.3918260648121386,0.15,0,out_of_energy,0,0,1,0,103,1,0,0,0,44,0.04453827820178669,0.23187416519100684,0.0,0.0,0.99,8,exponential
q_learning,sparse_seed2,sparse,2,4a77b6e251,469,225,-11.250000000000025,-10.750000000000025,0.39104241268251433,0.15,0,out_of_energy,0,0,1,0,105,5,0,0,0,53,0.04364490180559672,0.18311758462987598,0.0,0.0,0.99,8,exponential
q_learning,sparse_seed2,sparse,2,4a77b6e251,470,225,-11.250000000000025,-10.750000000000023,0.3902603278571493,0.15,0,out_of_energy,0,0,1,0,99,8,0,0,0,50,0.043757308137805116,0.22801179328316507,0.0,0.0,0.99,8,exponential
q_learning,sparse_seed2,sparse,2,4a77b6e251,471,225,-11.250000000000025,-10.750000000000025,0.389479807201435,0.15,0,out_of_energy,0,0,1,0,103,10,0,0,0,49,0.044250749809459415,0.2462755536264123,0.0,0.0,0.99,8,exponential
q_learning,sparse_seed2,sparse,2,4a77b6e251,472,225,-11.250000000000025,-10.750000000000023,0.3887008475870321,0.15,0,out_of_energy,0,0,1,0,107,12,2,0,0,45,0.0442760183671837,0.22658051169059526,0.0,0.0,0.99,8,exponential
q_learning,sparse_seed2,sparse,2,4a77b6e251,473,225,-11.250000000000025,-10.750000000000025,0.38792344589185807,0.15,0,out_of_energy,0,0,1,0,96,23,0,0,0,31,0.044716933097392435,0.2000544826749611,0.0,0.0,0.99,8,exponential
q_learning,sparse_seed2,sparse,2,4a77b6e251,474,225,-11.250000000000025,-10.750000000000023,0.38714759900007434,0.15,0,out_of_energy,0,0,1,0,97,13,0,0,0,40,0.04460371218855286,0.2811452275401344,0.0,0.0,0.99,8,exponential
q_learning,sparse_seed2,sparse,2,4a77b6e251,475,225,-11.250000000000025,-10.750000000000025,0.3863733038020742,0.15,0,out_of_energy,0,0,1,0,93,2,0,0,0,41,0.04429047934490339,0.16281339027637592,0.0,0.0,0.99,8,exponential
q_learning,sparse_seed2,sparse,2,4a77b6e251,476,225,-11.250000000000025,-10.750000000000023,0.38560055719447006,0.15,0,out_of_energy,0,0,1,0,106,22,0,0,0,40,0.04343860514143417,0.20937721708635904,0.0,0.0,0.99,8,exponential
q_learning,sparse_seed2,sparse,2,4a77b6e251,477,225,-11.250000000000025,-10.750000000000025,0.3848293560800811,0.15,0,out_of_energy,0,0,1,0,111,6,0,0,0,37,0.04418170089199181,0.18796373218796902,0.0,0.0,0.99,8,exponential
q_learning,sparse_seed2,sparse,2,4a77b6e251,478,225,-11.250000000000025,-10.750000000000023,0.38405969736792095,0.15,0,out_of_energy,0,0,1,0,124,5,0,0,0,42,0.04211451255205762,0.2057639314192857,0.0,0.0,0.99,8,exponential
q_learning,sparse_seed2,sparse,2,4a77b6e251,479,225,-11.250000000000025,-10.750000000000025,0.3832915779731851,0.15,0,out_of_energy,0,0,1,0,100,2,0,0,0,39,0.04427289197241425,0.2171453652009296,0.0,0.0,0.99,8,exponential
q_learning,sparse_seed2,sparse,2,4a77b6e251,480,225,-11.250000000000025,-10.750000000000023,0.38252499481723873,0.15,0,out_of_energy,0,0,1,0,101,8,0,0,0,60,0.04403038271294727,0.2906355818198917,0.0,0.0,0.99,8,exponential
q_learning,sparse_seed2,sparse,2,4a77b6e251,481,225,-11.250000000000025,-10.750000000000025,0.3817599448276042,0.15,0,out_of_energy,0,0,1,0,83,22,2,0,0,43,0.04284085555823106,0.17470922444193943,0.0,0.0,0.99,8,exponential
q_learning,sparse_seed2,sparse,2,4a77b6e251,482,225,-11.250000000000025,-10.750000000000023,0.380996424937949,0.15,0,out_of_energy,0,0,1,0,99,35,2,0,0,44,0.044595035757107694,0.2006494646220848,0.0,0.0,0.99,8,exponential
q_learning,sparse_seed2,sparse,2,4a77b6e251,483,225,-11.250000000000025,-10.750000000000025,0.3802344320880731,0.15,0,out_of_energy,0,0,1,0,100,11,0,0,0,45,0.04392504740873055,0.2725648535626376,0.0,0.0,0.99,8,exponential
q_learning,sparse_seed2,sparse,2,4a77b6e251,484,225,-11.250000000000025,-10.750000000000023,0.379473963223897,0.15,0,out_of_energy,0,0,1,0,101,10,0,0,0,48,0.043887473635790965,0.14548656773739463,0.0,0.0,0.99,8,exponential
q_learning,sparse_seed2,sparse,2,4a77b6e251,485,225,-11.250000000000025,-10.850000000000025,0.37871501529744916,0.15,0,out_of_energy,0,0,1,0,100,4,0,0,0,44,0.04376035792574977,0.23166744537010986,0.0,0.0,0.99,8,exponential
q_learning,sparse_seed2,sparse,2,4a77b6e251,486,225,-11.250000000000025,-10.950000000000022,0.37795758526685425,0.15,0,out_of_energy,0,0,1,0,88,1,0,0,0,43,0.04451718846400081,0.22908434609575487,0.0,0.0,0.99,8,exponential
q_learning,sparse_seed2,sparse,2,4a77b6e251,487,225,-11.250000000000025,-10.950000000000022,0.37720167009632055,0.15,0,out_of_energy,0,0,1,0,94,3,0,0,0,48,0.043569887043956756,0.14797201804993293,0.0,0.0,0.99,8,exponential
q_learning,sparse_seed2,sparse,2,4a77b6e251,488,225,-11.250000000000025,-10.950000000000022,0.3764472667561279,0.15,0,out_of_energy,0,0,1,0,92,20,1,0,0,37,0.0441927690238989,0.12874564483746007,0.0,0.0,0.99,8,exponential
q_learning,sparse_seed2,sparse,2,4a77b6e251,489,225,-11.250000000000025,-10.950000000000022,0.37569437222261565,0.15,0,out_of_energy,0,0,1,0,85,21,0,0,0,46,0.04469053367661276,0.13861256545012335,0.0,0.0,0.99,8,exponential
q_learning,sparse_seed2,sparse,2,4a77b6e251,490,225,-11.250000000000025,-10.950000000000022,0.3749429834781704,0.15,0,out_of_energy,0,0,1,0,95,18,0,0,0,49,0.044177776485872594,0.24484781844948877,0.0,0.0,0.99,8,exponential
q_learning,sparse_seed2,sparse,2,4a77b6e251,491,225,-11.250000000000025,-10.950000000000022,0.37419309751121405,0.15,0,out_of_energy,0,0,1,0,93,25,0,0,0,43,0.044007373019334384,0.16541976051583265,0.0,0.0,0.99,8,exponential
q_learning,sparse_seed2,sparse,2,4a77b6e251,492,225,-11.250000000000025,-10.950000000000022,0.3734447113161916,0.15,0,out_of_energy,0,0,1,0,98,5,0,0,0,39,0.04488886557245588,0.19018750655290706,0.0,0.0,0.99,8,exponential
q_learning,sparse_seed2,sparse,2,4a77b6e251,493,225,-11.250000000000025,-10.950000000000022,0.3726978218935592,0.15,0,out_of_energy,0,0,1,0,106,34,0,0,0,39,0.0456463814045739,0.21022103998673775,0.0,0.0,0.99,8,exponential
q_learning,sparse_seed2,sparse,2,4a77b6e251,494,225,-11.250000000000025,-10.950000000000022,0.3719524262497721,0.15,0,out_of_energy,0,0,1,0,102,2,0,0,0,53,0.04403577478292423,0.13100692575366085,0.0,0.0,0.99,8,exponential
q_learning,sparse_seed2,sparse,2,4a77b6e251,495,225,-11.250000000000025,-10.950000000000022,0.37120852139727256,0.15,0,out_of_energy,0,0,1,0,93,3,0,0,0,42,0.044336390378977755,0.1930865711272845,0.0,0.0,0.99,8,exponential
q_learning,sparse_seed2,sparse,2,4a77b6e251,496,225,-11.250000000000025,-10.950000000000022,0.370466104354478,0.15,0,out_of_energy,0,0,1,0,85,34,1,0,0,51,0.04472391030412687,0.21328966115885656,0.0,0.0,0.99,8,exponential
q_learning,sparse_seed2,sparse,2,4a77b6e251,497,225,-11.250000000000025,-10.950000000000022,0.36972517214576905,0.15,0,out_of_energy,0,0,1,0,100,13,1,0,0,49,0.04340311994190723,0.2632554213934539,0.0,0.0,0.99,8,exponential
q_learning,sparse_seed2,sparse,2,4a77b6e251,498,225,-11.250000000000025,-10.950000000000022,0.36898572180147754,0.15,0,out_of_energy,0,0,1,0,94,9,0,0,0,50,0.04403710509937735,0.2011174081947228,0.0,0.0,0.99,8,exponential
q_learning,sparse_seed2,sparse,2,4a77b6e251,499,225,-11.250000000000025,-10.950000000000022,0.3682477503578746,0.15,0,out_of_energy,0,0,1,0,95,14,2,0,0,44,0.04283973716433989,0.16343745901427087,0.0,0.0,0.99,8,exponential
q_learning,sparse_seed2,sparse,2,4a77b6e251,500,225,-11.250000000000025,-10.950000000000022,0.36751125485715885,0.15,0,out_of_energy,0,0,1,0,86,5,0,0,0,41,0.043862990409402496,0.24502393440984627,0.0,0.0,0.99,8,exponential
q_learning,sparse_seed2,sparse,2,4a77b6e251,501,225,-11.250000000000025,-10.950000000000022,0.36677623234744455,0.15,0,out_of_energy,0,0,1,0,85,17,0,0,0,45,0.04285920523413045,0.2125765784439673,0.0,0.0,0.99,8,exponential
q_learning,sparse_seed2,sparse,2,4a77b6e251,502,225,-11.250000000000025,-10.950000000000022,0.3660426798827497,0.15,0,out_of_energy,0,0,1,0,111,13,0,0,0,41,0.04380922984094139,0.19143882718683758,0.0,0.0,0.99,8,exponential
q_learning,sparse_seed2,sparse,2,4a77b6e251,503,225,-11.250000000000025,-11.050000000000026,0.3653105945229842,0.15,0,out_of_energy,0,0,1,0,99,14,5,0,0,35,0.044711951007093576,0.16877982155588012,0.0,0.0,0.99,8,exponential
q_learning,sparse_seed2,sparse,2,4a77b6e251,504,225,-11.250000000000025,-11.050000000000026,0.3645799733339382,0.15,0,out_of_energy,0,0,1,0,93,19,0,0,0,41,0.04466526243031666,0.15714915280741598,0.0,0.0,0.99,8,exponential
q_learning,sparse_seed2,sparse,2,4a77b6e251,505,225,-11.250000000000025,-11.050000000000026,0.3638508133872703,0.15,0,out_of_energy,0,0,1,0,86,2,0,0,0,52,0.04410104315996056,0.19153246220993264,0.0,0.0,0.99,8,exponential
q_learning,sparse_seed2,sparse,2,4a77b6e251,506,225,-11.250000000000025,-11.050000000000026,0.3631231117604958,0.15,0,out_of_energy,0,0,1,0,94,8,0,0,0,54,0.044930274082610105,0.2674438232699135,0.0,0.0,0.99,8,exponential
q_learning,sparse_seed2,sparse,2,4a77b6e251,507,225,-11.250000000000025,-11.050000000000026,0.3623968655369748,0.15,0,out_of_energy,0,0,1,0,103,20,0,0,0,49,0.0447575104579737,0.18882204370218153,0.0,0.0,0.99,8,exponential
q_learning,sparse_seed2,sparse,2,4a77b6e251,508,225,-11.250000000000025,-11.050000000000026,0.3616720718059009,0.15,0,out_of_energy,0,0,1,0,83,21,2,0,0,31,0.04360595996382751,0.16756550340797505,0.0,0.0,0.99,8,exponential
q_learning,sparse_seed2,sparse,2,4a77b6e251,509,225,-11.250000000000025,-11.050000000000026,0.3609487276622891,0.15,0,out_of_energy,0,0,1,0,113,15,0,0,0,48,0.04419473122055423,0.11788857395397524,0.0,0.0,0.99,8,exponential
q_learning,sparse_seed2,sparse,2,4a77b6e251,510,225,-11.250000000000025,-11.050000000000026,0.3602268302069645,0.15,0,out_of_energy,0,0,1,0,95,7,0,0,0,47,0.04369074790440011,0.10500300957219251,0.0,0.0,0.99,8,exponential
q_learning,sparse_seed2,sparse,2,4a77b6e251,511,225,-11.250000000000025,-11.050000000000026,0.35950637654655054,0.15,0,out_of_energy,0,0,1,0,112,18,0,0,0,61,0.04476750161384746,0.22595516836125867,0.0,0.0,0.99,8,exponential
q_learning,sparse_seed2,sparse,2,4a77b6e251,512,225,-11.250000000000025,-11.050000000000026,0.35878736379345744,0.15,0,out_of_energy,0,0,1,0,103,7,0,0,0,36,0.04442770888831573,0.25082409090062385,0.0,0.0,0.99,8,exponential
q_learning,sparse_seed2,sparse,2,4a77b6e251,513,225,-1.250000000000012,-10.950000000000024,0.3580697890658705,0.15,0,out_of_energy,0,0,1,0,94,8,0,0,1,51,0.08644438100344583,7.155572913669347,0.0,0.0,0.99,8,exponential
q_learning,sparse_seed2,sparse,2,4a77b6e251,514,225,-11.250000000000025,-10.950000000000024,0.35735364948773873,0.15,0,out_of_energy,0,0,1,0,93,27,1,0,0,47,0.043416388385836266,0.13880065446224343,0.0,0.0,0.99,8,exponential
q_learning,sparse_seed2,sparse,2,4a77b6e251,515,225,-11.250000000000025,-10.950000000000024,0.35663894218876324,0.15,0,out_of_energy,0,0,1,0,100,8,0,0,0,49,0.04453585653195006,0.32778982993839245,0.0,0.0,0.99,8,exponential
q_learning,sparse_seed2,sparse,2,4a77b6e251,516,225,-11.250000000000025,-10.950000000000024,0.3559256643043857,0.15,0,out_of_energy,0,0,1,0,95,24,0,0,0,43,0.04456278766116807,0.21069528154377998,0.0,0.0,0.99,8,exponential
q_learning,sparse_seed2,sparse,2,4a77b6e251,517,225,-11.250000000000025,-10.950000000000024,0.3552138129757769,0.15,0,out_of_energy,0,0,1,0,92,5,0,0,0,37,0.04429916083716424,0.21252634984279242,0.0,0.0,0.99,8,exponential
q_learning,sparse_seed2,sparse,2,4a77b6e251,518,225,-11.250000000000025,-10.950000000000024,0.35450338534982534,0.15,0,out_of_energy,0,0,1,0,93,27,0,0,0,46,0.04413006886907668,0.24112521253455715,0.0,0.0,0.99,8,exponential
q_learning,sparse_seed2,sparse,2,4a77b6e251,519,225,-11.250000000000025,-10.950000000000024,0.3537943785791257,0.15,0,out_of_energy,0,0,1,0,91,17,1,0,0,39,0.04440195663233859,0.18248483988565606,0.0,0.0,0.99,8,exponential
q_learning,sparse_seed2,sparse,2,4a77b6e251,520,225,-11.250000000000025,-10.950000000000024,0.35308678982196745,0.15,0,out_of_energy,0,0,1,0,105,17,0,0,0,38,0.04508381598494528,0.16914591998075879,0.0,0.0,0.99,8,exponential
q_learning,sparse_seed2,sparse,2,4a77b6e251,521,225,-11.250000000000025,-10.950000000000024,0.35238061624232353,0.15,0,out_of_energy,0,0,1,0,93,15,0,0,0,47,0.04469921417086408,0.20129332744659614,0.0,0.0,0.99,8,exponential
q_learning,sparse_seed2,sparse,2,4a77b6e251,522,225,-11.250000000000025,-10.950000000000024,0.3516758550098389,0.15,0,out_of_energy,0,0,1,0,93,18,1,0,0,47,0.04471186442004657,0.2628277338593823,0.0,0.0,0.99,8,exponential
q_learning,sparse_seed2,sparse,2,4a77b6e251,523,225,-11.250000000000025,-10.950000000000024,0.3509725032998192,0.15,0,out_of_energy,0,0,1,0,98,7,0,0,0,59,0.043718810178301745,0.14314997530556794,0.0,0.0,0.99,8,exponential
q_learning,sparse_seed2,sparse,2,4a77b6e251,524,225,-11.250000000000025,-10.950000000000024,0.35027055829321957,0.15,0,out_of_energy,0,0,1,0,91,1,3,0,0,50,0.04534285724183836,0.2688371785782272,0.0,0.0,0.99,8,exponential
q_learning,sparse_seed2,sparse,2,4a77b6e251,525,225,-11.250000000000025,-10.950000000000024,0.3495700171766331,0.15,0,out_of_energy,0,0,1,0,95,14,0,0,0,49,0.04466419971216331,0.2475307091784882,0.0,0.0,0.99,8,exponential
q_learning,sparse_seed2,sparse,2,4a77b6e251,526,225,-11.250000000000025,-10.950000000000024,0.3488708771422798,0.15,0,out_of_energy,0,0,1,0,88,10,2,0,0,48,0.043964088439256206,0.2204243171620672,0.0,0.0,0.99,8,exponential
q_learning,sparse_seed2,sparse,2,4a77b6e251,527,225,-11.250000000000025,-10.950000000000024,0.34817313538799527,0.15,0,out_of_energy,0,0,1,0,104,5,2,0,0,31,0.04422078021538564,0.18950175423742213,0.0,0.0,0.99,8,exponential
q_learning,sparse_seed2,sparse,2,4a77b6e251,528,225,-11.250000000000025,-10.950000000000024,0.3474767891172193,0.15,0,out_of_energy,0,0,1,0,106,28,0,0,0,58,0.04378996849663245,0.1812616477945262,0.0,0.0,0.99,8,exponential
q_learning,sparse_seed2,sparse,2,4a77b6e251,529,225,-11.250000000000025,-10.950000000000024,0.34678183553898484,0.15,0,out_of_energy,0,0,1,0,96,16,1,0,0,39,0.044617833041491764,0.3139830241625266,0.0,0.0,0.99,8,exponential
q_learning,sparse_seed2,sparse,2,4a77b6e251,530,225,-1.2499999999999845,-10.850000000000025,0.34608827186790686,0.15,0,out_of_energy,0,0,1,0,109,22,0,0,1,41,0.08777483980843505,7.167519695700059,0.0,0.0,0.99,8,exponential
q_learning,sparse_seed2,sparse,2,4a77b6e251,531,225,-11.250000000000025,-10.850000000000025,0.34539609532417104,0.15,0,out_of_energy,0,0,1,0,102,2,0,0,0,44,0.04442040890951304,0.19940658697348485,0.0,0.0,0.99,8,exponential
q_learning,sparse_seed2,sparse,2,4a77b6e251,532,225,-11.250000000000025,-10.850000000000025,0.3447053031335227,0.15,0,out_of_energy,0,0,1,0,69,9,0,0,0,39,0.043993271607421565,0.19234552615441824,0.0,0.0,0.99,8,exponential
q_learning,sparse_seed2,sparse,2,4a77b6e251,533,225,-11.250000000000025,-10.850000000000025,0.3440158925272557,0.15,0,out_of_energy,0,0,1,0,91,18,0,0,0,37,0.04546596831978251,0.26032202530550047,0.0,0.0,0.99,8,exponential
q_learning,sparse_seed2,sparse,2,4a77b6e251,534,225,-1.2500000000000027,-10.750000000000025,0.3433278607422012,0.15,0,out_of_energy,0,0,1,0,109,4,0,0,1,51,0.10859616031191478,8.43953019932721,0.0,0.0,0.99,8,exponential
q_learning,sparse_seed2,sparse,2,4a77b6e251,535,225,-11.250000000000025,-10.850000000000023,0.34264120502071677,0.15,0,out_of_energy,0,0,1,0,108,18,0,0,0,40,0.04363038678639781,0.12793406227591053,0.0,0.0,0.99,8,exponential
q_learning,sparse_seed2,sparse,2,4a77b6e251,536,225,-11.250000000000025,-10.850000000000025,0.3419559226106753,0.15,0,out_of_energy,0,0,1,0,88,25,2,0,0,55,0.04441319036115636,0.2503620189585851,0.0,0.0,0.99,8,exponential
q_learning,sparse_seed2,sparse,2,4a77b6e251,537,225,-11.250000000000025,-10.850000000000023,0.34127201076545394,0.15,0,out_of_energy,0,0,1,0,97,0,0,0,0,43,0.044844599047001,0.30925579359577443,0.0,0.0,0.99,8,exponential
q_learning,sparse_seed2,sparse,2,4a77b6e251,538,225,-11.250000000000025,-10.850000000000025,0.34058946674392304,0.15,0,out_of_energy,0,0,1,0,92,32,0,0,0,44,0.04412542382599032,0.15496396028061143,0.0,0.0,0.99,8,exponential
q_learning,sparse_seed2,sparse,2,4a77b6e251,539,225,-11.250000000000025,-10.950000000000022,0.3399082878104352,0.15,0,out_of_energy,0,0,1,0,98,21,0,0,0,53,0.04422573667576048,0.21639054262354493,0.0,0.0,0.99,8,exponential
q_learning,sparse_seed2,sparse,2,4a77b6e251,540,225,-11.250000000000025,-10.950000000000024,0.3392284712348143,0.15,0,out_of_energy,0,0,1,0,109,10,0,0,0,36,0.05018948401945996,0.7738732127501562,0.0,0.0,0.99,8,exponential
q_learning,sparse_seed2,sparse,2,4a77b6e251,541,225,-11.250000000000025,-10.950000000000022,0.33855001429234466,0.15,0,out_of_energy,0,0,1,0,98,0,0,0,0,48,0.04490994710701388,0.3116903410025244,0.0,0.0,0.99,8,exponential
q_learning,sparse_seed2,sparse,2,4a77b6e251,542,225,-11.250000000000025,-10.950000000000024,0.33787291426376,0.15,0,out_of_energy,0,0,1,0,91,3,0,0,0,57,0.0446909895760376,0.15665716722275058,0.0,0.0,0.99,8,exponential
q_learning,sparse_seed2,sparse,2,4a77b6e251,543,225,-11.250000000000025,-10.950000000000022,0.33719716843523245,0.15,0,out_of_energy,0,0,1,0,90,10,6,0,0,44,0.04532263140492817,0.2071080172667991,0.0,0.0,0.99,8,exponential
q_learning,sparse_seed2,sparse,2,4a77b6e251,544,225,-11.250000000000025,-10.950000000000024,0.336522774098362,0.15,0,out_of_energy,0,0,1,0,115,5,0,0,0,37,0.04471800297632533,0.13122327897388955,0.0,0.0,0.99,8,exponential
q_learning,sparse_seed2,sparse,2,4a77b6e251,545,225,-1.2499999999999822,-10.850000000000023,0.33584972855016526,0.15,0,out_of_energy,0,0,1,0,106,10,0,0,1,46,0.08738964371828999,6.088142567605663,0.0,0.0,0.99,8,exponential
q_learning,sparse_seed2,sparse,2,4a77b6e251,546,225,-11.250000000000025,-10.850000000000025,0.33517802909306493,0.15,0,out_of_energy,0,0,1,0,103,4,0,0,0,47,0.04514247320780085,0.20640198577119662,0.0,0.0,0.99,8,exponential
q_learning,sparse_seed2,sparse,2,4a77b6e251,547,225,-11.250000000000025,-10.850000000000023,0.3345076730348788,0.15,0,out_of_energy,0,0,1,0,98,6,0,0,0,47,0.04302132692443937,0.11924933151283575,0.0,0.0,0.99,8,exponential
q_learning,sparse_seed2,sparse,2,4a77b6e251,548,225,-11.250000000000025,-10.850000000000025,0.33383865768880905,0.15,0,out_of_energy,0,0,1,0,101,10,0,0,0,46,0.04438700355169739,0.16831987727467285,0.0,0.0,0.99,8,exponential
q_learning,sparse_seed2,sparse,2,4a77b6e251,549,225,-11.250000000000025,-10.850000000000023,0.3331709803734314,0.15,0,out_of_energy,0,0,1,0,85,18,0,0,0,41,0.045052219434317364,0.27395620821632327,0.0,0.0,0.99,8,exponential
q_learning,sparse_seed2,sparse,2,4a77b6e251,550,225,-11.250000000000025,-10.850000000000025,0.3325046384126845,0.15,0,out_of_energy,0,0,1,0,91,7,0,0,0,52,0.04417503614272282,0.23007368852184404,0.0,0.0,0.99,8,exponential
q_learning,sparse_seed2,sparse,2,4a77b6e251,551,225,-11.250000000000025,-10.850000000000023,0.3318396291358591,0.15,0,out_of_energy,0,0,1,0,99,6,0,0,0,57,0.04422251859999663,0.1390339390827131,0.0,0.0,0.99,8,exponential
q_learning,sparse_seed2,sparse,2,4a77b6e251,552,225,-11.250000000000025,-10.850000000000025,0.3311759498775874,0.15,0,out_of_energy,0,0,1,0,87,1,0,0,0,47,0.044891466311533706,0.17181713961369338,0.0,0.0,0.99,8,exponential
q_learning,sparse_seed2,sparse,2,4a77b6e251,553,225,-1.2499999999999822,-10.750000000000023,0.33051359797783225,0.15,0,out_of_energy,0,0,1,0,117,12,0,0,1,42,0.08752054579748998,5.17868325870929,0.0,0.0,0.99,8,exponential
q_learning,sparse_seed2,sparse,2,4a77b6e251,554,225,-11.250000000000025,-10.750000000000025,0.3298525707818766,0.15,0,out_of_energy,0,0,1,0,101,10,2,0,0,32,0.045790752704041954,0.29465425273445606,0.0,0.0,0.99,8,exponential
q_learning,sparse_seed2,sparse,2,4a77b6e251,555,225,-11.250000000000025,-10.750000000000023,0.3291928656403128,0.15,0,out_of_energy,0,0,1,0,92,4,0,0,0,42,0.044781876214333896,0.2698742390120073,0.0,0.0,0.99,8,exponential
q_learning,sparse_seed2,sparse,2,4a77b6e251,556,225,-11.250000000000025,-10.750000000000025,0.3285344799090322,0.15,0,out_of_energy,0,0,1,0,104,38,0,0,0,40,0.04513666871153978,0.21073424844575073,0.0,0.0,0.99,8,exponential
q_learning,sparse_seed2,sparse,2,4a77b6e251,557,225,-11.250000000000025,-10.750000000000023,0.32787741094921413,0.15,0,out_of_energy,0,0,1,0,89,15,0,0,0,38,0.04537681930050777,0.2873799294484051,0.0,0.0,0.99,8,exponential
q_learning,sparse_seed2,sparse,2,4a77b6e251,558,225,-11.250000000000025,-10.750000000000023,0.3272216561273157,0.15,0,out_of_energy,0,0,1,0,100,1,0,0,0,41,0.04448280060815538,0.16340425805314074,0.0,0.0,0.99,8,exponential
q_learning,sparse_seed2,sparse,2,4a77b6e251,559,225,-11.250000000000025,-10.750000000000023,0.32656721281506107,0.15,0,out_of_energy,0,0,1,0,98,17,0,0,0,32,0.04390437078111221,0.3016259704353884,0.0,0.0,0.99,8,exponential
q_learning,sparse_seed2,sparse,2,4a77b6e251,560,225,-11.250000000000025,-10.750000000000023,0.32591407838943093,0.15,0,out_of_energy,0,0,1,0,100,38,1,0,0,44,0.04491826569559935,0.19338423908840796,0.0,0.0,0.99,8,exponential
q_learning,sparse_seed2,sparse,2,4a77b6e251,561,225,-11.250000000000025,-10.750000000000023,0.32526225023265204,0.15,0,out_of_energy,0,0,1,0,94,5,0,0,0,47,0.04504741467883954,0.20368331444838944,0.0,0.0,0.99,8,exponential
q_learning,sparse_seed2,sparse,2,4a77b6e251,562,225,-11.250000000000025,-10.750000000000023,0.3246117257321867,0.15,0,out_of_energy,0,0,1,0,84,20,5,0,0,38,0.04500314129980015,0.2051512941258531,0.0,0.0,0.99,8,exponential
q_learning,sparse_seed2,sparse,2,4a77b6e251,563,225,-11.250000000000025,-10.750000000000023,0.3239625022807223,0.15,0,out_of_energy,0,0,1,0,103,2,0,0,0,42,0.04404828676606427,0.10871253087830929,0.0,0.0,0.99,8,exponential
q_learning,sparse_seed2,sparse,2,4a77b6e251,564,225,-11.250000000000025,-10.750000000000023,0.32331457727616086,0.15,0,out_of_energy,0,0,1,0,85,13,0,0,0,46,0.043459293393528005,0.19319005147085078,0.0,0.0,0.99,8,exponential
q_learning,sparse_seed2,sparse,2,4a77b6e251,565,225,-11.250000000000025,-10.750000000000023,0.32266794812160854,0.15,0,out_of_energy,0,0,1,0,94,4,0,0,0,45,0.04438922981996356,0.16400053856165608,0.0,0.0,0.99,8,exponential
q_learning,sparse_seed2,sparse,2,4a77b6e251,566,225,-11.250000000000025,-10.750000000000023,0.3220226122253653,0.15,0,out_of_energy,0,0,1,0,107,8,0,0,0,49,0.044033443582716596,0.1674992047630246,0.0,0.0,0.99,8,exponential
q_learning,sparse_seed2,sparse,2,4a77b6e251,567,225,-11.250000000000025,-10.750000000000023,0.3213785670009146,0.15,0,out_of_energy,0,0,1,0,103,9,0,0,0,34,0.04442099585014563,0.15999540820875985,0.0,0.0,0.99,8,exponential
q_learning,sparse_seed2,sparse,2,4a77b6e251,568,225,-11.250000000000025,-10.750000000000023,0.3207358098669128,0.15,0,out_of_energy,0,0,1,0,112,12,0,0,0,52,0.04491672256280512,0.276855594153151,0.0,0.0,0.99,8,exponential
q_learning,sparse_seed2,sparse,2,4a77b6e251,569,225,-11.250000000000025,-10.750000000000023,0.320094338247179,0.15,0,out_of_energy,0,0,1,0,97,38,0,0,0,46,0.0435451464311036,0.1378320339482066,0.0,0.0,0.99,8,exponential
q_learning,sparse_seed2,sparse,2,4a77b6e251,570,225,-11.250000000000025,-10.750000000000023,0.31945414957068463,0.15,0,out_of_energy,0,0,1,0,105,23,0,0,0,41,0.044238016998046185,0.24343823699057357,0.0,0.0,0.99,8,exponential
q_learning,sparse_seed2,sparse,2,4a77b6e251,571,225,-11.250000000000025,-10.750000000000023,0.31881524127154326,0.15,0,out_of_energy,0,0,1,0,98,18,0,0,0,46,0.04391270321320197,0.14252719735085745,0.0,0.0,0.99,8,exponential
q_learning,sparse_seed2,sparse,2,4a77b6e251,572,225,-1.2499999999999885,-10.650000000000023,0.3181776107890002,0.15,0,out_of_energy,0,0,1,0,102,5,0,0,1,42,0.0864508477549976,7.16623800942916,0.0,0.0,0.99,8,exponential
q_learning,sparse_seed2,sparse,2,4a77b6e251,573,225,-11.250000000000025,-10.650000000000023,0.3175412555674222,0.15,0,out_of_energy,0,0,1,0,92,3,0,0,0,42,0.04384166985702683,0.23897422505139992,0.0,0.0,0.99,8,exponential
q_learning,sparse_seed2,sparse,2,4a77b6e251,574,225,-11.250000000000025,-10.650000000000023,0.3169061730562873,0.15,0,out_of_energy,0,0,1,0,90,26,3,0,0,33,0.04493646705951082,0.20880262282896542,0.0,0.0,0.99,8,exponential
q_learning,sparse_seed2,sparse,2,4a77b6e251,575,225,-11.250000000000025,-10.650000000000023,0.3162723607101747,0.15,0,out_of_energy,0,0,1,0,106,14,0,0,0,35,0.04549894590816605,0.22778170934442435,0.0,0.0,0.99,8,exponential
q_learning,sparse_seed2,sparse,2,4a77b6e251,576,225,-11.250000000000025,-10.650000000000023,0.3156398159887544,0.15,0,out_of_energy,0,0,1,0,93,34,0,0,0,49,0.043642055554430695,0.1413936154784211,0.0,0.0,0.99,8,exponential
q_learning,sparse_seed2,sparse,2,4a77b6e251,577,225,-11.250000000000025,-10.650000000000023,0.3150085363567769,0.15,0,out_of_energy,0,0,1,0,99,10,0,0,0,38,0.04472807658628314,0.22328826974991506,0.0,0.0,0.99,8,exponential
q_learning,sparse_seed2,sparse,2,4a77b6e251,578,225,-11.250000000000025,-10.650000000000023,0.31437851928406335,0.15,0,out_of_energy,0,0,1,0,105,13,0,0,0,56,0.04409928948797199,0.16221921133141265,0.0,0.0,0.99,8,exponential
q_learning,sparse_seed2,sparse,2,4a77b6e251,579,225,-11.250000000000025,-10.650000000000023,0.3137497622454952,0.15,0,out_of_energy,0,0,1,0,110,7,0,0,0,41,0.04464808070178275,0.2655511239428291,0.0,0.0,0.99,8,exponential
q_learning,sparse_seed2,sparse,2,4a77b6e251,580,225,-11.250000000000025,-10.650000000000023,0.31312226272100424,0.15,0,out_of_energy,0,0,1,0,86,8,0,0,0,47,0.04431576629087668,0.17377618282491017,0.0,0.0,0.99,8,exponential
q_learning,sparse_seed2,sparse,2,4a77b6e251,581,225,-11.250000000000025,-10.650000000000023,0.3124960181955622,0.15,0,out_of_energy,0,0,1,0,89,20,0,0,0,43,0.04481916541217949,0.243655647130996,0.0,0.0,0.99,8,exponential
q_learning,sparse_seed2,sparse,2,4a77b6e251,582,225,-11.250000000000025,-10.650000000000023,0.3118710261591711,0.15,0,out_of_energy,0,0,1,0,96,41,0,0,0,45,0.04515245740678707,0.20032644196822288,0.0,0.0,0.99,8,exponential
q_learning,sparse_seed2,sparse,2,4a77b6e251,583,225,-11.250000000000025,-10.650000000000023,0.31124728410685276,0.15,0,out_of_energy,0,0,1,0,94,20,1,0,0,51,0.044533774347706494,0.28962160296525274,0.0,0.0,0.99,8,exponential
q_learning,sparse_seed2,sparse,2,4a77b6e251,584,225,-11.250000000000025,-10.650000000000023,0.31062478953863903,0.15,0,out_of_energy,0,0,1,0,93,16,0,0,0,42,0.04547203080782787,0.20573385150633872,0.0,0.0,0.99,8,exponential
q_learning,sparse_seed2,sparse,2,4a77b6e251,585,225,-11.250000000000025,-10.650000000000023,0.31000353995956176,0.15,0,out_of_energy,0,0,1,0,110,0,0,0,0,39,0.0441342468710704,0.3113570366930962,0.0,0.0,0.99,8,exponential
q_learning,sparse_seed2,sparse,2,4a77b6e251,586,225,-11.250000000000025,-10.650000000000023,0.30938353287964265,0.15,0,out_of_energy,0,0,1,0,82,24,3,0,0,58,0.04555601641383675,0.21038287555099153,0.0,0.0,0.99,8,exponential
q_learning,sparse_seed2,sparse,2,4a77b6e251,587,225,-11.250000000000025,-10.650000000000023,0.30876476581388335,0.15,0,out_of_energy,0,0,1,0,110,46,0,0,0,60,0.04376670989091554,0.1678407676774708,0.0,0.0,0.99,8,exponential
q_learning,sparse_seed2,sparse,2,4a77b6e251,588,225,-11.250000000000025,-10.650000000000023,0.3081472362822556,0.15,0,out_of_energy,0,0,1,0,100,8,0,0,0,33,0.04405156570826095,0.1241851686670657,0.0,0.0,0.99,8,exponential
q_learning,sparse_seed2,sparse,2,4a77b6e251,589,225,-11.250000000000025,-10.650000000000023,0.3075309418096911,0.15,0,out_of_energy,0,0,1,0,82,13,9,0,0,34,0.04425890301120431,0.18596842801112046,0.0,0.0,0.99,8,exponential
q_learning,sparse_seed2,sparse,2,4a77b6e251,590,225,-11.250000000000025,-10.650000000000023,0.3069158799260717,0.15,0,out_of_energy,0,0,1,0,99,4,1,0,0,54,0.04496510993907851,0.24898772124653967,0.0,0.0,0.99,8,exponential
q_learning,sparse_seed2,sparse,2,4a77b6e251,591,225,-11.250000000000025,-10.650000000000023,0.3063020481662196,0.15,0,out_of_energy,0,0,1,0,88,19,1,0,0,43,0.044404542266824346,0.24641372210449025,0.0,0.0,0.99,8,exponential
q_learning,sparse_seed2,sparse,2,4a77b6e251,592,225,-11.250000000000025,-10.650000000000023,0.30568944406988713,0.15,0,out_of_energy,0,0,1,0,99,14,0,0,0,39,0.04481068598454667,0.2814022697167517,0.0,0.0,0.99,8,exponential
q_learning,sparse_seed2,sparse,2,4a77b6e251,593,225,-11.250000000000025,-10.650000000000023,0.30507806518174735,0.15,0,out_of_energy,0,0,1,0,98,10,0,0,0,52,0.045204787298135415,0.2791002683480158,0.0,0.0,0.99,8,exponential
q_learning,sparse_seed2,sparse,2,4a77b6e251,594,225,-11.250000000000025,-10.650000000000023,0.3044679090513839,0.15,0,out_of_energy,0,0,1,0,91,10,0,0,0,42,0.043784970170463344,0.23400851622014165,0.0,0.0,0.99,8,exponential
q_learning,sparse_seed2,sparse,2,4a77b6e251,595,225,-11.250000000000025,-10.650000000000023,0.3038589732332811,0.15,0,out_of_energy,0,0,1,0,96,4,0,0,0,49,0.04473944116287043,0.20104567261234446,0.0,0.0,0.99,8,exponential
q_learning,sparse_seed2,sparse,2,4a77b6e251,596,225,-11.250000000000025,-10.650000000000023,0.3032512552868145,0.15,0,out_of_energy,0,0,1,0,82,13,0,0,0,45,0.043738045718746704,0.17771808354555862,0.0,0.0,0.99,8,exponential
q_learning,sparse_seed2,sparse,2,4a77b6e251,597,225,-11.250000000000025,-10.650000000000023,0.30264475277624087,0.15,0,out_of_energy,0,0,1,0,88,1,0,0,0,46,0.04451156180137171,0.1874564822273596,0.0,0.0,0.99,8,exponential
q_learning,sparse_seed2,sparse,2,4a77b6e251,598,225,-11.250000000000025,-10.650000000000023,0.30203946327068837,0.15,0,out_of_energy,0,0,1,0,100,11,0,0,0,38,0.043904024940488805,0.16107001031970092,0.0,0.0,0.99,8,exponential
q_learning,sparse_seed2,sparse,2,4a77b6e251,599,225,-11.250000000000025,-10.650000000000023,0.301435384344147,0.15,0,out_of_energy,0,0,1,0,97,7,0,0,0,50,0.044614325150773175,0.237823157681386,0.0,0.0,0.99,8,exponential
q_learning,sparse_seed2,sparse,2,4a77b6e251,600,225,-11.250000000000025,-10.650000000000023,0.3008325135754587,0.15,0,out_of_energy,0,0,1,0,84,18,3,0,0,38,0.0447372440620306,0.19888198280644298,0.0,0.0,0.99,8,exponential
q_learning,sparse_seed2,sparse,2,4a77b6e251,601,225,-11.250000000000025,-10.650000000000023,0.3002308485483078,0.15,0,out_of_energy,0,0,1,0,100,4,0,0,0,49,0.04437567130200001,0.24521340854575613,0.0,0.0,0.99,8,exponential
q_learning,sparse_seed2,sparse,2,4a77b6e251,602,225,-11.250000000000025,-10.650000000000023,0.2996303868512112,0.15,0,out_of_energy,0,0,1,0,98,33,2,0,0,35,0.04452623376949227,0.20968394674494445,0.0,0.0,0.99,8,exponential
q_learning,sparse_seed2,sparse,2,4a77b6e251,603,225,-11.250000000000025,-10.650000000000023,0.29903112607750876,0.15,0,out_of_energy,0,0,1,0,90,13,0,0,0,53,0.04485489177378541,0.24070630492582507,0.0,0.0,0.99,8,exponential
q_learning,sparse_seed2,sparse,2,4a77b6e251,604,225,-1.2499999999999822,-10.550000000000022,0.29843306382535373,0.15,0,out_of_energy,0,0,1,0,109,30,0,0,1,40,0.08800191983017978,8.4575,0.0,0.0,0.99,8,exponential
q_learning,sparse_seed2,sparse,2,4a77b6e251,605,225,-11.250000000000025,-10.550000000000022,0.29783619769770303,0.15,0,out_of_energy,0,0,1,0,97,20,0,0,0,40,0.04521906897858975,0.20956351989001715,0.0,0.0,0.99,8,exponential
q_learning,sparse_seed2,sparse,2,4a77b6e251,606,225,-11.250000000000025,-10.550000000000022,0.2972405253023076,0.15,0,out_of_energy,0,0,1,0,98,7,0,0,0,46,0.044212046251504836,0.18079872226789123,0.0,0.0,0.99,8,exponential
q_learning,sparse_seed2,sparse,2,4a77b6e251,607,225,-11.250000000000025,-10.550000000000022,0.296646044251703,0.15,0,out_of_energy,0,0,1,0,82,8,4,0,0,53,0.044077984142678904,0.21718498968570016,0.0,0.0,0.99,8,exponential
q_learning,sparse_seed2,sparse,2,4a77b6e251,608,225,-1.2499999999999822,-10.450000000000022,0.2960527521631996,0.15,0,out_of_energy,0,0,1,0,97,10,0,0,1,42,0.0866070604549483,4.406195388070626,0.0,0.0,0.99,8,exponential
q_learning,sparse_seed2,sparse,2,4a77b6e251,609,225,-11.250000000000025,-10.450000000000022,0.29546064665887317,0.15,0,out_of_energy,0,0,1,0,87,21,0,0,0,46,0.04496189369917244,0.19225949806900106,0.0,0.0,0.99,8,exponential
q_learning,sparse_seed2,sparse,2,4a77b6e251,610,225,-11.250000000000025,-10.450000000000022,0.29486972536555545,0.15,0,out_of_energy,0,0,1,0,116,11,0,0,0,47,0.04412970096061354,0.1445261203136981,0.0,0.0,0.99,8,exponential
q_learning,sparse_seed2,sparse,2,4a77b6e251,611,225,-11.250000000000025,-10.450000000000022,0.29427998591482435,0.15,0,out_of_energy,0,0,1,0,101,21,1,0,0,38,0.04404800483530998,0.20952436963823998,0.0,0.0,0.99,8,exponential
q_learning,sparse_seed2,sparse,2,4a77b6e251,612,225,-11.250000000000025,-10.450000000000022,0.2936914259429947,0.15,0,out_of_energy,0,0,1,0,103,30,0,0,0,44,0.04429418062443389,0.1492622977651211,0.0,0.0,0.99,8,exponential
q_learning,sparse_seed2,sparse,2,4a77b6e251,613,225,-1.2499999999999822,-10.450000000000022,0.2931040430911087,0.15,0,out_of_energy,0,0,1,0,109,27,0,0,1,32,0.08846087636261088,7.1888749999999995,0.0,0.0,0.99,8,exponential
q_learning,sparse_seed2,sparse,2,4a77b6e251,614,225,-11.250000000000025,-10.450000000000022,0.2925178350049265,0.15,0,out_of_energy,0,0,1,0,104,15,0,0,0,47,0.04327465035503373,0.2025752385625745,0.0,0.0,0.99,8,exponential
q_learning,sparse_seed2,sparse,2,4a77b6e251,615,225,-1.2499999999999822,-10.350000000000023,0.29193279933491667,0.15,0,out_of_energy,0,0,1,0,107,26,0,0,1,40,0.08976344670290402,6.10311875,0.0,0.0,0.99,8,exponential
q_learning,sparse_seed2,sparse,2,4a77b6e251,616,225,-1.2499999999999822,-10.250000000000023,0.2913489337362468,0.15,0,out_of_energy,0,0,1,0,100,11,0,0,1,45,0.10787802628923104,5.179136116418749,0.0,0.0,0.99,8,exponential
q_learning,sparse_seed2,sparse,2,4a77b6e251,617,225,-11.250000000000025,-10.250000000000023,0.2907662358687743,0.15,0,out_of_energy,0,0,1,0,92,15,0,0,0,53,0.04477118071126748,0.18482251263755906,0.0,0.0,0.99,8,exponential
q_learning,sparse_seed2,sparse,2,4a77b6e251,618,225,-11.250000000000025,-10.250000000000023,0.2901847033970368,0.15,0,out_of_energy,0,0,1,0,97,26,0,0,0,50,0.044128936829417986,0.15464672038335248,0.0,0.0,0.99,8,exponential
q_learning,sparse_seed2,sparse,2,4a77b6e251,619,225,-11.250000000000025,-10.250000000000023,0.2896043339902427,0.15,0,out_of_energy,0,0,1,0,110,6,0,0,0,47,0.04481253864883153,0.13507510866879024,0.0,0.0,0.99,8,exponential
q_learning,sparse_seed2,sparse,2,4a77b6e251,620,225,-11.250000000000025,-10.250000000000023,0.2890251253222622,0.15,0,out_of_energy,0,0,1,0,89,26,0,0,0,39,0.04465911956403722,0.22012712883266727,0.0,0.0,0.99,8,exponential
q_learning,sparse_seed2,sparse,2,4a77b6e251,621,225,-11.250000000000025,-10.250000000000021,0.2884470750716177,0.15,0,out_of_energy,0,0,1,0,102,4,0,0,0,51,0.04503578179795565,0.20916265098483733,0.0,0.0,0.99,8,exponential
q_learning,sparse_seed2,sparse,2,4a77b6e251,622,225,-11.250000000000025,-10.250000000000023,0.2878701809214745,0.15,0,out_of_energy,0,0,1,0,109,14,0,0,0,38,0.0445091187025681,0.14043884391172679,0.0,0.0,0.99,8,exponential
q_learning,sparse_seed2,sparse,2,4a77b6e251,623,225,-11.250000000000025,-10.250000000000021,0.28729444055963155,0.15,0,out_of_energy,0,0,1,0,108,0,0,0,0,46,0.0450292304168612,0.19046164832335488,0.0,0.0,0.99,8,exponential
q_learning,sparse_seed2,sparse,2,4a77b6e251,624,225,-11.250000000000025,-10.250000000000023,0.28671985167851227,0.15,0,out_of_energy,0,0,1,0,100,11,0,0,0,43,0.044151654433547044,0.15681880660287012,0.0,0.0,0.99,8,exponential
q_learning,sparse_seed2,sparse,2,4a77b6e251,625,225,-11.250000000000025,-10.250000000000021,0.2861464119751552,0.15,0,out_of_energy,0,0,1,0,102,20,0,0,0,51,0.0440841751560046,0.21207904097460545,0.0,0.0,0.99,8,exponential
q_learning,sparse_seed2,sparse,2,4a77b6e251,626,225,-11.250000000000025,-10.250000000000023,0.2855741191512049,0.15,0,out_of_energy,0,0,1,0,92,13,0,0,0,59,0.04480897889765959,0.19799529287847117,0.0,0.0,0.99,8,exponential
q_learning,sparse_seed2,sparse,2,4a77b6e251,627,225,-11.250000000000025,-10.250000000000021,0.2850029709129025,0.15,0,out_of_energy,0,0,1,0,102,16,0,0,0,44,0.044313079488076244,0.20712318558789822,0.0,0.0,0.99,8,exponential
q_learning,sparse_seed2,sparse,2,4a77b6e251,628,225,-11.250000000000025,-10.250000000000023,0.2844329649710767,0.15,0,out_of_energy,0,0,1,0,96,16,0,0,0,54,0.04505862297839588,0.19378321123107217,0.0,0.0,0.99,8,exponential
q_learning,sparse_seed2,sparse,2,4a77b6e251,629,225,-11.250000000000025,-10.250000000000021,0.2838640990411345,0.15,0,out_of_energy,0,0,1,0,99,24,1,0,0,33,0.04420769721520894,0.22224363408465342,0.0,0.0,0.99,8,exponential
q_learning,sparse_seed2,sparse,2,4a77b6e251,630,225,-11.250000000000025,-10.350000000000023,0.28329637084305226,0.15,0,out_of_energy,0,0,1,0,99,18,0,0,0,52,0.04469634813037729,0.2470331871168313,0.0,0.0,0.99,8,exponential
q_learning,sparse_seed2,sparse,2,4a77b6e251,631,225,-11.250000000000025,-10.350000000000023,0.2827297781013662,0.15,0,out_of_energy,0,0,1,0,78,9,2,0,0,36,0.04406199871629791,0.21890003113562745,0.0,0.0,0.99,8,exponential
q_learning,sparse_seed2,sparse,2,4a77b6e251,632,225,-11.250000000000025,-10.350000000000023,0.28216431854516344,0.15,0,out_of_energy,0,0,1,0,102,18,0,0,0,42,0.04522407569551523,0.2783715572131564,0.0,0.0,0.99,8,exponential
q_learning,sparse_seed2,sparse,2,4a77b6e251,633,225,-1.2499999999999822,-10.250000000000021,0.2815999899080731,0.15,0,out_of_energy,0,0,1,0,108,16,0,0,1,37,0.08589254145018659,3.8802840103594343,0.0,0.0,0.99,8,exponential
q_learning,sparse_seed2,sparse,2,4a77b6e251,634,225,-11.250000000000025,-10.350000000000023,0.281036789928257,0.15,0,out_of_energy,0,0,1,0,95,19,2,0,0,36,0.04528656364283182,0.21200403443696225,0.0,0.0,0.99,8,exponential
q_learning,sparse_seed2,sparse,2,4a77b6e251,635,225,-11.250000000000025,-10.350000000000023,0.2804747163484005,0.15,0,out_of_energy,0,0,1,0,96,8,0,0,0,43,0.04394256653903876,0.23770815353920358,0.0,0.0,0.99,8,exponential
q_learning,sparse_seed2,sparse,2,4a77b6e251,636,225,-11.250000000000025,-10.350000000000023,0.2799137669157037,0.15,0,out_of_energy,0,0,1,0,100,7,0,0,0,34,0.04426734755268563,0.21347850228487805,0.0,0.0,0.99,8,exponential
q_learning,sparse_seed2,sparse,2,4a77b6e251,637,225,-11.250000000000025,-10.350000000000023,0.2793539393818723,0.15,0,out_of_energy,0,0,1,0,94,19,0,0,0,44,0.044367941071847626,0.24549569598078946,0.0,0.0,0.99,8,exponential
q_learning,sparse_seed2,sparse,2,4a77b6e251,638,225,-11.250000000000025,-10.350000000000023,0.2787952315031086,0.15,0,out_of_energy,0,0,1,0,94,26,0,0,0,45,0.044210397347153305,0.24530600854088566,0.0,0.0,0.99,8,exponential
q_learning,sparse_seed2,sparse,2,4a77b6e251,639,225,-11.250000000000025,-10.350000000000023,0.27823764104010235,0.15,0,out_of_energy,0,0,1,0,105,39,0,0,0,32,0.044851417981939444,0.23086822800647944,0.0,0.0,0.99,8,exponential
q_learning,sparse_seed2,sparse,2,4a77b6e251,640,225,-11.250000000000025,-10.350000000000023,0.27768116575802215,0.15,0,out_of_energy,0,0,1,0,103,19,0,0,0,54,0.04384901850821906,0.2408003065758006,0.0,0.0,0.99,8,exponential
q_learning,sparse_seed2,sparse,2,4a77b6e251,641,225,-11.250000000000025,-10.350000000000023,0.2771258034265061,0.15,0,out_of_energy,0,0,1,0,89,20,3,0,0,42,0.04455928782773992,0.22698193399091704,0.0,0.0,0.99,8,exponential
q_learning,sparse_seed2,sparse,2,4a77b6e251,642,225,-11.250000000000025,-10.350000000000023,0.2765715518196531,0.15,0,out_of_energy,0,0,1,0,108,9,0,0,0,45,0.042945980075032204,0.20984241109409504,0.0,0.0,0.99,8,exponential
q_learning,sparse_seed2,sparse,2,4a77b6e251,643,225,-11.250000000000025,-10.350000000000023,0.2760184087160138,0.15,0,out_of_energy,0,0,1,0,87,15,0,0,0,49,0.04435028401224365,0.15810712481823064,0.0,0.0,0.99,8,exponential
q_learning,sparse_seed2,sparse,2,4a77b6e251,644,225,-11.250000000000025,-10.350000000000023,0.27546637189858175,0.15,0,out_of_energy,0,0,1,0,102,5,0,0,0,53,0.04407108859600973,0.2507202567849182,0.0,0.0,0.99,8,exponential
q_learning,sparse_seed2,sparse,2,4a77b6e251,645,225,-1.2499999999999818,-10.350000000000023,0.2749154391547846,0.15,0,out_of_energy,0,0,1,0,107,3,0,0,1,40,0.11553429512177049,6.584085468146806,0.0,0.0,0.99,8,exponential
q_learning,sparse_seed2,sparse,2,4a77b6e251,646,225,-11.250000000000025,-10.350000000000023,0.27436560827647505,0.15,0,out_of_energy,0,0,1,0,96,4,0,0,0,53,0.04483674505007424,0.25094578071402107,0.0,0.0,0.99,8,exponential
q_learning,sparse_seed2,sparse,2,4a77b6e251,647,225,-1.2499999999999822,-10.250000000000023,0.2738168770599221,0.15,0,out_of_energy,0,0,1,0,107,11,0,0,1,51,0.09063761280596443,9.95,0.0,0.0,0.99,8,exponential
q_learning,sparse_seed2,sparse,2,4a77b6e251,648,225,-11.250000000000025,-10.250000000000023,0.2732692433058022,0.15,0,out_of_energy,0,0,1,0,85,14,1,0,0,52,0.04514008735063583,0.2410487310399735,0.0,0.0,0.99,8,exponential
q_learning,sparse_seed2,sparse,2,4a77b6e251,649,225,-11.250000000000025,-10.250000000000023,0.2727227048191906,0.15,0,out_of_energy,0,0,1,0,94,9,0,0,0,46,0.04510744357108085,0.24853228626349536,0.0,0.0,0.99,8,exponential
q_learning,sparse_seed2,sparse,2,4a77b6e251,650,225,-11.250000000000025,-10.250000000000023,0.27217725940955223,0.15,0,out_of_energy,0,0,1,0,112,18,3,0,0,33,0.04385590985712724,0.19795547097702676,0.0,0.0,0.99,8,exponential
q_learning,sparse_seed2,sparse,2,4a77b6e251,651,225,-11.250000000000025,-10.250000000000023,0.2716329048907331,0.15,0,out_of_energy,0,0,1,0,103,23,0,0,0,41,0.04457138968062171,0.30338499270781694,0.0,0.0,0.99,8,exponential
q_learning,sparse_seed2,sparse,2,4a77b6e251,652,225,-1.2499999999999822,-10.150000000000022,0.2710896390809516,0.15,0,out_of_energy,0,0,1,0,110,11,0,0,1,47,0.11206305136931848,6.067330643919494,0.0,0.0,0.99,8,exponential
q_learning,sparse_seed2,sparse,2,4a77b6e251,653,225,-11.250000000000025,-10.250000000000023,0.2705474598027897,0.15,0,out_of_energy,0,0,1,0,94,9,2,0,0,49,0.04406068843593693,0.23879861652227657,0.0,0.0,0.99,8,exponential
q_learning,sparse_seed2,sparse,2,4a77b6e251,654,225,-11.250000000000025,-10.250000000000023,0.27000636488318414,0.15,0,out_of_energy,0,0,1,0,103,7,0,0,0,53,0.043628017395731494,0.15911963189173955,0.0,0.0,0.99,8,exponential
q_learning,sparse_seed2,sparse,2,4a77b6e251,655,225,-11.250000000000025,-10.250000000000023,0.26946635215341774,0.15,0,out_of_energy,0,0,1,0,98,14,0,0,0,43,0.04523867939652953,0.21485761726966435,0.0,0.0,0.99,8,exponential
q_learning,sparse_seed2,sparse,2,4a77b6e251,656,225,-11.250000000000025,-10.250000000000021,0.2689274194491109,0.15,0,out_of_energy,0,0,1,0,81,5,3,0,0,30,0.04460729205729404,0.25406674317484457,0.0,0.0,0.99,8,exponential
q_learning,sparse_seed2,sparse,2,4a77b6e251,657,225,-11.250000000000025,-10.250000000000023,0.2683895646102127,0.15,0,out_of_energy,0,0,1,0,92,13,5,0,0,47,0.04516578928233749,0.22301009587796805,0.0,0.0,0.99,8,exponential
q_learning,sparse_seed2,sparse,2,4a77b6e251,658,225,-11.250000000000025,-10.250000000000021,0.2678527854809923,0.15,0,out_of_energy,0,0,1,0,93,20,0,0,0,43,0.045796342361924584,0.20077391261287594,0.0,0.0,0.99,8,exponential
q_learning,sparse_seed2,sparse,2,4a77b6e251,659,225,-11.250000000000025,-10.250000000000023,0.2673170799100303,0.15,0,out_of_energy,0,0,1,0,118,3,0,0,0,44,0.04432339348350672,0.20851342576226756,0.0,0.0,0.99,8,exponential
q_learning,sparse_seed2,sparse,2,4a77b6e251,660,225,-11.250000000000025,-10.250000000000021,0.2667824457502102,0.15,0,out_of_energy,0,0,1,0,88,20,6,0,0,45,0.04406297267759203,0.20461638873451332,0.0,0.0,0.99,8,exponential
q_learning,sparse_seed2,sparse,2,4a77b6e251,661,225,-11.250000000000025,-10.250000000000023,0.2662488808587098,0.15,0,out_of_energy,0,0,1,0,88,14,1,0,0,39,0.045057029144942286,0.33483923326808196,0.0,0.0,0.99,8,exponential
q_learning,sparse_seed2,sparse,2,4a77b6e251,662,225,-11.250000000000025,-10.250000000000021,0.26571638309699236,0.15,0,out_of_energy,0,0,1,0,100,4,0,0,0,46,0.04489659287504319,0.2811335051772357,0.0,0.0,0.99,8,exponential
q_learning,sparse_seed2,sparse,2,4a77b6e251,663,225,-11.250000000000025,-10.250000000000023,0.26518495033079836,0.15,0,out_of_energy,0,0,1,0,101,1,0,0,0,37,0.04480955002826571,0.26673444746095704,0.0,0.0,0.99,8,exponential
q_learning,sparse_seed2,sparse,2,4a77b6e251,664,225,-11.250000000000025,-10.250000000000021,0.2646545804301368,0.15,0,out_of_energy,0,0,1,0,108,6,0,0,0,52,0.043921725782341936,0.13790103110327734,0.0,0.0,0.99,8,exponential
q_learning,sparse_seed2,sparse,2,4a77b6e251,665,225,-11.250000000000025,-10.250000000000023,0.26412527126927654,0.15,0,out_of_energy,0,0,1,0,88,23,0,0,0,39,0.04519778146224692,0.24084057805043935,0.0,0.0,0.99,8,exponential
q_learning,sparse_seed2,sparse,2,4a77b6e251,666,225,-11.250000000000025,-10.250000000000021,0.26359702072673796,0.15,0,out_of_energy,0,0,1,0,93,1,0,0,0,50,0.04494450922861197,0.32050368534703405,0.0,0.0,0.99,8,exponential
q_learning,sparse_seed2,sparse,2,4a77b6e251,667,225,-11.250000000000025,-10.250000000000023,0.2630698266852845,0.15,0,out_of_energy,0,0,1,0,98,19,0,0,0,46,0.043875934343708345,0.20995231515411605,0.0,0.0,0.99,8,exponential
q_learning,sparse_seed2,sparse,2,4a77b6e251,668,225,-11.250000000000025,-10.250000000000021,0.26254368703191394,0.15,0,out_of_energy,0,0,1,0,102,18,0,0,0,43,0.04443679938036234,0.18795659672274406,0.0,0.0,0.99,8,exponential
q_learning,sparse_seed2,sparse,2,4a77b6e251,669,225,-11.250000000000025,-10.250000000000023,0.2620185996578501,0.15,0,out_of_energy,0,0,1,0,95,22,0,0,0,57,0.04396616848182568,0.20093360336515903,0.0,0.0,0.99,8,exponential
q_learning,sparse_seed2,sparse,2,4a77b6e251,670,225,-11.250000000000025,-10.250000000000021,0.2614945624585344,0.15,0,out_of_energy,0,0,1,0,103,16,0,0,0,54,0.04522453920462366,0.23794458419770814,0.0,0.0,0.99,8,exponential
q_learning,sparse_seed2,sparse,2,4a77b6e251,671,225,-11.250000000000025,-10.250000000000023,0.26097157333361737,0.15,0,out_of_energy,0,0,1,0,100,7,0,0,0,38,0.04394783607645916,0.23935731155138307,0.0,0.0,0.99,8,exponential
q_learning,sparse_seed2,sparse,2,4a77b6e251,672,225,-11.250000000000025,-10.350000000000023,0.2604496301869501,0.15,0,out_of_energy,0,0,1,0,84,9,0,0,0,48,0.04531296675831919,0.2642990584375649,0.0,0.0,0.99,8,exponential
q_learning,sparse_seed2,sparse,2,4a77b6e251,673,225,-11.250000000000025,-10.350000000000023,0.2599287309265762,0.15,0,out_of_energy,0,0,1,0,87,5,0,0,0,34,0.043623409474239545,0.16404826400341993,0.0,0.0,0.99,8,exponential
q_learning,sparse_seed2,sparse,2,4a77b6e251,674,225,-11.250000000000025,-10.350000000000023,0.259408873464723,0.15,0,out_of_energy,0,0,1,0,88,24,0,0,0,43,0.04509381276928687,0.2089058986759268,0.0,0.0,0.99,8,exponential
q_learning,sparse_seed2,sparse,2,4a77b6e251,675,225,-11.250000000000025,-10.350000000000023,0.25889005571779355,0.15,0,out_of_energy,0,0,1,0,84,29,3,0,0,46,0.044906058380962566,0.23373498571813833,0.0,0.0,0.99,8,exponential
q_learning,sparse_seed2,sparse,2,4a77b6e251,676,225,-11.250000000000025,-10.350000000000023,0.25837227560635795,0.15,0,out_of_energy,0,0,1,0,100,8,0,0,0,45,0.04441188783463951,0.2983069660719525,0.0,0.0,0.99,8,exponential
q_learning,sparse_seed2,sparse,2,4a77b6e251,677,225,-11.250000000000025,-10.350000000000023,0.25785553105514525,0.15,0,out_of_energy,0,0,1,0,89,41,1,0,0,55,0.04396990203872527,0.20565910630348516,0.0,0.0,0.99,8,exponential
q_learning,sparse_seed2,sparse,2,4a77b6e251,678,225,-11.250000000000025,-10.350000000000023,0.25733981999303496,0.15,0,out_of_energy,0,0,1,0,97,23,0,0,0,52,0.04325620480313821,0.22626835872752293,0.0,0.0,0.99,8,exponential
q_learning,sparse_seed2,sparse,2,4a77b6e251,679,225,-11.250000000000025,-10.350000000000023,0.2568251403530489,0.15,0,out_of_energy,0,0,1,0,88,13,0,0,0,51,0.04514676329229962,0.2526881203345621,0.0,0.0,0.99,8,exponential
q_learning,sparse_seed2,sparse,2,4a77b6e251,680,225,-11.250000000000025,-10.350000000000023,0.2563114900723428,0.15,0,out_of_energy,0,0,1,0,86,16,0,0,0,49,0.044382015788526984,0.22136213245393643,0.0,0.0,0.99,8,exponential
q_learning,sparse_seed2,sparse,2,4a77b6e251,681,225,-11.250000000000025,-10.350000000000023,0.25579886709219807,0.15,0,out_of_energy,0,0,1,0,86,12,5,0,0,41,0.04433892006349367,0.2513291866853581,0.0,0.0,0.99,8,exponential
q_learning,sparse_seed2,sparse,2,4a77b6e251,682,225,-11.250000000000025,-10.350000000000023,0.25528726935801366,0.15,0,out_of_energy,0,0,1,0,94,19,0,0,0,47,0.04536693464381985,0.308906387493756,0.0,0.0,0.99,8,exponential
q_learning,sparse_seed2,sparse,2,4a77b6e251,683,225,-11.250000000000025,-10.350000000000023,0.25477669481929766,0.15,0,out_of_energy,0,0,1,0,89,21,0,0,0,49,0.04477189055035157,0.22653109656014855,0.0,0.0,0.99,8,exponential
q_learning,sparse_seed2,sparse,2,4a77b6e251,684,225,-11.250000000000025,-10.350000000000023,0.25426714142965906,0.15,0,out_of_energy,0,0,1,0,87,6,0,0,0,44,0.044258758587955575,0.22059940310093712,0.0,0.0,0.99,8,exponential
q_learning,sparse_seed2,sparse,2,4a77b6e251,685,225,-11.250000000000025,-10.350000000000023,0.25375860714679976,0.15,0,out_of_energy,0,0,1,0,89,8,0,0,0,51,0.04508778284968095,0.29436143761465183,0.0,0.0,0.99,8,exponential
q_learning,sparse_seed2,sparse,2,4a77b6e251,686,225,-11.250000000000025,-10.350000000000023,0.25325108993250617,0.15,0,out_of_energy,0,0,1,0,92,13,0,0,0,38,0.04532179253723023,0.279599807521778,0.0,0.0,0.99,8,exponential
q_learning,sparse_seed2,sparse,2,4a77b6e251,687,225,-11.250000000000025,-10.350000000000023,0.25274458775264114,0.15,0,out_of_energy,0,0,1,0,86,3,0,0,0,47,0.04407691905312503,0.17874423308466386,0.0,0.0,0.99,8,exponential
q_learning,sparse_seed2,sparse,2,4a77b6e251,688,225,-1.2499999999999822,-10.250000000000021,0.25223909857713583,0.15,0,out_of_energy,0,0,1,0,95,25,0,0,1,37,0.08995719535402032,8.45981375,0.0,0.0,0.99,8,exponential
q_learning,sparse_seed2,sparse,2,4a77b6e251,689,225,-11.250000000000025,-10.250000000000023,0.25173462037998157,0.15,0,out_of_energy,0,0,1,0,103,11,0,0,0,45,0.044957622429733536,0.19975146354002704,0.0,0.0,0.99,8,exponential
q_learning,sparse_seed2,sparse,2,4a77b6e251,690,225,-11.250000000000025,-10.250000000000023,0.2512311511392216,0.15,0,out_of_energy,0,0,1,0,97,3,0,0,0,40,0.044827940116992565,0.32676569304148706,0.0,0.0,0.99,8,exponential
q_learning,sparse_seed2,sparse,2,4a77b6e251,691,225,-11.250000000000025,-10.250000000000023,0.25072868883694316,0.15,0,out_of_energy,0,0,1,0,114,6,0,0,0,50,0.044199994921318354,0.16487408594048286,0.0,0.0,0.99,8,exponential
q_learning,sparse_seed2,sparse,2,4a77b6e251,692,225,-11.250000000000025,-10.250000000000023,0.2502272314592693,0.15,0,out_of_energy,0,0,1,0,102,1,0,0,0,46,0.04584223129562337,0.3416030802254575,0.0,0.0,0.99,8,exponential
q_learning,sparse_seed2,sparse,2,4a77b6e251,693,225,-11.250000000000025,-10.250000000000021,0.24972677699635074,0.15,0,out_of_energy,0,0,1,0,88,2,0,0,0,45,0.04442753547849542,0.20810712238625917,0.0,0.0,0.99,8,exponential
q_learning,sparse_seed2,sparse,2,4a77b6e251,694,225,-1.2499999999999822,-10.150000000000022,0.24922732344235804,0.15,0,out_of_energy,0,0,1,0,101,8,0,0,1,50,0.11212468530463754,5.410836820360439,0.0,0.0,0.99,8,exponential
q_learning,sparse_seed2,sparse,2,4a77b6e251,695,225,-11.250000000000025,-10.150000000000022,0.24872886879547332,0.15,0,out_of_energy,0,0,1,0,99,10,0,0,0,40,0.04492092039709563,0.2544954995347909,0.0,0.0,0.99,8,exponential
q_learning,sparse_seed2,sparse,2,4a77b6e251,696,225,-11.250000000000025,-10.150000000000022,0.24823141105788238,0.15,0,out_of_energy,0,0,1,0,106,14,0,0,0,47,0.04545017979757064,0.28107714621370605,0.0,0.0,0.99,8,exponential
q_learning,sparse_seed2,sparse,2,4a77b6e251,697,225,-11.250000000000025,-10.15000000000002,0.2477349482357666,0.15,0,out_of_energy,0,0,1,0,95,21,0,0,0,38,0.04529924261185071,0.1969281134392239,0.0,0.0,0.99,8,exponential
q_learning,sparse_seed2,sparse,2,4a77b6e251,698,225,-11.250000000000025,-10.15000000000002,0.24723947833929508,0.15,0,out_of_energy,0,0,1,0,94,45,0,0,0,44,0.04521911248613864,0.23458873690537446,0.0,0.0,0.99,8,exponential
q_learning,sparse_seed2,sparse,2,4a77b6e251,699,225,-11.250000000000025,-10.15000000000002,0.2467449993826165,0.15,0,out_of_energy,0,0,1,0,115,1,0,0,0,40,0.04445236682050705,0.23705557588978904,0.0,0.0,0.99,8,exponential
q_learning,sparse_seed2,sparse,2,4a77b6e251,700,225,-11.250000000000025,-10.15000000000002,0.24625150938385126,0.15,0,out_of_energy,0,0,1,0,102,12,0,0,0,49,0.045527921191609706,0.23811024741487286,0.0,0.0,0.99,8,exponential
q_learning,sparse_seed2,sparse,2,4a77b6e251,701,225,-11.250000000000025,-10.15000000000002,0.24575900636508355,0.15,0,out_of_energy,0,0,1,0,90,19,3,0,0,58,0.04505156400921988,0.23765252135412726,0.0,0.0,0.99,8,exponential
q_learning,sparse_seed2,sparse,2,4a77b6e251,702,225,-11.250000000000025,-10.15000000000002,0.24526748835235337,0.15,0,out_of_energy,0,0,1,0,104,39,0,0,0,39,0.04380773895009724,0.2359976569475207,0.0,0.0,0.99,8,exponential
q_learning,sparse_seed2,sparse,2,4a77b6e251,703,225,-11.250000000000025,-10.15000000000002,0.24477695337564867,0.15,0,out_of_energy,0,0,1,0,89,27,0,0,0,49,0.045638163093921096,0.315590469052252,0.0,0.0,0.99,8,exponential
q_learning,sparse_seed2,sparse,2,4a77b6e251,704,225,-11.250000000000025,-10.250000000000021,0.24428739946889738,0.15,0,out_of_energy,0,0,1,0,90,32,0,0,0,48,0.04363537837911566,0.20428823772198879,0.0,0.0,0.99,8,exponential
q_learning,sparse_seed2,sparse,2,4a77b6e251,705,225,-11.250000000000025,-10.250000000000023,0.24379882466995959,0.15,0,out_of_energy,0,0,1,0,84,11,2,0,0,41,0.04534547994671237,0.2804330111672171,0.0,0.0,0.99,8,exponential
q_learning,sparse_seed2,sparse,2,4a77b6e251,706,225,-11.250000000000025,-10.250000000000021,0.24331122702061966,0.15,0,out_of_energy,0,0,1,0,97,21,0,0,0,43,0.04451586395383607,0.2835755027340711,0.0,0.0,0.99,8,exponential
q_learning,sparse_seed2,sparse,2,4a77b6e251,707,225,-1.2499999999999822,-10.150000000000022,0.24282460456657842,0.15,0,out_of_energy,0,0,1,0,109,17,0,0,1,37,0.09819682429493728,3.718853001581431,0.0,0.0,0.99,8,exponential
q_learning,sparse_seed2,sparse,2,4a77b6e251,708,225,-11.250000000000025,-10.250000000000023,0.24233895535744526,0.15,0,out_of_energy,0,0,1,0,98,2,1,0,0,43,0.04399960238773825,0.22165563660247817,0.0,0.0,0.99,8,exponential
q_learning,sparse_seed2,sparse,2,4a77b6e251,709,225,-11.250000000000025,-10.250000000000023,0.24185427744673038,0.15,0,out_of_energy,0,0,1,0,99,12,2,0,0,36,0.04399501706826093,0.30801452730929113,0.0,0.0,0.99,8,exponential
q_learning,sparse_seed2,sparse,2,4a77b6e251,710,225,-11.250000000000025,-10.250000000000021,0.24137056889183692,0.15,0,out_of_energy,0,0,1,0,100,5,0,0,0,37,0.044616897396506025,0.20497807607358653,0.0,0.0,0.99,8,exponential
q_learning,sparse_seed2,sparse,2,4a77b6e251,711,225,-11.250000000000025,-10.250000000000021,0.24088782775405324,0.15,0,out_of_energy,0,0,1,0,103,26,2,0,0,56,0.044475916611510756,0.2356577734601683,0.0,0.0,0.99,8,exponential
q_learning,sparse_seed2,sparse,2,4a77b6e251,712,225,-11.250000000000025,-10.250000000000023,0.24040605209854513,0.15,0,out_of_energy,0,0,1,0,76,32,0,0,0,42,0.044976785250441034,0.289995468807559,0.0,0.0,0.99,8,exponential
q_learning,sparse_seed2,sparse,2,4a77b6e251,713,225,-11.250000000000025,-10.350000000000023,0.23992523999434803,0.15,0,out_of_energy,0,0,1,0,92,51,0,0,0,37,0.04521130234205021,0.36367580077010164,0.0,0.0,0.99,8,exponential
q_learning,sparse_seed2,sparse,2,4a77b6e251,714,225,-11.250000000000025,-10.350000000000023,0.23944538951435934,0.15,0,out_of_energy,0,0,1,0,98,24,6,0,0,41,0.043817366897417664,0.20842084414841366,0.0,0.0,0.99,8,exponential
q_learning,sparse_seed2,sparse,2,4a77b6e251,715,225,-11.250000000000025,-10.450000000000022,0.23896649873533063,0.15,0,out_of_energy,0,0,1,0,93,43,0,0,0,57,0.04492266904939813,0.30383556043081733,0.0,0.0,0.99,8,exponential
q_learning,sparse_seed2,sparse,2,4a77b6e251,716,225,-1.2499999999999822,-10.450000000000022,0.23848856573785998,0.15,0,out_of_energy,0,0,1,0,94,27,0,0,1,52,0.1300132740322414,9.883307876088498,0.0,0.0,0.99,8,exponential
q_learning,sparse_seed2,sparse,2,4a77b6e251,717,225,-11.250000000000025,-10.450000000000022,0.23801158860638427,0.15,0,out_of_energy,0,0,1,0,98,3,0,0,0,44,0.04501129316989084,0.2297192672004213,0.0,0.0,0.99,8,exponential
q_learning,sparse_seed2,sparse,2,4a77b6e251,718,225,-11.250000000000025,-10.450000000000022,0.2375355654291715,0.15,0,out_of_energy,0,0,1,0,92,24,7,0,0,36,0.04423483715511536,0.22976344248481426,0.0,0.0,0.99,8,exponential
q_learning,sparse_seed2,sparse,2,4a77b6e251,719,225,-11.250000000000025,-10.450000000000022,0.23706049429831316,0.15,0,out_of_energy,0,0,1,0,107,9,0,0,0,37,0.04391374793647074,0.20654145810854102,0.0,0.0,0.99,8,exponential
q_learning,sparse_seed2,sparse,2,4a77b6e251,720,225,-11.250000000000025,-10.450000000000022,0.23658637330971655,0.15,0,out_of_energy,0,0,1,0,109,17,0,0,0,39,0.04474876582314972,0.31379373984657455,0.0,0.0,0.99,8,exponential
q_learning,sparse_seed2,sparse,2,4a77b6e251,721,225,-11.250000000000025,-10.450000000000022,0.23611320056309712,0.15,0,out_of_energy,0,0,1,0,93,5,0,0,0,44,0.0443998911844414,0.23730745318730223,0.0,0.0,0.99,8,exponential
q_learning,sparse_seed2,sparse,2,4a77b6e251,722,225,-11.250000000000025,-10.450000000000022,0.2356409741619709,0.15,0,out_of_energy,0,0,1,0,86,29,0,0,0,38,0.044887157562524795,0.198685179407742,0.0,0.0,0.99,8,exponential
q_learning,sparse_seed2,sparse,2,4a77b6e251,723,225,-11.250000000000025,-10.450000000000022,0.23516969221364697,0.15,0,out_of_energy,0,0,1,0,103,3,0,0,0,46,0.044466894695671236,0.20418859171476636,0.0,0.0,0.99,8,exponential
q_learning,sparse_seed2,sparse,2,4a77b6e251,724,225,-11.250000000000025,-10.450000000000022,0.2346993528292197,0.15,0,out_of_energy,0,0,1,0,108,5,0,0,0,47,0.04508018330265649,0.3246330619866981,0.0,0.0,0.99,8,exponential
q_learning,sparse_seed2,sparse,2,4a77b6e251,725,225,-11.250000000000025,-10.450000000000022,0.23422995412356126,0.15,0,out_of_energy,0,0,1,0,98,2,0,0,0,38,0.04614261370247993,0.33520162514000795,0.0,0.0,0.99,8,exponential
q_learning,sparse_seed2,sparse,2,4a77b6e251,726,225,-11.250000000000025,-10.450000000000022,0.23376149421531414,0.15,0,out_of_energy,0,0,1,0,99,13,3,0,0,49,0.04518845792487185,0.21219561675612497,0.0,0.0,0.99,8,exponential
q_learning,sparse_seed2,sparse,2,4a77b6e251,727,225,-1.2499999999999825,-10.350000000000023,0.2332939712268835,0.15,0,out_of_energy,0,0,1,0,121,14,0,0,1,44,0.08740248545119852,3.572940878719097,0.0,0.0,0.99,8,exponential
q_learning,sparse_seed2,sparse,2,4a77b6e251,728,225,-1.2499999999999822,-10.250000000000023,0.23282738328442973,0.15,0,out_of_energy,0,0,1,0,92,9,0,0,1,35,0.0926313062674994,3.355113268612307,0.0,0.0,0.99,8,exponential
q_learning,sparse_seed2,sparse,2,4a77b6e251,729,225,-11.250000000000025,-10.250000000000023,0.23236172851786085,0.15,0,out_of_energy,0,0,1,0,102,12,0,0,0,37,0.044230320340935325,0.28447106653882875,0.0,0.0,0.99,8,exponential
q_learning,sparse_seed2,sparse,2,4a77b6e251,730,225,-11.250000000000025,-10.250000000000023,0.23189700506082514,0.15,0,out_of_energy,0,0,1,0,106,1,0,0,0,50,0.04448370494737271,0.1786116256883529,0.0,0.0,0.99,8,exponential
q_learning,sparse_seed2,sparse,2,4a77b6e251,731,225,-11.250000000000025,-10.250000000000023,0.2314332110507035,0.15,0,out_of_energy,0,0,1,0,104,9,1,0,0,41,0.0452604655417289,0.3367657209936245,0.0,0.0,0.99,8,exponential
q_learning,sparse_seed2,sparse,2,4a77b6e251,732,225,-11.250000000000025,-10.250000000000021,0.23097034462860208,0.15,0,out_of_energy,0,0,1,0,100,1,0,0,0,42,0.04384612002535906,0.2124067438067388,0.0,0.0,0.99,8,exponential
q_learning,sparse_seed2,sparse,2,4a77b6e251,733,225,-1.2499999999999822,-10.250000000000021,0.23050840393934488,0.15,0,out_of_energy,0,0,1,0,94,19,0,0,1,43,0.10835347743651337,5.113134269176544,0.0,0.0,0.99,8,exponential
q_learning,sparse_seed2,sparse,2,4a77b6e251,734,225,-11.250000000000025,-10.250000000000023,0.2300473871314662,0.15,0,out_of_energy,0,0,1,0,94,14,0,0,0,52,0.04546819774387229,0.27412688030317445,0.0,0.0,0.99,8,exponential
q_learning,sparse_seed2,sparse,2,4a77b6e251,735,225,-11.250000000000025,-10.250000000000023,0.22958729235720327,0.15,0,out_of_energy,0,0,1,0,101,14,0,0,0,39,0.04396887428931097,0.24452804630277342,0.0,0.0,0.99,8,exponential
q_learning,sparse_seed2,sparse,2,4a77b6e251,736,225,-11.250000000000025,-10.250000000000023,0.22912811777248887,0.15,0,out_of_energy,0,0,1,0,99,22,0,0,0,53,0.04550243462493722,0.3145463117892251,0.0,0.0,0.99,8,exponential
q_learning,sparse_seed2,sparse,2,4a77b6e251,737,225,-11.250000000000025,-10.250000000000021,0.22866986153694388,0.15,0,out_of_energy,0,0,1,0,102,7,0,0,0,48,0.04382413348916527,0.21603188521337846,0.0,0.0,0.99,8,exponential
q_learning,sparse_seed2,sparse,2,4a77b6e251,738,225,-11.250000000000025,-10.250000000000023,0.22821252181387,0.15,0,out_of_energy,0,0,1,0,111,14,0,0,0,39,0.0442703936662624,0.31866816361229855,0.0,0.0,0.99,8,exponential
q_learning,sparse_seed2,sparse,2,4a77b6e251,739,225,-11.250000000000025,-10.250000000000023,0.22775609677024225,0.15,0,out_of_energy,0,0,1,0,90,4,0,0,0,47,0.04495625211365328,0.2708763751735626,0.0,0.0,0.99,8,exponential
q_learning,sparse_seed2,sparse,2,4a77b6e251,740,225,-11.250000000000025,-10.250000000000023,0.22730058457670177,0.15,0,out_of_energy,0,0,1,0,99,16,0,0,0,45,0.04530927756827542,0.24054761807596176,0.0,0.0,0.99,8,exponential
q_learning,sparse_seed2,sparse,2,4a77b6e251,741,225,-11.250000000000025,-10.250000000000021,0.22684598340754836,0.15,0,out_of_energy,0,0,1,0,104,9,0,0,0,45,0.04452537073787032,0.20059038304921856,0.0,0.0,0.99,8,exponential
q_learning,sparse_seed2,sparse,2,4a77b6e251,742,225,-11.250000000000025,-10.250000000000023,0.22639229144073325,0.15,0,out_of_energy,0,0,1,0,112,9,0,0,0,48,0.0444502656775815,0.11242680464673115,0.0,0.0,0.99,8,exponential
q_learning,sparse_seed2,sparse,2,4a77b6e251,743,225,-11.250000000000025,-10.250000000000023,0.22593950685785177,0.15,0,out_of_energy,0,0,1,0,99,2,0,0,0,51,0.04494448794511047,0.1372793175647387,0.0,0.0,0.99,8,exponential
q_learning,sparse_seed2,sparse,2,4a77b6e251,744,225,-11.250000000000025,-10.250000000000023,0.22548762784413606,0.15,0,out_of_energy,0,0,1,0,90,0,0,0,0,51,0.04568263142215775,0.24304349957611238,0.0,0.0,0.99,8,exponential
q_learning,sparse_seed2,sparse,2,4a77b6e251,745,225,-11.250000000000025,-10.350000000000023,0.2250366525884478,0.15,0,out_of_energy,0,0,1,0,104,16,0,0,0,40,0.04454538716128733,0.24268564694955058,0.0,0.0,0.99,8,exponential
q_learning,sparse_seed2,sparse,2,4a77b6e251,746,225,-11.250000000000025,-10.350000000000023,0.2245865792832709,0.15,0,out_of_energy,0,0,1,0,104,14,0,0,0,57,0.04497835744231136,0.22594375892972257,0.0,0.0,0.99,8,exponential
q_learning,sparse_seed2,sparse,2,4a77b6e251,747,225,-11.250000000000025,-10.450000000000022,0.22413740612470434,0.15,0,out_of_energy,0,0,1,0,98,7,0,0,0,39,0.04526664972559707,0.36663862697860444,0.0,0.0,0.99,8,exponential
q_learning,sparse_seed2,sparse,2,4a77b6e251,748,225,-11.250000000000025,-10.450000000000022,0.22368913131245494,0.15,0,out_of_energy,0,0,1,0,99,29,0,0,0,37,0.04361799073794622,0.20407196518992476,0.0,0.0,0.99,8,exponential
q_learning,sparse_seed2,sparse,2,4a77b6e251,749,225,-11.250000000000025,-10.450000000000022,0.22324175304983002,0.15,0,out_of_energy,0,0,1,0,104,13,0,0,0,50,0.0446335270328351,0.2898689772254525,0.0,0.0,0.99,8,exponential
q_learning,sparse_seed2,sparse,2,4a77b6e251,750,225,-11.250000000000025,-10.450000000000022,0.22279526954373036,0.15,0,out_of_energy,0,0,1,0,100,30,0,0,0,47,0.045320687170603856,0.25944381374641867,0.0,0.0,0.99,8,exponential
q_learning,sparse_seed2,sparse,2,4a77b6e251,751,225,-11.250000000000025,-10.450000000000022,0.2223496790046429,0.15,0,out_of_energy,0,0,1,0,89,18,0,0,0,45,0.04363446452958215,0.18757261197049108,0.0,0.0,0.99,8,exponential
q_learning,sparse_seed2,sparse,2,4a77b6e251,752,225,-11.250000000000025,-10.550000000000022,0.2219049796466336,0.15,0,out_of_energy,0,0,1,0,109,36,0,0,0,39,0.04520508562477313,0.2461865079765152,0.0,0.0,0.99,8,exponential
q_learning,sparse_seed2,sparse,2,4a77b6e251,753,225,-11.250000000000025,-10.550000000000022,0.22146116968734034,0.15,0,out_of_energy,0,0,1,0,100,31,0,0,0,49,0.044828835902687145,0.2132416550478768,0.0,0.0,0.99,8,exponential
q_learning,sparse_seed2,sparse,2,4a77b6e251,754,225,-11.250000000000025,-10.550000000000022,0.22101824734796566,0.15,0,out_of_energy,0,0,1,0,97,20,0,0,0,38,0.04582601032165428,0.2991719913828892,0.0,0.0,0.99,8,exponential
q_learning,sparse_seed2,sparse,2,4a77b6e251,755,225,-11.250000000000025,-10.550000000000022,0.22057621085326973,0.15,0,out_of_energy,0,0,1,0,117,25,0,0,0,43,0.0448591032388738,0.27614058515087025,0.0,0.0,0.99,8,exponential
q_learning,sparse_seed2,sparse,2,4a77b6e251,756,225,-11.250000000000025,-10.550000000000022,0.2201350584315632,0.15,0,out_of_energy,0,0,1,0,115,9,0,0,0,50,0.04556385602679734,0.3822070481358293,0.0,0.0,0.99,8,exponential
q_learning,sparse_seed2,sparse,2,4a77b6e251,757,225,-11.250000000000025,-10.550000000000022,0.21969478831470007,0.15,0,out_of_energy,0,0,1,0,98,13,0,0,0,46,0.04426586895589479,0.34875653464163026,0.0,0.0,0.99,8,exponential
q_learning,sparse_seed2,sparse,2,4a77b6e251,758,225,-11.250000000000025,-10.550000000000022,0.21925539873807068,0.15,0,out_of_energy,0,0,1,0,116,2,0,0,0,48,0.04506756912900667,0.1619901131943518,0.0,0.0,0.99,8,exponential
q_learning,sparse_seed2,sparse,2,4a77b6e251,759,225,-11.250000000000025,-10.550000000000022,0.21881688794059453,0.15,0,out_of_energy,0,0,1,0,92,21,0,0,0,43,0.04575097626680381,0.25607227723094467,0.0,0.0,0.99,8,exponential
q_learning,sparse_seed2,sparse,2,4a77b6e251,760,225,-11.250000000000025,-10.550000000000022,0.21837925416471335,0.15,0,out_of_energy,0,0,1,0,84,8,0,0,0,39,0.04541836764848598,0.28078530865094026,0.0,0.0,0.99,8,exponential
q_learning,sparse_seed2,sparse,2,4a77b6e251,761,225,-11.250000000000025,-10.550000000000022,0.21794249565638393,0.15,0,out_of_energy,0,0,1,0,80,25,0,0,0,47,0.04538549407069874,0.2314045754076211,0.0,0.0,0.99,8,exponential
q_learning,sparse_seed2,sparse,2,4a77b6e251,762,225,-11.250000000000025,-10.550000000000022,0.21750661066507115,0.15,0,out_of_energy,0,0,1,0,95,10,0,0,0,55,0.045234178055907986,0.3467451496042905,0.0,0.0,0.99,8,exponential
q_learning,sparse_seed2,sparse,2,4a77b6e251,763,225,-11.250000000000025,-10.550000000000022,0.21707159744374102,0.15,0,out_of_energy,0,0,1,0,91,9,0,0,0,46,0.04335309191486731,0.20910302047547502,0.0,0.0,0.99,8,exponential
q_learning,sparse_seed2,sparse,2,4a77b6e251,764,225,-11.250000000000025,-10.550000000000022,0.21663745424885353,0.15,0,out_of_energy,0,0,1,0,100,3,0,0,0,47,0.04479630993945612,0.15969965732472252,0.0,0.0,0.99,8,exponential
q_learning,sparse_seed2,sparse,2,4a77b6e251,765,225,-11.250000000000025,-10.550000000000022,0.21620417934035582,0.15,0,out_of_energy,0,0,1,0,102,9,0,0,0,41,0.04479763559768406,0.28395064336343817,0.0,0.0,0.99,8,exponential
q_learning,sparse_seed2,sparse,2,4a77b6e251,766,225,-11.250000000000025,-10.550000000000022,0.2157717709816751,0.15,0,out_of_energy,0,0,1,0,105,16,0,0,0,37,0.044638789941707765,0.20781315213632823,0.0,0.0,0.99,8,exponential
q_learning,sparse_seed2,sparse,2,4a77b6e251,767,225,-11.250000000000025,-10.550000000000022,0.21534022743971176,0.15,0,out_of_energy,0,0,1,0,107,23,0,0,0,39,0.04446918036073419,0.2203088337463272,0.0,0.0,0.99,8,exponential
q_learning,sparse_seed2,sparse,2,4a77b6e251,768,225,-11.250000000000025,-10.550000000000022,0.21490954698483233,0.15,0,out_of_energy,0,0,1,0,100,12,0,0,0,35,0.04542522775715543,0.22790232385823372,0.0,0.0,0.99,8,exponential
q_learning,sparse_seed2,sparse,2,4a77b6e251,769,225,-11.250000000000025,-10.550000000000022,0.21447972789086267,0.15,0,out_of_energy,0,0,1,0,96,36,1,0,0,41,0.04530808771829264,0.22874093594359668,0.0,0.0,0.99,8,exponential
q_learning,sparse_seed2,sparse,2,4a77b6e251,770,225,-11.250000000000025,-10.550000000000022,0.21405076843508095,0.15,0,out_of_energy,0,0,1,0,104,30,0,0,0,38,0.04419709706382128,0.2244541420465131,0.0,0.0,0.99,8,exponential
q_learning,sparse_seed2,sparse,2,4a77b6e251,771,225,-11.250000000000025,-10.550000000000022,0.21362266689821077,0.15,0,out_of_energy,0,0,1,0,98,13,0,0,0,49,0.044892816831100385,0.31823514016196897,0.0,0.0,0.99,8,exponential
q_learning,sparse_seed2,sparse,2,4a77b6e251,772,225,-11.250000000000025,-10.550000000000022,0.21319542156441434,0.15,0,out_of_energy,0,0,1,0,92,8,2,0,0,44,0.04395096731283569,0.2907657816390624,0.0,0.0,0.99,8,exponential
q_learning,sparse_seed2,sparse,2,4a77b6e251,773,225,-11.250000000000025,-10.550000000000022,0.21276903072128553,0.15,0,out_of_energy,0,0,1,0,95,1,0,0,0,49,0.0452011759218513,0.2272515982884245,0.0,0.0,0.99,8,exponential
q_learning,sparse_seed2,sparse,2,4a77b6e251,774,225,-1.2499999999999822,-10.450000000000022,0.21234349265984295,0.15,0,out_of_energy,0,0,1,0,105,17,0,0,1,53,0.08765365221729764,7.187652683262499,0.0,0.0,0.99,8,exponential
q_learning,sparse_seed2,sparse,2,4a77b6e251,775,225,-1.2499999999999822,-10.350000000000023,0.21191880567452326,0.15,0,out_of_energy,0,0,1,0,108,25,0,0,1,43,0.08806114481757416,6.122732161195655,0.0,0.0,0.99,8,exponential
q_learning,sparse_seed2,sparse,2,4a77b6e251,776,225,-1.2499999999999822,-10.250000000000023,0.21149496806317422,0.15,0,out_of_energy,0,0,1,0,100,4,0,0,1,39,0.12621676243108687,7.064939435078694,0.0,0.0,0.99,8,exponential
q_learning,sparse_seed2,sparse,2,4a77b6e251,777,225,-11.250000000000025,-10.250000000000023,0.21107197812704787,0.15,0,out_of_energy,0,0,1,0,118,1,0,0,0,44,0.043975627336133395,0.258704506696685,0.0,0.0,0.99,8,exponential
q_learning,sparse_seed2,sparse,2,4a77b6e251,778,225,-11.250000000000025,-10.250000000000023,0.21064983417079378,0.15,0,out_of_energy,0,0,1,0,110,3,0,0,0,41,0.04435898450237737,0.21680099770130573,0.0,0.0,0.99,8,exponential
q_learning,sparse_seed2,sparse,2,4a77b6e251,779,225,-11.250000000000025,-10.250000000000023,0.21022853450245219,0.15,0,out_of_energy,0,0,1,0,112,5,0,0,0,40,0.044871849573284946,0.24436460435843935,0.0,0.0,0.99,8,exponential
q_learning,sparse_seed2,sparse,2,4a77b6e251,780,225,-11.250000000000025,-10.250000000000021,0.2098080774334473,0.15,0,out_of_energy,0,0,1,0,90,20,0,0,0,42,0.044212238381933056,0.23584077848710683,0.0,0.0,0.99,8,exponential
q_learning,sparse_seed2,sparse,2,4a77b6e251,781,225,-11.250000000000025,-10.250000000000023,0.20938846127858038,0.15,0,out_of_energy,0,0,1,0,92,6,0,0,0,48,0.044417333299735226,0.20867246890431623,0.0,0.0,0.99,8,exponential
q_learning,sparse_seed2,sparse,2,4a77b6e251,782,225,-11.250000000000025,-10.250000000000023,0.20896968435602323,0.15,0,out_of_energy,0,0,1,0,100,12,0,0,0,42,0.04444707036490744,0.21865266058660668,0.0,0.0,0.99,8,exponential
q_learning,sparse_seed2,sparse,2,4a77b6e251,783,225,-11.250000000000025,-10.250000000000021,0.2085517449873112,0.15,0,out_of_energy,0,0,1,0,98,14,0,0,0,44,0.044472367773133695,0.24569303922445568,0.0,0.0,0.99,8,exponential
q_learning,sparse_seed2,sparse,2,4a77b6e251,784,225,-11.250000000000025,-10.250000000000021,0.20813464149733657,0.15,0,out_of_energy,0,0,1,0,94,1,0,0,0,47,0.04435279159188726,0.24984992729129762,0.0,0.0,0.99,8,exponential
q_learning,sparse_seed2,sparse,2,4a77b6e251,785,225,-11.250000000000025,-10.250000000000023,0.2077183722143419,0.15,0,out_of_energy,0,0,1,0,107,15,0,0,0,47,0.0449364546222088,0.23979829900405308,0.0,0.0,0.99,8,exponential
q_learning,sparse_seed2,sparse,2,4a77b6e251,786,225,-11.250000000000025,-10.250000000000023,0.2073029354699132,0.15,0,out_of_energy,0,0,1,0,114,4,0,0,0,48,0.04385688614050813,0.2379850029821277,0.0,0.0,0.99,8,exponential
q_learning,sparse_seed2,sparse,2,4a77b6e251,787,225,-11.250000000000025,-10.250000000000021,0.20688832959897338,0.15,0,out_of_energy,0,0,1,0,101,6,0,0,0,47,0.04429586965897684,0.21718681465431916,0.0,0.0,0.99,8,exponential
q_learning,sparse_seed2,sparse,2,4a77b6e251,788,225,-11.250000000000025,-10.350000000000023,0.20647455293977543,0.15,0,out_of_energy,0,0,1,0,102,17,0,0,0,45,0.04469631925707828,0.20938062400608015,0.0,0.0,0.99,8,exponential
q_learning,sparse_seed2,sparse,2,4a77b6e251,789,225,-11.250000000000025,-10.350000000000023,0.20606160383389588,0.15,0,out_of_energy,0,0,1,0,100,17,0,0,0,41,0.045204409950435405,0.24185363239881114,0.0,0.0,0.99,8,exponential
q_learning,sparse_seed2,sparse,2,4a77b6e251,790,225,-11.250000000000025,-10.350000000000023,0.2056494806262281,0.15,0,out_of_energy,0,0,1,0,100,24,0,0,0,43,0.043964024410683714,0.1968944814610299,0.0,0.0,0.99,8,exponential
q_learning,sparse_seed2,sparse,2,4a77b6e251,791,225,-11.250000000000025,-10.350000000000023,0.20523818166497565,0.15,0,out_of_energy,0,0,1,0,88,24,0,0,0,38,0.04528092545723378,0.335024262540772,0.0,0.0,0.99,8,exponential
q_learning,sparse_seed2,sparse,2,4a77b6e251,792,225,-11.250000000000025,-10.350000000000023,0.2048277053016457,0.15,0,out_of_energy,0,0,1,0,106,7,0,0,0,40,0.04435723025702286,0.19611645332117167,0.0,0.0,0.99,8,exponential
q_learning,sparse_seed2,sparse,2,4a77b6e251,793,225,-11.250000000000025,-10.350000000000023,0.20441804989104242,0.15,0,out_of_energy,0,0,1,0,82,10,0,0,0,51,0.04455914072204561,0.2378778184306845,0.0,0.0,0.99,8,exponential
q_learning,sparse_seed2,sparse,2,4a77b6e251,794,225,-11.250000000000025,-10.450000000000022,0.20400921379126033,0.15,0,out_of_energy,0,0,1,0,92,15,0,0,0,45,0.043842687365101864,0.25553020756952977,0.0,0.0,0.99,8,exponential
q_learning,sparse_seed2,sparse,2,4a77b6e251,795,225,-11.250000000000025,-10.450000000000022,0.20360119536367782,0.15,0,out_of_energy,0,0,1,0,99,6,3,0,0,43,0.04554833254252271,0.2933100693304619,0.0,0.0,0.99,8,exponential
q_learning,sparse_seed2,sparse,2,4a77b6e251,796,225,-11.250000000000025,-10.450000000000022,0.20319399297295046,0.15,0,out_of_energy,0,0,1,0,106,25,0,0,0,43,0.044856454894513995,0.2199161596822063,0.0,0.0,0.99,8,exponential
q_learning,sparse_seed2,sparse,2,4a77b6e251,797,225,-11.250000000000025,-10.450000000000022,0.20278760498700457,0.15,0,out_of_energy,0,0,1,0,88,9,0,0,0,43,0.04590956779608714,0.25043708214138893,0.0,0.0,0.99,8,exponential
q_learning,sparse_seed2,sparse,2,4a77b6e251,798,225,-11.250000000000025,-10.450000000000022,0.20238202977703057,0.15,0,out_of_energy,0,0,1,0,104,17,0,0,0,43,0.04472318302204679,0.2217775242749599,0.0,0.0,0.99,8,exponential
q_learning,sparse_seed2,sparse,2,4a77b6e251,799,225,-11.250000000000025,-10.450000000000022,0.2019772657174765,0.15,0,out_of_energy,0,0,1,0,109,13,0,0,0,45,0.04329827065911248,0.18180518590556538,0.0,0.0,0.99,8,exponential
q_learning,sparse_seed2,sparse,2,4a77b6e251,800,225,-11.250000000000025,-10.450000000000022,0.20157331118604155,0.15,0,out_of_energy,0,0,1,0,106,1,0,0,0,49,0.04396297951147174,0.18591775563488971,0.0,0.0,0.99,8,exponential
q_learning,sparse_seed2,sparse,2,4a77b6e251,801,225,-11.250000000000025,-10.450000000000022,0.20117016456366946,0.15,0,out_of_energy,0,0,1,0,97,14,0,0,0,38,0.043800833765505365,0.32805675854991145,0.0,0.0,0.99,8,exponential
q_learning,sparse_seed2,sparse,2,4a77b6e251,802,225,-11.250000000000025,-10.450000000000022,0.20076782423454212,0.15,0,out_of_energy,0,0,1,0,96,18,0,0,0,33,0.0447925558018857,0.3049254676137203,0.0,0.0,0.99,8,exponential
q_learning,sparse_seed2,sparse,2,4a77b6e251,803,225,-11.250000000000025,-10.450000000000022,0.20036628858607303,0.15,0,out_of_energy,0,0,1,0,109,4,0,0,0,38,0.04427732376294991,0.15725901196631364,0.0,0.0,0.99,8,exponential
q_learning,sparse_seed2,sparse,2,4a77b6e251,804,225,-11.250000000000025,-10.450000000000022,0.19996555600890087,0.15,0,out_of_energy,0,0,1,0,93,37,0,0,0,44,0.04440457221895481,0.2038395675429534,0.0,0.0,0.99,8,exponential
q_learning,sparse_seed2,sparse,2,4a77b6e251,805,225,-11.250000000000025,-10.450000000000022,0.19956562489688306,0.15,0,out_of_energy,0,0,1,0,94,20,0,0,0,47,0.04550753219197491,0.3095941185413663,0.0,0.0,0.99,8,exponential
q_learning,sparse_seed2,sparse,2,4a77b6e251,806,225,-11.250000000000025,-10.450000000000022,0.1991664936470893,0.15,0,out_of_energy,0,0,1,0,98,15,0,0,0,46,0.04376049823948615,0.28591269447388423,0.0,0.0,0.99,8,exponential
q_learning,sparse_seed2,sparse,2,4a77b6e251,807,225,-11.250000000000025,-10.550000000000022,0.1987681606597951,0.15,0,out_of_energy,0,0,1,0,87,22,3,0,0,47,0.04545224769387174,0.23783301668703571,0.0,0.0,0.99,8,exponential
q_learning,sparse_seed2,sparse,2,4a77b6e251,808,225,-11.250000000000025,-10.550000000000022,0.19837062433847552,0.15,0,out_of_energy,0,0,1,0,83,4,3,0,0,43,0.04471785903361106,0.235717117944864,0.0,0.0,0.99,8,exponential
q_learning,sparse_seed2,sparse,2,4a77b6e251,809,225,-11.250000000000025,-10.550000000000022,0.19797388308979857,0.15,0,out_of_energy,0,0,1,0,100,17,0,0,0,46,0.044711801935514786,0.20461532242953873,0.0,0.0,0.99,8,exponential
q_learning,sparse_seed2,sparse,2,4a77b6e251,810,225,-11.250000000000025,-10.550000000000022,0.19757793532361898,0.15,0,out_of_energy,0,0,1,0,85,24,0,0,0,35,0.04489160807061193,0.2679753804789916,0.0,0.0,0.99,8,exponential
q_learning,sparse_seed2,sparse,2,4a77b6e251,811,225,-11.250000000000025,-10.550000000000022,0.19718277945297175,0.15,0,out_of_energy,0,0,1,0,98,21,0,0,0,41,0.04578337433939693,0.2625262576374238,0.0,0.0,0.99,8,exponential
q_learning,sparse_seed2,sparse,2,4a77b6e251,812,225,-11.250000000000025,-10.550000000000022,0.1967884138940658,0.15,0,out_of_energy,0,0,1,0,94,1,0,0,0,52,0.044506957531089,0.2259689983525946,0.0,0.0,0.99,8,exponential
q_learning,sparse_seed2,sparse,2,4a77b6e251,813,225,-11.250000000000025,-10.550000000000022,0.19639483706627767,0.15,0,out_of_energy,0,0,1,0,103,23,0,0,0,47,0.044612751662193514,0.26254995046749197,0.0,0.0,0.99,8,exponential
q_learning,sparse_seed2,sparse,2,4a77b6e251,814,225,-11.250000000000025,-10.550000000000022,0.1960020473921451,0.15,0,out_of_energy,0,0,1,0,91,7,0,0,0,49,0.044775879602418946,0.21679417964580572,0.0,0.0,0.99,8,exponential
q_learning,sparse_seed2,sparse,2,4a77b6e251,815,225,-11.250000000000025,-10.550000000000022,0.1956100432973608,0.15,0,out_of_energy,0,0,1,0,86,8,0,0,0,51,0.045223080896410896,0.22995056078913206,0.0,0.0,0.99,8,exponential
q_learning,sparse_seed2,sparse,2,4a77b6e251,816,225,-11.250000000000025,-10.650000000000023,0.19521882321076608,0.15,0,out_of_energy,0,0,1,0,103,29,0,0,0,50,0.044654791418500143,0.3286609349345793,0.0,0.0,0.99,8,exponential
q_learning,sparse_seed2,sparse,2,4a77b6e251,817,225,-11.250000000000025,-10.650000000000023,0.19482838556434456,0.15,0,out_of_energy,0,0,1,0,95,19,0,0,0,54,0.04429734145346194,0.3341818730543653,0.0,0.0,0.99,8,exponential
q_learning,sparse_seed2,sparse,2,4a77b6e251,818,225,-11.250000000000025,-10.650000000000023,0.1944387287932159,0.15,0,out_of_energy,0,0,1,0,92,21,0,0,0,52,0.043946197503527996,0.2024216636209663,0.0,0.0,0.99,8,exponential
q_learning,sparse_seed2,sparse,2,4a77b6e251,819,225,-11.250000000000025,-10.650000000000023,0.19404985133562946,0.15,0,out_of_energy,0,0,1,0,91,11,0,0,0,39,0.04494888240261277,0.35140397958814346,0.0,0.0,0.99,8,exponential
q_learning,sparse_seed2,sparse,2,4a77b6e251,820,225,-11.250000000000025,-10.650000000000023,0.1936617516329582,0.15,0,out_of_energy,0,0,1,0,99,29,4,0,0,46,0.04524051373617183,0.2763698765393028,0.0,0.0,0.99,8,exponential
q_learning,sparse_seed2,sparse,2,4a77b6e251,821,225,-11.250000000000025,-10.650000000000023,0.19327442812969228,0.15,0,out_of_energy,0,0,1,0,82,0,0,0,0,38,0.04529042592233112,0.24922546763809225,0.0,0.0,0.99,8,exponential
q_learning,sparse_seed2,sparse,2,4a77b6e251,822,225,-11.250000000000025,-10.650000000000023,0.1928878792734329,0.15,0,out_of_energy,0,0,1,0,109,11,0,0,0,47,0.04604162877972516,0.2948315060300908,0.0,0.0,0.99,8,exponential
q_learning,sparse_seed2,sparse,2,4a77b6e251,823,225,-11.250000000000025,-10.650000000000023,0.19250210351488603,0.15,0,out_of_energy,0,0,1,0,92,13,12,0,0,39,0.04621417419373,0.2824067645593854,0.0,0.0,0.99,8,exponential
q_learning,sparse_seed2,sparse,2,4a77b6e251,824,225,-11.250000000000025,-10.650000000000023,0.19211709930785625,0.15,0,out_of_energy,0,0,1,0,100,13,0,0,0,41,0.04479540516832505,0.2489420619463022,0.0,0.0,0.99,8,exponential
q_learning,sparse_seed2,sparse,2,4a77b6e251,825,225,-11.250000000000025,-10.650000000000023,0.19173286510924054,0.15,0,out_of_energy,0,0,1,0,91,7,0,0,0,53,0.04565827662728093,0.30825375445162295,0.0,0.0,0.99,8,exponential
q_learning,sparse_seed2,sparse,2,4a77b6e251,826,225,-11.250000000000025,-10.650000000000023,0.19134939937902207,0.15,0,out_of_energy,0,0,1,0,106,21,0,0,0,47,0.04479787220756354,0.24126888679994396,0.0,0.0,0.99,8,exponential
q_learning,sparse_seed2,sparse,2,4a77b6e251,827,225,-11.250000000000025,-10.750000000000023,0.19096670058026402,0.15,0,out_of_energy,0,0,1,0,81,19,2,0,0,39,0.046497914937785954,0.2928630170912647,0.0,0.0,0.99,8,exponential
q_learning,sparse_seed2,sparse,2,4a77b6e251,828,225,-11.250000000000025,-10.850000000000023,0.1905847671791035,0.15,0,out_of_energy,0,0,1,0,90,25,1,0,0,35,0.044799425106305316,0.27536230087830194,0.0,0.0,0.99,8,exponential
q_learning,sparse_seed2,sparse,2,4a77b6e251,829,225,-11.250000000000025,-10.850000000000023,0.1902035976447453,0.15,0,out_of_energy,0,0,1,0,93,6,0,0,0,52,0.04555827764895373,0.3404025723905114,0.0,0.0,0.99,8,exponential
q_learning,sparse_seed2,sparse,2,4a77b6e251,830,225,-11.250000000000025,-10.850000000000023,0.1898231904494558,0.15,0,out_of_energy,0,0,1,0,85,14,0,0,0,39,0.044516549794222794,0.2960730988434329,0.0,0.0,0.99,8,exponential
q_learning,sparse_seed2,sparse,2,4a77b6e251,831,225,-11.250000000000025,-10.850000000000023,0.1894435440685569,0.15,0,out_of_energy,0,0,1,0,104,19,0,0,0,47,0.04574975039448099,0.2865470067519244,0.0,0.0,0.99,8,exponential
q_learning,sparse_seed2,sparse,2,4a77b6e251,832,225,-11.250000000000025,-10.850000000000023,0.1890646569804198,0.15,0,out_of_energy,0,0,1,0,97,10,0,0,0,41,0.04531602236913162,0.29234014138902165,0.0,0.0,0.99,8,exponential
q_learning,sparse_seed2,sparse,2,4a77b6e251,833,225,-11.250000000000025,-10.950000000000022,0.18868652766645896,0.15,0,out_of_energy,0,0,1,0,88,19,5,0,0,53,0.04489427538089917,0.2555912496702139,0.0,0.0,0.99,8,exponential
q_learning,sparse_seed2,sparse,2,4a77b6e251,834,225,-11.250000000000025,-10.950000000000022,0.18830915461112605,0.15,0,out_of_energy,0,0,1,0,93,25,0,0,0,39,0.04381804457149548,0.2711640421441438,0.0,0.0,0.99,8,exponential
q_learning,sparse_seed2,sparse,2,4a77b6e251,835,225,-11.250000000000025,-10.950000000000022,0.1879325363019038,0.15,0,out_of_energy,0,0,1,0,107,1,0,0,0,49,0.04477589772874414,0.33343626600830123,0.0,0.0,0.99,8,exponential
q_learning,sparse_seed2,sparse,2,4a77b6e251,836,225,-11.250000000000025,-10.950000000000022,0.18755667122929998,0.15,0,out_of_energy,0,0,1,0,103,31,2,0,0,55,0.04522146861573641,0.2758852672739355,0.0,0.0,0.99,8,exponential
q_learning,sparse_seed2,sparse,2,4a77b6e251,837,225,-11.250000000000025,-10.950000000000022,0.18718155788684138,0.15,0,out_of_energy,0,0,1,0,95,21,0,0,0,48,0.04563423176762574,0.2592756171115768,0.0,0.0,0.99,8,exponential
q_learning,sparse_seed2,sparse,2,4a77b6e251,838,225,-11.250000000000025,-10.950000000000022,0.1868071947710677,0.15,0,out_of_energy,0,0,1,0,106,8,0,0,0,37,0.04504301394149503,0.18871794934641256,0.0,0.0,0.99,8,exponential
q_learning,sparse_seed2,sparse,2,4a77b6e251,839,225,-1.2499999999999822,-10.850000000000023,0.18643358038152555,0.15,0,out_of_energy,0,0,1,0,106,12,0,0,1,50,0.08577704518114583,3.414311418225477,0.0,0.0,0.99,8,exponential
q_learning,sparse_seed2,sparse,2,4a77b6e251,840,225,-11.250000000000025,-10.850000000000023,0.1860607132207625,0.15,0,out_of_energy,0,0,1,0,85,16,0,0,0,46,0.04569114556959279,0.2631120150675795,0.0,0.0,0.99,8,exponential
q_learning,sparse_seed2,sparse,2,4a77b6e251,841,225,-11.250000000000025,-10.850000000000023,0.18568859179432098,0.15,0,out_of_energy,0,0,1,0,98,27,1,0,0,43,0.04518482729523185,0.27973599995978665,0.0,0.0,0.99,8,exponential
q_learning,sparse_seed2,sparse,2,4a77b6e251,842,225,-11.250000000000025,-10.850000000000023,0.18531721461073233,0.15,0,out_of_energy,0,0,1,0,87,24,0,0,0,38,0.04377156956403495,0.20052084884642463,0.0,0.0,0.99,8,exponential
q_learning,sparse_seed2,sparse,2,4a77b6e251,843,225,-11.250000000000025,-10.850000000000023,0.18494658018151086,0.15,0,out_of_energy,0,0,1,0,92,10,2,0,0,51,0.04549250736778013,0.2870647435456908,0.0,0.0,0.99,8,exponential
q_learning,sparse_seed2,sparse,2,4a77b6e251,844,225,-11.250000000000025,-10.850000000000023,0.18457668702114785,0.15,0,out_of_energy,0,0,1,0,105,3,0,0,0,47,0.044634055294561284,0.23759074203779706,0.0,0.0,0.99,8,exponential
q_learning,sparse_seed2,sparse,2,4a77b6e251,845,225,-11.250000000000025,-10.850000000000023,0.18420753364710554,0.15,0,out_of_energy,0,0,1,0,100,26,0,0,0,40,0.04591694690070547,0.3158186378804474,0.0,0.0,0.99,8,exponential
q_learning,sparse_seed2,sparse,2,4a77b6e251,846,225,-11.250000000000025,-10.850000000000023,0.18383911857981133,0.15,0,out_of_energy,0,0,1,0,95,20,4,0,0,41,0.04571516690116479,0.29131926457162205,0.0,0.0,0.99,8,exponential
q_learning,sparse_seed2,sparse,2,4a77b6e251,847,225,-11.250000000000025,-10.850000000000023,0.1834714403426517,0.15,0,out_of_energy,0,0,1,0,96,11,6,0,0,38,0.04582400896269705,0.2898096557879409,0.0,0.0,0.99,8,exponential
q_learning,sparse_seed2,sparse,2,4a77b6e251,848,225,-11.250000000000025,-10.850000000000023,0.1831044974619664,0.15,0,out_of_energy,0,0,1,0,87,24,0,0,0,39,0.045084512005553995,0.27050901991298165,0.0,0.0,0.99,8,exponential
q_learning,sparse_seed2,sparse,2,4a77b6e251,849,225,-11.250000000000025,-10.850000000000023,0.18273828846704246,0.15,0,out_of_energy,0,0,1,0,100,15,0,0,0,45,0.045190675746728894,0.31235576668832776,0.0,0.0,0.99,8,exponential
q_learning,sparse_seed2,sparse,2,4a77b6e251,850,225,-11.250000000000025,-10.850000000000023,0.18237281189010837,0.15,0,out_of_energy,0,0,1,0,87,3,0,0,0,48,0.04532536251315482,0.2626029314791146,0.0,0.0,0.99,8,exponential
q_learning,sparse_seed2,sparse,2,4a77b6e251,851,225,-11.250000000000025,-10.850000000000023,0.18200806626632815,0.15,0,out_of_energy,0,0,1,0,91,2,0,0,0,48,0.04592457653025476,0.2606493497827921,0.0,0.0,0.99,8,exponential
q_learning,sparse_seed2,sparse,2,4a77b6e251,852,225,-11.250000000000025,-10.850000000000023,0.1816440501337955,0.15,0,out_of_energy,0,0,1,0,104,2,0,0,0,42,0.04437998732025723,0.26707644217898097,0.0,0.0,0.99,8,exponential
q_learning,sparse_seed2,sparse,2,4a77b6e251,853,225,-11.250000000000025,-10.850000000000023,0.18128076203352791,0.15,0,out_of_energy,0,0,1,0,97,22,0,0,0,49,0.04454439434447916,0.2407237243419692,0.0,0.0,0.99,8,exponential
q_learning,sparse_seed2,sparse,2,4a77b6e251,854,225,-11.250000000000025,-10.850000000000023,0.18091820050946086,0.15,0,out_of_energy,0,0,1,0,122,10,0,0,0,58,0.04514920393326057,0.2592403675776888,0.0,0.0,0.99,8,exponential
q_learning,sparse_seed2,sparse,2,4a77b6e251,855,225,-1.2499999999999822,-10.750000000000023,0.18055636410844195,0.15,0,out_of_energy,0,0,1,0,102,12,0,0,1,45,0.08720084481464135,5.202977499115295,0.0,0.0,0.99,8,exponential
q_learning,sparse_seed2,sparse,2,4a77b6e251,856,225,-11.250000000000025,-10.750000000000023,0.18019525138022507,0.15,0,out_of_energy,0,0,1,0,112,16,0,0,0,41,0.04364118254636861,0.15929809939094436,0.0,0.0,0.99,8,exponential
q_learning,sparse_seed2,sparse,2,4a77b6e251,857,225,-11.250000000000025,-10.750000000000023,0.17983486087746461,0.15,0,out_of_energy,0,0,1,0,98,1,0,0,0,55,0.04592310007092051,0.3160845780293902,0.0,0.0,0.99,8,exponential
q_learning,sparse_seed2,sparse,2,4a77b6e251,858,225,-1.2499999999999822,-10.650000000000023,0.17947519115570967,0.15,0,out_of_energy,0,0,1,0,97,6,0,0,1,49,0.0874670950896589,4.416800974922451,0.0,0.0,0.99,8,exponential
q_learning,sparse_seed2,sparse,2,4a77b6e251,859,225,-11.250000000000025,-10.650000000000023,0.17911624077339824,0.15,0,out_of_energy,0,0,1,0,102,19,0,0,0,51,0.046024863943673215,0.3348388025623542,0.0,0.0,0.99,8,exponential
q_learning,sparse_seed2,sparse,2,4a77b6e251,860,225,-1.2499999999999885,-10.550000000000022,0.17875800829185146,0.15,0,out_of_energy,0,0,1,0,121,4,0,0,1,47,0.12606462987758824,5.987903651505361,0.0,0.0,0.99,8,exponential
q_learning,sparse_seed2,sparse,2,4a77b6e251,861,225,-1.2499999999999822,-10.450000000000022,0.17840049227526775,0.15,0,out_of_energy,0,0,1,0,108,31,0,0,1,53,0.08571450907498494,3.2505826318762834,0.0,0.0,0.99,8,exponential
q_learning,sparse_seed2,sparse,2,4a77b6e251,862,225,-11.250000000000025,-10.450000000000022,0.1780436912907172,0.15,0,out_of_energy,0,0,1,0,108,17,0,0,0,41,0.04496536473314895,0.30489180252740555,0.0,0.0,0.99,8,exponential
q_learning,sparse_seed2,sparse,2,4a77b6e251,863,225,-11.250000000000025,-10.450000000000022,0.17768760390813576,0.15,0,out_of_energy,0,0,1,0,90,24,0,0,0,38,0.045578871566642205,0.3538490670788034,0.0,0.0,0.99,8,exponential
q_learning,sparse_seed2,sparse,2,4a77b6e251,864,225,-11.250000000000025,-10.450000000000022,0.17733222870031948,0.15,0,out_of_energy,0,0,1,0,86,3,4,0,0,43,0.045333772096742546,0.26450616347880274,0.0,0.0,0.99,8,exponential
q_learning,sparse_seed2,sparse,2,4a77b6e251,865,225,-11.250000000000025,-10.450000000000022,0.17697756424291883,0.15,0,out_of_energy,0,0,1,0,89,5,2,0,0,45,0.04462773338485828,0.2885784465968626,0.0,0.0,0.99,8,exponential
q_learning,sparse_seed2,sparse,2,4a77b6e251,866,225,-11.250000000000025,-10.450000000000022,0.17662360911443298,0.15,0,out_of_energy,0,0,1,0,99,13,0,0,0,51,0.044981318295285455,0.2627766311442577,0.0,0.0,0.99,8,exponential
q_learning,sparse_seed2,sparse,2,4a77b6e251,867,225,-11.250000000000025,-10.450000000000022,0.17627036189620413,0.15,0,out_of_energy,0,0,1,0,94,13,0,0,0,46,0.045136265428687636,0.293821642102438,0.0,0.0,0.99,8,exponential
q_learning,sparse_seed2,sparse,2,4a77b6e251,868,225,-11.250000000000025,-10.450000000000022,0.17591782117241173,0.15,0,out_of_energy,0,0,1,0,104,24,0,0,0,50,0.044343756904137985,0.23909782515959432,0.0,0.0,0.99,8,exponential
q_learning,sparse_seed2,sparse,2,4a77b6e251,869,225,-11.250000000000025,-10.450000000000022,0.17556598553006691,0.15,0,out_of_energy,0,0,1,0,89,1,4,0,0,53,0.04468779772796776,0.32983460537390163,0.0,0.0,0.99,8,exponential
q_learning,sparse_seed2,sparse,2,4a77b6e251,870,225,-11.250000000000025,-10.450000000000022,0.1752148535590068,0.15,0,out_of_energy,0,0,1,0,85,3,0,0,0,47,0.046655111664414835,0.2537531662080785,0.0,0.0,0.99,8,exponential
q_learning,sparse_seed2,sparse,2,4a77b6e251,871,225,-11.250000000000025,-10.450000000000022,0.17486442385188877,0.15,0,out_of_energy,0,0,1,0,84,16,2,0,0,49,0.045644290544393014,0.2960033932953559,0.0,0.0,0.99,8,exponential
q_learning,sparse_seed2,sparse,2,4a77b6e251,872,225,-11.250000000000025,-10.450000000000022,0.17451469500418498,0.15,0,out_of_energy,0,0,1,0,91,7,1,0,0,46,0.045397469642927346,0.24517830093348786,0.0,0.0,0.99,8,exponential
q_learning,sparse_seed2,sparse,2,4a77b6e251,873,225,-11.250000000000025,-10.450000000000022,0.17416566561417662,0.15,0,out_of_energy,0,0,1,0,88,29,0,0,0,45,0.045014857932176223,0.308723880176439,0.0,0.0,0.99,8,exponential
q_learning,sparse_seed2,sparse,2,4a77b6e251,874,225,-11.250000000000025,-10.550000000000022,0.17381733428294827,0.15,0,out_of_energy,0,0,1,0,85,4,0,0,0,44,0.04550367030278375,0.322876308693042,0.0,0.0,0.99,8,exponential
q_learning,sparse_seed2,sparse,2,4a77b6e251,875,225,-11.250000000000025,-10.650000000000023,0.17346969961438236,0.15,0,out_of_energy,0,0,1,0,91,20,1,0,0,44,0.04523796820620722,0.2736840360103078,0.0,0.0,0.99,8,exponential
q_learning,sparse_seed2,sparse,2,4a77b6e251,876,225,-11.250000000000025,-10.750000000000023,0.1731227602151536,0.15,0,out_of_energy,0,0,1,0,92,16,0,0,0,39,0.045132326661190984,0.29844488461870244,0.0,0.0,0.99,8,exponential
q_learning,sparse_seed2,sparse,2,4a77b6e251,877,225,-11.250000000000025,-10.750000000000023,0.1727765146947233,0.15,0,out_of_energy,0,0,1,0,98,28,0,0,0,47,0.044735947758864775,0.2572114042294215,0.0,0.0,0.99,8,exponential
q_learning,sparse_seed2,sparse,2,4a77b6e251,878,225,-11.250000000000025,-10.750000000000023,0.17243096166533387,0.15,0,out_of_energy,0,0,1,0,88,2,0,0,0,45,0.044230457031179886,0.3398301984173786,0.0,0.0,0.99,8,exponential
q_learning,sparse_seed2,sparse,2,4a77b6e251,879,225,-11.250000000000025,-10.750000000000023,0.1720860997420032,0.15,0,out_of_energy,0,0,1,0,125,0,0,0,0,62,0.04433731803937477,0.22365767091983518,0.0,0.0,0.99,8,exponential
q_learning,sparse_seed2,sparse,2,4a77b6e251,880,225,-11.250000000000025,-10.750000000000023,0.17174192754251918,0.15,0,out_of_energy,0,0,1,0,85,9,0,0,0,51,0.04504523932795995,0.2880204737378678,0.0,0.0,0.99,8,exponential
q_learning,sparse_seed2,sparse,2,4a77b6e251,881,225,-11.250000000000025,-10.750000000000023,0.17139844368743415,0.15,0,out_of_energy,0,0,1,0,89,14,1,0,0,41,0.045397046304818736,0.32464334407545353,0.0,0.0,0.99,8,exponential
q_learning,sparse_seed2,sparse,2,4a77b6e251,882,225,-11.250000000000025,-10.750000000000023,0.17105564680005927,0.15,0,out_of_energy,0,0,1,0,86,17,1,0,0,48,0.04533171660860324,0.29350619452787163,0.0,0.0,0.99,8,exponential
q_learning,sparse_seed2,sparse,2,4a77b6e251,883,225,-11.250000000000025,-10.750000000000023,0.17071353550645915,0.15,0,out_of_energy,0,0,1,0,93,10,1,0,0,39,0.04636585130704577,0.30046331899512124,0.0,0.0,0.99,8,exponential
q_learning,sparse_seed2,sparse,2,4a77b6e251,884,225,-1.2499999999999825,-10.650000000000023,0.17037210843544623,0.15,0,out_of_energy,0,0,1,0,109,4,0,0,1,51,0.11931877764206456,4.732383603377053,0.0,0.0,0.99,8,exponential
q_learning,sparse_seed2,sparse,2,4a77b6e251,885,225,-11.250000000000025,-10.650000000000023,0.17003136421857534,0.15,0,out_of_energy,0,0,1,0,85,21,0,0,0,51,0.0454173098648564,0.2850257505191104,0.0,0.0,0.99,8,exponential
q_learning,sparse_seed2,sparse,2,4a77b6e251,886,225,-11.250000000000025,-10.650000000000023,0.1696913014901382,0.15,0,out_of_energy,0,0,1,0,114,1,0,0,0,41,0.043226506861470254,0.21672291553338777,0.0,0.0,0.99,8,exponential
q_learning,sparse_seed2,sparse,2,4a77b6e251,887,225,-11.250000000000025,-10.650000000000023,0.16935191888715792,0.15,0,out_of_energy,0,0,1,0,90,10,0,0,0,46,0.04493707466287507,0.3141832045296096,0.0,0.0,0.99,8,exponential
q_learning,sparse_seed2,sparse,2,4a77b6e251,888,225,-1.2499999999999822,-10.550000000000022,0.1690132150493836,0.15,0,out_of_energy,0,0,1,0,95,11,0,0,1,42,0.08747051250437168,3.7526211076727947,0.0,0.0,0.99,8,exponential
q_learning,sparse_seed2,sparse,2,4a77b6e251,889,225,-1.2499999999999822,-10.450000000000022,0.16867518861928482,0.15,0,out_of_energy,0,0,1,0,99,5,0,0,1,38,0.08717644298895395,3.0422750625362305,0.0,0.0,0.99,8,exponential
q_learning,sparse_seed2,sparse,2,4a77b6e251,890,225,-11.250000000000025,-10.450000000000022,0.16833783824204626,0.15,0,out_of_energy,0,0,1,0,106,12,3,0,0,49,0.04509225511664573,0.2868056973139452,0.0,0.0,0.99,8,exponential
q_learning,sparse_seed2,sparse,2,4a77b6e251,891,225,-11.250000000000025,-10.450000000000022,0.16800116256556216,0.15,0,out_of_energy,0,0,1,0,96,32,0,0,0,46,0.044719823659361155,0.29146628299434785,0.0,0.0,0.99,8,exponential
q_learning,sparse_seed2,sparse,2,4a77b6e251,892,225,-11.250000000000025,-10.450000000000022,0.16766516024043104,0.15,0,out_of_energy,0,0,1,0,79,7,0,0,0,43,0.0451097992540694,0.30426472447003783,0.0,0.0,0.99,8,exponential
q_learning,sparse_seed2,sparse,2,4a77b6e251,893,225,-11.250000000000025,-10.450000000000022,0.16732982991995018,0.15,0,out_of_energy,0,0,1,0,93,14,0,0,0,43,0.04493927884230062,0.29563264459748767,0.0,0.0,0.99,8,exponential
q_learning,sparse_seed2,sparse,2,4a77b6e251,894,225,-11.250000000000025,-10.450000000000022,0.1669951702601103,0.15,0,out_of_energy,0,0,1,0,92,19,0,0,0,44,0.045431804019859294,0.26683406753393263,0.0,0.0,0.99,8,exponential
q_learning,sparse_seed2,sparse,2,4a77b6e251,895,225,-1.2499999999999822,-10.350000000000023,0.16666117991959006,0.15,0,out_of_energy,0,0,1,0,101,17,0,0,1,42,0.09772369571589723,2.9750596427077722,0.0,0.0,0.99,8,exponential
q_learning,sparse_seed2,sparse,2,4a77b6e251,896,225,-11.250000000000025,-10.350000000000023,0.16632785755975088,0.15,0,out_of_energy,0,0,1,0,100,1,0,0,0,57,0.04492535619717565,0.32769969565377216,0.0,0.0,0.99,8,exponential
q_learning,sparse_seed2,sparse,2,4a77b6e251,897,225,-11.250000000000025,-10.350000000000023,0.16599520184463137,0.15,0,out_of_energy,0,0,1,0,107,16,0,0,0,48,0.04421816410972929,0.19517304398735535,0.0,0.0,0.99,8,exponential
q_learning,sparse_seed2,sparse,2,4a77b6e251,898,225,-11.250000000000025,-10.350000000000023,0.16566321144094212,0.15,0,out_of_energy,0,0,1,0,103,12,0,0,0,46,0.045007821395714624,0.2037831983648301,0.0,0.0,0.99,8,exponential
q_learning,sparse_seed2,sparse,2,4a77b6e251,899,225,-11.250000000000025,-10.350000000000023,0.16533188501806023,0.15,0,out_of_energy,0,0,1,0,95,7,0,0,0,39,0.043717468616947475,0.2526776564052616,0.0,0.0,0.99,8,exponential
q_learning,sparse_seed2,sparse,2,4a77b6e251,900,225,-11.250000000000025,-10.350000000000023,0.1650012212480241,0.15,0,out_of_energy,0,0,1,0,98,6,0,0,0,40,0.04421623347098119,0.2630531890898967,0.0,0.0,0.99,8,exponential
q_learning,sparse_seed2,sparse,2,4a77b6e251,901,225,-11.250000000000025,-10.350000000000023,0.16467121880552807,0.15,0,out_of_energy,0,0,1,0,96,31,0,0,0,51,0.044905573757245326,0.3740022747758584,0.0,0.0,0.99,8,exponential
q_learning,sparse_seed2,sparse,2,4a77b6e251,902,225,-11.250000000000025,-10.350000000000023,0.164341876367917,0.15,0,out_of_energy,0,0,1,0,108,11,0,0,0,54,0.045923689644620645,0.23694826432883548,0.0,0.0,0.99,8,exponential
q_learning,sparse_seed2,sparse,2,4a77b6e251,903,225,-11.250000000000025,-10.350000000000023,0.16401319261518116,0.15,0,out_of_energy,0,0,1,0,98,4,0,0,0,47,0.04442254044076593,0.3565864526224795,0.0,0.0,0.99,8,exponential
q_learning,sparse_seed2,sparse,2,4a77b6e251,904,225,-11.250000000000025,-10.350000000000023,0.1636851662299508,0.15,0,out_of_energy,0,0,1,0,110,40,0,0,0,45,0.04564426008630627,0.25734752713577985,0.0,0.0,0.99,8,exponential
q_learning,sparse_seed2,sparse,2,4a77b6e251,905,225,-11.250000000000025,-10.350000000000023,0.1633577958974909,0.15,0,out_of_energy,0,0,1,0,94,21,0,0,0,40,0.04455757543075313,0.28661132645640675,0.0,0.0,0.99,8,exponential
q_learning,sparse_seed2,sparse,2,4a77b6e251,906,225,-11.250000000000025,-10.350000000000023,0.1630310803056959,0.15,0,out_of_energy,0,0,1,0,99,7,0,0,0,44,0.04387538507791021,0.25660612778074077,0.0,0.0,0.99,8,exponential
q_learning,sparse_seed2,sparse,2,4a77b6e251,907,225,-11.250000000000025,-10.350000000000023,0.1627050181450845,0.15,0,out_of_energy,0,0,1,0,98,10,0,0,0,40,0.04498994654779442,0.2203243652628925,0.0,0.0,0.99,8,exponential
q_learning,sparse_seed2,sparse,2,4a77b6e251,908,225,-11.250000000000025,-10.350000000000023,0.16237960810879434,0.15,0,out_of_energy,0,0,1,0,108,2,0,0,0,55,0.0445303886939468,0.14100804676473977,0.0,0.0,0.99,8,exponential
q_learning,sparse_seed2,sparse,2,4a77b6e251,909,225,-11.250000000000025,-10.350000000000023,0.16205484889257676,0.15,0,out_of_energy,0,0,1,0,89,35,5,0,0,46,0.04526205796907312,0.30842777241383856,0.0,0.0,0.99,8,exponential
q_learning,sparse_seed2,sparse,2,4a77b6e251,910,225,-11.250000000000025,-10.350000000000023,0.1617307391947916,0.15,0,out_of_energy,0,0,1,0,113,1,0,0,0,35,0.0441232505356458,0.14576965149833215,0.0,0.0,0.99,8,exponential
q_learning,sparse_seed2,sparse,2,4a77b6e251,911,225,-1.2499999999999822,-10.250000000000021,0.16140727771640204,0.15,0,out_of_energy,0,0,1,0,107,6,0,0,1,46,0.08462349076002561,2.8059688430605805,0.0,0.0,0.99,8,exponential
q_learning,sparse_seed2,sparse,2,4a77b6e251,912,225,-11.250000000000025,-10.250000000000023,0.16108446316096922,0.15,0,out_of_energy,0,0,1,0,109,3,0,0,0,46,0.0450202115584995,0.2797902745573144,0.0,0.0,0.99,8,exponential
q_learning,sparse_seed2,sparse,2,4a77b6e251,913,225,-11.250000000000025,-10.250000000000023,0.16076229423464727,0.15,0,out_of_energy,0,0,1,0,97,3,0,0,0,45,0.04518682758786173,0.282465422259969,0.0,0.0,0.99,8,exponential
q_learning,sparse_seed2,sparse,2,4a77b6e251,914,225,-11.250000000000025,-10.250000000000023,0.16044076964617798,0.15,0,out_of_energy,0,0,1,0,112,32,0,0,0,48,0.04482515776255446,0.4060753662939549,0.0,0.0,0.99,8,exponential
q_learning,sparse_seed2,sparse,2,4a77b6e251,915,225,-11.250000000000025,-10.250000000000021,0.16011988810688563,0.15,0,out_of_energy,0,0,1,0,86,9,0,0,0,37,0.044140591171668096,0.3755025246642699,0.0,0.0,0.99,8,exponential
q_learning,sparse_seed2,sparse,2,4a77b6e251,916,225,-11.250000000000025,-10.250000000000023,0.15979964833067187,0.15,0,out_of_energy,0,0,1,0,93,6,0,0,0,48,0.04475674480173469,0.26277386850480183,0.0,0.0,0.99,8,exponential
q_learning,sparse_seed2,sparse,2,4a77b6e251,917,225,-11.250000000000025,-10.250000000000021,0.15948004903401053,0.15,0,out_of_energy,0,0,1,0,100,12,0,0,0,41,0.04579978154530239,0.26950140794572575,0.0,0.0,0.99,8,exponential
q_learning,sparse_seed2,sparse,2,4a77b6e251,918,225,-11.250000000000025,-10.250000000000023,0.1591610889359425,0.15,0,out_of_energy,0,0,1,0,103,14,0,0,0,59,0.04447312210497414,0.28477000877857106,0.0,0.0,0.99,8,exponential
q_learning,sparse_seed2,sparse,2,4a77b6e251,919,225,-11.250000000000025,-10.250000000000021,0.1588427667580706,0.15,0,out_of_energy,0,0,1,0,88,21,1,0,0,53,0.04502795651638531,0.2563455460843575,0.0,0.0,0.99,8,exponential
q_learning,sparse_seed2,sparse,2,4a77b6e251,920,225,-11.250000000000025,-10.250000000000023,0.15852508122455447,0.15,0,out_of_energy,0,0,1,0,110,14,0,0,0,46,0.04538738480502521,0.2665066323115232,0.0,0.0,0.99,8,exponential
q_learning,sparse_seed2,sparse,2,4a77b6e251,921,225,-1.2499999999999822,-10.15000000000002,0.15820803106210535,0.15,0,out_of_energy,0,0,1,0,108,11,0,0,1,39,0.08496088627224342,2.7296311522181282,0.0,0.0,0.99,8,exponential
q_learning,sparse_seed2,sparse,2,4a77b6e251,922,225,-11.250000000000025,-10.150000000000022,0.15789161499998114,0.15,0,out_of_energy,0,0,1,0,86,15,0,0,0,48,0.045180948566280674,0.2703954990794716,0.0,0.0,0.99,8,exponential
q_learning,sparse_seed2,sparse,2,4a77b6e251,923,225,-11.250000000000025,-10.15000000000002,0.1575758317699812,0.15,0,out_of_energy,0,0,1,0,88,19,0,0,0,49,0.044873881423499164,0.3283844427964725,0.0,0.0,0.99,8,exponential
q_learning,sparse_seed2,sparse,2,4a77b6e251,924,225,-11.250000000000025,-10.150000000000022,0.15726068010644123,0.15,0,out_of_energy,0,0,1,0,104,1,0,0,0,48,0.04333231138913624,0.33581928539921707,0.0,0.0,0.99,8,exponential
q_learning,sparse_seed2,sparse,2,4a77b6e251,925,225,-11.250000000000025,-10.15000000000002,0.15694615874622836,0.15,0,out_of_energy,0,0,1,0,103,17,0,0,0,47,0.04481929246340725,0.25893030220729896,0.0,0.0,0.99,8,exponential
q_learning,sparse_seed2,sparse,2,4a77b6e251,926,225,-11.250000000000025,-10.15000000000002,0.1566322664287359,0.15,0,out_of_energy,0,0,1,0,110,3,0,0,0,44,0.04505850320312392,0.2641526057353788,0.0,0.0,0.99,8,exponential
q_learning,sparse_seed2,sparse,2,4a77b6e251,927,225,-11.250000000000025,-10.15000000000002,0.15631900189587844,0.15,0,out_of_energy,0,0,1,0,105,47,0,0,0,44,0.04470914809896336,0.294286866064278,0.0,0.0,0.99,8,exponential
q_learning,sparse_seed2,sparse,2,4a77b6e251,928,225,-11.250000000000025,-10.15000000000002,0.1560063638920867,0.15,0,out_of_energy,0,0,1,0,106,19,0,0,0,47,0.045444694805344896,0.3384005963306364,0.0,0.0,0.99,8,exponential
q_learning,sparse_seed2,sparse,2,4a77b6e251,929,225,-11.250000000000025,-10.15000000000002,0.15569435116430252,0.15,0,out_of_energy,0,0,1,0,91,9,1,0,0,58,0.04530292775537067,0.26622740473801443,0.0,0.0,0.99,8,exponential
q_learning,sparse_seed2,sparse,2,4a77b6e251,930,225,-11.250000000000025,-10.15000000000002,0.15538296246197392,0.15,0,out_of_energy,0,0,1,0,99,0,0,0,0,47,0.04450087638260313,0.2674708688264204,0.0,0.0,0.99,8,exponential
q_learning,sparse_seed2,sparse,2,4a77b6e251,931,225,-11.250000000000025,-10.15000000000002,0.15507219653704996,0.15,0,out_of_energy,0,0,1,0,101,27,0,0,0,47,0.04518689408274867,0.34465830683519777,0.0,0.0,0.99,8,exponential
q_learning,sparse_seed2,sparse,2,4a77b6e251,932,225,-11.250000000000025,-10.15000000000002,0.15476205214397584,0.15,0,out_of_energy,0,0,1,0,93,0,5,0,0,43,0.044530404799613274,0.343875389129491,0.0,0.0,0.99,8,exponential
q_learning,sparse_seed2,sparse,2,4a77b6e251,933,225,-11.250000000000025,-10.15000000000002,0.1544525280396879,0.15,0,out_of_energy,0,0,1,0,99,2,0,0,0,53,0.04488599697122494,0.2591034584559574,0.0,0.0,0.99,8,exponential
q_learning,sparse_seed2,sparse,2,4a77b6e251,934,225,-11.250000000000025,-10.15000000000002,0.1541436229836085,0.15,0,out_of_energy,0,0,1,0,95,28,0,0,0,41,0.04421675609110775,0.2672420586127537,0.0,0.0,0.99,8,exponential
q_learning,sparse_seed2,sparse,2,4a77b6e251,935,225,-11.250000000000025,-10.15000000000002,0.1538353357376413,0.15,0,out_of_energy,0,0,1,0,94,28,0,0,0,37,0.04497867333907408,0.2783004645847968,0.0,0.0,0.99,8,exponential
q_learning,sparse_seed2,sparse,2,4a77b6e251,936,225,-11.250000000000025,-10.15000000000002,0.15352766506616602,0.15,0,out_of_energy,0,0,1,0,95,21,0,0,0,48,0.045054051670932786,0.2702147194210368,0.0,0.0,0.99,8,exponential
q_learning,sparse_seed2,sparse,2,4a77b6e251,937,225,-11.250000000000025,-10.15000000000002,0.15322060973603369,0.15,0,out_of_energy,0,0,1,0,100,11,0,0,0,38,0.043996815596312314,0.2397499823603586,0.0,0.0,0.99,8,exponential
q_learning,sparse_seed2,sparse,2,4a77b6e251,938,225,-11.250000000000025,-10.15000000000002,0.15291416851656162,0.15,0,out_of_energy,0,0,1,0,98,10,0,0,0,43,0.04447233513067807,0.2780913103617738,0.0,0.0,0.99,8,exponential
q_learning,sparse_seed2,sparse,2,4a77b6e251,939,225,-11.250000000000025,-10.250000000000021,0.15260834017952848,0.15,0,out_of_energy,0,0,1,0,123,13,0,0,0,49,0.04456675534914196,0.2629652662980283,0.0,0.0,0.99,8,exponential
q_learning,sparse_seed2,sparse,2,4a77b6e251,940,225,-1.2499999999999822,-10.15000000000002,0.15230312349916944,0.15,0,out_of_energy,0,0,1,0,110,14,0,0,1,46,0.08647214381054327,3.5825665201518757,0.0,0.0,0.99,8,exponential
q_learning,sparse_seed2,sparse,2,4a77b6e251,941,225,-11.250000000000025,-10.15000000000002,0.1519985172521711,0.15,0,out_of_energy,0,0,1,0,109,11,0,0,0,50,0.044823678056357126,0.27883072353742194,0.0,0.0,0.99,8,exponential
q_learning,sparse_seed2,sparse,2,4a77b6e251,942,225,-11.250000000000025,-10.150000000000022,0.15169452021766675,0.15,0,out_of_energy,0,0,1,0,85,15,0,0,0,59,0.045589611079916215,0.25997576789107235,0.0,0.0,0.99,8,exponential
q_learning,sparse_seed2,sparse,2,4a77b6e251,943,225,-11.250000000000025,-10.15000000000002,0.1513911311772314,0.15,0,out_of_energy,0,0,1,0,94,29,0,0,0,44,0.04466842888266083,0.29282572992989725,0.0,0.0,0.99,8,exponential
q_learning,sparse_seed2,sparse,2,4a77b6e251,944,225,-11.250000000000025,-10.15000000000002,0.15108834891487694,0.15,0,out_of_energy,0,0,1,0,109,6,0,0,0,44,0.04427517143029004,0.26229172466764383,0.0,0.0,0.99,8,exponential
q_learning,sparse_seed2,sparse,2,4a77b6e251,945,225,-11.250000000000025,-10.15000000000002,0.15078617221704718,0.15,0,out_of_energy,0,0,1,0,99,9,0,0,0,46,0.044154886052342274,0.2642096285502519,0.0,0.0,0.99,8,exponential
q_learning,sparse_seed2,sparse,2,4a77b6e251,946,225,-11.250000000000025,-10.15000000000002,0.1504845998726131,0.15,0,out_of_energy,0,0,1,0,97,22,0,0,0,38,0.044159725625578045,0.345529509423463,0.0,0.0,0.99,8,exponential
q_learning,sparse_seed2,sparse,2,4a77b6e251,947,225,-11.250000000000025,-10.15000000000002,0.15018363067286786,0.15,0,out_of_energy,0,0,1,0,89,12,2,0,0,49,0.044690394417935514,0.2740714344883571,0.0,0.0,0.99,8,exponential
q_learning,sparse_seed2,sparse,2,4a77b6e251,948,225,-11.250000000000025,-10.15000000000002,0.1498832634115221,0.15,0,out_of_energy,0,0,1,0,102,32,0,0,0,42,0.044337970560710954,0.28608193656931497,0.0,0.0,0.99,8,exponential
q_learning,sparse_seed2,sparse,2,4a77b6e251,949,225,-11.250000000000025,-10.15000000000002,0.14958349688469907,0.15,0,out_of_energy,0,0,1,0,92,10,2,0,0,42,0.045801203439962454,0.2708340241460692,0.0,0.0,0.99,8,exponential
q_learning,sparse_seed2,sparse,2,4a77b6e251,950,225,-11.250000000000025,-10.15000000000002,0.14928432989092968,0.15,0,out_of_energy,0,0,1,0,88,11,0,0,0,48,0.04471874506602803,0.2972675315337615,0.0,0.0,0.99,8,exponential
q_learning,sparse_seed2,sparse,2,4a77b6e251,951,225,-11.250000000000025,-10.15000000000002,0.14898576123114782,0.15,0,out_of_energy,0,0,1,0,108,38,0,0,0,52,0.04356064423672379,0.24814215856065386,0.0,0.0,0.99,8,exponential
q_learning,sparse_seed2,sparse,2,4a77b6e251,952,225,-11.250000000000025,-10.15000000000002,0.1486877897086855,0.15,0,out_of_energy,0,0,1,0,93,5,0,0,0,46,0.04639231801104858,0.2865849241203358,0.0,0.0,0.99,8,exponential
q_learning,sparse_seed2,sparse,2,4a77b6e251,953,225,-11.250000000000025,-10.15000000000002,0.14839041412926815,0.15,0,out_of_energy,0,0,1,0,99,4,0,0,0,46,0.04410221904376513,0.20070760842915175,0.0,0.0,0.99,8,exponential
q_learning,sparse_seed2,sparse,2,4a77b6e251,954,225,-11.250000000000025,-10.15000000000002,0.1480936333010096,0.15,0,out_of_energy,0,0,1,0,91,11,0,0,0,45,0.04433230745556831,0.3093123848265974,0.0,0.0,0.99,8,exponential
q_learning,sparse_seed2,sparse,2,4a77b6e251,955,225,-11.250000000000025,-10.250000000000021,0.1477974460344076,0.15,0,out_of_energy,0,0,1,0,94,21,0,0,0,31,0.04468857017694012,0.24118015085431804,0.0,0.0,0.99,8,exponential
q_learning,sparse_seed2,sparse,2,4a77b6e251,956,225,-11.250000000000025,-10.250000000000021,0.14750185114233877,0.15,0,out_of_energy,0,0,1,0,95,21,0,0,0,45,0.045311039672164745,0.31568340101497316,0.0,0.0,0.99,8,exponential
q_learning,sparse_seed2,sparse,2,4a77b6e251,957,225,-1.2500000000000056,-10.15000000000002,0.14720684744005408,0.15,0,out_of_energy,0,0,1,0,111,13,0,0,1,47,0.0857097665465984,5.095299966832307,0.0,0.0,0.99,8,exponential
q_learning,sparse_seed2,sparse,2,4a77b6e251,958,225,-11.250000000000025,-10.250000000000023,0.14691243374517396,0.15,0,out_of_energy,0,0,1,0,95,18,0,0,0,51,0.045014464921516006,0.23303464321786677,0.0,0.0,0.99,8,exponential
q_learning,sparse_seed2,sparse,2,4a77b6e251,959,225,-11.250000000000025,-10.250000000000023,0.1466186088776836,0.15,0,out_of_energy,0,0,1,0,109,3,0,0,0,47,0.04445626634224713,0.17590951024889648,0.0,0.0,0.99,8,exponential
q_learning,sparse_seed2,sparse,2,4a77b6e251,960,225,-11.250000000000025,-10.350000000000023,0.14632537165992823,0.15,0,out_of_energy,0,0,1,0,103,32,0,0,0,60,0.04436716235425883,0.2831084827846469,0.0,0.0,0.99,8,exponential
q_learning,sparse_seed2,sparse,2,4a77b6e251,961,225,-11.250000000000025,-10.450000000000022,0.14603272091660838,0.15,0,out_of_energy,0,0,1,0,102,18,0,0,0,47,0.044270078345411544,0.2559892429268719,0.0,0.0,0.99,8,exponential
q_learning,sparse_seed2,sparse,2,4a77b6e251,962,225,-11.250000000000025,-10.450000000000022,0.14574065547477516,0.15,0,out_of_energy,0,0,1,0,107,3,0,0,0,58,0.046798281252195595,0.4735982168663312,0.0,0.0,0.99,8,exponential
q_learning,sparse_seed2,sparse,2,4a77b6e251,963,225,-11.250000000000025,-10.450000000000022,0.1454491741638256,0.15,0,out_of_energy,0,0,1,0,95,2,0,0,0,50,0.04516567800530431,0.28139929708027916,0.0,0.0,0.99,8,exponential
q_learning,sparse_seed2,sparse,2,4a77b6e251,964,225,-11.250000000000025,-10.450000000000022,0.14515827581549795,0.15,0,out_of_energy,0,0,1,0,91,22,0,0,0,48,0.04382773750660969,0.22715574982084064,0.0,0.0,0.99,8,exponential
q_learning,sparse_seed2,sparse,2,4a77b6e251,965,225,-1.2499999999999822,-10.350000000000023,0.14486795926386695,0.15,0,out_of_energy,0,0,1,0,104,3,0,0,1,45,0.1193701879004178,7.082395425884676,0.0,0.0,0.99,8,exponential
q_learning,sparse_seed2,sparse,2,4a77b6e251,966,225,-11.250000000000025,-10.350000000000023,0.1445782233453392,0.15,0,out_of_energy,0,0,1,0,100,5,0,0,0,55,0.04606440283628896,0.275718121573098,0.0,0.0,0.99,8,exponential
q_learning,sparse_seed2,sparse,2,4a77b6e251,967,225,-1.2499999999999822,-10.250000000000023,0.14428906689864854,0.15,0,out_of_energy,0,0,1,0,108,22,0,0,1,44,0.08821519691545113,3.3971258802720143,0.0,0.0,0.99,8,exponential
q_learning,sparse_seed2,sparse,2,4a77b6e251,968,225,-1.2499999999999822,-10.150000000000023,0.14400048876485125,0.15,0,out_of_energy,0,0,1,0,112,12,0,0,1,41,0.08627435005848644,3.2255157861110684,0.0,0.0,0.99,8,exponential
q_learning,sparse_seed2,sparse,2,4a77b6e251,969,225,-1.2499999999999822,-10.050000000000022,0.14371248778732154,0.15,0,out_of_energy,0,0,1,0,99,21,0,0,1,46,0.08406196961986381,2.609239545790704,0.0,0.0,0.99,8,exponential
q_learning,sparse_seed2,sparse,2,4a77b6e251,970,225,-11.250000000000025,-10.050000000000022,0.14342506281174688,0.15,0,out_of_energy,0,0,1,0,101,15,1,0,0,44,0.04597488475441117,0.32785675488285626,0.0,0.0,0.99,8,exponential
q_learning,sparse_seed2,sparse,2,4a77b6e251,971,225,-11.250000000000025,-10.050000000000022,0.1431382126861234,0.15,0,out_of_energy,0,0,1,0,80,10,0,0,0,34,0.047001984565072,0.32877399728167656,0.0,0.0,0.99,8,exponential
q_learning,sparse_seed2,sparse,2,4a77b6e251,972,225,-11.250000000000025,-10.050000000000022,0.14285193626075116,0.15,0,out_of_energy,0,0,1,0,101,23,2,0,0,48,0.0445728555037146,0.26181371741144116,0.0,0.0,0.99,8,exponential
q_learning,sparse_seed2,sparse,2,4a77b6e251,973,225,-11.250000000000025,-10.05000000000002,0.14256623238822966,0.15,0,out_of_energy,0,0,1,0,95,26,0,0,0,44,0.045687988594979426,0.35788138581484297,0.0,0.0,0.99,8,exponential
q_learning,sparse_seed2,sparse,2,4a77b6e251,974,225,-11.250000000000025,-10.05000000000002,0.1422810999234532,0.15,0,out_of_energy,0,0,1,0,112,8,0,0,0,48,0.04330461886202169,0.17467199455253124,0.0,0.0,0.99,8,exponential
q_learning,sparse_seed2,sparse,2,4a77b6e251,975,225,-1.2499999999999822,-9.95000000000002,0.1419965377236063,0.15,0,out_of_energy,0,0,1,0,110,12,0,0,1,39,0.08930264409196446,9.95,0.0,0.0,0.99,8,exponential
q_learning,sparse_seed2,sparse,2,4a77b6e251,976,225,-11.250000000000025,-9.95000000000002,0.14171254464815908,0.15,0,out_of_energy,0,0,1,0,95,6,0,0,0,47,0.0444190697193209,0.22108948280693286,0.0,0.0,0.99,8,exponential
q_learning,sparse_seed2,sparse,2,4a77b6e251,977,225,-11.250000000000025,-9.95000000000002,0.14142911955886275,0.15,0,out_of_energy,0,0,1,0,89,3,0,0,0,56,0.04510627774891168,0.2886959693814708,0.0,0.0,0.99,8,exponential
q_learning,sparse_seed2,sparse,2,4a77b6e251,978,225,-11.250000000000025,-9.95000000000002,0.14114626131974503,0.15,0,out_of_energy,0,0,1,0,93,30,4,0,0,37,0.04602651159693787,0.29339178720243075,0.0,0.0,0.99,8,exponential
q_learning,sparse_seed2,sparse,2,4a77b6e251,979,225,-11.250000000000025,-9.95000000000002,0.14086396879710555,0.15,0,out_of_energy,0,0,1,0,93,25,6,0,0,48,0.04486355398362283,0.3156845256220438,0.0,0.0,0.99,8,exponential
q_learning,sparse_seed2,sparse,2,4a77b6e251,980,225,-11.250000000000025,-9.95000000000002,0.14058224085951135,0.15,0,out_of_energy,0,0,1,0,101,15,0,0,0,43,0.044454392565149825,0.2775673155680272,0.0,0.0,0.99,8,exponential
q_learning,sparse_seed2,sparse,2,4a77b6e251,981,225,-11.250000000000025,-9.95000000000002,0.14030107637779232,0.15,0,out_of_energy,0,0,1,0,95,22,1,0,0,33,0.04495113841285941,0.31325723096382474,0.0,0.0,0.99,8,exponential
q_learning,sparse_seed2,sparse,2,4a77b6e251,982,225,-11.250000000000025,-9.95000000000002,0.14002047422503675,0.15,0,out_of_energy,0,0,1,0,89,16,0,0,0,38,0.044775436783066586,0.24476373171968813,0.0,0.0,0.99,8,exponential
q_learning,sparse_seed2,sparse,2,4a77b6e251,983,225,-11.250000000000025,-9.95000000000002,0.13974043327658667,0.15,0,out_of_energy,0,0,1,0,108,37,0,0,0,52,0.045128354934547775,0.30586596269965516,0.0,0.0,0.99,8,exponential
q_learning,sparse_seed2,sparse,2,4a77b6e251,984,225,-11.250000000000025,-10.05000000000002,0.1394609524100335,0.15,0,out_of_energy,0,0,1,0,92,15,0,0,0,46,0.04415730678659794,0.27424312727966266,0.0,0.0,0.99,8,exponential
q_learning,sparse_seed2,sparse,2,4a77b6e251,985,225,-1.2499999999999822,-9.95000000000002,0.13918203050521344,0.15,0,out_of_energy,0,0,1,0,110,4,0,0,1,47,0.08688856907191321,3.028488773240337,0.0,0.0,0.99,8,exponential
q_learning,sparse_seed2,sparse,2,4a77b6e251,986,225,-11.250000000000025,-9.95000000000002,0.13890366644420302,0.15,0,out_of_energy,0,0,1,0,88,14,0,0,0,44,0.04501504688189292,0.28034737742230137,0.0,0.0,0.99,8,exponential
q_learning,sparse_seed2,sparse,2,4a77b6e251,987,225,-11.250000000000025,-9.95000000000002,0.13862585911131461,0.15,0,out_of_energy,0,0,1,0,90,3,0,0,0,42,0.04498682185011456,0.2977521530644116,0.0,0.0,0.99,8,exponential
q_learning,sparse_seed2,sparse,2,4a77b6e251,988,225,-11.250000000000025,-10.05000000000002,0.138348607393092,0.15,0,out_of_energy,0,0,1,0,99,9,0,0,0,41,0.04485952961067309,0.24575040975522444,0.0,0.0,0.99,8,exponential
q_learning,sparse_seed2,sparse,2,4a77b6e251,989,225,-11.250000000000025,-10.15000000000002,0.1380719101783058,0.15,0,out_of_energy,0,0,1,0,110,31,0,0,0,45,0.04421321723507753,0.26113866944599534,0.0,0.0,0.99,8,exponential
q_learning,sparse_seed2,sparse,2,4a77b6e251,990,225,-11.250000000000025,-10.15000000000002,0.13779576635794918,0.15,0,out_of_energy,0,0,1,0,94,22,0,0,0,36,0.04429252634873452,0.2530473519398492,0.0,0.0,0.99,8,exponential
q_learning,sparse_seed2,sparse,2,4a77b6e251,991,225,-1.2499999999999822,-10.050000000000022,0.1375201748252333,0.15,0,out_of_energy,0,0,1,0,97,16,0,0,1,48,0.08637681769836575,2.815337181708191,0.0,0.0,0.99,8,exponential
q_learning,sparse_seed2,sparse,2,4a77b6e251,992,225,-11.250000000000025,-10.05000000000002,0.13724513447558281,0.15,0,out_of_energy,0,0,1,0,85,15,1,0,0,43,0.04636996269162228,0.3195012553316702,0.0,0.0,0.99,8,exponential
q_learning,sparse_seed2,sparse,2,4a77b6e251,993,225,-11.250000000000025,-10.05000000000002,0.13697064420663166,0.15,0,out_of_energy,0,0,1,0,116,1,0,0,0,43,0.04365237908902155,0.32537525993304217,0.0,0.0,0.99,8,exponential
q_learning,sparse_seed2,sparse,2,4a77b6e251,994,225,-11.250000000000025,-10.05000000000002,0.1366967029182184,0.15,0,out_of_energy,0,0,1,0,98,18,0,0,0,43,0.04462761867841184,0.3047755069100559,0.0,0.0,0.99,8,exponential
q_learning,sparse_seed2,sparse,2,4a77b6e251,995,225,-11.250000000000025,-10.150000000000022,0.13642330951238196,0.15,0,out_of_energy,0,0,1,0,100,6,0,0,0,46,0.04590548378236594,0.31787464411518157,0.0,0.0,0.99,8,exponential
q_learning,sparse_seed2,sparse,2,4a77b6e251,996,225,-11.250000000000025,-10.15000000000002,0.1361504628933572,0.15,0,out_of_energy,0,0,1,0,100,9,4,0,0,43,0.04399642127955521,0.3075257305875992,0.0,0.0,0.99,8,exponential
q_learning,sparse_seed2,sparse,2,4a77b6e251,997,225,-11.250000000000025,-10.15000000000002,0.13587816196757047,0.15,0,out_of_energy,0,0,1,0,88,20,0,0,0,46,0.04467844215354758,0.27950146300821077,0.0,0.0,0.99,8,exponential
q_learning,sparse_seed2,sparse,2,4a77b6e251,998,225,-11.250000000000025,-10.15000000000002,0.13560640564363532,0.15,0,out_of_energy,0,0,1,0,75,15,0,0,0,45,0.044794888952354485,0.33237863721642424,0.0,0.0,0.99,8,exponential
q_learning,sparse_seed2,sparse,2,4a77b6e251,999,225,-11.250000000000025,-10.150000000000022,0.13533519283234804,0.15,0,out_of_energy,0,0,1,0,94,2,0,0,0,46,0.044471182824290786,0.306143811778556,0.0,0.0,0.99,8,exponential
q_learning,sparse_seed2,sparse,2,4a77b6e251,1000,225,-11.250000000000025,-10.15000000000002,0.13506452244668335,0.15,0,out_of_energy,0,0,1,0,90,6,4,0,0,44,0.0445466224958636,0.2927698508553106,0.0,0.0,0.99,8,exponential
q_learning,sparse_seed2,sparse,2,4a77b6e251,1001,225,-11.250000000000025,-10.15000000000002,0.13479439340178997,0.15,0,out_of_energy,0,0,1,0,105,32,0,0,0,44,0.044123528920426903,0.3250709481344121,0.0,0.0,0.99,8,exponential
q_learning,sparse_seed2,sparse,2,4a77b6e251,1002,225,-11.250000000000025,-10.15000000000002,0.1345248046149864,0.15,0,out_of_energy,0,0,1,0,97,3,0,0,0,49,0.04504702452155904,0.30613394461498594,0.0,0.0,0.99,8,exponential
q_learning,sparse_seed2,sparse,2,4a77b6e251,1003,225,-11.250000000000025,-10.150000000000022,0.13425575500575643,0.15,0,out_of_energy,0,0,1,0,96,7,0,0,0,32,0.046019459472803295,0.3654719986537643,0.0,0.0,0.99,8,exponential
q_learning,sparse_seed2,sparse,2,4a77b6e251,1004,225,-11.250000000000025,-10.15000000000002,0.13398724349574492,0.15,0,out_of_energy,0,0,1,0,88,18,1,0,0,44,0.045202673589095306,0.3466171701285098,0.0,0.0,0.99,8,exponential
q_learning,sparse_seed2,sparse,2,4a77b6e251,1005,225,-11.250000000000025,-10.15000000000002,0.13371926900875344,0.15,0,out_of_energy,0,0,1,0,93,30,0,0,0,43,0.04448664373972607,0.2712173850662915,0.0,0.0,0.99,8,exponential
q_learning,sparse_seed2,sparse,2,4a77b6e251,1006,225,-11.250000000000025,-10.15000000000002,0.13345183047073594,0.15,0,out_of_energy,0,0,1,0,115,17,0,0,0,38,0.04427920289139601,0.2314228849128802,0.0,0.0,0.99,8,exponential
q_learning,sparse_seed2,sparse,2,4a77b6e251,1007,225,-1.2499999999999822,-10.050000000000022,0.13318492680979446,0.15,0,out_of_energy,0,0,1,0,93,11,0,0,1,42,0.08812328265371393,8.4426611375,0.0,0.0,0.99,8,exponential
q_learning,sparse_seed2,sparse,2,4a77b6e251,1008,225,-11.250000000000025,-10.05000000000002,0.13291855695617488,0.15,0,out_of_energy,0,0,1,0,104,1,0,0,0,47,0.04533331656450706,0.3169163534166774,0.0,0.0,0.99,8,exponential
q_learning,sparse_seed2,sparse,2,4a77b6e251,1009,225,-11.250000000000025,-10.05000000000002,0.13265271984226254,0.15,0,out_of_energy,0,0,1,0,97,1,0,0,0,47,0.04377133021888822,0.1440336479762323,0.0,0.0,0.99,8,exponential
q_learning,sparse_seed2,sparse,2,4a77b6e251,1010,225,-11.250000000000025,-10.05000000000002,0.132387414402578,0.15,0,out_of_energy,0,0,1,0,98,13,1,0,0,52,0.04642051922422602,0.3320584192499708,0.0,0.0,0.99,8,exponential
q_learning,sparse_seed2,sparse,2,4a77b6e251,1011,225,-11.250000000000025,-10.150000000000022,0.13212263957377285,0.15,0,out_of_energy,0,0,1,0,101,1,0,0,0,50,0.044817641158583776,0.22690172243547718,0.0,0.0,0.99,8,exponential
q_learning,sparse_seed2,sparse,2,4a77b6e251,1012,225,-11.250000000000025,-10.15000000000002,0.13185839429462531,0.15,0,out_of_energy,0,0,1,0,103,29,0,0,0,45,0.044398054411148614,0.30317516750863444,0.0,0.0,0.99,8,exponential
q_learning,sparse_seed2,sparse,2,4a77b6e251,1013,225,-11.250000000000025,-10.15000000000002,0.13159467750603607,0.15,0,out_of_energy,0,0,1,0,85,15,0,0,0,52,0.04491795658635308,0.27516955727614145,0.0,0.0,0.99,8,exponential
q_learning,sparse_seed2,sparse,2,4a77b6e251,1014,225,-11.250000000000025,-10.15000000000002,0.131331488151024,0.15,0,out_of_energy,0,0,1,0,93,13,0,0,0,48,0.045672365961003505,0.39719436679790465,0.0,0.0,0.99,8,exponential
q_learning,sparse_seed2,sparse,2,4a77b6e251,1015,225,-11.250000000000025,-10.150000000000022,0.13106882517472196,0.15,0,out_of_energy,0,0,1,0,84,18,0,0,0,60,0.04507898125500844,0.35565261819833394,0.0,0.0,0.99,8,exponential
q_learning,sparse_seed2,sparse,2,4a77b6e251,1016,225,-11.250000000000025,-10.15000000000002,0.13080668752437252,0.15,0,out_of_energy,0,0,1,0,90,5,0,0,0,48,0.04387645544604791,0.2896567094470011,0.0,0.0,0.99,8,exponential
q_learning,sparse_seed2,sparse,2,4a77b6e251,1017,225,-11.250000000000025,-10.15000000000002,0.1305450741493238,0.15,0,out_of_energy,0,0,1,0,115,25,0,0,0,44,0.04488784580399863,0.29713275482032936,0.0,0.0,0.99,8,exponential
q_learning,sparse_seed2,sparse,2,4a77b6e251,1018,225,-11.250000000000025,-10.15000000000002,0.13028398400102514,0.15,0,out_of_energy,0,0,1,0,87,23,0,0,0,51,0.04503812386122412,0.43644540928859205,0.0,0.0,0.99,8,exponential
q_learning,sparse_seed2,sparse,2,4a77b6e251,1019,225,-11.250000000000025,-10.150000000000022,0.1300234160330231,0.15,0,out_of_energy,0,0,1,0,109,12,0,0,0,43,0.04417698215019491,0.3085422646326295,0.0,0.0,0.99,8,exponential
q_learning,sparse_seed2,sparse,2,4a77b6e251,1020,225,-11.250000000000025,-10.15000000000002,0.12976336920095705,0.15,0,out_of_energy,0,0,1,0,99,13,2,0,0,44,0.04545469406094425,0.3279510479460429,0.0,0.0,0.99,8,exponential
q_learning,sparse_seed2,sparse,2,4a77b6e251,1021,225,-11.250000000000025,-10.250000000000021,0.12950384246255514,0.15,0,out_of_energy,0,0,1,0,100,18,0,0,0,48,0.043975412950984526,0.26738818340972026,0.0,0.0,0.99,8,exponential
q_learning,sparse_seed2,sparse,2,4a77b6e251,1022,225,-11.250000000000025,-10.250000000000023,0.12924483477763002,0.15,0,out_of_energy,0,0,1,0,87,24,0,0,0,52,0.04440310003373816,0.31771727007749373,0.0,0.0,0.99,8,exponential
q_learning,sparse_seed2,sparse,2,4a77b6e251,1023,225,-11.250000000000025,-10.250000000000023,0.12898634510807475,0.15,0,out_of_energy,0,0,1,0,103,3,0,0,0,49,0.04525370555031016,0.2822578564464277,0.0,0.0,0.99,8,exponential
q_learning,sparse_seed2,sparse,2,4a77b6e251,1024,225,-11.250000000000025,-10.250000000000023,0.1287283724178586,0.15,0,out_of_energy,0,0,1,0,82,37,0,0,0,47,0.04546531410740745,0.38241334018775247,0.0,0.0,0.99,8,exponential
q_learning,sparse_seed2,sparse,2,4a77b6e251,1025,225,-11.250000000000025,-10.250000000000021,0.12847091567302288,0.15,0,out_of_energy,0,0,1,0,93,25,2,0,0,34,0.04467606618656034,0.3506401280852404,0.0,0.0,0.99,8,exponential
q_learning,sparse_seed2,sparse,2,4a77b6e251,1026,225,-11.250000000000025,-10.250000000000023,0.12821397384167682,0.15,0,out_of_energy,0,0,1,0,94,33,7,0,0,36,0.044614497461990636,0.33040638087274443,0.0,0.0,0.99,8,exponential
q_learning,sparse_seed2,sparse,2,4a77b6e251,1027,225,-11.250000000000025,-10.250000000000023,0.12795754589399347,0.15,0,out_of_energy,0,0,1,0,97,25,0,0,0,54,0.04416417076237669,0.2732116422991625,0.0,0.0,0.99,8,exponential
q_learning,sparse_seed2,sparse,2,4a77b6e251,1028,225,-11.250000000000025,-10.250000000000023,0.12770163080220548,0.15,0,out_of_energy,0,0,1,0,92,23,4,0,0,51,0.04484390380173169,0.3352311915159657,0.0,0.0,0.99,8,exponential
q_learning,sparse_seed2,sparse,2,4a77b6e251,1029,225,-11.250000000000025,-10.250000000000021,0.12744622754060106,0.15,0,out_of_energy,0,0,1,0,96,2,0,0,0,48,0.044604905866453354,0.30757051069370633,0.0,0.0,0.99,8,exponential
q_learning,sparse_seed2,sparse,2,4a77b6e251,1030,225,-11.250000000000025,-10.250000000000023,0.12719133508551986,0.15,0,out_of_energy,0,0,1,0,96,3,0,0,0,46,0.04451828459476335,0.2800154473929281,0.0,0.0,0.99,8,exponential
q_learning,sparse_seed2,sparse,2,4a77b6e251,1031,225,-11.250000000000025,-10.250000000000023,0.12693695241534883,0.15,0,out_of_energy,0,0,1,0,94,29,0,0,0,40,0.046682173997909804,0.40672999269903337,0.0,0.0,0.99,8,exponential
q_learning,sparse_seed2,sparse,2,4a77b6e251,1032,225,-11.250000000000025,-10.250000000000023,0.12668307851051813,0.15,0,out_of_energy,0,0,1,0,100,14,2,0,0,47,0.04450745765875828,0.38524214352471564,0.0,0.0,0.99,8,exponential
q_learning,sparse_seed2,sparse,2,4a77b6e251,1033,225,-11.250000000000025,-10.250000000000021,0.1264297123534971,0.15,0,out_of_energy,0,0,1,0,104,6,0,0,0,43,0.04537358256007631,0.2986416517465221,0.0,0.0,0.99,8,exponential
q_learning,sparse_seed2,sparse,2,4a77b6e251,1034,225,-11.250000000000025,-10.250000000000023,0.1261768529287901,0.15,0,out_of_energy,0,0,1,0,110,12,0,0,0,50,0.04501808840639926,0.3288961718012397,0.0,0.0,0.99,8,exponential
q_learning,sparse_seed2,sparse,2,4a77b6e251,1035,225,-11.250000000000025,-10.250000000000023,0.12592449922293253,0.15,0,out_of_energy,0,0,1,0,96,37,0,0,0,46,0.044387903237362025,0.394732216475294,0.0,0.0,0.99,8,exponential
q_learning,sparse_seed2,sparse,2,4a77b6e251,1036,225,-11.250000000000025,-10.250000000000023,0.12567265022448668,0.15,0,out_of_energy,0,0,1,0,94,13,0,0,0,52,0.043142595963542266,0.3270405241410462,0.0,0.0,0.99,8,exponential
q_learning,sparse_seed2,sparse,2,4a77b6e251,1037,225,-11.250000000000025,-10.250000000000021,0.1254213049240377,0.15,0,out_of_energy,0,0,1,0,99,26,0,0,0,49,0.04458819298275794,0.3197933761700902,0.0,0.0,0.99,8,exponential
q_learning,sparse_seed2,sparse,2,4a77b6e251,1038,225,-11.250000000000025,-10.250000000000023,0.12517046231418963,0.15,0,out_of_energy,0,0,1,0,104,10,0,0,0,41,0.04498223307466677,0.2964295349138296,0.0,0.0,0.99,8,exponential
q_learning,sparse_seed2,sparse,2,4a77b6e251,1039,225,-11.250000000000025,-10.250000000000023,0.12492012138956125,0.15,0,out_of_energy,0,0,1,0,98,1,0,0,0,45,0.04396196562264192,0.3109514397041781,0.0,0.0,0.99,8,exponential
q_learning,sparse_seed2,sparse,2,4a77b6e251,1040,225,-11.250000000000025,-10.350000000000023,0.12467028114678214,0.15,0,out_of_energy,0,0,1,0,108,17,0,0,0,35,0.04393487510380744,0.3289567703472173,0.0,0.0,0.99,8,exponential
q_learning,sparse_seed2,sparse,2,4a77b6e251,1041,225,-11.250000000000025,-10.350000000000021,0.12442094058448858,0.15,0,out_of_energy,0,0,1,0,109,28,0,0,0,50,0.04722460387918362,0.43178189422684554,0.0,0.0,0.99,8,exponential
q_learning,sparse_seed2,sparse,2,4a77b6e251,1042,225,-11.250000000000025,-10.350000000000023,0.1241720987033196,0.15,0,out_of_energy,0,0,1,0,102,17,0,0,0,54,0.04475096982754672,0.33280471520792476,0.0,0.0,0.99,8,exponential
q_learning,sparse_seed2,sparse,2,4a77b6e251,1043,225,-1.2499999999999878,-10.250000000000021,0.12392375450591296,0.15,0,out_of_energy,0,0,1,0,106,4,0,0,1,39,0.13808067019856515,5.36753301830881,0.0,0.0,0.99,8,exponential
q_learning,sparse_seed2,sparse,2,4a77b6e251,1044,225,-11.250000000000025,-10.250000000000023,0.12367590699690113,0.15,0,out_of_energy,0,0,1,0,97,7,0,0,0,50,0.04492343688376102,0.30223476958634077,0.0,0.0,0.99,8,exponential
q_learning,sparse_seed2,sparse,2,4a77b6e251,1045,225,-11.250000000000025,-10.250000000000021,0.12342855518290734,0.15,0,out_of_energy,0,0,1,0,79,19,2,0,0,49,0.04504285360087552,0.3897887391095378,0.0,0.0,0.99,8,exponential
q_learning,sparse_seed2,sparse,2,4a77b6e251,1046,225,-11.250000000000025,-10.250000000000023,0.12318169807254152,0.15,0,out_of_energy,0,0,1,0,86,7,0,0,0,36,0.04506463171880155,0.30518996857024155,0.0,0.0,0.99,8,exponential
q_learning,sparse_seed2,sparse,2,4a77b6e251,1047,225,-11.250000000000025,-10.250000000000021,0.12293533467639643,0.15,0,out_of_energy,0,0,1,0,113,30,0,0,0,46,0.046228063820310826,0.4317037719721993,0.0,0.0,0.99,8,exponential
q_learning,sparse_seed2,sparse,2,4a77b6e251,1048,225,-11.250000000000025,-10.250000000000023,0.12268946400704364,0.15,0,out_of_energy,0,0,1,0,94,9,0,0,0,46,0.044671450454286686,0.3054970736980106,0.0,0.0,0.99,8,exponential
q_learning,sparse_seed2,sparse,2,4a77b6e251,1049,225,-11.250000000000025,-10.250000000000021,0.12244408507902955,0.15,0,out_of_energy,0,0,1,0,96,20,7,0,0,42,0.04481298597740248,0.3834153670669701,0.0,0.0,0.99,8,exponential
q_learning,sparse_seed2,sparse,2,4a77b6e251,1050,225,-11.250000000000025,-10.250000000000023,0.1221991969088715,0.15,0,out_of_energy,0,0,1,0,92,18,0,0,0,44,0.04377101161957023,0.28429524325812827,0.0,0.0,0.99,8,exponential
q_learning,sparse_seed2,sparse,2,4a77b6e251,1051,225,-11.250000000000025,-10.250000000000021,0.12195479851505375,0.15,0,out_of_energy,0,0,1,0,100,21,0,0,0,46,0.044652750470395776,0.3122110932256576,0.0,0.0,0.99,8,exponential
q_learning,sparse_seed2,sparse,2,4a77b6e251,1052,225,-11.250000000000025,-10.250000000000023,0.12171088891802365,0.15,0,out_of_energy,0,0,1,0,106,1,2,0,0,45,0.04489809913592767,0.3251802311083601,0.0,0.0,0.99,8,exponential
q_learning,sparse_seed2,sparse,2,4a77b6e251,1053,225,-11.250000000000025,-10.250000000000021,0.1214674671401876,0.15,0,out_of_energy,0,0,1,0,79,18,0,0,0,47,0.04363523011163232,0.27339888433485526,0.0,0.0,0.99,8,exponential
q_learning,sparse_seed2,sparse,2,4a77b6e251,1054,225,-11.250000000000025,-10.250000000000023,0.12122453220590722,0.15,0,out_of_energy,0,0,1,0,94,2,0,0,0,50,0.044933001409333255,0.3269760239572055,0.0,0.0,0.99,8,exponential
q_learning,sparse_seed2,sparse,2,4a77b6e251,1055,225,-11.250000000000025,-10.250000000000021,0.1209820831414954,0.15,0,out_of_energy,0,0,1,0,91,10,0,0,0,49,0.046553349618971035,0.37615601190685055,0.0,0.0,0.99,8,exponential
q_learning,sparse_seed2,sparse,2,4a77b6e251,1056,225,-11.250000000000025,-10.250000000000023,0.12074011897521242,0.15,0,out_of_energy,0,0,1,0,90,21,0,0,0,42,0.044422413803427645,0.25293354172414373,0.0,0.0,0.99,8,exponential
q_learning,sparse_seed2,sparse,2,4a77b6e251,1057,225,-11.250000000000025,-10.350000000000021,0.12049863873726199,0.15,0,out_of_energy,0,0,1,0,124,0,0,0,0,51,0.045037861168613094,0.304248760794558,0.0,0.0,0.99,8,exponential
q_learning,sparse_seed2,sparse,2,4a77b6e251,1058,225,-11.250000000000025,-10.350000000000023,0.12025764145978747,0.15,0,out_of_energy,0,0,1,0,102,16,0,0,0,43,0.045323531536818416,0.3465249296934344,0.0,0.0,0.99,8,exponential
q_learning,sparse_seed2,sparse,2,4a77b6e251,1059,225,-11.250000000000025,-10.350000000000021,0.1200171261768679,0.15,0,out_of_energy,0,0,1,0,100,25,0,0,0,44,0.04520920618393196,0.3579251370043544,0.0,0.0,0.99,8,exponential
q_learning,sparse_seed2,sparse,2,4a77b6e251,1060,225,-11.250000000000025,-10.350000000000023,0.11977709192451416,0.15,0,out_of_energy,0,0,1,0,98,8,0,0,0,41,0.04598984543204957,0.36944012871307447,0.0,0.0,0.99,8,exponential
q_learning,sparse_seed2,sparse,2,4a77b6e251,1061,225,-11.250000000000025,-10.350000000000021,0.11953753774066514,0.15,0,out_of_energy,0,0,1,0,107,17,0,0,0,55,0.0446175230502707,0.29351923384736306,0.0,0.0,0.99,8,exponential
q_learning,sparse_seed2,sparse,2,4a77b6e251,1062,225,-11.250000000000025,-10.350000000000023,0.1192984626651838,0.15,0,out_of_energy,0,0,1,0,100,9,4,0,0,44,0.04620801719128814,0.3891087406246266,0.0,0.0,0.99,8,exponential
q_learning,sparse_seed2,sparse,2,4a77b6e251,1063,225,-11.250000000000025,-10.350000000000021,0.11905986573985344,0.15,0,out_of_energy,0,0,1,0,98,9,0,0,0,32,0.0445133056013762,0.2628541546465113,0.0,0.0,0.99,8,exponential
q_learning,sparse_seed2,sparse,2,4a77b6e251,1064,225,-11.250000000000025,-10.350000000000023,0.11882174600837374,0.15,0,out_of_energy,0,0,1,0,94,6,0,0,0,44,0.045781203417374974,0.31011431532101075,0.0,0.0,0.99,8,exponential
q_learning,sparse_seed2,sparse,2,4a77b6e251,1065,225,-11.250000000000025,-10.45000000000002,0.118584102516357,0.15,0,out_of_energy,0,0,1,0,99,44,0,0,0,46,0.04548573108438105,0.3267434585437501,0.0,0.0,0.99,8,exponential
q_learning,sparse_seed2,sparse,2,4a77b6e251,1066,225,-11.250000000000025,-10.450000000000022,0.11834693431132429,0.15,0,out_of_energy,0,0,1,0,96,20,0,0,0,48,0.044879773579326585,0.29536697778208726,0.0,0.0,0.99,8,exponential
q_learning,sparse_seed2,sparse,2,4a77b6e251,1067,225,-11.250000000000025,-10.550000000000022,0.11811024044270164,0.15,0,out_of_energy,0,0,1,0,92,9,0,0,0,48,0.044043893184632185,0.35397858572984725,0.0,0.0,0.99,8,exponential
q_learning,sparse_seed2,sparse,2,4a77b6e251,1068,225,-11.250000000000025,-10.650000000000023,0.11787401996181623,0.15,0,out_of_energy,0,0,1,0,111,16,0,0,0,47,0.04522008827174165,0.3167306532546157,0.0,0.0,0.99,8,exponential
q_learning,sparse_seed2,sparse,2,4a77b6e251,1069,225,-11.250000000000025,-10.750000000000023,0.1176382719218926,0.15,0,out_of_energy,0,0,1,0,107,5,0,0,0,56,0.04566898160069277,0.2740900462568324,0.0,0.0,0.99,8,exponential
q_learning,sparse_seed2,sparse,2,4a77b6e251,1070,225,-11.250000000000025,-10.750000000000023,0.11740299537804882,0.15,0,out_of_energy,0,0,1,0,98,9,0,0,0,41,0.04431534333312196,0.2424090010706088,0.0,0.0,0.99,8,exponential
q_learning,sparse_seed2,sparse,2,4a77b6e251,1071,225,-11.250000000000025,-10.750000000000023,0.11716818938729273,0.15,0,out_of_energy,0,0,1,0,91,11,5,0,0,38,0.04527400134026717,0.3003616443602399,0.0,0.0,0.99,8,exponential
q_learning,sparse_seed2,sparse,2,4a77b6e251,1072,225,-11.250000000000025,-10.750000000000023,0.11693385300851815,0.15,0,out_of_energy,0,0,1,0,84,13,0,0,0,44,0.04584468675691705,0.34104869206615357,0.0,0.0,0.99,8,exponential
q_learning,sparse_seed2,sparse,2,4a77b6e251,1073,225,-11.250000000000025,-10.750000000000023,0.11669998530250111,0.15,0,out_of_energy,0,0,1,0,103,24,0,0,0,45,0.04362616073658936,0.28473151652359663,0.0,0.0,0.99,8,exponential
q_learning,sparse_seed2,sparse,2,4a77b6e251,1074,225,-11.250000000000025,-10.750000000000023,0.1164665853318961,0.15,0,out_of_energy,0,0,1,0,98,16,0,0,0,42,0.04459572190816068,0.2917882626604612,0.0,0.0,0.99,8,exponential
q_learning,sparse_seed2,sparse,2,4a77b6e251,1075,225,-11.250000000000025,-10.850000000000023,0.11623365216123231,0.15,0,out_of_energy,0,0,1,0,115,25,0,0,0,49,0.04470179140302976,0.26597294174438746,0.0,0.0,0.99,8,exponential
q_learning,sparse_seed2,sparse,2,4a77b6e251,1076,225,-1.2499999999999822,-10.750000000000023,0.11600118485690984,0.15,0,out_of_energy,0,0,1,0,98,3,0,0,1,42,0.08437614500930686,2.675434698542429,0.0,0.0,0.99,8,exponential
q_learning,sparse_seed2,sparse,2,4a77b6e251,1077,225,-11.250000000000025,-10.750000000000023,0.11576918248719602,0.15,0,out_of_energy,0,0,1,0,75,18,1,0,0,40,0.04609376014850415,0.3134855108331627,0.0,0.0,0.99,8,exponential
q_learning,sparse_seed2,sparse,2,4a77b6e251,1078,225,-11.250000000000025,-10.750000000000023,0.11553764412222163,0.15,0,out_of_energy,0,0,1,0,82,27,0,0,0,44,0.04491858318036679,0.3792629031959056,0.0,0.0,0.99,8,exponential
q_learning,sparse_seed2,sparse,2,4a77b6e251,1079,225,-11.250000000000025,-10.750000000000023,0.11530656883397719,0.15,0,out_of_energy,0,0,1,0,87,14,0,0,0,53,0.04563080123738852,0.38216546820136066,0.0,0.0,0.99,8,exponential
q_learning,sparse_seed2,sparse,2,4a77b6e251,1080,225,-11.250000000000025,-10.750000000000023,0.11507595569630924,0.15,0,out_of_energy,0,0,1,0,93,28,0,0,0,43,0.045490859675957514,0.3522435588449313,0.0,0.0,0.99,8,exponential
q_learning,sparse_seed2,sparse,2,4a77b6e251,1081,225,-11.250000000000025,-10.750000000000023,0.11484580378491663,0.15,0,out_of_energy,0,0,1,0,88,35,0,0,0,50,0.04503209978196991,0.3329338450333694,0.0,0.0,0.99,8,exponential
q_learning,sparse_seed2,sparse,2,4a77b6e251,1082,225,-11.250000000000025,-10.750000000000023,0.1146161121773468,0.15,0,out_of_energy,0,0,1,0,111,4,0,0,0,48,0.04392526657891873,0.3102978539749606,0.0,0.0,0.99,8,exponential
q_learning,sparse_seed2,sparse,2,4a77b6e251,1083,225,-11.250000000000025,-10.750000000000023,0.1143868799529921,0.15,0,out_of_energy,0,0,1,0,104,11,0,0,0,46,0.043671522623957515,0.3617526857497424,0.0,0.0,0.99,8,exponential
q_learning,sparse_seed2,sparse,2,4a77b6e251,1084,225,-1.2499999999999822,-10.650000000000023,0.11415810619308611,0.15,0,out_of_energy,0,0,1,0,104,8,0,0,1,62,0.08462464552390743,2.718569743873578,0.0,0.0,0.99,8,exponential
q_learning,sparse_seed2,sparse,2,4a77b6e251,1085,225,-11.250000000000025,-10.750000000000023,0.11392978998069994,0.15,0,out_of_energy,0,0,1,0,93,23,0,0,0,38,0.04342075295763759,0.2654653177260982,0.0,0.0,0.99,8,exponential
q_learning,sparse_seed2,sparse,2,4a77b6e251,1086,225,-11.250000000000025,-10.750000000000023,0.11370193040073855,0.15,0,out_of_energy,0,0,1,0,112,19,0,0,0,44,0.04575703413909079,0.21748123872485553,0.0,0.0,0.99,8,exponential
q_learning,sparse_seed2,sparse,2,4a77b6e251,1087,225,-11.250000000000025,-10.750000000000023,0.11347452653993707,0.15,0,out_of_energy,0,0,1,0,91,12,0,0,0,50,0.045427279895664835,0.3583413987729444,0.0,0.0,0.99,8,exponential
q_learning,sparse_seed2,sparse,2,4a77b6e251,1088,225,-11.250000000000025,-10.750000000000023,0.1132475774868572,0.15,0,out_of_energy,0,0,1,0,102,19,0,0,0,40,0.04475065393809413,0.3088916247000863,0.0,0.0,0.99,8,exponential
q_learning,sparse_seed2,sparse,2,4a77b6e251,1089,225,-11.250000000000025,-10.750000000000023,0.11302108233188347,0.15,0,out_of_energy,0,0,1,0,99,11,0,0,0,50,0.04425677446368399,0.26114623732250597,0.0,0.0,0.99,8,exponential
q_learning,sparse_seed2,sparse,2,4a77b6e251,1090,225,-11.250000000000025,-10.750000000000023,0.11279504016721971,0.15,0,out_of_energy,0,0,1,0,82,11,0,0,0,34,0.04527504125526781,0.3434355710247422,0.0,0.0,0.99,8,exponential
q_learning,sparse_seed2,sparse,2,4a77b6e251,1091,225,-11.250000000000025,-10.850000000000023,0.11256945008688526,0.15,0,out_of_energy,0,0,1,0,95,2,0,0,0,51,0.04437491402438678,0.32175098893107507,0.0,0.0,0.99,8,exponential
q_learning,sparse_seed2,sparse,2,4a77b6e251,1092,225,-11.250000000000025,-10.850000000000023,0.1123443111867115,0.15,0,out_of_energy,0,0,1,0,94,9,3,0,0,50,0.04533336964682609,0.3532255917599982,0.0,0.0,0.99,8,exponential
q_learning,sparse_seed2,sparse,2,4a77b6e251,1093,225,-11.250000000000025,-10.850000000000023,0.11211962256433808,0.15,0,out_of_energy,0,0,1,0,102,11,0,0,0,41,0.04495055843343142,0.31666913467220226,0.0,0.0,0.99,8,exponential
q_learning,sparse_seed2,sparse,2,4a77b6e251,1094,225,-1.2499999999999822,-10.750000000000023,0.1118953833192094,0.15,0,out_of_energy,0,0,1,0,97,19,0,0,1,48,0.08504891437587782,2.6961577441774613,0.0,0.0,0.99,8,exponential
q_learning,sparse_seed2,sparse,2,4a77b6e251,1095,225,-11.250000000000025,-10.750000000000023,0.11167159255257098,0.15,0,out_of_energy,0,0,1,0,92,4,0,0,0,41,0.04428630035427759,0.3156475253960107,0.0,0.0,0.99,8,exponential
q_learning,sparse_seed2,sparse,2,4a77b6e251,1096,225,-11.250000000000025,-10.750000000000023,0.11144824936746583,0.15,0,out_of_energy,0,0,1,0,107,14,0,0,0,46,0.0448606407506035,0.31916639727704743,0.0,0.0,0.99,8,exponential
q_learning,sparse_seed2,sparse,2,4a77b6e251,1097,225,-1.2500000000000042,-10.650000000000023,0.1112253528687309,0.15,0,out_of_energy,0,0,1,0,99,4,0,0,1,35,0.08462621485052257,4.317702332433022,0.0,0.0,0.99,8,exponential
q_learning,sparse_seed2,sparse,2,4a77b6e251,1098,225,-11.250000000000025,-10.650000000000023,0.11100290216299344,0.15,0,out_of_energy,0,0,1,0,98,6,0,0,0,45,0.04397561403427984,0.3192007209107814,0.0,0.0,0.99,8,exponential
q_learning,sparse_seed2,sparse,2,4a77b6e251,1099,225,-11.250000000000025,-10.650000000000023,0.11078089635866745,0.15,0,out_of_energy,0,0,1,0,109,2,0,0,0,39,0.04471147471389901,0.27627778488820204,0.0,0.0,0.99,8,exponential
q_learning,sparse_seed2,sparse,2,4a77b6e251,1100,225,-11.250000000000025,-10.650000000000023,0.11055933456595012,0.15,0,out_of_energy,0,0,1,0,101,5,0,0,0,53,0.04435434670373422,0.29621921540803714,0.0,0.0,0.99,8,exponential
q_learning,sparse_seed2,sparse,2,4a77b6e251,1101,225,-11.250000000000025,-10.650000000000023,0.11033821589681822,0.15,0,out_of_energy,0,0,1,0,106,19,0,0,0,49,0.04446787802932274,0.31815614444394524,0.0,0.0,0.99,8,exponential
q_learning,sparse_seed2,sparse,2,4a77b6e251,1102,225,-11.250000000000025,-10.650000000000023,0.11011753946502459,0.15,0,out_of_energy,0,0,1,0,102,1,0,0,0,47,0.04470925942477068,0.3554736955152586,0.0,0.0,0.99,8,exponential
q_learning,sparse_seed2,sparse,2,4a77b6e251,1103,225,-11.250000000000025,-10.650000000000023,0.10989730438609453,0.15,0,out_of_energy,0,0,1,0,90,0,0,0,0,42,0.043852600522338386,0.32034611599483476,0.0,0.0,0.99,8,exponential
q_learning,sparse_seed2,sparse,2,4a77b6e251,1104,225,-11.250000000000025,-10.650000000000023,0.10967750977732234,0.15,0,out_of_energy,0,0,1,0,96,24,0,0,0,40,0.04415636631880695,0.33275553484867704,0.0,0.0,0.99,8,exponential
q_learning,sparse_seed2,sparse,2,4a77b6e251,1105,225,-11.250000000000025,-10.650000000000023,0.1094581547577677,0.15,0,out_of_energy,0,0,1,0,95,15,0,0,0,60,0.044946876051080664,0.3147805686465028,0.0,0.0,0.99,8,exponential
q_learning,sparse_seed2,sparse,2,4a77b6e251,1106,225,-11.250000000000025,-10.650000000000023,0.10923923844825216,0.15,0,out_of_energy,0,0,1,0,110,1,0,0,0,49,0.045150046942987236,0.3441371351694616,0.0,0.0,0.99,8,exponential
q_learning,sparse_seed2,sparse,2,4a77b6e251,1107,225,-11.250000000000025,-10.750000000000023,0.10902075997135566,0.15,0,out_of_energy,0,0,1,0,95,13,0,0,0,41,0.04448650616063734,0.31081289812412766,0.0,0.0,0.99,8,exponential
q_learning,sparse_seed2,sparse,2,4a77b6e251,1108,225,-11.250000000000025,-10.750000000000023,0.10880271845141294,0.15,0,out_of_energy,0,0,1,0,96,24,0,0,0,46,0.04423690639764185,0.2895635899422758,0.0,0.0,0.99,8,exponential
q_learning,sparse_seed2,sparse,2,4a77b6e251,1109,225,-11.250000000000025,-10.750000000000023,0.10858511301451011,0.15,0,out_of_energy,0,0,1,0,105,15,0,0,0,49,0.0443985082904028,0.31897766556811147,0.0,0.0,0.99,8,exponential
q_learning,sparse_seed2,sparse,2,4a77b6e251,1110,225,-11.250000000000025,-10.750000000000023,0.1083679427884811,0.15,0,out_of_energy,0,0,1,0,99,28,0,0,0,36,0.043674408405947655,0.28776854888325415,0.0,0.0,0.99,8,exponential
q_learning,sparse_seed2,sparse,2,4a77b6e251,1111,225,-11.250000000000025,-10.750000000000023,0.10815120690290413,0.15,0,out_of_energy,0,0,1,0,87,13,0,0,0,48,0.04389045085328173,0.2770146474971357,0.0,0.0,0.99,8,exponential
q_learning,sparse_seed2,sparse,2,4a77b6e251,1112,225,-11.250000000000025,-10.750000000000023,0.10793490448909832,0.15,0,out_of_energy,0,0,1,0,93,5,0,0,0,47,0.04507982770326071,0.34234291897797586,0.0,0.0,0.99,8,exponential
q_learning,sparse_seed2,sparse,2,4a77b6e251,1113,225,-11.250000000000025,-10.750000000000023,0.10771903468012012,0.15,0,out_of_energy,0,0,1,0,101,16,0,0,0,51,0.0428127605730144,0.1433057733388851,0.0,0.0,0.99,8,exponential
q_learning,sparse_seed2,sparse,2,4a77b6e251,1114,225,-11.250000000000025,-10.750000000000023,0.10750359661075988,0.15,0,out_of_energy,0,0,1,0,89,22,0,0,0,37,0.04522779673524964,0.339432035228221,0.0,0.0,0.99,8,exponential
q_learning,sparse_seed2,sparse,2,4a77b6e251,1115,225,-1.2499999999999822,-10.650000000000023,0.10728858941753835,0.15,0,out_of_energy,0,0,1,0,106,4,0,0,1,61,0.08368433221304201,2.5485614216944086,0.0,0.0,0.99,8,exponential
q_learning,sparse_seed2,sparse,2,4a77b6e251,1116,225,-11.250000000000025,-10.650000000000023,0.10707401223870328,0.15,0,out_of_energy,0,0,1,0,106,18,0,0,0,42,0.04507245718987352,0.31327155432692955,0.0,0.0,0.99,8,exponential
q_learning,sparse_seed2,sparse,2,4a77b6e251,1117,225,-11.250000000000025,-10.650000000000023,0.10685986421422587,0.15,0,out_of_energy,0,0,1,0,97,9,0,0,0,57,0.04504372285346493,0.30222361792648034,0.0,0.0,0.99,8,exponential
q_learning,sparse_seed2,sparse,2,4a77b6e251,1118,225,-11.250000000000025,-10.650000000000023,0.10664614448579741,0.15,0,out_of_energy,0,0,1,0,94,3,4,0,0,36,0.04479937364268314,0.30280546720412865,0.0,0.0,0.99,8,exponential
q_learning,sparse_seed2,sparse,2,4a77b6e251,1119,225,-11.250000000000025,-10.650000000000023,0.10643285219682581,0.15,0,out_of_energy,0,0,1,0,89,15,0,0,0,41,0.04503600731384975,0.339145106564006,0.0,0.0,0.99,8,exponential
q_learning,sparse_seed2,sparse,2,4a77b6e251,1120,225,-11.250000000000025,-10.650000000000023,0.10621998649243217,0.15,0,out_of_energy,0,0,1,0,85,11,0,0,0,44,0.04348919200752757,0.31150228965489635,0.0,0.0,0.99,8,exponential
q_learning,sparse_seed2,sparse,2,4a77b6e251,1121,225,-1.2499999999999822,-10.550000000000022,0.1060075465194473,0.15,0,out_of_energy,0,0,1,0,117,7,0,0,1,45,0.10933932001952155,5.673148699933001,0.0,0.0,0.99,8,exponential
q_learning,sparse_seed2,sparse,2,4a77b6e251,1122,225,-11.250000000000025,-10.550000000000022,0.1057955314264084,0.15,0,out_of_energy,0,0,1,0,95,13,2,0,0,34,0.04461945497756409,0.3010972605468101,0.0,0.0,0.99,8,exponential
q_learning,sparse_seed2,sparse,2,4a77b6e251,1123,225,-11.250000000000025,-10.550000000000022,0.10558394036355559,0.15,0,out_of_energy,0,0,1,0,95,16,0,0,0,38,0.04472755970915851,0.34887967957682864,0.0,0.0,0.99,8,exponential
q_learning,sparse_seed2,sparse,2,4a77b6e251,1124,225,-1.2499999999999822,-10.450000000000022,0.10537277248282848,0.15,0,out_of_energy,0,0,1,0,101,13,0,0,1,45,0.08477438528507188,2.630357082099717,0.0,0.0,0.99,8,exponential
q_learning,sparse_seed2,sparse,2,4a77b6e251,1125,225,-11.250000000000025,-10.450000000000022,0.10516202693786282,0.15,0,out_of_energy,0,0,1,0,99,32,0,0,0,52,0.044611850821253796,0.31345092410875963,0.0,0.0,0.99,8,exponential
q_learning,sparse_seed2,sparse,2,4a77b6e251,1126,225,-11.250000000000025,-10.450000000000022,0.1049517028839871,0.15,0,out_of_energy,0,0,1,0,91,19,0,0,0,48,0.044005409771040005,0.3146456202011209,0.0,0.0,0.99,8,exponential
q_learning,sparse_seed2,sparse,2,4a77b6e251,1127,225,-11.250000000000025,-10.450000000000022,0.10474179947821913,0.15,0,out_of_energy,0,0,1,0,103,26,0,0,0,55,0.044075492415220525,0.3375689213392498,0.0,0.0,0.99,8,exponential
q_learning,sparse_seed2,sparse,2,4a77b6e251,1128,225,-11.250000000000025,-10.450000000000022,0.10453231587926269,0.15,0,out_of_energy,0,0,1,0,107,4,0,0,0,39,0.04405733895577499,0.3400842649767825,0.0,0.0,0.99,8,exponential
q_learning,sparse_seed2,sparse,2,4a77b6e251,1129,225,-11.250000000000025,-10.450000000000022,0.10432325124750416,0.15,0,out_of_energy,0,0,1,0,96,12,0,0,0,45,0.04461917936129488,0.3405887201345007,0.0,0.0,0.99,8,exponential
q_learning,sparse_seed2,sparse,2,4a77b6e251,1130,225,-11.250000000000025,-10.450000000000022,0.10411460474500915,0.15,0,out_of_energy,0,0,1,0,90,15,0,0,0,31,0.0439232610944793,0.3018549673464801,0.0,0.0,0.99,8,exponential
q_learning,sparse_seed2,sparse,2,4a77b6e251,1131,225,-11.250000000000025,-10.450000000000022,0.10390637553551914,0.15,0,out_of_energy,0,0,1,0,93,12,0,0,0,50,0.04455112769901014,0.323779432939167,0.0,0.0,0.99,8,exponential
q_learning,sparse_seed2,sparse,2,4a77b6e251,1132,225,-11.250000000000025,-10.450000000000022,0.1036985627844481,0.15,0,out_of_energy,0,0,1,0,95,16,0,0,0,52,0.04502293570271907,0.3346108532468484,0.0,0.0,0.99,8,exponential
q_learning,sparse_seed2,sparse,2,4a77b6e251,1133,225,-11.250000000000025,-10.450000000000022,0.1034911656588792,0.15,0,out_of_energy,0,0,1,0,113,3,0,0,0,58,0.04476203592104262,0.34582364595919085,0.0,0.0,0.99,8,exponential
q_learning,sparse_seed2,sparse,2,4a77b6e251,1134,225,-11.250000000000025,-10.450000000000022,0.10328418332756144,0.15,0,out_of_energy,0,0,1,0,102,3,0,0,0,44,0.04475446972600384,0.31843568318037374,0.0,0.0,0.99,8,exponential
q_learning,sparse_seed2,sparse,2,4a77b6e251,1135,225,-11.250000000000025,-10.450000000000022,0.10307761496090631,0.15,0,out_of_energy,0,0,1,0,91,9,0,0,0,39,0.04490176683668246,0.36056039091022685,0.0,0.0,0.99,8,exponential
q_learning,sparse_seed2,sparse,2,4a77b6e251,1136,225,-11.250000000000025,-10.450000000000022,0.1028714597309845,0.15,0,out_of_energy,0,0,1,0,83,6,0,0,0,39,0.04490451787734697,0.31624651175315754,0.0,0.0,0.99,8,exponential
q_learning,sparse_seed2,sparse,2,4a77b6e251,1137,225,-11.250000000000025,-10.450000000000022,0.10266571681152252,0.15,0,out_of_energy,0,0,1,0,89,6,0,0,0,34,0.04441668268992567,0.3354196546778355,0.0,0.0,0.99,8,exponential
q_learning,sparse_seed2,sparse,2,4a77b6e251,1138,225,-11.250000000000025,-10.450000000000022,0.10246038537789948,0.15,0,out_of_energy,0,0,1,0,95,7,0,0,0,50,0.044763307806084646,0.2952235562678373,0.0,0.0,0.99,8,exponential
q_learning,sparse_seed2,sparse,2,4a77b6e251,1139,225,-11.250000000000025,-10.450000000000022,0.10225546460714367,0.15,0,out_of_energy,0,0,1,0,88,23,0,0,0,44,0.044786647038579555,0.3679451556456138,0.0,0.0,0.99,8,exponential
q_learning,sparse_seed2,sparse,2,4a77b6e251,1140,225,-11.250000000000025,-10.450000000000022,0.10205095367792938,0.15,0,out_of_energy,0,0,1,0,95,22,0,0,0,56,0.04380505407036334,0.34448579581450084,0.0,0.0,0.99,8,exponential
q_learning,sparse_seed2,sparse,2,4a77b6e251,1141,225,-11.250000000000025,-10.450000000000022,0.10184685177057352,0.15,0,out_of_energy,0,0,1,0,96,6,0,0,0,46,0.044156383591519396,0.2579886127934202,0.0,0.0,0.99,8,exponential
q_learning,sparse_seed2,sparse,2,4a77b6e251,1142,225,-11.250000000000025,-10.450000000000022,0.10164315806703238,0.15,0,out_of_energy,0,0,1,0,90,9,2,0,0,42,0.04467586090063803,0.3581719141306829,0.0,0.0,0.99,8,exponential
q_learning,sparse_seed2,sparse,2,4a77b6e251,1143,225,-11.250000000000025,-10.550000000000022,0.10143987175089832,0.15,0,out_of_energy,0,0,1,0,94,22,0,0,0,49,0.04449283690970958,0.3136154523969839,0.0,0.0,0.99,8,exponential
q_learning,sparse_seed2,sparse,2,4a77b6e251,1144,225,-11.250000000000025,-10.550000000000022,0.10123699200739653,0.15,0,out_of_energy,0,0,1,0,99,19,0,0,0,38,0.044246718206572055,0.2911219179215341,0.0,0.0,0.99,8,exponential
q_learning,sparse_seed2,sparse,2,4a77b6e251,1145,225,-11.250000000000025,-10.550000000000022,0.10103451802338173,0.15,0,out_of_energy,0,0,1,0,91,24,0,0,0,39,0.04487100600604237,0.2992316176724859,0.0,0.0,0.99,8,exponential
q_learning,sparse_seed2,sparse,2,4a77b6e251,1146,225,-11.250000000000025,-10.550000000000022,0.10083244898733497,0.15,0,out_of_energy,0,0,1,0,99,27,1,0,0,49,0.0457218203500526,0.3336181929009537,0.0,0.0,0.99,8,exponential
q_learning,sparse_seed2,sparse,2,4a77b6e251,1147,225,-11.250000000000025,-10.550000000000022,0.1006307840893603,0.15,0,out_of_energy,0,0,1,0,102,23,0,0,0,50,0.04471767320358528,0.3342124645698176,0.0,0.0,0.99,8,exponential
q_learning,sparse_seed2,sparse,2,4a77b6e251,1148,225,-11.250000000000025,-10.550000000000022,0.10042952252118158,0.15,0,out_of_energy,0,0,1,0,97,26,0,0,0,34,0.04474752644729485,0.34332261348301873,0.0,0.0,0.99,8,exponential
q_learning,sparse_seed2,sparse,2,4a77b6e251,1149,225,-1.2499999999999822,-10.450000000000022,0.10022866347613922,0.15,0,out_of_energy,0,0,1,0,106,8,0,0,1,37,0.08610390917413598,2.5732271742212136,0.0,0.0,0.99,8,exponential
q_learning,sparse_seed2,sparse,2,4a77b6e251,1150,225,-1.2499999999999822,-10.350000000000023,0.10002820614918695,0.15,0,out_of_energy,0,0,1,0,96,8,0,0,1,49,0.0854252120621606,2.480195267802616,0.0,0.0,0.99,8,exponential
q_learning,sparse_seed2,sparse,2,4a77b6e251,1151,225,-11.250000000000025,-10.350000000000023,0.09982814973688857,0.15,0,out_of_energy,0,0,1,0,101,10,0,0,0,46,0.04482404089445054,0.3370852078360393,0.0,0.0,0.99,8,exponential
q_learning,sparse_seed2,sparse,2,4a77b6e251,1152,225,-11.250000000000025,-10.350000000000023,0.0996284934374148,0.15,0,out_of_energy,0,0,1,0,110,2,0,0,0,52,0.04525966892487874,0.3384020015141783,0.0,0.0,0.99,8,exponential
q_learning,sparse_seed2,sparse,2,4a77b6e251,1153,225,-11.250000000000025,-10.350000000000023,0.09942923645053997,0.15,0,out_of_energy,0,0,1,0,87,3,0,0,0,43,0.04503771494266816,0.34925158973981696,0.0,0.0,0.99,8,exponential
q_learning,sparse_seed2,sparse,2,4a77b6e251,1154,225,-11.250000000000025,-10.350000000000023,0.0992303779776389,0.15,0,out_of_energy,0,0,1,0,90,1,0,0,0,42,0.04462689745746944,0.3490397385910461,0.0,0.0,0.99,8,exponential
q_learning,sparse_seed2,sparse,2,4a77b6e251,1155,225,-11.250000000000025,-10.350000000000023,0.09903191722168361,0.15,0,out_of_energy,0,0,1,0,82,17,0,0,0,44,0.045111679013048155,0.33204328099182256,0.0,0.0,0.99,8,exponential
q_learning,sparse_seed2,sparse,2,4a77b6e251,1156,225,-11.250000000000025,-10.350000000000023,0.09883385338724024,0.15,0,out_of_energy,0,0,1,0,122,1,0,0,0,51,0.04469030006980241,0.3370840209393776,0.0,0.0,0.99,8,exponential
q_learning,sparse_seed2,sparse,2,4a77b6e251,1157,225,-11.250000000000025,-10.350000000000023,0.09863618568046575,0.15,0,out_of_energy,0,0,1,0,87,21,0,0,0,34,0.04635370407097489,0.40417261683794753,0.0,0.0,0.99,8,exponential
q_learning,sparse_seed2,sparse,2,4a77b6e251,1158,225,-11.250000000000025,-10.350000000000023,0.09843891330910483,0.15,0,out_of_energy,0,0,1,0,104,30,0,0,0,44,0.04647532014548288,0.43701313079387766,0.0,0.0,0.99,8,exponential
q_learning,sparse_seed2,sparse,2,4a77b6e251,1159,225,-1.2499999999999822,-10.250000000000021,0.09824203548248661,0.15,0,out_of_energy,0,0,1,0,100,13,0,0,1,46,0.08631388933895072,2.3723059442640926,0.0,0.0,0.99,8,exponential
q_learning,sparse_seed2,sparse,2,4a77b6e251,1160,225,-1.2499999999999984,-10.150000000000022,0.09804555141152164,0.15,0,out_of_energy,0,0,1,0,101,5,0,0,1,37,0.08499975768518021,4.216341178723883,0.0,0.0,0.99,8,exponential
q_learning,sparse_seed2,sparse,2,4a77b6e251,1161,225,-1.2499999999999822,-10.050000000000022,0.09784946030869861,0.15,0,out_of_energy,0,0,1,0,96,11,0,0,1,33,0.12076704079695058,9.192771935857865,0.0,0.0,0.99,8,exponential
q_learning,sparse_seed2,sparse,2,4a77b6e251,1162,225,-11.250000000000025,-10.050000000000022,0.09765376138808121,0.15,0,out_of_energy,0,0,1,0,102,2,0,0,0,50,0.04335852971876721,0.18984195089912453,0.0,0.0,0.99,8,exponential
q_learning,sparse_seed2,sparse,2,4a77b6e251,1163,225,-11.250000000000025,-10.050000000000022,0.09745845386530505,0.15,0,out_of_energy,0,0,1,0,93,2,1,0,0,35,0.044819951120128695,0.355782177483384,0.0,0.0,0.99,8,exponential
q_learning,sparse_seed2,sparse,2,4a77b6e251,1164,225,-11.250000000000025,-10.05000000000002,0.09726353695757443,0.15,0,out_of_energy,0,0,1,0,104,8,0,0,0,39,0.04394444010688528,0.2942102876636445,0.0,0.0,0.99,8,exponential
q_learning,sparse_seed2,sparse,2,4a77b6e251,1165,225,-11.250000000000025,-10.05000000000002,0.09706900988365928,0.15,0,out_of_energy,0,0,1,0,97,15,0,0,0,52,0.04426406980325423,0.3082895808566279,0.0,0.0,0.99,8,exponential
q_learning,sparse_seed2,sparse,2,4a77b6e251,1166,225,-11.250000000000025,-10.05000000000002,0.09687487186389196,0.15,0,out_of_energy,0,0,1,0,97,26,1,0,0,42,0.044319384834006895,0.3035582455495403,0.0,0.0,0.99,8,exponential
q_learning,sparse_seed2,sparse,2,4a77b6e251,1167,225,-11.250000000000025,-10.05000000000002,0.09668112212016418,0.15,0,out_of_energy,0,0,1,0,102,16,0,0,0,43,0.04209209670144662,0.16854860977685948,0.0,0.0,0.99,8,exponential
q_learning,sparse_seed2,sparse,2,4a77b6e251,1168,225,-11.250000000000025,-10.05000000000002,0.09648775987592385,0.15,0,out_of_energy,0,0,1,0,90,16,5,0,0,41,0.04500083903116013,0.3810546857224536,0.0,0.0,0.99,8,exponential
q_learning,sparse_seed2,sparse,2,4a77b6e251,1169,225,-11.250000000000025,-10.05000000000002,0.096294784356172,0.15,0,out_of_energy,0,0,1,0,104,8,0,0,0,45,0.044079412653650715,0.314860878314086,0.0,0.0,0.99,8,exponential
q_learning,sparse_seed2,sparse,2,4a77b6e251,1170,225,-11.250000000000025,-10.05000000000002,0.09610219478745965,0.15,0,out_of_energy,0,0,1,0,102,4,3,0,0,44,0.04485918845880565,0.3922518690224751,0.0,0.0,0.99,8,exponential
q_learning,sparse_seed2,sparse,2,4a77b6e251,1171,225,-11.250000000000025,-10.05000000000002,0.09590999039788474,0.15,0,out_of_energy,0,0,1,0,104,16,0,0,0,45,0.044676890025428344,0.32016997221284593,0.0,0.0,0.99,8,exponential
q_learning,sparse_seed2,sparse,2,4a77b6e251,1172,225,-11.250000000000025,-10.05000000000002,0.09571817041708897,0.15,0,out_of_energy,0,0,1,0,105,16,0,0,0,42,0.04415008725871427,0.3278098419318129,0.0,0.0,0.99,8,exponential
q_learning,sparse_seed2,sparse,2,4a77b6e251,1173,225,-11.250000000000025,-10.05000000000002,0.09552673407625478,0.15,0,out_of_energy,0,0,1,0,96,13,0,0,0,39,0.04558708847108436,0.32481120691267373,0.0,0.0,0.99,8,exponential
q_learning,sparse_seed2,sparse,2,4a77b6e251,1174,225,-11.250000000000025,-10.05000000000002,0.09533568060810227,0.15,0,out_of_energy,0,0,1,0,100,4,0,0,0,43,0.046570687716894335,0.4167670768791497,0.0,0.0,0.99,8,exponential
q_learning,sparse_seed2,sparse,2,4a77b6e251,1175,225,-11.250000000000025,-10.05000000000002,0.09514500924688607,0.15,0,out_of_energy,0,0,1,0,108,6,0,0,0,42,0.04605094778503974,0.3348569234829847,0.0,0.0,0.99,8,exponential
q_learning,sparse_seed2,sparse,2,4a77b6e251,1176,225,-11.250000000000025,-10.15000000000002,0.0949547192283923,0.15,0,out_of_energy,0,0,1,0,101,30,0,0,0,39,0.04600246414772323,0.3908394575743344,0.0,0.0,0.99,8,exponential
q_learning,sparse_seed2,sparse,2,4a77b6e251,1177,225,-11.250000000000025,-10.15000000000002,0.09476480978993551,0.15,0,out_of_energy,0,0,1,0,100,12,0,0,0,45,0.045398603032438714,0.41035748388673626,0.0,0.0,0.99,8,exponential
q_learning,sparse_seed2,sparse,2,4a77b6e251,1178,225,-11.250000000000025,-10.15000000000002,0.09457528017035564,0.15,0,out_of_energy,0,0,1,0,117,6,0,0,0,46,0.04374735833588649,0.31751759250073835,0.0,0.0,0.99,8,exponential
q_learning,sparse_seed2,sparse,2,4a77b6e251,1179,225,-1.2499999999999822,-10.05000000000002,0.09438612961001493,0.15,0,out_of_energy,0,0,1,0,94,12,0,0,1,53,0.10973772583427088,3.759148728127386,0.0,0.0,0.99,8,exponential
q_learning,sparse_seed2,sparse,2,4a77b6e251,1180,225,-11.250000000000025,-10.05000000000002,0.0941973573507949,0.15,0,out_of_energy,0,0,1,0,97,5,0,0,0,48,0.043582455622747616,0.3240606518304137,0.0,0.0,0.99,8,exponential
q_learning,sparse_seed2,sparse,2,4a77b6e251,1181,225,-11.250000000000025,-10.05000000000002,0.09400896263609332,0.15,0,out_of_energy,0,0,1,0,100,26,0,0,0,48,0.04540917403158746,0.3221723281574883,0.0,0.0,0.99,8,exponential
q_learning,sparse_seed2,sparse,2,4a77b6e251,1182,225,-11.250000000000025,-10.05000000000002,0.09382094471082113,0.15,0,out_of_energy,0,0,1,0,109,1,0,0,0,44,0.04391709939132737,0.20282082861498346,0.0,0.0,0.99,8,exponential
q_learning,sparse_seed2,sparse,2,4a77b6e251,1183,225,-11.250000000000025,-10.05000000000002,0.09363330282139949,0.15,0,out_of_energy,0,0,1,0,115,10,0,0,0,46,0.044550814800414666,0.3114844509999525,0.0,0.0,0.99,8,exponential
q_learning,sparse_seed2,sparse,2,4a77b6e251,1184,225,-11.250000000000025,-10.15000000000002,0.09344603621575669,0.15,0,out_of_energy,0,0,1,0,100,20,0,0,0,42,0.044183945991776975,0.3119261962382507,0.0,0.0,0.99,8,exponential
q_learning,sparse_seed2,sparse,2,4a77b6e251,1185,225,-11.250000000000025,-10.150000000000022,0.09325914414332517,0.15,0,out_of_energy,0,0,1,0,106,3,0,0,0,48,0.045318170212282245,0.30731203767489634,0.0,0.0,0.99,8,exponential
q_learning,sparse_seed2,sparse,2,4a77b6e251,1186,225,-11.250000000000025,-10.15000000000002,0.09307262585503852,0.15,0,out_of_energy,0,0,1,0,115,3,0,0,0,48,0.044346356714319926,0.3182275528807366,0.0,0.0,0.99,8,exponential
q_learning,sparse_seed2,sparse,2,4a77b6e251,1187,225,-11.250000000000025,-10.150000000000022,0.09288648060332844,0.15,0,out_of_energy,0,0,1,0,100,4,0,0,0,53,0.044392108148684356,0.22498157013172804,0.0,0.0,0.99,8,exponential
q_learning,sparse_seed2,sparse,2,4a77b6e251,1188,225,-11.250000000000025,-10.15000000000002,0.09270070764212178,0.15,0,out_of_energy,0,0,1,0,100,4,0,0,0,54,0.04477827047972582,0.32733094053469736,0.0,0.0,0.99,8,exponential
q_learning,sparse_seed2,sparse,2,4a77b6e251,1189,225,-1.2499999999999822,-10.050000000000022,0.09251530622683754,0.15,0,out_of_energy,0,0,1,0,92,4,0,0,1,49,0.08924687064495485,2.258643362451799,0.0,0.0,0.99,8,exponential
q_learning,sparse_seed2,sparse,2,4a77b6e251,1190,225,-11.250000000000025,-10.05000000000002,0.09233027561438387,0.15,0,out_of_energy,0,0,1,0,98,32,0,0,0,43,0.04464842195176746,0.3711759831043119,0.0,0.0,0.99,8,exponential
q_learning,sparse_seed2,sparse,2,4a77b6e251,1191,225,-11.250000000000025,-10.050000000000022,0.09214561506315509,0.15,0,out_of_energy,0,0,1,0,114,12,0,0,0,40,0.04322028511995184,0.2988805262491921,0.0,0.0,0.99,8,exponential
q_learning,sparse_seed2,sparse,2,4a77b6e251,1192,225,-11.250000000000025,-10.05000000000002,0.09196132383302878,0.15,0,out_of_energy,0,0,1,0,106,5,0,0,0,50,0.04542829220724581,0.358262076046453,0.0,0.0,0.99,8,exponential
q_learning,sparse_seed2,sparse,2,4a77b6e251,1193,225,-11.250000000000025,-10.05000000000002,0.09177740118536272,0.15,0,out_of_energy,0,0,1,0,120,12,0,0,0,41,0.045001333407755244,0.34275528968903224,0.0,0.0,0.99,8,exponential
q_learning,sparse_seed2,sparse,2,4a77b6e251,1194,225,-11.250000000000025,-10.15000000000002,0.09159384638299199,0.15,0,out_of_energy,0,0,1,0,104,19,0,0,0,36,0.044852155785429296,0.37378563218936084,0.0,0.0,0.99,8,exponential
q_learning,sparse_seed2,sparse,2,4a77b6e251,1195,225,-11.250000000000025,-10.150000000000022,0.09141065869022601,0.15,0,out_of_energy,0,0,1,0,95,22,0,0,0,50,0.044604327874119866,0.3262838861069183,0.0,0.0,0.99,8,exponential
q_learning,sparse_seed2,sparse,2,4a77b6e251,1196,225,-11.250000000000025,-10.15000000000002,0.09122783737284555,0.15,0,out_of_energy,0,0,1,0,75,21,0,0,0,49,0.044891496409504066,0.37962820543044895,0.0,0.0,0.99,8,exponential
q_learning,sparse_seed2,sparse,2,4a77b6e251,1197,225,-1.2499999999999822,-10.150000000000023,0.09104538169809986,0.15,0,out_of_energy,0,0,1,0,93,8,0,0,1,52,0.09380062418198905,2.2043177139752324,0.0,0.0,0.99,8,exponential
q_learning,sparse_seed2,sparse,2,4a77b6e251,1198,225,-1.2499999999999822,-10.050000000000022,0.09086329093470366,0.15,0,out_of_energy,0,0,1,0,96,23,0,0,1,39,0.08612045313627921,2.132620617313316,0.0,0.0,0.99,8,exponential
q_learning,sparse_seed2,sparse,2,4a77b6e251,1199,225,-1.2499999999999822,-9.950000000000022,0.09068156435283425,0.15,0,out_of_energy,0,0,1,0,101,20,0,0,1,39,0.0918307664750769,2.0886886721957225,0.0,0.0,0.99,8,exponential
q_learning,sparse_seed2,sparse,2,4a77b6e251,1200,225,-1.2499999999999822,-9.850000000000021,0.09050020122412858,0.15,0,out_of_energy,0,0,1,0,102,8,0,0,1,40,0.08311837930379397,2.005667878139806,0.0,0.0,0.99,8,exponential
q_learning,sparse_seed2,sparse,2,4a77b6e251,1201,225,-11.250000000000025,-9.850000000000021,0.09031920082168032,0.15,0,out_of_energy,0,0,1,0,108,9,0,0,0,39,0.044243614683523357,0.3082560563969578,0.0,0.0,0.99,8,exponential
q_learning,sparse_seed2,sparse,2,4a77b6e251,1202,225,-11.250000000000025,-9.850000000000021,0.09013856242003697,0.15,0,out_of_energy,0,0,1,0,90,0,0,0,0,53,0.04471622515675146,0.325906377942772,0.0,0.0,0.99,8,exponential
q_learning,sparse_seed2,sparse,2,4a77b6e251,1203,225,-11.250000000000025,-9.850000000000021,0.0899582852951969,0.15,0,out_of_energy,0,0,1,0,99,10,1,0,0,34,0.04443361855030874,0.3209922582480188,0.0,0.0,0.99,8,exponential
q_learning,sparse_seed2,sparse,2,4a77b6e251,1204,225,-1.2499999999999822,-9.750000000000021,0.0897783687246065,0.15,0,out_of_energy,0,0,1,0,113,12,0,0,1,49,0.0982063165833129,2.95594972200466,0.0,0.0,0.99,8,exponential
q_learning,sparse_seed2,sparse,2,4a77b6e251,1205,225,-11.250000000000025,-9.750000000000021,0.08959881198715729,0.15,0,out_of_energy,0,0,1,0,99,44,0,0,0,56,0.04489667402080195,0.3977042092970493,0.0,0.0,0.99,8,exponential
q_learning,sparse_seed2,sparse,2,4a77b6e251,1206,225,-11.250000000000025,-9.750000000000021,0.08941961436318298,0.15,0,out_of_energy,0,0,1,0,97,4,0,0,0,52,0.04570999306345081,0.38450231909747296,0.0,0.0,0.99,8,exponential
q_learning,sparse_seed2,sparse,2,4a77b6e251,1207,225,-11.250000000000025,-9.750000000000021,0.0892407751344566,0.15,0,out_of_energy,0,0,1,0,86,15,0,0,0,45,0.043069706674117345,0.2542316199763914,0.0,0.0,0.99,8,exponential
q_learning,sparse_seed2,sparse,2,4a77b6e251,1208,225,-1.2499999999999822,-9.65000000000002,0.0890622935841877,0.15,0,out_of_energy,0,0,1,0,104,16,0,0,1,41,0.126148039384416,8.631246973567295,0.0,0.0,0.99,8,exponential
q_learning,sparse_seed2,sparse,2,4a77b6e251,1209,225,-11.250000000000025,-9.65000000000002,0.08888416899701933,0.15,0,out_of_energy,0,0,1,0,88,14,8,0,0,45,0.04487252397949639,0.3902518314460483,0.0,0.0,0.99,8,exponential
q_learning,sparse_seed2,sparse,2,4a77b6e251,1210,225,-11.250000000000025,-9.65000000000002,0.08870640065902528,0.15,0,out_of_energy,0,0,1,0,97,8,0,0,0,47,0.044215071077663926,0.3764270401609874,0.0,0.0,0.99,8,exponential
q_learning,sparse_seed2,sparse,2,4a77b6e251,1211,225,-11.250000000000025,-9.65000000000002,0.08852898785770723,0.15,0,out_of_energy,0,0,1,0,87,23,0,0,0,37,0.044708233178030965,0.38045381797568345,0.0,0.0,0.99,8,exponential
q_learning,sparse_seed2,sparse,2,4a77b6e251,1212,225,-11.250000000000025,-9.65000000000002,0.08835192988199181,0.15,0,out_of_energy,0,0,1,0,81,5,1,0,0,29,0.04459589215132018,0.40069896934408195,0.0,0.0,0.99,8,exponential
q_learning,sparse_seed2,sparse,2,4a77b6e251,1213,225,-1.2499999999999822,-9.550000000000018,0.08817522602222783,0.15,0,out_of_energy,0,0,1,0,98,14,0,0,1,44,0.1009942123160108,3.520328739202505,0.0,0.0,0.99,8,exponential
q_learning,sparse_seed2,sparse,2,4a77b6e251,1214,225,-1.2499999999999822,-9.450000000000019,0.08799887557018338,0.15,0,out_of_energy,0,0,1,0,95,15,0,0,1,36,0.09974134735583572,2.1956289150463943,0.0,0.0,0.99,8,exponential
q_learning,sparse_seed2,sparse,2,4a77b6e251,1215,225,-1.2499999999999822,-9.450000000000019,0.08782287781904301,0.15,0,out_of_energy,0,0,1,0,101,12,0,0,1,46,0.09144548538770303,2.3232222240761398,0.0,0.0,0.99,8,exponential
q_learning,sparse_seed2,sparse,2,4a77b6e251,1216,225,-11.250000000000025,-9.45000000000002,0.08764723206340493,0.15,0,out_of_energy,0,0,1,0,98,10,0,0,0,45,0.0437023493659909,0.34698503110127105,0.0,0.0,0.99,8,exponential
q_learning,sparse_seed2,sparse,2,4a77b6e251,1217,225,-11.250000000000025,-9.450000000000019,0.08747193759927811,0.15,0,out_of_energy,0,0,1,0,107,2,0,0,0,40,0.043985441615651814,0.2950040768293371,0.0,0.0,0.99,8,exponential
q_learning,sparse_seed2,sparse,2,4a77b6e251,1218,225,-1.2499999999999822,-9.350000000000017,0.08729699372407955,0.15,0,out_of_energy,0,0,1,0,104,16,0,0,1,48,0.08273536834153468,2.2500618401245505,0.0,0.0,0.99,8,exponential
q_learning,sparse_seed2,sparse,2,4a77b6e251,1219,225,-11.250000000000025,-9.350000000000017,0.08712239973663138,0.15,0,out_of_energy,0,0,1,0,111,8,0,0,0,40,0.044523589788047234,0.37707101934908277,0.0,0.0,0.99,8,exponential
q_learning,sparse_seed2,sparse,2,4a77b6e251,1220,225,-1.2499999999999822,-9.250000000000018,0.08694815493715811,0.15,0,out_of_energy,0,0,1,0,86,13,0,0,1,52,0.13405986497518638,9.72008737476347,0.0,0.0,0.99,8,exponential
q_learning,sparse_seed2,sparse,2,4a77b6e251,1221,225,-1.2499999999999822,-9.250000000000018,0.0867742586272838,0.15,0,out_of_energy,0,0,1,0,91,10,0,0,1,46,0.12502840645182,8.143531589108388,0.0,0.0,0.99,8,exponential
q_learning,sparse_seed2,sparse,2,4a77b6e251,1222,225,-11.250000000000025,-9.250000000000018,0.08660071011002923,0.15,0,out_of_energy,0,0,1,0,105,17,0,0,0,42,0.0440096726992968,0.3255909017201477,0.0,0.0,0.99,8,exponential
q_learning,sparse_seed2,sparse,2,4a77b6e251,1223,225,-1.2499999999999822,-9.150000000000018,0.08642750868980917,0.15,0,out_of_energy,0,0,1,0,106,22,0,0,1,31,0.1341262027702636,6.859302822805899,0.0,0.0,0.99,8,exponential
q_learning,sparse_seed2,sparse,2,4a77b6e251,1224,225,-11.250000000000025,-9.250000000000018,0.08625465367242954,0.15,0,out_of_energy,0,0,1,0,99,17,3,0,0,52,0.044702363951457866,0.3456650033888042,0.0,0.0,0.99,8,exponential
q_learning,sparse_seed2,sparse,2,4a77b6e251,1225,225,-11.250000000000025,-9.250000000000018,0.08608214436508468,0.15,0,out_of_energy,0,0,1,0,112,6,0,0,0,48,0.043673386183748525,0.21313952180083962,0.0,0.0,0.99,8,exponential
q_learning,sparse_seed2,sparse,2,4a77b6e251,1226,225,-11.250000000000025,-9.250000000000018,0.08590998007635452,0.15,0,out_of_energy,0,0,1,0,92,34,0,0,0,40,0.044754175946133,0.3668528615127674,0.0,0.0,0.99,8,exponential
q_learning,sparse_seed2,sparse,2,4a77b6e251,1227,225,-11.250000000000025,-9.250000000000018,0.0857381601162018,0.15,0,out_of_energy,0,0,1,0,102,1,0,0,0,44,0.04332319969195626,0.272843419510816,0.0,0.0,0.99,8,exponential
q_learning,sparse_seed2,sparse,2,4a77b6e251,1228,225,-11.250000000000025,-9.250000000000018,0.0855666837959694,0.15,0,out_of_energy,0,0,1,0,85,2,0,0,0,48,0.04489104892395161,0.32033929451965754,0.0,0.0,0.99,8,exponential
q_learning,sparse_seed2,sparse,2,4a77b6e251,1229,225,-11.250000000000025,-9.250000000000018,0.08539555042837747,0.15,0,out_of_energy,0,0,1,0,105,23,0,0,0,35,0.04310077087946858,0.3128104905366227,0.0,0.0,0.99,8,exponential
q_learning,sparse_seed2,sparse,2,4a77b6e251,1230,225,-1.2499999999999822,-9.150000000000016,0.08522475932752072,0.15,0,out_of_energy,0,0,1,0,104,3,0,0,1,50,0.183986511919991,7.7865337269412676,0.0,0.0,0.99,8,exponential
q_learning,sparse_seed2,sparse,2,4a77b6e251,1231,225,-11.250000000000025,-9.150000000000018,0.08505430980886568,0.15,0,out_of_energy,0,0,1,0,109,8,0,0,0,48,0.042597992718935614,0.11712025625648316,0.0,0.0,0.99,8,exponential
q_learning,sparse_seed2,sparse,2,4a77b6e251,1232,225,-11.250000000000025,-9.150000000000018,0.08488420118924794,0.15,0,out_of_energy,0,0,1,0,117,3,1,0,0,39,0.04374902591833141,0.2901072137480245,0.0,0.0,0.99,8,exponential
q_learning,sparse_seed2,sparse,2,4a77b6e251,1233,225,-11.250000000000025,-9.150000000000018,0.08471443278686945,0.15,0,out_of_energy,0,0,1,0,98,16,0,0,0,45,0.04395035344794554,0.3194917155419593,0.0,0.0,0.99,8,exponential
q_learning,sparse_seed2,sparse,2,4a77b6e251,1234,225,-11.250000000000025,-9.150000000000016,0.08454500392129571,0.15,0,out_of_energy,0,0,1,0,83,20,2,0,0,46,0.044122007743239995,0.3839963434880769,0.0,0.0,0.99,8,exponential
q_learning,sparse_seed2,sparse,2,4a77b6e251,1235,225,-11.250000000000025,-9.150000000000018,0.08437591391345312,0.15,0,out_of_energy,0,0,1,0,86,19,9,0,0,43,0.048579632040764535,0.4738733383303514,0.0,0.0,0.99,8,exponential
q_learning,sparse_seed2,sparse,2,4a77b6e251,1236,225,-11.250000000000025,-9.150000000000018,0.0842071620856262,0.15,0,out_of_energy,0,0,1,0,80,11,3,0,0,32,0.04488797776765469,0.37904390788857767,0.0,0.0,0.99,8,exponential
q_learning,sparse_seed2,sparse,2,4a77b6e251,1237,225,-11.250000000000025,-9.150000000000016,0.08403874776145495,0.15,0,out_of_energy,0,0,1,0,101,6,0,0,0,45,0.044150030963178245,0.3037644865857642,0.0,0.0,0.99,8,exponential
q_learning,sparse_seed2,sparse,2,4a77b6e251,1238,225,-11.250000000000025,-9.150000000000016,0.08387067026593203,0.15,0,out_of_energy,0,0,1,0,88,25,0,0,0,43,0.04345042794011724,0.33121605300071244,0.0,0.0,0.99,8,exponential
q_learning,sparse_seed2,sparse,2,4a77b6e251,1239,225,-11.250000000000025,-9.150000000000018,0.08370292892540017,0.15,0,out_of_energy,0,0,1,0,94,7,0,0,0,48,0.04464064258566632,0.35938900463711365,0.0,0.0,0.99,8,exponential
q_learning,sparse_seed2,sparse,2,4a77b6e251,1240,225,-11.250000000000025,-9.150000000000018,0.08353552306754937,0.15,0,out_of_energy,0,0,1,0,108,23,0,0,0,50,0.044063547674390045,0.2800127283368323,0.0,0.0,0.99,8,exponential
q_learning,sparse_seed2,sparse,2,4a77b6e251,1241,225,-11.250000000000025,-9.150000000000016,0.08336845202141427,0.15,0,out_of_energy,0,0,1,0,98,3,0,0,0,44,0.04371916734751984,0.35744818494341357,0.0,0.0,0.99,8,exponential
q_learning,sparse_seed2,sparse,2,4a77b6e251,1242,225,-11.250000000000025,-9.150000000000016,0.08320171511737144,0.15,0,out_of_energy,0,0,1,0,94,28,0,0,0,44,0.04561503314784076,0.36236684572774275,0.0,0.0,0.99,8,exponential
q_learning,sparse_seed2,sparse,2,4a77b6e251,1243,225,-11.250000000000025,-9.150000000000018,0.0830353116871367,0.15,0,out_of_energy,0,0,1,0,98,32,1,0,0,42,0.0453884796814492,0.3987640425154857,0.0,0.0,0.99,8,exponential
q_learning,sparse_seed2,sparse,2,4a77b6e251,1244,225,-11.250000000000025,-9.150000000000018,0.08286924106376242,0.15,0,out_of_energy,0,0,1,0,100,6,5,0,0,53,0.04406336060586281,0.4284201720241103,0.0,0.0,0.99,8,exponential
q_learning,sparse_seed2,sparse,2,4a77b6e251,1245,225,-11.250000000000025,-9.150000000000016,0.08270350258163489,0.15,0,out_of_energy,0,0,1,0,112,6,0,0,0,52,0.04455787577553677,0.3445786380725805,0.0,0.0,0.99,8,exponential
q_learning,sparse_seed2,sparse,2,4a77b6e251,1246,225,-11.250000000000025,-9.150000000000016,0.08253809557647163,0.15,0,out_of_energy,0,0,1,0,90,9,3,0,0,46,0.0442346007348882,0.3531908566295869,0.0,0.0,0.99,8,exponential
q_learning,sparse_seed2,sparse,2,4a77b6e251,1247,225,-11.250000000000025,-9.150000000000018,0.08237301938531869,0.15,0,out_of_energy,0,0,1,0,96,16,1,0,0,49,0.04603544222801686,0.4332307692053156,0.0,0.0,0.99,8,exponential
q_learning,sparse_seed2,sparse,2,4a77b6e251,1248,225,-11.250000000000025,-9.150000000000018,0.08220827334654805,0.15,0,out_of_energy,0,0,1,0,78,25,9,0,0,57,0.04542280291804611,0.41027179574639616,0.0,0.0,0.99,8,exponential
q_learning,sparse_seed2,sparse,2,4a77b6e251,1249,225,-11.250000000000025,-9.250000000000018,0.08204385679985496,0.15,0,out_of_energy,0,0,1,0,97,16,2,0,0,35,0.04374840117919321,0.4078108595389611,0.0,0.0,0.99,8,exponential
q_learning,sparse_seed2,sparse,2,4a77b6e251,1250,225,-11.250000000000025,-9.350000000000017,0.08187976908625524,0.15,0,out_of_energy,0,0,1,0,100,8,0,0,0,46,0.044102108311725834,0.36401453941371736,0.0,0.0,0.99,8,exponential
q_learning,sparse_seed2,sparse,2,4a77b6e251,1251,225,-11.250000000000025,-9.350000000000017,0.08171600954808274,0.15,0,out_of_energy,0,0,1,0,88,18,0,0,0,46,0.044004616152858424,0.3603814854502705,0.0,0.0,0.99,8,exponential
q_learning,sparse_seed2,sparse,2,4a77b6e251,1252,225,-11.250000000000025,-9.350000000000017,0.08155257752898658,0.15,0,out_of_energy,0,0,1,0,95,22,0,0,0,47,0.044290028876930336,0.3292063057586184,0.0,0.0,0.99,8,exponential
q_learning,sparse_seed2,sparse,2,4a77b6e251,1253,225,-11.250000000000025,-9.350000000000017,0.0813894723739286,0.15,0,out_of_energy,0,0,1,0,96,4,0,0,0,42,0.04377151891996702,0.3666062569953813,0.0,0.0,0.99,8,exponential
q_learning,sparse_seed2,sparse,2,4a77b6e251,1254,225,-11.250000000000025,-9.350000000000017,0.08122669342918075,0.15,0,out_of_energy,0,0,1,0,102,30,0,0,0,39,0.044900137851317024,0.3525138251816451,0.0,0.0,0.99,8,exponential
q_learning,sparse_seed2,sparse,2,4a77b6e251,1255,225,-11.250000000000025,-9.350000000000017,0.08106424004232239,0.15,0,out_of_energy,0,0,1,0,86,7,2,0,0,43,0.04672749008432315,0.476141399205444,0.0,0.0,0.99,8,exponential
q_learning,sparse_seed2,sparse,2,4a77b6e251,1256,225,-11.250000000000025,-9.350000000000017,0.08090211156223774,0.15,0,out_of_energy,0,0,1,0,112,16,0,0,0,55,0.04405823052256587,0.34391495367737895,0.0,0.0,0.99,8,exponential
q_learning,sparse_seed2,sparse,2,4a77b6e251,1257,225,-11.250000000000025,-9.350000000000017,0.08074030733911326,0.15,0,out_of_energy,0,0,1,0,106,30,0,0,0,40,0.04393223873417049,0.3308538119755358,0.0,0.0,0.99,8,exponential
q_learning,sparse_seed2,sparse,2,4a77b6e251,1258,225,-11.250000000000025,-9.350000000000017,0.08057882672443503,0.15,0,out_of_energy,0,0,1,0,84,2,0,0,0,48,0.04448275889015417,0.3523325738053515,0.0,0.0,0.99,8,exponential
q_learning,sparse_seed2,sparse,2,4a77b6e251,1259,225,-11.250000000000025,-9.450000000000019,0.08041766907098616,0.15,0,out_of_energy,0,0,1,0,88,37,0,0,0,37,0.04550330432098554,0.41593363339438777,0.0,0.0,0.99,8,exponential
q_learning,sparse_seed2,sparse,2,4a77b6e251,1260,225,-11.250000000000025,-9.550000000000018,0.08025683373284419,0.15,0,out_of_energy,0,0,1,0,91,17,3,0,0,55,0.0454163025944387,0.4290234586011892,0.0,0.0,0.99,8,exponential
q_learning,sparse_seed2,sparse,2,4a77b6e251,1261,225,-11.250000000000025,-9.65000000000002,0.08009632006537849,0.15,0,out_of_energy,0,0,1,0,100,8,0,0,0,49,0.04352805481634099,0.3431002859082257,0.0,0.0,0.99,8,exponential
q_learning,sparse_seed2,sparse,2,4a77b6e251,1262,225,-11.250000000000025,-9.650000000000018,0.07993612742524774,0.15,0,out_of_energy,0,0,1,0,89,12,0,0,0,44,0.04362016033169517,0.38191684354742084,0.0,0.0,0.99,8,exponential
q_learning,sparse_seed2,sparse,2,4a77b6e251,1263,225,-11.250000000000025,-9.65000000000002,0.07977625517039724,0.15,0,out_of_energy,0,0,1,0,103,19,0,0,0,45,0.0445310350080772,0.3528027234727284,0.0,0.0,0.99,8,exponential
q_learning,sparse_seed2,sparse,2,4a77b6e251,1264,225,-11.250000000000025,-9.650000000000018,0.07961670266005645,0.15,0,out_of_energy,0,0,1,0,108,10,0,0,0,49,0.04415825856001008,0.3846591305760859,0.0,0.0,0.99,8,exponential
q_learning,sparse_seed2,sparse,2,4a77b6e251,1265,225,-11.250000000000025,-9.65000000000002,0.07945746925473633,0.15,0,out_of_energy,0,0,1,0,81,13,0,0,0,36,0.043888625989491815,0.3231447645189222,0.0,0.0,0.99,8,exponential
q_learning,sparse_seed2,sparse,2,4a77b6e251,1266,225,-11.250000000000025,-9.650000000000018,0.07929855431622686,0.15,0,out_of_energy,0,0,1,0,93,12,0,0,0,40,0.04572248714255398,0.3568021318001689,0.0,0.0,0.99,8,exponential
q_learning,sparse_seed2,sparse,2,4a77b6e251,1267,225,-11.250000000000025,-9.65000000000002,0.0791399572075944,0.15,0,out_of_energy,0,0,1,0,84,22,0,0,0,49,0.045201538408938056,0.3426696824695969,0.0,0.0,0.99,8,exponential
q_learning,sparse_seed2,sparse,2,4a77b6e251,1268,225,-11.250000000000025,-9.650000000000018,0.0789816772931792,0.15,0,out_of_energy,0,0,1,0,104,13,0,0,0,33,0.044097218502904226,0.34274109420302684,0.0,0.0,0.99,8,exponential
q_learning,sparse_seed2,sparse,2,4a77b6e251,1269,225,-11.250000000000025,-9.65000000000002,0.07882371393859285,0.15,0,out_of_energy,0,0,1,0,88,36,0,0,0,42,0.04401298869714043,0.3551987154346885,0.0,0.0,0.99,8,exponential
q_learning,sparse_seed2,sparse,2,4a77b6e251,1270,225,-11.250000000000025,-9.650000000000018,0.07866606651071566,0.15,0,out_of_energy,0,0,1,0,85,40,1,0,0,50,0.04533637782974279,0.36375837630372554,0.0,0.0,0.99,8,exponential
q_learning,sparse_seed2,sparse,2,4a77b6e251,1271,225,-11.250000000000025,-9.65000000000002,0.07850873437769422,0.15,0,out_of_energy,0,0,1,0,90,4,0,0,0,46,0.04401541744339995,0.3214365131609019,0.0,0.0,0.99,8,exponential
q_learning,sparse_seed2,sparse,2,4a77b6e251,1272,225,-11.250000000000025,-9.650000000000018,0.07835171690893883,0.15,0,out_of_energy,0,0,1,0,90,18,0,0,0,46,0.045793230703245355,0.36337551907993176,0.0,0.0,0.99,8,exponential
q_learning,sparse_seed2,sparse,2,4a77b6e251,1273,225,-11.250000000000025,-9.65000000000002,0.07819501347512095,0.15,0,out_of_energy,0,0,1,0,97,13,0,0,0,45,0.044724340162306885,0.34311575515429266,0.0,0.0,0.99,8,exponential
q_learning,sparse_seed2,sparse,2,4a77b6e251,1274,225,-11.250000000000025,-9.650000000000018,0.07803862344817071,0.15,0,out_of_energy,0,0,1,0,89,9,0,0,0,56,0.04446627161589654,0.3275236577326931,0.0,0.0,0.99,8,exponential
q_learning,sparse_seed2,sparse,2,4a77b6e251,1275,225,-11.250000000000025,-9.65000000000002,0.07788254620127437,0.15,0,out_of_energy,0,0,1,0,109,29,0,0,0,45,0.04367821016246493,0.3390093737913906,0.0,0.0,0.99,8,exponential
q_learning,sparse_seed2,sparse,2,4a77b6e251,1276,225,-11.250000000000025,-9.650000000000018,0.07772678110887182,0.15,0,out_of_energy,0,0,1,0,98,15,0,0,0,40,0.0452781571002794,0.35607677501750884,0.0,0.0,0.99,8,exponential
q_learning,sparse_seed2,sparse,2,4a77b6e251,1277,225,-11.250000000000025,-9.65000000000002,0.07757132754665408,0.15,0,out_of_energy,0,0,1,0,93,32,0,0,0,32,0.044090810053041773,0.3402945555420589,0.0,0.0,0.99,8,exponential
q_learning,sparse_seed2,sparse,2,4a77b6e251,1278,225,-11.250000000000025,-9.650000000000018,0.07741618489156077,0.15,0,out_of_energy,0,0,1,0,89,4,0,0,0,51,0.04441952073702901,0.378865445081339,0.0,0.0,0.99,8,exponential
q_learning,sparse_seed2,sparse,2,4a77b6e251,1279,225,-1.2499999999999822,-9.65000000000002,0.07726135252177764,0.15,0,out_of_energy,0,0,1,0,96,6,0,0,1,46,0.09796414687816209,5.483462113369566,0.0,0.0,0.99,8,exponential
q_learning,sparse_seed2,sparse,2,4a77b6e251,1280,225,-11.250000000000025,-9.65000000000002,0.07710682981673408,0.15,0,out_of_energy,0,0,1,0,93,16,0,0,0,51,0.04429398267954596,0.3625953498131018,0.0,0.0,0.99,8,exponential
q_learning,sparse_seed2,sparse,2,4a77b6e251,1281,225,-11.250000000000025,-9.65000000000002,0.07695261615710061,0.15,0,out_of_energy,0,0,1,0,93,20,3,0,0,50,0.04471182003767689,0.3158308874311151,0.0,0.0,0.99,8,exponential
q_learning,sparse_seed2,sparse,2,4a77b6e251,1282,225,-11.250000000000025,-9.65000000000002,0.0767987109247864,0.15,0,out_of_energy,0,0,1,0,100,13,0,0,0,48,0.04382901283531851,0.3486213681510925,0.0,0.0,0.99,8,exponential
q_learning,sparse_seed2,sparse,2,4a77b6e251,1283,225,-11.250000000000025,-9.650000000000018,0.07664511350293683,0.15,0,out_of_energy,0,0,1,0,90,5,0,0,0,46,0.044356203899011,0.3609523067759328,0.0,0.0,0.99,8,exponential
q_learning,sparse_seed2,sparse,2,4a77b6e251,1284,225,-11.250000000000025,-9.650000000000018,0.07649182327593096,0.15,0,out_of_energy,0,0,1,0,83,13,5,0,0,56,0.04413254496671238,0.3006297570382597,0.0,0.0,0.99,8,exponential
q_learning,sparse_seed2,sparse,2,4a77b6e251,1285,225,-11.250000000000025,-9.650000000000018,0.0763388396293791,0.15,0,out_of_energy,0,0,1,0,109,10,0,0,0,54,0.043331415839683314,0.3205103664467204,0.0,0.0,0.99,8,exponential
q_learning,sparse_seed2,sparse,2,4a77b6e251,1286,225,-1.2499999999999822,-9.550000000000018,0.07618616195012033,0.15,0,out_of_energy,0,0,1,0,102,6,0,0,1,46,0.08911338407943298,4.303460824418622,0.0,0.0,0.99,8,exponential
q_learning,sparse_seed2,sparse,2,4a77b6e251,1287,225,-11.250000000000025,-9.550000000000018,0.0760337896262201,0.15,0,out_of_energy,0,0,1,0,96,16,0,0,0,48,0.04477856063075175,0.3654925144523096,0.0,0.0,0.99,8,exponential
q_learning,sparse_seed2,sparse,2,4a77b6e251,1288,225,-11.250000000000025,-9.550000000000018,0.07588172204696765,0.15,0,out_of_energy,0,0,1,0,112,10,0,0,0,40,0.04515212289121255,0.3245011754797317,0.0,0.0,0.99,8,exponential
q_learning,sparse_seed2,sparse,2,4a77b6e251,1289,225,-11.250000000000025,-9.65000000000002,0.07572995860287371,0.15,0,out_of_energy,0,0,1,0,92,21,0,0,0,51,0.043869798354948954,0.2899673778471383,0.0,0.0,0.99,8,exponential
q_learning,sparse_seed2,sparse,2,4a77b6e251,1290,225,-11.250000000000025,-9.650000000000018,0.07557849868566796,0.15,0,out_of_energy,0,0,1,0,99,19,0,0,0,35,0.04269446189791347,0.1382629621379204,0.0,0.0,0.99,8,exponential
q_learning,sparse_seed2,sparse,2,4a77b6e251,1291,225,-11.250000000000025,-9.650000000000018,0.07542734168829662,0.15,0,out_of_energy,0,0,1,0,102,20,0,0,0,45,0.0446136525896383,0.33421038994579433,0.0,0.0,0.99,8,exponential
q_learning,sparse_seed2,sparse,2,4a77b6e251,1292,225,-11.250000000000025,-9.650000000000018,0.07527648700492003,0.15,0,out_of_energy,0,0,1,0,90,21,0,0,0,44,0.0450285585193558,0.36248525323088754,0.0,0.0,0.99,8,exponential
q_learning,sparse_seed2,sparse,2,4a77b6e251,1293,225,-11.250000000000025,-9.650000000000018,0.07512593403091018,0.15,0,out_of_energy,0,0,1,0,98,24,0,0,0,51,0.04383990130227226,0.34829962841344264,0.0,0.0,0.99,8,exponential
q_learning,sparse_seed2,sparse,2,4a77b6e251,1294,225,-11.250000000000025,-9.650000000000018,0.07497568216284836,0.15,0,out_of_energy,0,0,1,0,92,11,2,0,0,43,0.04517783135612643,0.37207031321900014,0.0,0.0,0.99,8,exponential
q_learning,sparse_seed2,sparse,2,4a77b6e251,1295,225,-11.250000000000025,-9.650000000000018,0.07482573079852267,0.15,0,out_of_energy,0,0,1,0,109,10,0,0,0,45,0.04631736830020613,0.4262426211683595,0.0,0.0,0.99,8,exponential
q_learning,sparse_seed2,sparse,2,4a77b6e251,1296,225,-11.250000000000025,-9.650000000000018,0.07467607933692563,0.15,0,out_of_energy,0,0,1,0,100,8,0,0,0,44,0.04555305055589653,0.4088299224997225,0.0,0.0,0.99,8,exponential
q_learning,sparse_seed2,sparse,2,4a77b6e251,1297,225,-11.250000000000025,-9.750000000000018,0.07452672717825178,0.15,0,out_of_energy,0,0,1,0,94,13,3,0,0,41,0.044381338178337885,0.35926243728799323,0.0,0.0,0.99,8,exponential
q_learning,sparse_seed2,sparse,2,4a77b6e251,1298,225,-11.250000000000025,-9.850000000000021,0.07437767372389527,0.15,0,out_of_energy,0,0,1,0,100,18,0,0,0,40,0.0437625434472758,0.355857809714831,0.0,0.0,0.99,8,exponential
q_learning,sparse_seed2,sparse,2,4a77b6e251,1299,225,-11.250000000000025,-9.95000000000002,0.07422891837644748,0.15,0,out_of_energy,0,0,1,0,92,6,0,0,0,41,0.0470549405184681,0.39861888809756585,0.0,0.0,0.99,8,exponential
q_learning,sparse_seed2,sparse,2,4a77b6e251,1300,225,-11.250000000000025,-10.05000000000002,0.07408046053969458,0.15,0,out_of_energy,0,0,1,0,101,12,0,0,0,44,0.043881786329643624,0.3611378949745482,0.0,0.0,0.99,8,exponential
q_learning,sparse_seed2,sparse,2,4a77b6e251,1301,225,-11.250000000000025,-10.05000000000002,0.0739322996186152,0.15,0,out_of_energy,0,0,1,0,90,6,0,0,0,50,0.04527246954539764,0.3641244035681402,0.0,0.0,0.99,8,exponential
q_learning,sparse_seed2,sparse,2,4a77b6e251,1302,225,-11.250000000000025,-10.05000000000002,0.07378443501937797,0.15,0,out_of_energy,0,0,1,0,101,17,0,0,0,50,0.04399156247423155,0.3646257902144784,0.0,0.0,0.99,8,exponential
q_learning,sparse_seed2,sparse,2,4a77b6e251,1303,225,-11.250000000000025,-10.05000000000002,0.07363686614933922,0.15,0,out_of_energy,0,0,1,0,97,8,0,0,0,43,0.044735122594142966,0.3696040715996629,0.0,0.0,0.99,8,exponential
q_learning,sparse_seed2,sparse,2,4a77b6e251,1304,225,-11.250000000000025,-10.15000000000002,0.07348959241704053,0.15,0,out_of_energy,0,0,1,0,95,15,0,0,0,49,0.043726905203588,0.26703733498615767,0.0,0.0,0.99,8,exponential
q_learning,sparse_seed2,sparse,2,4a77b6e251,1305,225,-11.250000000000025,-10.15000000000002,0.07334261323220645,0.15,0,out_of_energy,0,0,1,0,105,7,0,0,0,44,0.04454500656207303,0.3459088657354499,0.0,0.0,0.99,8,exponential
q_learning,sparse_seed2,sparse,2,4a77b6e251,1306,225,-11.250000000000025,-10.15000000000002,0.07319592800574204,0.15,0,out_of_energy,0,0,1,0,96,37,0,0,0,47,0.04507908840749374,0.36800502684008407,0.0,0.0,0.99,8,exponential
q_learning,sparse_seed2,sparse,2,4a77b6e251,1307,225,-11.250000000000025,-10.15000000000002,0.07304953614973056,0.15,0,out_of_energy,0,0,1,0,86,12,0,0,0,46,0.045724546084092134,0.3945382127414028,0.0,0.0,0.99,8,exponential
q_learning,sparse_seed2,sparse,2,4a77b6e251,1308,225,-11.250000000000025,-10.250000000000021,0.0729034370774311,0.15,0,out_of_energy,0,0,1,0,94,1,0,0,0,49,0.044375207280642745,0.36255506586638336,0.0,0.0,0.99,8,exponential
q_learning,sparse_seed2,sparse,2,4a77b6e251,1309,225,-11.250000000000025,-10.250000000000021,0.07275763020327625,0.15,0,out_of_energy,0,0,1,0,94,5,0,0,0,44,0.04446619541014848,0.37750489034208523,0.0,0.0,0.99,8,exponential
q_learning,sparse_seed2,sparse,2,4a77b6e251,1310,225,-11.250000000000025,-10.250000000000021,0.07261211494286969,0.15,0,out_of_energy,0,0,1,0,94,9,0,0,0,51,0.0434151396946242,0.36549715283494316,0.0,0.0,0.99,8,exponential
q_learning,sparse_seed2,sparse,2,4a77b6e251,1311,225,-11.250000000000025,-10.250000000000021,0.07246689071298396,0.15,0,out_of_energy,0,0,1,0,93,30,0,0,0,49,0.0443370581481441,0.34575536302627835,0.0,0.0,0.99,8,exponential
q_learning,sparse_seed2,sparse,2,4a77b6e251,1312,225,-11.250000000000025,-10.250000000000021,0.07232195693155799,0.15,0,out_of_energy,0,0,1,0,108,46,0,0,0,48,0.04389848172452111,0.3729663738694819,0.0,0.0,0.99,8,exponential
q_learning,sparse_seed2,sparse,2,4a77b6e251,1313,225,-11.250000000000025,-10.350000000000023,0.07217731301769488,0.15,0,out_of_energy,0,0,1,0,105,16,0,0,0,43,0.043292872570087675,0.3438618773752973,0.0,0.0,0.99,8,exponential
q_learning,sparse_seed2,sparse,2,4a77b6e251,1314,225,-11.250000000000025,-10.450000000000022,0.07203295839165949,0.15,0,out_of_energy,0,0,1,0,101,22,0,0,0,41,0.04567225299322355,0.3963572494451041,0.0,0.0,0.99,8,exponential
q_learning,sparse_seed2,sparse,2,4a77b6e251,1315,225,-11.250000000000025,-10.550000000000022,0.07188889247487618,0.15,0,out_of_energy,0,0,1,0,93,30,0,0,0,45,0.04591296674388764,0.4021176221698803,0.0,0.0,0.99,8,exponential
q_learning,sparse_seed2,sparse,2,4a77b6e251,1316,225,-11.250000000000025,-10.550000000000022,0.07174511468992642,0.15,0,out_of_energy,0,0,1,0,85,8,0,0,0,47,0.044441603313129664,0.37608763378284277,0.0,0.0,0.99,8,exponential
q_learning,sparse_seed2,sparse,2,4a77b6e251,1317,225,-11.250000000000025,-10.550000000000022,0.07160162446054656,0.15,0,out_of_energy,0,0,1,0,103,19,0,0,0,50,0.04383405059512687,0.3710257257010406,0.0,0.0,0.99,8,exponential
q_learning,sparse_seed2,sparse,2,4a77b6e251,1318,225,-11.250000000000025,-10.650000000000023,0.07145842121162548,0.15,0,out_of_energy,0,0,1,0,104,24,1,0,0,47,0.04504880947255596,0.3753501598492139,0.0,0.0,0.99,8,exponential
q_learning,sparse_seed2,sparse,2,4a77b6e251,1319,225,-11.250000000000025,-10.650000000000023,0.07131550436920223,0.15,0,out_of_energy,0,0,1,0,82,5,0,0,0,34,0.04762228952998005,0.45708411102290847,0.0,0.0,0.99,8,exponential
q_learning,sparse_seed2,sparse,2,4a77b6e251,1320,225,-11.250000000000025,-10.750000000000023,0.07117287336046382,0.15,0,out_of_energy,0,0,1,0,104,2,0,0,0,48,0.04415003152453641,0.3933333377191842,0.0,0.0,0.99,8,exponential
q_learning,sparse_seed2,sparse,2,4a77b6e251,1321,225,-11.250000000000025,-10.850000000000023,0.0710305276137429,0.15,0,out_of_energy,0,0,1,0,95,7,0,0,0,39,0.04314294483671392,0.2429095568243314,0.0,0.0,0.99,8,exponential
q_learning,sparse_seed2,sparse,2,4a77b6e251,1322,225,-11.250000000000025,-10.850000000000023,0.07088846655851541,0.15,0,out_of_energy,0,0,1,0,105,23,0,0,0,48,0.04283590102187313,0.3606398206102548,0.0,0.0,0.99,8,exponential
q_learning,sparse_seed2,sparse,2,4a77b6e251,1323,225,-11.250000000000025,-10.950000000000022,0.07074668962539839,0.15,0,out_of_energy,0,0,1,0,111,5,0,0,0,42,0.044102288627758904,0.33834221414393123,0.0,0.0,0.99,8,exponential
q_learning,sparse_seed2,sparse,2,4a77b6e251,1324,225,-11.250000000000025,-10.950000000000022,0.0706051962461476,0.15,0,out_of_energy,0,0,1,0,107,10,0,0,0,43,0.04404551103907094,0.3835784121789623,0.0,0.0,0.99,8,exponential
q_learning,sparse_seed2,sparse,2,4a77b6e251,1325,225,-11.250000000000025,-10.950000000000022,0.0704639858536553,0.15,0,out_of_energy,0,0,1,0,104,23,0,0,0,53,0.04385153831278545,0.38413036740460793,0.0,0.0,0.99,8,exponential
q_learning,sparse_seed2,sparse,2,4a77b6e251,1326,225,-11.250000000000025,-10.950000000000022,0.070323057881948,0.15,0,out_of_energy,0,0,1,0,91,19,1,0,0,46,0.04692038651333657,0.508261894615911,0.0,0.0,0.99,8,exponential
q_learning,sparse_seed2,sparse,2,4a77b6e251,1327,225,-11.250000000000025,-10.950000000000022,0.0701824117661841,0.15,0,out_of_energy,0,0,1,0,93,7,0,0,0,38,0.048015419201425893,0.43457151511368425,0.0,0.0,0.99,8,exponential
q_learning,sparse_seed2,sparse,2,4a77b6e251,1328,225,-11.250000000000025,-10.950000000000022,0.07004204694265173,0.15,0,out_of_energy,0,0,1,0,96,6,0,0,0,58,0.04441018049000296,0.36960636053683876,0.0,0.0,0.99,8,exponential
q_learning,sparse_seed2,sparse,2,4a77b6e251,1329,225,-11.250000000000025,-10.950000000000022,0.06990196284876643,0.15,0,out_of_energy,0,0,1,0,97,9,0,0,0,42,0.04307077116873402,0.3274080725475176,0.0,0.0,0.99,8,exponential
q_learning,sparse_seed2,sparse,2,4a77b6e251,1330,225,-11.250000000000025,-11.050000000000022,0.0697621589230689,0.15,0,out_of_energy,0,0,1,0,95,16,2,0,0,47,0.04698542113403446,0.4331741966408485,0.0,0.0,0.99,8,exponential
q_learning,sparse_seed2,sparse,2,4a77b6e251,1331,225,-11.250000000000025,-11.050000000000022,0.06962263460522276,0.15,0,out_of_energy,0,0,1,0,107,6,0,0,0,53,0.04424619249614766,0.3956795933413978,0.0,0.0,0.99,8,exponential
q_learning,sparse_seed2,sparse,2,4a77b6e251,1332,225,-11.250000000000025,-11.050000000000022,0.06948338933601232,0.15,0,out_of_energy,0,0,1,0,103,37,0,0,0,43,0.04615982563121858,0.4535232081705434,0.0,0.0,0.99,8,exponential
q_learning,sparse_seed2,sparse,2,4a77b6e251,1333,225,-11.250000000000025,-11.050000000000022,0.0693444225573403,0.15,0,out_of_energy,0,0,1,0,87,10,3,0,0,39,0.04420519815717479,0.3435576823301713,0.0,0.0,0.99,8,exponential
q_learning,sparse_seed2,sparse,2,4a77b6e251,1334,225,-11.250000000000025,-11.050000000000022,0.06920573371222562,0.15,0,out_of_energy,0,0,1,0,114,22,0,0,0,53,0.0455834924800073,0.3747047333742168,0.0,0.0,0.99,8,exponential
q_learning,sparse_seed2,sparse,2,4a77b6e251,1335,225,-11.250000000000025,-11.050000000000022,0.06906732224480117,0.15,0,out_of_energy,0,0,1,0,91,22,0,0,0,42,0.044561663482603285,0.38813299860382044,0.0,0.0,0.99,8,exponential
q_learning,sparse_seed2,sparse,2,4a77b6e251,1336,225,-11.250000000000025,-11.050000000000022,0.06892918760031157,0.15,0,out_of_energy,0,0,1,0,89,27,0,0,0,41,0.046735371255531136,0.4215437473408691,0.0,0.0,0.99,8,exponential
q_learning,sparse_seed2,sparse,2,4a77b6e251,1337,225,-11.250000000000025,-11.050000000000022,0.06879132922511094,0.15,0,out_of_energy,0,0,1,0,98,25,0,0,0,37,0.045804670406434246,0.4148746901228767,0.0,0.0,0.99,8,exponential
q_learning,sparse_seed2,sparse,2,4a77b6e251,1338,225,-11.250000000000025,-11.050000000000022,0.06865374656666072,0.15,0,out_of_energy,0,0,1,0,101,23,0,0,0,49,0.045486821342654735,0.3689065920351621,0.0,0.0,0.99,8,exponential
q_learning,sparse_seed2,sparse,2,4a77b6e251,1339,225,-11.250000000000025,-11.050000000000022,0.0685164390735274,0.15,0,out_of_energy,0,0,1,0,78,19,1,0,0,43,0.04544169254718365,0.41375545733714303,0.0,0.0,0.99,8,exponential
q_learning,sparse_seed2,sparse,2,4a77b6e251,1340,225,-11.250000000000025,-11.050000000000022,0.06837940619538035,0.15,0,out_of_energy,0,0,1,0,89,7,0,0,0,39,0.04462331444627572,0.38740101014939377,0.0,0.0,0.99,8,exponential
q_learning,sparse_seed2,sparse,2,4a77b6e251,1341,225,-11.250000000000025,-11.050000000000022,0.06824264738298959,0.15,0,out_of_energy,0,0,1,0,93,41,0,0,0,45,0.043651885815623535,0.3758199094955577,0.0,0.0,0.99,8,exponential
q_learning,sparse_seed2,sparse,2,4a77b6e251,1342,225,-11.250000000000025,-11.050000000000022,0.0681061620882236,0.15,0,out_of_energy,0,0,1,0,91,8,0,0,0,43,0.0434192043169831,0.41247739928839644,0.0,0.0,0.99,8,exponential
q_learning,sparse_seed2,sparse,2,4a77b6e251,1343,225,-11.250000000000025,-11.050000000000022,0.06796994976404716,0.15,0,out_of_energy,0,0,1,0,93,14,0,0,0,43,0.043347009398771404,0.35902965220455985,0.0,0.0,0.99,8,exponential
q_learning,sparse_seed2,sparse,2,4a77b6e251,1344,225,-11.250000000000025,-11.050000000000022,0.06783400986451907,0.15,0,out_of_energy,0,0,1,0,97,20,0,0,0,52,0.044155780063991915,0.3896582330746885,0.0,0.0,0.99,8,exponential
q_learning,sparse_seed2,sparse,2,4a77b6e251,1345,225,-11.250000000000025,-11.050000000000022,0.06769834184479002,0.15,0,out_of_energy,0,0,1,0,82,15,0,0,0,55,0.043907692511539316,0.4059714877963931,0.0,0.0,0.99,8,exponential
q_learning,sparse_seed2,sparse,2,4a77b6e251,1346,225,-11.250000000000025,-11.050000000000022,0.06756294516110044,0.15,0,out_of_energy,0,0,1,0,114,4,0,0,0,47,0.0440771784566943,0.39366424243978654,0.0,0.0,0.99,8,exponential
q_learning,sparse_seed2,sparse,2,4a77b6e251,1347,225,-11.250000000000025,-11.050000000000022,0.06742781927077823,0.15,0,out_of_energy,0,0,1,0,83,11,0,0,0,37,0.04366569831006174,0.3730616183539118,0.0,0.0,0.99,8,exponential
q_learning,sparse_seed2,sparse,2,4a77b6e251,1348,225,-11.250000000000025,-11.050000000000022,0.06729296363223668,0.15,0,out_of_energy,0,0,1,0,86,5,0,0,0,53,0.045716078466494725,0.3837056617175259,0.0,0.0,0.99,8,exponential
q_learning,sparse_seed2,sparse,2,4a77b6e251,1349,225,-11.250000000000025,-11.050000000000022,0.0671583777049722,0.15,0,out_of_energy,0,0,1,0,92,7,3,0,0,48,0.04360657667780283,0.3721521196865257,0.0,0.0,0.99,8,exponential
q_learning,sparse_seed2,sparse,2,4a77b6e251,1350,225,-11.250000000000025,-11.050000000000022,0.06702406094956226,0.15,0,out_of_energy,0,0,1,0,91,23,5,0,0,36,0.045794055432497045,0.5012560822000652,0.0,0.0,0.99,8,exponential
q_learning,sparse_seed2,sparse,2,4a77b6e251,1351,225,-11.250000000000025,-11.050000000000022,0.06689001282766313,0.15,0,out_of_energy,0,0,1,0,86,17,0,0,0,45,0.04485581450064436,0.37542786348753554,0.0,0.0,0.99,8,exponential
q_learning,sparse_seed2,sparse,2,4a77b6e251,1352,225,-11.250000000000025,-11.050000000000022,0.0667562328020078,0.15,0,out_of_energy,0,0,1,0,90,13,0,0,0,43,0.045215600348387126,0.38868058726831184,0.0,0.0,0.99,8,exponential
q_learning,sparse_seed2,sparse,2,4a77b6e251,1353,225,-11.250000000000025,-11.050000000000022,0.06662272033640379,0.15,0,out_of_energy,0,0,1,0,91,2,0,0,0,50,0.043610708462031654,0.3807901680254216,0.0,0.0,0.99,8,exponential
q_learning,sparse_seed2,sparse,2,4a77b6e251,1354,225,-11.250000000000025,-11.050000000000022,0.06648947489573098,0.15,0,out_of_energy,0,0,1,0,88,13,0,0,0,38,0.04401689468630253,0.3853425324872032,0.0,0.0,0.99,8,exponential
q_learning,sparse_seed2,sparse,2,4a77b6e251,1355,225,-11.250000000000025,-11.050000000000022,0.06635649594593952,0.15,0,out_of_energy,0,0,1,0,94,24,5,0,0,38,0.045299507722891506,0.39483489552151385,0.0,0.0,0.99,8,exponential
q_learning,sparse_seed2,sparse,2,4a77b6e251,1356,225,-11.250000000000025,-11.050000000000022,0.06622378295404764,0.15,0,out_of_energy,0,0,1,0,87,11,0,0,0,38,0.044510132634778696,0.3994053690007911,0.0,0.0,0.99,8,exponential
q_learning,sparse_seed2,sparse,2,4a77b6e251,1357,225,-11.250000000000025,-11.050000000000022,0.06609133538813955,0.15,0,out_of_energy,0,0,1,0,89,8,0,0,0,43,0.04510692718002529,0.3647207023227047,0.0,0.0,0.99,8,exponential
q_learning,sparse_seed2,sparse,2,4a77b6e251,1358,225,-11.250000000000025,-11.050000000000022,0.06595915271736327,0.15,0,out_of_energy,0,0,1,0,80,6,0,0,0,44,0.04455747179234733,0.39062843954098864,0.0,0.0,0.99,8,exponential
q_learning,sparse_seed2,sparse,2,4a77b6e251,1359,225,-11.250000000000025,-11.050000000000022,0.06582723441192855,0.15,0,out_of_energy,0,0,1,0,79,6,1,0,0,49,0.04441441508351728,0.3535177393751914,0.0,0.0,0.99,8,exponential
q_learning,sparse_seed2,sparse,2,4a77b6e251,1360,225,-11.250000000000025,-11.050000000000022,0.06569557994310468,0.15,0,out_of_energy,0,0,1,0,91,12,0,0,0,45,0.04422447699624839,0.35095714445649323,0.0,0.0,0.99,8,exponential
q_learning,sparse_seed2,sparse,2,4a77b6e251,1361,225,-11.250000000000025,-11.050000000000022,0.06556418878321847,0.15,0,out_of_energy,0,0,1,0,111,8,0,0,0,45,0.044823043062257824,0.43143139214205645,0.0,0.0,0.99,8,exponential
q_learning,sparse_seed2,sparse,2,4a77b6e251,1362,225,-11.250000000000025,-11.050000000000022,0.06543306040565204,0.15,0,out_of_energy,0,0,1,0,102,2,0,0,0,65,0.04500978031978023,0.37102112085329897,0.0,0.0,0.99,8,exponential
q_learning,sparse_seed2,sparse,2,4a77b6e251,1363,225,-11.250000000000025,-11.050000000000022,0.06530219428484074,0.15,0,out_of_energy,0,0,1,0,95,19,0,0,0,43,0.04564789020733429,0.39126022428687673,0.0,0.0,0.99,8,exponential
q_learning,sparse_seed2,sparse,2,4a77b6e251,1364,225,-11.250000000000025,-11.050000000000022,0.06517158989627106,0.15,0,out_of_energy,0,0,1,0,85,0,0,0,0,35,0.045998849578660496,0.487732081928831,0.0,0.0,0.99,8,exponential
q_learning,sparse_seed2,sparse,2,4a77b6e251,1365,225,-11.250000000000025,-11.050000000000022,0.06504124671647851,0.15,0,out_of_energy,0,0,1,0,86,39,0,0,0,44,0.04371564439575353,0.3858298174855831,0.0,0.0,0.99,8,exponential
q_learning,sparse_seed2,sparse,2,4a77b6e251,1366,225,-11.250000000000025,-11.050000000000022,0.06491116422304556,0.15,0,out_of_energy,0,0,1,0,90,20,4,0,0,48,0.044509204814734374,0.3703761023593281,0.0,0.0,0.99,8,exponential
q_learning,sparse_seed2,sparse,2,4a77b6e251,1367,225,-11.250000000000025,-11.050000000000022,0.06478134189459947,0.15,0,out_of_energy,0,0,1,0,94,7,0,0,0,47,0.04466324040593916,0.400748365814567,0.0,0.0,0.99,8,exponential
q_learning,sparse_seed2,sparse,2,4a77b6e251,1368,225,-11.250000000000025,-11.050000000000022,0.06465177921081026,0.15,0,out_of_energy,0,0,1,0,105,15,0,0,0,42,0.042235312979650275,0.19488417311107975,0.0,0.0,0.99,8,exponential
q_learning,sparse_seed2,sparse,2,4a77b6e251,1369,225,-11.250000000000025,-11.050000000000022,0.06452247565238864,0.15,0,out_of_energy,0,0,1,0,92,18,4,0,0,43,0.04481116179510091,0.41252369744102424,0.0,0.0,0.99,8,exponential
q_learning,sparse_seed2,sparse,2,4a77b6e251,1370,225,-11.250000000000025,-11.050000000000022,0.06439343070108386,0.15,0,out_of_energy,0,0,1,0,85,16,1,0,0,41,0.044992068065065186,0.4209359823604443,0.0,0.0,0.99,8,exponential
q_learning,sparse_seed2,sparse,2,4a77b6e251,1371,225,-11.250000000000025,-11.050000000000022,0.0642646438396817,0.15,0,out_of_energy,0,0,1,0,95,18,0,0,0,53,0.04451505853885284,0.39987866015435913,0.0,0.0,0.99,8,exponential
q_learning,sparse_seed2,sparse,2,4a77b6e251,1372,225,-11.250000000000025,-11.050000000000022,0.06413611455200233,0.15,0,out_of_energy,0,0,1,0,97,3,0,0,0,47,0.04572785074286205,0.3784871280701277,0.0,0.0,0.99,8,exponential
q_learning,sparse_seed2,sparse,2,4a77b6e251,1373,225,-11.250000000000025,-11.050000000000022,0.06400784232289833,0.15,0,out_of_energy,0,0,1,0,93,0,0,0,0,48,0.04548490021997818,0.3795593924109948,0.0,0.0,0.99,8,exponential
q_learning,sparse_seed2,sparse,2,4a77b6e251,1374,225,-11.250000000000025,-11.050000000000022,0.06387982663825253,0.15,0,out_of_energy,0,0,1,0,109,4,0,0,0,40,0.04285780059348005,0.16565154714441782,0.0,0.0,0.99,8,exponential
q_learning,sparse_seed2,sparse,2,4a77b6e251,1375,225,-11.250000000000025,-11.050000000000022,0.06375206698497603,0.15,0,out_of_energy,0,0,1,0,85,12,0,0,0,43,0.04388112831809413,0.39752849013059033,0.0,0.0,0.99,8,exponential
q_learning,sparse_seed2,sparse,2,4a77b6e251,1376,225,-1.2499999999999822,-10.950000000000022,0.06362456285100608,0.15,0,out_of_energy,0,0,1,0,91,10,0,0,1,47,0.12604228025207995,9.125314537308071,0.0,0.0,0.99,8,exponential
q_learning,sparse_seed2,sparse,2,4a77b6e251,1377,225,-11.250000000000025,-10.950000000000022,0.06349731372530407,0.15,0,out_of_energy,0,0,1,0,103,15,0,0,0,36,0.044709034450093686,0.3939987860073745,0.0,0.0,0.99,8,exponential
q_learning,sparse_seed2,sparse,2,4a77b6e251,1378,225,-11.250000000000025,-10.950000000000022,0.06337031909785346,0.15,0,out_of_energy,0,0,1,0,94,5,0,0,0,36,0.044697788494482575,0.3643627899873279,0.0,0.0,0.99,8,exponential
q_learning,sparse_seed2,sparse,2,4a77b6e251,1379,225,-11.250000000000025,-11.050000000000022,0.06324357845965775,0.15,0,out_of_energy,0,0,1,0,94,4,2,0,0,37,0.04456357161169957,0.41283704915147745,0.0,0.0,0.99,8,exponential
q_learning,sparse_seed2,sparse,2,4a77b6e251,1380,225,-11.250000000000025,-11.050000000000022,0.06311709130273843,0.15,0,out_of_energy,0,0,1,0,83,24,2,0,0,37,0.04756679654691188,0.5222501357119989,0.0,0.0,0.99,8,exponential
q_learning,sparse_seed2,sparse,2,4a77b6e251,1381,225,-11.250000000000025,-11.050000000000022,0.06299085712013296,0.15,0,out_of_energy,0,0,1,0,89,25,0,0,0,50,0.04453747189029534,0.39366520091520985,0.0,0.0,0.99,8,exponential
q_learning,sparse_seed2,sparse,2,4a77b6e251,1382,225,-11.250000000000025,-11.050000000000022,0.0628648754058927,0.15,0,out_of_energy,0,0,1,0,95,21,0,0,0,34,0.04429959909016031,0.37193359445841756,0.0,0.0,0.99,8,exponential
q_learning,sparse_seed2,sparse,2,4a77b6e251,1383,225,-11.250000000000025,-11.050000000000022,0.06273914565508092,0.15,0,out_of_energy,0,0,1,0,102,23,1,0,0,44,0.04509167033876933,0.39709869612270127,0.0,0.0,0.99,8,exponential
q_learning,sparse_seed2,sparse,2,4a77b6e251,1384,225,-11.250000000000025,-11.050000000000022,0.06261366736377075,0.15,0,out_of_energy,0,0,1,0,87,19,0,0,0,45,0.04454554786475429,0.34720501783864566,0.0,0.0,0.99,8,exponential
q_learning,sparse_seed2,sparse,2,4a77b6e251,1385,225,-11.250000000000025,-11.050000000000022,0.062488440029043205,0.15,0,out_of_energy,0,0,1,0,85,29,0,0,0,37,0.045030990527519556,0.3923858487742949,0.0,0.0,0.99,8,exponential
q_learning,sparse_seed2,sparse,2,4a77b6e251,1386,225,-11.250000000000025,-11.150000000000023,0.06236346314898512,0.15,0,out_of_energy,0,0,1,0,90,8,0,0,0,50,0.044274305393534684,0.38856619990767705,0.0,0.0,0.99,8,exponential
q_learning,sparse_seed2,sparse,2,4a77b6e251,1387,225,-11.250000000000025,-11.150000000000023,0.06223873622268715,0.15,0,out_of_energy,0,0,1,0,111,1,0,0,0,46,0.04321239747620192,0.29388187180055947,0.0,0.0,0.99,8,exponential
q_learning,sparse_seed2,sparse,2,4a77b6e251,1388,225,-11.250000000000025,-11.150000000000023,0.06211425875024178,0.15,0,out_of_energy,0,0,1,0,101,35,0,0,0,47,0.04408329367350354,0.3864044022394628,0.0,0.0,0.99,8,exponential
q_learning,sparse_seed2,sparse,2,4a77b6e251,1389,225,-11.250000000000025,-11.150000000000023,0.06199003023274129,0.15,0,out_of_energy,0,0,1,0,100,25,0,0,0,43,0.042858060124782264,0.21184028500365115,0.0,0.0,0.99,8,exponential
q_learning,sparse_seed2,sparse,2,4a77b6e251,1390,225,-11.250000000000025,-11.150000000000023,0.06186605017227581,0.15,0,out_of_energy,0,0,1,0,102,41,0,0,0,44,0.04415778156993607,0.37988810479061863,0.0,0.0,0.99,8,exponential
q_learning,sparse_seed2,sparse,2,4a77b6e251,1391,225,-1.2499999999999822,-11.050000000000022,0.06174231807193126,0.15,0,out_of_energy,0,0,1,0,100,25,0,0,1,46,0.10924620270430303,7.522397099959341,0.0,0.0,0.99,8,exponential
q_learning,sparse_seed2,sparse,2,4a77b6e251,1392,225,-11.250000000000025,-11.050000000000022,0.0616188334357874,0.15,0,out_of_energy,0,0,1,0,110,2,0,0,0,41,0.04616668499686898,0.37956097153286106,0.0,0.0,0.99,8,exponential
q_learning,sparse_seed2,sparse,2,4a77b6e251,1393,225,-1.2499999999999822,-10.950000000000022,0.06149559576891582,0.15,0,out_of_energy,0,0,1,0,108,14,0,0,1,46,0.08761699365518229,2.7401694922906437,0.0,0.0,0.99,8,exponential
q_learning,sparse_seed2,sparse,2,4a77b6e251,1394,225,-1.2499999999999822,-10.850000000000023,0.06137260457737799,0.15,0,out_of_energy,0,0,1,0,99,15,0,0,1,42,0.08877828215034046,3.0306183747664526,0.0,0.0,0.99,8,exponential
q_learning,sparse_seed2,sparse,2,4a77b6e251,1395,225,-1.2499999999999822,-10.750000000000023,0.06124985936822323,0.15,0,out_of_energy,0,0,1,0,99,13,0,0,1,37,0.10823851714028734,2.696748116886305,0.0,0.0,0.99,8,exponential
q_learning,sparse_seed2,sparse,2,4a77b6e251,1396,225,-11.250000000000025,-10.750000000000023,0.06112735964948679,0.15,0,out_of_energy,0,0,1,0,90,15,1,0,0,56,0.04516114096923147,0.387068929199107,0.0,0.0,0.99,8,exponential
q_learning,sparse_seed2,sparse,2,4a77b6e251,1397,225,-11.250000000000025,-10.750000000000023,0.06100510493018781,0.15,0,out_of_energy,0,0,1,0,108,24,0,0,0,36,0.04326759956822615,0.40679790660057186,0.0,0.0,0.99,8,exponential
q_learning,sparse_seed2,sparse,2,4a77b6e251,1398,225,-11.250000000000025,-10.750000000000023,0.060883094720327435,0.15,0,out_of_energy,0,0,1,0,97,3,0,0,0,45,0.04629590207621338,0.3498496633236119,0.0,0.0,0.99,8,exponential
q_learning,sparse_seed2,sparse,2,4a77b6e251,1399,225,-11.250000000000025,-10.750000000000023,0.06076132853088678,0.15,0,out_of_energy,0,0,1,0,98,26,1,0,0,45,0.04651464717003495,0.5374106877252988,0.0,0.0,0.99,8,exponential
q_learning,sparse_seed2,sparse,2,4a77b6e251,1400,225,-11.250000000000025,-10.750000000000023,0.06063980587382501,0.15,0,out_of_energy,0,0,1,0,92,14,0,0,0,43,0.04608218274078782,0.41034665852233304,0.0,0.0,0.99,8,exponential
q_learning,sparse_seed2,sparse,2,4a77b6e251,1401,225,-11.250000000000025,-10.750000000000023,0.06051852626207736,0.15,0,out_of_energy,0,0,1,0,97,2,0,0,0,47,0.046143343570133125,0.41470795647144293,0.0,0.0,0.99,8,exponential
q_learning,sparse_seed2,sparse,2,4a77b6e251,1402,225,-11.250000000000025,-10.750000000000023,0.06039748920955321,0.15,0,out_of_energy,0,0,1,0,94,7,0,0,0,38,0.044709914077592006,0.4079418127806222,0.0,0.0,0.99,8,exponential
q_learning,sparse_seed2,sparse,2,4a77b6e251,1403,225,-11.250000000000025,-10.750000000000023,0.060276694231134104,0.15,0,out_of_energy,0,0,1,0,73,13,1,0,0,44,0.04740506803711211,0.4736296721506024,0.0,0.0,0.99,8,exponential
q_learning,sparse_seed2,sparse,2,4a77b6e251,1404,225,-11.250000000000025,-10.750000000000023,0.06015614084267183,0.15,0,out_of_energy,0,0,1,0,90,4,4,0,0,54,0.04627346966451265,0.4443657870774378,0.0,0.0,0.99,8,exponential
q_learning,sparse_seed2,sparse,2,4a77b6e251,1405,225,-11.250000000000025,-10.750000000000023,0.060035828560986486,0.15,0,out_of_energy,0,0,1,0,93,20,0,0,0,44,0.04611860682823791,0.434388934270854,0.0,0.0,0.99,8,exponential
q_learning,sparse_seed2,sparse,2,4a77b6e251,1406,225,-1.2499999999999822,-10.650000000000023,0.05991575690386451,0.15,0,out_of_energy,0,0,1,0,88,20,0,0,1,46,0.1265171904642064,3.214498982514078,0.0,0.0,0.99,8,exponential
q_learning,sparse_seed2,sparse,2,4a77b6e251,1407,225,-11.250000000000025,-10.650000000000023,0.059795925390056785,0.15,0,out_of_energy,0,0,1,0,103,25,0,0,0,49,0.0458231353104914,0.4214471542502889,0.0,0.0,0.99,8,exponential
q_learning,sparse_seed2,sparse,2,4a77b6e251,1408,225,-11.250000000000025,-10.650000000000023,0.05967633353927667,0.15,0,out_of_energy,0,0,1,0,76,16,0,0,0,47,0.047740982875160515,0.47106754247770083,0.0,0.0,0.99,8,exponential
q_learning,sparse_seed2,sparse,2,4a77b6e251,1409,225,-11.250000000000025,-10.650000000000023,0.059556980872198115,0.15,0,out_of_energy,0,0,1,0,79,26,0,0,0,36,0.04694136840622273,0.41510800964327665,0.0,0.0,0.99,8,exponential
q_learning,sparse_seed2,sparse,2,4a77b6e251,1410,225,-11.250000000000025,-10.650000000000023,0.05943786691045372,0.15,0,out_of_energy,0,0,1,0,98,11,0,0,0,45,0.04537068951807727,0.4128445506282566,0.0,0.0,0.99,8,exponential
q_learning,sparse_seed2,sparse,2,4a77b6e251,1411,225,-11.250000000000025,-10.650000000000023,0.059318991176632814,0.15,0,out_of_energy,0,0,1,0,83,20,0,0,0,42,0.046367282458725075,0.4939610974341554,0.0,0.0,0.99,8,exponential
q_learning,sparse_seed2,sparse,2,4a77b6e251,1412,225,-11.250000000000025,-10.650000000000023,0.05920035319427955,0.15,0,out_of_energy,0,0,1,0,107,11,0,0,0,43,0.0458492043675242,0.47993448853696474,0.0,0.0,0.99,8,exponential
q_learning,sparse_seed2,sparse,2,4a77b6e251,1413,225,-11.250000000000025,-10.650000000000023,0.05908195248789099,0.15,0,out_of_energy,0,0,1,0,87,6,0,0,0,46,0.045690726076581666,0.4098061474162045,0.0,0.0,0.99,8,exponential
q_learning,sparse_seed2,sparse,2,4a77b6e251,1414,225,-11.250000000000025,-10.650000000000023,0.05896378858291521,0.15,0,out_of_energy,0,0,1,0,99,28,0,0,0,44,0.043490437907304606,0.349561696721613,0.0,0.0,0.99,8,exponential
q_learning,sparse_seed2,sparse,2,4a77b6e251,1415,225,-11.250000000000025,-10.650000000000023,0.05884586100574938,0.15,0,out_of_energy,0,0,1,0,108,39,0,0,0,55,0.043526646188919785,0.3736576071683595,0.0,0.0,0.99,8,exponential
q_learning,sparse_seed2,sparse,2,4a77b6e251,1416,225,-11.250000000000025,-10.650000000000023,0.05872816928373788,0.15,0,out_of_energy,0,0,1,0,80,3,0,0,0,43,0.04588727380401969,0.473735214875339,0.0,0.0,0.99,8,exponential
q_learning,sparse_seed2,sparse,2,4a77b6e251,1417,225,-11.250000000000025,-10.650000000000023,0.0586107129451704,0.15,0,out_of_energy,0,0,1,0,91,19,4,0,0,43,0.045506963522384085,0.44158027460028426,0.0,0.0,0.99,8,exponential
q_learning,sparse_seed2,sparse,2,4a77b6e251,1418,225,-11.250000000000025,-10.650000000000023,0.058493491519280065,0.15,0,out_of_energy,0,0,1,0,94,19,0,0,0,51,0.045598214685181215,0.3897648855140825,0.0,0.0,0.99,8,exponential
q_learning,sparse_seed2,sparse,2,4a77b6e251,1419,225,-11.250000000000025,-10.650000000000023,0.058376504536241505,0.15,0,out_of_energy,0,0,1,0,102,37,0,0,0,41,0.04574430729551986,0.43353426844742093,0.0,0.0,0.99,8,exponential
q_learning,sparse_seed2,sparse,2,4a77b6e251,1420,225,-11.250000000000025,-10.650000000000023,0.05825975152716902,0.15,0,out_of_energy,0,0,1,0,99,18,0,0,0,43,0.04527360347159741,0.47470097112158455,0.0,0.0,0.99,8,exponential
q_learning,sparse_seed2,sparse,2,4a77b6e251,1421,225,-11.250000000000025,-10.650000000000023,0.058143232024114685,0.15,0,out_of_energy,0,0,1,0,104,16,0,0,0,39,0.04534187128586646,0.42542086098552573,0.0,0.0,0.99,8,exponential
q_learning,sparse_seed2,sparse,2,4a77b6e251,1422,225,-11.250000000000025,-10.650000000000023,0.058026945560066455,0.15,0,out_of_energy,0,0,1,0,83,15,0,0,0,44,0.044111954329023984,0.39762495421046035,0.0,0.0,0.99,8,exponential
q_learning,sparse_seed2,sparse,2,4a77b6e251,1423,225,-11.250000000000025,-10.650000000000023,0.05791089166894632,0.15,0,out_of_energy,0,0,1,0,115,3,0,0,0,39,0.047154975227854466,0.5051877969716727,0.0,0.0,0.99,8,exponential
q_learning,sparse_seed2,sparse,2,4a77b6e251,1424,225,-11.250000000000025,-10.650000000000023,0.05779506988560843,0.15,0,out_of_energy,0,0,1,0,95,12,0,0,0,38,0.04580414249843047,0.43499473217164164,0.0,0.0,0.99,8,exponential
q_learning,sparse_seed2,sparse,2,4a77b6e251,1425,225,-11.250000000000025,-10.650000000000023,0.05767947974583722,0.15,0,out_of_energy,0,0,1,0,96,20,0,0,0,47,0.04395944252944361,0.4003396266446827,0.0,0.0,0.99,8,exponential
q_learning,sparse_seed2,sparse,2,4a77b6e251,1426,225,-11.250000000000025,-10.650000000000023,0.05756412078634554,0.15,0,out_of_energy,0,0,1,0,101,17,0,0,0,53,0.04306982358666777,0.42382519837536226,0.0,0.0,0.99,8,exponential
q_learning,sparse_seed2,sparse,2,4a77b6e251,1427,225,-11.250000000000025,-10.650000000000023,0.05744899254477285,0.15,0,out_of_energy,0,0,1,0,99,9,0,0,0,49,0.04568024600416349,0.5119325252746428,0.0,0.0,0.99,8,exponential
q_learning,sparse_seed2,sparse,2,4a77b6e251,1428,225,-11.250000000000025,-10.650000000000023,0.0573340945596833,0.15,0,out_of_energy,0,0,1,0,87,12,0,0,0,42,0.04430444407136371,0.38597094440635904,0.0,0.0,0.99,8,exponential
q_learning,sparse_seed2,sparse,2,4a77b6e251,1429,225,-11.250000000000025,-10.650000000000023,0.05721942637056394,0.15,0,out_of_energy,0,0,1,0,90,20,0,0,0,42,0.04441834991553969,0.3735489542254181,0.0,0.0,0.99,8,exponential
q_learning,sparse_seed2,sparse,2,4a77b6e251,1430,225,-11.250000000000025,-10.650000000000023,0.05710498751782281,0.15,0,out_of_energy,0,0,1,0,89,19,0,0,0,51,0.04691783306266832,0.42471023187987056,0.0,0.0,0.99,8,exponential
q_learning,sparse_seed2,sparse,2,4a77b6e251,1431,225,-11.250000000000025,-10.650000000000023,0.05699077754278716,0.15,0,out_of_energy,0,0,1,0,91,30,0,0,0,42,0.044436284411971456,0.40005240662690605,0.0,0.0,0.99,8,exponential
q_learning,sparse_seed2,sparse,2,4a77b6e251,1432,225,-11.250000000000025,-10.650000000000023,0.05687679598770159,0.15,0,out_of_energy,0,0,1,0,107,13,0,0,0,51,0.0450064805897671,0.4280678791880506,0.0,0.0,0.99,8,exponential
q_learning,sparse_seed2,sparse,2,4a77b6e251,1433,225,-11.250000000000025,-10.650000000000023,0.05676304239572619,0.15,0,out_of_energy,0,0,1,0,86,6,0,0,0,41,0.04575200151240818,0.4281806609953817,0.0,0.0,0.99,8,exponential
q_learning,sparse_seed2,sparse,2,4a77b6e251,1434,225,-11.250000000000025,-10.650000000000023,0.05664951631093473,0.15,0,out_of_energy,0,0,1,0,96,0,0,0,0,48,0.043849657474553445,0.38915677009070476,0.0,0.0,0.99,8,exponential
q_learning,sparse_seed2,sparse,2,4a77b6e251,1435,225,-11.250000000000025,-10.650000000000023,0.056536217278312866,0.15,0,out_of_energy,0,0,1,0,89,4,1,0,0,45,0.04345245617393243,0.3930842933376721,0.0,0.0,0.99,8,exponential
q_learning,sparse_seed2,sparse,2,4a77b6e251,1436,225,-11.250000000000025,-10.650000000000023,0.05642314484375624,0.15,0,out_of_energy,0,0,1,0,82,7,0,0,0,45,0.04552107780028034,0.5023979431070019,0.0,0.0,0.99,8,exponential
q_learning,sparse_seed2,sparse,2,4a77b6e251,1437,225,-11.250000000000025,-10.650000000000023,0.05631029855406873,0.15,0,out_of_energy,0,0,1,0,102,22,0,0,0,36,0.04661131324179804,0.5226084352405445,0.0,0.0,0.99,8,exponential
q_learning,sparse_seed2,sparse,2,4a77b6e251,1438,225,-11.250000000000025,-10.650000000000023,0.056197677956960596,0.15,0,out_of_energy,0,0,1,0,98,19,0,0,0,44,0.04642221550549171,0.40509406602950065,0.0,0.0,0.99,8,exponential
q_learning,sparse_seed2,sparse,2,4a77b6e251,1439,225,-11.250000000000025,-10.650000000000023,0.05608528260104667,0.15,0,out_of_energy,0,0,1,0,95,21,0,0,0,40,0.045320164760043614,0.39248975591844737,0.0,0.0,0.99,8,exponential
q_learning,sparse_seed2,sparse,2,4a77b6e251,1440,225,-11.250000000000025,-10.650000000000023,0.055973112035844576,0.15,0,out_of_energy,0,0,1,0,95,34,1,0,0,43,0.04527467728032415,0.446761786010773,0.0,0.0,0.99,8,exponential
q_learning,sparse_seed2,sparse,2,4a77b6e251,1441,225,-11.250000000000025,-10.650000000000023,0.05586116581177289,0.15,0,out_of_energy,0,0,1,0,102,5,0,0,0,50,0.0414829776406584,0.10386386274803831,0.0,0.0,0.99,8,exponential
q_learning,sparse_seed2,sparse,2,4a77b6e251,1442,225,-11.250000000000025,-10.650000000000023,0.05574944348014935,0.15,0,out_of_energy,0,0,1,0,90,10,3,0,0,49,0.04663840735986364,0.5737192889061102,0.0,0.0,0.99,8,exponential
q_learning,sparse_seed2,sparse,2,4a77b6e251,1443,225,-11.250000000000025,-10.650000000000023,0.05563794459318905,0.15,0,out_of_energy,0,0,1,0,113,8,0,0,0,41,0.045971852367922394,0.5473040355902715,0.0,0.0,0.99,8,exponential
q_learning,sparse_seed2,sparse,2,4a77b6e251,1444,225,-11.250000000000025,-10.650000000000023,0.05552666870400267,0.15,0,out_of_energy,0,0,1,0,92,16,0,0,0,51,0.04334861865187902,0.37587663257644993,0.0,0.0,0.99,8,exponential
q_learning,sparse_seed2,sparse,2,4a77b6e251,1445,225,-1.2499999999999822,-10.550000000000022,0.055415615366594666,0.15,0,out_of_energy,0,0,1,0,88,6,0,0,1,41,0.10670184082877454,3.3087980428245496,0.0,0.0,0.99,8,exponential
q_learning,sparse_seed2,sparse,2,4a77b6e251,1446,225,-11.250000000000025,-10.550000000000022,0.05530478413586148,0.15,0,out_of_energy,0,0,1,0,95,21,0,0,0,42,0.046803962144835586,0.5206886079841543,0.0,0.0,0.99,8,exponential
q_learning,sparse_seed2,sparse,2,4a77b6e251,1447,225,-11.250000000000025,-10.550000000000022,0.05519417456758975,0.15,0,out_of_energy,0,0,1,0,95,24,0,0,0,45,0.04432414514102148,0.5098630148630636,0.0,0.0,0.99,8,exponential
q_learning,sparse_seed2,sparse,2,4a77b6e251,1448,225,-11.250000000000025,-10.550000000000022,0.05508378621845457,0.15,0,out_of_energy,0,0,1,0,105,12,0,0,0,33,0.04616071777630959,0.5787019188506686,0.0,0.0,0.99,8,exponential
q_learning,sparse_seed2,sparse,2,4a77b6e251,1449,225,-11.250000000000025,-10.550000000000022,0.05497361864601766,0.15,0,out_of_energy,0,0,1,0,87,19,0,0,0,45,0.04451479965050121,0.39195163400259425,0.0,0.0,0.99,8,exponential
q_learning,sparse_seed2,sparse,2,4a77b6e251,1450,225,-11.250000000000025,-10.550000000000022,0.054863671408725626,0.15,0,out_of_energy,0,0,1,0,112,7,0,0,0,49,0.044901464714450195,0.5136830295486117,0.0,0.0,0.99,8,exponential
q_learning,sparse_seed2,sparse,2,4a77b6e251,1451,225,-11.250000000000025,-10.550000000000022,0.054753944065908174,0.15,0,out_of_energy,0,0,1,0,92,16,0,0,0,46,0.04568767122556799,0.4599498111840867,0.0,0.0,0.99,8,exponential
q_learning,sparse_seed2,sparse,2,4a77b6e251,1452,225,-11.250000000000025,-10.550000000000022,0.054644436177776354,0.15,0,out_of_energy,0,0,1,0,109,8,0,0,0,43,0.04454458803232686,0.4787845421006374,0.0,0.0,0.99,8,exponential
q_learning,sparse_seed2,sparse,2,4a77b6e251,1453,225,-11.250000000000025,-10.550000000000022,0.0545351473054208,0.15,0,out_of_energy,0,0,1,0,95,20,0,0,0,45,0.0459938539398007,0.5438743119883654,0.0,0.0,0.99,8,exponential
q_learning,sparse_seed2,sparse,2,4a77b6e251,1454,225,-11.250000000000025,-10.550000000000022,0.05442607701080996,0.15,0,out_of_energy,0,0,1,0,95,27,0,0,0,48,0.04519098743275045,0.47458688036548446,0.0,0.0,0.99,8,exponential
q_learning,sparse_seed2,sparse,2,4a77b6e251,1455,225,-11.250000000000025,-10.550000000000022,0.05431722485678834,0.15,0,out_of_energy,0,0,1,0,88,21,0,0,0,43,0.044400840828271615,0.4809118772017401,0.0,0.0,0.99,8,exponential
q_learning,sparse_seed2,sparse,2,4a77b6e251,1456,225,-11.250000000000025,-10.550000000000022,0.054208590407074764,0.15,0,out_of_energy,0,0,1,0,86,5,0,0,0,49,0.044082128752150396,0.3739444789602147,0.0,0.0,0.99,8,exponential
q_learning,sparse_seed2,sparse,2,4a77b6e251,1457,225,-11.250000000000025,-10.550000000000022,0.054100173226260616,0.15,0,out_of_energy,0,0,1,0,101,5,0,0,0,48,0.04484381777454733,0.36369765720669045,0.0,0.0,0.99,8,exponential
q_learning,sparse_seed2,sparse,2,4a77b6e251,1458,225,-11.250000000000025,-10.550000000000022,0.053991972879808094,0.15,0,out_of_energy,0,0,1,0,88,44,0,0,0,54,0.04589090889509461,0.4361771904237514,0.0,0.0,0.99,8,exponential
q_learning,sparse_seed2,sparse,2,4a77b6e251,1459,225,-11.250000000000025,-10.550000000000022,0.05388398893404848,0.15,0,out_of_energy,0,0,1,0,105,11,0,0,0,43,0.04474826182921326,0.4365631368037399,0.0,0.0,0.99,8,exponential
q_learning,sparse_seed2,sparse,2,4a77b6e251,1460,225,-1.2499999999999822,-10.450000000000022,0.053776220956180384,0.15,0,out_of_energy,0,0,1,0,96,5,0,0,1,46,0.08867906144715496,2.313974785306433,0.0,0.0,0.99,8,exponential
q_learning,sparse_seed2,sparse,2,4a77b6e251,1461,225,-11.250000000000025,-10.450000000000022,0.05366866851426803,0.15,0,out_of_energy,0,0,1,0,94,9,0,0,0,42,0.04285694164091278,0.19384778708644512,0.0,0.0,0.99,8,exponential
q_learning,sparse_seed2,sparse,2,4a77b6e251,1462,225,-11.250000000000025,-10.450000000000022,0.05356133117723949,0.15,0,out_of_energy,0,0,1,0,110,16,0,0,0,43,0.04579165546689146,0.5381419570831829,0.0,0.0,0.99,8,exponential
q_learning,sparse_seed2,sparse,2,4a77b6e251,1463,225,-11.250000000000025,-10.450000000000022,0.05345420851488501,0.15,0,out_of_energy,0,0,1,0,88,24,1,0,0,49,0.04523656979311165,0.42775332833032065,0.0,0.0,0.99,8,exponential
q_learning,sparse_seed2,sparse,2,4a77b6e251,1464,225,-11.250000000000025,-10.450000000000022,0.053347300097855245,0.15,0,out_of_energy,0,0,1,0,88,18,0,0,0,39,0.04511101867964309,0.572536909812261,0.0,0.0,0.99,8,exponential
q_learning,sparse_seed2,sparse,2,4a77b6e251,1465,225,-11.250000000000025,-10.450000000000022,0.053240605497659535,0.15,0,out_of_energy,0,0,1,0,94,15,1,0,0,51,0.04471519162789396,0.4086141680821916,0.0,0.0,0.99,8,exponential
q_learning,sparse_seed2,sparse,2,4a77b6e251,1466,225,-11.250000000000025,-10.450000000000022,0.05313412428666422,0.15,0,out_of_energy,0,0,1,0,101,3,0,0,0,49,0.045229992650696146,0.41320622460897516,0.0,0.0,0.99,8,exponential
q_learning,sparse_seed2,sparse,2,4a77b6e251,1467,225,-11.250000000000025,-10.450000000000022,0.05302785603809089,0.15,0,out_of_energy,0,0,1,0,103,3,0,0,0,46,0.045102449247847856,0.39615965808879294,0.0,0.0,0.99,8,exponential
q_learning,sparse_seed2,sparse,2,4a77b6e251,1468,225,-11.250000000000025,-10.450000000000022,0.052921800326014706,0.15,0,out_of_energy,0,0,1,0,83,22,0,0,0,46,0.04589782767531159,0.4765586716419811,0.0,0.0,0.99,8,exponential
q_learning,sparse_seed2,sparse,2,4a77b6e251,1469,225,-11.250000000000025,-10.450000000000022,0.05281595672536268,0.15,0,out_of_energy,0,0,1,0,84,16,0,0,0,40,0.04372562319220587,0.4005865848702339,0.0,0.0,0.99,8,exponential
q_learning,sparse_seed2,sparse,2,4a77b6e251,1470,225,-11.250000000000025,-10.450000000000022,0.05271032481191195,0.15,0,out_of_energy,0,0,1,0,88,23,0,0,0,40,0.04550067615605271,0.41530288625975564,0.0,0.0,0.99,8,exponential
q_learning,sparse_seed2,sparse,2,4a77b6e251,1471,225,-11.250000000000025,-10.450000000000022,0.05260490416228813,0.15,0,out_of_energy,0,0,1,0,96,4,0,0,0,52,0.0452101615656394,0.4306780849130727,0.0,0.0,0.99,8,exponential
q_learning,sparse_seed2,sparse,2,4a77b6e251,1472,225,-11.250000000000025,-10.450000000000022,0.05249969435396355,0.15,0,out_of_energy,0,0,1,0,98,14,0,0,0,45,0.04531181449082619,0.5333910532447494,0.0,0.0,0.99,8,exponential
q_learning,sparse_seed2,sparse,2,4a77b6e251,1473,225,-11.250000000000025,-10.450000000000022,0.052394694965255624,0.15,0,out_of_energy,0,0,1,0,93,13,0,0,0,44,0.04352364101953823,0.40825221702874803,0.0,0.0,0.99,8,exponential
q_learning,sparse_seed2,sparse,2,4a77b6e251,1474,225,-11.250000000000025,-10.450000000000022,0.05228990557532511,0.15,0,out_of_energy,0,0,1,0,97,17,0,0,0,50,0.042095119500597904,0.29939709461887964,0.0,0.0,0.99,8,exponential
q_learning,sparse_seed2,sparse,2,4a77b6e251,1475,225,-11.250000000000025,-10.450000000000022,0.052185325764174464,0.15,0,out_of_energy,0,0,1,0,98,14,0,0,0,47,0.04511759415212153,0.41255073378836526,0.0,0.0,0.99,8,exponential
q_learning,sparse_seed2,sparse,2,4a77b6e251,1476,225,-11.250000000000025,-10.550000000000022,0.05208095511264611,0.15,0,out_of_energy,0,0,1,0,100,1,0,0,0,58,0.04500536997402282,0.4384727784132322,0.0,0.0,0.99,8,exponential
q_learning,sparse_seed2,sparse,2,4a77b6e251,1477,225,-1.2499999999999822,-10.450000000000022,0.05197679320242082,0.15,0,out_of_energy,0,0,1,0,89,13,0,0,1,43,0.13243783342514506,7.355979983177866,0.0,0.0,0.99,8,exponential
q_learning,sparse_seed2,sparse,2,4a77b6e251,1478,225,-1.2499999999999822,-10.350000000000023,0.05187283961601598,0.15,0,out_of_energy,0,0,1,0,109,30,0,0,1,49,0.13573572152005106,9.000033631725259,0.0,0.0,0.99,8,exponential
q_learning,sparse_seed2,sparse,2,4a77b6e251,1479,225,-11.250000000000025,-10.350000000000023,0.051769093936783944,0.15,0,out_of_energy,0,0,1,0,104,5,0,0,0,52,0.044948068895015264,0.41087666954508356,0.0,0.0,0.99,8,exponential
q_learning,sparse_seed2,sparse,2,4a77b6e251,1480,225,-11.250000000000025,-10.350000000000023,0.05166555574891037,0.15,0,out_of_energy,0,0,1,0,89,22,1,0,0,45,0.04420515520543181,0.3990993394395294,0.0,0.0,0.99,8,exponential
q_learning,sparse_seed2,sparse,2,4a77b6e251,1481,225,-11.250000000000025,-10.350000000000023,0.05156222463741255,0.15,0,out_of_energy,0,0,1,0,91,12,0,0,0,44,0.04432491264615797,0.42723247984436064,0.0,0.0,0.99,8,exponential
q_learning,sparse_seed2,sparse,2,4a77b6e251,1482,225,-11.250000000000025,-10.350000000000023,0.05145910018813773,0.15,0,out_of_energy,0,0,1,0,102,6,0,0,0,44,0.0433586143059531,0.3743882965122638,0.0,0.0,0.99,8,exponential
q_learning,sparse_seed2,sparse,2,4a77b6e251,1483,225,-11.250000000000025,-10.350000000000023,0.05135618198776145,0.15,0,out_of_energy,0,0,1,0,100,17,0,0,0,48,0.044719849481041136,0.4092957022485792,0.0,0.0,0.99,8,exponential
q_learning,sparse_seed2,sparse,2,4a77b6e251,1484,225,-11.250000000000025,-10.350000000000023,0.05125346962378593,0.15,0,out_of_energy,0,0,1,0,122,15,0,0,0,50,0.043765497154966714,0.3923520463585652,0.0,0.0,0.99,8,exponential
q_learning,sparse_seed2,sparse,2,4a77b6e251,1485,225,-11.250000000000025,-10.350000000000023,0.05115096268453836,0.15,0,out_of_energy,0,0,1,0,102,11,0,0,0,47,0.04315909278289812,0.41413612669228467,0.0,0.0,0.99,8,exponential
q_learning,sparse_seed2,sparse,2,4a77b6e251,1486,225,-11.250000000000025,-10.350000000000023,0.05104866075916928,0.15,0,out_of_energy,0,0,1,0,94,33,0,0,0,42,0.043802459471820265,0.40782592696864195,0.0,0.0,0.99,8,exponential
q_learning,sparse_seed2,sparse,2,4a77b6e251,1487,225,-11.250000000000025,-10.350000000000023,0.05094656343765094,0.15,0,out_of_energy,0,0,1,0,99,29,1,0,0,42,0.046257214957945554,0.5251953414859529,0.0,0.0,0.99,8,exponential
q_learning,sparse_seed2,sparse,2,4a77b6e251,1488,225,-11.250000000000025,-10.350000000000023,0.050844670310775636,0.15,0,out_of_energy,0,0,1,0,90,6,0,0,0,39,0.0421502266973981,0.263814404403786,0.0,0.0,0.99,8,exponential
q_learning,sparse_seed2,sparse,2,4a77b6e251,1489,225,-11.250000000000025,-10.350000000000023,0.05074298097015408,0.15,0,out_of_energy,0,0,1,0,99,14,0,0,0,41,0.043798555640103196,0.40623892623146474,0.0,0.0,0.99,8,exponential
q_learning,sparse_seed2,sparse,2,4a77b6e251,1490,225,-11.250000000000025,-10.350000000000023,0.05064149500821377,0.15,0,out_of_energy,0,0,1,0,100,38,0,0,0,37,0.0464348131486997,0.6202365885469439,0.0,0.0,0.99,8,exponential
q_learning,sparse_seed2,sparse,2,4a77b6e251,1491,225,-11.250000000000025,-10.450000000000022,0.05054021201819734,0.15,0,out_of_energy,0,0,1,0,104,13,2,0,0,39,0.04408153020936701,0.4140885351248841,0.0,0.0,0.99,8,exponential
q_learning,sparse_seed2,sparse,2,4a77b6e251,1492,225,-11.250000000000025,-10.450000000000022,0.05043913159416095,0.15,0,out_of_energy,0,0,1,0,118,19,0,0,0,60,0.045956148430081785,0.42116567154331097,0.0,0.0,0.99,8,exponential
q_learning,sparse_seed2,sparse,2,4a77b6e251,1493,225,-11.250000000000025,-10.550000000000022,0.050338253330972624,0.15,0,out_of_energy,0,0,1,0,91,22,0,0,0,55,0.045283864376072167,0.43493522495405934,0.0,0.0,0.99,8,exponential
q_learning,sparse_seed2,sparse,2,4a77b6e251,1494,225,-11.250000000000025,-10.650000000000023,0.05023757682431068,0.15,0,out_of_energy,0,0,1,0,105,8,0,0,0,44,0.0438830089470908,0.37648328528416974,0.0,0.0,0.99,8,exponential
q_learning,sparse_seed2,sparse,2,4a77b6e251,1495,225,-11.250000000000025,-10.750000000000023,0.05013710167066206,0.15,0,out_of_energy,0,0,1,0,91,28,0,0,0,53,0.04466617081920371,0.42473558910130443,0.0,0.0,0.99,8,exponential
q_learning,sparse_seed2,sparse,2,4a77b6e251,1496,225,-11.250000000000025,-10.750000000000023,0.05003682746732073,0.15,0,out_of_energy,0,0,1,0,102,9,0,0,0,46,0.04347949061337094,0.3539033042595015,0.0,0.0,0.99,8,exponential
q_learning,sparse_seed2,sparse,2,4a77b6e251,1497,225,-1.2499999999999822,-10.650000000000023,0.05,0.15,0,out_of_energy,0,0,1,0,110,4,0,0,1,43,0.08243367317526387,2.2376694367024843,0.0,0.0,0.99,8,exponential
q_learning,sparse_seed2,sparse,2,4a77b6e251,1498,225,-11.250000000000025,-10.650000000000023,0.05,0.15,0,out_of_energy,0,0,1,0,94,11,0,0,0,50,0.04447332413164688,0.411205797970116,0.0,0.0,0.99,8,exponential
q_learning,sparse_seed2,sparse,2,4a77b6e251,1499,225,-11.250000000000025,-10.650000000000023,0.05,0.15,0,out_of_energy,0,0,1,0,87,15,0,0,0,46,0.04312546435438721,0.2662854493257505,0.0,0.0,0.99,8,exponential
q_learning,sparse_seed2,sparse,2,4a77b6e251,1500,225,-11.250000000000025,-10.650000000000023,0.05,0.15,0,out_of_energy,0,0,1,0,104,24,0,0,0,44,0.043259736199855146,0.40499844957942366,0.0,0.0,0.99,8,exponential
q_learning,sparse_seed2,sparse,2,4a77b6e251,1501,225,-11.250000000000025,-10.650000000000023,0.05,0.15,0,out_of_energy,0,0,1,0,96,9,0,0,0,42,0.04331014828806255,0.3916146694931608,0.0,0.0,0.99,8,exponential
q_learning,sparse_seed2,sparse,2,4a77b6e251,1502,225,-11.250000000000025,-10.650000000000023,0.05,0.15,0,out_of_energy,0,0,1,0,90,17,0,0,0,50,0.04466424131012366,0.4296791846487394,0.0,0.0,0.99,8,exponential
q_learning,sparse_seed2,sparse,2,4a77b6e251,1503,225,-11.250000000000025,-10.650000000000023,0.05,0.15,0,out_of_energy,0,0,1,0,95,1,0,0,0,54,0.04446327076927686,0.5649557607260034,0.0,0.0,0.99,8,exponential
q_learning,sparse_seed2,sparse,2,4a77b6e251,1504,225,-11.250000000000025,-10.650000000000023,0.05,0.15,0,out_of_energy,0,0,1,0,91,21,0,0,0,49,0.0441715304966408,0.3909485473751217,0.0,0.0,0.99,8,exponential
q_learning,sparse_seed2,sparse,2,4a77b6e251,1505,225,-11.250000000000025,-10.650000000000023,0.05,0.15,0,out_of_energy,0,0,1,0,99,15,0,0,0,39,0.041838271713508984,0.19917983011296286,0.0,0.0,0.99,8,exponential
q_learning,sparse_seed2,sparse,2,4a77b6e251,1506,225,-11.250000000000025,-10.750000000000023,0.05,0.15,0,out_of_energy,0,0,1,0,92,14,0,0,0,43,0.04261212073719569,0.29155191284737114,0.0,0.0,0.99,8,exponential
q_learning,sparse_seed2,sparse,2,4a77b6e251,1507,225,-11.250000000000025,-10.750000000000023,0.05,0.15,0,out_of_energy,0,0,1,0,94,24,0,0,0,58,0.042461434527290134,0.3842395556334961,0.0,0.0,0.99,8,exponential
q_learning,sparse_seed2,sparse,2,4a77b6e251,1508,225,-11.250000000000025,-10.750000000000023,0.05,0.15,0,out_of_energy,0,0,1,0,107,6,0,0,0,39,0.04234459298132549,0.28378508636394095,0.0,0.0,0.99,8,exponential
q_learning,sparse_seed2,sparse,2,4a77b6e251,1509,225,-11.250000000000025,-10.750000000000023,0.05,0.15,0,out_of_energy,0,0,1,0,105,19,0,0,0,49,0.04635340663611757,0.5315737216137635,0.0,0.0,0.99,8,exponential
q_learning,sparse_seed2,sparse,2,4a77b6e251,1510,225,-11.250000000000025,-10.750000000000023,0.05,0.15,0,out_of_energy,0,0,1,0,108,20,0,0,0,47,0.042306136092283245,0.24781912592026545,0.0,0.0,0.99,8,exponential
q_learning,sparse_seed2,sparse,2,4a77b6e251,1511,225,-11.250000000000025,-10.750000000000023,0.05,0.15,0,out_of_energy,0,0,1,0,91,9,0,0,0,40,0.04145481571679179,0.33592050119752787,0.0,0.0,0.99,8,exponential
q_learning,sparse_seed2,sparse,2,4a77b6e251,1512,225,-11.250000000000025,-10.750000000000023,0.05,0.15,0,out_of_energy,0,0,1,0,100,5,0,0,0,45,0.04525833537011708,0.4183962121799791,0.0,0.0,0.99,8,exponential
q_learning,sparse_seed2,sparse,2,4a77b6e251,1513,225,-11.250000000000025,-10.750000000000023,0.05,0.15,0,out_of_energy,0,0,1,0,104,0,0,0,0,49,0.04447827221491069,0.42842254914076466,0.0,0.0,0.99,8,exponential
q_learning,sparse_seed2,sparse,2,4a77b6e251,1514,225,-11.250000000000025,-10.750000000000023,0.05,0.15,0,out_of_energy,0,0,1,0,87,7,7,0,0,41,0.045267366167451105,0.48682835339047226,0.0,0.0,0.99,8,exponential
q_learning,sparse_seed2,sparse,2,4a77b6e251,1515,225,-11.250000000000025,-10.750000000000023,0.05,0.15,0,out_of_energy,0,0,1,0,94,1,0,0,0,41,0.04570418745556176,0.4881271461811048,0.0,0.0,0.99,8,exponential
q_learning,sparse_seed2,sparse,2,4a77b6e251,1516,225,-11.250000000000025,-10.750000000000023,0.05,0.15,0,out_of_energy,0,0,1,0,96,22,0,0,0,44,0.04568639485835536,0.5442468052395393,0.0,0.0,0.99,8,exponential
q_learning,sparse_seed2,sparse,2,4a77b6e251,1517,225,-11.250000000000025,-10.750000000000023,0.05,0.15,0,out_of_energy,0,0,1,0,98,14,0,0,0,51,0.043918726819655994,0.38746307105913863,0.0,0.0,0.99,8,exponential
q_learning,sparse_seed2,sparse,2,4a77b6e251,1518,225,-11.250000000000025,-10.750000000000023,0.05,0.15,0,out_of_energy,0,0,1,0,104,1,0,0,0,41,0.044036168390328256,0.40160738277778746,0.0,0.0,0.99,8,exponential
q_learning,sparse_seed2,sparse,2,4a77b6e251,1519,225,-11.250000000000025,-10.750000000000023,0.05,0.15,0,out_of_energy,0,0,1,0,84,28,1,0,0,50,0.04739702538801414,0.5404422641982105,0.0,0.0,0.99,8,exponential
q_learning,sparse_seed2,sparse,2,4a77b6e251,1520,225,-11.250000000000025,-10.750000000000023,0.05,0.15,0,out_of_energy,0,0,1,0,89,19,0,0,0,41,0.04555243435129277,0.5554914774639769,0.0,0.0,0.99,8,exponential
q_learning,sparse_seed2,sparse,2,4a77b6e251,1521,225,-11.250000000000025,-10.750000000000023,0.05,0.15,0,out_of_energy,0,0,1,0,100,43,0,0,0,41,0.04560003596784046,0.5218540114488998,0.0,0.0,0.99,8,exponential
q_learning,sparse_seed2,sparse,2,4a77b6e251,1522,225,-11.250000000000025,-10.750000000000023,0.05,0.15,0,out_of_energy,0,0,1,0,89,16,0,0,0,51,0.04360338645511498,0.4038593356262885,0.0,0.0,0.99,8,exponential
q_learning,sparse_seed2,sparse,2,4a77b6e251,1523,225,-11.250000000000025,-10.750000000000023,0.05,0.15,0,out_of_energy,0,0,1,0,101,8,0,0,0,42,0.04477318990762394,0.4110245708693545,0.0,0.0,0.99,8,exponential
q_learning,sparse_seed2,sparse,2,4a77b6e251,1524,225,-11.250000000000025,-10.750000000000023,0.05,0.15,0,out_of_energy,0,0,1,0,91,9,0,0,0,40,0.04601417113292077,0.43675496998779056,0.0,0.0,0.99,8,exponential
q_learning,sparse_seed2,sparse,2,4a77b6e251,1525,225,-11.250000000000025,-10.750000000000023,0.05,0.15,0,out_of_energy,0,0,1,0,93,19,0,0,0,48,0.044715031102359616,0.42296417580214823,0.0,0.0,0.99,8,exponential
q_learning,sparse_seed2,sparse,2,4a77b6e251,1526,225,-11.250000000000025,-10.750000000000023,0.05,0.15,0,out_of_energy,0,0,1,0,96,30,0,0,0,51,0.0472172564345454,0.5045713805087274,0.0,0.0,0.99,8,exponential
q_learning,sparse_seed2,sparse,2,4a77b6e251,1527,225,-11.250000000000025,-10.750000000000023,0.05,0.15,0,out_of_energy,0,0,1,0,94,1,0,0,0,44,0.04609875297037923,0.6155995243247945,0.0,0.0,0.99,8,exponential
q_learning,sparse_seed2,sparse,2,4a77b6e251,1528,225,-11.250000000000025,-10.750000000000023,0.05,0.15,0,out_of_energy,0,0,1,0,87,10,0,0,0,44,0.044910590245260555,0.4044969311724659,0.0,0.0,0.99,8,exponential
q_learning,sparse_seed2,sparse,2,4a77b6e251,1529,225,-11.250000000000025,-10.750000000000023,0.05,0.15,0,out_of_energy,0,0,1,0,97,7,5,0,0,48,0.046510713166592124,0.5994407778091008,0.0,0.0,0.99,8,exponential
q_learning,sparse_seed2,sparse,2,4a77b6e251,1530,225,-11.250000000000025,-10.750000000000023,0.05,0.15,0,out_of_energy,0,0,1,0,89,31,0,0,0,42,0.04610400005988683,0.5667714973304757,0.0,0.0,0.99,8,exponential
q_learning,sparse_seed2,sparse,2,4a77b6e251,1531,225,-11.250000000000025,-10.750000000000023,0.05,0.15,0,out_of_energy,0,0,1,0,95,15,1,0,0,47,0.04587773264229374,0.5800129096752151,0.0,0.0,0.99,8,exponential
q_learning,sparse_seed2,sparse,2,4a77b6e251,1532,225,-11.250000000000025,-10.750000000000023,0.05,0.15,0,out_of_energy,0,0,1,0,99,15,2,0,0,35,0.046050733887171263,0.5383408910341614,0.0,0.0,0.99,8,exponential
q_learning,sparse_seed2,sparse,2,4a77b6e251,1533,225,-11.250000000000025,-10.750000000000023,0.05,0.15,0,out_of_energy,0,0,1,0,106,13,0,0,0,38,0.04328778682379688,0.3634928020205987,0.0,0.0,0.99,8,exponential
q_learning,sparse_seed2,sparse,2,4a77b6e251,1534,225,-11.250000000000025,-10.750000000000023,0.05,0.15,0,out_of_energy,0,0,1,0,93,12,0,0,0,51,0.04537340952658986,0.5622200491983654,0.0,0.0,0.99,8,exponential
q_learning,sparse_seed2,sparse,2,4a77b6e251,1535,225,-11.250000000000025,-10.750000000000023,0.05,0.15,0,out_of_energy,0,0,1,0,98,18,1,0,0,47,0.04514462620814007,0.5519048658475839,0.0,0.0,0.99,8,exponential
q_learning,sparse_seed2,sparse,2,4a77b6e251,1536,225,-11.250000000000025,-10.750000000000023,0.05,0.15,0,out_of_energy,0,0,1,0,94,13,0,0,0,45,0.04458540377604102,0.4342276382049672,0.0,0.0,0.99,8,exponential
q_learning,sparse_seed2,sparse,2,4a77b6e251,1537,225,-11.250000000000025,-10.750000000000023,0.05,0.15,0,out_of_energy,0,0,1,0,88,35,3,0,0,48,0.046066951184083944,0.4164297468343046,0.0,0.0,0.99,8,exponential
q_learning,sparse_seed2,sparse,2,4a77b6e251,1538,225,-11.250000000000025,-10.750000000000023,0.05,0.15,0,out_of_energy,0,0,1,0,91,24,4,0,0,39,0.046252840680812826,0.47878372191439955,0.0,0.0,0.99,8,exponential
q_learning,sparse_seed2,sparse,2,4a77b6e251,1539,225,-11.250000000000025,-10.750000000000023,0.05,0.15,0,out_of_energy,0,0,1,0,100,42,0,0,0,52,0.045918028632027916,0.46304392631645525,0.0,0.0,0.99,8,exponential
q_learning,sparse_seed2,sparse,2,4a77b6e251,1540,225,-11.250000000000025,-10.750000000000023,0.05,0.15,0,out_of_energy,0,0,1,0,105,38,0,0,0,52,0.04430633108494397,0.4079540615689741,0.0,0.0,0.99,8,exponential
q_learning,sparse_seed2,sparse,2,4a77b6e251,1541,225,-1.2500000000000162,-10.650000000000023,0.05,0.15,0,out_of_energy,0,0,1,0,107,3,0,0,1,53,0.08502994465454698,5.8663179915816395,0.0,0.0,0.99,8,exponential
q_learning,sparse_seed2,sparse,2,4a77b6e251,1542,225,-11.250000000000025,-10.650000000000023,0.05,0.15,0,out_of_energy,0,0,1,0,96,22,0,0,0,43,0.0448669883512286,0.41604407323119685,0.0,0.0,0.99,8,exponential
q_learning,sparse_seed2,sparse,2,4a77b6e251,1543,225,-1.2499999999999822,-10.550000000000022,0.05,0.15,0,out_of_energy,0,0,1,0,96,6,0,0,1,49,0.1157988241469441,7.259776219617,0.0,0.0,0.99,8,exponential
q_learning,sparse_seed2,sparse,2,4a77b6e251,1544,225,-11.250000000000025,-10.550000000000022,0.05,0.15,0,out_of_energy,0,0,1,0,108,11,0,0,0,45,0.045663712051429536,0.4415426952818847,0.0,0.0,0.99,8,exponential
q_learning,sparse_seed2,sparse,2,4a77b6e251,1545,225,-11.250000000000025,-10.650000000000023,0.05,0.15,0,out_of_energy,0,0,1,0,104,1,0,0,0,50,0.044336069750239064,0.2528378122682957,0.0,0.0,0.99,8,exponential
q_learning,sparse_seed2,sparse,2,4a77b6e251,1546,225,-1.2499999999999822,-10.550000000000022,0.05,0.15,0,out_of_energy,0,0,1,0,96,15,0,0,1,49,0.11656307934782432,3.7824423161576677,0.0,0.0,0.99,8,exponential
q_learning,sparse_seed2,sparse,2,4a77b6e251,1547,225,-11.250000000000025,-10.550000000000022,0.05,0.15,0,out_of_energy,0,0,1,0,106,1,0,0,0,48,0.04337636214047794,0.22082156953761983,0.0,0.0,0.99,8,exponential
q_learning,sparse_seed2,sparse,2,4a77b6e251,1548,225,-11.250000000000025,-10.550000000000022,0.05,0.15,0,out_of_energy,0,0,1,0,111,1,0,0,0,46,0.04550710064227216,0.2737436253830014,0.0,0.0,0.99,8,exponential
q_learning,sparse_seed2,sparse,2,4a77b6e251,1549,225,-1.2500000000000142,-10.450000000000022,0.05,0.15,0,out_of_energy,0,0,1,0,104,2,0,0,1,45,0.08848399828568032,4.979338707253321,0.0,0.0,0.99,8,exponential
q_learning,sparse_seed2,sparse,2,4a77b6e251,1550,225,-1.2499999999999838,-10.350000000000023,0.05,0.15,0,out_of_energy,0,0,1,0,102,17,0,0,1,58,0.08493949159046175,2.3698615954970146,0.0,0.0,0.99,8,exponential
q_learning,sparse_seed2,sparse,2,4a77b6e251,1551,225,-1.2499999999999822,-10.250000000000023,0.05,0.15,0,out_of_energy,0,0,1,0,92,3,0,0,1,41,0.13260650039490823,7.261660426690478,0.0,0.0,0.99,8,exponential
q_learning,sparse_seed2,sparse,2,4a77b6e251,1552,225,-1.2499999999999822,-10.150000000000023,0.05,0.15,0,out_of_energy,0,0,1,0,100,5,0,0,1,50,0.1514860846848464,6.055604079938999,0.0,0.0,0.99,8,exponential
q_learning,sparse_seed2,sparse,2,4a77b6e251,1553,225,-11.250000000000025,-10.150000000000023,0.05,0.15,0,out_of_energy,0,0,1,0,88,7,0,0,0,48,0.04421349821457418,0.279397174319356,0.0,0.0,0.99,8,exponential
q_learning,sparse_seed2,sparse,2,4a77b6e251,1554,225,-1.2499999999999822,-10.050000000000022,0.05,0.15,0,out_of_energy,0,0,1,0,94,17,0,0,1,36,0.133098118102432,8.127876251563098,0.0,0.0,0.99,8,exponential
q_learning,sparse_seed2,sparse,2,4a77b6e251,1555,225,-1.2499999999999822,-9.950000000000022,0.05,0.15,0,out_of_energy,0,0,1,0,87,5,0,0,1,37,0.13611424833396363,6.505142242409539,0.0,0.0,0.99,8,exponential
q_learning,sparse_seed2,sparse,2,4a77b6e251,1556,225,-11.250000000000025,-9.950000000000022,0.05,0.15,0,out_of_energy,0,0,1,0,102,2,0,0,0,41,0.043090364571815296,0.2946520360311009,0.0,0.0,0.99,8,exponential
q_learning,sparse_seed2,sparse,2,4a77b6e251,1557,225,-11.250000000000025,-9.950000000000022,0.05,0.15,0,out_of_energy,0,0,1,0,96,20,0,0,0,51,0.04562670390469845,0.43206204726463854,0.0,0.0,0.99,8,exponential
q_learning,sparse_seed2,sparse,2,4a77b6e251,1558,225,-1.2499999999999822,-9.850000000000021,0.05,0.15,0,out_of_energy,0,0,1,0,79,3,0,0,1,43,0.09925345457394395,2.964223670355891,0.0,0.0,0.99,8,exponential
q_learning,sparse_seed2,sparse,2,4a77b6e251,1559,225,-11.250000000000025,-9.850000000000021,0.05,0.15,0,out_of_energy,0,0,1,0,103,2,0,0,0,41,0.04470407279855369,0.2861535919187959,0.0,0.0,0.99,8,exponential
q_learning,sparse_seed2,sparse,2,4a77b6e251,1560,225,-1.2499999999999822,-9.850000000000021,0.05,0.15,0,out_of_energy,0,0,1,0,111,21,0,0,1,46,0.1261542806988723,7.232719353577707,0.0,0.0,0.99,8,exponential
q_learning,sparse_seed2,sparse,2,4a77b6e251,1561,225,-1.2499999999999822,-9.750000000000021,0.05,0.15,0,out_of_energy,0,0,1,0,96,5,0,0,1,52,0.1330000619721057,8.02726175871561,0.0,0.0,0.99,8,exponential
q_learning,sparse_seed2,sparse,2,4a77b6e251,1562,225,-11.250000000000025,-9.750000000000021,0.05,0.15,0,out_of_energy,0,0,1,0,90,11,0,0,0,48,0.0440973838874565,0.4436556113344133,0.0,0.0,0.99,8,exponential
q_learning,sparse_seed2,sparse,2,4a77b6e251,1563,225,-1.2499999999999822,-9.65000000000002,0.05,0.15,0,out_of_energy,0,0,1,0,90,20,0,0,1,46,0.10150569635495482,6.286559361855215,0.0,0.0,0.99,8,exponential
q_learning,sparse_seed2,sparse,2,4a77b6e251,1564,225,-1.2499999999999822,-9.55000000000002,0.05,0.15,0,out_of_energy,0,0,1,0,97,11,0,0,1,48,0.13773143849570904,6.57069005823817,0.0,0.0,0.99,8,exponential
q_learning,sparse_seed2,sparse,2,4a77b6e251,1565,225,-1.2499999999999822,-9.45000000000002,0.05,0.15,0,out_of_energy,0,0,1,0,100,31,0,0,1,36,0.15947841455279646,6.728002255668496,0.0,0.0,0.99,8,exponential
q_learning,sparse_seed2,sparse,2,4a77b6e251,1566,225,-1.2500000000000202,-9.350000000000021,0.05,0.15,0,out_of_energy,0,0,1,0,81,4,0,0,1,53,0.08425407225223079,4.285747651522844,0.0,0.0,0.99,8,exponential
q_learning,sparse_seed2,sparse,2,4a77b6e251,1567,225,-1.2499999999999822,-9.250000000000021,0.05,0.15,0,out_of_energy,0,0,1,0,100,15,0,0,1,32,0.09732202132974108,3.843643896555252,0.0,0.0,0.99,8,exponential
q_learning,sparse_seed2,sparse,2,4a77b6e251,1568,225,-1.2500000000000113,-9.15000000000002,0.05,0.15,0,out_of_energy,0,0,1,0,110,5,0,0,1,43,0.08497768671566168,3.7621418591579414,0.0,0.0,0.99,8,exponential
q_learning,sparse_seed2,sparse,2,4a77b6e251,1569,225,-1.2500000000000062,-9.050000000000018,0.05,0.15,0,out_of_energy,0,0,1,0,107,7,0,0,1,40,0.08372927650799733,3.4984699571681013,0.0,0.0,0.99,8,exponential
q_learning,sparse_seed2,sparse,2,4a77b6e251,1570,225,-11.250000000000025,-9.050000000000018,0.05,0.15,0,out_of_energy,0,0,1,0,94,17,0,0,0,51,0.04549046711467028,0.6151696585619426,0.0,0.0,0.99,8,exponential
q_learning,sparse_seed2,sparse,2,4a77b6e251,1571,225,-11.250000000000025,-9.050000000000018,0.05,0.15,0,out_of_energy,0,0,1,0,120,6,0,0,0,46,0.045168636049509825,0.42761418994664174,0.0,0.0,0.99,8,exponential
q_learning,sparse_seed2,sparse,2,4a77b6e251,1572,225,-1.2499999999999822,-8.950000000000019,0.05,0.15,0,out_of_energy,0,0,1,0,94,6,0,0,1,40,0.09604979754493734,5.0460706055815,0.0,0.0,0.99,8,exponential
q_learning,sparse_seed2,sparse,2,4a77b6e251,1573,225,-1.2499999999999822,-8.850000000000017,0.05,0.15,0,out_of_energy,0,0,1,0,101,15,0,0,1,46,0.17446578398103868,6.051973758393019,0.0,0.0,0.99,8,exponential
q_learning,sparse_seed2,sparse,2,4a77b6e251,1574,225,-1.2499999999999822,-8.750000000000018,0.05,0.15,0,out_of_energy,0,0,1,0,96,7,0,0,1,43,0.08262808003269458,4.194612710392157,0.0,0.0,0.99,8,exponential
q_learning,sparse_seed2,sparse,2,4a77b6e251,1575,225,-11.250000000000025,-8.750000000000018,0.05,0.15,0,out_of_energy,0,0,1,0,100,17,0,0,0,38,0.04154700293556738,0.25532827959793625,0.0,0.0,0.99,8,exponential
q_learning,sparse_seed2,sparse,2,4a77b6e251,1576,225,-1.2499999999999831,-8.650000000000016,0.05,0.15,0,out_of_energy,0,0,1,0,93,10,0,0,1,49,0.0823367251243337,2.216952021598825,0.0,0.0,0.99,8,exponential
q_learning,sparse_seed2,sparse,2,4a77b6e251,1577,225,-1.2499999999999822,-8.650000000000018,0.05,0.15,0,out_of_energy,0,0,1,0,87,5,0,0,1,44,0.09790562546804404,4.924042114163505,0.0,0.0,0.99,8,exponential
q_learning,sparse_seed2,sparse,2,4a77b6e251,1578,225,-1.2499999999999822,-8.650000000000018,0.05,0.15,0,out_of_energy,0,0,1,0,89,10,0,0,1,43,0.12478857513075502,3.6567190300859784,0.0,0.0,0.99,8,exponential
q_learning,sparse_seed2,sparse,2,4a77b6e251,1579,225,-1.2499999999999822,-8.550000000000018,0.05,0.15,0,out_of_energy,0,0,1,0,92,13,0,0,1,38,0.1525038096292552,8.478983398924504,0.0,0.0,0.99,8,exponential
q_learning,sparse_seed2,sparse,2,4a77b6e251,1580,225,-11.250000000000025,-8.550000000000017,0.05,0.15,0,out_of_energy,0,0,1,0,108,9,0,0,0,41,0.042040719162481456,0.22876790861882457,0.0,0.0,0.99,8,exponential
q_learning,sparse_seed2,sparse,2,4a77b6e251,1581,225,-1.2499999999999822,-8.450000000000015,0.05,0.15,0,out_of_energy,0,0,1,0,100,6,0,0,1,48,0.10507307727403793,3.7529362203336603,0.0,0.0,0.99,8,exponential
q_learning,sparse_seed2,sparse,2,4a77b6e251,1582,225,-1.2499999999999822,-8.350000000000017,0.05,0.15,0,out_of_energy,0,0,1,0,99,8,0,0,1,42,0.10783480746297552,3.6486436059438248,0.0,0.0,0.99,8,exponential
q_learning,sparse_seed2,sparse,2,4a77b6e251,1583,225,-1.2499999999999822,-8.250000000000016,0.05,0.15,0,out_of_energy,0,0,1,0,88,6,0,0,1,42,0.11102813168930731,4.7255659534153995,0.0,0.0,0.99,8,exponential
q_learning,sparse_seed2,sparse,2,4a77b6e251,1584,225,-11.250000000000025,-8.250000000000016,0.05,0.15,0,out_of_energy,0,0,1,0,85,9,0,0,0,52,0.04346940061370031,0.35674250383281786,0.0,0.0,0.99,8,exponential
q_learning,sparse_seed2,sparse,2,4a77b6e251,1585,225,-1.2500000000000127,-8.150000000000016,0.05,0.15,0,out_of_energy,0,0,1,0,98,10,0,0,1,40,0.0840115847017955,4.200419511392879,0.0,0.0,0.99,8,exponential
q_learning,sparse_seed2,sparse,2,4a77b6e251,1586,225,-11.250000000000025,-8.150000000000016,0.05,0.15,0,out_of_energy,0,0,1,0,92,4,0,0,0,44,0.04421315044737432,0.42742934122923876,0.0,0.0,0.99,8,exponential
q_learning,sparse_seed2,sparse,2,4a77b6e251,1587,225,-11.250000000000025,-8.150000000000013,0.05,0.15,0,out_of_energy,0,0,1,0,96,16,0,0,0,50,0.04325916609608992,0.43364739430880056,0.0,0.0,0.99,8,exponential
q_learning,sparse_seed2,sparse,2,4a77b6e251,1588,225,-1.2499999999999822,-8.050000000000015,0.05,0.15,0,out_of_energy,0,0,1,0,98,3,0,0,1,41,0.12264817776112273,3.6917049413703364,0.0,0.0,0.99,8,exponential
q_learning,sparse_seed2,sparse,2,4a77b6e251,1589,225,-1.2499999999999822,-7.9500000000000135,0.05,0.15,0,out_of_energy,0,0,1,0,92,6,0,0,1,50,0.11472052551267561,6.268782055395967,0.0,0.0,0.99,8,exponential
q_learning,sparse_seed2,sparse,2,4a77b6e251,1590,225,-1.2499999999999822,-7.850000000000015,0.05,0.15,0,out_of_energy,0,0,1,0,90,9,0,0,1,45,0.10707849668041998,3.8147138523894775,0.0,0.0,0.99,8,exponential
q_learning,sparse_seed2,sparse,2,4a77b6e251,1591,225,-1.2499999999999822,-7.750000000000013,0.05,0.15,0,out_of_energy,0,0,1,0,89,6,0,0,1,49,0.13953034530298872,6.881003427902086,0.0,0.0,0.99,8,exponential
q_learning,sparse_seed2,sparse,2,4a77b6e251,1592,225,-11.250000000000025,-7.750000000000013,0.05,0.15,0,out_of_energy,0,0,1,0,95,18,0,0,0,37,0.046116941142629424,0.5339753614614937,0.0,0.0,0.99,8,exponential
q_learning,sparse_seed2,sparse,2,4a77b6e251,1593,225,-11.250000000000025,-7.750000000000013,0.05,0.15,0,out_of_energy,0,0,1,0,103,33,0,0,0,43,0.044085022493383585,0.43227383008910236,0.0,0.0,0.99,8,exponential
q_learning,sparse_seed2,sparse,2,4a77b6e251,1594,225,-1.2499999999999822,-7.650000000000014,0.05,0.15,0,out_of_energy,0,0,1,0,90,12,0,0,1,55,0.09754167485044136,4.461337864453232,0.0,0.0,0.99,8,exponential
q_learning,sparse_seed2,sparse,2,4a77b6e251,1595,225,-11.250000000000025,-7.650000000000014,0.05,0.15,0,out_of_energy,0,0,1,0,92,15,1,0,0,44,0.04303338496149888,0.37418757027848687,0.0,0.0,0.99,8,exponential
q_learning,sparse_seed2,sparse,2,4a77b6e251,1596,225,-11.250000000000025,-7.650000000000013,0.05,0.15,0,out_of_energy,0,0,1,0,94,5,0,0,0,45,0.04322018636948618,0.3835926487662917,0.0,0.0,0.99,8,exponential
q_learning,sparse_seed2,sparse,2,4a77b6e251,1597,225,-11.250000000000025,-7.750000000000013,0.05,0.15,0,out_of_energy,0,0,1,0,103,8,0,0,0,52,0.04289043705388232,0.45459334852820604,0.0,0.0,0.99,8,exponential
q_learning,sparse_seed2,sparse,2,4a77b6e251,1598,225,-11.250000000000025,-7.750000000000012,0.05,0.15,0,out_of_energy,0,0,1,0,82,4,0,0,0,38,0.04653649386433099,0.5377269036593473,0.0,0.0,0.99,8,exponential
q_learning,sparse_seed2,sparse,2,4a77b6e251,1599,225,-1.2499999999999858,-7.650000000000014,0.05,0.15,0,out_of_energy,0,0,1,0,97,8,0,0,1,37,0.08212554697408878,2.195516420003825,0.0,0.0,0.99,8,exponential
q_learning,sparse_seed2,sparse,2,4a77b6e251,1600,225,-11.250000000000025,-7.650000000000013,0.05,0.15,0,out_of_energy,0,0,1,0,106,1,0,0,0,48,0.04466435603620436,0.301318104194897,0.0,0.0,0.99,8,exponential
q_learning,sparse_seed2,sparse,2,4a77b6e251,1601,225,-1.2499999999999822,-7.550000000000014,0.05,0.15,0,out_of_energy,0,0,1,0,100,7,0,0,1,43,0.1311354767222546,6.597811388615544,0.0,0.0,0.99,8,exponential
q_learning,sparse_seed2,sparse,2,4a77b6e251,1602,225,-11.250000000000025,-7.550000000000012,0.05,0.15,0,out_of_energy,0,0,1,0,93,11,0,0,0,43,0.04382553581766039,0.373931127437085,0.0,0.0,0.99,8,exponential
q_learning,sparse_seed2,sparse,2,4a77b6e251,1603,225,-1.2499999999999822,-7.450000000000013,0.05,0.15,0,out_of_energy,0,0,1,0,99,7,0,0,1,55,0.12879275385401517,4.423495485880584,0.0,0.0,0.99,8,exponential
q_learning,sparse_seed2,sparse,2,4a77b6e251,1604,225,-11.250000000000025,-7.450000000000012,0.05,0.15,0,out_of_energy,0,0,1,0,112,1,2,0,0,56,0.046123776470733464,0.49304714612868106,0.0,0.0,0.99,8,exponential
q_learning,sparse_seed2,sparse,2,4a77b6e251,1605,225,-11.250000000000025,-7.450000000000012,0.05,0.15,0,out_of_energy,0,0,1,0,95,19,0,0,0,47,0.0447899806010196,0.5134087086496009,0.0,0.0,0.99,8,exponential
q_learning,sparse_seed2,sparse,2,4a77b6e251,1606,225,-1.2499999999999911,-7.350000000000011,0.05,0.15,0,out_of_energy,0,0,1,0,93,5,0,0,1,33,0.10879483956774637,3.5261967081071925,0.0,0.0,0.99,8,exponential
q_learning,sparse_seed2,sparse,2,4a77b6e251,1607,225,-11.250000000000025,-7.350000000000011,0.05,0.15,0,out_of_energy,0,0,1,0,94,12,2,0,0,46,0.045675159281268855,0.3908156588167052,0.0,0.0,0.99,8,exponential
q_learning,sparse_seed2,sparse,2,4a77b6e251,1608,225,-1.2499999999999822,-7.2500000000000115,0.05,0.15,0,out_of_energy,0,0,1,0,88,12,0,0,1,37,0.10985887423918118,3.677437512336663,0.0,0.0,0.99,8,exponential
q_learning,sparse_seed2,sparse,2,4a77b6e251,1609,225,-1.2499999999999822,-7.150000000000011,0.05,0.15,0,out_of_energy,0,0,1,0,106,6,0,0,1,35,0.15284420033219887,8.924346344207708,0.0,0.0,0.99,8,exponential
q_learning,sparse_seed2,sparse,2,4a77b6e251,1610,225,-11.250000000000025,-7.150000000000011,0.05,0.15,0,out_of_energy,0,0,1,0,109,30,0,0,0,43,0.0443163622072225,0.312932757282369,0.0,0.0,0.99,8,exponential
q_learning,sparse_seed2,sparse,2,4a77b6e251,1611,225,-1.2500000000000049,-7.050000000000011,0.05,0.15,0,out_of_energy,0,0,1,0,102,12,0,0,1,46,0.08308417126486897,3.3547086483389172,0.0,0.0,0.99,8,exponential
q_learning,sparse_seed2,sparse,2,4a77b6e251,1612,225,-1.2499999999999822,-6.950000000000012,0.05,0.15,0,out_of_energy,0,0,1,0,99,7,0,0,1,45,0.13635341974475015,7.756592479104084,0.0,0.0,0.99,8,exponential
q_learning,sparse_seed2,sparse,2,4a77b6e251,1613,225,-1.2499999999999822,-6.85000000000001,0.05,0.15,0,out_of_energy,0,0,1,0,93,21,0,0,1,47,0.18932368686702644,8.338873454419293,0.0,0.0,0.99,8,exponential
q_learning,sparse_seed2,sparse,2,4a77b6e251,1614,225,-11.250000000000025,-6.85000000000001,0.05,0.15,0,out_of_energy,0,0,1,0,103,12,0,0,0,47,0.04279067109325807,0.2761359980294318,0.0,0.0,0.99,8,exponential
q_learning,sparse_seed2,sparse,2,4a77b6e251,1615,225,-1.2499999999999822,-6.750000000000011,0.05,0.15,0,out_of_energy,0,0,1,0,89,4,0,0,1,46,0.10480845658778794,4.227049464324747,0.0,0.0,0.99,8,exponential
q_learning,sparse_seed2,sparse,2,4a77b6e251,1616,225,-11.250000000000025,-6.750000000000009,0.05,0.15,0,out_of_energy,0,0,1,0,105,9,0,0,0,47,0.044325416213199055,0.2850239488735247,0.0,0.0,0.99,8,exponential
q_learning,sparse_seed2,sparse,2,4a77b6e251,1617,225,-11.250000000000025,-6.750000000000009,0.05,0.15,0,out_of_energy,0,0,1,0,103,9,0,0,0,38,0.04351833289565639,0.39454756935794305,0.0,0.0,0.99,8,exponential
q_learning,sparse_seed2,sparse,2,4a77b6e251,1618,225,-1.2499999999999822,-6.650000000000009,0.05,0.15,0,out_of_energy,0,0,1,0,93,6,0,0,1,41,0.10424237021012203,3.3043890392267246,0.0,0.0,0.99,8,exponential
q_learning,sparse_seed2,sparse,2,4a77b6e251,1619,225,-1.2499999999999822,-6.550000000000009,0.05,0.15,0,out_of_energy,0,0,1,0,100,27,0,0,1,37,0.14862458459761616,5.827502500877946,0.0,0.0,0.99,8,exponential
q_learning,sparse_seed2,sparse,2,4a77b6e251,1620,225,-11.250000000000025,-6.550000000000009,0.05,0.15,0,out_of_energy,0,0,1,0,112,39,0,0,0,46,0.04452794846011051,0.44152230176409263,0.0,0.0,0.99,8,exponential
q_learning,sparse_seed2,sparse,2,4a77b6e251,1621,225,-1.2499999999999822,-6.450000000000009,0.05,0.15,0,out_of_energy,0,0,1,0,89,4,0,0,1,50,0.08558545699328866,3.1584921489466558,0.0,0.0,0.99,8,exponential
q_learning,sparse_seed2,sparse,2,4a77b6e251,1622,225,-1.2499999999999822,-6.350000000000009,0.05,0.15,0,out_of_energy,0,0,1,0,89,8,0,0,1,36,0.10914318109806778,4.8675114478597035,0.0,0.0,0.99,8,exponential
q_learning,sparse_seed2,sparse,2,4a77b6e251,1623,225,-11.250000000000025,-6.350000000000008,0.05,0.15,0,out_of_energy,0,0,1,0,97,3,0,0,0,39,0.0442837225361644,0.29024798515536226,0.0,0.0,0.99,8,exponential
q_learning,sparse_seed2,sparse,2,4a77b6e251,1624,225,-11.250000000000025,-6.350000000000008,0.05,0.15,0,out_of_energy,0,0,1,0,103,18,0,0,0,51,0.044165926570720104,0.3397214107046643,0.0,0.0,0.99,8,exponential
q_learning,sparse_seed2,sparse,2,4a77b6e251,1625,225,-1.2499999999999822,-6.250000000000007,0.05,0.15,0,out_of_energy,0,0,1,0,89,13,0,0,1,37,0.14350847819940699,3.429758023817109,0.0,0.0,0.99,8,exponential
q_learning,sparse_seed2,sparse,2,4a77b6e251,1626,225,-11.250000000000025,-6.250000000000007,0.05,0.15,0,out_of_energy,0,0,1,0,108,24,0,0,0,45,0.04615870394397449,0.6013912994380414,0.0,0.0,0.99,8,exponential
q_learning,sparse_seed2,sparse,2,4a77b6e251,1627,225,-1.2499999999999822,-6.150000000000007,0.05,0.15,0,out_of_energy,0,0,1,0,95,11,0,0,1,49,0.10913386614685743,3.3018017659303025,0.0,0.0,0.99,8,exponential
q_learning,sparse_seed2,sparse,2,4a77b6e251,1628,225,-1.2499999999999822,-6.050000000000007,0.05,0.15,0,out_of_energy,0,0,1,0,88,8,0,0,1,45,0.1002341890124173,3.398587578716059,0.0,0.0,0.99,8,exponential
q_learning,sparse_seed2,sparse,2,4a77b6e251,1629,225,-1.2499999999999822,-5.9500000000000055,0.05,0.15,0,out_of_energy,0,0,1,0,87,3,0,0,1,50,0.1426904519158464,7.5366534635977125,0.0,0.0,0.99,8,exponential
q_learning,sparse_seed2,sparse,2,4a77b6e251,1630,225,-11.250000000000025,-5.950000000000006,0.05,0.15,0,out_of_energy,0,0,1,0,105,10,0,0,0,44,0.04311024894495522,0.3338661852615245,0.0,0.0,0.99,8,exponential
q_learning,sparse_seed2,sparse,2,4a77b6e251,1631,225,-1.2499999999999822,-5.850000000000006,0.05,0.15,0,out_of_energy,0,0,1,0,95,15,0,0,1,46,0.08266235517472287,2.550132330662618,0.0,0.0,0.99,8,exponential
q_learning,sparse_seed2,sparse,2,4a77b6e251,1632,225,-11.250000000000025,-5.850000000000005,0.05,0.15,0,out_of_energy,0,0,1,0,101,21,0,0,0,47,0.04457909919134295,0.442751689296778,0.0,0.0,0.99,8,exponential
q_learning,sparse_seed2,sparse,2,4a77b6e251,1633,225,-11.250000000000025,-5.850000000000005,0.05,0.15,0,out_of_energy,0,0,1,0,89,4,7,0,0,49,0.04724898058246524,0.5191167504419606,0.0,0.0,0.99,8,exponential
q_learning,sparse_seed2,sparse,2,4a77b6e251,1634,225,-1.2499999999999822,-5.750000000000004,0.05,0.15,0,out_of_energy,0,0,1,0,92,7,0,0,1,49,0.14819720276411408,6.6535599594771195,0.0,0.0,0.99,8,exponential
q_learning,sparse_seed2,sparse,2,4a77b6e251,1635,225,-1.2499999999999822,-5.650000000000005,0.05,0.15,0,out_of_energy,0,0,1,0,85,5,0,0,1,45,0.1319481492636846,4.236199485357786,0.0,0.0,0.99,8,exponential
q_learning,sparse_seed2,sparse,2,4a77b6e251,1636,225,-1.2499999999999822,-5.550000000000004,0.05,0.15,0,out_of_energy,0,0,1,0,92,25,0,0,1,38,0.11781564988868821,3.1547374421857466,0.0,0.0,0.99,8,exponential
q_learning,sparse_seed2,sparse,2,4a77b6e251,1637,225,-1.2499999999999925,-5.450000000000005,0.05,0.15,0,out_of_energy,0,0,1,0,116,15,0,0,1,48,0.0856556187620927,3.186641169254499,0.0,0.0,0.99,8,exponential
q_learning,sparse_seed2,sparse,2,4a77b6e251,1638,225,-11.250000000000025,-5.450000000000005,0.05,0.15,0,out_of_energy,0,0,1,0,88,13,0,0,0,42,0.04305414437143795,0.4385822190815547,0.0,0.0,0.99,8,exponential
q_learning,sparse_seed2,sparse,2,4a77b6e251,1639,225,-1.2500000000000004,-5.350000000000003,0.05,0.15,0,out_of_energy,0,0,1,0,104,8,0,0,1,42,0.08408489001813496,2.980286157713385,0.0,0.0,0.99,8,exponential
q_learning,sparse_seed2,sparse,2,4a77b6e251,1640,225,-11.250000000000025,-5.350000000000003,0.05,0.15,0,out_of_energy,0,0,1,0,92,16,0,0,0,42,0.04548928114807315,0.42917321602578334,0.0,0.0,0.99,8,exponential
q_learning,sparse_seed2,sparse,2,4a77b6e251,1641,225,-11.250000000000025,-5.450000000000002,0.05,0.15,0,out_of_energy,0,0,1,0,88,21,3,0,0,37,0.04622840042469308,0.440964735786611,0.0,0.0,0.99,8,exponential
q_learning,sparse_seed2,sparse,2,4a77b6e251,1642,225,-11.250000000000025,-5.450000000000002,0.05,0.15,0,out_of_energy,0,0,1,0,93,13,0,0,0,48,0.046350847034908896,0.47256221913199126,0.0,0.0,0.99,8,exponential
q_learning,sparse_seed2,sparse,2,4a77b6e251,1643,225,-11.250000000000025,-5.5500000000000025,0.05,0.15,0,out_of_energy,0,0,1,0,103,23,0,0,0,42,0.042876189607279624,0.26989638106185593,0.0,0.0,0.99,8,exponential
q_learning,sparse_seed2,sparse,2,4a77b6e251,1644,225,-11.250000000000025,-5.5500000000000025,0.05,0.15,0,out_of_energy,0,0,1,0,115,12,0,0,0,45,0.045276960935907544,0.5018730145638675,0.0,0.0,0.99,8,exponential
q_learning,sparse_seed2,sparse,2,4a77b6e251,1645,225,-11.250000000000025,-5.550000000000003,0.05,0.15,0,out_of_energy,0,0,1,0,94,11,0,0,0,42,0.04578925485383324,0.6125474613874278,0.0,0.0,0.99,8,exponential
q_learning,sparse_seed2,sparse,2,4a77b6e251,1646,225,-11.250000000000025,-5.650000000000003,0.05,0.15,0,out_of_energy,0,0,1,0,102,20,0,0,0,31,0.04535284376141753,0.4310510113592829,0.0,0.0,0.99,8,exponential
q_learning,sparse_seed2,sparse,2,4a77b6e251,1647,225,-11.250000000000025,-5.650000000000003,0.05,0.15,0,out_of_energy,0,0,1,0,98,19,0,0,0,45,0.04417723391418417,0.4686104977219878,0.0,0.0,0.99,8,exponential
q_learning,sparse_seed2,sparse,2,4a77b6e251,1648,225,-11.250000000000025,-5.650000000000003,0.05,0.15,0,out_of_energy,0,0,1,0,101,21,0,0,0,36,0.04473863630063079,0.4480309201624887,0.0,0.0,0.99,8,exponential
q_learning,sparse_seed2,sparse,2,4a77b6e251,1649,225,-11.250000000000025,-5.7500000000000036,0.05,0.15,0,out_of_energy,0,0,1,0,83,9,0,0,0,33,0.044649695585572274,0.420197477572062,0.0,0.0,0.99,8,exponential
q_learning,sparse_seed2,sparse,2,4a77b6e251,1650,225,-11.250000000000025,-5.850000000000003,0.05,0.15,0,out_of_energy,0,0,1,0,92,27,0,0,0,46,0.045399128592219916,0.43543789096260505,0.0,0.0,0.99,8,exponential
q_learning,sparse_seed2,sparse,2,4a77b6e251,1651,225,-11.250000000000025,-5.950000000000005,0.05,0.15,0,out_of_energy,0,0,1,0,99,21,0,0,0,52,0.04376953133878505,0.39369612114251024,0.0,0.0,0.99,8,exponential
q_learning,sparse_seed2,sparse,2,4a77b6e251,1652,225,-11.250000000000025,-6.050000000000004,0.05,0.15,0,out_of_energy,0,0,1,0,97,6,0,0,0,36,0.044842557726351324,0.4954391840386093,0.0,0.0,0.99,8,exponential
q_learning,sparse_seed2,sparse,2,4a77b6e251,1653,225,-11.250000000000025,-6.050000000000004,0.05,0.15,0,out_of_energy,0,0,1,0,95,3,0,0,0,42,0.04452145464767187,0.29498460444054664,0.0,0.0,0.99,8,exponential
q_learning,sparse_seed2,sparse,2,4a77b6e251,1654,225,-1.2500000000000104,-6.050000000000006,0.05,0.15,0,out_of_energy,0,0,1,0,94,2,0,0,1,35,0.08302111180954987,3.942964557746793,0.0,0.0,0.99,8,exponential
q_learning,sparse_seed2,sparse,2,4a77b6e251,1655,225,-11.250000000000025,-6.150000000000006,0.05,0.15,0,out_of_energy,0,0,1,0,94,2,0,0,0,47,0.04481285461543907,0.45647899108038764,0.0,0.0,0.99,8,exponential
q_learning,sparse_seed2,sparse,2,4a77b6e251,1656,225,-11.250000000000025,-6.150000000000006,0.05,0.15,0,out_of_energy,0,0,1,0,108,44,0,0,0,44,0.04371222793569331,0.43785169505242466,0.0,0.0,0.99,8,exponential
q_learning,sparse_seed2,sparse,2,4a77b6e251,1657,225,-11.250000000000025,-6.150000000000006,0.05,0.15,0,out_of_energy,0,0,1,0,103,0,0,0,0,41,0.045976816952138864,0.4331616235997581,0.0,0.0,0.99,8,exponential
q_learning,sparse_seed2,sparse,2,4a77b6e251,1658,225,-11.250000000000025,-6.250000000000007,0.05,0.15,0,out_of_energy,0,0,1,0,89,27,1,0,0,49,0.04343370483831268,0.4182280787101104,0.0,0.0,0.99,8,exponential
q_learning,sparse_seed2,sparse,2,4a77b6e251,1659,225,-11.250000000000025,-6.250000000000005,0.05,0.15,0,out_of_energy,0,0,1,0,89,9,0,0,0,39,0.04684023707683824,0.5637557322822974,0.0,0.0,0.99,8,exponential
q_learning,sparse_seed2,sparse,2,4a77b6e251,1660,225,-11.250000000000025,-6.350000000000007,0.05,0.15,0,out_of_energy,0,0,1,0,96,17,2,0,0,46,0.04714529860781002,0.5310405974240682,0.0,0.0,0.99,8,exponential
q_learning,sparse_seed2,sparse,2,4a77b6e251,1661,225,-1.2500000000000133,-6.350000000000007,0.05,0.15,0,out_of_energy,0,0,1,0,102,6,0,0,1,40,0.08301301959066547,3.682623294243192,0.0,0.0,0.99,8,exponential
q_learning,sparse_seed2,sparse,2,4a77b6e251,1662,225,-11.250000000000025,-6.350000000000007,0.05,0.15,0,out_of_energy,0,0,1,0,86,17,5,0,0,54,0.0465080754540763,0.4237333977841032,0.0,0.0,0.99,8,exponential
q_learning,sparse_seed2,sparse,2,4a77b6e251,1663,225,-11.250000000000025,-6.450000000000006,0.05,0.15,0,out_of_energy,0,0,1,0,94,12,0,0,0,35,0.04461948873992233,0.46031311140806147,0.0,0.0,0.99,8,exponential
q_learning,sparse_seed2,sparse,2,4a77b6e251,1664,225,-11.250000000000025,-6.550000000000008,0.05,0.15,0,out_of_energy,0,0,1,0,84,12,0,0,0,39,0.04519827181603958,0.4544240898732374,0.0,0.0,0.99,8,exponential
q_learning,sparse_seed2,sparse,2,4a77b6e251,1665,225,-11.250000000000025,-6.650000000000008,0.05,0.15,0,out_of_energy,0,0,1,0,83,29,0,0,0,48,0.04545268599092194,0.4244794781185318,0.0,0.0,0.99,8,exponential
q_learning,sparse_seed2,sparse,2,4a77b6e251,1666,225,-11.250000000000025,-6.750000000000008,0.05,0.15,0,out_of_energy,0,0,1,0,102,45,0,0,0,52,0.04617542012801767,0.41285050103563237,0.0,0.0,0.99,8,exponential
q_learning,sparse_seed2,sparse,2,4a77b6e251,1667,225,-11.250000000000025,-6.850000000000009,0.05,0.15,0,out_of_energy,0,0,1,0,105,15,0,0,0,49,0.04363497021416726,0.3936765694784372,0.0,0.0,0.99,8,exponential
q_learning,sparse_seed2,sparse,2,4a77b6e251,1668,225,-11.250000000000025,-6.950000000000009,0.05,0.15,0,out_of_energy,0,0,1,0,80,25,0,0,0,46,0.044439830066348586,0.4381212286393794,0.0,0.0,0.99,8,exponential
q_learning,sparse_seed2,sparse,2,4a77b6e251,1669,225,-11.250000000000025,-7.050000000000009,0.05,0.15,0,out_of_energy,0,0,1,0,91,13,0,0,0,36,0.044717189647507954,0.4284357481005156,0.0,0.0,0.99,8,exponential
q_learning,sparse_seed2,sparse,2,4a77b6e251,1670,225,-11.250000000000025,-7.050000000000009,0.05,0.15,0,out_of_energy,0,0,1,0,93,4,0,0,0,39,0.044682094692688634,0.4854421225215329,0.0,0.0,0.99,8,exponential
q_learning,sparse_seed2,sparse,2,4a77b6e251,1671,225,-11.250000000000025,-7.050000000000009,0.05,0.15,0,out_of_energy,0,0,1,0,100,0,0,0,0,53,0.045156126951158476,0.4329748496533002,0.0,0.0,0.99,8,exponential
q_learning,sparse_seed2,sparse,2,4a77b6e251,1672,225,-11.250000000000025,-7.150000000000009,0.05,0.15,0,out_of_energy,0,0,1,0,87,9,1,0,0,48,0.044813428505200266,0.4611204112147295,0.0,0.0,0.99,8,exponential
q_learning,sparse_seed2,sparse,2,4a77b6e251,1673,225,-11.250000000000025,-7.250000000000011,0.05,0.15,0,out_of_energy,0,0,1,0,97,6,0,0,0,38,0.04379634158642504,0.3566132105866811,0.0,0.0,0.99,8,exponential
q_learning,sparse_seed2,sparse,2,4a77b6e251,1674,225,-11.250000000000025,-7.350000000000009,0.05,0.15,0,out_of_energy,0,0,1,0,101,22,0,0,0,51,0.04501308318381388,0.4478191944315754,0.0,0.0,0.99,8,exponential
q_learning,sparse_seed2,sparse,2,4a77b6e251,1675,225,-11.250000000000025,-7.350000000000009,0.05,0.15,0,out_of_energy,0,0,1,0,83,12,0,0,0,48,0.045487927815003985,0.4361485369691475,0.0,0.0,0.99,8,exponential
q_learning,sparse_seed2,sparse,2,4a77b6e251,1676,225,-11.250000000000025,-7.45000000000001,0.05,0.15,0,out_of_energy,0,0,1,0,93,14,0,0,0,39,0.04424408397428861,0.40007885158332906,0.0,0.0,0.99,8,exponential
q_learning,sparse_seed2,sparse,2,4a77b6e251,1677,225,-11.250000000000025,-7.550000000000011,0.05,0.15,0,out_of_energy,0,0,1,0,95,1,0,0,0,48,0.04464217345496389,0.46117858491385993,0.0,0.0,0.99,8,exponential
q_learning,sparse_seed2,sparse,2,4a77b6e251,1678,225,-11.250000000000025,-7.650000000000011,0.05,0.15,0,out_of_energy,0,0,1,0,83,15,0,0,0,48,0.04530199452050697,0.4497426271825338,0.0,0.0,0.99,8,exponential
q_learning,sparse_seed2,sparse,2,4a77b6e251,1679,225,-11.250000000000025,-7.7500000000000115,0.05,0.15,0,out_of_energy,0,0,1,0,103,10,0,0,0,51,0.04227918869474354,0.3383020062524168,0.0,0.0,0.99,8,exponential
q_learning,sparse_seed2,sparse,2,4a77b6e251,1680,225,-11.250000000000025,-7.7500000000000115,0.05,0.15,0,out_of_energy,0,0,1,0,109,8,0,0,0,49,0.044021750801817035,0.4611414633179746,0.0,0.0,0.99,8,exponential
q_learning,sparse_seed2,sparse,2,4a77b6e251,1681,225,-11.250000000000025,-7.850000000000012,0.05,0.15,0,out_of_energy,0,0,1,0,83,13,0,0,0,50,0.04417082840175565,0.44303672154526036,0.0,0.0,0.99,8,exponential
q_learning,sparse_seed2,sparse,2,4a77b6e251,1682,225,-11.250000000000025,-7.950000000000013,0.05,0.15,0,out_of_energy,0,0,1,0,96,6,0,0,0,41,0.04596610698422015,0.6600583003915172,0.0,0.0,0.99,8,exponential
q_learning,sparse_seed2,sparse,2,4a77b6e251,1683,225,-11.250000000000025,-8.050000000000013,0.05,0.15,0,out_of_energy,0,0,1,0,100,12,0,0,0,48,0.04585963082161742,0.5826299058714878,0.0,0.0,0.99,8,exponential
q_learning,sparse_seed2,sparse,2,4a77b6e251,1684,225,-11.250000000000025,-8.050000000000013,0.05,0.15,0,out_of_energy,0,0,1,0,91,11,0,0,0,46,0.04659251487733019,0.5465610093059657,0.0,0.0,0.99,8,exponential
q_learning,sparse_seed2,sparse,2,4a77b6e251,1685,225,-11.250000000000025,-8.150000000000013,0.05,0.15,0,out_of_energy,0,0,1,0,105,6,0,0,0,46,0.04394081645716687,0.4505342977268311,0.0,0.0,0.99,8,exponential
q_learning,sparse_seed2,sparse,2,4a77b6e251,1686,225,-11.250000000000025,-8.150000000000013,0.05,0.15,0,out_of_energy,0,0,1,0,84,14,0,0,0,44,0.04441391505545362,0.4127408866982003,0.0,0.0,0.99,8,exponential
q_learning,sparse_seed2,sparse,2,4a77b6e251,1687,225,-11.250000000000025,-8.150000000000013,0.05,0.15,0,out_of_energy,0,0,1,0,91,8,0,0,0,56,0.04408520429991235,0.4547883330793469,0.0,0.0,0.99,8,exponential
q_learning,sparse_seed2,sparse,2,4a77b6e251,1688,225,-11.250000000000025,-8.250000000000014,0.05,0.15,0,out_of_energy,0,0,1,0,88,7,0,0,0,38,0.04493261546245531,0.4441034634783865,0.0,0.0,0.99,8,exponential
q_learning,sparse_seed2,sparse,2,4a77b6e251,1689,225,-11.250000000000025,-8.350000000000014,0.05,0.15,0,out_of_energy,0,0,1,0,107,5,0,0,0,51,0.04342413222417063,0.4163864309923825,0.0,0.0,0.99,8,exponential
q_learning,sparse_seed2,sparse,2,4a77b6e251,1690,225,-11.250000000000025,-8.450000000000015,0.05,0.15,0,out_of_energy,0,0,1,0,98,1,0,0,0,40,0.04299699489756502,0.2660670376188598,0.0,0.0,0.99,8,exponential
q_learning,sparse_seed2,sparse,2,4a77b6e251,1691,225,-11.250000000000025,-8.550000000000017,0.05,0.15,0,out_of_energy,0,0,1,0,97,16,0,0,0,41,0.04650560401604594,0.5657790800874106,0.0,0.0,0.99,8,exponential
q_learning,sparse_seed2,sparse,2,4a77b6e251,1692,225,-11.250000000000025,-8.550000000000017,0.05,0.15,0,out_of_energy,0,0,1,0,94,38,0,0,0,61,0.04364977040549595,0.45210831548592784,0.0,0.0,0.99,8,exponential
q_learning,sparse_seed2,sparse,2,4a77b6e251,1693,225,-11.250000000000025,-8.550000000000017,0.05,0.15,0,out_of_energy,0,0,1,0,90,3,0,0,0,44,0.046616593217893625,0.5237276496991001,0.0,0.0,0.99,8,exponential
q_learning,sparse_seed2,sparse,2,4a77b6e251,1694,225,-11.250000000000025,-8.650000000000016,0.05,0.15,0,out_of_energy,0,0,1,0,101,8,0,0,0,43,0.045761377551671686,0.48841272253036605,0.0,0.0,0.99,8,exponential
q_learning,sparse_seed2,sparse,2,4a77b6e251,1695,225,-11.250000000000025,-8.650000000000016,0.05,0.15,0,out_of_energy,0,0,1,0,114,0,0,0,0,55,0.04505210269014804,0.47810764316765625,0.0,0.0,0.99,8,exponential
q_learning,sparse_seed2,sparse,2,4a77b6e251,1696,225,-1.2500000000000169,-8.550000000000015,0.05,0.15,0,out_of_energy,0,0,1,0,92,13,0,0,1,47,0.08115038512283526,3.4093687285864016,0.0,0.0,0.99,8,exponential
q_learning,sparse_seed2,sparse,2,4a77b6e251,1697,225,-11.250000000000025,-8.550000000000017,0.05,0.15,0,out_of_energy,0,0,1,0,99,39,3,0,0,44,0.04573798246993627,0.503457809181569,0.0,0.0,0.99,8,exponential
q_learning,sparse_seed2,sparse,2,4a77b6e251,1698,225,-11.250000000000025,-8.550000000000017,0.05,0.15,0,out_of_energy,0,0,1,0,88,16,0,0,0,47,0.043914267413912626,0.5463399622798906,0.0,0.0,0.99,8,exponential
q_learning,sparse_seed2,sparse,2,4a77b6e251,1699,225,-11.250000000000025,-8.650000000000016,0.05,0.15,0,out_of_energy,0,0,1,0,88,31,0,0,0,36,0.04418969231898327,0.4426651886984953,0.0,0.0,0.99,8,exponential
q_learning,sparse_seed2,sparse,2,4a77b6e251,1700,225,-11.250000000000025,-8.650000000000015,0.05,0.15,0,out_of_energy,0,0,1,0,101,9,0,0,0,37,0.04364098904025604,0.4257405020527232,0.0,0.0,0.99,8,exponential
q_learning,sparse_seed2,sparse,2,4a77b6e251,1701,225,-1.2499999999999822,-8.650000000000016,0.05,0.15,0,out_of_energy,0,0,1,0,98,3,0,0,1,38,0.08880744185041567,2.5357354098786637,0.0,0.0,0.99,8,exponential
q_learning,sparse_seed2,sparse,2,4a77b6e251,1702,225,-11.250000000000025,-8.650000000000016,0.05,0.15,0,out_of_energy,0,0,1,0,95,1,0,0,0,43,0.04523792569520671,0.4539663674859093,0.0,0.0,0.99,8,exponential
q_learning,sparse_seed2,sparse,2,4a77b6e251,1703,225,-1.2499999999999822,-8.650000000000016,0.05,0.15,0,out_of_energy,0,0,1,0,95,8,0,0,1,56,0.16757666681582356,8.27416980111213,0.0,0.0,0.99,8,exponential
q_learning,sparse_seed2,sparse,2,4a77b6e251,1704,225,-1.2499999999999822,-8.550000000000017,0.05,0.15,0,out_of_energy,0,0,1,0,113,33,0,0,1,58,0.1137422538890772,4.366524142264382,0.0,0.0,0.99,8,exponential
q_learning,sparse_seed2,sparse,2,4a77b6e251,1705,225,-11.250000000000025,-8.550000000000017,0.05,0.15,0,out_of_energy,0,0,1,0,108,6,0,0,0,46,0.04439815725890407,0.4348255367865865,0.0,0.0,0.99,8,exponential
q_learning,sparse_seed2,sparse,2,4a77b6e251,1706,225,-11.250000000000025,-8.650000000000016,0.05,0.15,0,out_of_energy,0,0,1,0,103,5,0,0,0,39,0.044415362550702595,0.3614701129074232,0.0,0.0,0.99,8,exponential
q_learning,sparse_seed2,sparse,2,4a77b6e251,1707,225,-1.2499999999999822,-8.550000000000017,0.05,0.15,0,out_of_energy,0,0,1,0,93,22,0,0,1,52,0.08923832889219271,3.673934231656461,0.0,0.0,0.99,8,exponential
q_learning,sparse_seed2,sparse,2,4a77b6e251,1708,225,-11.250000000000025,-8.650000000000016,0.05,0.15,0,out_of_energy,0,0,1,0,105,6,0,0,0,56,0.044189068205957624,0.37177587919354366,0.0,0.0,0.99,8,exponential
q_learning,sparse_seed2,sparse,2,4a77b6e251,1709,225,-11.250000000000025,-8.750000000000018,0.05,0.15,0,out_of_energy,0,0,1,0,79,33,0,0,0,52,0.04621229178385904,0.47742698000690487,0.0,0.0,0.99,8,exponential
q_learning,sparse_seed2,sparse,2,4a77b6e251,1710,225,-1.2499999999999822,-8.650000000000016,0.05,0.15,0,out_of_energy,0,0,1,0,98,21,0,0,1,40,0.14771313113436943,4.300812471154612,0.0,0.0,0.99,8,exponential
q_learning,sparse_seed2,sparse,2,4a77b6e251,1711,225,-11.250000000000025,-8.750000000000016,0.05,0.15,0,out_of_energy,0,0,1,0,102,19,0,0,0,40,0.04259641031739842,0.3752294232601403,0.0,0.0,0.99,8,exponential
q_learning,sparse_seed2,sparse,2,4a77b6e251,1712,225,-11.250000000000025,-8.850000000000017,0.05,0.15,0,out_of_energy,0,0,1,0,98,8,0,0,0,39,0.04308937438672583,0.43565260927513083,0.0,0.0,0.99,8,exponential
q_learning,sparse_seed2,sparse,2,4a77b6e251,1713,225,-1.2499999999999822,-8.850000000000017,0.05,0.15,0,out_of_energy,0,0,1,0,88,15,0,0,1,40,0.12743735619809457,6.6117397748109195,0.0,0.0,0.99,8,exponential
q_learning,sparse_seed2,sparse,2,4a77b6e251,1714,225,-1.2499999999999822,-8.750000000000018,0.05,0.15,0,out_of_energy,0,0,1,0,83,8,0,0,1,37,0.1652653696779991,7.666525326309145,0.0,0.0,0.99,8,exponential
q_learning,sparse_seed2,sparse,2,4a77b6e251,1715,225,-1.2499999999999822,-8.750000000000018,0.05,0.15,0,out_of_energy,0,0,1,0,97,5,0,0,1,39,0.1804873058993024,8.877219399047405,0.0,0.0,0.99,8,exponential
q_learning,sparse_seed2,sparse,2,4a77b6e251,1716,225,-11.250000000000025,-8.750000000000018,0.05,0.15,0,out_of_energy,0,0,1,0,96,9,0,0,0,47,0.0444009552486246,0.3539284663435251,0.0,0.0,0.99,8,exponential
q_learning,sparse_seed2,sparse,2,4a77b6e251,1717,225,-1.2499999999999822,-8.650000000000016,0.05,0.15,0,out_of_energy,0,0,1,0,98,14,0,0,1,51,0.1095142926769175,3.9266351835114075,0.0,0.0,0.99,8,exponential
q_learning,sparse_seed2,sparse,2,4a77b6e251,1718,225,-11.250000000000025,-8.750000000000018,0.05,0.15,0,out_of_energy,0,0,1,0,104,10,0,0,0,46,0.04562706046817318,0.45389311942086,0.0,0.0,0.99,8,exponential
q_learning,sparse_seed2,sparse,2,4a77b6e251,1719,225,-11.250000000000025,-8.850000000000017,0.05,0.15,0,out_of_energy,0,0,1,0,89,26,0,0,0,42,0.042847183883840644,0.4481902504786655,0.0,0.0,0.99,8,exponential
q_learning,sparse_seed2,sparse,2,4a77b6e251,1720,225,-1.2499999999999822,-8.750000000000018,0.05,0.15,0,out_of_energy,0,0,1,0,93,38,0,0,1,50,0.10513420881853429,3.8118904424644446,0.0,0.0,0.99,8,exponential
q_learning,sparse_seed2,sparse,2,4a77b6e251,1721,225,-11.250000000000025,-8.850000000000017,0.05,0.15,0,out_of_energy,0,0,1,0,96,26,0,0,0,48,0.04403813082015658,0.44114111133906686,0.0,0.0,0.99,8,exponential
q_learning,sparse_seed2,sparse,2,4a77b6e251,1722,225,-11.250000000000025,-8.950000000000019,0.05,0.15,0,out_of_energy,0,0,1,0,102,6,0,0,0,45,0.04286250588915063,0.33794454941814916,0.0,0.0,0.99,8,exponential
q_learning,sparse_seed2,sparse,2,4a77b6e251,1723,225,-11.250000000000025,-8.950000000000019,0.05,0.15,0,out_of_energy,0,0,1,0,84,14,0,0,0,56,0.044739059470109636,0.4522006378610925,0.0,0.0,0.99,8,exponential
q_learning,sparse_seed2,sparse,2,4a77b6e251,1724,225,-11.250000000000025,-8.950000000000019,0.05,0.15,0,out_of_energy,0,0,1,0,88,18,0,0,0,44,0.04518414006759854,0.5826269602268976,0.0,0.0,0.99,8,exponential
q_learning,sparse_seed2,sparse,2,4a77b6e251,1725,225,-11.250000000000025,-9.050000000000018,0.05,0.15,0,out_of_energy,0,0,1,0,99,32,4,0,0,35,0.045748631585162326,0.6582663803181255,0.0,0.0,0.99,8,exponential
q_learning,sparse_seed2,sparse,2,4a77b6e251,1726,225,-11.250000000000025,-9.050000000000018,0.05,0.15,0,out_of_energy,0,0,1,0,93,12,0,0,0,40,0.043580436829405406,0.3858714123630229,0.0,0.0,0.99,8,exponential
q_learning,sparse_seed2,sparse,2,4a77b6e251,1727,225,-1.2499999999999871,-9.050000000000018,0.05,0.15,0,out_of_energy,0,0,1,0,107,15,0,0,1,43,0.0891394774344833,2.444680714421354,0.0,0.0,0.99,8,exponential
q_learning,sparse_seed2,sparse,2,4a77b6e251,1728,225,-11.250000000000025,-9.150000000000018,0.05,0.15,0,out_of_energy,0,0,1,0,101,4,0,0,0,39,0.0454450434901581,0.4629682870047192,0.0,0.0,0.99,8,exponential
q_learning,sparse_seed2,sparse,2,4a77b6e251,1729,225,-11.250000000000025,-9.250000000000018,0.05,0.15,0,out_of_energy,0,0,1,0,97,18,0,0,0,49,0.04518804984160195,0.441780614325504,0.0,0.0,0.99,8,exponential
q_learning,sparse_seed2,sparse,2,4a77b6e251,1730,225,-11.250000000000025,-9.250000000000018,0.05,0.15,0,out_of_energy,0,0,1,0,87,3,5,0,0,49,0.046333417296377855,0.4626317514873887,0.0,0.0,0.99,8,exponential
q_learning,sparse_seed2,sparse,2,4a77b6e251,1731,225,-11.250000000000025,-9.35000000000002,0.05,0.15,0,out_of_energy,0,0,1,0,102,25,0,0,0,42,0.046377213100620686,0.4548393324982361,0.0,0.0,0.99,8,exponential
q_learning,sparse_seed2,sparse,2,4a77b6e251,1732,225,-11.250000000000025,-9.35000000000002,0.05,0.15,0,out_of_energy,0,0,1,0,102,15,6,0,0,51,0.0464529947089195,0.5273070522451646,0.0,0.0,0.99,8,exponential
q_learning,sparse_seed2,sparse,2,4a77b6e251,1733,225,-11.250000000000025,-9.35000000000002,0.05,0.15,0,out_of_energy,0,0,1,0,85,6,1,0,0,45,0.044687729380719396,0.4290984662615842,0.0,0.0,0.99,8,exponential
q_learning,sparse_seed2,sparse,2,4a77b6e251,1734,225,-11.250000000000025,-9.450000000000019,0.05,0.15,0,out_of_energy,0,0,1,0,82,36,0,0,0,36,0.04532731982991361,0.520681163616382,0.0,0.0,0.99,8,exponential
q_learning,sparse_seed2,sparse,2,4a77b6e251,1735,225,-11.250000000000025,-9.55000000000002,0.05,0.15,0,out_of_energy,0,0,1,0,88,13,4,0,0,42,0.045191287078213356,0.4474470565591886,0.0,0.0,0.99,8,exponential
q_learning,sparse_seed2,sparse,2,4a77b6e251,1736,225,-11.250000000000025,-9.65000000000002,0.05,0.15,0,out_of_energy,0,0,1,0,100,19,0,0,0,54,0.0447519052936804,0.49584319107235064,0.0,0.0,0.99,8,exponential
q_learning,sparse_seed2,sparse,2,4a77b6e251,1737,225,-11.250000000000025,-9.750000000000021,0.05,0.15,0,out_of_energy,0,0,1,0,100,2,0,0,0,49,0.044478917388998375,0.44659750888753497,0.0,0.0,0.99,8,exponential
q_learning,sparse_seed2,sparse,2,4a77b6e251,1738,225,-11.250000000000025,-9.750000000000021,0.05,0.15,0,out_of_energy,0,0,1,0,81,26,0,0,0,34,0.04528943421003485,0.4619305689112579,0.0,0.0,0.99,8,exponential
q_learning,sparse_seed2,sparse,2,4a77b6e251,1739,225,-11.250000000000025,-9.850000000000021,0.05,0.15,0,out_of_energy,0,0,1,0,95,0,0,0,0,44,0.04444470540626145,0.4209040185932072,0.0,0.0,0.99,8,exponential
q_learning,sparse_seed2,sparse,2,4a77b6e251,1740,225,-11.250000000000025,-9.850000000000021,0.05,0.15,0,out_of_energy,0,0,1,0,91,19,0,0,0,49,0.045583491837722895,0.4830923235848986,0.0,0.0,0.99,8,exponential
q_learning,sparse_seed2,sparse,2,4a77b6e251,1741,225,-11.250000000000025,-9.850000000000021,0.05,0.15,0,out_of_energy,0,0,1,0,100,7,1,0,0,40,0.04508807507875459,0.47350070528132776,0.0,0.0,0.99,8,exponential
q_learning,sparse_seed2,sparse,2,4a77b6e251,1742,225,-11.250000000000025,-9.850000000000021,0.05,0.15,0,out_of_energy,0,0,1,0,93,2,0,0,0,45,0.04528499385209312,0.4695216972421299,0.0,0.0,0.99,8,exponential
q_learning,sparse_seed2,sparse,2,4a77b6e251,1743,225,-11.250000000000025,-9.850000000000021,0.05,0.15,0,out_of_energy,0,0,1,0,84,6,0,0,0,40,0.04599220525557142,0.6486930258528844,0.0,0.0,0.99,8,exponential
q_learning,sparse_seed2,sparse,2,4a77b6e251,1744,225,-11.250000000000025,-9.850000000000021,0.05,0.15,0,out_of_energy,0,0,1,0,87,23,1,0,0,41,0.04553779472086529,0.4600537107280349,0.0,0.0,0.99,8,exponential
q_learning,sparse_seed2,sparse,2,4a77b6e251,1745,225,-11.250000000000025,-9.850000000000021,0.05,0.15,0,out_of_energy,0,0,1,0,92,9,0,0,0,33,0.04350226852123643,0.43927635826997624,0.0,0.0,0.99,8,exponential
q_learning,sparse_seed2,sparse,2,4a77b6e251,1746,225,-11.250000000000025,-9.850000000000021,0.05,0.15,0,out_of_energy,0,0,1,0,102,32,5,0,0,59,0.04440984372628055,0.40844410636289114,0.0,0.0,0.99,8,exponential
q_learning,sparse_seed2,sparse,2,4a77b6e251,1747,225,-11.250000000000025,-9.850000000000021,0.05,0.15,0,out_of_energy,0,0,1,0,84,8,0,0,0,55,0.04511567425115822,0.3932369887642804,0.0,0.0,0.99,8,exponential
q_learning,sparse_seed2,sparse,2,4a77b6e251,1748,225,-11.250000000000025,-9.850000000000021,0.05,0.15,0,out_of_energy,0,0,1,0,103,23,0,0,0,51,0.043640031367487335,0.4305497074282329,0.0,0.0,0.99,8,exponential
q_learning,sparse_seed2,sparse,2,4a77b6e251,1749,225,-11.250000000000025,-9.850000000000021,0.05,0.15,0,out_of_energy,0,0,1,0,105,16,0,0,0,39,0.04548439419611354,0.473312250395399,0.0,0.0,0.99,8,exponential
q_learning,sparse_seed2,sparse,2,4a77b6e251,1750,225,-11.250000000000025,-9.850000000000021,0.05,0.15,0,out_of_energy,0,0,1,0,91,27,0,0,0,51,0.04449181257698489,0.4510778953624938,0.0,0.0,0.99,8,exponential
q_learning,sparse_seed2,sparse,2,4a77b6e251,1751,225,-11.250000000000025,-9.850000000000021,0.05,0.15,0,out_of_energy,0,0,1,0,102,15,6,0,0,46,0.044458125921096776,0.46832546887456356,0.0,0.0,0.99,8,exponential
q_learning,sparse_seed2,sparse,2,4a77b6e251,1752,225,-11.250000000000025,-9.850000000000021,0.05,0.15,0,out_of_energy,0,0,1,0,79,10,0,0,0,38,0.043985463830151866,0.47651384316786943,0.0,0.0,0.99,8,exponential
q_learning,sparse_seed2,sparse,2,4a77b6e251,1753,225,-11.250000000000025,-9.850000000000021,0.05,0.15,0,out_of_energy,0,0,1,0,92,20,0,0,0,43,0.047189989371037376,0.5224955823074489,0.0,0.0,0.99,8,exponential
q_learning,sparse_seed2,sparse,2,4a77b6e251,1754,225,-11.250000000000025,-9.95000000000002,0.05,0.15,0,out_of_energy,0,0,1,0,90,6,0,0,0,45,0.04408106878610076,0.4437920793290992,0.0,0.0,0.99,8,exponential
q_learning,sparse_seed2,sparse,2,4a77b6e251,1755,225,-11.250000000000025,-9.95000000000002,0.05,0.15,0,out_of_energy,0,0,1,0,103,21,1,0,0,45,0.0446609410286231,0.44462027021464007,0.0,0.0,0.99,8,exponential
q_learning,sparse_seed2,sparse,2,4a77b6e251,1756,225,-11.250000000000025,-9.95000000000002,0.05,0.15,0,out_of_energy,0,0,1,0,103,29,0,0,0,51,0.04342010403951659,0.46622641277241955,0.0,0.0,0.99,8,exponential
q_learning,sparse_seed2,sparse,2,4a77b6e251,1757,225,-11.250000000000025,-9.95000000000002,0.05,0.15,0,out_of_energy,0,0,1,0,90,39,0,0,0,61,0.04541498597192415,0.4397891592289791,0.0,0.0,0.99,8,exponential
q_learning,sparse_seed2,sparse,2,4a77b6e251,1758,225,-11.250000000000025,-9.95000000000002,0.05,0.15,0,out_of_energy,0,0,1,0,98,11,0,0,0,39,0.04399306058487929,0.46524433483339817,0.0,0.0,0.99,8,exponential
q_learning,sparse_seed2,sparse,2,4a77b6e251,1759,225,-11.250000000000025,-9.95000000000002,0.05,0.15,0,out_of_energy,0,0,1,0,102,12,0,0,0,42,0.04347419733965527,0.4089321696319107,0.0,0.0,0.99,8,exponential
q_learning,sparse_seed2,sparse,2,4a77b6e251,1760,225,-11.250000000000025,-9.95000000000002,0.05,0.15,0,out_of_energy,0,0,1,0,92,5,0,0,0,46,0.04392066385338631,0.42778453492613777,0.0,0.0,0.99,8,exponential
q_learning,sparse_seed2,sparse,2,4a77b6e251,1761,225,-11.250000000000025,-10.05000000000002,0.05,0.15,0,out_of_energy,0,0,1,0,96,17,0,0,0,43,0.04595201033486193,0.7139682907217092,0.0,0.0,0.99,8,exponential
q_learning,sparse_seed2,sparse,2,4a77b6e251,1762,225,-11.250000000000025,-10.05000000000002,0.05,0.15,0,out_of_energy,0,0,1,0,90,18,2,0,0,45,0.04405390098889492,0.44779437271966954,0.0,0.0,0.99,8,exponential
q_learning,sparse_seed2,sparse,2,4a77b6e251,1763,225,-11.250000000000025,-10.05000000000002,0.05,0.15,0,out_of_energy,0,0,1,0,87,19,1,0,0,40,0.04411050156993547,0.5020094524833946,0.0,0.0,0.99,8,exponential
q_learning,sparse_seed2,sparse,2,4a77b6e251,1764,225,-11.250000000000025,-10.05000000000002,0.05,0.15,0,out_of_energy,0,0,1,0,82,16,0,0,0,39,0.04584374348606754,0.5517821283886004,0.0,0.0,0.99,8,exponential
q_learning,sparse_seed2,sparse,2,4a77b6e251,1765,225,-11.250000000000025,-10.05000000000002,0.05,0.15,0,out_of_energy,0,0,1,0,89,10,1,0,0,53,0.04633793388980703,0.5104250965277318,0.0,0.0,0.99,8,exponential
q_learning,sparse_seed2,sparse,2,4a77b6e251,1766,225,-11.250000000000025,-10.05000000000002,0.05,0.15,0,out_of_energy,0,0,1,0,83,10,0,0,0,38,0.04532401956300609,0.4641250367558046,0.0,0.0,0.99,8,exponential
q_learning,sparse_seed2,sparse,2,4a77b6e251,1767,225,-11.250000000000025,-10.05000000000002,0.05,0.15,0,out_of_energy,0,0,1,0,85,4,0,0,0,52,0.04439460935961457,0.4815519703115057,0.0,0.0,0.99,8,exponential
q_learning,sparse_seed2,sparse,2,4a77b6e251,1768,225,-11.250000000000025,-10.05000000000002,0.05,0.15,0,out_of_energy,0,0,1,0,88,16,0,0,0,44,0.04491018108837589,0.4923108662717868,0.0,0.0,0.99,8,exponential
q_learning,sparse_seed2,sparse,2,4a77b6e251,1769,225,-11.250000000000025,-10.05000000000002,0.05,0.15,0,out_of_energy,0,0,1,0,108,24,0,0,0,42,0.044469421385765394,0.4611049349515331,0.0,0.0,0.99,8,exponential
q_learning,sparse_seed2,sparse,2,4a77b6e251,1770,225,-11.250000000000025,-10.05000000000002,0.05,0.15,0,out_of_energy,0,0,1,0,94,14,0,0,0,38,0.04375171861532957,0.47231833559772857,0.0,0.0,0.99,8,exponential
q_learning,sparse_seed2,sparse,2,4a77b6e251,1771,225,-11.250000000000025,-10.05000000000002,0.05,0.15,0,out_of_energy,0,0,1,0,92,7,0,0,0,36,0.04464914440905248,0.49763802525088313,0.0,0.0,0.99,8,exponential
q_learning,sparse_seed2,sparse,2,4a77b6e251,1772,225,-11.250000000000025,-10.05000000000002,0.05,0.15,0,out_of_energy,0,0,1,0,100,39,0,0,0,54,0.046275147501690005,0.6582509283353697,0.0,0.0,0.99,8,exponential
q_learning,sparse_seed2,sparse,2,4a77b6e251,1773,225,-11.250000000000025,-10.05000000000002,0.05,0.15,0,out_of_energy,0,0,1,0,88,7,0,0,0,44,0.042957020040437,0.45809772712938385,0.0,0.0,0.99,8,exponential
q_learning,sparse_seed2,sparse,2,4a77b6e251,1774,225,-11.250000000000025,-10.05000000000002,0.05,0.15,0,out_of_energy,0,0,1,0,103,15,0,0,0,46,0.04340900871207113,0.47310484045102347,0.0,0.0,0.99,8,exponential
q_learning,sparse_seed2,sparse,2,4a77b6e251,1775,225,-11.250000000000025,-10.05000000000002,0.05,0.15,0,out_of_energy,0,0,1,0,82,18,2,0,0,45,0.044180114815618954,0.5038660662226627,0.0,0.0,0.99,8,exponential
q_learning,sparse_seed2,sparse,2,4a77b6e251,1776,225,-11.250000000000025,-10.05000000000002,0.05,0.15,0,out_of_energy,0,0,1,0,91,3,0,0,0,45,0.04284363769810542,0.45238156929980994,0.0,0.0,0.99,8,exponential
q_learning,sparse_seed2,sparse,2,4a77b6e251,1777,225,-11.250000000000025,-10.05000000000002,0.05,0.15,0,out_of_energy,0,0,1,0,98,8,0,0,0,54,0.04208992493851958,0.34738583684603774,0.0,0.0,0.99,8,exponential
q_learning,sparse_seed2,sparse,2,4a77b6e251,1778,225,-11.250000000000025,-10.05000000000002,0.05,0.15,0,out_of_energy,0,0,1,0,105,8,0,0,0,37,0.04119097351316094,0.18742154915881504,0.0,0.0,0.99,8,exponential
q_learning,sparse_seed2,sparse,2,4a77b6e251,1779,225,-11.250000000000025,-10.05000000000002,0.05,0.15,0,out_of_energy,0,0,1,0,91,10,0,0,0,47,0.043280996223377416,0.4582984391368497,0.0,0.0,0.99,8,exponential
q_learning,sparse_seed2,sparse,2,4a77b6e251,1780,225,-11.250000000000025,-10.05000000000002,0.05,0.15,0,out_of_energy,0,0,1,0,111,20,0,0,0,42,0.04408678616616016,0.4578403508316125,0.0,0.0,0.99,8,exponential
q_learning,sparse_seed2,sparse,2,4a77b6e251,1781,225,-11.250000000000025,-10.05000000000002,0.05,0.15,0,out_of_energy,0,0,1,0,85,19,0,0,0,51,0.04310646214128828,0.44074427274146954,0.0,0.0,0.99,8,exponential
q_learning,sparse_seed2,sparse,2,4a77b6e251,1782,225,-11.250000000000025,-10.05000000000002,0.05,0.15,0,out_of_energy,0,0,1,0,86,12,0,0,0,35,0.04324434870797348,0.3784237216140993,0.0,0.0,0.99,8,exponential
q_learning,sparse_seed2,sparse,2,4a77b6e251,1783,225,-11.250000000000025,-10.05000000000002,0.05,0.15,0,out_of_energy,0,0,1,0,102,3,0,0,0,38,0.042360278263683694,0.43414280278698403,0.0,0.0,0.99,8,exponential
q_learning,sparse_seed2,sparse,2,4a77b6e251,1784,225,-11.250000000000025,-10.05000000000002,0.05,0.15,0,out_of_energy,0,0,1,0,104,33,0,0,0,41,0.043910850996049355,0.47945577285544855,0.0,0.0,0.99,8,exponential
q_learning,sparse_seed2,sparse,2,4a77b6e251,1785,225,-11.250000000000025,-10.05000000000002,0.05,0.15,0,out_of_energy,0,0,1,0,100,2,0,0,0,39,0.04358264820450166,0.46246605008262237,0.0,0.0,0.99,8,exponential
q_learning,sparse_seed2,sparse,2,4a77b6e251,1786,225,-11.250000000000025,-10.05000000000002,0.05,0.15,0,out_of_energy,0,0,1,0,94,18,0,0,0,52,0.0443819448340342,0.46204515535107044,0.0,0.0,0.99,8,exponential
q_learning,sparse_seed2,sparse,2,4a77b6e251,1787,225,-11.250000000000025,-10.05000000000002,0.05,0.15,0,out_of_energy,0,0,1,0,103,10,0,0,0,43,0.0431832159102115,0.43509152725472716,0.0,0.0,0.99,8,exponential
q_learning,sparse_seed2,sparse,2,4a77b6e251,1788,225,-11.250000000000025,-10.05000000000002,0.05,0.15,0,out_of_energy,0,0,1,0,96,12,0,0,0,50,0.04433645845421961,0.4669638837769728,0.0,0.0,0.99,8,exponential
q_learning,sparse_seed2,sparse,2,4a77b6e251,1789,225,-11.250000000000025,-10.05000000000002,0.05,0.15,0,out_of_energy,0,0,1,0,101,9,0,0,0,46,0.04662215647581612,0.556555547536444,0.0,0.0,0.99,8,exponential
q_learning,sparse_seed2,sparse,2,4a77b6e251,1790,225,-11.250000000000025,-10.05000000000002,0.05,0.15,0,out_of_energy,0,0,1,0,105,18,0,0,0,48,0.043071022987254175,0.4645191061654989,0.0,0.0,0.99,8,exponential
q_learning,sparse_seed2,sparse,2,4a77b6e251,1791,225,-11.250000000000025,-10.05000000000002,0.05,0.15,0,out_of_energy,0,0,1,0,86,17,0,0,0,44,0.043656389543130635,0.4770329743508522,0.0,0.0,0.99,8,exponential
q_learning,sparse_seed2,sparse,2,4a77b6e251,1792,225,-11.250000000000025,-10.05000000000002,0.05,0.15,0,out_of_energy,0,0,1,0,93,10,0,0,0,50,0.04318378336972505,0.4731640204065332,0.0,0.0,0.99,8,exponential
q_learning,sparse_seed2,sparse,2,4a77b6e251,1793,225,-11.250000000000025,-10.05000000000002,0.05,0.15,0,out_of_energy,0,0,1,0,91,13,0,0,0,44,0.044362737846152765,0.4282462378662031,0.0,0.0,0.99,8,exponential
q_learning,sparse_seed2,sparse,2,4a77b6e251,1794,225,-11.250000000000025,-10.05000000000002,0.05,0.15,0,out_of_energy,0,0,1,0,107,2,0,0,0,46,0.04267640926893396,0.4655526292832482,0.0,0.0,0.99,8,exponential
q_learning,sparse_seed2,sparse,2,4a77b6e251,1795,225,-11.250000000000025,-10.05000000000002,0.05,0.15,0,out_of_energy,0,0,1,0,89,1,0,0,0,30,0.043919921078180345,0.4855744719095672,0.0,0.0,0.99,8,exponential
q_learning,sparse_seed2,sparse,2,4a77b6e251,1796,225,-11.250000000000025,-10.150000000000022,0.05,0.15,0,out_of_energy,0,0,1,0,91,10,0,0,0,40,0.04269200060385079,0.4289117229730881,0.0,0.0,0.99,8,exponential
q_learning,sparse_seed2,sparse,2,4a77b6e251,1797,225,-11.250000000000025,-10.15000000000002,0.05,0.15,0,out_of_energy,0,0,1,0,103,12,7,0,0,44,0.04359668113800692,0.47713789282530256,0.0,0.0,0.99,8,exponential
q_learning,sparse_seed2,sparse,2,4a77b6e251,1798,225,-11.250000000000025,-10.15000000000002,0.05,0.15,0,out_of_energy,0,0,1,0,85,7,0,0,0,41,0.0434556422827418,0.4309124465656944,0.0,0.0,0.99,8,exponential
q_learning,sparse_seed2,sparse,2,4a77b6e251,1799,225,-11.250000000000025,-10.15000000000002,0.05,0.15,0,out_of_energy,0,0,1,0,86,34,0,0,0,28,0.04337678969707732,0.43886219384545255,0.0,0.0,0.99,8,exponential
q_learning,sparse_seed2,sparse,2,4a77b6e251,1800,225,-11.250000000000025,-10.150000000000022,0.05,0.15,0,out_of_energy,0,0,1,0,94,17,0,0,0,49,0.04518564043712214,0.48872656897868266,0.0,0.0,0.99,8,exponential
q_learning,sparse_seed2,sparse,2,4a77b6e251,1801,225,-11.250000000000025,-10.250000000000021,0.05,0.15,0,out_of_energy,0,0,1,0,101,4,0,0,0,42,0.04254162434089462,0.44071899790731833,0.0,0.0,0.99,8,exponential
q_learning,sparse_seed2,sparse,2,4a77b6e251,1802,225,-11.250000000000025,-10.250000000000023,0.05,0.15,0,out_of_energy,0,0,1,0,107,10,0,0,0,53,0.04406125768900078,0.4694734728418167,0.0,0.0,0.99,8,exponential
q_learning,sparse_seed2,sparse,2,4a77b6e251,1803,225,-11.250000000000025,-10.350000000000023,0.05,0.15,0,out_of_energy,0,0,1,0,92,15,0,0,0,51,0.04622625849691414,0.5691930130961673,0.0,0.0,0.99,8,exponential
q_learning,sparse_seed2,sparse,2,4a77b6e251,1804,225,-11.250000000000025,-10.450000000000022,0.05,0.15,0,out_of_energy,0,0,1,0,93,4,0,0,0,29,0.04459138297572786,0.4652780726341788,0.0,0.0,0.99,8,exponential
q_learning,sparse_seed2,sparse,2,4a77b6e251,1805,225,-11.250000000000025,-10.450000000000022,0.05,0.15,0,out_of_energy,0,0,1,0,90,12,0,0,0,46,0.04381238938370985,0.44266806566454414,0.0,0.0,0.99,8,exponential
q_learning,sparse_seed2,sparse,2,4a77b6e251,1806,225,-11.250000000000025,-10.450000000000022,0.05,0.15,0,out_of_energy,0,0,1,0,95,9,1,0,0,42,0.04484178790036645,0.4732163519478077,0.0,0.0,0.99,8,exponential
q_learning,sparse_seed2,sparse,2,4a77b6e251,1807,225,-11.250000000000025,-10.550000000000022,0.05,0.15,0,out_of_energy,0,0,1,0,89,28,0,0,0,35,0.04356003701039218,0.46179762261807383,0.0,0.0,0.99,8,exponential
q_learning,sparse_seed2,sparse,2,4a77b6e251,1808,225,-11.250000000000025,-10.550000000000022,0.05,0.15,0,out_of_energy,0,0,1,0,106,12,0,0,0,43,0.043263059062635244,0.46174481091393066,0.0,0.0,0.99,8,exponential
q_learning,sparse_seed2,sparse,2,4a77b6e251,1809,225,-11.250000000000025,-10.550000000000022,0.05,0.15,0,out_of_energy,0,0,1,0,92,12,0,0,0,39,0.04306998566888649,0.45671027313339546,0.0,0.0,0.99,8,exponential
q_learning,sparse_seed2,sparse,2,4a77b6e251,1810,225,-11.250000000000025,-10.650000000000023,0.05,0.15,0,out_of_energy,0,0,1,0,95,5,0,0,0,49,0.04425408651154581,0.468637242846035,0.0,0.0,0.99,8,exponential
q_learning,sparse_seed2,sparse,2,4a77b6e251,1811,225,-11.250000000000025,-10.650000000000023,0.05,0.15,0,out_of_energy,0,0,1,0,93,1,0,0,0,49,0.04413080959116695,0.4959896141326781,0.0,0.0,0.99,8,exponential
q_learning,sparse_seed2,sparse,2,4a77b6e251,1812,225,-11.250000000000025,-10.650000000000023,0.05,0.15,0,out_of_energy,0,0,1,0,90,10,0,0,0,39,0.04426387743247249,0.4509504045889193,0.0,0.0,0.99,8,exponential
q_learning,sparse_seed2,sparse,2,4a77b6e251,1813,225,-11.250000000000025,-10.750000000000023,0.05,0.15,0,out_of_energy,0,0,1,0,92,10,0,0,0,44,0.04405180671477759,0.5644339069712172,0.0,0.0,0.99,8,exponential
q_learning,sparse_seed2,sparse,2,4a77b6e251,1814,225,-11.250000000000025,-10.850000000000023,0.05,0.15,0,out_of_energy,0,0,1,0,91,19,1,0,0,44,0.046181752101807784,0.5776929598303073,0.0,0.0,0.99,8,exponential
q_learning,sparse_seed2,sparse,2,4a77b6e251,1815,225,-11.250000000000025,-10.950000000000022,0.05,0.15,0,out_of_energy,0,0,1,0,103,2,0,0,0,56,0.042946785161042,0.4215911720127764,0.0,0.0,0.99,8,exponential
q_learning,sparse_seed2,sparse,2,4a77b6e251,1816,225,-11.250000000000025,-10.950000000000022,0.05,0.15,0,out_of_energy,0,0,1,0,100,31,0,0,0,38,0.04193140893039931,0.37391701385846404,0.0,0.0,0.99,8,exponential
q_learning,sparse_seed2,sparse,2,4a77b6e251,1817,225,-11.250000000000025,-11.050000000000022,0.05,0.15,0,out_of_energy,0,0,1,0,103,20,0,0,0,40,0.04297491297939481,0.48220063307600286,0.0,0.0,0.99,8,exponential
q_learning,sparse_seed2,sparse,2,4a77b6e251,1818,225,-1.2499999999999822,-10.950000000000022,0.05,0.15,0,out_of_energy,0,0,1,0,93,14,0,0,1,41,0.09790932754039298,3.2883770986541805,0.0,0.0,0.99,8,exponential
q_learning,sparse_seed2,sparse,2,4a77b6e251,1819,225,-1.2499999999999911,-10.850000000000023,0.05,0.15,0,out_of_energy,0,0,1,0,84,28,0,0,1,46,0.12241466010623682,7.513363824041784,0.0,0.0,0.99,8,exponential
q_learning,sparse_seed2,sparse,2,4a77b6e251,1820,225,-11.250000000000025,-10.950000000000022,0.05,0.15,0,out_of_energy,0,0,1,0,104,23,0,0,0,45,0.04249499319590235,0.4369603406611211,0.0,0.0,0.99,8,exponential
q_learning,sparse_seed2,sparse,2,4a77b6e251,1821,225,-11.250000000000025,-10.950000000000022,0.05,0.15,0,out_of_energy,0,0,1,0,104,5,0,0,0,50,0.043122038492457646,0.49224335790694734,0.0,0.0,0.99,8,exponential
q_learning,sparse_seed2,sparse,2,4a77b6e251,1822,225,-11.250000000000025,-10.950000000000022,0.05,0.15,0,out_of_energy,0,0,1,0,97,14,0,0,0,49,0.043502028195146675,0.49405507445418856,0.0,0.0,0.99,8,exponential
q_learning,sparse_seed2,sparse,2,4a77b6e251,1823,225,-1.2499999999999971,-10.850000000000023,0.05,0.15,0,out_of_energy,0,0,1,0,104,13,0,0,1,42,0.08077277898012461,2.7977973848109325,0.0,0.0,0.99,8,exponential
q_learning,sparse_seed2,sparse,2,4a77b6e251,1824,225,-1.2499999999999822,-10.750000000000023,0.05,0.15,0,out_of_energy,0,0,1,0,101,8,0,0,1,48,0.08824878334884187,3.214313384246581,0.0,0.0,0.99,8,exponential
q_learning,sparse_seed2,sparse,2,4a77b6e251,1825,225,-11.250000000000025,-10.750000000000023,0.05,0.15,0,out_of_energy,0,0,1,0,112,5,0,0,0,55,0.04270468695825074,0.2696376923657777,0.0,0.0,0.99,8,exponential
q_learning,sparse_seed2,sparse,2,4a77b6e251,1826,225,-11.250000000000025,-10.750000000000023,0.05,0.15,0,out_of_energy,0,0,1,0,98,6,0,0,0,48,0.043482175831756585,0.32708731691168846,0.0,0.0,0.99,8,exponential
q_learning,sparse_seed2,sparse,2,4a77b6e251,1827,225,-11.250000000000025,-10.850000000000023,0.05,0.15,0,out_of_energy,0,0,1,0,99,22,0,0,0,46,0.04451652492119567,0.46350465083195885,0.0,0.0,0.99,8,exponential
q_learning,sparse_seed2,sparse,2,4a77b6e251,1828,225,-11.250000000000025,-10.850000000000023,0.05,0.15,0,out_of_energy,0,0,1,0,94,15,0,0,0,47,0.04279245686468406,0.40077527788914635,0.0,0.0,0.99,8,exponential
q_learning,sparse_seed2,sparse,2,4a77b6e251,1829,225,-1.2499999999999822,-10.750000000000023,0.05,0.15,0,out_of_energy,0,0,1,0,92,7,0,0,1,45,0.12799082604217912,3.493479530797795,0.0,0.0,0.99,8,exponential
q_learning,sparse_seed2,sparse,2,4a77b6e251,1830,225,-1.2499999999999822,-10.650000000000023,0.05,0.15,0,out_of_energy,0,0,1,0,89,4,0,0,1,42,0.11146905490689933,4.591254479291774,0.0,0.0,0.99,8,exponential
q_learning,sparse_seed2,sparse,2,4a77b6e251,1831,225,-11.250000000000025,-10.650000000000023,0.05,0.15,0,out_of_energy,0,0,1,0,98,12,0,0,0,50,0.044598170222781314,0.4818598342766853,0.0,0.0,0.99,8,exponential
q_learning,sparse_seed2,sparse,2,4a77b6e251,1832,225,-11.250000000000025,-10.650000000000023,0.05,0.15,0,out_of_energy,0,0,1,0,84,7,0,0,0,46,0.04345747377240792,0.4809175646883522,0.0,0.0,0.99,8,exponential
q_learning,sparse_seed2,sparse,2,4a77b6e251,1833,225,-11.250000000000025,-10.650000000000023,0.05,0.15,0,out_of_energy,0,0,1,0,101,39,0,0,0,39,0.04329274042155573,0.45561955283906724,0.0,0.0,0.99,8,exponential
q_learning,sparse_seed2,sparse,2,4a77b6e251,1834,225,-1.2499999999999822,-10.550000000000022,0.05,0.15,0,out_of_energy,0,0,1,0,95,10,0,0,1,44,0.1467572542532914,5.5888491990481945,0.0,0.0,0.99,8,exponential
q_learning,sparse_seed2,sparse,2,4a77b6e251,1835,225,-11.250000000000025,-10.550000000000022,0.05,0.15,0,out_of_energy,0,0,1,0,103,33,0,0,0,43,0.04347788079605899,0.47611556976664166,0.0,0.0,0.99,8,exponential
q_learning,sparse_seed2,sparse,2,4a77b6e251,1836,225,-11.250000000000025,-10.550000000000022,0.05,0.15,0,out_of_energy,0,0,1,0,90,21,0,0,0,47,0.04338727839777176,0.5037188861977964,0.0,0.0,0.99,8,exponential
q_learning,sparse_seed2,sparse,2,4a77b6e251,1837,225,-1.2499999999999822,-10.450000000000022,0.05,0.15,0,out_of_energy,0,0,1,0,103,12,0,0,1,47,0.1006257181803354,3.0605262185606215,0.0,0.0,0.99,8,exponential
q_learning,sparse_seed2,sparse,2,4a77b6e251,1838,225,-11.250000000000025,-10.450000000000022,0.05,0.15,0,out_of_energy,0,0,1,0,87,25,0,0,0,41,0.04510907515514111,0.5177193372528308,0.0,0.0,0.99,8,exponential
q_learning,sparse_seed2,sparse,2,4a77b6e251,1839,225,-1.2499999999999822,-10.350000000000023,0.05,0.15,0,out_of_energy,0,0,1,0,93,14,0,0,1,48,0.08298026537912281,2.478513083097674,0.0,0.0,0.99,8,exponential
q_learning,sparse_seed2,sparse,2,4a77b6e251,1840,225,-1.2499999999999822,-10.250000000000023,0.05,0.15,0,out_of_energy,0,0,1,0,83,7,0,0,1,38,0.13275890803054335,5.439136315063189,0.0,0.0,0.99,8,exponential
q_learning,sparse_seed2,sparse,2,4a77b6e251,1841,225,-11.250000000000025,-10.250000000000023,0.05,0.15,0,out_of_energy,0,0,1,0,93,19,2,0,0,45,0.045672158807247676,0.4903724856662051,0.0,0.0,0.99,8,exponential
q_learning,sparse_seed2,sparse,2,4a77b6e251,1842,225,-1.2499999999999825,-10.150000000000023,0.05,0.15,0,out_of_energy,0,0,1,0,91,17,0,0,1,38,0.08038515284019995,2.364153613650823,0.0,0.0,0.99,8,exponential
q_learning,sparse_seed2,sparse,2,4a77b6e251,1843,225,-11.250000000000025,-10.150000000000023,0.05,0.15,0,out_of_energy,0,0,1,0,93,4,0,0,0,48,0.043167917650510895,0.48556975063882296,0.0,0.0,0.99,8,exponential
q_learning,sparse_seed2,sparse,2,4a77b6e251,1844,225,-11.250000000000025,-10.150000000000022,0.05,0.15,0,out_of_energy,0,0,1,0,79,14,2,0,0,34,0.048594558864984476,0.5073401360987808,0.0,0.0,0.99,8,exponential
q_learning,sparse_seed2,sparse,2,4a77b6e251,1845,225,-11.250000000000025,-10.150000000000023,0.05,0.15,0,out_of_energy,0,0,1,0,90,3,0,0,0,43,0.04407315136469825,0.47295031418790295,0.0,0.0,0.99,8,exponential
q_learning,sparse_seed2,sparse,2,4a77b6e251,1846,225,-11.250000000000025,-10.15000000000002,0.05,0.15,0,out_of_energy,0,0,1,0,92,17,4,0,0,36,0.04463470884988166,0.4373396741336548,0.0,0.0,0.99,8,exponential
q_learning,sparse_seed2,sparse,2,4a77b6e251,1847,225,-11.250000000000025,-10.150000000000022,0.05,0.15,0,out_of_energy,0,0,1,0,94,15,0,0,0,42,0.043104258042458654,0.46159961009356615,0.0,0.0,0.99,8,exponential
q_learning,sparse_seed2,sparse,2,4a77b6e251,1848,225,-11.250000000000025,-10.15000000000002,0.05,0.15,0,out_of_energy,0,0,1,0,98,11,0,0,0,55,0.04496379912142945,0.4810379450432601,0.0,0.0,0.99,8,exponential
q_learning,sparse_seed2,sparse,2,4a77b6e251,1849,225,-11.250000000000025,-10.150000000000022,0.05,0.15,0,out_of_energy,0,0,1,0,110,16,0,0,0,35,0.04385823815270903,0.47642900645418246,0.0,0.0,0.99,8,exponential
q_learning,sparse_seed2,sparse,2,4a77b6e251,1850,225,-11.250000000000025,-10.15000000000002,0.05,0.15,0,out_of_energy,0,0,1,0,96,10,0,0,0,51,0.04120952234092908,0.1545203210966355,0.0,0.0,0.99,8,exponential
q_learning,sparse_seed2,sparse,2,4a77b6e251,1851,225,-11.250000000000025,-10.150000000000022,0.05,0.15,0,out_of_energy,0,0,1,0,106,7,0,0,0,48,0.04376725575194248,0.4668464039101686,0.0,0.0,0.99,8,exponential
q_learning,sparse_seed2,sparse,2,4a77b6e251,1852,225,-11.250000000000025,-10.15000000000002,0.05,0.15,0,out_of_energy,0,0,1,0,90,40,0,0,0,46,0.04443207545750757,0.4929576305606806,0.0,0.0,0.99,8,exponential
q_learning,sparse_seed2,sparse,2,4a77b6e251,1853,225,-11.250000000000025,-10.150000000000022,0.05,0.15,0,out_of_energy,0,0,1,0,101,12,0,0,0,50,0.04519984623476562,0.5252680404963008,0.0,0.0,0.99,8,exponential
q_learning,sparse_seed2,sparse,2,4a77b6e251,1854,225,-11.250000000000025,-10.15000000000002,0.05,0.15,0,out_of_energy,0,0,1,0,104,24,0,0,0,57,0.043220057369958105,0.48639334638998893,0.0,0.0,0.99,8,exponential
q_learning,sparse_seed2,sparse,2,4a77b6e251,1855,225,-11.250000000000025,-10.150000000000022,0.05,0.15,0,out_of_energy,0,0,1,0,97,29,0,0,0,43,0.0444367932746823,0.46311722076227707,0.0,0.0,0.99,8,exponential
q_learning,sparse_seed2,sparse,2,4a77b6e251,1856,225,-11.250000000000025,-10.15000000000002,0.05,0.15,0,out_of_energy,0,0,1,0,103,8,0,0,0,56,0.04176911388126063,0.3123806405281012,0.0,0.0,0.99,8,exponential
q_learning,sparse_seed2,sparse,2,4a77b6e251,1857,225,-11.250000000000025,-10.150000000000022,0.05,0.15,0,out_of_energy,0,0,1,0,98,9,0,0,0,42,0.0429687563331485,0.4636130895115434,0.0,0.0,0.99,8,exponential
q_learning,sparse_seed2,sparse,2,4a77b6e251,1858,225,-11.250000000000025,-10.15000000000002,0.05,0.15,0,out_of_energy,0,0,1,0,98,18,0,0,0,43,0.043684329359247175,0.460185167509974,0.0,0.0,0.99,8,exponential
q_learning,sparse_seed2,sparse,2,4a77b6e251,1859,225,-11.250000000000025,-10.150000000000022,0.05,0.15,0,out_of_energy,0,0,1,0,95,20,0,0,0,56,0.043006294239910654,0.5103850853472548,0.0,0.0,0.99,8,exponential
q_learning,sparse_seed2,sparse,2,4a77b6e251,1860,225,-11.250000000000025,-10.15000000000002,0.05,0.15,0,out_of_energy,0,0,1,0,94,12,0,0,0,36,0.04666353738056065,0.49151722863245323,0.0,0.0,0.99,8,exponential
q_learning,sparse_seed2,sparse,2,4a77b6e251,1861,225,-11.250000000000025,-10.150000000000022,0.05,0.15,0,out_of_energy,0,0,1,0,113,7,0,0,0,55,0.043383930270399246,0.42582297626979737,0.0,0.0,0.99,8,exponential
q_learning,sparse_seed2,sparse,2,4a77b6e251,1862,225,-11.250000000000025,-10.15000000000002,0.05,0.15,0,out_of_energy,0,0,1,0,99,15,2,0,0,39,0.04574623758511332,0.4980266998498941,0.0,0.0,0.99,8,exponential
q_learning,sparse_seed2,sparse,2,4a77b6e251,1863,225,-11.250000000000025,-10.150000000000022,0.05,0.15,0,out_of_energy,0,0,1,0,123,3,0,0,0,44,0.0457442196496934,0.47354329845122517,0.0,0.0,0.99,8,exponential
q_learning,sparse_seed2,sparse,2,4a77b6e251,1864,225,-11.250000000000025,-10.15000000000002,0.05,0.15,0,out_of_energy,0,0,1,0,100,13,0,0,0,45,0.04447354859724164,0.4664118906860703,0.0,0.0,0.99,8,exponential
q_learning,sparse_seed2,sparse,2,4a77b6e251,1865,225,-11.250000000000025,-10.150000000000022,0.05,0.15,0,out_of_energy,0,0,1,0,90,42,0,0,0,34,0.043860833775570034,0.4337979545108562,0.0,0.0,0.99,8,exponential
q_learning,sparse_seed2,sparse,2,4a77b6e251,1866,225,-11.250000000000025,-10.15000000000002,0.05,0.15,0,out_of_energy,0,0,1,0,97,39,3,0,0,38,0.04569585410072643,0.570458532302097,0.0,0.0,0.99,8,exponential
q_learning,sparse_seed2,sparse,2,4a77b6e251,1867,225,-11.250000000000025,-10.150000000000022,0.05,0.15,0,out_of_energy,0,0,1,0,91,4,0,0,0,40,0.04445500924379456,0.4730473890597912,0.0,0.0,0.99,8,exponential
q_learning,sparse_seed2,sparse,2,4a77b6e251,1868,225,-11.250000000000025,-10.15000000000002,0.05,0.15,0,out_of_energy,0,0,1,0,93,17,0,0,0,42,0.04540829009725919,0.49835946289866756,0.0,0.0,0.99,8,exponential
q_learning,sparse_seed2,sparse,2,4a77b6e251,1869,225,-1.2499999999999898,-10.050000000000022,0.05,0.15,0,out_of_energy,0,0,1,0,105,9,0,0,1,46,0.08750466001474937,2.769376901585665,0.0,0.0,0.99,8,exponential
q_learning,sparse_seed2,sparse,2,4a77b6e251,1870,225,-11.250000000000025,-10.05000000000002,0.05,0.15,0,out_of_energy,0,0,1,0,100,11,0,0,0,41,0.04518192030274068,0.4770752122277709,0.0,0.0,0.99,8,exponential
q_learning,sparse_seed2,sparse,2,4a77b6e251,1871,225,-11.250000000000025,-10.050000000000022,0.05,0.15,0,out_of_energy,0,0,1,0,77,15,1,0,0,44,0.04513826835093865,0.4738415326302254,0.0,0.0,0.99,8,exponential
q_learning,sparse_seed2,sparse,2,4a77b6e251,1872,225,-11.250000000000025,-10.05000000000002,0.05,0.15,0,out_of_energy,0,0,1,0,87,8,0,0,0,43,0.04460988870790313,0.47649506145501547,0.0,0.0,0.99,8,exponential
q_learning,sparse_seed2,sparse,2,4a77b6e251,1873,225,-11.250000000000025,-10.050000000000022,0.05,0.15,0,out_of_energy,0,0,1,0,98,33,0,0,0,46,0.04642019946685301,0.5108852020932032,0.0,0.0,0.99,8,exponential
q_learning,sparse_seed2,sparse,2,4a77b6e251,1874,225,-11.250000000000025,-10.05000000000002,0.05,0.15,0,out_of_energy,0,0,1,0,98,6,0,0,0,48,0.08403725577904522,5.04418723684874,0.0,0.0,0.99,8,exponential
q_learning,sparse_seed2,sparse,2,4a77b6e251,1875,225,-11.250000000000025,-10.05000000000002,0.05,0.15,0,out_of_energy,0,0,1,0,101,20,0,0,0,43,0.04298042333341955,0.5725015623182415,0.0,0.0,0.99,8,exponential
q_learning,sparse_seed2,sparse,2,4a77b6e251,1876,225,-1.2499999999999822,-9.95000000000002,0.05,0.15,0,out_of_energy,0,0,1,0,95,8,0,0,1,51,0.16263937668418013,6.947568108315645,0.0,0.0,0.99,8,exponential
q_learning,sparse_seed2,sparse,2,4a77b6e251,1877,225,-11.250000000000025,-9.950000000000022,0.05,0.15,0,out_of_energy,0,0,1,0,112,26,0,0,0,51,0.04491154662540331,0.47462698295992606,0.0,0.0,0.99,8,exponential
q_learning,sparse_seed2,sparse,2,4a77b6e251,1878,225,-1.2499999999999822,-9.850000000000021,0.05,0.15,0,out_of_energy,0,0,1,0,101,10,0,0,1,33,0.07877434127021216,2.2451195295033255,0.0,0.0,0.99,8,exponential
q_learning,sparse_seed2,sparse,2,4a77b6e251,1879,225,-11.250000000000025,-9.850000000000021,0.05,0.15,0,out_of_energy,0,0,1,0,94,15,0,0,0,42,0.04434292937884927,0.49444531015436427,0.0,0.0,0.99,8,exponential
q_learning,sparse_seed2,sparse,2,4a77b6e251,1880,225,-1.2499999999999822,-9.750000000000021,0.05,0.15,0,out_of_energy,0,0,1,0,81,9,0,0,1,40,0.1284059492509536,6.909894321581691,0.0,0.0,0.99,8,exponential
q_learning,sparse_seed2,sparse,2,4a77b6e251,1881,225,-11.250000000000025,-9.750000000000021,0.05,0.15,0,out_of_energy,0,0,1,0,94,14,0,0,0,47,0.04452474184893551,0.5000444526618127,0.0,0.0,0.99,8,exponential
q_learning,sparse_seed2,sparse,2,4a77b6e251,1882,225,-1.2499999999999822,-9.65000000000002,0.05,0.15,0,out_of_energy,0,0,1,0,102,9,0,0,1,54,0.08014839246690933,2.132927103055671,0.0,0.0,0.99,8,exponential
q_learning,sparse_seed2,sparse,2,4a77b6e251,1883,225,-1.2500000000000215,-9.55000000000002,0.05,0.15,0,out_of_energy,0,0,1,0,103,23,0,0,1,35,0.08117104304729666,3.8898028656746426,0.0,0.0,0.99,8,exponential
q_learning,sparse_seed2,sparse,2,4a77b6e251,1884,225,-11.250000000000025,-9.55000000000002,0.05,0.15,0,out_of_energy,0,0,1,0,93,10,0,0,0,49,0.045290232306950645,0.5182059033360538,0.0,0.0,0.99,8,exponential
q_learning,sparse_seed2,sparse,2,4a77b6e251,1885,225,-11.250000000000025,-9.55000000000002,0.05,0.15,0,out_of_energy,0,0,1,0,93,14,0,0,0,39,0.045575874915797045,0.4829660972032966,0.0,0.0,0.99,8,exponential
q_learning,sparse_seed2,sparse,2,4a77b6e251,1886,225,-11.250000000000025,-9.550000000000018,0.05,0.15,0,out_of_energy,0,0,1,0,91,22,0,0,0,42,0.04465686638013138,0.4981781670075925,0.0,0.0,0.99,8,exponential
q_learning,sparse_seed2,sparse,2,4a77b6e251,1887,225,-11.250000000000025,-9.55000000000002,0.05,0.15,0,out_of_energy,0,0,1,0,104,27,1,0,0,49,0.04367206998262667,0.4497509064536441,0.0,0.0,0.99,8,exponential
q_learning,sparse_seed2,sparse,2,4a77b6e251,1888,225,-11.250000000000025,-9.550000000000018,0.05,0.15,0,out_of_energy,0,0,1,0,88,4,0,0,0,37,0.043430724891408486,0.49846449453017255,0.0,0.0,0.99,8,exponential
q_learning,sparse_seed2,sparse,2,4a77b6e251,1889,225,-11.250000000000025,-9.550000000000018,0.05,0.15,0,out_of_energy,0,0,1,0,99,14,0,0,0,47,0.04467236526761498,0.5519132426576527,0.0,0.0,0.99,8,exponential
q_learning,sparse_seed2,sparse,2,4a77b6e251,1890,225,-11.250000000000025,-9.550000000000018,0.05,0.15,0,out_of_energy,0,0,1,0,103,0,0,0,0,44,0.043861661758796876,0.4691785698071334,0.0,0.0,0.99,8,exponential
q_learning,sparse_seed2,sparse,2,4a77b6e251,1891,225,-11.250000000000025,-9.55000000000002,0.05,0.15,0,out_of_energy,0,0,1,0,94,0,0,0,0,49,0.0431070539458311,0.47466816752084,0.0,0.0,0.99,8,exponential
q_learning,sparse_seed2,sparse,2,4a77b6e251,1892,225,-11.250000000000025,-9.550000000000018,0.05,0.15,0,out_of_energy,0,0,1,0,88,7,0,0,0,36,0.043837370319926544,0.4874089000386918,0.0,0.0,0.99,8,exponential
q_learning,sparse_seed2,sparse,2,4a77b6e251,1893,225,-11.250000000000025,-9.550000000000018,0.05,0.15,0,out_of_energy,0,0,1,0,92,18,0,0,0,43,0.044028800697470255,0.4467951129915079,0.0,0.0,0.99,8,exponential
q_learning,sparse_seed2,sparse,2,4a77b6e251,1894,225,-11.250000000000025,-9.550000000000018,0.05,0.15,0,out_of_energy,0,0,1,0,94,10,0,0,0,40,0.04250175706364567,0.3110894019595916,0.0,0.0,0.99,8,exponential
q_learning,sparse_seed2,sparse,2,4a77b6e251,1895,225,-11.250000000000025,-9.55000000000002,0.05,0.15,0,out_of_energy,0,0,1,0,89,18,4,0,0,53,0.04329687196592828,0.4978421916853151,0.0,0.0,0.99,8,exponential
q_learning,sparse_seed2,sparse,2,4a77b6e251,1896,225,-11.250000000000025,-9.550000000000018,0.05,0.15,0,out_of_energy,0,0,1,0,86,2,0,0,0,51,0.04682429543666543,0.5962573317177089,0.0,0.0,0.99,8,exponential
q_learning,sparse_seed2,sparse,2,4a77b6e251,1897,225,-11.250000000000025,-9.550000000000018,0.05,0.15,0,out_of_energy,0,0,1,0,105,7,0,0,0,46,0.04344078394469806,0.3832909069027137,0.0,0.0,0.99,8,exponential
q_learning,sparse_seed2,sparse,2,4a77b6e251,1898,225,-11.250000000000025,-9.550000000000018,0.05,0.15,0,out_of_energy,0,0,1,0,82,6,1,0,0,39,0.04809000084512661,0.6665691225057926,0.0,0.0,0.99,8,exponential
q_learning,sparse_seed2,sparse,2,4a77b6e251,1899,225,-11.250000000000025,-9.55000000000002,0.05,0.15,0,out_of_energy,0,0,1,0,94,10,0,0,0,40,0.04561971423768643,0.6855016129332926,0.0,0.0,0.99,8,exponential
q_learning,sparse_seed2,sparse,2,4a77b6e251,1900,225,-11.250000000000025,-9.550000000000018,0.05,0.15,0,out_of_energy,0,0,1,0,118,15,0,0,0,44,0.04552938168420432,0.5018474988273102,0.0,0.0,0.99,8,exponential
q_learning,sparse_seed2,sparse,2,4a77b6e251,1901,225,-11.250000000000025,-9.550000000000018,0.05,0.15,0,out_of_energy,0,0,1,0,90,5,6,0,0,52,0.044222604052466884,0.5589425439553208,0.0,0.0,0.99,8,exponential
q_learning,sparse_seed2,sparse,2,4a77b6e251,1902,225,-11.250000000000025,-9.550000000000018,0.05,0.15,0,out_of_energy,0,0,1,0,84,3,0,0,0,51,0.0440137725467759,0.45933286009906954,0.0,0.0,0.99,8,exponential
q_learning,sparse_seed2,sparse,2,4a77b6e251,1903,225,-11.250000000000025,-9.55000000000002,0.05,0.15,0,out_of_energy,0,0,1,0,98,6,0,0,0,53,0.04304740092720903,0.47119566934436125,0.0,0.0,0.99,8,exponential
q_learning,sparse_seed2,sparse,2,4a77b6e251,1904,225,-11.250000000000025,-9.550000000000018,0.05,0.15,0,out_of_energy,0,0,1,0,88,6,0,0,0,50,0.0442177800512733,0.4830501399530351,0.0,0.0,0.99,8,exponential
q_learning,sparse_seed2,sparse,2,4a77b6e251,1905,225,-11.250000000000025,-9.550000000000018,0.05,0.15,0,out_of_energy,0,0,1,0,93,2,5,0,0,47,0.04772726492180777,0.6739270513834447,0.0,0.0,0.99,8,exponential
q_learning,sparse_seed2,sparse,2,4a77b6e251,1906,225,-11.250000000000025,-9.550000000000018,0.05,0.15,0,out_of_energy,0,0,1,0,106,0,0,0,0,46,0.04403669301729901,0.4134343444314906,0.0,0.0,0.99,8,exponential
q_learning,sparse_seed2,sparse,2,4a77b6e251,1907,225,-11.250000000000025,-9.55000000000002,0.05,0.15,0,out_of_energy,0,0,1,0,94,13,2,0,0,41,0.04758678471440911,0.6716905931898821,0.0,0.0,0.99,8,exponential
q_learning,sparse_seed2,sparse,2,4a77b6e251,1908,225,-11.250000000000025,-9.550000000000018,0.05,0.15,0,out_of_energy,0,0,1,0,122,17,0,0,0,47,0.045658086767231494,0.5140729653445858,0.0,0.0,0.99,8,exponential
q_learning,sparse_seed2,sparse,2,4a77b6e251,1909,225,-11.250000000000025,-9.550000000000018,0.05,0.15,0,out_of_energy,0,0,1,0,94,15,0,0,0,45,0.04494471355217218,0.571686288184581,0.0,0.0,0.99,8,exponential
q_learning,sparse_seed2,sparse,2,4a77b6e251,1910,225,-11.250000000000025,-9.550000000000018,0.05,0.15,0,out_of_energy,0,0,1,0,87,18,0,0,0,50,0.043766320172393146,0.4579020543257741,0.0,0.0,0.99,8,exponential
q_learning,sparse_seed2,sparse,2,4a77b6e251,1911,225,-11.250000000000025,-9.55000000000002,0.05,0.15,0,out_of_energy,0,0,1,0,86,31,0,0,0,43,0.04574895589835388,0.6641915488685033,0.0,0.0,0.99,8,exponential
q_learning,sparse_seed2,sparse,2,4a77b6e251,1912,225,-11.250000000000025,-9.550000000000018,0.05,0.15,0,out_of_energy,0,0,1,0,82,6,3,0,0,34,0.0483641828727824,0.6170838568513464,0.0,0.0,0.99,8,exponential
q_learning,sparse_seed2,sparse,2,4a77b6e251,1913,225,-11.250000000000025,-9.550000000000018,0.05,0.15,0,out_of_energy,0,0,1,0,98,8,0,0,0,44,0.04397337090195185,0.4229370670754826,0.0,0.0,0.99,8,exponential
q_learning,sparse_seed2,sparse,2,4a77b6e251,1914,225,-11.250000000000025,-9.550000000000018,0.05,0.15,0,out_of_energy,0,0,1,0,91,21,1,0,0,41,0.04574311563912473,0.5760149544024551,0.0,0.0,0.99,8,exponential
q_learning,sparse_seed2,sparse,2,4a77b6e251,1915,225,-11.250000000000025,-9.55000000000002,0.05,0.15,0,out_of_energy,0,0,1,0,95,33,0,0,0,44,0.045509515038296984,0.6655668671829381,0.0,0.0,0.99,8,exponential
q_learning,sparse_seed2,sparse,2,4a77b6e251,1916,225,-1.2500000000000229,-9.450000000000019,0.05,0.15,0,out_of_energy,0,0,1,0,101,14,0,0,1,51,0.08147878463563449,3.5011472055457205,0.0,0.0,0.99,8,exponential
q_learning,sparse_seed2,sparse,2,4a77b6e251,1917,225,-11.250000000000025,-9.450000000000019,0.05,0.15,0,out_of_energy,0,0,1,0,84,14,4,0,0,48,0.044922746161440215,0.563581595822098,0.0,0.0,0.99,8,exponential
q_learning,sparse_seed2,sparse,2,4a77b6e251,1918,225,-11.250000000000025,-9.55000000000002,0.05,0.15,0,out_of_energy,0,0,1,0,90,1,0,0,0,48,0.04387658702872818,0.48844622833772106,0.0,0.0,0.99,8,exponential
q_learning,sparse_seed2,sparse,2,4a77b6e251,1919,225,-11.250000000000025,-9.65000000000002,0.05,0.15,0,out_of_energy,0,0,1,0,95,14,0,0,0,45,0.043443636234964944,0.46233659478304173,0.0,0.0,0.99,8,exponential
q_learning,sparse_seed2,sparse,2,4a77b6e251,1920,225,-11.250000000000025,-9.65000000000002,0.05,0.15,0,out_of_energy,0,0,1,0,97,21,6,0,0,51,0.04432093386982023,0.4636826999967992,0.0,0.0,0.99,8,exponential
q_learning,sparse_seed2,sparse,2,4a77b6e251,1921,225,-11.250000000000025,-9.65000000000002,0.05,0.15,0,out_of_energy,0,0,1,0,101,11,0,0,0,42,0.044549490602575285,0.4702487725232524,0.0,0.0,0.99,8,exponential
q_learning,sparse_seed2,sparse,2,4a77b6e251,1922,225,-11.250000000000025,-9.65000000000002,0.05,0.15,0,out_of_energy,0,0,1,0,102,33,2,0,0,38,0.04620780529176479,0.5170657847178717,0.0,0.0,0.99,8,exponential
q_learning,sparse_seed2,sparse,2,4a77b6e251,1923,225,-11.250000000000025,-9.750000000000021,0.05,0.15,0,out_of_energy,0,0,1,0,86,31,1,0,0,45,0.04592363877658214,0.562525465241055,0.0,0.0,0.99,8,exponential
q_learning,sparse_seed2,sparse,2,4a77b6e251,1924,225,-11.250000000000025,-9.850000000000021,0.05,0.15,0,out_of_energy,0,0,1,0,97,20,6,0,0,40,0.046321753572646555,0.729911032366832,0.0,0.0,0.99,8,exponential
q_learning,sparse_seed2,sparse,2,4a77b6e251,1925,225,-11.250000000000025,-9.850000000000021,0.05,0.15,0,out_of_energy,0,0,1,0,80,28,0,0,0,60,0.04678485800024376,0.4886461082756685,0.0,0.0,0.99,8,exponential
q_learning,sparse_seed2,sparse,2,4a77b6e251,1926,225,-11.250000000000025,-9.850000000000021,0.05,0.15,0,out_of_energy,0,0,1,0,80,14,0,0,0,49,0.04602259408906692,0.7325431759304087,0.0,0.0,0.99,8,exponential
q_learning,sparse_seed2,sparse,2,4a77b6e251,1927,225,-11.250000000000025,-9.850000000000021,0.05,0.15,0,out_of_energy,0,0,1,0,86,7,3,0,0,37,0.04636519349414102,0.7327126105733518,0.0,0.0,0.99,8,exponential
q_learning,sparse_seed2,sparse,2,4a77b6e251,1928,225,-11.250000000000025,-9.850000000000021,0.05,0.15,0,out_of_energy,0,0,1,0,100,14,0,0,0,47,0.044307208171012843,0.47935365476209385,0.0,0.0,0.99,8,exponential
q_learning,sparse_seed2,sparse,2,4a77b6e251,1929,225,-11.250000000000025,-9.95000000000002,0.05,0.15,0,out_of_energy,0,0,1,0,99,12,0,0,0,47,0.0435267645603345,0.4667801264867691,0.0,0.0,0.99,8,exponential
q_learning,sparse_seed2,sparse,2,4a77b6e251,1930,225,-11.250000000000025,-10.050000000000022,0.05,0.15,0,out_of_energy,0,0,1,0,98,10,0,0,0,48,0.04274198491760373,0.46411269511607084,0.0,0.0,0.99,8,exponential
q_learning,sparse_seed2,sparse,2,4a77b6e251,1931,225,-11.250000000000025,-10.050000000000022,0.05,0.15,0,out_of_energy,0,0,1,0,89,12,2,0,0,38,0.04497562675767142,0.6657473524160596,0.0,0.0,0.99,8,exponential
q_learning,sparse_seed2,sparse,2,4a77b6e251,1932,225,-11.250000000000025,-10.050000000000022,0.05,0.15,0,out_of_energy,0,0,1,0,85,12,0,0,0,47,0.0460602479130042,0.6947613351782734,0.0,0.0,0.99,8,exponential
q_learning,sparse_seed2,sparse,2,4a77b6e251,1933,225,-11.250000000000025,-10.050000000000022,0.05,0.15,0,out_of_energy,0,0,1,0,96,20,0,0,0,50,0.0441140021229533,0.519927811892082,0.0,0.0,0.99,8,exponential
q_learning,sparse_seed2,sparse,2,4a77b6e251,1934,225,-11.250000000000025,-10.150000000000023,0.05,0.15,0,out_of_energy,0,0,1,0,98,8,0,0,0,61,0.043515953619709086,0.4638630560036598,0.0,0.0,0.99,8,exponential
q_learning,sparse_seed2,sparse,2,4a77b6e251,1935,225,-11.250000000000025,-10.150000000000023,0.05,0.15,0,out_of_energy,0,0,1,0,90,14,0,0,0,42,0.04478802446767882,0.5964128571286711,0.0,0.0,0.99,8,exponential
q_learning,sparse_seed2,sparse,2,4a77b6e251,1936,225,-11.250000000000025,-10.150000000000022,0.05,0.15,0,out_of_energy,0,0,1,0,102,4,0,0,0,28,0.04659332875051264,0.6515679506218361,0.0,0.0,0.99,8,exponential
q_learning,sparse_seed2,sparse,2,4a77b6e251,1937,225,-1.2500000000000155,-10.150000000000023,0.05,0.15,0,out_of_energy,0,0,1,0,97,8,0,0,1,42,0.08259735128920875,3.179038159852168,0.0,0.0,0.99,8,exponential
q_learning,sparse_seed2,sparse,2,4a77b6e251,1938,225,-11.250000000000025,-10.150000000000023,0.05,0.15,0,out_of_energy,0,0,1,0,96,2,0,0,0,39,0.04490752032626863,0.49207388264719315,0.0,0.0,0.99,8,exponential
q_learning,sparse_seed2,sparse,2,4a77b6e251,1939,225,-11.250000000000025,-10.250000000000023,0.05,0.15,0,out_of_energy,0,0,1,0,86,7,0,0,0,39,0.04504768797819541,0.4981034959423563,0.0,0.0,0.99,8,exponential
q_learning,sparse_seed2,sparse,2,4a77b6e251,1940,225,-11.250000000000025,-10.350000000000023,0.05,0.15,0,out_of_energy,0,0,1,0,100,10,1,0,0,45,0.043316362489857506,0.5169719451054174,0.0,0.0,0.99,8,exponential
q_learning,sparse_seed2,sparse,2,4a77b6e251,1941,225,-11.250000000000025,-10.350000000000023,0.05,0.15,0,out_of_energy,0,0,1,0,113,16,0,0,0,48,0.045917798765504905,0.4992507973095324,0.0,0.0,0.99,8,exponential
q_learning,sparse_seed2,sparse,2,4a77b6e251,1942,225,-1.2499999999999822,-10.350000000000023,0.05,0.15,0,out_of_energy,0,0,1,0,98,4,0,0,1,43,0.11455108989762122,3.0996519422707483,0.0,0.0,0.99,8,exponential
q_learning,sparse_seed2,sparse,2,4a77b6e251,1943,225,-1.2499999999999822,-10.250000000000023,0.05,0.15,0,out_of_energy,0,0,1,0,104,15,0,0,1,46,0.08332124218007335,2.0258546596558347,0.0,0.0,0.99,8,exponential
q_learning,sparse_seed2,sparse,2,4a77b6e251,1944,225,-11.250000000000025,-10.250000000000023,0.05,0.15,0,out_of_energy,0,0,1,0,101,3,0,0,0,45,0.04373462505336898,0.5157529832081111,0.0,0.0,0.99,8,exponential
q_learning,sparse_seed2,sparse,2,4a77b6e251,1945,225,-11.250000000000025,-10.250000000000023,0.05,0.15,0,out_of_energy,0,0,1,0,95,36,0,0,0,39,0.04616927148071876,0.6053589164180726,0.0,0.0,0.99,8,exponential
q_learning,sparse_seed2,sparse,2,4a77b6e251,1946,225,-11.250000000000025,-10.250000000000023,0.05,0.15,0,out_of_energy,0,0,1,0,93,0,1,0,0,57,0.04457067564764821,0.5095936083455543,0.0,0.0,0.99,8,exponential
q_learning,sparse_seed2,sparse,2,4a77b6e251,1947,225,-11.250000000000025,-10.250000000000023,0.05,0.15,0,out_of_energy,0,0,1,0,93,14,0,0,0,47,0.04355079335687514,0.4967239271203184,0.0,0.0,0.99,8,exponential
q_learning,sparse_seed2,sparse,2,4a77b6e251,1948,225,-11.250000000000025,-10.250000000000023,0.05,0.15,0,out_of_energy,0,0,1,0,85,12,2,0,0,49,0.04562351839230187,0.49701361390485027,0.0,0.0,0.99,8,exponential
q_learning,sparse_seed2,sparse,2,4a77b6e251,1949,225,-1.2499999999999822,-10.150000000000023,0.05,0.15,0,out_of_energy,0,0,1,0,95,20,0,0,1,54,0.16242376093287622,4.750517237061236,0.0,0.0,0.99,8,exponential
q_learning,sparse_seed2,sparse,2,4a77b6e251,1950,225,-11.250000000000025,-10.150000000000023,0.05,0.15,0,out_of_energy,0,0,1,0,95,0,0,0,0,56,0.04288056521304987,0.4972349804986946,0.0,0.0,0.99,8,exponential
q_learning,sparse_seed2,sparse,2,4a77b6e251,1951,225,-11.250000000000025,-10.150000000000023,0.05,0.15,0,out_of_energy,0,0,1,0,111,9,0,0,0,49,0.042733023748242026,0.4369877892212886,0.0,0.0,0.99,8,exponential
q_learning,sparse_seed2,sparse,2,4a77b6e251,1952,225,-1.2499999999999822,-10.050000000000022,0.05,0.15,0,out_of_energy,0,0,1,0,96,16,0,0,1,37,0.09528113263780742,3.3557481638806297,0.0,0.0,0.99,8,exponential
q_learning,sparse_seed2,sparse,2,4a77b6e251,1953,225,-11.250000000000025,-10.050000000000022,0.05,0.15,0,out_of_energy,0,0,1,0,102,18,0,0,0,49,0.04385376288189632,0.41942566714809076,0.0,0.0,0.99,8,exponential
q_learning,sparse_seed2,sparse,2,4a77b6e251,1954,225,-1.2500000000000056,-9.950000000000022,0.05,0.15,0,out_of_energy,0,0,1,0,103,13,0,0,1,46,0.1096873234263406,4.094409098455367,0.0,0.0,0.99,8,exponential
q_learning,sparse_seed2,sparse,2,4a77b6e251,1955,225,-11.250000000000025,-9.950000000000022,0.05,0.15,0,out_of_energy,0,0,1,0,90,55,0,0,0,38,0.04485829000154812,0.5043872920545162,0.0,0.0,0.99,8,exponential
q_learning,sparse_seed2,sparse,2,4a77b6e251,1956,225,-1.2499999999999822,-9.850000000000023,0.05,0.15,0,out_of_energy,0,0,1,0,97,5,0,0,1,52,0.11064323746448325,3.027055496876227,0.0,0.0,0.99,8,exponential
q_learning,sparse_seed2,sparse,2,4a77b6e251,1957,225,-1.2500000000000249,-9.750000000000023,0.05,0.15,0,out_of_energy,0,0,1,0,91,17,0,0,1,50,0.08138034839021613,2.8530290985464735,0.0,0.0,0.99,8,exponential
q_learning,sparse_seed2,sparse,2,4a77b6e251,1958,225,-11.250000000000025,-9.750000000000021,0.05,0.15,0,out_of_energy,0,0,1,0,99,20,0,0,0,41,0.03908846860076586,0.2845020742887532,0.0,0.0,0.99,8,exponential
q_learning,sparse_seed2,sparse,2,4a77b6e251,1959,225,-11.250000000000025,-9.750000000000021,0.05,0.15,0,out_of_energy,0,0,1,0,88,7,0,0,0,53,0.043032300502863455,0.44397306396564246,0.0,0.0,0.99,8,exponential
q_learning,sparse_seed2,sparse,2,4a77b6e251,1960,225,-11.250000000000025,-9.750000000000021,0.05,0.15,0,out_of_energy,0,0,1,0,92,22,0,0,0,47,0.042278964538955015,0.38655423526702476,0.0,0.0,0.99,8,exponential
q_learning,sparse_seed2,sparse,2,4a77b6e251,1961,225,-11.250000000000025,-9.750000000000021,0.05,0.15,0,out_of_energy,0,0,1,0,110,22,0,0,0,44,0.046621459407359914,0.7094333752332675,0.0,0.0,0.99,8,exponential
q_learning,sparse_seed2,sparse,2,4a77b6e251,1962,225,-11.250000000000025,-9.750000000000021,0.05,0.15,0,out_of_energy,0,0,1,0,92,15,2,0,0,39,0.042982610578818865,0.46324339300413203,0.0,0.0,0.99,8,exponential
q_learning,sparse_seed2,sparse,2,4a77b6e251,1963,225,-11.250000000000025,-9.750000000000021,0.05,0.15,0,out_of_energy,0,0,1,0,92,29,0,0,0,52,0.04464901904427137,0.4876295784769305,0.0,0.0,0.99,8,exponential
q_learning,sparse_seed2,sparse,2,4a77b6e251,1964,225,-1.2499999999999822,-9.650000000000022,0.05,0.15,0,out_of_energy,0,0,1,0,76,10,0,0,1,45,0.12294009214039237,2.600806492299628,0.0,0.0,0.99,8,exponential
q_learning,sparse_seed2,sparse,2,4a77b6e251,1965,225,-11.250000000000025,-9.65000000000002,0.05,0.15,0,out_of_energy,0,0,1,0,100,13,0,0,0,44,0.042719151579254024,0.4663019028382038,0.0,0.0,0.99,8,exponential
q_learning,sparse_seed2,sparse,2,4a77b6e251,1966,225,-11.250000000000025,-9.65000000000002,0.05,0.15,0,out_of_energy,0,0,1,0,89,16,0,0,0,53,0.04630332032024697,0.4906866943478578,0.0,0.0,0.99,8,exponential
q_learning,sparse_seed2,sparse,2,4a77b6e251,1967,225,-11.250000000000025,-9.65000000000002,0.05,0.15,0,out_of_energy,0,0,1,0,114,0,0,0,0,47,0.0432943712345775,0.4999026165175982,0.0,0.0,0.99,8,exponential
q_learning,sparse_seed2,sparse,2,4a77b6e251,1968,225,-11.250000000000025,-9.65000000000002,0.05,0.15,0,out_of_energy,0,0,1,0,93,0,0,0,0,56,0.04472162590523286,0.4507980055700556,0.0,0.0,0.99,8,exponential
q_learning,sparse_seed2,sparse,2,4a77b6e251,1969,225,-1.2500000000000004,-9.65000000000002,0.05,0.15,0,out_of_energy,0,0,1,0,93,6,0,0,1,37,0.08269694097160482,2.537827874205176,0.0,0.0,0.99,8,exponential
q_learning,sparse_seed2,sparse,2,4a77b6e251,1970,225,-1.2499999999999822,-9.55000000000002,0.05,0.15,0,out_of_energy,0,0,1,0,103,16,0,0,1,44,0.07866038052237312,1.9226887820565048,0.0,0.0,0.99,8,exponential
q_learning,sparse_seed2,sparse,2,4a77b6e251,1971,225,-11.250000000000025,-9.55000000000002,0.05,0.15,0,out_of_energy,0,0,1,0,99,2,0,0,0,42,0.04383663922562989,0.4920178968217395,0.0,0.0,0.99,8,exponential
q_learning,sparse_seed2,sparse,2,4a77b6e251,1972,225,-11.250000000000025,-9.55000000000002,0.05,0.15,0,out_of_energy,0,0,1,0,100,8,0,0,0,52,0.04369603067711187,0.49991848152873813,0.0,0.0,0.99,8,exponential
q_learning,sparse_seed2,sparse,2,4a77b6e251,1973,225,-11.250000000000025,-9.55000000000002,0.05,0.15,0,out_of_energy,0,0,1,0,96,8,0,0,0,42,0.04409765459281734,0.49177035269611963,0.0,0.0,0.99,8,exponential
q_learning,sparse_seed2,sparse,2,4a77b6e251,1974,225,-11.250000000000025,-9.55000000000002,0.05,0.15,0,out_of_energy,0,0,1,0,107,14,0,0,0,43,0.043587579095478314,0.47863312325111834,0.0,0.0,0.99,8,exponential
q_learning,sparse_seed2,sparse,2,4a77b6e251,1975,225,-1.2499999999999822,-9.45000000000002,0.05,0.15,0,out_of_energy,0,0,1,0,100,9,0,0,1,51,0.0812334410680395,1.8259270018130977,0.0,0.0,0.99,8,exponential
q_learning,sparse_seed2,sparse,2,4a77b6e251,1976,225,-1.2500000000000004,-9.45000000000002,0.05,0.15,0,out_of_energy,0,0,1,0,116,4,0,0,1,40,0.0806012947808865,2.496630134970205,0.0,0.0,0.99,8,exponential
q_learning,sparse_seed2,sparse,2,4a77b6e251,1977,225,-11.250000000000025,-9.45000000000002,0.05,0.15,0,out_of_energy,0,0,1,0,101,4,0,0,0,38,0.046102677017678846,0.714721976570486,0.0,0.0,0.99,8,exponential
q_learning,sparse_seed2,sparse,2,4a77b6e251,1978,225,-11.250000000000025,-9.550000000000022,0.05,0.15,0,out_of_energy,0,0,1,0,101,11,0,0,0,48,0.04342157008480033,0.4437035672303095,0.0,0.0,0.99,8,exponential
q_learning,sparse_seed2,sparse,2,4a77b6e251,1979,225,-11.250000000000025,-9.55000000000002,0.05,0.15,0,out_of_energy,0,0,1,0,84,1,0,0,0,43,0.04303285074681985,0.4952463565274207,0.0,0.0,0.99,8,exponential
q_learning,sparse_seed2,sparse,2,4a77b6e251,1980,225,-11.250000000000025,-9.650000000000022,0.05,0.15,0,out_of_energy,0,0,1,0,85,22,1,0,0,49,0.0433397986617475,0.49718713857474656,0.0,0.0,0.99,8,exponential
q_learning,sparse_seed2,sparse,2,4a77b6e251,1981,225,-11.250000000000025,-9.65000000000002,0.05,0.15,0,out_of_energy,0,0,1,0,93,13,0,0,0,42,0.043012511011216614,0.47054106910367693,0.0,0.0,0.99,8,exponential
q_learning,sparse_seed2,sparse,2,4a77b6e251,1982,225,-11.250000000000025,-9.750000000000021,0.05,0.15,0,out_of_energy,0,0,1,0,93,1,0,0,0,38,0.04432458067635323,0.5345950681902281,0.0,0.0,0.99,8,exponential
q_learning,sparse_seed2,sparse,2,4a77b6e251,1983,225,-11.250000000000025,-9.850000000000021,0.05,0.15,0,out_of_energy,0,0,1,0,105,5,0,0,0,52,0.04312923929849251,0.5092576346248998,0.0,0.0,0.99,8,exponential
q_learning,sparse_seed2,sparse,2,4a77b6e251,1984,225,-11.250000000000025,-9.850000000000021,0.05,0.15,0,out_of_energy,0,0,1,0,108,19,0,0,0,53,0.04364835393739838,0.527267175319209,0.0,0.0,0.99,8,exponential
q_learning,sparse_seed2,sparse,2,4a77b6e251,1985,225,-11.250000000000025,-9.850000000000021,0.05,0.15,0,out_of_energy,0,0,1,0,90,12,0,0,0,41,0.04368605997710374,0.4731789890156339,0.0,0.0,0.99,8,exponential
q_learning,sparse_seed2,sparse,2,4a77b6e251,1986,225,-11.250000000000025,-9.850000000000021,0.05,0.15,0,out_of_energy,0,0,1,0,92,30,0,0,0,56,0.0442189800355396,0.5135498091366898,0.0,0.0,0.99,8,exponential
q_learning,sparse_seed2,sparse,2,4a77b6e251,1987,225,-11.250000000000025,-9.850000000000021,0.05,0.15,0,out_of_energy,0,0,1,0,98,31,0,0,0,40,0.04292511904630869,0.4974088243050347,0.0,0.0,0.99,8,exponential
q_learning,sparse_seed2,sparse,2,4a77b6e251,1988,225,-11.250000000000025,-9.850000000000021,0.05,0.15,0,out_of_energy,0,0,1,0,91,8,0,0,0,44,0.04330757448575184,0.4204574181850084,0.0,0.0,0.99,8,exponential
q_learning,sparse_seed2,sparse,2,4a77b6e251,1989,225,-11.250000000000025,-9.850000000000021,0.05,0.15,0,out_of_energy,0,0,1,0,92,9,0,0,0,39,0.044218514851517426,0.5153972775801408,0.0,0.0,0.99,8,exponential
q_learning,sparse_seed2,sparse,2,4a77b6e251,1990,225,-11.250000000000025,-9.850000000000021,0.05,0.15,0,out_of_energy,0,0,1,0,95,3,0,0,0,52,0.04524768153872642,0.520756761957582,0.0,0.0,0.99,8,exponential
q_learning,sparse_seed2,sparse,2,4a77b6e251,1991,225,-11.250000000000025,-9.850000000000021,0.05,0.15,0,out_of_energy,0,0,1,0,98,7,0,0,0,44,0.041444502128217146,0.21217858208373502,0.0,0.0,0.99,8,exponential
q_learning,sparse_seed2,sparse,2,4a77b6e251,1992,225,-11.250000000000025,-9.850000000000023,0.05,0.15,0,out_of_energy,0,0,1,0,89,2,0,0,0,43,0.043716304738885985,0.4464102189180976,0.0,0.0,0.99,8,exponential
q_learning,sparse_seed2,sparse,2,4a77b6e251,1993,225,-11.250000000000025,-9.850000000000021,0.05,0.15,0,out_of_energy,0,0,1,0,99,15,0,0,0,41,0.043466939251016294,0.5116923702766223,0.0,0.0,0.99,8,exponential
q_learning,sparse_seed2,sparse,2,4a77b6e251,1994,225,-11.250000000000025,-9.850000000000021,0.05,0.15,0,out_of_energy,0,0,1,0,94,9,0,0,0,42,0.04281723239257008,0.5218527600261292,0.0,0.0,0.99,8,exponential
q_learning,sparse_seed2,sparse,2,4a77b6e251,1995,225,-11.250000000000025,-9.850000000000021,0.05,0.15,0,out_of_energy,0,0,1,0,118,1,0,0,0,49,0.044667429140002365,0.4963001712532957,0.0,0.0,0.99,8,exponential
q_learning,sparse_seed2,sparse,2,4a77b6e251,1996,225,-11.250000000000025,-9.850000000000023,0.05,0.15,0,out_of_energy,0,0,1,0,100,19,4,0,0,40,0.043329005114337245,0.49791875101214395,0.0,0.0,0.99,8,exponential
q_learning,sparse_seed2,sparse,2,4a77b6e251,1997,225,-11.250000000000025,-9.850000000000021,0.05,0.15,0,out_of_energy,0,0,1,0,93,1,0,0,0,42,0.04271065894149833,0.46795932742152785,0.0,0.0,0.99,8,exponential
q_learning,sparse_seed2,sparse,2,4a77b6e251,1998,225,-11.250000000000025,-9.850000000000021,0.05,0.15,0,out_of_energy,0,0,1,0,92,6,0,0,0,47,0.04349708208336708,0.5131775280062504,0.0,0.0,0.99,8,exponential
q_learning,sparse_seed2,sparse,2,4a77b6e251,1999,225,-11.250000000000025,-9.850000000000021,0.05,0.15,0,out_of_energy,0,0,1,0,96,8,0,0,0,39,0.04440029921290047,0.5943772511238881,0.0,0.0,0.99,8,exponential
q_learning,sparse_seed2,sparse,2,4a77b6e251,2000,225,-1.2499999999999822,-9.750000000000023,0.05,0.15,0,out_of_energy,0,0,1,0,103,9,0,0,1,46,0.07968156274487424,1.8226378117645519,0.0,0.0,0.99,8,exponential
q_learning,sparse_seed2,sparse,2,4a77b6e251,2001,225,-11.250000000000025,-9.750000000000021,0.05,0.15,0,out_of_energy,0,0,1,0,106,13,0,0,0,46,0.04174105408969093,0.39409717352519774,0.0,0.0,0.99,8,exponential
q_learning,sparse_seed2,sparse,2,4a77b6e251,2002,225,-11.250000000000025,-9.750000000000021,0.05,0.15,0,out_of_energy,0,0,1,0,94,22,0,0,0,49,0.04322650508940622,0.5318786037328015,0.0,0.0,0.99,8,exponential
q_learning,sparse_seed2,sparse,2,4a77b6e251,2003,225,-11.250000000000025,-9.750000000000021,0.05,0.15,0,out_of_energy,0,0,1,0,92,15,0,0,0,39,0.04295897082914479,0.5067938101729105,0.0,0.0,0.99,8,exponential
q_learning,sparse_seed2,sparse,2,4a77b6e251,2004,225,-11.250000000000025,-9.750000000000021,0.05,0.15,0,out_of_energy,0,0,1,0,99,15,0,0,0,48,0.04416826423263081,0.5098747695951097,0.0,0.0,0.99,8,exponential
q_learning,sparse_seed2,sparse,2,4a77b6e251,2005,225,-11.250000000000025,-9.750000000000021,0.05,0.15,0,out_of_energy,0,0,1,0,93,3,0,0,0,42,0.04383563747468969,0.5136154228418851,0.0,0.0,0.99,8,exponential
q_learning,sparse_seed2,sparse,2,4a77b6e251,2006,225,-11.250000000000025,-9.750000000000021,0.05,0.15,0,out_of_energy,0,0,1,0,94,12,0,0,0,45,0.04246959734135174,0.4952340593304136,0.0,0.0,0.99,8,exponential
q_learning,sparse_seed2,sparse,2,4a77b6e251,2007,225,-11.250000000000025,-9.750000000000021,0.05,0.15,0,out_of_energy,0,0,1,0,91,17,1,0,0,41,0.04551513604578384,0.7084723001977533,0.0,0.0,0.99,8,exponential
q_learning,sparse_seed2,sparse,2,4a77b6e251,2008,225,-1.2500000000000149,-9.650000000000022,0.05,0.15,0,out_of_energy,0,0,1,0,102,11,0,0,1,36,0.08084210923031994,2.632023804272264,0.0,0.0,0.99,8,exponential
q_learning,sparse_seed2,sparse,2,4a77b6e251,2009,225,-11.250000000000025,-9.65000000000002,0.05,0.15,0,out_of_energy,0,0,1,0,102,8,0,0,0,46,0.04376650355365448,0.49886631679384147,0.0,0.0,0.99,8,exponential
q_learning,sparse_seed2,sparse,2,4a77b6e251,2010,225,-11.250000000000025,-9.650000000000022,0.05,0.15,0,out_of_energy,0,0,1,0,102,11,0,0,0,38,0.0428969231735879,0.5030940736173809,0.0,0.0,0.99,8,exponential
q_learning,sparse_seed2,sparse,2,4a77b6e251,2011,225,-11.250000000000025,-9.65000000000002,0.05,0.15,0,out_of_energy,0,0,1,0,99,9,0,0,0,50,0.0463059069570498,0.7265539031301792,0.0,0.0,0.99,8,exponential
q_learning,sparse_seed2,sparse,2,4a77b6e251,2012,225,-11.250000000000025,-9.650000000000022,0.05,0.15,0,out_of_energy,0,0,1,0,96,14,2,0,0,46,0.042467911753972264,0.475530426434232,0.0,0.0,0.99,8,exponential
q_learning,sparse_seed2,sparse,2,4a77b6e251,2013,225,-11.250000000000025,-9.65000000000002,0.05,0.15,0,out_of_energy,0,0,1,0,103,19,0,0,0,51,0.0436119591948691,0.5185701811070165,0.0,0.0,0.99,8,exponential
q_learning,sparse_seed2,sparse,2,4a77b6e251,2014,225,-11.250000000000025,-9.650000000000022,0.05,0.15,0,out_of_energy,0,0,1,0,92,10,0,0,0,56,0.04306166759257208,0.4649719696789137,0.0,0.0,0.99,8,exponential
q_learning,sparse_seed2,sparse,2,4a77b6e251,2015,225,-11.250000000000025,-9.65000000000002,0.05,0.15,0,out_of_energy,0,0,1,0,97,13,0,0,0,40,0.04250151515523612,0.49031997110876907,0.0,0.0,0.99,8,exponential
q_learning,sparse_seed2,sparse,2,4a77b6e251,2016,225,-11.250000000000025,-9.750000000000021,0.05,0.15,0,out_of_energy,0,0,1,0,81,25,0,0,0,37,0.04257803377467224,0.5211998427046017,0.0,0.0,0.99,8,exponential
q_learning,sparse_seed2,sparse,2,4a77b6e251,2017,225,-11.250000000000025,-9.750000000000021,0.05,0.15,0,out_of_energy,0,0,1,0,106,7,0,0,0,44,0.04708979464139711,0.6674612253820207,0.0,0.0,0.99,8,exponential
q_learning,sparse_seed2,sparse,2,4a77b6e251,2018,225,-11.250000000000025,-9.750000000000021,0.05,0.15,0,out_of_energy,0,0,1,0,97,20,1,0,0,41,0.04225593223608513,0.4224933892014543,0.0,0.0,0.99,8,exponential
q_learning,sparse_seed2,sparse,2,4a77b6e251,2019,225,-11.250000000000025,-9.750000000000021,0.05,0.15,0,out_of_energy,0,0,1,0,89,8,0,0,0,43,0.04360151660190707,0.5055180806890897,0.0,0.0,0.99,8,exponential
q_learning,sparse_seed2,sparse,2,4a77b6e251,2020,225,-11.250000000000025,-9.750000000000021,0.05,0.15,0,out_of_energy,0,0,1,0,97,7,0,0,0,38,0.04637745801446758,0.7010871658807424,0.0,0.0,0.99,8,exponential
q_learning,sparse_seed2,sparse,2,4a77b6e251,2021,225,-1.2499999999999818,-9.65000000000002,0.05,0.15,0,out_of_energy,0,0,1,0,102,16,0,0,1,44,0.10723752900522175,5.771294172456611,0.0,0.0,0.99,8,exponential
q_learning,sparse_seed2,sparse,2,4a77b6e251,2022,225,-1.2500000000000202,-9.550000000000022,0.05,0.15,0,out_of_energy,0,0,1,0,97,13,0,0,1,42,0.11357723213473618,2.3841779941317753,0.0,0.0,0.99,8,exponential
q_learning,sparse_seed2,sparse,2,4a77b6e251,2023,225,-11.250000000000025,-9.55000000000002,0.05,0.15,0,out_of_energy,0,0,1,0,115,10,0,0,0,42,0.04262187293556589,0.5214834048103021,0.0,0.0,0.99,8,exponential
q_learning,sparse_seed2,sparse,2,4a77b6e251,2024,225,-11.250000000000025,-9.550000000000022,0.05,0.15,0,out_of_energy,0,0,1,0,105,5,0,0,0,46,0.042892447384313796,0.5075011819619646,0.0,0.0,0.99,8,exponential
q_learning,sparse_seed2,sparse,2,4a77b6e251,2025,225,-11.250000000000025,-9.55000000000002,0.05,0.15,0,out_of_energy,0,0,1,0,99,1,0,0,0,38,0.04336341917757192,0.4499451620173934,0.0,0.0,0.99,8,exponential
q_learning,sparse_seed2,sparse,2,4a77b6e251,2026,225,-1.2499999999999822,-9.45000000000002,0.05,0.15,0,out_of_energy,0,0,1,0,92,25,0,0,1,48,0.16802834068833614,4.8230649078398615,0.0,0.0,0.99,8,exponential
q_learning,sparse_seed2,sparse,2,4a77b6e251,2027,225,-1.2499999999999822,-9.350000000000021,0.05,0.15,0,out_of_energy,0,0,1,0,102,13,0,0,1,46,0.08162752780322793,2.3288062832354512,0.0,0.0,0.99,8,exponential
q_learning,sparse_seed2,sparse,2,4a77b6e251,2028,225,-1.2499999999999931,-9.250000000000021,0.05,0.15,0,out_of_energy,0,0,1,0,107,13,0,0,1,48,0.1283780441921697,8.440220751504205,0.0,0.0,0.99,8,exponential
q_learning,sparse_seed2,sparse,2,4a77b6e251,2029,225,-1.2499999999999845,-9.15000000000002,0.05,0.15,0,out_of_energy,0,0,1,0,104,18,0,0,1,39,0.07976501371500046,1.7755503016983099,0.0,0.0,0.99,8,exponential
q_learning,sparse_seed2,sparse,2,4a77b6e251,2030,225,-11.250000000000025,-9.15000000000002,0.05,0.15,0,out_of_energy,0,0,1,0,98,17,0,0,0,43,0.04123090504370934,0.31607267223256963,0.0,0.0,0.99,8,exponential
q_learning,sparse_seed2,sparse,2,4a77b6e251,2031,225,-11.250000000000025,-9.15000000000002,0.05,0.15,0,out_of_energy,0,0,1,0,101,29,0,0,0,40,0.04468389678758928,0.5135706579559517,0.0,0.0,0.99,8,exponential
q_learning,sparse_seed2,sparse,2,4a77b6e251,2032,225,-1.2499999999999822,-9.05000000000002,0.05,0.15,0,out_of_energy,0,0,1,0,114,10,0,0,1,41,0.07932263584757386,2.242839499823587,0.0,0.0,0.99,8,exponential
q_learning,sparse_seed2,sparse,2,4a77b6e251,2033,225,-1.2499999999999822,-8.950000000000019,0.05,0.15,0,out_of_energy,0,0,1,0,106,25,0,0,1,55,0.12068494791338477,4.4397899931763005,0.0,0.0,0.99,8,exponential
q_learning,sparse_seed2,sparse,2,4a77b6e251,2034,225,-11.250000000000025,-8.950000000000019,0.05,0.15,0,out_of_energy,0,0,1,0,95,15,0,0,0,45,0.04268698894359299,0.5337507949349675,0.0,0.0,0.99,8,exponential
q_learning,sparse_seed2,sparse,2,4a77b6e251,2035,225,-11.250000000000025,-8.950000000000019,0.05,0.15,0,out_of_energy,0,0,1,0,88,3,0,0,0,45,0.04323023529732216,0.4626382472031993,0.0,0.0,0.99,8,exponential
q_learning,sparse_seed2,sparse,2,4a77b6e251,2036,225,-1.2499999999999825,-8.850000000000017,0.05,0.15,0,out_of_energy,0,0,1,0,87,13,0,0,1,33,0.10351819045822655,2.0995895403857427,0.0,0.0,0.99,8,exponential
q_learning,sparse_seed2,sparse,2,4a77b6e251,2037,225,-11.250000000000025,-8.950000000000019,0.05,0.15,0,out_of_energy,0,0,1,0,91,26,0,0,0,39,0.04283729802392885,0.48928065403300874,0.0,0.0,0.99,8,exponential
q_learning,sparse_seed2,sparse,2,4a77b6e251,2038,225,-11.250000000000025,-8.950000000000019,0.05,0.15,0,out_of_energy,0,0,1,0,103,7,0,0,0,59,0.04246262153356947,0.4919156698556318,0.0,0.0,0.99,8,exponential
q_learning,sparse_seed2,sparse,2,4a77b6e251,2039,225,-1.2499999999999851,-8.850000000000017,0.05,0.15,0,out_of_energy,0,0,1,0,86,13,0,0,1,46,0.08222013800231,2.0420914328847273,0.0,0.0,0.99,8,exponential
q_learning,sparse_seed2,sparse,2,4a77b6e251,2040,225,-11.250000000000025,-8.850000000000017,0.05,0.15,0,out_of_energy,0,0,1,0,117,4,0,0,0,32,0.04356062652205227,0.489608543910325,0.0,0.0,0.99,8,exponential
q_learning,sparse_seed2,sparse,2,4a77b6e251,2041,225,-11.250000000000025,-8.850000000000017,0.05,0.15,0,out_of_energy,0,0,1,0,85,27,0,0,0,46,0.04447555645986796,0.5218051268656988,0.0,0.0,0.99,8,exponential
q_learning,sparse_seed2,sparse,2,4a77b6e251,2042,225,-11.250000000000025,-8.950000000000019,0.05,0.15,0,out_of_energy,0,0,1,0,96,17,0,0,0,49,0.040862680469716445,0.26689028845710366,0.0,0.0,0.99,8,exponential
q_learning,sparse_seed2,sparse,2,4a77b6e251,2043,225,-11.250000000000025,-9.050000000000018,0.05,0.15,0,out_of_energy,0,0,1,0,99,15,0,0,0,40,0.04254230720041065,0.42492612689822107,0.0,0.0,0.99,8,exponential
q_learning,sparse_seed2,sparse,2,4a77b6e251,2044,225,-11.250000000000025,-9.050000000000018,0.05,0.15,0,out_of_energy,0,0,1,0,90,16,0,0,0,50,0.04257898675499694,0.5063474903542156,0.0,0.0,0.99,8,exponential
q_learning,sparse_seed2,sparse,2,4a77b6e251,2045,225,-1.2499999999999822,-8.950000000000019,0.05,0.15,0,out_of_energy,0,0,1,0,80,17,0,0,1,47,0.13627574331456999,6.421253899508141,0.0,0.0,0.99,8,exponential
q_learning,sparse_seed2,sparse,2,4a77b6e251,2046,225,-1.2499999999999822,-8.850000000000017,0.05,0.15,0,out_of_energy,0,0,1,0,92,10,0,0,1,52,0.12492021400333013,3.4633094711460624,0.0,0.0,0.99,8,exponential
q_learning,sparse_seed2,sparse,2,4a77b6e251,2047,225,-11.250000000000025,-8.850000000000017,0.05,0.15,0,out_of_energy,0,0,1,0,100,15,0,0,0,51,0.044520549380978616,0.4687137555225353,0.0,0.0,0.99,8,exponential
q_learning,sparse_seed2,sparse,2,4a77b6e251,2048,225,-11.250000000000025,-8.850000000000017,0.05,0.15,0,out_of_energy,0,0,1,0,100,15,0,0,0,35,0.04282842658694995,0.5247298106903506,0.0,0.0,0.99,8,exponential
q_learning,sparse_seed2,sparse,2,4a77b6e251,2049,225,-11.250000000000025,-8.950000000000019,0.05,0.15,0,out_of_energy,0,0,1,0,96,18,0,0,0,54,0.04367668858594639,0.4967902620464721,0.0,0.0,0.99,8,exponential
q_learning,sparse_seed2,sparse,2,4a77b6e251,2050,225,-1.2499999999999822,-8.850000000000017,0.05,0.15,0,out_of_energy,0,0,1,0,100,44,0,0,1,55,0.11429352827824046,3.107070875371524,0.0,0.0,0.99,8,exponential
q_learning,sparse_seed2,sparse,2,4a77b6e251,2051,225,-1.2499999999999822,-8.750000000000018,0.05,0.15,0,out_of_energy,0,0,1,0,94,10,0,0,1,58,0.20823579247840576,6.412700457998954,0.0,0.0,0.99,8,exponential
q_learning,sparse_seed2,sparse,2,4a77b6e251,2052,225,-1.2499999999999825,-8.750000000000018,0.05,0.15,0,out_of_energy,0,0,1,0,107,16,0,0,1,53,0.08086439163299233,1.9859875431883607,0.0,0.0,0.99,8,exponential
q_learning,sparse_seed2,sparse,2,4a77b6e251,2053,225,-1.2499999999999822,-8.650000000000018,0.05,0.15,0,out_of_energy,0,0,1,0,96,5,0,0,1,52,0.15221794688282939,5.558324539245862,0.0,0.0,0.99,8,exponential
q_learning,sparse_seed2,sparse,2,4a77b6e251,2054,225,-11.250000000000025,-8.750000000000018,0.05,0.15,0,out_of_energy,0,0,1,0,88,16,0,0,0,48,0.043292669203153916,0.5188799719775543,0.0,0.0,0.99,8,exponential
q_learning,sparse_seed2,sparse,2,4a77b6e251,2055,225,-11.250000000000025,-8.750000000000018,0.05,0.15,0,out_of_energy,0,0,1,0,88,11,0,0,0,50,0.04444122094689419,0.5225833580370333,0.0,0.0,0.99,8,exponential
q_learning,sparse_seed2,sparse,2,4a77b6e251,2056,225,-11.250000000000025,-8.850000000000017,0.05,0.15,0,out_of_energy,0,0,1,0,93,43,0,0,0,36,0.04365124027738694,0.532571806424692,0.0,0.0,0.99,8,exponential
q_learning,sparse_seed2,sparse,2,4a77b6e251,2057,225,-11.250000000000025,-8.950000000000019,0.05,0.15,0,out_of_energy,0,0,1,0,93,0,0,0,0,48,0.043013038229806566,0.40173956950405204,0.0,0.0,0.99,8,exponential
q_learning,sparse_seed2,sparse,2,4a77b6e251,2058,225,-1.2500000000000098,-8.850000000000017,0.05,0.15,0,out_of_energy,0,0,1,0,98,6,0,0,1,38,0.08269440249303586,2.356385149205529,0.0,0.0,0.99,8,exponential
q_learning,sparse_seed2,sparse,2,4a77b6e251,2059,225,-11.250000000000025,-8.850000000000017,0.05,0.15,0,out_of_energy,0,0,1,0,99,13,0,0,0,56,0.04417463701471286,0.5142621289189462,0.0,0.0,0.99,8,exponential
q_learning,sparse_seed2,sparse,2,4a77b6e251,2060,225,-1.2500000000000069,-8.750000000000018,0.05,0.15,0,out_of_energy,0,0,1,0,81,8,0,0,1,50,0.08243139077563516,2.4047767873751043,0.0,0.0,0.99,8,exponential
q_learning,sparse_seed2,sparse,2,4a77b6e251,2061,225,-11.250000000000025,-8.750000000000018,0.05,0.15,0,out_of_energy,0,0,1,0,96,18,0,0,0,53,0.04525258606232809,0.6726102246642159,0.0,0.0,0.99,8,exponential
q_learning,sparse_seed2,sparse,2,4a77b6e251,2062,225,-1.2499999999999822,-8.650000000000016,0.05,0.15,0,out_of_energy,0,0,1,0,94,24,0,0,1,55,0.21753468289296798,7.516942250900684,0.0,0.0,0.99,8,exponential
q_learning,sparse_seed2,sparse,2,4a77b6e251,2063,225,-11.250000000000025,-8.650000000000018,0.05,0.15,0,out_of_energy,0,0,1,0,94,1,0,0,0,41,0.043623463842112166,0.471341363299496,0.0,0.0,0.99,8,exponential
q_learning,sparse_seed2,sparse,2,4a77b6e251,2064,225,-1.2500000000000235,-8.650000000000018,0.05,0.15,0,out_of_energy,0,0,1,0,109,17,0,0,1,45,0.07919319610713936,2.582455886125505,0.0,0.0,0.99,8,exponential
q_learning,sparse_seed2,sparse,2,4a77b6e251,2065,225,-11.250000000000025,-8.650000000000018,0.05,0.15,0,out_of_energy,0,0,1,0,106,34,0,0,0,44,0.043476129129795794,0.4509545605499811,0.0,0.0,0.99,8,exponential
q_learning,sparse_seed2,sparse,2,4a77b6e251,2066,225,-11.250000000000025,-8.650000000000016,0.05,0.15,0,out_of_energy,0,0,1,0,100,9,0,0,0,45,0.039637162640601194,0.2664946247176927,0.0,0.0,0.99,8,exponential
q_learning,sparse_seed2,sparse,2,4a77b6e251,2067,225,-1.2499999999999822,-8.550000000000017,0.05,0.15,0,out_of_energy,0,0,1,0,106,31,0,0,1,49,0.1295572030071876,3.898697970322,0.0,0.0,0.99,8,exponential
q_learning,sparse_seed2,sparse,2,4a77b6e251,2068,225,-1.2499999999999822,-8.450000000000019,0.05,0.15,0,out_of_energy,0,0,1,0,93,12,0,0,1,42,0.14025092039499654,6.387283010808073,0.0,0.0,0.99,8,exponential
q_learning,sparse_seed2,sparse,2,4a77b6e251,2069,225,-1.2499999999999822,-8.450000000000017,0.05,0.15,0,out_of_energy,0,0,1,0,97,17,0,0,1,37,0.11462570976957832,3.473836321830035,0.0,0.0,0.99,8,exponential
q_learning,sparse_seed2,sparse,2,4a77b6e251,2070,225,-11.250000000000025,-8.550000000000018,0.05,0.15,0,out_of_energy,0,0,1,0,83,33,0,0,0,47,0.04285961779499683,0.5056186048980007,0.0,0.0,0.99,8,exponential
q_learning,sparse_seed2,sparse,2,4a77b6e251,2071,225,-1.2499999999999822,-8.450000000000017,0.05,0.15,0,out_of_energy,0,0,1,0,94,10,0,0,1,47,0.0791862324661774,1.9295561774603662,0.0,0.0,0.99,8,exponential
q_learning,sparse_seed2,sparse,2,4a77b6e251,2072,225,-1.2499999999999822,-8.350000000000017,0.05,0.15,0,out_of_energy,0,0,1,0,92,7,0,0,1,32,0.07858376441812127,2.153665386447667,0.0,0.0,0.99,8,exponential
q_learning,sparse_seed2,sparse,2,4a77b6e251,2073,225,-1.2499999999999822,-8.250000000000016,0.05,0.15,0,out_of_energy,0,0,1,0,106,15,0,0,1,49,0.1304993334695231,3.3189034362254124,0.0,0.0,0.99,8,exponential
q_learning,sparse_seed2,sparse,2,4a77b6e251,2074,225,-11.250000000000025,-8.250000000000016,0.05,0.15,0,out_of_energy,0,0,1,0,86,5,1,0,0,37,0.043537526773315675,0.524228192389539,0.0,0.0,0.99,8,exponential
q_learning,sparse_seed2,sparse,2,4a77b6e251,2075,225,-11.250000000000025,-8.350000000000016,0.05,0.15,0,out_of_energy,0,0,1,0,105,31,0,0,0,54,0.044060697033472714,0.5257275248066166,0.0,0.0,0.99,8,exponential
q_learning,sparse_seed2,sparse,2,4a77b6e251,2076,225,-1.2499999999999822,-8.350000000000016,0.05,0.15,0,out_of_energy,0,0,1,0,94,4,0,0,1,39,0.11067578026484255,2.860356653967804,0.0,0.0,0.99,8,exponential
q_learning,sparse_seed2,sparse,2,4a77b6e251,2077,225,-1.2499999999999822,-8.250000000000016,0.05,0.15,0,out_of_energy,0,0,1,0,107,7,0,0,1,53,0.07902589536044777,2.058867394632766,0.0,0.0,0.99,8,exponential
q_learning,sparse_seed2,sparse,2,4a77b6e251,2078,225,-1.2499999999999822,-8.150000000000016,0.05,0.15,0,out_of_energy,0,0,1,0,96,3,0,0,1,42,0.10514583047000697,2.987222554187226,0.0,0.0,0.99,8,exponential
q_learning,sparse_seed2,sparse,2,4a77b6e251,2079,225,-1.2499999999999822,-8.050000000000017,0.05,0.15,0,out_of_energy,0,0,1,0,78,12,0,0,1,38,0.12197350209901084,4.095004233522365,0.0,0.0,0.99,8,exponential
q_learning,sparse_seed2,sparse,2,4a77b6e251,2080,225,-11.250000000000025,-8.050000000000017,0.05,0.15,0,out_of_energy,0,0,1,0,96,1,0,0,0,49,0.043565896670482045,0.5264918641389327,0.0,0.0,0.99,8,exponential
q_learning,sparse_seed2,sparse,2,4a77b6e251,2081,225,-11.250000000000025,-8.050000000000015,0.05,0.15,0,out_of_energy,0,0,1,0,83,21,0,0,0,49,0.04289223565318413,0.5049910854171187,0.0,0.0,0.99,8,exponential
q_learning,sparse_seed2,sparse,2,4a77b6e251,2082,225,-1.2499999999999818,-7.9500000000000135,0.05,0.15,0,out_of_energy,0,0,1,0,99,9,0,0,1,48,0.09019272972730977,2.0597410416733233,0.0,0.0,0.99,8,exponential
q_learning,sparse_seed2,sparse,2,4a77b6e251,2083,225,-1.2499999999999822,-7.850000000000014,0.05,0.15,0,out_of_energy,0,0,1,0,92,12,0,0,1,32,0.1455426746249287,4.91261985560091,0.0,0.0,0.99,8,exponential
q_learning,sparse_seed2,sparse,2,4a77b6e251,2084,225,-1.2499999999999822,-7.750000000000013,0.05,0.15,0,out_of_energy,0,0,1,0,102,10,0,0,1,46,0.09423346278823569,7.337193459600025,0.0,0.0,0.99,8,exponential
q_learning,sparse_seed2,sparse,2,4a77b6e251,2085,225,-11.250000000000025,-7.750000000000013,0.05,0.15,0,out_of_energy,0,0,1,0,96,21,0,0,0,53,0.04275315812771745,0.5300292955642681,0.0,0.0,0.99,8,exponential
q_learning,sparse_seed2,sparse,2,4a77b6e251,2086,225,-11.250000000000025,-7.750000000000013,0.05,0.15,0,out_of_energy,0,0,1,0,106,11,0,0,0,43,0.04444371282131924,0.49360286683431825,0.0,0.0,0.99,8,exponential
q_learning,sparse_seed2,sparse,2,4a77b6e251,2087,225,-11.250000000000025,-7.750000000000013,0.05,0.15,0,out_of_energy,0,0,1,0,81,13,1,0,0,37,0.04344279717979597,0.5079562529285719,0.0,0.0,0.99,8,exponential
q_learning,sparse_seed2,sparse,2,4a77b6e251,2088,225,-11.250000000000025,-7.750000000000012,0.05,0.15,0,out_of_energy,0,0,1,0,105,12,0,0,0,43,0.04335359894364045,0.4567130099547458,0.0,0.0,0.99,8,exponential
q_learning,sparse_seed2,sparse,2,4a77b6e251,2089,225,-11.250000000000025,-7.750000000000012,0.05,0.15,0,out_of_energy,0,0,1,0,109,23,0,0,0,46,0.0445638548636041,0.5449504046734769,0.0,0.0,0.99,8,exponential
q_learning,sparse_seed2,sparse,2,4a77b6e251,2090,225,-1.2499999999999822,-7.650000000000013,0.05,0.15,0,out_of_energy,0,0,1,0,88,6,0,0,1,37,0.09331930989765103,3.0944754265821173,0.0,0.0,0.99,8,exponential
q_learning,sparse_seed2,sparse,2,4a77b6e251,2091,225,-11.250000000000025,-7.650000000000014,0.05,0.15,0,out_of_energy,0,0,1,0,97,39,0,0,0,40,0.04348589305545881,0.5053068119281094,0.0,0.0,0.99,8,exponential
q_learning,sparse_seed2,sparse,2,4a77b6e251,2092,225,-11.250000000000025,-7.650000000000011,0.05,0.15,0,out_of_energy,0,0,1,0,118,13,0,0,0,44,0.04609812107553915,0.6529818666173182,0.0,0.0,0.99,8,exponential
q_learning,sparse_seed2,sparse,2,4a77b6e251,2093,225,-11.250000000000025,-7.650000000000013,0.05,0.15,0,out_of_energy,0,0,1,0,116,19,0,0,0,49,0.04376819464383025,0.5152313417785142,0.0,0.0,0.99,8,exponential
q_learning,sparse_seed2,sparse,2,4a77b6e251,2094,225,-11.250000000000025,-7.650000000000011,0.05,0.15,0,out_of_energy,0,0,1,0,94,12,0,0,0,41,0.042801104425454435,0.44910949719823734,0.0,0.0,0.99,8,exponential
q_learning,sparse_seed2,sparse,2,4a77b6e251,2095,225,-11.250000000000025,-7.650000000000011,0.05,0.15,0,out_of_energy,0,0,1,0,93,16,0,0,0,51,0.09020644964373502,5.215470255411995,0.0,0.0,0.99,8,exponential
q_learning,sparse_seed2,sparse,2,4a77b6e251,2096,225,-11.250000000000025,-7.650000000000011,0.05,0.15,0,out_of_energy,0,0,1,0,96,11,0,0,0,48,0.042769261931527046,0.5454533015627672,0.0,0.0,0.99,8,exponential
q_learning,sparse_seed2,sparse,2,4a77b6e251,2097,225,-11.250000000000025,-7.650000000000011,0.05,0.15,0,out_of_energy,0,0,1,0,85,17,0,0,0,49,0.04368584555696903,0.5048843461459126,0.0,0.0,0.99,8,exponential
q_learning,sparse_seed2,sparse,2,4a77b6e251,2098,225,-1.2499999999999822,-7.550000000000011,0.05,0.15,0,out_of_energy,0,0,1,0,102,13,0,0,1,44,0.08040486878674724,2.1590184223906634,0.0,0.0,0.99,8,exponential
q_learning,sparse_seed2,sparse,2,4a77b6e251,2099,225,-11.250000000000025,-7.550000000000011,0.05,0.15,0,out_of_energy,0,0,1,0,95,4,0,0,0,40,0.04270943472085401,0.5224948582578532,0.0,0.0,0.99,8,exponential
q_learning,sparse_seed2,sparse,2,4a77b6e251,2100,225,-11.250000000000025,-7.650000000000013,0.05,0.15,0,out_of_energy,0,0,1,0,91,28,0,0,0,41,0.04247500771335805,0.4702871131051393,0.0,0.0,0.99,8,exponential
q_learning,sparse_seed2,sparse,2,4a77b6e251,2101,225,-1.2500000000000027,-7.550000000000012,0.05,0.15,0,out_of_energy,0,0,1,0,100,22,0,0,1,54,0.07945845545972421,2.279986210513146,0.0,0.0,0.99,8,exponential
q_learning,sparse_seed2,sparse,2,4a77b6e251,2102,225,-1.2499999999999822,-7.450000000000012,0.05,0.15,0,out_of_energy,0,0,1,0,87,13,0,0,1,40,0.19295220170885938,6.467754412548485,0.0,0.0,0.99,8,exponential
q_learning,sparse_seed2,sparse,2,4a77b6e251,2103,225,-1.2499999999999822,-7.350000000000011,0.05,0.15,0,out_of_energy,0,0,1,0,99,14,0,0,1,48,0.11418752913441042,8.236061824985706,0.0,0.0,0.99,8,exponential
q_learning,sparse_seed2,sparse,2,4a77b6e251,2104,225,-1.2499999999999822,-7.250000000000012,0.05,0.15,0,out_of_energy,0,0,1,0,94,14,0,0,1,41,0.08861767520811874,3.188135913096425,0.0,0.0,0.99,8,exponential
q_learning,sparse_seed2,sparse,2,4a77b6e251,2105,225,-1.2499999999999822,-7.150000000000011,0.05,0.15,0,out_of_energy,0,0,1,0,94,25,0,0,1,45,0.13521713441185151,3.569885826498202,0.0,0.0,0.99,8,exponential
q_learning,sparse_seed2,sparse,2,4a77b6e251,2106,225,-1.2499999999999822,-7.050000000000011,0.05,0.15,0,out_of_energy,0,0,1,0,92,17,0,0,1,47,0.13139430609817263,5.274587658727622,0.0,0.0,0.99,8,exponential
q_learning,sparse_seed2,sparse,2,4a77b6e251,2107,225,-1.2499999999999822,-6.950000000000012,0.05,0.15,0,out_of_energy,0,0,1,0,87,21,0,0,1,42,0.1485434085787288,5.161037992281164,0.0,0.0,0.99,8,exponential
q_learning,sparse_seed2,sparse,2,4a77b6e251,2108,225,-11.250000000000025,-7.050000000000011,0.05,0.15,0,out_of_energy,0,0,1,0,93,42,0,0,0,45,0.04271768663900801,0.47712133034183285,0.0,0.0,0.99,8,exponential
q_learning,sparse_seed2,sparse,2,4a77b6e251,2109,225,-11.250000000000025,-7.0500000000000105,0.05,0.15,0,out_of_energy,0,0,1,0,99,7,0,0,0,53,0.04299974839736398,0.43305900867368097,0.0,0.0,0.99,8,exponential
q_learning,sparse_seed2,sparse,2,4a77b6e251,2110,225,-11.250000000000025,-7.050000000000009,0.05,0.15,0,out_of_energy,0,0,1,0,104,10,1,0,0,35,0.0428890877120238,0.46968705515985415,0.0,0.0,0.99,8,exponential
q_learning,sparse_seed2,sparse,2,4a77b6e251,2111,225,-11.250000000000025,-7.050000000000009,0.05,0.15,0,out_of_energy,0,0,1,0,115,37,0,0,0,41,0.045787802013753126,0.6127452734460509,0.0,0.0,0.99,8,exponential
q_learning,sparse_seed2,sparse,2,4a77b6e251,2112,225,-11.250000000000025,-7.050000000000009,0.05,0.15,0,out_of_energy,0,0,1,0,94,27,0,0,0,57,0.04736568560709176,0.7633981404466437,0.0,0.0,0.99,8,exponential
q_learning,sparse_seed2,sparse,2,4a77b6e251,2113,225,-11.250000000000025,-7.050000000000009,0.05,0.15,0,out_of_energy,0,0,1,0,88,4,0,0,0,56,0.04337648658895147,0.5028024939999017,0.0,0.0,0.99,8,exponential
q_learning,sparse_seed2,sparse,2,4a77b6e251,2114,225,-1.2500000000000142,-6.950000000000009,0.05,0.15,0,out_of_energy,0,0,1,0,95,15,0,0,1,42,0.0929527822698536,3.2156492522925584,0.0,0.0,0.99,8,exponential
q_learning,sparse_seed2,sparse,2,4a77b6e251,2115,225,-11.250000000000025,-6.950000000000009,0.05,0.15,0,out_of_energy,0,0,1,0,94,19,0,0,0,40,0.045744878365200574,0.7637222966250261,0.0,0.0,0.99,8,exponential
q_learning,sparse_seed2,sparse,2,4a77b6e251,2116,225,-11.250000000000025,-6.950000000000009,0.05,0.15,0,out_of_energy,0,0,1,0,105,18,0,0,0,44,0.04601929147350494,0.7843007617190183,0.0,0.0,0.99,8,exponential
q_learning,sparse_seed2,sparse,2,4a77b6e251,2117,225,-11.250000000000025,-6.950000000000009,0.05,0.15,0,out_of_energy,0,0,1,0,89,14,0,0,0,53,0.04552611400831781,0.7730517398258281,0.0,0.0,0.99,8,exponential
q_learning,sparse_seed2,sparse,2,4a77b6e251,2118,225,-11.250000000000025,-6.950000000000009,0.05,0.15,0,out_of_energy,0,0,1,0,114,14,0,0,0,47,0.04490840929618572,0.5607500202844204,0.0,0.0,0.99,8,exponential
q_learning,sparse_seed2,sparse,2,4a77b6e251,2119,225,-11.250000000000025,-6.950000000000009,0.05,0.15,0,out_of_energy,0,0,1,0,99,20,1,0,0,41,0.04361511442168528,0.5844327520463508,0.0,0.0,0.99,8,exponential
q_learning,sparse_seed2,sparse,2,4a77b6e251,2120,225,-11.250000000000025,-6.950000000000009,0.05,0.15,0,out_of_energy,0,0,1,0,111,31,0,0,0,41,0.04443570381004496,0.5453101739251761,0.0,0.0,0.99,8,exponential
q_learning,sparse_seed2,sparse,2,4a77b6e251,2121,225,-11.250000000000025,-7.050000000000009,0.05,0.15,0,out_of_energy,0,0,1,0,108,11,0,0,0,40,0.043101548938135795,0.5457414911958484,0.0,0.0,0.99,8,exponential
q_learning,sparse_seed2,sparse,2,4a77b6e251,2122,225,-11.250000000000025,-7.150000000000009,0.05,0.15,0,out_of_energy,0,0,1,0,101,10,0,0,0,53,0.043315991135615343,0.4728383628218121,0.0,0.0,0.99,8,exponential
q_learning,sparse_seed2,sparse,2,4a77b6e251,2123,225,-11.250000000000025,-7.150000000000009,0.05,0.15,0,out_of_energy,0,0,1,0,84,20,0,0,0,42,0.04305495742162301,0.5151910721254573,0.0,0.0,0.99,8,exponential
q_learning,sparse_seed2,sparse,2,4a77b6e251,2124,225,-1.2500000000000142,-7.050000000000009,0.05,0.15,0,out_of_energy,0,0,1,0,87,24,0,0,1,43,0.07855513568693538,2.942019955058874,0.0,0.0,0.99,8,exponential
q_learning,sparse_seed2,sparse,2,4a77b6e251,2125,225,-11.250000000000025,-7.050000000000009,0.05,0.15,0,out_of_energy,0,0,1,0,98,31,0,0,0,49,0.04390969887498411,0.506941165572771,0.0,0.0,0.99,8,exponential
q_learning,sparse_seed2,sparse,2,4a77b6e251,2126,225,-11.250000000000025,-7.15000000000001,0.05,0.15,0,out_of_energy,0,0,1,0,88,14,0,0,0,48,0.0441257731052342,0.521981058147741,0.0,0.0,0.99,8,exponential
q_learning,sparse_seed2,sparse,2,4a77b6e251,2127,225,-11.250000000000025,-7.2500000000000115,0.05,0.15,0,out_of_energy,0,0,1,0,103,3,0,0,0,52,0.04232001905492124,0.4086557499363808,0.0,0.0,0.99,8,exponential
q_learning,sparse_seed2,sparse,2,4a77b6e251,2128,225,-11.250000000000025,-7.350000000000011,0.05,0.15,0,out_of_energy,0,0,1,0,89,15,0,0,0,32,0.04467331710151421,0.5500491054089621,0.0,0.0,0.99,8,exponential
q_learning,sparse_seed2,sparse,2,4a77b6e251,2129,225,-11.250000000000025,-7.450000000000012,0.05,0.15,0,out_of_energy,0,0,1,0,103,38,0,0,0,50,0.04368920307261401,0.4848186883037398,0.0,0.0,0.99,8,exponential
q_learning,sparse_seed2,sparse,2,4a77b6e251,2130,225,-11.250000000000025,-7.450000000000012,0.05,0.15,0,out_of_energy,0,0,1,0,88,7,3,0,0,45,0.04320846045585775,0.3721139580779205,0.0,0.0,0.99,8,exponential
q_learning,sparse_seed2,sparse,2,4a77b6e251,2131,225,-11.250000000000025,-7.450000000000012,0.05,0.15,0,out_of_energy,0,0,1,0,103,22,0,0,0,49,0.04341579304368291,0.545962952149948,0.0,0.0,0.99,8,exponential
q_learning,sparse_seed2,sparse,2,4a77b6e251,2132,225,-11.250000000000025,-7.550000000000011,0.05,0.15,0,out_of_energy,0,0,1,0,81,25,0,0,0,60,0.0446396625923214,0.5467126845701442,0.0,0.0,0.99,8,exponential
q_learning,sparse_seed2,sparse,2,4a77b6e251,2133,225,-11.250000000000025,-7.650000000000011,0.05,0.15,0,out_of_energy,0,0,1,0,99,4,0,0,0,47,0.043201691974786356,0.5411688700144346,0.0,0.0,0.99,8,exponential
q_learning,sparse_seed2,sparse,2,4a77b6e251,2134,225,-11.250000000000025,-7.650000000000011,0.05,0.15,0,out_of_energy,0,0,1,0,106,9,0,0,0,47,0.04403061257822426,0.5569307468689456,0.0,0.0,0.99,8,exponential
q_learning,sparse_seed2,sparse,2,4a77b6e251,2135,225,-11.250000000000025,-7.650000000000011,0.05,0.15,0,out_of_energy,0,0,1,0,115,22,0,0,0,52,0.04390121563948363,0.5546906971826547,0.0,0.0,0.99,8,exponential
q_learning,sparse_seed2,sparse,2,4a77b6e251,2136,225,-11.250000000000025,-7.750000000000012,0.05,0.15,0,out_of_energy,0,0,1,0,88,7,0,0,0,51,0.042441107088331334,0.45044337357644154,0.0,0.0,0.99,8,exponential
q_learning,sparse_seed2,sparse,2,4a77b6e251,2137,225,-11.250000000000025,-7.750000000000012,0.05,0.15,0,out_of_energy,0,0,1,0,103,3,0,0,0,47,0.04292627583164677,0.530356702824053,0.0,0.0,0.99,8,exponential
q_learning,sparse_seed2,sparse,2,4a77b6e251,2138,225,-11.250000000000025,-7.750000000000012,0.05,0.15,0,out_of_energy,0,0,1,0,82,8,0,0,0,41,0.04284754417694692,0.5270620714232389,0.0,0.0,0.99,8,exponential
q_learning,sparse_seed2,sparse,2,4a77b6e251,2139,225,-11.250000000000025,-7.850000000000012,0.05,0.15,0,out_of_energy,0,0,1,0,91,15,0,0,0,44,0.044534559299752884,0.5536124821626849,0.0,0.0,0.99,8,exponential
q_learning,sparse_seed2,sparse,2,4a77b6e251,2140,225,-11.250000000000025,-7.850000000000012,0.05,0.15,0,out_of_energy,0,0,1,0,101,16,2,0,0,44,0.0445939417200538,0.4885869017033118,0.0,0.0,0.99,8,exponential
q_learning,sparse_seed2,sparse,2,4a77b6e251,2141,225,-11.250000000000025,-7.850000000000012,0.05,0.15,0,out_of_energy,0,0,1,0,90,41,4,0,0,44,0.04662909874453967,0.4930013463518335,0.0,0.0,0.99,8,exponential
q_learning,sparse_seed2,sparse,2,4a77b6e251,2142,225,-1.250000000000012,-7.750000000000013,0.05,0.15,0,out_of_energy,0,0,1,0,94,28,0,0,1,44,0.09400123889227285,2.9093065534955294,0.0,0.0,0.99,8,exponential
q_learning,sparse_seed2,sparse,2,4a77b6e251,2143,225,-1.2500000000000098,-7.650000000000013,0.05,0.15,0,out_of_energy,0,0,1,0,100,13,0,0,1,55,0.08350620170469607,2.4531316310571807,0.0,0.0,0.99,8,exponential
q_learning,sparse_seed2,sparse,2,4a77b6e251,2144,225,-11.250000000000025,-7.650000000000013,0.05,0.15,0,out_of_energy,0,0,1,0,74,9,0,0,0,40,0.04641697669895854,0.44815796381970724,0.0,0.0,0.99,8,exponential
q_learning,sparse_seed2,sparse,2,4a77b6e251,2145,225,-11.250000000000025,-7.750000000000013,0.05,0.15,0,out_of_energy,0,0,1,0,94,11,0,0,0,39,0.04412645898201065,0.4774363153838063,0.0,0.0,0.99,8,exponential
q_learning,sparse_seed2,sparse,2,4a77b6e251,2146,225,-11.250000000000025,-7.850000000000014,0.05,0.15,0,out_of_energy,0,0,1,0,110,27,0,0,0,47,0.04407016813727861,0.5554420470159038,0.0,0.0,0.99,8,exponential
q_learning,sparse_seed2,sparse,2,4a77b6e251,2147,225,-11.250000000000025,-7.850000000000014,0.05,0.15,0,out_of_energy,0,0,1,0,102,25,0,0,0,50,0.0453770586338423,0.5095523846103055,0.0,0.0,0.99,8,exponential
q_learning,sparse_seed2,sparse,2,4a77b6e251,2148,225,-11.250000000000025,-7.850000000000014,0.05,0.15,0,out_of_energy,0,0,1,0,100,8,0,0,0,36,0.0441465644447232,0.5286296468795287,0.0,0.0,0.99,8,exponential
q_learning,sparse_seed2,sparse,2,4a77b6e251,2149,225,-11.250000000000025,-7.850000000000014,0.05,0.15,0,out_of_energy,0,0,1,0,95,0,0,0,0,44,0.04284803616021845,0.4389133842791635,0.0,0.0,0.99,8,exponential
q_learning,sparse_seed2,sparse,2,4a77b6e251,2150,225,-11.250000000000025,-7.9500000000000135,0.05,0.15,0,out_of_energy,0,0,1,0,86,12,0,0,0,49,0.044257785462747945,0.5443398506320529,0.0,0.0,0.99,8,exponential
q_learning,sparse_seed2,sparse,2,4a77b6e251,2151,225,-11.250000000000025,-8.050000000000015,0.05,0.15,0,out_of_energy,0,0,1,0,91,32,0,0,0,32,0.04435340907734267,0.5218663164012165,0.0,0.0,0.99,8,exponential
q_learning,sparse_seed2,sparse,2,4a77b6e251,2152,225,-11.250000000000025,-8.150000000000015,0.05,0.15,0,out_of_energy,0,0,1,0,93,1,0,0,0,48,0.042802391824105245,0.5459214991360606,0.0,0.0,0.99,8,exponential
q_learning,sparse_seed2,sparse,2,4a77b6e251,2153,225,-1.2499999999999822,-8.150000000000016,0.05,0.15,0,out_of_energy,0,0,1,0,85,14,0,0,1,54,0.0799112669771223,2.0161203965553804,0.0,0.0,0.99,8,exponential
q_learning,sparse_seed2,sparse,2,4a77b6e251,2154,225,-11.250000000000025,-8.150000000000016,0.05,0.15,0,out_of_energy,0,0,1,0,83,10,1,0,0,50,0.043658038950839306,0.4728289495034696,0.0,0.0,0.99,8,exponential
q_learning,sparse_seed2,sparse,2,4a77b6e251,2155,225,-11.250000000000025,-8.150000000000016,0.05,0.15,0,out_of_energy,0,0,1,0,100,56,0,0,0,50,0.04311616224698448,0.5561318395482587,0.0,0.0,0.99,8,exponential
q_learning,sparse_seed2,sparse,2,4a77b6e251,2156,225,-11.250000000000025,-8.150000000000015,0.05,0.15,0,out_of_energy,0,0,1,0,97,13,0,0,0,45,0.04191778840478912,0.41634824688719396,0.0,0.0,0.99,8,exponential
q_learning,sparse_seed2,sparse,2,4a77b6e251,2157,225,-1.2499999999999822,-8.050000000000015,0.05,0.15,0,out_of_energy,0,0,1,0,113,23,0,0,1,43,0.12630807368488753,4.78662782221068,0.0,0.0,0.99,8,exponential
q_learning,sparse_seed2,sparse,2,4a77b6e251,2158,225,-1.2499999999999822,-8.050000000000017,0.05,0.15,0,out_of_energy,0,0,1,0,93,6,0,0,1,53,0.12402443310332466,4.764659361735763,0.0,0.0,0.99,8,exponential
q_learning,sparse_seed2,sparse,2,4a77b6e251,2159,225,-1.2499999999999905,-7.950000000000016,0.05,0.15,0,out_of_energy,0,0,1,0,84,18,0,0,1,51,0.09671370589273905,1.9716948860552548,0.0,0.0,0.99,8,exponential
q_learning,sparse_seed2,sparse,2,4a77b6e251,2160,225,-11.250000000000025,-8.050000000000015,0.05,0.15,0,out_of_energy,0,0,1,0,98,42,0,0,0,47,0.04435891411358532,0.5407398799704591,0.0,0.0,0.99,8,exponential
q_learning,sparse_seed2,sparse,2,4a77b6e251,2161,225,-11.250000000000025,-8.050000000000015,0.05,0.15,0,out_of_energy,0,0,1,0,97,28,0,0,0,53,0.04303233709078616,0.5273212441830625,0.0,0.0,0.99,8,exponential
q_learning,sparse_seed2,sparse,2,4a77b6e251,2162,225,-11.250000000000025,-8.150000000000015,0.05,0.15,0,out_of_energy,0,0,1,0,102,13,0,0,0,45,0.043426459315047086,0.5333593525690817,0.0,0.0,0.99,8,exponential
q_learning,sparse_seed2,sparse,2,4a77b6e251,2163,225,-11.250000000000025,-8.150000000000015,0.05,0.15,0,out_of_energy,0,0,1,0,94,12,0,0,0,35,0.04223049361970559,0.538703093276199,0.0,0.0,0.99,8,exponential
q_learning,sparse_seed2,sparse,2,4a77b6e251,2164,225,-11.250000000000025,-8.250000000000014,0.05,0.15,0,out_of_energy,0,0,1,0,105,23,0,0,0,54,0.045226338942195195,0.539120195232416,0.0,0.0,0.99,8,exponential
q_learning,sparse_seed2,sparse,2,4a77b6e251,2165,225,-11.250000000000025,-8.250000000000014,0.05,0.15,0,out_of_energy,0,0,1,0,90,17,0,0,0,42,0.04224872549799336,0.5101600133114093,0.0,0.0,0.99,8,exponential
q_learning,sparse_seed2,sparse,2,4a77b6e251,2166,225,-11.250000000000025,-8.250000000000014,0.05,0.15,0,out_of_energy,0,0,1,0,96,15,0,0,0,48,0.04288427931064912,0.5588195251940985,0.0,0.0,0.99,8,exponential
q_learning,sparse_seed2,sparse,2,4a77b6e251,2167,225,-1.2499999999999822,-8.250000000000014,0.05,0.15,0,out_of_energy,0,0,1,0,101,7,0,0,1,46,0.10199900155819197,5.382264167604373,0.0,0.0,0.99,8,exponential
q_learning,sparse_seed2,sparse,2,4a77b6e251,2168,225,-11.250000000000025,-8.350000000000016,0.05,0.15,0,out_of_energy,0,0,1,0,99,4,0,0,0,46,0.04471051457371604,0.49160432307708696,0.0,0.0,0.99,8,exponential
q_learning,sparse_seed2,sparse,2,4a77b6e251,2169,225,-11.250000000000025,-8.450000000000015,0.05,0.15,0,out_of_energy,0,0,1,0,93,17,0,0,0,60,0.04095272603232646,0.42076711668963257,0.0,0.0,0.99,8,exponential
q_learning,sparse_seed2,sparse,2,4a77b6e251,2170,225,-11.250000000000025,-8.450000000000015,0.05,0.15,0,out_of_energy,0,0,1,0,102,3,0,0,0,49,0.04291038010252966,0.5104382048268533,0.0,0.0,0.99,8,exponential
q_learning,sparse_seed2,sparse,2,4a77b6e251,2171,225,-11.250000000000025,-8.550000000000017,0.05,0.15,0,out_of_energy,0,0,1,0,105,14,0,0,0,59,0.04298982802231259,0.5555648202060051,0.0,0.0,0.99,8,exponential
q_learning,sparse_seed2,sparse,2,4a77b6e251,2172,225,-11.250000000000025,-8.650000000000016,0.05,0.15,0,out_of_energy,0,0,1,0,99,20,2,0,0,49,0.04278850398226038,0.5110195110232739,0.0,0.0,0.99,8,exponential
q_learning,sparse_seed2,sparse,2,4a77b6e251,2173,225,-11.250000000000025,-8.750000000000016,0.05,0.15,0,out_of_energy,0,0,1,0,96,25,0,0,0,56,0.04276484148790746,0.5388677645178985,0.0,0.0,0.99,8,exponential
q_learning,sparse_seed2,sparse,2,4a77b6e251,2174,225,-11.250000000000025,-8.750000000000016,0.05,0.15,0,out_of_energy,0,0,1,0,82,5,0,0,0,35,0.044966169612654996,0.5100601994273071,0.0,0.0,0.99,8,exponential
q_learning,sparse_seed2,sparse,2,4a77b6e251,2175,225,-11.250000000000025,-8.750000000000018,0.05,0.15,0,out_of_energy,0,0,1,0,93,11,0,0,0,41,0.04336569143937789,0.5113842409944944,0.0,0.0,0.99,8,exponential
q_learning,sparse_seed2,sparse,2,4a77b6e251,2176,225,-11.250000000000025,-8.850000000000017,0.05,0.15,0,out_of_energy,0,0,1,0,88,17,0,0,0,50,0.042781669174648686,0.5174753785286947,0.0,0.0,0.99,8,exponential
q_learning,sparse_seed2,sparse,2,4a77b6e251,2177,225,-11.250000000000025,-8.950000000000019,0.05,0.15,0,out_of_energy,0,0,1,0,104,13,0,0,0,50,0.04388991249641826,0.5257147859964032,0.0,0.0,0.99,8,exponential
q_learning,sparse_seed2,sparse,2,4a77b6e251,2178,225,-11.250000000000025,-9.050000000000018,0.05,0.15,0,out_of_energy,0,0,1,0,107,1,0,0,0,47,0.042806118010103436,0.5259765001584947,0.0,0.0,0.99,8,exponential
q_learning,sparse_seed2,sparse,2,4a77b6e251,2179,225,-11.250000000000025,-9.150000000000018,0.05,0.15,0,out_of_energy,0,0,1,0,104,0,0,0,0,41,0.04208783641805707,0.4717409553563519,0.0,0.0,0.99,8,exponential
q_learning,sparse_seed2,sparse,2,4a77b6e251,2180,225,-11.250000000000025,-9.150000000000018,0.05,0.15,0,out_of_energy,0,0,1,0,94,4,2,0,0,36,0.04362817484530705,0.5137597008415019,0.0,0.0,0.99,8,exponential
q_learning,sparse_seed2,sparse,2,4a77b6e251,2181,225,-1.2499999999999845,-9.050000000000018,0.05,0.15,0,out_of_energy,0,0,1,0,103,7,0,0,1,50,0.08967220541007116,1.8598119737264982,0.0,0.0,0.99,8,exponential
q_learning,sparse_seed2,sparse,2,4a77b6e251,2182,225,-11.250000000000025,-9.150000000000018,0.05,0.15,0,out_of_energy,0,0,1,0,90,8,0,0,0,41,0.043575500486014614,0.5047813147342185,0.0,0.0,0.99,8,exponential
q_learning,sparse_seed2,sparse,2,4a77b6e251,2183,225,-11.250000000000025,-9.250000000000018,0.05,0.15,0,out_of_energy,0,0,1,0,90,12,3,0,0,46,0.04396548399216135,0.5413518068925015,0.0,0.0,0.99,8,exponential
q_learning,sparse_seed2,sparse,2,4a77b6e251,2184,225,-11.250000000000025,-9.35000000000002,0.05,0.15,0,out_of_energy,0,0,1,0,79,4,0,0,0,40,0.045389792469073834,0.5546029468445547,0.0,0.0,0.99,8,exponential
q_learning,sparse_seed2,sparse,2,4a77b6e251,2185,225,-11.250000000000025,-9.350000000000017,0.05,0.15,0,out_of_energy,0,0,1,0,107,9,0,0,0,50,0.042763666741569124,0.5117842089552587,0.0,0.0,0.99,8,exponential
q_learning,sparse_seed2,sparse,2,4a77b6e251,2186,225,-11.250000000000025,-9.350000000000017,0.05,0.15,0,out_of_energy,0,0,1,0,95,42,0,0,0,41,0.0440142922006197,0.5007776345402158,0.0,0.0,0.99,8,exponential
q_learning,sparse_seed2,sparse,2,4a77b6e251,2187,225,-11.250000000000025,-9.350000000000017,0.05,0.15,0,out_of_energy,0,0,1,0,98,14,0,0,0,38,0.044410213709895584,0.5478212590365368,0.0,0.0,0.99,8,exponential
q_learning,sparse_seed2,sparse,2,4a77b6e251,2188,225,-1.2499999999999822,-9.25000000000002,0.05,0.15,0,out_of_energy,0,0,1,0,95,11,0,0,1,44,0.11731075404287607,4.189960275122736,0.0,0.0,0.99,8,exponential
q_learning,sparse_seed2,sparse,2,4a77b6e251,2189,225,-1.2499999999999822,-9.150000000000018,0.05,0.15,0,out_of_energy,0,0,1,0,105,8,0,0,1,41,0.10152047529785097,2.927864199707974,0.0,0.0,0.99,8,exponential
q_learning,sparse_seed2,sparse,2,4a77b6e251,2190,225,-1.2499999999999822,-9.15000000000002,0.05,0.15,0,out_of_energy,0,0,1,0,91,8,0,0,1,38,0.11499212925856875,5.9819079566494855,0.0,0.0,0.99,8,exponential
q_learning,sparse_seed2,sparse,2,4a77b6e251,2191,225,-1.2499999999999822,-9.050000000000018,0.05,0.15,0,out_of_energy,0,0,1,0,99,14,0,0,1,47,0.13801321329242194,4.460307373880241,0.0,0.0,0.99,8,exponential
q_learning,sparse_seed2,sparse,2,4a77b6e251,2192,225,-1.2499999999999822,-8.950000000000019,0.05,0.15,0,out_of_energy,0,0,1,0,93,14,0,0,1,50,0.11136291504942794,5.7325898312848125,0.0,0.0,0.99,8,exponential
q_learning,sparse_seed2,sparse,2,4a77b6e251,2193,225,-11.250000000000025,-8.950000000000019,0.05,0.15,0,out_of_energy,0,0,1,0,95,18,0,0,0,44,0.04335164173489793,0.5237561190873326,0.0,0.0,0.99,8,exponential
q_learning,sparse_seed2,sparse,2,4a77b6e251,2194,225,-1.2499999999999822,-8.850000000000017,0.05,0.15,0,out_of_energy,0,0,1,0,82,10,0,0,1,51,0.14080951994049282,6.223392677914865,0.0,0.0,0.99,8,exponential
q_learning,sparse_seed2,sparse,2,4a77b6e251,2195,225,-11.250000000000025,-8.850000000000017,0.05,0.15,0,out_of_energy,0,0,1,0,95,24,0,0,0,42,0.04520940569852687,0.5275638538203581,0.0,0.0,0.99,8,exponential
q_learning,sparse_seed2,sparse,2,4a77b6e251,2196,225,-11.250000000000025,-8.850000000000017,0.05,0.15,0,out_of_energy,0,0,1,0,90,10,5,0,0,55,0.04307796137745541,0.5587710800060036,0.0,0.0,0.99,8,exponential
q_learning,sparse_seed2,sparse,2,4a77b6e251,2197,225,-1.2499999999999822,-8.750000000000018,0.05,0.15,0,out_of_energy,0,0,1,0,82,10,0,0,1,37,0.07810447436248842,1.8210535663724121,0.0,0.0,0.99,8,exponential
q_learning,sparse_seed2,sparse,2,4a77b6e251,2198,225,-11.250000000000025,-8.850000000000017,0.05,0.15,0,out_of_energy,0,0,1,0,88,6,0,0,0,55,0.042757141263942706,0.5194592082017031,0.0,0.0,0.99,8,exponential
q_learning,sparse_seed2,sparse,2,4a77b6e251,2199,225,-11.250000000000025,-8.850000000000017,0.05,0.15,0,out_of_energy,0,0,1,0,99,8,0,0,0,31,0.043285388212909316,0.5616055916339846,0.0,0.0,0.99,8,exponential
q_learning,sparse_seed2,sparse,2,4a77b6e251,2200,225,-11.250000000000025,-8.850000000000017,0.05,0.15,0,out_of_energy,0,0,1,0,113,27,0,0,0,50,0.04247362207908463,0.5593121459074213,0.0,0.0,0.99,8,exponential
q_learning,sparse_seed2,sparse,2,4a77b6e251,2201,225,-11.250000000000025,-8.950000000000017,0.05,0.15,0,out_of_energy,0,0,1,0,99,3,0,0,0,54,0.042161975132316974,0.4593308515215125,0.0,0.0,0.99,8,exponential
q_learning,sparse_seed2,sparse,2,4a77b6e251,2202,225,-11.250000000000025,-9.050000000000018,0.05,0.15,0,out_of_energy,0,0,1,0,93,8,0,0,0,48,0.0424232675876423,0.5633582549444427,0.0,0.0,0.99,8,exponential
q_learning,sparse_seed2,sparse,2,4a77b6e251,2203,225,-11.250000000000025,-9.150000000000018,0.05,0.15,0,out_of_energy,0,0,1,0,97,24,0,0,0,43,0.04326829082234368,0.5186504768082894,0.0,0.0,0.99,8,exponential
q_learning,sparse_seed2,sparse,2,4a77b6e251,2204,225,-1.2500000000000078,-9.150000000000018,0.05,0.15,0,out_of_energy,0,0,1,0,102,25,0,0,1,52,0.08018990184845165,2.196107759307113,0.0,0.0,0.99,8,exponential
q_learning,sparse_seed2,sparse,2,4a77b6e251,2205,225,-1.2499999999999822,-9.150000000000018,0.05,0.15,0,out_of_energy,0,0,1,0,78,7,0,0,1,38,0.09671650142834194,2.813825548341267,0.0,0.0,0.99,8,exponential
q_learning,sparse_seed2,sparse,2,4a77b6e251,2206,225,-11.250000000000025,-9.250000000000021,0.05,0.15,0,out_of_energy,0,0,1,0,85,28,0,0,0,46,0.04330467039155017,0.5127381217040488,0.0,0.0,0.99,8,exponential
q_learning,sparse_seed2,sparse,2,4a77b6e251,2207,225,-1.2499999999999822,-9.25000000000002,0.05,0.15,0,out_of_energy,0,0,1,0,78,13,0,0,1,45,0.09629265131895597,2.8901575491283324,0.0,0.0,0.99,8,exponential
q_learning,sparse_seed2,sparse,2,4a77b6e251,2208,225,-11.250000000000025,-9.250000000000021,0.05,0.15,0,out_of_energy,0,0,1,0,93,14,0,0,0,45,0.04384717697137247,0.5323780866136846,0.0,0.0,0.99,8,exponential
q_learning,sparse_seed2,sparse,2,4a77b6e251,2209,225,-11.250000000000025,-9.250000000000018,0.05,0.15,0,out_of_energy,0,0,1,0,96,24,0,0,0,45,0.044745501706525616,0.5590040951895107,0.0,0.0,0.99,8,exponential
q_learning,sparse_seed2,sparse,2,4a77b6e251,2210,225,-11.250000000000025,-9.25000000000002,0.05,0.15,0,out_of_energy,0,0,1,0,94,20,0,0,0,48,0.043599668705135416,0.5182778801479239,0.0,0.0,0.99,8,exponential
q_learning,sparse_seed2,sparse,2,4a77b6e251,2211,225,-11.250000000000025,-9.250000000000018,0.05,0.15,0,out_of_energy,0,0,1,0,89,7,0,0,0,42,0.04387211992085747,0.5228522238948472,0.0,0.0,0.99,8,exponential
q_learning,sparse_seed2,sparse,2,4a77b6e251,2212,225,-11.250000000000025,-9.250000000000018,0.05,0.15,0,out_of_energy,0,0,1,0,101,3,0,0,0,49,0.0476293698075427,0.5917853166651201,0.0,0.0,0.99,8,exponential
q_learning,sparse_seed2,sparse,2,4a77b6e251,2213,225,-11.250000000000025,-9.250000000000018,0.05,0.15,0,out_of_energy,0,0,1,0,90,33,0,0,0,40,0.04300268904627452,0.5052308924833443,0.0,0.0,0.99,8,exponential
q_learning,sparse_seed2,sparse,2,4a77b6e251,2214,225,-11.250000000000025,-9.350000000000017,0.05,0.15,0,out_of_energy,0,0,1,0,98,13,0,0,0,50,0.04423549792174744,0.5356295200744695,0.0,0.0,0.99,8,exponential
q_learning,sparse_seed2,sparse,2,4a77b6e251,2215,225,-11.250000000000025,-9.350000000000017,0.05,0.15,0,out_of_energy,0,0,1,0,93,4,0,0,0,43,0.043000030337282974,0.49771210831714713,0.0,0.0,0.99,8,exponential
q_learning,sparse_seed2,sparse,2,4a77b6e251,2216,225,-11.250000000000025,-9.350000000000017,0.05,0.15,0,out_of_energy,0,0,1,0,97,26,3,0,0,39,0.045089854873752555,0.5928556263700052,0.0,0.0,0.99,8,exponential
q_learning,sparse_seed2,sparse,2,4a77b6e251,2217,225,-11.250000000000025,-9.350000000000017,0.05,0.15,0,out_of_energy,0,0,1,0,89,10,0,0,0,39,0.04538228201451836,0.578223962686395,0.0,0.0,0.99,8,exponential
q_learning,sparse_seed2,sparse,2,4a77b6e251,2218,225,-11.250000000000025,-9.350000000000017,0.05,0.15,0,out_of_energy,0,0,1,0,97,21,0,0,0,42,0.04227123259407133,0.4532585322582365,0.0,0.0,0.99,8,exponential
q_learning,sparse_seed2,sparse,2,4a77b6e251,2219,225,-11.250000000000025,-9.350000000000017,0.05,0.15,0,out_of_energy,0,0,1,0,83,10,4,0,0,34,0.04643769615160658,0.7179207994939486,0.0,0.0,0.99,8,exponential
q_learning,sparse_seed2,sparse,2,4a77b6e251,2220,225,-1.2499999999999822,-9.25000000000002,0.05,0.15,0,out_of_energy,0,0,1,0,92,11,0,0,1,40,0.16100261208505032,6.57882153881083,0.0,0.0,0.99,8,exponential
q_learning,sparse_seed2,sparse,2,4a77b6e251,2221,225,-11.250000000000025,-9.250000000000018,0.05,0.15,0,out_of_energy,0,0,1,0,88,19,0,0,0,41,0.04433360471766927,0.5467481309818559,0.0,0.0,0.99,8,exponential
q_learning,sparse_seed2,sparse,2,4a77b6e251,2222,225,-11.250000000000025,-9.25000000000002,0.05,0.15,0,out_of_energy,0,0,1,0,86,14,2,0,0,39,0.045207858508908016,0.5562370474241771,0.0,0.0,0.99,8,exponential
q_learning,sparse_seed2,sparse,2,4a77b6e251,2223,225,-1.2499999999999822,-9.150000000000018,0.05,0.15,0,out_of_energy,0,0,1,0,93,18,0,0,1,40,0.1333429850676202,5.359946792996088,0.0,0.0,0.99,8,exponential
q_learning,sparse_seed2,sparse,2,4a77b6e251,2224,225,-11.250000000000025,-9.25000000000002,0.05,0.15,0,out_of_energy,0,0,1,0,99,31,1,0,0,44,0.0440705021104639,0.5479740021455453,0.0,0.0,0.99,8,exponential
q_learning,sparse_seed2,sparse,2,4a77b6e251,2225,225,-11.250000000000025,-9.250000000000018,0.05,0.15,0,out_of_energy,0,0,1,0,88,29,3,0,0,45,0.04612660384753284,0.5591748209684635,0.0,0.0,0.99,8,exponential
q_learning,sparse_seed2,sparse,2,4a77b6e251,2226,225,-11.250000000000025,-9.25000000000002,0.05,0.15,0,out_of_energy,0,0,1,0,93,24,0,0,0,46,0.043184619977047936,0.5363049203963849,0.0,0.0,0.99,8,exponential
q_learning,sparse_seed2,sparse,2,4a77b6e251,2227,225,-1.2499999999999822,-9.150000000000018,0.05,0.15,0,out_of_energy,0,0,1,0,98,8,0,0,1,34,0.11329219353964931,2.879372156038709,0.0,0.0,0.99,8,exponential
q_learning,sparse_seed2,sparse,2,4a77b6e251,2228,225,-11.250000000000025,-9.150000000000018,0.05,0.15,0,out_of_energy,0,0,1,0,97,24,0,0,0,44,0.04209101861919139,0.44685756809694277,0.0,0.0,0.99,8,exponential
q_learning,sparse_seed2,sparse,2,4a77b6e251,2229,225,-11.250000000000025,-9.150000000000018,0.05,0.15,0,out_of_energy,0,0,1,0,93,4,0,0,0,39,0.042631834645771007,0.5225148302933417,0.0,0.0,0.99,8,exponential
q_learning,sparse_seed2,sparse,2,4a77b6e251,2230,225,-11.250000000000025,-9.150000000000018,0.05,0.15,0,out_of_energy,0,0,1,0,82,1,0,0,0,55,0.043175326993188684,0.5522053233155624,0.0,0.0,0.99,8,exponential
q_learning,sparse_seed2,sparse,2,4a77b6e251,2231,225,-11.250000000000025,-9.150000000000018,0.05,0.15,0,out_of_energy,0,0,1,0,103,12,0,0,0,44,0.0427690227811855,0.5118654732910314,0.0,0.0,0.99,8,exponential
q_learning,sparse_seed2,sparse,2,4a77b6e251,2232,225,-11.250000000000025,-9.150000000000018,0.05,0.15,0,out_of_energy,0,0,1,0,87,3,4,0,0,45,0.04291708676687915,0.5226334426316774,0.0,0.0,0.99,8,exponential
q_learning,sparse_seed2,sparse,2,4a77b6e251,2233,225,-11.250000000000025,-9.150000000000018,0.05,0.15,0,out_of_energy,0,0,1,0,102,12,0,0,0,40,0.045461068662108285,0.5577031567770179,0.0,0.0,0.99,8,exponential
q_learning,sparse_seed2,sparse,2,4a77b6e251,2234,225,-1.2499999999999822,-9.050000000000018,0.05,0.15,0,out_of_energy,0,0,1,0,84,7,0,0,1,37,0.1311723475500797,3.308384138552486,0.0,0.0,0.99,8,exponential
q_learning,sparse_seed2,sparse,2,4a77b6e251,2235,225,-1.2499999999999822,-8.950000000000019,0.05,0.15,0,out_of_energy,0,0,1,0,107,23,0,0,1,51,0.07722841062221886,1.7360066240412668,0.0,0.0,0.99,8,exponential
q_learning,sparse_seed2,sparse,2,4a77b6e251,2236,225,-1.2499999999999822,-8.850000000000017,0.05,0.15,0,out_of_energy,0,0,1,0,101,9,0,0,1,45,0.08857411850542245,1.90861044620374,0.0,0.0,0.99,8,exponential
q_learning,sparse_seed2,sparse,2,4a77b6e251,2237,225,-1.2499999999999822,-8.750000000000018,0.05,0.15,0,out_of_energy,0,0,1,0,83,15,0,0,1,47,0.0946649321402919,2.8178758314639367,0.0,0.0,0.99,8,exponential
q_learning,sparse_seed2,sparse,2,4a77b6e251,2238,225,-11.250000000000025,-8.750000000000018,0.05,0.15,0,out_of_energy,0,0,1,0,97,19,0,0,0,46,0.042732795517518476,0.5421181831777745,0.0,0.0,0.99,8,exponential
q_learning,sparse_seed2,sparse,2,4a77b6e251,2239,225,-11.250000000000025,-8.750000000000018,0.05,0.15,0,out_of_energy,0,0,1,0,100,2,0,0,0,47,0.04364415332154904,0.5249568457537102,0.0,0.0,0.99,8,exponential
q_learning,sparse_seed2,sparse,2,4a77b6e251,2240,225,-11.250000000000025,-8.750000000000016,0.05,0.15,0,out_of_energy,0,0,1,0,107,25,0,0,0,40,0.04472915955858923,0.5543119183873103,0.0,0.0,0.99,8,exponential
q_learning,sparse_seed2,sparse,2,4a77b6e251,2241,225,-11.250000000000025,-8.750000000000016,0.05,0.15,0,out_of_energy,0,0,1,0,106,22,0,0,0,43,0.043452088261269194,0.5273890586603793,0.0,0.0,0.99,8,exponential
q_learning,sparse_seed2,sparse,2,4a77b6e251,2242,225,-11.250000000000025,-8.850000000000016,0.05,0.15,0,out_of_energy,0,0,1,0,86,12,0,0,0,53,0.04319439764236795,0.5008727040891531,0.0,0.0,0.99,8,exponential
q_learning,sparse_seed2,sparse,2,4a77b6e251,2243,225,-11.250000000000025,-8.950000000000015,0.05,0.15,0,out_of_energy,0,0,1,0,83,34,6,0,0,39,0.047653139374516734,0.8012240842912904,0.0,0.0,0.99,8,exponential
q_learning,sparse_seed2,sparse,2,4a77b6e251,2244,225,-11.250000000000025,-8.950000000000015,0.05,0.15,0,out_of_energy,0,0,1,0,95,4,0,0,0,47,0.043850850262475496,0.522239994567354,0.0,0.0,0.99,8,exponential
q_learning,sparse_seed2,sparse,2,4a77b6e251,2245,225,-1.2500000000000033,-8.850000000000016,0.05,0.15,0,out_of_energy,0,0,1,0,83,12,3,0,1,45,0.08705729823636824,2.11385952185723,0.0,0.0,0.99,8,exponential
q_learning,sparse_seed2,sparse,2,4a77b6e251,2246,225,-11.250000000000025,-8.850000000000016,0.05,0.15,0,out_of_energy,0,0,1,0,83,10,2,0,0,48,0.0423868851610494,0.5257760806771735,0.0,0.0,0.99,8,exponential
q_learning,sparse_seed2,sparse,2,4a77b6e251,2247,225,-11.250000000000025,-8.850000000000016,0.05,0.15,0,out_of_energy,0,0,1,0,90,17,0,0,0,39,0.043293301128628975,0.5387359707228675,0.0,0.0,0.99,8,exponential
q_learning,sparse_seed2,sparse,2,4a77b6e251,2248,225,-11.250000000000025,-8.850000000000016,0.05,0.15,0,out_of_energy,0,0,1,0,84,30,1,0,0,30,0.04304995491765221,0.5703898808343579,0.0,0.0,0.99,8,exponential
q_learning,sparse_seed2,sparse,2,4a77b6e251,2249,225,-1.2499999999999822,-8.750000000000016,0.05,0.15,0,out_of_energy,0,0,1,0,110,18,0,0,1,50,0.08596821159741529,1.8646644511000345,0.0,0.0,0.99,8,exponential
q_learning,sparse_seed2,sparse,2,4a77b6e251,2250,225,-11.250000000000025,-8.750000000000016,0.05,0.15,0,out_of_energy,0,0,1,0,93,16,11,0,0,40,0.04376792548618197,0.5621329141178141,0.0,0.0,0.99,8,exponential
q_learning,sparse_seed2,sparse,2,4a77b6e251,2251,225,-11.250000000000025,-8.750000000000016,0.05,0.15,0,out_of_energy,0,0,1,0,94,6,0,0,0,37,0.04270250158449923,0.5676925134139488,0.0,0.0,0.99,8,exponential
q_learning,sparse_seed2,sparse,2,4a77b6e251,2252,225,-11.250000000000025,-8.750000000000016,0.05,0.15,0,out_of_energy,0,0,1,0,89,18,0,0,0,39,0.04645276782366935,0.7802099593269916,0.0,0.0,0.99,8,exponential
q_learning,sparse_seed2,sparse,2,4a77b6e251,2253,225,-11.250000000000025,-8.850000000000016,0.05,0.15,0,out_of_energy,0,0,1,0,94,22,3,0,0,55,0.0448824720800522,0.5842496222265849,0.0,0.0,0.99,8,exponential
q_learning,sparse_seed2,sparse,2,4a77b6e251,2254,225,-1.2499999999999822,-8.750000000000016,0.05,0.15,0,out_of_energy,0,0,1,0,89,8,0,0,1,45,0.07991956462380986,1.822153335970262,0.0,0.0,0.99,8,exponential
q_learning,sparse_seed2,sparse,2,4a77b6e251,2255,225,-11.250000000000025,-8.750000000000016,0.05,0.15,0,out_of_energy,0,0,1,0,108,8,0,0,0,35,0.03986572549172362,0.14705096778541815,0.0,0.0,0.99,8,exponential
q_learning,sparse_seed2,sparse,2,4a77b6e251,2256,225,-11.250000000000025,-8.750000000000016,0.05,0.15,0,out_of_energy,0,0,1,0,92,19,0,0,0,33,0.0452767812711657,0.4977253379101601,0.0,0.0,0.99,8,exponential
q_learning,sparse_seed2,sparse,2,4a77b6e251,2257,225,-11.250000000000025,-8.850000000000016,0.05,0.15,0,out_of_energy,0,0,1,0,90,5,17,0,0,42,0.044236083158993814,0.5747634640580521,0.0,0.0,0.99,8,exponential
q_learning,sparse_seed2,sparse,2,4a77b6e251,2258,225,-11.250000000000025,-8.950000000000015,0.05,0.15,0,out_of_energy,0,0,1,0,93,21,0,0,0,41,0.04419767692593414,0.5206829272454289,0.0,0.0,0.99,8,exponential
q_learning,sparse_seed2,sparse,2,4a77b6e251,2259,225,-11.250000000000025,-9.050000000000017,0.05,0.15,0,out_of_energy,0,0,1,0,94,12,0,0,0,43,0.04405048181108853,0.5097427434786995,0.0,0.0,0.99,8,exponential
q_learning,sparse_seed2,sparse,2,4a77b6e251,2260,225,-11.250000000000025,-9.050000000000017,0.05,0.15,0,out_of_energy,0,0,1,0,77,23,0,0,0,35,0.04567214654809506,0.5577283546723124,0.0,0.0,0.99,8,exponential
q_learning,sparse_seed2,sparse,2,4a77b6e251,2261,225,-11.250000000000025,-9.050000000000017,0.05,0.15,0,out_of_energy,0,0,1,0,97,0,0,0,0,44,0.04351897831497696,0.5115866185066439,0.0,0.0,0.99,8,exponential
q_learning,sparse_seed2,sparse,2,4a77b6e251,2262,225,-11.250000000000025,-9.050000000000017,0.05,0.15,0,out_of_energy,0,0,1,0,105,15,0,0,0,54,0.04335125025351074,0.5673246393334016,0.0,0.0,0.99,8,exponential
q_learning,sparse_seed2,sparse,2,4a77b6e251,2263,225,-11.250000000000025,-9.050000000000017,0.05,0.15,0,out_of_energy,0,0,1,0,112,7,0,0,0,40,0.04349446294310345,0.5336444946267848,0.0,0.0,0.99,8,exponential
q_learning,sparse_seed2,sparse,2,4a77b6e251,2264,225,-11.250000000000025,-9.050000000000017,0.05,0.15,0,out_of_energy,0,0,1,0,99,11,0,0,0,44,0.04258795420716148,0.4947045346433951,0.0,0.0,0.99,8,exponential
q_learning,sparse_seed2,sparse,2,4a77b6e251,2265,225,-11.250000000000025,-9.050000000000017,0.05,0.15,0,out_of_energy,0,0,1,0,84,11,0,0,0,45,0.044636679442655695,0.5647197471772067,0.0,0.0,0.99,8,exponential
q_learning,sparse_seed2,sparse,2,4a77b6e251,2266,225,-11.250000000000025,-9.050000000000017,0.05,0.15,0,out_of_energy,0,0,1,0,87,3,0,0,0,52,0.04667305568043211,0.6394968415353488,0.0,0.0,0.99,8,exponential
q_learning,sparse_seed2,sparse,2,4a77b6e251,2267,225,-11.250000000000025,-9.150000000000016,0.05,0.15,0,out_of_energy,0,0,1,0,79,12,2,0,0,46,0.04500635336377784,0.5871946524490654,0.0,0.0,0.99,8,exponential
q_learning,sparse_seed2,sparse,2,4a77b6e251,2268,225,-11.250000000000025,-9.150000000000016,0.05,0.15,0,out_of_energy,0,0,1,0,92,25,0,0,0,40,0.04246495732629047,0.5281153841004259,0.0,0.0,0.99,8,exponential
q_learning,sparse_seed2,sparse,2,4a77b6e251,2269,225,-1.2499999999999822,-9.050000000000017,0.05,0.15,0,out_of_energy,0,0,1,0,102,6,0,0,1,38,0.13956892001153712,4.744222161117376,0.0,0.0,0.99,8,exponential
q_learning,sparse_seed2,sparse,2,4a77b6e251,2270,225,-1.2499999999999822,-8.950000000000017,0.05,0.15,0,out_of_energy,0,0,1,0,111,7,0,0,1,50,0.08802443900148607,2.859063139910367,0.0,0.0,0.99,8,exponential
q_learning,sparse_seed2,sparse,2,4a77b6e251,2271,225,-11.250000000000025,-8.950000000000017,0.05,0.15,0,out_of_energy,0,0,1,0,97,10,0,0,0,45,0.04436018914977203,0.46198707922321774,0.0,0.0,0.99,8,exponential
q_learning,sparse_seed2,sparse,2,4a77b6e251,2272,225,-11.250000000000025,-8.950000000000017,0.05,0.15,0,out_of_energy,0,0,1,0,84,38,0,0,0,48,0.04433118417936391,0.555229107743638,0.0,0.0,0.99,8,exponential
q_learning,sparse_seed2,sparse,2,4a77b6e251,2273,225,-11.250000000000025,-8.950000000000017,0.05,0.15,0,out_of_energy,0,0,1,0,109,7,0,0,0,43,0.04359505295496512,0.41316617029349784,0.0,0.0,0.99,8,exponential
q_learning,sparse_seed2,sparse,2,4a77b6e251,2274,225,-11.250000000000025,-8.950000000000015,0.05,0.15,0,out_of_energy,0,0,1,0,101,15,3,0,0,44,0.042703962353686946,0.5368680846513121,0.0,0.0,0.99,8,exponential
q_learning,sparse_seed2,sparse,2,4a77b6e251,2275,225,-1.2499999999999822,-8.850000000000016,0.05,0.15,0,out_of_energy,0,0,1,0,91,4,0,0,1,39,0.11154549110683101,4.385425267531046,0.0,0.0,0.99,8,exponential
q_learning,sparse_seed2,sparse,2,4a77b6e251,2276,225,-1.2499999999999822,-8.750000000000016,0.05,0.15,0,out_of_energy,0,0,1,0,84,5,0,0,1,57,0.11210149056358315,2.9015620317717152,0.0,0.0,0.99,8,exponential
q_learning,sparse_seed2,sparse,2,4a77b6e251,2277,225,-11.250000000000025,-8.750000000000016,0.05,0.15,0,out_of_energy,0,0,1,0,108,3,0,0,0,50,0.04245826819886222,0.3863034952189314,0.0,0.0,0.99,8,exponential
q_learning,sparse_seed2,sparse,2,4a77b6e251,2278,225,-11.250000000000025,-8.750000000000016,0.05,0.15,0,out_of_energy,0,0,1,0,76,18,1,0,0,42,0.04483098498648611,0.5573811860940963,0.0,0.0,0.99,8,exponential
q_learning,sparse_seed2,sparse,2,4a77b6e251,2279,225,-1.2499999999999822,-8.650000000000016,0.05,0.15,0,out_of_energy,0,0,1,0,87,17,0,0,1,39,0.1927044729344129,5.286563476410861,0.0,0.0,0.99,8,exponential
q_learning,sparse_seed2,sparse,2,4a77b6e251,2280,225,-11.250000000000025,-8.650000000000016,0.05,0.15,0,out_of_energy,0,0,1,0,89,21,6,0,0,47,0.04233834602334011,0.5596840871491247,0.0,0.0,0.99,8,exponential
q_learning,sparse_seed2,sparse,2,4a77b6e251,2281,225,-11.250000000000025,-8.750000000000016,0.05,0.15,0,out_of_energy,0,0,1,0,93,6,0,0,0,44,0.042948152107872485,0.5297896604061137,0.0,0.0,0.99,8,exponential
q_learning,sparse_seed2,sparse,2,4a77b6e251,2282,225,-11.250000000000025,-8.750000000000016,0.05,0.15,0,out_of_energy,0,0,1,0,100,11,0,0,0,48,0.043378913873177896,0.5312826765132719,0.0,0.0,0.99,8,exponential
q_learning,sparse_seed2,sparse,2,4a77b6e251,2283,225,-11.250000000000025,-8.750000000000016,0.05,0.15,0,out_of_energy,0,0,1,0,97,23,0,0,0,49,0.04081980381856356,0.35591333766263467,0.0,0.0,0.99,8,exponential
q_learning,sparse_seed2,sparse,2,4a77b6e251,2284,225,-11.250000000000025,-8.750000000000016,0.05,0.15,0,out_of_energy,0,0,1,0,99,15,0,0,0,35,0.04401764736299928,0.4133868348158716,0.0,0.0,0.99,8,exponential
q_learning,sparse_seed2,sparse,2,4a77b6e251,2285,225,-11.250000000000025,-8.750000000000016,0.05,0.15,0,out_of_energy,0,0,1,0,102,14,0,0,0,46,0.044307135575101075,0.5280697770227049,0.0,0.0,0.99,8,exponential
q_learning,sparse_seed2,sparse,2,4a77b6e251,2286,225,-1.2499999999999931,-8.650000000000016,0.05,0.15,0,out_of_energy,0,0,1,0,90,10,0,0,1,50,0.10236378482174215,2.6935637542566537,0.0,0.0,0.99,8,exponential
q_learning,sparse_seed2,sparse,2,4a77b6e251,2287,225,-1.2500000000000104,-8.550000000000017,0.05,0.15,0,out_of_energy,0,0,1,0,97,8,0,0,1,52,0.12207008356543499,8.36954011959524,0.0,0.0,0.99,8,exponential
q_learning,sparse_seed2,sparse,2,4a77b6e251,2288,225,-11.250000000000025,-8.650000000000016,0.05,0.15,0,out_of_energy,0,0,1,0,82,21,3,0,0,35,0.046661217558187945,0.7367003595392798,0.0,0.0,0.99,8,exponential
q_learning,sparse_seed2,sparse,2,4a77b6e251,2289,225,-11.250000000000025,-8.750000000000016,0.05,0.15,0,out_of_energy,0,0,1,0,101,10,4,0,0,53,0.04478998728161511,0.5901201978837494,0.0,0.0,0.99,8,exponential
q_learning,sparse_seed2,sparse,2,4a77b6e251,2290,225,-11.250000000000025,-8.850000000000016,0.05,0.15,0,out_of_energy,0,0,1,0,116,1,0,0,0,44,0.044153211262845445,0.5299746145636162,0.0,0.0,0.99,8,exponential
q_learning,sparse_seed2,sparse,2,4a77b6e251,2291,225,-1.2499999999999822,-8.850000000000017,0.05,0.15,0,out_of_energy,0,0,1,0,97,6,0,0,1,37,0.07588414437943958,1.7206086327106895,0.0,0.0,0.99,8,exponential
q_learning,sparse_seed2,sparse,2,4a77b6e251,2292,225,-11.250000000000025,-8.950000000000019,0.05,0.15,0,out_of_energy,0,0,1,0,94,21,0,0,0,53,0.04400963858663235,0.5022264793366933,0.0,0.0,0.99,8,exponential
q_learning,sparse_seed2,sparse,2,4a77b6e251,2293,225,-11.250000000000025,-8.950000000000017,0.05,0.15,0,out_of_energy,0,0,1,0,92,38,4,0,0,46,0.04258141197416759,0.537331222394056,0.0,0.0,0.99,8,exponential
q_learning,sparse_seed2,sparse,2,4a77b6e251,2294,225,-11.250000000000025,-9.050000000000018,0.05,0.15,0,out_of_energy,0,0,1,0,98,20,2,0,0,46,0.04473342991463756,0.552552042123537,0.0,0.0,0.99,8,exponential
q_learning,sparse_seed2,sparse,2,4a77b6e251,2295,225,-11.250000000000025,-9.050000000000017,0.05,0.15,0,out_of_energy,0,0,1,0,94,15,0,0,0,41,0.043440547852145794,0.47387998237301404,0.0,0.0,0.99,8,exponential
q_learning,sparse_seed2,sparse,2,4a77b6e251,2296,225,-11.250000000000025,-9.050000000000018,0.05,0.15,0,out_of_energy,0,0,1,0,100,17,0,0,0,41,0.045383248299405765,0.5038124138770008,0.0,0.0,0.99,8,exponential
q_learning,sparse_seed2,sparse,2,4a77b6e251,2297,225,-11.250000000000025,-9.150000000000018,0.05,0.15,0,out_of_energy,0,0,1,0,94,18,0,0,0,48,0.04327167713551341,0.5283032169623063,0.0,0.0,0.99,8,exponential
q_learning,sparse_seed2,sparse,2,4a77b6e251,2298,225,-11.250000000000025,-9.150000000000018,0.05,0.15,0,out_of_energy,0,0,1,0,102,4,0,0,0,45,0.0438493139835105,0.5333966327710253,0.0,0.0,0.99,8,exponential
q_learning,sparse_seed2,sparse,2,4a77b6e251,2299,225,-1.2499999999999822,-9.050000000000018,0.05,0.15,0,out_of_energy,0,0,1,0,94,5,0,0,1,48,0.0789222427605879,1.7847141172980052,0.0,0.0,0.99,8,exponential
q_learning,sparse_seed2,sparse,2,4a77b6e251,2300,225,-11.250000000000025,-9.050000000000018,0.05,0.15,0,out_of_energy,0,0,1,0,100,9,0,0,0,38,0.044322433062438105,0.5493949033453276,0.0,0.0,0.99,8,exponential
q_learning,sparse_seed2,sparse,2,4a77b6e251,2301,225,-11.250000000000025,-9.050000000000018,0.05,0.15,0,out_of_energy,0,0,1,0,86,13,0,0,0,47,0.044276573503926345,0.48327104834521856,0.0,0.0,0.99,8,exponential
q_learning,sparse_seed2,sparse,2,4a77b6e251,2302,225,-11.250000000000025,-9.050000000000018,0.05,0.15,0,out_of_energy,0,0,1,0,92,32,0,0,0,46,0.043050098396700744,0.5595659785297048,0.0,0.0,0.99,8,exponential
q_learning,sparse_seed2,sparse,2,4a77b6e251,2303,225,-11.250000000000025,-9.050000000000017,0.05,0.15,0,out_of_energy,0,0,1,0,104,14,0,0,0,55,0.04458237669668817,0.5619748547967953,0.0,0.0,0.99,8,exponential
q_learning,sparse_seed2,sparse,2,4a77b6e251,2304,225,-11.250000000000025,-9.150000000000018,0.05,0.15,0,out_of_energy,0,0,1,0,86,5,0,0,0,50,0.04265822313566694,0.5279549638790959,0.0,0.0,0.99,8,exponential
q_learning,sparse_seed2,sparse,2,4a77b6e251,2305,225,-11.250000000000025,-9.250000000000018,0.05,0.15,0,out_of_energy,0,0,1,0,92,13,3,0,0,47,0.043935443477219706,0.5276151470362174,0.0,0.0,0.99,8,exponential
q_learning,sparse_seed2,sparse,2,4a77b6e251,2306,225,-11.250000000000025,-9.250000000000018,0.05,0.15,0,out_of_energy,0,0,1,0,84,26,0,0,0,40,0.04280637853290346,0.5175881665751854,0.0,0.0,0.99,8,exponential
q_learning,sparse_seed2,sparse,2,4a77b6e251,2307,225,-11.250000000000025,-9.350000000000017,0.05,0.15,0,out_of_energy,0,0,1,0,107,13,0,0,0,46,0.0426112120708858,0.5620334184478615,0.0,0.0,0.99,8,exponential
q_learning,sparse_seed2,sparse,2,4a77b6e251,2308,225,-11.250000000000025,-9.350000000000017,0.05,0.15,0,out_of_energy,0,0,1,0,89,9,0,0,0,48,0.04108671314544761,0.42062550789960373,0.0,0.0,0.99,8,exponential
q_learning,sparse_seed2,sparse,2,4a77b6e251,2309,225,-11.250000000000025,-9.350000000000017,0.05,0.15,0,out_of_energy,0,0,1,0,92,1,0,0,0,45,0.04301407451449568,0.5386907477602871,0.0,0.0,0.99,8,exponential
q_learning,sparse_seed2,sparse,2,4a77b6e251,2310,225,-11.250000000000025,-9.350000000000017,0.05,0.15,0,out_of_energy,0,0,1,0,96,4,2,0,0,41,0.04263673152300942,0.5701359615585662,0.0,0.0,0.99,8,exponential
q_learning,sparse_seed2,sparse,2,4a77b6e251,2311,225,-11.250000000000025,-9.350000000000017,0.05,0.15,0,out_of_energy,0,0,1,0,103,3,0,0,0,41,0.04325497489118786,0.5803733429470621,0.0,0.0,0.99,8,exponential
q_learning,sparse_seed2,sparse,2,4a77b6e251,2312,225,-11.250000000000025,-9.350000000000017,0.05,0.15,0,out_of_energy,0,0,1,0,86,2,0,0,0,41,0.04251836014081618,0.5529612282428202,0.0,0.0,0.99,8,exponential
q_learning,sparse_seed2,sparse,2,4a77b6e251,2313,225,-11.250000000000025,-9.350000000000017,0.05,0.15,0,out_of_energy,0,0,1,0,96,17,0,0,0,46,0.04310150567494612,0.5390144152832592,0.0,0.0,0.99,8,exponential
q_learning,sparse_seed2,sparse,2,4a77b6e251,2314,225,-11.250000000000025,-9.350000000000017,0.05,0.15,0,out_of_energy,0,0,1,0,80,12,0,0,0,37,0.045419267906775314,0.5887315325102477,0.0,0.0,0.99,8,exponential
q_learning,sparse_seed2,sparse,2,4a77b6e251,2315,225,-11.250000000000025,-9.350000000000017,0.05,0.15,0,out_of_energy,0,0,1,0,92,1,0,0,0,39,0.04363935184612799,0.5539968000501292,0.0,0.0,0.99,8,exponential
q_learning,sparse_seed2,sparse,2,4a77b6e251,2316,225,-11.250000000000025,-9.350000000000017,0.05,0.15,0,out_of_energy,0,0,1,0,100,24,0,0,0,34,0.04324046412475247,0.449788927286396,0.0,0.0,0.99,8,exponential
q_learning,sparse_seed2,sparse,2,4a77b6e251,2317,225,-11.250000000000025,-9.350000000000017,0.05,0.15,0,out_of_energy,0,0,1,0,97,12,0,0,0,42,0.04155053058908068,0.5629824062243897,0.0,0.0,0.99,8,exponential
q_learning,sparse_seed2,sparse,2,4a77b6e251,2318,225,-11.250000000000025,-9.350000000000017,0.05,0.15,0,out_of_energy,0,0,1,0,91,11,0,0,0,47,0.04219146562655906,0.5485924377343171,0.0,0.0,0.99,8,exponential
q_learning,sparse_seed2,sparse,2,4a77b6e251,2319,225,-11.250000000000025,-9.350000000000017,0.05,0.15,0,out_of_energy,0,0,1,0,90,30,0,0,0,44,0.042038964081317215,0.5664240535161915,0.0,0.0,0.99,8,exponential
q_learning,sparse_seed2,sparse,2,4a77b6e251,2320,225,-11.250000000000025,-9.450000000000019,0.05,0.15,0,out_of_energy,0,0,1,0,81,21,0,0,0,40,0.04402525199407009,0.5041673611632663,0.0,0.0,0.99,8,exponential
q_learning,sparse_seed2,sparse,2,4a77b6e251,2321,225,-11.250000000000025,-9.450000000000019,0.05,0.15,0,out_of_energy,0,0,1,0,88,7,0,0,0,43,0.04332985630210277,0.5180619002707334,0.0,0.0,0.99,8,exponential
q_learning,sparse_seed2,sparse,2,4a77b6e251,2322,225,-11.250000000000025,-9.450000000000019,0.05,0.15,0,out_of_energy,0,0,1,0,93,1,0,0,0,42,0.04237738986453498,0.6168627926722057,0.0,0.0,0.99,8,exponential
q_learning,sparse_seed2,sparse,2,4a77b6e251,2323,225,-11.250000000000025,-9.550000000000018,0.05,0.15,0,out_of_energy,0,0,1,0,99,22,0,0,0,54,0.042341237820375355,0.5486034840982389,0.0,0.0,0.99,8,exponential
q_learning,sparse_seed2,sparse,2,4a77b6e251,2324,225,-11.250000000000025,-9.550000000000018,0.05,0.15,0,out_of_energy,0,0,1,0,103,41,0,0,0,42,0.04233565004394691,0.5663014217816715,0.0,0.0,0.99,8,exponential
q_learning,sparse_seed2,sparse,2,4a77b6e251,2325,225,-11.250000000000025,-9.550000000000018,0.05,0.15,0,out_of_energy,0,0,1,0,91,22,4,0,0,48,0.043195509264318706,0.5366057642944613,0.0,0.0,0.99,8,exponential
q_learning,sparse_seed2,sparse,2,4a77b6e251,2326,225,-11.250000000000025,-9.550000000000018,0.05,0.15,0,out_of_energy,0,0,1,0,81,12,0,0,0,42,0.04194873654938325,0.5521579238459616,0.0,0.0,0.99,8,exponential
q_learning,sparse_seed2,sparse,2,4a77b6e251,2327,225,-11.250000000000025,-9.65000000000002,0.05,0.15,0,out_of_energy,0,0,1,0,89,8,2,0,0,42,0.04151755253804221,0.5524503488415452,0.0,0.0,0.99,8,exponential
q_learning,sparse_seed2,sparse,2,4a77b6e251,2328,225,-11.250000000000025,-9.65000000000002,0.05,0.15,0,out_of_energy,0,0,1,0,106,16,0,0,0,40,0.04160368557682182,0.45522516566831367,0.0,0.0,0.99,8,exponential
q_learning,sparse_seed2,sparse,2,4a77b6e251,2329,225,-11.250000000000025,-9.65000000000002,0.05,0.15,0,out_of_energy,0,0,1,0,109,5,0,0,0,54,0.043455780619471224,0.5475178251354657,0.0,0.0,0.99,8,exponential
q_learning,sparse_seed2,sparse,2,4a77b6e251,2330,225,-1.2499999999999958,-9.550000000000018,0.05,0.15,0,out_of_energy,0,0,1,0,92,14,0,0,1,35,0.07909729365980528,1.9376365500831034,0.0,0.0,0.99,8,exponential
q_learning,sparse_seed2,sparse,2,4a77b6e251,2331,225,-1.2500000000000062,-9.450000000000019,0.05,0.15,0,out_of_energy,0,0,1,0,89,4,0,0,1,51,0.08395129267011259,1.8894279885658394,0.0,0.0,0.99,8,exponential
q_learning,sparse_seed2,sparse,2,4a77b6e251,2332,225,-1.250000000000012,-9.35000000000002,0.05,0.15,0,out_of_energy,0,0,1,0,86,12,0,0,1,52,0.07879213233866134,2.2739460894731955,0.0,0.0,0.99,8,exponential
q_learning,sparse_seed2,sparse,2,4a77b6e251,2333,225,-11.250000000000025,-9.35000000000002,0.05,0.15,0,out_of_energy,0,0,1,0,100,4,0,0,0,47,0.04227086714734635,0.5456827698542819,0.0,0.0,0.99,8,exponential
q_learning,sparse_seed2,sparse,2,4a77b6e251,2334,225,-11.250000000000025,-9.450000000000019,0.05,0.15,0,out_of_energy,0,0,1,0,105,7,0,0,0,41,0.04327374487476025,0.518223281900581,0.0,0.0,0.99,8,exponential
q_learning,sparse_seed2,sparse,2,4a77b6e251,2335,225,-1.2500000000000175,-9.450000000000019,0.05,0.15,0,out_of_energy,0,0,1,0,105,13,0,0,1,45,0.10142437022428197,3.0723417804856044,0.0,0.0,0.99,8,exponential
q_learning,sparse_seed2,sparse,2,4a77b6e251,2336,225,-11.250000000000025,-9.55000000000002,0.05,0.15,0,out_of_energy,0,0,1,0,101,15,0,0,0,42,0.042364100260925755,0.5164196149660693,0.0,0.0,0.99,8,exponential
q_learning,sparse_seed2,sparse,2,4a77b6e251,2337,225,-11.250000000000025,-9.65000000000002,0.05,0.15,0,out_of_energy,0,0,1,0,92,28,1,0,0,44,0.047798038947808076,0.558874065229291,0.0,0.0,0.99,8,exponential
q_learning,sparse_seed2,sparse,2,4a77b6e251,2338,225,-11.250000000000025,-9.65000000000002,0.05,0.15,0,out_of_energy,0,0,1,0,88,9,0,0,0,41,0.04357184177284714,0.5501352366687264,0.0,0.0,0.99,8,exponential
q_learning,sparse_seed2,sparse,2,4a77b6e251,2339,225,-11.250000000000025,-9.65000000000002,0.05,0.15,0,out_of_energy,0,0,1,0,95,14,0,0,0,40,0.043544727035080735,0.5715896438494608,0.0,0.0,0.99,8,exponential
q_learning,sparse_seed2,sparse,2,4a77b6e251,2340,225,-11.250000000000025,-9.65000000000002,0.05,0.15,0,out_of_energy,0,0,1,0,99,22,0,0,0,58,0.04286321732343628,0.5846980911241744,0.0,0.0,0.99,8,exponential
q_learning,sparse_seed2,sparse,2,4a77b6e251,2341,225,-11.250000000000025,-9.65000000000002,0.05,0.15,0,out_of_energy,0,0,1,0,84,33,1,0,0,40,0.043873685976756074,0.5777429781754312,0.0,0.0,0.99,8,exponential
q_learning,sparse_seed2,sparse,2,4a77b6e251,2342,225,-1.2499999999999822,-9.55000000000002,0.05,0.15,0,out_of_energy,0,0,1,0,101,5,0,0,1,54,0.1111637065964233,3.65315516312571,0.0,0.0,0.99,8,exponential
q_learning,sparse_seed2,sparse,2,4a77b6e251,2343,225,-1.2499999999999822,-9.45000000000002,0.05,0.15,0,out_of_energy,0,0,1,0,96,10,0,0,1,50,0.08730467478312255,2.462657437834131,0.0,0.0,0.99,8,exponential
q_learning,sparse_seed2,sparse,2,4a77b6e251,2344,225,-1.2499999999999822,-9.350000000000021,0.05,0.15,0,out_of_energy,0,0,1,0,87,6,0,0,1,44,0.10699525993122566,3.4657379049284462,0.0,0.0,0.99,8,exponential
q_learning,sparse_seed2,sparse,2,4a77b6e251,2345,225,-11.250000000000025,-9.45000000000002,0.05,0.15,0,out_of_energy,0,0,1,0,100,23,0,0,0,46,0.042054771861268304,0.39097200634857043,0.0,0.0,0.99,8,exponential
q_learning,sparse_seed2,sparse,2,4a77b6e251,2346,225,-1.2499999999999822,-9.350000000000021,0.05,0.15,0,out_of_energy,0,0,1,0,92,4,0,0,1,51,0.1269702067196194,3.010113299390437,0.0,0.0,0.99,8,exponential
q_learning,sparse_seed2,sparse,2,4a77b6e251,2347,225,-11.250000000000025,-9.35000000000002,0.05,0.15,0,out_of_energy,0,0,1,0,95,21,0,0,0,50,0.04263072170458103,0.5443824882272834,0.0,0.0,0.99,8,exponential
q_learning,sparse_seed2,sparse,2,4a77b6e251,2348,225,-1.2499999999999822,-9.25000000000002,0.05,0.15,0,out_of_energy,0,0,1,0,107,23,0,0,1,38,0.07616553362027402,1.8945620472308975,0.0,0.0,0.99,8,exponential
q_learning,sparse_seed2,sparse,2,4a77b6e251,2349,225,-1.2499999999999822,-9.25000000000002,0.05,0.15,0,out_of_energy,0,0,1,0,88,8,0,0,1,32,0.10380792006144977,3.5257874288005144,0.0,0.0,0.99,8,exponential
q_learning,sparse_seed2,sparse,2,4a77b6e251,2350,225,-11.250000000000025,-9.25000000000002,0.05,0.15,0,out_of_energy,0,0,1,0,91,23,0,0,0,47,0.04583635272660634,0.7240726674259699,0.0,0.0,0.99,8,exponential
q_learning,sparse_seed2,sparse,2,4a77b6e251,2351,225,-1.2499999999999822,-9.15000000000002,0.05,0.15,0,out_of_energy,0,0,1,0,93,5,0,0,1,41,0.09968127297927344,2.9689064401647434,0.0,0.0,0.99,8,exponential
q_learning,sparse_seed2,sparse,2,4a77b6e251,2352,225,-1.2499999999999822,-9.050000000000018,0.05,0.15,0,out_of_energy,0,0,1,0,93,7,0,0,1,38,0.11183611708445432,3.8195826412096405,0.0,0.0,0.99,8,exponential
q_learning,sparse_seed2,sparse,2,4a77b6e251,2353,225,-1.2499999999999822,-8.950000000000019,0.05,0.15,0,out_of_energy,0,0,1,0,92,7,0,0,1,39,0.09821353048096382,2.716017200451345,0.0,0.0,0.99,8,exponential
q_learning,sparse_seed2,sparse,2,4a77b6e251,2354,225,-1.2499999999999822,-8.950000000000019,0.05,0.15,0,out_of_energy,0,0,1,0,95,21,0,0,1,40,0.17513837449588765,4.266875994065115,0.0,0.0,0.99,8,exponential
q_learning,sparse_seed2,sparse,2,4a77b6e251,2355,225,-1.2499999999999822,-8.850000000000017,0.05,0.15,0,out_of_energy,0,0,1,0,97,5,0,0,1,46,0.09570366491965564,2.4517192265503978,0.0,0.0,0.99,8,exponential
q_learning,sparse_seed2,sparse,2,4a77b6e251,2356,225,-11.250000000000025,-8.850000000000017,0.05,0.15,0,out_of_energy,0,0,1,0,95,6,0,0,0,42,0.042388661876649004,0.5517592523687922,0.0,0.0,0.99,8,exponential
q_learning,sparse_seed2,sparse,2,4a77b6e251,2357,225,-11.250000000000025,-8.850000000000017,0.05,0.15,0,out_of_energy,0,0,1,0,94,16,0,0,0,39,0.042452077672856414,0.5438777415373262,0.0,0.0,0.99,8,exponential
q_learning,sparse_seed2,sparse,2,4a77b6e251,2358,225,-11.250000000000025,-8.850000000000017,0.05,0.15,0,out_of_energy,0,0,1,0,102,5,0,0,0,45,0.0414904120207352,0.5400311160958926,0.0,0.0,0.99,8,exponential
q_learning,sparse_seed2,sparse,2,4a77b6e251,2359,225,-11.250000000000025,-8.850000000000016,0.05,0.15,0,out_of_energy,0,0,1,0,108,12,0,0,0,39,0.04273151119483633,0.5488658785982883,0.0,0.0,0.99,8,exponential
q_learning,sparse_seed2,sparse,2,4a77b6e251,2360,225,-1.2500000000000113,-8.750000000000018,0.05,0.15,0,out_of_energy,0,0,1,0,102,16,0,0,1,43,0.08146812845278362,2.077268032504305,0.0,0.0,0.99,8,exponential
q_learning,sparse_seed2,sparse,2,4a77b6e251,2361,225,-11.250000000000025,-8.750000000000018,0.05,0.15,0,out_of_energy,0,0,1,0,105,23,0,0,0,50,0.04074636316515623,0.43501295305388,0.0,0.0,0.99,8,exponential
q_learning,sparse_seed2,sparse,2,4a77b6e251,2362,225,-1.2499999999999822,-8.650000000000016,0.05,0.15,0,out_of_energy,0,0,1,0,106,11,0,0,1,52,0.1047163650995667,2.6423332243651996,0.0,0.0,0.99,8,exponential
q_learning,sparse_seed2,sparse,2,4a77b6e251,2363,225,-1.2499999999999822,-8.550000000000017,0.05,0.15,0,out_of_energy,0,0,1,0,98,15,0,0,1,57,0.128103275678168,4.365642663234164,0.0,0.0,0.99,8,exponential
q_learning,sparse_seed2,sparse,2,4a77b6e251,2364,225,-1.2499999999999822,-8.450000000000017,0.05,0.15,0,out_of_energy,0,0,1,0,107,5,0,0,1,47,0.09484757241391199,2.4432516671894096,0.0,0.0,0.99,8,exponential
q_learning,sparse_seed2,sparse,2,4a77b6e251,2365,225,-1.2499999999999822,-8.350000000000017,0.05,0.15,0,out_of_energy,0,0,1,0,103,24,0,0,1,56,0.09286391699407147,1.8628751962861028,0.0,0.0,0.99,8,exponential
q_learning,sparse_seed2,sparse,2,4a77b6e251,2366,225,-11.250000000000025,-8.350000000000016,0.05,0.15,0,out_of_energy,0,0,1,0,84,12,1,0,0,52,0.04314920029560009,0.48901361760337897,0.0,0.0,0.99,8,exponential
q_learning,sparse_seed2,sparse,2,4a77b6e251,2367,225,-11.250000000000025,-8.350000000000016,0.05,0.15,0,out_of_energy,0,0,1,0,99,8,0,0,0,45,0.04200555885055661,0.5168130683203619,0.0,0.0,0.99,8,exponential
q_learning,sparse_seed2,sparse,2,4a77b6e251,2368,225,-11.250000000000025,-8.350000000000016,0.05,0.15,0,out_of_energy,0,0,1,0,82,14,0,0,0,39,0.042151077682359234,0.5138775603022762,0.0,0.0,0.99,8,exponential
q_learning,sparse_seed2,sparse,2,4a77b6e251,2369,225,-1.2499999999999822,-8.350000000000016,0.05,0.15,0,out_of_energy,0,0,1,0,86,6,0,0,1,46,0.10045703872879161,3.1351790263085197,0.0,0.0,0.99,8,exponential
q_learning,sparse_seed2,sparse,2,4a77b6e251,2370,225,-1.2499999999999822,-8.350000000000016,0.05,0.15,0,out_of_energy,0,0,1,0,81,15,0,0,1,39,0.12437281182688326,3.0126265603227917,0.0,0.0,0.99,8,exponential
q_learning,sparse_seed2,sparse,2,4a77b6e251,2371,225,-1.2499999999999822,-8.250000000000016,0.05,0.15,0,out_of_energy,0,0,1,0,93,3,0,0,1,44,0.10396187726463937,2.811063739904271,0.0,0.0,0.99,8,exponential
q_learning,sparse_seed2,sparse,2,4a77b6e251,2372,225,-1.2499999999999822,-8.150000000000016,0.05,0.15,0,out_of_energy,0,0,1,0,97,21,0,0,1,59,0.14655780837336974,4.698789034180669,0.0,0.0,0.99,8,exponential
q_learning,sparse_seed2,sparse,2,4a77b6e251,2373,225,-1.2499999999999822,-8.050000000000017,0.05,0.15,0,out_of_energy,0,0,1,0,90,14,0,0,1,51,0.11465175069621587,3.4592663790444442,0.0,0.0,0.99,8,exponential
q_learning,sparse_seed2,sparse,2,4a77b6e251,2374,225,-11.250000000000025,-8.050000000000017,0.05,0.15,0,out_of_energy,0,0,1,0,107,15,0,0,0,50,0.04409969816972936,0.5881480555305749,0.0,0.0,0.99,8,exponential
q_learning,sparse_seed2,sparse,2,4a77b6e251,2375,225,-11.250000000000025,-8.150000000000016,0.05,0.15,0,out_of_energy,0,0,1,0,93,1,0,0,0,30,0.04264535453954666,0.5741043309845532,0.0,0.0,0.99,8,exponential
q_learning,sparse_seed2,sparse,2,4a77b6e251,2376,225,-11.250000000000025,-8.250000000000016,0.05,0.15,0,out_of_energy,0,0,1,0,109,20,0,0,0,51,0.04178480925159674,0.5948060574305359,0.0,0.0,0.99,8,exponential
q_learning,sparse_seed2,sparse,2,4a77b6e251,2377,225,-11.250000000000025,-8.250000000000016,0.05,0.15,0,out_of_energy,0,0,1,0,96,26,0,0,0,47,0.04243508597701613,0.5298549009495723,0.0,0.0,0.99,8,exponential
q_learning,sparse_seed2,sparse,2,4a77b6e251,2378,225,-1.2499999999999822,-8.150000000000016,0.05,0.15,0,out_of_energy,0,0,1,0,77,12,0,0,1,39,0.13151841744146742,3.5635122419091734,0.0,0.0,0.99,8,exponential
q_learning,sparse_seed2,sparse,2,4a77b6e251,2379,225,-11.250000000000025,-8.250000000000016,0.05,0.15,0,out_of_energy,0,0,1,0,87,30,0,0,0,51,0.04296316218243812,0.5463813090975498,0.0,0.0,0.99,8,exponential
q_learning,sparse_seed2,sparse,2,4a77b6e251,2380,225,-1.2499999999999822,-8.150000000000016,0.05,0.15,0,out_of_energy,0,0,1,0,103,6,0,0,1,47,0.1413721810980689,3.472709617074485,0.0,0.0,0.99,8,exponential
q_learning,sparse_seed2,sparse,2,4a77b6e251,2381,225,-11.250000000000025,-8.150000000000016,0.05,0.15,0,out_of_energy,0,0,1,0,111,7,0,0,0,63,0.040578494235574976,0.38349142152778326,0.0,0.0,0.99,8,exponential
q_learning,sparse_seed2,sparse,2,4a77b6e251,2382,225,-11.250000000000025,-8.150000000000016,0.05,0.15,0,out_of_energy,0,0,1,0,101,26,0,0,0,39,0.042049323551612755,0.537883515283845,0.0,0.0,0.99,8,exponential
q_learning,sparse_seed2,sparse,2,4a77b6e251,2383,225,-11.250000000000025,-8.150000000000015,0.05,0.15,0,out_of_energy,0,0,1,0,116,12,0,0,0,44,0.04278379077073451,0.5663353776103648,0.0,0.0,0.99,8,exponential
q_learning,sparse_seed2,sparse,2,4a77b6e251,2384,225,-11.250000000000025,-8.150000000000015,0.05,0.15,0,out_of_energy,0,0,1,0,96,3,0,0,0,43,0.04608930509530795,0.5547989033715942,0.0,0.0,0.99,8,exponential
q_learning,sparse_seed2,sparse,2,4a77b6e251,2385,225,-11.250000000000025,-8.150000000000013,0.05,0.15,0,out_of_energy,0,0,1,0,87,38,0,0,0,47,0.04184185465403799,0.5632165991826626,0.0,0.0,0.99,8,exponential
q_learning,sparse_seed2,sparse,2,4a77b6e251,2386,225,-11.250000000000025,-8.250000000000014,0.05,0.15,0,out_of_energy,0,0,1,0,87,22,2,0,0,47,0.04228908203139155,0.5834287457492746,0.0,0.0,0.99,8,exponential
q_learning,sparse_seed2,sparse,2,4a77b6e251,2387,225,-11.250000000000025,-8.350000000000016,0.05,0.15,0,out_of_energy,0,0,1,0,88,16,0,0,0,57,0.04260000518548637,0.5437094533111252,0.0,0.0,0.99,8,exponential
q_learning,sparse_seed2,sparse,2,4a77b6e251,2388,225,-11.250000000000025,-8.350000000000016,0.05,0.15,0,out_of_energy,0,0,1,0,98,7,1,0,0,44,0.042503049771995816,0.5563961856880069,0.0,0.0,0.99,8,exponential
q_learning,sparse_seed2,sparse,2,4a77b6e251,2389,225,-1.2499999999999838,-8.250000000000014,0.05,0.15,0,out_of_energy,0,0,1,0,91,26,0,0,1,49,0.15788211589969128,8.32731858004272,0.0,0.0,0.99,8,exponential
q_learning,sparse_seed2,sparse,2,4a77b6e251,2390,225,-1.2499999999999838,-8.150000000000015,0.05,0.15,0,out_of_energy,0,0,1,0,102,17,0,0,1,46,0.07717029454365877,1.811870512245625,0.0,0.0,0.99,8,exponential
q_learning,sparse_seed2,sparse,2,4a77b6e251,2391,225,-11.250000000000025,-8.250000000000016,0.05,0.15,0,out_of_energy,0,0,1,0,97,4,0,0,0,43,0.042147371719015024,0.574672839410993,0.0,0.0,0.99,8,exponential
q_learning,sparse_seed2,sparse,2,4a77b6e251,2392,225,-11.250000000000025,-8.250000000000014,0.05,0.15,0,out_of_energy,0,0,1,0,84,29,5,0,0,42,0.04495955448484035,0.5737140043051482,0.0,0.0,0.99,8,exponential
q_learning,sparse_seed2,sparse,2,4a77b6e251,2393,225,-11.250000000000025,-8.250000000000014,0.05,0.15,0,out_of_energy,0,0,1,0,101,11,0,0,0,48,0.04259370940801443,0.5473791237571088,0.0,0.0,0.99,8,exponential
q_learning,sparse_seed2,sparse,2,4a77b6e251,2394,225,-11.250000000000025,-8.250000000000014,0.05,0.15,0,out_of_energy,0,0,1,0,108,8,0,0,0,50,0.0437242287901258,0.5320341764311753,0.0,0.0,0.99,8,exponential
q_learning,sparse_seed2,sparse,2,4a77b6e251,2395,225,-11.250000000000025,-8.250000000000014,0.05,0.15,0,out_of_energy,0,0,1,0,102,6,0,0,0,54,0.042889277941090764,0.5057671870686321,0.0,0.0,0.99,8,exponential
q_learning,sparse_seed2,sparse,2,4a77b6e251,2396,225,-11.250000000000025,-8.250000000000014,0.05,0.15,0,out_of_energy,0,0,1,0,90,36,5,0,0,44,0.04458541754969878,0.5146726757342498,0.0,0.0,0.99,8,exponential
q_learning,sparse_seed2,sparse,2,4a77b6e251,2397,225,-11.250000000000025,-8.250000000000014,0.05,0.15,0,out_of_energy,0,0,1,0,100,14,0,0,0,52,0.0437850028904586,0.5865865540686852,0.0,0.0,0.99,8,exponential
q_learning,sparse_seed2,sparse,2,4a77b6e251,2398,225,-11.250000000000025,-8.250000000000014,0.05,0.15,0,out_of_energy,0,0,1,0,95,25,0,0,0,42,0.04304669442211967,0.5354764795623002,0.0,0.0,0.99,8,exponential
q_learning,sparse_seed2,sparse,2,4a77b6e251,2399,225,-11.250000000000025,-8.350000000000014,0.05,0.15,0,out_of_energy,0,0,1,0,97,27,0,0,0,42,0.045466652191500874,0.6818227261908755,0.0,0.0,0.99,8,exponential
q_learning,sparse_seed2,sparse,2,4a77b6e251,2400,225,-11.250000000000025,-8.350000000000016,0.05,0.15,0,out_of_energy,0,0,1,0,104,7,0,0,0,44,0.042520740529348365,0.5553552336888721,0.0,0.0,0.99,8,exponential
q_learning,sparse_seed2,sparse,2,4a77b6e251,2401,225,-11.250000000000025,-8.350000000000014,0.05,0.15,0,out_of_energy,0,0,1,0,99,1,0,0,0,38,0.04320854506966231,0.568349425628624,0.0,0.0,0.99,8,exponential
q_learning,sparse_seed2,sparse,2,4a77b6e251,2402,225,-11.250000000000025,-8.350000000000016,0.05,0.15,0,out_of_energy,0,0,1,0,82,20,0,0,0,46,0.04877343634070457,0.5862309387538133,0.0,0.0,0.99,8,exponential
q_learning,sparse_seed2,sparse,2,4a77b6e251,2403,225,-1.2499999999999822,-8.250000000000014,0.05,0.15,0,out_of_energy,0,0,1,0,83,22,0,0,1,42,0.10812231412275218,6.871536881638709,0.0,0.0,0.99,8,exponential
q_learning,sparse_seed2,sparse,2,4a77b6e251,2404,225,-1.2499999999999822,-8.150000000000015,0.05,0.15,0,out_of_energy,0,0,1,0,77,7,0,0,1,42,0.08893806785772004,2.7914065733263635,0.0,0.0,0.99,8,exponential
q_learning,sparse_seed2,sparse,2,4a77b6e251,2405,225,-11.250000000000025,-8.150000000000013,0.05,0.15,0,out_of_energy,0,0,1,0,96,13,0,0,0,36,0.04224638069192785,0.4766624809266547,0.0,0.0,0.99,8,exponential
q_learning,sparse_seed2,sparse,2,4a77b6e251,2406,225,-11.250000000000025,-8.150000000000015,0.05,0.15,0,out_of_energy,0,0,1,0,97,23,0,0,0,53,0.042023594596681355,0.5715562799256331,0.0,0.0,0.99,8,exponential
q_learning,sparse_seed2,sparse,2,4a77b6e251,2407,225,-11.250000000000025,-8.150000000000013,0.05,0.15,0,out_of_energy,0,0,1,0,81,20,2,0,0,43,0.04385004167905516,0.5416546094043457,0.0,0.0,0.99,8,exponential
q_learning,sparse_seed2,sparse,2,4a77b6e251,2408,225,-11.250000000000025,-8.150000000000013,0.05,0.15,0,out_of_energy,0,0,1,0,101,13,0,0,0,44,0.042726481959859126,0.5645063359047781,0.0,0.0,0.99,8,exponential
q_learning,sparse_seed2,sparse,2,4a77b6e251,2409,225,-1.2499999999999822,-8.050000000000013,0.05,0.15,0,out_of_energy,0,0,1,0,85,15,0,0,1,37,0.07501344757150949,1.7389384216371253,0.0,0.0,0.99,8,exponential
q_learning,sparse_seed2,sparse,2,4a77b6e251,2410,225,-1.2500000000000049,-7.9500000000000135,0.05,0.15,0,out_of_energy,0,0,1,0,101,19,0,0,1,45,0.08367272764080404,1.976952916929687,0.0,0.0,0.99,8,exponential
q_learning,sparse_seed2,sparse,2,4a77b6e251,2411,225,-11.250000000000025,-7.9500000000000135,0.05,0.15,0,out_of_energy,0,0,1,0,93,28,0,0,0,46,0.046540975645297834,0.6503849658032894,0.0,0.0,0.99,8,exponential
q_learning,sparse_seed2,sparse,2,4a77b6e251,2412,225,-1.2499999999999822,-7.850000000000014,0.05,0.15,0,out_of_energy,0,0,1,0,96,8,0,0,1,32,0.12466191310547509,3.1074870045181804,0.0,0.0,0.99,8,exponential
q_learning,sparse_seed2,sparse,2,4a77b6e251,2413,225,-1.2499999999999822,-7.750000000000013,0.05,0.15,0,out_of_energy,0,0,1,0,85,6,0,0,1,45,0.09180701734985014,2.468586161679788,0.0,0.0,0.99,8,exponential
q_learning,sparse_seed2,sparse,2,4a77b6e251,2414,225,-1.2499999999999822,-7.650000000000014,0.05,0.15,0,out_of_energy,0,0,1,0,83,8,0,0,1,43,0.11493829103877994,2.952399123101458,0.0,0.0,0.99,8,exponential
q_learning,sparse_seed2,sparse,2,4a77b6e251,2415,225,-1.2499999999999822,-7.550000000000012,0.05,0.15,0,out_of_energy,0,0,1,0,84,7,0,0,1,47,0.1837932349940392,4.944747056616949,0.0,0.0,0.99,8,exponential
q_learning,sparse_seed2,sparse,2,4a77b6e251,2416,225,-1.2499999999999822,-7.4500000000000135,0.05,0.15,0,out_of_energy,0,0,1,0,103,12,0,0,1,42,0.10111568483264474,2.0495421116698296,0.0,0.0,0.99,8,exponential
q_learning,sparse_seed2,sparse,2,4a77b6e251,2417,225,-1.2499999999999822,-7.350000000000012,0.05,0.15,0,out_of_energy,0,0,1,0,100,6,0,0,1,52,0.12217785985613663,3.0614465731408504,0.0,0.0,0.99,8,exponential
q_learning,sparse_seed2,sparse,2,4a77b6e251,2418,225,-1.2499999999999822,-7.2500000000000115,0.05,0.15,0,out_of_energy,0,0,1,0,85,5,0,0,1,34,0.12468879247444878,8.563770092322134,0.0,0.0,0.99,8,exponential
q_learning,sparse_seed2,sparse,2,4a77b6e251,2419,225,-1.2499999999999822,-7.150000000000011,0.05,0.15,0,out_of_energy,0,0,1,0,96,3,0,0,1,47,0.1313662216350485,4.466057659319533,0.0,0.0,0.99,8,exponential
q_learning,sparse_seed2,sparse,2,4a77b6e251,2420,225,-1.2499999999999822,-7.050000000000011,0.05,0.15,0,out_of_energy,0,0,1,0,98,14,0,0,1,57,0.15675243941086972,5.4263579976718574,0.0,0.0,0.99,8,exponential
q_learning,sparse_seed2,sparse,2,4a77b6e251,2421,225,-1.2499999999999822,-6.950000000000012,0.05,0.15,0,out_of_energy,0,0,1,0,108,11,0,0,1,57,0.0879433015077946,1.7325614729718488,0.0,0.0,0.99,8,exponential
q_learning,sparse_seed2,sparse,2,4a77b6e251,2422,225,-1.2499999999999822,-6.85000000000001,0.05,0.15,0,out_of_energy,0,0,1,0,97,9,0,0,1,41,0.08817929061786954,1.8664088658220197,0.0,0.0,0.99,8,exponential
q_learning,sparse_seed2,sparse,2,4a77b6e251,2423,225,-1.2499999999999822,-6.750000000000011,0.05,0.15,0,out_of_energy,0,0,1,0,90,7,0,0,1,36,0.0922191378980226,2.8100872042062495,0.0,0.0,0.99,8,exponential
q_learning,sparse_seed2,sparse,2,4a77b6e251,2424,225,-11.250000000000025,-6.750000000000009,0.05,0.15,0,out_of_energy,0,0,1,0,82,9,4,0,0,40,0.04400876405325044,0.595952510936416,0.0,0.0,0.99,8,exponential
q_learning,sparse_seed2,sparse,2,4a77b6e251,2425,225,-11.250000000000025,-6.750000000000009,0.05,0.15,0,out_of_energy,0,0,1,0,90,12,0,0,0,44,0.04597732965336872,0.6347856417766797,0.0,0.0,0.99,8,exponential
q_learning,sparse_seed2,sparse,2,4a77b6e251,2426,225,-11.250000000000025,-6.750000000000009,0.05,0.15,0,out_of_energy,0,0,1,0,98,16,0,0,0,41,0.042339390993087214,0.581319681759336,0.0,0.0,0.99,8,exponential
q_learning,sparse_seed2,sparse,2,4a77b6e251,2427,225,-11.250000000000025,-6.750000000000008,0.05,0.15,0,out_of_energy,0,0,1,0,88,32,0,0,0,48,0.042799258901279086,0.562571368093069,0.0,0.0,0.99,8,exponential
q_learning,sparse_seed2,sparse,2,4a77b6e251,2428,225,-11.250000000000025,-6.750000000000008,0.05,0.15,0,out_of_energy,0,0,1,0,99,24,0,0,0,45,0.04332846459348299,0.545001177342856,0.0,0.0,0.99,8,exponential
q_learning,sparse_seed2,sparse,2,4a77b6e251,2429,225,-1.2499999999999822,-6.650000000000007,0.05,0.15,0,out_of_energy,0,0,1,0,94,12,0,0,1,40,0.07714389354777947,1.6945118310383682,0.0,0.0,0.99,8,exponential
q_learning,sparse_seed2,sparse,2,4a77b6e251,2430,225,-11.250000000000025,-6.750000000000008,0.05,0.15,0,out_of_energy,0,0,1,0,94,21,0,0,0,32,0.041749551697504175,0.5466537708347182,0.0,0.0,0.99,8,exponential
q_learning,sparse_seed2,sparse,2,4a77b6e251,2431,225,-1.2499999999999822,-6.750000000000008,0.05,0.15,0,out_of_energy,0,0,1,0,74,20,0,0,1,49,0.13779327227545032,2.6233579786480004,0.0,0.0,0.99,8,exponential
q_learning,sparse_seed2,sparse,2,4a77b6e251,2432,225,-1.2499999999999822,-6.750000000000009,0.05,0.15,0,out_of_energy,0,0,1,0,98,33,0,0,1,37,0.13043293665335226,3.1649328178157687,0.0,0.0,0.99,8,exponential
q_learning,sparse_seed2,sparse,2,4a77b6e251,2433,225,-1.2499999999999822,-6.650000000000007,0.05,0.15,0,out_of_energy,0,0,1,0,102,10,0,0,1,48,0.0903806381089498,2.2127208460570875,0.0,0.0,0.99,8,exponential
q_learning,sparse_seed2,sparse,2,4a77b6e251,2434,225,-11.250000000000025,-6.650000000000007,0.05,0.15,0,out_of_energy,0,0,1,0,91,10,0,0,0,49,0.04683696406243914,0.6540792207310155,0.0,0.0,0.99,8,exponential
q_learning,sparse_seed2,sparse,2,4a77b6e251,2435,225,-11.250000000000025,-6.750000000000008,0.05,0.15,0,out_of_energy,0,0,1,0,86,22,3,0,0,41,0.04611671882667314,0.6548333390848218,0.0,0.0,0.99,8,exponential
q_learning,sparse_seed2,sparse,2,4a77b6e251,2436,225,-1.2499999999999822,-6.650000000000007,0.05,0.15,0,out_of_energy,0,0,1,0,89,11,0,0,1,46,0.07765055857672949,3.0979949838807155,0.0,0.0,0.99,8,exponential
q_learning,sparse_seed2,sparse,2,4a77b6e251,2437,225,-1.2499999999999822,-6.550000000000007,0.05,0.15,0,out_of_energy,0,0,1,0,94,7,0,0,1,42,0.09442012832809354,1.659774301615247,0.0,0.0,0.99,8,exponential
q_learning,sparse_seed2,sparse,2,4a77b6e251,2438,225,-11.250000000000025,-6.550000000000007,0.05,0.15,0,out_of_energy,0,0,1,0,115,8,0,0,0,53,0.044737669113221946,0.6043134169758061,0.0,0.0,0.99,8,exponential
q_learning,sparse_seed2,sparse,2,4a77b6e251,2439,225,-11.250000000000025,-6.550000000000007,0.05,0.15,0,out_of_energy,0,0,1,0,94,9,3,0,0,43,0.04681630721304155,0.6911725814319185,0.0,0.0,0.99,8,exponential
q_learning,sparse_seed2,sparse,2,4a77b6e251,2440,225,-11.250000000000025,-6.550000000000007,0.05,0.15,0,out_of_energy,0,0,1,0,88,11,2,0,0,50,0.04522130426194677,0.6918269643098118,0.0,0.0,0.99,8,exponential
q_learning,sparse_seed2,sparse,2,4a77b6e251,2441,225,-11.250000000000025,-6.550000000000006,0.05,0.15,0,out_of_energy,0,0,1,0,109,1,0,0,0,34,0.04296071906912693,0.5756383441755281,0.0,0.0,0.99,8,exponential
q_learning,sparse_seed2,sparse,2,4a77b6e251,2442,225,-11.250000000000025,-6.650000000000006,0.05,0.15,0,out_of_energy,0,0,1,0,92,12,0,0,0,44,0.04266655267180015,0.5882811280296009,0.0,0.0,0.99,8,exponential
q_learning,sparse_seed2,sparse,2,4a77b6e251,2443,225,-11.250000000000025,-6.750000000000007,0.05,0.15,0,out_of_energy,0,0,1,0,88,34,0,0,0,48,0.04632216268615603,0.6670399555177209,0.0,0.0,0.99,8,exponential
q_learning,sparse_seed2,sparse,2,4a77b6e251,2444,225,-11.250000000000025,-6.850000000000007,0.05,0.15,0,out_of_energy,0,0,1,0,98,1,0,0,0,43,0.042150113684218345,0.5865492164171825,0.0,0.0,0.99,8,exponential
q_learning,sparse_seed2,sparse,2,4a77b6e251,2445,225,-11.250000000000025,-6.850000000000007,0.05,0.15,0,out_of_energy,0,0,1,0,106,23,0,0,0,44,0.043304357935529086,0.5752870413935083,0.0,0.0,0.99,8,exponential
q_learning,sparse_seed2,sparse,2,4a77b6e251,2446,225,-11.250000000000025,-6.950000000000006,0.05,0.15,0,out_of_energy,0,0,1,0,93,18,0,0,0,46,0.043745224034310026,0.5065596342959536,0.0,0.0,0.99,8,exponential
q_learning,sparse_seed2,sparse,2,4a77b6e251,2447,225,-11.250000000000025,-6.950000000000006,0.05,0.15,0,out_of_energy,0,0,1,0,94,6,0,0,0,48,0.04271299148863026,0.5839825108475929,0.0,0.0,0.99,8,exponential
q_learning,sparse_seed2,sparse,2,4a77b6e251,2448,225,-11.250000000000025,-7.050000000000008,0.05,0.15,0,out_of_energy,0,0,1,0,109,15,0,0,0,40,0.046233748948772926,0.7959526694306267,0.0,0.0,0.99,8,exponential
q_learning,sparse_seed2,sparse,2,4a77b6e251,2449,225,-11.250000000000025,-7.150000000000009,0.05,0.15,0,out_of_energy,0,0,1,0,100,10,0,0,0,56,0.04045601363610345,0.41427996559505,0.0,0.0,0.99,8,exponential
q_learning,sparse_seed2,sparse,2,4a77b6e251,2450,225,-1.2499999999999822,-7.050000000000009,0.05,0.15,0,out_of_energy,0,0,1,0,100,12,0,0,1,38,0.08946722461635725,2.1422704799508643,0.0,0.0,0.99,8,exponential
q_learning,sparse_seed2,sparse,2,4a77b6e251,2451,225,-11.250000000000025,-7.150000000000009,0.05,0.15,0,out_of_energy,0,0,1,0,88,20,0,0,0,47,0.04628960636637838,0.6472272305447353,0.0,0.0,0.99,8,exponential
q_learning,sparse_seed2,sparse,2,4a77b6e251,2452,225,-11.250000000000025,-7.250000000000009,0.05,0.15,0,out_of_energy,0,0,1,0,85,40,0,0,0,47,0.04854272133315749,0.8086108757462422,0.0,0.0,0.99,8,exponential
q_learning,sparse_seed2,sparse,2,4a77b6e251,2453,225,-11.250000000000025,-7.35000000000001,0.05,0.15,0,out_of_energy,0,0,1,0,96,36,0,0,0,43,0.04671082467505604,0.8188634091004192,0.0,0.0,0.99,8,exponential
q_learning,sparse_seed2,sparse,2,4a77b6e251,2454,225,-11.250000000000025,-7.45000000000001,0.05,0.15,0,out_of_energy,0,0,1,0,95,7,1,0,0,44,0.048204242587355894,0.7455274746961934,0.0,0.0,0.99,8,exponential
q_learning,sparse_seed2,sparse,2,4a77b6e251,2455,225,-11.250000000000025,-7.550000000000011,0.05,0.15,0,out_of_energy,0,0,1,0,85,1,1,0,0,43,0.045658927451967486,0.6151876557368969,0.0,0.0,0.99,8,exponential
q_learning,sparse_seed2,sparse,2,4a77b6e251,2456,225,-11.250000000000025,-7.550000000000011,0.05,0.15,0,out_of_energy,0,0,1,0,88,5,3,0,0,42,0.04574582249869096,0.6678536443114783,0.0,0.0,0.99,8,exponential
q_learning,sparse_seed2,sparse,2,4a77b6e251,2457,225,-11.250000000000025,-7.550000000000011,0.05,0.15,0,out_of_energy,0,0,1,0,98,14,0,0,0,35,0.044439450801854054,0.613101663239789,0.0,0.0,0.99,8,exponential
q_learning,sparse_seed2,sparse,2,4a77b6e251,2458,225,-11.250000000000025,-7.550000000000011,0.05,0.15,0,out_of_energy,0,0,1,0,102,23,4,0,0,39,0.04619754870554442,0.6481519055779098,0.0,0.0,0.99,8,exponential
q_learning,sparse_seed2,sparse,2,4a77b6e251,2459,225,-1.2499999999999925,-7.450000000000012,0.05,0.15,0,out_of_energy,0,0,1,0,88,5,0,0,1,40,0.08938815322564836,1.9630018023916593,0.0,0.0,0.99,8,exponential
q_learning,sparse_seed2,sparse,2,4a77b6e251,2460,225,-11.250000000000025,-7.550000000000011,0.05,0.15,0,out_of_energy,0,0,1,0,102,16,0,0,0,39,0.04530514300042434,0.6237689216199138,0.0,0.0,0.99,8,exponential
q_learning,sparse_seed2,sparse,2,4a77b6e251,2461,225,-11.250000000000025,-7.550000000000011,0.05,0.15,0,out_of_energy,0,0,1,0,100,9,0,0,0,46,0.04278173200474283,0.5721232877415885,0.0,0.0,0.99,8,exponential
q_learning,sparse_seed2,sparse,2,4a77b6e251,2462,225,-11.250000000000025,-7.650000000000011,0.05,0.15,0,out_of_energy,0,0,1,0,109,22,0,0,0,47,0.04612898232553516,0.664141103698461,0.0,0.0,0.99,8,exponential
q_learning,sparse_seed2,sparse,2,4a77b6e251,2463,225,-11.250000000000025,-7.7500000000000115,0.05,0.15,0,out_of_energy,0,0,1,0,81,19,0,0,0,41,0.04559877360560585,0.8268683087913573,0.0,0.0,0.99,8,exponential
q_learning,sparse_seed2,sparse,2,4a77b6e251,2464,225,-1.2499999999999825,-7.7500000000000115,0.05,0.15,0,out_of_energy,0,0,1,0,85,17,0,0,1,53,0.07661150669038215,1.735666641042044,0.0,0.0,0.99,8,exponential
q_learning,sparse_seed2,sparse,2,4a77b6e251,2465,225,-11.250000000000025,-7.850000000000011,0.05,0.15,0,out_of_energy,0,0,1,0,106,10,0,0,0,48,0.04045318947070969,0.3612444425089578,0.0,0.0,0.99,8,exponential
q_learning,sparse_seed2,sparse,2,4a77b6e251,2466,225,-11.250000000000025,-7.850000000000012,0.05,0.15,0,out_of_energy,0,0,1,0,98,10,0,0,0,44,0.04254797215306995,0.6001758757247527,0.0,0.0,0.99,8,exponential
q_learning,sparse_seed2,sparse,2,4a77b6e251,2467,225,-11.250000000000025,-7.850000000000011,0.05,0.15,0,out_of_energy,0,0,1,0,118,0,0,0,0,39,0.04348287002624954,0.5543821870416706,0.0,0.0,0.99,8,exponential
q_learning,sparse_seed2,sparse,2,4a77b6e251,2468,225,-11.250000000000025,-7.850000000000011,0.05,0.15,0,out_of_energy,0,0,1,0,99,28,2,0,0,44,0.045149251953702854,0.7785570153999866,0.0,0.0,0.99,8,exponential
q_learning,sparse_seed2,sparse,2,4a77b6e251,2469,225,-11.250000000000025,-7.950000000000012,0.05,0.15,0,out_of_energy,0,0,1,0,88,5,0,0,0,40,0.043777402574845095,0.5547598902339923,0.0,0.0,0.99,8,exponential
q_learning,sparse_seed2,sparse,2,4a77b6e251,2470,225,-11.250000000000025,-8.050000000000013,0.05,0.15,0,out_of_energy,0,0,1,0,84,17,2,0,0,58,0.04757991683496134,0.7343328186961674,0.0,0.0,0.99,8,exponential
q_learning,sparse_seed2,sparse,2,4a77b6e251,2471,225,-11.250000000000025,-8.150000000000013,0.05,0.15,0,out_of_energy,0,0,1,0,101,17,0,0,0,50,0.04385950067693607,0.5182238076539509,0.0,0.0,0.99,8,exponential
q_learning,sparse_seed2,sparse,2,4a77b6e251,2472,225,-11.250000000000025,-8.250000000000014,0.05,0.15,0,out_of_energy,0,0,1,0,104,19,0,0,0,52,0.04505329883342548,0.6705416778334875,0.0,0.0,0.99,8,exponential
q_learning,sparse_seed2,sparse,2,4a77b6e251,2473,225,-11.250000000000025,-8.350000000000014,0.05,0.15,0,out_of_energy,0,0,1,0,94,1,0,0,0,53,0.042314555251196845,0.5761055597132483,0.0,0.0,0.99,8,exponential
q_learning,sparse_seed2,sparse,2,4a77b6e251,2474,225,-11.250000000000025,-8.350000000000014,0.05,0.15,0,out_of_energy,0,0,1,0,97,17,0,0,0,47,0.045613706129479084,0.6353836181112206,0.0,0.0,0.99,8,exponential
q_learning,sparse_seed2,sparse,2,4a77b6e251,2475,225,-11.250000000000025,-8.350000000000014,0.05,0.15,0,out_of_energy,0,0,1,0,96,25,4,0,0,48,0.048436823289980765,0.8729792628925834,0.0,0.0,0.99,8,exponential
q_learning,sparse_seed2,sparse,2,4a77b6e251,2476,225,-11.250000000000025,-8.350000000000014,0.05,0.15,0,out_of_energy,0,0,1,0,89,29,0,0,0,38,0.04481861429171458,0.6042851041106929,0.0,0.0,0.99,8,exponential
q_learning,sparse_seed2,sparse,2,4a77b6e251,2477,225,-1.2499999999999822,-8.250000000000014,0.05,0.15,0,out_of_energy,0,0,1,0,98,8,0,0,1,54,0.09307372651552775,2.6903152916095543,0.0,0.0,0.99,8,exponential
q_learning,sparse_seed2,sparse,2,4a77b6e251,2478,225,-1.2499999999999822,-8.250000000000014,0.05,0.15,0,out_of_energy,0,0,1,0,108,8,0,0,1,38,0.14531174374921893,4.41781229082264,0.0,0.0,0.99,8,exponential
q_learning,sparse_seed2,sparse,2,4a77b6e251,2479,225,-1.2499999999999822,-8.150000000000013,0.05,0.15,0,out_of_energy,0,0,1,0,91,11,0,0,1,51,0.11367756099654154,2.926850040176453,0.0,0.0,0.99,8,exponential
q_learning,sparse_seed2,sparse,2,4a77b6e251,2480,225,-1.2499999999999822,-8.150000000000013,0.05,0.15,0,out_of_energy,0,0,1,0,83,10,0,0,1,38,0.11584740115184498,4.675568891485547,0.0,0.0,0.99,8,exponential
q_learning,sparse_seed2,sparse,2,4a77b6e251,2481,225,-1.2499999999999822,-8.050000000000013,0.05,0.15,0,out_of_energy,0,0,1,0,106,22,0,0,1,45,0.1245181903688285,2.877933622643202,0.0,0.0,0.99,8,exponential
q_learning,sparse_seed2,sparse,2,4a77b6e251,2482,225,-1.2499999999999822,-7.9500000000000135,0.05,0.15,0,out_of_energy,0,0,1,0,96,15,0,0,1,44,0.12673909485904672,4.388751191718605,0.0,0.0,0.99,8,exponential
q_learning,sparse_seed2,sparse,2,4a77b6e251,2483,225,-1.2499999999999822,-7.850000000000014,0.05,0.15,0,out_of_energy,0,0,1,0,105,10,0,0,1,46,0.09028934583535782,2.4371863300460923,0.0,0.0,0.99,8,exponential
q_learning,sparse_seed2,sparse,2,4a77b6e251,2484,225,-1.2499999999999822,-7.750000000000013,0.05,0.15,0,out_of_energy,0,0,1,0,86,14,0,0,1,51,0.11168489718065255,3.773492862512087,0.0,0.0,0.99,8,exponential
q_learning,sparse_seed2,sparse,2,4a77b6e251,2485,225,-1.2499999999999822,-7.650000000000011,0.05,0.15,0,out_of_energy,0,0,1,0,104,24,0,0,1,43,0.17269967101556785,5.462909046406338,0.0,0.0,0.99,8,exponential
q_learning,sparse_seed2,sparse,2,4a77b6e251,2486,225,-1.2499999999999822,-7.550000000000012,0.05,0.15,0,out_of_energy,0,0,1,0,82,9,0,0,1,49,0.12784362646640637,7.227662568798836,0.0,0.0,0.99,8,exponential
q_learning,sparse_seed2,sparse,2,4a77b6e251,2487,225,-1.2499999999999822,-7.450000000000012,0.05,0.15,0,out_of_energy,0,0,1,0,91,4,0,0,1,51,0.15739356270477947,5.435409324176334,0.0,0.0,0.99,8,exponential
q_learning,sparse_seed2,sparse,2,4a77b6e251,2488,225,-1.2499999999999822,-7.350000000000011,0.05,0.15,0,out_of_energy,0,0,1,0,86,17,0,0,1,39,0.15391563648498482,7.031520203788476,0.0,0.0,0.99,8,exponential
q_learning,sparse_seed2,sparse,2,4a77b6e251,2489,225,-1.2499999999999822,-7.350000000000011,0.05,0.15,0,out_of_energy,0,0,1,0,101,12,0,0,1,48,0.09674460685230694,1.7362059487582613,0.0,0.0,0.99,8,exponential
q_learning,sparse_seed2,sparse,2,4a77b6e251,2490,225,-1.2499999999999822,-7.350000000000011,0.05,0.15,0,out_of_energy,0,0,1,0,86,17,0,0,1,48,0.12524431245206352,3.045734068430475,0.0,0.0,0.99,8,exponential
q_learning,sparse_seed2,sparse,2,4a77b6e251,2491,225,-11.250000000000025,-7.350000000000011,0.05,0.15,0,out_of_energy,0,0,1,0,91,16,0,0,0,41,0.04203142117603695,0.49210761131477393,0.0,0.0,0.99,8,exponential
q_learning,sparse_seed2,sparse,2,4a77b6e251,2492,225,-1.2499999999999822,-7.250000000000011,0.05,0.15,0,out_of_energy,0,0,1,0,80,10,0,0,1,38,0.1439684787367449,7.277931119418849,0.0,0.0,0.99,8,exponential
q_learning,sparse_seed2,sparse,2,4a77b6e251,2493,225,-1.2499999999999822,-7.150000000000009,0.05,0.15,0,out_of_energy,0,0,1,0,88,3,0,0,1,43,0.11427716726757711,2.8810869631987828,0.0,0.0,0.99,8,exponential
q_learning,sparse_seed2,sparse,2,4a77b6e251,2494,225,-1.2499999999999822,-7.050000000000009,0.05,0.15,0,out_of_energy,0,0,1,0,99,20,0,0,1,63,0.13570375405663337,3.4841838474521887,0.0,0.0,0.99,8,exponential
q_learning,sparse_seed2,sparse,2,4a77b6e251,2495,225,-1.2499999999999822,-6.950000000000009,0.05,0.15,0,out_of_energy,0,0,1,0,104,5,0,0,1,43,0.11435198237690727,2.9613944919875492,0.0,0.0,0.99,8,exponential
q_learning,sparse_seed2,sparse,2,4a77b6e251,2496,225,-1.2499999999999822,-6.850000000000009,0.05,0.15,0,out_of_energy,0,0,1,0,94,12,0,0,1,42,0.17070916341273937,5.594737314488671,0.0,0.0,0.99,8,exponential
q_learning,sparse_seed2,sparse,2,4a77b6e251,2497,225,-1.2499999999999822,-6.750000000000008,0.05,0.15,0,out_of_energy,0,0,1,0,87,20,0,0,1,46,0.12960923887749715,6.08072322654724,0.0,0.0,0.99,8,exponential
q_learning,sparse_seed2,sparse,2,4a77b6e251,2498,225,-11.250000000000025,-6.750000000000008,0.05,0.15,0,out_of_energy,0,0,1,0,89,10,0,0,0,41,0.042564919052535226,0.5591504058275476,0.0,0.0,0.99,8,exponential
q_learning,sparse_seed2,sparse,2,4a77b6e251,2499,225,-1.2499999999999822,-6.650000000000007,0.05,0.15,0,out_of_energy,0,0,1,0,104,5,0,0,1,38,0.10876854383602376,2.666227675919358,0.0,0.0,0.99,8,exponential
q_learning,sparse_seed2,sparse,2,4a77b6e251,2500,225,-1.2499999999999822,-6.550000000000007,0.05,0.15,0,out_of_energy,0,0,1,0,88,10,0,0,1,43,0.11633894307678896,4.0873619579064835,0.0,0.0,0.99,8,exponential
q_learning,sparse_seed2,sparse,2,4a77b6e251,2501,225,-1.2499999999999822,-6.450000000000006,0.05,0.15,0,out_of_energy,0,0,1,0,100,12,0,0,1,54,0.10996753886243746,3.812358368554528,0.0,0.0,0.99,8,exponential
q_learning,sparse_seed2,sparse,2,4a77b6e251,2502,225,-1.2499999999999822,-6.350000000000007,0.05,0.15,0,out_of_energy,0,0,1,0,105,23,0,0,1,39,0.12473577922538147,5.629224852495888,0.0,0.0,0.99,8,exponential
q_learning,sparse_seed2,sparse,2,4a77b6e251,2503,225,-1.2499999999999822,-6.350000000000007,0.05,0.15,0,out_of_energy,0,0,1,0,106,13,0,0,1,36,0.1536995846251636,3.831488926958073,0.0,0.0,0.99,8,exponential
q_learning,sparse_seed2,sparse,2,4a77b6e251,2504,225,-1.2499999999999822,-6.350000000000007,0.05,0.15,0,out_of_energy,0,0,1,0,97,23,0,0,1,44,0.11236879688137565,3.4515532062655025,0.0,0.0,0.99,8,exponential
q_learning,sparse_seed2,sparse,2,4a77b6e251,2505,225,-1.2499999999999822,-6.250000000000007,0.05,0.15,0,out_of_energy,0,0,1,0,107,9,0,0,1,39,0.11628217480678713,3.2925198881130653,0.0,0.0,0.99,8,exponential
q_learning,sparse_seed2,sparse,2,4a77b6e251,2506,225,-1.2499999999999822,-6.150000000000006,0.05,0.15,0,out_of_energy,0,0,1,0,92,15,0,0,1,46,0.14909624202018096,3.036290590477104,0.0,0.0,0.99,8,exponential
q_learning,sparse_seed2,sparse,2,4a77b6e251,2507,225,-1.2499999999999822,-6.050000000000004,0.05,0.15,0,out_of_energy,0,0,1,0,106,21,0,0,1,53,0.09155574139159689,1.967646707678293,0.0,0.0,0.99,8,exponential
q_learning,sparse_seed2,sparse,2,4a77b6e251,2508,225,-1.2499999999999822,-5.950000000000005,0.05,0.15,0,out_of_energy,0,0,1,0,91,12,0,0,1,32,0.11357010777731867,2.023976326514392,0.0,0.0,0.99,8,exponential
q_learning,sparse_seed2,sparse,2,4a77b6e251,2509,225,-1.2499999999999822,-5.9500000000000055,0.05,0.15,0,out_of_energy,0,0,1,0,112,8,0,0,1,42,0.11193291101801618,2.662238632454902,0.0,0.0,0.99,8,exponential
q_learning,sparse_seed2,sparse,2,4a77b6e251,2510,225,-1.2499999999999822,-5.950000000000005,0.05,0.15,0,out_of_energy,0,0,1,0,91,10,0,0,1,36,0.11204919670869752,3.15572522602933,0.0,0.0,0.99,8,exponential
q_learning,sparse_seed2,sparse,2,4a77b6e251,2511,225,-1.2499999999999822,-5.850000000000005,0.05,0.15,0,out_of_energy,0,0,1,0,104,17,0,0,1,52,0.11403877144692967,2.438036939460309,0.0,0.0,0.99,8,exponential
q_learning,sparse_seed2,sparse,2,4a77b6e251,2512,225,-1.2499999999999822,-5.850000000000005,0.05,0.15,0,out_of_energy,0,0,1,0,112,30,0,0,1,44,0.0879819519034302,2.0903847385980496,0.0,0.0,0.99,8,exponential
q_learning,sparse_seed2,sparse,2,4a77b6e251,2513,225,-1.2499999999999822,-5.850000000000005,0.05,0.15,0,out_of_energy,0,0,1,0,115,22,0,0,1,46,0.09727518587854715,1.9442333764253537,0.0,0.0,0.99,8,exponential
q_learning,sparse_seed2,sparse,2,4a77b6e251,2514,225,-1.2499999999999822,-5.850000000000005,0.05,0.15,0,out_of_energy,0,0,1,0,108,21,0,0,1,53,0.12870119609226358,3.1640497451880916,0.0,0.0,0.99,8,exponential
q_learning,sparse_seed2,sparse,2,4a77b6e251,2515,225,-11.250000000000025,-5.950000000000005,0.05,0.15,0,out_of_energy,0,0,1,0,110,29,0,0,0,48,0.04685461417888484,0.73455054877755,0.0,0.0,0.99,8,exponential
q_learning,sparse_seed2,sparse,2,4a77b6e251,2516,225,-1.2499999999999822,-5.950000000000005,0.05,0.15,0,out_of_energy,0,0,1,0,98,12,0,0,1,48,0.13993449951421927,3.4121029688634676,0.0,0.0,0.99,8,exponential
q_learning,sparse_seed2,sparse,2,4a77b6e251,2517,225,-1.2499999999999822,-5.950000000000005,0.05,0.15,0,out_of_energy,0,0,1,0,97,22,0,0,1,50,0.1410367140403591,4.45782123215907,0.0,0.0,0.99,8,exponential
q_learning,sparse_seed2,sparse,2,4a77b6e251,2518,225,-1.2499999999999822,-5.950000000000005,0.05,0.15,0,out_of_energy,0,0,1,0,98,10,0,0,1,32,0.1303299774908827,2.299859382466426,0.0,0.0,0.99,8,exponential
q_learning,sparse_seed2,sparse,2,4a77b6e251,2519,225,-1.2499999999999822,-5.9500000000000055,0.05,0.15,0,out_of_energy,0,0,1,0,92,20,0,0,1,51,0.12380863803121003,5.327447544361131,0.0,0.0,0.99,8,exponential
q_learning,sparse_seed2,sparse,2,4a77b6e251,2520,225,-1.2499999999999822,-5.950000000000005,0.05,0.15,0,out_of_energy,0,0,1,0,99,18,0,0,1,48,0.15207815726513937,4.139227446064794,0.0,0.0,0.99,8,exponential
q_learning,sparse_seed2,sparse,2,4a77b6e251,2521,225,-1.2499999999999822,-5.9500000000000055,0.05,0.15,0,out_of_energy,0,0,1,0,97,16,0,0,1,52,0.10182208632018563,2.220317577701957,0.0,0.0,0.99,8,exponential
q_learning,sparse_seed2,sparse,2,4a77b6e251,2522,225,-11.250000000000025,-6.050000000000004,0.05,0.15,0,out_of_energy,0,0,1,0,90,16,0,0,0,59,0.04380636518515612,0.5935928472386123,0.0,0.0,0.99,8,exponential
q_learning,sparse_seed2,sparse,2,4a77b6e251,2523,225,-11.250000000000025,-6.150000000000006,0.05,0.15,0,out_of_energy,0,0,1,0,117,10,0,0,0,53,0.04278185834516546,0.5145300951379714,0.0,0.0,0.99,8,exponential
q_learning,sparse_seed2,sparse,2,4a77b6e251,2524,225,-11.250000000000025,-6.150000000000005,0.05,0.15,0,out_of_energy,0,0,1,0,92,13,0,0,0,41,0.045292443550664814,0.6708633137814384,0.0,0.0,0.99,8,exponential
q_learning,sparse_seed2,sparse,2,4a77b6e251,2525,225,-1.2499999999999822,-6.050000000000004,0.05,0.15,0,out_of_energy,0,0,1,0,97,4,0,0,1,36,0.15508765647432038,7.176261966875,0.0,0.0,0.99,8,exponential
q_learning,sparse_seed2,sparse,2,4a77b6e251,2526,225,-1.2499999999999822,-5.950000000000005,0.05,0.15,0,out_of_energy,0,0,1,0,104,34,0,0,1,45,0.12963497032888285,3.441531250200758,0.0,0.0,0.99,8,exponential
q_learning,sparse_seed2,sparse,2,4a77b6e251,2527,225,-1.2499999999999822,-5.850000000000005,0.05,0.15,0,out_of_energy,0,0,1,0,86,9,0,0,1,28,0.1822182431368407,6.0591257584600156,0.0,0.0,0.99,8,exponential
q_learning,sparse_seed2,sparse,2,4a77b6e251,2528,225,-1.2499999999999822,-5.750000000000004,0.05,0.15,0,out_of_energy,0,0,1,0,109,28,0,0,1,50,0.11663778940265879,2.921400472787542,0.0,0.0,0.99,8,exponential
q_learning,sparse_seed2,sparse,2,4a77b6e251,2529,225,-1.2499999999999822,-5.750000000000004,0.05,0.15,0,out_of_energy,0,0,1,0,99,14,0,0,1,46,0.107355988226832,2.4286839484776683,0.0,0.0,0.99,8,exponential
q_learning,sparse_seed2,sparse,2,4a77b6e251,2530,225,-1.2499999999999822,-5.650000000000005,0.05,0.15,0,out_of_energy,0,0,1,0,98,8,0,0,1,45,0.13283407614522047,3.282947247729423,0.0,0.0,0.99,8,exponential
q_learning,sparse_seed2,sparse,2,4a77b6e251,2531,225,-1.2499999999999822,-5.650000000000005,0.05,0.15,0,out_of_energy,0,0,1,0,113,21,0,0,1,46,0.11910736465804737,2.962956937093467,0.0,0.0,0.99,8,exponential
q_learning,sparse_seed2,sparse,2,4a77b6e251,2532,225,-1.2499999999999822,-5.650000000000003,0.05,0.15,0,out_of_energy,0,0,1,0,105,15,0,0,1,47,0.13872315779135108,6.977318619158419,0.0,0.0,0.99,8,exponential
q_learning,sparse_seed2,sparse,2,4a77b6e251,2533,225,-1.2499999999999822,-5.650000000000005,0.05,0.15,0,out_of_energy,0,0,1,0,85,16,0,0,1,45,0.13963420034789586,3.6355134331586245,0.0,0.0,0.99,8,exponential
q_learning,sparse_seed2,sparse,2,4a77b6e251,2534,225,-1.2499999999999822,-5.550000000000003,0.05,0.15,0,out_of_energy,0,0,1,0,100,13,0,0,1,53,0.1381752911085443,3.6962058857190194,0.0,0.0,0.99,8,exponential
q_learning,sparse_seed2,sparse,2,4a77b6e251,2535,225,-1.2499999999999822,-5.450000000000004,0.05,0.15,0,out_of_energy,0,0,1,0,84,11,0,0,1,49,0.1360423637671917,3.9397263278241987,0.0,0.0,0.99,8,exponential
q_learning,sparse_seed2,sparse,2,4a77b6e251,2536,225,-1.2499999999999822,-5.450000000000004,0.05,0.15,0,out_of_energy,0,0,1,0,101,25,0,0,1,38,0.1038092623539964,2.8259963988151653,0.0,0.0,0.99,8,exponential
q_learning,sparse_seed2,sparse,2,4a77b6e251,2537,225,-1.2499999999999822,-5.450000000000002,0.05,0.15,0,out_of_energy,0,0,1,0,87,20,0,0,1,46,0.11893912270640236,2.55202318642083,0.0,0.0,0.99,8,exponential
q_learning,sparse_seed2,sparse,2,4a77b6e251,2538,225,-1.2499999999999822,-5.350000000000002,0.05,0.15,0,out_of_energy,0,0,1,0,99,32,0,0,1,45,0.14747328476866503,5.819446938322501,0.0,0.0,0.99,8,exponential
q_learning,sparse_seed2,sparse,2,4a77b6e251,2539,225,-1.2499999999999822,-5.250000000000003,0.05,0.15,0,out_of_energy,0,0,1,0,99,10,0,0,1,41,0.10751788442085969,3.2944377271751297,0.0,0.0,0.99,8,exponential
q_learning,sparse_seed2,sparse,2,4a77b6e251,2540,225,-1.2499999999999822,-5.150000000000002,0.05,0.15,0,out_of_energy,0,0,1,0,97,20,0,0,1,42,0.1373133818457613,4.513377295050486,0.0,0.0,0.99,8,exponential
q_learning,sparse_seed2,sparse,2,4a77b6e251,2541,225,-1.2499999999999822,-5.050000000000001,0.05,0.15,0,out_of_energy,0,0,1,0,96,8,0,0,1,40,0.11678738208333106,2.270881658092519,0.0,0.0,0.99,8,exponential
q_learning,sparse_seed2,sparse,2,4a77b6e251,2542,225,-1.2499999999999822,-4.950000000000001,0.05,0.15,0,out_of_energy,0,0,1,0,106,7,0,0,1,47,0.10009397170402032,2.5545431062388255,0.0,0.0,0.99,8,exponential
q_learning,sparse_seed2,sparse,2,4a77b6e251,2543,225,-1.2499999999999822,-4.850000000000001,0.05,0.15,0,out_of_energy,0,0,1,0,100,16,0,0,1,43,0.11164771398148289,3.034765032567502,0.0,0.0,0.99,8,exponential
q_learning,sparse_seed2,sparse,2,4a77b6e251,2544,225,-1.2499999999999822,-4.75,0.05,0.15,0,out_of_energy,0,0,1,0,82,13,0,0,1,48,0.1451792687074841,2.7640726784131155,0.0,0.0,0.99,8,exponential
q_learning,sparse_seed2,sparse,2,4a77b6e251,2545,225,-1.2499999999999822,-4.65,0.05,0.15,0,out_of_energy,0,0,1,0,101,17,0,0,1,43,0.1061231970096896,2.815202045125414,0.0,0.0,0.99,8,exponential
q_learning,sparse_seed2,sparse,2,4a77b6e251,2546,225,-1.2499999999999822,-4.55,0.05,0.15,0,out_of_energy,0,0,1,0,86,4,0,0,1,46,0.14304968073607507,4.460375654597222,0.0,0.0,0.99,8,exponential
q_learning,sparse_seed2,sparse,2,4a77b6e251,2547,225,-1.2499999999999822,-4.449999999999999,0.05,0.15,0,out_of_energy,0,0,1,0,122,28,0,0,1,44,0.09764883384572566,2.207382252440942,0.0,0.0,0.99,8,exponential
q_learning,sparse_seed2,sparse,2,4a77b6e251,2548,225,-1.2499999999999822,-4.349999999999998,0.05,0.15,0,out_of_energy,0,0,1,0,101,6,0,0,1,44,0.11483435866537337,3.4322598807784708,0.0,0.0,0.99,8,exponential
q_learning,sparse_seed2,sparse,2,4a77b6e251,2549,225,-1.2499999999999822,-4.249999999999997,0.05,0.15,0,out_of_energy,0,0,1,0,113,16,0,0,1,41,0.11751975691149752,3.333727888446562,0.0,0.0,0.99,8,exponential
q_learning,sparse_seed2,sparse,2,4a77b6e251,2550,225,-1.2499999999999822,-4.249999999999997,0.05,0.15,0,out_of_energy,0,0,1,0,103,18,0,0,1,49,0.12524153670520555,2.8965476790886315,0.0,0.0,0.99,8,exponential
q_learning,sparse_seed2,sparse,2,4a77b6e251,2551,225,-1.2499999999999822,-4.149999999999998,0.05,0.15,0,out_of_energy,0,0,1,0,93,15,0,0,1,53,0.09709247756872647,2.0088578956030476,0.0,0.0,0.99,8,exponential
q_learning,sparse_seed2,sparse,2,4a77b6e251,2552,225,-1.2499999999999822,-4.049999999999997,0.05,0.15,0,out_of_energy,0,0,1,0,112,18,0,0,1,57,0.16149108577740853,4.836528216027567,0.0,0.0,0.99,8,exponential
q_learning,sparse_seed2,sparse,2,4a77b6e251,2553,225,-1.2499999999999822,-3.9499999999999966,0.05,0.15,0,out_of_energy,0,0,1,0,87,15,0,0,1,38,0.11131238366058761,3.2871718700801624,0.0,0.0,0.99,8,exponential
q_learning,sparse_seed2,sparse,2,4a77b6e251,2554,225,-1.2499999999999822,-3.8499999999999956,0.05,0.15,0,out_of_energy,0,0,1,0,89,28,0,0,1,51,0.11109187985795674,2.7466505332539928,0.0,0.0,0.99,8,exponential
q_learning,sparse_seed2,sparse,2,4a77b6e251,2555,225,-1.2499999999999822,-3.7499999999999947,0.05,0.15,0,out_of_energy,0,0,1,0,105,43,0,0,1,53,0.13141181588524814,2.3382821705233328,0.0,0.0,0.99,8,exponential
q_learning,sparse_seed2,sparse,2,4a77b6e251,2556,225,-1.2499999999999822,-3.649999999999994,0.05,0.15,0,out_of_energy,0,0,1,0,89,20,0,0,1,31,0.13979937502615233,3.768498445810483,0.0,0.0,0.99,8,exponential
q_learning,sparse_seed2,sparse,2,4a77b6e251,2557,225,-1.2499999999999822,-3.549999999999993,0.05,0.15,0,out_of_energy,0,0,1,0,80,23,0,0,1,45,0.16936879324047718,3.295603780203203,0.0,0.0,0.99,8,exponential
q_learning,sparse_seed2,sparse,2,4a77b6e251,2558,225,-1.2499999999999822,-3.449999999999993,0.05,0.15,0,out_of_energy,0,0,1,0,87,24,0,0,1,59,0.13304364671702737,5.056000252012039,0.0,0.0,0.99,8,exponential
q_learning,sparse_seed2,sparse,2,4a77b6e251,2559,225,-1.2499999999999822,-3.449999999999993,0.05,0.15,0,out_of_energy,0,0,1,0,109,32,0,0,1,60,0.13140073578611253,2.4936696336147826,0.0,0.0,0.99,8,exponential
q_learning,sparse_seed2,sparse,2,4a77b6e251,2560,225,-1.2499999999999822,-3.3499999999999925,0.05,0.15,0,out_of_energy,0,0,1,0,80,24,0,0,1,44,0.10561992088444283,2.3169229967875387,0.0,0.0,0.99,8,exponential
q_learning,sparse_seed2,sparse,2,4a77b6e251,2561,225,-1.2499999999999822,-3.249999999999992,0.05,0.15,0,out_of_energy,0,0,1,0,111,11,0,0,1,34,0.13802293420959913,6.106773896417234,0.0,0.0,0.99,8,exponential
q_learning,sparse_seed2,sparse,2,4a77b6e251,2562,225,-1.2499999999999822,-3.1499999999999915,0.05,0.15,0,out_of_energy,0,0,1,0,98,25,0,0,1,42,0.12773311444459054,2.829965553652795,0.0,0.0,0.99,8,exponential
q_learning,sparse_seed2,sparse,2,4a77b6e251,2563,225,-1.2499999999999822,-3.0499999999999914,0.05,0.15,0,out_of_energy,0,0,1,0,86,32,0,0,1,44,0.10737415001639104,2.323900213241087,0.0,0.0,0.99,8,exponential
q_learning,sparse_seed2,sparse,2,4a77b6e251,2564,225,-1.2499999999999822,-3.0499999999999914,0.05,0.15,0,out_of_energy,0,0,1,0,97,25,0,0,1,46,0.1300042707728808,4.272038381068098,0.0,0.0,0.99,8,exponential
q_learning,sparse_seed2,sparse,2,4a77b6e251,2565,225,-1.2499999999999822,-2.949999999999991,0.05,0.15,0,out_of_energy,0,0,1,0,93,37,0,0,1,53,0.09534641045832364,2.129914288972123,0.0,0.0,0.99,8,exponential
q_learning,sparse_seed2,sparse,2,4a77b6e251,2566,225,-1.2499999999999822,-2.8499999999999903,0.05,0.15,0,out_of_energy,0,0,1,0,108,29,0,0,1,49,0.11935477552524719,2.3893291767860187,0.0,0.0,0.99,8,exponential
q_learning,sparse_seed2,sparse,2,4a77b6e251,2567,225,-1.2499999999999822,-2.74999999999999,0.05,0.15,0,out_of_energy,0,0,1,0,90,38,0,0,1,55,0.14283169427642745,5.168611198025703,0.0,0.0,0.99,8,exponential
q_learning,sparse_seed2,sparse,2,4a77b6e251,2568,225,-1.2499999999999822,-2.6499999999999893,0.05,0.15,0,out_of_energy,0,0,1,0,102,22,0,0,1,48,0.18654536785475512,6.014576147218722,0.0,0.0,0.99,8,exponential
q_learning,sparse_seed2,sparse,2,4a77b6e251,2569,225,-1.2499999999999822,-2.5499999999999874,0.05,0.15,0,out_of_energy,0,0,1,0,89,24,0,0,1,51,0.1259490443066127,3.043884698555282,0.0,0.0,0.99,8,exponential
q_learning,sparse_seed2,sparse,2,4a77b6e251,2570,225,-1.2499999999999822,-2.4499999999999873,0.05,0.15,0,out_of_energy,0,0,1,0,89,23,0,0,1,41,0.12475065416590443,2.4664391172836044,0.0,0.0,0.99,8,exponential
q_learning,sparse_seed2,sparse,2,4a77b6e251,2571,225,-1.2499999999999822,-2.3499999999999868,0.05,0.15,0,out_of_energy,0,0,1,0,88,34,0,0,1,46,0.15025445334382426,3.1545544026654504,0.0,0.0,0.99,8,exponential
q_learning,sparse_seed2,sparse,2,4a77b6e251,2572,225,-1.2499999999999822,-2.2499999999999862,0.05,0.15,0,out_of_energy,0,0,1,0,81,14,0,0,1,46,0.14154323010149045,3.7928611698866357,0.0,0.0,0.99,8,exponential
q_learning,sparse_seed2,sparse,2,4a77b6e251,2573,225,-1.2499999999999822,-2.1499999999999857,0.05,0.15,0,out_of_energy,0,0,1,0,83,16,0,0,1,46,0.19444696369137812,4.42374003115808,0.0,0.0,0.99,8,exponential
q_learning,sparse_seed2,sparse,2,4a77b6e251,2574,225,-1.2499999999999822,-2.049999999999985,0.05,0.15,0,out_of_energy,0,0,1,0,89,17,0,0,1,36,0.0956921638043057,2.544149699758873,0.0,0.0,0.99,8,exponential
q_learning,sparse_seed2,sparse,2,4a77b6e251,2575,225,-1.2499999999999822,-1.9499999999999849,0.05,0.15,0,out_of_energy,0,0,1,0,105,28,0,0,1,38,0.08614177079925232,2.489874073104289,0.0,0.0,0.99,8,exponential
q_learning,sparse_seed2,sparse,2,4a77b6e251,2576,225,-1.2499999999999822,-1.8499999999999845,0.05,0.15,0,out_of_energy,0,0,1,0,86,18,0,0,1,56,0.09885760913189683,2.533443001030151,0.0,0.0,0.99,8,exponential
q_learning,sparse_seed2,sparse,2,4a77b6e251,2577,225,-1.2499999999999822,-1.8499999999999845,0.05,0.15,0,out_of_energy,0,0,1,0,88,29,0,0,1,41,0.10732475207532226,2.475462472289273,0.0,0.0,0.99,8,exponential
q_learning,sparse_seed2,sparse,2,4a77b6e251,2578,225,-1.2499999999999822,-1.8499999999999845,0.05,0.15,0,out_of_energy,0,0,1,0,114,28,0,0,1,48,0.11544479811705656,4.977173609484913,0.0,0.0,0.99,8,exponential
q_learning,sparse_seed2,sparse,2,4a77b6e251,2579,225,-1.2499999999999822,-1.8499999999999845,0.05,0.15,0,out_of_energy,0,0,1,0,97,17,0,0,1,51,0.13603342312514044,4.747568103274539,0.0,0.0,0.99,8,exponential
q_learning,sparse_seed2,sparse,2,4a77b6e251,2580,225,-1.2499999999999822,-1.8499999999999845,0.05,0.15,0,out_of_energy,0,0,1,0,99,22,0,0,1,42,0.10847671166476364,2.5252323389665374,0.0,0.0,0.99,8,exponential
q_learning,sparse_seed2,sparse,2,4a77b6e251,2581,225,-1.2499999999999822,-1.8499999999999845,0.05,0.15,0,out_of_energy,0,0,1,0,92,17,0,0,1,39,0.10293369593738334,2.8305587431777712,0.0,0.0,0.99,8,exponential
q_learning,sparse_seed2,sparse,2,4a77b6e251,2582,225,-1.2499999999999822,-1.8499999999999845,0.05,0.15,0,out_of_energy,0,0,1,0,106,18,0,0,1,54,0.10456242243020793,2.402869860450548,0.0,0.0,0.99,8,exponential
q_learning,sparse_seed2,sparse,2,4a77b6e251,2583,225,-1.2499999999999822,-1.8499999999999845,0.05,0.15,0,out_of_energy,0,0,1,0,88,28,0,0,1,41,0.13128675867724507,2.681954161834068,0.0,0.0,0.99,8,exponential
q_learning,sparse_seed2,sparse,2,4a77b6e251,2584,225,-1.2499999999999822,-1.8499999999999845,0.05,0.15,0,out_of_energy,0,0,1,0,83,28,0,0,1,34,0.08102935808656428,2.2804956304890274,0.0,0.0,0.99,8,exponential
q_learning,sparse_seed2,sparse,2,4a77b6e251,2585,225,-1.2499999999999822,-1.8499999999999845,0.05,0.15,0,out_of_energy,0,0,1,0,80,17,0,0,1,42,0.09388635082351934,2.24778918223753,0.0,0.0,0.99,8,exponential
q_learning,sparse_seed2,sparse,2,4a77b6e251,2586,225,-1.2499999999999822,-1.8499999999999845,0.05,0.15,0,out_of_energy,0,0,1,0,94,13,0,0,1,59,0.11816398346375556,3.330994475707671,0.0,0.0,0.99,8,exponential
q_learning,sparse_seed2,sparse,2,4a77b6e251,2587,225,-1.2499999999999822,-1.8499999999999845,0.05,0.15,0,out_of_energy,0,0,1,0,79,11,0,0,1,51,0.10172041806813276,2.3125430465676855,0.0,0.0,0.99,8,exponential
q_learning,sparse_seed2,sparse,2,4a77b6e251,2588,225,-1.2499999999999822,-1.8499999999999845,0.05,0.15,0,out_of_energy,0,0,1,0,99,15,0,0,1,48,0.09689056397129084,2.2430429262585108,0.0,0.0,0.99,8,exponential
q_learning,sparse_seed2,sparse,2,4a77b6e251,2589,225,-1.2499999999999822,-1.8499999999999845,0.05,0.15,0,out_of_energy,0,0,1,0,81,14,0,0,1,45,0.14001425496003914,3.8807506562784866,0.0,0.0,0.99,8,exponential
q_learning,sparse_seed2,sparse,2,4a77b6e251,2590,225,-1.2499999999999822,-1.8499999999999845,0.05,0.15,0,out_of_energy,0,0,1,0,95,20,0,0,1,46,0.12211053596980315,2.901921731198875,0.0,0.0,0.99,8,exponential
q_learning,sparse_seed2,sparse,2,4a77b6e251,2591,225,-1.2499999999999822,-1.749999999999984,0.05,0.15,0,out_of_energy,0,0,1,0,72,16,0,0,1,44,0.14543148348259413,7.196174079272235,0.0,0.0,0.99,8,exponential
q_learning,sparse_seed2,sparse,2,4a77b6e251,2592,225,-1.2499999999999822,-1.749999999999984,0.05,0.15,0,out_of_energy,0,0,1,0,84,38,0,0,1,41,0.13752853770628418,5.04976284393363,0.0,0.0,0.99,8,exponential
q_learning,sparse_seed2,sparse,2,4a77b6e251,2593,225,-1.2499999999999822,-1.749999999999984,0.05,0.15,0,out_of_energy,0,0,1,0,85,32,0,0,1,50,0.09909510654413008,2.4961588303358084,0.0,0.0,0.99,8,exponential
q_learning,sparse_seed2,sparse,2,4a77b6e251,2594,225,-1.2499999999999822,-1.749999999999984,0.05,0.15,0,out_of_energy,0,0,1,0,90,18,0,0,1,56,0.14790515745895597,5.123531449039996,0.0,0.0,0.99,8,exponential
q_learning,sparse_seed2,sparse,2,4a77b6e251,2595,225,-1.2499999999999822,-1.749999999999984,0.05,0.15,0,out_of_energy,0,0,1,0,94,19,0,0,1,49,0.14032477816042122,3.3925068319857408,0.0,0.0,0.99,8,exponential
q_learning,sparse_seed2,sparse,2,4a77b6e251,2596,225,-1.2499999999999822,-1.749999999999984,0.05,0.15,0,out_of_energy,0,0,1,0,84,28,0,0,1,48,0.08631150240586388,2.404109756183866,0.0,0.0,0.99,8,exponential
q_learning,sparse_seed2,sparse,2,4a77b6e251,2597,225,-1.2499999999999822,-1.749999999999984,0.05,0.15,0,out_of_energy,0,0,1,0,89,19,0,0,1,41,0.09419539068609943,2.2665063232087723,0.0,0.0,0.99,8,exponential
q_learning,sparse_seed2,sparse,2,4a77b6e251,2598,225,-1.2499999999999822,-1.6499999999999835,0.05,0.15,0,out_of_energy,0,0,1,0,94,15,0,0,1,46,0.11696797059559515,3.530368672850903,0.0,0.0,0.99,8,exponential
q_learning,sparse_seed2,sparse,2,4a77b6e251,2599,225,-1.2499999999999822,-1.6499999999999835,0.05,0.15,0,out_of_energy,0,0,1,0,79,22,0,0,1,42,0.08482554309819379,2.2252651442693594,0.0,0.0,0.99,8,exponential
q_learning,sparse_seed2,sparse,2,4a77b6e251,2600,225,-1.2499999999999822,-1.6499999999999835,0.05,0.15,0,out_of_energy,0,0,1,0,74,18,0,0,1,35,0.1256225397233214,2.9282508441760653,0.0,0.0,0.99,8,exponential
q_learning,sparse_seed2,sparse,2,4a77b6e251,2601,225,-1.2499999999999822,-1.6499999999999835,0.05,0.15,0,out_of_energy,0,0,1,0,89,14,0,0,1,44,0.11937376085150694,2.716754780974222,0.0,0.0,0.99,8,exponential
q_learning,sparse_seed2,sparse,2,4a77b6e251,2602,225,-1.2499999999999822,-1.6499999999999835,0.05,0.15,0,out_of_energy,0,0,1,0,82,18,0,0,1,50,0.10945417915270467,3.022377578306151,0.0,0.0,0.99,8,exponential
q_learning,sparse_seed2,sparse,2,4a77b6e251,2603,225,-1.2499999999999822,-1.6499999999999835,0.05,0.15,0,out_of_energy,0,0,1,0,93,16,0,0,1,44,0.09694266240690366,2.3130326308554627,0.0,0.0,0.99,8,exponential
q_learning,sparse_seed2,sparse,2,4a77b6e251,2604,225,-1.2499999999999822,-1.6499999999999835,0.05,0.15,0,out_of_energy,0,0,1,0,85,21,0,0,1,45,0.10349938312360848,2.286190782134815,0.0,0.0,0.99,8,exponential
q_learning,sparse_seed2,sparse,2,4a77b6e251,2605,225,-1.2499999999999822,-1.6499999999999835,0.05,0.15,0,out_of_energy,0,0,1,0,83,17,0,0,1,46,0.11654739317078788,2.4580733118100113,0.0,0.0,0.99,8,exponential
q_learning,sparse_seed2,sparse,2,4a77b6e251,2606,225,-1.2499999999999822,-1.6499999999999835,0.05,0.15,0,out_of_energy,0,0,1,0,91,17,0,0,1,47,0.08936235052206597,2.2265518497184082,0.0,0.0,0.99,8,exponential
q_learning,sparse_seed2,sparse,2,4a77b6e251,2607,225,-1.2499999999999822,-1.6499999999999835,0.05,0.15,0,out_of_energy,0,0,1,0,84,21,0,0,1,48,0.12380839375800837,2.960907525586287,0.0,0.0,0.99,8,exponential
q_learning,sparse_seed2,sparse,2,4a77b6e251,2608,225,-1.2499999999999822,-1.6499999999999835,0.05,0.15,0,out_of_energy,0,0,1,0,80,15,0,0,1,42,0.09876160794858031,2.1327668697663666,0.0,0.0,0.99,8,exponential
q_learning,sparse_seed2,sparse,2,4a77b6e251,2609,225,-1.2499999999999822,-1.6499999999999835,0.05,0.15,0,out_of_energy,0,0,1,0,82,22,0,0,1,58,0.10807159829986145,2.5132667599886434,0.0,0.0,0.99,8,exponential
q_learning,sparse_seed2,sparse,2,4a77b6e251,2610,225,-1.2499999999999822,-1.6499999999999835,0.05,0.15,0,out_of_energy,0,0,1,0,89,14,0,0,1,51,0.10677051260400354,4.345222559833245,0.0,0.0,0.99,8,exponential
q_learning,sparse_seed2,sparse,2,4a77b6e251,2611,225,-1.2499999999999822,-1.6499999999999835,0.05,0.15,0,out_of_energy,0,0,1,0,68,16,0,0,1,39,0.10930832887608757,2.3324619047065642,0.0,0.0,0.99,8,exponential
q_learning,sparse_seed2,sparse,2,4a77b6e251,2612,225,-1.2499999999999822,-1.6499999999999835,0.05,0.15,0,out_of_energy,0,0,1,0,80,26,0,0,1,44,0.10418834382748937,2.3800339882933184,0.0,0.0,0.99,8,exponential
q_learning,sparse_seed2,sparse,2,4a77b6e251,2613,225,-1.2499999999999822,-1.6499999999999835,0.05,0.15,0,out_of_energy,0,0,1,0,72,28,0,0,1,46,0.16724974218259972,5.369451169853695,0.0,0.0,0.99,8,exponential
q_learning,sparse_seed2,sparse,2,4a77b6e251,2614,225,-1.2499999999999822,-1.6499999999999835,0.05,0.15,0,out_of_energy,0,0,1,0,82,16,0,0,1,47,0.12954645698320066,3.8564622498439647,0.0,0.0,0.99,8,exponential
q_learning,sparse_seed2,sparse,2,4a77b6e251,2615,225,-1.2499999999999822,-1.549999999999983,0.05,0.15,0,out_of_energy,0,0,1,0,80,17,0,0,1,35,0.12078672672735988,3.4840528533343957,0.0,0.0,0.99,8,exponential
q_learning,sparse_seed2,sparse,2,4a77b6e251,2616,225,-1.2499999999999822,-1.549999999999983,0.05,0.15,0,out_of_energy,0,0,1,0,94,16,0,0,1,40,0.1485835898418622,6.142344587981258,0.0,0.0,0.99,8,exponential
q_learning,sparse_seed2,sparse,2,4a77b6e251,2617,225,-1.2499999999999822,-1.549999999999983,0.05,0.15,0,out_of_energy,0,0,1,0,96,15,0,0,1,38,0.08541213561709492,2.4073126423487317,0.0,0.0,0.99,8,exponential
q_learning,sparse_seed2,sparse,2,4a77b6e251,2618,225,-1.2499999999999822,-1.549999999999983,0.05,0.15,0,out_of_energy,0,0,1,0,96,17,0,0,1,43,0.1088507014438245,2.3376753815167275,0.0,0.0,0.99,8,exponential
q_learning,sparse_seed2,sparse,2,4a77b6e251,2619,225,-1.2499999999999822,-1.549999999999983,0.05,0.15,0,out_of_energy,0,0,1,0,85,22,0,0,1,42,0.08852495717263664,2.4652371146162686,0.0,0.0,0.99,8,exponential
q_learning,sparse_seed2,sparse,2,4a77b6e251,2620,225,-1.2499999999999822,-1.549999999999983,0.05,0.15,0,out_of_energy,0,0,1,0,84,20,0,0,1,36,0.12957633167849172,5.439635258487642,0.0,0.0,0.99,8,exponential
q_learning,sparse_seed2,sparse,2,4a77b6e251,2621,225,-1.2499999999999822,-1.549999999999983,0.05,0.15,0,out_of_energy,0,0,1,0,87,27,0,0,1,37,0.1314860897830879,2.2866544512855986,0.0,0.0,0.99,8,exponential
q_learning,sparse_seed2,sparse,2,4a77b6e251,2622,225,-1.2499999999999822,-1.4499999999999826,0.05,0.15,0,out_of_energy,0,0,1,0,85,17,0,0,1,52,0.12572260689669346,4.530802532496646,0.0,0.0,0.99,8,exponential
q_learning,sparse_seed2,sparse,2,4a77b6e251,2623,225,-1.2499999999999822,-1.3499999999999823,0.05,0.15,0,out_of_energy,0,0,1,0,80,18,0,0,1,51,0.09326042787518479,2.51535936067193,0.0,0.0,0.99,8,exponential
q_learning,sparse_seed2,sparse,2,4a77b6e251,2624,225,-1.2499999999999822,-1.2499999999999825,0.05,0.15,0,out_of_energy,0,0,1,0,88,17,0,0,1,53,0.147845079150055,4.173881361855681,0.0,0.0,0.99,8,exponential
q_learning,sparse_seed2,sparse,2,4a77b6e251,2625,225,-1.2499999999999822,-1.2499999999999825,0.05,0.15,0,out_of_energy,0,0,1,0,80,20,0,0,1,54,0.1173012673164916,3.5079385910675707,0.0,0.0,0.99,8,exponential
q_learning,sparse_seed2,sparse,2,4a77b6e251,2626,225,-1.2499999999999822,-1.2499999999999825,0.05,0.15,0,out_of_energy,0,0,1,0,82,21,0,0,1,43,0.17023650260917159,3.6098808211044604,0.0,0.0,0.99,8,exponential
q_learning,sparse_seed2,sparse,2,4a77b6e251,2627,225,-1.2499999999999822,-1.2499999999999825,0.05,0.15,0,out_of_energy,0,0,1,0,81,13,0,0,1,46,0.08194802879435327,2.45898105358489,0.0,0.0,0.99,8,exponential
q_learning,sparse_seed2,sparse,2,4a77b6e251,2628,225,-1.2499999999999822,-1.2499999999999825,0.05,0.15,0,out_of_energy,0,0,1,0,85,21,0,0,1,52,0.1144692691384113,4.226909805712509,0.0,0.0,0.99,8,exponential
q_learning,sparse_seed2,sparse,2,4a77b6e251,2629,225,-1.2499999999999822,-1.2499999999999825,0.05,0.15,0,out_of_energy,0,0,1,0,75,25,0,0,1,37,0.10542138596476426,2.466822043187661,0.0,0.0,0.99,8,exponential
q_learning,sparse_seed2,sparse,2,4a77b6e251,2630,225,-1.2499999999999822,-1.2499999999999825,0.05,0.15,0,out_of_energy,0,0,1,0,77,17,0,0,1,55,0.1677932001632278,4.156849025466063,0.0,0.0,0.99,8,exponential
q_learning,sparse_seed2,sparse,2,4a77b6e251,2631,225,-1.2499999999999822,-1.2499999999999825,0.05,0.15,0,out_of_energy,0,0,1,0,72,26,0,0,1,49,0.1194533212829723,2.381456330131419,0.0,0.0,0.99,8,exponential
q_learning,sparse_seed2,sparse,2,4a77b6e251,2632,225,-1.2499999999999822,-1.2499999999999825,0.05,0.15,0,out_of_energy,0,0,1,0,77,26,0,0,1,51,0.0845889245975525,2.3894456965160114,0.0,0.0,0.99,8,exponential
q_learning,sparse_seed2,sparse,2,4a77b6e251,2633,225,-1.2499999999999822,-1.2499999999999825,0.05,0.15,0,out_of_energy,0,0,1,0,91,24,0,0,1,42,0.09562190558738864,2.5338888737486425,0.0,0.0,0.99,8,exponential
q_learning,sparse_seed2,sparse,2,4a77b6e251,2634,225,-1.2499999999999822,-1.2499999999999825,0.05,0.15,0,out_of_energy,0,0,1,0,85,19,0,0,1,48,0.12222099799050706,5.692083605040342,0.0,0.0,0.99,8,exponential
q_learning,sparse_seed2,sparse,2,4a77b6e251,2635,225,-1.2499999999999822,-1.2499999999999825,0.05,0.15,0,out_of_energy,0,0,1,0,102,25,0,0,1,48,0.08461779146543084,2.322169973456285,0.0,0.0,0.99,8,exponential
q_learning,sparse_seed2,sparse,2,4a77b6e251,2636,225,-1.2499999999999822,-1.2499999999999825,0.05,0.15,0,out_of_energy,0,0,1,0,107,29,0,0,1,42,0.09594883963077011,3.9203444602352153,0.0,0.0,0.99,8,exponential
q_learning,sparse_seed2,sparse,2,4a77b6e251,2637,225,-1.2499999999999822,-1.2499999999999825,0.05,0.15,0,out_of_energy,0,0,1,0,88,18,0,0,1,47,0.12188317584446584,3.036483245919279,0.0,0.0,0.99,8,exponential
q_learning,sparse_seed2,sparse,2,4a77b6e251,2638,225,-1.2499999999999822,-1.2499999999999825,0.05,0.15,0,out_of_energy,0,0,1,0,99,28,0,0,1,44,0.09339526783011892,2.2874902042016654,0.0,0.0,0.99,8,exponential
q_learning,sparse_seed2,sparse,2,4a77b6e251,2639,225,-1.2499999999999822,-1.2499999999999825,0.05,0.15,0,out_of_energy,0,0,1,0,77,18,0,0,1,49,0.10026655263584786,2.3840848648638007,0.0,0.0,0.99,8,exponential
q_learning,sparse_seed2,sparse,2,4a77b6e251,2640,225,-1.2499999999999822,-1.2499999999999825,0.05,0.15,0,out_of_energy,0,0,1,0,86,23,0,0,1,49,0.09430994553117301,2.4026235990534186,0.0,0.0,0.99,8,exponential
q_learning,sparse_seed2,sparse,2,4a77b6e251,2641,225,-1.2499999999999822,-1.2499999999999825,0.05,0.15,0,out_of_energy,0,0,1,0,88,15,0,0,1,31,0.1045327034115023,3.9960270882393485,0.0,0.0,0.99,8,exponential
q_learning,sparse_seed2,sparse,2,4a77b6e251,2642,225,-1.2499999999999822,-1.2499999999999825,0.05,0.15,0,out_of_energy,0,0,1,0,90,19,0,0,1,32,0.10753143296236407,2.702866290393923,0.0,0.0,0.99,8,exponential
q_learning,sparse_seed2,sparse,2,4a77b6e251,2643,225,-1.2499999999999822,-1.2499999999999825,0.05,0.15,0,out_of_energy,0,0,1,0,86,26,0,0,1,51,0.09566879567884418,2.392695536456821,0.0,0.0,0.99,8,exponential
q_learning,sparse_seed2,sparse,2,4a77b6e251,2644,225,-1.2499999999999822,-1.2499999999999825,0.05,0.15,0,out_of_energy,0,0,1,0,95,31,0,0,1,42,0.11207500350897691,3.6091400726660687,0.0,0.0,0.99,8,exponential
q_learning,sparse_seed2,sparse,2,4a77b6e251,2645,225,-1.2499999999999822,-1.2499999999999825,0.05,0.15,0,out_of_energy,0,0,1,0,88,22,0,0,1,42,0.10267819024219692,2.401630159794337,0.0,0.0,0.99,8,exponential
q_learning,sparse_seed2,sparse,2,4a77b6e251,2646,225,-1.2499999999999822,-1.2499999999999825,0.05,0.15,0,out_of_energy,0,0,1,0,74,24,0,0,1,54,0.09001309383981233,2.333214481314357,0.0,0.0,0.99,8,exponential
q_learning,sparse_seed2,sparse,2,4a77b6e251,2647,225,-1.2499999999999822,-1.2499999999999825,0.05,0.15,0,out_of_energy,0,0,1,0,92,26,0,0,1,57,0.0948438046206944,3.6131832917987565,0.0,0.0,0.99,8,exponential
q_learning,sparse_seed2,sparse,2,4a77b6e251,2648,225,-1.2499999999999822,-1.2499999999999825,0.05,0.15,0,out_of_energy,0,0,1,0,83,13,0,0,1,66,0.15321234231338335,3.7642463783803666,0.0,0.0,0.99,8,exponential
q_learning,sparse_seed2,sparse,2,4a77b6e251,2649,225,-1.2499999999999822,-1.2499999999999825,0.05,0.15,0,out_of_energy,0,0,1,0,93,11,0,0,1,42,0.09028207112145695,2.4173802049412094,0.0,0.0,0.99,8,exponential
q_learning,sparse_seed2,sparse,2,4a77b6e251,2650,225,-1.2499999999999822,-1.2499999999999825,0.05,0.15,0,out_of_energy,0,0,1,0,109,7,0,0,1,43,0.11360214495966611,3.191534661776621,0.0,0.0,0.99,8,exponential
q_learning,sparse_seed2,sparse,2,4a77b6e251,2651,225,-1.2499999999999822,-1.2499999999999825,0.05,0.15,0,out_of_energy,0,0,1,0,96,8,0,0,1,34,0.11871772418537957,2.7874362938170196,0.0,0.0,0.99,8,exponential
q_learning,sparse_seed2,sparse,2,4a77b6e251,2652,225,-1.2499999999999822,-1.2499999999999825,0.05,0.15,0,out_of_energy,0,0,1,0,92,12,0,0,1,33,0.09977545318424191,2.3568642125822725,0.0,0.0,0.99,8,exponential
q_learning,sparse_seed2,sparse,2,4a77b6e251,2653,225,-1.2499999999999822,-1.2499999999999825,0.05,0.15,0,out_of_energy,0,0,1,0,87,21,0,0,1,44,0.09771054145947272,2.455330701054846,0.0,0.0,0.99,8,exponential
q_learning,sparse_seed2,sparse,2,4a77b6e251,2654,225,-1.2499999999999822,-1.2499999999999825,0.05,0.15,0,out_of_energy,0,0,1,0,90,21,0,0,1,46,0.10787611037854099,2.905601019010962,0.0,0.0,0.99,8,exponential
q_learning,sparse_seed2,sparse,2,4a77b6e251,2655,225,-1.2499999999999822,-1.2499999999999825,0.05,0.15,0,out_of_energy,0,0,1,0,104,42,0,0,1,38,0.09241717934270222,2.4596591750656476,0.0,0.0,0.99,8,exponential
q_learning,sparse_seed2,sparse,2,4a77b6e251,2656,225,-1.2499999999999822,-1.2499999999999825,0.05,0.15,0,out_of_energy,0,0,1,0,106,25,0,0,1,53,0.10438917637371821,2.4931135553974,0.0,0.0,0.99,8,exponential
q_learning,sparse_seed2,sparse,2,4a77b6e251,2657,225,-1.2499999999999822,-1.2499999999999825,0.05,0.15,0,out_of_energy,0,0,1,0,96,21,0,0,1,54,0.11646849549922518,2.6295501841672397,0.0,0.0,0.99,8,exponential
q_learning,sparse_seed2,sparse,2,4a77b6e251,2658,225,-1.2499999999999822,-1.2499999999999825,0.05,0.15,0,out_of_energy,0,0,1,0,79,14,0,0,1,52,0.12001102809275191,3.3659336746467012,0.0,0.0,0.99,8,exponential
q_learning,sparse_seed2,sparse,2,4a77b6e251,2659,225,-1.2499999999999822,-1.2499999999999825,0.05,0.15,0,out_of_energy,0,0,1,0,90,11,0,0,1,46,0.1349316290529397,3.6142294174258596,0.0,0.0,0.99,8,exponential
q_learning,sparse_seed2,sparse,2,4a77b6e251,2660,225,-1.2499999999999822,-1.2499999999999825,0.05,0.15,0,out_of_energy,0,0,1,0,80,30,0,0,1,38,0.08426398869248306,2.4846147852284295,0.0,0.0,0.99,8,exponential
q_learning,sparse_seed2,sparse,2,4a77b6e251,2661,225,-1.2499999999999822,-1.2499999999999825,0.05,0.15,0,out_of_energy,0,0,1,0,84,34,0,0,1,45,0.10161927521530775,3.0222071649875693,0.0,0.0,0.99,8,exponential
q_learning,sparse_seed2,sparse,2,4a77b6e251,2662,225,-1.2499999999999822,-1.2499999999999825,0.05,0.15,0,out_of_energy,0,0,1,0,85,19,0,0,1,55,0.1054482503473411,6.982468065375684,0.0,0.0,0.99,8,exponential
q_learning,sparse_seed2,sparse,2,4a77b6e251,2663,225,-1.2499999999999822,-1.2499999999999825,0.05,0.15,0,out_of_energy,0,0,1,0,83,17,0,0,1,33,0.10322710481215508,3.6236404442441525,0.0,0.0,0.99,8,exponential
q_learning,sparse_seed2,sparse,2,4a77b6e251,2664,225,-1.2499999999999822,-1.2499999999999825,0.05,0.15,0,out_of_energy,0,0,1,0,94,16,0,0,1,44,0.0931010445590644,2.5029531868294423,0.0,0.0,0.99,8,exponential
q_learning,sparse_seed2,sparse,2,4a77b6e251,2665,225,-1.2499999999999822,-1.2499999999999825,0.05,0.15,0,out_of_energy,0,0,1,0,83,37,0,0,1,49,0.09497747306007748,2.4042263175922782,0.0,0.0,0.99,8,exponential
q_learning,sparse_seed2,sparse,2,4a77b6e251,2666,225,-1.2499999999999822,-1.2499999999999825,0.05,0.15,0,out_of_energy,0,0,1,0,75,25,0,0,1,51,0.09288571113605365,2.527672712837231,0.0,0.0,0.99,8,exponential
q_learning,sparse_seed2,sparse,2,4a77b6e251,2667,225,-1.2499999999999822,-1.2499999999999825,0.05,0.15,0,out_of_energy,0,0,1,0,103,24,0,0,1,37,0.08327476100228756,2.4134946223451346,0.0,0.0,0.99,8,exponential
q_learning,sparse_seed2,sparse,2,4a77b6e251,2668,225,-1.2499999999999822,-1.2499999999999825,0.05,0.15,0,out_of_energy,0,0,1,0,82,22,0,0,1,43,0.08824057784460011,2.4460423992975837,0.0,0.0,0.99,8,exponential
q_learning,sparse_seed2,sparse,2,4a77b6e251,2669,225,-1.2499999999999822,-1.2499999999999825,0.05,0.15,0,out_of_energy,0,0,1,0,70,20,0,0,1,48,0.10410507757247697,2.710448515372203,0.0,0.0,0.99,8,exponential
q_learning,sparse_seed2,sparse,2,4a77b6e251,2670,225,-1.2499999999999822,-1.2499999999999825,0.05,0.15,0,out_of_energy,0,0,1,0,96,7,0,0,1,49,0.14343533009366194,4.599332992615839,0.0,0.0,0.99,8,exponential
q_learning,sparse_seed2,sparse,2,4a77b6e251,2671,225,-1.2499999999999822,-1.2499999999999825,0.05,0.15,0,out_of_energy,0,0,1,0,100,39,0,0,1,44,0.10831552973333405,3.6835727057044148,0.0,0.0,0.99,8,exponential
q_learning,sparse_seed2,sparse,2,4a77b6e251,2672,225,-1.2499999999999822,-1.2499999999999825,0.05,0.15,0,out_of_energy,0,0,1,0,97,49,0,0,1,49,0.08478654441128879,2.483585190208264,0.0,0.0,0.99,8,exponential
q_learning,sparse_seed2,sparse,2,4a77b6e251,2673,225,-1.2499999999999822,-1.2499999999999825,0.05,0.15,0,out_of_energy,0,0,1,0,80,18,0,0,1,45,0.10697411782944831,2.4393636433545387,0.0,0.0,0.99,8,exponential
q_learning,sparse_seed2,sparse,2,4a77b6e251,2674,225,-1.2499999999999822,-1.2499999999999825,0.05,0.15,0,out_of_energy,0,0,1,0,96,34,0,0,1,57,0.11376486771181972,3.675980624281692,0.0,0.0,0.99,8,exponential
q_learning,sparse_seed2,sparse,2,4a77b6e251,2675,225,-1.2499999999999822,-1.2499999999999825,0.05,0.15,0,out_of_energy,0,0,1,0,98,14,0,0,1,49,0.08467878388234105,2.497437746121852,0.0,0.0,0.99,8,exponential
q_learning,sparse_seed2,sparse,2,4a77b6e251,2676,225,-1.2499999999999822,-1.2499999999999825,0.05,0.15,0,out_of_energy,0,0,1,0,104,16,0,0,1,53,0.0787110303004148,2.5855345738472444,0.0,0.0,0.99,8,exponential
q_learning,sparse_seed2,sparse,2,4a77b6e251,2677,225,-1.2499999999999822,-1.2499999999999825,0.05,0.15,0,out_of_energy,0,0,1,0,79,15,0,0,1,44,0.08617614285574952,2.549315968517634,0.0,0.0,0.99,8,exponential
q_learning,sparse_seed2,sparse,2,4a77b6e251,2678,225,-1.2499999999999822,-1.2499999999999825,0.05,0.15,0,out_of_energy,0,0,1,0,97,19,0,0,1,46,0.10781952396440138,2.673131144650327,0.0,0.0,0.99,8,exponential
q_learning,sparse_seed2,sparse,2,4a77b6e251,2679,225,-1.2499999999999822,-1.2499999999999825,0.05,0.15,0,out_of_energy,0,0,1,0,89,28,0,0,1,40,0.10419038353457359,2.4061549554779944,0.0,0.0,0.99,8,exponential
q_learning,sparse_seed2,sparse,2,4a77b6e251,2680,225,-1.2499999999999822,-1.2499999999999825,0.05,0.15,0,out_of_energy,0,0,1,0,83,18,0,0,1,48,0.15505536540326653,5.022430853273623,0.0,0.0,0.99,8,exponential
q_learning,sparse_seed2,sparse,2,4a77b6e251,2681,225,-1.2499999999999822,-1.2499999999999825,0.05,0.15,0,out_of_energy,0,0,1,0,83,34,0,0,1,44,0.09872456101293875,2.5503053247087415,0.0,0.0,0.99,8,exponential
q_learning,sparse_seed2,sparse,2,4a77b6e251,2682,225,-1.2499999999999822,-1.2499999999999825,0.05,0.15,0,out_of_energy,0,0,1,0,91,23,0,0,1,42,0.09121743143241309,2.450028028174552,0.0,0.0,0.99,8,exponential
q_learning,sparse_seed2,sparse,2,4a77b6e251,2683,225,-1.2499999999999822,-1.2499999999999825,0.05,0.15,0,out_of_energy,0,0,1,0,89,38,0,0,1,42,0.10079374758767451,3.2561829480599,0.0,0.0,0.99,8,exponential
q_learning,sparse_seed2,sparse,2,4a77b6e251,2684,225,-1.2499999999999822,-1.2499999999999825,0.05,0.15,0,out_of_energy,0,0,1,0,90,24,0,0,1,48,0.08823713163617734,2.424580926885879,0.0,0.0,0.99,8,exponential
q_learning,sparse_seed2,sparse,2,4a77b6e251,2685,225,-1.2499999999999822,-1.2499999999999825,0.05,0.15,0,out_of_energy,0,0,1,0,82,17,0,0,1,45,0.09620560882589187,2.626593723156385,0.0,0.0,0.99,8,exponential
q_learning,sparse_seed2,sparse,2,4a77b6e251,2686,225,-1.2499999999999822,-1.2499999999999825,0.05,0.15,0,out_of_energy,0,0,1,0,97,20,0,0,1,45,0.09343715395281221,2.615747666097157,0.0,0.0,0.99,8,exponential
q_learning,sparse_seed2,sparse,2,4a77b6e251,2687,225,-1.2499999999999822,-1.2499999999999825,0.05,0.15,0,out_of_energy,0,0,1,0,85,15,0,0,1,44,0.09185645672077014,2.605670395056645,0.0,0.0,0.99,8,exponential
q_learning,sparse_seed2,sparse,2,4a77b6e251,2688,225,-1.2499999999999822,-1.2499999999999825,0.05,0.15,0,out_of_energy,0,0,1,0,81,30,0,0,1,50,0.09374579047859345,2.6111775172728944,0.0,0.0,0.99,8,exponential
q_learning,sparse_seed2,sparse,2,4a77b6e251,2689,225,-1.2499999999999822,-1.2499999999999825,0.05,0.15,0,out_of_energy,0,0,1,0,91,21,0,0,1,53,0.08986420718821156,2.6503529351749417,0.0,0.0,0.99,8,exponential
q_learning,sparse_seed2,sparse,2,4a77b6e251,2690,225,-1.2499999999999822,-1.2499999999999825,0.05,0.15,0,out_of_energy,0,0,1,0,126,31,0,0,1,54,0.09547328990230647,2.671012903871233,0.0,0.0,0.99,8,exponential
q_learning,sparse_seed2,sparse,2,4a77b6e251,2691,225,-1.2499999999999822,-1.2499999999999825,0.05,0.15,0,out_of_energy,0,0,1,0,79,20,0,0,1,42,0.11036384013873336,4.3610149914912295,0.0,0.0,0.99,8,exponential
q_learning,sparse_seed2,sparse,2,4a77b6e251,2692,225,-1.2499999999999822,-1.2499999999999825,0.05,0.15,0,out_of_energy,0,0,1,0,92,16,0,0,1,37,0.0960091530315822,2.676405958193219,0.0,0.0,0.99,8,exponential
q_learning,sparse_seed2,sparse,2,4a77b6e251,2693,225,-1.2499999999999822,-1.2499999999999825,0.05,0.15,0,out_of_energy,0,0,1,0,96,25,0,0,1,43,0.13163737507521173,2.614033112702243,0.0,0.0,0.99,8,exponential
q_learning,sparse_seed2,sparse,2,4a77b6e251,2694,225,-1.2499999999999822,-1.2499999999999825,0.05,0.15,0,out_of_energy,0,0,1,0,96,28,0,0,1,47,0.10135039266244195,2.630243512539307,0.0,0.0,0.99,8,exponential
q_learning,sparse_seed2,sparse,2,4a77b6e251,2695,225,-1.2499999999999822,-1.2499999999999825,0.05,0.15,0,out_of_energy,0,0,1,0,95,30,0,0,1,59,0.08075438885314443,2.6402577926090087,0.0,0.0,0.99,8,exponential
q_learning,sparse_seed2,sparse,2,4a77b6e251,2696,225,-1.2499999999999822,-1.2499999999999825,0.05,0.15,0,out_of_energy,0,0,1,0,114,30,0,0,1,40,0.07628667875190195,2.575917740987914,0.0,0.0,0.99,8,exponential
q_learning,sparse_seed2,sparse,2,4a77b6e251,2697,225,-1.2499999999999822,-1.2499999999999825,0.05,0.15,0,out_of_energy,0,0,1,0,89,26,0,0,1,57,0.08756795043899836,2.5065107110689198,0.0,0.0,0.99,8,exponential
q_learning,sparse_seed2,sparse,2,4a77b6e251,2698,225,-1.2499999999999822,-1.2499999999999825,0.05,0.15,0,out_of_energy,0,0,1,0,104,30,0,0,1,43,0.13694148887951246,6.061073611736336,0.0,0.0,0.99,8,exponential
q_learning,sparse_seed2,sparse,2,4a77b6e251,2699,225,-1.2499999999999822,-1.2499999999999825,0.05,0.15,0,out_of_energy,0,0,1,0,92,30,0,0,1,51,0.10192766065006723,3.8940508385405486,0.0,0.0,0.99,8,exponential
q_learning,sparse_seed2,sparse,2,4a77b6e251,2700,225,-1.2499999999999822,-1.2499999999999825,0.05,0.15,0,out_of_energy,0,0,1,0,106,26,0,0,1,49,0.08857222422598578,2.492894273772097,0.0,0.0,0.99,8,exponential
q_learning,sparse_seed2,sparse,2,4a77b6e251,2701,225,-1.2499999999999822,-1.2499999999999825,0.05,0.15,0,out_of_energy,0,0,1,0,105,27,0,0,1,52,0.09242624589256136,2.448063274373462,0.0,0.0,0.99,8,exponential
q_learning,sparse_seed2,sparse,2,4a77b6e251,2702,225,-1.2499999999999822,-1.2499999999999825,0.05,0.15,0,out_of_energy,0,0,1,0,102,26,0,0,1,37,0.08831487771185985,2.3349316016321695,0.0,0.0,0.99,8,exponential
q_learning,sparse_seed2,sparse,2,4a77b6e251,2703,225,-1.2499999999999822,-1.2499999999999825,0.05,0.15,0,out_of_energy,0,0,1,0,95,25,0,0,1,58,0.12113116112292899,2.979210692561587,0.0,0.0,0.99,8,exponential
q_learning,sparse_seed2,sparse,2,4a77b6e251,2704,225,-1.2499999999999822,-1.2499999999999825,0.05,0.15,0,out_of_energy,0,0,1,0,98,27,0,0,1,43,0.09426061741250395,2.589572516697955,0.0,0.0,0.99,8,exponential
q_learning,sparse_seed2,sparse,2,4a77b6e251,2705,225,-1.2499999999999822,-1.2499999999999825,0.05,0.15,0,out_of_energy,0,0,1,0,106,35,0,0,1,52,0.11046885898836475,5.054406501376782,0.0,0.0,0.99,8,exponential
q_learning,sparse_seed2,sparse,2,4a77b6e251,2706,225,-1.2499999999999822,-1.2499999999999825,0.05,0.15,0,out_of_energy,0,0,1,0,107,28,0,0,1,46,0.09896279380337895,2.496128624598086,0.0,0.0,0.99,8,exponential
q_learning,sparse_seed2,sparse,2,4a77b6e251,2707,225,-1.2499999999999822,-1.2499999999999825,0.05,0.15,0,out_of_energy,0,0,1,0,84,32,0,0,1,48,0.09092218400562126,2.501103014277075,0.0,0.0,0.99,8,exponential
q_learning,sparse_seed2,sparse,2,4a77b6e251,2708,225,-1.2499999999999822,-1.2499999999999825,0.05,0.15,0,out_of_energy,0,0,1,0,101,34,0,0,1,54,0.09603195510635933,2.4664400910725597,0.0,0.0,0.99,8,exponential
q_learning,sparse_seed2,sparse,2,4a77b6e251,2709,225,-1.2499999999999822,-1.2499999999999825,0.05,0.15,0,out_of_energy,0,0,1,0,117,22,0,0,1,47,0.10659887855245434,3.532335796517546,0.0,0.0,0.99,8,exponential
q_learning,sparse_seed2,sparse,2,4a77b6e251,2710,225,-1.2499999999999822,-1.2499999999999825,0.05,0.15,0,out_of_energy,0,0,1,0,96,27,0,0,1,38,0.09764861970904909,2.4695403904948536,0.0,0.0,0.99,8,exponential
q_learning,sparse_seed2,sparse,2,4a77b6e251,2711,225,-1.2499999999999822,-1.2499999999999825,0.05,0.15,0,out_of_energy,0,0,1,0,81,22,0,0,1,37,0.0796979416932696,2.516765413737195,0.0,0.0,0.99,8,exponential
q_learning,sparse_seed2,sparse,2,4a77b6e251,2712,225,-1.2499999999999822,-1.2499999999999825,0.05,0.15,0,out_of_energy,0,0,1,0,103,32,0,0,1,47,0.07408810545767675,2.353703990834048,0.0,0.0,0.99,8,exponential
q_learning,sparse_seed2,sparse,2,4a77b6e251,2713,225,-1.2499999999999822,-1.2499999999999825,0.05,0.15,0,out_of_energy,0,0,1,0,82,17,0,0,1,41,0.0845899094120807,2.4378218131438487,0.0,0.0,0.99,8,exponential
q_learning,sparse_seed2,sparse,2,4a77b6e251,2714,225,-1.2499999999999822,-1.2499999999999825,0.05,0.15,0,out_of_energy,0,0,1,0,79,17,0,0,1,44,0.08311396129681968,2.6314368135184427,0.0,0.0,0.99,8,exponential
q_learning,sparse_seed2,sparse,2,4a77b6e251,2715,225,-1.2499999999999822,-1.2499999999999825,0.05,0.15,0,out_of_energy,0,0,1,0,76,17,0,0,1,48,0.10475829495135776,2.5519088422694844,0.0,0.0,0.99,8,exponential
q_learning,sparse_seed2,sparse,2,4a77b6e251,2716,225,-1.2499999999999822,-1.2499999999999825,0.05,0.15,0,out_of_energy,0,0,1,0,85,20,0,0,1,47,0.15740544354794206,5.498283048626155,0.0,0.0,0.99,8,exponential
q_learning,sparse_seed2,sparse,2,4a77b6e251,2717,225,-1.2499999999999822,-1.2499999999999825,0.05,0.15,0,out_of_energy,0,0,1,0,83,14,0,0,1,42,0.12194832139738412,2.7563817498102967,0.0,0.0,0.99,8,exponential
q_learning,sparse_seed2,sparse,2,4a77b6e251,2718,225,-1.2499999999999822,-1.2499999999999825,0.05,0.15,0,out_of_energy,0,0,1,0,76,22,0,0,1,30,0.08869375565944917,2.3374047496119257,0.0,0.0,0.99,8,exponential
q_learning,sparse_seed2,sparse,2,4a77b6e251,2719,225,-1.2499999999999822,-1.2499999999999825,0.05,0.15,0,out_of_energy,0,0,1,0,82,26,0,0,1,54,0.10783112844940906,2.2786087671904927,0.0,0.0,0.99,8,exponential
q_learning,sparse_seed2,sparse,2,4a77b6e251,2720,225,-1.2499999999999822,-1.2499999999999825,0.05,0.15,0,out_of_energy,0,0,1,0,70,28,0,0,1,39,0.09867876134348118,2.294411461015634,0.0,0.0,0.99,8,exponential
q_learning,sparse_seed2,sparse,2,4a77b6e251,2721,225,-1.2499999999999822,-1.2499999999999825,0.05,0.15,0,out_of_energy,0,0,1,0,80,19,0,0,1,43,0.08667512710453439,2.4330789946409075,0.0,0.0,0.99,8,exponential
q_learning,sparse_seed2,sparse,2,4a77b6e251,2722,225,-1.2499999999999822,-1.2499999999999825,0.05,0.15,0,out_of_energy,0,0,1,0,88,17,0,0,1,31,0.09374440728211118,2.4082164747199366,0.0,0.0,0.99,8,exponential
q_learning,sparse_seed2,sparse,2,4a77b6e251,2723,225,-1.2499999999999822,-1.2499999999999825,0.05,0.15,0,out_of_energy,0,0,1,0,81,30,0,0,1,56,0.09701995204292145,2.4885645245216406,0.0,0.0,0.99,8,exponential
q_learning,sparse_seed2,sparse,2,4a77b6e251,2724,225,-1.2499999999999822,-1.2499999999999825,0.05,0.15,0,out_of_energy,0,0,1,0,103,17,0,0,1,50,0.08582752633211367,2.409923126354677,0.0,0.0,0.99,8,exponential
q_learning,sparse_seed2,sparse,2,4a77b6e251,2725,225,-1.2499999999999822,-1.2499999999999825,0.05,0.15,0,out_of_energy,0,0,1,0,86,17,0,0,1,50,0.07923805465062952,2.434415714416571,0.0,0.0,0.99,8,exponential
q_learning,sparse_seed2,sparse,2,4a77b6e251,2726,225,-1.2499999999999822,-1.2499999999999825,0.05,0.15,0,out_of_energy,0,0,1,0,77,14,0,0,1,45,0.10277885368550956,2.6131855968660256,0.0,0.0,0.99,8,exponential
q_learning,sparse_seed2,sparse,2,4a77b6e251,2727,225,-1.2499999999999822,-1.2499999999999825,0.05,0.15,0,out_of_energy,0,0,1,0,95,28,0,0,1,47,0.08208966908676055,2.5004340097722517,0.0,0.0,0.99,8,exponential
q_learning,sparse_seed2,sparse,2,4a77b6e251,2728,225,-1.2499999999999822,-1.2499999999999825,0.05,0.15,0,out_of_energy,0,0,1,0,84,21,0,0,1,38,0.08089727061950902,2.3524692678877637,0.0,0.0,0.99,8,exponential
q_learning,sparse_seed2,sparse,2,4a77b6e251,2729,225,-1.2499999999999822,-1.2499999999999825,0.05,0.15,0,out_of_energy,0,0,1,0,84,19,0,0,1,45,0.09198355858474612,2.5344598627532644,0.0,0.0,0.99,8,exponential
q_learning,sparse_seed2,sparse,2,4a77b6e251,2730,225,-1.2499999999999822,-1.2499999999999825,0.05,0.15,0,out_of_energy,0,0,1,0,87,16,0,0,1,45,0.09350206963599972,2.363473981287049,0.0,0.0,0.99,8,exponential
q_learning,sparse_seed2,sparse,2,4a77b6e251,2731,225,-1.2499999999999822,-1.2499999999999825,0.05,0.15,0,out_of_energy,0,0,1,0,94,13,0,0,1,38,0.07489812166902794,2.4119900523918023,0.0,0.0,0.99,8,exponential
q_learning,sparse_seed2,sparse,2,4a77b6e251,2732,225,-1.2499999999999822,-1.2499999999999825,0.05,0.15,0,out_of_energy,0,0,1,0,99,18,0,0,1,41,0.10235591245657795,3.9632178115657,0.0,0.0,0.99,8,exponential
q_learning,sparse_seed2,sparse,2,4a77b6e251,2733,225,-1.2499999999999822,-1.2499999999999825,0.05,0.15,0,out_of_energy,0,0,1,0,98,14,0,0,1,45,0.09637250158938261,2.1891669202192343,0.0,0.0,0.99,8,exponential
q_learning,sparse_seed2,sparse,2,4a77b6e251,2734,225,-1.2499999999999822,-1.2499999999999825,0.05,0.15,0,out_of_energy,0,0,1,0,93,21,0,0,1,47,0.1502746632640399,7.286972640320333,0.0,0.0,0.99,8,exponential
q_learning,sparse_seed2,sparse,2,4a77b6e251,2735,225,-1.2499999999999822,-1.2499999999999825,0.05,0.15,0,out_of_energy,0,0,1,0,79,9,0,0,1,41,0.12063318477829964,2.5280066715102993,0.0,0.0,0.99,8,exponential
q_learning,sparse_seed2,sparse,2,4a77b6e251,2736,225,-1.2499999999999822,-1.2499999999999825,0.05,0.15,0,out_of_energy,0,0,1,0,74,16,0,0,1,48,0.08293773382866078,2.3755016100807476,0.0,0.0,0.99,8,exponential
q_learning,sparse_seed2,sparse,2,4a77b6e251,2737,225,-1.2499999999999822,-1.2499999999999825,0.05,0.15,0,out_of_energy,0,0,1,0,87,5,0,0,1,45,0.12862552099044608,6.158316660307153,0.0,0.0,0.99,8,exponential
q_learning,sparse_seed2,sparse,2,4a77b6e251,2738,225,-1.2499999999999822,-1.2499999999999825,0.05,0.15,0,out_of_energy,0,0,1,0,82,7,0,0,1,46,0.08447921399033773,2.4259268387871593,0.0,0.0,0.99,8,exponential
q_learning,sparse_seed2,sparse,2,4a77b6e251,2739,225,-1.2499999999999822,-1.2499999999999825,0.05,0.15,0,out_of_energy,0,0,1,0,96,9,0,0,1,46,0.11181646515616765,5.178551457706691,0.0,0.0,0.99,8,exponential
q_learning,sparse_seed2,sparse,2,4a77b6e251,2740,225,-1.2499999999999822,-1.2499999999999825,0.05,0.15,0,out_of_energy,0,0,1,0,85,7,0,0,1,41,0.08761581577363321,2.4300288722129597,0.0,0.0,0.99,8,exponential
q_learning,sparse_seed2,sparse,2,4a77b6e251,2741,225,-1.2499999999999822,-1.2499999999999825,0.05,0.15,0,out_of_energy,0,0,1,0,81,6,0,0,1,40,0.08401125117934274,2.428373846512449,0.0,0.0,0.99,8,exponential
q_learning,sparse_seed2,sparse,2,4a77b6e251,2742,225,-1.2499999999999822,-1.2499999999999825,0.05,0.15,0,out_of_energy,0,0,1,0,87,16,0,0,1,50,0.0903461056383678,2.45529736241087,0.0,0.0,0.99,8,exponential
q_learning,sparse_seed2,sparse,2,4a77b6e251,2743,225,-1.2499999999999822,-1.2499999999999825,0.05,0.15,0,out_of_energy,0,0,1,0,79,12,0,0,1,49,0.09275377835088186,2.509731838524433,0.0,0.0,0.99,8,exponential
q_learning,sparse_seed2,sparse,2,4a77b6e251,2744,225,-1.2499999999999822,-1.2499999999999825,0.05,0.15,0,out_of_energy,0,0,1,0,77,6,0,0,1,39,0.09101974725137574,2.4557164070325213,0.0,0.0,0.99,8,exponential
q_learning,sparse_seed2,sparse,2,4a77b6e251,2745,225,-1.2499999999999822,-1.2499999999999825,0.05,0.15,0,out_of_energy,0,0,1,0,96,6,0,0,1,40,0.07791411228845106,2.4324489210989064,0.0,0.0,0.99,8,exponential
q_learning,sparse_seed2,sparse,2,4a77b6e251,2746,225,-1.2499999999999822,-1.2499999999999825,0.05,0.15,0,out_of_energy,0,0,1,0,89,14,0,0,1,43,0.14509785769533684,4.187658501303518,0.0,0.0,0.99,8,exponential
q_learning,sparse_seed2,sparse,2,4a77b6e251,2747,225,-1.2499999999999822,-1.2499999999999825,0.05,0.15,0,out_of_energy,0,0,1,0,100,18,0,0,1,37,0.12146270429457992,2.4663357594853865,0.0,0.0,0.99,8,exponential
q_learning,sparse_seed2,sparse,2,4a77b6e251,2748,225,-1.2499999999999822,-1.2499999999999825,0.05,0.15,0,out_of_energy,0,0,1,0,77,25,0,0,1,39,0.07378657196311804,2.4299580767418227,0.0,0.0,0.99,8,exponential
q_learning,sparse_seed2,sparse,2,4a77b6e251,2749,225,-1.2499999999999822,-1.2499999999999825,0.05,0.15,0,out_of_energy,0,0,1,0,78,20,0,0,1,48,0.07940089604551408,2.5623207259172567,0.0,0.0,0.99,8,exponential
q_learning,sparse_seed2,sparse,2,4a77b6e251,2750,225,-1.2499999999999822,-1.2499999999999825,0.05,0.15,0,out_of_energy,0,0,1,0,88,41,0,0,1,48,0.11573562727403855,2.4102758481952886,0.0,0.0,0.99,8,exponential
q_learning,sparse_seed2,sparse,2,4a77b6e251,2751,225,-1.2499999999999822,-1.2499999999999825,0.05,0.15,0,out_of_energy,0,0,1,0,80,23,0,0,1,37,0.09426910604230784,2.505327116305012,0.0,0.0,0.99,8,exponential
q_learning,sparse_seed2,sparse,2,4a77b6e251,2752,225,-1.2499999999999822,-1.2499999999999825,0.05,0.15,0,out_of_energy,0,0,1,0,86,15,0,0,1,48,0.1009123572243465,2.4598022491590408,0.0,0.0,0.99,8,exponential
q_learning,sparse_seed2,sparse,2,4a77b6e251,2753,225,-1.2499999999999822,-1.2499999999999825,0.05,0.15,0,out_of_energy,0,0,1,0,82,15,0,0,1,42,0.09211143118810987,2.525902063740622,0.0,0.0,0.99,8,exponential
q_learning,sparse_seed2,sparse,2,4a77b6e251,2754,225,-1.2499999999999822,-1.2499999999999825,0.05,0.15,0,out_of_energy,0,0,1,0,101,29,0,0,1,54,0.09878595987476012,2.5212837912247164,0.0,0.0,0.99,8,exponential
q_learning,sparse_seed2,sparse,2,4a77b6e251,2755,225,-1.2499999999999822,-1.2499999999999825,0.05,0.15,0,out_of_energy,0,0,1,0,74,15,0,0,1,40,0.08599054493748332,2.2312982050520827,0.0,0.0,0.99,8,exponential
q_learning,sparse_seed2,sparse,2,4a77b6e251,2756,225,-1.2499999999999822,-1.2499999999999825,0.05,0.15,0,out_of_energy,0,0,1,0,86,18,0,0,1,35,0.1050628161717841,2.45911640625219,0.0,0.0,0.99,8,exponential
q_learning,sparse_seed2,sparse,2,4a77b6e251,2757,225,-1.2499999999999822,-1.2499999999999825,0.05,0.15,0,out_of_energy,0,0,1,0,73,23,0,0,1,47,0.09531622739440533,2.484975385834841,0.0,0.0,0.99,8,exponential
q_learning,sparse_seed2,sparse,2,4a77b6e251,2758,225,-1.2499999999999822,-1.2499999999999825,0.05,0.15,0,out_of_energy,0,0,1,0,67,20,0,0,1,38,0.10042737927174641,2.4797525123611477,0.0,0.0,0.99,8,exponential
q_learning,sparse_seed2,sparse,2,4a77b6e251,2759,225,-1.2499999999999822,-1.2499999999999825,0.05,0.15,0,out_of_energy,0,0,1,0,85,19,0,0,1,50,0.11481823621408263,3.0782467913206615,0.0,0.0,0.99,8,exponential
q_learning,sparse_seed2,sparse,2,4a77b6e251,2760,225,-1.2499999999999822,-1.2499999999999825,0.05,0.15,0,out_of_energy,0,0,1,0,74,16,0,0,1,47,0.08283212120503256,2.464715371153834,0.0,0.0,0.99,8,exponential
q_learning,sparse_seed2,sparse,2,4a77b6e251,2761,225,-1.2499999999999822,-1.2499999999999825,0.05,0.15,0,out_of_energy,0,0,1,0,84,14,0,0,1,47,0.08887099935243506,2.4125122520213838,0.0,0.0,0.99,8,exponential
q_learning,sparse_seed2,sparse,2,4a77b6e251,2762,225,-1.2499999999999822,-1.2499999999999825,0.05,0.15,0,out_of_energy,0,0,1,0,83,34,0,0,1,50,0.11013314944022431,2.396326708210008,0.0,0.0,0.99,8,exponential
q_learning,sparse_seed2,sparse,2,4a77b6e251,2763,225,-1.2499999999999822,-1.2499999999999825,0.05,0.15,0,out_of_energy,0,0,1,0,73,28,0,0,1,44,0.08742357347049537,2.5735909998764273,0.0,0.0,0.99,8,exponential
q_learning,sparse_seed2,sparse,2,4a77b6e251,2764,225,-1.2499999999999822,-1.2499999999999825,0.05,0.15,0,out_of_energy,0,0,1,0,78,24,0,0,1,50,0.13431432990958828,2.9477266722757283,0.0,0.0,0.99,8,exponential
q_learning,sparse_seed2,sparse,2,4a77b6e251,2765,225,-1.2499999999999822,-1.2499999999999825,0.05,0.15,0,out_of_energy,0,0,1,0,65,21,0,0,1,37,0.11384265888513315,2.8916888860053325,0.0,0.0,0.99,8,exponential
q_learning,sparse_seed2,sparse,2,4a77b6e251,2766,225,-1.2499999999999822,-1.2499999999999825,0.05,0.15,0,out_of_energy,0,0,1,0,74,12,0,0,1,43,0.08197492253284973,2.44519975585733,0.0,0.0,0.99,8,exponential
q_learning,sparse_seed2,sparse,2,4a77b6e251,2767,225,-1.2499999999999822,-1.2499999999999825,0.05,0.15,0,out_of_energy,0,0,1,0,83,6,0,0,1,42,0.099008310722313,2.375170517326195,0.0,0.0,0.99,8,exponential
q_learning,sparse_seed2,sparse,2,4a77b6e251,2768,225,-1.2499999999999822,-1.2499999999999825,0.05,0.15,0,out_of_energy,0,0,1,0,79,26,0,0,1,43,0.10225927435286934,2.7086561556482964,0.0,0.0,0.99,8,exponential
q_learning,sparse_seed2,sparse,2,4a77b6e251,2769,225,-1.2499999999999822,-1.2499999999999825,0.05,0.15,0,out_of_energy,0,0,1,0,89,5,0,0,1,50,0.09692844469308458,2.320222902062821,0.0,0.0,0.99,8,exponential
q_learning,sparse_seed2,sparse,2,4a77b6e251,2770,225,-1.2499999999999822,-1.2499999999999825,0.05,0.15,0,out_of_energy,0,0,1,0,61,16,0,0,1,38,0.09278731394132075,2.343862705260314,0.0,0.0,0.99,8,exponential
q_learning,sparse_seed2,sparse,2,4a77b6e251,2771,225,-1.2499999999999822,-1.2499999999999825,0.05,0.15,0,out_of_energy,0,0,1,0,90,24,0,0,1,46,0.08987215047239168,2.303001719374852,0.0,0.0,0.99,8,exponential
q_learning,sparse_seed2,sparse,2,4a77b6e251,2772,225,-1.2499999999999822,-1.2499999999999825,0.05,0.15,0,out_of_energy,0,0,1,0,84,13,0,0,1,48,0.10396744841255363,2.486597082267558,0.0,0.0,0.99,8,exponential
q_learning,sparse_seed2,sparse,2,4a77b6e251,2773,225,-1.2499999999999822,-1.2499999999999825,0.05,0.15,0,out_of_energy,0,0,1,0,71,13,0,0,1,50,0.08577644674240115,2.432819064023419,0.0,0.0,0.99,8,exponential
q_learning,sparse_seed2,sparse,2,4a77b6e251,2774,225,-1.2499999999999822,-1.2499999999999825,0.05,0.15,0,out_of_energy,0,0,1,0,86,7,0,0,1,41,0.1363322824090437,2.880312861526655,0.0,0.0,0.99,8,exponential
q_learning,sparse_seed2,sparse,2,4a77b6e251,2775,225,-1.2499999999999822,-1.2499999999999825,0.05,0.15,0,out_of_energy,0,0,1,0,80,5,0,0,1,48,0.08692815167392,2.4302633102220126,0.0,0.0,0.99,8,exponential
q_learning,sparse_seed2,sparse,2,4a77b6e251,2776,225,-1.2499999999999822,-1.2499999999999825,0.05,0.15,0,out_of_energy,0,0,1,0,75,11,0,0,1,48,0.10598339142595203,4.535655265177209,0.0,0.0,0.99,8,exponential
q_learning,sparse_seed2,sparse,2,4a77b6e251,2777,225,-1.2499999999999822,-1.2499999999999825,0.05,0.15,0,out_of_energy,0,0,1,0,69,14,0,0,1,44,0.10759647893506998,3.5437603515865748,0.0,0.0,0.99,8,exponential
q_learning,sparse_seed2,sparse,2,4a77b6e251,2778,225,-1.2499999999999822,-1.2499999999999825,0.05,0.15,0,out_of_energy,0,0,1,0,82,5,0,0,1,49,0.08478886224805775,2.271790837579821,0.0,0.0,0.99,8,exponential
q_learning,sparse_seed2,sparse,2,4a77b6e251,2779,225,-1.2499999999999822,-1.2499999999999825,0.05,0.15,0,out_of_energy,0,0,1,0,92,27,0,0,1,40,0.0871718727258611,2.3545544012925044,0.0,0.0,0.99,8,exponential
q_learning,sparse_seed2,sparse,2,4a77b6e251,2780,225,-1.2499999999999822,-1.2499999999999825,0.05,0.15,0,out_of_energy,0,0,1,0,82,24,0,0,1,49,0.09604711084003979,3.2050537221099287,0.0,0.0,0.99,8,exponential
q_learning,sparse_seed2,sparse,2,4a77b6e251,2781,225,-1.2499999999999822,-1.2499999999999825,0.05,0.15,0,out_of_energy,0,0,1,0,89,42,0,0,1,43,0.08760554725454774,2.398384415490547,0.0,0.0,0.99,8,exponential
q_learning,sparse_seed2,sparse,2,4a77b6e251,2782,225,-1.2499999999999822,-1.2499999999999825,0.05,0.15,0,out_of_energy,0,0,1,0,81,17,0,0,1,43,0.10074541022234589,4.030955918705339,0.0,0.0,0.99,8,exponential
q_learning,sparse_seed2,sparse,2,4a77b6e251,2783,225,-1.2499999999999822,-1.2499999999999825,0.05,0.15,0,out_of_energy,0,0,1,0,75,20,0,0,1,45,0.08983702892360045,2.314355879331056,0.0,0.0,0.99,8,exponential
q_learning,sparse_seed2,sparse,2,4a77b6e251,2784,225,-1.2499999999999822,-1.2499999999999825,0.05,0.15,0,out_of_energy,0,0,1,0,77,17,0,0,1,50,0.09769568663923149,2.4908871929746406,0.0,0.0,0.99,8,exponential
q_learning,sparse_seed2,sparse,2,4a77b6e251,2785,225,-1.2499999999999822,-1.2499999999999825,0.05,0.15,0,out_of_energy,0,0,1,0,71,18,0,0,1,39,0.0891711198030553,2.502838368319754,0.0,0.0,0.99,8,exponential
q_learning,sparse_seed2,sparse,2,4a77b6e251,2786,225,-1.2499999999999822,-1.2499999999999825,0.05,0.15,0,out_of_energy,0,0,1,0,70,16,0,0,1,42,0.09185403705576765,2.3732677334724768,0.0,0.0,0.99,8,exponential
q_learning,sparse_seed2,sparse,2,4a77b6e251,2787,225,-1.2499999999999822,-1.2499999999999825,0.05,0.15,0,out_of_energy,0,0,1,0,80,29,0,0,1,37,0.10634962702558083,5.4787078118798345,0.0,0.0,0.99,8,exponential
q_learning,sparse_seed2,sparse,2,4a77b6e251,2788,225,-1.2499999999999822,-1.2499999999999825,0.05,0.15,0,out_of_energy,0,0,1,0,75,19,0,0,1,51,0.11372200263944707,2.8610164616635174,0.0,0.0,0.99,8,exponential
q_learning,sparse_seed2,sparse,2,4a77b6e251,2789,225,-1.2499999999999822,-1.2499999999999825,0.05,0.15,0,out_of_energy,0,0,1,0,95,13,0,0,1,50,0.10697387520112342,3.3829252293554006,0.0,0.0,0.99,8,exponential
q_learning,sparse_seed2,sparse,2,4a77b6e251,2790,225,-1.2499999999999822,-1.2499999999999825,0.05,0.15,0,out_of_energy,0,0,1,0,71,20,0,0,1,53,0.08662989403095014,2.8092808495191486,0.0,0.0,0.99,8,exponential
q_learning,sparse_seed2,sparse,2,4a77b6e251,2791,225,-1.2499999999999822,-1.2499999999999825,0.05,0.15,0,out_of_energy,0,0,1,0,83,16,0,0,1,43,0.0789383084122803,2.5575731832603132,0.0,0.0,0.99,8,exponential
q_learning,sparse_seed2,sparse,2,4a77b6e251,2792,225,-1.2499999999999822,-1.2499999999999825,0.05,0.15,0,out_of_energy,0,0,1,0,78,21,0,0,1,50,0.11666694591354855,2.6670740601634257,0.0,0.0,0.99,8,exponential
q_learning,sparse_seed2,sparse,2,4a77b6e251,2793,225,-1.2499999999999822,-1.2499999999999825,0.05,0.15,0,out_of_energy,0,0,1,0,80,12,0,0,1,48,0.11131757222593679,2.5762866816313146,0.0,0.0,0.99,8,exponential
q_learning,sparse_seed2,sparse,2,4a77b6e251,2794,225,-1.2499999999999822,-1.2499999999999825,0.05,0.15,0,out_of_energy,0,0,1,0,91,19,0,0,1,44,0.08529172691276693,2.7050365644816488,0.0,0.0,0.99,8,exponential
q_learning,sparse_seed2,sparse,2,4a77b6e251,2795,225,-1.2499999999999822,-1.2499999999999825,0.05,0.15,0,out_of_energy,0,0,1,0,80,16,0,0,1,47,0.09616393845622975,2.6095043602767243,0.0,0.0,0.99,8,exponential
q_learning,sparse_seed2,sparse,2,4a77b6e251,2796,225,-1.2499999999999822,-1.2499999999999825,0.05,0.15,0,out_of_energy,0,0,1,0,66,21,0,0,1,33,0.07684650812838346,2.705682844759761,0.0,0.0,0.99,8,exponential
q_learning,sparse_seed2,sparse,2,4a77b6e251,2797,225,-1.2499999999999822,-1.2499999999999825,0.05,0.15,0,out_of_energy,0,0,1,0,84,9,0,0,1,34,0.11295815858938221,2.5064252403120095,0.0,0.0,0.99,8,exponential
q_learning,sparse_seed2,sparse,2,4a77b6e251,2798,225,-1.2499999999999822,-1.2499999999999825,0.05,0.15,0,out_of_energy,0,0,1,0,68,21,0,0,1,46,0.10847605700600957,4.075300848146431,0.0,0.0,0.99,8,exponential
q_learning,sparse_seed2,sparse,2,4a77b6e251,2799,225,-1.2499999999999822,-1.2499999999999825,0.05,0.15,0,out_of_energy,0,0,1,0,73,16,0,0,1,45,0.10707337948053154,2.420052549588531,0.0,0.0,0.99,8,exponential
q_learning,sparse_seed2,sparse,2,4a77b6e251,2800,225,-1.2499999999999822,-1.2499999999999825,0.05,0.15,0,out_of_energy,0,0,1,0,96,24,0,0,1,41,0.08382005701038832,2.676367914030794,0.0,0.0,0.99,8,exponential
q_learning,sparse_seed2,sparse,2,4a77b6e251,2801,225,-1.2499999999999822,-1.2499999999999825,0.05,0.15,0,out_of_energy,0,0,1,0,89,16,0,0,1,38,0.0721755956237998,2.5940889830470786,0.0,0.0,0.99,8,exponential
q_learning,sparse_seed2,sparse,2,4a77b6e251,2802,225,-1.2499999999999822,-1.2499999999999825,0.05,0.15,0,out_of_energy,0,0,1,0,72,29,0,0,1,40,0.08677477880404813,2.5663110223842303,0.0,0.0,0.99,8,exponential
q_learning,sparse_seed2,sparse,2,4a77b6e251,2803,225,-1.2499999999999822,-1.2499999999999825,0.05,0.15,0,out_of_energy,0,0,1,0,80,22,0,0,1,48,0.07657370021803166,2.6675864950565202,0.0,0.0,0.99,8,exponential
q_learning,sparse_seed2,sparse,2,4a77b6e251,2804,225,-1.2499999999999822,-1.2499999999999825,0.05,0.15,0,out_of_energy,0,0,1,0,75,16,0,0,1,44,0.08482370035713703,2.4656032579112397,0.0,0.0,0.99,8,exponential
q_learning,sparse_seed2,sparse,2,4a77b6e251,2805,225,-1.2499999999999822,-1.2499999999999825,0.05,0.15,0,out_of_energy,0,0,1,0,84,34,0,0,1,33,0.11045387712271254,3.1954500896002025,0.0,0.0,0.99,8,exponential
q_learning,sparse_seed2,sparse,2,4a77b6e251,2806,225,-1.2499999999999822,-1.2499999999999825,0.05,0.15,0,out_of_energy,0,0,1,0,77,35,0,0,1,31,0.08375043690352123,2.4939320497495094,0.0,0.0,0.99,8,exponential
q_learning,sparse_seed2,sparse,2,4a77b6e251,2807,225,-1.2499999999999822,-1.2499999999999825,0.05,0.15,0,out_of_energy,0,0,1,0,81,22,0,0,1,41,0.10090371693426609,3.478833911983691,0.0,0.0,0.99,8,exponential
q_learning,sparse_seed2,sparse,2,4a77b6e251,2808,225,-1.2499999999999822,-1.2499999999999825,0.05,0.15,0,out_of_energy,0,0,1,0,86,33,0,0,1,42,0.07527967420559309,2.505834318469649,0.0,0.0,0.99,8,exponential
q_learning,sparse_seed2,sparse,2,4a77b6e251,2809,225,-1.2499999999999822,-1.2499999999999825,0.05,0.15,0,out_of_energy,0,0,1,0,75,37,0,0,1,39,0.08195748913532716,2.5695869393125887,0.0,0.0,0.99,8,exponential
q_learning,sparse_seed2,sparse,2,4a77b6e251,2810,225,-1.2499999999999822,-1.2499999999999825,0.05,0.15,0,out_of_energy,0,0,1,0,89,32,0,0,1,48,0.10932398291054034,2.578675541151002,0.0,0.0,0.99,8,exponential
q_learning,sparse_seed2,sparse,2,4a77b6e251,2811,225,-1.2499999999999822,-1.2499999999999825,0.05,0.15,0,out_of_energy,0,0,1,0,86,39,0,0,1,56,0.09210764146495473,2.8112728555120388,0.0,0.0,0.99,8,exponential
q_learning,sparse_seed2,sparse,2,4a77b6e251,2812,225,-1.2499999999999822,-1.2499999999999825,0.05,0.15,0,out_of_energy,0,0,1,0,83,30,0,0,1,43,0.09096755259464986,2.4072978704696997,0.0,0.0,0.99,8,exponential
q_learning,sparse_seed2,sparse,2,4a77b6e251,2813,225,-1.2499999999999822,-1.2499999999999825,0.05,0.15,0,out_of_energy,0,0,1,0,80,24,0,0,1,54,0.08457014878029531,2.406289304932746,0.0,0.0,0.99,8,exponential
q_learning,sparse_seed2,sparse,2,4a77b6e251,2814,225,-1.2499999999999822,-1.2499999999999825,0.05,0.15,0,out_of_energy,0,0,1,0,78,23,0,0,1,48,0.08374502436886437,2.43575805683008,0.0,0.0,0.99,8,exponential
q_learning,sparse_seed2,sparse,2,4a77b6e251,2815,225,-1.2499999999999822,-1.2499999999999825,0.05,0.15,0,out_of_energy,0,0,1,0,79,24,0,0,1,44,0.10222449334547239,4.15884337158526,0.0,0.0,0.99,8,exponential
q_learning,sparse_seed2,sparse,2,4a77b6e251,2816,225,-1.2499999999999822,-1.2499999999999825,0.05,0.15,0,out_of_energy,0,0,1,0,87,22,0,0,1,59,0.0857914737866805,2.4864310885463894,0.0,0.0,0.99,8,exponential
q_learning,sparse_seed2,sparse,2,4a77b6e251,2817,225,-1.2499999999999822,-1.2499999999999825,0.05,0.15,0,out_of_energy,0,0,1,0,97,24,0,0,1,49,0.10153991328072108,2.562707101450827,0.0,0.0,0.99,8,exponential
q_learning,sparse_seed2,sparse,2,4a77b6e251,2818,225,-1.2499999999999822,-1.2499999999999825,0.05,0.15,0,out_of_energy,0,0,1,0,87,35,0,0,1,40,0.07522569885383781,2.4301312485687445,0.0,0.0,0.99,8,exponential
q_learning,sparse_seed2,sparse,2,4a77b6e251,2819,225,-1.2499999999999822,-1.2499999999999825,0.05,0.15,0,out_of_energy,0,0,1,0,82,33,0,0,1,41,0.0773647390049418,2.5449469047324698,0.0,0.0,0.99,8,exponential
q_learning,sparse_seed2,sparse,2,4a77b6e251,2820,225,-1.2499999999999822,-1.2499999999999825,0.05,0.15,0,out_of_energy,0,0,1,0,82,20,0,0,1,44,0.10414496367264035,2.320816481269069,0.0,0.0,0.99,8,exponential
q_learning,sparse_seed2,sparse,2,4a77b6e251,2821,225,-1.2499999999999822,-1.2499999999999825,0.05,0.15,0,out_of_energy,0,0,1,0,91,18,0,0,1,48,0.08376033629846218,2.7030806285594107,0.0,0.0,0.99,8,exponential
q_learning,sparse_seed2,sparse,2,4a77b6e251,2822,225,-1.2499999999999822,-1.2499999999999825,0.05,0.15,0,out_of_energy,0,0,1,0,82,30,0,0,1,49,0.11104692480952524,2.2104985020765326,0.0,0.0,0.99,8,exponential
q_learning,sparse_seed2,sparse,2,4a77b6e251,2823,225,-1.2499999999999822,-1.2499999999999825,0.05,0.15,0,out_of_energy,0,0,1,0,80,15,0,0,1,40,0.11318971543655588,7.972358393865318,0.0,0.0,0.99,8,exponential
q_learning,sparse_seed2,sparse,2,4a77b6e251,2824,225,-1.2499999999999822,-1.2499999999999825,0.05,0.15,0,out_of_energy,0,0,1,0,60,5,0,0,1,38,0.11085696147108826,2.7884759958990917,0.0,0.0,0.99,8,exponential
q_learning,sparse_seed2,sparse,2,4a77b6e251,2825,225,-1.2499999999999822,-1.2499999999999825,0.05,0.15,0,out_of_energy,0,0,1,0,78,7,0,1,1,52,0.08509405579458233,1.9560527887886163,0.0,0.0,0.99,8,exponential
q_learning,sparse_seed2,sparse,2,4a77b6e251,2826,225,-1.2499999999999822,-1.2499999999999825,0.05,0.15,0,out_of_energy,0,0,1,0,83,19,0,0,1,37,0.122302614331186,6.759560407771048,0.0,0.0,0.99,8,exponential
q_learning,sparse_seed2,sparse,2,4a77b6e251,2827,225,-1.2499999999999822,-1.2499999999999825,0.05,0.15,0,out_of_energy,0,0,1,0,82,11,0,0,1,46,0.08732734073374496,1.712608698298287,0.0,0.0,0.99,8,exponential
q_learning,sparse_seed2,sparse,2,4a77b6e251,2828,225,-1.2499999999999822,-1.2499999999999825,0.05,0.15,0,out_of_energy,0,0,1,0,103,23,0,0,1,51,0.09838555341670278,2.4176120671762353,0.0,0.0,0.99,8,exponential
q_learning,sparse_seed2,sparse,2,4a77b6e251,2829,225,-1.2499999999999822,-1.2499999999999825,0.05,0.15,0,out_of_energy,0,0,1,0,88,10,0,0,1,40,0.09117235159713913,1.519842642693532,0.0,0.0,0.99,8,exponential
q_learning,sparse_seed2,sparse,2,4a77b6e251,2830,225,-1.2499999999999822,-1.2499999999999825,0.05,0.15,0,out_of_energy,0,0,1,0,78,12,0,0,1,41,0.09945779380417451,3.6187586342512486,0.0,0.0,0.99,8,exponential
q_learning,sparse_seed2,sparse,2,4a77b6e251,2831,225,-1.2499999999999822,-1.2499999999999825,0.05,0.15,0,out_of_energy,0,0,1,0,80,9,0,0,1,47,0.09880517122221515,2.5444450523876885,0.0,0.0,0.99,8,exponential
q_learning,sparse_seed2,sparse,2,4a77b6e251,2832,225,-1.2499999999999822,-1.2499999999999825,0.05,0.15,0,out_of_energy,0,0,1,0,106,16,0,0,1,59,0.08073833735767451,1.763914616997543,0.0,0.0,0.99,8,exponential
q_learning,sparse_seed2,sparse,2,4a77b6e251,2833,225,-1.2499999999999822,-1.2499999999999825,0.05,0.15,0,out_of_energy,0,0,1,0,94,29,0,0,1,38,0.08855810000808732,2.410887530293066,0.0,0.0,0.99,8,exponential
q_learning,sparse_seed2,sparse,2,4a77b6e251,2834,225,-1.2499999999999822,-1.2499999999999825,0.05,0.15,0,out_of_energy,0,0,1,0,83,12,0,0,1,52,0.15813164200984167,9.02116319137638,0.0,0.0,0.99,8,exponential
q_learning,sparse_seed2,sparse,2,4a77b6e251,2835,225,-1.2499999999999822,-1.2499999999999825,0.05,0.15,0,out_of_energy,0,0,1,0,87,10,0,0,1,50,0.07584152234440464,1.2018832220339677,0.0,0.0,0.99,8,exponential
q_learning,sparse_seed2,sparse,2,4a77b6e251,2836,225,-1.2499999999999822,-1.2499999999999825,0.05,0.15,0,out_of_energy,0,0,1,0,89,4,0,0,1,47,0.10219192147123762,3.134661506566693,0.0,0.0,0.99,8,exponential
q_learning,sparse_seed2,sparse,2,4a77b6e251,2837,225,-1.2499999999999822,-1.2499999999999825,0.05,0.15,0,out_of_energy,0,0,1,0,80,12,0,0,1,42,0.09150188821532117,1.3829369064625427,0.0,0.0,0.99,8,exponential
q_learning,sparse_seed2,sparse,2,4a77b6e251,2838,225,-1.2499999999999822,-1.2499999999999825,0.05,0.15,0,out_of_energy,0,0,1,0,76,12,0,0,1,52,0.10362813747998242,1.64739313985482,0.0,0.0,0.99,8,exponential
q_learning,sparse_seed2,sparse,2,4a77b6e251,2839,225,-1.2499999999999822,-1.2499999999999825,0.05,0.15,0,out_of_energy,0,0,1,0,80,4,0,0,1,65,0.1315444050744751,9.41264645838889,0.0,0.0,0.99,8,exponential
q_learning,sparse_seed2,sparse,2,4a77b6e251,2840,225,-1.2499999999999822,-1.2499999999999825,0.05,0.15,0,out_of_energy,0,0,1,0,84,10,0,0,1,50,0.08223665783047905,1.6363051371821333,0.0,0.0,0.99,8,exponential
q_learning,sparse_seed2,sparse,2,4a77b6e251,2841,225,-1.2499999999999822,-1.2499999999999825,0.05,0.15,0,out_of_energy,0,0,1,0,81,9,0,0,1,41,0.09059930267797833,2.5642970632369986,0.0,0.0,0.99,8,exponential
q_learning,sparse_seed2,sparse,2,4a77b6e251,2842,225,-1.2499999999999822,-1.2499999999999825,0.05,0.15,0,out_of_energy,0,0,1,0,85,11,0,0,1,50,0.11426961634143606,3.234357342797551,0.0,0.0,0.99,8,exponential
q_learning,sparse_seed2,sparse,2,4a77b6e251,2843,225,-1.2499999999999822,-1.2499999999999825,0.05,0.15,0,out_of_energy,0,0,1,0,76,13,0,0,1,52,0.09370083234958919,1.3729293488247176,0.0,0.0,0.99,8,exponential
q_learning,sparse_seed2,sparse,2,4a77b6e251,2844,225,-1.2499999999999822,-1.2499999999999825,0.05,0.15,0,out_of_energy,0,0,1,0,80,5,0,0,1,44,0.1148260743324032,8.184290486563107,0.0,0.0,0.99,8,exponential
q_learning,sparse_seed2,sparse,2,4a77b6e251,2845,225,-1.2499999999999822,-1.2499999999999825,0.05,0.15,0,out_of_energy,0,0,1,0,66,14,0,0,1,43,0.09840547153011105,1.479195868866461,0.0,0.0,0.99,8,exponential
q_learning,sparse_seed2,sparse,2,4a77b6e251,2846,225,-1.2499999999999822,-1.2499999999999825,0.05,0.15,0,out_of_energy,0,0,1,0,76,4,0,0,1,47,0.10695211506881204,3.231765390026049,0.0,0.0,0.99,8,exponential
q_learning,sparse_seed2,sparse,2,4a77b6e251,2847,225,-1.2499999999999822,-1.2499999999999825,0.05,0.15,0,out_of_energy,0,0,1,0,89,10,0,0,1,33,0.10363091181375862,3.5321915140274993,0.0,0.0,0.99,8,exponential
q_learning,sparse_seed2,sparse,2,4a77b6e251,2848,225,-1.2499999999999822,-1.2499999999999825,0.05,0.15,0,out_of_energy,0,0,1,0,87,20,0,0,1,49,0.07534076885953662,3.2221739943666963,0.0,0.0,0.99,8,exponential
q_learning,sparse_seed2,sparse,2,4a77b6e251,2849,225,-1.2499999999999822,-1.2499999999999825,0.05,0.15,0,out_of_energy,0,0,1,0,83,12,0,0,1,42,0.07712117170519313,2.9994203067182035,0.0,0.0,0.99,8,exponential
q_learning,sparse_seed2,sparse,2,4a77b6e251,2850,225,-1.2499999999999822,-1.2499999999999825,0.05,0.15,0,out_of_energy,0,0,1,0,81,7,0,0,1,59,0.11683343770764992,3.899457603003958,0.0,0.0,0.99,8,exponential
q_learning,sparse_seed2,sparse,2,4a77b6e251,2851,225,-1.2499999999999822,-1.2499999999999825,0.05,0.15,0,out_of_energy,0,0,1,0,71,9,0,0,1,41,0.10825648444807531,3.6636881855563095,0.0,0.0,0.99,8,exponential
q_learning,sparse_seed2,sparse,2,4a77b6e251,2852,225,-1.2499999999999822,-1.2499999999999825,0.05,0.15,0,out_of_energy,0,0,1,0,81,11,0,0,1,52,0.0868099102803499,1.4899762301927701,0.0,0.0,0.99,8,exponential
q_learning,sparse_seed2,sparse,2,4a77b6e251,2853,225,-1.2499999999999822,-1.2499999999999825,0.05,0.15,0,out_of_energy,0,0,1,0,89,12,0,0,1,50,0.08805136047857218,2.016495310817591,0.0,0.0,0.99,8,exponential
q_learning,sparse_seed2,sparse,2,4a77b6e251,2854,225,-1.2499999999999822,-1.2499999999999825,0.05,0.15,0,out_of_energy,0,0,1,0,75,8,0,0,1,43,0.0832698194953028,3.5762566021793836,0.0,0.0,0.99,8,exponential
q_learning,sparse_seed2,sparse,2,4a77b6e251,2855,225,-1.2499999999999822,-1.2499999999999825,0.05,0.15,0,out_of_energy,0,0,1,0,93,14,0,0,1,37,0.09374919893678976,1.6006436346716644,0.0,0.0,0.99,8,exponential
q_learning,sparse_seed2,sparse,2,4a77b6e251,2856,225,-1.2499999999999822,-1.2499999999999825,0.05,0.15,0,out_of_energy,0,0,1,0,68,9,0,0,1,49,0.08172978364089052,1.3365993338190254,0.0,0.0,0.99,8,exponential
q_learning,sparse_seed2,sparse,2,4a77b6e251,2857,225,-1.2499999999999822,-1.2499999999999825,0.05,0.15,0,out_of_energy,0,0,1,0,81,20,0,0,1,50,0.0857412301595712,2.66232110049006,0.0,0.0,0.99,8,exponential
q_learning,sparse_seed2,sparse,2,4a77b6e251,2858,225,-1.2499999999999822,-1.2499999999999825,0.05,0.15,0,out_of_energy,0,0,1,0,82,17,0,0,1,40,0.10405463984882789,3.7153758142837123,0.0,0.0,0.99,8,exponential
q_learning,sparse_seed2,sparse,2,4a77b6e251,2859,225,-1.2499999999999822,-1.2499999999999825,0.05,0.15,0,out_of_energy,0,0,1,0,78,15,0,0,1,36,0.07667697721304428,2.6296843305506528,0.0,0.0,0.99,8,exponential
q_learning,sparse_seed2,sparse,2,4a77b6e251,2860,225,-1.2499999999999822,-1.2499999999999825,0.05,0.15,0,out_of_energy,0,0,1,0,70,9,0,0,1,44,0.10411827579915454,2.833823150077307,0.0,0.0,0.99,8,exponential
q_learning,sparse_seed2,sparse,2,4a77b6e251,2861,225,-1.2499999999999822,-1.2499999999999825,0.05,0.15,0,out_of_energy,0,0,1,0,79,22,0,0,1,46,0.07890854455704192,2.6151318768948357,0.0,0.0,0.99,8,exponential
q_learning,sparse_seed2,sparse,2,4a77b6e251,2862,225,-1.2499999999999822,-1.2499999999999825,0.05,0.15,0,out_of_energy,0,0,1,0,82,8,0,0,1,42,0.11531345919710852,3.120776987514167,0.0,0.0,0.99,8,exponential
q_learning,sparse_seed2,sparse,2,4a77b6e251,2863,225,-1.2499999999999822,-1.2499999999999825,0.05,0.15,0,out_of_energy,0,0,1,0,89,12,0,0,1,46,0.08512044771379987,3.081303003270535,0.0,0.0,0.99,8,exponential
q_learning,sparse_seed2,sparse,2,4a77b6e251,2864,225,-1.2499999999999822,-1.2499999999999825,0.05,0.15,0,out_of_energy,0,0,1,0,68,19,0,0,1,38,0.07385276629307591,2.6979478120599527,0.0,0.0,0.99,8,exponential
q_learning,sparse_seed2,sparse,2,4a77b6e251,2865,225,-1.2499999999999822,-1.2499999999999825,0.05,0.15,0,out_of_energy,0,0,1,0,88,20,0,0,1,38,0.10346139732768671,2.7653739735504343,0.0,0.0,0.99,8,exponential
q_learning,sparse_seed2,sparse,2,4a77b6e251,2866,225,-1.2499999999999822,-1.2499999999999825,0.05,0.15,0,out_of_energy,0,0,1,0,71,12,0,0,1,38,0.08415110419987286,2.7677643998209014,0.0,0.0,0.99,8,exponential
q_learning,sparse_seed2,sparse,2,4a77b6e251,2867,225,-1.2499999999999822,-1.2499999999999825,0.05,0.15,0,out_of_energy,0,0,1,0,87,9,0,0,1,52,0.09271123975478412,2.3278354044394796,0.0,0.0,0.99,8,exponential
q_learning,sparse_seed2,sparse,2,4a77b6e251,2868,225,-1.2499999999999822,-1.2499999999999825,0.05,0.15,0,out_of_energy,0,0,1,0,84,12,0,0,1,39,0.1002945311221642,3.0829109570113804,0.0,0.0,0.99,8,exponential
q_learning,sparse_seed2,sparse,2,4a77b6e251,2869,225,-1.2499999999999822,-1.2499999999999825,0.05,0.15,0,out_of_energy,0,0,1,0,83,9,0,0,1,42,0.08066430751650082,2.560371549378875,0.0,0.0,0.99,8,exponential
q_learning,sparse_seed2,sparse,2,4a77b6e251,2870,225,-1.2499999999999822,-1.2499999999999825,0.05,0.15,0,out_of_energy,0,0,1,0,87,13,0,0,1,47,0.09640989761762613,2.584131882925184,0.0,0.0,0.99,8,exponential
q_learning,sparse_seed2,sparse,2,4a77b6e251,2871,225,-1.2499999999999822,-1.2499999999999825,0.05,0.15,0,out_of_energy,0,0,1,0,68,10,0,0,1,46,0.09834758796667308,3.0048672852287948,0.0,0.0,0.99,8,exponential
q_learning,sparse_seed2,sparse,2,4a77b6e251,2872,225,-1.2499999999999822,-1.2499999999999825,0.05,0.15,0,out_of_energy,0,0,1,0,84,6,0,0,1,49,0.07786472617417228,1.9724423667724906,0.0,0.0,0.99,8,exponential
q_learning,sparse_seed2,sparse,2,4a77b6e251,2873,225,-1.2499999999999822,-1.2499999999999825,0.05,0.15,0,out_of_energy,0,0,1,0,102,7,0,0,1,44,0.08483481546831632,1.4808738539415316,0.0,0.0,0.99,8,exponential
q_learning,sparse_seed2,sparse,2,4a77b6e251,2874,225,-1.2499999999999822,-1.2499999999999825,0.05,0.15,0,out_of_energy,0,0,1,0,80,13,0,0,1,50,0.08634657875224105,1.571651452946738,0.0,0.0,0.99,8,exponential
q_learning,sparse_seed2,sparse,2,4a77b6e251,2875,225,-1.2499999999999822,-1.2499999999999825,0.05,0.15,0,out_of_energy,0,0,1,0,92,7,0,0,1,38,0.08986973244616007,1.3785993092911513,0.0,0.0,0.99,8,exponential
q_learning,sparse_seed2,sparse,2,4a77b6e251,2876,225,-1.2499999999999822,-1.2499999999999825,0.05,0.15,0,out_of_energy,0,0,1,0,72,8,0,0,1,41,0.09079021469247972,5.276301684412175,0.0,0.0,0.99,8,exponential
q_learning,sparse_seed2,sparse,2,4a77b6e251,2877,225,-1.2499999999999822,-1.2499999999999825,0.05,0.15,0,out_of_energy,0,0,1,0,78,24,0,0,1,39,0.07868766350289115,2.0434973525779805,0.0,0.0,0.99,8,exponential
q_learning,sparse_seed2,sparse,2,4a77b6e251,2878,225,-1.2499999999999822,-1.2499999999999825,0.05,0.15,0,out_of_energy,0,0,1,0,71,3,0,0,1,46,0.07606563014844071,3.0153768810693062,0.0,0.0,0.99,8,exponential
q_learning,sparse_seed2,sparse,2,4a77b6e251,2879,225,-1.2499999999999822,-1.2499999999999825,0.05,0.15,0,out_of_energy,0,0,1,0,78,11,0,0,1,45,0.13807279429265773,3.7736314920349474,0.0,0.0,0.99,8,exponential
q_learning,sparse_seed2,sparse,2,4a77b6e251,2880,225,-1.2499999999999822,-1.2499999999999825,0.05,0.15,0,out_of_energy,0,0,1,0,98,6,0,0,1,42,0.1056449509927381,3.511805153988503,0.0,0.0,0.99,8,exponential
q_learning,sparse_seed2,sparse,2,4a77b6e251,2881,225,-1.2499999999999822,-1.2499999999999825,0.05,0.15,0,out_of_energy,0,0,1,0,95,8,0,0,1,45,0.11322975106564179,6.9770914573399025,0.0,0.0,0.99,8,exponential
q_learning,sparse_seed2,sparse,2,4a77b6e251,2882,225,-1.2499999999999822,-1.2499999999999825,0.05,0.15,0,out_of_energy,0,0,1,0,81,8,0,0,1,51,0.1637151934501204,9.003620507539253,0.0,0.0,0.99,8,exponential
q_learning,sparse_seed2,sparse,2,4a77b6e251,2883,225,-1.2499999999999822,-1.2499999999999825,0.05,0.15,0,out_of_energy,0,0,1,0,77,18,0,0,1,45,0.12244253140344431,8.115309551103733,0.0,0.0,0.99,8,exponential
q_learning,sparse_seed2,sparse,2,4a77b6e251,2884,225,-1.2499999999999822,-1.2499999999999825,0.05,0.15,0,out_of_energy,0,0,1,0,80,7,0,0,1,41,0.09481549481364952,2.353808360705325,0.0,0.0,0.99,8,exponential
q_learning,sparse_seed2,sparse,2,4a77b6e251,2885,225,-1.2499999999999822,-1.2499999999999825,0.05,0.15,0,out_of_energy,0,0,1,0,70,6,0,1,1,45,0.12446973435138907,2.4166611155273774,0.0,0.0,0.99,8,exponential
q_learning,sparse_seed2,sparse,2,4a77b6e251,2886,225,-1.2499999999999822,-1.2499999999999825,0.05,0.15,0,out_of_energy,0,0,1,0,73,7,0,0,1,38,0.09061028150659761,1.5474214317176456,0.0,0.0,0.99,8,exponential
q_learning,sparse_seed2,sparse,2,4a77b6e251,2887,225,-1.2499999999999822,-1.2499999999999825,0.05,0.15,0,out_of_energy,0,0,1,0,81,11,0,0,1,37,0.08540295244383808,2.0911318351048402,0.0,0.0,0.99,8,exponential
q_learning,sparse_seed2,sparse,2,4a77b6e251,2888,225,-1.2499999999999822,-1.2499999999999825,0.05,0.15,0,out_of_energy,0,0,1,0,81,14,0,0,1,56,0.12596366784347468,4.603386852219007,0.0,0.0,0.99,8,exponential
q_learning,sparse_seed2,sparse,2,4a77b6e251,2889,225,-1.2499999999999822,-1.2499999999999825,0.05,0.15,0,out_of_energy,0,0,1,0,72,12,0,0,1,36,0.08585477253212166,2.0575534120708694,0.0,0.0,0.99,8,exponential
q_learning,sparse_seed2,sparse,2,4a77b6e251,2890,225,-1.2499999999999822,-1.2499999999999825,0.05,0.15,0,out_of_energy,0,0,1,0,89,11,0,0,1,44,0.11374267858973479,6.66274216214612,0.0,0.0,0.99,8,exponential
q_learning,sparse_seed2,sparse,2,4a77b6e251,2891,225,-1.2499999999999822,-1.2499999999999825,0.05,0.15,0,out_of_energy,0,0,1,0,72,7,0,0,1,44,0.08058139950411239,1.3027163106604955,0.0,0.0,0.99,8,exponential
q_learning,sparse_seed2,sparse,2,4a77b6e251,2892,225,-1.2499999999999822,-1.2499999999999825,0.05,0.15,0,out_of_energy,0,0,1,0,75,9,0,0,1,48,0.0932115215368409,2.1997456854974295,0.0,0.0,0.99,8,exponential
q_learning,sparse_seed2,sparse,2,4a77b6e251,2893,225,-1.2499999999999822,-1.2499999999999825,0.05,0.15,0,out_of_energy,0,0,1,0,82,13,0,0,1,37,0.08013790991678332,1.7689666682331353,0.0,0.0,0.99,8,exponential
q_learning,sparse_seed2,sparse,2,4a77b6e251,2894,225,-1.2499999999999822,-1.2499999999999825,0.05,0.15,0,out_of_energy,0,0,1,0,68,11,0,4,1,49,0.07481477822163556,1.2532569093796564,0.0,0.0,0.99,8,exponential
q_learning,sparse_seed2,sparse,2,4a77b6e251,2895,225,-1.2499999999999822,-1.2499999999999825,0.05,0.15,0,out_of_energy,0,0,1,0,82,20,0,0,1,51,0.0899222543915625,3.10970833732224,0.0,0.0,0.99,8,exponential
q_learning,sparse_seed2,sparse,2,4a77b6e251,2896,225,-1.2499999999999822,-1.2499999999999825,0.05,0.15,0,out_of_energy,0,0,1,0,82,18,0,0,1,47,0.1070991239936511,2.326333128424047,0.0,0.0,0.99,8,exponential
q_learning,sparse_seed2,sparse,2,4a77b6e251,2897,225,-1.2499999999999822,-1.2499999999999825,0.05,0.15,0,out_of_energy,0,0,1,0,80,6,0,0,1,45,0.08653775536779876,2.320632810431876,0.0,0.0,0.99,8,exponential
q_learning,sparse_seed2,sparse,2,4a77b6e251,2898,225,-1.2499999999999822,-1.2499999999999825,0.05,0.15,0,out_of_energy,0,0,1,0,81,13,0,0,1,37,0.07594072065686243,1.4782612729394904,0.0,0.0,0.99,8,exponential
q_learning,sparse_seed2,sparse,2,4a77b6e251,2899,225,-1.2499999999999822,-1.2499999999999825,0.05,0.15,0,out_of_energy,0,0,1,0,73,18,0,0,1,39,0.078978913796693,1.9619279114946009,0.0,0.0,0.99,8,exponential
q_learning,sparse_seed2,sparse,2,4a77b6e251,2900,225,-1.2499999999999822,-1.2499999999999825,0.05,0.15,0,out_of_energy,0,0,1,0,77,13,0,0,1,44,0.0997454850011367,2.7432084617684938,0.0,0.0,0.99,8,exponential
q_learning,sparse_seed2,sparse,2,4a77b6e251,2901,225,-1.2499999999999822,-1.2499999999999825,0.05,0.15,0,out_of_energy,0,0,1,0,84,14,0,0,1,46,0.07548407617874571,1.929123710373279,0.0,0.0,0.99,8,exponential
q_learning,sparse_seed2,sparse,2,4a77b6e251,2902,225,-1.2499999999999822,-1.2499999999999825,0.05,0.15,0,out_of_energy,0,0,1,0,75,13,0,0,1,51,0.10164882836135215,2.21891196427069,0.0,0.0,0.99,8,exponential
q_learning,sparse_seed2,sparse,2,4a77b6e251,2903,225,-1.2499999999999822,-1.2499999999999825,0.05,0.15,0,out_of_energy,0,0,1,0,80,5,0,0,1,57,0.08333248636060311,1.2881618921580573,0.0,0.0,0.99,8,exponential
q_learning,sparse_seed2,sparse,2,4a77b6e251,2904,225,-1.2499999999999822,-1.2499999999999825,0.05,0.15,0,out_of_energy,0,0,1,0,65,18,0,0,1,55,0.07727966390830207,1.552174117468211,0.0,0.0,0.99,8,exponential
q_learning,sparse_seed2,sparse,2,4a77b6e251,2905,225,-1.2499999999999822,-1.2499999999999825,0.05,0.15,0,out_of_energy,0,0,1,0,78,22,0,0,1,50,0.09356838689762095,1.8191761528709565,0.0,0.0,0.99,8,exponential
q_learning,sparse_seed2,sparse,2,4a77b6e251,2906,225,-1.2499999999999822,-1.2499999999999825,0.05,0.15,0,out_of_energy,0,0,1,0,82,7,0,0,1,46,0.10120962161580135,3.4316172659524833,0.0,0.0,0.99,8,exponential
q_learning,sparse_seed2,sparse,2,4a77b6e251,2907,225,-1.2499999999999822,-1.2499999999999825,0.05,0.15,0,out_of_energy,0,0,1,0,84,6,0,0,1,39,0.07091933428589414,1.8150524708138898,0.0,0.0,0.99,8,exponential
q_learning,sparse_seed2,sparse,2,4a77b6e251,2908,225,-1.2499999999999822,-1.2499999999999825,0.05,0.15,0,out_of_energy,0,0,1,0,79,15,0,0,1,41,0.07304382652014027,1.5302670956813813,0.0,0.0,0.99,8,exponential
q_learning,sparse_seed2,sparse,2,4a77b6e251,2909,225,-1.2499999999999822,-1.2499999999999825,0.05,0.15,0,out_of_energy,0,0,1,0,83,16,0,0,1,41,0.14059403259922384,7.76418841160496,0.0,0.0,0.99,8,exponential
q_learning,sparse_seed2,sparse,2,4a77b6e251,2910,225,-1.2499999999999822,-1.2499999999999825,0.05,0.15,0,out_of_energy,0,0,1,0,83,14,0,0,1,35,0.10774918288045396,3.411041082016004,0.0,0.0,0.99,8,exponential
q_learning,sparse_seed2,sparse,2,4a77b6e251,2911,225,-1.2499999999999822,-1.2499999999999825,0.05,0.15,0,out_of_energy,0,0,1,0,80,7,0,0,1,43,0.0754999777843252,1.8664843549399057,0.0,0.0,0.99,8,exponential
q_learning,sparse_seed2,sparse,2,4a77b6e251,2912,225,-1.2499999999999822,-1.2499999999999825,0.05,0.15,0,out_of_energy,0,0,1,0,88,18,0,0,1,57,0.1260730795083435,5.631445343695323,0.0,0.0,0.99,8,exponential
q_learning,sparse_seed2,sparse,2,4a77b6e251,2913,225,-1.2499999999999822,-1.2499999999999825,0.05,0.15,0,out_of_energy,0,0,1,0,70,9,0,2,1,45,0.1245178470670904,6.798416313580645,0.0,0.0,0.99,8,exponential
q_learning,sparse_seed2,sparse,2,4a77b6e251,2914,225,-1.2499999999999822,-1.2499999999999825,0.05,0.15,0,out_of_energy,0,0,1,0,93,27,0,0,1,55,0.08120160795394864,1.5011141953687508,0.0,0.0,0.99,8,exponential
q_learning,sparse_seed2,sparse,2,4a77b6e251,2915,225,-1.2499999999999822,-1.2499999999999825,0.05,0.15,0,out_of_energy,0,0,1,0,69,17,0,0,1,44,0.0922492914558194,1.986270219819858,0.0,0.0,0.99,8,exponential
q_learning,sparse_seed2,sparse,2,4a77b6e251,2916,225,-1.2499999999999822,-1.2499999999999825,0.05,0.15,0,out_of_energy,0,0,1,0,88,6,0,0,1,38,0.07873885799378869,1.988328642956387,0.0,0.0,0.99,8,exponential
q_learning,sparse_seed2,sparse,2,4a77b6e251,2917,225,-1.2499999999999822,-1.2499999999999825,0.05,0.15,0,out_of_energy,0,0,1,0,72,5,0,0,1,50,0.0805681744161881,3.227217867426539,0.0,0.0,0.99,8,exponential
q_learning,sparse_seed2,sparse,2,4a77b6e251,2918,225,-1.2499999999999822,-1.2499999999999825,0.05,0.15,0,out_of_energy,0,0,1,0,85,9,0,0,1,38,0.09976613311031012,2.2535770158451607,0.0,0.0,0.99,8,exponential
q_learning,sparse_seed2,sparse,2,4a77b6e251,2919,225,-1.2499999999999822,-1.2499999999999825,0.05,0.15,0,out_of_energy,0,0,1,0,74,5,0,0,1,40,0.14978510774077544,7.498313494284018,0.0,0.0,0.99,8,exponential
q_learning,sparse_seed2,sparse,2,4a77b6e251,2920,225,-1.2499999999999822,-1.2499999999999825,0.05,0.15,0,out_of_energy,0,0,1,0,77,17,0,0,1,33,0.07680748166210884,1.6438561222129122,0.0,0.0,0.99,8,exponential
q_learning,sparse_seed2,sparse,2,4a77b6e251,2921,225,-1.2499999999999822,-1.2499999999999825,0.05,0.15,0,out_of_energy,0,0,1,0,89,17,0,0,1,42,0.08906352560526062,3.134474683591038,0.0,0.0,0.99,8,exponential
q_learning,sparse_seed2,sparse,2,4a77b6e251,2922,225,-1.2499999999999822,-1.2499999999999825,0.05,0.15,0,out_of_energy,0,0,1,0,74,11,0,0,1,38,0.1336130962888073,6.838458634680041,0.0,0.0,0.99,8,exponential
q_learning,sparse_seed2,sparse,2,4a77b6e251,2923,225,-1.2499999999999822,-1.2499999999999825,0.05,0.15,0,out_of_energy,0,0,1,0,82,8,0,0,1,40,0.08185653803953286,4.2426972351588415,0.0,0.0,0.99,8,exponential
q_learning,sparse_seed2,sparse,2,4a77b6e251,2924,225,-1.2499999999999822,-1.2499999999999825,0.05,0.15,0,out_of_energy,0,0,1,0,77,13,0,0,1,43,0.0727824409390304,1.4671916069902053,0.0,0.0,0.99,8,exponential
q_learning,sparse_seed2,sparse,2,4a77b6e251,2925,225,-1.2499999999999822,-1.2499999999999825,0.05,0.15,0,out_of_energy,0,0,1,0,77,17,0,0,1,50,0.06930394835207844,1.7209440177697042,0.0,0.0,0.99,8,exponential
q_learning,sparse_seed2,sparse,2,4a77b6e251,2926,225,-1.2499999999999822,-1.2499999999999825,0.05,0.15,0,out_of_energy,0,0,1,0,69,21,0,0,1,30,0.08578949450654395,2.3031902839929845,0.0,0.0,0.99,8,exponential
q_learning,sparse_seed2,sparse,2,4a77b6e251,2927,225,-1.2499999999999822,-1.2499999999999825,0.05,0.15,0,out_of_energy,0,0,1,0,86,8,0,0,1,43,0.07783452329797906,1.4779571353028125,0.0,0.0,0.99,8,exponential
q_learning,sparse_seed2,sparse,2,4a77b6e251,2928,225,-1.2499999999999822,-1.2499999999999825,0.05,0.15,0,out_of_energy,0,0,1,0,74,11,0,1,1,34,0.07905651977041243,1.9024254891796524,0.0,0.0,0.99,8,exponential
q_learning,sparse_seed2,sparse,2,4a77b6e251,2929,225,-1.2499999999999822,-1.2499999999999825,0.05,0.15,0,out_of_energy,0,0,1,0,78,4,0,0,1,47,0.07523281979747666,1.3585381737665054,0.0,0.0,0.99,8,exponential
q_learning,sparse_seed2,sparse,2,4a77b6e251,2930,225,-1.2499999999999822,-1.2499999999999825,0.05,0.15,0,out_of_energy,0,0,1,0,80,9,0,0,1,45,0.0810861579621705,1.6477700932998118,0.0,0.0,0.99,8,exponential
q_learning,sparse_seed2,sparse,2,4a77b6e251,2931,225,-1.2499999999999822,-1.2499999999999825,0.05,0.15,0,out_of_energy,0,0,1,0,81,8,0,0,1,56,0.09828955826631632,2.5828232329779777,0.0,0.0,0.99,8,exponential
q_learning,sparse_seed2,sparse,2,4a77b6e251,2932,225,-1.2499999999999822,-1.2499999999999825,0.05,0.15,0,out_of_energy,0,0,1,0,88,8,0,0,1,40,0.08878833117429731,5.088943475951217,0.0,0.0,0.99,8,exponential
q_learning,sparse_seed2,sparse,2,4a77b6e251,2933,225,-1.2499999999999822,-1.2499999999999825,0.05,0.15,0,out_of_energy,0,0,1,0,87,8,0,0,1,40,0.08442616884118267,3.0991455222771487,0.0,0.0,0.99,8,exponential
q_learning,sparse_seed2,sparse,2,4a77b6e251,2934,225,-1.2499999999999822,-1.2499999999999825,0.05,0.15,0,out_of_energy,0,0,1,0,78,11,0,0,1,46,0.0719538425834326,2.1540135191108245,0.0,0.0,0.99,8,exponential
q_learning,sparse_seed2,sparse,2,4a77b6e251,2935,225,-1.2499999999999822,-1.2499999999999825,0.05,0.15,0,out_of_energy,0,0,1,0,102,5,0,0,1,43,0.07790704710074225,1.9802434377127676,0.0,0.0,0.99,8,exponential
q_learning,sparse_seed2,sparse,2,4a77b6e251,2936,225,-1.2499999999999822,-1.2499999999999825,0.05,0.15,0,out_of_energy,0,0,1,0,79,11,0,0,1,40,0.06883720865005578,1.5478349743266415,0.0,0.0,0.99,8,exponential
q_learning,sparse_seed2,sparse,2,4a77b6e251,2937,225,-1.2499999999999822,-1.2499999999999825,0.05,0.15,0,out_of_energy,0,0,1,0,84,7,0,0,1,46,0.10571435257779822,6.360096520642478,0.0,0.0,0.99,8,exponential
q_learning,sparse_seed2,sparse,2,4a77b6e251,2938,225,-1.2499999999999822,-1.2499999999999825,0.05,0.15,0,out_of_energy,0,0,1,0,86,5,0,0,1,44,0.07328848210911379,1.4037296816726679,0.0,0.0,0.99,8,exponential
q_learning,sparse_seed2,sparse,2,4a77b6e251,2939,225,-1.2499999999999822,-1.2499999999999825,0.05,0.15,0,out_of_energy,0,0,1,0,83,21,0,0,1,42,0.09887805379844536,2.738753669596205,0.0,0.0,0.99,8,exponential
q_learning,sparse_seed2,sparse,2,4a77b6e251,2940,225,-1.2499999999999822,-1.2499999999999825,0.05,0.15,0,out_of_energy,0,0,1,0,84,8,0,0,1,45,0.07581515671735467,1.29185036541155,0.0,0.0,0.99,8,exponential
q_learning,sparse_seed2,sparse,2,4a77b6e251,2941,225,-1.2499999999999822,-1.2499999999999825,0.05,0.15,0,out_of_energy,0,0,1,0,96,8,0,0,1,52,0.08893224573584027,3.9513771655493946,0.0,0.0,0.99,8,exponential
q_learning,sparse_seed2,sparse,2,4a77b6e251,2942,225,-1.2499999999999822,-1.2499999999999825,0.05,0.15,0,out_of_energy,0,0,1,0,80,6,0,0,1,40,0.08933050442270428,2.8656671047742055,0.0,0.0,0.99,8,exponential
q_learning,sparse_seed2,sparse,2,4a77b6e251,2943,225,-1.2499999999999822,-1.2499999999999825,0.05,0.15,0,out_of_energy,0,0,1,0,74,6,0,0,1,45,0.07795862037172438,1.4701407942469809,0.0,0.0,0.99,8,exponential
q_learning,sparse_seed2,sparse,2,4a77b6e251,2944,225,-1.2499999999999822,-1.2499999999999825,0.05,0.15,0,out_of_energy,0,0,1,0,71,9,0,0,1,45,0.10208128239510567,2.7445401468024526,0.0,0.0,0.99,8,exponential
q_learning,sparse_seed2,sparse,2,4a77b6e251,2945,225,-1.2499999999999822,-1.2499999999999825,0.05,0.15,0,out_of_energy,0,0,1,0,91,12,0,0,1,53,0.07396359864831176,1.882949742605072,0.0,0.0,0.99,8,exponential
q_learning,sparse_seed2,sparse,2,4a77b6e251,2946,225,-1.2499999999999822,-1.2499999999999825,0.05,0.15,0,out_of_energy,0,0,1,0,91,12,0,0,1,45,0.08778172044819522,2.9145678191989823,0.0,0.0,0.99,8,exponential
q_learning,sparse_seed2,sparse,2,4a77b6e251,2947,225,-1.2499999999999822,-1.2499999999999825,0.05,0.15,0,out_of_energy,0,0,1,0,87,6,0,0,1,44,0.07589623249591525,2.193948047627048,0.0,0.0,0.99,8,exponential
q_learning,sparse_seed2,sparse,2,4a77b6e251,2948,225,-1.2499999999999822,-1.2499999999999825,0.05,0.15,0,out_of_energy,0,0,1,0,77,12,0,0,1,46,0.09154740843044713,2.566672596187728,0.0,0.0,0.99,8,exponential
q_learning,sparse_seed2,sparse,2,4a77b6e251,2949,225,-1.2499999999999822,-1.2499999999999825,0.05,0.15,0,out_of_energy,0,0,1,0,70,7,0,0,1,41,0.11670190449145802,5.39777370651332,0.0,0.0,0.99,8,exponential
q_learning,sparse_seed2,sparse,2,4a77b6e251,2950,225,-1.2499999999999822,-1.2499999999999825,0.05,0.15,0,out_of_energy,0,0,1,0,74,5,0,0,1,46,0.09757857721748692,2.3537488820945507,0.0,0.0,0.99,8,exponential
q_learning,sparse_seed2,sparse,2,4a77b6e251,2951,225,-1.2499999999999822,-1.2499999999999825,0.05,0.15,0,out_of_energy,0,0,1,0,95,6,0,0,1,45,0.0791057082432556,1.2470358030070159,0.0,0.0,0.99,8,exponential
q_learning,sparse_seed2,sparse,2,4a77b6e251,2952,225,-1.2499999999999822,-1.2499999999999825,0.05,0.15,0,out_of_energy,0,0,1,0,100,5,0,0,1,50,0.1348593256362414,2.6522307457998213,0.0,0.0,0.99,8,exponential
q_learning,sparse_seed2,sparse,2,4a77b6e251,2953,225,-1.2499999999999822,-1.2499999999999825,0.05,0.15,0,out_of_energy,0,0,1,0,71,4,0,0,1,43,0.07771182639086427,1.4836174854420356,0.0,0.0,0.99,8,exponential
q_learning,sparse_seed2,sparse,2,4a77b6e251,2954,225,-1.2499999999999822,-1.2499999999999825,0.05,0.15,0,out_of_energy,0,0,1,0,83,6,0,0,1,40,0.10814967008449906,6.497027094420982,0.0,0.0,0.99,8,exponential
q_learning,sparse_seed2,sparse,2,4a77b6e251,2955,225,-1.2499999999999822,-1.2499999999999825,0.05,0.15,0,out_of_energy,0,0,1,0,78,14,0,0,1,44,0.08255007444054502,2.225140038161468,0.0,0.0,0.99,8,exponential
q_learning,sparse_seed2,sparse,2,4a77b6e251,2956,225,-1.2499999999999822,-1.2499999999999825,0.05,0.15,0,out_of_energy,0,0,1,0,79,12,0,0,1,43,0.07809315226762872,1.2151445762527504,0.0,0.0,0.99,8,exponential
q_learning,sparse_seed2,sparse,2,4a77b6e251,2957,225,-1.2499999999999822,-1.2499999999999825,0.05,0.15,0,out_of_energy,0,0,1,0,79,3,0,0,1,44,0.07683100976977124,1.3565488163478143,0.0,0.0,0.99,8,exponential
q_learning,sparse_seed2,sparse,2,4a77b6e251,2958,225,-1.2499999999999822,-1.2499999999999825,0.05,0.15,0,out_of_energy,0,0,1,0,70,4,0,0,1,53,0.10393182038838082,1.7455833163203804,0.0,0.0,0.99,8,exponential
q_learning,sparse_seed2,sparse,2,4a77b6e251,2959,225,-1.2499999999999822,-1.2499999999999825,0.05,0.15,0,out_of_energy,0,0,1,0,81,14,0,0,1,59,0.08044406293643569,1.9741503920546708,0.0,0.0,0.99,8,exponential
q_learning,sparse_seed2,sparse,2,4a77b6e251,2960,225,-1.2499999999999822,-1.2499999999999825,0.05,0.15,0,out_of_energy,0,0,1,0,83,10,0,0,1,40,0.07367035802510523,1.3740358624403015,0.0,0.0,0.99,8,exponential
q_learning,sparse_seed2,sparse,2,4a77b6e251,2961,225,-1.2499999999999822,-1.2499999999999825,0.05,0.15,0,out_of_energy,0,0,1,0,86,7,0,0,1,47,0.10084060287240255,2.734001091823777,0.0,0.0,0.99,8,exponential
q_learning,sparse_seed2,sparse,2,4a77b6e251,2962,225,-1.2499999999999822,-1.2499999999999825,0.05,0.15,0,out_of_energy,0,0,1,0,92,18,0,0,1,63,0.0945309995756905,3.431987005832223,0.0,0.0,0.99,8,exponential
q_learning,sparse_seed2,sparse,2,4a77b6e251,2963,225,-1.2499999999999822,-1.2499999999999825,0.05,0.15,0,out_of_energy,0,0,1,0,77,22,0,0,1,35,0.11131650478633846,2.845320552405883,0.0,0.0,0.99,8,exponential
q_learning,sparse_seed2,sparse,2,4a77b6e251,2964,225,-1.2499999999999822,-1.2499999999999825,0.05,0.15,0,out_of_energy,0,0,1,0,90,7,0,0,1,41,0.0885113217904115,3.515365802278878,0.0,0.0,0.99,8,exponential
q_learning,sparse_seed2,sparse,2,4a77b6e251,2965,225,-1.2499999999999822,-1.2499999999999825,0.05,0.15,0,out_of_energy,0,0,1,0,66,5,0,0,1,49,0.07904178340184888,2.1131318053214576,0.0,0.0,0.99,8,exponential
q_learning,sparse_seed2,sparse,2,4a77b6e251,2966,225,-1.2499999999999822,-1.2499999999999825,0.05,0.15,0,out_of_energy,0,0,1,0,76,9,0,0,1,40,0.08566708540089436,3.256959679591624,0.0,0.0,0.99,8,exponential
q_learning,sparse_seed2,sparse,2,4a77b6e251,2967,225,-1.2499999999999822,-1.2499999999999825,0.05,0.15,0,out_of_energy,0,0,1,0,85,6,0,0,1,46,0.08367533807193636,1.5070552206528547,0.0,0.0,0.99,8,exponential
q_learning,sparse_seed2,sparse,2,4a77b6e251,2968,225,-1.2499999999999822,-1.2499999999999825,0.05,0.15,0,out_of_energy,0,0,1,0,75,8,0,0,1,40,0.1162907503599945,5.3850217887471565,0.0,0.0,0.99,8,exponential
q_learning,sparse_seed2,sparse,2,4a77b6e251,2969,225,-1.2499999999999822,-1.2499999999999825,0.05,0.15,0,out_of_energy,0,0,1,0,83,26,0,0,1,42,0.0815802701319174,2.1826925371474717,0.0,0.0,0.99,8,exponential
q_learning,sparse_seed2,sparse,2,4a77b6e251,2970,225,-1.2499999999999822,-1.2499999999999825,0.05,0.15,0,out_of_energy,0,0,1,0,74,9,0,0,1,51,0.08938651939973478,1.864731398950552,0.0,0.0,0.99,8,exponential
q_learning,sparse_seed2,sparse,2,4a77b6e251,2971,225,-1.2499999999999822,-1.2499999999999825,0.05,0.15,0,out_of_energy,0,0,1,0,79,4,0,0,1,45,0.10740562058053812,3.0030332992163236,0.0,0.0,0.99,8,exponential
q_learning,sparse_seed2,sparse,2,4a77b6e251,2972,225,-1.2499999999999822,-1.2499999999999825,0.05,0.15,0,out_of_energy,0,0,1,0,78,13,0,0,1,48,0.07661904977609554,1.4531599628949299,0.0,0.0,0.99,8,exponential
q_learning,sparse_seed2,sparse,2,4a77b6e251,2973,225,-1.2499999999999822,-1.2499999999999825,0.05,0.15,0,out_of_energy,0,0,1,0,76,8,0,0,1,44,0.08608718535361912,2.437557060304192,0.0,0.0,0.99,8,exponential
q_learning,sparse_seed2,sparse,2,4a77b6e251,2974,225,-1.2499999999999822,-1.2499999999999825,0.05,0.15,0,out_of_energy,0,0,1,0,82,12,0,0,1,40,0.10359101436164436,3.8266818458627454,0.0,0.0,0.99,8,exponential
q_learning,sparse_seed2,sparse,2,4a77b6e251,2975,225,-1.2499999999999822,-1.2499999999999825,0.05,0.15,0,out_of_energy,0,0,1,0,74,14,0,0,1,42,0.08778897741656297,2.7773188194829475,0.0,0.0,0.99,8,exponential
q_learning,sparse_seed2,sparse,2,4a77b6e251,2976,225,-1.2499999999999822,-1.2499999999999825,0.05,0.15,0,out_of_energy,0,0,1,0,66,4,0,0,1,44,0.12077318067936359,4.264877604845042,0.0,0.0,0.99,8,exponential
q_learning,sparse_seed2,sparse,2,4a77b6e251,2977,225,-1.2499999999999822,-1.2499999999999825,0.05,0.15,0,out_of_energy,0,0,1,0,86,25,0,0,1,44,0.09506918942848913,2.6212640093411474,0.0,0.0,0.99,8,exponential
q_learning,sparse_seed2,sparse,2,4a77b6e251,2978,225,-1.2499999999999822,-1.2499999999999825,0.05,0.15,0,out_of_energy,0,0,1,0,94,3,0,2,1,37,0.0825825897709574,2.1709261254049115,0.0,0.0,0.99,8,exponential
q_learning,sparse_seed2,sparse,2,4a77b6e251,2979,225,-1.2499999999999822,-1.2499999999999825,0.05,0.15,0,out_of_energy,0,0,1,0,86,13,0,0,1,52,0.11001119730789029,2.9452246696749933,0.0,0.0,0.99,8,exponential
q_learning,sparse_seed2,sparse,2,4a77b6e251,2980,225,-1.2499999999999822,-1.2499999999999825,0.05,0.15,0,out_of_energy,0,0,1,0,93,4,0,0,1,46,0.11207072226033446,3.3774015062195497,0.0,0.0,0.99,8,exponential
q_learning,sparse_seed2,sparse,2,4a77b6e251,2981,225,-1.2499999999999822,-1.2499999999999825,0.05,0.15,0,out_of_energy,0,0,1,0,87,12,0,0,1,43,0.08099127112398713,1.9454420798986014,0.0,0.0,0.99,8,exponential
q_learning,sparse_seed2,sparse,2,4a77b6e251,2982,225,-1.2499999999999822,-1.2499999999999825,0.05,0.15,0,out_of_energy,0,0,1,0,78,8,0,0,1,48,0.07495488258394903,1.1743566296854175,0.0,0.0,0.99,8,exponential
q_learning,sparse_seed2,sparse,2,4a77b6e251,2983,225,-1.2499999999999822,-1.2499999999999825,0.05,0.15,0,out_of_energy,0,0,1,0,100,9,0,0,1,52,0.09348824729489064,2.7694884652883136,0.0,0.0,0.99,8,exponential
q_learning,sparse_seed2,sparse,2,4a77b6e251,2984,225,-1.2499999999999822,-1.2499999999999825,0.05,0.15,0,out_of_energy,0,0,1,0,78,8,0,0,1,46,0.08821771175463161,2.548858841483457,0.0,0.0,0.99,8,exponential
q_learning,sparse_seed2,sparse,2,4a77b6e251,2985,225,-1.2499999999999822,-1.2499999999999825,0.05,0.15,0,out_of_energy,0,0,1,0,91,20,0,0,1,52,0.08070632686817684,1.9801299926876208,0.0,0.0,0.99,8,exponential
q_learning,sparse_seed2,sparse,2,4a77b6e251,2986,220,99.00000000000001,-0.24749999999998237,0.05,0.15,5,success,1,1,0,0,72,6,0,1,1,41,0.5620750456211308,99.95,0.0,0.0,0.99,8,exponential
q_learning,sparse_seed2,sparse,2,4a77b6e251,2987,225,-1.2499999999999822,-0.24749999999998235,0.05,0.15,0,out_of_energy,0,0,1,0,82,10,0,0,1,48,0.0912506286704135,2.413525588293573,0.0,0.0,0.99,8,exponential
q_learning,sparse_seed2,sparse,2,4a77b6e251,2988,225,-1.2499999999999822,-0.24749999999998232,0.05,0.15,0,out_of_energy,0,0,1,0,93,7,0,0,1,49,0.07936599173458928,2.2390157741107886,0.0,0.0,0.99,8,exponential
q_learning,sparse_seed2,sparse,2,4a77b6e251,2989,225,-1.2499999999999822,-0.24749999999998226,0.05,0.15,0,out_of_energy,0,0,1,0,72,21,0,0,1,45,0.06705155889010046,1.2421802807024704,0.0,0.0,0.99,8,exponential
q_learning,sparse_seed2,sparse,2,4a77b6e251,2990,225,-1.2499999999999822,-0.24749999999998223,0.05,0.15,0,out_of_energy,0,0,1,0,86,15,0,0,1,46,0.08122848649943418,2.525254175906416,0.0,0.0,0.99,8,exponential
q_learning,sparse_seed2,sparse,2,4a77b6e251,2991,225,-1.2499999999999822,-0.24749999999998223,0.05,0.15,0,out_of_energy,0,0,1,0,78,14,0,0,1,50,0.07872584396584295,1.6761318083133883,0.0,0.0,0.99,8,exponential
q_learning,sparse_seed2,sparse,2,4a77b6e251,2992,225,-1.2499999999999822,-0.24749999999998223,0.05,0.15,0,out_of_energy,0,0,1,0,77,11,0,0,1,32,0.10270526094655243,4.70861247945802,0.0,0.0,0.99,8,exponential
q_learning,sparse_seed2,sparse,2,4a77b6e251,2993,225,-1.2499999999999822,-0.24749999999998223,0.05,0.15,0,out_of_energy,0,0,1,0,74,14,0,0,1,43,0.07849925387615106,1.9741148723906563,0.0,0.0,0.99,8,exponential
q_learning,sparse_seed2,sparse,2,4a77b6e251,2994,225,-1.2499999999999822,-0.24749999999998223,0.05,0.15,0,out_of_energy,0,0,1,0,82,8,0,0,1,49,0.09310948975681703,2.9096769914501825,0.0,0.0,0.99,8,exponential
q_learning,sparse_seed2,sparse,2,4a77b6e251,2995,225,-1.2499999999999822,-0.24749999999998223,0.05,0.15,0,out_of_energy,0,0,1,0,87,9,0,0,1,43,0.11040358923824373,5.533557387989134,0.0,0.0,0.99,8,exponential
q_learning,sparse_seed2,sparse,2,4a77b6e251,2996,225,-1.2499999999999822,-0.24749999999998223,0.05,0.15,0,out_of_energy,0,0,1,0,74,17,0,0,1,39,0.08150479677187428,2.21442116902732,0.0,0.0,0.99,8,exponential
q_learning,sparse_seed2,sparse,2,4a77b6e251,2997,225,-1.2499999999999822,-0.24749999999998223,0.05,0.15,0,out_of_energy,0,0,1,0,82,6,0,0,1,51,0.10073979188559677,2.6049132648852726,0.0,0.0,0.99,8,exponential
q_learning,sparse_seed2,sparse,2,4a77b6e251,2998,225,-1.2499999999999822,-0.24749999999998223,0.05,0.15,0,out_of_energy,0,0,1,0,72,12,0,0,1,59,0.07872163995197445,1.746984782007516,0.0,0.0,0.99,8,exponential
q_learning,sparse_seed2,sparse,2,4a77b6e251,2999,225,-1.2499999999999822,-0.24749999999998223,0.05,0.15,0,out_of_energy,0,0,1,0,99,3,0,0,1,54,0.07753015624147455,2.158956791877442,0.0,0.0,0.99,8,exponential
q_learning,sparse_seed2,sparse,2,4a77b6e251,3000,225,-1.2499999999999822,-0.24749999999998223,0.05,0.15,0,out_of_energy,0,0,1,0,77,24,0,0,1,39,0.0902692516392266,2.1946888893605196,0.0,0.0,0.99,8,exponential
